[2026-06-14T10:15:08.441Z] [ALL] 06-14 15:45:08.592 29340 29436 D nativeloader: Load /data/app/~~4Amt2vc4mVh7u8zetdo5UQ==/com.microsoft.office.powerpoint-y7fR7XvwByxb4fxzvPcnGg==/base.apk!/lib/arm64-v8a/libfolly_runtime.so using class loader ns clns-9 (caller=/data/app/~~4Amt2vc4mVh7u8zetdo5UQ==/com.microsoft.office.powerpoint-y7fR7XvwByxb4fxzvPcnGg==/base.apk!classes5.dex): ok
[2026-06-14T10:15:08.443Z] [ALL] 06-14 15:45:08.602 29340 29436 D nativeloader: Load /data/app/~~4Amt2vc4mVh7u8zetdo5UQ==/com.microsoft.office.powerpoint-y7fR7XvwByxb4fxzvPcnGg==/base.apk!/lib/arm64-v8a/libjsi.so using class loader ns clns-9 (caller=/data/app/~~4Amt2vc4mVh7u8zetdo5UQ==/com.microsoft.office.powerpoint-y7fR7XvwByxb4fxzvPcnGg==/base.apk!classes5.dex): ok
[2026-06-14T10:15:08.443Z] [ALL] 06-14 15:45:08.610  1486  4489 D WindowManager: captureDisplay
[2026-06-14T10:15:08.443Z] [ALL] 06-14 15:45:08.611  1486  4489 I SurfaceComposerClient: captureLayers:childrenOnly:1, sync:0
[2026-06-14T10:15:08.443Z] [ALL] 06-14 15:45:08.617  1149  1195 I SurfaceFlinger: Capture layer list: 	 com.safebank.ai/com.safebank.ai.MainActivity$_19655#104730(preserveDisplayColors:0)
[2026-06-14T10:15:08.443Z] [ALL] 06-14 15:45:08.618  1149  1195 I SurfaceFlinger: Capture layer list: 	 StatusBar$_2112#94(preserveDisplayColors:0)
[2026-06-14T10:15:08.443Z] [ALL] 06-14 15:45:08.618  1149  1195 I SurfaceFlinger: Capture layer list: 	 com.sec.android.app.launcher/com.samsung.app.honeyspace.edge.edgepanel.app.CocktailBarService$_2619#103972(preserveDisplayColors:0)
[2026-06-14T10:15:08.443Z] [ALL] 06-14 15:45:08.618  1149  1195 I SurfaceFlinger: Capture layer list: 	 NavigationBar0$_2112#90(preserveDisplayColors:0)
[2026-06-14T10:15:08.443Z] [ALL] 06-14 15:45:08.618 29340 29436 D nativeloader: Load /data/app/~~4Amt2vc4mVh7u8zetdo5UQ==/com.microsoft.office.powerpoint-y7fR7XvwByxb4fxzvPcnGg==/base.apk!/lib/arm64-v8a/libsdxruntime.so using class loader ns clns-9 (caller=/data/app/~~4Amt2vc4mVh7u8zetdo5UQ==/com.microsoft.office.powerpoint-y7fR7XvwByxb4fxzvPcnGg==/base.apk!classes5.dex): ok
[2026-06-14T10:15:08.443Z] [ALL] 06-14 15:45:08.620  1149  1201 D SurfaceFlinger: [SEC_SF_EFFECTS] drawLayersInternal,1348, Rendering layer ScreenCaptureFillLayer at index 0
[2026-06-14T10:15:08.443Z] [ALL] 06-14 15:45:08.620  1149  1201 D SurfaceFlinger: [SEC_SF_EFFECTS] drawLayersInternal,1348, Rendering layer com.safebank.ai/com.safebank.ai.MainActivity$_19655#104730 at index 1
[2026-06-14T10:15:08.443Z] [ALL] 06-14 15:45:08.620  1149  1201 D SurfaceFlinger: [SEC_SF_EFFECTS] drawLayersInternal,1348, Rendering layer StatusBar$_2112#94 at index 2
[2026-06-14T10:15:08.443Z] [ALL] 06-14 15:45:08.620  1149  1201 D SurfaceFlinger: [SEC_SF_EFFECTS] drawLayersInternal,1348, Rendering layer com.sec.android.app.launcher/com.samsung.app.honeyspace.edge.edgepanel.app.CocktailBarService$_2619#103972 at index 3
[2026-06-14T10:15:08.443Z] [ALL] 06-14 15:45:08.620  1149  1201 D SurfaceFlinger: [SEC_SF_EFFECTS] drawLayersInternal,1348, Rendering layer NavigationBar0$_2112#90 at index 4
[2026-06-14T10:15:08.443Z] [ALL] 06-14 15:45:08.628 29340 29428 I SharedLibraryLoader: loadCommonLibrary. Start dlopen(hockey_exception_handler, 2)
[2026-06-14T10:15:08.443Z] [ALL] 06-14 15:45:08.628 29340 29428 I SharedLibraryLoader: loadCommonLibrary. Location not found for hockey_exception_handler.
[2026-06-14T10:15:08.445Z] [ALL] 06-14 15:45:08.638 29340 29428 I SharedLibraryLoader: loadCommonLibrary. dlopen(libhockey_exception_handler.so, 2) load attempt using only name successful. handle=0x40758fb1d7b16dfb
[2026-06-14T10:15:08.445Z] [ALL] 06-14 15:45:08.638 29340 29428 I SharedLibraryLoader: loadCommonLibrary. dlopen(hockey_exception_handler, 2) successful. handle=0x40758fb1d7b16dfb
[2026-06-14T10:15:08.445Z] [ALL] 06-14 15:45:08.643 29340 29428 I ExceptionHandler: JNI_OnLoad()
[2026-06-14T10:15:08.445Z] [ALL] 06-14 15:45:08.644 29340 29428 I SharedLibraryLoader: loadCommonLibrary. End dlopen(hockey_exception_handler, 2)
[2026-06-14T10:15:08.496Z] [ALL] 06-14 15:45:08.695 29340 29436 D nativeloader: Load /data/app/~~4Amt2vc4mVh7u8zetdo5UQ==/com.microsoft.office.powerpoint-y7fR7XvwByxb4fxzvPcnGg==/base.apk!/lib/arm64-v8a/libmso40uiandroid.so using class loader ns clns-9 (caller=/data/app/~~4Amt2vc4mVh7u8zetdo5UQ==/com.microsoft.office.powerpoint-y7fR7XvwByxb4fxzvPcnGg==/base.apk!classes5.dex): ok
[2026-06-14T10:15:08.549Z] [ALL] 06-14 15:45:08.711 29340 29428 I ExceptionHandler: Breakpad library has been set up.
[2026-06-14T10:15:08.549Z] [ALL] 06-14 15:45:08.711  1486  4489 D WindowManager: captureDisplay
[2026-06-14T10:15:08.549Z] [ALL] 06-14 15:45:08.712  1486  4489 I SurfaceComposerClient: captureLayers:childrenOnly:1, sync:0
[2026-06-14T10:15:08.549Z] [ALL] 06-14 15:45:08.716  1149  1195 I SurfaceFlinger: Capture layer list: 	 com.safebank.ai/com.safebank.ai.MainActivity$_19655#104730(preserveDisplayColors:0)
[2026-06-14T10:15:08.549Z] [ALL] 06-14 15:45:08.716  1149  1195 I SurfaceFlinger: Capture layer list: 	 StatusBar$_2112#94(preserveDisplayColors:0)
[2026-06-14T10:15:08.549Z] [ALL] 06-14 15:45:08.716  1149  1195 I SurfaceFlinger: Capture layer list: 	 com.sec.android.app.launcher/com.samsung.app.honeyspace.edge.edgepanel.app.CocktailBarService$_2619#103972(preserveDisplayColors:0)
[2026-06-14T10:15:08.549Z] [ALL] 06-14 15:45:08.716  1149  1195 I SurfaceFlinger: Capture layer list: 	 NavigationBar0$_2112#90(preserveDisplayColors:0)
[2026-06-14T10:15:08.549Z] [ALL] 06-14 15:45:08.718  1149  1201 D SurfaceFlinger: [SEC_SF_EFFECTS] drawLayersInternal,1348, Rendering layer ScreenCaptureFillLayer at index 0
[2026-06-14T10:15:08.549Z] [ALL] 06-14 15:45:08.718  1149  1201 D SurfaceFlinger: [SEC_SF_EFFECTS] drawLayersInternal,1348, Rendering layer com.safebank.ai/com.safebank.ai.MainActivity$_19655#104730 at index 1
[2026-06-14T10:15:08.549Z] [ALL] 06-14 15:45:08.718  1149  1201 D SurfaceFlinger: [SEC_SF_EFFECTS] drawLayersInternal,1348, Rendering layer StatusBar$_2112#94 at index 2
[2026-06-14T10:15:08.549Z] [ALL] 06-14 15:45:08.718  1149  1201 D SurfaceFlinger: [SEC_SF_EFFECTS] drawLayersInternal,1348, Rendering layer com.sec.android.app.launcher/com.samsung.app.honeyspace.edge.edgepanel.app.CocktailBarService$_2619#103972 at index 3
[2026-06-14T10:15:08.549Z] [ALL] 06-14 15:45:08.718  1149  1201 D SurfaceFlinger: [SEC_SF_EFFECTS] drawLayersInternal,1348, Rendering layer NavigationBar0$_2112#90 at index 4
[2026-06-14T10:15:08.606Z] [ALL] 06-14 15:45:08.735 29340 29436 D nativeloader: Load /data/app/~~4Amt2vc4mVh7u8zetdo5UQ==/com.microsoft.office.powerpoint-y7fR7XvwByxb4fxzvPcnGg==/base.apk!/lib/arm64-v8a/libOcsClient.so using class loader ns clns-9 (caller=/data/app/~~4Amt2vc4mVh7u8zetdo5UQ==/com.microsoft.office.powerpoint-y7fR7XvwByxb4fxzvPcnGg==/base.apk!classes5.dex): ok
[2026-06-14T10:15:08.612Z] [ALL] 06-14 15:45:08.748 29340 29436 D nativeloader: Load /data/app/~~4Amt2vc4mVh7u8zetdo5UQ==/com.microsoft.office.powerpoint-y7fR7XvwByxb4fxzvPcnGg==/base.apk!/lib/arm64-v8a/libssl.so using class loader ns clns-9 (caller=/data/app/~~4Amt2vc4mVh7u8zetdo5UQ==/com.microsoft.office.powerpoint-y7fR7XvwByxb4fxzvPcnGg==/base.apk!classes5.dex): ok
[2026-06-14T10:15:08.612Z] [ALL] 06-14 15:45:08.758  1486  1856 D SemWifiSwitchForIndividualAppsService: isSkipNetworkCondition - result:2
[2026-06-14T10:15:08.612Z] [ALL] 06-14 15:45:08.763 24867 12331 I emhb    : (REDACTED) HDM. appOpsListener %s %s
[2026-06-14T10:15:08.612Z] [ALL] 06-14 15:45:08.767 24867 12331 I emhb    : (REDACTED) HDM. Ignoring irrelevant audio permission changes for package %s
[2026-06-14T10:15:08.612Z] [ALL] 06-14 15:45:08.767  3066  3129 I RequestManager_FLP: onOpChanged, op=0 / packageName=com.snapchat.android
[2026-06-14T10:15:08.612Z] [ALL] 06-14 15:45:08.808 29340 29436 D nativeloader: Load /data/app/~~4Amt2vc4mVh7u8zetdo5UQ==/com.microsoft.office.powerpoint-y7fR7XvwByxb4fxzvPcnGg==/base.apk!/lib/arm64-v8a/libcsiandroid.so using class loader ns clns-9 (caller=/data/app/~~4Amt2vc4mVh7u8zetdo5UQ==/com.microsoft.office.powerpoint-y7fR7XvwByxb4fxzvPcnGg==/base.apk!classes5.dex): ok
[2026-06-14T10:15:08.612Z] [ALL] 06-14 15:45:08.812  1486  4489 D WindowManager: captureDisplay
[2026-06-14T10:15:08.612Z] [ALL] 06-14 15:45:08.812 29340 29437 E SharedDeviceModeInitSynchronizer: Exception while detecting authenticator app is installed or not.
[2026-06-14T10:15:08.612Z] [ALL] 06-14 15:45:08.812  1486  4489 I SurfaceComposerClient: captureLayers:childrenOnly:1, sync:0
[2026-06-14T10:15:08.612Z] [ALL] 06-14 15:45:08.813 29340 29437 E SharedDeviceModeInitSynchronizer: Exception while detecting intune app is installed or not.
[2026-06-14T10:15:08.616Z] [ALL] 06-14 15:45:08.817  1149  1195 I SurfaceFlinger: Capture layer list: 	 com.safebank.ai/com.safebank.ai.MainActivity$_19655#104730(preserveDisplayColors:0)
[2026-06-14T10:15:08.616Z] [ALL] 06-14 15:45:08.817  1149  1195 I SurfaceFlinger: Capture layer list: 	 StatusBar$_2112#94(preserveDisplayColors:0)
[2026-06-14T10:15:08.616Z] [ALL] 06-14 15:45:08.817  1149  1195 I SurfaceFlinger: Capture layer list: 	 com.sec.android.app.launcher/com.samsung.app.honeyspace.edge.edgepanel.app.CocktailBarService$_2619#103972(preserveDisplayColors:0)
[2026-06-14T10:15:08.616Z] [ALL] 06-14 15:45:08.817  1149  1195 I SurfaceFlinger: Capture layer list: 	 NavigationBar0$_2112#90(preserveDisplayColors:0)
[2026-06-14T10:15:08.616Z] [ALL] 06-14 15:45:08.819  1149  1201 D SurfaceFlinger: [SEC_SF_EFFECTS] drawLayersInternal,1348, Rendering layer ScreenCaptureFillLayer at index 0
[2026-06-14T10:15:08.616Z] [ALL] 06-14 15:45:08.819  1149  1201 D SurfaceFlinger: [SEC_SF_EFFECTS] drawLayersInternal,1348, Rendering layer com.safebank.ai/com.safebank.ai.MainActivity$_19655#104730 at index 1
[2026-06-14T10:15:08.616Z] [ALL] 06-14 15:45:08.819  1149  1201 D SurfaceFlinger: [SEC_SF_EFFECTS] drawLayersInternal,1348, Rendering layer StatusBar$_2112#94 at index 2
[2026-06-14T10:15:08.616Z] [ALL] 06-14 15:45:08.819  1149  1201 D SurfaceFlinger: [SEC_SF_EFFECTS] drawLayersInternal,1348, Rendering layer com.sec.android.app.launcher/com.samsung.app.honeyspace.edge.edgepanel.app.CocktailBarService$_2619#103972 at index 3
[2026-06-14T10:15:08.616Z] [ALL] 06-14 15:45:08.819  1149  1201 D SurfaceFlinger: [SEC_SF_EFFECTS] drawLayersInternal,1348, Rendering layer NavigationBar0$_2112#90 at index 4
[2026-06-14T10:15:08.619Z] [ALL] 06-14 15:45:08.820 29340 29436 D nativeloader: Load /data/app/~~4Amt2vc4mVh7u8zetdo5UQ==/com.microsoft.office.powerpoint-y7fR7XvwByxb4fxzvPcnGg==/base.apk!/lib/arm64-v8a/libmso50android.so using class loader ns clns-9 (caller=/data/app/~~4Amt2vc4mVh7u8zetdo5UQ==/com.microsoft.office.powerpoint-y7fR7XvwByxb4fxzvPcnGg==/base.apk!classes5.dex): ok
[2026-06-14T10:15:08.619Z] [ALL] 06-14 15:45:08.822 29340 29429 I OneAuthLog: [OneAuth:0001:Info:4wg2j:00000000] TSL Info: { name:GetSharedDeviceId, resultType:Success, resultCode:None, duration:3ms } 
[2026-06-14T10:15:08.664Z] [ALL] 06-14 15:45:08.867 29606 29606 W libbinder.BackendUnifiedServiceManager: Thread Pool max thread count is 0. Cannot cache binder as linkToDeath cannot be implemented. serviceName: window
[2026-06-14T10:15:08.679Z] [ALL] 06-14 15:45:08.883  1220  1220 I CameraService: onUidStateChanged: uid=10376, procState is changed. (8 -> 10)
[2026-06-14T10:15:08.705Z] [ALL] 06-14 15:45:08.892 29340 29436 D nativeloader: Load /data/app/~~4Amt2vc4mVh7u8zetdo5UQ==/com.microsoft.office.powerpoint-y7fR7XvwByxb4fxzvPcnGg==/base.apk!/lib/arm64-v8a/libmso98android.so using class loader ns clns-9 (caller=/data/app/~~4Amt2vc4mVh7u8zetdo5UQ==/com.microsoft.office.powerpoint-y7fR7XvwByxb4fxzvPcnGg==/base.apk!classes5.dex): ok
[2026-06-14T10:15:08.705Z] [ALL] 06-14 15:45:08.894  1486  2158 I ActivityManager: Changes in 99327 10 to 19, 384 to 0
[2026-06-14T10:15:08.707Z] [ALL] 06-14 15:45:08.894  1486  2158 I ActivityManager: Changes in 10376 10 to 19, 384 to 0
[2026-06-14T10:15:08.707Z] [ALL] 06-14 15:45:08.894  1486  2158 I ActivityManager: Changes in 10343 10 to 19, 384 to 0
[2026-06-14T10:15:08.707Z] [ALL] 06-14 15:45:08.895  1220  1220 I CameraService: onUidStateChanged: uid=10376, procState is changed. (10 -> 19)
[2026-06-14T10:15:08.707Z] [ALL] 06-14 15:45:08.898 29340 29429 W OneAuthLog: [OneAuth:0001:Warning:4rscl:00000000] MATS not initialized 
[2026-06-14T10:15:08.707Z] [ALL] 06-14 15:45:08.901 29044 29386 D ConnectivityManager: StackLog: [android.net.ConnectivityManager.unregisterNetworkCallback(ConnectivityManager.java:5575)] [androidx.work.impl.utils.NetworkApi21.c(Unknown Source:10)] [androidx.work.impl.constraints.trackers.NetworkStateTracker24.d(Unknown Source:13)] [androidx.work.impl.constraints.controllers.BaseConstraintController$track$1$1.invoke(Unknown Source:33)] [kotlinx.coroutines.channels.ProduceKt.a(Unknown Source:121)] [kotlinx.coroutines.channels.ProduceKt$awaitClose$1.invokeSuspend(Unknown Source:10)] [kotlin.coroutines.jvm.internal.BaseContinuationImpl.resumeWith(Unknown Source:13)] [kotlinx.coroutines.DispatchedTask.run(Unknown Source:106)] [androidx.work.impl.utils.SerialExecutorImpl$Task.run(Unknown Source:2)] [java.util.concurrent.ThreadPoolExecutor.runWorker(ThreadPoolExecutor.java:1154)] [java.util.concurrent.ThreadPoolExecutor$Worker.run(ThreadPoolExecutor.java:652)] [java.lang.Thread.run(Thread.java:1564)]
[2026-06-14T10:15:08.707Z] [ALL] 06-14 15:45:08.902  1486  1741 D ConnectivityService:  Removing from current network [204 WIFI], leaving 242 requests.
[2026-06-14T10:15:08.713Z] [ALL] 06-14 15:45:08.906 29044 29341 I ReactNativeJNI: Memory warning (pressure level: TRIM_MEMORY_BACKGROUND) received by JS VM, running a GC
[2026-06-14T10:15:08.713Z] [ALL] 06-14 15:45:08.912  1486  4489 D WindowManager: captureDisplay
[2026-06-14T10:15:08.713Z] [ALL] 06-14 15:45:08.913  1486  4489 I SurfaceComposerClient: captureLayers:childrenOnly:1, sync:0
[2026-06-14T10:15:08.713Z] [ALL] 06-14 15:45:08.917 19463 19503 I appium  : channel read: POST /session/ed6c8e2c-e5c1-4b65-b4bf-728310f0e26e/element
[2026-06-14T10:15:08.713Z] [ALL] 06-14 15:45:08.918 19463 19503 I appium  : FindElement command
[2026-06-14T10:15:08.713Z] [ALL] 06-14 15:45:08.919  1149  1195 I SurfaceFlinger: Capture layer list: 	 com.safebank.ai/com.safebank.ai.MainActivity$_19655#104730(preserveDisplayColors:0)
[2026-06-14T10:15:08.713Z] [ALL] 06-14 15:45:08.919  1149  1195 I SurfaceFlinger: Capture layer list: 	 StatusBar$_2112#94(preserveDisplayColors:0)
[2026-06-14T10:15:08.713Z] [ALL] 06-14 15:45:08.919  1149  1195 I SurfaceFlinger: Capture layer list: 	 com.sec.android.app.launcher/com.samsung.app.honeyspace.edge.edgepanel.app.CocktailBarService$_2619#103972(preserveDisplayColors:0)
[2026-06-14T10:15:08.713Z] [ALL] 06-14 15:45:08.919  1149  1195 I SurfaceFlinger: Capture layer list: 	 NavigationBar0$_2112#90(preserveDisplayColors:0)
[2026-06-14T10:15:08.713Z] [ALL] 06-14 15:45:08.919 19463 19503 I appium  : method: 'xpath', selector: '//*[contains(@resource-id, "otp_toggle_btn") or @content-desc="otp_toggle_btn"]'
[2026-06-14T10:15:08.713Z] [ALL] 06-14 15:45:08.919 19463 19503 I appium  : Waiting up to 10000ms for the device to idle
[2026-06-14T10:15:08.717Z] [ALL] 06-14 15:45:08.921  1149  1201 D SurfaceFlinger: [SEC_SF_EFFECTS] drawLayersInternal,1348, Rendering layer ScreenCaptureFillLayer at index 0
[2026-06-14T10:15:08.718Z] [ALL] 06-14 15:45:08.921  1149  1201 D SurfaceFlinger: [SEC_SF_EFFECTS] drawLayersInternal,1348, Rendering layer com.safebank.ai/com.safebank.ai.MainActivity$_19655#104730 at index 1
[2026-06-14T10:15:08.718Z] [ALL] 06-14 15:45:08.921  1149  1201 D SurfaceFlinger: [SEC_SF_EFFECTS] drawLayersInternal,1348, Rendering layer StatusBar$_2112#94 at index 2
[2026-06-14T10:15:08.718Z] [ALL] 06-14 15:45:08.922  1149  1201 D SurfaceFlinger: [SEC_SF_EFFECTS] drawLayersInternal,1348, Rendering layer com.sec.android.app.launcher/com.samsung.app.honeyspace.edge.edgepanel.app.CocktailBarService$_2619#103972 at index 3
[2026-06-14T10:15:08.718Z] [ALL] 06-14 15:45:08.922  1149  1201 D SurfaceFlinger: [SEC_SF_EFFECTS] drawLayersInternal,1348, Rendering layer NavigationBar0$_2112#90 at index 4
[2026-06-14T10:15:08.718Z] [ALL] 06-14 15:45:08.924 19463 19503 I appium  : The following attributes will be included to the page source: [resource-id, content-desc]
[2026-06-14T10:15:08.732Z] [ALL] 06-14 15:45:08.932 19463 19467 I tomator2.server: Method exceeds compiler instruction limit: 19260 in java_cup.runtime.Symbol org.eclipse.wst.xml.xpath2.processor.internal.CUP$XPathCup$actions.CUP$XPathCup$do_action(int, java_cup.runtime.lr_parser, java.util.Stack, int)
[2026-06-14T10:15:08.806Z] [ALL] 06-14 15:45:09.012 29340 29436 D nativeloader: Load /data/app/~~4Amt2vc4mVh7u8zetdo5UQ==/com.microsoft.office.powerpoint-y7fR7XvwByxb4fxzvPcnGg==/base.apk!/lib/arm64-v8a/libmsoandroid.so using class loader ns clns-9 (caller=/data/app/~~4Amt2vc4mVh7u8zetdo5UQ==/com.microsoft.office.powerpoint-y7fR7XvwByxb4fxzvPcnGg==/base.apk!classes5.dex): ok
[2026-06-14T10:15:08.807Z] [ALL] 06-14 15:45:09.014  1486  4489 D WindowManager: captureDisplay
[2026-06-14T10:15:08.807Z] [ALL] 06-14 15:45:09.014  1486  4489 I SurfaceComposerClient: captureLayers:childrenOnly:1, sync:0
[2026-06-14T10:15:08.818Z] [ALL] 06-14 15:45:09.017 29340 29436 I Mso_JNI_OnLoad: Layered dlls init done.
[2026-06-14T10:15:08.819Z] [ALL] 06-14 15:45:09.019  1149  1195 I SurfaceFlinger: Capture layer list: 	 com.safebank.ai/com.safebank.ai.MainActivity$_19655#104730(preserveDisplayColors:0)
[2026-06-14T10:15:08.819Z] [ALL] 06-14 15:45:09.019  1149  1195 I SurfaceFlinger: Capture layer list: 	 StatusBar$_2112#94(preserveDisplayColors:0)
[2026-06-14T10:15:08.819Z] [ALL] 06-14 15:45:09.019  1149  1195 I SurfaceFlinger: Capture layer list: 	 com.sec.android.app.launcher/com.samsung.app.honeyspace.edge.edgepanel.app.CocktailBarService$_2619#103972(preserveDisplayColors:0)
[2026-06-14T10:15:08.819Z] [ALL] 06-14 15:45:09.019  1149  1195 I SurfaceFlinger: Capture layer list: 	 NavigationBar0$_2112#90(preserveDisplayColors:0)
[2026-06-14T10:15:08.819Z] [ALL] 06-14 15:45:09.020  1149  1201 D SurfaceFlinger: [SEC_SF_EFFECTS] drawLayersInternal,1348, Rendering layer ScreenCaptureFillLayer at index 0
[2026-06-14T10:15:08.819Z] [ALL] 06-14 15:45:09.021  1149  1201 D SurfaceFlinger: [SEC_SF_EFFECTS] drawLayersInternal,1348, Rendering layer com.safebank.ai/com.safebank.ai.MainActivity$_19655#104730 at index 1
[2026-06-14T10:15:08.819Z] [ALL] 06-14 15:45:09.021  1149  1201 D SurfaceFlinger: [SEC_SF_EFFECTS] drawLayersInternal,1348, Rendering layer StatusBar$_2112#94 at index 2
[2026-06-14T10:15:08.819Z] [ALL] 06-14 15:45:09.021  1149  1201 D SurfaceFlinger: [SEC_SF_EFFECTS] drawLayersInternal,1348, Rendering layer com.sec.android.app.launcher/com.samsung.app.honeyspace.edge.edgepanel.app.CocktailBarService$_2619#103972 at index 3
[2026-06-14T10:15:08.819Z] [ALL] 06-14 15:45:09.021  1149  1201 D SurfaceFlinger: [SEC_SF_EFFECTS] drawLayersInternal,1348, Rendering layer NavigationBar0$_2112#90 at index 4
[2026-06-14T10:15:08.841Z] [ALL] 06-14 15:45:09.037 29340 29436 D nativeloader: Load /data/app/~~4Amt2vc4mVh7u8zetdo5UQ==/com.microsoft.office.powerpoint-y7fR7XvwByxb4fxzvPcnGg==/base.apk!/lib/arm64-v8a/libgfxandroid.so using class loader ns clns-9 (caller=/data/app/~~4Amt2vc4mVh7u8zetdo5UQ==/com.microsoft.office.powerpoint-y7fR7XvwByxb4fxzvPcnGg==/base.apk!classes5.dex): ok
[2026-06-14T10:15:08.841Z] [ALL] 06-14 15:45:09.041 19463 19503 I appium  : Took 0ms to retrieve 0 matches for '//*[contains(@resource-id, "otp_toggle_btn") or @content-desc="otp_toggle_btn"]' XPath2 query
[2026-06-14T10:15:08.841Z] [ALL] 06-14 15:45:09.043 19463 19503 I appium  : AppiumResponse: {"sessionId":"ed6c8e2c-e5c1-4b65-b4bf-728310f0e26e","value":{"error":"no such element","message":"An element could not be located on the page using the given search parameters","stacktrace":"io.appium.uiautomator2.common.exceptions.ElementNotFoundException: An element could not be located on the page using the given search parameters\n\tat io.appium.uiautomator2.utils.ElementLocationHelpers.findElement(ElementLocationHelpers.java:153)\n\tat io.appium.uiautomator2.handler.FindElement.safeHandle(FindElement.java:60)\n\tat io.appium.uiautomator2.handler.request.SafeRequestHandler.handle(SafeRequestHandler.java:59)\n\tat io.appium.uiautomator2.server.AppiumServlet.handleRequest(AppiumServlet.java:267)\n\tat io.appium.uiautomator2.server.AppiumServlet.handleHttpRequest(AppiumServlet.java:261)\n\tat io.appium.uiautomator2.http.ServerHandler.channelRead(ServerHandler.java:77)\n\tat io.netty.channel.AbstractChannelHandlerContext.fireChannelRead(AbstractChannelHandlerContext.java:357)\n\tat io.netty.handler.codec.MessageToMessageDecoder.channelRead(MessageToMessageDecoder.java:107)\n\tat io.netty.channel.AbstractChannelHandlerContext.fireChannelRead(AbstractChannelHandlerContext.java:357)\n\tat io.netty.channel.CombinedChannelDuplexHandler$DelegatingChannelHandlerContext.fireChannelRead(CombinedChannelDuplexHandler.java:434)\n\tat io.netty.handler.codec.ByteToMessageDecoder.fireChannelRead(ByteToMessageDecoder.java:361)\n\tat io.netty.handler.codec.ByteToMessageDecoder.channelRead(ByteToMessageDecoder.java:325)\n\tat io.netty.channel.CombinedChannelDuplexHandler.channelRead(CombinedChannelDuplexHandler.java:249)\n\tat io.netty.channel.AbstractChannelHandlerContext.fireChannelRead(AbstractChannelHandlerContext.java:355)\n\tat io.netty.handler.timeout.IdleStateHandler.channelRead(IdleStateHandler.java:288)\n\tat io.netty.channel.AbstractChannelHandlerContext.fireChannelRead(AbstractChannelHandlerContext.java:355)\n\tat io.netty.channel.DefaultChannelPipeline$HeadContext.channelRead(DefaultChannelPipeline.java:1429)\n\tat io.netty.channel.DefaultChannelPipeline.fireChannelRead(DefaultChannelPipeline.java:918)\n\tat io.netty.channel.nio.AbstractNioByteChannel$NioByteUnsafe.read(AbstractNioByteChannel.java:176)\n\tat io.netty.channel.nio.AbstractNioChannel$AbstractNioUnsafe.handle(AbstractNioChannel.java:445)\n\tat io.netty.channel.nio.NioIoHandler$DefaultNioRegistration.handle(NioIoHandler.java:388)\n\tat io.netty.channel.nio.NioIoHandler.processSelectedKey(NioIoHandler.java:596)\n\tat io.netty.channel.nio.NioIoHandler.processSelectedKeysOptimized(NioIoHandler.java:571)\n\tat io.netty.channel.nio.NioIoHandler.processSelectedKeys(NioIoHandler.java:512)\n\tat io.netty.channel.nio.NioIoHandler.run(NioIoHandler.java:484)\n\tat io.netty.channel.SingleThreadIoEventLoop.runIo(SingleThreadIoEventLoop.java:225)\n\tat io.netty.channel.SingleThreadIoEventLoop.run(SingleThreadIoEventLoop.java:196)\n\tat io.netty.util.concurrent.SingleThreadEventExecutor$5.run(SingleThreadEventExecutor.java:1195)\n\tat io.netty.util.internal.ThreadExecutorMap$2.run(ThreadExecutorMap.java:74)\n\tat io.netty.util.concurrent.FastThreadLocalRunnable.run(FastThreadLocalRunnable.java:30)\n\tat java.lang.Thread.run(Thread.java:1564)\n"}}
[2026-06-14T10:15:08.843Z] [ALL] 06-14 15:45:09.048 29340 29436 D nativeloader: Load /data/app/~~4Amt2vc4mVh7u8zetdo5UQ==/com.microsoft.office.powerpoint-y7fR7XvwByxb4fxzvPcnGg==/base.apk!/lib/arm64-v8a/libtextinputdriver.so using class loader ns clns-9 (caller=/data/app/~~4Amt2vc4mVh7u8zetdo5UQ==/com.microsoft.office.powerpoint-y7fR7XvwByxb4fxzvPcnGg==/base.apk!classes5.dex): ok
[2026-06-14T10:15:08.868Z] [ALL] 06-14 15:45:09.062 29340 29436 D nativeloader: Load /data/app/~~4Amt2vc4mVh7u8zetdo5UQ==/com.microsoft.office.powerpoint-y7fR7XvwByxb4fxzvPcnGg==/base.apk!/lib/arm64-v8a/librichedit.so using class loader ns clns-9 (caller=/data/app/~~4Amt2vc4mVh7u8zetdo5UQ==/com.microsoft.office.powerpoint-y7fR7XvwByxb4fxzvPcnGg==/base.apk!classes5.dex): ok
[2026-06-14T10:15:08.894Z] [ALL] 06-14 15:45:09.068  5214 19533 I NetworkScheduler: (REDACTED) Error inserting %s
[2026-06-14T10:15:08.894Z] [ALL] 06-14 15:45:09.078 29340 29436 D nativeloader: Load /data/app/~~4Amt2vc4mVh7u8zetdo5UQ==/com.microsoft.office.powerpoint-y7fR7XvwByxb4fxzvPcnGg==/base.apk!/lib/arm64-v8a/libpptjni.so using class loader ns clns-9 (caller=/data/app/~~4Amt2vc4mVh7u8zetdo5UQ==/com.microsoft.office.powerpoint-y7fR7XvwByxb4fxzvPcnGg==/base.apk!classes5.dex): ok
[2026-06-14T10:15:08.895Z] [ALL] 06-14 15:45:09.089 29340 29436 D nativeloader: Load /data/app/~~4Amt2vc4mVh7u8zetdo5UQ==/com.microsoft.office.powerpoint-y7fR7XvwByxb4fxzvPcnGg==/base.apk!/lib/arm64-v8a/libppt_earlyboot.so using class loader ns clns-9 (caller=/data/app/~~4Amt2vc4mVh7u8zetdo5UQ==/com.microsoft.office.powerpoint-y7fR7XvwByxb4fxzvPcnGg==/base.apk!classes5.dex): ok
[2026-06-14T10:15:08.896Z] [ALL] 06-14 15:45:09.099 29340 29436 I PowerPoint: nativeBootApplication: entry
[2026-06-14T10:15:08.908Z] [ALL] 06-14 15:45:09.112  1486  4489 D WindowManager: captureDisplay
[2026-06-14T10:15:08.908Z] [ALL] 06-14 15:45:09.113  1486  4489 I SurfaceComposerClient: captureLayers:childrenOnly:1, sync:0
[2026-06-14T10:15:08.914Z] [ALL] 06-14 15:45:09.118  1149  1195 I SurfaceFlinger: Capture layer list: 	 com.safebank.ai/com.safebank.ai.MainActivity$_19655#104730(preserveDisplayColors:0)
[2026-06-14T10:15:08.914Z] [ALL] 06-14 15:45:09.118  1149  1195 I SurfaceFlinger: Capture layer list: 	 StatusBar$_2112#94(preserveDisplayColors:0)
[2026-06-14T10:15:08.914Z] [ALL] 06-14 15:45:09.118  1149  1195 I SurfaceFlinger: Capture layer list: 	 com.sec.android.app.launcher/com.samsung.app.honeyspace.edge.edgepanel.app.CocktailBarService$_2619#103972(preserveDisplayColors:0)
[2026-06-14T10:15:08.914Z] [ALL] 06-14 15:45:09.118  1149  1195 I SurfaceFlinger: Capture layer list: 	 NavigationBar0$_2112#90(preserveDisplayColors:0)
[2026-06-14T10:15:08.914Z] [ALL] 06-14 15:45:09.120  1149  1201 D SurfaceFlinger: [SEC_SF_EFFECTS] drawLayersInternal,1348, Rendering layer ScreenCaptureFillLayer at index 0
[2026-06-14T10:15:08.914Z] [ALL] 06-14 15:45:09.120  1149  1201 D SurfaceFlinger: [SEC_SF_EFFECTS] drawLayersInternal,1348, Rendering layer com.safebank.ai/com.safebank.ai.MainActivity$_19655#104730 at index 1
[2026-06-14T10:15:08.916Z] [ALL] 06-14 15:45:09.120  1149  1201 D SurfaceFlinger: [SEC_SF_EFFECTS] drawLayersInternal,1348, Rendering layer StatusBar$_2112#94 at index 2
[2026-06-14T10:15:08.916Z] [ALL] 06-14 15:45:09.120  1149  1201 D SurfaceFlinger: [SEC_SF_EFFECTS] drawLayersInternal,1348, Rendering layer com.sec.android.app.launcher/com.samsung.app.honeyspace.edge.edgepanel.app.CocktailBarService$_2619#103972 at index 3
[2026-06-14T10:15:08.916Z] [ALL] 06-14 15:45:09.120  1149  1201 D SurfaceFlinger: [SEC_SF_EFFECTS] drawLayersInternal,1348, Rendering layer NavigationBar0$_2112#90 at index 4
[2026-06-14T10:15:08.986Z] [ALL] 06-14 15:45:09.184   747   747 D io_stats: !@   8,0 r 80538476 1588736365 w 12769829 208945476 d 4237827 260150040 f 0 1114339 iot 28908408 0 th 0 0 0 pt 0 inp 0 1 182920.492
[2026-06-14T10:15:08.986Z] [ALL] 06-14 15:45:09.185   747   747 D io_stats: !@ MemInfo(KB): total 7469732 free 405652 avail 2699724 actv(f) 807044 inactv(f) 1173532 dirty 17964 wb 0 anonpg 1374468 slab 644580
[2026-06-14T10:15:08.986Z] [ALL] 06-14 15:45:09.185   747   747 D io_stats: !@ Read_top(KB): fice.powerpoint(29340) 107220 .myntra.android(29044) 75788 apido.passenger(29039) 46668
[2026-06-14T10:15:08.986Z] [ALL] 06-14 15:45:09.185   747   747 D io_stats: !@ Write_top(KB): kworker/u16:0(19448) 1676 f2fs_ckpt-254:5(789) 1076 .myntra.android(29044) 500
[2026-06-14T10:15:08.989Z] [ALL] 06-14 15:45:09.192 29340 29436 I PowerPoint: nativeBootApplication: exit
[2026-06-14T10:15:09.009Z] [ALL] 06-14 15:45:09.213  1486  2073 D WindowManager: captureDisplay
[2026-06-14T10:15:09.009Z] [ALL] 06-14 15:45:09.214  1486  2073 I SurfaceComposerClient: captureLayers:childrenOnly:1, sync:0
[2026-06-14T10:15:09.015Z] [ALL] 06-14 15:45:09.220  1149  1195 I SurfaceFlinger: Capture layer list: 	 com.safebank.ai/com.safebank.ai.MainActivity$_19655#104730(preserveDisplayColors:0)
[2026-06-14T10:15:09.015Z] [ALL] 06-14 15:45:09.220  1149  1195 I SurfaceFlinger: Capture layer list: 	 StatusBar$_2112#94(preserveDisplayColors:0)
[2026-06-14T10:15:09.015Z] [ALL] 06-14 15:45:09.220  1149  1195 I SurfaceFlinger: Capture layer list: 	 com.sec.android.app.launcher/com.samsung.app.honeyspace.edge.edgepanel.app.CocktailBarService$_2619#103972(preserveDisplayColors:0)
[2026-06-14T10:15:09.015Z] [ALL] 06-14 15:45:09.220  1149  1195 I SurfaceFlinger: Capture layer list: 	 NavigationBar0$_2112#90(preserveDisplayColors:0)
[2026-06-14T10:15:09.017Z] [ALL] 06-14 15:45:09.223  1149  1201 D SurfaceFlinger: [SEC_SF_EFFECTS] drawLayersInternal,1348, Rendering layer ScreenCaptureFillLayer at index 0
[2026-06-14T10:15:09.017Z] [ALL] 06-14 15:45:09.223  1149  1201 D SurfaceFlinger: [SEC_SF_EFFECTS] drawLayersInternal,1348, Rendering layer com.safebank.ai/com.safebank.ai.MainActivity$_19655#104730 at index 1
[2026-06-14T10:15:09.017Z] [ALL] 06-14 15:45:09.223  1149  1201 D SurfaceFlinger: [SEC_SF_EFFECTS] drawLayersInternal,1348, Rendering layer StatusBar$_2112#94 at index 2
[2026-06-14T10:15:09.017Z] [ALL] 06-14 15:45:09.223  1149  1201 D SurfaceFlinger: [SEC_SF_EFFECTS] drawLayersInternal,1348, Rendering layer com.sec.android.app.launcher/com.samsung.app.honeyspace.edge.edgepanel.app.CocktailBarService$_2619#103972 at index 3
[2026-06-14T10:15:09.017Z] [ALL] 06-14 15:45:09.223  1149  1201 D SurfaceFlinger: [SEC_SF_EFFECTS] drawLayersInternal,1348, Rendering layer NavigationBar0$_2112#90 at index 4
[2026-06-14T10:15:09.091Z] [ALL] 06-14 15:45:09.286 29340 29436 I RegistryUpdate: /data/user/0/com.microsoft.office.powerpoint/files/registryupdates is not a directory, no updates to process.
[2026-06-14T10:15:09.101Z] [ALL] 06-14 15:45:09.306 29340 29429 I OneAuthLog: [MSAL:0001]	INFO   	CreateSingletonComponents:143	Starting up MSAL
[2026-06-14T10:15:09.102Z] [ALL] 06-14 15:45:09.307  1486  1741 D InetDiagMessage: Destroyed 0 sockets, proto=IPPROTO_TCP, family=AF_INET, states=14
[2026-06-14T10:15:09.107Z] [ALL] 06-14 15:45:09.309  1486  4341 I BatteryService_BatteryPropertiesRegistrar: [getProperty]id:4
[2026-06-14T10:15:09.108Z] [ALL] 06-14 15:45:09.309  1486  4341 I BatteryService_BatteryPropertiesRegistrar: [getProperty]prop.long:-9223372036854775808 ,prop.string:null
[2026-06-14T10:15:09.108Z] [ALL] 06-14 15:45:09.309  1486  1741 D InetDiagMessage: Destroyed 0 sockets, proto=IPPROTO_TCP, family=AF_INET6, states=14
[2026-06-14T10:15:09.108Z] [ALL] 06-14 15:45:09.309  1486  1741 D InetDiagMessage: Destroyed live tcp sockets for uids={10335} in 4ms
[2026-06-14T10:15:09.108Z] [ALL] 06-14 15:45:09.311  1486  1741 D InetDiagMessage: Destroyed 0 sockets, proto=IPPROTO_TCP, family=AF_INET, states=14
[2026-06-14T10:15:09.110Z] [ALL] 06-14 15:45:09.313  1486  1741 D InetDiagMessage: Destroyed 0 sockets, proto=IPPROTO_TCP, family=AF_INET6, states=14
[2026-06-14T10:15:09.110Z] [ALL] 06-14 15:45:09.313  1486  1741 D InetDiagMessage: Destroyed live tcp sockets for uids={20335} in 4ms
[2026-06-14T10:15:09.114Z] [ALL] 06-14 15:45:09.315  1486  4341 D WindowManager: captureDisplay
[2026-06-14T10:15:09.114Z] [ALL] 06-14 15:45:09.315  1486  4341 I SurfaceComposerClient: captureLayers:childrenOnly:1, sync:0
[2026-06-14T10:15:09.121Z] [ALL] 06-14 15:45:09.321  1149  1195 I SurfaceFlinger: Capture layer list: 	 com.safebank.ai/com.safebank.ai.MainActivity$_19655#104730(preserveDisplayColors:0)
[2026-06-14T10:15:09.121Z] [ALL] 06-14 15:45:09.321  1149  1195 I SurfaceFlinger: Capture layer list: 	 StatusBar$_2112#94(preserveDisplayColors:0)
[2026-06-14T10:15:09.121Z] [ALL] 06-14 15:45:09.321  1149  1195 I SurfaceFlinger: Capture layer list: 	 com.sec.android.app.launcher/com.samsung.app.honeyspace.edge.edgepanel.app.CocktailBarService$_2619#103972(preserveDisplayColors:0)
[2026-06-14T10:15:09.121Z] [ALL] 06-14 15:45:09.321  1149  1195 I SurfaceFlinger: Capture layer list: 	 NavigationBar0$_2112#90(preserveDisplayColors:0)
[2026-06-14T10:15:09.121Z] [ALL] 06-14 15:45:09.323  1149  1201 D SurfaceFlinger: [SEC_SF_EFFECTS] drawLayersInternal,1348, Rendering layer ScreenCaptureFillLayer at index 0
[2026-06-14T10:15:09.121Z] [ALL] 06-14 15:45:09.323  1149  1201 D SurfaceFlinger: [SEC_SF_EFFECTS] drawLayersInternal,1348, Rendering layer com.safebank.ai/com.safebank.ai.MainActivity$_19655#104730 at index 1
[2026-06-14T10:15:09.121Z] [ALL] 06-14 15:45:09.323  1149  1201 D SurfaceFlinger: [SEC_SF_EFFECTS] drawLayersInternal,1348, Rendering layer StatusBar$_2112#94 at index 2
[2026-06-14T10:15:09.121Z] [ALL] 06-14 15:45:09.323  1149  1201 D SurfaceFlinger: [SEC_SF_EFFECTS] drawLayersInternal,1348, Rendering layer com.sec.android.app.launcher/com.samsung.app.honeyspace.edge.edgepanel.app.CocktailBarService$_2619#103972 at index 3
[2026-06-14T10:15:09.121Z] [ALL] 06-14 15:45:09.323  1149  1201 D SurfaceFlinger: [SEC_SF_EFFECTS] drawLayersInternal,1348, Rendering layer NavigationBar0$_2112#90 at index 4
[2026-06-14T10:15:09.209Z] [ALL] 06-14 15:45:09.415 22301 22306 W msung.klmsagent: userfaultfd: MOVE ioctl seems unsupported: Connection timed out
[2026-06-14T10:15:09.214Z] [ALL] 06-14 15:45:09.416  1486  4341 D WindowManager: captureDisplay
[2026-06-14T10:15:09.214Z] [ALL] 06-14 15:45:09.417  1486  4341 I SurfaceComposerClient: captureLayers:childrenOnly:1, sync:0
[2026-06-14T10:15:09.216Z] [ALL] 06-14 15:45:09.422  1149  1195 I SurfaceFlinger: Capture layer list: 	 com.safebank.ai/com.safebank.ai.MainActivity$_19655#104730(preserveDisplayColors:0)
[2026-06-14T10:15:09.216Z] [ALL] 06-14 15:45:09.422  1149  1195 I SurfaceFlinger: Capture layer list: 	 StatusBar$_2112#94(preserveDisplayColors:0)
[2026-06-14T10:15:09.216Z] [ALL] 06-14 15:45:09.422  1149  1195 I SurfaceFlinger: Capture layer list: 	 com.sec.android.app.launcher/com.samsung.app.honeyspace.edge.edgepanel.app.CocktailBarService$_2619#103972(preserveDisplayColors:0)
[2026-06-14T10:15:09.216Z] [ALL] 06-14 15:45:09.422  1149  1195 I SurfaceFlinger: Capture layer list: 	 NavigationBar0$_2112#90(preserveDisplayColors:0)
[2026-06-14T10:15:09.216Z] [ALL] 06-14 15:45:09.422 22301 22306 I msung.klmsagent: Background concurrent mark compact GC freed 9678KB AllocSpace bytes, 0(0B) LOS objects, 93% free, 1775KB/25MB, paused 514us,3.069ms total 121.023ms
[2026-06-14T10:15:09.222Z] [ALL] 06-14 15:45:09.424  1149  1201 D SurfaceFlinger: [SEC_SF_EFFECTS] drawLayersInternal,1348, Rendering layer ScreenCaptureFillLayer at index 0
[2026-06-14T10:15:09.222Z] [ALL] 06-14 15:45:09.424  1149  1201 D SurfaceFlinger: [SEC_SF_EFFECTS] drawLayersInternal,1348, Rendering layer com.safebank.ai/com.safebank.ai.MainActivity$_19655#104730 at index 1
[2026-06-14T10:15:09.222Z] [ALL] 06-14 15:45:09.424  1149  1201 D SurfaceFlinger: [SEC_SF_EFFECTS] drawLayersInternal,1348, Rendering layer StatusBar$_2112#94 at index 2
[2026-06-14T10:15:09.222Z] [ALL] 06-14 15:45:09.424  1149  1201 D SurfaceFlinger: [SEC_SF_EFFECTS] drawLayersInternal,1348, Rendering layer com.sec.android.app.launcher/com.samsung.app.honeyspace.edge.edgepanel.app.CocktailBarService$_2619#103972 at index 3
[2026-06-14T10:15:09.222Z] [ALL] 06-14 15:45:09.424  1149  1201 D SurfaceFlinger: [SEC_SF_EFFECTS] drawLayersInternal,1348, Rendering layer NavigationBar0$_2112#90 at index 4
[2026-06-14T10:15:09.224Z] [ALL] 06-14 15:45:09.429  1486  1828 I SemWifiServiceDetector: NSD results: [0, 1, 2, 0, 0, 0, 2, 0, 0] Traff. type 1 Thr 2
[2026-06-14T10:15:09.250Z] [ALL] 06-14 15:45:09.454  5214 20152 I NetworkScheduler: (REDACTED) Error inserting %s
[2026-06-14T10:15:09.255Z] [ALL] 06-14 15:45:09.458 25588 26528 W libbinder.Binder: Binder transaction to android.content.IContentProvider code 1 took 1252ms. Data bytes: 1468 Reply bytes: 268 Flags: 16
[2026-06-14T10:15:09.262Z] [ALL] 06-14 15:45:09.468 26874 27744 I Rubin   : [2610] R0.e.r(Unknown Source) : Notify com.samsung.android.rubin.inferenceengine.contextanalytics.engine.loggers.CmhTagLogger's database is updated.
[2026-06-14T10:15:09.270Z] [ALL] 06-14 15:45:09.476 26874 27744 I Rubin   : [2610] com.samsung.android.rubin.inferenceengine.contextanalytics.engine.monitors.moment.exercise.ExercisingWithCmhMonitor.isSatisfiedByCmh(Unknown Source) : isSatisfiedByCmh is false
[2026-06-14T10:15:09.288Z] [ALL] 06-14 15:45:09.494  1486  1741 D InetDiagMessage: Destroyed 0 sockets, proto=IPPROTO_TCP, family=AF_INET, states=14
[2026-06-14T10:15:09.288Z] [ALL] 06-14 15:45:09.494  1486  1741 D InetDiagMessage: Destroyed 0 sockets, proto=IPPROTO_TCP, family=AF_INET6, states=14
[2026-06-14T10:15:09.288Z] [ALL] 06-14 15:45:09.494  1486  1741 D InetDiagMessage: Destroyed live tcp sockets for uids={10321} in 1ms
[2026-06-14T10:15:09.288Z] [ALL] 06-14 15:45:09.495  1486  1741 D InetDiagMessage: Destroyed 0 sockets, proto=IPPROTO_TCP, family=AF_INET, states=14
[2026-06-14T10:15:09.288Z] [ALL] 06-14 15:45:09.495  1486  1741 D InetDiagMessage: Destroyed 0 sockets, proto=IPPROTO_TCP, family=AF_INET6, states=14
[2026-06-14T10:15:09.288Z] [ALL] 06-14 15:45:09.495  1486  1741 D InetDiagMessage: Destroyed live tcp sockets for uids={20321} in 1ms
[2026-06-14T10:15:09.298Z] [ALL] 06-14 15:45:09.504 29340 29429 I OneAuthLog: [MSAL:0001]	INFO   	AddConfigurationWithStorageManager:269	Created a new public client application with ID ''
[2026-06-14T10:15:09.303Z] [ALL] 06-14 15:45:09.508 29340 29340 I MsoFSetAppInfo: Enter FOR app=3
[2026-06-14T10:15:09.303Z] [ALL] 06-14 15:45:09.509 29340 29340 I MsoFSetAppInfo: Exit
[2026-06-14T10:15:09.303Z] [ALL] 06-14 15:45:09.509 29340 29340 I Android.AppHost: CAppHost::CreateAppFrameForAutoCreatedWindow ... creating new CAppFrameUI
[2026-06-14T10:15:09.311Z] [ALL] 06-14 15:45:09.516  1486  2073 D WindowManager: captureDisplay
[2026-06-14T10:15:09.311Z] [ALL] 06-14 15:45:09.516  1486  2073 I SurfaceComposerClient: captureLayers:childrenOnly:1, sync:0
[2026-06-14T10:15:09.311Z] [ALL] 06-14 15:45:09.517  1486  1881 D NetdEventListenerService: DNS Requested by 204, 10263(com.android.vending), SUCCESS, 6ms
[2026-06-14T10:15:09.313Z] [ALL] 06-14 15:45:09.519  1149  1195 I SurfaceFlinger: Capture layer list: 	 com.safebank.ai/com.safebank.ai.MainActivity$_19655#104730(preserveDisplayColors:0)
[2026-06-14T10:15:09.313Z] [ALL] 06-14 15:45:09.519  1149  1195 I SurfaceFlinger: Capture layer list: 	 StatusBar$_2112#94(preserveDisplayColors:0)
[2026-06-14T10:15:09.313Z] [ALL] 06-14 15:45:09.519  1149  1195 I SurfaceFlinger: Capture layer list: 	 com.sec.android.app.launcher/com.samsung.app.honeyspace.edge.edgepanel.app.CocktailBarService$_2619#103972(preserveDisplayColors:0)
[2026-06-14T10:15:09.313Z] [ALL] 06-14 15:45:09.519  1149  1195 I SurfaceFlinger: Capture layer list: 	 NavigationBar0$_2112#90(preserveDisplayColors:0)
[2026-06-14T10:15:09.316Z] [ALL] 06-14 15:45:09.521  1149  1201 D SurfaceFlinger: [SEC_SF_EFFECTS] drawLayersInternal,1348, Rendering layer ScreenCaptureFillLayer at index 0
[2026-06-14T10:15:09.316Z] [ALL] 06-14 15:45:09.521  1149  1201 D SurfaceFlinger: [SEC_SF_EFFECTS] drawLayersInternal,1348, Rendering layer com.safebank.ai/com.safebank.ai.MainActivity$_19655#104730 at index 1
[2026-06-14T10:15:09.316Z] [ALL] 06-14 15:45:09.521  1149  1201 D SurfaceFlinger: [SEC_SF_EFFECTS] drawLayersInternal,1348, Rendering layer StatusBar$_2112#94 at index 2
[2026-06-14T10:15:09.316Z] [ALL] 06-14 15:45:09.521  1149  1201 D SurfaceFlinger: [SEC_SF_EFFECTS] drawLayersInternal,1348, Rendering layer com.sec.android.app.launcher/com.samsung.app.honeyspace.edge.edgepanel.app.CocktailBarService$_2619#103972 at index 3
[2026-06-14T10:15:09.316Z] [ALL] 06-14 15:45:09.521  1149  1201 D SurfaceFlinger: [SEC_SF_EFFECTS] drawLayersInternal,1348, Rendering layer NavigationBar0$_2112#90 at index 4
[2026-06-14T10:15:09.347Z] [ALL] 06-14 15:45:09.550  1486  1881 D NetdEventListenerService: DNS Requested by 204, 10263(com.android.vending), SUCCESS, 2ms
[2026-06-14T10:15:09.355Z] [ALL] 06-14 15:45:09.561 19463 19503 I appium  : channel read: POST /session/ed6c8e2c-e5c1-4b65-b4bf-728310f0e26e/element
[2026-06-14T10:15:09.355Z] [ALL] 06-14 15:45:09.562 19463 19503 I appium  : FindElement command
[2026-06-14T10:15:09.356Z] [ALL] 06-14 15:45:09.563 19463 19503 I appium  : method: 'xpath', selector: '//*[contains(@resource-id, "otp_toggle_btn") or @content-desc="otp_toggle_btn"]'
[2026-06-14T10:15:09.356Z] [ALL] 06-14 15:45:09.563 19463 19503 I appium  : Waiting up to 10000ms for the device to idle
[2026-06-14T10:15:09.357Z] [ALL] 06-14 15:45:09.564 19463 19503 I appium  : The following attributes will be included to the page source: [resource-id, content-desc]
[2026-06-14T10:15:09.381Z] [ALL] 06-14 15:45:09.584  1486  1729 D WifiStaIfaceHidlImpl: getCachedScanData is not implemented by HIDL
[2026-06-14T10:15:09.381Z] [ALL] 06-14 15:45:09.585  1486  4489 D PackageManager: setEnabledSetting : userId = 0 packageName = com.android.vending cmp = com.android.vending.AssetBrowserActivity newState = 1 callingPackage = com.android.vending
[2026-06-14T10:15:09.381Z] [ALL] 06-14 15:45:09.585  1486  4489 D ApplicationPolicy: getApplicationStateEnabled : pkg = com.android.vending userId : 0
[2026-06-14T10:15:09.381Z] [ALL] 06-14 15:45:09.585  1486  4489 D ApplicationPolicy: getApplicationComponentState : pkg = com.android.vending userId : 0
[2026-06-14T10:15:09.388Z] [ALL] 06-14 15:45:09.588  1486  3494 D SemWifiUsabilityStatsMonitor: onWifiUsabilityStats - seqNum 23695, isSameBssidAndFreq true
[2026-06-14T10:15:09.388Z] [ALL] 06-14 15:45:09.589 27719 27752 W Settings: Setting download_manager_max_bytes_over_mobile has moved from android.provider.Settings.Secure to android.provider.Settings.Global.
[2026-06-14T10:15:09.388Z] [ALL] 06-14 15:45:09.594  2072  2072 I EPDG-0 [WifiProfiler]: handleWifiRssiIntent, rssi=-57
[2026-06-14T10:15:09.388Z] [ALL] 06-14 15:45:09.594  2072  2072 I EPDG-0 [WifiProfiler]: isProfiling, hash=189204772, started=true
[2026-06-14T10:15:09.389Z] [ALL] 06-14 15:45:09.595  2072  2072 I EPDG-0 [LogMetrics]: set, type=WIFI_RSSI_LAST, value=-57
[2026-06-14T10:15:09.389Z] [ALL] 06-14 15:45:09.595  2072  2072 I EPDG-0 [WifiProfiler]: isProfiling, hash=189204772, started=true
[2026-06-14T10:15:09.389Z] [ALL] 06-14 15:45:09.595  2072  2072 I EPDG-0 [WifiProfiler]: Rssi : -57 highrange : -75 lowrange : -85 mIsRssiInHystersis : false
[2026-06-14T10:15:09.389Z] [ALL] 06-14 15:45:09.595  2072  2072 I EPDG-0 [WifiProfiler]: Rssi : -57 highrange : -75 lowrange : -85 mIsRssiInHystersis : false
[2026-06-14T10:15:09.389Z] [ALL] 06-14 15:45:09.594  1486  1830 I SemWifiLinkQualityMonitor: Link stat: 1682 / 199 / 1.30 (159) / 78 / -57.0 || 100.0 : 78.00 / B (B) || 75790cca2437: 0.184 / 43.425 / N / V || N N / 0 0 / N 2.0 / N -1 0.000 0.000 / N / X 0 / 182920902 0 0 || 2026-06-14 15:45:08  / 0: 0 0 0 0 0 0 / 0: 0 0 0 0 0 0 / 0: 0 0 0 0 0 0
[2026-06-14T10:15:09.389Z] [ALL] 06-14 15:45:09.595  2072  2072 I EPDG-0 [Subscription]: isEpdgAvailable, IwlanPsState=2/2
[2026-06-14T10:15:09.389Z] [ALL] 06-14 15:45:09.595  2072  2072 I EPDG-0 [WifiProfiler]: getHandoverThresholdMet: value is: false
[2026-06-14T10:15:09.410Z] [ALL] 06-14 15:45:09.616  1486  4341 D WindowManager: captureDisplay
[2026-06-14T10:15:09.410Z] [ALL] 06-14 15:45:09.616  1486  4341 I SurfaceComposerClient: captureLayers:childrenOnly:1, sync:0
[2026-06-14T10:15:09.411Z] [ALL] 06-14 15:45:09.618  1486  1881 D NetdEventListenerService: DNS Requested by 204, 10263(com.android.vending), SUCCESS, 26ms
[2026-06-14T10:15:09.420Z] [ALL] 06-14 15:45:09.621  1486  1881 D NetdEventListenerService: DNS Requested by 204, 10263(com.android.vending), SUCCESS, 1ms
[2026-06-14T10:15:09.420Z] [ALL] 06-14 15:45:09.622  1149  1195 I SurfaceFlinger: Capture layer list: 	 com.safebank.ai/com.safebank.ai.MainActivity$_19655#104730(preserveDisplayColors:0)
[2026-06-14T10:15:09.420Z] [ALL] 06-14 15:45:09.622  1149  1195 I SurfaceFlinger: Capture layer list: 	 StatusBar$_2112#94(preserveDisplayColors:0)
[2026-06-14T10:15:09.420Z] [ALL] 06-14 15:45:09.622  1149  1195 I SurfaceFlinger: Capture layer list: 	 com.sec.android.app.launcher/com.samsung.app.honeyspace.edge.edgepanel.app.CocktailBarService$_2619#103972(preserveDisplayColors:0)
[2026-06-14T10:15:09.420Z] [ALL] 06-14 15:45:09.622  1149  1195 I SurfaceFlinger: Capture layer list: 	 NavigationBar0$_2112#90(preserveDisplayColors:0)
[2026-06-14T10:15:09.420Z] [ALL] 06-14 15:45:09.624  1149  1201 D SurfaceFlinger: [SEC_SF_EFFECTS] drawLayersInternal,1348, Rendering layer ScreenCaptureFillLayer at index 0
[2026-06-14T10:15:09.420Z] [ALL] 06-14 15:45:09.624  1149  1201 D SurfaceFlinger: [SEC_SF_EFFECTS] drawLayersInternal,1348, Rendering layer com.safebank.ai/com.safebank.ai.MainActivity$_19655#104730 at index 1
[2026-06-14T10:15:09.420Z] [ALL] 06-14 15:45:09.624  1149  1201 D SurfaceFlinger: [SEC_SF_EFFECTS] drawLayersInternal,1348, Rendering layer StatusBar$_2112#94 at index 2
[2026-06-14T10:15:09.420Z] [ALL] 06-14 15:45:09.624  1149  1201 D SurfaceFlinger: [SEC_SF_EFFECTS] drawLayersInternal,1348, Rendering layer com.sec.android.app.launcher/com.samsung.app.honeyspace.edge.edgepanel.app.CocktailBarService$_2619#103972 at index 3
[2026-06-14T10:15:09.420Z] [ALL] 06-14 15:45:09.624  1149  1201 D SurfaceFlinger: [SEC_SF_EFFECTS] drawLayersInternal,1348, Rendering layer NavigationBar0$_2112#90 at index 4
[2026-06-14T10:15:09.420Z] [ALL] 06-14 15:45:09.625  1486  1881 D NetdEventListenerService: DNS Requested by 204, 10263(com.android.vending), SUCCESS, 2ms
[2026-06-14T10:15:09.426Z] [ALL] 06-14 15:45:09.627 19463 19503 I appium  : Took 0ms to retrieve 0 matches for '//*[contains(@resource-id, "otp_toggle_btn") or @content-desc="otp_toggle_btn"]' XPath2 query
[2026-06-14T10:15:09.426Z] [ALL] 06-14 15:45:09.628 19463 19503 I appium  : AppiumResponse: {"sessionId":"ed6c8e2c-e5c1-4b65-b4bf-728310f0e26e","value":{"error":"no such element","message":"An element could not be located on the page using the given search parameters","stacktrace":"io.appium.uiautomator2.common.exceptions.ElementNotFoundException: An element could not be located on the page using the given search parameters\n\tat io.appium.uiautomator2.utils.ElementLocationHelpers.findElement(ElementLocationHelpers.java:153)\n\tat io.appium.uiautomator2.handler.FindElement.safeHandle(FindElement.java:60)\n\tat io.appium.uiautomator2.handler.request.SafeRequestHandler.handle(SafeRequestHandler.java:59)\n\tat io.appium.uiautomator2.server.AppiumServlet.handleRequest(AppiumServlet.java:267)\n\tat io.appium.uiautomator2.server.AppiumServlet.handleHttpRequest(AppiumServlet.java:261)\n\tat io.appium.uiautomator2.http.ServerHandler.channelRead(ServerHandler.java:77)\n\tat io.netty.channel.AbstractChannelHandlerContext.fireChannelRead(AbstractChannelHandlerContext.java:357)\n\tat io.netty.handler.codec.MessageToMessageDecoder.channelRead(MessageToMessageDecoder.java:107)\n\tat io.netty.channel.AbstractChannelHandlerContext.fireChannelRead(AbstractChannelHandlerContext.java:357)\n\tat io.netty.channel.CombinedChannelDuplexHandler$DelegatingChannelHandlerContext.fireChannelRead(CombinedChannelDuplexHandler.java:434)\n\tat io.netty.handler.codec.ByteToMessageDecoder.fireChannelRead(ByteToMessageDecoder.java:361)\n\tat io.netty.handler.codec.ByteToMessageDecoder.channelRead(ByteToMessageDecoder.java:325)\n\tat io.netty.channel.CombinedChannelDuplexHandler.channelRead(CombinedChannelDuplexHandler.java:249)\n\tat io.netty.channel.AbstractChannelHandlerContext.fireChannelRead(AbstractChannelHandlerContext.java:355)\n\tat io.netty.handler.timeout.IdleStateHandler.channelRead(IdleStateHandler.java:288)\n\tat io.netty.channel.AbstractChannelHandlerContext.fireChannelRead(AbstractChannelHandlerContext.java:355)\n\tat io.netty.channel.DefaultChannelPipeline$HeadContext.channelRead(DefaultChannelPipeline.java:1429)\n\tat io.netty.channel.DefaultChannelPipeline.fireChannelRead(DefaultChannelPipeline.java:918)\n\tat io.netty.channel.nio.AbstractNioByteChannel$NioByteUnsafe.read(AbstractNioByteChannel.java:176)\n\tat io.netty.channel.nio.AbstractNioChannel$AbstractNioUnsafe.handle(AbstractNioChannel.java:445)\n\tat io.netty.channel.nio.NioIoHandler$DefaultNioRegistration.handle(NioIoHandler.java:388)\n\tat io.netty.channel.nio.NioIoHandler.processSelectedKey(NioIoHandler.java:596)\n\tat io.netty.channel.nio.NioIoHandler.processSelectedKeysOptimized(NioIoHandler.java:571)\n\tat io.netty.channel.nio.NioIoHandler.processSelectedKeys(NioIoHandler.java:512)\n\tat io.netty.channel.nio.NioIoHandler.run(NioIoHandler.java:484)\n\tat io.netty.channel.SingleThreadIoEventLoop.runIo(SingleThreadIoEventLoop.java:225)\n\tat io.netty.channel.SingleThreadIoEventLoop.run(SingleThreadIoEventLoop.java:196)\n\tat io.netty.util.concurrent.SingleThreadEventExecutor$5.run(SingleThreadEventExecutor.java:1195)\n\tat io.netty.util.internal.ThreadExecutorMap$2.run(ThreadExecutorMap.java:74)\n\tat io.netty.util.concurrent.FastThreadLocalRunnable.run(FastThreadLocalRunnable.java:30)\n\tat java.lang.Thread.run(Thread.java:1564)\n"}}
[2026-06-14T10:15:09.428Z] [ALL] 06-14 15:45:09.633  1486  1881 D NetdEventListenerService: DNS Requested by 204, 10263(com.android.vending), SUCCESS, 1ms
[2026-06-14T10:15:09.430Z] [ALL] 06-14 15:45:09.637  1486  1881 D NetdEventListenerService: DNS Requested by 204, 10263(com.android.vending), SUCCESS, 1ms
[2026-06-14T10:15:09.523Z] [ALL] 06-14 15:45:09.716  1486  4489 D WindowManager: captureDisplay
[2026-06-14T10:15:09.523Z] [ALL] 06-14 15:45:09.716  1486  4489 I SurfaceComposerClient: captureLayers:childrenOnly:1, sync:0
[2026-06-14T10:15:09.523Z] [ALL] 06-14 15:45:09.720  1149  1195 I SurfaceFlinger: Capture layer list: 	 com.safebank.ai/com.safebank.ai.MainActivity$_19655#104730(preserveDisplayColors:0)
[2026-06-14T10:15:09.523Z] [ALL] 06-14 15:45:09.720  1149  1195 I SurfaceFlinger: Capture layer list: 	 StatusBar$_2112#94(preserveDisplayColors:0)
[2026-06-14T10:15:09.523Z] [ALL] 06-14 15:45:09.720  1149  1195 I SurfaceFlinger: Capture layer list: 	 com.sec.android.app.launcher/com.samsung.app.honeyspace.edge.edgepanel.app.CocktailBarService$_2619#103972(preserveDisplayColors:0)
[2026-06-14T10:15:09.523Z] [ALL] 06-14 15:45:09.720  1149  1195 I SurfaceFlinger: Capture layer list: 	 NavigationBar0$_2112#90(preserveDisplayColors:0)
[2026-06-14T10:15:09.523Z] [ALL] 06-14 15:45:09.722  1149  1201 D SurfaceFlinger: [SEC_SF_EFFECTS] drawLayersInternal,1348, Rendering layer ScreenCaptureFillLayer at index 0
[2026-06-14T10:15:09.523Z] [ALL] 06-14 15:45:09.722  1149  1201 D SurfaceFlinger: [SEC_SF_EFFECTS] drawLayersInternal,1348, Rendering layer com.safebank.ai/com.safebank.ai.MainActivity$_19655#104730 at index 1
[2026-06-14T10:15:09.523Z] [ALL] 06-14 15:45:09.722  1149  1201 D SurfaceFlinger: [SEC_SF_EFFECTS] drawLayersInternal,1348, Rendering layer StatusBar$_2112#94 at index 2
[2026-06-14T10:15:09.523Z] [ALL] 06-14 15:45:09.722  1149  1201 D SurfaceFlinger: [SEC_SF_EFFECTS] drawLayersInternal,1348, Rendering layer com.sec.android.app.launcher/com.samsung.app.honeyspace.edge.edgepanel.app.CocktailBarService$_2619#103972 at index 3
[2026-06-14T10:15:09.523Z] [ALL] 06-14 15:45:09.722  1149  1201 D SurfaceFlinger: [SEC_SF_EFFECTS] drawLayersInternal,1348, Rendering layer NavigationBar0$_2112#90 at index 4
[2026-06-14T10:15:09.529Z] [ALL] 06-14 15:45:09.730 27719 27752 I Finsky  : [2595] SettingNotFoundException, fall through to G.downloadBytesOverMobileMaximum
[2026-06-14T10:15:09.529Z] [ALL] 06-14 15:45:09.730 27719 27752 W Settings: Setting download_manager_recommended_max_bytes_over_mobile has moved from android.provider.Settings.Secure to android.provider.Settings.Global.
[2026-06-14T10:15:09.529Z] [ALL] 06-14 15:45:09.732 27719 27876 I Finsky  : [2612] ApplicationRestrictions: {}
[2026-06-14T10:15:09.568Z] [ALL] 06-14 15:45:09.765  1486  1856 D SemWifiSwitchForIndividualAppsService: isSkipNetworkCondition - result:2
[2026-06-14T10:15:09.568Z] [ALL] 06-14 15:45:09.769 27719 27752 I Finsky  : [2595] SettingNotFoundException, fall through to G.downloadBytesOverMobileRecommended
[2026-06-14T10:15:09.568Z] [ALL] 06-14 15:45:09.770 27719 27752 I Finsky  : [2595] registerListener
[2026-06-14T10:15:09.583Z] [ALL] 06-14 15:45:09.788 27719 27752 I Finsky  : [2595] DFS: Listener added for sta@890c918
[2026-06-14T10:15:09.583Z] [ALL] 06-14 15:45:09.788 27719 27752 I Finsky  : [2595] registerListener
[2026-06-14T10:15:09.599Z] [ALL] 06-14 15:45:09.799 27719 27783 I Finsky  : [2608] CronetEngine is present. Using Cronet for the networking stack.
[2026-06-14T10:15:09.606Z] [ALL] 06-14 15:45:09.810 27719 29665 I Finsky  : [2635] Triggered update for experiment package com.google.android.finsky.stable.
[2026-06-14T10:15:09.611Z] [ALL] 06-14 15:45:09.817  1486  2073 D WindowManager: captureDisplay
[2026-06-14T10:15:09.611Z] [ALL] 06-14 15:45:09.817  1486  2073 I SurfaceComposerClient: captureLayers:childrenOnly:1, sync:0
[2026-06-14T10:15:09.620Z] [ALL] 06-14 15:45:09.822  1149  1195 I SurfaceFlinger: Capture layer list: 	 com.safebank.ai/com.safebank.ai.MainActivity$_19655#104730(preserveDisplayColors:0)
[2026-06-14T10:15:09.620Z] [ALL] 06-14 15:45:09.822  1149  1195 I SurfaceFlinger: Capture layer list: 	 StatusBar$_2112#94(preserveDisplayColors:0)
[2026-06-14T10:15:09.620Z] [ALL] 06-14 15:45:09.822  1149  1195 I SurfaceFlinger: Capture layer list: 	 com.sec.android.app.launcher/com.samsung.app.honeyspace.edge.edgepanel.app.CocktailBarService$_2619#103972(preserveDisplayColors:0)
[2026-06-14T10:15:09.620Z] [ALL] 06-14 15:45:09.822  1149  1195 I SurfaceFlinger: Capture layer list: 	 NavigationBar0$_2112#90(preserveDisplayColors:0)
[2026-06-14T10:15:09.620Z] [ALL] 06-14 15:45:09.823  1149  1201 D SurfaceFlinger: [SEC_SF_EFFECTS] drawLayersInternal,1348, Rendering layer ScreenCaptureFillLayer at index 0
[2026-06-14T10:15:09.620Z] [ALL] 06-14 15:45:09.823  1149  1201 D SurfaceFlinger: [SEC_SF_EFFECTS] drawLayersInternal,1348, Rendering layer com.safebank.ai/com.safebank.ai.MainActivity$_19655#104730 at index 1
[2026-06-14T10:15:09.620Z] [ALL] 06-14 15:45:09.823  1149  1201 D SurfaceFlinger: [SEC_SF_EFFECTS] drawLayersInternal,1348, Rendering layer StatusBar$_2112#94 at index 2
[2026-06-14T10:15:09.620Z] [ALL] 06-14 15:45:09.823  1149  1201 D SurfaceFlinger: [SEC_SF_EFFECTS] drawLayersInternal,1348, Rendering layer com.sec.android.app.launcher/com.samsung.app.honeyspace.edge.edgepanel.app.CocktailBarService$_2619#103972 at index 3
[2026-06-14T10:15:09.620Z] [ALL] 06-14 15:45:09.824  1149  1201 D SurfaceFlinger: [SEC_SF_EFFECTS] drawLayersInternal,1348, Rendering layer NavigationBar0$_2112#90 at index 4
[2026-06-14T10:15:09.637Z] [ALL] 06-14 15:45:09.833 27463 27463 D BoundBrokerSvc: onBind: Intent { act=com.google.android.gms.potokens.service.START dat=chimera-action:/... xflg=0x4 cmp=com.google.android.gms/.chimera.GmsApiService }
[2026-06-14T10:15:09.637Z] [ALL] 06-14 15:45:09.833 27463 27463 D BoundBrokerSvc: Loading bound service for intent: Intent { act=com.google.android.gms.potokens.service.START dat=chimera-action:/... xflg=0x4 cmp=com.google.android.gms/.chimera.GmsApiService }
[2026-06-14T10:15:09.637Z] [ALL] 06-14 15:45:09.835 29340 29605 D vulkan  : searching for layers in '/data/app/~~4Amt2vc4mVh7u8zetdo5UQ==/com.microsoft.office.powerpoint-y7fR7XvwByxb4fxzvPcnGg==/lib/arm64'
[2026-06-14T10:15:09.637Z] [ALL] 06-14 15:45:09.842 29340 29605 D vulkan  : searching for layers in '/data/app/~~4Amt2vc4mVh7u8zetdo5UQ==/com.microsoft.office.powerpoint-y7fR7XvwByxb4fxzvPcnGg==/base.apk!/lib/arm64-v8a'
[2026-06-14T10:15:09.658Z] [ALL] 06-14 15:45:09.859  1486  2073 D PackageManager: setEnabledSetting : userId = 0 packageName = com.android.vending cmp = com.google.android.finsky.wearsupport.WearSupportService newState = 2 callingPackage = com.android.vending
[2026-06-14T10:15:09.658Z] [ALL] 06-14 15:45:09.860 27719 27781 I Finsky  : [2607] Component class com.google.android.finsky.wearsupport.WearSupportService disabled via PackageManager.
[2026-06-14T10:15:09.658Z] [ALL] 06-14 15:45:09.861  1486  2073 D PackageManager: setEnabledSetting : userId = 0 packageName = com.android.vending cmp = com.google.android.finsky.wearsupport.WearChangeListenerService newState = 2 callingPackage = com.android.vending
[2026-06-14T10:15:09.658Z] [ALL] 06-14 15:45:09.861 27719 27781 I Finsky  : [2607] Component class com.google.android.finsky.wearsupport.WearChangeListenerService disabled via PackageManager.
[2026-06-14T10:15:09.673Z] [ALL] 06-14 15:45:09.879 29340 29605 D vulkan  : searching for layers in '/data/app/~~4Amt2vc4mVh7u8zetdo5UQ==/com.microsoft.office.powerpoint-y7fR7XvwByxb4fxzvPcnGg==/split_config.en.apk!/lib/arm64-v8a'
[2026-06-14T10:15:09.673Z] [ALL] 06-14 15:45:09.879 29340 29605 D vulkan  : searching for layers in '/data/app/~~4Amt2vc4mVh7u8zetdo5UQ==/com.microsoft.office.powerpoint-y7fR7XvwByxb4fxzvPcnGg==/split_config.xxhdpi.apk!/lib/arm64-v8a'
[2026-06-14T10:15:09.674Z] [ALL] 06-14 15:45:09.880 29340 29605 V XGL     : ----------------------------------------------------------------------
[2026-06-14T10:15:09.674Z] [ALL] 06-14 15:45:09.880 29340 29605 V XGL     : SUMD version compiled date     = 2026-01-09 09:57 - KST
[2026-06-14T10:15:09.674Z] [ALL] 06-14 15:45:09.880 29340 29605 V XGL     : SUMD version revision number   = 1900168dcb
[2026-06-14T10:15:09.674Z] [ALL] 06-14 15:45:09.880 29340 29605 V XGL     : SUMD version info              = Driver version: 24.0.534, git hash: 1900168dcb
[2026-06-14T10:15:09.674Z] [ALL] 06-14 15:45:09.880 29340 29605 V XGL     : ----------------------------------------------------------------------
[2026-06-14T10:15:09.674Z] [ALL] 06-14 15:45:09.880 29340 29605 V XGL     : Entering: Create
[2026-06-14T10:15:09.712Z] [ALL] 06-14 15:45:09.918  1486  2073 D WindowManager: captureDisplay
[2026-06-14T10:15:09.713Z] [ALL] 06-14 15:45:09.920  3066  3129 I RequestManager_FLP: onOpChanged, op=0 / packageName=com.facebook.katana
[2026-06-14T10:15:09.713Z] [ALL] 06-14 15:45:09.920  1486  2073 I SurfaceComposerClient: captureLayers:childrenOnly:1, sync:0
[2026-06-14T10:15:09.724Z] [ALL] 06-14 15:45:09.925  1149  1195 I SurfaceFlinger: Capture layer list: 	 com.safebank.ai/com.safebank.ai.MainActivity$_19655#104730(preserveDisplayColors:0)
[2026-06-14T10:15:09.724Z] [ALL] 06-14 15:45:09.925  1149  1195 I SurfaceFlinger: Capture layer list: 	 StatusBar$_2112#94(preserveDisplayColors:0)
[2026-06-14T10:15:09.724Z] [ALL] 06-14 15:45:09.925  1149  1195 I SurfaceFlinger: Capture layer list: 	 com.sec.android.app.launcher/com.samsung.app.honeyspace.edge.edgepanel.app.CocktailBarService$_2619#103972(preserveDisplayColors:0)
[2026-06-14T10:15:09.724Z] [ALL] 06-14 15:45:09.925  1149  1195 I SurfaceFlinger: Capture layer list: 	 NavigationBar0$_2112#90(preserveDisplayColors:0)
[2026-06-14T10:15:09.730Z] [ALL] 06-14 15:45:09.927  1149  1201 D SurfaceFlinger: [SEC_SF_EFFECTS] drawLayersInternal,1348, Rendering layer ScreenCaptureFillLayer at index 0
[2026-06-14T10:15:09.730Z] [ALL] 06-14 15:45:09.927  1149  1201 D SurfaceFlinger: [SEC_SF_EFFECTS] drawLayersInternal,1348, Rendering layer com.safebank.ai/com.safebank.ai.MainActivity$_19655#104730 at index 1
[2026-06-14T10:15:09.730Z] [ALL] 06-14 15:45:09.928  1149  1201 D SurfaceFlinger: [SEC_SF_EFFECTS] drawLayersInternal,1348, Rendering layer StatusBar$_2112#94 at index 2
[2026-06-14T10:15:09.730Z] [ALL] 06-14 15:45:09.928  1149  1201 D SurfaceFlinger: [SEC_SF_EFFECTS] drawLayersInternal,1348, Rendering layer com.sec.android.app.launcher/com.samsung.app.honeyspace.edge.edgepanel.app.CocktailBarService$_2619#103972 at index 3
[2026-06-14T10:15:09.730Z] [ALL] 06-14 15:45:09.928  1149  1201 D SurfaceFlinger: [SEC_SF_EFFECTS] drawLayersInternal,1348, Rendering layer NavigationBar0$_2112#90 at index 4
[2026-06-14T10:15:09.779Z] [ALL] 06-14 15:45:09.959 29340 29605 V XGL     : Exiting: Create
[2026-06-14T10:15:09.779Z] [ALL] 06-14 15:45:09.966 29340 29605 W libEGL  : ANGLE Warn:RendererVk.cpp:5464 (appBasedFeatureOverrides): BLOB CACHE IS DISABLED DUE TO LACK OF MULTIFILE BLOBCACHE SUPPORT
[2026-06-14T10:15:09.779Z] [ALL] 06-14 15:45:09.967 29340 29605 I vulkan  : CreateInfoWrapper::FilterExtension: already have 'VK_KHR_external_fence_fd'.
[2026-06-14T10:15:09.800Z] [ALL] 06-14 15:45:09.981 29340 29605 I ANGLE   : Version (24.1.293 git hash: 35f6eab5b214), Renderer ((Samsung Xclipse 920) on Vulkan 1.3.279)
[2026-06-14T10:15:09.818Z] [ALL] 06-14 15:45:10.010 27719 29665 I Finsky  : [2635] Already at the latest configurations for experiment package com.google.android.finsky.stable.
[2026-06-14T10:15:09.818Z] [ALL] 06-14 15:45:10.010 27719 29665 I Finsky  : [2635] Triggered update for experiment package com.google.android.finsky.regular.
[2026-06-14T10:15:09.842Z] [ALL] 06-14 15:45:10.018  1486  4489 D WindowManager: captureDisplay
[2026-06-14T10:15:09.843Z] [ALL] 06-14 15:45:10.019  1486  4489 I SurfaceComposerClient: captureLayers:childrenOnly:1, sync:0
[2026-06-14T10:15:09.843Z] [ALL] 06-14 15:45:10.024  1149  1195 I SurfaceFlinger: Capture layer list: 	 com.safebank.ai/com.safebank.ai.MainActivity$_19655#104730(preserveDisplayColors:0)
[2026-06-14T10:15:09.843Z] [ALL] 06-14 15:45:10.024  1149  1195 I SurfaceFlinger: Capture layer list: 	 StatusBar$_2112#94(preserveDisplayColors:0)
[2026-06-14T10:15:09.843Z] [ALL] 06-14 15:45:10.024  1149  1195 I SurfaceFlinger: Capture layer list: 	 com.sec.android.app.launcher/com.samsung.app.honeyspace.edge.edgepanel.app.CocktailBarService$_2619#103972(preserveDisplayColors:0)
[2026-06-14T10:15:09.843Z] [ALL] 06-14 15:45:10.024  1149  1195 I SurfaceFlinger: Capture layer list: 	 NavigationBar0$_2112#90(preserveDisplayColors:0)
[2026-06-14T10:15:09.843Z] [ALL] 06-14 15:45:10.025  1149  1201 D SurfaceFlinger: [SEC_SF_EFFECTS] drawLayersInternal,1348, Rendering layer ScreenCaptureFillLayer at index 0
[2026-06-14T10:15:09.843Z] [ALL] 06-14 15:45:10.025  1149  1201 D SurfaceFlinger: [SEC_SF_EFFECTS] drawLayersInternal,1348, Rendering layer com.safebank.ai/com.safebank.ai.MainActivity$_19655#104730 at index 1
[2026-06-14T10:15:09.843Z] [ALL] 06-14 15:45:10.026  1149  1201 D SurfaceFlinger: [SEC_SF_EFFECTS] drawLayersInternal,1348, Rendering layer StatusBar$_2112#94 at index 2
[2026-06-14T10:15:09.843Z] [ALL] 06-14 15:45:10.026  1149  1201 D SurfaceFlinger: [SEC_SF_EFFECTS] drawLayersInternal,1348, Rendering layer com.sec.android.app.launcher/com.samsung.app.honeyspace.edge.edgepanel.app.CocktailBarService$_2619#103972 at index 3
[2026-06-14T10:15:09.843Z] [ALL] 06-14 15:45:10.026  1149  1201 D SurfaceFlinger: [SEC_SF_EFFECTS] drawLayersInternal,1348, Rendering layer NavigationBar0$_2112#90 at index 4
[2026-06-14T10:15:09.873Z] [ALL] 06-14 15:45:10.065 27719 29665 I Finsky  : [2635] Already at the latest configurations for experiment package com.google.android.finsky.regular.
[2026-06-14T10:15:09.873Z] [ALL] 06-14 15:45:10.065 27719 29665 I Finsky  : [2635] Triggered update for experiment package com.google.android.finsky.regular.
[2026-06-14T10:15:09.890Z] [ALL] 06-14 15:45:10.072 29340 29439 W OneAuthLog: [OneAuth:2603:Warning::00000000] [Common] [2026-06-14 10:15:10 - thread_id: 2640, correlation_id: UNSET - Android 36] Telemetry is disabled because the Telemetry context or configuration is null   
[2026-06-14T10:15:09.911Z] [ALL] 06-14 15:45:10.098 24690 24695 W ndroid.settings: userfaultfd: MOVE ioctl seems unsupported: Connection timed out
[2026-06-14T10:15:09.945Z] [ALL] 06-14 15:45:10.119  1486  2073 D WindowManager: captureDisplay
[2026-06-14T10:15:09.945Z] [ALL] 06-14 15:45:10.119  1486  2073 I SurfaceComposerClient: captureLayers:childrenOnly:1, sync:0
[2026-06-14T10:15:09.979Z] [ALL] 06-14 15:45:10.124  1149  1195 I SurfaceFlinger: Capture layer list: 	 com.safebank.ai/com.safebank.ai.MainActivity$_19655#104730(preserveDisplayColors:0)
[2026-06-14T10:15:09.980Z] [ALL] 06-14 15:45:10.124  1149  1195 I SurfaceFlinger: Capture layer list: 	 StatusBar$_2112#94(preserveDisplayColors:0)
[2026-06-14T10:15:09.980Z] [ALL] 06-14 15:45:10.124  1149  1195 I SurfaceFlinger: Capture layer list: 	 com.sec.android.app.launcher/com.samsung.app.honeyspace.edge.edgepanel.app.CocktailBarService$_2619#103972(preserveDisplayColors:0)
[2026-06-14T10:15:09.980Z] [ALL] 06-14 15:45:10.124  1149  1195 I SurfaceFlinger: Capture layer list: 	 NavigationBar0$_2112#90(preserveDisplayColors:0)
[2026-06-14T10:15:09.980Z] [ALL] 06-14 15:45:10.127  1149  1201 D SurfaceFlinger: [SEC_SF_EFFECTS] drawLayersInternal,1348, Rendering layer ScreenCaptureFillLayer at index 0
[2026-06-14T10:15:09.980Z] [ALL] 06-14 15:45:10.127  1149  1201 D SurfaceFlinger: [SEC_SF_EFFECTS] drawLayersInternal,1348, Rendering layer com.safebank.ai/com.safebank.ai.MainActivity$_19655#104730 at index 1
[2026-06-14T10:15:09.980Z] [ALL] 06-14 15:45:10.127  1149  1201 D SurfaceFlinger: [SEC_SF_EFFECTS] drawLayersInternal,1348, Rendering layer StatusBar$_2112#94 at index 2
[2026-06-14T10:15:09.980Z] [ALL] 06-14 15:45:10.127  1149  1201 D SurfaceFlinger: [SEC_SF_EFFECTS] drawLayersInternal,1348, Rendering layer com.sec.android.app.launcher/com.samsung.app.honeyspace.edge.edgepanel.app.CocktailBarService$_2619#103972 at index 3
[2026-06-14T10:15:09.980Z] [ALL] 06-14 15:45:10.127  1149  1201 D SurfaceFlinger: [SEC_SF_EFFECTS] drawLayersInternal,1348, Rendering layer NavigationBar0$_2112#90 at index 4
[2026-06-14T10:15:09.980Z] [ALL] 06-14 15:45:10.144 29340 29605 E OfficeAssetManager: getAssetFileLoc - Asset not found in APK/OBB msointlandroid.dll
[2026-06-14T10:15:09.999Z] [ALL] 06-14 15:45:10.158 19463 19503 I appium  : channel read: POST /session/ed6c8e2c-e5c1-4b65-b4bf-728310f0e26e/element
[2026-06-14T10:15:09.999Z] [ALL] 06-14 15:45:10.158 19463 19503 I appium  : FindElement command
[2026-06-14T10:15:09.999Z] [ALL] 06-14 15:45:10.159 29340 29707 I AriaNotificationsManager: Aria NotificationsListener already unregistered
[2026-06-14T10:15:09.999Z] [ALL] 06-14 15:45:10.160 19463 19503 I appium  : method: 'xpath', selector: '//*[contains(@resource-id, "otp_toggle_btn") or @content-desc="otp_toggle_btn"]'
[2026-06-14T10:15:09.999Z] [ALL] 06-14 15:45:10.160 19463 19503 I appium  : Waiting up to 10000ms for the device to idle
[2026-06-14T10:15:09.999Z] [ALL] 06-14 15:45:10.162 19463 19503 I appium  : The following attributes will be included to the page source: [resource-id, content-desc]
[2026-06-14T10:15:09.999Z] [ALL] 06-14 15:45:10.168 29340 29707 I CloudSwitcherHelper: Cloud setting not set, reading from MCS.
[2026-06-14T10:15:09.999Z] [ALL] 06-14 15:45:10.169 29340 29707 W CloudSwitcherHelper: Microsoft Cloud Switcher app not installed. Defaulting to Public cloud.
[2026-06-14T10:15:09.999Z] [ALL] 06-14 15:45:10.171 29340 29605 I MSO-UTel_MsoTelemetryService: Callback OnNativeLibraryInitializationComplete is called
[2026-06-14T10:15:10.022Z] [ALL] 06-14 15:45:10.211 27719 27724 W android.vending: Suspending all threads took: 59.774ms
[2026-06-14T10:15:10.023Z] [ALL] 06-14 15:45:10.219  1486  2073 D WindowManager: captureDisplay
[2026-06-14T10:15:10.023Z] [ALL] 06-14 15:45:10.220  1486  2073 I SurfaceComposerClient: captureLayers:childrenOnly:1, sync:0
[2026-06-14T10:15:10.041Z] [ALL] 06-14 15:45:10.224  1149  1195 I SurfaceFlinger: Capture layer list: 	 com.safebank.ai/com.safebank.ai.MainActivity$_19655#104730(preserveDisplayColors:0)
[2026-06-14T10:15:10.041Z] [ALL] 06-14 15:45:10.224  1149  1195 I SurfaceFlinger: Capture layer list: 	 StatusBar$_2112#94(preserveDisplayColors:0)
[2026-06-14T10:15:10.041Z] [ALL] 06-14 15:45:10.224  1149  1195 I SurfaceFlinger: Capture layer list: 	 com.sec.android.app.launcher/com.samsung.app.honeyspace.edge.edgepanel.app.CocktailBarService$_2619#103972(preserveDisplayColors:0)
[2026-06-14T10:15:10.041Z] [ALL] 06-14 15:45:10.224  1149  1195 I SurfaceFlinger: Capture layer list: 	 NavigationBar0$_2112#90(preserveDisplayColors:0)
[2026-06-14T10:15:10.041Z] [ALL] 06-14 15:45:10.226  1149  1201 D SurfaceFlinger: [SEC_SF_EFFECTS] drawLayersInternal,1348, Rendering layer ScreenCaptureFillLayer at index 0
[2026-06-14T10:15:10.041Z] [ALL] 06-14 15:45:10.226  1149  1201 D SurfaceFlinger: [SEC_SF_EFFECTS] drawLayersInternal,1348, Rendering layer com.safebank.ai/com.safebank.ai.MainActivity$_19655#104730 at index 1
[2026-06-14T10:15:10.041Z] [ALL] 06-14 15:45:10.226  1149  1201 D SurfaceFlinger: [SEC_SF_EFFECTS] drawLayersInternal,1348, Rendering layer StatusBar$_2112#94 at index 2
[2026-06-14T10:15:10.041Z] [ALL] 06-14 15:45:10.226  1149  1201 D SurfaceFlinger: [SEC_SF_EFFECTS] drawLayersInternal,1348, Rendering layer com.sec.android.app.launcher/com.samsung.app.honeyspace.edge.edgepanel.app.CocktailBarService$_2619#103972 at index 3
[2026-06-14T10:15:10.041Z] [ALL] 06-14 15:45:10.226  1149  1201 D SurfaceFlinger: [SEC_SF_EFFECTS] drawLayersInternal,1348, Rendering layer NavigationBar0$_2112#90 at index 4
[2026-06-14T10:15:10.049Z] [ALL] 06-14 15:45:10.238 24690 24695 I ndroid.settings: Background concurrent mark compact GC freed 12MB AllocSpace bytes, 6(120KB) LOS objects, 91% free, 2310KB/26MB, paused 696us,62.683ms total 483.770ms
[2026-06-14T10:15:10.054Z] [ALL] 06-14 15:45:10.259 29340 29605 I AugLoop_JNI_Init: JNI initialization for AugLoop completed.
[2026-06-14T10:15:10.054Z] [ALL] 06-14 15:45:10.259 29340 29605 I MsoFInitOffice: All liblets inited for app=3
[2026-06-14T10:15:10.067Z] [ALL] 06-14 15:45:10.269 27719 27724 W android.vending: userfaultfd: MOVE ioctl seems unsupported: Connection timed out
[2026-06-14T10:15:10.099Z] [ALL] 06-14 15:45:10.283 19463 19503 I appium  : Took 0ms to retrieve 0 matches for '//*[contains(@resource-id, "otp_toggle_btn") or @content-desc="otp_toggle_btn"]' XPath2 query
[2026-06-14T10:15:10.183Z] [ALL] 06-14 15:45:10.285 19463 19503 I appium  : AppiumResponse: {"sessionId":"ed6c8e2c-e5c1-4b65-b4bf-728310f0e26e","value":{"error":"no such element","message":"An element could not be located on the page using the given search parameters","stacktrace":"io.appium.uiautomator2.common.exceptions.ElementNotFoundException: An element could not be located on the page using the given search parameters\n\tat io.appium.uiautomator2.utils.ElementLocationHelpers.findElement(ElementLocationHelpers.java:153)\n\tat io.appium.uiautomator2.handler.FindElement.safeHandle(FindElement.java:60)\n\tat io.appium.uiautomator2.handler.request.SafeRequestHandler.handle(SafeRequestHandler.java:59)\n\tat io.appium.uiautomator2.server.AppiumServlet.handleRequest(AppiumServlet.java:267)\n\tat io.appium.uiautomator2.server.AppiumServlet.handleHttpRequest(AppiumServlet.java:261)\n\tat io.appium.uiautomator2.http.ServerHandler.channelRead(ServerHandler.java:77)\n\tat io.netty.channel.AbstractChannelHandlerContext.fireChannelRead(AbstractChannelHandlerContext.java:357)\n\tat io.netty.handler.codec.MessageToMessageDecoder.channelRead(MessageToMessageDecoder.java:107)\n\tat io.netty.channel.AbstractChannelHandlerContext.fireChannelRead(AbstractChannelHandlerContext.java:357)\n\tat io.netty.channel.CombinedChannelDuplexHandler$DelegatingChannelHandlerContext.fireChannelRead(CombinedChannelDuplexHandler.java:434)\n\tat io.netty.handler.codec.ByteToMessageDecoder.fireChannelRead(ByteToMessageDecoder.java:361)\n\tat io.netty.handler.codec.ByteToMessageDecoder.channelRead(ByteToMessageDecoder.java:325)\n\tat io.netty.channel.CombinedChannelDuplexHandler.channelRead(CombinedChannelDuplexHandler.java:249)\n\tat io.netty.channel.AbstractChannelHandlerContext.fireChannelRead(AbstractChannelHandlerContext.java:355)\n\tat io.netty.handler.timeout.IdleStateHandler.channelRead(IdleStateHandler.java:288)\n\tat io.netty.channel.AbstractChannelHandlerContext.fireChannelRead(AbstractChannelHandlerContext.java:355)\n\tat io.netty.channel.DefaultChannelPipeline$HeadContext.channelRead(DefaultChannelPipeline.java:1429)\n\tat io.netty.channel.DefaultChannelPipeline.fireChannelRead(DefaultChannelPipeline.java:918)\n\tat io.netty.channel.nio.AbstractNioByteChannel$NioByteUnsafe.read(AbstractNioByteChannel.java:176)\n\tat io.netty.channel.nio.AbstractNioChannel$AbstractNioUnsafe.handle(AbstractNioChannel.java:445)\n\tat io.netty.channel.nio.NioIoHandler$DefaultNioRegistration.handle(NioIoHandler.java:388)\n\tat io.netty.channel.nio.NioIoHandler.processSelectedKey(NioIoHandler.java:596)\n\tat io.netty.channel.nio.NioIoHandler.processSelectedKeysOptimized(NioIoHandler.java:571)\n\tat io.netty.channel.nio.NioIoHandler.processSelectedKeys(NioIoHandler.java:512)\n\tat io.netty.channel.nio.NioIoHandler.run(NioIoHandler.java:484)\n\tat io.netty.channel.SingleThreadIoEventLoop.runIo(SingleThreadIoEventLoop.java:225)\n\tat io.netty.channel.SingleThreadIoEventLoop.run(SingleThreadIoEventLoop.java:196)\n\tat io.netty.util.concurrent.SingleThreadEventExecutor$5.run(SingleThreadEventExecutor.java:1195)\n\tat io.netty.util.internal.ThreadExecutorMap$2.run(ThreadExecutorMap.java:74)\n\tat io.netty.util.concurrent.FastThreadLocalRunnable.run(FastThreadLocalRunnable.java:30)\n\tat java.lang.Thread.run(Thread.java:1564)\n"}}
[2026-06-14T10:15:10.183Z] [ALL] 06-14 15:45:10.291 27719 29665 I Finsky  : [2635] Already at the latest configurations for experiment package com.google.android.finsky.regular.
[2026-06-14T10:15:10.183Z] [ALL] 06-14 15:45:10.292 27719 29665 I Finsky  : [2635] Triggered update for experiment package com.google.android.finsky.regular.
[2026-06-14T10:15:10.193Z] [ALL] 06-14 15:45:10.320  1486  2073 D WindowManager: captureDisplay
[2026-06-14T10:15:10.193Z] [ALL] 06-14 15:45:10.320  1486  2073 I SurfaceComposerClient: captureLayers:childrenOnly:1, sync:0
[2026-06-14T10:15:10.193Z] [ALL] 06-14 15:45:10.326  1149  1195 I SurfaceFlinger: Capture layer list: 	 com.safebank.ai/com.safebank.ai.MainActivity$_19655#104730(preserveDisplayColors:0)
[2026-06-14T10:15:10.193Z] [ALL] 06-14 15:45:10.326  1149  1195 I SurfaceFlinger: Capture layer list: 	 StatusBar$_2112#94(preserveDisplayColors:0)
[2026-06-14T10:15:10.193Z] [ALL] 06-14 15:45:10.326  1149  1195 I SurfaceFlinger: Capture layer list: 	 com.sec.android.app.launcher/com.samsung.app.honeyspace.edge.edgepanel.app.CocktailBarService$_2619#103972(preserveDisplayColors:0)
[2026-06-14T10:15:10.193Z] [ALL] 06-14 15:45:10.326  1149  1195 I SurfaceFlinger: Capture layer list: 	 NavigationBar0$_2112#90(preserveDisplayColors:0)
[2026-06-14T10:15:10.193Z] [ALL] 06-14 15:45:10.329  1149  1201 D SurfaceFlinger: [SEC_SF_EFFECTS] drawLayersInternal,1348, Rendering layer ScreenCaptureFillLayer at index 0
[2026-06-14T10:15:10.193Z] [ALL] 06-14 15:45:10.329  1149  1201 D SurfaceFlinger: [SEC_SF_EFFECTS] drawLayersInternal,1348, Rendering layer com.safebank.ai/com.safebank.ai.MainActivity$_19655#104730 at index 1
[2026-06-14T10:15:10.193Z] [ALL] 06-14 15:45:10.329  1149  1201 D SurfaceFlinger: [SEC_SF_EFFECTS] drawLayersInternal,1348, Rendering layer StatusBar$_2112#94 at index 2
[2026-06-14T10:15:10.193Z] [ALL] 06-14 15:45:10.329  1149  1201 D SurfaceFlinger: [SEC_SF_EFFECTS] drawLayersInternal,1348, Rendering layer com.sec.android.app.launcher/com.samsung.app.honeyspace.edge.edgepanel.app.CocktailBarService$_2619#103972 at index 3
[2026-06-14T10:15:10.193Z] [ALL] 06-14 15:45:10.329  1149  1201 D SurfaceFlinger: [SEC_SF_EFFECTS] drawLayersInternal,1348, Rendering layer NavigationBar0$_2112#90 at index 4
[2026-06-14T10:15:10.193Z] [ALL] 06-14 15:45:10.334 27719 29661 I android.vending: IncrementDisableThreadFlip blocked for 21.882ms
[2026-06-14T10:15:10.215Z] [ALL] 06-14 15:45:10.407 27719 29665 I Finsky  : [2635] Already at the latest configurations for experiment package com.google.android.finsky.regular.
[2026-06-14T10:15:10.215Z] [ALL] 06-14 15:45:10.407 27719 29665 I Finsky  : [2635] Triggered update for experiment package com.google.android.finsky.regular.
[2026-06-14T10:15:10.228Z] [ALL] 06-14 15:45:10.421  1486  2073 D WindowManager: captureDisplay
[2026-06-14T10:15:10.228Z] [ALL] 06-14 15:45:10.422  1486  2073 I SurfaceComposerClient: captureLayers:childrenOnly:1, sync:0
[2026-06-14T10:15:10.234Z] [ALL] 06-14 15:45:10.430 29340 29340 I Android Stub: : void MsoEndBoot() at d:\dbs\el\omr\src\msodll\99init\startupactions_android.cpp:28
[2026-06-14T10:15:10.234Z] [ALL] 06-14 15:45:10.432  1149  1195 I SurfaceFlinger: Capture layer list: 	 com.safebank.ai/com.safebank.ai.MainActivity$_19655#104730(preserveDisplayColors:0)
[2026-06-14T10:15:10.234Z] [ALL] 06-14 15:45:10.432  1149  1195 I SurfaceFlinger: Capture layer list: 	 StatusBar$_2112#94(preserveDisplayColors:0)
[2026-06-14T10:15:10.234Z] [ALL] 06-14 15:45:10.432  1149  1195 I SurfaceFlinger: Capture layer list: 	 com.sec.android.app.launcher/com.samsung.app.honeyspace.edge.edgepanel.app.CocktailBarService$_2619#103972(preserveDisplayColors:0)
[2026-06-14T10:15:10.234Z] [ALL] 06-14 15:45:10.432  1149  1195 I SurfaceFlinger: Capture layer list: 	 NavigationBar0$_2112#90(preserveDisplayColors:0)
[2026-06-14T10:15:10.242Z] [ALL] 06-14 15:45:10.435 29340 29484 I WM-WorkerWrapper: Worker result SUCCESS for Work [ id=87c89ef9-e2c0-491f-b792-d973931bad6f, tags={ com.microsoft.office.backstage.beacon.BeaconCoroutineWorker, Microsoft.Office.Beacon.PeriodicWorker } ]
[2026-06-14T10:15:10.242Z] [ALL] 06-14 15:45:10.435  1149  1201 D SurfaceFlinger: [SEC_SF_EFFECTS] drawLayersInternal,1348, Rendering layer ScreenCaptureFillLayer at index 0
[2026-06-14T10:15:10.242Z] [ALL] 06-14 15:45:10.435  1149  1201 D SurfaceFlinger: [SEC_SF_EFFECTS] drawLayersInternal,1348, Rendering layer com.safebank.ai/com.safebank.ai.MainActivity$_19655#104730 at index 1
[2026-06-14T10:15:10.242Z] [ALL] 06-14 15:45:10.435  1149  1201 D SurfaceFlinger: [SEC_SF_EFFECTS] drawLayersInternal,1348, Rendering layer StatusBar$_2112#94 at index 2
[2026-06-14T10:15:10.242Z] [ALL] 06-14 15:45:10.435  1149  1201 D SurfaceFlinger: [SEC_SF_EFFECTS] drawLayersInternal,1348, Rendering layer com.sec.android.app.launcher/com.samsung.app.honeyspace.edge.edgepanel.app.CocktailBarService$_2619#103972 at index 3
[2026-06-14T10:15:10.242Z] [ALL] 06-14 15:45:10.435  1149  1201 D SurfaceFlinger: [SEC_SF_EFFECTS] drawLayersInternal,1348, Rendering layer NavigationBar0$_2112#90 at index 4
[2026-06-14T10:15:10.242Z] [ALL] 06-14 15:45:10.439 24744 24748 W com.samsung.SMT: userfaultfd: MOVE ioctl seems unsupported: Connection timed out
[2026-06-14T10:15:10.256Z] [ALL] 06-14 15:45:10.447  1486  4489 I ActivityManager: Changes in 10336 10 to 19, 384 to 0
[2026-06-14T10:15:10.275Z] [ALL] 06-14 15:45:10.471 24744 24748 I com.samsung.SMT: Background concurrent mark compact GC freed 12MB AllocSpace bytes, 4(80KB) LOS objects, 92% free, 1880KB/25MB, paused 578us,4.189ms total 169.925ms
[2026-06-14T10:15:10.275Z] [ALL] 06-14 15:45:10.477  1486  1741 D InetDiagMessage: Destroyed 0 sockets, proto=IPPROTO_TCP, family=AF_INET, states=14
[2026-06-14T10:15:10.275Z] [ALL] 06-14 15:45:10.477  1486  1741 D InetDiagMessage: Destroyed 0 sockets, proto=IPPROTO_TCP, family=AF_INET6, states=14
[2026-06-14T10:15:10.275Z] [ALL] 06-14 15:45:10.477  1486  1741 D InetDiagMessage: Destroyed live tcp sockets for uids={10327} in 1ms
[2026-06-14T10:15:10.275Z] [ALL] 06-14 15:45:10.478  1486  1741 D InetDiagMessage: Destroyed 0 sockets, proto=IPPROTO_TCP, family=AF_INET, states=14
[2026-06-14T10:15:10.275Z] [ALL] 06-14 15:45:10.478  1486  1741 D InetDiagMessage: Destroyed 0 sockets, proto=IPPROTO_TCP, family=AF_INET6, states=14
[2026-06-14T10:15:10.275Z] [ALL] 06-14 15:45:10.478  1486  1741 D InetDiagMessage: Destroyed live tcp sockets for uids={20327} in 1ms
[2026-06-14T10:15:10.283Z] [ALL] 06-14 15:45:10.488  1486  1881 D NetdEventListenerService: DNS Requested by 204, 10336(com.microsoft.office.word,...), SUCCESS, 44ms
[2026-06-14T10:15:10.314Z] [ALL] 06-14 15:45:10.516 29340 29439 I OneAuthLog: [OneAuth:2603:Info::00000000] [Common] [2026-06-14 10:15:10 - thread_id: 2656, correlation_id: Data associated to the given key is null or empty - Android 36]    
[2026-06-14T10:15:10.321Z] [ALL] 06-14 15:45:10.522  1486  4489 D WindowManager: captureDisplay
[2026-06-14T10:15:10.321Z] [ALL] 06-14 15:45:10.523  1486  4489 I SurfaceComposerClient: captureLayers:childrenOnly:1, sync:0
[2026-06-14T10:15:10.321Z] [ALL] 06-14 15:45:10.527  1149  1195 I SurfaceFlinger: Capture layer list: 	 com.safebank.ai/com.safebank.ai.MainActivity$_19655#104730(preserveDisplayColors:0)
[2026-06-14T10:15:10.321Z] [ALL] 06-14 15:45:10.527  1149  1195 I SurfaceFlinger: Capture layer list: 	 StatusBar$_2112#94(preserveDisplayColors:0)
[2026-06-14T10:15:10.321Z] [ALL] 06-14 15:45:10.527  1149  1195 I SurfaceFlinger: Capture layer list: 	 com.sec.android.app.launcher/com.samsung.app.honeyspace.edge.edgepanel.app.CocktailBarService$_2619#103972(preserveDisplayColors:0)
[2026-06-14T10:15:10.321Z] [ALL] 06-14 15:45:10.527  1149  1195 I SurfaceFlinger: Capture layer list: 	 NavigationBar0$_2112#90(preserveDisplayColors:0)
[2026-06-14T10:15:10.334Z] [ALL] 06-14 15:45:10.529  1149  1201 D SurfaceFlinger: [SEC_SF_EFFECTS] drawLayersInternal,1348, Rendering layer ScreenCaptureFillLayer at index 0
[2026-06-14T10:15:10.334Z] [ALL] 06-14 15:45:10.529  1149  1201 D SurfaceFlinger: [SEC_SF_EFFECTS] drawLayersInternal,1348, Rendering layer com.safebank.ai/com.safebank.ai.MainActivity$_19655#104730 at index 1
[2026-06-14T10:15:10.334Z] [ALL] 06-14 15:45:10.529  1149  1201 D SurfaceFlinger: [SEC_SF_EFFECTS] drawLayersInternal,1348, Rendering layer StatusBar$_2112#94 at index 2
[2026-06-14T10:15:10.334Z] [ALL] 06-14 15:45:10.529  1149  1201 D SurfaceFlinger: [SEC_SF_EFFECTS] drawLayersInternal,1348, Rendering layer com.sec.android.app.launcher/com.samsung.app.honeyspace.edge.edgepanel.app.CocktailBarService$_2619#103972 at index 3
[2026-06-14T10:15:10.334Z] [ALL] 06-14 15:45:10.529  1149  1201 D SurfaceFlinger: [SEC_SF_EFFECTS] drawLayersInternal,1348, Rendering layer NavigationBar0$_2112#90 at index 4
[2026-06-14T10:15:10.334Z] [ALL] 06-14 15:45:10.537 27719 29665 I Finsky  : [2635] Already at the latest configurations for experiment package com.google.android.finsky.regular.
[2026-06-14T10:15:10.345Z] [ALL] 06-14 15:45:10.550 29340 29439 I OneAuthLog: [OneAuth:2603:Info::00000000] [Common] [2026-06-14 10:15:10 - thread_id: 2656, correlation_id: UNSET - Android 36] Returning cached broker: com.microsoft.appmanager::WhUdh04ZkQLmNb//lKmohyqDdPMWXHcI0O3AvoLMtgF/smnED4r+Vguvgj6d4QG77Jl3avUKt6LeqF2TJPZVzg==   
[2026-06-14T10:15:10.345Z] [ALL] 06-14 15:45:10.551  1486  1881 D NetdEventListenerService: DNS Requested by 204, 10336(com.microsoft.office.word,...), SUCCESS, 24ms
[2026-06-14T10:15:10.347Z] [ALL] 06-14 15:45:10.552  1486  1881 D NetdEventListenerService: DNS Requested by 204, 10336(com.microsoft.office.word,...), SUCCESS, 24ms
[2026-06-14T10:15:10.352Z] [ALL] 06-14 15:45:10.552 27719 29696 W android.vending: Long monitor contention with owner BlockingExecutor #4 (29665) at java.lang.Object akpr.doInBackground(java.lang.Object[])(PG:198) waiters=0 in java.lang.Object akpr.doInBackground(java.lang.Object[]) for 535ms
[2026-06-14T10:15:10.353Z] [ALL] 06-14 15:45:10.553 27719 29696 I Finsky  : [2643] Triggered update for experiment package com.google.android.finsky.stable_new.
[2026-06-14T10:15:10.373Z] [ALL] 06-14 15:45:10.565 29340 29439 I OneAuthLog: [OneAuth:2603:Info::00000000] [Common] [2026-06-14 10:15:10 - thread_id: 2656, correlation_id: UNSET - Android 36] No valid AccountManager broker is found   
[2026-06-14T10:15:10.373Z] [ALL] 06-14 15:45:10.565 29340 29439 I OneAuthLog: [OneAuth:2603:Info::00000000] [Common] [2026-06-14 10:15:10 - thread_id: 2656, correlation_id: UNSET - Android 36] Broker Strategies added : ContentProviderStrategy, BoundServiceStrategy,    
[2026-06-14T10:15:10.373Z] [ALL] 06-14 15:45:10.566 29340 29439 I OneAuthLog: [OneAuth:2603:Info::00000000] [Common] [2026-06-14 10:15:10 - thread_id: 2656, correlation_id: 7082d647-6da7-7f43-b251-43e9a3d565ff - Android 36] Found [1] Accounts...   
[2026-06-14T10:15:10.373Z] [ALL] 06-14 15:45:10.573 29340 29439 I OneAuthLog: [OneAuth:2603:Info::00000000] [Common] [2026-06-14 10:15:10 - thread_id: 2656, correlation_id: Data associated to the given key is null or empty - Android 36]    
[2026-06-14T10:15:10.374Z] [ALL] 06-14 15:45:10.581 29340 29439 I OneAuthLog: [OneAuth:2603:Info::00000000] [Common] [2026-06-14 10:15:10 - thread_id: 2656, correlation_id: Data associated to the given key is null or empty - Android 36]    
[2026-06-14T10:15:10.393Z] [ALL] 06-14 15:45:10.595 27719 27724 I android.vending: Background concurrent mark compact GC freed 17MB AllocSpace bytes, 27(1044KB) LOS objects, 71% free, 9956KB/33MB, paused 114.606ms,16.881ms total 1.091s
[2026-06-14T10:15:10.416Z] [ALL] 06-14 15:45:10.623  1486  2073 D WindowManager: captureDisplay
[2026-06-14T10:15:10.416Z] [ALL] 06-14 15:45:10.623  1486  2073 I SurfaceComposerClient: captureLayers:childrenOnly:1, sync:0
[2026-06-14T10:15:10.426Z] [ALL] 06-14 15:45:10.627  1149  1195 I SurfaceFlinger: Capture layer list: 	 com.safebank.ai/com.safebank.ai.MainActivity$_19655#104730(preserveDisplayColors:0)
[2026-06-14T10:15:10.426Z] [ALL] 06-14 15:45:10.627  1149  1195 I SurfaceFlinger: Capture layer list: 	 StatusBar$_2112#94(preserveDisplayColors:0)
[2026-06-14T10:15:10.426Z] [ALL] 06-14 15:45:10.627  1149  1195 I SurfaceFlinger: Capture layer list: 	 com.sec.android.app.launcher/com.samsung.app.honeyspace.edge.edgepanel.app.CocktailBarService$_2619#103972(preserveDisplayColors:0)
[2026-06-14T10:15:10.426Z] [ALL] 06-14 15:45:10.627  1149  1195 I SurfaceFlinger: Capture layer list: 	 NavigationBar0$_2112#90(preserveDisplayColors:0)
[2026-06-14T10:15:10.426Z] [ALL] 06-14 15:45:10.629  1149  1201 D SurfaceFlinger: [SEC_SF_EFFECTS] drawLayersInternal,1348, Rendering layer ScreenCaptureFillLayer at index 0
[2026-06-14T10:15:10.426Z] [ALL] 06-14 15:45:10.629  1149  1201 D SurfaceFlinger: [SEC_SF_EFFECTS] drawLayersInternal,1348, Rendering layer com.safebank.ai/com.safebank.ai.MainActivity$_19655#104730 at index 1
[2026-06-14T10:15:10.426Z] [ALL] 06-14 15:45:10.629  1149  1201 D SurfaceFlinger: [SEC_SF_EFFECTS] drawLayersInternal,1348, Rendering layer StatusBar$_2112#94 at index 2
[2026-06-14T10:15:10.426Z] [ALL] 06-14 15:45:10.629  1149  1201 D SurfaceFlinger: [SEC_SF_EFFECTS] drawLayersInternal,1348, Rendering layer com.sec.android.app.launcher/com.samsung.app.honeyspace.edge.edgepanel.app.CocktailBarService$_2619#103972 at index 3
[2026-06-14T10:15:10.426Z] [ALL] 06-14 15:45:10.629  1149  1201 D SurfaceFlinger: [SEC_SF_EFFECTS] drawLayersInternal,1348, Rendering layer NavigationBar0$_2112#90 at index 4
[2026-06-14T10:15:10.458Z] [ALL] 06-14 15:45:10.665  1486  1881 D NetdEventListenerService: DNS Requested by 204, 10336(com.microsoft.office.word,...), SUCCESS, 8ms
[2026-06-14T10:15:10.471Z] [ALL] 06-14 15:45:10.677  1486  1523 I ActivityManager: Changes in 5017 10 to 15, 384 to 256
[2026-06-14T10:15:10.481Z] [ALL] 06-14 15:45:10.688 27719 29696 I Finsky  : [2643] Already at the latest configurations for experiment package com.google.android.finsky.stable_new.
[2026-06-14T10:15:10.517Z] [ALL] 06-14 15:45:10.723  1486  4341 D WindowManager: captureDisplay
[2026-06-14T10:15:10.517Z] [ALL] 06-14 15:45:10.723  1486  4341 I SurfaceComposerClient: captureLayers:childrenOnly:1, sync:0
[2026-06-14T10:15:10.524Z] [ALL] 06-14 15:45:10.728  1149  1195 I SurfaceFlinger: Capture layer list: 	 com.safebank.ai/com.safebank.ai.MainActivity$_19655#104730(preserveDisplayColors:0)
[2026-06-14T10:15:10.524Z] [ALL] 06-14 15:45:10.728  1149  1195 I SurfaceFlinger: Capture layer list: 	 StatusBar$_2112#94(preserveDisplayColors:0)
[2026-06-14T10:15:10.524Z] [ALL] 06-14 15:45:10.728  1149  1195 I SurfaceFlinger: Capture layer list: 	 com.sec.android.app.launcher/com.samsung.app.honeyspace.edge.edgepanel.app.CocktailBarService$_2619#103972(preserveDisplayColors:0)
[2026-06-14T10:15:10.524Z] [ALL] 06-14 15:45:10.728  1149  1195 I SurfaceFlinger: Capture layer list: 	 NavigationBar0$_2112#90(preserveDisplayColors:0)
[2026-06-14T10:15:10.532Z] [ALL] 06-14 15:45:10.731  1149  1201 D SurfaceFlinger: [SEC_SF_EFFECTS] drawLayersInternal,1348, Rendering layer ScreenCaptureFillLayer at index 0
[2026-06-14T10:15:10.532Z] [ALL] 06-14 15:45:10.731  1149  1201 D SurfaceFlinger: [SEC_SF_EFFECTS] drawLayersInternal,1348, Rendering layer com.safebank.ai/com.safebank.ai.MainActivity$_19655#104730 at index 1
[2026-06-14T10:15:10.532Z] [ALL] 06-14 15:45:10.731  1149  1201 D SurfaceFlinger: [SEC_SF_EFFECTS] drawLayersInternal,1348, Rendering layer StatusBar$_2112#94 at index 2
[2026-06-14T10:15:10.532Z] [ALL] 06-14 15:45:10.731  1149  1201 D SurfaceFlinger: [SEC_SF_EFFECTS] drawLayersInternal,1348, Rendering layer com.sec.android.app.launcher/com.samsung.app.honeyspace.edge.edgepanel.app.CocktailBarService$_2619#103972 at index 3
[2026-06-14T10:15:10.532Z] [ALL] 06-14 15:45:10.732  1149  1201 D SurfaceFlinger: [SEC_SF_EFFECTS] drawLayersInternal,1348, Rendering layer NavigationBar0$_2112#90 at index 4
[2026-06-14T10:15:10.577Z] [ALL] 06-14 15:45:10.772  1486  1856 D SemWifiSwitchForIndividualAppsService: isSkipNetworkCondition - result:2
[2026-06-14T10:15:10.625Z] [ALL] 06-14 15:45:10.825  1486  4341 D WindowManager: captureDisplay
[2026-06-14T10:15:10.625Z] [ALL] 06-14 15:45:10.826  1486  4341 I SurfaceComposerClient: captureLayers:childrenOnly:1, sync:0
[2026-06-14T10:15:10.630Z] [ALL] 06-14 15:45:10.831  1149  1195 I SurfaceFlinger: Capture layer list: 	 com.safebank.ai/com.safebank.ai.MainActivity$_19655#104730(preserveDisplayColors:0)
[2026-06-14T10:15:10.630Z] [ALL] 06-14 15:45:10.831  1149  1195 I SurfaceFlinger: Capture layer list: 	 StatusBar$_2112#94(preserveDisplayColors:0)
[2026-06-14T10:15:10.630Z] [ALL] 06-14 15:45:10.831  1149  1195 I SurfaceFlinger: Capture layer list: 	 com.sec.android.app.launcher/com.samsung.app.honeyspace.edge.edgepanel.app.CocktailBarService$_2619#103972(preserveDisplayColors:0)
[2026-06-14T10:15:10.630Z] [ALL] 06-14 15:45:10.831  1149  1195 I SurfaceFlinger: Capture layer list: 	 NavigationBar0$_2112#90(preserveDisplayColors:0)
[2026-06-14T10:15:10.630Z] [ALL] 06-14 15:45:10.833  1149  1201 D SurfaceFlinger: [SEC_SF_EFFECTS] drawLayersInternal,1348, Rendering layer ScreenCaptureFillLayer at index 0
[2026-06-14T10:15:10.630Z] [ALL] 06-14 15:45:10.834  1149  1201 D SurfaceFlinger: [SEC_SF_EFFECTS] drawLayersInternal,1348, Rendering layer com.safebank.ai/com.safebank.ai.MainActivity$_19655#104730 at index 1
[2026-06-14T10:15:10.632Z] [ALL] 06-14 15:45:10.834  1149  1201 D SurfaceFlinger: [SEC_SF_EFFECTS] drawLayersInternal,1348, Rendering layer StatusBar$_2112#94 at index 2
[2026-06-14T10:15:10.632Z] [ALL] 06-14 15:45:10.834  1149  1201 D SurfaceFlinger: [SEC_SF_EFFECTS] drawLayersInternal,1348, Rendering layer com.sec.android.app.launcher/com.samsung.app.honeyspace.edge.edgepanel.app.CocktailBarService$_2619#103972 at index 3
[2026-06-14T10:15:10.632Z] [ALL] 06-14 15:45:10.834  1149  1201 D SurfaceFlinger: [SEC_SF_EFFECTS] drawLayersInternal,1348, Rendering layer NavigationBar0$_2112#90 at index 4
[2026-06-14T10:15:10.692Z] [ALL] 06-14 15:45:10.899 19463 19503 I appium  : channel read: POST /session/ed6c8e2c-e5c1-4b65-b4bf-728310f0e26e/element
[2026-06-14T10:15:10.696Z] [ALL] 06-14 15:45:10.900 19463 19503 I appium  : FindElement command
[2026-06-14T10:15:10.696Z] [ALL] 06-14 15:45:10.902 19463 19503 I appium  : method: 'xpath', selector: '//*[contains(@resource-id, "otp_toggle_btn") or @content-desc="otp_toggle_btn"]'
[2026-06-14T10:15:10.696Z] [ALL] 06-14 15:45:10.902 19463 19503 I appium  : Waiting up to 10000ms for the device to idle
[2026-06-14T10:15:10.707Z] [ALL] 06-14 15:45:10.906 19463 19503 I appium  : The following attributes will be included to the page source: [resource-id, content-desc]
[2026-06-14T10:15:10.731Z] [ALL] 06-14 15:45:10.929  1486  4341 D WindowManager: captureDisplay
[2026-06-14T10:15:10.731Z] [ALL] 06-14 15:45:10.929  1486  4341 I SurfaceComposerClient: captureLayers:childrenOnly:1, sync:0
[2026-06-14T10:15:10.742Z] [ALL] 06-14 15:45:10.938  1149  1195 I SurfaceFlinger: Capture layer list: 	 com.safebank.ai/com.safebank.ai.MainActivity$_19655#104730(preserveDisplayColors:0)
[2026-06-14T10:15:10.742Z] [ALL] 06-14 15:45:10.938  1149  1195 I SurfaceFlinger: Capture layer list: 	 StatusBar$_2112#94(preserveDisplayColors:0)
[2026-06-14T10:15:10.742Z] [ALL] 06-14 15:45:10.938  1149  1195 I SurfaceFlinger: Capture layer list: 	 com.sec.android.app.launcher/com.samsung.app.honeyspace.edge.edgepanel.app.CocktailBarService$_2619#103972(preserveDisplayColors:0)
[2026-06-14T10:15:10.742Z] [ALL] 06-14 15:45:10.938  1149  1195 I SurfaceFlinger: Capture layer list: 	 NavigationBar0$_2112#90(preserveDisplayColors:0)
[2026-06-14T10:15:10.745Z] [ALL] 06-14 15:45:10.941  1149  1201 D SurfaceFlinger: [SEC_SF_EFFECTS] drawLayersInternal,1348, Rendering layer ScreenCaptureFillLayer at index 0
[2026-06-14T10:15:10.745Z] [ALL] 06-14 15:45:10.941  1149  1201 D SurfaceFlinger: [SEC_SF_EFFECTS] drawLayersInternal,1348, Rendering layer com.safebank.ai/com.safebank.ai.MainActivity$_19655#104730 at index 1
[2026-06-14T10:15:10.745Z] [ALL] 06-14 15:45:10.941  1149  1201 D SurfaceFlinger: [SEC_SF_EFFECTS] drawLayersInternal,1348, Rendering layer StatusBar$_2112#94 at index 2
[2026-06-14T10:15:10.745Z] [ALL] 06-14 15:45:10.941  1149  1201 D SurfaceFlinger: [SEC_SF_EFFECTS] drawLayersInternal,1348, Rendering layer com.sec.android.app.launcher/com.samsung.app.honeyspace.edge.edgepanel.app.CocktailBarService$_2619#103972 at index 3
[2026-06-14T10:15:10.745Z] [ALL] 06-14 15:45:10.941  1149  1201 D SurfaceFlinger: [SEC_SF_EFFECTS] drawLayersInternal,1348, Rendering layer NavigationBar0$_2112#90 at index 4
[2026-06-14T10:15:10.822Z] [ALL] 06-14 15:45:11.018  5214  5214 D BoundBrokerSvc: onRebind: Intent { act=com.google.android.gms.auth.aang.events.services.START dat=chimera-action:/... xflg=0x4 cmp=com.google.android.gms/.chimera.PersistentApiService }
[2026-06-14T10:15:10.822Z] [ALL] 06-14 15:45:11.023  1486  2183 D WindowManager: captureDisplay
[2026-06-14T10:15:10.822Z] [ALL] 06-14 15:45:11.023  1486  2183 I SurfaceComposerClient: captureLayers:childrenOnly:1, sync:0
[2026-06-14T10:15:10.822Z] [ALL] 06-14 15:45:11.027 29340 29365 W fice.powerpoint: userfaultfd: MOVE ioctl seems unsupported: Connection timed out
[2026-06-14T10:15:10.822Z] [ALL] 06-14 15:45:11.027  1149  1195 I SurfaceFlinger: Capture layer list: 	 com.safebank.ai/com.safebank.ai.MainActivity$_19655#104730(preserveDisplayColors:0)
[2026-06-14T10:15:10.822Z] [ALL] 06-14 15:45:11.027  1149  1195 I SurfaceFlinger: Capture layer list: 	 StatusBar$_2112#94(preserveDisplayColors:0)
[2026-06-14T10:15:10.822Z] [ALL] 06-14 15:45:11.027  1149  1195 I SurfaceFlinger: Capture layer list: 	 com.sec.android.app.launcher/com.samsung.app.honeyspace.edge.edgepanel.app.CocktailBarService$_2619#103972(preserveDisplayColors:0)
[2026-06-14T10:15:10.822Z] [ALL] 06-14 15:45:11.027  1149  1195 I SurfaceFlinger: Capture layer list: 	 NavigationBar0$_2112#90(preserveDisplayColors:0)
[2026-06-14T10:15:10.824Z] [ALL] 06-14 15:45:11.029  1149  1201 D SurfaceFlinger: [SEC_SF_EFFECTS] drawLayersInternal,1348, Rendering layer ScreenCaptureFillLayer at index 0
[2026-06-14T10:15:10.824Z] [ALL] 06-14 15:45:11.029  1149  1201 D SurfaceFlinger: [SEC_SF_EFFECTS] drawLayersInternal,1348, Rendering layer com.safebank.ai/com.safebank.ai.MainActivity$_19655#104730 at index 1
[2026-06-14T10:15:10.824Z] [ALL] 06-14 15:45:11.029  1149  1201 D SurfaceFlinger: [SEC_SF_EFFECTS] drawLayersInternal,1348, Rendering layer StatusBar$_2112#94 at index 2
[2026-06-14T10:15:10.824Z] [ALL] 06-14 15:45:11.029  1149  1201 D SurfaceFlinger: [SEC_SF_EFFECTS] drawLayersInternal,1348, Rendering layer com.sec.android.app.launcher/com.samsung.app.honeyspace.edge.edgepanel.app.CocktailBarService$_2619#103972 at index 3
[2026-06-14T10:15:10.824Z] [ALL] 06-14 15:45:11.030  1149  1201 D SurfaceFlinger: [SEC_SF_EFFECTS] drawLayersInternal,1348, Rendering layer NavigationBar0$_2112#90 at index 4
[2026-06-14T10:15:10.857Z] [ALL] 06-14 15:45:11.062 19463 19503 I appium  : Took 0ms to retrieve 0 matches for '//*[contains(@resource-id, "otp_toggle_btn") or @content-desc="otp_toggle_btn"]' XPath2 query
[2026-06-14T10:15:10.862Z] [ALL] 06-14 15:45:11.064 19463 19503 I appium  : AppiumResponse: {"sessionId":"ed6c8e2c-e5c1-4b65-b4bf-728310f0e26e","value":{"error":"no such element","message":"An element could not be located on the page using the given search parameters","stacktrace":"io.appium.uiautomator2.common.exceptions.ElementNotFoundException: An element could not be located on the page using the given search parameters\n\tat io.appium.uiautomator2.utils.ElementLocationHelpers.findElement(ElementLocationHelpers.java:153)\n\tat io.appium.uiautomator2.handler.FindElement.safeHandle(FindElement.java:60)\n\tat io.appium.uiautomator2.handler.request.SafeRequestHandler.handle(SafeRequestHandler.java:59)\n\tat io.appium.uiautomator2.server.AppiumServlet.handleRequest(AppiumServlet.java:267)\n\tat io.appium.uiautomator2.server.AppiumServlet.handleHttpRequest(AppiumServlet.java:261)\n\tat io.appium.uiautomator2.http.ServerHandler.channelRead(ServerHandler.java:77)\n\tat io.netty.channel.AbstractChannelHandlerContext.fireChannelRead(AbstractChannelHandlerContext.java:357)\n\tat io.netty.handler.codec.MessageToMessageDecoder.channelRead(MessageToMessageDecoder.java:107)\n\tat io.netty.channel.AbstractChannelHandlerContext.fireChannelRead(AbstractChannelHandlerContext.java:357)\n\tat io.netty.channel.CombinedChannelDuplexHandler$DelegatingChannelHandlerContext.fireChannelRead(CombinedChannelDuplexHandler.java:434)\n\tat io.netty.handler.codec.ByteToMessageDecoder.fireChannelRead(ByteToMessageDecoder.java:361)\n\tat io.netty.handler.codec.ByteToMessageDecoder.channelRead(ByteToMessageDecoder.java:325)\n\tat io.netty.channel.CombinedChannelDuplexHandler.channelRead(CombinedChannelDuplexHandler.java:249)\n\tat io.netty.channel.AbstractChannelHandlerContext.fireChannelRead(AbstractChannelHandlerContext.java:355)\n\tat io.netty.handler.timeout.IdleStateHandler.channelRead(IdleStateHandler.java:288)\n\tat io.netty.channel.AbstractChannelHandlerContext.fireChannelRead(AbstractChannelHandlerContext.java:355)\n\tat io.netty.channel.DefaultChannelPipeline$HeadContext.channelRead(DefaultChannelPipeline.java:1429)\n\tat io.netty.channel.DefaultChannelPipeline.fireChannelRead(DefaultChannelPipeline.java:918)\n\tat io.netty.channel.nio.AbstractNioByteChannel$NioByteUnsafe.read(AbstractNioByteChannel.java:176)\n\tat io.netty.channel.nio.AbstractNioChannel$AbstractNioUnsafe.handle(AbstractNioChannel.java:445)\n\tat io.netty.channel.nio.NioIoHandler$DefaultNioRegistration.handle(NioIoHandler.java:388)\n\tat io.netty.channel.nio.NioIoHandler.processSelectedKey(NioIoHandler.java:596)\n\tat io.netty.channel.nio.NioIoHandler.processSelectedKeysOptimized(NioIoHandler.java:571)\n\tat io.netty.channel.nio.NioIoHandler.processSelectedKeys(NioIoHandler.java:512)\n\tat io.netty.channel.nio.NioIoHandler.run(NioIoHandler.java:484)\n\tat io.netty.channel.SingleThreadIoEventLoop.runIo(SingleThreadIoEventLoop.java:225)\n\tat io.netty.channel.SingleThreadIoEventLoop.run(SingleThreadIoEventLoop.java:196)\n\tat io.netty.util.concurrent.SingleThreadEventExecutor$5.run(SingleThreadEventExecutor.java:1195)\n\tat io.netty.util.internal.ThreadExecutorMap$2.run(ThreadExecutorMap.java:74)\n\tat io.netty.util.concurrent.FastThreadLocalRunnable.run(FastThreadLocalRunnable.java:30)\n\tat java.lang.Thread.run(Thread.java:1564)\n"}}
[2026-06-14T10:15:10.920Z] [ALL] 06-14 15:45:11.124  1486  2183 D WindowManager: captureDisplay
[2026-06-14T10:15:10.920Z] [ALL] 06-14 15:45:11.125  1486  2183 I SurfaceComposerClient: captureLayers:childrenOnly:1, sync:0
[2026-06-14T10:15:10.928Z] [ALL] 06-14 15:45:11.130  1149  1195 I SurfaceFlinger: Capture layer list: 	 com.safebank.ai/com.safebank.ai.MainActivity$_19655#104730(preserveDisplayColors:0)
[2026-06-14T10:15:10.928Z] [ALL] 06-14 15:45:11.130  1149  1195 I SurfaceFlinger: Capture layer list: 	 StatusBar$_2112#94(preserveDisplayColors:0)
[2026-06-14T10:15:10.928Z] [ALL] 06-14 15:45:11.130  1149  1195 I SurfaceFlinger: Capture layer list: 	 com.sec.android.app.launcher/com.samsung.app.honeyspace.edge.edgepanel.app.CocktailBarService$_2619#103972(preserveDisplayColors:0)
[2026-06-14T10:15:10.928Z] [ALL] 06-14 15:45:11.130  1149  1195 I SurfaceFlinger: Capture layer list: 	 NavigationBar0$_2112#90(preserveDisplayColors:0)
[2026-06-14T10:15:10.928Z] [ALL] 06-14 15:45:11.132  1149  1201 D SurfaceFlinger: [SEC_SF_EFFECTS] drawLayersInternal,1348, Rendering layer ScreenCaptureFillLayer at index 0
[2026-06-14T10:15:10.928Z] [ALL] 06-14 15:45:11.132  1149  1201 D SurfaceFlinger: [SEC_SF_EFFECTS] drawLayersInternal,1348, Rendering layer com.safebank.ai/com.safebank.ai.MainActivity$_19655#104730 at index 1
[2026-06-14T10:15:10.928Z] [ALL] 06-14 15:45:11.132  1149  1201 D SurfaceFlinger: [SEC_SF_EFFECTS] drawLayersInternal,1348, Rendering layer StatusBar$_2112#94 at index 2
[2026-06-14T10:15:10.928Z] [ALL] 06-14 15:45:11.132  1149  1201 D SurfaceFlinger: [SEC_SF_EFFECTS] drawLayersInternal,1348, Rendering layer com.sec.android.app.launcher/com.samsung.app.honeyspace.edge.edgepanel.app.CocktailBarService$_2619#103972 at index 3
[2026-06-14T10:15:10.928Z] [ALL] 06-14 15:45:11.132  1149  1201 D SurfaceFlinger: [SEC_SF_EFFECTS] drawLayersInternal,1348, Rendering layer NavigationBar0$_2112#90 at index 4
[2026-06-14T10:15:10.986Z] [ALL] 06-14 15:45:11.188   747   747 D io_stats: !@   8,0 r 80541240 1588781253 w 12769982 208946064 d 4237890 260166072 f 0 1114362 iot 28910088 0 th 0 0 0 pt 0 inp 0 0 182922.496
[2026-06-14T10:15:10.996Z] [ALL] 06-14 15:45:11.192  1486  1881 D NetdEventListenerService: DNS Requested by 204, 10263(com.android.vending), SUCCESS, 4ms
[2026-06-14T10:15:11.011Z] [ALL] 06-14 15:45:11.206 29340 29439 I OneAuthLog: [OneAuth:2603:Info::00000000] [Common] [2026-06-14 10:15:11 - thread_id: 2656, correlation_id: Data associated to the given key is null or empty - Android 36]    
[2026-06-14T10:15:11.019Z] [ALL] 06-14 15:45:11.224  1486  2183 D WindowManager: captureDisplay
[2026-06-14T10:15:11.019Z] [ALL] 06-14 15:45:11.224  1486  2183 I SurfaceComposerClient: captureLayers:childrenOnly:1, sync:0
[2026-06-14T10:15:11.027Z] [ALL] 06-14 15:45:11.232  1149  1195 I SurfaceFlinger: Capture layer list: 	 com.safebank.ai/com.safebank.ai.MainActivity$_19655#104730(preserveDisplayColors:0)
[2026-06-14T10:15:11.027Z] [ALL] 06-14 15:45:11.232  1149  1195 I SurfaceFlinger: Capture layer list: 	 StatusBar$_2112#94(preserveDisplayColors:0)
[2026-06-14T10:15:11.027Z] [ALL] 06-14 15:45:11.232  1149  1195 I SurfaceFlinger: Capture layer list: 	 com.sec.android.app.launcher/com.samsung.app.honeyspace.edge.edgepanel.app.CocktailBarService$_2619#103972(preserveDisplayColors:0)
[2026-06-14T10:15:11.027Z] [ALL] 06-14 15:45:11.232  1149  1195 I SurfaceFlinger: Capture layer list: 	 NavigationBar0$_2112#90(preserveDisplayColors:0)
[2026-06-14T10:15:11.033Z] [ALL] 06-14 15:45:11.234  1149  1201 D SurfaceFlinger: [SEC_SF_EFFECTS] drawLayersInternal,1348, Rendering layer ScreenCaptureFillLayer at index 0
[2026-06-14T10:15:11.033Z] [ALL] 06-14 15:45:11.234  1149  1201 D SurfaceFlinger: [SEC_SF_EFFECTS] drawLayersInternal,1348, Rendering layer com.safebank.ai/com.safebank.ai.MainActivity$_19655#104730 at index 1
[2026-06-14T10:15:11.033Z] [ALL] 06-14 15:45:11.234  1149  1201 D SurfaceFlinger: [SEC_SF_EFFECTS] drawLayersInternal,1348, Rendering layer StatusBar$_2112#94 at index 2
[2026-06-14T10:15:11.033Z] [ALL] 06-14 15:45:11.234  1149  1201 D SurfaceFlinger: [SEC_SF_EFFECTS] drawLayersInternal,1348, Rendering layer com.sec.android.app.launcher/com.samsung.app.honeyspace.edge.edgepanel.app.CocktailBarService$_2619#103972 at index 3
[2026-06-14T10:15:11.033Z] [ALL] 06-14 15:45:11.235  1149  1201 D SurfaceFlinger: [SEC_SF_EFFECTS] drawLayersInternal,1348, Rendering layer NavigationBar0$_2112#90 at index 4
[2026-06-14T10:15:11.053Z] [ALL] 06-14 15:45:11.258  1486  1741 D InetDiagMessage: Destroyed 0 sockets, proto=IPPROTO_TCP, family=AF_INET, states=14
[2026-06-14T10:15:11.055Z] [ALL] 06-14 15:45:11.259  1486  1741 D InetDiagMessage: Destroyed 0 sockets, proto=IPPROTO_TCP, family=AF_INET6, states=14
[2026-06-14T10:15:11.055Z] [ALL] 06-14 15:45:11.259  1486  1741 D InetDiagMessage: Destroyed live tcp sockets for uids={10364} in 3ms
[2026-06-14T10:15:11.055Z] [ALL] 06-14 15:45:11.260  1486  1741 D InetDiagMessage: Destroyed 0 sockets, proto=IPPROTO_TCP, family=AF_INET, states=14
[2026-06-14T10:15:11.059Z] [ALL] 06-14 15:45:11.262  1486  1741 D InetDiagMessage: Destroyed 0 sockets, proto=IPPROTO_TCP, family=AF_INET6, states=14
[2026-06-14T10:15:11.059Z] [ALL] 06-14 15:45:11.262  1486  1741 D InetDiagMessage: Destroyed live tcp sockets for uids={20364} in 3ms
[2026-06-14T10:15:11.068Z] [ALL] 06-14 15:45:11.270  1486  1881 D NetdEventListenerService: DNS Requested by 204, 10336(com.microsoft.office.word,...), SUCCESS, 21ms
[2026-06-14T10:15:11.131Z] [ALL] 06-14 15:45:11.334   765   765 W keymint_tee: [WRN]begin req PARAMS: A32, BM32, PD1, 
[2026-06-14T10:15:11.135Z] [ALL] 06-14 15:45:11.337  1486  1655 D ActivityManager: Received BROADCAST intent 0xb8519d4 Key{broadcastIntent pkg=com.google.android.gms/com.google.android.gms.scheduler intent=act=com.google.android.gms.gcm.ACTION_CHECK_QUEUE xflg=0x4 pkg=com.google.android.gms cmp=com.google.android.gms/.gcm.nts.SchedulerInternalReceiver flags=0x2000000 u=0} requestCode=0 sent=0 from uid 1000
[2026-06-14T10:15:11.135Z] [ALL] 06-14 15:45:11.340   765   765 D android.hardware.security.keymint-service: begin: ret 0
[2026-06-14T10:15:11.135Z] [ALL] 06-14 15:45:11.340  1486  2183 D WindowManager: captureDisplay
[2026-06-14T10:15:11.137Z] [ALL] 06-14 15:45:11.340  1486  2183 I SurfaceComposerClient: captureLayers:childrenOnly:1, sync:0
[2026-06-14T10:15:11.143Z] [ALL] 06-14 15:45:11.345  1149  1195 I SurfaceFlinger: Capture layer list: 	 com.safebank.ai/com.safebank.ai.MainActivity$_19655#104730(preserveDisplayColors:0)
[2026-06-14T10:15:11.143Z] [ALL] 06-14 15:45:11.345  1149  1195 I SurfaceFlinger: Capture layer list: 	 StatusBar$_2112#94(preserveDisplayColors:0)
[2026-06-14T10:15:11.143Z] [ALL] 06-14 15:45:11.345  1149  1195 I SurfaceFlinger: Capture layer list: 	 com.sec.android.app.launcher/com.samsung.app.honeyspace.edge.edgepanel.app.CocktailBarService$_2619#103972(preserveDisplayColors:0)
[2026-06-14T10:15:11.143Z] [ALL] 06-14 15:45:11.345  1149  1195 I SurfaceFlinger: Capture layer list: 	 NavigationBar0$_2112#90(preserveDisplayColors:0)
[2026-06-14T10:15:11.147Z] [ALL] 06-14 15:45:11.347  1149  1201 D SurfaceFlinger: [SEC_SF_EFFECTS] drawLayersInternal,1348, Rendering layer ScreenCaptureFillLayer at index 0
[2026-06-14T10:15:11.147Z] [ALL] 06-14 15:45:11.347  1149  1201 D SurfaceFlinger: [SEC_SF_EFFECTS] drawLayersInternal,1348, Rendering layer com.safebank.ai/com.safebank.ai.MainActivity$_19655#104730 at index 1
[2026-06-14T10:15:11.147Z] [ALL] 06-14 15:45:11.348  1149  1201 D SurfaceFlinger: [SEC_SF_EFFECTS] drawLayersInternal,1348, Rendering layer StatusBar$_2112#94 at index 2
[2026-06-14T10:15:11.147Z] [ALL] 06-14 15:45:11.348  1149  1201 D SurfaceFlinger: [SEC_SF_EFFECTS] drawLayersInternal,1348, Rendering layer com.sec.android.app.launcher/com.samsung.app.honeyspace.edge.edgepanel.app.CocktailBarService$_2619#103972 at index 3
[2026-06-14T10:15:11.147Z] [ALL] 06-14 15:45:11.348  1149  1201 D SurfaceFlinger: [SEC_SF_EFFECTS] drawLayersInternal,1348, Rendering layer NavigationBar0$_2112#90 at index 4
[2026-06-14T10:15:11.147Z] [ALL] 06-14 15:45:11.349   764 25671 I keystore2: system/security/keystore2/src/security_level.rs:493 - In create_operation. Success to create IKeystoreOperation. AppUid(10262), None, TEE
[2026-06-14T10:15:11.153Z] [ALL] 06-14 15:45:11.358   765   765 D android.hardware.security.keymint-service: update: ret 0
[2026-06-14T10:15:11.161Z] [ALL] 06-14 15:45:11.363   765   765 D android.hardware.security.keymint-service: finish: ret 0
[2026-06-14T10:15:11.161Z] [ALL] 06-14 15:45:11.366  1486  1556 D PowerManagerService: abuse wakelock package : io.appium.uiautomator2.server
[2026-06-14T10:15:11.161Z] [ALL] 06-14 15:45:11.367  1486  1556 D EdgeLightingManager: hideForWakeLock is no more used
[2026-06-14T10:15:11.165Z] [ALL] 06-14 15:45:11.368  1486  2183 D PowerManagerService: UserActivityState : 1 -> 2 groupId=0
[2026-06-14T10:15:11.165Z] [ALL] 06-14 15:45:11.368  1486  2183 D PowerManagerService: displayReady: false groupId=0
[2026-06-14T10:15:11.165Z] [ALL] 06-14 15:45:11.370  1486  1556 D DisplayPowerController[0]: animateScreenStateChange: target=ON, mIsEnabled=true
[2026-06-14T10:15:11.170Z] [ALL] 06-14 15:45:11.372  1486  1486 I MdnieScenarioControlService: action  :  com.samsung.server.PowerManagerService.action.USER_ACTIVITY
[2026-06-14T10:15:11.170Z] [ALL] 06-14 15:45:11.373   765   765 W keymint_tee: [WRN]begin req PARAMS: A32, BM32, PD1, 
[2026-06-14T10:15:11.177Z] [ALL] 06-14 15:45:11.375   765   765 D android.hardware.security.keymint-service: begin: ret 0
[2026-06-14T10:15:11.177Z] [ALL] 06-14 15:45:11.375   764 25671 I keystore2: system/security/keystore2/src/security_level.rs:493 - In create_operation. Success to create IKeystoreOperation. AppUid(10262), None, TEE
[2026-06-14T10:15:11.177Z] [ALL] 06-14 15:45:11.376  1486  1556 W DisplayPowerController[0]: Animating brightness: target=12(0.05), rate=0.706, reason=manual[31] -> dim[12]
[2026-06-14T10:15:11.177Z] [ALL] 06-14 15:45:11.377  1486  1556 D DisplayManagerService: handleBrightnessAnimation: started=true
[2026-06-14T10:15:11.177Z] [ALL] 06-14 15:45:11.377  1149  1280 I SurfaceFlinger: Current= 60, Period= 60, hwcPeriod= 60
[2026-06-14T10:15:11.179Z] [ALL] 06-14 15:45:11.381  1486  1556 D RefreshRateTokenController: Adding refreshRateToken={ RefreshRateToken[->PassiveModeToken:BrightnessAnim, acquire at 182922685 (1 ms ago)},
[2026-06-14T10:15:11.179Z] [ALL] 06-14 15:45:11.381  1486  1556 D RefreshRateTokenController:     caller=com.android.server.display.mode.RefreshRateController.createPassiveModeToken:33 com.android.server.display.DisplayManagerService$$ExternalSyntheticLambda0.accept:387 com.android.server.display.DisplayPowerController.animateScreenBrightness:256 com.android.server.display.DisplayPowerController.updatePowerStateInternal:2570 com.android.server.display.DisplayPowerController.updatePowerState:9 
[2026-06-14T10:15:11.179Z] [ALL] 06-14 15:45:11.383  1486  1556 D DisplayPowerController[0]: saveBrightnessInfo: brt:0.12085039 adjBrt:0.047058824 min:0.0 max:1.0 hbm:0 tp:1.0 throttler:0 isAnimating:true
[2026-06-14T10:15:11.179Z] [ALL] 06-14 15:45:11.383  1486  1556 V DisplayPowerController[0]: Brightness [0.047058824] reason changing to: 'manual [ dim ]', previous reason: 'manual'.
[2026-06-14T10:15:11.179Z] [ALL] 06-14 15:45:11.383  1486  1556 I DisplayPowerController[0]: BrightnessEvent: brt=0.047058824(38.0%), nits=11.368, lux=-1.0, reason=manual [ dim ], strat=FallbackBrightnessStrategy, state=ON, stateReason=KEY, policy=DIM, flags=, initBrt=0.12085039, rcmdBrt=NaN, preBrt=NaN, preLux=0.0, wasShortTermModelActive=false, autoBrightness=false (default), unclampedBrt=0.12085039, hbmMax=1.0, hbmMode=off, thrmMax=1.0, rbcStrength=-1, powerFactor=1.0, physDisp=Built-in Screen(local:4633128672291736000), logicalId=0, slowChange=false, rampSpeed=0.7058823
[2026-06-14T10:15:11.179Z] [ALL] 06-14 15:45:11.385  1486  1517 D BrightnessSynchronizer: onDisplayChanged() : displayId=0
[2026-06-14T10:15:11.179Z] [ALL] 06-14 15:45:11.385  1486  1556 D PowerManagerService: displayReady: true groupId=0
[2026-06-14T10:15:11.182Z] [ALL] 06-14 15:45:11.385   765   765 D android.hardware.security.keymint-service: update: ret 0
[2026-06-14T10:15:11.182Z] [ALL] 06-14 15:45:11.386  1486  1517 D BrightnessSynchronizer: updateScreenBrightness: displayId=0 type=2 mPreferredSettingValue=0.12085039(31) currentBrightnessInt=31 currentBrightnessIntFromFloat=31(0.12085039)
[2026-06-14T10:15:11.190Z] [ALL] 06-14 15:45:11.390   765   765 D android.hardware.security.keymint-service: finish: ret 0
[2026-06-14T10:15:11.190Z] [ALL] 06-14 15:45:11.392  1486  1880 D HdrSolution_HdrDisplayNitMapper: updataTargetNit--------------mLightSensorData: 111.0, scaleRatio: 6.35, target: 31.502->200
[2026-06-14T10:15:11.190Z] [ALL] 06-14 15:45:11.393  1486  1880 D BrightnessHandler: inject brightness = 29.0, Brightness: 0.11213563
[2026-06-14T10:15:11.190Z] [ALL] 06-14 15:45:11.394  1067  1067 I SensorsHub: LightSensor::injectSensorData: brightness 29
[2026-06-14T10:15:11.190Z] [ALL] 06-14 15:45:11.394  1486  1880 D BrightnessHandler: inject brightness = 29.0, Brightness: 0.11213563
[2026-06-14T10:15:11.191Z] [ALL] 06-14 15:45:11.394  1067  1067 I SensorsHub: LightSensor::injectSensorData: brightness 29
[2026-06-14T10:15:11.191Z] [ALL] 06-14 15:45:11.395  1486  1880 D LocalDisplayAdapter: surface lcd : 29(0.057), 29(0.057), main +
[2026-06-14T10:15:11.195Z] [ALL] 06-14 15:45:11.396  2112  2112 D SecBrightnessController: updateSlider() - BrightnessDialog resetTimer()
[2026-06-14T10:15:11.197Z] [ALL] 06-14 15:45:11.402  1486  1523 W ActivityManager: Rescheduling restart of crashed service com.samsung.android.mtp/.MtpService in 15216909ms for mem-pressure-event
[2026-06-14T10:15:11.203Z] [ALL] 06-14 15:45:11.406   765   765 W keymint_tee: [WRN]begin req PARAMS: A32, BM32, PD1, 
[2026-06-14T10:15:11.203Z] [ALL] 06-14 15:45:11.407  1062 15192 I display : HWC brightness (0.056848, 29)
[2026-06-14T10:15:11.203Z] [ALL] 06-14 15:45:11.407   765   765 D android.hardware.security.keymint-service: begin: ret 0
[2026-06-14T10:15:11.206Z] [ALL] 06-14 15:45:11.408  1486  1880 D LocalDisplayAdapter: surface lcd : 29(0.057), 29(0.057), main -
[2026-06-14T10:15:11.206Z] [ALL] 06-14 15:45:11.408   764 25671 I keystore2: system/security/keystore2/src/security_level.rs:493 - In create_operation. Success to create IKeystoreOperation. AppUid(10262), None, TEE
[2026-06-14T10:15:11.206Z] [ALL] 06-14 15:45:11.409  1486  1880 D HdrSolution_HdrDisplayNitMapper: updataTargetNit--------------mLightSensorData: 111.0, scaleRatio: 7.25, target: 27.597->200
[2026-06-14T10:15:11.206Z] [ALL] 06-14 15:45:11.409  1486  1880 D BrightnessHandler: inject brightness = 26.0, Brightness: 0.10029143
[2026-06-14T10:15:11.288Z] [ALL] 06-14 15:45:11.410  1067  1067 I SensorsHub: LightSensor::injectSensorData: brightness 26
[2026-06-14T10:15:11.288Z] [ALL] 06-14 15:45:11.410   765   765 D android.hardware.security.keymint-service: update: ret 0
[2026-06-14T10:15:11.288Z] [ALL] 06-14 15:45:11.410  1486  1880 D BrightnessHandler: inject brightness = 26.0, Brightness: 0.10029143
[2026-06-14T10:15:11.288Z] [ALL] 06-14 15:45:11.411  1067  1067 I SensorsHub: LightSensor::injectSensorData: brightness 26
[2026-06-14T10:15:11.288Z] [ALL] 06-14 15:45:11.411  1486  1880 D LocalDisplayAdapter: surface lcd : 26(0.051), 26(0.051), main +
[2026-06-14T10:15:11.288Z] [ALL] 06-14 15:45:11.417   765   765 D android.hardware.security.keymint-service: finish: ret 0
[2026-06-14T10:15:11.288Z] [ALL] 06-14 15:45:11.419  1062 15192 I display : HWC brightness (0.050844, 26)
[2026-06-14T10:15:11.288Z] [ALL] 06-14 15:45:11.419  1486  1880 D LocalDisplayAdapter: surface lcd : 26(0.051), 26(0.051), main -
[2026-06-14T10:15:11.288Z] [ALL] 06-14 15:45:11.424  1486  4341 D WindowManager: captureDisplay
[2026-06-14T10:15:11.288Z] [ALL] 06-14 15:45:11.425  1486  4341 I SurfaceComposerClient: captureLayers:childrenOnly:1, sync:0
[2026-06-14T10:15:11.288Z] [ALL] 06-14 15:45:11.428  1149  1661 I SurfaceFlinger: Capture layer list: 	 com.safebank.ai/com.safebank.ai.MainActivity$_19655#104730(preserveDisplayColors:0)
[2026-06-14T10:15:11.288Z] [ALL] 06-14 15:45:11.428  1149  1661 I SurfaceFlinger: Capture layer list: 	 StatusBar$_2112#94(preserveDisplayColors:0)
[2026-06-14T10:15:11.289Z] [ALL] 06-14 15:45:11.428  1149  1661 I SurfaceFlinger: Capture layer list: 	 com.sec.android.app.launcher/com.samsung.app.honeyspace.edge.edgepanel.app.CocktailBarService$_2619#103972(preserveDisplayColors:0)
[2026-06-14T10:15:11.289Z] [ALL] 06-14 15:45:11.428  1149  1661 I SurfaceFlinger: Capture layer list: 	 NavigationBar0$_2112#90(preserveDisplayColors:0)
[2026-06-14T10:15:11.289Z] [ALL] 06-14 15:45:11.429  1486  1880 D HdrSolution_HdrDisplayNitMapper: updataTargetNit--------------mLightSensorData: 111.0, scaleRatio: 8.39, target: 23.826->200
[2026-06-14T10:15:11.289Z] [ALL] 06-14 15:45:11.430  1149  1201 D SurfaceFlinger: [SEC_SF_EFFECTS] drawLayersInternal,1348, Rendering layer ScreenCaptureFillLayer at index 0
[2026-06-14T10:15:11.289Z] [ALL] 06-14 15:45:11.430  1149  1201 D SurfaceFlinger: [SEC_SF_EFFECTS] drawLayersInternal,1348, Rendering layer com.safebank.ai/com.safebank.ai.MainActivity$_19655#104730 at index 1
[2026-06-14T10:15:11.289Z] [ALL] 06-14 15:45:11.430  1149  1201 D SurfaceFlinger: [SEC_SF_EFFECTS] drawLayersInternal,1348, Rendering layer StatusBar$_2112#94 at index 2
[2026-06-14T10:15:11.289Z] [ALL] 06-14 15:45:11.430  1149  1201 D SurfaceFlinger: [SEC_SF_EFFECTS] drawLayersInternal,1348, Rendering layer com.sec.android.app.launcher/com.samsung.app.honeyspace.edge.edgepanel.app.CocktailBarService$_2619#103972 at index 3
[2026-06-14T10:15:11.289Z] [ALL] 06-14 15:45:11.430  1149  1201 D SurfaceFlinger: [SEC_SF_EFFECTS] drawLayersInternal,1348, Rendering layer NavigationBar0$_2112#90 at index 4
[2026-06-14T10:15:11.289Z] [ALL] 06-14 15:45:11.431  1486  1880 D BrightnessHandler: inject brightness = 23.0, Brightness: 0.088526726
[2026-06-14T10:15:11.289Z] [ALL] 06-14 15:45:11.432  1067  1067 I SensorsHub: LightSensor::injectSensorData: brightness 23
[2026-06-14T10:15:11.289Z] [ALL] 06-14 15:45:11.433  1486  1880 D BrightnessHandler: inject brightness = 23.0, Brightness: 0.088526726
[2026-06-14T10:15:11.289Z] [ALL] 06-14 15:45:11.433  1067  1067 I SensorsHub: LightSensor::injectSensorData: brightness 23
[2026-06-14T10:15:11.289Z] [ALL] 06-14 15:45:11.434  1486  1880 D LocalDisplayAdapter: surface lcd : 23(0.045), 23(0.045), main +
[2026-06-14T10:15:11.289Z] [ALL] 06-14 15:45:11.441  1062 15192 I display : HWC brightness (0.044879, 23)
[2026-06-14T10:15:11.289Z] [ALL] 06-14 15:45:11.442  1486  1880 D LocalDisplayAdapter: surface lcd : 23(0.045), 23(0.045), main -
[2026-06-14T10:15:11.289Z] [ALL] 06-14 15:45:11.443  1486  1880 D HdrSolution_HdrDisplayNitMapper: updataTargetNit--------------mLightSensorData: 111.0, scaleRatio: 9.9, target: 20.2->200
[2026-06-14T10:15:11.289Z] [ALL] 06-14 15:45:11.445  1486  1880 D BrightnessHandler: inject brightness = 20.0, Brightness: 0.07675261
[2026-06-14T10:15:11.289Z] [ALL] 06-14 15:45:11.445  1067  1067 I SensorsHub: LightSensor::injectSensorData: brightness 20
[2026-06-14T10:15:11.289Z] [ALL] 06-14 15:45:11.445  1486  1880 D BrightnessHandler: inject brightness = 20.0, Brightness: 0.07675261
[2026-06-14T10:15:11.289Z] [ALL] 06-14 15:45:11.446  1067  1067 I SensorsHub: LightSensor::injectSensorData: brightness 20
[2026-06-14T10:15:11.289Z] [ALL] 06-14 15:45:11.446  1486  1880 D LocalDisplayAdapter: surface lcd : 20(0.039), 20(0.039), main +
[2026-06-14T10:15:11.289Z] [ALL] 06-14 15:45:11.454  1062 15192 I display : HWC brightness (0.038910, 20)
[2026-06-14T10:15:11.289Z] [ALL] 06-14 15:45:11.454  1486  1880 D LocalDisplayAdapter: surface lcd : 20(0.039), 20(0.039), main -
[2026-06-14T10:15:11.289Z] [ALL] 06-14 15:45:11.457  1486  1880 D HdrSolution_HdrDisplayNitMapper: updataTargetNit--------------mLightSensorData: 111.0, scaleRatio: 11.95, target: 16.734->200
[2026-06-14T10:15:11.289Z] [ALL] 06-14 15:45:11.458  1486  1880 D BrightnessHandler: inject brightness = 17.0, Brightness: 0.064987905
[2026-06-14T10:15:11.289Z] [ALL] 06-14 15:45:11.458  1067  1067 I SensorsHub: LightSensor::injectSensorData: brightness 17
[2026-06-14T10:15:11.289Z] [ALL] 06-14 15:45:11.459  1486  1880 D BrightnessHandler: inject brightness = 17.0, Brightness: 0.064987905
[2026-06-14T10:15:11.289Z] [ALL] 06-14 15:45:11.459  1067  1067 I SensorsHub: LightSensor::injectSensorData: brightness 17
[2026-06-14T10:15:11.289Z] [ALL] 06-14 15:45:11.459  1486  1880 D LocalDisplayAdapter: surface lcd : 17(0.033), 17(0.033), main +
[2026-06-14T10:15:11.289Z] [ALL] 06-14 15:45:11.467  1062 15192 I display : HWC brightness (0.032946, 17)
[2026-06-14T10:15:11.289Z] [ALL] 06-14 15:45:11.467  1486  1880 D LocalDisplayAdapter: surface lcd : 17(0.033), 17(0.033), main -
[2026-06-14T10:15:11.289Z] [ALL] 06-14 15:45:11.475  1486  1880 D HdrSolution_HdrDisplayNitMapper: updataTargetNit--------------mLightSensorData: 111.0, scaleRatio: 14.87, target: 13.447->200
[2026-06-14T10:15:11.289Z] [ALL] 06-14 15:45:11.476  1486  1880 D BrightnessHandler: inject brightness = 14.0, Brightness: 0.0532232
[2026-06-14T10:15:11.289Z] [ALL] 06-14 15:45:11.477  1067  1067 I SensorsHub: LightSensor::injectSensorData: brightness 14
[2026-06-14T10:15:11.289Z] [ALL] 06-14 15:45:11.477  1486  1880 D BrightnessHandler: inject brightness = 14.0, Brightness: 0.0532232
[2026-06-14T10:15:11.289Z] [ALL] 06-14 15:45:11.478  1067  1067 I SensorsHub: LightSensor::injectSensorData: brightness 14
[2026-06-14T10:15:11.289Z] [ALL] 06-14 15:45:11.478  1486  1880 D LocalDisplayAdapter: surface lcd : 14(0.027), 14(0.027), main +
[2026-06-14T10:15:11.289Z] [ALL] 06-14 15:45:11.486  1062 15192 I display : HWC brightness (0.026982, 14)
[2026-06-14T10:15:11.289Z] [ALL] 06-14 15:45:11.486  1486  1880 D LocalDisplayAdapter: surface lcd : 14(0.027), 14(0.027), main -
[2026-06-14T10:15:11.309Z] [ALL] 06-14 15:45:11.489  1486  1556 D DisplayPowerController[0]: animateScreenStateChange: target=ON, mIsEnabled=true
[2026-06-14T10:15:11.309Z] [ALL] 06-14 15:45:11.489  1486  1556 D DisplayPowerController[0]: saveBrightnessInfo: brt:0.12085039 adjBrt:0.047058824 min:0.0 max:1.0 hbm:0 tp:1.0 throttler:0 isAnimating:false
[2026-06-14T10:15:11.309Z] [ALL] 06-14 15:45:11.494  1486  1517 D BrightnessSynchronizer: onDisplayChanged() : displayId=0
[2026-06-14T10:15:11.309Z] [ALL] 06-14 15:45:11.497  1486  1517 D BrightnessSynchronizer: updateScreenBrightness: displayId=0 type=2 mPreferredSettingValue=0.12085039(31) currentBrightnessInt=31 currentBrightnessIntFromFloat=31(0.12085039)
[2026-06-14T10:15:11.309Z] [ALL] 06-14 15:45:11.498  1486  1880 D HdrSolution_HdrDisplayNitMapper: updataTargetNit--------------mLightSensorData: 111.0, scaleRatio: 17.59, target: 11.368->200
[2026-06-14T10:15:11.309Z] [ALL] 06-14 15:45:11.499  1486  1880 D BrightnessHandler: inject brightness = 12.0, Brightness: 0.047058824
[2026-06-14T10:15:11.309Z] [ALL] 06-14 15:45:11.499  1067  1067 I SensorsHub: LightSensor::injectSensorData: brightness 12
[2026-06-14T10:15:11.309Z] [ALL] 06-14 15:45:11.500  1486  1880 D BrightnessHandler: inject brightness = 12.0, Brightness: 0.047058824
[2026-06-14T10:15:11.309Z] [ALL] 06-14 15:45:11.500  1067  1067 I SensorsHub: LightSensor::injectSensorData: brightness 12
[2026-06-14T10:15:11.309Z] [ALL] 06-14 15:45:11.500  1486  1880 D LocalDisplayAdapter: surface lcd : 12(0.024), 12(0.024), main +
[2026-06-14T10:15:11.309Z] [ALL] 06-14 15:45:11.501  2112  2112 D SecBrightnessController: updateSlider() - BrightnessDialog resetTimer()
[2026-06-14T10:15:11.309Z] [ALL] 06-14 15:45:11.508  1062 15192 I display : HWC brightness (0.023857, 12)
[2026-06-14T10:15:11.309Z] [ALL] 06-14 15:45:11.509  1486  1880 D LocalDisplayAdapter: surface lcd : 12(0.024), 12(0.024), main -
[2026-06-14T10:15:11.322Z] [ALL] 06-14 15:45:11.525  1486  4341 D WindowManager: captureDisplay
[2026-06-14T10:15:11.322Z] [ALL] 06-14 15:45:11.525  1486  4341 I SurfaceComposerClient: captureLayers:childrenOnly:1, sync:0
[2026-06-14T10:15:11.324Z] [ALL] 06-14 15:45:11.529  1149  1661 I SurfaceFlinger: Capture layer list: 	 com.safebank.ai/com.safebank.ai.MainActivity$_19655#104730(preserveDisplayColors:0)
[2026-06-14T10:15:11.324Z] [ALL] 06-14 15:45:11.529  1149  1661 I SurfaceFlinger: Capture layer list: 	 StatusBar$_2112#94(preserveDisplayColors:0)
[2026-06-14T10:15:11.324Z] [ALL] 06-14 15:45:11.529  1149  1661 I SurfaceFlinger: Capture layer list: 	 com.sec.android.app.launcher/com.samsung.app.honeyspace.edge.edgepanel.app.CocktailBarService$_2619#103972(preserveDisplayColors:0)
[2026-06-14T10:15:11.324Z] [ALL] 06-14 15:45:11.529  1149  1661 I SurfaceFlinger: Capture layer list: 	 NavigationBar0$_2112#90(preserveDisplayColors:0)
[2026-06-14T10:15:11.328Z] [ALL] 06-14 15:45:11.531  1149  1201 D SurfaceFlinger: [SEC_SF_EFFECTS] drawLayersInternal,1348, Rendering layer ScreenCaptureFillLayer at index 0
[2026-06-14T10:15:11.328Z] [ALL] 06-14 15:45:11.531  1149  1201 D SurfaceFlinger: [SEC_SF_EFFECTS] drawLayersInternal,1348, Rendering layer com.safebank.ai/com.safebank.ai.MainActivity$_19655#104730 at index 1
[2026-06-14T10:15:11.328Z] [ALL] 06-14 15:45:11.531  1149  1201 D SurfaceFlinger: [SEC_SF_EFFECTS] drawLayersInternal,1348, Rendering layer StatusBar$_2112#94 at index 2
[2026-06-14T10:15:11.328Z] [ALL] 06-14 15:45:11.531  1149  1201 D SurfaceFlinger: [SEC_SF_EFFECTS] drawLayersInternal,1348, Rendering layer com.sec.android.app.launcher/com.samsung.app.honeyspace.edge.edgepanel.app.CocktailBarService$_2619#103972 at index 3
[2026-06-14T10:15:11.328Z] [ALL] 06-14 15:45:11.532  1149  1201 D SurfaceFlinger: [SEC_SF_EFFECTS] drawLayersInternal,1348, Rendering layer NavigationBar0$_2112#90 at index 4
[2026-06-14T10:15:11.360Z] [ALL] 06-14 15:45:11.562 27719 27968 I cn_CronetUrlRequestContext: destroyNativeStreamLocked android.net.http.internal.org.chromium.net.impl.CronetBidirectionalStream@7fcb5e6
[2026-06-14T10:15:11.366Z] [ALL] 06-14 15:45:11.573 27719 29665 I Finsky  : [2635] Initializing pausers from value store.
[2026-06-14T10:15:11.378Z] [ALL] 06-14 15:45:11.583 27719 29665 I Finsky  : [2635] IQ::HLD: Callers (Pausers) in PauseUpdatesCallersValueStore: []
[2026-06-14T10:15:11.378Z] [ALL] 06-14 15:45:11.585 19463 19503 I appium  : channel read: POST /session/ed6c8e2c-e5c1-4b65-b4bf-728310f0e26e/element
[2026-06-14T10:15:11.384Z] [ALL] 06-14 15:45:11.586 19463 19503 I appium  : FindElement command
[2026-06-14T10:15:11.384Z] [ALL] 06-14 15:45:11.587 19463 19503 I appium  : method: 'xpath', selector: '//*[contains(@resource-id, "otp_toggle_btn") or @content-desc="otp_toggle_btn"]'
[2026-06-14T10:15:11.384Z] [ALL] 06-14 15:45:11.587 19463 19503 I appium  : Waiting up to 10000ms for the device to idle
[2026-06-14T10:15:11.384Z] [ALL] 06-14 15:45:11.590 19463 19503 I appium  : The following attributes will be included to the page source: [resource-id, content-desc]
[2026-06-14T10:15:11.427Z] [ALL] 06-14 15:45:11.625  1486  2183 D WindowManager: captureDisplay
[2026-06-14T10:15:11.427Z] [ALL] 06-14 15:45:11.625  1486  2183 I SurfaceComposerClient: captureLayers:childrenOnly:1, sync:0
[2026-06-14T10:15:11.431Z] [ALL] 06-14 15:45:11.628  1149  1661 I SurfaceFlinger: Capture layer list: 	 com.safebank.ai/com.safebank.ai.MainActivity$_19655#104730(preserveDisplayColors:0)
[2026-06-14T10:15:11.431Z] [ALL] 06-14 15:45:11.628  1047  1047 D Zygote  : Forked child process 29794
[2026-06-14T10:15:11.431Z] [ALL] 06-14 15:45:11.629  1149  1661 I SurfaceFlinger: Capture layer list: 	 StatusBar$_2112#94(preserveDisplayColors:0)
[2026-06-14T10:15:11.431Z] [ALL] 06-14 15:45:11.629  1149  1661 I SurfaceFlinger: Capture layer list: 	 com.sec.android.app.launcher/com.samsung.app.honeyspace.edge.edgepanel.app.CocktailBarService$_2619#103972(preserveDisplayColors:0)
[2026-06-14T10:15:11.431Z] [ALL] 06-14 15:45:11.629  1149  1661 I SurfaceFlinger: Capture layer list: 	 NavigationBar0$_2112#90(preserveDisplayColors:0)
[2026-06-14T10:15:11.431Z] [ALL] 06-14 15:45:11.629  1486  1527 I ActivityManager: Start proc 29794:com.android.vending:background/u0a263 for service {com.android.vending/com.google.frameworks.client.data.android.server.play.BackgroundProcessEndpointService}
[2026-06-14T10:15:11.431Z] [ALL] 06-14 15:45:11.630  1149  1201 D SurfaceFlinger: [SEC_SF_EFFECTS] drawLayersInternal,1348, Rendering layer ScreenCaptureFillLayer at index 0
[2026-06-14T10:15:11.431Z] [ALL] 06-14 15:45:11.630  1149  1201 D SurfaceFlinger: [SEC_SF_EFFECTS] drawLayersInternal,1348, Rendering layer com.safebank.ai/com.safebank.ai.MainActivity$_19655#104730 at index 1
[2026-06-14T10:15:11.431Z] [ALL] 06-14 15:45:11.630  1149  1201 D SurfaceFlinger: [SEC_SF_EFFECTS] drawLayersInternal,1348, Rendering layer StatusBar$_2112#94 at index 2
[2026-06-14T10:15:11.431Z] [ALL] 06-14 15:45:11.630  1149  1201 D SurfaceFlinger: [SEC_SF_EFFECTS] drawLayersInternal,1348, Rendering layer com.sec.android.app.launcher/com.samsung.app.honeyspace.edge.edgepanel.app.CocktailBarService$_2619#103972 at index 3
[2026-06-14T10:15:11.431Z] [ALL] 06-14 15:45:11.630  1149  1201 D SurfaceFlinger: [SEC_SF_EFFECTS] drawLayersInternal,1348, Rendering layer NavigationBar0$_2112#90 at index 4
[2026-06-14T10:15:11.441Z] [ALL] 06-14 15:45:11.646 29794 29794 I Zygote  : Process 29794 created for com.android.vending:background
[2026-06-14T10:15:11.442Z] [ALL] 06-14 15:45:11.646 29794 29794 I ding:background: Using CollectorTypeCMC GC.
[2026-06-14T10:15:11.447Z] [ALL] 06-14 15:45:11.653 29794 29794 D nativeloader: Load libframework-connectivity-tiramisu-jni.so using APEX ns com_android_tethering for caller /apex/com.android.tethering/javalib/framework-connectivity-t.jar: ok
[2026-06-14T10:15:11.450Z] [ALL] 06-14 15:45:11.656 29794 29794 D ActivityThread: setConscryptValidator
[2026-06-14T10:15:11.450Z] [ALL] 06-14 15:45:11.656 29794 29794 D ActivityThread: setConscryptValidator - put
[2026-06-14T10:15:11.459Z] [ALL] 06-14 15:45:11.665  1486  1533 W libprocessgroup: SetCgroup::ExecuteForProcess: failed to open /dev/cpuctl/foreground-boost/cgroup.procs: No such file or directory
[2026-06-14T10:15:11.471Z] [ALL] 06-14 15:45:11.675 29794 29794 D ApplicationLoaders: Returning zygote-cached class loader: /system/framework/org.apache.http.legacy.jar
[2026-06-14T10:15:11.471Z] [ALL] 06-14 15:45:11.675 29794 29794 D ApplicationLoaders: Returning zygote-cached class loader: /system_ext/framework/androidx.window.extensions.jar
[2026-06-14T10:15:11.471Z] [ALL] 06-14 15:45:11.675 29794 29794 D ApplicationLoaders: Returning zygote-cached class loader: /system_ext/framework/androidx.window.sidecar.jar
[2026-06-14T10:15:11.483Z] [ALL] 06-14 15:45:11.689  1486  1556 D DisplayManagerService: handleBrightnessAnimation: started=false
[2026-06-14T10:15:11.487Z] [ALL] 06-14 15:45:11.690  1486  1556 D RefreshRateTokenController: Removing refreshRateToken={ RefreshRateToken[->PassiveModeToken:BrightnessAnim, acquire at 182922685 (313 ms ago)},
[2026-06-14T10:15:11.487Z] [ALL] 06-14 15:45:11.690  1486  1556 D RefreshRateTokenController:     caller=com.android.server.display.mode.RefreshRateToken.release:5 com.android.server.display.DisplayManagerService$$ExternalSyntheticLambda0.accept:427 com.android.server.display.DisplayPowerController$3.run:24 android.os.Handler.handleCallback:1070 android.os.Handler.dispatchMessage:125 
[2026-06-14T10:15:11.512Z] [ALL] 06-14 15:45:11.712 19463 19503 I appium  : Took 0ms to retrieve 0 matches for '//*[contains(@resource-id, "otp_toggle_btn") or @content-desc="otp_toggle_btn"]' XPath2 query
[2026-06-14T10:15:11.512Z] [ALL] 06-14 15:45:11.713 19463 19503 I appium  : AppiumResponse: {"sessionId":"ed6c8e2c-e5c1-4b65-b4bf-728310f0e26e","value":{"error":"no such element","message":"An element could not be located on the page using the given search parameters","stacktrace":"io.appium.uiautomator2.common.exceptions.ElementNotFoundException: An element could not be located on the page using the given search parameters\n\tat io.appium.uiautomator2.utils.ElementLocationHelpers.findElement(ElementLocationHelpers.java:153)\n\tat io.appium.uiautomator2.handler.FindElement.safeHandle(FindElement.java:60)\n\tat io.appium.uiautomator2.handler.request.SafeRequestHandler.handle(SafeRequestHandler.java:59)\n\tat io.appium.uiautomator2.server.AppiumServlet.handleRequest(AppiumServlet.java:267)\n\tat io.appium.uiautomator2.server.AppiumServlet.handleHttpRequest(AppiumServlet.java:261)\n\tat io.appium.uiautomator2.http.ServerHandler.channelRead(ServerHandler.java:77)\n\tat io.netty.channel.AbstractChannelHandlerContext.fireChannelRead(AbstractChannelHandlerContext.java:357)\n\tat io.netty.handler.codec.MessageToMessageDecoder.channelRead(MessageToMessageDecoder.java:107)\n\tat io.netty.channel.AbstractChannelHandlerContext.fireChannelRead(AbstractChannelHandlerContext.java:357)\n\tat io.netty.channel.CombinedChannelDuplexHandler$DelegatingChannelHandlerContext.fireChannelRead(CombinedChannelDuplexHandler.java:434)\n\tat io.netty.handler.codec.ByteToMessageDecoder.fireChannelRead(ByteToMessageDecoder.java:361)\n\tat io.netty.handler.codec.ByteToMessageDecoder.channelRead(ByteToMessageDecoder.java:325)\n\tat io.netty.channel.CombinedChannelDuplexHandler.channelRead(CombinedChannelDuplexHandler.java:249)\n\tat io.netty.channel.AbstractChannelHandlerContext.fireChannelRead(AbstractChannelHandlerContext.java:355)\n\tat io.netty.handler.timeout.IdleStateHandler.channelRead(IdleStateHandler.java:288)\n\tat io.netty.channel.AbstractChannelHandlerContext.fireChannelRead(AbstractChannelHandlerContext.java:355)\n\tat io.netty.channel.DefaultChannelPipeline$HeadContext.channelRead(DefaultChannelPipeline.java:1429)\n\tat io.netty.channel.DefaultChannelPipeline.fireChannelRead(DefaultChannelPipeline.java:918)\n\tat io.netty.channel.nio.AbstractNioByteChannel$NioByteUnsafe.read(AbstractNioByteChannel.java:176)\n\tat io.netty.channel.nio.AbstractNioChannel$AbstractNioUnsafe.handle(AbstractNioChannel.java:445)\n\tat io.netty.channel.nio.NioIoHandler$DefaultNioRegistration.handle(NioIoHandler.java:388)\n\tat io.netty.channel.nio.NioIoHandler.processSelectedKey(NioIoHandler.java:596)\n\tat io.netty.channel.nio.NioIoHandler.processSelectedKeysOptimized(NioIoHandler.java:571)\n\tat io.netty.channel.nio.NioIoHandler.processSelectedKeys(NioIoHandler.java:512)\n\tat io.netty.channel.nio.NioIoHandler.run(NioIoHandler.java:484)\n\tat io.netty.channel.SingleThreadIoEventLoop.runIo(SingleThreadIoEventLoop.java:225)\n\tat io.netty.channel.SingleThreadIoEventLoop.run(SingleThreadIoEventLoop.java:196)\n\tat io.netty.util.concurrent.SingleThreadEventExecutor$5.run(SingleThreadEventExecutor.java:1195)\n\tat io.netty.util.internal.ThreadExecutorMap$2.run(ThreadExecutorMap.java:74)\n\tat io.netty.util.concurrent.FastThreadLocalRunnable.run(FastThreadLocalRunnable.java:30)\n\tat java.lang.Thread.run(Thread.java:1564)\n"}}
[2026-06-14T10:15:11.513Z] [ALL] 06-14 15:45:11.716 29794 29794 W ding:background: Failed to find entry 'classes.dex': Entry not found
[2026-06-14T10:15:11.513Z] [ALL] 06-14 15:45:11.716 29794 29794 W ding:background: Failed to find entry 'classes.dex': Entry not found
[2026-06-14T10:15:11.513Z] [ALL] 06-14 15:45:11.717 29794 29794 W ding:background: Failed to find entry 'classes.dex': Entry not found
[2026-06-14T10:15:11.513Z] [ALL] 06-14 15:45:11.717 29794 29794 W ding:background: Failed to find entry 'classes.dex': Entry not found
[2026-06-14T10:15:11.513Z] [ALL] 06-14 15:45:11.717 29794 29794 W ding:background: Failed to find entry 'classes.dex': Entry not found
[2026-06-14T10:15:11.513Z] [ALL] 06-14 15:45:11.717 29794 29794 W ding:background: Failed to find entry 'classes.dex': Entry not found
[2026-06-14T10:15:11.513Z] [ALL] 06-14 15:45:11.718 29794 29794 D nativeloader: Configuring clns-9 for other apk /data/app/~~-H4tmzWEp5GtLbo8JEh10g==/com.android.vending-jm6FGGVmbcbAysDBx5RSEQ==/base.apk:/data/app/~~-H4tmzWEp5GtLbo8JEh10g==/com.android.vending-jm6FGGVmbcbAysDBx5RSEQ==/split_config.arm64_v8a.apk:/data/app/~~-H4tmzWEp5GtLbo8JEh10g==/com.android.vending-jm6FGGVmbcbAysDBx5RSEQ==/split_config.en.apk:/data/app/~~-H4tmzWEp5GtLbo8JEh10g==/com.android.vending-jm6FGGVmbcbAysDBx5RSEQ==/split_phonesky_data_loader.apk:/data/app/~~-H4tmzWEp5GtLbo8JEh10g==/com.android.vending-jm6FGGVmbcbAysDBx5RSEQ==/split_phonesky_data_loader.config.arm64_v8a.apk:/data/app/~~-H4tmzWEp5GtLbo8JEh10g==/com.android.vending-jm6FGGVmbcbAysDBx5RSEQ==/split_phonesky_webrtc_native_lib.apk:/data/app/~~-H4tmzWEp5GtLbo8JEh10g==/com.android.vending-jm6FGGVmbcbAysDBx5RSEQ==/split_phonesky_webrtc_native_lib.config.arm64_v8a.apk. target_sdk_version=37, uses_libraries=, library_path=/data/app/~~-H4tmzWEp5GtLbo8JEh10g==/com.android.vending-jm6FGGVmbcbAysDBx5RSEQ==/lib/arm64:/data/app/~~-H4tmzWEp5GtLbo8JEh10g==/com.and
[2026-06-14T10:15:11.520Z] [ALL] 06-14 15:45:11.725  1486  1881 D NetdEventListenerService: DNS Requested by 204, 10336(com.microsoft.office.word,...), SUCCESS, 21ms
[2026-06-14T10:15:11.520Z] [ALL] 06-14 15:45:11.725  1486  2183 D WindowManager: captureDisplay
[2026-06-14T10:15:11.520Z] [ALL] 06-14 15:45:11.725  1486  2183 I SurfaceComposerClient: captureLayers:childrenOnly:1, sync:0
[2026-06-14T10:15:11.539Z] [ALL] 06-14 15:45:11.730 29794 29794 V GraphicsEnvironment: Currently set values for:
[2026-06-14T10:15:11.540Z] [ALL] 06-14 15:45:11.730 29794 29794 V GraphicsEnvironment:   angle_gl_driver_selection_pkgs=[]
[2026-06-14T10:15:11.540Z] [ALL] 06-14 15:45:11.730 29794 29794 V GraphicsEnvironment:   angle_gl_driver_selection_values=[]
[2026-06-14T10:15:11.540Z] [ALL] 06-14 15:45:11.730 29794 29794 V GraphicsEnvironment: com.android.vending is not listed in per-application setting
[2026-06-14T10:15:11.575Z] [ALL] 06-14 15:45:11.730 29794 29794 V GraphicsEnvironment: ANGLE allowlist from config: com.dreamgames.royalmatch com.dts.freefiremax com.dxx.firenow com.gramgames.mergedragons com.ludo.king com.mojang.minecraftpe com.my.defense com.nintendo.zaka com.os.airforce com.playrix.fishdomdd.gplay io.teslatech.callbreak jp.konami.prospia net.peakgames.toonblast
[2026-06-14T10:15:11.575Z] [ALL] 06-14 15:45:11.730 29794 29794 V GraphicsEnvironment: No special selections for ANGLE, returning default driver choice
[2026-06-14T10:15:11.575Z] [ALL] 06-14 15:45:11.733  1149  1661 I SurfaceFlinger: Capture layer list: 	 com.safebank.ai/com.safebank.ai.MainActivity$_19655#104730(preserveDisplayColors:0)
[2026-06-14T10:15:11.575Z] [ALL] 06-14 15:45:11.733  1149  1661 I SurfaceFlinger: Capture layer list: 	 StatusBar$_2112#94(preserveDisplayColors:0)
[2026-06-14T10:15:11.575Z] [ALL] 06-14 15:45:11.733  1149  1661 I SurfaceFlinger: Capture layer list: 	 com.sec.android.app.launcher/com.samsung.app.honeyspace.edge.edgepanel.app.CocktailBarService$_2619#103972(preserveDisplayColors:0)
[2026-06-14T10:15:11.575Z] [ALL] 06-14 15:45:11.733  1149  1661 I SurfaceFlinger: Capture layer list: 	 NavigationBar0$_2112#90(preserveDisplayColors:0)
[2026-06-14T10:15:11.577Z] [ALL] 06-14 15:45:11.735  1149  1201 D SurfaceFlinger: [SEC_SF_EFFECTS] drawLayersInternal,1348, Rendering layer ScreenCaptureFillLayer at index 0
[2026-06-14T10:15:11.577Z] [ALL] 06-14 15:45:11.735  1149  1201 D SurfaceFlinger: [SEC_SF_EFFECTS] drawLayersInternal,1348, Rendering layer com.safebank.ai/com.safebank.ai.MainActivity$_19655#104730 at index 1
[2026-06-14T10:15:11.577Z] [ALL] 06-14 15:45:11.735  1149  1201 D SurfaceFlinger: [SEC_SF_EFFECTS] drawLayersInternal,1348, Rendering layer StatusBar$_2112#94 at index 2
[2026-06-14T10:15:11.577Z] [ALL] 06-14 15:45:11.736  1149  1201 D SurfaceFlinger: [SEC_SF_EFFECTS] drawLayersInternal,1348, Rendering layer com.sec.android.app.launcher/com.samsung.app.honeyspace.edge.edgepanel.app.CocktailBarService$_2619#103972 at index 3
[2026-06-14T10:15:11.577Z] [ALL] 06-14 15:45:11.736  1149  1201 D SurfaceFlinger: [SEC_SF_EFFECTS] drawLayersInternal,1348, Rendering layer NavigationBar0$_2112#90 at index 4
[2026-06-14T10:15:11.577Z] [ALL] 06-14 15:45:11.738 29794 29794 I Finsky:background: [2] Process created at version: 51.7.22-31 [0] [PR] 923704514
[2026-06-14T10:15:11.577Z] [ALL] 06-14 15:45:11.740 29794 29794 I Finsky:background: [2] [BGP] Initializing early flags...
[2026-06-14T10:15:11.577Z] [ALL] 06-14 15:45:11.740 29794 29794 I Finsky:background: [2] [BGP] Initializing Gservices...
[2026-06-14T10:15:11.577Z] [ALL] 06-14 15:45:11.742 29794 29794 I Finsky:background: [2] [BGP] Initializing flags...
[2026-06-14T10:15:11.577Z] [ALL] 06-14 15:45:11.751 29794 29794 I Finsky:background: [2] Finished reading experiment flags from file [0tGUNCGIkbk4o6-fQ335kUYSKwVj4lusnHT-A5Dsy08] numFlags=2381.
[2026-06-14T10:15:11.577Z] [ALL] 06-14 15:45:11.776 29794 29822 D nativeloader: Load /data/app/~~-H4tmzWEp5GtLbo8JEh10g==/com.android.vending-jm6FGGVmbcbAysDBx5RSEQ==/split_config.arm64_v8a.apk!/lib/arm64-v8a/libmappedcountercacheversionjni.so using class loader ns clns-9 (caller=/data/app/~~-H4tmzWEp5GtLbo8JEh10g==/com.android.vending-jm6FGGVmbcbAysDBx5RSEQ==/base.apk): ok
[2026-06-14T10:15:11.577Z] [ALL] 06-14 15:45:11.779  1486  1856 D SemWifiSwitchForIndividualAppsService: isSkipNetworkCondition - result:2
[2026-06-14T10:15:11.584Z] [ALL] 06-14 15:45:11.791 29794 29794 E ashmem  : Pinning is deprecated since Android Q. Please use trim or other methods.
[2026-06-14T10:15:11.592Z] [ALL] 06-14 15:45:11.799 29794 29794 I Finsky:background: [2] Finished reading experiment flags from file [8SiquiOptw_lq6EqVfk0o05nEPg7LVxd_bONqaJK9Ns] numFlags=2026.
[2026-06-14T10:15:11.595Z] [ALL] 06-14 15:45:11.802 29794 29794 I Finsky:background: [2] Finished reading experiment flags from file [osovdhR7mSN_cGSneShHEjFIQyJeO2CL3s3X-iva49o] numFlags=2026.
[2026-06-14T10:15:11.600Z] [ALL] 06-14 15:45:11.805 29794 29794 I Finsky:background: [2] Finished reading experiment flags from file [jma--agdy3lA8wVBYdZ-olhDnYexvTmvnVOABR1AVGs] numFlags=2026.
[2026-06-14T10:15:11.606Z] [ALL] 06-14 15:45:11.806 29794 29794 I Finsky:background: [2] [BGP] Initializing crash detector...
[2026-06-14T10:15:11.606Z] [ALL] 06-14 15:45:11.808 29794 29794 I Finsky:background: [2] akaw - Registering in memory receiver for android.intent.action.PACKAGE_ADDED and android.intent.action.PACKAGE_REMOVED
[2026-06-14T10:15:11.624Z] [ALL] 06-14 15:45:11.822 29794 29794 I Finsky:background: [2] This process start was not selected for Play memory metrics collection.
[2026-06-14T10:15:11.624Z] [ALL] 06-14 15:45:11.824  1486  4341 D WindowManager: captureDisplay
[2026-06-14T10:15:11.624Z] [ALL] 06-14 15:45:11.824  1486  4341 I SurfaceComposerClient: captureLayers:childrenOnly:1, sync:0
[2026-06-14T10:15:11.631Z] [ALL] 06-14 15:45:11.830  1149  1661 I SurfaceFlinger: Capture layer list: 	 com.safebank.ai/com.safebank.ai.MainActivity$_19655#104730(preserveDisplayColors:0)
[2026-06-14T10:15:11.631Z] [ALL] 06-14 15:45:11.830  1149  1661 I SurfaceFlinger: Capture layer list: 	 StatusBar$_2112#94(preserveDisplayColors:0)
[2026-06-14T10:15:11.631Z] [ALL] 06-14 15:45:11.830  1149  1661 I SurfaceFlinger: Capture layer list: 	 com.sec.android.app.launcher/com.samsung.app.honeyspace.edge.edgepanel.app.CocktailBarService$_2619#103972(preserveDisplayColors:0)
[2026-06-14T10:15:11.631Z] [ALL] 06-14 15:45:11.830  1149  1661 I SurfaceFlinger: Capture layer list: 	 NavigationBar0$_2112#90(preserveDisplayColors:0)
[2026-06-14T10:15:11.631Z] [ALL] 06-14 15:45:11.832  1149  1201 D SurfaceFlinger: [SEC_SF_EFFECTS] drawLayersInternal,1348, Rendering layer ScreenCaptureFillLayer at index 0
[2026-06-14T10:15:11.631Z] [ALL] 06-14 15:45:11.832  1149  1201 D SurfaceFlinger: [SEC_SF_EFFECTS] drawLayersInternal,1348, Rendering layer com.safebank.ai/com.safebank.ai.MainActivity$_19655#104730 at index 1
[2026-06-14T10:15:11.631Z] [ALL] 06-14 15:45:11.832  1149  1201 D SurfaceFlinger: [SEC_SF_EFFECTS] drawLayersInternal,1348, Rendering layer StatusBar$_2112#94 at index 2
[2026-06-14T10:15:11.631Z] [ALL] 06-14 15:45:11.832  1149  1201 D SurfaceFlinger: [SEC_SF_EFFECTS] drawLayersInternal,1348, Rendering layer com.sec.android.app.launcher/com.samsung.app.honeyspace.edge.edgepanel.app.CocktailBarService$_2619#103972 at index 3
[2026-06-14T10:15:11.631Z] [ALL] 06-14 15:45:11.832  1149  1201 D SurfaceFlinger: [SEC_SF_EFFECTS] drawLayersInternal,1348, Rendering layer NavigationBar0$_2112#90 at index 4
[2026-06-14T10:15:11.671Z] [ALL] 06-14 15:45:11.872 29794 29834 W Settings: Setting download_manager_max_bytes_over_mobile has moved from android.provider.Settings.Secure to android.provider.Settings.Global.
[2026-06-14T10:15:11.673Z] [ALL] 06-14 15:45:11.880 29794 29834 I Finsky:background: [2605] SettingNotFoundException, fall through to G.downloadBytesOverMobileMaximum
[2026-06-14T10:15:11.673Z] [ALL] 06-14 15:45:11.880 29794 29834 W Settings: Setting download_manager_recommended_max_bytes_over_mobile has moved from android.provider.Settings.Secure to android.provider.Settings.Global.
[2026-06-14T10:15:11.688Z] [ALL] 06-14 15:45:11.884 29794 29834 I Finsky:background: [2605] SettingNotFoundException, fall through to G.downloadBytesOverMobileRecommended
[2026-06-14T10:15:11.688Z] [ALL] 06-14 15:45:11.889 29794 29834 I Finsky:background: [2605] registerListener
[2026-06-14T10:15:11.694Z] [ALL] 06-14 15:45:11.902 29794 29834 I Finsky:background: [2605] DFS: Listener added for sta@8ee455
[2026-06-14T10:15:11.694Z] [ALL] 06-14 15:45:11.902 29794 29834 I Finsky:background: [2605] registerListener
[2026-06-14T10:15:11.703Z] [ALL] 06-14 15:45:11.904 29794 29834 I Finsky:background: [2605] registerListener
[2026-06-14T10:15:11.704Z] [ALL] 06-14 15:45:11.905 29794 29834 I Finsky:background: [2605] DFS: Listener added for aomy@21867a4
[2026-06-14T10:15:11.719Z] [ALL] 06-14 15:45:11.924 29794 29841 D ConnectivityManager: StackLog: [android.net.ConnectivityManager.sendRequestForNetwork(ConnectivityManager.java:4740)] [android.net.ConnectivityManager.registerDefaultNetworkCallbackForUid(ConnectivityManager.java:5465)] [android.net.ConnectivityManager.registerDefaultNetworkCallback(ConnectivityManager.java:5432)] [android.net.ConnectivityManager.registerDefaultNetworkCallback(ConnectivityManager.java:5406)] [acuj.call(PG:27)] [bobb.a(PG:3)] [boag.run(PG:19)] [bobc.run(PG:5)] [java.util.concurrent.ThreadPoolExecutor.runWorker(ThreadPoolExecutor.java:1154)] [java.util.concurrent.ThreadPoolExecutor$Worker.run(ThreadPoolExecutor.java:652)] [vyn.run(PG:415)] [java.lang.Thread.run(Thread.java:1564)]
[2026-06-14T10:15:11.721Z] [ALL] 06-14 15:45:11.927  1486  4341 D WindowManager: captureDisplay
[2026-06-14T10:15:11.728Z] [ALL] 06-14 15:45:11.932  1486  2158 D ConnectivityService: requestNetwork for uid/pid:10263/29794 activeRequest: null callbackRequest: 50442 [NetworkRequest [ REQUEST id=50443, [ Capabilities: INTERNET&NOT_RESTRICTED&TRUSTED&NOT_VCN_MANAGED&NOT_BANDWIDTH_CONSTRAINED Uid: 10263 RequestorUid: 10263 RequestorPkg: com.android.vending UnderlyingNetworks: Null] ]] callback flags: 0 order: 2147483647 isUidTracked: false declaredMethods: AVAIL|LOST
[2026-06-14T10:15:11.728Z] [ALL] 06-14 15:45:11.933  1486  1741 D ConnectivityService:    accepting network in place of null for NetworkRequest [ REQUEST id=50443, [ Capabilities: INTERNET&NOT_RESTRICTED&TRUSTED&NOT_VCN_MANAGED&NOT_BANDWIDTH_CONSTRAINED Uid: 10263 RequestorUid: 10263 RequestorPkg: com.android.vending UnderlyingNetworks: Null] ]
[2026-06-14T10:15:11.747Z] [ALL] 06-14 15:45:11.948 29794 29834 I Finsky:background: [2605] IV2: IQv2 is disabled. Recovering all active installs: []
[2026-06-14T10:15:11.747Z] [ALL] 06-14 15:45:11.949  1486  1729 D WifiNetworkFactory: got request NetworkRequest [ REQUEST id=50443, [ Capabilities: INTERNET&NOT_RESTRICTED&TRUSTED&NOT_VCN_MANAGED&NOT_BANDWIDTH_CONSTRAINED Uid: 10263 RequestorUid: 10263 RequestorPkg: com.android.vending UnderlyingNetworks: Null] ]
[2026-06-14T10:15:11.747Z] [ALL] 06-14 15:45:11.950  1486  4341 I SurfaceComposerClient: captureLayers:childrenOnly:1, sync:0
[2026-06-14T10:15:11.747Z] [ALL] 06-14 15:45:11.951  1486  1729 D UntrustedWifiNetworkFactory: got request NetworkRequest [ REQUEST id=50443, [ Capabilities: INTERNET&NOT_RESTRICTED&TRUSTED&NOT_VCN_MANAGED&NOT_BANDWIDTH_CONSTRAINED Uid: 10263 RequestorUid: 10263 RequestorPkg: com.android.vending UnderlyingNetworks: Null] ]
[2026-06-14T10:15:11.747Z] [ALL] 06-14 15:45:11.952  1486  1729 D OemPaidWifiNetworkFactory: got request NetworkRequest [ REQUEST id=50443, [ Capabilities: INTERNET&NOT_RESTRICTED&TRUSTED&NOT_VCN_MANAGED&NOT_BANDWIDTH_CONSTRAINED Uid: 10263 RequestorUid: 10263 RequestorPkg: com.android.vending UnderlyingNetworks: Null] ]
[2026-06-14T10:15:11.750Z] [ALL] 06-14 15:45:11.953  1486  1729 D MultiInternetWifiNetworkFactory: got request NetworkRequest [ REQUEST id=50443, [ Capabilities: INTERNET&NOT_RESTRICTED&TRUSTED&NOT_VCN_MANAGED&NOT_BANDWIDTH_CONSTRAINED Uid: 10263 RequestorUid: 10263 RequestorPkg: com.android.vending UnderlyingNetworks: Null] ]
[2026-06-14T10:15:11.750Z] [ALL] 06-14 15:45:11.954  1486  1741 D ConnectivityService: Rematched networks [computed 0ms] [applied 14ms] [issued 7]
[2026-06-14T10:15:11.750Z] [ALL] 06-14 15:45:11.954  1486  1741 D ConnectivityService: NetworkReassignment :
[2026-06-14T10:15:11.750Z] [ALL] 06-14 15:45:11.954  1486  1741 D ConnectivityService:   50443 : null → 204
[2026-06-14T10:15:11.750Z] [ALL] 06-14 15:45:11.954 29794 29829 I Finsky:background: [2601] IQ: start evaluating install requests.
[2026-06-14T10:15:11.750Z] [ALL] 06-14 15:45:11.954 29794 29829 I Finsky:background: [2601] IQ: no jobs active. Skipping
[2026-06-14T10:15:11.750Z] [ALL] 06-14 15:45:11.955  1149  1661 I SurfaceFlinger: Capture layer list: 	 com.safebank.ai/com.safebank.ai.MainActivity$_19655#104730(preserveDisplayColors:0)
[2026-06-14T10:15:11.750Z] [ALL] 06-14 15:45:11.955  1149  1661 I SurfaceFlinger: Capture layer list: 	 StatusBar$_2112#94(preserveDisplayColors:0)
[2026-06-14T10:15:11.750Z] [ALL] 06-14 15:45:11.955  1149  1661 I SurfaceFlinger: Capture layer list: 	 com.sec.android.app.launcher/com.samsung.app.honeyspace.edge.edgepanel.app.CocktailBarService$_2619#103972(preserveDisplayColors:0)
[2026-06-14T10:15:11.750Z] [ALL] 06-14 15:45:11.955  1149  1661 I SurfaceFlinger: Capture layer list: 	 NavigationBar0$_2112#90(preserveDisplayColors:0)
[2026-06-14T10:15:11.750Z] [ALL] 06-14 15:45:11.956 29794 29831 I Finsky:background: [2603] Device is eligible for platform Cronet and will attempt to use it.
[2026-06-14T10:15:11.756Z] [ALL] 06-14 15:45:11.958  1149  1201 D SurfaceFlinger: [SEC_SF_EFFECTS] drawLayersInternal,1348, Rendering layer ScreenCaptureFillLayer at index 0
[2026-06-14T10:15:11.756Z] [ALL] 06-14 15:45:11.958  1149  1201 D SurfaceFlinger: [SEC_SF_EFFECTS] drawLayersInternal,1348, Rendering layer com.safebank.ai/com.safebank.ai.MainActivity$_19655#104730 at index 1
[2026-06-14T10:15:11.756Z] [ALL] 06-14 15:45:11.958  1149  1201 D SurfaceFlinger: [SEC_SF_EFFECTS] drawLayersInternal,1348, Rendering layer StatusBar$_2112#94 at index 2
[2026-06-14T10:15:11.756Z] [ALL] 06-14 15:45:11.958  1149  1201 D SurfaceFlinger: [SEC_SF_EFFECTS] drawLayersInternal,1348, Rendering layer com.sec.android.app.launcher/com.samsung.app.honeyspace.edge.edgepanel.app.CocktailBarService$_2619#103972 at index 3
[2026-06-14T10:15:11.756Z] [ALL] 06-14 15:45:11.958  1149  1201 D SurfaceFlinger: [SEC_SF_EFFECTS] drawLayersInternal,1348, Rendering layer NavigationBar0$_2112#90 at index 4
[2026-06-14T10:15:11.791Z] [ALL] 06-14 15:45:11.992 29794 29853 D HttpFlagsLoader: Not loading HTTP flags because they are disabled in the manifest
[2026-06-14T10:15:11.801Z] [ALL] 06-14 15:45:12.006 29794 29831 I cn_CronetLibraryLoader: Cronet version: 144.0.7500.8, arch: aarch64
[2026-06-14T10:15:11.801Z] [ALL] 06-14 15:45:12.006  1486  1741 D InetDiagMessage: Destroyed 0 sockets, proto=IPPROTO_TCP, family=AF_INET, states=14
[2026-06-14T10:15:11.808Z] [ALL] 06-14 15:45:12.013  1486  1741 D InetDiagMessage: Destroyed 0 sockets, proto=IPPROTO_TCP, family=AF_INET6, states=14
[2026-06-14T10:15:11.808Z] [ALL] 06-14 15:45:12.013  1486  1741 D InetDiagMessage: Destroyed live tcp sockets for uids={10425} in 9ms
[2026-06-14T10:15:11.808Z] [ALL] 06-14 15:45:12.015  1486  1741 D InetDiagMessage: Destroyed 0 sockets, proto=IPPROTO_TCP, family=AF_INET, states=14
[2026-06-14T10:15:11.814Z] [ALL] 06-14 15:45:12.018 29794 29853 D ConnectivityManager: StackLog: [android.net.ConnectivityManager.sendRequestForNetwork(ConnectivityManager.java:4740)] [android.net.ConnectivityManager.registerDefaultNetworkCallbackForUid(ConnectivityManager.java:5465)] [android.net.ConnectivityManager.registerDefaultNetworkCallback(ConnectivityManager.java:5432)] [android.net.http.internal.org.chromium.net.NetworkChangeNotifierAutoDetect$ConnectivityManagerDelegate.registerDefaultNetworkCallback(NetworkChangeNotifierAutoDetect.java:448)] [android.net.http.internal.org.chromium.net.NetworkChangeNotifierAutoDetect.register(NetworkChangeNotifierAutoDetect.java:1165)] [android.net.http.internal.org.chromium.net.NetworkChangeNotifierAutoDetect$RegistrationPolicy.register(NetworkChangeNotifierAutoDetect.java:932)] [android.net.http.internal.org.chromium.net.RegistrationPolicyAlwaysRegister.init(RegistrationPolicyAlwaysRegister.java:16)] [android.net.http.internal.org.chromium.net.NetworkChangeNotifierAutoDetect.<init>(NetworkChangeNotifierAutoDetect.java:1087)] [android.net.http.internal.org.chromium.net.NetworkChangeNotifier.setAutoDetectConnectivityStateInternal(NetworkChangeNotifier.java:223)] [android.net.http.internal.org.chromium.net.NetworkChangeNotifier.setAutoDetectConnectivityState(NetworkChangeNotifier.java:198)] [android.net.http.internal.org.chromium.net.impl.CronetLibraryLoader.initializeOnInitThread(CronetLibraryLoader.java:263)] [android.net.http.internal.org.chromium.net.impl.CronetLibraryLoader.lambda$ensureInitialized$0(CronetLibraryLoader.java:127)] [android.net.http.internal.org.chromium.net.impl.CronetLibraryLoader$$ExternalSyntheticLambda0.run(D8$$SyntheticClass:0)]
[2026-06-14T10:15:11.814Z] [ALL] 06-14 15:45:12.018  1486  1741 D InetDiagMessage: Destroyed 0 sockets, proto=IPPROTO_TCP, family=AF_INET6, states=14
[2026-06-14T10:15:11.814Z] [ALL] 06-14 15:45:12.019  1486  1741 D InetDiagMessage: Destroyed live tcp sockets for uids={20425} in 5ms
[2026-06-14T10:15:11.814Z] [ALL] 06-14 15:45:12.019 29794 29855 D DesktopExperienceFlags: Toggle override initialized to: false
[2026-06-14T10:15:11.816Z] [ALL] 06-14 15:45:12.022  1486  2158 D ConnectivityService: requestNetwork for uid/pid:10263/29794 activeRequest: null callbackRequest: 50444 [NetworkRequest [ REQUEST id=50445, [ Capabilities: INTERNET&NOT_RESTRICTED&TRUSTED&NOT_VCN_MANAGED&NOT_BANDWIDTH_CONSTRAINED Uid: 10263 RequestorUid: 10263 RequestorPkg: com.android.vending UnderlyingNetworks: Null] ]] callback flags: 0 order: 2147483647 isUidTracked: false declaredMethods: AVAIL|LOST|NC|LP
[2026-06-14T10:15:11.821Z] [ALL] 06-14 15:45:12.025 29794 29831 I Finsky:background: [2603] CronetEngine is present. Using Cronet for the networking stack.
[2026-06-14T10:15:11.821Z] [ALL] 06-14 15:45:12.027  1486  4341 D WindowManager: captureDisplay
[2026-06-14T10:15:11.823Z] [ALL] 06-14 15:45:12.028  1486  4341 I SurfaceComposerClient: captureLayers:childrenOnly:1, sync:0
[2026-06-14T10:15:11.834Z] [ALL] 06-14 15:45:12.032  1486  1741 D ConnectivityService:    accepting network in place of null for NetworkRequest [ REQUEST id=50445, [ Capabilities: INTERNET&NOT_RESTRICTED&TRUSTED&NOT_VCN_MANAGED&NOT_BANDWIDTH_CONSTRAINED Uid: 10263 RequestorUid: 10263 RequestorPkg: com.android.vending UnderlyingNetworks: Null] ]
[2026-06-14T10:15:11.834Z] [ALL] 06-14 15:45:12.033 29794 29853 D ConnectivityManager: StackLog: [android.net.ConnectivityManager.sendRequestForNetwork(ConnectivityManager.java:4740)] [android.net.ConnectivityManager.sendRequestForNetwork(ConnectivityManager.java:4908)] [android.net.ConnectivityManager.registerNetworkCallback(ConnectivityManager.java:5325)] [android.net.http.internal.org.chromium.net.NetworkChangeNotifierAutoDetect$ConnectivityManagerDelegate.registerNetworkCallback(NetworkChangeNotifierAutoDetect.java:434)] [android.net.http.internal.org.chromium.net.NetworkChangeNotifierAutoDetect.register(NetworkChangeNotifierAutoDetect.java:1191)] [android.net.http.internal.org.chromium.net.NetworkChangeNotifierAutoDetect$RegistrationPolicy.register(NetworkChangeNotifierAutoDetect.java:932)] [android.net.http.internal.org.chromium.net.RegistrationPolicyAlwaysRegister.init(RegistrationPolicyAlwaysRegister.java:16)] [android.net.http.internal.org.chromium.net.NetworkChangeNotifierAutoDetect.<init>(NetworkChangeNotifierAutoDetect.java:1087)] [android.net.http.internal.org.chromium.net.NetworkChangeNotifier.setAutoDetectConnectivityStateInternal(NetworkChangeNotifier.java:223)] [android.net.http.internal.org.chromium.net.NetworkChangeNotifier.setAutoDetectConnectivityState(NetworkChangeNotifier.java:198)] [android.net.http.internal.org.chromium.net.impl.CronetLibraryLoader.initializeOnInitThread(CronetLibraryLoader.java:263)] [android.net.http.internal.org.chromium.net.impl.CronetLibraryLoader.lambda$ensureInitialized$0(CronetLibraryLoader.java:127)] [android.net.http.internal.org.chromium.net.impl.CronetLibraryLoader$$ExternalSyntheticLambda0.run(D8$$SyntheticClass:0)]
[2026-06-14T10:15:11.834Z] [ALL] 06-14 15:45:12.035  1149  1661 I SurfaceFlinger: Capture layer list: 	 com.safebank.ai/com.safebank.ai.MainActivity$_19655#104730(preserveDisplayColors:0)
[2026-06-14T10:15:11.834Z] [ALL] 06-14 15:45:12.035  1149  1661 I SurfaceFlinger: Capture layer list: 	 StatusBar$_2112#94(preserveDisplayColors:0)
[2026-06-14T10:15:11.834Z] [ALL] 06-14 15:45:12.035  1149  1661 I SurfaceFlinger: Capture layer list: 	 com.sec.android.app.launcher/com.samsung.app.honeyspace.edge.edgepanel.app.CocktailBarService$_2619#103972(preserveDisplayColors:0)
[2026-06-14T10:15:11.834Z] [ALL] 06-14 15:45:12.035  1149  1661 I SurfaceFlinger: Capture layer list: 	 NavigationBar0$_2112#90(preserveDisplayColors:0)
[2026-06-14T10:15:11.834Z] [ALL] 06-14 15:45:12.036  1486  1729 D WifiNetworkFactory: got request NetworkRequest [ REQUEST id=50445, [ Capabilities: INTERNET&NOT_RESTRICTED&TRUSTED&NOT_VCN_MANAGED&NOT_BANDWIDTH_CONSTRAINED Uid: 10263 RequestorUid: 10263 RequestorPkg: com.android.vending UnderlyingNetworks: Null] ]
[2026-06-14T10:15:11.834Z] [ALL] 06-14 15:45:12.037  1149  1201 D SurfaceFlinger: [SEC_SF_EFFECTS] drawLayersInternal,1348, Rendering layer ScreenCaptureFillLayer at index 0
[2026-06-14T10:15:11.834Z] [ALL] 06-14 15:45:12.037  1149  1201 D SurfaceFlinger: [SEC_SF_EFFECTS] drawLayersInternal,1348, Rendering layer com.safebank.ai/com.safebank.ai.MainActivity$_19655#104730 at index 1
[2026-06-14T10:15:11.834Z] [ALL] 06-14 15:45:12.037  1149  1201 D SurfaceFlinger: [SEC_SF_EFFECTS] drawLayersInternal,1348, Rendering layer StatusBar$_2112#94 at index 2
[2026-06-14T10:15:11.834Z] [ALL] 06-14 15:45:12.037  1486  1729 D UntrustedWifiNetworkFactory: got request NetworkRequest [ REQUEST id=50445, [ Capabilities: INTERNET&NOT_RESTRICTED&TRUSTED&NOT_VCN_MANAGED&NOT_BANDWIDTH_CONSTRAINED Uid: 10263 RequestorUid: 10263 RequestorPkg: com.android.vending UnderlyingNetworks: Null] ]
[2026-06-14T10:15:11.834Z] [ALL] 06-14 15:45:12.038  1149  1201 D SurfaceFlinger: [SEC_SF_EFFECTS] drawLayersInternal,1348, Rendering layer com.sec.android.app.launcher/com.samsung.app.honeyspace.edge.edgepanel.app.CocktailBarService$_2619#103972 at index 3
[2026-06-14T10:15:11.834Z] [ALL] 06-14 15:45:12.038  1149  1201 D SurfaceFlinger: [SEC_SF_EFFECTS] drawLayersInternal,1348, Rendering layer NavigationBar0$_2112#90 at index 4
[2026-06-14T10:15:11.834Z] [ALL] 06-14 15:45:12.038  1486  1729 D OemPaidWifiNetworkFactory: got request NetworkRequest [ REQUEST id=50445, [ Capabilities: INTERNET&NOT_RESTRICTED&TRUSTED&NOT_VCN_MANAGED&NOT_BANDWIDTH_CONSTRAINED Uid: 10263 RequestorUid: 10263 RequestorPkg: com.android.vending UnderlyingNetworks: Null] ]
[2026-06-14T10:15:11.834Z] [ALL] 06-14 15:45:12.038  1486  1729 D MultiInternetWifiNetworkFactory: got request NetworkRequest [ REQUEST id=50445, [ Capabilities: INTERNET&NOT_RESTRICTED&TRUSTED&NOT_VCN_MANAGED&NOT_BANDWIDTH_CONSTRAINED Uid: 10263 RequestorUid: 10263 RequestorPkg: com.android.vending UnderlyingNetworks: Null] ]
[2026-06-14T10:15:11.834Z] [ALL] 06-14 15:45:12.039  1486  1741 D ConnectivityService: Rematched networks [computed 1ms] [applied 2ms] [issued 4]
[2026-06-14T10:15:11.834Z] [ALL] 06-14 15:45:12.039  1486  1741 D ConnectivityService: NetworkReassignment :
[2026-06-14T10:15:11.834Z] [ALL] 06-14 15:45:12.039  1486  1741 D ConnectivityService:   50445 : null → 204
[2026-06-14T10:15:11.861Z] [ALL] 06-14 15:45:12.046  1486  1741 D ConnectivityService: Rematched networks [computed 0ms] [applied 2ms] [issued 3]
[2026-06-14T10:15:11.861Z] [ALL] 06-14 15:45:12.047  1486  1741 D ConnectivityService: NetworkReassignment : no changes
[2026-06-14T10:15:11.861Z] [ALL] 06-14 15:45:12.067 29794 29831 I Finsky:background: [2603] Finished reading experiment flags from file [Se-xCc4LzNyh3UrKMIU2sUf-PUKz4oQEbpKZDMuaFno] numFlags=2015.
[2026-06-14T10:15:11.879Z] [ALL] 06-14 15:45:12.085 29794 29841 I Finsky:background: [2611] IQ: Pruning inactive install requests
[2026-06-14T10:15:11.879Z] [ALL] 06-14 15:45:12.085 29794 29829 I Finsky:background: [2601] IQ: 0 scheduled install statuses found to proceed. 
[2026-06-14T10:15:11.905Z] [ALL] 06-14 15:45:12.107 29794 29841 I Finsky:background: [2611] Resetting scheduler db
[2026-06-14T10:15:11.908Z] [ALL] 06-14 15:45:12.114 29794 29831 I Finsky:background: [2603] Subscription detail: DataSubscriptionInfo{groupIdLevel1=FFFFFFFFFFFFFFFFFFFF, serviceProviderName=[yOlW3tnQDJ1YThQMBZR88g71IOfDulvO9qZSUfyq_8k], simCarrierId=2018}
[2026-06-14T10:15:11.913Z] [ALL] 06-14 15:45:12.119 29794 29794 I Finsky:background: [2] onSubscriptionsChanged
[2026-06-14T10:15:11.925Z] [ALL] 06-14 15:45:12.127  1486  2158 D WindowManager: captureDisplay
[2026-06-14T10:15:11.925Z] [ALL] 06-14 15:45:12.127  1486  2158 I SurfaceComposerClient: captureLayers:childrenOnly:1, sync:0
[2026-06-14T10:15:11.933Z] [ALL] 06-14 15:45:12.135  1149  1661 I SurfaceFlinger: Capture layer list: 	 com.safebank.ai/com.safebank.ai.MainActivity$_19655#104730(preserveDisplayColors:0)
[2026-06-14T10:15:11.933Z] [ALL] 06-14 15:45:12.135  1149  1661 I SurfaceFlinger: Capture layer list: 	 StatusBar$_2112#94(preserveDisplayColors:0)
[2026-06-14T10:15:11.933Z] [ALL] 06-14 15:45:12.135  1149  1661 I SurfaceFlinger: Capture layer list: 	 com.sec.android.app.launcher/com.samsung.app.honeyspace.edge.edgepanel.app.CocktailBarService$_2619#103972(preserveDisplayColors:0)
[2026-06-14T10:15:11.933Z] [ALL] 06-14 15:45:12.135  1149  1661 I SurfaceFlinger: Capture layer list: 	 NavigationBar0$_2112#90(preserveDisplayColors:0)
[2026-06-14T10:15:11.933Z] [ALL] 06-14 15:45:12.137  1149  1201 D SurfaceFlinger: [SEC_SF_EFFECTS] drawLayersInternal,1348, Rendering layer ScreenCaptureFillLayer at index 0
[2026-06-14T10:15:11.933Z] [ALL] 06-14 15:45:12.137  1149  1201 D SurfaceFlinger: [SEC_SF_EFFECTS] drawLayersInternal,1348, Rendering layer com.safebank.ai/com.safebank.ai.MainActivity$_19655#104730 at index 1
[2026-06-14T10:15:11.933Z] [ALL] 06-14 15:45:12.137  1149  1201 D SurfaceFlinger: [SEC_SF_EFFECTS] drawLayersInternal,1348, Rendering layer StatusBar$_2112#94 at index 2
[2026-06-14T10:15:11.933Z] [ALL] 06-14 15:45:12.138  1149  1201 D SurfaceFlinger: [SEC_SF_EFFECTS] drawLayersInternal,1348, Rendering layer com.sec.android.app.launcher/com.samsung.app.honeyspace.edge.edgepanel.app.CocktailBarService$_2619#103972 at index 3
[2026-06-14T10:15:11.933Z] [ALL] 06-14 15:45:12.138  1149  1201 D SurfaceFlinger: [SEC_SF_EFFECTS] drawLayersInternal,1348, Rendering layer NavigationBar0$_2112#90 at index 4
[2026-06-14T10:15:11.944Z] [ALL] 06-14 15:45:12.148 29794 29829 I Finsky:background: [2601] SCH: Scheduling phonesky job Id: 47-15, CT: 1781409667041, Constraints: [{ L: 20790988, D: 42390987, C: CHARGING_NONE, I: IDLE_REQUIRED, N: NET_NONE, B: BATTERY_ANY }]
[2026-06-14T10:15:11.944Z] [ALL] 06-14 15:45:12.148 29794 29829 I Finsky:background: [2601] SCH: Scheduling phonesky job Id: 59-1, CT: 1781429285117, Constraints: [{ L: 10112899, D: 20252892, C: CHARGING_NONE, I: IDLE_NONE, N: NET_ANY, B: BATTERY_ANY }]
[2026-06-14T10:15:11.947Z] [ALL] 06-14 15:45:12.154  1486  1741 D InetDiagMessage: Destroyed 0 sockets, proto=IPPROTO_TCP, family=AF_INET, states=14
[2026-06-14T10:15:11.966Z] [ALL] 06-14 15:45:12.163  1486  1741 D InetDiagMessage: Destroyed 2 sockets, proto=IPPROTO_TCP, family=AF_INET6, states=14
[2026-06-14T10:15:11.966Z] [ALL] 06-14 15:45:12.163  1486  1741 D InetDiagMessage: Destroyed live tcp sockets for uids={10385} in 15ms
[2026-06-14T10:15:11.966Z] [ALL] 06-14 15:45:12.165  1486  1741 D InetDiagMessage: Destroyed 0 sockets, proto=IPPROTO_TCP, family=AF_INET, states=14
[2026-06-14T10:15:11.966Z] [ALL] 06-14 15:45:12.168  1486  1741 D InetDiagMessage: Destroyed 0 sockets, proto=IPPROTO_TCP, family=AF_INET6, states=14
[2026-06-14T10:15:11.966Z] [ALL] 06-14 15:45:12.168  1486  1741 D InetDiagMessage: Destroyed live tcp sockets for uids={20385} in 5ms
[2026-06-14T10:15:11.966Z] [ALL] 06-14 15:45:12.170 29794 29831 I Finsky:background: [2603] SCH: Scheduling 0 system job(s)
[2026-06-14T10:15:12.001Z] [ALL] 06-14 15:45:12.202 29794 29837 I Finsky:background: [2608] IQ: start evaluating install requests.
[2026-06-14T10:15:12.001Z] [ALL] 06-14 15:45:12.202 29794 29837 I Finsky:background: [2608] IQ: no jobs active. Skipping
[2026-06-14T10:15:12.004Z] [ALL] 06-14 15:45:12.208 27719 29874 I Finsky  : [2650] SM: There are no stale sessions to be pruned
[2026-06-14T10:15:12.004Z] [ALL] 06-14 15:45:12.208 29794 29831 I Finsky:background: [2603] SSM: Start staged session task with 2 tracked staged sessions
[2026-06-14T10:15:12.006Z] [ALL] 06-14 15:45:12.209 29794 29837 I Finsky:background: [2608] IQ: 0 scheduled install statuses found to proceed. 
[2026-06-14T10:15:12.017Z] [ALL] 06-14 15:45:12.225 27719 27719 I Finsky  : [2] Connecting InstallListener to SplitInstallService broadcaster...
[2026-06-14T10:15:12.021Z] [ALL] 06-14 15:45:12.228  1486  2158 D WindowManager: captureDisplay
[2026-06-14T10:15:12.021Z] [ALL] 06-14 15:45:12.228  1486  2158 I SurfaceComposerClient: captureLayers:childrenOnly:1, sync:0
[2026-06-14T10:15:12.023Z] [ALL] 06-14 15:45:12.230 19463 19503 I appium  : channel read: POST /session/ed6c8e2c-e5c1-4b65-b4bf-728310f0e26e/element
[2026-06-14T10:15:12.024Z] [ALL] 06-14 15:45:12.231 19463 19503 I appium  : FindElement command
[2026-06-14T10:15:12.026Z] [ALL] 06-14 15:45:12.232 19463 19503 I appium  : method: 'xpath', selector: '//*[contains(@resource-id, "otp_toggle_btn") or @content-desc="otp_toggle_btn"]'
[2026-06-14T10:15:12.026Z] [ALL] 06-14 15:45:12.232 19463 19503 I appium  : Waiting up to 10000ms for the device to idle
[2026-06-14T10:15:12.026Z] [ALL] 06-14 15:45:12.233  1149  1661 I SurfaceFlinger: Capture layer list: 	 com.safebank.ai/com.safebank.ai.MainActivity$_19655#104730(preserveDisplayColors:0)
[2026-06-14T10:15:12.026Z] [ALL] 06-14 15:45:12.233  1149  1661 I SurfaceFlinger: Capture layer list: 	 StatusBar$_2112#94(preserveDisplayColors:0)
[2026-06-14T10:15:12.026Z] [ALL] 06-14 15:45:12.233  1149  1661 I SurfaceFlinger: Capture layer list: 	 com.sec.android.app.launcher/com.samsung.app.honeyspace.edge.edgepanel.app.CocktailBarService$_2619#103972(preserveDisplayColors:0)
[2026-06-14T10:15:12.026Z] [ALL] 06-14 15:45:12.233  1149  1661 I SurfaceFlinger: Capture layer list: 	 NavigationBar0$_2112#90(preserveDisplayColors:0)
[2026-06-14T10:15:12.030Z] [ALL] 06-14 15:45:12.235  1149  1201 D SurfaceFlinger: [SEC_SF_EFFECTS] drawLayersInternal,1348, Rendering layer ScreenCaptureFillLayer at index 0
[2026-06-14T10:15:12.041Z] [ALL] 06-14 15:45:12.235  1149  1201 D SurfaceFlinger: [SEC_SF_EFFECTS] drawLayersInternal,1348, Rendering layer com.safebank.ai/com.safebank.ai.MainActivity$_19655#104730 at index 1
[2026-06-14T10:15:12.041Z] [ALL] 06-14 15:45:12.236  1149  1201 D SurfaceFlinger: [SEC_SF_EFFECTS] drawLayersInternal,1348, Rendering layer StatusBar$_2112#94 at index 2
[2026-06-14T10:15:12.041Z] [ALL] 06-14 15:45:12.236  1149  1201 D SurfaceFlinger: [SEC_SF_EFFECTS] drawLayersInternal,1348, Rendering layer com.sec.android.app.launcher/com.samsung.app.honeyspace.edge.edgepanel.app.CocktailBarService$_2619#103972 at index 3
[2026-06-14T10:15:12.041Z] [ALL] 06-14 15:45:12.236  1149  1201 D SurfaceFlinger: [SEC_SF_EFFECTS] drawLayersInternal,1348, Rendering layer NavigationBar0$_2112#90 at index 4
[2026-06-14T10:15:12.041Z] [ALL] 06-14 15:45:12.237 19463 19503 I appium  : The following attributes will be included to the page source: [resource-id, content-desc]
[2026-06-14T10:15:12.044Z] [ALL] 06-14 15:45:12.242 19463 19467 I tomator2.server: Method exceeds compiler instruction limit: 19260 in java_cup.runtime.Symbol org.eclipse.wst.xml.xpath2.processor.internal.CUP$XPathCup$actions.CUP$XPathCup$do_action(int, java_cup.runtime.lr_parser, java.util.Stack, int)
[2026-06-14T10:15:12.081Z] [ALL] 06-14 15:45:12.288 29794 29831 I Finsky:background: [2603] AMU: Is primary profile true
[2026-06-14T10:15:12.124Z] [ALL] 06-14 15:45:12.328  1486  4341 D WindowManager: captureDisplay
[2026-06-14T10:15:12.126Z] [ALL] 06-14 15:45:12.328  1486  4341 I SurfaceComposerClient: captureLayers:childrenOnly:1, sync:0
[2026-06-14T10:15:12.133Z] [ALL] 06-14 15:45:12.334  1149  1661 I SurfaceFlinger: Capture layer list: 	 com.safebank.ai/com.safebank.ai.MainActivity$_19655#104730(preserveDisplayColors:0)
[2026-06-14T10:15:12.133Z] [ALL] 06-14 15:45:12.334  1149  1661 I SurfaceFlinger: Capture layer list: 	 StatusBar$_2112#94(preserveDisplayColors:0)
[2026-06-14T10:15:12.133Z] [ALL] 06-14 15:45:12.334  1149  1661 I SurfaceFlinger: Capture layer list: 	 com.sec.android.app.launcher/com.samsung.app.honeyspace.edge.edgepanel.app.CocktailBarService$_2619#103972(preserveDisplayColors:0)
[2026-06-14T10:15:12.133Z] [ALL] 06-14 15:45:12.334  1149  1661 I SurfaceFlinger: Capture layer list: 	 NavigationBar0$_2112#90(preserveDisplayColors:0)
[2026-06-14T10:15:12.133Z] [ALL] 06-14 15:45:12.337  1149  1201 D SurfaceFlinger: [SEC_SF_EFFECTS] drawLayersInternal,1348, Rendering layer ScreenCaptureFillLayer at index 0
[2026-06-14T10:15:12.133Z] [ALL] 06-14 15:45:12.337  1149  1201 D SurfaceFlinger: [SEC_SF_EFFECTS] drawLayersInternal,1348, Rendering layer com.safebank.ai/com.safebank.ai.MainActivity$_19655#104730 at index 1
[2026-06-14T10:15:12.133Z] [ALL] 06-14 15:45:12.337  1149  1201 D SurfaceFlinger: [SEC_SF_EFFECTS] drawLayersInternal,1348, Rendering layer StatusBar$_2112#94 at index 2
[2026-06-14T10:15:12.133Z] [ALL] 06-14 15:45:12.337  1149  1201 D SurfaceFlinger: [SEC_SF_EFFECTS] drawLayersInternal,1348, Rendering layer com.sec.android.app.launcher/com.samsung.app.honeyspace.edge.edgepanel.app.CocktailBarService$_2619#103972 at index 3
[2026-06-14T10:15:12.133Z] [ALL] 06-14 15:45:12.337  1149  1201 D SurfaceFlinger: [SEC_SF_EFFECTS] drawLayersInternal,1348, Rendering layer NavigationBar0$_2112#90 at index 4
[2026-06-14T10:15:12.138Z] [ALL] 06-14 15:45:12.344 19463 19503 I appium  : Took 0ms to retrieve 0 matches for '//*[contains(@resource-id, "otp_toggle_btn") or @content-desc="otp_toggle_btn"]' XPath2 query
[2026-06-14T10:15:12.141Z] [ALL] 06-14 15:45:12.346 19463 19503 I appium  : AppiumResponse: {"sessionId":"ed6c8e2c-e5c1-4b65-b4bf-728310f0e26e","value":{"error":"no such element","message":"An element could not be located on the page using the given search parameters","stacktrace":"io.appium.uiautomator2.common.exceptions.ElementNotFoundException: An element could not be located on the page using the given search parameters\n\tat io.appium.uiautomator2.utils.ElementLocationHelpers.findElement(ElementLocationHelpers.java:153)\n\tat io.appium.uiautomator2.handler.FindElement.safeHandle(FindElement.java:60)\n\tat io.appium.uiautomator2.handler.request.SafeRequestHandler.handle(SafeRequestHandler.java:59)\n\tat io.appium.uiautomator2.server.AppiumServlet.handleRequest(AppiumServlet.java:267)\n\tat io.appium.uiautomator2.server.AppiumServlet.handleHttpRequest(AppiumServlet.java:261)\n\tat io.appium.uiautomator2.http.ServerHandler.channelRead(ServerHandler.java:77)\n\tat io.netty.channel.AbstractChannelHandlerContext.fireChannelRead(AbstractChannelHandlerContext.java:357)\n\tat io.netty.handler.codec.MessageToMessageDecoder.channelRead(MessageToMessageDecoder.java:107)\n\tat io.netty.channel.AbstractChannelHandlerContext.fireChannelRead(AbstractChannelHandlerContext.java:357)\n\tat io.netty.channel.CombinedChannelDuplexHandler$DelegatingChannelHandlerContext.fireChannelRead(CombinedChannelDuplexHandler.java:434)\n\tat io.netty.handler.codec.ByteToMessageDecoder.fireChannelRead(ByteToMessageDecoder.java:361)\n\tat io.netty.handler.codec.ByteToMessageDecoder.channelRead(ByteToMessageDecoder.java:325)\n\tat io.netty.channel.CombinedChannelDuplexHandler.channelRead(CombinedChannelDuplexHandler.java:249)\n\tat io.netty.channel.AbstractChannelHandlerContext.fireChannelRead(AbstractChannelHandlerContext.java:355)\n\tat io.netty.handler.timeout.IdleStateHandler.channelRead(IdleStateHandler.java:288)\n\tat io.netty.channel.AbstractChannelHandlerContext.fireChannelRead(AbstractChannelHandlerContext.java:355)\n\tat io.netty.channel.DefaultChannelPipeline$HeadContext.channelRead(DefaultChannelPipeline.java:1429)\n\tat io.netty.channel.DefaultChannelPipeline.fireChannelRead(DefaultChannelPipeline.java:918)\n\tat io.netty.channel.nio.AbstractNioByteChannel$NioByteUnsafe.read(AbstractNioByteChannel.java:176)\n\tat io.netty.channel.nio.AbstractNioChannel$AbstractNioUnsafe.handle(AbstractNioChannel.java:445)\n\tat io.netty.channel.nio.NioIoHandler$DefaultNioRegistration.handle(NioIoHandler.java:388)\n\tat io.netty.channel.nio.NioIoHandler.processSelectedKey(NioIoHandler.java:596)\n\tat io.netty.channel.nio.NioIoHandler.processSelectedKeysOptimized(NioIoHandler.java:571)\n\tat io.netty.channel.nio.NioIoHandler.processSelectedKeys(NioIoHandler.java:512)\n\tat io.netty.channel.nio.NioIoHandler.run(NioIoHandler.java:484)\n\tat io.netty.channel.SingleThreadIoEventLoop.runIo(SingleThreadIoEventLoop.java:225)\n\tat io.netty.channel.SingleThreadIoEventLoop.run(SingleThreadIoEventLoop.java:196)\n\tat io.netty.util.concurrent.SingleThreadEventExecutor$5.run(SingleThreadEventExecutor.java:1195)\n\tat io.netty.util.internal.ThreadExecutorMap$2.run(ThreadExecutorMap.java:74)\n\tat io.netty.util.concurrent.FastThreadLocalRunnable.run(FastThreadLocalRunnable.java:30)\n\tat java.lang.Thread.run(Thread.java:1564)\n"}}
[2026-06-14T10:15:12.226Z] [ALL] 06-14 15:45:12.429  1486  4341 D WindowManager: captureDisplay
[2026-06-14T10:15:12.232Z] [ALL] 06-14 15:45:12.438  1486  4341 I SurfaceComposerClient: captureLayers:childrenOnly:1, sync:0
[2026-06-14T10:15:12.241Z] [ALL] 06-14 15:45:12.443  1149  1661 I SurfaceFlinger: Capture layer list: 	 com.safebank.ai/com.safebank.ai.MainActivity$_19655#104730(preserveDisplayColors:0)
[2026-06-14T10:15:12.243Z] [ALL] 06-14 15:45:12.443  1149  1661 I SurfaceFlinger: Capture layer list: 	 StatusBar$_2112#94(preserveDisplayColors:0)
[2026-06-14T10:15:12.243Z] [ALL] 06-14 15:45:12.443  1149  1661 I SurfaceFlinger: Capture layer list: 	 com.sec.android.app.launcher/com.samsung.app.honeyspace.edge.edgepanel.app.CocktailBarService$_2619#103972(preserveDisplayColors:0)
[2026-06-14T10:15:12.243Z] [ALL] 06-14 15:45:12.443  1149  1661 I SurfaceFlinger: Capture layer list: 	 NavigationBar0$_2112#90(preserveDisplayColors:0)
[2026-06-14T10:15:12.243Z] [ALL] 06-14 15:45:12.445  1149  1201 D SurfaceFlinger: [SEC_SF_EFFECTS] drawLayersInternal,1348, Rendering layer ScreenCaptureFillLayer at index 0
[2026-06-14T10:15:12.243Z] [ALL] 06-14 15:45:12.445  1149  1201 D SurfaceFlinger: [SEC_SF_EFFECTS] drawLayersInternal,1348, Rendering layer com.safebank.ai/com.safebank.ai.MainActivity$_19655#104730 at index 1
[2026-06-14T10:15:12.243Z] [ALL] 06-14 15:45:12.446  1149  1201 D SurfaceFlinger: [SEC_SF_EFFECTS] drawLayersInternal,1348, Rendering layer StatusBar$_2112#94 at index 2
[2026-06-14T10:15:12.243Z] [ALL] 06-14 15:45:12.446  1149  1201 D SurfaceFlinger: [SEC_SF_EFFECTS] drawLayersInternal,1348, Rendering layer com.sec.android.app.launcher/com.samsung.app.honeyspace.edge.edgepanel.app.CocktailBarService$_2619#103972 at index 3
[2026-06-14T10:15:12.243Z] [ALL] 06-14 15:45:12.446  1149  1201 D SurfaceFlinger: [SEC_SF_EFFECTS] drawLayersInternal,1348, Rendering layer NavigationBar0$_2112#90 at index 4
[2026-06-14T10:15:12.323Z] [ALL] 06-14 15:45:12.529  1486  4341 D WindowManager: captureDisplay
[2026-06-14T10:15:12.323Z] [ALL] 06-14 15:45:12.529  1486  4341 I SurfaceComposerClient: captureLayers:childrenOnly:1, sync:0
[2026-06-14T10:15:12.330Z] [ALL] 06-14 15:45:12.535  1149  1661 I SurfaceFlinger: Capture layer list: 	 com.safebank.ai/com.safebank.ai.MainActivity$_19655#104730(preserveDisplayColors:0)
[2026-06-14T10:15:12.330Z] [ALL] 06-14 15:45:12.535  1149  1661 I SurfaceFlinger: Capture layer list: 	 StatusBar$_2112#94(preserveDisplayColors:0)
[2026-06-14T10:15:12.330Z] [ALL] 06-14 15:45:12.535  1149  1661 I SurfaceFlinger: Capture layer list: 	 com.sec.android.app.launcher/com.samsung.app.honeyspace.edge.edgepanel.app.CocktailBarService$_2619#103972(preserveDisplayColors:0)
[2026-06-14T10:15:12.330Z] [ALL] 06-14 15:45:12.535  1149  1661 I SurfaceFlinger: Capture layer list: 	 NavigationBar0$_2112#90(preserveDisplayColors:0)
[2026-06-14T10:15:12.330Z] [ALL] 06-14 15:45:12.537  1149  1201 D SurfaceFlinger: [SEC_SF_EFFECTS] drawLayersInternal,1348, Rendering layer ScreenCaptureFillLayer at index 0
[2026-06-14T10:15:12.330Z] [ALL] 06-14 15:45:12.537  1149  1201 D SurfaceFlinger: [SEC_SF_EFFECTS] drawLayersInternal,1348, Rendering layer com.safebank.ai/com.safebank.ai.MainActivity$_19655#104730 at index 1
[2026-06-14T10:15:12.330Z] [ALL] 06-14 15:45:12.537  1149  1201 D SurfaceFlinger: [SEC_SF_EFFECTS] drawLayersInternal,1348, Rendering layer StatusBar$_2112#94 at index 2
[2026-06-14T10:15:12.330Z] [ALL] 06-14 15:45:12.537  1149  1201 D SurfaceFlinger: [SEC_SF_EFFECTS] drawLayersInternal,1348, Rendering layer com.sec.android.app.launcher/com.samsung.app.honeyspace.edge.edgepanel.app.CocktailBarService$_2619#103972 at index 3
[2026-06-14T10:15:12.330Z] [ALL] 06-14 15:45:12.537  1149  1201 D SurfaceFlinger: [SEC_SF_EFFECTS] drawLayersInternal,1348, Rendering layer NavigationBar0$_2112#90 at index 4
[2026-06-14T10:15:12.393Z] [ALL] 06-14 15:45:12.596  1486  1729 D WifiStaIfaceHidlImpl: getCachedScanData is not implemented by HIDL
[2026-06-14T10:15:12.412Z] [ALL] 06-14 15:45:12.613  1486  1741 D InetDiagMessage: Destroyed 0 sockets, proto=IPPROTO_TCP, family=AF_INET, states=14
[2026-06-14T10:15:12.414Z] [ALL] 06-14 15:45:12.613  1486  3494 D SemWifiUsabilityStatsMonitor: onWifiUsabilityStats - seqNum 23696, isSameBssidAndFreq true
[2026-06-14T10:15:12.414Z] [ALL] 06-14 15:45:12.614  1486  1741 D InetDiagMessage: Destroyed 0 sockets, proto=IPPROTO_TCP, family=AF_INET6, states=14
[2026-06-14T10:15:12.414Z] [ALL] 06-14 15:45:12.614  1486  1741 D InetDiagMessage: Destroyed live tcp sockets for uids={10347} in 2ms
[2026-06-14T10:15:12.417Z] [ALL] 06-14 15:45:12.614  1486  1741 D InetDiagMessage: Destroyed 0 sockets, proto=IPPROTO_TCP, family=AF_INET, states=14
[2026-06-14T10:15:12.417Z] [ALL] 06-14 15:45:12.615  1486  1830 I SemWifiLinkQualityMonitor: Link stat: 2610 / 338 / 1.23 (306) / 104 / -58.0 || 100.0 : 104.00 / 0.5 : 0.81 / 0.55 : 0.13 / B (G) || 75790cca2437: 0.160 / 50.115 / N / V || N N / 0 0 / N 2.0 / N -1 0.000 0.000 / N / X 0 / 182923921 0 0 || 2026-06-14 15:45:11  / 0: 0 0 0 0 0 0 / 0: 0 0 0 0 0 0 / 0: 0 0 0 0 0 0
[2026-06-14T10:15:12.417Z] [ALL] 06-14 15:45:12.615  1486  1741 D InetDiagMessage: Destroyed 0 sockets, proto=IPPROTO_TCP, family=AF_INET6, states=14
[2026-06-14T10:15:12.417Z] [ALL] 06-14 15:45:12.615  1486  1741 D InetDiagMessage: Destroyed live tcp sockets for uids={20347} in 1ms
[2026-06-14T10:15:12.417Z] [ALL] 06-14 15:45:12.617  2072  2072 I EPDG-0 [WifiProfiler]: handleWifiRssiIntent, rssi=-58
[2026-06-14T10:15:12.417Z] [ALL] 06-14 15:45:12.617  2072  2072 I EPDG-0 [WifiProfiler]: isProfiling, hash=189204772, started=true
[2026-06-14T10:15:12.417Z] [ALL] 06-14 15:45:12.618  2072  2072 I EPDG-0 [LogMetrics]: set, type=WIFI_RSSI_LAST, value=-58
[2026-06-14T10:15:12.417Z] [ALL] 06-14 15:45:12.618  2072  2072 I EPDG-0 [WifiProfiler]: isProfiling, hash=189204772, started=true
[2026-06-14T10:15:12.417Z] [ALL] 06-14 15:45:12.620  2072  2072 I EPDG-0 [WifiProfiler]: Rssi : -58 highrange : -75 lowrange : -85 mIsRssiInHystersis : false
[2026-06-14T10:15:12.417Z] [ALL] 06-14 15:45:12.620  2072  2072 I EPDG-0 [WifiProfiler]: Rssi : -58 highrange : -75 lowrange : -85 mIsRssiInHystersis : false
[2026-06-14T10:15:12.417Z] [ALL] 06-14 15:45:12.620  2072  2072 I EPDG-0 [Subscription]: isEpdgAvailable, IwlanPsState=2/2
[2026-06-14T10:15:12.417Z] [ALL] 06-14 15:45:12.620  2072  2072 I EPDG-0 [WifiProfiler]: getHandoverThresholdMet: value is: false
[2026-06-14T10:15:12.422Z] [ALL] 06-14 15:45:12.629  1486  4341 D WindowManager: captureDisplay
[2026-06-14T10:15:12.425Z] [ALL] 06-14 15:45:12.629  1486  4341 I SurfaceComposerClient: captureLayers:childrenOnly:1, sync:0
[2026-06-14T10:15:12.427Z] [ALL] 06-14 15:45:12.632  1149  1661 I SurfaceFlinger: Capture layer list: 	 com.safebank.ai/com.safebank.ai.MainActivity$_19655#104730(preserveDisplayColors:0)
[2026-06-14T10:15:12.427Z] [ALL] 06-14 15:45:12.632  1149  1661 I SurfaceFlinger: Capture layer list: 	 StatusBar$_2112#94(preserveDisplayColors:0)
[2026-06-14T10:15:12.427Z] [ALL] 06-14 15:45:12.632  1149  1661 I SurfaceFlinger: Capture layer list: 	 com.sec.android.app.launcher/com.samsung.app.honeyspace.edge.edgepanel.app.CocktailBarService$_2619#103972(preserveDisplayColors:0)
[2026-06-14T10:15:12.427Z] [ALL] 06-14 15:45:12.632  1149  1661 I SurfaceFlinger: Capture layer list: 	 NavigationBar0$_2112#90(preserveDisplayColors:0)
[2026-06-14T10:15:12.433Z] [ALL] 06-14 15:45:12.634  1149  1201 D SurfaceFlinger: [SEC_SF_EFFECTS] drawLayersInternal,1348, Rendering layer ScreenCaptureFillLayer at index 0
[2026-06-14T10:15:12.436Z] [ALL] 06-14 15:45:12.634  1149  1201 D SurfaceFlinger: [SEC_SF_EFFECTS] drawLayersInternal,1348, Rendering layer com.safebank.ai/com.safebank.ai.MainActivity$_19655#104730 at index 1
[2026-06-14T10:15:12.436Z] [ALL] 06-14 15:45:12.634  1149  1201 D SurfaceFlinger: [SEC_SF_EFFECTS] drawLayersInternal,1348, Rendering layer StatusBar$_2112#94 at index 2
[2026-06-14T10:15:12.436Z] [ALL] 06-14 15:45:12.634  1149  1201 D SurfaceFlinger: [SEC_SF_EFFECTS] drawLayersInternal,1348, Rendering layer com.sec.android.app.launcher/com.samsung.app.honeyspace.edge.edgepanel.app.CocktailBarService$_2619#103972 at index 3
[2026-06-14T10:15:12.436Z] [ALL] 06-14 15:45:12.634  1149  1201 D SurfaceFlinger: [SEC_SF_EFFECTS] drawLayersInternal,1348, Rendering layer NavigationBar0$_2112#90 at index 4
[2026-06-14T10:15:12.527Z] [ALL] 06-14 15:45:12.730  1486  4341 D WindowManager: captureDisplay
[2026-06-14T10:15:12.531Z] [ALL] 06-14 15:45:12.731  1486  4341 I SurfaceComposerClient: captureLayers:childrenOnly:1, sync:0
[2026-06-14T10:15:12.531Z] [ALL] 06-14 15:45:12.735  1149  1661 I SurfaceFlinger: Capture layer list: 	 com.safebank.ai/com.safebank.ai.MainActivity$_19655#104730(preserveDisplayColors:0)
[2026-06-14T10:15:12.531Z] [ALL] 06-14 15:45:12.735  1149  1661 I SurfaceFlinger: Capture layer list: 	 StatusBar$_2112#94(preserveDisplayColors:0)
[2026-06-14T10:15:12.531Z] [ALL] 06-14 15:45:12.735  1149  1661 I SurfaceFlinger: Capture layer list: 	 com.sec.android.app.launcher/com.samsung.app.honeyspace.edge.edgepanel.app.CocktailBarService$_2619#103972(preserveDisplayColors:0)
[2026-06-14T10:15:12.531Z] [ALL] 06-14 15:45:12.735  1149  1661 I SurfaceFlinger: Capture layer list: 	 NavigationBar0$_2112#90(preserveDisplayColors:0)
[2026-06-14T10:15:12.536Z] [ALL] 06-14 15:45:12.738  1149  1201 D SurfaceFlinger: [SEC_SF_EFFECTS] drawLayersInternal,1348, Rendering layer ScreenCaptureFillLayer at index 0
[2026-06-14T10:15:12.540Z] [ALL] 06-14 15:45:12.738  1149  1201 D SurfaceFlinger: [SEC_SF_EFFECTS] drawLayersInternal,1348, Rendering layer com.safebank.ai/com.safebank.ai.MainActivity$_19655#104730 at index 1
[2026-06-14T10:15:12.540Z] [ALL] 06-14 15:45:12.738  1149  1201 D SurfaceFlinger: [SEC_SF_EFFECTS] drawLayersInternal,1348, Rendering layer StatusBar$_2112#94 at index 2
[2026-06-14T10:15:12.544Z] [ALL] 06-14 15:45:12.738  1149  1201 D SurfaceFlinger: [SEC_SF_EFFECTS] drawLayersInternal,1348, Rendering layer com.sec.android.app.launcher/com.samsung.app.honeyspace.edge.edgepanel.app.CocktailBarService$_2619#103972 at index 3
[2026-06-14T10:15:12.555Z] [ALL] 06-14 15:45:12.738  1149  1201 D SurfaceFlinger: [SEC_SF_EFFECTS] drawLayersInternal,1348, Rendering layer NavigationBar0$_2112#90 at index 4
[2026-06-14T10:15:12.578Z] [ALL] 06-14 15:45:12.783  1928  2771 D PhoneInterfaceManager: setDataEnabledForReason() Reason=1 Pid=1486 App=system
[2026-06-14T10:15:12.584Z] [ALL] 06-14 15:45:12.789  1486  1856 D SemWifiSwitchForIndividualAppsService: isSkipNetworkCondition - result:2
[2026-06-14T10:15:12.630Z] [ALL] 06-14 15:45:12.831  1486  4341 D WindowManager: captureDisplay
[2026-06-14T10:15:12.633Z] [ALL] 06-14 15:45:12.833  1486  4341 I SurfaceComposerClient: captureLayers:childrenOnly:1, sync:0
[2026-06-14T10:15:12.633Z] [ALL] 06-14 15:45:12.837  1149  1661 I SurfaceFlinger: Capture layer list: 	 com.safebank.ai/com.safebank.ai.MainActivity$_19655#104730(preserveDisplayColors:0)
[2026-06-14T10:15:12.633Z] [ALL] 06-14 15:45:12.837  1149  1661 I SurfaceFlinger: Capture layer list: 	 StatusBar$_2112#94(preserveDisplayColors:0)
[2026-06-14T10:15:12.633Z] [ALL] 06-14 15:45:12.837  1149  1661 I SurfaceFlinger: Capture layer list: 	 com.sec.android.app.launcher/com.samsung.app.honeyspace.edge.edgepanel.app.CocktailBarService$_2619#103972(preserveDisplayColors:0)
[2026-06-14T10:15:12.636Z] [ALL] 06-14 15:45:12.837  1149  1661 I SurfaceFlinger: Capture layer list: 	 NavigationBar0$_2112#90(preserveDisplayColors:0)
[2026-06-14T10:15:12.636Z] [ALL] 06-14 15:45:12.839  1149  1201 D SurfaceFlinger: [SEC_SF_EFFECTS] drawLayersInternal,1348, Rendering layer ScreenCaptureFillLayer at index 0
[2026-06-14T10:15:12.636Z] [ALL] 06-14 15:45:12.839  1149  1201 D SurfaceFlinger: [SEC_SF_EFFECTS] drawLayersInternal,1348, Rendering layer com.safebank.ai/com.safebank.ai.MainActivity$_19655#104730 at index 1
[2026-06-14T10:15:12.636Z] [ALL] 06-14 15:45:12.839  1149  1201 D SurfaceFlinger: [SEC_SF_EFFECTS] drawLayersInternal,1348, Rendering layer StatusBar$_2112#94 at index 2
[2026-06-14T10:15:12.636Z] [ALL] 06-14 15:45:12.839  1149  1201 D SurfaceFlinger: [SEC_SF_EFFECTS] drawLayersInternal,1348, Rendering layer com.sec.android.app.launcher/com.samsung.app.honeyspace.edge.edgepanel.app.CocktailBarService$_2619#103972 at index 3
[2026-06-14T10:15:12.638Z] [ALL] 06-14 15:45:12.839  1149  1201 D SurfaceFlinger: [SEC_SF_EFFECTS] drawLayersInternal,1348, Rendering layer NavigationBar0$_2112#90 at index 4
[2026-06-14T10:15:12.664Z] [ALL] 06-14 15:45:12.863 19463 19503 I appium  : channel read: POST /session/ed6c8e2c-e5c1-4b65-b4bf-728310f0e26e/element
[2026-06-14T10:15:12.665Z] [ALL] 06-14 15:45:12.864 19463 19503 I appium  : FindElement command
[2026-06-14T10:15:12.666Z] [ALL] 06-14 15:45:12.865 19463 19503 I appium  : method: 'xpath', selector: '//*[contains(@resource-id, "otp_toggle_btn") or @content-desc="otp_toggle_btn"]'
[2026-06-14T10:15:12.666Z] [ALL] 06-14 15:45:12.865 19463 19503 I appium  : Waiting up to 10000ms for the device to idle
[2026-06-14T10:15:12.666Z] [ALL] 06-14 15:45:12.866 19463 19503 I appium  : The following attributes will be included to the page source: [resource-id, content-desc]
[2026-06-14T10:15:12.682Z] [ALL] 06-14 15:45:12.885  1486  1741 D InetDiagMessage: Destroyed 0 sockets, proto=IPPROTO_TCP, family=AF_INET, states=14
[2026-06-14T10:15:12.684Z] [ALL] 06-14 15:45:12.888  1486  1741 D InetDiagMessage: Destroyed 0 sockets, proto=IPPROTO_TCP, family=AF_INET6, states=14
[2026-06-14T10:15:12.684Z] [ALL] 06-14 15:45:12.888  1486  1741 D InetDiagMessage: Destroyed live tcp sockets for uids={10365} in 5ms
[2026-06-14T10:15:12.684Z] [ALL] 06-14 15:45:12.889  1486  1741 D InetDiagMessage: Destroyed 0 sockets, proto=IPPROTO_TCP, family=AF_INET, states=14
[2026-06-14T10:15:12.684Z] [ALL] 06-14 15:45:12.890  1486  1741 D InetDiagMessage: Destroyed 0 sockets, proto=IPPROTO_TCP, family=AF_INET6, states=14
[2026-06-14T10:15:12.687Z] [ALL] 06-14 15:45:12.890  1486  1741 D InetDiagMessage: Destroyed live tcp sockets for uids={20365} in 2ms
[2026-06-14T10:15:12.729Z] [ALL] 06-14 15:45:12.932  1486  2158 D WindowManager: captureDisplay
[2026-06-14T10:15:12.729Z] [ALL] 06-14 15:45:12.932  1486  2158 I SurfaceComposerClient: captureLayers:childrenOnly:1, sync:0
[2026-06-14T10:15:12.732Z] [ALL] 06-14 15:45:12.938  1149  1661 I SurfaceFlinger: Capture layer list: 	 com.safebank.ai/com.safebank.ai.MainActivity$_19655#104730(preserveDisplayColors:0)
[2026-06-14T10:15:12.732Z] [ALL] 06-14 15:45:12.938  1149  1661 I SurfaceFlinger: Capture layer list: 	 StatusBar$_2112#94(preserveDisplayColors:0)
[2026-06-14T10:15:12.732Z] [ALL] 06-14 15:45:12.938  1149  1661 I SurfaceFlinger: Capture layer list: 	 com.sec.android.app.launcher/com.samsung.app.honeyspace.edge.edgepanel.app.CocktailBarService$_2619#103972(preserveDisplayColors:0)
[2026-06-14T10:15:12.732Z] [ALL] 06-14 15:45:12.938  1149  1661 I SurfaceFlinger: Capture layer list: 	 NavigationBar0$_2112#90(preserveDisplayColors:0)
[2026-06-14T10:15:12.732Z] [ALL] 06-14 15:45:12.940  1149  1201 D SurfaceFlinger: [SEC_SF_EFFECTS] drawLayersInternal,1348, Rendering layer ScreenCaptureFillLayer at index 0
[2026-06-14T10:15:12.732Z] [ALL] 06-14 15:45:12.940  1149  1201 D SurfaceFlinger: [SEC_SF_EFFECTS] drawLayersInternal,1348, Rendering layer com.safebank.ai/com.safebank.ai.MainActivity$_19655#104730 at index 1
[2026-06-14T10:15:12.734Z] [ALL] 06-14 15:45:12.940  1149  1201 D SurfaceFlinger: [SEC_SF_EFFECTS] drawLayersInternal,1348, Rendering layer StatusBar$_2112#94 at index 2
[2026-06-14T10:15:12.734Z] [ALL] 06-14 15:45:12.940  1149  1201 D SurfaceFlinger: [SEC_SF_EFFECTS] drawLayersInternal,1348, Rendering layer com.sec.android.app.launcher/com.samsung.app.honeyspace.edge.edgepanel.app.CocktailBarService$_2619#103972 at index 3
[2026-06-14T10:15:12.734Z] [ALL] 06-14 15:45:12.940  1149  1201 D SurfaceFlinger: [SEC_SF_EFFECTS] drawLayersInternal,1348, Rendering layer NavigationBar0$_2112#90 at index 4
[2026-06-14T10:15:12.748Z] [ALL] 06-14 15:45:12.952  1486  1828 I SemWifiServiceDetector: NSD results: [0, 0, 2, 0, 0, 0, 2, 0, 1] Traff. type 1 Thr 7
[2026-06-14T10:15:12.775Z] [ALL] 06-14 15:45:12.981 19463 19503 I appium  : Took 0ms to retrieve 0 matches for '//*[contains(@resource-id, "otp_toggle_btn") or @content-desc="otp_toggle_btn"]' XPath2 query
[2026-06-14T10:15:12.780Z] [ALL] 06-14 15:45:12.982 19463 19503 I appium  : AppiumResponse: {"sessionId":"ed6c8e2c-e5c1-4b65-b4bf-728310f0e26e","value":{"error":"no such element","message":"An element could not be located on the page using the given search parameters","stacktrace":"io.appium.uiautomator2.common.exceptions.ElementNotFoundException: An element could not be located on the page using the given search parameters\n\tat io.appium.uiautomator2.utils.ElementLocationHelpers.findElement(ElementLocationHelpers.java:153)\n\tat io.appium.uiautomator2.handler.FindElement.safeHandle(FindElement.java:60)\n\tat io.appium.uiautomator2.handler.request.SafeRequestHandler.handle(SafeRequestHandler.java:59)\n\tat io.appium.uiautomator2.server.AppiumServlet.handleRequest(AppiumServlet.java:267)\n\tat io.appium.uiautomator2.server.AppiumServlet.handleHttpRequest(AppiumServlet.java:261)\n\tat io.appium.uiautomator2.http.ServerHandler.channelRead(ServerHandler.java:77)\n\tat io.netty.channel.AbstractChannelHandlerContext.fireChannelRead(AbstractChannelHandlerContext.java:357)\n\tat io.netty.handler.codec.MessageToMessageDecoder.channelRead(MessageToMessageDecoder.java:107)\n\tat io.netty.channel.AbstractChannelHandlerContext.fireChannelRead(AbstractChannelHandlerContext.java:357)\n\tat io.netty.channel.CombinedChannelDuplexHandler$DelegatingChannelHandlerContext.fireChannelRead(CombinedChannelDuplexHandler.java:434)\n\tat io.netty.handler.codec.ByteToMessageDecoder.fireChannelRead(ByteToMessageDecoder.java:361)\n\tat io.netty.handler.codec.ByteToMessageDecoder.channelRead(ByteToMessageDecoder.java:325)\n\tat io.netty.channel.CombinedChannelDuplexHandler.channelRead(CombinedChannelDuplexHandler.java:249)\n\tat io.netty.channel.AbstractChannelHandlerContext.fireChannelRead(AbstractChannelHandlerContext.java:355)\n\tat io.netty.handler.timeout.IdleStateHandler.channelRead(IdleStateHandler.java:288)\n\tat io.netty.channel.AbstractChannelHandlerContext.fireChannelRead(AbstractChannelHandlerContext.java:355)\n\tat io.netty.channel.DefaultChannelPipeline$HeadContext.channelRead(DefaultChannelPipeline.java:1429)\n\tat io.netty.channel.DefaultChannelPipeline.fireChannelRead(DefaultChannelPipeline.java:918)\n\tat io.netty.channel.nio.AbstractNioByteChannel$NioByteUnsafe.read(AbstractNioByteChannel.java:176)\n\tat io.netty.channel.nio.AbstractNioChannel$AbstractNioUnsafe.handle(AbstractNioChannel.java:445)\n\tat io.netty.channel.nio.NioIoHandler$DefaultNioRegistration.handle(NioIoHandler.java:388)\n\tat io.netty.channel.nio.NioIoHandler.processSelectedKey(NioIoHandler.java:596)\n\tat io.netty.channel.nio.NioIoHandler.processSelectedKeysOptimized(NioIoHandler.java:571)\n\tat io.netty.channel.nio.NioIoHandler.processSelectedKeys(NioIoHandler.java:512)\n\tat io.netty.channel.nio.NioIoHandler.run(NioIoHandler.java:484)\n\tat io.netty.channel.SingleThreadIoEventLoop.runIo(SingleThreadIoEventLoop.java:225)\n\tat io.netty.channel.SingleThreadIoEventLoop.run(SingleThreadIoEventLoop.java:196)\n\tat io.netty.util.concurrent.SingleThreadEventExecutor$5.run(SingleThreadEventExecutor.java:1195)\n\tat io.netty.util.internal.ThreadExecutorMap$2.run(ThreadExecutorMap.java:74)\n\tat io.netty.util.concurrent.FastThreadLocalRunnable.run(FastThreadLocalRunnable.java:30)\n\tat java.lang.Thread.run(Thread.java:1564)\n"}}
[2026-06-14T10:15:12.807Z] [ALL] 06-14 15:45:13.010 28168 28191 W .shealth:remote: userfaultfd: MOVE ioctl seems unsupported: Connection timed out
[2026-06-14T10:15:12.838Z] [ALL] 06-14 15:45:13.034  1486  2158 D WindowManager: captureDisplay
[2026-06-14T10:15:12.838Z] [ALL] 06-14 15:45:13.034  1486  2158 I SurfaceComposerClient: captureLayers:childrenOnly:1, sync:0
[2026-06-14T10:15:12.838Z] [ALL] 06-14 15:45:13.039  1149  1661 I SurfaceFlinger: Capture layer list: 	 com.safebank.ai/com.safebank.ai.MainActivity$_19655#104730(preserveDisplayColors:0)
[2026-06-14T10:15:12.838Z] [ALL] 06-14 15:45:13.039  1149  1661 I SurfaceFlinger: Capture layer list: 	 StatusBar$_2112#94(preserveDisplayColors:0)
[2026-06-14T10:15:12.838Z] [ALL] 06-14 15:45:13.039  1149  1661 I SurfaceFlinger: Capture layer list: 	 com.sec.android.app.launcher/com.samsung.app.honeyspace.edge.edgepanel.app.CocktailBarService$_2619#103972(preserveDisplayColors:0)
[2026-06-14T10:15:12.838Z] [ALL] 06-14 15:45:13.039  1149  1661 I SurfaceFlinger: Capture layer list: 	 NavigationBar0$_2112#90(preserveDisplayColors:0)
[2026-06-14T10:15:12.859Z] [ALL] 06-14 15:45:13.040 28168 28191 I .shealth:remote: Background concurrent mark compact GC freed 21MB AllocSpace bytes, 129(4344KB) LOS objects, 86% free, 3955KB/27MB, paused 1.795ms,5.219ms total 146.034ms
[2026-06-14T10:15:12.859Z] [ALL] 06-14 15:45:13.042  1149  1201 D SurfaceFlinger: [SEC_SF_EFFECTS] drawLayersInternal,1348, Rendering layer ScreenCaptureFillLayer at index 0
[2026-06-14T10:15:12.859Z] [ALL] 06-14 15:45:13.042  1149  1201 D SurfaceFlinger: [SEC_SF_EFFECTS] drawLayersInternal,1348, Rendering layer com.safebank.ai/com.safebank.ai.MainActivity$_19655#104730 at index 1
[2026-06-14T10:15:12.859Z] [ALL] 06-14 15:45:13.042  1149  1201 D SurfaceFlinger: [SEC_SF_EFFECTS] drawLayersInternal,1348, Rendering layer StatusBar$_2112#94 at index 2
[2026-06-14T10:15:12.859Z] [ALL] 06-14 15:45:13.042  1149  1201 D SurfaceFlinger: [SEC_SF_EFFECTS] drawLayersInternal,1348, Rendering layer com.sec.android.app.launcher/com.samsung.app.honeyspace.edge.edgepanel.app.CocktailBarService$_2619#103972 at index 3
[2026-06-14T10:15:12.859Z] [ALL] 06-14 15:45:13.042  1149  1201 D SurfaceFlinger: [SEC_SF_EFFECTS] drawLayersInternal,1348, Rendering layer NavigationBar0$_2112#90 at index 4
[2026-06-14T10:15:12.859Z] [ALL] 06-14 15:45:13.045 28168 28195 W System  : A resource failed to call AbstractCursor.close. 
[2026-06-14T10:15:12.859Z] [ALL] 06-14 15:45:13.045 28168 28195 W System  : A resource failed to call CursorWindow.close. 
[2026-06-14T10:15:12.859Z] [ALL] 06-14 15:45:13.045 28168 28195 W System  : A resource failed to call AbstractCursor.close. 
[2026-06-14T10:15:12.859Z] [ALL] 06-14 15:45:13.045 28168 28195 W System  : A resource failed to call CursorWindow.close. 
[2026-06-14T10:15:12.933Z] [ALL] 06-14 15:45:13.135  1486  2158 D WindowManager: captureDisplay
[2026-06-14T10:15:12.933Z] [ALL] 06-14 15:45:13.136  1486  2158 I SurfaceComposerClient: captureLayers:childrenOnly:1, sync:0
[2026-06-14T10:15:12.938Z] [ALL] 06-14 15:45:13.141  1149  1661 I SurfaceFlinger: Capture layer list: 	 com.safebank.ai/com.safebank.ai.MainActivity$_19655#104730(preserveDisplayColors:0)
[2026-06-14T10:15:12.938Z] [ALL] 06-14 15:45:13.141  1149  1661 I SurfaceFlinger: Capture layer list: 	 StatusBar$_2112#94(preserveDisplayColors:0)
[2026-06-14T10:15:12.938Z] [ALL] 06-14 15:45:13.141  1149  1661 I SurfaceFlinger: Capture layer list: 	 com.sec.android.app.launcher/com.samsung.app.honeyspace.edge.edgepanel.app.CocktailBarService$_2619#103972(preserveDisplayColors:0)
[2026-06-14T10:15:12.938Z] [ALL] 06-14 15:45:13.141  1149  1661 I SurfaceFlinger: Capture layer list: 	 NavigationBar0$_2112#90(preserveDisplayColors:0)
[2026-06-14T10:15:12.938Z] [ALL] 06-14 15:45:13.143  1149  1201 D SurfaceFlinger: [SEC_SF_EFFECTS] drawLayersInternal,1348, Rendering layer ScreenCaptureFillLayer at index 0
[2026-06-14T10:15:12.939Z] [ALL] 06-14 15:45:13.143  1149  1201 D SurfaceFlinger: [SEC_SF_EFFECTS] drawLayersInternal,1348, Rendering layer com.safebank.ai/com.safebank.ai.MainActivity$_19655#104730 at index 1
[2026-06-14T10:15:12.939Z] [ALL] 06-14 15:45:13.143  1149  1201 D SurfaceFlinger: [SEC_SF_EFFECTS] drawLayersInternal,1348, Rendering layer StatusBar$_2112#94 at index 2
[2026-06-14T10:15:12.939Z] [ALL] 06-14 15:45:13.143  1149  1201 D SurfaceFlinger: [SEC_SF_EFFECTS] drawLayersInternal,1348, Rendering layer com.sec.android.app.launcher/com.samsung.app.honeyspace.edge.edgepanel.app.CocktailBarService$_2619#103972 at index 3
[2026-06-14T10:15:12.939Z] [ALL] 06-14 15:45:13.143  1149  1201 D SurfaceFlinger: [SEC_SF_EFFECTS] drawLayersInternal,1348, Rendering layer NavigationBar0$_2112#90 at index 4
[2026-06-14T10:15:12.951Z] [ALL] 06-14 15:45:13.157  1486  1520 E Watchdog: !@Sync: 6092 heap(MB): 188 / 204 FD: 1376 Threads: 600 [2026-06-14 15:45:13.156]
[2026-06-14T10:15:12.987Z] [ALL] 06-14 15:45:13.190   747   747 D io_stats: !@   8,0 r 80541884 1588790077 w 12770503 208966832 d 4239395 260176508 f 0 1114387 iot 28911180 0 th 0 0 0 pt 0 inp 0 0 182924.498
[2026-06-14T10:15:12.987Z] [ALL] 06-14 15:45:13.190   747   747 D io_stats: !@ Read_top(KB): fice.powerpoint(29340) 29692 android.vending(27719) 8640 gle.android.gms(27463) 5924
[2026-06-14T10:15:12.987Z] [ALL] 06-14 15:45:13.190   747   747 D io_stats: !@ Write_top(KB): kworker/u16:2(20928) 18004 system_server(1486) 1084 gle.android.gms(27463) 672
[2026-06-14T10:15:12.999Z] [ALL] 06-14 15:45:13.203 29041 29055 W oid.app.shealth: userfaultfd: MOVE ioctl seems unsupported: Connection timed out
[2026-06-14T10:15:13.034Z] [ALL] 06-14 15:45:13.235  1486  2158 D WindowManager: captureDisplay
[2026-06-14T10:15:13.036Z] [ALL] 06-14 15:45:13.236  1486  2158 I SurfaceComposerClient: captureLayers:childrenOnly:1, sync:0
[2026-06-14T10:15:13.036Z] [ALL] 06-14 15:45:13.236  1486  1741 D InetDiagMessage: Destroyed 0 sockets, proto=IPPROTO_TCP, family=AF_INET, states=14
[2026-06-14T10:15:13.036Z] [ALL] 06-14 15:45:13.238  1486  1741 D InetDiagMessage: Destroyed 0 sockets, proto=IPPROTO_TCP, family=AF_INET6, states=14
[2026-06-14T10:15:13.036Z] [ALL] 06-14 15:45:13.238  1486  1741 D InetDiagMessage: Destroyed live tcp sockets for uids={10380} in 4ms
[2026-06-14T10:15:13.036Z] [ALL] 06-14 15:45:13.239  1486  1741 D InetDiagMessage: Destroyed 0 sockets, proto=IPPROTO_TCP, family=AF_INET, states=14
[2026-06-14T10:15:13.036Z] [ALL] 06-14 15:45:13.240  1486  1741 D InetDiagMessage: Destroyed 0 sockets, proto=IPPROTO_TCP, family=AF_INET6, states=14
[2026-06-14T10:15:13.036Z] [ALL] 06-14 15:45:13.241  1486  1741 D InetDiagMessage: Destroyed live tcp sockets for uids={20380} in 3ms
[2026-06-14T10:15:13.036Z] [ALL] 06-14 15:45:13.241  1149  1661 I SurfaceFlinger: Capture layer list: 	 com.safebank.ai/com.safebank.ai.MainActivity$_19655#104730(preserveDisplayColors:0)
[2026-06-14T10:15:13.036Z] [ALL] 06-14 15:45:13.241  1149  1661 I SurfaceFlinger: Capture layer list: 	 StatusBar$_2112#94(preserveDisplayColors:0)
[2026-06-14T10:15:13.036Z] [ALL] 06-14 15:45:13.241  1149  1661 I SurfaceFlinger: Capture layer list: 	 com.sec.android.app.launcher/com.samsung.app.honeyspace.edge.edgepanel.app.CocktailBarService$_2619#103972(preserveDisplayColors:0)
[2026-06-14T10:15:13.036Z] [ALL] 06-14 15:45:13.241  1149  1661 I SurfaceFlinger: Capture layer list: 	 NavigationBar0$_2112#90(preserveDisplayColors:0)
[2026-06-14T10:15:13.065Z] [ALL] 06-14 15:45:13.243  1149  1201 D SurfaceFlinger: [SEC_SF_EFFECTS] drawLayersInternal,1348, Rendering layer ScreenCaptureFillLayer at index 0
[2026-06-14T10:15:13.065Z] [ALL] 06-14 15:45:13.243  1149  1201 D SurfaceFlinger: [SEC_SF_EFFECTS] drawLayersInternal,1348, Rendering layer com.safebank.ai/com.safebank.ai.MainActivity$_19655#104730 at index 1
[2026-06-14T10:15:13.065Z] [ALL] 06-14 15:45:13.243  1149  1201 D SurfaceFlinger: [SEC_SF_EFFECTS] drawLayersInternal,1348, Rendering layer StatusBar$_2112#94 at index 2
[2026-06-14T10:15:13.065Z] [ALL] 06-14 15:45:13.243  1149  1201 D SurfaceFlinger: [SEC_SF_EFFECTS] drawLayersInternal,1348, Rendering layer com.sec.android.app.launcher/com.samsung.app.honeyspace.edge.edgepanel.app.CocktailBarService$_2619#103972 at index 3
[2026-06-14T10:15:13.065Z] [ALL] 06-14 15:45:13.243  1149  1201 D SurfaceFlinger: [SEC_SF_EFFECTS] drawLayersInternal,1348, Rendering layer NavigationBar0$_2112#90 at index 4
[2026-06-14T10:15:13.121Z] [ALL] 06-14 15:45:13.312  1486  1651 D ActivityManager: freezing 28757 com.dreamplug.androidapp
[2026-06-14T10:15:13.122Z] [ALL] 06-14 15:45:13.323  1486  1741 D InetDiagMessage: Destroyed 0 sockets, proto=IPPROTO_TCP, family=AF_INET, states=14
[2026-06-14T10:15:13.129Z] [ALL] 06-14 15:45:13.325  1486  1741 D InetDiagMessage: Destroyed 0 sockets, proto=IPPROTO_TCP, family=AF_INET6, states=14
[2026-06-14T10:15:13.129Z] [ALL] 06-14 15:45:13.326  1486  1741 D InetDiagMessage: Destroyed live tcp sockets for uids={10350} in 5ms
[2026-06-14T10:15:13.129Z] [ALL] 06-14 15:45:13.326  1486  1741 D ConnectivityService: Freezing callbacks for UID 10350
[2026-06-14T10:15:13.137Z] [ALL] 06-14 15:45:13.337  1486  2158 D WindowManager: captureDisplay
[2026-06-14T10:15:13.137Z] [ALL] 06-14 15:45:13.337  1486  2158 I SurfaceComposerClient: captureLayers:childrenOnly:1, sync:0
[2026-06-14T10:15:13.144Z] [ALL] 06-14 15:45:13.341  1149  1661 I SurfaceFlinger: Capture layer list: 	 com.safebank.ai/com.safebank.ai.MainActivity$_19655#104730(preserveDisplayColors:0)
[2026-06-14T10:15:13.144Z] [ALL] 06-14 15:45:13.341  1149  1661 I SurfaceFlinger: Capture layer list: 	 StatusBar$_2112#94(preserveDisplayColors:0)
[2026-06-14T10:15:13.144Z] [ALL] 06-14 15:45:13.341  1149  1661 I SurfaceFlinger: Capture layer list: 	 com.sec.android.app.launcher/com.samsung.app.honeyspace.edge.edgepanel.app.CocktailBarService$_2619#103972(preserveDisplayColors:0)
[2026-06-14T10:15:13.144Z] [ALL] 06-14 15:45:13.341  1149  1661 I SurfaceFlinger: Capture layer list: 	 NavigationBar0$_2112#90(preserveDisplayColors:0)
[2026-06-14T10:15:13.144Z] [ALL] 06-14 15:45:13.343  1149  1201 D SurfaceFlinger: [SEC_SF_EFFECTS] drawLayersInternal,1348, Rendering layer ScreenCaptureFillLayer at index 0
[2026-06-14T10:15:13.144Z] [ALL] 06-14 15:45:13.343  1149  1201 D SurfaceFlinger: [SEC_SF_EFFECTS] drawLayersInternal,1348, Rendering layer com.safebank.ai/com.safebank.ai.MainActivity$_19655#104730 at index 1
[2026-06-14T10:15:13.144Z] [ALL] 06-14 15:45:13.343  1149  1201 D SurfaceFlinger: [SEC_SF_EFFECTS] drawLayersInternal,1348, Rendering layer StatusBar$_2112#94 at index 2
[2026-06-14T10:15:13.144Z] [ALL] 06-14 15:45:13.343  1149  1201 D SurfaceFlinger: [SEC_SF_EFFECTS] drawLayersInternal,1348, Rendering layer com.sec.android.app.launcher/com.samsung.app.honeyspace.edge.edgepanel.app.CocktailBarService$_2619#103972 at index 3
[2026-06-14T10:15:13.144Z] [ALL] 06-14 15:45:13.343  1149  1201 D SurfaceFlinger: [SEC_SF_EFFECTS] drawLayersInternal,1348, Rendering layer NavigationBar0$_2112#90 at index 4
[2026-06-14T10:15:13.144Z] [ALL] 06-14 15:45:13.344 29041 29055 I oid.app.shealth: Background concurrent mark compact GC freed 27MB AllocSpace bytes, 71(13MB) LOS objects, 73% free, 8723KB/32MB, paused 1.454ms,5.502ms total 295.098ms
[2026-06-14T10:15:13.144Z] [ALL] 06-14 15:45:13.348 29041 29057 W System  : A resource failed to call CursorWindow.close. 
[2026-06-14T10:15:13.144Z] [ALL] 06-14 15:45:13.348 29041 29057 W System  : A resource failed to call CursorWindow.close. 
[2026-06-14T10:15:13.230Z] [ALL] 06-14 15:45:13.436  1486  2158 D WindowManager: captureDisplay
[2026-06-14T10:15:13.232Z] [ALL] 06-14 15:45:13.436  1486  2158 I SurfaceComposerClient: captureLayers:childrenOnly:1, sync:0
[2026-06-14T10:15:13.239Z] [ALL] 06-14 15:45:13.440  1149  1661 I SurfaceFlinger: Capture layer list: 	 com.safebank.ai/com.safebank.ai.MainActivity$_19655#104730(preserveDisplayColors:0)
[2026-06-14T10:15:13.241Z] [ALL] 06-14 15:45:13.440  1149  1661 I SurfaceFlinger: Capture layer list: 	 StatusBar$_2112#94(preserveDisplayColors:0)
[2026-06-14T10:15:13.241Z] [ALL] 06-14 15:45:13.440  1149  1661 I SurfaceFlinger: Capture layer list: 	 com.sec.android.app.launcher/com.samsung.app.honeyspace.edge.edgepanel.app.CocktailBarService$_2619#103972(preserveDisplayColors:0)
[2026-06-14T10:15:13.241Z] [ALL] 06-14 15:45:13.440  1149  1661 I SurfaceFlinger: Capture layer list: 	 NavigationBar0$_2112#90(preserveDisplayColors:0)
[2026-06-14T10:15:13.241Z] [ALL] 06-14 15:45:13.442  1149  1201 D SurfaceFlinger: [SEC_SF_EFFECTS] drawLayersInternal,1348, Rendering layer ScreenCaptureFillLayer at index 0
[2026-06-14T10:15:13.241Z] [ALL] 06-14 15:45:13.442  1149  1201 D SurfaceFlinger: [SEC_SF_EFFECTS] drawLayersInternal,1348, Rendering layer com.safebank.ai/com.safebank.ai.MainActivity$_19655#104730 at index 1
[2026-06-14T10:15:13.241Z] [ALL] 06-14 15:45:13.443  1149  1201 D SurfaceFlinger: [SEC_SF_EFFECTS] drawLayersInternal,1348, Rendering layer StatusBar$_2112#94 at index 2
[2026-06-14T10:15:13.241Z] [ALL] 06-14 15:45:13.443  1149  1201 D SurfaceFlinger: [SEC_SF_EFFECTS] drawLayersInternal,1348, Rendering layer com.sec.android.app.launcher/com.samsung.app.honeyspace.edge.edgepanel.app.CocktailBarService$_2619#103972 at index 3
[2026-06-14T10:15:13.241Z] [ALL] 06-14 15:45:13.443  1149  1201 D SurfaceFlinger: [SEC_SF_EFFECTS] drawLayersInternal,1348, Rendering layer NavigationBar0$_2112#90 at index 4
[2026-06-14T10:15:13.299Z] [ALL] 06-14 15:45:13.505 19463 19503 I appium  : channel read: POST /session/ed6c8e2c-e5c1-4b65-b4bf-728310f0e26e/element
[2026-06-14T10:15:13.300Z] [ALL] 06-14 15:45:13.505 19463 19503 I appium  : FindElement command
[2026-06-14T10:15:13.300Z] [ALL] 06-14 15:45:13.506 19463 19503 I appium  : method: 'xpath', selector: '//*[contains(@resource-id, "otp_toggle_btn") or @content-desc="otp_toggle_btn"]'
[2026-06-14T10:15:13.300Z] [ALL] 06-14 15:45:13.506 19463 19503 I appium  : Waiting up to 10000ms for the device to idle
[2026-06-14T10:15:13.300Z] [ALL] 06-14 15:45:13.507 19463 19503 I appium  : The following attributes will be included to the page source: [resource-id, content-desc]
[2026-06-14T10:15:13.329Z] [ALL] 06-14 15:45:13.536  1486  4341 D WindowManager: captureDisplay
[2026-06-14T10:15:13.330Z] [ALL] 06-14 15:45:13.536  1486  4341 I SurfaceComposerClient: captureLayers:childrenOnly:1, sync:0
[2026-06-14T10:15:13.332Z] [ALL] 06-14 15:45:13.540  1149  1661 I SurfaceFlinger: Capture layer list: 	 com.safebank.ai/com.safebank.ai.MainActivity$_19655#104730(preserveDisplayColors:0)
[2026-06-14T10:15:13.334Z] [ALL] 06-14 15:45:13.540  1149  1661 I SurfaceFlinger: Capture layer list: 	 StatusBar$_2112#94(preserveDisplayColors:0)
[2026-06-14T10:15:13.338Z] [ALL] 06-14 15:45:13.540  1149  1661 I SurfaceFlinger: Capture layer list: 	 com.sec.android.app.launcher/com.samsung.app.honeyspace.edge.edgepanel.app.CocktailBarService$_2619#103972(preserveDisplayColors:0)
[2026-06-14T10:15:13.338Z] [ALL] 06-14 15:45:13.540  1149  1661 I SurfaceFlinger: Capture layer list: 	 NavigationBar0$_2112#90(preserveDisplayColors:0)
[2026-06-14T10:15:13.338Z] [ALL] 06-14 15:45:13.542  1149  1201 D SurfaceFlinger: [SEC_SF_EFFECTS] drawLayersInternal,1348, Rendering layer ScreenCaptureFillLayer at index 0
[2026-06-14T10:15:13.338Z] [ALL] 06-14 15:45:13.543  1149  1201 D SurfaceFlinger: [SEC_SF_EFFECTS] drawLayersInternal,1348, Rendering layer com.safebank.ai/com.safebank.ai.MainActivity$_19655#104730 at index 1
[2026-06-14T10:15:13.338Z] [ALL] 06-14 15:45:13.543  1149  1201 D SurfaceFlinger: [SEC_SF_EFFECTS] drawLayersInternal,1348, Rendering layer StatusBar$_2112#94 at index 2
[2026-06-14T10:15:13.338Z] [ALL] 06-14 15:45:13.543  1149  1201 D SurfaceFlinger: [SEC_SF_EFFECTS] drawLayersInternal,1348, Rendering layer com.sec.android.app.launcher/com.samsung.app.honeyspace.edge.edgepanel.app.CocktailBarService$_2619#103972 at index 3
[2026-06-14T10:15:13.338Z] [ALL] 06-14 15:45:13.543  1149  1201 D SurfaceFlinger: [SEC_SF_EFFECTS] drawLayersInternal,1348, Rendering layer NavigationBar0$_2112#90 at index 4
[2026-06-14T10:15:13.378Z] [ALL] 06-14 15:45:13.583 19463 19503 I appium  : Took 0ms to retrieve 0 matches for '//*[contains(@resource-id, "otp_toggle_btn") or @content-desc="otp_toggle_btn"]' XPath2 query
[2026-06-14T10:15:13.388Z] [ALL] 06-14 15:45:13.585 19463 19503 I appium  : AppiumResponse: {"sessionId":"ed6c8e2c-e5c1-4b65-b4bf-728310f0e26e","value":{"error":"no such element","message":"An element could not be located on the page using the given search parameters","stacktrace":"io.appium.uiautomator2.common.exceptions.ElementNotFoundException: An element could not be located on the page using the given search parameters\n\tat io.appium.uiautomator2.utils.ElementLocationHelpers.findElement(ElementLocationHelpers.java:153)\n\tat io.appium.uiautomator2.handler.FindElement.safeHandle(FindElement.java:60)\n\tat io.appium.uiautomator2.handler.request.SafeRequestHandler.handle(SafeRequestHandler.java:59)\n\tat io.appium.uiautomator2.server.AppiumServlet.handleRequest(AppiumServlet.java:267)\n\tat io.appium.uiautomator2.server.AppiumServlet.handleHttpRequest(AppiumServlet.java:261)\n\tat io.appium.uiautomator2.http.ServerHandler.channelRead(ServerHandler.java:77)\n\tat io.netty.channel.AbstractChannelHandlerContext.fireChannelRead(AbstractChannelHandlerContext.java:357)\n\tat io.netty.handler.codec.MessageToMessageDecoder.channelRead(MessageToMessageDecoder.java:107)\n\tat io.netty.channel.AbstractChannelHandlerContext.fireChannelRead(AbstractChannelHandlerContext.java:357)\n\tat io.netty.channel.CombinedChannelDuplexHandler$DelegatingChannelHandlerContext.fireChannelRead(CombinedChannelDuplexHandler.java:434)\n\tat io.netty.handler.codec.ByteToMessageDecoder.fireChannelRead(ByteToMessageDecoder.java:361)\n\tat io.netty.handler.codec.ByteToMessageDecoder.channelRead(ByteToMessageDecoder.java:325)\n\tat io.netty.channel.CombinedChannelDuplexHandler.channelRead(CombinedChannelDuplexHandler.java:249)\n\tat io.netty.channel.AbstractChannelHandlerContext.fireChannelRead(AbstractChannelHandlerContext.java:355)\n\tat io.netty.handler.timeout.IdleStateHandler.channelRead(IdleStateHandler.java:288)\n\tat io.netty.channel.AbstractChannelHandlerContext.fireChannelRead(AbstractChannelHandlerContext.java:355)\n\tat io.netty.channel.DefaultChannelPipeline$HeadContext.channelRead(DefaultChannelPipeline.java:1429)\n\tat io.netty.channel.DefaultChannelPipeline.fireChannelRead(DefaultChannelPipeline.java:918)\n\tat io.netty.channel.nio.AbstractNioByteChannel$NioByteUnsafe.read(AbstractNioByteChannel.java:176)\n\tat io.netty.channel.nio.AbstractNioChannel$AbstractNioUnsafe.handle(AbstractNioChannel.java:445)\n\tat io.netty.channel.nio.NioIoHandler$DefaultNioRegistration.handle(NioIoHandler.java:388)\n\tat io.netty.channel.nio.NioIoHandler.processSelectedKey(NioIoHandler.java:596)\n\tat io.netty.channel.nio.NioIoHandler.processSelectedKeysOptimized(NioIoHandler.java:571)\n\tat io.netty.channel.nio.NioIoHandler.processSelectedKeys(NioIoHandler.java:512)\n\tat io.netty.channel.nio.NioIoHandler.run(NioIoHandler.java:484)\n\tat io.netty.channel.SingleThreadIoEventLoop.runIo(SingleThreadIoEventLoop.java:225)\n\tat io.netty.channel.SingleThreadIoEventLoop.run(SingleThreadIoEventLoop.java:196)\n\tat io.netty.util.concurrent.SingleThreadEventExecutor$5.run(SingleThreadEventExecutor.java:1195)\n\tat io.netty.util.internal.ThreadExecutorMap$2.run(ThreadExecutorMap.java:74)\n\tat io.netty.util.concurrent.FastThreadLocalRunnable.run(FastThreadLocalRunnable.java:30)\n\tat java.lang.Thread.run(Thread.java:1564)\n"}}
[2026-06-14T10:15:13.426Z] [ALL] 06-14 15:45:13.607  1486  4341 I ActivityManager: Changes in 10470 11 to 19, 384 to 0
[2026-06-14T10:15:13.428Z] [ALL] 06-14 15:45:13.611  1486  1526 I ActivityManager: Changes in 10470 19 to 11, 0 to 384
[2026-06-14T10:15:13.428Z] [ALL] 06-14 15:45:13.613  1149  1280 I SurfaceFlinger: Current= 60, Period= 60, hwcPeriod= 60
[2026-06-14T10:15:13.429Z] [ALL] 06-14 15:45:13.637  1486  2158 D WindowManager: captureDisplay
[2026-06-14T10:15:13.431Z] [ALL] 06-14 15:45:13.637  1486  2158 I SurfaceComposerClient: captureLayers:childrenOnly:1, sync:0
[2026-06-14T10:15:13.438Z] [ALL] 06-14 15:45:13.641  1149  1661 I SurfaceFlinger: Capture layer list: 	 com.safebank.ai/com.safebank.ai.MainActivity$_19655#104730(preserveDisplayColors:0)
[2026-06-14T10:15:13.440Z] [ALL] 06-14 15:45:13.641  1149  1661 I SurfaceFlinger: Capture layer list: 	 StatusBar$_2112#94(preserveDisplayColors:0)
[2026-06-14T10:15:13.440Z] [ALL] 06-14 15:45:13.641  1149  1661 I SurfaceFlinger: Capture layer list: 	 com.sec.android.app.launcher/com.samsung.app.honeyspace.edge.edgepanel.app.CocktailBarService$_2619#103972(preserveDisplayColors:0)
[2026-06-14T10:15:13.440Z] [ALL] 06-14 15:45:13.641  1149  1661 I SurfaceFlinger: Capture layer list: 	 NavigationBar0$_2112#90(preserveDisplayColors:0)
[2026-06-14T10:15:13.440Z] [ALL] 06-14 15:45:13.643  1149  1201 D SurfaceFlinger: [SEC_SF_EFFECTS] drawLayersInternal,1348, Rendering layer ScreenCaptureFillLayer at index 0
[2026-06-14T10:15:13.440Z] [ALL] 06-14 15:45:13.643  1149  1201 D SurfaceFlinger: [SEC_SF_EFFECTS] drawLayersInternal,1348, Rendering layer com.safebank.ai/com.safebank.ai.MainActivity$_19655#104730 at index 1
[2026-06-14T10:15:13.440Z] [ALL] 06-14 15:45:13.643  1149  1201 D SurfaceFlinger: [SEC_SF_EFFECTS] drawLayersInternal,1348, Rendering layer StatusBar$_2112#94 at index 2
[2026-06-14T10:15:13.440Z] [ALL] 06-14 15:45:13.644  1149  1201 D SurfaceFlinger: [SEC_SF_EFFECTS] drawLayersInternal,1348, Rendering layer com.sec.android.app.launcher/com.samsung.app.honeyspace.edge.edgepanel.app.CocktailBarService$_2619#103972 at index 3
[2026-06-14T10:15:13.440Z] [ALL] 06-14 15:45:13.644  1149  1201 D SurfaceFlinger: [SEC_SF_EFFECTS] drawLayersInternal,1348, Rendering layer NavigationBar0$_2112#90 at index 4
[2026-06-14T10:15:13.531Z] [ALL] 06-14 15:45:13.737  1486  2158 D WindowManager: captureDisplay
[2026-06-14T10:15:13.533Z] [ALL] 06-14 15:45:13.737  1486  2158 I SurfaceComposerClient: captureLayers:childrenOnly:1, sync:0
[2026-06-14T10:15:13.538Z] [ALL] 06-14 15:45:13.741  1149  1661 I SurfaceFlinger: Capture layer list: 	 com.safebank.ai/com.safebank.ai.MainActivity$_19655#104730(preserveDisplayColors:0)
[2026-06-14T10:15:13.541Z] [ALL] 06-14 15:45:13.741  1149  1661 I SurfaceFlinger: Capture layer list: 	 StatusBar$_2112#94(preserveDisplayColors:0)
[2026-06-14T10:15:13.541Z] [ALL] 06-14 15:45:13.741  1149  1661 I SurfaceFlinger: Capture layer list: 	 com.sec.android.app.launcher/com.samsung.app.honeyspace.edge.edgepanel.app.CocktailBarService$_2619#103972(preserveDisplayColors:0)
[2026-06-14T10:15:13.541Z] [ALL] 06-14 15:45:13.741  1149  1661 I SurfaceFlinger: Capture layer list: 	 NavigationBar0$_2112#90(preserveDisplayColors:0)
[2026-06-14T10:15:13.541Z] [ALL] 06-14 15:45:13.744  1149  1201 D SurfaceFlinger: [SEC_SF_EFFECTS] drawLayersInternal,1348, Rendering layer ScreenCaptureFillLayer at index 0
[2026-06-14T10:15:13.541Z] [ALL] 06-14 15:45:13.744  1149  1201 D SurfaceFlinger: [SEC_SF_EFFECTS] drawLayersInternal,1348, Rendering layer com.safebank.ai/com.safebank.ai.MainActivity$_19655#104730 at index 1
[2026-06-14T10:15:13.541Z] [ALL] 06-14 15:45:13.744  1149  1201 D SurfaceFlinger: [SEC_SF_EFFECTS] drawLayersInternal,1348, Rendering layer StatusBar$_2112#94 at index 2
[2026-06-14T10:15:13.543Z] [ALL] 06-14 15:45:13.744  1149  1201 D SurfaceFlinger: [SEC_SF_EFFECTS] drawLayersInternal,1348, Rendering layer com.sec.android.app.launcher/com.samsung.app.honeyspace.edge.edgepanel.app.CocktailBarService$_2619#103972 at index 3
[2026-06-14T10:15:13.543Z] [ALL] 06-14 15:45:13.744  1149  1201 D SurfaceFlinger: [SEC_SF_EFFECTS] drawLayersInternal,1348, Rendering layer NavigationBar0$_2112#90 at index 4
[2026-06-14T10:15:13.589Z] [ALL] 06-14 15:45:13.796  1486  1856 D SemWifiSwitchForIndividualAppsService: isSkipNetworkCondition - result:2
[2026-06-14T10:15:13.632Z] [ALL] 06-14 15:45:13.838  1486  2158 D WindowManager: captureDisplay
[2026-06-14T10:15:13.635Z] [ALL] 06-14 15:45:13.838  1486  2158 I SurfaceComposerClient: captureLayers:childrenOnly:1, sync:0
[2026-06-14T10:15:13.641Z] [ALL] 06-14 15:45:13.844  1149  1661 I SurfaceFlinger: Capture layer list: 	 com.safebank.ai/com.safebank.ai.MainActivity$_19655#104730(preserveDisplayColors:0)
[2026-06-14T10:15:13.643Z] [ALL] 06-14 15:45:13.844  1149  1661 I SurfaceFlinger: Capture layer list: 	 StatusBar$_2112#94(preserveDisplayColors:0)
[2026-06-14T10:15:13.643Z] [ALL] 06-14 15:45:13.844  1149  1661 I SurfaceFlinger: Capture layer list: 	 com.sec.android.app.launcher/com.samsung.app.honeyspace.edge.edgepanel.app.CocktailBarService$_2619#103972(preserveDisplayColors:0)
[2026-06-14T10:15:13.643Z] [ALL] 06-14 15:45:13.844  1149  1661 I SurfaceFlinger: Capture layer list: 	 NavigationBar0$_2112#90(preserveDisplayColors:0)
[2026-06-14T10:15:13.643Z] [ALL] 06-14 15:45:13.846  1149  1201 D SurfaceFlinger: [SEC_SF_EFFECTS] drawLayersInternal,1348, Rendering layer ScreenCaptureFillLayer at index 0
[2026-06-14T10:15:13.643Z] [ALL] 06-14 15:45:13.846  1149  1201 D SurfaceFlinger: [SEC_SF_EFFECTS] drawLayersInternal,1348, Rendering layer com.safebank.ai/com.safebank.ai.MainActivity$_19655#104730 at index 1
[2026-06-14T10:15:13.643Z] [ALL] 06-14 15:45:13.846  1149  1201 D SurfaceFlinger: [SEC_SF_EFFECTS] drawLayersInternal,1348, Rendering layer StatusBar$_2112#94 at index 2
[2026-06-14T10:15:13.643Z] [ALL] 06-14 15:45:13.846  1149  1201 D SurfaceFlinger: [SEC_SF_EFFECTS] drawLayersInternal,1348, Rendering layer com.sec.android.app.launcher/com.samsung.app.honeyspace.edge.edgepanel.app.CocktailBarService$_2619#103972 at index 3
[2026-06-14T10:15:13.643Z] [ALL] 06-14 15:45:13.846  1149  1201 D SurfaceFlinger: [SEC_SF_EFFECTS] drawLayersInternal,1348, Rendering layer NavigationBar0$_2112#90 at index 4
[2026-06-14T10:15:13.700Z] [ALL] 06-14 15:45:13.901  1486  1741 D InetDiagMessage: Destroyed 0 sockets, proto=IPPROTO_TCP, family=AF_INET, states=14
[2026-06-14T10:15:13.724Z] [ALL] 06-14 15:45:13.908  1486  1741 D InetDiagMessage: Destroyed 3 sockets, proto=IPPROTO_TCP, family=AF_INET6, states=14
[2026-06-14T10:15:13.724Z] [ALL] 06-14 15:45:13.908  1486  1741 D InetDiagMessage: Destroyed live tcp sockets for uids={10376} in 11ms
[2026-06-14T10:15:13.738Z] [ALL] 06-14 15:45:13.910  1486  1741 D InetDiagMessage: Destroyed 0 sockets, proto=IPPROTO_TCP, family=AF_INET, states=14
[2026-06-14T10:15:13.738Z] [ALL] 06-14 15:45:13.912  1486  1741 D InetDiagMessage: Destroyed 0 sockets, proto=IPPROTO_TCP, family=AF_INET6, states=14
[2026-06-14T10:15:13.738Z] [ALL] 06-14 15:45:13.912  1486  1741 D InetDiagMessage: Destroyed live tcp sockets for uids={20376} in 4ms
[2026-06-14T10:15:13.739Z] [ALL] 06-14 15:45:13.915  1486  1741 D InetDiagMessage: Destroyed 0 sockets, proto=IPPROTO_TCP, family=AF_INET, states=14
[2026-06-14T10:15:13.739Z] [ALL] 06-14 15:45:13.917  1486  1741 D InetDiagMessage: Destroyed 0 sockets, proto=IPPROTO_TCP, family=AF_INET6, states=14
[2026-06-14T10:15:13.739Z] [ALL] 06-14 15:45:13.917  1486  1741 D InetDiagMessage: Destroyed live tcp sockets for uids={10343} in 4ms
[2026-06-14T10:15:13.739Z] [ALL] 06-14 15:45:13.919  1486  1741 D InetDiagMessage: Destroyed 0 sockets, proto=IPPROTO_TCP, family=AF_INET, states=14
[2026-06-14T10:15:13.739Z] [ALL] 06-14 15:45:13.919 19463 19503 I appium  : channel read: POST /session/ed6c8e2c-e5c1-4b65-b4bf-728310f0e26e/element
[2026-06-14T10:15:13.739Z] [ALL] 06-14 15:45:13.920 19463 19503 I appium  : FindElement command
[2026-06-14T10:15:13.739Z] [ALL] 06-14 15:45:13.921 19463 19503 I appium  : method: 'xpath', selector: '//*[contains(@resource-id, "otp_toggle_btn") or @content-desc="otp_toggle_btn"]'
[2026-06-14T10:15:13.739Z] [ALL] 06-14 15:45:13.921  1486  1741 D InetDiagMessage: Destroyed 0 sockets, proto=IPPROTO_TCP, family=AF_INET6, states=14
[2026-06-14T10:15:13.739Z] [ALL] 06-14 15:45:13.921  1486  1741 D InetDiagMessage: Destroyed live tcp sockets for uids={20343} in 4ms
[2026-06-14T10:15:13.739Z] [ALL] 06-14 15:45:13.921 19463 19503 I appium  : Waiting up to 10000ms for the device to idle
[2026-06-14T10:15:13.739Z] [ALL] 06-14 15:45:13.923 19463 19503 I appium  : The following attributes will be included to the page source: [resource-id, content-desc]
[2026-06-14T10:15:13.753Z] [ALL] 06-14 15:45:13.940  1486  2158 D WindowManager: captureDisplay
[2026-06-14T10:15:13.753Z] [ALL] 06-14 15:45:13.940  1486  2158 I SurfaceComposerClient: captureLayers:childrenOnly:1, sync:0
[2026-06-14T10:15:13.753Z] [ALL] 06-14 15:45:13.945  1149  1661 I SurfaceFlinger: Capture layer list: 	 com.safebank.ai/com.safebank.ai.MainActivity$_19655#104730(preserveDisplayColors:0)
[2026-06-14T10:15:13.753Z] [ALL] 06-14 15:45:13.945  1149  1661 I SurfaceFlinger: Capture layer list: 	 StatusBar$_2112#94(preserveDisplayColors:0)
[2026-06-14T10:15:13.753Z] [ALL] 06-14 15:45:13.945  1149  1661 I SurfaceFlinger: Capture layer list: 	 com.sec.android.app.launcher/com.samsung.app.honeyspace.edge.edgepanel.app.CocktailBarService$_2619#103972(preserveDisplayColors:0)
[2026-06-14T10:15:13.753Z] [ALL] 06-14 15:45:13.945  1149  1661 I SurfaceFlinger: Capture layer list: 	 NavigationBar0$_2112#90(preserveDisplayColors:0)
[2026-06-14T10:15:13.763Z] [ALL] 06-14 15:45:13.948  1149  1201 D SurfaceFlinger: [SEC_SF_EFFECTS] drawLayersInternal,1348, Rendering layer ScreenCaptureFillLayer at index 0
[2026-06-14T10:15:13.763Z] [ALL] 06-14 15:45:13.948  1149  1201 D SurfaceFlinger: [SEC_SF_EFFECTS] drawLayersInternal,1348, Rendering layer com.safebank.ai/com.safebank.ai.MainActivity$_19655#104730 at index 1
[2026-06-14T10:15:13.763Z] [ALL] 06-14 15:45:13.948  1149  1201 D SurfaceFlinger: [SEC_SF_EFFECTS] drawLayersInternal,1348, Rendering layer StatusBar$_2112#94 at index 2
[2026-06-14T10:15:13.763Z] [ALL] 06-14 15:45:13.948  1149  1201 D SurfaceFlinger: [SEC_SF_EFFECTS] drawLayersInternal,1348, Rendering layer com.sec.android.app.launcher/com.samsung.app.honeyspace.edge.edgepanel.app.CocktailBarService$_2619#103972 at index 3
[2026-06-14T10:15:13.763Z] [ALL] 06-14 15:45:13.948  1149  1201 D SurfaceFlinger: [SEC_SF_EFFECTS] drawLayersInternal,1348, Rendering layer NavigationBar0$_2112#90 at index 4
[2026-06-14T10:15:13.773Z] [ALL] 06-14 15:45:13.970 20111 20198 W CrashLoopRemedyLog: unable to delete remedy log, instaCrash: true
[2026-06-14T10:15:13.835Z] [ALL] 06-14 15:45:14.039  1486  2158 D WindowManager: captureDisplay
[2026-06-14T10:15:13.835Z] [ALL] 06-14 15:45:14.040  1486  2158 I SurfaceComposerClient: captureLayers:childrenOnly:1, sync:0
[2026-06-14T10:15:13.840Z] [ALL] 06-14 15:45:14.046  1149  1661 I SurfaceFlinger: Capture layer list: 	 com.safebank.ai/com.safebank.ai.MainActivity$_19655#104730(preserveDisplayColors:0)
[2026-06-14T10:15:13.840Z] [ALL] 06-14 15:45:14.046  1149  1661 I SurfaceFlinger: Capture layer list: 	 StatusBar$_2112#94(preserveDisplayColors:0)
[2026-06-14T10:15:13.840Z] [ALL] 06-14 15:45:14.046  1149  1661 I SurfaceFlinger: Capture layer list: 	 com.sec.android.app.launcher/com.samsung.app.honeyspace.edge.edgepanel.app.CocktailBarService$_2619#103972(preserveDisplayColors:0)
[2026-06-14T10:15:13.840Z] [ALL] 06-14 15:45:14.046  1149  1661 I SurfaceFlinger: Capture layer list: 	 NavigationBar0$_2112#90(preserveDisplayColors:0)
[2026-06-14T10:15:13.843Z] [ALL] 06-14 15:45:14.049  1149  1201 D SurfaceFlinger: [SEC_SF_EFFECTS] drawLayersInternal,1348, Rendering layer ScreenCaptureFillLayer at index 0
[2026-06-14T10:15:13.843Z] [ALL] 06-14 15:45:14.049  1149  1201 D SurfaceFlinger: [SEC_SF_EFFECTS] drawLayersInternal,1348, Rendering layer com.safebank.ai/com.safebank.ai.MainActivity$_19655#104730 at index 1
[2026-06-14T10:15:13.845Z] [ALL] 06-14 15:45:14.049  1149  1201 D SurfaceFlinger: [SEC_SF_EFFECTS] drawLayersInternal,1348, Rendering layer StatusBar$_2112#94 at index 2
[2026-06-14T10:15:13.845Z] [ALL] 06-14 15:45:14.049  1149  1201 D SurfaceFlinger: [SEC_SF_EFFECTS] drawLayersInternal,1348, Rendering layer com.sec.android.app.launcher/com.samsung.app.honeyspace.edge.edgepanel.app.CocktailBarService$_2619#103972 at index 3
[2026-06-14T10:15:13.845Z] [ALL] 06-14 15:45:14.049  1149  1201 D SurfaceFlinger: [SEC_SF_EFFECTS] drawLayersInternal,1348, Rendering layer NavigationBar0$_2112#90 at index 4
[2026-06-14T10:15:13.852Z] [ALL] 06-14 15:45:14.058 19463 19503 I appium  : Took 0ms to retrieve 0 matches for '//*[contains(@resource-id, "otp_toggle_btn") or @content-desc="otp_toggle_btn"]' XPath2 query
[2026-06-14T10:15:13.859Z] [ALL] 06-14 15:45:14.060 19463 19503 I appium  : AppiumResponse: {"sessionId":"ed6c8e2c-e5c1-4b65-b4bf-728310f0e26e","value":{"error":"no such element","message":"An element could not be located on the page using the given search parameters","stacktrace":"io.appium.uiautomator2.common.exceptions.ElementNotFoundException: An element could not be located on the page using the given search parameters\n\tat io.appium.uiautomator2.utils.ElementLocationHelpers.findElement(ElementLocationHelpers.java:153)\n\tat io.appium.uiautomator2.handler.FindElement.safeHandle(FindElement.java:60)\n\tat io.appium.uiautomator2.handler.request.SafeRequestHandler.handle(SafeRequestHandler.java:59)\n\tat io.appium.uiautomator2.server.AppiumServlet.handleRequest(AppiumServlet.java:267)\n\tat io.appium.uiautomator2.server.AppiumServlet.handleHttpRequest(AppiumServlet.java:261)\n\tat io.appium.uiautomator2.http.ServerHandler.channelRead(ServerHandler.java:77)\n\tat io.netty.channel.AbstractChannelHandlerContext.fireChannelRead(AbstractChannelHandlerContext.java:357)\n\tat io.netty.handler.codec.MessageToMessageDecoder.channelRead(MessageToMessageDecoder.java:107)\n\tat io.netty.channel.AbstractChannelHandlerContext.fireChannelRead(AbstractChannelHandlerContext.java:357)\n\tat io.netty.channel.CombinedChannelDuplexHandler$DelegatingChannelHandlerContext.fireChannelRead(CombinedChannelDuplexHandler.java:434)\n\tat io.netty.handler.codec.ByteToMessageDecoder.fireChannelRead(ByteToMessageDecoder.java:361)\n\tat io.netty.handler.codec.ByteToMessageDecoder.channelRead(ByteToMessageDecoder.java:325)\n\tat io.netty.channel.CombinedChannelDuplexHandler.channelRead(CombinedChannelDuplexHandler.java:249)\n\tat io.netty.channel.AbstractChannelHandlerContext.fireChannelRead(AbstractChannelHandlerContext.java:355)\n\tat io.netty.handler.timeout.IdleStateHandler.channelRead(IdleStateHandler.java:288)\n\tat io.netty.channel.AbstractChannelHandlerContext.fireChannelRead(AbstractChannelHandlerContext.java:355)\n\tat io.netty.channel.DefaultChannelPipeline$HeadContext.channelRead(DefaultChannelPipeline.java:1429)\n\tat io.netty.channel.DefaultChannelPipeline.fireChannelRead(DefaultChannelPipeline.java:918)\n\tat io.netty.channel.nio.AbstractNioByteChannel$NioByteUnsafe.read(AbstractNioByteChannel.java:176)\n\tat io.netty.channel.nio.AbstractNioChannel$AbstractNioUnsafe.handle(AbstractNioChannel.java:445)\n\tat io.netty.channel.nio.NioIoHandler$DefaultNioRegistration.handle(NioIoHandler.java:388)\n\tat io.netty.channel.nio.NioIoHandler.processSelectedKey(NioIoHandler.java:596)\n\tat io.netty.channel.nio.NioIoHandler.processSelectedKeysOptimized(NioIoHandler.java:571)\n\tat io.netty.channel.nio.NioIoHandler.processSelectedKeys(NioIoHandler.java:512)\n\tat io.netty.channel.nio.NioIoHandler.run(NioIoHandler.java:484)\n\tat io.netty.channel.SingleThreadIoEventLoop.runIo(SingleThreadIoEventLoop.java:225)\n\tat io.netty.channel.SingleThreadIoEventLoop.run(SingleThreadIoEventLoop.java:196)\n\tat io.netty.util.concurrent.SingleThreadEventExecutor$5.run(SingleThreadEventExecutor.java:1195)\n\tat io.netty.util.internal.ThreadExecutorMap$2.run(ThreadExecutorMap.java:74)\n\tat io.netty.util.concurrent.FastThreadLocalRunnable.run(FastThreadLocalRunnable.java:30)\n\tat java.lang.Thread.run(Thread.java:1564)\n"}}
[2026-06-14T10:15:13.893Z] [ALL] 06-14 15:45:14.086 19463 19503 I appium  : channel read: POST /session/ed6c8e2c-e5c1-4b65-b4bf-728310f0e26e/element
[2026-06-14T10:15:13.895Z] [ALL] 06-14 15:45:14.087 19463 19503 I appium  : FindElement command
[2026-06-14T10:15:13.895Z] [ALL] 06-14 15:45:14.089 19463 19503 I appium  : method: 'xpath', selector: '//*[contains(@resource-id, "otp_toggle_btn") or @content-desc="otp_toggle_btn"]'
[2026-06-14T10:15:13.895Z] [ALL] 06-14 15:45:14.089 19463 19503 I appium  : Waiting up to 10000ms for the device to idle
[2026-06-14T10:15:13.895Z] [ALL] 06-14 15:45:14.090 19463 19503 I appium  : The following attributes will be included to the page source: [resource-id, content-desc]
[2026-06-14T10:15:13.935Z] [ALL] 06-14 15:45:14.140  1486  2158 D WindowManager: captureDisplay
[2026-06-14T10:15:13.994Z] [ALL] 06-14 15:45:14.141  1486  2158 I SurfaceComposerClient: captureLayers:childrenOnly:1, sync:0
[2026-06-14T10:15:14.001Z] [ALL] 06-14 15:45:14.144  1149  1661 I SurfaceFlinger: Capture layer list: 	 com.safebank.ai/com.safebank.ai.MainActivity$_19655#104730(preserveDisplayColors:0)
[2026-06-14T10:15:14.001Z] [ALL] 06-14 15:45:14.144  1149  1661 I SurfaceFlinger: Capture layer list: 	 StatusBar$_2112#94(preserveDisplayColors:0)
[2026-06-14T10:15:14.001Z] [ALL] 06-14 15:45:14.144  1149  1661 I SurfaceFlinger: Capture layer list: 	 com.sec.android.app.launcher/com.samsung.app.honeyspace.edge.edgepanel.app.CocktailBarService$_2619#103972(preserveDisplayColors:0)
[2026-06-14T10:15:14.001Z] [ALL] 06-14 15:45:14.144  1149  1661 I SurfaceFlinger: Capture layer list: 	 NavigationBar0$_2112#90(preserveDisplayColors:0)
[2026-06-14T10:15:14.001Z] [ALL] 06-14 15:45:14.147  1149  1201 D SurfaceFlinger: [SEC_SF_EFFECTS] drawLayersInternal,1348, Rendering layer ScreenCaptureFillLayer at index 0
[2026-06-14T10:15:14.001Z] [ALL] 06-14 15:45:14.147  1149  1201 D SurfaceFlinger: [SEC_SF_EFFECTS] drawLayersInternal,1348, Rendering layer com.safebank.ai/com.safebank.ai.MainActivity$_19655#104730 at index 1
[2026-06-14T10:15:14.001Z] [ALL] 06-14 15:45:14.147  1149  1201 D SurfaceFlinger: [SEC_SF_EFFECTS] drawLayersInternal,1348, Rendering layer StatusBar$_2112#94 at index 2
[2026-06-14T10:15:14.001Z] [ALL] 06-14 15:45:14.147  1149  1201 D SurfaceFlinger: [SEC_SF_EFFECTS] drawLayersInternal,1348, Rendering layer com.sec.android.app.launcher/com.samsung.app.honeyspace.edge.edgepanel.app.CocktailBarService$_2619#103972 at index 3
[2026-06-14T10:15:14.001Z] [ALL] 06-14 15:45:14.147  1149  1201 D SurfaceFlinger: [SEC_SF_EFFECTS] drawLayersInternal,1348, Rendering layer NavigationBar0$_2112#90 at index 4
[2026-06-14T10:15:14.001Z] [ALL] 06-14 15:45:14.194 19463 19503 I appium  : Took 0ms to retrieve 0 matches for '//*[contains(@resource-id, "otp_toggle_btn") or @content-desc="otp_toggle_btn"]' XPath2 query
[2026-06-14T10:15:14.001Z] [ALL] 06-14 15:45:14.195 19463 19503 I appium  : AppiumResponse: {"sessionId":"ed6c8e2c-e5c1-4b65-b4bf-728310f0e26e","value":{"error":"no such element","message":"An element could not be located on the page using the given search parameters","stacktrace":"io.appium.uiautomator2.common.exceptions.ElementNotFoundException: An element could not be located on the page using the given search parameters\n\tat io.appium.uiautomator2.utils.ElementLocationHelpers.findElement(ElementLocationHelpers.java:153)\n\tat io.appium.uiautomator2.handler.FindElement.safeHandle(FindElement.java:60)\n\tat io.appium.uiautomator2.handler.request.SafeRequestHandler.handle(SafeRequestHandler.java:59)\n\tat io.appium.uiautomator2.server.AppiumServlet.handleRequest(AppiumServlet.java:267)\n\tat io.appium.uiautomator2.server.AppiumServlet.handleHttpRequest(AppiumServlet.java:261)\n\tat io.appium.uiautomator2.http.ServerHandler.channelRead(ServerHandler.java:77)\n\tat io.netty.channel.AbstractChannelHandlerContext.fireChannelRead(AbstractChannelHandlerContext.java:357)\n\tat io.netty.handler.codec.MessageToMessageDecoder.channelRead(MessageToMessageDecoder.java:107)\n\tat io.netty.channel.AbstractChannelHandlerContext.fireChannelRead(AbstractChannelHandlerContext.java:357)\n\tat io.netty.channel.CombinedChannelDuplexHandler$DelegatingChannelHandlerContext.fireChannelRead(CombinedChannelDuplexHandler.java:434)\n\tat io.netty.handler.codec.ByteToMessageDecoder.fireChannelRead(ByteToMessageDecoder.java:361)\n\tat io.netty.handler.codec.ByteToMessageDecoder.channelRead(ByteToMessageDecoder.java:325)\n\tat io.netty.channel.CombinedChannelDuplexHandler.channelRead(CombinedChannelDuplexHandler.java:249)\n\tat io.netty.channel.AbstractChannelHandlerContext.fireChannelRead(AbstractChannelHandlerContext.java:355)\n\tat io.netty.handler.timeout.IdleStateHandler.channelRead(IdleStateHandler.java:288)\n\tat io.netty.channel.AbstractChannelHandlerContext.fireChannelRead(AbstractChannelHandlerContext.java:355)\n\tat io.netty.channel.DefaultChannelPipeline$HeadContext.channelRead(DefaultChannelPipeline.java:1429)\n\tat io.netty.channel.DefaultChannelPipeline.fireChannelRead(DefaultChannelPipeline.java:918)\n\tat io.netty.channel.nio.AbstractNioByteChannel$NioByteUnsafe.read(AbstractNioByteChannel.java:176)\n\tat io.netty.channel.nio.AbstractNioChannel$AbstractNioUnsafe.handle(AbstractNioChannel.java:445)\n\tat io.netty.channel.nio.NioIoHandler$DefaultNioRegistration.handle(NioIoHandler.java:388)\n\tat io.netty.channel.nio.NioIoHandler.processSelectedKey(NioIoHandler.java:596)\n\tat io.netty.channel.nio.NioIoHandler.processSelectedKeysOptimized(NioIoHandler.java:571)\n\tat io.netty.channel.nio.NioIoHandler.processSelectedKeys(NioIoHandler.java:512)\n\tat io.netty.channel.nio.NioIoHandler.run(NioIoHandler.java:484)\n\tat io.netty.channel.SingleThreadIoEventLoop.runIo(SingleThreadIoEventLoop.java:225)\n\tat io.netty.channel.SingleThreadIoEventLoop.run(SingleThreadIoEventLoop.java:196)\n\tat io.netty.util.concurrent.SingleThreadEventExecutor$5.run(SingleThreadEventExecutor.java:1195)\n\tat io.netty.util.internal.ThreadExecutorMap$2.run(ThreadExecutorMap.java:74)\n\tat io.netty.util.concurrent.FastThreadLocalRunnable.run(FastThreadLocalRunnable.java:30)\n\tat java.lang.Thread.run(Thread.java:1564)\n"}}
[2026-06-14T10:15:14.059Z] [ALL] 06-14 15:45:14.240  1486  4341 D WindowManager: captureDisplay
[2026-06-14T10:15:14.061Z] [ALL] 06-14 15:45:14.241  1486  4341 I SurfaceComposerClient: captureLayers:childrenOnly:1, sync:0
[2026-06-14T10:15:14.061Z] [ALL] 06-14 15:45:14.247  1149  1661 I SurfaceFlinger: Capture layer list: 	 com.safebank.ai/com.safebank.ai.MainActivity$_19655#104730(preserveDisplayColors:0)
[2026-06-14T10:15:14.061Z] [ALL] 06-14 15:45:14.247  1149  1661 I SurfaceFlinger: Capture layer list: 	 StatusBar$_2112#94(preserveDisplayColors:0)
[2026-06-14T10:15:14.061Z] [ALL] 06-14 15:45:14.247  1149  1661 I SurfaceFlinger: Capture layer list: 	 com.sec.android.app.launcher/com.samsung.app.honeyspace.edge.edgepanel.app.CocktailBarService$_2619#103972(preserveDisplayColors:0)
[2026-06-14T10:15:14.061Z] [ALL] 06-14 15:45:14.247  1149  1661 I SurfaceFlinger: Capture layer list: 	 NavigationBar0$_2112#90(preserveDisplayColors:0)
[2026-06-14T10:15:14.061Z] [ALL] 06-14 15:45:14.250  1149  1201 D SurfaceFlinger: [SEC_SF_EFFECTS] drawLayersInternal,1348, Rendering layer ScreenCaptureFillLayer at index 0
[2026-06-14T10:15:14.061Z] [ALL] 06-14 15:45:14.250  1149  1201 D SurfaceFlinger: [SEC_SF_EFFECTS] drawLayersInternal,1348, Rendering layer com.safebank.ai/com.safebank.ai.MainActivity$_19655#104730 at index 1
[2026-06-14T10:15:14.061Z] [ALL] 06-14 15:45:14.250  1149  1201 D SurfaceFlinger: [SEC_SF_EFFECTS] drawLayersInternal,1348, Rendering layer StatusBar$_2112#94 at index 2
[2026-06-14T10:15:14.061Z] [ALL] 06-14 15:45:14.250  1149  1201 D SurfaceFlinger: [SEC_SF_EFFECTS] drawLayersInternal,1348, Rendering layer com.sec.android.app.launcher/com.samsung.app.honeyspace.edge.edgepanel.app.CocktailBarService$_2619#103972 at index 3
[2026-06-14T10:15:14.061Z] [ALL] 06-14 15:45:14.250  1149  1201 D SurfaceFlinger: [SEC_SF_EFFECTS] drawLayersInternal,1348, Rendering layer NavigationBar0$_2112#90 at index 4
[2026-06-14T10:15:14.133Z] [ALL] 06-14 15:45:14.339  5214  5214 D BoundBrokerSvc: onUnbind: Intent { act=com.google.android.gms.common.telemetry.service.START dat=chimera-action:/... xflg=0x4 cmp=com.google.android.gms/.chimera.PersistentApiService }
[2026-06-14T10:15:14.136Z] [ALL] 06-14 15:45:14.343  1486  4341 D WindowManager: captureDisplay
[2026-06-14T10:15:14.137Z] [ALL] 06-14 15:45:14.343  1486  4341 I SurfaceComposerClient: captureLayers:childrenOnly:1, sync:0
[2026-06-14T10:15:14.144Z] [ALL] 06-14 15:45:14.350  1149  1661 I SurfaceFlinger: Capture layer list: 	 com.safebank.ai/com.safebank.ai.MainActivity$_19655#104730(preserveDisplayColors:0)
[2026-06-14T10:15:14.145Z] [ALL] 06-14 15:45:14.350  1149  1661 I SurfaceFlinger: Capture layer list: 	 StatusBar$_2112#94(preserveDisplayColors:0)
[2026-06-14T10:15:14.145Z] [ALL] 06-14 15:45:14.350  1149  1661 I SurfaceFlinger: Capture layer list: 	 com.sec.android.app.launcher/com.samsung.app.honeyspace.edge.edgepanel.app.CocktailBarService$_2619#103972(preserveDisplayColors:0)
[2026-06-14T10:15:14.145Z] [ALL] 06-14 15:45:14.350  1149  1661 I SurfaceFlinger: Capture layer list: 	 NavigationBar0$_2112#90(preserveDisplayColors:0)
[2026-06-14T10:15:14.145Z] [ALL] 06-14 15:45:14.352  1149  1201 D SurfaceFlinger: [SEC_SF_EFFECTS] drawLayersInternal,1348, Rendering layer ScreenCaptureFillLayer at index 0
[2026-06-14T10:15:14.145Z] [ALL] 06-14 15:45:14.352  1149  1201 D SurfaceFlinger: [SEC_SF_EFFECTS] drawLayersInternal,1348, Rendering layer com.safebank.ai/com.safebank.ai.MainActivity$_19655#104730 at index 1
[2026-06-14T10:15:14.150Z] [ALL] 06-14 15:45:14.353  1149  1201 D SurfaceFlinger: [SEC_SF_EFFECTS] drawLayersInternal,1348, Rendering layer StatusBar$_2112#94 at index 2
[2026-06-14T10:15:14.151Z] [ALL] 06-14 15:45:14.353  1149  1201 D SurfaceFlinger: [SEC_SF_EFFECTS] drawLayersInternal,1348, Rendering layer com.sec.android.app.launcher/com.samsung.app.honeyspace.edge.edgepanel.app.CocktailBarService$_2619#103972 at index 3
[2026-06-14T10:15:14.151Z] [ALL] 06-14 15:45:14.353  1149  1201 D SurfaceFlinger: [SEC_SF_EFFECTS] drawLayersInternal,1348, Rendering layer NavigationBar0$_2112#90 at index 4
[2026-06-14T10:15:14.238Z] [ALL] 06-14 15:45:14.444  1486  4341 D WindowManager: captureDisplay
[2026-06-14T10:15:14.241Z] [ALL] 06-14 15:45:14.444  1486  4341 I SurfaceComposerClient: captureLayers:childrenOnly:1, sync:0
[2026-06-14T10:15:14.243Z] [ALL] 06-14 15:45:14.451  1149  1661 I SurfaceFlinger: Capture layer list: 	 com.safebank.ai/com.safebank.ai.MainActivity$_19655#104730(preserveDisplayColors:0)
[2026-06-14T10:15:14.244Z] [ALL] 06-14 15:45:14.451  1149  1661 I SurfaceFlinger: Capture layer list: 	 StatusBar$_2112#94(preserveDisplayColors:0)
[2026-06-14T10:15:14.245Z] [ALL] 06-14 15:45:14.451  1149  1661 I SurfaceFlinger: Capture layer list: 	 com.sec.android.app.launcher/com.samsung.app.honeyspace.edge.edgepanel.app.CocktailBarService$_2619#103972(preserveDisplayColors:0)
[2026-06-14T10:15:14.245Z] [ALL] 06-14 15:45:14.451  1149  1661 I SurfaceFlinger: Capture layer list: 	 NavigationBar0$_2112#90(preserveDisplayColors:0)
[2026-06-14T10:15:14.250Z] [ALL] 06-14 15:45:14.453  1149  1201 D SurfaceFlinger: [SEC_SF_EFFECTS] drawLayersInternal,1348, Rendering layer ScreenCaptureFillLayer at index 0
[2026-06-14T10:15:14.254Z] [ALL] 06-14 15:45:14.453  1149  1201 D SurfaceFlinger: [SEC_SF_EFFECTS] drawLayersInternal,1348, Rendering layer com.safebank.ai/com.safebank.ai.MainActivity$_19655#104730 at index 1
[2026-06-14T10:15:14.254Z] [ALL] 06-14 15:45:14.454  1149  1201 D SurfaceFlinger: [SEC_SF_EFFECTS] drawLayersInternal,1348, Rendering layer StatusBar$_2112#94 at index 2
[2026-06-14T10:15:14.256Z] [ALL] 06-14 15:45:14.454  1149  1201 D SurfaceFlinger: [SEC_SF_EFFECTS] drawLayersInternal,1348, Rendering layer com.sec.android.app.launcher/com.samsung.app.honeyspace.edge.edgepanel.app.CocktailBarService$_2619#103972 at index 3
[2026-06-14T10:15:14.256Z] [ALL] 06-14 15:45:14.454  1149  1201 D SurfaceFlinger: [SEC_SF_EFFECTS] drawLayersInternal,1348, Rendering layer NavigationBar0$_2112#90 at index 4
[2026-06-14T10:15:14.311Z] [ALL] 06-14 15:45:14.514  1486  1526 I ActivityManager: Changes in 10125 15 to 19, 256 to 0
[2026-06-14T10:15:14.349Z] [ALL] 06-14 15:45:14.545  1486  4341 D WindowManager: captureDisplay
[2026-06-14T10:15:14.349Z] [ALL] 06-14 15:45:14.546  1486  4341 I SurfaceComposerClient: captureLayers:childrenOnly:1, sync:0
[2026-06-14T10:15:14.349Z] [ALL] 06-14 15:45:14.551  1149  1661 I SurfaceFlinger: Capture layer list: 	 com.safebank.ai/com.safebank.ai.MainActivity$_19655#104730(preserveDisplayColors:0)
[2026-06-14T10:15:14.349Z] [ALL] 06-14 15:45:14.551  1149  1661 I SurfaceFlinger: Capture layer list: 	 StatusBar$_2112#94(preserveDisplayColors:0)
[2026-06-14T10:15:14.349Z] [ALL] 06-14 15:45:14.551  1149  1661 I SurfaceFlinger: Capture layer list: 	 com.sec.android.app.launcher/com.samsung.app.honeyspace.edge.edgepanel.app.CocktailBarService$_2619#103972(preserveDisplayColors:0)
[2026-06-14T10:15:14.349Z] [ALL] 06-14 15:45:14.551  1149  1661 I SurfaceFlinger: Capture layer list: 	 NavigationBar0$_2112#90(preserveDisplayColors:0)
[2026-06-14T10:15:14.349Z] [ALL] 06-14 15:45:14.554  1149  1201 D SurfaceFlinger: [SEC_SF_EFFECTS] drawLayersInternal,1348, Rendering layer ScreenCaptureFillLayer at index 0
[2026-06-14T10:15:14.349Z] [ALL] 06-14 15:45:14.554  1149  1201 D SurfaceFlinger: [SEC_SF_EFFECTS] drawLayersInternal,1348, Rendering layer com.safebank.ai/com.safebank.ai.MainActivity$_19655#104730 at index 1
[2026-06-14T10:15:14.349Z] [ALL] 06-14 15:45:14.554  1149  1201 D SurfaceFlinger: [SEC_SF_EFFECTS] drawLayersInternal,1348, Rendering layer StatusBar$_2112#94 at index 2
[2026-06-14T10:15:14.349Z] [ALL] 06-14 15:45:14.554  1149  1201 D SurfaceFlinger: [SEC_SF_EFFECTS] drawLayersInternal,1348, Rendering layer com.sec.android.app.launcher/com.samsung.app.honeyspace.edge.edgepanel.app.CocktailBarService$_2619#103972 at index 3
[2026-06-14T10:15:14.349Z] [ALL] 06-14 15:45:14.554  1149  1201 D SurfaceFlinger: [SEC_SF_EFFECTS] drawLayersInternal,1348, Rendering layer NavigationBar0$_2112#90 at index 4
[2026-06-14T10:15:14.382Z] [ALL] 06-14 15:45:14.588 24716 24721 W oiceservice:asr: userfaultfd: MOVE ioctl seems unsupported: Connection timed out
[2026-06-14T10:15:14.445Z] [ALL] 06-14 15:45:14.620  1111  1162 D HeatmapThread: Updated plugType via uevent: 0
[2026-06-14T10:15:14.447Z] [ALL] 06-14 15:45:14.629  1063  1142 E BatteryDump: !@new_battery_dump : 4283,-10,1500,3150,99,398,369,476,398,0,379,444,0,Full,NO_CHARGING,None,Good,PDIC,0,Normal,0,0,9180,0x8000,0x10010000,0x0,0,0,0000,0000,00000000,0,0,0,0,890,4284,9665,970,0,
[2026-06-14T10:15:14.447Z] [ALL] 06-14 15:45:14.637  1063  1063 I android.hardware.health@2.1-service-samsung: updateLrpSysfs: write: 402
[2026-06-14T10:15:14.447Z] [ALL] 06-14 15:45:14.640  1486  1783 D BatteryService: [processValuesLocked]batteryLevel:99 ,LastbatteryLevel:99 ,mPlugType:2 ,batteryStatus:5
[2026-06-14T10:15:14.447Z] [ALL] 06-14 15:45:14.640  1486  1783 D BatteryService: [countBatteryChangedConditions]mBatteryChangedConditionCounts:[70, 1, 1, 1116, 70, 1464, 682, 0, 0, 64, 63, 0, 65, 0, 0, 10, 242, 70, 0, 0, 0, 1]
[2026-06-14T10:15:14.447Z] [ALL] 06-14 15:45:14.640  1486  7792 V [SS]SleepChargingTimeController: [isActivated]mSleepChargingStatus isNowSessionTime False => false
[2026-06-14T10:15:14.447Z] [ALL] 06-14 15:45:14.640  1486  1783 D BatteryService: Sending ACTION_BATTERY_CHANGED: level:99, status:5, health:2, remain:97, ac:false, usb:true, wireless:false, pogo:false, misc:0x10010000, charge_type:1, charger_type:1, voltage:4283, temperature:398, online:19, charging_status:0, cycle_count:0, current_avg:-10, ps:false, hvc:true, current_event:0x8000, mcc:0, mcv:0, cc:4174025, present:true, scale:100, technology:Li-ion, protection:1
[2026-06-14T10:15:14.447Z] [ALL] 06-14 15:45:14.645  1486  1783 D [SS]BattUtils: [readNode]path:/efs/FactoryApp/bsoh ,value:100.00
[2026-06-14T10:15:14.447Z] [ALL] 06-14 15:45:14.645  1486  4341 D WindowManager: captureDisplay
[2026-06-14T10:15:14.447Z] [ALL] 06-14 15:45:14.646  1486  4341 I SurfaceComposerClient: captureLayers:childrenOnly:1, sync:0
[2026-06-14T10:15:14.448Z] [ALL] 06-14 15:45:14.649  1486  1877 I DeviceBatteryInfoService: action: android.intent.action.BATTERY_CHANGED
[2026-06-14T10:15:14.448Z] [ALL] 06-14 15:45:14.649  1486  1877 I DeviceBatteryInfoService: phone battery level: 99
[2026-06-14T10:15:14.448Z] [ALL] 06-14 15:45:14.649  1486  1877 I DeviceBatteryInfoService: phone battery status: 5
[2026-06-14T10:15:14.448Z] [ALL] 06-14 15:45:14.650  1149  1661 I SurfaceFlinger: Capture layer list: 	 com.safebank.ai/com.safebank.ai.MainActivity$_19655#104730(preserveDisplayColors:0)
[2026-06-14T10:15:14.448Z] [ALL] 06-14 15:45:14.650  2112  2112 I AODBatteryManager: updateBatteryData: ACTION_BATTERY_CHANGED: true, isSleepModeChanged:false ,isRemainingTimeChanged: false, isUSBRestriction: false
[2026-06-14T10:15:14.448Z] [ALL] 06-14 15:45:14.650  1149  1661 I SurfaceFlinger: Capture layer list: 	 StatusBar$_2112#94(preserveDisplayColors:0)
[2026-06-14T10:15:14.448Z] [ALL] 06-14 15:45:14.650  1149  1661 I SurfaceFlinger: Capture layer list: 	 com.sec.android.app.launcher/com.samsung.app.honeyspace.edge.edgepanel.app.CocktailBarService$_2619#103972(preserveDisplayColors:0)
[2026-06-14T10:15:14.448Z] [ALL] 06-14 15:45:14.650  1149  1661 I SurfaceFlinger: Capture layer list: 	 NavigationBar0$_2112#90(preserveDisplayColors:0)
[2026-06-14T10:15:14.448Z] [ALL] 06-14 15:45:14.652  2112  2112 I AODBatteryManager: getChargeEstimateTime: not charging
[2026-06-14T10:15:14.448Z] [ALL] 06-14 15:45:14.652  2112  2112 I AODBatteryManager: saveBatteryData : AOD BatteryData [mBatteryLevel=99, mBatteryStatus=FULL, mBatteryPlugType=USB, mBatteryPlugged=true, mRemainingChargeTime=0, mBatteryChargingType=0, mBatteryChargerType=FAST, mBatteryOnline=NOT_DEFINED, mBatterySwellingMode=NONE, mBatteryProtectMode=false, mBatteryProtectModeType=4, mSleepChargingEvent=null, mSleepChargingEventFinishTime=null, mBatteryHealth=2, mIsDirectPowerMode=false, mIsUsbRestriction=false]
[2026-06-14T10:15:14.459Z] [ALL] 06-14 15:45:14.652  1149  1201 D SurfaceFlinger: [SEC_SF_EFFECTS] drawLayersInternal,1348, Rendering layer ScreenCaptureFillLayer at index 0
[2026-06-14T10:15:14.459Z] [ALL] 06-14 15:45:14.652  1149  1201 D SurfaceFlinger: [SEC_SF_EFFECTS] drawLayersInternal,1348, Rendering layer com.safebank.ai/com.safebank.ai.MainActivity$_19655#104730 at index 1
[2026-06-14T10:15:14.459Z] [ALL] 06-14 15:45:14.653  1149  1201 D SurfaceFlinger: [SEC_SF_EFFECTS] drawLayersInternal,1348, Rendering layer StatusBar$_2112#94 at index 2
[2026-06-14T10:15:14.459Z] [ALL] 06-14 15:45:14.653  1149  1201 D SurfaceFlinger: [SEC_SF_EFFECTS] drawLayersInternal,1348, Rendering layer com.sec.android.app.launcher/com.samsung.app.honeyspace.edge.edgepanel.app.CocktailBarService$_2619#103972 at index 3
[2026-06-14T10:15:14.459Z] [ALL] 06-14 15:45:14.653  1149  1201 D SurfaceFlinger: [SEC_SF_EFFECTS] drawLayersInternal,1348, Rendering layer NavigationBar0$_2112#90 at index 4
[2026-06-14T10:15:14.459Z] [ALL] 06-14 15:45:14.657  1486  1723 D MotionRecognitionService: [SAR]  onReceive : ACTION_BATTERY_CHANGED, Plugged: 2
[2026-06-14T10:15:14.459Z] [ALL] 06-14 15:45:14.657  1486  1486 D AdaptiveBrightnessLongtermModelBuilder[0]: Received android.intent.action.BATTERY_CHANGED
[2026-06-14T10:15:14.467Z] [ALL] 06-14 15:45:14.667  1928  1928 D SemBigDataInfoController: Intent: android.intent.action.BATTERY_CHANGED
[2026-06-14T10:15:14.467Z] [ALL] 06-14 15:45:14.668  1928  1928 D SemBigDataInfoController: Intent: android.intent.action.BATTERY_CHANGED
[2026-06-14T10:15:14.467Z] [ALL] 06-14 15:45:14.669   817   817 I [SCPMV2][SystemMonitorReceiver]: onReceive: android.intent.action.BATTERY_CHANGED
[2026-06-14T10:15:14.467Z] [ALL] 06-14 15:45:14.670  2112  2112 I PowerUI : mBootCompleted = true |  mFullyConnected = true
[2026-06-14T10:15:14.467Z] [ALL] 06-14 15:45:14.670  2112  2112 I PowerUI : BATTERY_HEALTH_CHECK / batteryHealth : 2 / wirelessOverheat : false
[2026-06-14T10:15:14.474Z] [ALL] 06-14 15:45:14.680  2112  2112 D PowerUI : Skip charging animation - by Plug reason
[2026-06-14T10:15:14.476Z] [ALL] 06-14 15:45:14.683  2112  2112 D PowerUI : Skip charging sound & vibrate - by Plug reason
[2026-06-14T10:15:14.476Z] [ALL] 06-14 15:45:14.683  2112  2112 D PowerUI : oldMisalign : false, curMisalign : false
[2026-06-14T10:15:14.480Z] [ALL] 06-14 15:45:14.686  2112  3885 D PowerUI.Notification: updateNotification mWarning = false mPlaySound = false
[2026-06-14T10:15:14.500Z] [ALL] 06-14 15:45:14.696  2112  2112 I PowerUI : Meet soc conditions, start scheduling
[2026-06-14T10:15:14.551Z] [ALL] 06-14 15:45:14.698  1486  4341 D SecContentProvider: query(), uri = 17 selection = isSettingsChangesAllowed
[2026-06-14T10:15:14.551Z] [ALL] 06-14 15:45:14.698  1486  4341 D SecContentProvider: called from android.uid.systemui:10048
[2026-06-14T10:15:14.551Z] [ALL] 06-14 15:45:14.698  1486  4341 D RestrictionPolicy: isSettingsChangesAllowedAsUser, userId 0 : true
[2026-06-14T10:15:14.551Z] [ALL] 06-14 15:45:14.699  1486  4341 D SettingsProvider: PUT_ret(/global/ltc_highsoc_exceed_time), callingPackage:com.android.systemui
[2026-06-14T10:15:14.551Z] [ALL] 06-14 15:45:14.703  1486  1623 I ActivityManager: Changes in 10399 19 to 19, 128 to 0
[2026-06-14T10:15:14.551Z] [ALL] 06-14 15:45:14.704  1486  1623 I ActivityManager: Changes in 10263 10 to 19, 384 to 0
[2026-06-14T10:15:14.551Z] [ALL] 06-14 15:45:14.706 27719 27719 I Finsky  : [2] Memory trim requested to level 40
[2026-06-14T10:15:14.551Z] [ALL] 06-14 15:45:14.706 27719 27719 I Finsky  : [2] Flushing in-memory image cache
[2026-06-14T10:15:14.551Z] [ALL] 06-14 15:45:14.706 29794 29794 I Finsky:background: [2] Memory trim requested to level 40
[2026-06-14T10:15:14.560Z] [ALL] 06-14 15:45:14.713  1149  1280 I SurfaceFlinger: Current= 60, Period= 60, hwcPeriod= 60
[2026-06-14T10:15:14.560Z] [ALL] 06-14 15:45:14.715  1486  1741 D InetDiagMessage: Destroyed 0 sockets, proto=IPPROTO_TCP, family=AF_INET, states=14
[2026-06-14T10:15:14.560Z] [ALL] 06-14 15:45:14.721  1486  1741 D InetDiagMessage: Destroyed 4 sockets, proto=IPPROTO_TCP, family=AF_INET6, states=14
[2026-06-14T10:15:14.560Z] [ALL] 06-14 15:45:14.721  1486  1741 D InetDiagMessage: Destroyed live tcp sockets for uids={10399} in 8ms
[2026-06-14T10:15:14.560Z] [ALL] 06-14 15:45:14.722  1486  1741 D InetDiagMessage: Destroyed 0 sockets, proto=IPPROTO_TCP, family=AF_INET, states=14
[2026-06-14T10:15:14.560Z] [ALL] 06-14 15:45:14.722 19463 19503 I appium  : channel read: POST /session/ed6c8e2c-e5c1-4b65-b4bf-728310f0e26e/element
[2026-06-14T10:15:14.560Z] [ALL] 06-14 15:45:14.723  1486  1741 D InetDiagMessage: Destroyed 0 sockets, proto=IPPROTO_TCP, family=AF_INET6, states=14
[2026-06-14T10:15:14.560Z] [ALL] 06-14 15:45:14.723  1486  1741 D InetDiagMessage: Destroyed live tcp sockets for uids={20399} in 2ms
[2026-06-14T10:15:14.560Z] [ALL] 06-14 15:45:14.724 19463 19503 I appium  : FindElement command
[2026-06-14T10:15:14.560Z] [ALL] 06-14 15:45:14.725 19463 19503 I appium  : method: 'xpath', selector: '//*[contains(@resource-id, "otp_toggle_btn") or @content-desc="otp_toggle_btn"]'
[2026-06-14T10:15:14.560Z] [ALL] 06-14 15:45:14.726 19463 19503 I appium  : Waiting up to 10000ms for the device to idle
[2026-06-14T10:15:14.560Z] [ALL] 06-14 15:45:14.727 19463 19503 I appium  : The following attributes will be included to the page source: [resource-id, content-desc]
[2026-06-14T10:15:14.560Z] [ALL] 06-14 15:45:14.733 19463 19467 I tomator2.server: Method exceeds compiler instruction limit: 19260 in java_cup.runtime.Symbol org.eclipse.wst.xml.xpath2.processor.internal.CUP$XPathCup$actions.CUP$XPathCup$do_action(int, java_cup.runtime.lr_parser, java.util.Stack, int)
[2026-06-14T10:15:14.560Z] [ALL] 06-14 15:45:14.745  1486  2158 D WindowManager: captureDisplay
[2026-06-14T10:15:14.560Z] [ALL] 06-14 15:45:14.746  1486  2158 I SurfaceComposerClient: captureLayers:childrenOnly:1, sync:0
[2026-06-14T10:15:14.560Z] [ALL] 06-14 15:45:14.751  1149  1661 I SurfaceFlinger: Capture layer list: 	 com.safebank.ai/com.safebank.ai.MainActivity$_19655#104730(preserveDisplayColors:0)
[2026-06-14T10:15:14.560Z] [ALL] 06-14 15:45:14.751  1149  1661 I SurfaceFlinger: Capture layer list: 	 StatusBar$_2112#94(preserveDisplayColors:0)
[2026-06-14T10:15:14.560Z] [ALL] 06-14 15:45:14.751  1149  1661 I SurfaceFlinger: Capture layer list: 	 com.sec.android.app.launcher/com.samsung.app.honeyspace.edge.edgepanel.app.CocktailBarService$_2619#103972(preserveDisplayColors:0)
[2026-06-14T10:15:14.560Z] [ALL] 06-14 15:45:14.751  1149  1661 I SurfaceFlinger: Capture layer list: 	 NavigationBar0$_2112#90(preserveDisplayColors:0)
[2026-06-14T10:15:14.560Z] [ALL] 06-14 15:45:14.753  2112  2112 I NotificationManager: com.android.systemui: notify(2114586824, tag_battery_protection, Notification(channel=CHR shortcut=null contentView=null vibrate=null sound=null defaults=0 flags=ONGOING_EVENT|ONLY_ALERT_ONCE color=0x00000000 category=sys groupKey=CHARGING vis=PUBLIC semFlags=0x0 semPriority=0 semMissedCount=0 semScenarioType=0)) as user
[2026-06-14T10:15:14.560Z] [ALL] 06-14 15:45:14.753  1149  1201 D SurfaceFlinger: [SEC_SF_EFFECTS] drawLayersInternal,1348, Rendering layer ScreenCaptureFillLayer at index 0
[2026-06-14T10:15:14.560Z] [ALL] 06-14 15:45:14.753  1149  1201 D SurfaceFlinger: [SEC_SF_EFFECTS] drawLayersInternal,1348, Rendering layer com.safebank.ai/com.safebank.ai.MainActivity$_19655#104730 at index 1
[2026-06-14T10:15:14.560Z] [ALL] 06-14 15:45:14.753  1149  1201 D SurfaceFlinger: [SEC_SF_EFFECTS] drawLayersInternal,1348, Rendering layer StatusBar$_2112#94 at index 2
[2026-06-14T10:15:14.560Z] [ALL] 06-14 15:45:14.753  1149  1201 D SurfaceFlinger: [SEC_SF_EFFECTS] drawLayersInternal,1348, Rendering layer com.sec.android.app.launcher/com.samsung.app.honeyspace.edge.edgepanel.app.CocktailBarService$_2619#103972 at index 3
[2026-06-14T10:15:14.560Z] [ALL] 06-14 15:45:14.753  1149  1201 D SurfaceFlinger: [SEC_SF_EFFECTS] drawLayersInternal,1348, Rendering layer NavigationBar0$_2112#90 at index 4
[2026-06-14T10:15:14.560Z] [ALL] 06-14 15:45:14.757  1486  4341 W PermissionService: getPermissionFlags: Unknown user -1
[2026-06-14T10:15:14.560Z] [ALL] 06-14 15:45:14.757  1486  4341 W PermissionService: getPermissionFlags: Unknown user -1
[2026-06-14T10:15:14.561Z] [ALL] 06-14 15:45:14.761  2112  2112 D KeyguardUpdateMonitor: handleBatteryUpdate
[2026-06-14T10:15:14.577Z] [ALL] 06-14 15:45:14.768  2112  2112 D SamsungBatteryMeterDrawable: onBatteryLevelChanged isSomethingChanged: false
[2026-06-14T10:15:14.577Z] [ALL] 06-14 15:45:14.780  2112  2112 D SamsungBatteryMeterDrawable: onBatteryLevelChanged isSomethingChanged: false
[2026-06-14T10:15:14.577Z] [ALL] 06-14 15:45:14.780  2112  2112 D SamsungBatteryMeterDrawable: onBatteryLevelChanged isSomethingChanged: false
[2026-06-14T10:15:14.577Z] [ALL] 06-14 15:45:14.781  2112  2112 D SamsungBatteryMeterDrawable: onBatteryLevelChanged isSomethingChanged: false
[2026-06-14T10:15:14.614Z] [ALL] 06-14 15:45:14.803  2112  2112 W View    : requestLayout() improperly called by android.widget.FrameLayout{48ced02 V.E...... ......I. 0,0-1080,2340 #14} during layout: running second layout pass
[2026-06-14T10:15:14.614Z] [ALL] 06-14 15:45:14.803  2112  2112 W View    : requestLayout() improperly called by com.android.systemui.qs.QSTouchAwareFrameLayout{1c3b613 V.E...... ......ID 0,150-1080,2340 #7e0a0a4c com.android.systemui:id/qs_frame} during layout: running second layout pass
[2026-06-14T10:15:14.614Z] [ALL] 06-14 15:45:14.804  2112  2112 W RefactorFlag: New code path expects SceneContainerFlag to be enabled.
[2026-06-14T10:15:14.614Z] [ALL] 06-14 15:45:14.806  1486  1856 D SemWifiSwitchForIndividualAppsService: isSkipNetworkCondition - result:2
[2026-06-14T10:15:14.614Z] [ALL] 06-14 15:45:14.815 19463 19503 I appium  : Took 0ms to retrieve 0 matches for '//*[contains(@resource-id, "otp_toggle_btn") or @content-desc="otp_toggle_btn"]' XPath2 query
[2026-06-14T10:15:14.614Z] [ALL] 06-14 15:45:14.816 19463 19503 I appium  : AppiumResponse: {"sessionId":"ed6c8e2c-e5c1-4b65-b4bf-728310f0e26e","value":{"error":"no such element","message":"An element could not be located on the page using the given search parameters","stacktrace":"io.appium.uiautomator2.common.exceptions.ElementNotFoundException: An element could not be located on the page using the given search parameters\n\tat io.appium.uiautomator2.utils.ElementLocationHelpers.findElement(ElementLocationHelpers.java:153)\n\tat io.appium.uiautomator2.handler.FindElement.safeHandle(FindElement.java:60)\n\tat io.appium.uiautomator2.handler.request.SafeRequestHandler.handle(SafeRequestHandler.java:59)\n\tat io.appium.uiautomator2.server.AppiumServlet.handleRequest(AppiumServlet.java:267)\n\tat io.appium.uiautomator2.server.AppiumServlet.handleHttpRequest(AppiumServlet.java:261)\n\tat io.appium.uiautomator2.http.ServerHandler.channelRead(ServerHandler.java:77)\n\tat io.netty.channel.AbstractChannelHandlerContext.fireChannelRead(AbstractChannelHandlerContext.java:357)\n\tat io.netty.handler.codec.MessageToMessageDecoder.channelRead(MessageToMessageDecoder.java:107)\n\tat io.netty.channel.AbstractChannelHandlerContext.fireChannelRead(AbstractChannelHandlerContext.java:357)\n\tat io.netty.channel.CombinedChannelDuplexHandler$DelegatingChannelHandlerContext.fireChannelRead(CombinedChannelDuplexHandler.java:434)\n\tat io.netty.handler.codec.ByteToMessageDecoder.fireChannelRead(ByteToMessageDecoder.java:361)\n\tat io.netty.handler.codec.ByteToMessageDecoder.channelRead(ByteToMessageDecoder.java:325)\n\tat io.netty.channel.CombinedChannelDuplexHandler.channelRead(CombinedChannelDuplexHandler.java:249)\n\tat io.netty.channel.AbstractChannelHandlerContext.fireChannelRead(AbstractChannelHandlerContext.java:355)\n\tat io.netty.handler.timeout.IdleStateHandler.channelRead(IdleStateHandler.java:288)\n\tat io.netty.channel.AbstractChannelHandlerContext.fireChannelRead(AbstractChannelHandlerContext.java:355)\n\tat io.netty.channel.DefaultChannelPipeline$HeadContext.channelRead(DefaultChannelPipeline.java:1429)\n\tat io.netty.channel.DefaultChannelPipeline.fireChannelRead(DefaultChannelPipeline.java:918)\n\tat io.netty.channel.nio.AbstractNioByteChannel$NioByteUnsafe.read(AbstractNioByteChannel.java:176)\n\tat io.netty.channel.nio.AbstractNioChannel$AbstractNioUnsafe.handle(AbstractNioChannel.java:445)\n\tat io.netty.channel.nio.NioIoHandler$DefaultNioRegistration.handle(NioIoHandler.java:388)\n\tat io.netty.channel.nio.NioIoHandler.processSelectedKey(NioIoHandler.java:596)\n\tat io.netty.channel.nio.NioIoHandler.processSelectedKeysOptimized(NioIoHandler.java:571)\n\tat io.netty.channel.nio.NioIoHandler.processSelectedKeys(NioIoHandler.java:512)\n\tat io.netty.channel.nio.NioIoHandler.run(NioIoHandler.java:484)\n\tat io.netty.channel.SingleThreadIoEventLoop.runIo(SingleThreadIoEventLoop.java:225)\n\tat io.netty.channel.SingleThreadIoEventLoop.run(SingleThreadIoEventLoop.java:196)\n\tat io.netty.util.concurrent.SingleThreadEventExecutor$5.run(SingleThreadEventExecutor.java:1195)\n\tat io.netty.util.internal.ThreadExecutorMap$2.run(ThreadExecutorMap.java:74)\n\tat io.netty.util.concurrent.FastThreadLocalRunnable.run(FastThreadLocalRunnable.java:30)\n\tat java.lang.Thread.run(Thread.java:1564)\n"}}
[2026-06-14T10:15:14.625Z] [ALL] 06-14 15:45:14.829  1149  1317 D SurfaceFlinger: setDesiredMode 4633128672291736000 {mode={fps=120.00 Hz, modePtr={id=0, vsyncRate=120.00 Hz, peakRefreshRate=120.00 Hz}}, emitEvent=false, force=false}
[2026-06-14T10:15:14.625Z] [ALL] 06-14 15:45:14.830  1149  1149 I SurfaceFlinger: SFWD update time=182926138550464
[2026-06-14T10:15:14.625Z] [ALL] 06-14 15:45:14.832  1149  1149 I SurfaceFlinger: StatusBar$_2112#94 voted NoVote (0.00 Hz)
[2026-06-14T10:15:14.625Z] [ALL] 06-14 15:45:14.832  1149  1149 I SurfaceFlinger: No layers with votes - choose 120.00 Hz
[2026-06-14T10:15:14.629Z] [ALL] 06-14 15:45:14.832  1149  1149 D SurfaceFlinger: initiateModeChange 4633128672291736000 {mode={fps=120.00 Hz, modePtr={id=0, vsyncRate=120.00 Hz, peakRefreshRate=120.00 Hz}}, emitEvent=false, force=false}
[2026-06-14T10:15:14.629Z] [ALL] 06-14 15:45:14.832  1149  1149 I SurfaceFlinger: [4633128672291736000] ActiveConfigToHWC, ID : 3
[2026-06-14T10:15:14.629Z] [ALL] 06-14 15:45:14.833  1062 15192 D display : setActiveConfigWithConstraints:: PrimaryDisplay config(3)
[2026-06-14T10:15:14.629Z] [ALL] 06-14 15:45:14.833  1062 15192 I display : Current VRR MODE is 3
[2026-06-14T10:15:14.629Z] [ALL] 06-14 15:45:14.833  1062 15192 I display : setActiveConfigWithConstraints:: HFR match - config: 3, base: 3, try: 1
[2026-06-14T10:15:14.629Z] [ALL] 06-14 15:45:14.833  1062 15192 I display : setActiveConfigWithConstraints::update 1080x2340@120hs
[2026-06-14T10:15:14.629Z] [ALL] 06-14 15:45:14.833  1062 15192 I display : commit modeset : 1080x2340@120hs
[2026-06-14T10:15:14.644Z] [ALL] 06-14 15:45:14.847  1486  4341 D WindowManager: captureDisplay
[2026-06-14T10:15:14.644Z] [ALL] 06-14 15:45:14.847  1486  4341 I SurfaceComposerClient: captureLayers:childrenOnly:1, sync:0
[2026-06-14T10:15:14.657Z] [ALL] 06-14 15:45:14.855  1062 15192 W display : deliverWinConfigData:: commit modeset time (21 ms)
[2026-06-14T10:15:14.657Z] [ALL] 06-14 15:45:14.856  1062  1159 I display : [compareVsyncPeriod] set the lowest(mode:0) vsync 83 of display(0)
[2026-06-14T10:15:14.657Z] [ALL] 06-14 15:45:14.856  1062  1159 I display : getFpsForPerformance, performance table found using table(key:120, cpu:255)
[2026-06-14T10:15:14.657Z] [ALL] 06-14 15:45:14.856  1062  1159 I display : Set m2mMPP capacity(4) for fps(120)
[2026-06-14T10:15:14.657Z] [ALL] 06-14 15:45:14.856  1062  1159 I display : getFpsForPerformance, performance table found using table(key:120, cpu:255)
[2026-06-14T10:15:14.657Z] [ALL] 06-14 15:45:14.856  1062  1159 I display : Set Affinity config for fps(120) : cpuIDs : 255
[2026-06-14T10:15:14.657Z] [ALL] 06-14 15:45:14.856  1062  1159 I display : Set Affinity CPU ID : 0
[2026-06-14T10:15:14.657Z] [ALL] 06-14 15:45:14.856  1062  1159 I display : Set Affinity CPU ID : 1
[2026-06-14T10:15:14.657Z] [ALL] 06-14 15:45:14.856  1062  1159 I display : Set Affinity CPU ID : 2
[2026-06-14T10:15:14.657Z] [ALL] 06-14 15:45:14.856  1062  1159 I display : Set Affinity CPU ID : 3
[2026-06-14T10:15:14.657Z] [ALL] 06-14 15:45:14.856  1062  1159 I display : Set Affinity CPU ID : 4
[2026-06-14T10:15:14.657Z] [ALL] 06-14 15:45:14.856  1062  1159 I display : Set Affinity CPU ID : 5
[2026-06-14T10:15:14.657Z] [ALL] 06-14 15:45:14.856  1062  1159 I display : Set Affinity CPU ID : 6
[2026-06-14T10:15:14.657Z] [ALL] 06-14 15:45:14.856  1062  1159 I display : Set Affinity CPU ID : 7
[2026-06-14T10:15:14.657Z] [ALL] 06-14 15:45:14.858  1062  1159 I display : Set affinity HWC : 1062
[2026-06-14T10:15:14.657Z] [ALL] 06-14 15:45:14.858  1062  1159 I display : CPU set : Cluster(0), min_clock(0)
[2026-06-14T10:15:14.657Z] [ALL] 06-14 15:45:14.858  1062  1159 I display : CPU set : Cluster(1), min_clock(0)
[2026-06-14T10:15:14.657Z] [ALL] 06-14 15:45:14.858  1062  1159 I display : CPU set : Cluster(2), min_clock(0)
[2026-06-14T10:15:14.657Z] [ALL] 06-14 15:45:14.859  1149  1280 I SurfaceFlinger: Current= 60, Period= 120, hwcPeriod= 120
[2026-06-14T10:15:14.658Z] [ALL] 06-14 15:45:14.861  1149  1149 I SurfaceFlinger: finalizeDisplayModeChange 4633128672291736000
[2026-06-14T10:15:14.660Z] [ALL] 06-14 15:45:14.867  1149  1661 I SurfaceFlinger: Capture layer list: 	 com.safebank.ai/com.safebank.ai.MainActivity$_19655#104730(preserveDisplayColors:0)
[2026-06-14T10:15:14.660Z] [ALL] 06-14 15:45:14.867  1149  1661 I SurfaceFlinger: Capture layer list: 	 StatusBar$_2112#94(preserveDisplayColors:0)
[2026-06-14T10:15:14.660Z] [ALL] 06-14 15:45:14.867  1149  1661 I SurfaceFlinger: Capture layer list: 	 com.sec.android.app.launcher/com.samsung.app.honeyspace.edge.edgepanel.app.CocktailBarService$_2619#103972(preserveDisplayColors:0)
[2026-06-14T10:15:14.660Z] [ALL] 06-14 15:45:14.867  1149  1661 I SurfaceFlinger: Capture layer list: 	 NavigationBar0$_2112#90(preserveDisplayColors:0)
[2026-06-14T10:15:14.661Z] [ALL] 06-14 15:45:14.869  1149  1201 D SurfaceFlinger: [SEC_SF_EFFECTS] drawLayersInternal,1348, Rendering layer ScreenCaptureFillLayer at index 0
[2026-06-14T10:15:14.661Z] [ALL] 06-14 15:45:14.869  1149  1201 D SurfaceFlinger: [SEC_SF_EFFECTS] drawLayersInternal,1348, Rendering layer com.safebank.ai/com.safebank.ai.MainActivity$_19655#104730 at index 1
[2026-06-14T10:15:14.661Z] [ALL] 06-14 15:45:14.869  1149  1201 D SurfaceFlinger: [SEC_SF_EFFECTS] drawLayersInternal,1348, Rendering layer StatusBar$_2112#94 at index 2
[2026-06-14T10:15:14.663Z] [ALL] 06-14 15:45:14.869  1149  1201 D SurfaceFlinger: [SEC_SF_EFFECTS] drawLayersInternal,1348, Rendering layer com.sec.android.app.launcher/com.samsung.app.honeyspace.edge.edgepanel.app.CocktailBarService$_2619#103972 at index 3
[2026-06-14T10:15:14.663Z] [ALL] 06-14 15:45:14.869  1149  1201 D SurfaceFlinger: [SEC_SF_EFFECTS] drawLayersInternal,1348, Rendering layer NavigationBar0$_2112#90 at index 4
[2026-06-14T10:15:14.750Z] [ALL] 06-14 15:45:14.948  1486  4341 D WindowManager: captureDisplay
[2026-06-14T10:15:14.751Z] [ALL] 06-14 15:45:14.948  1486  4341 I SurfaceComposerClient: captureLayers:childrenOnly:1, sync:0
[2026-06-14T10:15:14.751Z] [ALL] 06-14 15:45:14.955  1149  1661 I SurfaceFlinger: Capture layer list: 	 com.safebank.ai/com.safebank.ai.MainActivity$_19655#104730(preserveDisplayColors:0)
[2026-06-14T10:15:14.751Z] [ALL] 06-14 15:45:14.955  1149  1661 I SurfaceFlinger: Capture layer list: 	 StatusBar$_2112#94(preserveDisplayColors:0)
[2026-06-14T10:15:14.751Z] [ALL] 06-14 15:45:14.955  1149  1661 I SurfaceFlinger: Capture layer list: 	 com.sec.android.app.launcher/com.samsung.app.honeyspace.edge.edgepanel.app.CocktailBarService$_2619#103972(preserveDisplayColors:0)
[2026-06-14T10:15:14.751Z] [ALL] 06-14 15:45:14.955  1149  1661 I SurfaceFlinger: Capture layer list: 	 NavigationBar0$_2112#90(preserveDisplayColors:0)
[2026-06-14T10:15:14.753Z] [ALL] 06-14 15:45:14.958  1149  1201 D SurfaceFlinger: [SEC_SF_EFFECTS] drawLayersInternal,1348, Rendering layer ScreenCaptureFillLayer at index 0
[2026-06-14T10:15:14.753Z] [ALL] 06-14 15:45:14.958  1149  1201 D SurfaceFlinger: [SEC_SF_EFFECTS] drawLayersInternal,1348, Rendering layer com.safebank.ai/com.safebank.ai.MainActivity$_19655#104730 at index 1
[2026-06-14T10:15:14.753Z] [ALL] 06-14 15:45:14.958  1149  1201 D SurfaceFlinger: [SEC_SF_EFFECTS] drawLayersInternal,1348, Rendering layer StatusBar$_2112#94 at index 2
[2026-06-14T10:15:14.753Z] [ALL] 06-14 15:45:14.958  1149  1201 D SurfaceFlinger: [SEC_SF_EFFECTS] drawLayersInternal,1348, Rendering layer com.sec.android.app.launcher/com.samsung.app.honeyspace.edge.edgepanel.app.CocktailBarService$_2619#103972 at index 3
[2026-06-14T10:15:14.753Z] [ALL] 06-14 15:45:14.958  1149  1201 D SurfaceFlinger: [SEC_SF_EFFECTS] drawLayersInternal,1348, Rendering layer NavigationBar0$_2112#90 at index 4
[2026-06-14T10:15:14.759Z] [ALL] 06-14 15:45:14.965  1486  1486 I Telecom : SamsungTelecomServiceImpl : isInManagedCall - callingPackage : android / callingUser : UserHandle{0} / hasCrossUserAccess : true
[2026-06-14T10:15:14.794Z] [ALL] 06-14 15:45:14.994  2619  2825 I HoneySpace.NotificationListener: onNotificationPosted com.android.systemui: -1|com.android.systemui|2114586824|tag_battery_protection|10048: 0
[2026-06-14T10:15:14.794Z] [ALL] 06-14 15:45:14.994  2619  2825 I HoneySpace.NotificationListener: invalid notification: com.android.systemui UserHandle{-1}: canShowBadge is false
[2026-06-14T10:15:14.818Z] [ALL] 06-14 15:45:15.018  2112  2112 D SubscreenNotificationListCoordinator: onAfterRenderList() isSubScreen = false, pluginLockMode = 0, doNotShowOnCover = false
[2026-06-14T10:15:14.818Z] [ALL] 06-14 15:45:15.019  2112  2112 I DateTimeView: getTimeFormat
[2026-06-14T10:15:14.818Z] [ALL] 06-14 15:45:15.020  2112  2112 I DateTimeView: getTimeFormat
[2026-06-14T10:15:14.818Z] [ALL] 06-14 15:45:15.021  2112  2112 I DateTimeView: getTimeFormat
[2026-06-14T10:15:14.818Z] [ALL] 06-14 15:45:15.021  2112  2112 I DateTimeView: getTimeFormat
[2026-06-14T10:15:14.818Z] [ALL] 06-14 15:45:15.023  2112  2112 I LockscreenNotificationIconsOnlyController: onNotificationInfoUpdated 0
[2026-06-14T10:15:14.818Z] [ALL] 06-14 15:45:15.024  2112  2112 I AODNotificationManager: updateNotification() 
[2026-06-14T10:15:14.824Z] [ALL] 06-14 15:45:15.028 19756 19756 D NLService: The notifications buffer size has reached its maximum size of 100 items. Shrinking it in order to satisfy the constraints.
[2026-06-14T10:15:14.824Z] [ALL] 06-14 15:45:15.030 19756 19756 D NLService: Successfully stored the newly arrived notification identified by 2114586824
[2026-06-14T10:15:14.844Z] [ALL] 06-14 15:45:15.048  1486  4341 D WindowManager: captureDisplay
[2026-06-14T10:15:14.847Z] [ALL] 06-14 15:45:15.048  1486  4341 I SurfaceComposerClient: captureLayers:childrenOnly:1, sync:0
[2026-06-14T10:15:14.850Z] [ALL] 06-14 15:45:15.053  1149  1661 I SurfaceFlinger: Capture layer list: 	 com.safebank.ai/com.safebank.ai.MainActivity$_19655#104730(preserveDisplayColors:0)
[2026-06-14T10:15:14.850Z] [ALL] 06-14 15:45:15.053  1149  1661 I SurfaceFlinger: Capture layer list: 	 StatusBar$_2112#94(preserveDisplayColors:0)
[2026-06-14T10:15:14.850Z] [ALL] 06-14 15:45:15.053  1149  1661 I SurfaceFlinger: Capture layer list: 	 com.sec.android.app.launcher/com.samsung.app.honeyspace.edge.edgepanel.app.CocktailBarService$_2619#103972(preserveDisplayColors:0)
[2026-06-14T10:15:14.850Z] [ALL] 06-14 15:45:15.053  1149  1661 I SurfaceFlinger: Capture layer list: 	 NavigationBar0$_2112#90(preserveDisplayColors:0)
[2026-06-14T10:15:14.853Z] [ALL] 06-14 15:45:15.056  1149  1201 D SurfaceFlinger: [SEC_SF_EFFECTS] drawLayersInternal,1348, Rendering layer ScreenCaptureFillLayer at index 0
[2026-06-14T10:15:14.853Z] [ALL] 06-14 15:45:15.056  1149  1201 D SurfaceFlinger: [SEC_SF_EFFECTS] drawLayersInternal,1348, Rendering layer com.safebank.ai/com.safebank.ai.MainActivity$_19655#104730 at index 1
[2026-06-14T10:15:14.853Z] [ALL] 06-14 15:45:15.056  1149  1201 D SurfaceFlinger: [SEC_SF_EFFECTS] drawLayersInternal,1348, Rendering layer StatusBar$_2112#94 at index 2
[2026-06-14T10:15:14.853Z] [ALL] 06-14 15:45:15.056  1149  1201 D SurfaceFlinger: [SEC_SF_EFFECTS] drawLayersInternal,1348, Rendering layer com.sec.android.app.launcher/com.samsung.app.honeyspace.edge.edgepanel.app.CocktailBarService$_2619#103972 at index 3
[2026-06-14T10:15:14.853Z] [ALL] 06-14 15:45:15.056  1149  1201 D SurfaceFlinger: [SEC_SF_EFFECTS] drawLayersInternal,1348, Rendering layer NavigationBar0$_2112#90 at index 4
[2026-06-14T10:15:14.874Z] [ALL] 06-14 15:45:15.080  1149  1317 D SurfaceFlinger: setDesiredMode 4633128672291736000 {mode={fps=60.00 Hz, modePtr={id=1, vsyncRate=60.00 Hz, peakRefreshRate=60.00 Hz}}, emitEvent=false, force=false}
[2026-06-14T10:15:14.876Z] [ALL] 06-14 15:45:15.082  1149  1149 I SurfaceFlinger: StatusBar$_2112#94 voted NoVote (0.00 Hz)
[2026-06-14T10:15:14.876Z] [ALL] 06-14 15:45:15.082  1149  1149 I SurfaceFlinger: IdleFps - choose 60.00 Hz
[2026-06-14T10:15:14.876Z] [ALL] 06-14 15:45:15.083  1149  1149 D SurfaceFlinger: initiateModeChange 4633128672291736000 {mode={fps=60.00 Hz, modePtr={id=1, vsyncRate=60.00 Hz, peakRefreshRate=60.00 Hz}}, emitEvent=false, force=false}
[2026-06-14T10:15:14.876Z] [ALL] 06-14 15:45:15.083  1149  1149 I SurfaceFlinger: [4633128672291736000] ActiveConfigToHWC, ID : 4
[2026-06-14T10:15:14.882Z] [ALL] 06-14 15:45:15.088  1149  1280 I SurfaceFlinger: Current= 120, Period= 60, hwcPeriod= 120
[2026-06-14T10:15:14.885Z] [ALL] 06-14 15:45:15.089  1062 15192 D display : setActiveConfigWithConstraints:: PrimaryDisplay config(4)
[2026-06-14T10:15:14.885Z] [ALL] 06-14 15:45:15.089  1062 15192 I display : Current VRR MODE is 3
[2026-06-14T10:15:14.885Z] [ALL] 06-14 15:45:15.089  1062 15192 I display : setActiveConfigWithConstraints:: HFR match - config: 5, base: 4, try: 0
[2026-06-14T10:15:14.885Z] [ALL] 06-14 15:45:15.089  1062 15192 I display : setActiveConfigWithConstraints::update 1080x2340@60phs
[2026-06-14T10:15:14.885Z] [ALL] 06-14 15:45:15.089  1062 15192 I display : commit modeset : 1080x2340@60phs
[2026-06-14T10:15:14.900Z] [ALL] 06-14 15:45:15.105  1062 15192 W display : deliverWinConfigData:: commit modeset time (15 ms)
[2026-06-14T10:15:14.903Z] [ALL] 06-14 15:45:15.106  1062  1159 I display : [compareVsyncPeriod] set the lowest(mode:0) vsync 166 of display(0)
[2026-06-14T10:15:14.905Z] [ALL] 06-14 15:45:15.106  1062  1159 I display : getFpsForPerformance, performance table found using table(key:60, cpu:255)
[2026-06-14T10:15:14.905Z] [ALL] 06-14 15:45:15.106  1062  1159 I display : Set m2mMPP capacity(8) for fps(60)
[2026-06-14T10:15:14.905Z] [ALL] 06-14 15:45:15.106  1062  1159 I display : getFpsForPerformance, performance table found using table(key:60, cpu:255)
[2026-06-14T10:15:14.905Z] [ALL] 06-14 15:45:15.106  1062  1159 I display : Set Affinity config for fps(60) : cpuIDs : 255
[2026-06-14T10:15:14.905Z] [ALL] 06-14 15:45:15.106  1062  1159 I display : Set Affinity CPU ID : 0
[2026-06-14T10:15:14.905Z] [ALL] 06-14 15:45:15.106  1062  1159 I display : Set Affinity CPU ID : 1
[2026-06-14T10:15:14.907Z] [ALL] 06-14 15:45:15.106  1062  1159 I display : Set Affinity CPU ID : 2
[2026-06-14T10:15:14.907Z] [ALL] 06-14 15:45:15.106  1062  1159 I display : Set Affinity CPU ID : 3
[2026-06-14T10:15:14.907Z] [ALL] 06-14 15:45:15.106  1062  1159 I display : Set Affinity CPU ID : 4
[2026-06-14T10:15:14.907Z] [ALL] 06-14 15:45:15.106  1062  1159 I display : Set Affinity CPU ID : 5
[2026-06-14T10:15:14.907Z] [ALL] 06-14 15:45:15.106  1062  1159 I display : Set Affinity CPU ID : 6
[2026-06-14T10:15:14.907Z] [ALL] 06-14 15:45:15.106  1062  1159 I display : Set Affinity CPU ID : 7
[2026-06-14T10:15:14.907Z] [ALL] 06-14 15:45:15.106  1062  1159 I display : Set affinity HWC : 1062
[2026-06-14T10:15:14.908Z] [ALL] 06-14 15:45:15.107  1062  1159 I display : CPU set : Cluster(0), min_clock(0)
[2026-06-14T10:15:14.908Z] [ALL] 06-14 15:45:15.107  1062  1159 I display : CPU set : Cluster(1), min_clock(0)
[2026-06-14T10:15:14.912Z] [ALL] 06-14 15:45:15.107  1062  1159 I display : CPU set : Cluster(2), min_clock(0)
[2026-06-14T10:15:14.914Z] [ALL] 06-14 15:45:15.107  1149  1149 D SurfaceFlinger: GPIS:: requestGpisForSFSluggish
[2026-06-14T10:15:14.914Z] [ALL] 06-14 15:45:15.107  1149  1149 I SurfaceFlinger: finalizeDisplayModeChange 4633128672291736000
[2026-06-14T10:15:14.914Z] [ALL] 06-14 15:45:15.107  1149  1280 I SurfaceFlinger: Current= 120, Period= 60, hwcPeriod= 60
[2026-06-14T10:15:14.949Z] [ALL] 06-14 15:45:15.149  1486  4341 D WindowManager: captureDisplay
[2026-06-14T10:15:14.951Z] [ALL] 06-14 15:45:15.151  1486  4341 I SurfaceComposerClient: captureLayers:childrenOnly:1, sync:0
[2026-06-14T10:15:14.951Z] [ALL] 06-14 15:45:15.156  1149  1661 I SurfaceFlinger: Capture layer list: 	 com.safebank.ai/com.safebank.ai.MainActivity$_19655#104730(preserveDisplayColors:0)
[2026-06-14T10:15:14.951Z] [ALL] 06-14 15:45:15.156  1149  1661 I SurfaceFlinger: Capture layer list: 	 StatusBar$_2112#94(preserveDisplayColors:0)
[2026-06-14T10:15:14.951Z] [ALL] 06-14 15:45:15.156  1149  1661 I SurfaceFlinger: Capture layer list: 	 com.sec.android.app.launcher/com.samsung.app.honeyspace.edge.edgepanel.app.CocktailBarService$_2619#103972(preserveDisplayColors:0)
[2026-06-14T10:15:14.951Z] [ALL] 06-14 15:45:15.156  1149  1661 I SurfaceFlinger: Capture layer list: 	 NavigationBar0$_2112#90(preserveDisplayColors:0)
[2026-06-14T10:15:14.951Z] [ALL] 06-14 15:45:15.157  1149  1201 D SurfaceFlinger: [SEC_SF_EFFECTS] drawLayersInternal,1348, Rendering layer ScreenCaptureFillLayer at index 0
[2026-06-14T10:15:14.951Z] [ALL] 06-14 15:45:15.157  1149  1201 D SurfaceFlinger: [SEC_SF_EFFECTS] drawLayersInternal,1348, Rendering layer com.safebank.ai/com.safebank.ai.MainActivity$_19655#104730 at index 1
[2026-06-14T10:15:14.951Z] [ALL] 06-14 15:45:15.157  1149  1201 D SurfaceFlinger: [SEC_SF_EFFECTS] drawLayersInternal,1348, Rendering layer StatusBar$_2112#94 at index 2
[2026-06-14T10:15:14.951Z] [ALL] 06-14 15:45:15.157  1149  1201 D SurfaceFlinger: [SEC_SF_EFFECTS] drawLayersInternal,1348, Rendering layer com.sec.android.app.launcher/com.samsung.app.honeyspace.edge.edgepanel.app.CocktailBarService$_2619#103972 at index 3
[2026-06-14T10:15:14.951Z] [ALL] 06-14 15:45:15.157  1149  1201 D SurfaceFlinger: [SEC_SF_EFFECTS] drawLayersInternal,1348, Rendering layer NavigationBar0$_2112#90 at index 4
[2026-06-14T10:15:14.987Z] [ALL] 06-14 15:45:15.190  2112  2112 D Bubbles : onEntryUpdated : shouldBubbleUp=false ,key=-1|com.android.systemui|2114586824|tag_battery_protection|10048
[2026-06-14T10:15:14.989Z] [ALL] 06-14 15:45:15.191   747   747 D io_stats: !@   8,0 r 80542369 1588799589 w 12770784 208968112 d 4240345 260181560 f 0 1114420 iot 28911600 0 th 0 0 0 pt 0 inp 0 0 182926.499
[2026-06-14T10:15:14.991Z] [ALL] 06-14 15:45:15.196  2112  2112 D InterruptionStateProvider:  no Heads up : edgelighting enabled app. -1|com.android.systemui|2114586824|tag_battery_protection|10048
[2026-06-14T10:15:14.991Z] [ALL] 06-14 15:45:15.196  2112  2112 I {OngoingActivityController}: onEntryUpdated and OA data is empty. So update latest task info
[2026-06-14T10:15:15.009Z] [ALL] 06-14 15:45:15.211 29340 29729 D ConnectivityManager: StackLog: [android.net.ConnectivityManager.sendRequestForNetwork(ConnectivityManager.java:4740)] [android.net.ConnectivityManager.registerDefaultNetworkCallbackForUid(ConnectivityManager.java:5465)] [android.net.ConnectivityManager.registerDefaultNetworkCallback(ConnectivityManager.java:5432)] [android.net.ConnectivityManager.registerDefaultNetworkCallback(ConnectivityManager.java:5406)] [com.microsoft.applications.events.HttpClient.<init>(SourceFile:18)] [com.microsoft.applications.events.HttpClient.<init>(SourceFile:1)] [com.microsoft.office.ariaeventsink.OneSdkHttpClient.InitializeHttpClient(Unknown Source:14)] [com.microsoft.office.mso.async.AndroidScheduler.nativeInvokeItem(Native Method)] [com.microsoft.office.mso.async.AndroidScheduler$a.run(Unknown Source:15)] [java.util.concurrent.Executors$RunnableAdapter.call(Executors.java:520)] [java.util.concurrent.FutureTask.run(FutureTask.java:317)] [java.util.concurrent.ThreadPoolExecutor.runWorker(ThreadPoolExecutor.java:1154)] [java.util.concurrent.ThreadPoolExecutor$Worker.run(ThreadPoolExecutor.java:652)] [java.lang.Thread.run(Thread.java:1564)]
[2026-06-14T10:15:15.011Z] [ALL] 06-14 15:45:15.217  1486  4341 D ConnectivityService: requestNetwork for uid/pid:10336/29340 activeRequest: null callbackRequest: 50447 [NetworkRequest [ REQUEST id=50448, [ Capabilities: INTERNET&NOT_RESTRICTED&TRUSTED&NOT_VCN_MANAGED&NOT_BANDWIDTH_CONSTRAINED Uid: 10336 RequestorUid: 10336 RequestorPkg: com.microsoft.office.powerpoint UnderlyingNetworks: Null] ]] callback flags: 0 order: 2147483647 isUidTracked: false declaredMethods: AVAIL|NC
[2026-06-14T10:15:15.019Z] [ALL] 06-14 15:45:15.218  1486  1741 D ConnectivityService:    accepting network in place of null for NetworkRequest [ REQUEST id=50448, [ Capabilities: INTERNET&NOT_RESTRICTED&TRUSTED&NOT_VCN_MANAGED&NOT_BANDWIDTH_CONSTRAINED Uid: 10336 RequestorUid: 10336 RequestorPkg: com.microsoft.office.powerpoint UnderlyingNetworks: Null] ]
[2026-06-14T10:15:15.019Z] [ALL] 06-14 15:45:15.220  1486  1729 D WifiNetworkFactory: got request NetworkRequest [ REQUEST id=50448, [ Capabilities: INTERNET&NOT_RESTRICTED&TRUSTED&NOT_VCN_MANAGED&NOT_BANDWIDTH_CONSTRAINED Uid: 10336 RequestorUid: 10336 RequestorPkg: com.microsoft.office.powerpoint UnderlyingNetworks: Null] ]
[2026-06-14T10:15:15.019Z] [ALL] 06-14 15:45:15.220  1486  1729 D UntrustedWifiNetworkFactory: got request NetworkRequest [ REQUEST id=50448, [ Capabilities: INTERNET&NOT_RESTRICTED&TRUSTED&NOT_VCN_MANAGED&NOT_BANDWIDTH_CONSTRAINED Uid: 10336 RequestorUid: 10336 RequestorPkg: com.microsoft.office.powerpoint UnderlyingNetworks: Null] ]
[2026-06-14T10:15:15.019Z] [ALL] 06-14 15:45:15.221  1486  1741 D ConnectivityService: Rematched networks [computed 0ms] [applied 1ms] [issued 1]
[2026-06-14T10:15:15.019Z] [ALL] 06-14 15:45:15.221  1486  1741 D ConnectivityService: NetworkReassignment :
[2026-06-14T10:15:15.019Z] [ALL] 06-14 15:45:15.221  1486  1741 D ConnectivityService:   50448 : null → 204
[2026-06-14T10:15:15.019Z] [ALL] 06-14 15:45:15.221  1486  1729 D OemPaidWifiNetworkFactory: got request NetworkRequest [ REQUEST id=50448, [ Capabilities: INTERNET&NOT_RESTRICTED&TRUSTED&NOT_VCN_MANAGED&NOT_BANDWIDTH_CONSTRAINED Uid: 10336 RequestorUid: 10336 RequestorPkg: com.microsoft.office.powerpoint UnderlyingNetworks: Null] ]
[2026-06-14T10:15:15.019Z] [ALL] 06-14 15:45:15.221  1486  1729 D MultiInternetWifiNetworkFactory: got request NetworkRequest [ REQUEST id=50448, [ Capabilities: INTERNET&NOT_RESTRICTED&TRUSTED&NOT_VCN_MANAGED&NOT_BANDWIDTH_CONSTRAINED Uid: 10336 RequestorUid: 10336 RequestorPkg: com.microsoft.office.powerpoint UnderlyingNetworks: Null] ]
[2026-06-14T10:15:15.022Z] [ALL] 06-14 15:45:15.227  2112  2112 D SubscreenNotificationListCoordinator: onAfterRenderList() isSubScreen = false, pluginLockMode = 0, doNotShowOnCover = false
[2026-06-14T10:15:15.022Z] [ALL] 06-14 15:45:15.228  2112  2112 I DateTimeView: getTimeFormat
[2026-06-14T10:15:15.024Z] [ALL] 06-14 15:45:15.230  2112  2112 I DateTimeView: getTimeFormat
[2026-06-14T10:15:15.025Z] [ALL] 06-14 15:45:15.231  2112  2112 I DateTimeView: getTimeFormat
[2026-06-14T10:15:15.027Z] [ALL] 06-14 15:45:15.233  2112  2112 I DateTimeView: getTimeFormat
[2026-06-14T10:15:15.037Z] [ALL] 06-14 15:45:15.241  2112  2112 W RefactorFlag: New code path expects SceneContainerFlag to be enabled.
[2026-06-14T10:15:15.038Z] [ALL] 06-14 15:45:15.242  2112  2112 D ExpandableNotifRow: mMaxSmallHeight different before reInflateViews mMaxSmallHeight: 203 mTempSmallHeight:0 -1|com.android.systemui|2114586824|tag_battery_protection|10048
[2026-06-14T10:15:15.038Z] [ALL] 06-14 15:45:15.242  2112  2112 D ExpandableNotifRow: mMaxSmallHeight different before reInflateViews mMaxSmallHeight: 203 mTempSmallHeight:0 -1|com.android.systemui|2114586824|tag_battery_protection|10048
[2026-06-14T10:15:15.050Z] [ALL] 06-14 15:45:15.247  2112  2112 I LockscreenNotificationIconsOnlyController: onNotificationInfoUpdated 0
[2026-06-14T10:15:15.053Z] [ALL] 06-14 15:45:15.247  2112  2112 I AODNotificationManager: updateNotification() 
[2026-06-14T10:15:15.053Z] [ALL] 06-14 15:45:15.252  1486  2073 D WindowManager: captureDisplay
[2026-06-14T10:15:15.053Z] [ALL] 06-14 15:45:15.252  1486  2073 I SurfaceComposerClient: captureLayers:childrenOnly:1, sync:0
[2026-06-14T10:15:15.053Z] [ALL] 06-14 15:45:15.257  1149  1661 I SurfaceFlinger: Capture layer list: 	 com.safebank.ai/com.safebank.ai.MainActivity$_19655#104730(preserveDisplayColors:0)
[2026-06-14T10:15:15.053Z] [ALL] 06-14 15:45:15.257  1149  1661 I SurfaceFlinger: Capture layer list: 	 StatusBar$_2112#94(preserveDisplayColors:0)
[2026-06-14T10:15:15.053Z] [ALL] 06-14 15:45:15.257  1149  1661 I SurfaceFlinger: Capture layer list: 	 com.sec.android.app.launcher/com.samsung.app.honeyspace.edge.edgepanel.app.CocktailBarService$_2619#103972(preserveDisplayColors:0)
[2026-06-14T10:15:15.055Z] [ALL] 06-14 15:45:15.257  1149  1661 I SurfaceFlinger: Capture layer list: 	 NavigationBar0$_2112#90(preserveDisplayColors:0)
[2026-06-14T10:15:15.055Z] [ALL] 06-14 15:45:15.258  1149  1201 D SurfaceFlinger: [SEC_SF_EFFECTS] drawLayersInternal,1348, Rendering layer ScreenCaptureFillLayer at index 0
[2026-06-14T10:15:15.055Z] [ALL] 06-14 15:45:15.258  1149  1201 D SurfaceFlinger: [SEC_SF_EFFECTS] drawLayersInternal,1348, Rendering layer com.safebank.ai/com.safebank.ai.MainActivity$_19655#104730 at index 1
[2026-06-14T10:15:15.055Z] [ALL] 06-14 15:45:15.258  1149  1201 D SurfaceFlinger: [SEC_SF_EFFECTS] drawLayersInternal,1348, Rendering layer StatusBar$_2112#94 at index 2
[2026-06-14T10:15:15.055Z] [ALL] 06-14 15:45:15.258  1149  1201 D SurfaceFlinger: [SEC_SF_EFFECTS] drawLayersInternal,1348, Rendering layer com.sec.android.app.launcher/com.samsung.app.honeyspace.edge.edgepanel.app.CocktailBarService$_2619#103972 at index 3
[2026-06-14T10:15:15.055Z] [ALL] 06-14 15:45:15.258  1149  1201 D SurfaceFlinger: [SEC_SF_EFFECTS] drawLayersInternal,1348, Rendering layer NavigationBar0$_2112#90 at index 4
[2026-06-14T10:15:15.085Z] [ALL] 06-14 15:45:15.292  2112  2624 D LocalImageResolver: Couldn't use ImageDecoder for drawable, falling back to non-resized load.
[2026-06-14T10:15:15.092Z] [ALL] 06-14 15:45:15.299  2112  2624 D LocalImageResolver: Couldn't use ImageDecoder for drawable, falling back to non-resized load.
[2026-06-14T10:15:15.119Z] [ALL] 06-14 15:45:15.322  1486  1881 D NetdEventListenerService: DNS Requested by 204, 10336(com.microsoft.office.word,...), SUCCESS, 31ms
[2026-06-14T10:15:15.123Z] [ALL] 06-14 15:45:15.323  2112  2112 D LocalImageResolver: Couldn't use ImageDecoder for drawable, falling back to non-resized load.
[2026-06-14T10:15:15.124Z] [ALL] 06-14 15:45:15.330 19463 19503 I appium  : channel read: POST /session/ed6c8e2c-e5c1-4b65-b4bf-728310f0e26e/element
[2026-06-14T10:15:15.124Z] [ALL] 06-14 15:45:15.330 19463 19503 I appium  : FindElement command
[2026-06-14T10:15:15.124Z] [ALL] 06-14 15:45:15.331 19463 19503 I appium  : method: 'xpath', selector: '//*[contains(@resource-id, "otp_toggle_btn") or @content-desc="otp_toggle_btn"]'
[2026-06-14T10:15:15.124Z] [ALL] 06-14 15:45:15.332 19463 19503 I appium  : Waiting up to 10000ms for the device to idle
[2026-06-14T10:15:15.126Z] [ALL] 06-14 15:45:15.333 19463 19503 I appium  : The following attributes will be included to the page source: [resource-id, content-desc]
[2026-06-14T10:15:15.141Z] [ALL] 06-14 15:45:15.344  2112  2112 W RefactorFlag: New code path expects SceneContainerFlag to be enabled.
[2026-06-14T10:15:15.156Z] [ALL] 06-14 15:45:15.349  1486  4341 D WindowManager: captureDisplay
[2026-06-14T10:15:15.157Z] [ALL] 06-14 15:45:15.349  1486  4341 I SurfaceComposerClient: captureLayers:childrenOnly:1, sync:0
[2026-06-14T10:15:15.157Z] [ALL] 06-14 15:45:15.352  2112  2112 D ExpandableNotifRow: mMaxSmallHeight different before reInflateViews mMaxSmallHeight: 203 mTempSmallHeight:0 -1|com.android.systemui|2114586824|tag_battery_protection|10048
[2026-06-14T10:15:15.157Z] [ALL] 06-14 15:45:15.352  2112  2112 D ExpandableNotifRow: mMaxSmallHeight different before reInflateViews mMaxSmallHeight: 203 mTempSmallHeight:0 -1|com.android.systemui|2114586824|tag_battery_protection|10048
[2026-06-14T10:15:15.157Z] [ALL] 06-14 15:45:15.352  2112  2112 D ExpandableNotifRow: mMaxSmallHeight different before reInflateViews mMaxSmallHeight: 203 mTempSmallHeight:0 -1|com.android.systemui|2114586824|tag_battery_protection|10048
[2026-06-14T10:15:15.157Z] [ALL] 06-14 15:45:15.352  2112  2112 D ExpandableNotifRow: mMaxSmallHeight different before reInflateViews mMaxSmallHeight: 203 mTempSmallHeight:0 -1|com.android.systemui|2114586824|tag_battery_protection|10048
[2026-06-14T10:15:15.157Z] [ALL] 06-14 15:45:15.354  1149  1661 I SurfaceFlinger: Capture layer list: 	 com.safebank.ai/com.safebank.ai.MainActivity$_19655#104730(preserveDisplayColors:0)
[2026-06-14T10:15:15.157Z] [ALL] 06-14 15:45:15.354  1149  1661 I SurfaceFlinger: Capture layer list: 	 StatusBar$_2112#94(preserveDisplayColors:0)
[2026-06-14T10:15:15.157Z] [ALL] 06-14 15:45:15.354  1149  1661 I SurfaceFlinger: Capture layer list: 	 com.sec.android.app.launcher/com.samsung.app.honeyspace.edge.edgepanel.app.CocktailBarService$_2619#103972(preserveDisplayColors:0)
[2026-06-14T10:15:15.157Z] [ALL] 06-14 15:45:15.354  1149  1661 I SurfaceFlinger: Capture layer list: 	 NavigationBar0$_2112#90(preserveDisplayColors:0)
[2026-06-14T10:15:15.157Z] [ALL] 06-14 15:45:15.356  1149  1201 D SurfaceFlinger: [SEC_SF_EFFECTS] drawLayersInternal,1348, Rendering layer ScreenCaptureFillLayer at index 0
[2026-06-14T10:15:15.157Z] [ALL] 06-14 15:45:15.356  1149  1201 D SurfaceFlinger: [SEC_SF_EFFECTS] drawLayersInternal,1348, Rendering layer com.safebank.ai/com.safebank.ai.MainActivity$_19655#104730 at index 1
[2026-06-14T10:15:15.157Z] [ALL] 06-14 15:45:15.357  1149  1201 D SurfaceFlinger: [SEC_SF_EFFECTS] drawLayersInternal,1348, Rendering layer StatusBar$_2112#94 at index 2
[2026-06-14T10:15:15.157Z] [ALL] 06-14 15:45:15.357  1149  1201 D SurfaceFlinger: [SEC_SF_EFFECTS] drawLayersInternal,1348, Rendering layer com.sec.android.app.launcher/com.samsung.app.honeyspace.edge.edgepanel.app.CocktailBarService$_2619#103972 at index 3
[2026-06-14T10:15:15.157Z] [ALL] 06-14 15:45:15.357  1149  1201 D SurfaceFlinger: [SEC_SF_EFFECTS] drawLayersInternal,1348, Rendering layer NavigationBar0$_2112#90 at index 4
[2026-06-14T10:15:15.157Z] [ALL] 06-14 15:45:15.360  2112  2112 D View    : semSetBlurInfo, blurInfo : android.view.SemBlurInfo@bf1149e {BLUR_MODE_WINDOW, mBlurRadius = 300, mBackgroundBlurColor = 0, mCornerRadiusTL = 101.0, mCornerRadiusTR = 101.0, mCornerRadiusBL = 101.0, mCornerRadiusBR = 101.0, mClipRectLeft = 0, mClipRectTop = 0, mClipRectRight = 2147483647, mClipRectBottom = 2147483647, mColorCurve = android.view.SemBlurInfo$ColorCurve@a221b7f {minX = 5.0, minY = 21.6, maxX = 250.0, maxY = 141.5, curveBias = -23.0, saturation = 0.4}}, com.android.systemui.statusbar.notification.row.NotificationBackgroundView{3ddb72a V.ED..... ......ID 0,0-1020,256 #7e0a016c com.android.systemui:id/backgroundNormal}
[2026-06-14T10:15:15.159Z] [ALL] 06-14 15:45:15.366  2112  2112 D S.S.N.  : entryViewBound parent :-1|com.android.systemui|2114586824|tag_battery_protection|10048
[2026-06-14T10:15:15.176Z] [ALL] 06-14 15:45:15.368  2112  2112 D LocalImageResolver: Couldn't use ImageDecoder for drawable, falling back to non-resized load.
[2026-06-14T10:15:15.179Z] [ALL] 06-14 15:45:15.374  2112  2112 D SubscreenNotificationListCoordinator: onAfterRenderList() isSubScreen = false, pluginLockMode = 0, doNotShowOnCover = false
[2026-06-14T10:15:15.179Z] [ALL] 06-14 15:45:15.374  2112  2112 I DateTimeView: getTimeFormat
[2026-06-14T10:15:15.179Z] [ALL] 06-14 15:45:15.375  2112  2112 I DateTimeView: getTimeFormat
[2026-06-14T10:15:15.179Z] [ALL] 06-14 15:45:15.376  2112  2112 I DateTimeView: getTimeFormat
[2026-06-14T10:15:15.179Z] [ALL] 06-14 15:45:15.376  2112  2112 I DateTimeView: getTimeFormat
[2026-06-14T10:15:15.179Z] [ALL] 06-14 15:45:15.381  2112  2112 W RefactorFlag: New code path expects SceneContainerFlag to be enabled.
[2026-06-14T10:15:15.180Z] [ALL] 06-14 15:45:15.381  2112  2112 D ExpandableNotifRow: mMaxSmallHeight different before reInflateViews mMaxSmallHeight: 203 mTempSmallHeight:0 -1|com.android.systemui|2114586824|tag_battery_protection|10048
[2026-06-14T10:15:15.180Z] [ALL] 06-14 15:45:15.381  2112  2112 D ExpandableNotifRow: mMaxSmallHeight different before reInflateViews mMaxSmallHeight: 203 mTempSmallHeight:0 -1|com.android.systemui|2114586824|tag_battery_protection|10048
[2026-06-14T10:15:15.180Z] [ALL] 06-14 15:45:15.383  2112  2112 I LockscreenNotificationIconsOnlyController: onNotificationInfoUpdated 0
[2026-06-14T10:15:15.180Z] [ALL] 06-14 15:45:15.383  2112  2112 I AODNotificationManager: updateNotification() 
[2026-06-14T10:15:15.229Z] [ALL] 06-14 15:45:15.434 19463 19503 I appium  : Took 0ms to retrieve 0 matches for '//*[contains(@resource-id, "otp_toggle_btn") or @content-desc="otp_toggle_btn"]' XPath2 query
[2026-06-14T10:15:15.229Z] [ALL] 06-14 15:45:15.435 19463 19503 I appium  : AppiumResponse: {"sessionId":"ed6c8e2c-e5c1-4b65-b4bf-728310f0e26e","value":{"error":"no such element","message":"An element could not be located on the page using the given search parameters","stacktrace":"io.appium.uiautomator2.common.exceptions.ElementNotFoundException: An element could not be located on the page using the given search parameters\n\tat io.appium.uiautomator2.utils.ElementLocationHelpers.findElement(ElementLocationHelpers.java:153)\n\tat io.appium.uiautomator2.handler.FindElement.safeHandle(FindElement.java:60)\n\tat io.appium.uiautomator2.handler.request.SafeRequestHandler.handle(SafeRequestHandler.java:59)\n\tat io.appium.uiautomator2.server.AppiumServlet.handleRequest(AppiumServlet.java:267)\n\tat io.appium.uiautomator2.server.AppiumServlet.handleHttpRequest(AppiumServlet.java:261)\n\tat io.appium.uiautomator2.http.ServerHandler.channelRead(ServerHandler.java:77)\n\tat io.netty.channel.AbstractChannelHandlerContext.fireChannelRead(AbstractChannelHandlerContext.java:357)\n\tat io.netty.handler.codec.MessageToMessageDecoder.channelRead(MessageToMessageDecoder.java:107)\n\tat io.netty.channel.AbstractChannelHandlerContext.fireChannelRead(AbstractChannelHandlerContext.java:357)\n\tat io.netty.channel.CombinedChannelDuplexHandler$DelegatingChannelHandlerContext.fireChannelRead(CombinedChannelDuplexHandler.java:434)\n\tat io.netty.handler.codec.ByteToMessageDecoder.fireChannelRead(ByteToMessageDecoder.java:361)\n\tat io.netty.handler.codec.ByteToMessageDecoder.channelRead(ByteToMessageDecoder.java:325)\n\tat io.netty.channel.CombinedChannelDuplexHandler.channelRead(CombinedChannelDuplexHandler.java:249)\n\tat io.netty.channel.AbstractChannelHandlerContext.fireChannelRead(AbstractChannelHandlerContext.java:355)\n\tat io.netty.handler.timeout.IdleStateHandler.channelRead(IdleStateHandler.java:288)\n\tat io.netty.channel.AbstractChannelHandlerContext.fireChannelRead(AbstractChannelHandlerContext.java:355)\n\tat io.netty.channel.DefaultChannelPipeline$HeadContext.channelRead(DefaultChannelPipeline.java:1429)\n\tat io.netty.channel.DefaultChannelPipeline.fireChannelRead(DefaultChannelPipeline.java:918)\n\tat io.netty.channel.nio.AbstractNioByteChannel$NioByteUnsafe.read(AbstractNioByteChannel.java:176)\n\tat io.netty.channel.nio.AbstractNioChannel$AbstractNioUnsafe.handle(AbstractNioChannel.java:445)\n\tat io.netty.channel.nio.NioIoHandler$DefaultNioRegistration.handle(NioIoHandler.java:388)\n\tat io.netty.channel.nio.NioIoHandler.processSelectedKey(NioIoHandler.java:596)\n\tat io.netty.channel.nio.NioIoHandler.processSelectedKeysOptimized(NioIoHandler.java:571)\n\tat io.netty.channel.nio.NioIoHandler.processSelectedKeys(NioIoHandler.java:512)\n\tat io.netty.channel.nio.NioIoHandler.run(NioIoHandler.java:484)\n\tat io.netty.channel.SingleThreadIoEventLoop.runIo(SingleThreadIoEventLoop.java:225)\n\tat io.netty.channel.SingleThreadIoEventLoop.run(SingleThreadIoEventLoop.java:196)\n\tat io.netty.util.concurrent.SingleThreadEventExecutor$5.run(SingleThreadEventExecutor.java:1195)\n\tat io.netty.util.internal.ThreadExecutorMap$2.run(ThreadExecutorMap.java:74)\n\tat io.netty.util.concurrent.FastThreadLocalRunnable.run(FastThreadLocalRunnable.java:30)\n\tat java.lang.Thread.run(Thread.java:1564)\n"}}
[2026-06-14T10:15:15.244Z] [ALL] 06-14 15:45:15.450  1486  2183 D WindowManager: captureDisplay
[2026-06-14T10:15:15.245Z] [ALL] 06-14 15:45:15.450  1486  2183 I SurfaceComposerClient: captureLayers:childrenOnly:1, sync:0
[2026-06-14T10:15:15.248Z] [ALL] 06-14 15:45:15.455  1149  1661 I SurfaceFlinger: Capture layer list: 	 com.safebank.ai/com.safebank.ai.MainActivity$_19655#104730(preserveDisplayColors:0)
[2026-06-14T10:15:15.248Z] [ALL] 06-14 15:45:15.455  1149  1661 I SurfaceFlinger: Capture layer list: 	 StatusBar$_2112#94(preserveDisplayColors:0)
[2026-06-14T10:15:15.248Z] [ALL] 06-14 15:45:15.455  1149  1661 I SurfaceFlinger: Capture layer list: 	 com.sec.android.app.launcher/com.samsung.app.honeyspace.edge.edgepanel.app.CocktailBarService$_2619#103972(preserveDisplayColors:0)
[2026-06-14T10:15:15.248Z] [ALL] 06-14 15:45:15.455  1149  1661 I SurfaceFlinger: Capture layer list: 	 NavigationBar0$_2112#90(preserveDisplayColors:0)
[2026-06-14T10:15:15.257Z] [ALL] 06-14 15:45:15.458  1149  1201 D SurfaceFlinger: [SEC_SF_EFFECTS] drawLayersInternal,1348, Rendering layer ScreenCaptureFillLayer at index 0
[2026-06-14T10:15:15.259Z] [ALL] 06-14 15:45:15.458  1149  1201 D SurfaceFlinger: [SEC_SF_EFFECTS] drawLayersInternal,1348, Rendering layer com.safebank.ai/com.safebank.ai.MainActivity$_19655#104730 at index 1
[2026-06-14T10:15:15.259Z] [ALL] 06-14 15:45:15.458  1149  1201 D SurfaceFlinger: [SEC_SF_EFFECTS] drawLayersInternal,1348, Rendering layer StatusBar$_2112#94 at index 2
[2026-06-14T10:15:15.259Z] [ALL] 06-14 15:45:15.458  1149  1201 D SurfaceFlinger: [SEC_SF_EFFECTS] drawLayersInternal,1348, Rendering layer com.sec.android.app.launcher/com.samsung.app.honeyspace.edge.edgepanel.app.CocktailBarService$_2619#103972 at index 3
[2026-06-14T10:15:15.261Z] [ALL] 06-14 15:45:15.458  1149  1201 D SurfaceFlinger: [SEC_SF_EFFECTS] drawLayersInternal,1348, Rendering layer NavigationBar0$_2112#90 at index 4
[2026-06-14T10:15:15.261Z] [ALL] 06-14 15:45:15.460  1486  1741 D InetDiagMessage: Destroyed 0 sockets, proto=IPPROTO_TCP, family=AF_INET, states=14
[2026-06-14T10:15:15.261Z] [ALL] 06-14 15:45:15.462  1486  2183 D ConnectivityService: Returning BLOCKED NetworkInfo to uid=10336
[2026-06-14T10:15:15.261Z] [ALL] 06-14 15:45:15.465  1486  1741 D InetDiagMessage: Destroyed 7 sockets, proto=IPPROTO_TCP, family=AF_INET6, states=14
[2026-06-14T10:15:15.261Z] [ALL] 06-14 15:45:15.466  1486  1741 D InetDiagMessage: Destroyed live tcp sockets for uids={10336} in 8ms
[2026-06-14T10:15:15.263Z] [ALL] 06-14 15:45:15.468  1486  1741 D InetDiagMessage: Destroyed 0 sockets, proto=IPPROTO_TCP, family=AF_INET, states=14
[2026-06-14T10:15:15.279Z] [ALL] 06-14 15:45:15.470  1486  1741 D InetDiagMessage: Destroyed 0 sockets, proto=IPPROTO_TCP, family=AF_INET6, states=14
[2026-06-14T10:15:15.279Z] [ALL] 06-14 15:45:15.470  1486  1741 D InetDiagMessage: Destroyed live tcp sockets for uids={20336} in 4ms
[2026-06-14T10:15:15.279Z] [ALL] 06-14 15:45:15.477  1486  1523 I ActivityManager: Changes in 10071 10 to 15, 384 to 256
[2026-06-14T10:15:15.305Z] [ALL] 06-14 15:45:15.502 29340 29605 V CXA_THROW: Hitting __cxa_throw  
[2026-06-14T10:15:15.305Z] [ALL] 06-14 15:45:15.503 29340 29605 V CXA_THROW: SetLastExceptionInfoForThread: Called
[2026-06-14T10:15:15.305Z] [ALL] 06-14 15:45:15.503 29340 29605 V CXA_THROW: SetLastExceptionInfoForThread: Creating entry for first time.
[2026-06-14T10:15:15.305Z] [ALL] 06-14 15:45:15.508 29340 29605 E TraceStack: Detect invalid callstack state adddress, IP: 0x6bf4d32034
[2026-06-14T10:15:15.305Z] [ALL] 06-14 15:45:15.508 29340 29605 I CXA_THROW: SetLastExceptionInfoForThread: TLS entry updated.
[2026-06-14T10:15:15.305Z] [ALL] 06-14 15:45:15.508 29340 29605 E TraceStack: Detect invalid callstack state adddress, IP: 0x6bf4fc014c
[2026-06-14T10:15:15.305Z] [ALL] 06-14 15:45:15.508 29340 29605 V CXA_THROW: __cxa_throw not yet loaded, calling LoadOriginalThrowCode
[2026-06-14T10:15:15.305Z] [ALL] 06-14 15:45:15.509 29340 29605 V CXA_THROW: Trying to load __cxa_throw
[2026-06-14T10:15:15.305Z] [ALL] 06-14 15:45:15.509 29340 29605 I SharedLibraryLoader: loadCommonLibrary. Start dlopen(c++_shared, 1)
[2026-06-14T10:15:15.305Z] [ALL] 06-14 15:45:15.509 29340 29605 I SharedLibraryLoader: loadCommonLibrary. Location not found for c++_shared.
[2026-06-14T10:15:15.305Z] [ALL] 06-14 15:45:15.509 29340 29605 I SharedLibraryLoader: loadCommonLibrary. dlopen(libc++_shared.so, 1) load attempt using only name successful. handle=0xc143ddbde9e5c5f1
[2026-06-14T10:15:15.305Z] [ALL] 06-14 15:45:15.509 29340 29605 I SharedLibraryLoader: loadCommonLibrary. dlopen(c++_shared, 1) successful. handle=0xc143ddbde9e5c5f1
[2026-06-14T10:15:15.305Z] [ALL] 06-14 15:45:15.510 29340 29605 I SharedLibraryLoader: loadCommonLibrary. End dlopen(c++_shared, 1)
[2026-06-14T10:15:15.305Z] [ALL] 06-14 15:45:15.510 29340 29605 I CXA_THROW: Successfully loaded __cxa_throw from libc++
[2026-06-14T10:15:15.315Z] [ALL] 06-14 15:45:15.521 29340 29605 V CXA_THROW: Hitting __cxa_throw  
[2026-06-14T10:15:15.315Z] [ALL] 06-14 15:45:15.521 29340 29605 V CXA_THROW: SetLastExceptionInfoForThread: Called
[2026-06-14T10:15:15.315Z] [ALL] 06-14 15:45:15.522 29340 29605 E TraceStack: Detect invalid callstack state adddress, IP: 0x6bf4d32034
[2026-06-14T10:15:15.315Z] [ALL] 06-14 15:45:15.522 29340 29605 I CXA_THROW: SetLastExceptionInfoForThread: TLS entry updated.
[2026-06-14T10:15:15.315Z] [ALL] 06-14 15:45:15.522 29340 29605 E TraceStack: Detect invalid callstack state adddress, IP: 0x6bf4fc014c
[2026-06-14T10:15:15.315Z] [ALL] 06-14 15:45:15.522 29340 29605 V CXA_THROW: __cxa_throw: Already loaded
[2026-06-14T10:15:15.344Z] [ALL] 06-14 15:45:15.551  1486  2183 D WindowManager: captureDisplay
[2026-06-14T10:15:15.347Z] [ALL] 06-14 15:45:15.551  1486  2183 I SurfaceComposerClient: captureLayers:childrenOnly:1, sync:0
[2026-06-14T10:15:15.349Z] [ALL] 06-14 15:45:15.557  1149  1661 I SurfaceFlinger: Capture layer list: 	 com.safebank.ai/com.safebank.ai.MainActivity$_19655#104730(preserveDisplayColors:0)
[2026-06-14T10:15:15.353Z] [ALL] 06-14 15:45:15.557  1149  1661 I SurfaceFlinger: Capture layer list: 	 StatusBar$_2112#94(preserveDisplayColors:0)
[2026-06-14T10:15:15.354Z] [ALL] 06-14 15:45:15.557  1149  1661 I SurfaceFlinger: Capture layer list: 	 com.sec.android.app.launcher/com.samsung.app.honeyspace.edge.edgepanel.app.CocktailBarService$_2619#103972(preserveDisplayColors:0)
[2026-06-14T10:15:15.354Z] [ALL] 06-14 15:45:15.557  1149  1661 I SurfaceFlinger: Capture layer list: 	 NavigationBar0$_2112#90(preserveDisplayColors:0)
[2026-06-14T10:15:15.355Z] [ALL] 06-14 15:45:15.559  1149  1201 D SurfaceFlinger: [SEC_SF_EFFECTS] drawLayersInternal,1348, Rendering layer ScreenCaptureFillLayer at index 0
[2026-06-14T10:15:15.355Z] [ALL] 06-14 15:45:15.559  1149  1201 D SurfaceFlinger: [SEC_SF_EFFECTS] drawLayersInternal,1348, Rendering layer com.safebank.ai/com.safebank.ai.MainActivity$_19655#104730 at index 1
[2026-06-14T10:15:15.355Z] [ALL] 06-14 15:45:15.560  1149  1201 D SurfaceFlinger: [SEC_SF_EFFECTS] drawLayersInternal,1348, Rendering layer StatusBar$_2112#94 at index 2
[2026-06-14T10:15:15.355Z] [ALL] 06-14 15:45:15.560  1149  1201 D SurfaceFlinger: [SEC_SF_EFFECTS] drawLayersInternal,1348, Rendering layer com.sec.android.app.launcher/com.samsung.app.honeyspace.edge.edgepanel.app.CocktailBarService$_2619#103972 at index 3
[2026-06-14T10:15:15.355Z] [ALL] 06-14 15:45:15.560  1149  1201 D SurfaceFlinger: [SEC_SF_EFFECTS] drawLayersInternal,1348, Rendering layer NavigationBar0$_2112#90 at index 4
[2026-06-14T10:15:15.425Z] [ALL] 06-14 15:45:15.623  1486  1729 D WifiStaIfaceHidlImpl: getCachedScanData is not implemented by HIDL
[2026-06-14T10:15:15.443Z] [ALL] 06-14 15:45:15.647  2072  2072 I EPDG-0 [WifiProfiler]: handleWifiRssiIntent, rssi=-59
[2026-06-14T10:15:15.446Z] [ALL] 06-14 15:45:15.648  1486  1830 I SemWifiLinkQualityMonitor: Link stat: 622 / 92 / 1.10 (23) / 117 / -59.0 || 100.0 : 117.00 / 0.5 : 0.91 / 0.55 : 0.15 / B (G) || 75790cca2437: 0.153 / 52.331 / N / V || N N / 0 0 / N 2.0 / N -1 0.000 0.000 / N / X 0 / 182926954 0 0 || 2026-06-14 15:45:14  / 0: 0 0 0 0 0 0 / 0: 0 0 0 0 0 0 / 0: 0 0 0 0 0 0
[2026-06-14T10:15:15.446Z] [ALL] 06-14 15:45:15.648  2072  2072 I EPDG-0 [WifiProfiler]: isProfiling, hash=189204772, started=true
[2026-06-14T10:15:15.446Z] [ALL] 06-14 15:45:15.650  1486  3494 D SemWifiUsabilityStatsMonitor: onWifiUsabilityStats - seqNum 23697, isSameBssidAndFreq true
[2026-06-14T10:15:15.446Z] [ALL] 06-14 15:45:15.651  1486  2183 I BatteryService_BatteryPropertiesRegistrar: [getProperty]id:4
[2026-06-14T10:15:15.450Z] [ALL] 06-14 15:45:15.651  1486  2183 I BatteryService_BatteryPropertiesRegistrar: [getProperty]prop.long:-9223372036854775808 ,prop.string:null
[2026-06-14T10:15:15.450Z] [ALL] 06-14 15:45:15.651  1486  2073 D WindowManager: captureDisplay
[2026-06-14T10:15:15.450Z] [ALL] 06-14 15:45:15.653  1486  2073 I SurfaceComposerClient: captureLayers:childrenOnly:1, sync:0
[2026-06-14T10:15:15.450Z] [ALL] 06-14 15:45:15.655  2072  2072 I EPDG-0 [LogMetrics]: set, type=WIFI_RSSI_LAST, value=-59
[2026-06-14T10:15:15.450Z] [ALL] 06-14 15:45:15.655  2072  2072 I EPDG-0 [WifiProfiler]: isProfiling, hash=189204772, started=true
[2026-06-14T10:15:15.450Z] [ALL] 06-14 15:45:15.656  1486  2183 I BatteryService_BatteryPropertiesRegistrar: [getProperty]id:1
[2026-06-14T10:15:15.450Z] [ALL] 06-14 15:45:15.656  1486  2183 I BatteryService_BatteryPropertiesRegistrar: [getProperty]prop.long:-9223372036854775808 ,prop.string:null
[2026-06-14T10:15:15.450Z] [ALL] 06-14 15:45:15.656  2072  2072 I EPDG-0 [WifiProfiler]: Rssi : -59 highrange : -75 lowrange : -85 mIsRssiInHystersis : false
[2026-06-14T10:15:15.450Z] [ALL] 06-14 15:45:15.656  2072  2072 I EPDG-0 [WifiProfiler]: Rssi : -59 highrange : -75 lowrange : -85 mIsRssiInHystersis : false
[2026-06-14T10:15:15.450Z] [ALL] 06-14 15:45:15.656  2072  2072 I EPDG-0 [Subscription]: isEpdgAvailable, IwlanPsState=2/2
[2026-06-14T10:15:15.450Z] [ALL] 06-14 15:45:15.656  2072  2072 I EPDG-0 [WifiProfiler]: getHandoverThresholdMet: value is: false
[2026-06-14T10:15:15.451Z] [ALL] 06-14 15:45:15.657  1149  1661 I SurfaceFlinger: Capture layer list: 	 com.safebank.ai/com.safebank.ai.MainActivity$_19655#104730(preserveDisplayColors:0)
[2026-06-14T10:15:15.451Z] [ALL] 06-14 15:45:15.657  1149  1661 I SurfaceFlinger: Capture layer list: 	 StatusBar$_2112#94(preserveDisplayColors:0)
[2026-06-14T10:15:15.451Z] [ALL] 06-14 15:45:15.657  1149  1661 I SurfaceFlinger: Capture layer list: 	 com.sec.android.app.launcher/com.samsung.app.honeyspace.edge.edgepanel.app.CocktailBarService$_2619#103972(preserveDisplayColors:0)
[2026-06-14T10:15:15.451Z] [ALL] 06-14 15:45:15.657  1149  1661 I SurfaceFlinger: Capture layer list: 	 NavigationBar0$_2112#90(preserveDisplayColors:0)
[2026-06-14T10:15:15.451Z] [ALL] 06-14 15:45:15.657  1486  2183 I BatteryService_BatteryPropertiesRegistrar: [getProperty]id:3
[2026-06-14T10:15:15.451Z] [ALL] 06-14 15:45:15.657  1486  2183 I BatteryService_BatteryPropertiesRegistrar: [getProperty]prop.long:-9223372036854775808 ,prop.string:null
[2026-06-14T10:15:15.453Z] [ALL] 06-14 15:45:15.659  1486  2183 I BatteryService_BatteryPropertiesRegistrar: [getProperty]id:2
[2026-06-14T10:15:15.453Z] [ALL] 06-14 15:45:15.659  1486  2183 I BatteryService_BatteryPropertiesRegistrar: [getProperty]prop.long:-9223372036854775808 ,prop.string:null
[2026-06-14T10:15:15.453Z] [ALL] 06-14 15:45:15.659  1149  1201 D SurfaceFlinger: [SEC_SF_EFFECTS] drawLayersInternal,1348, Rendering layer ScreenCaptureFillLayer at index 0
[2026-06-14T10:15:15.453Z] [ALL] 06-14 15:45:15.659  1149  1201 D SurfaceFlinger: [SEC_SF_EFFECTS] drawLayersInternal,1348, Rendering layer com.safebank.ai/com.safebank.ai.MainActivity$_19655#104730 at index 1
[2026-06-14T10:15:15.453Z] [ALL] 06-14 15:45:15.660  1149  1201 D SurfaceFlinger: [SEC_SF_EFFECTS] drawLayersInternal,1348, Rendering layer StatusBar$_2112#94 at index 2
[2026-06-14T10:15:15.453Z] [ALL] 06-14 15:45:15.660  1149  1201 D SurfaceFlinger: [SEC_SF_EFFECTS] drawLayersInternal,1348, Rendering layer com.sec.android.app.launcher/com.samsung.app.honeyspace.edge.edgepanel.app.CocktailBarService$_2619#103972 at index 3
[2026-06-14T10:15:15.453Z] [ALL] 06-14 15:45:15.660  1486  2183 I BatteryService_BatteryPropertiesRegistrar: [getProperty]id:5
[2026-06-14T10:15:15.453Z] [ALL] 06-14 15:45:15.660  1486  2183 I BatteryService_BatteryPropertiesRegistrar: [getProperty]prop.long:-9223372036854775808 ,prop.string:null
[2026-06-14T10:15:15.453Z] [ALL] 06-14 15:45:15.660  1149  1201 D SurfaceFlinger: [SEC_SF_EFFECTS] drawLayersInternal,1348, Rendering layer NavigationBar0$_2112#90 at index 4
[2026-06-14T10:15:15.456Z] [ALL] 06-14 15:45:15.660  1486  2183 I BatteryService_BatteryPropertiesRegistrar: [getProperty]id:6
[2026-06-14T10:15:15.458Z] [ALL] 06-14 15:45:15.660  1486  2183 I BatteryService_BatteryPropertiesRegistrar: [getProperty]prop.long:-9223372036854775808 ,prop.string:null
[2026-06-14T10:15:15.505Z] [ALL] 06-14 15:45:15.708  3066  3129 I RequestManager_FLP: onOpChanged, op=0 / packageName=net.one97.paytm
[2026-06-14T10:15:15.544Z] [ALL] 06-14 15:45:15.751  1486  2073 D WindowManager: captureDisplay
[2026-06-14T10:15:15.546Z] [ALL] 06-14 15:45:15.751  1486  2073 I SurfaceComposerClient: captureLayers:childrenOnly:1, sync:0
[2026-06-14T10:15:15.550Z] [ALL] 06-14 15:45:15.756  1149  1661 I SurfaceFlinger: Capture layer list: 	 com.safebank.ai/com.safebank.ai.MainActivity$_19655#104730(preserveDisplayColors:0)
[2026-06-14T10:15:15.553Z] [ALL] 06-14 15:45:15.756  1149  1661 I SurfaceFlinger: Capture layer list: 	 StatusBar$_2112#94(preserveDisplayColors:0)
[2026-06-14T10:15:15.553Z] [ALL] 06-14 15:45:15.756  1149  1661 I SurfaceFlinger: Capture layer list: 	 com.sec.android.app.launcher/com.samsung.app.honeyspace.edge.edgepanel.app.CocktailBarService$_2619#103972(preserveDisplayColors:0)
[2026-06-14T10:15:15.553Z] [ALL] 06-14 15:45:15.756  1149  1661 I SurfaceFlinger: Capture layer list: 	 NavigationBar0$_2112#90(preserveDisplayColors:0)
[2026-06-14T10:15:15.553Z] [ALL] 06-14 15:45:15.758  1149  1201 D SurfaceFlinger: [SEC_SF_EFFECTS] drawLayersInternal,1348, Rendering layer ScreenCaptureFillLayer at index 0
[2026-06-14T10:15:15.553Z] [ALL] 06-14 15:45:15.758  1149  1201 D SurfaceFlinger: [SEC_SF_EFFECTS] drawLayersInternal,1348, Rendering layer com.safebank.ai/com.safebank.ai.MainActivity$_19655#104730 at index 1
[2026-06-14T10:15:15.553Z] [ALL] 06-14 15:45:15.758  1149  1201 D SurfaceFlinger: [SEC_SF_EFFECTS] drawLayersInternal,1348, Rendering layer StatusBar$_2112#94 at index 2
[2026-06-14T10:15:15.553Z] [ALL] 06-14 15:45:15.758  1149  1201 D SurfaceFlinger: [SEC_SF_EFFECTS] drawLayersInternal,1348, Rendering layer com.sec.android.app.launcher/com.samsung.app.honeyspace.edge.edgepanel.app.CocktailBarService$_2619#103972 at index 3
[2026-06-14T10:15:15.555Z] [ALL] 06-14 15:45:15.758  1149  1201 D SurfaceFlinger: [SEC_SF_EFFECTS] drawLayersInternal,1348, Rendering layer NavigationBar0$_2112#90 at index 4
[2026-06-14T10:15:15.610Z] [ALL] 06-14 15:45:15.815  1486  1856 D SemWifiSwitchForIndividualAppsService: isSkipNetworkCondition - result:2
[2026-06-14T10:15:15.646Z] [ALL] 06-14 15:45:15.853  1486  2073 D WindowManager: captureDisplay
[2026-06-14T10:15:15.649Z] [ALL] 06-14 15:45:15.853  1486  2073 I SurfaceComposerClient: captureLayers:childrenOnly:1, sync:0
[2026-06-14T10:15:15.654Z] [ALL] 06-14 15:45:15.859  1149  1661 I SurfaceFlinger: Capture layer list: 	 com.safebank.ai/com.safebank.ai.MainActivity$_19655#104730(preserveDisplayColors:0)
[2026-06-14T10:15:15.657Z] [ALL] 06-14 15:45:15.859  1149  1661 I SurfaceFlinger: Capture layer list: 	 StatusBar$_2112#94(preserveDisplayColors:0)
[2026-06-14T10:15:15.657Z] [ALL] 06-14 15:45:15.859  1149  1661 I SurfaceFlinger: Capture layer list: 	 com.sec.android.app.launcher/com.samsung.app.honeyspace.edge.edgepanel.app.CocktailBarService$_2619#103972(preserveDisplayColors:0)
[2026-06-14T10:15:15.657Z] [ALL] 06-14 15:45:15.859  1149  1661 I SurfaceFlinger: Capture layer list: 	 NavigationBar0$_2112#90(preserveDisplayColors:0)
[2026-06-14T10:15:15.657Z] [ALL] 06-14 15:45:15.861  1149  1201 D SurfaceFlinger: [SEC_SF_EFFECTS] drawLayersInternal,1348, Rendering layer ScreenCaptureFillLayer at index 0
[2026-06-14T10:15:15.657Z] [ALL] 06-14 15:45:15.861  1149  1201 D SurfaceFlinger: [SEC_SF_EFFECTS] drawLayersInternal,1348, Rendering layer com.safebank.ai/com.safebank.ai.MainActivity$_19655#104730 at index 1
[2026-06-14T10:15:15.657Z] [ALL] 06-14 15:45:15.861  1149  1201 D SurfaceFlinger: [SEC_SF_EFFECTS] drawLayersInternal,1348, Rendering layer StatusBar$_2112#94 at index 2
[2026-06-14T10:15:15.657Z] [ALL] 06-14 15:45:15.861  1149  1201 D SurfaceFlinger: [SEC_SF_EFFECTS] drawLayersInternal,1348, Rendering layer com.sec.android.app.launcher/com.samsung.app.honeyspace.edge.edgepanel.app.CocktailBarService$_2619#103972 at index 3
[2026-06-14T10:15:15.657Z] [ALL] 06-14 15:45:15.861  1149  1201 D SurfaceFlinger: [SEC_SF_EFFECTS] drawLayersInternal,1348, Rendering layer NavigationBar0$_2112#90 at index 4
[2026-06-14T10:15:15.703Z] [ALL] 06-14 15:45:15.908  4132  5524 I SDHMS:x : SIOP:: AP:482 BAT:398 USB:369 CHG:473 PA:489 CP:476 WIFI:454 BLK:0 SUBBAT:0 LRPTHM:416 SKIN:403 SKINF:381 SKINB:403 LRP:403 LRP2:403 LRF2:381 LRB2:403 AP2:401 CHG2:369 MEM2:397 WIFI2:403 SPK2:346 VAP02:467 VWIFI:414 AVGCUR:-19 AVGSYS:1142 POWER:-81
[2026-06-14T10:15:15.751Z] [ALL] 06-14 15:45:15.953  1486  2073 D WindowManager: captureDisplay
[2026-06-14T10:15:15.756Z] [ALL] 06-14 15:45:15.954  1486  2073 I SurfaceComposerClient: captureLayers:childrenOnly:1, sync:0
[2026-06-14T10:15:15.807Z] [ALL] 06-14 15:45:15.959  1149  1661 I SurfaceFlinger: Capture layer list: 	 com.safebank.ai/com.safebank.ai.MainActivity$_19655#104730(preserveDisplayColors:0)
[2026-06-14T10:15:15.807Z] [ALL] 06-14 15:45:15.959  1149  1661 I SurfaceFlinger: Capture layer list: 	 StatusBar$_2112#94(preserveDisplayColors:0)
[2026-06-14T10:15:15.807Z] [ALL] 06-14 15:45:15.959  1149  1661 I SurfaceFlinger: Capture layer list: 	 com.sec.android.app.launcher/com.samsung.app.honeyspace.edge.edgepanel.app.CocktailBarService$_2619#103972(preserveDisplayColors:0)
[2026-06-14T10:15:15.807Z] [ALL] 06-14 15:45:15.959  1149  1661 I SurfaceFlinger: Capture layer list: 	 NavigationBar0$_2112#90(preserveDisplayColors:0)
[2026-06-14T10:15:15.807Z] [ALL] 06-14 15:45:15.961  1149  1201 D SurfaceFlinger: [SEC_SF_EFFECTS] drawLayersInternal,1348, Rendering layer ScreenCaptureFillLayer at index 0
[2026-06-14T10:15:15.807Z] [ALL] 06-14 15:45:15.961  1149  1201 D SurfaceFlinger: [SEC_SF_EFFECTS] drawLayersInternal,1348, Rendering layer com.safebank.ai/com.safebank.ai.MainActivity$_19655#104730 at index 1
[2026-06-14T10:15:15.807Z] [ALL] 06-14 15:45:15.961  1149  1201 D SurfaceFlinger: [SEC_SF_EFFECTS] drawLayersInternal,1348, Rendering layer StatusBar$_2112#94 at index 2
[2026-06-14T10:15:15.807Z] [ALL] 06-14 15:45:15.961  1149  1201 D SurfaceFlinger: [SEC_SF_EFFECTS] drawLayersInternal,1348, Rendering layer com.sec.android.app.launcher/com.samsung.app.honeyspace.edge.edgepanel.app.CocktailBarService$_2619#103972 at index 3
[2026-06-14T10:15:15.808Z] [ALL] 06-14 15:45:15.961  1149  1201 D SurfaceFlinger: [SEC_SF_EFFECTS] drawLayersInternal,1348, Rendering layer NavigationBar0$_2112#90 at index 4
[2026-06-14T10:15:15.810Z] [ALL] 06-14 15:45:15.966 19463 19503 I appium  : channel read: POST /session/ed6c8e2c-e5c1-4b65-b4bf-728310f0e26e/element
[2026-06-14T10:15:15.810Z] [ALL] 06-14 15:45:15.967 19463 19503 I appium  : FindElement command
[2026-06-14T10:15:15.810Z] [ALL] 06-14 15:45:15.969 19463 19503 I appium  : method: 'xpath', selector: '//*[contains(@resource-id, "otp_toggle_btn") or @content-desc="otp_toggle_btn"]'
[2026-06-14T10:15:15.810Z] [ALL] 06-14 15:45:15.969 19463 19503 I appium  : Waiting up to 10000ms for the device to idle
[2026-06-14T10:15:15.810Z] [ALL] 06-14 15:45:15.971 19463 19503 I appium  : The following attributes will be included to the page source: [resource-id, content-desc]
[2026-06-14T10:15:15.810Z] [ALL] 06-14 15:45:15.977  1486  1828 I SemWifiServiceDetector: NSD results: [0, 0, 2, 0, 0, 0, 2, 0, 0] Traff. type 1 Thr 0
[2026-06-14T10:15:15.852Z] [ALL] 06-14 15:45:16.055  1486  2073 D WindowManager: captureDisplay
[2026-06-14T10:15:15.854Z] [ALL] 06-14 15:45:16.055  1486  2073 I SurfaceComposerClient: captureLayers:childrenOnly:1, sync:0
[2026-06-14T10:15:15.854Z] [ALL] 06-14 15:45:16.059  1149  1661 I SurfaceFlinger: Capture layer list: 	 com.safebank.ai/com.safebank.ai.MainActivity$_19655#104730(preserveDisplayColors:0)
[2026-06-14T10:15:15.856Z] [ALL] 06-14 15:45:16.059  1149  1661 I SurfaceFlinger: Capture layer list: 	 StatusBar$_2112#94(preserveDisplayColors:0)
[2026-06-14T10:15:15.856Z] [ALL] 06-14 15:45:16.059  1149  1661 I SurfaceFlinger: Capture layer list: 	 com.sec.android.app.launcher/com.samsung.app.honeyspace.edge.edgepanel.app.CocktailBarService$_2619#103972(preserveDisplayColors:0)
[2026-06-14T10:15:15.856Z] [ALL] 06-14 15:45:16.059  1149  1661 I SurfaceFlinger: Capture layer list: 	 NavigationBar0$_2112#90(preserveDisplayColors:0)
[2026-06-14T10:15:15.856Z] [ALL] 06-14 15:45:16.062  1149  1201 D SurfaceFlinger: [SEC_SF_EFFECTS] drawLayersInternal,1348, Rendering layer ScreenCaptureFillLayer at index 0
[2026-06-14T10:15:15.856Z] [ALL] 06-14 15:45:16.062  1149  1201 D SurfaceFlinger: [SEC_SF_EFFECTS] drawLayersInternal,1348, Rendering layer com.safebank.ai/com.safebank.ai.MainActivity$_19655#104730 at index 1
[2026-06-14T10:15:15.856Z] [ALL] 06-14 15:45:16.062  1149  1201 D SurfaceFlinger: [SEC_SF_EFFECTS] drawLayersInternal,1348, Rendering layer StatusBar$_2112#94 at index 2
[2026-06-14T10:15:15.856Z] [ALL] 06-14 15:45:16.062  1149  1201 D SurfaceFlinger: [SEC_SF_EFFECTS] drawLayersInternal,1348, Rendering layer com.sec.android.app.launcher/com.samsung.app.honeyspace.edge.edgepanel.app.CocktailBarService$_2619#103972 at index 3
[2026-06-14T10:15:15.856Z] [ALL] 06-14 15:45:16.062  1149  1201 D SurfaceFlinger: [SEC_SF_EFFECTS] drawLayersInternal,1348, Rendering layer NavigationBar0$_2112#90 at index 4
[2026-06-14T10:15:15.920Z] [ALL] 06-14 15:45:16.127 19463 19503 I appium  : Took 0ms to retrieve 0 matches for '//*[contains(@resource-id, "otp_toggle_btn") or @content-desc="otp_toggle_btn"]' XPath2 query
[2026-06-14T10:15:15.922Z] [ALL] 06-14 15:45:16.129 19463 19503 I appium  : AppiumResponse: {"sessionId":"ed6c8e2c-e5c1-4b65-b4bf-728310f0e26e","value":{"error":"no such element","message":"An element could not be located on the page using the given search parameters","stacktrace":"io.appium.uiautomator2.common.exceptions.ElementNotFoundException: An element could not be located on the page using the given search parameters\n\tat io.appium.uiautomator2.utils.ElementLocationHelpers.findElement(ElementLocationHelpers.java:153)\n\tat io.appium.uiautomator2.handler.FindElement.safeHandle(FindElement.java:60)\n\tat io.appium.uiautomator2.handler.request.SafeRequestHandler.handle(SafeRequestHandler.java:59)\n\tat io.appium.uiautomator2.server.AppiumServlet.handleRequest(AppiumServlet.java:267)\n\tat io.appium.uiautomator2.server.AppiumServlet.handleHttpRequest(AppiumServlet.java:261)\n\tat io.appium.uiautomator2.http.ServerHandler.channelRead(ServerHandler.java:77)\n\tat io.netty.channel.AbstractChannelHandlerContext.fireChannelRead(AbstractChannelHandlerContext.java:357)\n\tat io.netty.handler.codec.MessageToMessageDecoder.channelRead(MessageToMessageDecoder.java:107)\n\tat io.netty.channel.AbstractChannelHandlerContext.fireChannelRead(AbstractChannelHandlerContext.java:357)\n\tat io.netty.channel.CombinedChannelDuplexHandler$DelegatingChannelHandlerContext.fireChannelRead(CombinedChannelDuplexHandler.java:434)\n\tat io.netty.handler.codec.ByteToMessageDecoder.fireChannelRead(ByteToMessageDecoder.java:361)\n\tat io.netty.handler.codec.ByteToMessageDecoder.channelRead(ByteToMessageDecoder.java:325)\n\tat io.netty.channel.CombinedChannelDuplexHandler.channelRead(CombinedChannelDuplexHandler.java:249)\n\tat io.netty.channel.AbstractChannelHandlerContext.fireChannelRead(AbstractChannelHandlerContext.java:355)\n\tat io.netty.handler.timeout.IdleStateHandler.channelRead(IdleStateHandler.java:288)\n\tat io.netty.channel.AbstractChannelHandlerContext.fireChannelRead(AbstractChannelHandlerContext.java:355)\n\tat io.netty.channel.DefaultChannelPipeline$HeadContext.channelRead(DefaultChannelPipeline.java:1429)\n\tat io.netty.channel.DefaultChannelPipeline.fireChannelRead(DefaultChannelPipeline.java:918)\n\tat io.netty.channel.nio.AbstractNioByteChannel$NioByteUnsafe.read(AbstractNioByteChannel.java:176)\n\tat io.netty.channel.nio.AbstractNioChannel$AbstractNioUnsafe.handle(AbstractNioChannel.java:445)\n\tat io.netty.channel.nio.NioIoHandler$DefaultNioRegistration.handle(NioIoHandler.java:388)\n\tat io.netty.channel.nio.NioIoHandler.processSelectedKey(NioIoHandler.java:596)\n\tat io.netty.channel.nio.NioIoHandler.processSelectedKeysOptimized(NioIoHandler.java:571)\n\tat io.netty.channel.nio.NioIoHandler.processSelectedKeys(NioIoHandler.java:512)\n\tat io.netty.channel.nio.NioIoHandler.run(NioIoHandler.java:484)\n\tat io.netty.channel.SingleThreadIoEventLoop.runIo(SingleThreadIoEventLoop.java:225)\n\tat io.netty.channel.SingleThreadIoEventLoop.run(SingleThreadIoEventLoop.java:196)\n\tat io.netty.util.concurrent.SingleThreadEventExecutor$5.run(SingleThreadEventExecutor.java:1195)\n\tat io.netty.util.internal.ThreadExecutorMap$2.run(ThreadExecutorMap.java:74)\n\tat io.netty.util.concurrent.FastThreadLocalRunnable.run(FastThreadLocalRunnable.java:30)\n\tat java.lang.Thread.run(Thread.java:1564)\n"}}
[2026-06-14T10:15:15.951Z] [ALL] 06-14 15:45:16.155  1486  2073 D WindowManager: captureDisplay
[2026-06-14T10:15:15.955Z] [ALL] 06-14 15:45:16.155  1486  2073 I SurfaceComposerClient: captureLayers:childrenOnly:1, sync:0
[2026-06-14T10:15:15.957Z] [ALL] 06-14 15:45:16.160  1149  1661 I SurfaceFlinger: Capture layer list: 	 com.safebank.ai/com.safebank.ai.MainActivity$_19655#104730(preserveDisplayColors:0)
[2026-06-14T10:15:15.957Z] [ALL] 06-14 15:45:16.160  1149  1661 I SurfaceFlinger: Capture layer list: 	 StatusBar$_2112#94(preserveDisplayColors:0)
[2026-06-14T10:15:15.957Z] [ALL] 06-14 15:45:16.160  1149  1661 I SurfaceFlinger: Capture layer list: 	 com.sec.android.app.launcher/com.samsung.app.honeyspace.edge.edgepanel.app.CocktailBarService$_2619#103972(preserveDisplayColors:0)
[2026-06-14T10:15:15.957Z] [ALL] 06-14 15:45:16.160  1149  1661 I SurfaceFlinger: Capture layer list: 	 NavigationBar0$_2112#90(preserveDisplayColors:0)
[2026-06-14T10:15:15.957Z] [ALL] 06-14 15:45:16.163  1149  1201 D SurfaceFlinger: [SEC_SF_EFFECTS] drawLayersInternal,1348, Rendering layer ScreenCaptureFillLayer at index 0
[2026-06-14T10:15:15.957Z] [ALL] 06-14 15:45:16.163  1149  1201 D SurfaceFlinger: [SEC_SF_EFFECTS] drawLayersInternal,1348, Rendering layer com.safebank.ai/com.safebank.ai.MainActivity$_19655#104730 at index 1
[2026-06-14T10:15:15.957Z] [ALL] 06-14 15:45:16.163  1149  1201 D SurfaceFlinger: [SEC_SF_EFFECTS] drawLayersInternal,1348, Rendering layer StatusBar$_2112#94 at index 2
[2026-06-14T10:15:15.957Z] [ALL] 06-14 15:45:16.163  1149  1201 D SurfaceFlinger: [SEC_SF_EFFECTS] drawLayersInternal,1348, Rendering layer com.sec.android.app.launcher/com.samsung.app.honeyspace.edge.edgepanel.app.CocktailBarService$_2619#103972 at index 3
[2026-06-14T10:15:15.957Z] [ALL] 06-14 15:45:16.163  1149  1201 D SurfaceFlinger: [SEC_SF_EFFECTS] drawLayersInternal,1348, Rendering layer NavigationBar0$_2112#90 at index 4
[2026-06-14T10:15:16.051Z] [ALL] 06-14 15:45:16.256  1486  2183 D WindowManager: captureDisplay
[2026-06-14T10:15:16.056Z] [ALL] 06-14 15:45:16.256  1486  2183 I SurfaceComposerClient: captureLayers:childrenOnly:1, sync:0
[2026-06-14T10:15:16.058Z] [ALL] 06-14 15:45:16.262  1149  1661 I SurfaceFlinger: Capture layer list: 	 com.safebank.ai/com.safebank.ai.MainActivity$_19655#104730(preserveDisplayColors:0)
[2026-06-14T10:15:16.058Z] [ALL] 06-14 15:45:16.262  1149  1661 I SurfaceFlinger: Capture layer list: 	 StatusBar$_2112#94(preserveDisplayColors:0)
[2026-06-14T10:15:16.058Z] [ALL] 06-14 15:45:16.262  1149  1661 I SurfaceFlinger: Capture layer list: 	 com.sec.android.app.launcher/com.samsung.app.honeyspace.edge.edgepanel.app.CocktailBarService$_2619#103972(preserveDisplayColors:0)
[2026-06-14T10:15:16.058Z] [ALL] 06-14 15:45:16.262  1149  1661 I SurfaceFlinger: Capture layer list: 	 NavigationBar0$_2112#90(preserveDisplayColors:0)
[2026-06-14T10:15:16.058Z] [ALL] 06-14 15:45:16.265  1149  1201 D SurfaceFlinger: [SEC_SF_EFFECTS] drawLayersInternal,1348, Rendering layer ScreenCaptureFillLayer at index 0
[2026-06-14T10:15:16.058Z] [ALL] 06-14 15:45:16.265  1149  1201 D SurfaceFlinger: [SEC_SF_EFFECTS] drawLayersInternal,1348, Rendering layer com.safebank.ai/com.safebank.ai.MainActivity$_19655#104730 at index 1
[2026-06-14T10:15:16.058Z] [ALL] 06-14 15:45:16.265  1149  1201 D SurfaceFlinger: [SEC_SF_EFFECTS] drawLayersInternal,1348, Rendering layer StatusBar$_2112#94 at index 2
[2026-06-14T10:15:16.058Z] [ALL] 06-14 15:45:16.265  1149  1201 D SurfaceFlinger: [SEC_SF_EFFECTS] drawLayersInternal,1348, Rendering layer com.sec.android.app.launcher/com.samsung.app.honeyspace.edge.edgepanel.app.CocktailBarService$_2619#103972 at index 3
[2026-06-14T10:15:16.060Z] [ALL] 06-14 15:45:16.265  1149  1201 D SurfaceFlinger: [SEC_SF_EFFECTS] drawLayersInternal,1348, Rendering layer NavigationBar0$_2112#90 at index 4
[2026-06-14T10:15:16.171Z] [ALL] 06-14 15:45:16.357  1486  2183 D WindowManager: captureDisplay
[2026-06-14T10:15:16.174Z] [ALL] 06-14 15:45:16.358  1486  2183 I SurfaceComposerClient: captureLayers:childrenOnly:1, sync:0
[2026-06-14T10:15:16.174Z] [ALL] 06-14 15:45:16.364  1149  1661 I SurfaceFlinger: Capture layer list: 	 com.safebank.ai/com.safebank.ai.MainActivity$_19655#104730(preserveDisplayColors:0)
[2026-06-14T10:15:16.174Z] [ALL] 06-14 15:45:16.364  1149  1661 I SurfaceFlinger: Capture layer list: 	 StatusBar$_2112#94(preserveDisplayColors:0)
[2026-06-14T10:15:16.174Z] [ALL] 06-14 15:45:16.364  1149  1661 I SurfaceFlinger: Capture layer list: 	 com.sec.android.app.launcher/com.samsung.app.honeyspace.edge.edgepanel.app.CocktailBarService$_2619#103972(preserveDisplayColors:0)
[2026-06-14T10:15:16.174Z] [ALL] 06-14 15:45:16.364  1149  1661 I SurfaceFlinger: Capture layer list: 	 NavigationBar0$_2112#90(preserveDisplayColors:0)
[2026-06-14T10:15:16.174Z] [ALL] 06-14 15:45:16.366  1149  1201 D SurfaceFlinger: [SEC_SF_EFFECTS] drawLayersInternal,1348, Rendering layer ScreenCaptureFillLayer at index 0
[2026-06-14T10:15:16.174Z] [ALL] 06-14 15:45:16.366  1149  1201 D SurfaceFlinger: [SEC_SF_EFFECTS] drawLayersInternal,1348, Rendering layer com.safebank.ai/com.safebank.ai.MainActivity$_19655#104730 at index 1
[2026-06-14T10:15:16.174Z] [ALL] 06-14 15:45:16.366  1149  1201 D SurfaceFlinger: [SEC_SF_EFFECTS] drawLayersInternal,1348, Rendering layer StatusBar$_2112#94 at index 2
[2026-06-14T10:15:16.174Z] [ALL] 06-14 15:45:16.366  1149  1201 D SurfaceFlinger: [SEC_SF_EFFECTS] drawLayersInternal,1348, Rendering layer com.sec.android.app.launcher/com.samsung.app.honeyspace.edge.edgepanel.app.CocktailBarService$_2619#103972 at index 3
[2026-06-14T10:15:16.174Z] [ALL] 06-14 15:45:16.366  1149  1201 D SurfaceFlinger: [SEC_SF_EFFECTS] drawLayersInternal,1348, Rendering layer NavigationBar0$_2112#90 at index 4
[2026-06-14T10:15:16.179Z] [ALL] 06-14 15:45:16.384  1486  1780 D UsbStatsMonitor: 0 0 0 0 0 0 0 0 0 0 0 0 7 0 0 0 0 0 0 0 0 0 0 0 0 0 0 0 0 0 0 0 0 0 0 0 0 0 0 0 0 0 0 0 0 0 0 0 0 0 0 0 0 0 132418136703002
[2026-06-14T10:15:16.256Z] [ALL] 06-14 15:45:16.458  1486  4341 D WindowManager: captureDisplay
[2026-06-14T10:15:16.256Z] [ALL] 06-14 15:45:16.458  1486  4341 I SurfaceComposerClient: captureLayers:childrenOnly:1, sync:0
[2026-06-14T10:15:16.257Z] [ALL] 06-14 15:45:16.463  1149  1661 I SurfaceFlinger: Capture layer list: 	 com.safebank.ai/com.safebank.ai.MainActivity$_19655#104730(preserveDisplayColors:0)
[2026-06-14T10:15:16.257Z] [ALL] 06-14 15:45:16.463  1149  1661 I SurfaceFlinger: Capture layer list: 	 StatusBar$_2112#94(preserveDisplayColors:0)
[2026-06-14T10:15:16.257Z] [ALL] 06-14 15:45:16.463  1149  1661 I SurfaceFlinger: Capture layer list: 	 com.sec.android.app.launcher/com.samsung.app.honeyspace.edge.edgepanel.app.CocktailBarService$_2619#103972(preserveDisplayColors:0)
[2026-06-14T10:15:16.257Z] [ALL] 06-14 15:45:16.463  1149  1661 I SurfaceFlinger: Capture layer list: 	 NavigationBar0$_2112#90(preserveDisplayColors:0)
[2026-06-14T10:15:16.258Z] [ALL] 06-14 15:45:16.466  1149  1201 D SurfaceFlinger: [SEC_SF_EFFECTS] drawLayersInternal,1348, Rendering layer ScreenCaptureFillLayer at index 0
[2026-06-14T10:15:16.258Z] [ALL] 06-14 15:45:16.466  1149  1201 D SurfaceFlinger: [SEC_SF_EFFECTS] drawLayersInternal,1348, Rendering layer com.safebank.ai/com.safebank.ai.MainActivity$_19655#104730 at index 1
[2026-06-14T10:15:16.258Z] [ALL] 06-14 15:45:16.466  1149  1201 D SurfaceFlinger: [SEC_SF_EFFECTS] drawLayersInternal,1348, Rendering layer StatusBar$_2112#94 at index 2
[2026-06-14T10:15:16.259Z] [ALL] 06-14 15:45:16.466  1149  1201 D SurfaceFlinger: [SEC_SF_EFFECTS] drawLayersInternal,1348, Rendering layer com.sec.android.app.launcher/com.samsung.app.honeyspace.edge.edgepanel.app.CocktailBarService$_2619#103972 at index 3
[2026-06-14T10:15:16.259Z] [ALL] 06-14 15:45:16.466  1149  1201 D SurfaceFlinger: [SEC_SF_EFFECTS] drawLayersInternal,1348, Rendering layer NavigationBar0$_2112#90 at index 4
[2026-06-14T10:15:16.354Z] [ALL] 06-14 15:45:16.558  1486  4341 D WindowManager: captureDisplay
[2026-06-14T10:15:16.356Z] [ALL] 06-14 15:45:16.558  1486  4341 I SurfaceComposerClient: captureLayers:childrenOnly:1, sync:0
[2026-06-14T10:15:16.356Z] [ALL] 06-14 15:45:16.563  1149  1661 I SurfaceFlinger: Capture layer list: 	 com.safebank.ai/com.safebank.ai.MainActivity$_19655#104730(preserveDisplayColors:0)
[2026-06-14T10:15:16.356Z] [ALL] 06-14 15:45:16.563  1149  1661 I SurfaceFlinger: Capture layer list: 	 StatusBar$_2112#94(preserveDisplayColors:0)
[2026-06-14T10:15:16.356Z] [ALL] 06-14 15:45:16.563  1149  1661 I SurfaceFlinger: Capture layer list: 	 com.sec.android.app.launcher/com.samsung.app.honeyspace.edge.edgepanel.app.CocktailBarService$_2619#103972(preserveDisplayColors:0)
[2026-06-14T10:15:16.358Z] [ALL] 06-14 15:45:16.563  1149  1661 I SurfaceFlinger: Capture layer list: 	 NavigationBar0$_2112#90(preserveDisplayColors:0)
[2026-06-14T10:15:16.359Z] [ALL] 06-14 15:45:16.565  1149  1201 D SurfaceFlinger: [SEC_SF_EFFECTS] drawLayersInternal,1348, Rendering layer ScreenCaptureFillLayer at index 0
[2026-06-14T10:15:16.359Z] [ALL] 06-14 15:45:16.566  1149  1201 D SurfaceFlinger: [SEC_SF_EFFECTS] drawLayersInternal,1348, Rendering layer com.safebank.ai/com.safebank.ai.MainActivity$_19655#104730 at index 1
[2026-06-14T10:15:16.359Z] [ALL] 06-14 15:45:16.566  1149  1201 D SurfaceFlinger: [SEC_SF_EFFECTS] drawLayersInternal,1348, Rendering layer StatusBar$_2112#94 at index 2
[2026-06-14T10:15:16.359Z] [ALL] 06-14 15:45:16.566  1149  1201 D SurfaceFlinger: [SEC_SF_EFFECTS] drawLayersInternal,1348, Rendering layer com.sec.android.app.launcher/com.samsung.app.honeyspace.edge.edgepanel.app.CocktailBarService$_2619#103972 at index 3
[2026-06-14T10:15:16.359Z] [ALL] 06-14 15:45:16.566  1149  1201 D SurfaceFlinger: [SEC_SF_EFFECTS] drawLayersInternal,1348, Rendering layer NavigationBar0$_2112#90 at index 4
[2026-06-14T10:15:16.444Z] [ALL] 06-14 15:45:16.645  1486  4341 I ActivityManager: Changes in 10470 11 to 19, 384 to 0
[2026-06-14T10:15:16.444Z] [ALL] 06-14 15:45:16.648  1486  1526 I ActivityManager: Changes in 10470 19 to 11, 0 to 384
[2026-06-14T10:15:16.449Z] [ALL] 06-14 15:45:16.652  1149  1280 I SurfaceFlinger: Current= 60, Period= 60, hwcPeriod= 60
[2026-06-14T10:15:16.461Z] [ALL] 06-14 15:45:16.658 19463 19503 I appium  : channel read: POST /session/ed6c8e2c-e5c1-4b65-b4bf-728310f0e26e/element
[2026-06-14T10:15:16.483Z] [ALL] 06-14 15:45:16.658  1486  2183 D WindowManager: captureDisplay
[2026-06-14T10:15:16.483Z] [ALL] 06-14 15:45:16.659 19463 19503 I appium  : FindElement command
[2026-06-14T10:15:16.483Z] [ALL] 06-14 15:45:16.659  1486  2183 I SurfaceComposerClient: captureLayers:childrenOnly:1, sync:0
[2026-06-14T10:15:16.483Z] [ALL] 06-14 15:45:16.660 19463 19503 I appium  : method: 'xpath', selector: '//*[contains(@resource-id, "otp_toggle_btn") or @content-desc="otp_toggle_btn"]'
[2026-06-14T10:15:16.483Z] [ALL] 06-14 15:45:16.660 19463 19503 I appium  : Waiting up to 10000ms for the device to idle
[2026-06-14T10:15:16.483Z] [ALL] 06-14 15:45:16.661 19463 19503 I appium  : The following attributes will be included to the page source: [resource-id, content-desc]
[2026-06-14T10:15:16.483Z] [ALL] 06-14 15:45:16.661  1149  1661 I SurfaceFlinger: Capture layer list: 	 com.safebank.ai/com.safebank.ai.MainActivity$_19655#104730(preserveDisplayColors:0)
[2026-06-14T10:15:16.483Z] [ALL] 06-14 15:45:16.661  1149  1661 I SurfaceFlinger: Capture layer list: 	 StatusBar$_2112#94(preserveDisplayColors:0)
[2026-06-14T10:15:16.483Z] [ALL] 06-14 15:45:16.661  1149  1661 I SurfaceFlinger: Capture layer list: 	 com.sec.android.app.launcher/com.samsung.app.honeyspace.edge.edgepanel.app.CocktailBarService$_2619#103972(preserveDisplayColors:0)
[2026-06-14T10:15:16.483Z] [ALL] 06-14 15:45:16.661  1149  1661 I SurfaceFlinger: Capture layer list: 	 NavigationBar0$_2112#90(preserveDisplayColors:0)
[2026-06-14T10:15:16.483Z] [ALL] 06-14 15:45:16.663  1149  1201 D SurfaceFlinger: [SEC_SF_EFFECTS] drawLayersInternal,1348, Rendering layer ScreenCaptureFillLayer at index 0
[2026-06-14T10:15:16.483Z] [ALL] 06-14 15:45:16.663  1149  1201 D SurfaceFlinger: [SEC_SF_EFFECTS] drawLayersInternal,1348, Rendering layer com.safebank.ai/com.safebank.ai.MainActivity$_19655#104730 at index 1
[2026-06-14T10:15:16.483Z] [ALL] 06-14 15:45:16.663  1149  1201 D SurfaceFlinger: [SEC_SF_EFFECTS] drawLayersInternal,1348, Rendering layer StatusBar$_2112#94 at index 2
[2026-06-14T10:15:16.483Z] [ALL] 06-14 15:45:16.663  1149  1201 D SurfaceFlinger: [SEC_SF_EFFECTS] drawLayersInternal,1348, Rendering layer com.sec.android.app.launcher/com.samsung.app.honeyspace.edge.edgepanel.app.CocktailBarService$_2619#103972 at index 3
[2026-06-14T10:15:16.483Z] [ALL] 06-14 15:45:16.663  1149  1201 D SurfaceFlinger: [SEC_SF_EFFECTS] drawLayersInternal,1348, Rendering layer NavigationBar0$_2112#90 at index 4
[2026-06-14T10:15:16.563Z] [ALL] 06-14 15:45:16.759  1486  4341 D WindowManager: captureDisplay
[2026-06-14T10:15:16.566Z] [ALL] 06-14 15:45:16.759  1486  4341 I SurfaceComposerClient: captureLayers:childrenOnly:1, sync:0
[2026-06-14T10:15:16.566Z] [ALL] 06-14 15:45:16.763  1149  1661 I SurfaceFlinger: Capture layer list: 	 com.safebank.ai/com.safebank.ai.MainActivity$_19655#104730(preserveDisplayColors:0)
[2026-06-14T10:15:16.566Z] [ALL] 06-14 15:45:16.763  1149  1661 I SurfaceFlinger: Capture layer list: 	 StatusBar$_2112#94(preserveDisplayColors:0)
[2026-06-14T10:15:16.566Z] [ALL] 06-14 15:45:16.763  1149  1661 I SurfaceFlinger: Capture layer list: 	 com.sec.android.app.launcher/com.samsung.app.honeyspace.edge.edgepanel.app.CocktailBarService$_2619#103972(preserveDisplayColors:0)
[2026-06-14T10:15:16.566Z] [ALL] 06-14 15:45:16.763  1149  1661 I SurfaceFlinger: Capture layer list: 	 NavigationBar0$_2112#90(preserveDisplayColors:0)
[2026-06-14T10:15:16.566Z] [ALL] 06-14 15:45:16.765  1149  1201 D SurfaceFlinger: [SEC_SF_EFFECTS] drawLayersInternal,1348, Rendering layer ScreenCaptureFillLayer at index 0
[2026-06-14T10:15:16.566Z] [ALL] 06-14 15:45:16.765  1149  1201 D SurfaceFlinger: [SEC_SF_EFFECTS] drawLayersInternal,1348, Rendering layer com.safebank.ai/com.safebank.ai.MainActivity$_19655#104730 at index 1
[2026-06-14T10:15:16.566Z] [ALL] 06-14 15:45:16.765  1149  1201 D SurfaceFlinger: [SEC_SF_EFFECTS] drawLayersInternal,1348, Rendering layer StatusBar$_2112#94 at index 2
[2026-06-14T10:15:16.569Z] [ALL] 06-14 15:45:16.765  1149  1201 D SurfaceFlinger: [SEC_SF_EFFECTS] drawLayersInternal,1348, Rendering layer com.sec.android.app.launcher/com.samsung.app.honeyspace.edge.edgepanel.app.CocktailBarService$_2619#103972 at index 3
[2026-06-14T10:15:16.569Z] [ALL] 06-14 15:45:16.765  1149  1201 D SurfaceFlinger: [SEC_SF_EFFECTS] drawLayersInternal,1348, Rendering layer NavigationBar0$_2112#90 at index 4
[2026-06-14T10:15:16.593Z] [ALL] 06-14 15:45:16.800  2228  3094 I TUIThread: epol_call: EPOLL_SKIP
[2026-06-14T10:15:16.598Z] [ALL] 06-14 15:45:16.805 19463 19503 I appium  : Took 0ms to retrieve 0 matches for '//*[contains(@resource-id, "otp_toggle_btn") or @content-desc="otp_toggle_btn"]' XPath2 query
[2026-06-14T10:15:16.602Z] [ALL] 06-14 15:45:16.807 19463 19503 I appium  : AppiumResponse: {"sessionId":"ed6c8e2c-e5c1-4b65-b4bf-728310f0e26e","value":{"error":"no such element","message":"An element could not be located on the page using the given search parameters","stacktrace":"io.appium.uiautomator2.common.exceptions.ElementNotFoundException: An element could not be located on the page using the given search parameters\n\tat io.appium.uiautomator2.utils.ElementLocationHelpers.findElement(ElementLocationHelpers.java:153)\n\tat io.appium.uiautomator2.handler.FindElement.safeHandle(FindElement.java:60)\n\tat io.appium.uiautomator2.handler.request.SafeRequestHandler.handle(SafeRequestHandler.java:59)\n\tat io.appium.uiautomator2.server.AppiumServlet.handleRequest(AppiumServlet.java:267)\n\tat io.appium.uiautomator2.server.AppiumServlet.handleHttpRequest(AppiumServlet.java:261)\n\tat io.appium.uiautomator2.http.ServerHandler.channelRead(ServerHandler.java:77)\n\tat io.netty.channel.AbstractChannelHandlerContext.fireChannelRead(AbstractChannelHandlerContext.java:357)\n\tat io.netty.handler.codec.MessageToMessageDecoder.channelRead(MessageToMessageDecoder.java:107)\n\tat io.netty.channel.AbstractChannelHandlerContext.fireChannelRead(AbstractChannelHandlerContext.java:357)\n\tat io.netty.channel.CombinedChannelDuplexHandler$DelegatingChannelHandlerContext.fireChannelRead(CombinedChannelDuplexHandler.java:434)\n\tat io.netty.handler.codec.ByteToMessageDecoder.fireChannelRead(ByteToMessageDecoder.java:361)\n\tat io.netty.handler.codec.ByteToMessageDecoder.channelRead(ByteToMessageDecoder.java:325)\n\tat io.netty.channel.CombinedChannelDuplexHandler.channelRead(CombinedChannelDuplexHandler.java:249)\n\tat io.netty.channel.AbstractChannelHandlerContext.fireChannelRead(AbstractChannelHandlerContext.java:355)\n\tat io.netty.handler.timeout.IdleStateHandler.channelRead(IdleStateHandler.java:288)\n\tat io.netty.channel.AbstractChannelHandlerContext.fireChannelRead(AbstractChannelHandlerContext.java:355)\n\tat io.netty.channel.DefaultChannelPipeline$HeadContext.channelRead(DefaultChannelPipeline.java:1429)\n\tat io.netty.channel.DefaultChannelPipeline.fireChannelRead(DefaultChannelPipeline.java:918)\n\tat io.netty.channel.nio.AbstractNioByteChannel$NioByteUnsafe.read(AbstractNioByteChannel.java:176)\n\tat io.netty.channel.nio.AbstractNioChannel$AbstractNioUnsafe.handle(AbstractNioChannel.java:445)\n\tat io.netty.channel.nio.NioIoHandler$DefaultNioRegistration.handle(NioIoHandler.java:388)\n\tat io.netty.channel.nio.NioIoHandler.processSelectedKey(NioIoHandler.java:596)\n\tat io.netty.channel.nio.NioIoHandler.processSelectedKeysOptimized(NioIoHandler.java:571)\n\tat io.netty.channel.nio.NioIoHandler.processSelectedKeys(NioIoHandler.java:512)\n\tat io.netty.channel.nio.NioIoHandler.run(NioIoHandler.java:484)\n\tat io.netty.channel.SingleThreadIoEventLoop.runIo(SingleThreadIoEventLoop.java:225)\n\tat io.netty.channel.SingleThreadIoEventLoop.run(SingleThreadIoEventLoop.java:196)\n\tat io.netty.util.concurrent.SingleThreadEventExecutor$5.run(SingleThreadEventExecutor.java:1195)\n\tat io.netty.util.internal.ThreadExecutorMap$2.run(ThreadExecutorMap.java:74)\n\tat io.netty.util.concurrent.FastThreadLocalRunnable.run(FastThreadLocalRunnable.java:30)\n\tat java.lang.Thread.run(Thread.java:1564)\n"}}
[2026-06-14T10:15:16.630Z] [ALL] 06-14 15:45:16.823  1486  1856 D SemWifiSwitchForIndividualAppsService: isSkipNetworkCondition - result:2
[2026-06-14T10:15:16.654Z] [ALL] 06-14 15:45:16.860  1486  4341 D WindowManager: captureDisplay
[2026-06-14T10:15:16.667Z] [ALL] 06-14 15:45:16.860  1486  4341 I SurfaceComposerClient: captureLayers:childrenOnly:1, sync:0
[2026-06-14T10:15:16.692Z] [ALL] 06-14 15:45:16.865  1149  1661 I SurfaceFlinger: Capture layer list: 	 com.safebank.ai/com.safebank.ai.MainActivity$_19655#104730(preserveDisplayColors:0)
[2026-06-14T10:15:16.692Z] [ALL] 06-14 15:45:16.865  1149  1661 I SurfaceFlinger: Capture layer list: 	 StatusBar$_2112#94(preserveDisplayColors:0)
[2026-06-14T10:15:16.692Z] [ALL] 06-14 15:45:16.865  1149  1661 I SurfaceFlinger: Capture layer list: 	 com.sec.android.app.launcher/com.samsung.app.honeyspace.edge.edgepanel.app.CocktailBarService$_2619#103972(preserveDisplayColors:0)
[2026-06-14T10:15:16.692Z] [ALL] 06-14 15:45:16.865  1149  1661 I SurfaceFlinger: Capture layer list: 	 NavigationBar0$_2112#90(preserveDisplayColors:0)
[2026-06-14T10:15:16.692Z] [ALL] 06-14 15:45:16.867  1149  1201 D SurfaceFlinger: [SEC_SF_EFFECTS] drawLayersInternal,1348, Rendering layer ScreenCaptureFillLayer at index 0
[2026-06-14T10:15:16.692Z] [ALL] 06-14 15:45:16.867  1149  1201 D SurfaceFlinger: [SEC_SF_EFFECTS] drawLayersInternal,1348, Rendering layer com.safebank.ai/com.safebank.ai.MainActivity$_19655#104730 at index 1
[2026-06-14T10:15:16.692Z] [ALL] 06-14 15:45:16.867  1149  1201 D SurfaceFlinger: [SEC_SF_EFFECTS] drawLayersInternal,1348, Rendering layer StatusBar$_2112#94 at index 2
[2026-06-14T10:15:16.692Z] [ALL] 06-14 15:45:16.867  1149  1201 D SurfaceFlinger: [SEC_SF_EFFECTS] drawLayersInternal,1348, Rendering layer com.sec.android.app.launcher/com.samsung.app.honeyspace.edge.edgepanel.app.CocktailBarService$_2619#103972 at index 3
[2026-06-14T10:15:16.692Z] [ALL] 06-14 15:45:16.868  1149  1201 D SurfaceFlinger: [SEC_SF_EFFECTS] drawLayersInternal,1348, Rendering layer NavigationBar0$_2112#90 at index 4
[2026-06-14T10:15:16.692Z] [ALL] 06-14 15:45:16.884  3653  3653 I wpa_supplicant: Heartbeat 6062
[2026-06-14T10:15:16.692Z] [ALL] 06-14 15:45:16.886  2072  2072 I EPDG-0 [NetInterfaceEventObserver]: sendInternalMessage, not mobile, ignore
[2026-06-14T10:15:16.692Z] [ALL] 06-14 15:45:16.888  2072  2791 I EPDG-0 [SmManager]: onNetInterfaceAddressUpdated, addr=xxxx.. , len=39 iface=wlan0 fqdnRetryCount=0
[2026-06-14T10:15:16.692Z] [ALL] 06-14 15:45:16.888  2072  2791 I EPDG-0 [SmManager]: onNetInterfaceAddressUpdated, addr=xxxx.. , len=39 iface=wlan0 fqdnRetryCount=0
[2026-06-14T10:15:16.692Z] [ALL] 06-14 15:45:16.889  2072  2072 I EPDG-0 [NetInterfaceEventObserver]: sendInternalMessage, not mobile, ignore
[2026-06-14T10:15:16.692Z] [ALL] 06-14 15:45:16.892  2059  3664 D IpClient/wlan0: addressUpdated: 2401:4900:1f2c:629c:b840:ebff:fe48:392b/64 on ifindex 32 flags 0x00000100 scope 0
[2026-06-14T10:15:16.692Z] [ALL] 06-14 15:45:16.893  2059  3664 D IpClient/wlan0: addressUpdated: 2401:4900:1f2c:629c:6f28:faee:7067:99d3/64 on ifindex 32 flags 0x00000001 scope 0
[2026-06-14T10:15:16.692Z] [ALL] 06-14 15:45:16.895  2059  3664 W AlarmManager: Unrecognized alarm listener com.android.networkstack.android.net.ip.IpClientLinkObserver$Dhcp6PdPreferredPrefixAlarmListener@58df1fa
[2026-06-14T10:15:16.696Z] [ALL] 06-14 15:45:16.898  2059  3664 D ApfFilter: (wlan0): Adding RA fe80::1633:75ff:fe79:cc4 -> ff02::1 180s 2401:4900:1f2c:629c::/64 49450s/49450s DNS 40s 2401:4900:50:9::7c9 2401:4900:50:9::280 RIO 180s 2401:4900:1f2c:629c::/64 
[2026-06-14T10:15:16.755Z] [ALL] 06-14 15:45:16.962  1486  2158 D WindowManager: captureDisplay
[2026-06-14T10:15:16.757Z] [ALL] 06-14 15:45:16.962  1486  2158 I SurfaceComposerClient: captureLayers:childrenOnly:1, sync:0
[2026-06-14T10:15:16.765Z] [ALL] 06-14 15:45:16.968  1149  1661 I SurfaceFlinger: Capture layer list: 	 com.safebank.ai/com.safebank.ai.MainActivity$_19655#104730(preserveDisplayColors:0)
[2026-06-14T10:15:16.765Z] [ALL] 06-14 15:45:16.968  1149  1661 I SurfaceFlinger: Capture layer list: 	 StatusBar$_2112#94(preserveDisplayColors:0)
[2026-06-14T10:15:16.765Z] [ALL] 06-14 15:45:16.968  1149  1661 I SurfaceFlinger: Capture layer list: 	 com.sec.android.app.launcher/com.samsung.app.honeyspace.edge.edgepanel.app.CocktailBarService$_2619#103972(preserveDisplayColors:0)
[2026-06-14T10:15:16.765Z] [ALL] 06-14 15:45:16.968  1149  1661 I SurfaceFlinger: Capture layer list: 	 NavigationBar0$_2112#90(preserveDisplayColors:0)
[2026-06-14T10:15:16.765Z] [ALL] 06-14 15:45:16.970  1149  1201 D SurfaceFlinger: [SEC_SF_EFFECTS] drawLayersInternal,1348, Rendering layer ScreenCaptureFillLayer at index 0
[2026-06-14T10:15:16.765Z] [ALL] 06-14 15:45:16.970  1149  1201 D SurfaceFlinger: [SEC_SF_EFFECTS] drawLayersInternal,1348, Rendering layer com.safebank.ai/com.safebank.ai.MainActivity$_19655#104730 at index 1
[2026-06-14T10:15:16.765Z] [ALL] 06-14 15:45:16.970  1149  1201 D SurfaceFlinger: [SEC_SF_EFFECTS] drawLayersInternal,1348, Rendering layer StatusBar$_2112#94 at index 2
[2026-06-14T10:15:16.765Z] [ALL] 06-14 15:45:16.970  1149  1201 D SurfaceFlinger: [SEC_SF_EFFECTS] drawLayersInternal,1348, Rendering layer com.sec.android.app.launcher/com.samsung.app.honeyspace.edge.edgepanel.app.CocktailBarService$_2619#103972 at index 3
[2026-06-14T10:15:16.765Z] [ALL] 06-14 15:45:16.970  1149  1201 D SurfaceFlinger: [SEC_SF_EFFECTS] drawLayersInternal,1348, Rendering layer NavigationBar0$_2112#90 at index 4
[2026-06-14T10:15:16.857Z] [ALL] 06-14 15:45:17.062  1486  2158 D WindowManager: captureDisplay
[2026-06-14T10:15:16.857Z] [ALL] 06-14 15:45:17.062  1486  2158 I SurfaceComposerClient: captureLayers:childrenOnly:1, sync:0
[2026-06-14T10:15:16.862Z] [ALL] 06-14 15:45:17.068  1149  1661 I SurfaceFlinger: Capture layer list: 	 com.safebank.ai/com.safebank.ai.MainActivity$_19655#104730(preserveDisplayColors:0)
[2026-06-14T10:15:16.862Z] [ALL] 06-14 15:45:17.068  1149  1661 I SurfaceFlinger: Capture layer list: 	 StatusBar$_2112#94(preserveDisplayColors:0)
[2026-06-14T10:15:16.862Z] [ALL] 06-14 15:45:17.068  1149  1661 I SurfaceFlinger: Capture layer list: 	 com.sec.android.app.launcher/com.samsung.app.honeyspace.edge.edgepanel.app.CocktailBarService$_2619#103972(preserveDisplayColors:0)
[2026-06-14T10:15:16.862Z] [ALL] 06-14 15:45:17.068  1149  1661 I SurfaceFlinger: Capture layer list: 	 NavigationBar0$_2112#90(preserveDisplayColors:0)
[2026-06-14T10:15:16.865Z] [ALL] 06-14 15:45:17.070  1149  1201 D SurfaceFlinger: [SEC_SF_EFFECTS] drawLayersInternal,1348, Rendering layer ScreenCaptureFillLayer at index 0
[2026-06-14T10:15:16.865Z] [ALL] 06-14 15:45:17.070  1149  1201 D SurfaceFlinger: [SEC_SF_EFFECTS] drawLayersInternal,1348, Rendering layer com.safebank.ai/com.safebank.ai.MainActivity$_19655#104730 at index 1
[2026-06-14T10:15:16.865Z] [ALL] 06-14 15:45:17.070  1149  1201 D SurfaceFlinger: [SEC_SF_EFFECTS] drawLayersInternal,1348, Rendering layer StatusBar$_2112#94 at index 2
[2026-06-14T10:15:16.865Z] [ALL] 06-14 15:45:17.070  1149  1201 D SurfaceFlinger: [SEC_SF_EFFECTS] drawLayersInternal,1348, Rendering layer com.sec.android.app.launcher/com.samsung.app.honeyspace.edge.edgepanel.app.CocktailBarService$_2619#103972 at index 3
[2026-06-14T10:15:16.865Z] [ALL] 06-14 15:45:17.070  1149  1201 D SurfaceFlinger: [SEC_SF_EFFECTS] drawLayersInternal,1348, Rendering layer NavigationBar0$_2112#90 at index 4
[2026-06-14T10:15:16.896Z] [ALL] 06-14 15:45:17.102 29039 29048 W apido.passenger: userfaultfd: MOVE ioctl seems unsupported: Connection timed out
[2026-06-14T10:15:16.956Z] [ALL] 06-14 15:45:17.162  1486  4341 D WindowManager: captureDisplay
[2026-06-14T10:15:16.956Z] [ALL] 06-14 15:45:17.162  1486  4341 I SurfaceComposerClient: captureLayers:childrenOnly:1, sync:0
[2026-06-14T10:15:16.964Z] [ALL] 06-14 15:45:17.169  1149  1661 I SurfaceFlinger: Capture layer list: 	 com.safebank.ai/com.safebank.ai.MainActivity$_19655#104730(preserveDisplayColors:0)
[2026-06-14T10:15:16.964Z] [ALL] 06-14 15:45:17.169  1149  1661 I SurfaceFlinger: Capture layer list: 	 StatusBar$_2112#94(preserveDisplayColors:0)
[2026-06-14T10:15:16.964Z] [ALL] 06-14 15:45:17.169  1149  1661 I SurfaceFlinger: Capture layer list: 	 com.sec.android.app.launcher/com.samsung.app.honeyspace.edge.edgepanel.app.CocktailBarService$_2619#103972(preserveDisplayColors:0)
[2026-06-14T10:15:16.964Z] [ALL] 06-14 15:45:17.169  1149  1661 I SurfaceFlinger: Capture layer list: 	 NavigationBar0$_2112#90(preserveDisplayColors:0)
[2026-06-14T10:15:16.967Z] [ALL] 06-14 15:45:17.172  1149  1201 D SurfaceFlinger: [SEC_SF_EFFECTS] drawLayersInternal,1348, Rendering layer ScreenCaptureFillLayer at index 0
[2026-06-14T10:15:16.967Z] [ALL] 06-14 15:45:17.172  1149  1201 D SurfaceFlinger: [SEC_SF_EFFECTS] drawLayersInternal,1348, Rendering layer com.safebank.ai/com.safebank.ai.MainActivity$_19655#104730 at index 1
[2026-06-14T10:15:16.967Z] [ALL] 06-14 15:45:17.173  1149  1201 D SurfaceFlinger: [SEC_SF_EFFECTS] drawLayersInternal,1348, Rendering layer StatusBar$_2112#94 at index 2
[2026-06-14T10:15:16.967Z] [ALL] 06-14 15:45:17.173  1149  1201 D SurfaceFlinger: [SEC_SF_EFFECTS] drawLayersInternal,1348, Rendering layer com.sec.android.app.launcher/com.samsung.app.honeyspace.edge.edgepanel.app.CocktailBarService$_2619#103972 at index 3
[2026-06-14T10:15:16.967Z] [ALL] 06-14 15:45:17.173  1149  1201 D SurfaceFlinger: [SEC_SF_EFFECTS] drawLayersInternal,1348, Rendering layer NavigationBar0$_2112#90 at index 4
[2026-06-14T10:15:16.990Z] [ALL] 06-14 15:45:17.193   747   747 D io_stats: !@   8,0 r 80542719 1588806929 w 12770931 208968628 d 4240395 260181972 f 0 1114432 iot 28911888 0 th 0 0 0 pt 0 inp 0 0 182928.501
[2026-06-14T10:15:16.990Z] [ALL] 06-14 15:45:17.194   747   747 D io_stats: !@ Read_top(KB): ndroid.systemui(2112) 6212 fice.powerpoint(29340) 3528 stagram.android(20111) 2296
[2026-06-14T10:15:16.990Z] [ALL] 06-14 15:45:17.194   747   747 D io_stats: !@ Write_top(KB): f2fs_ckpt-254:5(789) 440 system_server(1486) 152 apido.passenger(29039) 16
[2026-06-14T10:15:17.021Z] [ALL] 06-14 15:45:17.227  4132  4132 I SDHMS:LOAD: type: LoadsFreqs, value: 7:0:9:862079:1728000:576000:1232639:1728000:576000:236:303:0
[2026-06-14T10:15:17.058Z] [ALL] 06-14 15:45:17.263  1486  4341 D WindowManager: captureDisplay
[2026-06-14T10:15:17.058Z] [ALL] 06-14 15:45:17.263  1486  4341 I SurfaceComposerClient: captureLayers:childrenOnly:1, sync:0
[2026-06-14T10:15:17.062Z] [ALL] 06-14 15:45:17.269  1149  1661 I SurfaceFlinger: Capture layer list: 	 com.safebank.ai/com.safebank.ai.MainActivity$_19655#104730(preserveDisplayColors:0)
[2026-06-14T10:15:17.067Z] [ALL] 06-14 15:45:17.269  1149  1661 I SurfaceFlinger: Capture layer list: 	 StatusBar$_2112#94(preserveDisplayColors:0)
[2026-06-14T10:15:17.067Z] [ALL] 06-14 15:45:17.269  1149  1661 I SurfaceFlinger: Capture layer list: 	 com.sec.android.app.launcher/com.samsung.app.honeyspace.edge.edgepanel.app.CocktailBarService$_2619#103972(preserveDisplayColors:0)
[2026-06-14T10:15:17.067Z] [ALL] 06-14 15:45:17.269  1149  1661 I SurfaceFlinger: Capture layer list: 	 NavigationBar0$_2112#90(preserveDisplayColors:0)
[2026-06-14T10:15:17.067Z] [ALL] 06-14 15:45:17.271  1149  1201 D SurfaceFlinger: [SEC_SF_EFFECTS] drawLayersInternal,1348, Rendering layer ScreenCaptureFillLayer at index 0
[2026-06-14T10:15:17.067Z] [ALL] 06-14 15:45:17.271  1149  1201 D SurfaceFlinger: [SEC_SF_EFFECTS] drawLayersInternal,1348, Rendering layer com.safebank.ai/com.safebank.ai.MainActivity$_19655#104730 at index 1
[2026-06-14T10:15:17.067Z] [ALL] 06-14 15:45:17.271  1149  1201 D SurfaceFlinger: [SEC_SF_EFFECTS] drawLayersInternal,1348, Rendering layer StatusBar$_2112#94 at index 2
[2026-06-14T10:15:17.067Z] [ALL] 06-14 15:45:17.271  1149  1201 D SurfaceFlinger: [SEC_SF_EFFECTS] drawLayersInternal,1348, Rendering layer com.sec.android.app.launcher/com.samsung.app.honeyspace.edge.edgepanel.app.CocktailBarService$_2619#103972 at index 3
[2026-06-14T10:15:17.067Z] [ALL] 06-14 15:45:17.272  1149  1201 D SurfaceFlinger: [SEC_SF_EFFECTS] drawLayersInternal,1348, Rendering layer NavigationBar0$_2112#90 at index 4
[2026-06-14T10:15:17.140Z] [ALL] 06-14 15:45:17.320  1486  1651 D ActivityManager: freezing 29039 com.rapido.passenger
[2026-06-14T10:15:17.140Z] [ALL] 06-14 15:45:17.333 19463 19503 I appium  : channel read: POST /session/ed6c8e2c-e5c1-4b65-b4bf-728310f0e26e/element
[2026-06-14T10:15:17.141Z] [ALL] 06-14 15:45:17.334 19463 19503 I appium  : FindElement command
[2026-06-14T10:15:17.141Z] [ALL] 06-14 15:45:17.335 19463 19503 I appium  : method: 'xpath', selector: '//*[contains(@resource-id, "otp_toggle_btn") or @content-desc="otp_toggle_btn"]'
[2026-06-14T10:15:17.141Z] [ALL] 06-14 15:45:17.335 19463 19503 I appium  : Waiting up to 10000ms for the device to idle
[2026-06-14T10:15:17.141Z] [ALL] 06-14 15:45:17.336 19463 19503 I appium  : The following attributes will be included to the page source: [resource-id, content-desc]
[2026-06-14T10:15:17.173Z] [ALL] 06-14 15:45:17.340  1486  1741 D InetDiagMessage: Destroyed 0 sockets, proto=IPPROTO_TCP, family=AF_INET, states=14
[2026-06-14T10:15:17.173Z] [ALL] 06-14 15:45:17.343  1486  1741 D InetDiagMessage: Destroyed 0 sockets, proto=IPPROTO_TCP, family=AF_INET6, states=14
[2026-06-14T10:15:17.173Z] [ALL] 06-14 15:45:17.343  1486  1741 D InetDiagMessage: Destroyed live tcp sockets for uids={10385} in 5ms
[2026-06-14T10:15:17.173Z] [ALL] 06-14 15:45:17.345  1486  1741 D ConnectivityService: Freezing callbacks for UID 10385
[2026-06-14T10:15:17.182Z] [ALL] 06-14 15:45:17.364  1486  4341 D WindowManager: captureDisplay
[2026-06-14T10:15:17.182Z] [ALL] 06-14 15:45:17.365  1486  4341 I SurfaceComposerClient: captureLayers:childrenOnly:1, sync:0
[2026-06-14T10:15:17.182Z] [ALL] 06-14 15:45:17.370  1149  1661 I SurfaceFlinger: Capture layer list: 	 com.safebank.ai/com.safebank.ai.MainActivity$_19655#104730(preserveDisplayColors:0)
[2026-06-14T10:15:17.183Z] [ALL] 06-14 15:45:17.370  1149  1661 I SurfaceFlinger: Capture layer list: 	 StatusBar$_2112#94(preserveDisplayColors:0)
[2026-06-14T10:15:17.183Z] [ALL] 06-14 15:45:17.370  1149  1661 I SurfaceFlinger: Capture layer list: 	 com.sec.android.app.launcher/com.samsung.app.honeyspace.edge.edgepanel.app.CocktailBarService$_2619#103972(preserveDisplayColors:0)
[2026-06-14T10:15:17.183Z] [ALL] 06-14 15:45:17.370  1149  1661 I SurfaceFlinger: Capture layer list: 	 NavigationBar0$_2112#90(preserveDisplayColors:0)
[2026-06-14T10:15:17.183Z] [ALL] 06-14 15:45:17.373  1149  1201 D SurfaceFlinger: [SEC_SF_EFFECTS] drawLayersInternal,1348, Rendering layer ScreenCaptureFillLayer at index 0
[2026-06-14T10:15:17.183Z] [ALL] 06-14 15:45:17.373  1149  1201 D SurfaceFlinger: [SEC_SF_EFFECTS] drawLayersInternal,1348, Rendering layer com.safebank.ai/com.safebank.ai.MainActivity$_19655#104730 at index 1
[2026-06-14T10:15:17.183Z] [ALL] 06-14 15:45:17.373  1149  1201 D SurfaceFlinger: [SEC_SF_EFFECTS] drawLayersInternal,1348, Rendering layer StatusBar$_2112#94 at index 2
[2026-06-14T10:15:17.183Z] [ALL] 06-14 15:45:17.373  1149  1201 D SurfaceFlinger: [SEC_SF_EFFECTS] drawLayersInternal,1348, Rendering layer com.sec.android.app.launcher/com.samsung.app.honeyspace.edge.edgepanel.app.CocktailBarService$_2619#103972 at index 3
[2026-06-14T10:15:17.183Z] [ALL] 06-14 15:45:17.373  1149  1201 D SurfaceFlinger: [SEC_SF_EFFECTS] drawLayersInternal,1348, Rendering layer NavigationBar0$_2112#90 at index 4
[2026-06-14T10:15:17.266Z] [ALL] 06-14 15:45:17.464  1486  4341 D WindowManager: captureDisplay
[2026-06-14T10:15:17.268Z] [ALL] 06-14 15:45:17.465  1486  4341 I SurfaceComposerClient: captureLayers:childrenOnly:1, sync:0
[2026-06-14T10:15:17.268Z] [ALL] 06-14 15:45:17.469  1149  1661 I SurfaceFlinger: Capture layer list: 	 com.safebank.ai/com.safebank.ai.MainActivity$_19655#104730(preserveDisplayColors:0)
[2026-06-14T10:15:17.268Z] [ALL] 06-14 15:45:17.469  1149  1661 I SurfaceFlinger: Capture layer list: 	 StatusBar$_2112#94(preserveDisplayColors:0)
[2026-06-14T10:15:17.268Z] [ALL] 06-14 15:45:17.469  1149  1661 I SurfaceFlinger: Capture layer list: 	 com.sec.android.app.launcher/com.samsung.app.honeyspace.edge.edgepanel.app.CocktailBarService$_2619#103972(preserveDisplayColors:0)
[2026-06-14T10:15:17.268Z] [ALL] 06-14 15:45:17.469  1149  1661 I SurfaceFlinger: Capture layer list: 	 NavigationBar0$_2112#90(preserveDisplayColors:0)
[2026-06-14T10:15:17.268Z] [ALL] 06-14 15:45:17.472  1149  1201 D SurfaceFlinger: [SEC_SF_EFFECTS] drawLayersInternal,1348, Rendering layer ScreenCaptureFillLayer at index 0
[2026-06-14T10:15:17.268Z] [ALL] 06-14 15:45:17.472  1149  1201 D SurfaceFlinger: [SEC_SF_EFFECTS] drawLayersInternal,1348, Rendering layer com.safebank.ai/com.safebank.ai.MainActivity$_19655#104730 at index 1
[2026-06-14T10:15:17.268Z] [ALL] 06-14 15:45:17.472  1149  1201 D SurfaceFlinger: [SEC_SF_EFFECTS] drawLayersInternal,1348, Rendering layer StatusBar$_2112#94 at index 2
[2026-06-14T10:15:17.268Z] [ALL] 06-14 15:45:17.472  1149  1201 D SurfaceFlinger: [SEC_SF_EFFECTS] drawLayersInternal,1348, Rendering layer com.sec.android.app.launcher/com.samsung.app.honeyspace.edge.edgepanel.app.CocktailBarService$_2619#103972 at index 3
[2026-06-14T10:15:17.268Z] [ALL] 06-14 15:45:17.472  1149  1201 D SurfaceFlinger: [SEC_SF_EFFECTS] drawLayersInternal,1348, Rendering layer NavigationBar0$_2112#90 at index 4
[2026-06-14T10:15:17.284Z] [ALL] 06-14 15:45:17.482 19463 19503 I appium  : Took 0ms to retrieve 0 matches for '//*[contains(@resource-id, "otp_toggle_btn") or @content-desc="otp_toggle_btn"]' XPath2 query
[2026-06-14T10:15:17.284Z] [ALL] 06-14 15:45:17.484 19463 19503 I appium  : AppiumResponse: {"sessionId":"ed6c8e2c-e5c1-4b65-b4bf-728310f0e26e","value":{"error":"no such element","message":"An element could not be located on the page using the given search parameters","stacktrace":"io.appium.uiautomator2.common.exceptions.ElementNotFoundException: An element could not be located on the page using the given search parameters\n\tat io.appium.uiautomator2.utils.ElementLocationHelpers.findElement(ElementLocationHelpers.java:153)\n\tat io.appium.uiautomator2.handler.FindElement.safeHandle(FindElement.java:60)\n\tat io.appium.uiautomator2.handler.request.SafeRequestHandler.handle(SafeRequestHandler.java:59)\n\tat io.appium.uiautomator2.server.AppiumServlet.handleRequest(AppiumServlet.java:267)\n\tat io.appium.uiautomator2.server.AppiumServlet.handleHttpRequest(AppiumServlet.java:261)\n\tat io.appium.uiautomator2.http.ServerHandler.channelRead(ServerHandler.java:77)\n\tat io.netty.channel.AbstractChannelHandlerContext.fireChannelRead(AbstractChannelHandlerContext.java:357)\n\tat io.netty.handler.codec.MessageToMessageDecoder.channelRead(MessageToMessageDecoder.java:107)\n\tat io.netty.channel.AbstractChannelHandlerContext.fireChannelRead(AbstractChannelHandlerContext.java:357)\n\tat io.netty.channel.CombinedChannelDuplexHandler$DelegatingChannelHandlerContext.fireChannelRead(CombinedChannelDuplexHandler.java:434)\n\tat io.netty.handler.codec.ByteToMessageDecoder.fireChannelRead(ByteToMessageDecoder.java:361)\n\tat io.netty.handler.codec.ByteToMessageDecoder.channelRead(ByteToMessageDecoder.java:325)\n\tat io.netty.channel.CombinedChannelDuplexHandler.channelRead(CombinedChannelDuplexHandler.java:249)\n\tat io.netty.channel.AbstractChannelHandlerContext.fireChannelRead(AbstractChannelHandlerContext.java:355)\n\tat io.netty.handler.timeout.IdleStateHandler.channelRead(IdleStateHandler.java:288)\n\tat io.netty.channel.AbstractChannelHandlerContext.fireChannelRead(AbstractChannelHandlerContext.java:355)\n\tat io.netty.channel.DefaultChannelPipeline$HeadContext.channelRead(DefaultChannelPipeline.java:1429)\n\tat io.netty.channel.DefaultChannelPipeline.fireChannelRead(DefaultChannelPipeline.java:918)\n\tat io.netty.channel.nio.AbstractNioByteChannel$NioByteUnsafe.read(AbstractNioByteChannel.java:176)\n\tat io.netty.channel.nio.AbstractNioChannel$AbstractNioUnsafe.handle(AbstractNioChannel.java:445)\n\tat io.netty.channel.nio.NioIoHandler$DefaultNioRegistration.handle(NioIoHandler.java:388)\n\tat io.netty.channel.nio.NioIoHandler.processSelectedKey(NioIoHandler.java:596)\n\tat io.netty.channel.nio.NioIoHandler.processSelectedKeysOptimized(NioIoHandler.java:571)\n\tat io.netty.channel.nio.NioIoHandler.processSelectedKeys(NioIoHandler.java:512)\n\tat io.netty.channel.nio.NioIoHandler.run(NioIoHandler.java:484)\n\tat io.netty.channel.SingleThreadIoEventLoop.runIo(SingleThreadIoEventLoop.java:225)\n\tat io.netty.channel.SingleThreadIoEventLoop.run(SingleThreadIoEventLoop.java:196)\n\tat io.netty.util.concurrent.SingleThreadEventExecutor$5.run(SingleThreadEventExecutor.java:1195)\n\tat io.netty.util.internal.ThreadExecutorMap$2.run(ThreadExecutorMap.java:74)\n\tat io.netty.util.concurrent.FastThreadLocalRunnable.run(FastThreadLocalRunnable.java:30)\n\tat java.lang.Thread.run(Thread.java:1564)\n"}}
[2026-06-14T10:15:17.360Z] [ALL] 06-14 15:45:17.565  1486  4341 D WindowManager: captureDisplay
[2026-06-14T10:15:17.361Z] [ALL] 06-14 15:45:17.565  1486  4341 I SurfaceComposerClient: captureLayers:childrenOnly:1, sync:0
[2026-06-14T10:15:17.364Z] [ALL] 06-14 15:45:17.570  1149  1661 I SurfaceFlinger: Capture layer list: 	 com.safebank.ai/com.safebank.ai.MainActivity$_19655#104730(preserveDisplayColors:0)
[2026-06-14T10:15:17.365Z] [ALL] 06-14 15:45:17.570  1149  1661 I SurfaceFlinger: Capture layer list: 	 StatusBar$_2112#94(preserveDisplayColors:0)
[2026-06-14T10:15:17.366Z] [ALL] 06-14 15:45:17.570  1149  1661 I SurfaceFlinger: Capture layer list: 	 com.sec.android.app.launcher/com.samsung.app.honeyspace.edge.edgepanel.app.CocktailBarService$_2619#103972(preserveDisplayColors:0)
[2026-06-14T10:15:17.366Z] [ALL] 06-14 15:45:17.570  1149  1661 I SurfaceFlinger: Capture layer list: 	 NavigationBar0$_2112#90(preserveDisplayColors:0)
[2026-06-14T10:15:17.367Z] [ALL] 06-14 15:45:17.573  1149  1201 D SurfaceFlinger: [SEC_SF_EFFECTS] drawLayersInternal,1348, Rendering layer ScreenCaptureFillLayer at index 0
[2026-06-14T10:15:17.367Z] [ALL] 06-14 15:45:17.573  1149  1201 D SurfaceFlinger: [SEC_SF_EFFECTS] drawLayersInternal,1348, Rendering layer com.safebank.ai/com.safebank.ai.MainActivity$_19655#104730 at index 1
[2026-06-14T10:15:17.367Z] [ALL] 06-14 15:45:17.573  1149  1201 D SurfaceFlinger: [SEC_SF_EFFECTS] drawLayersInternal,1348, Rendering layer StatusBar$_2112#94 at index 2
[2026-06-14T10:15:17.367Z] [ALL] 06-14 15:45:17.573  1149  1201 D SurfaceFlinger: [SEC_SF_EFFECTS] drawLayersInternal,1348, Rendering layer com.sec.android.app.launcher/com.samsung.app.honeyspace.edge.edgepanel.app.CocktailBarService$_2619#103972 at index 3
[2026-06-14T10:15:17.367Z] [ALL] 06-14 15:45:17.574  1149  1201 D SurfaceFlinger: [SEC_SF_EFFECTS] drawLayersInternal,1348, Rendering layer NavigationBar0$_2112#90 at index 4
[2026-06-14T10:15:17.466Z] [ALL] 06-14 15:45:17.666  1486  2158 I ActivityManager: Changes in 10470 11 to 19, 384 to 0
[2026-06-14T10:15:17.466Z] [ALL] 06-14 15:45:17.669  1486  1526 I ActivityManager: Changes in 10470 19 to 11, 0 to 384
[2026-06-14T10:15:17.468Z] [ALL] 06-14 15:45:17.673  1486  4341 D WindowManager: captureDisplay
[2026-06-14T10:15:17.470Z] [ALL] 06-14 15:45:17.674  1486  4341 I SurfaceComposerClient: captureLayers:childrenOnly:1, sync:0
[2026-06-14T10:15:17.470Z] [ALL] 06-14 15:45:17.675  1149  1280 I SurfaceFlinger: Current= 60, Period= 60, hwcPeriod= 60
[2026-06-14T10:15:17.472Z] [ALL] 06-14 15:45:17.679  1149  1661 I SurfaceFlinger: Capture layer list: 	 com.safebank.ai/com.safebank.ai.MainActivity$_19655#104730(preserveDisplayColors:0)
[2026-06-14T10:15:17.472Z] [ALL] 06-14 15:45:17.679  1149  1661 I SurfaceFlinger: Capture layer list: 	 StatusBar$_2112#94(preserveDisplayColors:0)
[2026-06-14T10:15:17.475Z] [ALL] 06-14 15:45:17.679  1149  1661 I SurfaceFlinger: Capture layer list: 	 com.sec.android.app.launcher/com.samsung.app.honeyspace.edge.edgepanel.app.CocktailBarService$_2619#103972(preserveDisplayColors:0)
[2026-06-14T10:15:17.475Z] [ALL] 06-14 15:45:17.679  1149  1661 I SurfaceFlinger: Capture layer list: 	 NavigationBar0$_2112#90(preserveDisplayColors:0)
[2026-06-14T10:15:17.477Z] [ALL] 06-14 15:45:17.682  1149  1201 D SurfaceFlinger: [SEC_SF_EFFECTS] drawLayersInternal,1348, Rendering layer ScreenCaptureFillLayer at index 0
[2026-06-14T10:15:17.477Z] [ALL] 06-14 15:45:17.682  1149  1201 D SurfaceFlinger: [SEC_SF_EFFECTS] drawLayersInternal,1348, Rendering layer com.safebank.ai/com.safebank.ai.MainActivity$_19655#104730 at index 1
[2026-06-14T10:15:17.477Z] [ALL] 06-14 15:45:17.682  1149  1201 D SurfaceFlinger: [SEC_SF_EFFECTS] drawLayersInternal,1348, Rendering layer StatusBar$_2112#94 at index 2
[2026-06-14T10:15:17.477Z] [ALL] 06-14 15:45:17.682  1149  1201 D SurfaceFlinger: [SEC_SF_EFFECTS] drawLayersInternal,1348, Rendering layer com.sec.android.app.launcher/com.samsung.app.honeyspace.edge.edgepanel.app.CocktailBarService$_2619#103972 at index 3
[2026-06-14T10:15:17.480Z] [ALL] 06-14 15:45:17.682  1149  1201 D SurfaceFlinger: [SEC_SF_EFFECTS] drawLayersInternal,1348, Rendering layer NavigationBar0$_2112#90 at index 4
[2026-06-14T10:15:17.559Z] [ALL] 06-14 15:45:17.765  1486  4341 D WindowManager: captureDisplay
[2026-06-14T10:15:17.561Z] [ALL] 06-14 15:45:17.765  1486  4341 I SurfaceComposerClient: captureLayers:childrenOnly:1, sync:0
[2026-06-14T10:15:17.562Z] [ALL] 06-14 15:45:17.770  1149  1661 I SurfaceFlinger: Capture layer list: 	 com.safebank.ai/com.safebank.ai.MainActivity$_19655#104730(preserveDisplayColors:0)
[2026-06-14T10:15:17.564Z] [ALL] 06-14 15:45:17.770  1149  1661 I SurfaceFlinger: Capture layer list: 	 StatusBar$_2112#94(preserveDisplayColors:0)
[2026-06-14T10:15:17.565Z] [ALL] 06-14 15:45:17.770  1149  1661 I SurfaceFlinger: Capture layer list: 	 com.sec.android.app.launcher/com.samsung.app.honeyspace.edge.edgepanel.app.CocktailBarService$_2619#103972(preserveDisplayColors:0)
[2026-06-14T10:15:17.566Z] [ALL] 06-14 15:45:17.770  1149  1661 I SurfaceFlinger: Capture layer list: 	 NavigationBar0$_2112#90(preserveDisplayColors:0)
[2026-06-14T10:15:17.566Z] [ALL] 06-14 15:45:17.772  1149  1201 D SurfaceFlinger: [SEC_SF_EFFECTS] drawLayersInternal,1348, Rendering layer ScreenCaptureFillLayer at index 0
[2026-06-14T10:15:17.566Z] [ALL] 06-14 15:45:17.772  1149  1201 D SurfaceFlinger: [SEC_SF_EFFECTS] drawLayersInternal,1348, Rendering layer com.safebank.ai/com.safebank.ai.MainActivity$_19655#104730 at index 1
[2026-06-14T10:15:17.566Z] [ALL] 06-14 15:45:17.773  1149  1201 D SurfaceFlinger: [SEC_SF_EFFECTS] drawLayersInternal,1348, Rendering layer StatusBar$_2112#94 at index 2
[2026-06-14T10:15:17.569Z] [ALL] 06-14 15:45:17.773  1149  1201 D SurfaceFlinger: [SEC_SF_EFFECTS] drawLayersInternal,1348, Rendering layer com.sec.android.app.launcher/com.samsung.app.honeyspace.edge.edgepanel.app.CocktailBarService$_2619#103972 at index 3
[2026-06-14T10:15:17.571Z] [ALL] 06-14 15:45:17.773  1149  1201 D SurfaceFlinger: [SEC_SF_EFFECTS] drawLayersInternal,1348, Rendering layer NavigationBar0$_2112#90 at index 4
[2026-06-14T10:15:17.623Z] [ALL] 06-14 15:45:17.830  1486  1856 D SemWifiSwitchForIndividualAppsService: isSkipNetworkCondition - result:2
[2026-06-14T10:15:17.659Z] [ALL] 06-14 15:45:17.866  1486  4341 D WindowManager: captureDisplay
[2026-06-14T10:15:17.660Z] [ALL] 06-14 15:45:17.866  1486  4341 I SurfaceComposerClient: captureLayers:childrenOnly:1, sync:0
[2026-06-14T10:15:17.665Z] [ALL] 06-14 15:45:17.872  1149  1661 I SurfaceFlinger: Capture layer list: 	 com.safebank.ai/com.safebank.ai.MainActivity$_19655#104730(preserveDisplayColors:0)
[2026-06-14T10:15:17.667Z] [ALL] 06-14 15:45:17.872  1149  1661 I SurfaceFlinger: Capture layer list: 	 StatusBar$_2112#94(preserveDisplayColors:0)
[2026-06-14T10:15:17.667Z] [ALL] 06-14 15:45:17.872  1149  1661 I SurfaceFlinger: Capture layer list: 	 com.sec.android.app.launcher/com.samsung.app.honeyspace.edge.edgepanel.app.CocktailBarService$_2619#103972(preserveDisplayColors:0)
[2026-06-14T10:15:17.667Z] [ALL] 06-14 15:45:17.872  1149  1661 I SurfaceFlinger: Capture layer list: 	 NavigationBar0$_2112#90(preserveDisplayColors:0)
[2026-06-14T10:15:17.668Z] [ALL] 06-14 15:45:17.874  1149  1201 D SurfaceFlinger: [SEC_SF_EFFECTS] drawLayersInternal,1348, Rendering layer ScreenCaptureFillLayer at index 0
[2026-06-14T10:15:17.668Z] [ALL] 06-14 15:45:17.874  1149  1201 D SurfaceFlinger: [SEC_SF_EFFECTS] drawLayersInternal,1348, Rendering layer com.safebank.ai/com.safebank.ai.MainActivity$_19655#104730 at index 1
[2026-06-14T10:15:17.668Z] [ALL] 06-14 15:45:17.874  1149  1201 D SurfaceFlinger: [SEC_SF_EFFECTS] drawLayersInternal,1348, Rendering layer StatusBar$_2112#94 at index 2
[2026-06-14T10:15:17.668Z] [ALL] 06-14 15:45:17.874  1149  1201 D SurfaceFlinger: [SEC_SF_EFFECTS] drawLayersInternal,1348, Rendering layer com.sec.android.app.launcher/com.samsung.app.honeyspace.edge.edgepanel.app.CocktailBarService$_2619#103972 at index 3
[2026-06-14T10:15:17.669Z] [ALL] 06-14 15:45:17.874  1149  1201 D SurfaceFlinger: [SEC_SF_EFFECTS] drawLayersInternal,1348, Rendering layer NavigationBar0$_2112#90 at index 4
[2026-06-14T10:15:17.676Z] [ALL] 06-14 15:45:17.882  5214  5214 D BoundBrokerSvc: onUnbind: Intent { act=com.google.android.gms.time.trustedtime.singleuserapi.service.START dat=chimera-action:/... xflg=0x4 cmp=com.google.android.gms/.chimera.PersistentSingleUserInternalApiService }
[2026-06-14T10:15:17.731Z] [ALL] 06-14 15:45:17.937  5214  5214 D BoundBrokerSvc: onUnbind: Intent { act=com.google.android.gms.time.trustedtime.service.START dat=chimera-action:/... xflg=0x4 cmp=com.google.android.gms/.chimera.PersistentDirectBootAwareApiService }
[2026-06-14T10:15:17.759Z] [ALL] 06-14 15:45:17.966  1486  4341 D WindowManager: captureDisplay
[2026-06-14T10:15:17.761Z] [ALL] 06-14 15:45:17.966  1486  4341 I SurfaceComposerClient: captureLayers:childrenOnly:1, sync:0
[2026-06-14T10:15:17.768Z] [ALL] 06-14 15:45:17.972  1149  1661 I SurfaceFlinger: Capture layer list: 	 com.safebank.ai/com.safebank.ai.MainActivity$_19655#104730(preserveDisplayColors:0)
[2026-06-14T10:15:17.768Z] [ALL] 06-14 15:45:17.972  1149  1661 I SurfaceFlinger: Capture layer list: 	 StatusBar$_2112#94(preserveDisplayColors:0)
[2026-06-14T10:15:17.768Z] [ALL] 06-14 15:45:17.972  1149  1661 I SurfaceFlinger: Capture layer list: 	 com.sec.android.app.launcher/com.samsung.app.honeyspace.edge.edgepanel.app.CocktailBarService$_2619#103972(preserveDisplayColors:0)
[2026-06-14T10:15:17.768Z] [ALL] 06-14 15:45:17.972  1149  1661 I SurfaceFlinger: Capture layer list: 	 NavigationBar0$_2112#90(preserveDisplayColors:0)
[2026-06-14T10:15:17.768Z] [ALL] 06-14 15:45:17.974  1149  1201 D SurfaceFlinger: [SEC_SF_EFFECTS] drawLayersInternal,1348, Rendering layer ScreenCaptureFillLayer at index 0
[2026-06-14T10:15:17.768Z] [ALL] 06-14 15:45:17.974  1149  1201 D SurfaceFlinger: [SEC_SF_EFFECTS] drawLayersInternal,1348, Rendering layer com.safebank.ai/com.safebank.ai.MainActivity$_19655#104730 at index 1
[2026-06-14T10:15:17.772Z] [ALL] 06-14 15:45:17.974  1149  1201 D SurfaceFlinger: [SEC_SF_EFFECTS] drawLayersInternal,1348, Rendering layer StatusBar$_2112#94 at index 2
[2026-06-14T10:15:17.773Z] [ALL] 06-14 15:45:17.974  1149  1201 D SurfaceFlinger: [SEC_SF_EFFECTS] drawLayersInternal,1348, Rendering layer com.sec.android.app.launcher/com.samsung.app.honeyspace.edge.edgepanel.app.CocktailBarService$_2619#103972 at index 3
[2026-06-14T10:15:17.773Z] [ALL] 06-14 15:45:17.974  1149  1201 D SurfaceFlinger: [SEC_SF_EFFECTS] drawLayersInternal,1348, Rendering layer NavigationBar0$_2112#90 at index 4
[2026-06-14T10:15:17.797Z] [ALL] 06-14 15:45:18.005 19463 19503 I appium  : channel read: POST /session/ed6c8e2c-e5c1-4b65-b4bf-728310f0e26e/element
[2026-06-14T10:15:17.799Z] [ALL] 06-14 15:45:18.006 19463 19503 I appium  : FindElement command
[2026-06-14T10:15:17.800Z] [ALL] 06-14 15:45:18.007 19463 19503 I appium  : method: 'xpath', selector: '//*[contains(@resource-id, "otp_toggle_btn") or @content-desc="otp_toggle_btn"]'
[2026-06-14T10:15:17.800Z] [ALL] 06-14 15:45:18.007 19463 19503 I appium  : Waiting up to 10000ms for the device to idle
[2026-06-14T10:15:17.800Z] [ALL] 06-14 15:45:18.009 19463 19503 I appium  : The following attributes will be included to the page source: [resource-id, content-desc]
[2026-06-14T10:15:17.806Z] [ALL] 06-14 15:45:18.012 19463 19467 I tomator2.server: Method exceeds compiler instruction limit: 19260 in java_cup.runtime.Symbol org.eclipse.wst.xml.xpath2.processor.internal.CUP$XPathCup$actions.CUP$XPathCup$do_action(int, java_cup.runtime.lr_parser, java.util.Stack, int)
[2026-06-14T10:15:17.859Z] [ALL] 06-14 15:45:18.066  1486  4341 D WindowManager: captureDisplay
[2026-06-14T10:15:17.859Z] [ALL] 06-14 15:45:18.066  1486  4341 I SurfaceComposerClient: captureLayers:childrenOnly:1, sync:0
[2026-06-14T10:15:17.863Z] [ALL] 06-14 15:45:18.069  1149  1661 I SurfaceFlinger: Capture layer list: 	 com.safebank.ai/com.safebank.ai.MainActivity$_19655#104730(preserveDisplayColors:0)
[2026-06-14T10:15:17.863Z] [ALL] 06-14 15:45:18.069  1149  1661 I SurfaceFlinger: Capture layer list: 	 StatusBar$_2112#94(preserveDisplayColors:0)
[2026-06-14T10:15:17.863Z] [ALL] 06-14 15:45:18.069  1149  1661 I SurfaceFlinger: Capture layer list: 	 com.sec.android.app.launcher/com.samsung.app.honeyspace.edge.edgepanel.app.CocktailBarService$_2619#103972(preserveDisplayColors:0)
[2026-06-14T10:15:17.863Z] [ALL] 06-14 15:45:18.069  1149  1661 I SurfaceFlinger: Capture layer list: 	 NavigationBar0$_2112#90(preserveDisplayColors:0)
[2026-06-14T10:15:17.865Z] [ALL] 06-14 15:45:18.071  1149  1201 D SurfaceFlinger: [SEC_SF_EFFECTS] drawLayersInternal,1348, Rendering layer ScreenCaptureFillLayer at index 0
[2026-06-14T10:15:17.865Z] [ALL] 06-14 15:45:18.071  1149  1201 D SurfaceFlinger: [SEC_SF_EFFECTS] drawLayersInternal,1348, Rendering layer com.safebank.ai/com.safebank.ai.MainActivity$_19655#104730 at index 1
[2026-06-14T10:15:17.865Z] [ALL] 06-14 15:45:18.071  1149  1201 D SurfaceFlinger: [SEC_SF_EFFECTS] drawLayersInternal,1348, Rendering layer StatusBar$_2112#94 at index 2
[2026-06-14T10:15:17.865Z] [ALL] 06-14 15:45:18.071  1149  1201 D SurfaceFlinger: [SEC_SF_EFFECTS] drawLayersInternal,1348, Rendering layer com.sec.android.app.launcher/com.samsung.app.honeyspace.edge.edgepanel.app.CocktailBarService$_2619#103972 at index 3
[2026-06-14T10:15:17.865Z] [ALL] 06-14 15:45:18.071  1149  1201 D SurfaceFlinger: [SEC_SF_EFFECTS] drawLayersInternal,1348, Rendering layer NavigationBar0$_2112#90 at index 4
[2026-06-14T10:15:17.883Z] [ALL] 06-14 15:45:18.090 19463 19503 I appium  : Took 0ms to retrieve 0 matches for '//*[contains(@resource-id, "otp_toggle_btn") or @content-desc="otp_toggle_btn"]' XPath2 query
[2026-06-14T10:15:17.884Z] [ALL] 06-14 15:45:18.091 19463 19503 I appium  : AppiumResponse: {"sessionId":"ed6c8e2c-e5c1-4b65-b4bf-728310f0e26e","value":{"error":"no such element","message":"An element could not be located on the page using the given search parameters","stacktrace":"io.appium.uiautomator2.common.exceptions.ElementNotFoundException: An element could not be located on the page using the given search parameters\n\tat io.appium.uiautomator2.utils.ElementLocationHelpers.findElement(ElementLocationHelpers.java:153)\n\tat io.appium.uiautomator2.handler.FindElement.safeHandle(FindElement.java:60)\n\tat io.appium.uiautomator2.handler.request.SafeRequestHandler.handle(SafeRequestHandler.java:59)\n\tat io.appium.uiautomator2.server.AppiumServlet.handleRequest(AppiumServlet.java:267)\n\tat io.appium.uiautomator2.server.AppiumServlet.handleHttpRequest(AppiumServlet.java:261)\n\tat io.appium.uiautomator2.http.ServerHandler.channelRead(ServerHandler.java:77)\n\tat io.netty.channel.AbstractChannelHandlerContext.fireChannelRead(AbstractChannelHandlerContext.java:357)\n\tat io.netty.handler.codec.MessageToMessageDecoder.channelRead(MessageToMessageDecoder.java:107)\n\tat io.netty.channel.AbstractChannelHandlerContext.fireChannelRead(AbstractChannelHandlerContext.java:357)\n\tat io.netty.channel.CombinedChannelDuplexHandler$DelegatingChannelHandlerContext.fireChannelRead(CombinedChannelDuplexHandler.java:434)\n\tat io.netty.handler.codec.ByteToMessageDecoder.fireChannelRead(ByteToMessageDecoder.java:361)\n\tat io.netty.handler.codec.ByteToMessageDecoder.channelRead(ByteToMessageDecoder.java:325)\n\tat io.netty.channel.CombinedChannelDuplexHandler.channelRead(CombinedChannelDuplexHandler.java:249)\n\tat io.netty.channel.AbstractChannelHandlerContext.fireChannelRead(AbstractChannelHandlerContext.java:355)\n\tat io.netty.handler.timeout.IdleStateHandler.channelRead(IdleStateHandler.java:288)\n\tat io.netty.channel.AbstractChannelHandlerContext.fireChannelRead(AbstractChannelHandlerContext.java:355)\n\tat io.netty.channel.DefaultChannelPipeline$HeadContext.channelRead(DefaultChannelPipeline.java:1429)\n\tat io.netty.channel.DefaultChannelPipeline.fireChannelRead(DefaultChannelPipeline.java:918)\n\tat io.netty.channel.nio.AbstractNioByteChannel$NioByteUnsafe.read(AbstractNioByteChannel.java:176)\n\tat io.netty.channel.nio.AbstractNioChannel$AbstractNioUnsafe.handle(AbstractNioChannel.java:445)\n\tat io.netty.channel.nio.NioIoHandler$DefaultNioRegistration.handle(NioIoHandler.java:388)\n\tat io.netty.channel.nio.NioIoHandler.processSelectedKey(NioIoHandler.java:596)\n\tat io.netty.channel.nio.NioIoHandler.processSelectedKeysOptimized(NioIoHandler.java:571)\n\tat io.netty.channel.nio.NioIoHandler.processSelectedKeys(NioIoHandler.java:512)\n\tat io.netty.channel.nio.NioIoHandler.run(NioIoHandler.java:484)\n\tat io.netty.channel.SingleThreadIoEventLoop.runIo(SingleThreadIoEventLoop.java:225)\n\tat io.netty.channel.SingleThreadIoEventLoop.run(SingleThreadIoEventLoop.java:196)\n\tat io.netty.util.concurrent.SingleThreadEventExecutor$5.run(SingleThreadEventExecutor.java:1195)\n\tat io.netty.util.internal.ThreadExecutorMap$2.run(ThreadExecutorMap.java:74)\n\tat io.netty.util.concurrent.FastThreadLocalRunnable.run(FastThreadLocalRunnable.java:30)\n\tat java.lang.Thread.run(Thread.java:1564)\n"}}
[2026-06-14T10:15:17.961Z] [ALL] 06-14 15:45:18.168  1486  2073 D WindowManager: captureDisplay
[2026-06-14T10:15:17.962Z] [ALL] 06-14 15:45:18.168  1486  2073 I SurfaceComposerClient: captureLayers:childrenOnly:1, sync:0
[2026-06-14T10:15:17.967Z] [ALL] 06-14 15:45:18.174  1149  1661 I SurfaceFlinger: Capture layer list: 	 com.safebank.ai/com.safebank.ai.MainActivity$_19655#104730(preserveDisplayColors:0)
[2026-06-14T10:15:17.972Z] [ALL] 06-14 15:45:18.174  1149  1661 I SurfaceFlinger: Capture layer list: 	 StatusBar$_2112#94(preserveDisplayColors:0)
[2026-06-14T10:15:17.972Z] [ALL] 06-14 15:45:18.174  1149  1661 I SurfaceFlinger: Capture layer list: 	 com.sec.android.app.launcher/com.samsung.app.honeyspace.edge.edgepanel.app.CocktailBarService$_2619#103972(preserveDisplayColors:0)
[2026-06-14T10:15:17.972Z] [ALL] 06-14 15:45:18.174  1149  1661 I SurfaceFlinger: Capture layer list: 	 NavigationBar0$_2112#90(preserveDisplayColors:0)
[2026-06-14T10:15:17.974Z] [ALL] 06-14 15:45:18.176  1149  1201 D SurfaceFlinger: [SEC_SF_EFFECTS] drawLayersInternal,1348, Rendering layer ScreenCaptureFillLayer at index 0
[2026-06-14T10:15:17.975Z] [ALL] 06-14 15:45:18.176  1149  1201 D SurfaceFlinger: [SEC_SF_EFFECTS] drawLayersInternal,1348, Rendering layer com.safebank.ai/com.safebank.ai.MainActivity$_19655#104730 at index 1
[2026-06-14T10:15:17.975Z] [ALL] 06-14 15:45:18.176  1149  1201 D SurfaceFlinger: [SEC_SF_EFFECTS] drawLayersInternal,1348, Rendering layer StatusBar$_2112#94 at index 2
[2026-06-14T10:15:17.975Z] [ALL] 06-14 15:45:18.176  1149  1201 D SurfaceFlinger: [SEC_SF_EFFECTS] drawLayersInternal,1348, Rendering layer com.sec.android.app.launcher/com.samsung.app.honeyspace.edge.edgepanel.app.CocktailBarService$_2619#103972 at index 3
[2026-06-14T10:15:17.975Z] [ALL] 06-14 15:45:18.176  1149  1201 D SurfaceFlinger: [SEC_SF_EFFECTS] drawLayersInternal,1348, Rendering layer NavigationBar0$_2112#90 at index 4
[2026-06-14T10:15:18.062Z] [ALL] 06-14 15:45:18.267  1486  2073 D WindowManager: captureDisplay
[2026-06-14T10:15:18.062Z] [ALL] 06-14 15:45:18.267  1486  2073 I SurfaceComposerClient: captureLayers:childrenOnly:1, sync:0
[2026-06-14T10:15:18.067Z] [ALL] 06-14 15:45:18.272  1149  1661 I SurfaceFlinger: Capture layer list: 	 com.safebank.ai/com.safebank.ai.MainActivity$_19655#104730(preserveDisplayColors:0)
[2026-06-14T10:15:18.067Z] [ALL] 06-14 15:45:18.272  1149  1661 I SurfaceFlinger: Capture layer list: 	 StatusBar$_2112#94(preserveDisplayColors:0)
[2026-06-14T10:15:18.067Z] [ALL] 06-14 15:45:18.272  1149  1661 I SurfaceFlinger: Capture layer list: 	 com.sec.android.app.launcher/com.samsung.app.honeyspace.edge.edgepanel.app.CocktailBarService$_2619#103972(preserveDisplayColors:0)
[2026-06-14T10:15:18.067Z] [ALL] 06-14 15:45:18.272  1149  1661 I SurfaceFlinger: Capture layer list: 	 NavigationBar0$_2112#90(preserveDisplayColors:0)
[2026-06-14T10:15:18.070Z] [ALL] 06-14 15:45:18.275  1149  1201 D SurfaceFlinger: [SEC_SF_EFFECTS] drawLayersInternal,1348, Rendering layer ScreenCaptureFillLayer at index 0
[2026-06-14T10:15:18.070Z] [ALL] 06-14 15:45:18.275  1149  1201 D SurfaceFlinger: [SEC_SF_EFFECTS] drawLayersInternal,1348, Rendering layer com.safebank.ai/com.safebank.ai.MainActivity$_19655#104730 at index 1
[2026-06-14T10:15:18.070Z] [ALL] 06-14 15:45:18.275  1149  1201 D SurfaceFlinger: [SEC_SF_EFFECTS] drawLayersInternal,1348, Rendering layer StatusBar$_2112#94 at index 2
[2026-06-14T10:15:18.070Z] [ALL] 06-14 15:45:18.275  1149  1201 D SurfaceFlinger: [SEC_SF_EFFECTS] drawLayersInternal,1348, Rendering layer com.sec.android.app.launcher/com.samsung.app.honeyspace.edge.edgepanel.app.CocktailBarService$_2619#103972 at index 3
[2026-06-14T10:15:18.070Z] [ALL] 06-14 15:45:18.275  1149  1201 D SurfaceFlinger: [SEC_SF_EFFECTS] drawLayersInternal,1348, Rendering layer NavigationBar0$_2112#90 at index 4
[2026-06-14T10:15:18.162Z] [ALL] 06-14 15:45:18.368  1486  2073 D WindowManager: captureDisplay
[2026-06-14T10:15:18.162Z] [ALL] 06-14 15:45:18.368  1486  2073 I SurfaceComposerClient: captureLayers:childrenOnly:1, sync:0
[2026-06-14T10:15:18.172Z] [ALL] 06-14 15:45:18.374  1149  1661 I SurfaceFlinger: Capture layer list: 	 com.safebank.ai/com.safebank.ai.MainActivity$_19655#104730(preserveDisplayColors:0)
[2026-06-14T10:15:18.174Z] [ALL] 06-14 15:45:18.374  1149  1661 I SurfaceFlinger: Capture layer list: 	 StatusBar$_2112#94(preserveDisplayColors:0)
[2026-06-14T10:15:18.174Z] [ALL] 06-14 15:45:18.374  1149  1661 I SurfaceFlinger: Capture layer list: 	 com.sec.android.app.launcher/com.samsung.app.honeyspace.edge.edgepanel.app.CocktailBarService$_2619#103972(preserveDisplayColors:0)
[2026-06-14T10:15:18.174Z] [ALL] 06-14 15:45:18.374  1149  1661 I SurfaceFlinger: Capture layer list: 	 NavigationBar0$_2112#90(preserveDisplayColors:0)
[2026-06-14T10:15:18.174Z] [ALL] 06-14 15:45:18.376  1149  1201 D SurfaceFlinger: [SEC_SF_EFFECTS] drawLayersInternal,1348, Rendering layer ScreenCaptureFillLayer at index 0
[2026-06-14T10:15:18.174Z] [ALL] 06-14 15:45:18.376  1149  1201 D SurfaceFlinger: [SEC_SF_EFFECTS] drawLayersInternal,1348, Rendering layer com.safebank.ai/com.safebank.ai.MainActivity$_19655#104730 at index 1
[2026-06-14T10:15:18.174Z] [ALL] 06-14 15:45:18.376  1149  1201 D SurfaceFlinger: [SEC_SF_EFFECTS] drawLayersInternal,1348, Rendering layer StatusBar$_2112#94 at index 2
[2026-06-14T10:15:18.174Z] [ALL] 06-14 15:45:18.376  1149  1201 D SurfaceFlinger: [SEC_SF_EFFECTS] drawLayersInternal,1348, Rendering layer com.sec.android.app.launcher/com.samsung.app.honeyspace.edge.edgepanel.app.CocktailBarService$_2619#103972 at index 3
[2026-06-14T10:15:18.174Z] [ALL] 06-14 15:45:18.376  1149  1201 D SurfaceFlinger: [SEC_SF_EFFECTS] drawLayersInternal,1348, Rendering layer NavigationBar0$_2112#90 at index 4
[2026-06-14T10:15:18.263Z] [ALL] 06-14 15:45:18.468  1486  2073 D WindowManager: captureDisplay
[2026-06-14T10:15:18.263Z] [ALL] 06-14 15:45:18.469  1486  2073 I SurfaceComposerClient: captureLayers:childrenOnly:1, sync:0
[2026-06-14T10:15:18.276Z] [ALL] 06-14 15:45:18.474  1149  1661 I SurfaceFlinger: Capture layer list: 	 com.safebank.ai/com.safebank.ai.MainActivity$_19655#104730(preserveDisplayColors:0)
[2026-06-14T10:15:18.276Z] [ALL] 06-14 15:45:18.474  1149  1661 I SurfaceFlinger: Capture layer list: 	 StatusBar$_2112#94(preserveDisplayColors:0)
[2026-06-14T10:15:18.276Z] [ALL] 06-14 15:45:18.474  1149  1661 I SurfaceFlinger: Capture layer list: 	 com.sec.android.app.launcher/com.samsung.app.honeyspace.edge.edgepanel.app.CocktailBarService$_2619#103972(preserveDisplayColors:0)
[2026-06-14T10:15:18.276Z] [ALL] 06-14 15:45:18.474  1149  1661 I SurfaceFlinger: Capture layer list: 	 NavigationBar0$_2112#90(preserveDisplayColors:0)
[2026-06-14T10:15:18.278Z] [ALL] 06-14 15:45:18.476  1149  1201 D SurfaceFlinger: [SEC_SF_EFFECTS] drawLayersInternal,1348, Rendering layer ScreenCaptureFillLayer at index 0
[2026-06-14T10:15:18.278Z] [ALL] 06-14 15:45:18.476  1149  1201 D SurfaceFlinger: [SEC_SF_EFFECTS] drawLayersInternal,1348, Rendering layer com.safebank.ai/com.safebank.ai.MainActivity$_19655#104730 at index 1
[2026-06-14T10:15:18.278Z] [ALL] 06-14 15:45:18.476  1149  1201 D SurfaceFlinger: [SEC_SF_EFFECTS] drawLayersInternal,1348, Rendering layer StatusBar$_2112#94 at index 2
[2026-06-14T10:15:18.278Z] [ALL] 06-14 15:45:18.476  1149  1201 D SurfaceFlinger: [SEC_SF_EFFECTS] drawLayersInternal,1348, Rendering layer com.sec.android.app.launcher/com.samsung.app.honeyspace.edge.edgepanel.app.CocktailBarService$_2619#103972 at index 3
[2026-06-14T10:15:18.278Z] [ALL] 06-14 15:45:18.476  1149  1201 D SurfaceFlinger: [SEC_SF_EFFECTS] drawLayersInternal,1348, Rendering layer NavigationBar0$_2112#90 at index 4
[2026-06-14T10:15:18.329Z] [ALL] 06-14 15:45:18.534  1486  1741 D InetDiagMessage: Destroyed 0 sockets, proto=IPPROTO_TCP, family=AF_INET, states=14
[2026-06-14T10:15:18.329Z] [ALL] 06-14 15:45:18.535  1486  1741 D InetDiagMessage: Destroyed 0 sockets, proto=IPPROTO_TCP, family=AF_INET6, states=14
[2026-06-14T10:15:18.329Z] [ALL] 06-14 15:45:18.535  1486  1741 D InetDiagMessage: Destroyed live tcp sockets for uids={10315} in 3ms
[2026-06-14T10:15:18.331Z] [ALL] 06-14 15:45:18.537  1486  1741 D InetDiagMessage: Destroyed 0 sockets, proto=IPPROTO_TCP, family=AF_INET, states=14
[2026-06-14T10:15:18.333Z] [ALL] 06-14 15:45:18.539  1486  1741 D InetDiagMessage: Destroyed 0 sockets, proto=IPPROTO_TCP, family=AF_INET6, states=14
[2026-06-14T10:15:18.333Z] [ALL] 06-14 15:45:18.539  1486  1741 D InetDiagMessage: Destroyed live tcp sockets for uids={20315} in 4ms
[2026-06-14T10:15:18.333Z] [ALL] 06-14 15:45:18.540  1486  1741 D InetDiagMessage: Destroyed 0 sockets, proto=IPPROTO_TCP, family=AF_INET, states=14
[2026-06-14T10:15:18.334Z] [ALL] 06-14 15:45:18.542  1486  1741 D InetDiagMessage: Destroyed 0 sockets, proto=IPPROTO_TCP, family=AF_INET6, states=14
[2026-06-14T10:15:18.334Z] [ALL] 06-14 15:45:18.542  1486  1741 D InetDiagMessage: Destroyed live tcp sockets for uids={15010315} in 3ms
[2026-06-14T10:15:18.336Z] [ALL] 06-14 15:45:18.544  1486  1741 D InetDiagMessage: Destroyed 0 sockets, proto=IPPROTO_TCP, family=AF_INET, states=14
[2026-06-14T10:15:18.338Z] [ALL] 06-14 15:45:18.546  1486  1741 D InetDiagMessage: Destroyed 0 sockets, proto=IPPROTO_TCP, family=AF_INET6, states=14
[2026-06-14T10:15:18.338Z] [ALL] 06-14 15:45:18.546  1486  1741 D InetDiagMessage: Destroyed live tcp sockets for uids={15020315} in 4ms
[2026-06-14T10:15:18.363Z] [ALL] 06-14 15:45:18.569  1486  2073 D WindowManager: captureDisplay
[2026-06-14T10:15:18.363Z] [ALL] 06-14 15:45:18.569  1486  2073 I SurfaceComposerClient: captureLayers:childrenOnly:1, sync:0
[2026-06-14T10:15:18.369Z] [ALL] 06-14 15:45:18.575  1149  1661 I SurfaceFlinger: Capture layer list: 	 com.safebank.ai/com.safebank.ai.MainActivity$_19655#104730(preserveDisplayColors:0)
[2026-06-14T10:15:18.370Z] [ALL] 06-14 15:45:18.575  1149  1661 I SurfaceFlinger: Capture layer list: 	 StatusBar$_2112#94(preserveDisplayColors:0)
[2026-06-14T10:15:18.370Z] [ALL] 06-14 15:45:18.575  1149  1661 I SurfaceFlinger: Capture layer list: 	 com.sec.android.app.launcher/com.samsung.app.honeyspace.edge.edgepanel.app.CocktailBarService$_2619#103972(preserveDisplayColors:0)
[2026-06-14T10:15:18.370Z] [ALL] 06-14 15:45:18.575  1149  1661 I SurfaceFlinger: Capture layer list: 	 NavigationBar0$_2112#90(preserveDisplayColors:0)
[2026-06-14T10:15:18.370Z] [ALL] 06-14 15:45:18.577  1149  1201 D SurfaceFlinger: [SEC_SF_EFFECTS] drawLayersInternal,1348, Rendering layer ScreenCaptureFillLayer at index 0
[2026-06-14T10:15:18.370Z] [ALL] 06-14 15:45:18.577  1149  1201 D SurfaceFlinger: [SEC_SF_EFFECTS] drawLayersInternal,1348, Rendering layer com.safebank.ai/com.safebank.ai.MainActivity$_19655#104730 at index 1
[2026-06-14T10:15:18.370Z] [ALL] 06-14 15:45:18.577  1149  1201 D SurfaceFlinger: [SEC_SF_EFFECTS] drawLayersInternal,1348, Rendering layer StatusBar$_2112#94 at index 2
[2026-06-14T10:15:18.370Z] [ALL] 06-14 15:45:18.577  1149  1201 D SurfaceFlinger: [SEC_SF_EFFECTS] drawLayersInternal,1348, Rendering layer com.sec.android.app.launcher/com.samsung.app.honeyspace.edge.edgepanel.app.CocktailBarService$_2619#103972 at index 3
[2026-06-14T10:15:18.370Z] [ALL] 06-14 15:45:18.577  1149  1201 D SurfaceFlinger: [SEC_SF_EFFECTS] drawLayersInternal,1348, Rendering layer NavigationBar0$_2112#90 at index 4
[2026-06-14T10:15:18.403Z] [ALL] 06-14 15:45:18.609 19463 19503 I appium  : channel read: POST /session/ed6c8e2c-e5c1-4b65-b4bf-728310f0e26e/element
[2026-06-14T10:15:18.405Z] [ALL] 06-14 15:45:18.610 19463 19503 I appium  : FindElement command
[2026-06-14T10:15:18.405Z] [ALL] 06-14 15:45:18.611 19463 19503 I appium  : method: 'xpath', selector: '//*[contains(@resource-id, "otp_toggle_btn") or @content-desc="otp_toggle_btn"]'
[2026-06-14T10:15:18.405Z] [ALL] 06-14 15:45:18.611 19463 19503 I appium  : Waiting up to 10000ms for the device to idle
[2026-06-14T10:15:18.406Z] [ALL] 06-14 15:45:18.612 19463 19503 I appium  : The following attributes will be included to the page source: [resource-id, content-desc]
[2026-06-14T10:15:18.426Z] [ALL] 06-14 15:45:18.634  1486  1881 D NetdEventListenerService: DNS Requested by 204, 10336(com.microsoft.office.word,...), 4(FAIL), isBlocked=true, 0ms
[2026-06-14T10:15:18.454Z] [ALL] 06-14 15:45:18.662  1486  1729 D WifiStaIfaceHidlImpl: getCachedScanData is not implemented by HIDL
[2026-06-14T10:15:18.458Z] [ALL] 06-14 15:45:18.666  1486  3494 D SemWifiUsabilityStatsMonitor: onWifiUsabilityStats - seqNum 23698, isSameBssidAndFreq true
[2026-06-14T10:15:18.460Z] [ALL] 06-14 15:45:18.668  2072  2072 I EPDG-0 [WifiProfiler]: handleWifiRssiIntent, rssi=-57
[2026-06-14T10:15:18.462Z] [ALL] 06-14 15:45:18.668  2072  2072 I EPDG-0 [WifiProfiler]: isProfiling, hash=189204772, started=true
[2026-06-14T10:15:18.462Z] [ALL] 06-14 15:45:18.669  2072  2072 I EPDG-0 [LogMetrics]: set, type=WIFI_RSSI_LAST, value=-57
[2026-06-14T10:15:18.462Z] [ALL] 06-14 15:45:18.669  1486  2073 D WindowManager: captureDisplay
[2026-06-14T10:15:18.462Z] [ALL] 06-14 15:45:18.669  1486  2073 I SurfaceComposerClient: captureLayers:childrenOnly:1, sync:0
[2026-06-14T10:15:18.462Z] [ALL] 06-14 15:45:18.669  2072  2072 I EPDG-0 [WifiProfiler]: isProfiling, hash=189204772, started=true
[2026-06-14T10:15:18.464Z] [ALL] 06-14 15:45:18.670  2072  2072 I EPDG-0 [WifiProfiler]: Rssi : -57 highrange : -75 lowrange : -85 mIsRssiInHystersis : false
[2026-06-14T10:15:18.464Z] [ALL] 06-14 15:45:18.670  2072  2072 I EPDG-0 [WifiProfiler]: Rssi : -57 highrange : -75 lowrange : -85 mIsRssiInHystersis : false
[2026-06-14T10:15:18.464Z] [ALL] 06-14 15:45:18.670  2072  2072 I EPDG-0 [Subscription]: isEpdgAvailable, IwlanPsState=2/2
[2026-06-14T10:15:18.464Z] [ALL] 06-14 15:45:18.670  2072  2072 I EPDG-0 [WifiProfiler]: getHandoverThresholdMet: value is: false
[2026-06-14T10:15:18.465Z] [ALL] 06-14 15:45:18.672  1149  1661 I SurfaceFlinger: Capture layer list: 	 com.safebank.ai/com.safebank.ai.MainActivity$_19655#104730(preserveDisplayColors:0)
[2026-06-14T10:15:18.465Z] [ALL] 06-14 15:45:18.672  1149  1661 I SurfaceFlinger: Capture layer list: 	 StatusBar$_2112#94(preserveDisplayColors:0)
[2026-06-14T10:15:18.465Z] [ALL] 06-14 15:45:18.672  1149  1661 I SurfaceFlinger: Capture layer list: 	 com.sec.android.app.launcher/com.samsung.app.honeyspace.edge.edgepanel.app.CocktailBarService$_2619#103972(preserveDisplayColors:0)
[2026-06-14T10:15:18.465Z] [ALL] 06-14 15:45:18.672  1149  1661 I SurfaceFlinger: Capture layer list: 	 NavigationBar0$_2112#90(preserveDisplayColors:0)
[2026-06-14T10:15:18.467Z] [ALL] 06-14 15:45:18.674  1149  1201 D SurfaceFlinger: [SEC_SF_EFFECTS] drawLayersInternal,1348, Rendering layer ScreenCaptureFillLayer at index 0
[2026-06-14T10:15:18.471Z] [ALL] 06-14 15:45:18.675  1149  1201 D SurfaceFlinger: [SEC_SF_EFFECTS] drawLayersInternal,1348, Rendering layer com.safebank.ai/com.safebank.ai.MainActivity$_19655#104730 at index 1
[2026-06-14T10:15:18.482Z] [ALL] 06-14 15:45:18.675  1149  1201 D SurfaceFlinger: [SEC_SF_EFFECTS] drawLayersInternal,1348, Rendering layer StatusBar$_2112#94 at index 2
[2026-06-14T10:15:18.484Z] [ALL] 06-14 15:45:18.675  1149  1201 D SurfaceFlinger: [SEC_SF_EFFECTS] drawLayersInternal,1348, Rendering layer com.sec.android.app.launcher/com.samsung.app.honeyspace.edge.edgepanel.app.CocktailBarService$_2619#103972 at index 3
[2026-06-14T10:15:18.484Z] [ALL] 06-14 15:45:18.675  1149  1201 D SurfaceFlinger: [SEC_SF_EFFECTS] drawLayersInternal,1348, Rendering layer NavigationBar0$_2112#90 at index 4
[2026-06-14T10:15:18.484Z] [ALL] 06-14 15:45:18.675  1149  1280 I SurfaceFlinger: Current= 60, Period= 60, hwcPeriod= 60
[2026-06-14T10:15:18.484Z] [ALL] 06-14 15:45:18.677  1486  2073 I ActivityManager: Changes in 10470 11 to 19, 384 to 0
[2026-06-14T10:15:18.484Z] [ALL] 06-14 15:45:18.684  1486  1526 I ActivityManager: Changes in 10470 19 to 11, 0 to 384
[2026-06-14T10:15:18.484Z] [ALL] 06-14 15:45:18.685  2619  2727 I HoneySpace.StatusIconTracker: invokeEvent() called with: event = Wifi(visible=true, resId=2114459827, activityId=2114459831)
[2026-06-14T10:15:18.489Z] [ALL] 06-14 15:45:18.696  1149  1317 D SurfaceFlinger: setDesiredMode 4633128672291736000 {mode={fps=120.00 Hz, modePtr={id=0, vsyncRate=120.00 Hz, peakRefreshRate=120.00 Hz}}, emitEvent=false, force=false}
[2026-06-14T10:15:18.494Z] [ALL] 06-14 15:45:18.700  1149  1149 I SurfaceFlinger: No layers with votes - choose 120.00 Hz
[2026-06-14T10:15:18.494Z] [ALL] 06-14 15:45:18.700  1149  1149 D SurfaceFlinger: initiateModeChange 4633128672291736000 {mode={fps=120.00 Hz, modePtr={id=0, vsyncRate=120.00 Hz, peakRefreshRate=120.00 Hz}}, emitEvent=false, force=false}
[2026-06-14T10:15:18.494Z] [ALL] 06-14 15:45:18.700  1149  1149 I SurfaceFlinger: [4633128672291736000] ActiveConfigToHWC, ID : 3
[2026-06-14T10:15:18.494Z] [ALL] 06-14 15:45:18.701  1062 15192 D display : setActiveConfigWithConstraints:: PrimaryDisplay config(3)
[2026-06-14T10:15:18.494Z] [ALL] 06-14 15:45:18.701  1062 15192 I display : Current VRR MODE is 3
[2026-06-14T10:15:18.494Z] [ALL] 06-14 15:45:18.701  1062 15192 I display : setActiveConfigWithConstraints:: HFR match - config: 3, base: 3, try: 1
[2026-06-14T10:15:18.494Z] [ALL] 06-14 15:45:18.701  1062 15192 I display : setActiveConfigWithConstraints::update 1080x2340@120hs
[2026-06-14T10:15:18.494Z] [ALL] 06-14 15:45:18.701  1062 15192 I display : commit modeset : 1080x2340@120hs
[2026-06-14T10:15:18.530Z] [ALL] 06-14 15:45:18.722  1062 15192 W display : deliverWinConfigData:: commit modeset time (20 ms)
[2026-06-14T10:15:18.531Z] [ALL] 06-14 15:45:18.723  1062  1159 I display : [compareVsyncPeriod] set the lowest(mode:0) vsync 83 of display(0)
[2026-06-14T10:15:18.531Z] [ALL] 06-14 15:45:18.723  1062  1159 I display : getFpsForPerformance, performance table found using table(key:120, cpu:255)
[2026-06-14T10:15:18.531Z] [ALL] 06-14 15:45:18.723  1062  1159 I display : Set m2mMPP capacity(4) for fps(120)
[2026-06-14T10:15:18.531Z] [ALL] 06-14 15:45:18.723  1062  1159 I display : getFpsForPerformance, performance table found using table(key:120, cpu:255)
[2026-06-14T10:15:18.531Z] [ALL] 06-14 15:45:18.723  1062  1159 I display : Set Affinity config for fps(120) : cpuIDs : 255
[2026-06-14T10:15:18.531Z] [ALL] 06-14 15:45:18.723  1062  1159 I display : Set Affinity CPU ID : 0
[2026-06-14T10:15:18.531Z] [ALL] 06-14 15:45:18.723  1062  1159 I display : Set Affinity CPU ID : 1
[2026-06-14T10:15:18.531Z] [ALL] 06-14 15:45:18.723  1062  1159 I display : Set Affinity CPU ID : 2
[2026-06-14T10:15:18.531Z] [ALL] 06-14 15:45:18.723  1062  1159 I display : Set Affinity CPU ID : 3
[2026-06-14T10:15:18.531Z] [ALL] 06-14 15:45:18.723  1062  1159 I display : Set Affinity CPU ID : 4
[2026-06-14T10:15:18.531Z] [ALL] 06-14 15:45:18.723  1062  1159 I display : Set Affinity CPU ID : 5
[2026-06-14T10:15:18.531Z] [ALL] 06-14 15:45:18.723  1149  1149 I SurfaceFlinger: finalizeDisplayModeChange 4633128672291736000
[2026-06-14T10:15:18.531Z] [ALL] 06-14 15:45:18.723  1062  1159 I display : Set Affinity CPU ID : 6
[2026-06-14T10:15:18.531Z] [ALL] 06-14 15:45:18.723  1062  1159 I display : Set Affinity CPU ID : 7
[2026-06-14T10:15:18.531Z] [ALL] 06-14 15:45:18.723  1062  1159 I display : Set affinity HWC : 1062
[2026-06-14T10:15:18.531Z] [ALL] 06-14 15:45:18.723  1062  1159 I display : CPU set : Cluster(0), min_clock(0)
[2026-06-14T10:15:18.531Z] [ALL] 06-14 15:45:18.723  1062  1159 I display : CPU set : Cluster(1), min_clock(0)
[2026-06-14T10:15:18.531Z] [ALL] 06-14 15:45:18.723  1062  1159 I display : CPU set : Cluster(2), min_clock(0)
[2026-06-14T10:15:18.531Z] [ALL] 06-14 15:45:18.724  1149  1280 I SurfaceFlinger: Current= 60, Period= 120, hwcPeriod= 120
[2026-06-14T10:15:18.539Z] [ALL] 06-14 15:45:18.747 19463 19503 I appium  : Took 0ms to retrieve 0 matches for '//*[contains(@resource-id, "otp_toggle_btn") or @content-desc="otp_toggle_btn"]' XPath2 query
[2026-06-14T10:15:18.540Z] [ALL] 06-14 15:45:18.748 19463 19503 I appium  : AppiumResponse: {"sessionId":"ed6c8e2c-e5c1-4b65-b4bf-728310f0e26e","value":{"error":"no such element","message":"An element could not be located on the page using the given search parameters","stacktrace":"io.appium.uiautomator2.common.exceptions.ElementNotFoundException: An element could not be located on the page using the given search parameters\n\tat io.appium.uiautomator2.utils.ElementLocationHelpers.findElement(ElementLocationHelpers.java:153)\n\tat io.appium.uiautomator2.handler.FindElement.safeHandle(FindElement.java:60)\n\tat io.appium.uiautomator2.handler.request.SafeRequestHandler.handle(SafeRequestHandler.java:59)\n\tat io.appium.uiautomator2.server.AppiumServlet.handleRequest(AppiumServlet.java:267)\n\tat io.appium.uiautomator2.server.AppiumServlet.handleHttpRequest(AppiumServlet.java:261)\n\tat io.appium.uiautomator2.http.ServerHandler.channelRead(ServerHandler.java:77)\n\tat io.netty.channel.AbstractChannelHandlerContext.fireChannelRead(AbstractChannelHandlerContext.java:357)\n\tat io.netty.handler.codec.MessageToMessageDecoder.channelRead(MessageToMessageDecoder.java:107)\n\tat io.netty.channel.AbstractChannelHandlerContext.fireChannelRead(AbstractChannelHandlerContext.java:357)\n\tat io.netty.channel.CombinedChannelDuplexHandler$DelegatingChannelHandlerContext.fireChannelRead(CombinedChannelDuplexHandler.java:434)\n\tat io.netty.handler.codec.ByteToMessageDecoder.fireChannelRead(ByteToMessageDecoder.java:361)\n\tat io.netty.handler.codec.ByteToMessageDecoder.channelRead(ByteToMessageDecoder.java:325)\n\tat io.netty.channel.CombinedChannelDuplexHandler.channelRead(CombinedChannelDuplexHandler.java:249)\n\tat io.netty.channel.AbstractChannelHandlerContext.fireChannelRead(AbstractChannelHandlerContext.java:355)\n\tat io.netty.handler.timeout.IdleStateHandler.channelRead(IdleStateHandler.java:288)\n\tat io.netty.channel.AbstractChannelHandlerContext.fireChannelRead(AbstractChannelHandlerContext.java:355)\n\tat io.netty.channel.DefaultChannelPipeline$HeadContext.channelRead(DefaultChannelPipeline.java:1429)\n\tat io.netty.channel.DefaultChannelPipeline.fireChannelRead(DefaultChannelPipeline.java:918)\n\tat io.netty.channel.nio.AbstractNioByteChannel$NioByteUnsafe.read(AbstractNioByteChannel.java:176)\n\tat io.netty.channel.nio.AbstractNioChannel$AbstractNioUnsafe.handle(AbstractNioChannel.java:445)\n\tat io.netty.channel.nio.NioIoHandler$DefaultNioRegistration.handle(NioIoHandler.java:388)\n\tat io.netty.channel.nio.NioIoHandler.processSelectedKey(NioIoHandler.java:596)\n\tat io.netty.channel.nio.NioIoHandler.processSelectedKeysOptimized(NioIoHandler.java:571)\n\tat io.netty.channel.nio.NioIoHandler.processSelectedKeys(NioIoHandler.java:512)\n\tat io.netty.channel.nio.NioIoHandler.run(NioIoHandler.java:484)\n\tat io.netty.channel.SingleThreadIoEventLoop.runIo(SingleThreadIoEventLoop.java:225)\n\tat io.netty.channel.SingleThreadIoEventLoop.run(SingleThreadIoEventLoop.java:196)\n\tat io.netty.util.concurrent.SingleThreadEventExecutor$5.run(SingleThreadEventExecutor.java:1195)\n\tat io.netty.util.internal.ThreadExecutorMap$2.run(ThreadExecutorMap.java:74)\n\tat io.netty.util.concurrent.FastThreadLocalRunnable.run(FastThreadLocalRunnable.java:30)\n\tat java.lang.Thread.run(Thread.java:1564)\n"}}
[2026-06-14T10:15:18.562Z] [ALL] 06-14 15:45:18.769  1486  4341 D WindowManager: captureDisplay
[2026-06-14T10:15:18.562Z] [ALL] 06-14 15:45:18.769  1486  4341 I SurfaceComposerClient: captureLayers:childrenOnly:1, sync:0
[2026-06-14T10:15:18.566Z] [ALL] 06-14 15:45:18.774  1149  1661 I SurfaceFlinger: Capture layer list: 	 com.safebank.ai/com.safebank.ai.MainActivity$_19655#104730(preserveDisplayColors:0)
[2026-06-14T10:15:18.567Z] [ALL] 06-14 15:45:18.774  1149  1661 I SurfaceFlinger: Capture layer list: 	 StatusBar$_2112#94(preserveDisplayColors:0)
[2026-06-14T10:15:18.567Z] [ALL] 06-14 15:45:18.774  1149  1661 I SurfaceFlinger: Capture layer list: 	 com.sec.android.app.launcher/com.samsung.app.honeyspace.edge.edgepanel.app.CocktailBarService$_2619#103972(preserveDisplayColors:0)
[2026-06-14T10:15:18.567Z] [ALL] 06-14 15:45:18.774  1149  1661 I SurfaceFlinger: Capture layer list: 	 NavigationBar0$_2112#90(preserveDisplayColors:0)
[2026-06-14T10:15:18.568Z] [ALL] 06-14 15:45:18.775  1149  1201 D SurfaceFlinger: [SEC_SF_EFFECTS] drawLayersInternal,1348, Rendering layer ScreenCaptureFillLayer at index 0
[2026-06-14T10:15:18.568Z] [ALL] 06-14 15:45:18.775  1149  1201 D SurfaceFlinger: [SEC_SF_EFFECTS] drawLayersInternal,1348, Rendering layer com.safebank.ai/com.safebank.ai.MainActivity$_19655#104730 at index 1
[2026-06-14T10:15:18.568Z] [ALL] 06-14 15:45:18.775  1149  1201 D SurfaceFlinger: [SEC_SF_EFFECTS] drawLayersInternal,1348, Rendering layer StatusBar$_2112#94 at index 2
[2026-06-14T10:15:18.568Z] [ALL] 06-14 15:45:18.776  1149  1201 D SurfaceFlinger: [SEC_SF_EFFECTS] drawLayersInternal,1348, Rendering layer com.sec.android.app.launcher/com.samsung.app.honeyspace.edge.edgepanel.app.CocktailBarService$_2619#103972 at index 3
[2026-06-14T10:15:18.587Z] [ALL] 06-14 15:45:18.776  1149  1201 D SurfaceFlinger: [SEC_SF_EFFECTS] drawLayersInternal,1348, Rendering layer NavigationBar0$_2112#90 at index 4
[2026-06-14T10:15:18.641Z] [ALL] 06-14 15:45:18.844  1486  1856 D SemWifiSwitchForIndividualAppsService: isSkipNetworkCondition - result:2
[2026-06-14T10:15:18.643Z] [ALL] 06-14 15:45:18.847 29794 29827 I Finsky:background: [2599] playLoggingServerUrl: https://play.googleapis.com/play/log
[2026-06-14T10:15:18.643Z] [ALL] 06-14 15:45:18.848 29794 29827 I Finsky:background: [2599] playLoggingServerTimestampUrl: https://play.googleapis.com/play/log/timestamp
[2026-06-14T10:15:18.662Z] [ALL] 06-14 15:45:18.869  1486  2073 D WindowManager: captureDisplay
[2026-06-14T10:15:18.665Z] [ALL] 06-14 15:45:18.869  1486  2073 I SurfaceComposerClient: captureLayers:childrenOnly:1, sync:0
[2026-06-14T10:15:18.676Z] [ALL] 06-14 15:45:18.875  1149  1661 I SurfaceFlinger: Capture layer list: 	 com.safebank.ai/com.safebank.ai.MainActivity$_19655#104730(preserveDisplayColors:0)
[2026-06-14T10:15:18.676Z] [ALL] 06-14 15:45:18.875  1149  1661 I SurfaceFlinger: Capture layer list: 	 StatusBar$_2112#94(preserveDisplayColors:0)
[2026-06-14T10:15:18.676Z] [ALL] 06-14 15:45:18.875  1149  1661 I SurfaceFlinger: Capture layer list: 	 com.sec.android.app.launcher/com.samsung.app.honeyspace.edge.edgepanel.app.CocktailBarService$_2619#103972(preserveDisplayColors:0)
[2026-06-14T10:15:18.676Z] [ALL] 06-14 15:45:18.875  1149  1661 I SurfaceFlinger: Capture layer list: 	 NavigationBar0$_2112#90(preserveDisplayColors:0)
[2026-06-14T10:15:18.679Z] [ALL] 06-14 15:45:18.877  1149  1201 D SurfaceFlinger: [SEC_SF_EFFECTS] drawLayersInternal,1348, Rendering layer ScreenCaptureFillLayer at index 0
[2026-06-14T10:15:18.679Z] [ALL] 06-14 15:45:18.877  1149  1201 D SurfaceFlinger: [SEC_SF_EFFECTS] drawLayersInternal,1348, Rendering layer com.safebank.ai/com.safebank.ai.MainActivity$_19655#104730 at index 1
[2026-06-14T10:15:18.679Z] [ALL] 06-14 15:45:18.877  1149  1201 D SurfaceFlinger: [SEC_SF_EFFECTS] drawLayersInternal,1348, Rendering layer StatusBar$_2112#94 at index 2
[2026-06-14T10:15:18.679Z] [ALL] 06-14 15:45:18.878  1149  1201 D SurfaceFlinger: [SEC_SF_EFFECTS] drawLayersInternal,1348, Rendering layer com.sec.android.app.launcher/com.samsung.app.honeyspace.edge.edgepanel.app.CocktailBarService$_2619#103972 at index 3
[2026-06-14T10:15:18.679Z] [ALL] 06-14 15:45:18.878  1149  1201 D SurfaceFlinger: [SEC_SF_EFFECTS] drawLayersInternal,1348, Rendering layer NavigationBar0$_2112#90 at index 4
[2026-06-14T10:15:18.694Z] [ALL] 06-14 15:45:18.896  1486  1651 D ActivityManager: freezing 29044 com.myntra.android
[2026-06-14T10:15:18.703Z] [ALL] 06-14 15:45:18.903  1486  1651 D ActivityManager: freezing 29369 com.google.android.webview:sandboxed_process0:org.chromium.content.app.SandboxedProcessService0:0
[2026-06-14T10:15:18.708Z] [ALL] 06-14 15:45:18.905  1486  1651 D ActivityManager: freezing 21714 com.facebook.katana
[2026-06-14T10:15:18.708Z] [ALL] 06-14 15:45:18.911  1486  1741 D InetDiagMessage: Destroyed 0 sockets, proto=IPPROTO_TCP, family=AF_INET, states=14
[2026-06-14T10:15:18.708Z] [ALL] 06-14 15:45:18.913  1486  1741 D InetDiagMessage: Destroyed 0 sockets, proto=IPPROTO_TCP, family=AF_INET6, states=14
[2026-06-14T10:15:18.708Z] [ALL] 06-14 15:45:18.913  1486  1741 D InetDiagMessage: Destroyed live tcp sockets for uids={10376} in 4ms
[2026-06-14T10:15:18.708Z] [ALL] 06-14 15:45:18.913  1486  1741 D ConnectivityService: Freezing callbacks for UID 10376
[2026-06-14T10:15:18.711Z] [ALL] 06-14 15:45:18.915  1486  1741 D InetDiagMessage: Destroyed 0 sockets, proto=IPPROTO_TCP, family=AF_INET, states=14
[2026-06-14T10:15:18.711Z] [ALL] 06-14 15:45:18.917  1486  1741 D InetDiagMessage: Destroyed 0 sockets, proto=IPPROTO_TCP, family=AF_INET6, states=14
[2026-06-14T10:15:18.711Z] [ALL] 06-14 15:45:18.917  1486  1741 D InetDiagMessage: Destroyed live tcp sockets for uids={99327} in 4ms
[2026-06-14T10:15:18.714Z] [ALL] 06-14 15:45:18.919  1486  1741 D InetDiagMessage: Destroyed 0 sockets, proto=IPPROTO_TCP, family=AF_INET, states=14
[2026-06-14T10:15:18.717Z] [ALL] 06-14 15:45:18.921  1486  1741 D InetDiagMessage: Destroyed 0 sockets, proto=IPPROTO_TCP, family=AF_INET6, states=14
[2026-06-14T10:15:18.717Z] [ALL] 06-14 15:45:18.922  1486  1741 D InetDiagMessage: Destroyed live tcp sockets for uids={10343} in 5ms
[2026-06-14T10:15:18.717Z] [ALL] 06-14 15:45:18.922  1486  1741 D ConnectivityService: Freezing callbacks for UID 10343
[2026-06-14T10:15:18.743Z] [ALL] 06-14 15:45:18.950  1149  1317 D SurfaceFlinger: setDesiredMode 4633128672291736000 {mode={fps=60.00 Hz, modePtr={id=1, vsyncRate=60.00 Hz, peakRefreshRate=60.00 Hz}}, emitEvent=false, force=false}
[2026-06-14T10:15:18.745Z] [ALL] 06-14 15:45:18.952  1149  1280 I SurfaceFlinger: Current= 120, Period= 60, hwcPeriod= 120
[2026-06-14T10:15:18.745Z] [ALL] 06-14 15:45:18.952  1149  1149 I SurfaceFlinger: StatusBar$_2112#94 voted NoVote (0.00 Hz)
[2026-06-14T10:15:18.745Z] [ALL] 06-14 15:45:18.952  1149  1149 I SurfaceFlinger: IdleFps - choose 60.00 Hz
[2026-06-14T10:15:18.746Z] [ALL] 06-14 15:45:18.953  1149  1149 D SurfaceFlinger: initiateModeChange 4633128672291736000 {mode={fps=60.00 Hz, modePtr={id=1, vsyncRate=60.00 Hz, peakRefreshRate=60.00 Hz}}, emitEvent=false, force=false}
[2026-06-14T10:15:18.746Z] [ALL] 06-14 15:45:18.953  1149  1149 I SurfaceFlinger: [4633128672291736000] ActiveConfigToHWC, ID : 4
[2026-06-14T10:15:18.748Z] [ALL] 06-14 15:45:18.955  1149  1280 I SurfaceFlinger: Current= 120, Period= 60, hwcPeriod= 120
[2026-06-14T10:15:18.748Z] [ALL] 06-14 15:45:18.955  1062 15192 D display : setActiveConfigWithConstraints:: PrimaryDisplay config(4)
[2026-06-14T10:15:18.748Z] [ALL] 06-14 15:45:18.955  1062 15192 I display : Current VRR MODE is 3
[2026-06-14T10:15:18.749Z] [ALL] 06-14 15:45:18.955  1062 15192 I display : setActiveConfigWithConstraints:: HFR match - config: 5, base: 4, try: 0
[2026-06-14T10:15:18.750Z] [ALL] 06-14 15:45:18.955  1062 15192 I display : setActiveConfigWithConstraints::update 1080x2340@60phs
[2026-06-14T10:15:18.750Z] [ALL] 06-14 15:45:18.956  1062 15192 I display : commit modeset : 1080x2340@60phs
[2026-06-14T10:15:18.763Z] [ALL] 06-14 15:45:18.970  1486  2073 D WindowManager: captureDisplay
[2026-06-14T10:15:18.763Z] [ALL] 06-14 15:45:18.970  1486  2073 I SurfaceComposerClient: captureLayers:childrenOnly:1, sync:0
[2026-06-14T10:15:18.764Z] [ALL] 06-14 15:45:18.972  1062 15192 W display : deliverWinConfigData:: commit modeset time (16 ms)
[2026-06-14T10:15:18.767Z] [ALL] 06-14 15:45:18.973  1062  1159 I display : [compareVsyncPeriod] set the lowest(mode:0) vsync 166 of display(0)
[2026-06-14T10:15:18.767Z] [ALL] 06-14 15:45:18.973  1062  1159 I display : getFpsForPerformance, performance table found using table(key:60, cpu:255)
[2026-06-14T10:15:18.767Z] [ALL] 06-14 15:45:18.973  1062  1159 I display : Set m2mMPP capacity(8) for fps(60)
[2026-06-14T10:15:18.767Z] [ALL] 06-14 15:45:18.973  1062  1159 I display : getFpsForPerformance, performance table found using table(key:60, cpu:255)
[2026-06-14T10:15:18.767Z] [ALL] 06-14 15:45:18.973  1062  1159 I display : Set Affinity config for fps(60) : cpuIDs : 255
[2026-06-14T10:15:18.767Z] [ALL] 06-14 15:45:18.973  1062  1159 I display : Set Affinity CPU ID : 0
[2026-06-14T10:15:18.767Z] [ALL] 06-14 15:45:18.973  1062  1159 I display : Set Affinity CPU ID : 1
[2026-06-14T10:15:18.767Z] [ALL] 06-14 15:45:18.973  1062  1159 I display : Set Affinity CPU ID : 2
[2026-06-14T10:15:18.767Z] [ALL] 06-14 15:45:18.973  1062  1159 I display : Set Affinity CPU ID : 3
[2026-06-14T10:15:18.767Z] [ALL] 06-14 15:45:18.973  1062  1159 I display : Set Affinity CPU ID : 4
[2026-06-14T10:15:18.767Z] [ALL] 06-14 15:45:18.973  1062  1159 I display : Set Affinity CPU ID : 5
[2026-06-14T10:15:18.767Z] [ALL] 06-14 15:45:18.973  1062  1159 I display : Set Affinity CPU ID : 6
[2026-06-14T10:15:18.767Z] [ALL] 06-14 15:45:18.973  1062  1159 I display : Set Affinity CPU ID : 7
[2026-06-14T10:15:18.767Z] [ALL] 06-14 15:45:18.973  1062  1159 I display : Set affinity HWC : 1062
[2026-06-14T10:15:18.767Z] [ALL] 06-14 15:45:18.973  1062  1159 I display : CPU set : Cluster(0), min_clock(0)
[2026-06-14T10:15:18.767Z] [ALL] 06-14 15:45:18.973  1062  1159 I display : CPU set : Cluster(1), min_clock(0)
[2026-06-14T10:15:18.767Z] [ALL] 06-14 15:45:18.973  1149  1149 D SurfaceFlinger: GPIS:: requestGpisForSFSluggish
[2026-06-14T10:15:18.767Z] [ALL] 06-14 15:45:18.973  1062  1159 I display : CPU set : Cluster(2), min_clock(0)
[2026-06-14T10:15:18.767Z] [ALL] 06-14 15:45:18.973  1149  1149 I SurfaceFlinger: finalizeDisplayModeChange 4633128672291736000
[2026-06-14T10:15:18.767Z] [ALL] 06-14 15:45:18.974  1149  1280 I SurfaceFlinger: Current= 120, Period= 60, hwcPeriod= 60
[2026-06-14T10:15:18.787Z] [ALL] 06-14 15:45:18.994  1149  1661 I SurfaceFlinger: Capture layer list: 	 com.safebank.ai/com.safebank.ai.MainActivity$_19655#104730(preserveDisplayColors:0)
[2026-06-14T10:15:18.789Z] [ALL] 06-14 15:45:18.994  1149  1661 I SurfaceFlinger: Capture layer list: 	 StatusBar$_2112#94(preserveDisplayColors:0)
[2026-06-14T10:15:18.789Z] [ALL] 06-14 15:45:18.994  1149  1661 I SurfaceFlinger: Capture layer list: 	 com.sec.android.app.launcher/com.samsung.app.honeyspace.edge.edgepanel.app.CocktailBarService$_2619#103972(preserveDisplayColors:0)
[2026-06-14T10:15:18.789Z] [ALL] 06-14 15:45:18.994  1149  1661 I SurfaceFlinger: Capture layer list: 	 NavigationBar0$_2112#90(preserveDisplayColors:0)
[2026-06-14T10:15:18.789Z] [ALL] 06-14 15:45:18.996  1149  1201 D SurfaceFlinger: [SEC_SF_EFFECTS] drawLayersInternal,1348, Rendering layer ScreenCaptureFillLayer at index 0
[2026-06-14T10:15:18.791Z] [ALL] 06-14 15:45:18.996  1149  1201 D SurfaceFlinger: [SEC_SF_EFFECTS] drawLayersInternal,1348, Rendering layer com.safebank.ai/com.safebank.ai.MainActivity$_19655#104730 at index 1
[2026-06-14T10:15:18.791Z] [ALL] 06-14 15:45:18.996  1149  1201 D SurfaceFlinger: [SEC_SF_EFFECTS] drawLayersInternal,1348, Rendering layer StatusBar$_2112#94 at index 2
[2026-06-14T10:15:18.791Z] [ALL] 06-14 15:45:18.997  1149  1201 D SurfaceFlinger: [SEC_SF_EFFECTS] drawLayersInternal,1348, Rendering layer com.sec.android.app.launcher/com.samsung.app.honeyspace.edge.edgepanel.app.CocktailBarService$_2619#103972 at index 3
[2026-06-14T10:15:18.791Z] [ALL] 06-14 15:45:18.997  1149  1201 D SurfaceFlinger: [SEC_SF_EFFECTS] drawLayersInternal,1348, Rendering layer NavigationBar0$_2112#90 at index 4
[2026-06-14T10:15:18.863Z] [ALL] 06-14 15:45:19.069  1486  4489 D WindowManager: captureDisplay
[2026-06-14T10:15:18.863Z] [ALL] 06-14 15:45:19.069  1486  4489 I SurfaceComposerClient: captureLayers:childrenOnly:1, sync:0
[2026-06-14T10:15:18.867Z] [ALL] 06-14 15:45:19.073  1149  1661 I SurfaceFlinger: Capture layer list: 	 com.safebank.ai/com.safebank.ai.MainActivity$_19655#104730(preserveDisplayColors:0)
[2026-06-14T10:15:18.870Z] [ALL] 06-14 15:45:19.073  1149  1661 I SurfaceFlinger: Capture layer list: 	 StatusBar$_2112#94(preserveDisplayColors:0)
[2026-06-14T10:15:18.870Z] [ALL] 06-14 15:45:19.073  1149  1661 I SurfaceFlinger: Capture layer list: 	 com.sec.android.app.launcher/com.samsung.app.honeyspace.edge.edgepanel.app.CocktailBarService$_2619#103972(preserveDisplayColors:0)
[2026-06-14T10:15:18.870Z] [ALL] 06-14 15:45:19.073  1149  1661 I SurfaceFlinger: Capture layer list: 	 NavigationBar0$_2112#90(preserveDisplayColors:0)
[2026-06-14T10:15:18.870Z] [ALL] 06-14 15:45:19.075  1149  1201 D SurfaceFlinger: [SEC_SF_EFFECTS] drawLayersInternal,1348, Rendering layer ScreenCaptureFillLayer at index 0
[2026-06-14T10:15:18.870Z] [ALL] 06-14 15:45:19.075  1149  1201 D SurfaceFlinger: [SEC_SF_EFFECTS] drawLayersInternal,1348, Rendering layer com.safebank.ai/com.safebank.ai.MainActivity$_19655#104730 at index 1
[2026-06-14T10:15:18.870Z] [ALL] 06-14 15:45:19.075  1149  1201 D SurfaceFlinger: [SEC_SF_EFFECTS] drawLayersInternal,1348, Rendering layer StatusBar$_2112#94 at index 2
[2026-06-14T10:15:18.870Z] [ALL] 06-14 15:45:19.076  1149  1201 D SurfaceFlinger: [SEC_SF_EFFECTS] drawLayersInternal,1348, Rendering layer com.sec.android.app.launcher/com.samsung.app.honeyspace.edge.edgepanel.app.CocktailBarService$_2619#103972 at index 3
[2026-06-14T10:15:18.873Z] [ALL] 06-14 15:45:19.076  1149  1201 D SurfaceFlinger: [SEC_SF_EFFECTS] drawLayersInternal,1348, Rendering layer NavigationBar0$_2112#90 at index 4
[2026-06-14T10:15:18.881Z] [ALL] 06-14 15:45:19.087 19463 19503 I appium  : channel read: POST /session/ed6c8e2c-e5c1-4b65-b4bf-728310f0e26e/element
[2026-06-14T10:15:18.882Z] [ALL] 06-14 15:45:19.088 19463 19503 I appium  : FindElement command
[2026-06-14T10:15:18.882Z] [ALL] 06-14 15:45:19.088 26907 27021 W ung.android.fmm: userfaultfd: MOVE ioctl seems unsupported: Connection timed out
[2026-06-14T10:15:18.888Z] [ALL] 06-14 15:45:19.090 19463 19503 I appium  : method: 'xpath', selector: '//*[contains(@resource-id, "otp_toggle_btn") or @content-desc="otp_toggle_btn"]'
[2026-06-14T10:15:18.889Z] [ALL] 06-14 15:45:19.090 19463 19503 I appium  : Waiting up to 10000ms for the device to idle
[2026-06-14T10:15:18.890Z] [ALL] 06-14 15:45:19.091 19463 19503 I appium  : The following attributes will be included to the page source: [resource-id, content-desc]
[2026-06-14T10:15:18.962Z] [ALL] 06-14 15:45:19.169  1486  2158 D WindowManager: captureDisplay
[2026-06-14T10:15:18.964Z] [ALL] 06-14 15:45:19.169  1486  2158 I SurfaceComposerClient: captureLayers:childrenOnly:1, sync:0
[2026-06-14T10:15:18.966Z] [ALL] 06-14 15:45:19.173  1149  1661 I SurfaceFlinger: Capture layer list: 	 com.safebank.ai/com.safebank.ai.MainActivity$_19655#104730(preserveDisplayColors:0)
[2026-06-14T10:15:18.966Z] [ALL] 06-14 15:45:19.173  1149  1661 I SurfaceFlinger: Capture layer list: 	 StatusBar$_2112#94(preserveDisplayColors:0)
[2026-06-14T10:15:18.967Z] [ALL] 06-14 15:45:19.173  1149  1661 I SurfaceFlinger: Capture layer list: 	 com.sec.android.app.launcher/com.samsung.app.honeyspace.edge.edgepanel.app.CocktailBarService$_2619#103972(preserveDisplayColors:0)
[2026-06-14T10:15:18.967Z] [ALL] 06-14 15:45:19.173  1149  1661 I SurfaceFlinger: Capture layer list: 	 NavigationBar0$_2112#90(preserveDisplayColors:0)
[2026-06-14T10:15:18.967Z] [ALL] 06-14 15:45:19.175  1149  1201 D SurfaceFlinger: [SEC_SF_EFFECTS] drawLayersInternal,1348, Rendering layer ScreenCaptureFillLayer at index 0
[2026-06-14T10:15:18.967Z] [ALL] 06-14 15:45:19.175  1149  1201 D SurfaceFlinger: [SEC_SF_EFFECTS] drawLayersInternal,1348, Rendering layer com.safebank.ai/com.safebank.ai.MainActivity$_19655#104730 at index 1
[2026-06-14T10:15:18.967Z] [ALL] 06-14 15:45:19.175  1149  1201 D SurfaceFlinger: [SEC_SF_EFFECTS] drawLayersInternal,1348, Rendering layer StatusBar$_2112#94 at index 2
[2026-06-14T10:15:18.971Z] [ALL] 06-14 15:45:19.175  1149  1201 D SurfaceFlinger: [SEC_SF_EFFECTS] drawLayersInternal,1348, Rendering layer com.sec.android.app.launcher/com.samsung.app.honeyspace.edge.edgepanel.app.CocktailBarService$_2619#103972 at index 3
[2026-06-14T10:15:18.971Z] [ALL] 06-14 15:45:19.175  1149  1201 D SurfaceFlinger: [SEC_SF_EFFECTS] drawLayersInternal,1348, Rendering layer NavigationBar0$_2112#90 at index 4
[2026-06-14T10:15:18.974Z] [ALL] 06-14 15:45:19.182 19463 19503 I appium  : Took 0ms to retrieve 0 matches for '//*[contains(@resource-id, "otp_toggle_btn") or @content-desc="otp_toggle_btn"]' XPath2 query
[2026-06-14T10:15:18.976Z] [ALL] 06-14 15:45:19.183 19463 19503 I appium  : AppiumResponse: {"sessionId":"ed6c8e2c-e5c1-4b65-b4bf-728310f0e26e","value":{"error":"no such element","message":"An element could not be located on the page using the given search parameters","stacktrace":"io.appium.uiautomator2.common.exceptions.ElementNotFoundException: An element could not be located on the page using the given search parameters\n\tat io.appium.uiautomator2.utils.ElementLocationHelpers.findElement(ElementLocationHelpers.java:153)\n\tat io.appium.uiautomator2.handler.FindElement.safeHandle(FindElement.java:60)\n\tat io.appium.uiautomator2.handler.request.SafeRequestHandler.handle(SafeRequestHandler.java:59)\n\tat io.appium.uiautomator2.server.AppiumServlet.handleRequest(AppiumServlet.java:267)\n\tat io.appium.uiautomator2.server.AppiumServlet.handleHttpRequest(AppiumServlet.java:261)\n\tat io.appium.uiautomator2.http.ServerHandler.channelRead(ServerHandler.java:77)\n\tat io.netty.channel.AbstractChannelHandlerContext.fireChannelRead(AbstractChannelHandlerContext.java:357)\n\tat io.netty.handler.codec.MessageToMessageDecoder.channelRead(MessageToMessageDecoder.java:107)\n\tat io.netty.channel.AbstractChannelHandlerContext.fireChannelRead(AbstractChannelHandlerContext.java:357)\n\tat io.netty.channel.CombinedChannelDuplexHandler$DelegatingChannelHandlerContext.fireChannelRead(CombinedChannelDuplexHandler.java:434)\n\tat io.netty.handler.codec.ByteToMessageDecoder.fireChannelRead(ByteToMessageDecoder.java:361)\n\tat io.netty.handler.codec.ByteToMessageDecoder.channelRead(ByteToMessageDecoder.java:325)\n\tat io.netty.channel.CombinedChannelDuplexHandler.channelRead(CombinedChannelDuplexHandler.java:249)\n\tat io.netty.channel.AbstractChannelHandlerContext.fireChannelRead(AbstractChannelHandlerContext.java:355)\n\tat io.netty.handler.timeout.IdleStateHandler.channelRead(IdleStateHandler.java:288)\n\tat io.netty.channel.AbstractChannelHandlerContext.fireChannelRead(AbstractChannelHandlerContext.java:355)\n\tat io.netty.channel.DefaultChannelPipeline$HeadContext.channelRead(DefaultChannelPipeline.java:1429)\n\tat io.netty.channel.DefaultChannelPipeline.fireChannelRead(DefaultChannelPipeline.java:918)\n\tat io.netty.channel.nio.AbstractNioByteChannel$NioByteUnsafe.read(AbstractNioByteChannel.java:176)\n\tat io.netty.channel.nio.AbstractNioChannel$AbstractNioUnsafe.handle(AbstractNioChannel.java:445)\n\tat io.netty.channel.nio.NioIoHandler$DefaultNioRegistration.handle(NioIoHandler.java:388)\n\tat io.netty.channel.nio.NioIoHandler.processSelectedKey(NioIoHandler.java:596)\n\tat io.netty.channel.nio.NioIoHandler.processSelectedKeysOptimized(NioIoHandler.java:571)\n\tat io.netty.channel.nio.NioIoHandler.processSelectedKeys(NioIoHandler.java:512)\n\tat io.netty.channel.nio.NioIoHandler.run(NioIoHandler.java:484)\n\tat io.netty.channel.SingleThreadIoEventLoop.runIo(SingleThreadIoEventLoop.java:225)\n\tat io.netty.channel.SingleThreadIoEventLoop.run(SingleThreadIoEventLoop.java:196)\n\tat io.netty.util.concurrent.SingleThreadEventExecutor$5.run(SingleThreadEventExecutor.java:1195)\n\tat io.netty.util.internal.ThreadExecutorMap$2.run(ThreadExecutorMap.java:74)\n\tat io.netty.util.concurrent.FastThreadLocalRunnable.run(FastThreadLocalRunnable.java:30)\n\tat java.lang.Thread.run(Thread.java:1564)\n"}}
[2026-06-14T10:15:18.996Z] [ALL] 06-14 15:45:19.194   747   747 D io_stats: !@   8,0 r 80542810 1588808537 w 12770993 208969084 d 4240395 260181972 f 0 1114436 iot 28912060 0 th 0 0 0 pt 0 inp 0 0 182930.502
[2026-06-14T10:15:19.033Z] [ALL] 06-14 15:45:19.215  1486  1741 D InetDiagMessage: Destroyed 0 sockets, proto=IPPROTO_TCP, family=AF_INET, states=14
[2026-06-14T10:15:19.044Z] [ALL] 06-14 15:45:19.217  1486  1741 D InetDiagMessage: Destroyed 0 sockets, proto=IPPROTO_TCP, family=AF_INET6, states=14
[2026-06-14T10:15:19.044Z] [ALL] 06-14 15:45:19.217  1486  1741 D InetDiagMessage: Destroyed live tcp sockets for uids={10136} in 4ms
[2026-06-14T10:15:19.044Z] [ALL] 06-14 15:45:19.217 19463 19503 I appium  : channel read: POST /session/ed6c8e2c-e5c1-4b65-b4bf-728310f0e26e/element
[2026-06-14T10:15:19.044Z] [ALL] 06-14 15:45:19.218 19463 19503 I appium  : FindElement command
[2026-06-14T10:15:19.044Z] [ALL] 06-14 15:45:19.219  1486  1741 D InetDiagMessage: Destroyed 0 sockets, proto=IPPROTO_TCP, family=AF_INET, states=14
[2026-06-14T10:15:19.044Z] [ALL] 06-14 15:45:19.219 19463 19503 I appium  : method: 'xpath', selector: '//*[contains(@resource-id, "otp_toggle_btn") or @content-desc="otp_toggle_btn"]'
[2026-06-14T10:15:19.044Z] [ALL] 06-14 15:45:19.219 19463 19503 I appium  : Waiting up to 10000ms for the device to idle
[2026-06-14T10:15:19.044Z] [ALL] 06-14 15:45:19.220 19463 19503 I appium  : The following attributes will be included to the page source: [resource-id, content-desc]
[2026-06-14T10:15:19.044Z] [ALL] 06-14 15:45:19.220  1486  1741 D InetDiagMessage: Destroyed 0 sockets, proto=IPPROTO_TCP, family=AF_INET6, states=14
[2026-06-14T10:15:19.044Z] [ALL] 06-14 15:45:19.220  1486  1741 D InetDiagMessage: Destroyed live tcp sockets for uids={20136} in 3ms
[2026-06-14T10:15:19.044Z] [ALL] 06-14 15:45:19.222  1486  1741 D InetDiagMessage: Destroyed 0 sockets, proto=IPPROTO_TCP, family=AF_INET, states=14
[2026-06-14T10:15:19.044Z] [ALL] 06-14 15:45:19.224  1486  1741 D InetDiagMessage: Destroyed 0 sockets, proto=IPPROTO_TCP, family=AF_INET6, states=14
[2026-06-14T10:15:19.044Z] [ALL] 06-14 15:45:19.224  1486  1741 D InetDiagMessage: Destroyed live tcp sockets for uids={15010136} in 4ms
[2026-06-14T10:15:19.044Z] [ALL] 06-14 15:45:19.225  1486  1741 D InetDiagMessage: Destroyed 0 sockets, proto=IPPROTO_TCP, family=AF_INET, states=14
[2026-06-14T10:15:19.044Z] [ALL] 06-14 15:45:19.227  1486  1741 D InetDiagMessage: Destroyed 0 sockets, proto=IPPROTO_TCP, family=AF_INET6, states=14
[2026-06-14T10:15:19.044Z] [ALL] 06-14 15:45:19.227  1486  1741 D InetDiagMessage: Destroyed live tcp sockets for uids={15020136} in 3ms
[2026-06-14T10:15:19.061Z] [ALL] 06-14 15:45:19.269  1486  4489 D WindowManager: captureDisplay
[2026-06-14T10:15:19.062Z] [ALL] 06-14 15:45:19.269  1486  4489 I SurfaceComposerClient: captureLayers:childrenOnly:1, sync:0
[2026-06-14T10:15:19.064Z] [ALL] 06-14 15:45:19.272  1149  1661 I SurfaceFlinger: Capture layer list: 	 com.safebank.ai/com.safebank.ai.MainActivity$_19655#104730(preserveDisplayColors:0)
[2026-06-14T10:15:19.066Z] [ALL] 06-14 15:45:19.272  1149  1661 I SurfaceFlinger: Capture layer list: 	 StatusBar$_2112#94(preserveDisplayColors:0)
[2026-06-14T10:15:19.066Z] [ALL] 06-14 15:45:19.272  1149  1661 I SurfaceFlinger: Capture layer list: 	 com.sec.android.app.launcher/com.samsung.app.honeyspace.edge.edgepanel.app.CocktailBarService$_2619#103972(preserveDisplayColors:0)
[2026-06-14T10:15:19.066Z] [ALL] 06-14 15:45:19.272  1149  1661 I SurfaceFlinger: Capture layer list: 	 NavigationBar0$_2112#90(preserveDisplayColors:0)
[2026-06-14T10:15:19.067Z] [ALL] 06-14 15:45:19.274  1149  1201 D SurfaceFlinger: [SEC_SF_EFFECTS] drawLayersInternal,1348, Rendering layer ScreenCaptureFillLayer at index 0
[2026-06-14T10:15:19.067Z] [ALL] 06-14 15:45:19.274  1149  1201 D SurfaceFlinger: [SEC_SF_EFFECTS] drawLayersInternal,1348, Rendering layer com.safebank.ai/com.safebank.ai.MainActivity$_19655#104730 at index 1
[2026-06-14T10:15:19.067Z] [ALL] 06-14 15:45:19.274  1149  1201 D SurfaceFlinger: [SEC_SF_EFFECTS] drawLayersInternal,1348, Rendering layer StatusBar$_2112#94 at index 2
[2026-06-14T10:15:19.067Z] [ALL] 06-14 15:45:19.274  1149  1201 D SurfaceFlinger: [SEC_SF_EFFECTS] drawLayersInternal,1348, Rendering layer com.sec.android.app.launcher/com.samsung.app.honeyspace.edge.edgepanel.app.CocktailBarService$_2619#103972 at index 3
[2026-06-14T10:15:19.067Z] [ALL] 06-14 15:45:19.274  1149  1201 D SurfaceFlinger: [SEC_SF_EFFECTS] drawLayersInternal,1348, Rendering layer NavigationBar0$_2112#90 at index 4
[2026-06-14T10:15:19.092Z] [ALL] 06-14 15:45:19.300 19463 19503 I appium  : Took 0ms to retrieve 0 matches for '//*[contains(@resource-id, "otp_toggle_btn") or @content-desc="otp_toggle_btn"]' XPath2 query
[2026-06-14T10:15:19.094Z] [ALL] 06-14 15:45:19.301 19463 19503 I appium  : AppiumResponse: {"sessionId":"ed6c8e2c-e5c1-4b65-b4bf-728310f0e26e","value":{"error":"no such element","message":"An element could not be located on the page using the given search parameters","stacktrace":"io.appium.uiautomator2.common.exceptions.ElementNotFoundException: An element could not be located on the page using the given search parameters\n\tat io.appium.uiautomator2.utils.ElementLocationHelpers.findElement(ElementLocationHelpers.java:153)\n\tat io.appium.uiautomator2.handler.FindElement.safeHandle(FindElement.java:60)\n\tat io.appium.uiautomator2.handler.request.SafeRequestHandler.handle(SafeRequestHandler.java:59)\n\tat io.appium.uiautomator2.server.AppiumServlet.handleRequest(AppiumServlet.java:267)\n\tat io.appium.uiautomator2.server.AppiumServlet.handleHttpRequest(AppiumServlet.java:261)\n\tat io.appium.uiautomator2.http.ServerHandler.channelRead(ServerHandler.java:77)\n\tat io.netty.channel.AbstractChannelHandlerContext.fireChannelRead(AbstractChannelHandlerContext.java:357)\n\tat io.netty.handler.codec.MessageToMessageDecoder.channelRead(MessageToMessageDecoder.java:107)\n\tat io.netty.channel.AbstractChannelHandlerContext.fireChannelRead(AbstractChannelHandlerContext.java:357)\n\tat io.netty.channel.CombinedChannelDuplexHandler$DelegatingChannelHandlerContext.fireChannelRead(CombinedChannelDuplexHandler.java:434)\n\tat io.netty.handler.codec.ByteToMessageDecoder.fireChannelRead(ByteToMessageDecoder.java:361)\n\tat io.netty.handler.codec.ByteToMessageDecoder.channelRead(ByteToMessageDecoder.java:325)\n\tat io.netty.channel.CombinedChannelDuplexHandler.channelRead(CombinedChannelDuplexHandler.java:249)\n\tat io.netty.channel.AbstractChannelHandlerContext.fireChannelRead(AbstractChannelHandlerContext.java:355)\n\tat io.netty.handler.timeout.IdleStateHandler.channelRead(IdleStateHandler.java:288)\n\tat io.netty.channel.AbstractChannelHandlerContext.fireChannelRead(AbstractChannelHandlerContext.java:355)\n\tat io.netty.channel.DefaultChannelPipeline$HeadContext.channelRead(DefaultChannelPipeline.java:1429)\n\tat io.netty.channel.DefaultChannelPipeline.fireChannelRead(DefaultChannelPipeline.java:918)\n\tat io.netty.channel.nio.AbstractNioByteChannel$NioByteUnsafe.read(AbstractNioByteChannel.java:176)\n\tat io.netty.channel.nio.AbstractNioChannel$AbstractNioUnsafe.handle(AbstractNioChannel.java:445)\n\tat io.netty.channel.nio.NioIoHandler$DefaultNioRegistration.handle(NioIoHandler.java:388)\n\tat io.netty.channel.nio.NioIoHandler.processSelectedKey(NioIoHandler.java:596)\n\tat io.netty.channel.nio.NioIoHandler.processSelectedKeysOptimized(NioIoHandler.java:571)\n\tat io.netty.channel.nio.NioIoHandler.processSelectedKeys(NioIoHandler.java:512)\n\tat io.netty.channel.nio.NioIoHandler.run(NioIoHandler.java:484)\n\tat io.netty.channel.SingleThreadIoEventLoop.runIo(SingleThreadIoEventLoop.java:225)\n\tat io.netty.channel.SingleThreadIoEventLoop.run(SingleThreadIoEventLoop.java:196)\n\tat io.netty.util.concurrent.SingleThreadEventExecutor$5.run(SingleThreadEventExecutor.java:1195)\n\tat io.netty.util.internal.ThreadExecutorMap$2.run(ThreadExecutorMap.java:74)\n\tat io.netty.util.concurrent.FastThreadLocalRunnable.run(FastThreadLocalRunnable.java:30)\n\tat java.lang.Thread.run(Thread.java:1564)\n"}}
[2026-06-14T10:15:19.164Z] [ALL] 06-14 15:45:19.370  1486  2158 D WindowManager: captureDisplay
[2026-06-14T10:15:19.164Z] [ALL] 06-14 15:45:19.371  1486  2158 I SurfaceComposerClient: captureLayers:childrenOnly:1, sync:0
[2026-06-14T10:15:19.169Z] [ALL] 06-14 15:45:19.376  1149  1661 I SurfaceFlinger: Capture layer list: 	 com.safebank.ai/com.safebank.ai.MainActivity$_19655#104730(preserveDisplayColors:0)
[2026-06-14T10:15:19.171Z] [ALL] 06-14 15:45:19.376  1149  1661 I SurfaceFlinger: Capture layer list: 	 StatusBar$_2112#94(preserveDisplayColors:0)
[2026-06-14T10:15:19.171Z] [ALL] 06-14 15:45:19.376  1149  1661 I SurfaceFlinger: Capture layer list: 	 com.sec.android.app.launcher/com.samsung.app.honeyspace.edge.edgepanel.app.CocktailBarService$_2619#103972(preserveDisplayColors:0)
[2026-06-14T10:15:19.171Z] [ALL] 06-14 15:45:19.376  1149  1661 I SurfaceFlinger: Capture layer list: 	 NavigationBar0$_2112#90(preserveDisplayColors:0)
[2026-06-14T10:15:19.172Z] [ALL] 06-14 15:45:19.379  1149  1201 D SurfaceFlinger: [SEC_SF_EFFECTS] drawLayersInternal,1348, Rendering layer ScreenCaptureFillLayer at index 0
[2026-06-14T10:15:19.172Z] [ALL] 06-14 15:45:19.379  1149  1201 D SurfaceFlinger: [SEC_SF_EFFECTS] drawLayersInternal,1348, Rendering layer com.safebank.ai/com.safebank.ai.MainActivity$_19655#104730 at index 1
[2026-06-14T10:15:19.172Z] [ALL] 06-14 15:45:19.379  1149  1201 D SurfaceFlinger: [SEC_SF_EFFECTS] drawLayersInternal,1348, Rendering layer StatusBar$_2112#94 at index 2
[2026-06-14T10:15:19.172Z] [ALL] 06-14 15:45:19.379  1149  1201 D SurfaceFlinger: [SEC_SF_EFFECTS] drawLayersInternal,1348, Rendering layer com.sec.android.app.launcher/com.samsung.app.honeyspace.edge.edgepanel.app.CocktailBarService$_2619#103972 at index 3
[2026-06-14T10:15:19.172Z] [ALL] 06-14 15:45:19.379  1149  1201 D SurfaceFlinger: [SEC_SF_EFFECTS] drawLayersInternal,1348, Rendering layer NavigationBar0$_2112#90 at index 4
[2026-06-14T10:15:19.265Z] [ALL] 06-14 15:45:19.470  1486  2158 D WindowManager: captureDisplay
[2026-06-14T10:15:19.267Z] [ALL] 06-14 15:45:19.470  1486  2158 I SurfaceComposerClient: captureLayers:childrenOnly:1, sync:0
[2026-06-14T10:15:19.269Z] [ALL] 06-14 15:45:19.475  1149  1661 I SurfaceFlinger: Capture layer list: 	 com.safebank.ai/com.safebank.ai.MainActivity$_19655#104730(preserveDisplayColors:0)
[2026-06-14T10:15:19.269Z] [ALL] 06-14 15:45:19.475  1149  1661 I SurfaceFlinger: Capture layer list: 	 StatusBar$_2112#94(preserveDisplayColors:0)
[2026-06-14T10:15:19.269Z] [ALL] 06-14 15:45:19.475  1149  1661 I SurfaceFlinger: Capture layer list: 	 com.sec.android.app.launcher/com.samsung.app.honeyspace.edge.edgepanel.app.CocktailBarService$_2619#103972(preserveDisplayColors:0)
[2026-06-14T10:15:19.269Z] [ALL] 06-14 15:45:19.475  1149  1661 I SurfaceFlinger: Capture layer list: 	 NavigationBar0$_2112#90(preserveDisplayColors:0)
[2026-06-14T10:15:19.270Z] [ALL] 06-14 15:45:19.477  1149  1201 D SurfaceFlinger: [SEC_SF_EFFECTS] drawLayersInternal,1348, Rendering layer ScreenCaptureFillLayer at index 0
[2026-06-14T10:15:19.270Z] [ALL] 06-14 15:45:19.477  1149  1201 D SurfaceFlinger: [SEC_SF_EFFECTS] drawLayersInternal,1348, Rendering layer com.safebank.ai/com.safebank.ai.MainActivity$_19655#104730 at index 1
[2026-06-14T10:15:19.270Z] [ALL] 06-14 15:45:19.477  1149  1201 D SurfaceFlinger: [SEC_SF_EFFECTS] drawLayersInternal,1348, Rendering layer StatusBar$_2112#94 at index 2
[2026-06-14T10:15:19.270Z] [ALL] 06-14 15:45:19.477  1149  1201 D SurfaceFlinger: [SEC_SF_EFFECTS] drawLayersInternal,1348, Rendering layer com.sec.android.app.launcher/com.samsung.app.honeyspace.edge.edgepanel.app.CocktailBarService$_2619#103972 at index 3
[2026-06-14T10:15:19.270Z] [ALL] 06-14 15:45:19.477  1149  1201 D SurfaceFlinger: [SEC_SF_EFFECTS] drawLayersInternal,1348, Rendering layer NavigationBar0$_2112#90 at index 4
[2026-06-14T10:15:19.364Z] [ALL] 06-14 15:45:19.570  1486  2158 D WindowManager: captureDisplay
[2026-06-14T10:15:19.366Z] [ALL] 06-14 15:45:19.570  1486  2158 I SurfaceComposerClient: captureLayers:childrenOnly:1, sync:0
[2026-06-14T10:15:19.369Z] [ALL] 06-14 15:45:19.574  1149  1661 I SurfaceFlinger: Capture layer list: 	 com.safebank.ai/com.safebank.ai.MainActivity$_19655#104730(preserveDisplayColors:0)
[2026-06-14T10:15:19.369Z] [ALL] 06-14 15:45:19.574  1149  1661 I SurfaceFlinger: Capture layer list: 	 StatusBar$_2112#94(preserveDisplayColors:0)
[2026-06-14T10:15:19.369Z] [ALL] 06-14 15:45:19.574  1149  1661 I SurfaceFlinger: Capture layer list: 	 com.sec.android.app.launcher/com.samsung.app.honeyspace.edge.edgepanel.app.CocktailBarService$_2619#103972(preserveDisplayColors:0)
[2026-06-14T10:15:19.369Z] [ALL] 06-14 15:45:19.574  1149  1661 I SurfaceFlinger: Capture layer list: 	 NavigationBar0$_2112#90(preserveDisplayColors:0)
[2026-06-14T10:15:19.381Z] [ALL] 06-14 15:45:19.577  1149  1201 D SurfaceFlinger: [SEC_SF_EFFECTS] drawLayersInternal,1348, Rendering layer ScreenCaptureFillLayer at index 0
[2026-06-14T10:15:19.381Z] [ALL] 06-14 15:45:19.577  1149  1201 D SurfaceFlinger: [SEC_SF_EFFECTS] drawLayersInternal,1348, Rendering layer com.safebank.ai/com.safebank.ai.MainActivity$_19655#104730 at index 1
[2026-06-14T10:15:19.381Z] [ALL] 06-14 15:45:19.577  1149  1201 D SurfaceFlinger: [SEC_SF_EFFECTS] drawLayersInternal,1348, Rendering layer StatusBar$_2112#94 at index 2
[2026-06-14T10:15:19.381Z] [ALL] 06-14 15:45:19.577  1149  1201 D SurfaceFlinger: [SEC_SF_EFFECTS] drawLayersInternal,1348, Rendering layer com.sec.android.app.launcher/com.samsung.app.honeyspace.edge.edgepanel.app.CocktailBarService$_2619#103972 at index 3
[2026-06-14T10:15:19.381Z] [ALL] 06-14 15:45:19.577  1149  1201 D SurfaceFlinger: [SEC_SF_EFFECTS] drawLayersInternal,1348, Rendering layer NavigationBar0$_2112#90 at index 4
[2026-06-14T10:15:19.390Z] [ALL] 06-14 15:45:19.593 27719 27783 I Finsky  : [2608] Initializing the instant apps module.
[2026-06-14T10:15:19.464Z] [ALL] 06-14 15:45:19.670  1486  2158 D WindowManager: captureDisplay
[2026-06-14T10:15:19.465Z] [ALL] 06-14 15:45:19.671  1486  2158 I SurfaceComposerClient: captureLayers:childrenOnly:1, sync:0
[2026-06-14T10:15:19.469Z] [ALL] 06-14 15:45:19.675  1149  1661 I SurfaceFlinger: Capture layer list: 	 com.safebank.ai/com.safebank.ai.MainActivity$_19655#104730(preserveDisplayColors:0)
[2026-06-14T10:15:19.472Z] [ALL] 06-14 15:45:19.675  1149  1661 I SurfaceFlinger: Capture layer list: 	 StatusBar$_2112#94(preserveDisplayColors:0)
[2026-06-14T10:15:19.472Z] [ALL] 06-14 15:45:19.675  1149  1661 I SurfaceFlinger: Capture layer list: 	 com.sec.android.app.launcher/com.samsung.app.honeyspace.edge.edgepanel.app.CocktailBarService$_2619#103972(preserveDisplayColors:0)
[2026-06-14T10:15:19.472Z] [ALL] 06-14 15:45:19.675  1149  1661 I SurfaceFlinger: Capture layer list: 	 NavigationBar0$_2112#90(preserveDisplayColors:0)
[2026-06-14T10:15:19.472Z] [ALL] 06-14 15:45:19.677  1149  1201 D SurfaceFlinger: [SEC_SF_EFFECTS] drawLayersInternal,1348, Rendering layer ScreenCaptureFillLayer at index 0
[2026-06-14T10:15:19.472Z] [ALL] 06-14 15:45:19.677  1149  1201 D SurfaceFlinger: [SEC_SF_EFFECTS] drawLayersInternal,1348, Rendering layer com.safebank.ai/com.safebank.ai.MainActivity$_19655#104730 at index 1
[2026-06-14T10:15:19.472Z] [ALL] 06-14 15:45:19.677  1149  1201 D SurfaceFlinger: [SEC_SF_EFFECTS] drawLayersInternal,1348, Rendering layer StatusBar$_2112#94 at index 2
[2026-06-14T10:15:19.472Z] [ALL] 06-14 15:45:19.678  1149  1201 D SurfaceFlinger: [SEC_SF_EFFECTS] drawLayersInternal,1348, Rendering layer com.sec.android.app.launcher/com.samsung.app.honeyspace.edge.edgepanel.app.CocktailBarService$_2619#103972 at index 3
[2026-06-14T10:15:19.472Z] [ALL] 06-14 15:45:19.678  1149  1201 D SurfaceFlinger: [SEC_SF_EFFECTS] drawLayersInternal,1348, Rendering layer NavigationBar0$_2112#90 at index 4
[2026-06-14T10:15:19.492Z] [ALL] 06-14 15:45:19.690  1486  2158 I ActivityManager: Changes in 10470 11 to 19, 384 to 0
[2026-06-14T10:15:19.492Z] [ALL] 06-14 15:45:19.698  1149  1280 I SurfaceFlinger: Current= 60, Period= 60, hwcPeriod= 60
[2026-06-14T10:15:19.496Z] [ALL] 06-14 15:45:19.701  1486  1526 I ActivityManager: Changes in 10470 19 to 11, 0 to 384
[2026-06-14T10:15:19.516Z] [ALL] 06-14 15:45:19.720  1486  1741 D InetDiagMessage: Destroyed 0 sockets, proto=IPPROTO_TCP, family=AF_INET, states=14
[2026-06-14T10:15:19.517Z] [ALL] 06-14 15:45:19.723  1486  1741 D InetDiagMessage: Destroyed 0 sockets, proto=IPPROTO_TCP, family=AF_INET6, states=14
[2026-06-14T10:15:19.517Z] [ALL] 06-14 15:45:19.723  1486  1741 D InetDiagMessage: Destroyed live tcp sockets for uids={15010322} in 5ms
[2026-06-14T10:15:19.517Z] [ALL] 06-14 15:45:19.725  1486  1741 D InetDiagMessage: Destroyed 0 sockets, proto=IPPROTO_TCP, family=AF_INET, states=14
[2026-06-14T10:15:19.520Z] [ALL] 06-14 15:45:19.726  1486  1741 D InetDiagMessage: Destroyed 0 sockets, proto=IPPROTO_TCP, family=AF_INET6, states=14
[2026-06-14T10:15:19.521Z] [ALL] 06-14 15:45:19.726  1486  1741 D InetDiagMessage: Destroyed live tcp sockets for uids={15020322} in 3ms
[2026-06-14T10:15:19.566Z] [ALL] 06-14 15:45:19.771  1486  4489 D WindowManager: captureDisplay
[2026-06-14T10:15:19.566Z] [ALL] 06-14 15:45:19.771  1486  4489 I SurfaceComposerClient: captureLayers:childrenOnly:1, sync:0
[2026-06-14T10:15:19.572Z] [ALL] 06-14 15:45:19.776  1149  1661 I SurfaceFlinger: Capture layer list: 	 com.safebank.ai/com.safebank.ai.MainActivity$_19655#104730(preserveDisplayColors:0)
[2026-06-14T10:15:19.575Z] [ALL] 06-14 15:45:19.776  1149  1661 I SurfaceFlinger: Capture layer list: 	 StatusBar$_2112#94(preserveDisplayColors:0)
[2026-06-14T10:15:19.575Z] [ALL] 06-14 15:45:19.776  1149  1661 I SurfaceFlinger: Capture layer list: 	 com.sec.android.app.launcher/com.samsung.app.honeyspace.edge.edgepanel.app.CocktailBarService$_2619#103972(preserveDisplayColors:0)
[2026-06-14T10:15:19.575Z] [ALL] 06-14 15:45:19.776  1149  1661 I SurfaceFlinger: Capture layer list: 	 NavigationBar0$_2112#90(preserveDisplayColors:0)
[2026-06-14T10:15:19.575Z] [ALL] 06-14 15:45:19.778  1149  1201 D SurfaceFlinger: [SEC_SF_EFFECTS] drawLayersInternal,1348, Rendering layer ScreenCaptureFillLayer at index 0
[2026-06-14T10:15:19.575Z] [ALL] 06-14 15:45:19.778  1149  1201 D SurfaceFlinger: [SEC_SF_EFFECTS] drawLayersInternal,1348, Rendering layer com.safebank.ai/com.safebank.ai.MainActivity$_19655#104730 at index 1
[2026-06-14T10:15:19.575Z] [ALL] 06-14 15:45:19.778  1149  1201 D SurfaceFlinger: [SEC_SF_EFFECTS] drawLayersInternal,1348, Rendering layer StatusBar$_2112#94 at index 2
[2026-06-14T10:15:19.575Z] [ALL] 06-14 15:45:19.779  1149  1201 D SurfaceFlinger: [SEC_SF_EFFECTS] drawLayersInternal,1348, Rendering layer com.sec.android.app.launcher/com.samsung.app.honeyspace.edge.edgepanel.app.CocktailBarService$_2619#103972 at index 3
[2026-06-14T10:15:19.575Z] [ALL] 06-14 15:45:19.779  1149  1201 D SurfaceFlinger: [SEC_SF_EFFECTS] drawLayersInternal,1348, Rendering layer NavigationBar0$_2112#90 at index 4
[2026-06-14T10:15:19.613Z] [ALL] 06-14 15:45:19.821 19463 19503 I appium  : channel read: POST /session/ed6c8e2c-e5c1-4b65-b4bf-728310f0e26e/element
[2026-06-14T10:15:19.615Z] [ALL] 06-14 15:45:19.821 19463 19503 I appium  : FindElement command
[2026-06-14T10:15:19.615Z] [ALL] 06-14 15:45:19.822 19463 19503 I appium  : method: 'xpath', selector: '//*[contains(@resource-id, "otp_toggle_btn") or @content-desc="otp_toggle_btn"]'
[2026-06-14T10:15:19.615Z] [ALL] 06-14 15:45:19.822 19463 19503 I appium  : Waiting up to 10000ms for the device to idle
[2026-06-14T10:15:19.616Z] [ALL] 06-14 15:45:19.823 19463 19503 I appium  : The following attributes will be included to the page source: [resource-id, content-desc]
[2026-06-14T10:15:19.678Z] [ALL] 06-14 15:45:19.858  1486  1856 D SemWifiSwitchForIndividualAppsService: isSkipNetworkCondition - result:2
[2026-06-14T10:15:19.691Z] [ALL] 06-14 15:45:19.870  1486  2158 D WindowManager: captureDisplay
[2026-06-14T10:15:19.691Z] [ALL] 06-14 15:45:19.870  1486  2158 I SurfaceComposerClient: captureLayers:childrenOnly:1, sync:0
[2026-06-14T10:15:19.691Z] [ALL] 06-14 15:45:19.874  1149  1661 I SurfaceFlinger: Capture layer list: 	 com.safebank.ai/com.safebank.ai.MainActivity$_19655#104730(preserveDisplayColors:0)
[2026-06-14T10:15:19.691Z] [ALL] 06-14 15:45:19.874  1149  1661 I SurfaceFlinger: Capture layer list: 	 StatusBar$_2112#94(preserveDisplayColors:0)
[2026-06-14T10:15:19.691Z] [ALL] 06-14 15:45:19.874  1149  1661 I SurfaceFlinger: Capture layer list: 	 com.sec.android.app.launcher/com.samsung.app.honeyspace.edge.edgepanel.app.CocktailBarService$_2619#103972(preserveDisplayColors:0)
[2026-06-14T10:15:19.691Z] [ALL] 06-14 15:45:19.874  1149  1661 I SurfaceFlinger: Capture layer list: 	 NavigationBar0$_2112#90(preserveDisplayColors:0)
[2026-06-14T10:15:19.691Z] [ALL] 06-14 15:45:19.875  1149  1201 D SurfaceFlinger: [SEC_SF_EFFECTS] drawLayersInternal,1348, Rendering layer ScreenCaptureFillLayer at index 0
[2026-06-14T10:15:19.691Z] [ALL] 06-14 15:45:19.875  1149  1201 D SurfaceFlinger: [SEC_SF_EFFECTS] drawLayersInternal,1348, Rendering layer com.safebank.ai/com.safebank.ai.MainActivity$_19655#104730 at index 1
[2026-06-14T10:15:19.691Z] [ALL] 06-14 15:45:19.875  1149  1201 D SurfaceFlinger: [SEC_SF_EFFECTS] drawLayersInternal,1348, Rendering layer StatusBar$_2112#94 at index 2
[2026-06-14T10:15:19.691Z] [ALL] 06-14 15:45:19.875  1149  1201 D SurfaceFlinger: [SEC_SF_EFFECTS] drawLayersInternal,1348, Rendering layer com.sec.android.app.launcher/com.samsung.app.honeyspace.edge.edgepanel.app.CocktailBarService$_2619#103972 at index 3
[2026-06-14T10:15:19.691Z] [ALL] 06-14 15:45:19.875  1149  1201 D SurfaceFlinger: [SEC_SF_EFFECTS] drawLayersInternal,1348, Rendering layer NavigationBar0$_2112#90 at index 4
[2026-06-14T10:15:19.706Z] [ALL] 06-14 15:45:19.910 19463 19503 I appium  : Took 0ms to retrieve 0 matches for '//*[contains(@resource-id, "otp_toggle_btn") or @content-desc="otp_toggle_btn"]' XPath2 query
[2026-06-14T10:15:19.710Z] [ALL] 06-14 15:45:19.912 19463 19503 I appium  : AppiumResponse: {"sessionId":"ed6c8e2c-e5c1-4b65-b4bf-728310f0e26e","value":{"error":"no such element","message":"An element could not be located on the page using the given search parameters","stacktrace":"io.appium.uiautomator2.common.exceptions.ElementNotFoundException: An element could not be located on the page using the given search parameters\n\tat io.appium.uiautomator2.utils.ElementLocationHelpers.findElement(ElementLocationHelpers.java:153)\n\tat io.appium.uiautomator2.handler.FindElement.safeHandle(FindElement.java:60)\n\tat io.appium.uiautomator2.handler.request.SafeRequestHandler.handle(SafeRequestHandler.java:59)\n\tat io.appium.uiautomator2.server.AppiumServlet.handleRequest(AppiumServlet.java:267)\n\tat io.appium.uiautomator2.server.AppiumServlet.handleHttpRequest(AppiumServlet.java:261)\n\tat io.appium.uiautomator2.http.ServerHandler.channelRead(ServerHandler.java:77)\n\tat io.netty.channel.AbstractChannelHandlerContext.fireChannelRead(AbstractChannelHandlerContext.java:357)\n\tat io.netty.handler.codec.MessageToMessageDecoder.channelRead(MessageToMessageDecoder.java:107)\n\tat io.netty.channel.AbstractChannelHandlerContext.fireChannelRead(AbstractChannelHandlerContext.java:357)\n\tat io.netty.channel.CombinedChannelDuplexHandler$DelegatingChannelHandlerContext.fireChannelRead(CombinedChannelDuplexHandler.java:434)\n\tat io.netty.handler.codec.ByteToMessageDecoder.fireChannelRead(ByteToMessageDecoder.java:361)\n\tat io.netty.handler.codec.ByteToMessageDecoder.channelRead(ByteToMessageDecoder.java:325)\n\tat io.netty.channel.CombinedChannelDuplexHandler.channelRead(CombinedChannelDuplexHandler.java:249)\n\tat io.netty.channel.AbstractChannelHandlerContext.fireChannelRead(AbstractChannelHandlerContext.java:355)\n\tat io.netty.handler.timeout.IdleStateHandler.channelRead(IdleStateHandler.java:288)\n\tat io.netty.channel.AbstractChannelHandlerContext.fireChannelRead(AbstractChannelHandlerContext.java:355)\n\tat io.netty.channel.DefaultChannelPipeline$HeadContext.channelRead(DefaultChannelPipeline.java:1429)\n\tat io.netty.channel.DefaultChannelPipeline.fireChannelRead(DefaultChannelPipeline.java:918)\n\tat io.netty.channel.nio.AbstractNioByteChannel$NioByteUnsafe.read(AbstractNioByteChannel.java:176)\n\tat io.netty.channel.nio.AbstractNioChannel$AbstractNioUnsafe.handle(AbstractNioChannel.java:445)\n\tat io.netty.channel.nio.NioIoHandler$DefaultNioRegistration.handle(NioIoHandler.java:388)\n\tat io.netty.channel.nio.NioIoHandler.processSelectedKey(NioIoHandler.java:596)\n\tat io.netty.channel.nio.NioIoHandler.processSelectedKeysOptimized(NioIoHandler.java:571)\n\tat io.netty.channel.nio.NioIoHandler.processSelectedKeys(NioIoHandler.java:512)\n\tat io.netty.channel.nio.NioIoHandler.run(NioIoHandler.java:484)\n\tat io.netty.channel.SingleThreadIoEventLoop.runIo(SingleThreadIoEventLoop.java:225)\n\tat io.netty.channel.SingleThreadIoEventLoop.run(SingleThreadIoEventLoop.java:196)\n\tat io.netty.util.concurrent.SingleThreadEventExecutor$5.run(SingleThreadEventExecutor.java:1195)\n\tat io.netty.util.internal.ThreadExecutorMap$2.run(ThreadExecutorMap.java:74)\n\tat io.netty.util.concurrent.FastThreadLocalRunnable.run(FastThreadLocalRunnable.java:30)\n\tat java.lang.Thread.run(Thread.java:1564)\n"}}
[2026-06-14T10:15:19.765Z] [ALL] 06-14 15:45:19.971  1486  2158 D WindowManager: captureDisplay
[2026-06-14T10:15:19.765Z] [ALL] 06-14 15:45:19.971  1486  2158 I SurfaceComposerClient: captureLayers:childrenOnly:1, sync:0
[2026-06-14T10:15:19.776Z] [ALL] 06-14 15:45:19.976  1149  1661 I SurfaceFlinger: Capture layer list: 	 com.safebank.ai/com.safebank.ai.MainActivity$_19655#104730(preserveDisplayColors:0)
[2026-06-14T10:15:19.776Z] [ALL] 06-14 15:45:19.976  1149  1661 I SurfaceFlinger: Capture layer list: 	 StatusBar$_2112#94(preserveDisplayColors:0)
[2026-06-14T10:15:19.776Z] [ALL] 06-14 15:45:19.976  1149  1661 I SurfaceFlinger: Capture layer list: 	 com.sec.android.app.launcher/com.samsung.app.honeyspace.edge.edgepanel.app.CocktailBarService$_2619#103972(preserveDisplayColors:0)
[2026-06-14T10:15:19.776Z] [ALL] 06-14 15:45:19.976  1149  1661 I SurfaceFlinger: Capture layer list: 	 NavigationBar0$_2112#90(preserveDisplayColors:0)
[2026-06-14T10:15:19.778Z] [ALL] 06-14 15:45:19.978  1149  1201 D SurfaceFlinger: [SEC_SF_EFFECTS] drawLayersInternal,1348, Rendering layer ScreenCaptureFillLayer at index 0
[2026-06-14T10:15:19.778Z] [ALL] 06-14 15:45:19.978  1149  1201 D SurfaceFlinger: [SEC_SF_EFFECTS] drawLayersInternal,1348, Rendering layer com.safebank.ai/com.safebank.ai.MainActivity$_19655#104730 at index 1
[2026-06-14T10:15:19.778Z] [ALL] 06-14 15:45:19.978  1149  1201 D SurfaceFlinger: [SEC_SF_EFFECTS] drawLayersInternal,1348, Rendering layer StatusBar$_2112#94 at index 2
[2026-06-14T10:15:19.778Z] [ALL] 06-14 15:45:19.978  1149  1201 D SurfaceFlinger: [SEC_SF_EFFECTS] drawLayersInternal,1348, Rendering layer com.sec.android.app.launcher/com.samsung.app.honeyspace.edge.edgepanel.app.CocktailBarService$_2619#103972 at index 3
[2026-06-14T10:15:19.778Z] [ALL] 06-14 15:45:19.978  1149  1201 D SurfaceFlinger: [SEC_SF_EFFECTS] drawLayersInternal,1348, Rendering layer NavigationBar0$_2112#90 at index 4
[2026-06-14T10:15:19.866Z] [ALL] 06-14 15:45:20.071  1486  2158 D WindowManager: captureDisplay
[2026-06-14T10:15:19.879Z] [ALL] 06-14 15:45:20.072  1486  2158 I SurfaceComposerClient: captureLayers:childrenOnly:1, sync:0
[2026-06-14T10:15:19.882Z] [ALL] 06-14 15:45:20.077  1149  1661 I SurfaceFlinger: Capture layer list: 	 com.safebank.ai/com.safebank.ai.MainActivity$_19655#104730(preserveDisplayColors:0)
[2026-06-14T10:15:19.882Z] [ALL] 06-14 15:45:20.077  1149  1661 I SurfaceFlinger: Capture layer list: 	 StatusBar$_2112#94(preserveDisplayColors:0)
[2026-06-14T10:15:19.882Z] [ALL] 06-14 15:45:20.077  1149  1661 I SurfaceFlinger: Capture layer list: 	 com.sec.android.app.launcher/com.samsung.app.honeyspace.edge.edgepanel.app.CocktailBarService$_2619#103972(preserveDisplayColors:0)
[2026-06-14T10:15:19.882Z] [ALL] 06-14 15:45:20.077  1149  1661 I SurfaceFlinger: Capture layer list: 	 NavigationBar0$_2112#90(preserveDisplayColors:0)
[2026-06-14T10:15:19.882Z] [ALL] 06-14 15:45:20.078  1928  2767 D PhoneInterfaceManager: setDataEnabledForReason() Reason=1 Pid=1486 App=system
[2026-06-14T10:15:19.882Z] [ALL] 06-14 15:45:20.079  1149  1201 D SurfaceFlinger: [SEC_SF_EFFECTS] drawLayersInternal,1348, Rendering layer ScreenCaptureFillLayer at index 0
[2026-06-14T10:15:19.882Z] [ALL] 06-14 15:45:20.079  1149  1201 D SurfaceFlinger: [SEC_SF_EFFECTS] drawLayersInternal,1348, Rendering layer com.safebank.ai/com.safebank.ai.MainActivity$_19655#104730 at index 1
[2026-06-14T10:15:19.882Z] [ALL] 06-14 15:45:20.079  1149  1201 D SurfaceFlinger: [SEC_SF_EFFECTS] drawLayersInternal,1348, Rendering layer StatusBar$_2112#94 at index 2
[2026-06-14T10:15:19.883Z] [ALL] 06-14 15:45:20.079  1149  1201 D SurfaceFlinger: [SEC_SF_EFFECTS] drawLayersInternal,1348, Rendering layer com.sec.android.app.launcher/com.samsung.app.honeyspace.edge.edgepanel.app.CocktailBarService$_2619#103972 at index 3
[2026-06-14T10:15:19.883Z] [ALL] 06-14 15:45:20.079  1149  1201 D SurfaceFlinger: [SEC_SF_EFFECTS] drawLayersInternal,1348, Rendering layer NavigationBar0$_2112#90 at index 4
[2026-06-14T10:15:19.964Z] [ALL] 06-14 15:45:20.171  1486  2158 D WindowManager: captureDisplay
[2026-06-14T10:15:19.964Z] [ALL] 06-14 15:45:20.172  1486  2158 I SurfaceComposerClient: captureLayers:childrenOnly:1, sync:0
[2026-06-14T10:15:19.970Z] [ALL] 06-14 15:45:20.176  1149  1661 I SurfaceFlinger: Capture layer list: 	 com.safebank.ai/com.safebank.ai.MainActivity$_19655#104730(preserveDisplayColors:0)
[2026-06-14T10:15:19.970Z] [ALL] 06-14 15:45:20.176  1149  1661 I SurfaceFlinger: Capture layer list: 	 StatusBar$_2112#94(preserveDisplayColors:0)
[2026-06-14T10:15:19.970Z] [ALL] 06-14 15:45:20.176  1149  1661 I SurfaceFlinger: Capture layer list: 	 com.sec.android.app.launcher/com.samsung.app.honeyspace.edge.edgepanel.app.CocktailBarService$_2619#103972(preserveDisplayColors:0)
[2026-06-14T10:15:19.970Z] [ALL] 06-14 15:45:20.176  1149  1661 I SurfaceFlinger: Capture layer list: 	 NavigationBar0$_2112#90(preserveDisplayColors:0)
[2026-06-14T10:15:19.972Z] [ALL] 06-14 15:45:20.178  1149  1201 D SurfaceFlinger: [SEC_SF_EFFECTS] drawLayersInternal,1348, Rendering layer ScreenCaptureFillLayer at index 0
[2026-06-14T10:15:19.972Z] [ALL] 06-14 15:45:20.178  1149  1201 D SurfaceFlinger: [SEC_SF_EFFECTS] drawLayersInternal,1348, Rendering layer com.safebank.ai/com.safebank.ai.MainActivity$_19655#104730 at index 1
[2026-06-14T10:15:19.972Z] [ALL] 06-14 15:45:20.178  1149  1201 D SurfaceFlinger: [SEC_SF_EFFECTS] drawLayersInternal,1348, Rendering layer StatusBar$_2112#94 at index 2
[2026-06-14T10:15:19.972Z] [ALL] 06-14 15:45:20.179  1149  1201 D SurfaceFlinger: [SEC_SF_EFFECTS] drawLayersInternal,1348, Rendering layer com.sec.android.app.launcher/com.samsung.app.honeyspace.edge.edgepanel.app.CocktailBarService$_2619#103972 at index 3
[2026-06-14T10:15:19.972Z] [ALL] 06-14 15:45:20.179  1149  1201 D SurfaceFlinger: [SEC_SF_EFFECTS] drawLayersInternal,1348, Rendering layer NavigationBar0$_2112#90 at index 4
[2026-06-14T10:15:20.063Z] [ALL] 06-14 15:45:20.265  1486  1741 D InetDiagMessage: Destroyed 0 sockets, proto=IPPROTO_TCP, family=AF_INET, states=14
[2026-06-14T10:15:20.065Z] [ALL] 06-14 15:45:20.267  1486  1741 D InetDiagMessage: Destroyed 0 sockets, proto=IPPROTO_TCP, family=AF_INET6, states=14
[2026-06-14T10:15:20.065Z] [ALL] 06-14 15:45:20.267  1486  1741 D InetDiagMessage: Destroyed live tcp sockets for uids={10317} in 4ms
[2026-06-14T10:15:20.065Z] [ALL] 06-14 15:45:20.269  1486  1741 D InetDiagMessage: Destroyed 0 sockets, proto=IPPROTO_TCP, family=AF_INET, states=14
[2026-06-14T10:15:20.065Z] [ALL] 06-14 15:45:20.270  1486  1741 D InetDiagMessage: Destroyed 0 sockets, proto=IPPROTO_TCP, family=AF_INET6, states=14
[2026-06-14T10:15:20.065Z] [ALL] 06-14 15:45:20.270  1486  1741 D InetDiagMessage: Destroyed live tcp sockets for uids={20317} in 3ms
[2026-06-14T10:15:20.065Z] [ALL] 06-14 15:45:20.272  1486  2158 D WindowManager: captureDisplay
[2026-06-14T10:15:20.065Z] [ALL] 06-14 15:45:20.272  1486  2158 I SurfaceComposerClient: captureLayers:childrenOnly:1, sync:0
[2026-06-14T10:15:20.066Z] [ALL] 06-14 15:45:20.272  1486  1741 D InetDiagMessage: Destroyed 0 sockets, proto=IPPROTO_TCP, family=AF_INET, states=14
[2026-06-14T10:15:20.068Z] [ALL] 06-14 15:45:20.274  1486  1741 D InetDiagMessage: Destroyed 0 sockets, proto=IPPROTO_TCP, family=AF_INET6, states=14
[2026-06-14T10:15:20.068Z] [ALL] 06-14 15:45:20.274  1486  1741 D InetDiagMessage: Destroyed live tcp sockets for uids={15010317} in 4ms
[2026-06-14T10:15:20.071Z] [ALL] 06-14 15:45:20.276  1486  1741 D InetDiagMessage: Destroyed 0 sockets, proto=IPPROTO_TCP, family=AF_INET, states=14
[2026-06-14T10:15:20.071Z] [ALL] 06-14 15:45:20.276  1149  1661 I SurfaceFlinger: Capture layer list: 	 com.safebank.ai/com.safebank.ai.MainActivity$_19655#104730(preserveDisplayColors:0)
[2026-06-14T10:15:20.071Z] [ALL] 06-14 15:45:20.276  1149  1661 I SurfaceFlinger: Capture layer list: 	 StatusBar$_2112#94(preserveDisplayColors:0)
[2026-06-14T10:15:20.071Z] [ALL] 06-14 15:45:20.276  1149  1661 I SurfaceFlinger: Capture layer list: 	 com.sec.android.app.launcher/com.samsung.app.honeyspace.edge.edgepanel.app.CocktailBarService$_2619#103972(preserveDisplayColors:0)
[2026-06-14T10:15:20.071Z] [ALL] 06-14 15:45:20.276  1149  1661 I SurfaceFlinger: Capture layer list: 	 NavigationBar0$_2112#90(preserveDisplayColors:0)
[2026-06-14T10:15:20.071Z] [ALL] 06-14 15:45:20.278  1486  1741 D InetDiagMessage: Destroyed 0 sockets, proto=IPPROTO_TCP, family=AF_INET6, states=14
[2026-06-14T10:15:20.071Z] [ALL] 06-14 15:45:20.278  1486  1741 D InetDiagMessage: Destroyed live tcp sockets for uids={15020317} in 4ms
[2026-06-14T10:15:20.072Z] [ALL] 06-14 15:45:20.278  1149  1201 D SurfaceFlinger: [SEC_SF_EFFECTS] drawLayersInternal,1348, Rendering layer ScreenCaptureFillLayer at index 0
[2026-06-14T10:15:20.072Z] [ALL] 06-14 15:45:20.279  1149  1201 D SurfaceFlinger: [SEC_SF_EFFECTS] drawLayersInternal,1348, Rendering layer com.safebank.ai/com.safebank.ai.MainActivity$_19655#104730 at index 1
[2026-06-14T10:15:20.072Z] [ALL] 06-14 15:45:20.279  1149  1201 D SurfaceFlinger: [SEC_SF_EFFECTS] drawLayersInternal,1348, Rendering layer StatusBar$_2112#94 at index 2
[2026-06-14T10:15:20.072Z] [ALL] 06-14 15:45:20.279  1149  1201 D SurfaceFlinger: [SEC_SF_EFFECTS] drawLayersInternal,1348, Rendering layer com.sec.android.app.launcher/com.samsung.app.honeyspace.edge.edgepanel.app.CocktailBarService$_2619#103972 at index 3
[2026-06-14T10:15:20.072Z] [ALL] 06-14 15:45:20.279  1149  1201 D SurfaceFlinger: [SEC_SF_EFFECTS] drawLayersInternal,1348, Rendering layer NavigationBar0$_2112#90 at index 4
[2026-06-14T10:15:20.166Z] [ALL] 06-14 15:45:20.372  1486  2158 D WindowManager: captureDisplay
[2026-06-14T10:15:20.166Z] [ALL] 06-14 15:45:20.373  1486  2158 I SurfaceComposerClient: captureLayers:childrenOnly:1, sync:0
[2026-06-14T10:15:20.171Z] [ALL] 06-14 15:45:20.378  1149  1661 I SurfaceFlinger: Capture layer list: 	 com.safebank.ai/com.safebank.ai.MainActivity$_19655#104730(preserveDisplayColors:0)
[2026-06-14T10:15:20.173Z] [ALL] 06-14 15:45:20.378  1149  1661 I SurfaceFlinger: Capture layer list: 	 StatusBar$_2112#94(preserveDisplayColors:0)
[2026-06-14T10:15:20.173Z] [ALL] 06-14 15:45:20.378  1149  1661 I SurfaceFlinger: Capture layer list: 	 com.sec.android.app.launcher/com.samsung.app.honeyspace.edge.edgepanel.app.CocktailBarService$_2619#103972(preserveDisplayColors:0)
[2026-06-14T10:15:20.173Z] [ALL] 06-14 15:45:20.378  1149  1661 I SurfaceFlinger: Capture layer list: 	 NavigationBar0$_2112#90(preserveDisplayColors:0)
[2026-06-14T10:15:20.175Z] [ALL] 06-14 15:45:20.380  1149  1201 D SurfaceFlinger: [SEC_SF_EFFECTS] drawLayersInternal,1348, Rendering layer ScreenCaptureFillLayer at index 0
[2026-06-14T10:15:20.176Z] [ALL] 06-14 15:45:20.380  1149  1201 D SurfaceFlinger: [SEC_SF_EFFECTS] drawLayersInternal,1348, Rendering layer com.safebank.ai/com.safebank.ai.MainActivity$_19655#104730 at index 1
[2026-06-14T10:15:20.176Z] [ALL] 06-14 15:45:20.380  1149  1201 D SurfaceFlinger: [SEC_SF_EFFECTS] drawLayersInternal,1348, Rendering layer StatusBar$_2112#94 at index 2
[2026-06-14T10:15:20.176Z] [ALL] 06-14 15:45:20.380  1149  1201 D SurfaceFlinger: [SEC_SF_EFFECTS] drawLayersInternal,1348, Rendering layer com.sec.android.app.launcher/com.samsung.app.honeyspace.edge.edgepanel.app.CocktailBarService$_2619#103972 at index 3
[2026-06-14T10:15:20.176Z] [ALL] 06-14 15:45:20.380  1149  1201 D SurfaceFlinger: [SEC_SF_EFFECTS] drawLayersInternal,1348, Rendering layer NavigationBar0$_2112#90 at index 4
[2026-06-14T10:15:20.229Z] [ALL] 06-14 15:45:20.436 19463 19503 I appium  : channel read: POST /session/ed6c8e2c-e5c1-4b65-b4bf-728310f0e26e/element
[2026-06-14T10:15:20.229Z] [ALL] 06-14 15:45:20.437 19463 19503 I appium  : FindElement command
[2026-06-14T10:15:20.230Z] [ALL] 06-14 15:45:20.437 19463 19503 I appium  : method: 'xpath', selector: '//*[contains(@resource-id, "otp_toggle_btn") or @content-desc="otp_toggle_btn"]'
[2026-06-14T10:15:20.230Z] [ALL] 06-14 15:45:20.438 19463 19503 I appium  : Waiting up to 10000ms for the device to idle
[2026-06-14T10:15:20.232Z] [ALL] 06-14 15:45:20.439 19463 19503 I appium  : The following attributes will be included to the page source: [resource-id, content-desc]
[2026-06-14T10:15:20.235Z] [ALL] 06-14 15:45:20.442 19463 19467 I tomator2.server: Method exceeds compiler instruction limit: 19260 in java_cup.runtime.Symbol org.eclipse.wst.xml.xpath2.processor.internal.CUP$XPathCup$actions.CUP$XPathCup$do_action(int, java_cup.runtime.lr_parser, java.util.Stack, int)
[2026-06-14T10:15:20.241Z] [ALL] 06-14 15:45:20.448  1486  1651 D ActivityManager: freezing 29340 com.microsoft.office.powerpoint
[2026-06-14T10:15:20.246Z] [ALL] 06-14 15:45:20.453  1486  1741 D InetDiagMessage: Destroyed 0 sockets, proto=IPPROTO_TCP, family=AF_INET, states=14
[2026-06-14T10:15:20.248Z] [ALL] 06-14 15:45:20.455  1486  1741 D InetDiagMessage: Destroyed 0 sockets, proto=IPPROTO_TCP, family=AF_INET6, states=14
[2026-06-14T10:15:20.259Z] [ALL] 06-14 15:45:20.455  1486  1741 D InetDiagMessage: Destroyed live tcp sockets for uids={10336} in 4ms
[2026-06-14T10:15:20.259Z] [ALL] 06-14 15:45:20.455  1486  1741 D ConnectivityService: Freezing callbacks for UID 10336
[2026-06-14T10:15:20.288Z] [ALL] 06-14 15:45:20.474  1486  2158 D WindowManager: captureDisplay
[2026-06-14T10:15:20.288Z] [ALL] 06-14 15:45:20.474  1486  2158 I SurfaceComposerClient: captureLayers:childrenOnly:1, sync:0
[2026-06-14T10:15:20.289Z] [ALL] 06-14 15:45:20.477  1149  1661 I SurfaceFlinger: Capture layer list: 	 com.safebank.ai/com.safebank.ai.MainActivity$_19655#104730(preserveDisplayColors:0)
[2026-06-14T10:15:20.289Z] [ALL] 06-14 15:45:20.477  1149  1661 I SurfaceFlinger: Capture layer list: 	 StatusBar$_2112#94(preserveDisplayColors:0)
[2026-06-14T10:15:20.289Z] [ALL] 06-14 15:45:20.477  1149  1661 I SurfaceFlinger: Capture layer list: 	 com.sec.android.app.launcher/com.samsung.app.honeyspace.edge.edgepanel.app.CocktailBarService$_2619#103972(preserveDisplayColors:0)
[2026-06-14T10:15:20.289Z] [ALL] 06-14 15:45:20.477  1149  1661 I SurfaceFlinger: Capture layer list: 	 NavigationBar0$_2112#90(preserveDisplayColors:0)
[2026-06-14T10:15:20.289Z] [ALL] 06-14 15:45:20.479  1149  1201 D SurfaceFlinger: [SEC_SF_EFFECTS] drawLayersInternal,1348, Rendering layer ScreenCaptureFillLayer at index 0
[2026-06-14T10:15:20.289Z] [ALL] 06-14 15:45:20.479  1149  1201 D SurfaceFlinger: [SEC_SF_EFFECTS] drawLayersInternal,1348, Rendering layer com.safebank.ai/com.safebank.ai.MainActivity$_19655#104730 at index 1
[2026-06-14T10:15:20.289Z] [ALL] 06-14 15:45:20.479  1149  1201 D SurfaceFlinger: [SEC_SF_EFFECTS] drawLayersInternal,1348, Rendering layer StatusBar$_2112#94 at index 2
[2026-06-14T10:15:20.289Z] [ALL] 06-14 15:45:20.479  1149  1201 D SurfaceFlinger: [SEC_SF_EFFECTS] drawLayersInternal,1348, Rendering layer com.sec.android.app.launcher/com.samsung.app.honeyspace.edge.edgepanel.app.CocktailBarService$_2619#103972 at index 3
[2026-06-14T10:15:20.289Z] [ALL] 06-14 15:45:20.479  1149  1201 D SurfaceFlinger: [SEC_SF_EFFECTS] drawLayersInternal,1348, Rendering layer NavigationBar0$_2112#90 at index 4
[2026-06-14T10:15:20.325Z] [ALL] 06-14 15:45:20.533 19463 19503 I appium  : Took 0ms to retrieve 0 matches for '//*[contains(@resource-id, "otp_toggle_btn") or @content-desc="otp_toggle_btn"]' XPath2 query
[2026-06-14T10:15:20.327Z] [ALL] 06-14 15:45:20.534 19463 19503 I appium  : AppiumResponse: {"sessionId":"ed6c8e2c-e5c1-4b65-b4bf-728310f0e26e","value":{"error":"no such element","message":"An element could not be located on the page using the given search parameters","stacktrace":"io.appium.uiautomator2.common.exceptions.ElementNotFoundException: An element could not be located on the page using the given search parameters\n\tat io.appium.uiautomator2.utils.ElementLocationHelpers.findElement(ElementLocationHelpers.java:153)\n\tat io.appium.uiautomator2.handler.FindElement.safeHandle(FindElement.java:60)\n\tat io.appium.uiautomator2.handler.request.SafeRequestHandler.handle(SafeRequestHandler.java:59)\n\tat io.appium.uiautomator2.server.AppiumServlet.handleRequest(AppiumServlet.java:267)\n\tat io.appium.uiautomator2.server.AppiumServlet.handleHttpRequest(AppiumServlet.java:261)\n\tat io.appium.uiautomator2.http.ServerHandler.channelRead(ServerHandler.java:77)\n\tat io.netty.channel.AbstractChannelHandlerContext.fireChannelRead(AbstractChannelHandlerContext.java:357)\n\tat io.netty.handler.codec.MessageToMessageDecoder.channelRead(MessageToMessageDecoder.java:107)\n\tat io.netty.channel.AbstractChannelHandlerContext.fireChannelRead(AbstractChannelHandlerContext.java:357)\n\tat io.netty.channel.CombinedChannelDuplexHandler$DelegatingChannelHandlerContext.fireChannelRead(CombinedChannelDuplexHandler.java:434)\n\tat io.netty.handler.codec.ByteToMessageDecoder.fireChannelRead(ByteToMessageDecoder.java:361)\n\tat io.netty.handler.codec.ByteToMessageDecoder.channelRead(ByteToMessageDecoder.java:325)\n\tat io.netty.channel.CombinedChannelDuplexHandler.channelRead(CombinedChannelDuplexHandler.java:249)\n\tat io.netty.channel.AbstractChannelHandlerContext.fireChannelRead(AbstractChannelHandlerContext.java:355)\n\tat io.netty.handler.timeout.IdleStateHandler.channelRead(IdleStateHandler.java:288)\n\tat io.netty.channel.AbstractChannelHandlerContext.fireChannelRead(AbstractChannelHandlerContext.java:355)\n\tat io.netty.channel.DefaultChannelPipeline$HeadContext.channelRead(DefaultChannelPipeline.java:1429)\n\tat io.netty.channel.DefaultChannelPipeline.fireChannelRead(DefaultChannelPipeline.java:918)\n\tat io.netty.channel.nio.AbstractNioByteChannel$NioByteUnsafe.read(AbstractNioByteChannel.java:176)\n\tat io.netty.channel.nio.AbstractNioChannel$AbstractNioUnsafe.handle(AbstractNioChannel.java:445)\n\tat io.netty.channel.nio.NioIoHandler$DefaultNioRegistration.handle(NioIoHandler.java:388)\n\tat io.netty.channel.nio.NioIoHandler.processSelectedKey(NioIoHandler.java:596)\n\tat io.netty.channel.nio.NioIoHandler.processSelectedKeysOptimized(NioIoHandler.java:571)\n\tat io.netty.channel.nio.NioIoHandler.processSelectedKeys(NioIoHandler.java:512)\n\tat io.netty.channel.nio.NioIoHandler.run(NioIoHandler.java:484)\n\tat io.netty.channel.SingleThreadIoEventLoop.runIo(SingleThreadIoEventLoop.java:225)\n\tat io.netty.channel.SingleThreadIoEventLoop.run(SingleThreadIoEventLoop.java:196)\n\tat io.netty.util.concurrent.SingleThreadEventExecutor$5.run(SingleThreadEventExecutor.java:1195)\n\tat io.netty.util.internal.ThreadExecutorMap$2.run(ThreadExecutorMap.java:74)\n\tat io.netty.util.concurrent.FastThreadLocalRunnable.run(FastThreadLocalRunnable.java:30)\n\tat java.lang.Thread.run(Thread.java:1564)\n"}}
[2026-06-14T10:15:20.366Z] [ALL] 06-14 15:45:20.574  1486  4489 D WindowManager: captureDisplay
[2026-06-14T10:15:20.368Z] [ALL] 06-14 15:45:20.574  1486  4489 I SurfaceComposerClient: captureLayers:childrenOnly:1, sync:0
[2026-06-14T10:15:20.372Z] [ALL] 06-14 15:45:20.579  1149  1661 I SurfaceFlinger: Capture layer list: 	 com.safebank.ai/com.safebank.ai.MainActivity$_19655#104730(preserveDisplayColors:0)
[2026-06-14T10:15:20.372Z] [ALL] 06-14 15:45:20.579  1149  1661 I SurfaceFlinger: Capture layer list: 	 StatusBar$_2112#94(preserveDisplayColors:0)
[2026-06-14T10:15:20.372Z] [ALL] 06-14 15:45:20.579  1149  1661 I SurfaceFlinger: Capture layer list: 	 com.sec.android.app.launcher/com.samsung.app.honeyspace.edge.edgepanel.app.CocktailBarService$_2619#103972(preserveDisplayColors:0)
[2026-06-14T10:15:20.372Z] [ALL] 06-14 15:45:20.579  1149  1661 I SurfaceFlinger: Capture layer list: 	 NavigationBar0$_2112#90(preserveDisplayColors:0)
[2026-06-14T10:15:20.373Z] [ALL] 06-14 15:45:20.581  1149  1201 D SurfaceFlinger: [SEC_SF_EFFECTS] drawLayersInternal,1348, Rendering layer ScreenCaptureFillLayer at index 0
[2026-06-14T10:15:20.375Z] [ALL] 06-14 15:45:20.581  1149  1201 D SurfaceFlinger: [SEC_SF_EFFECTS] drawLayersInternal,1348, Rendering layer com.safebank.ai/com.safebank.ai.MainActivity$_19655#104730 at index 1
[2026-06-14T10:15:20.375Z] [ALL] 06-14 15:45:20.581  1149  1201 D SurfaceFlinger: [SEC_SF_EFFECTS] drawLayersInternal,1348, Rendering layer StatusBar$_2112#94 at index 2
[2026-06-14T10:15:20.375Z] [ALL] 06-14 15:45:20.581  1149  1201 D SurfaceFlinger: [SEC_SF_EFFECTS] drawLayersInternal,1348, Rendering layer com.sec.android.app.launcher/com.samsung.app.honeyspace.edge.edgepanel.app.CocktailBarService$_2619#103972 at index 3
[2026-06-14T10:15:20.375Z] [ALL] 06-14 15:45:20.581  1149  1201 D SurfaceFlinger: [SEC_SF_EFFECTS] drawLayersInternal,1348, Rendering layer NavigationBar0$_2112#90 at index 4
[2026-06-14T10:15:20.468Z] [ALL] 06-14 15:45:20.675  1486  4489 D WindowManager: captureDisplay
[2026-06-14T10:15:20.468Z] [ALL] 06-14 15:45:20.675  1486  4489 I SurfaceComposerClient: captureLayers:childrenOnly:1, sync:0
[2026-06-14T10:15:20.470Z] [ALL] 06-14 15:45:20.678  1149  1661 I SurfaceFlinger: Capture layer list: 	 com.safebank.ai/com.safebank.ai.MainActivity$_19655#104730(preserveDisplayColors:0)
[2026-06-14T10:15:20.471Z] [ALL] 06-14 15:45:20.678  1149  1661 I SurfaceFlinger: Capture layer list: 	 StatusBar$_2112#94(preserveDisplayColors:0)
[2026-06-14T10:15:20.471Z] [ALL] 06-14 15:45:20.678  1149  1661 I SurfaceFlinger: Capture layer list: 	 com.sec.android.app.launcher/com.samsung.app.honeyspace.edge.edgepanel.app.CocktailBarService$_2619#103972(preserveDisplayColors:0)
[2026-06-14T10:15:20.471Z] [ALL] 06-14 15:45:20.678  1149  1661 I SurfaceFlinger: Capture layer list: 	 NavigationBar0$_2112#90(preserveDisplayColors:0)
[2026-06-14T10:15:20.472Z] [ALL] 06-14 15:45:20.680  1149  1201 D SurfaceFlinger: [SEC_SF_EFFECTS] drawLayersInternal,1348, Rendering layer ScreenCaptureFillLayer at index 0
[2026-06-14T10:15:20.472Z] [ALL] 06-14 15:45:20.680  1149  1201 D SurfaceFlinger: [SEC_SF_EFFECTS] drawLayersInternal,1348, Rendering layer com.safebank.ai/com.safebank.ai.MainActivity$_19655#104730 at index 1
[2026-06-14T10:15:20.472Z] [ALL] 06-14 15:45:20.680  1149  1201 D SurfaceFlinger: [SEC_SF_EFFECTS] drawLayersInternal,1348, Rendering layer StatusBar$_2112#94 at index 2
[2026-06-14T10:15:20.472Z] [ALL] 06-14 15:45:20.680  1149  1201 D SurfaceFlinger: [SEC_SF_EFFECTS] drawLayersInternal,1348, Rendering layer com.sec.android.app.launcher/com.samsung.app.honeyspace.edge.edgepanel.app.CocktailBarService$_2619#103972 at index 3
[2026-06-14T10:15:20.473Z] [ALL] 06-14 15:45:20.680  1149  1201 D SurfaceFlinger: [SEC_SF_EFFECTS] drawLayersInternal,1348, Rendering layer NavigationBar0$_2112#90 at index 4
[2026-06-14T10:15:20.508Z] [ALL] 06-14 15:45:20.706  1486  4489 I ActivityManager: Changes in 10470 11 to 19, 384 to 0
[2026-06-14T10:15:20.508Z] [ALL] 06-14 15:45:20.709  1149  1280 I SurfaceFlinger: Current= 60, Period= 60, hwcPeriod= 60
[2026-06-14T10:15:20.508Z] [ALL] 06-14 15:45:20.711  1486  1526 I ActivityManager: Changes in 10470 19 to 11, 0 to 384
[2026-06-14T10:15:20.568Z] [ALL] 06-14 15:45:20.776  1486  2158 D WindowManager: captureDisplay
[2026-06-14T10:15:20.570Z] [ALL] 06-14 15:45:20.776  1486  2158 I SurfaceComposerClient: captureLayers:childrenOnly:1, sync:0
[2026-06-14T10:15:20.573Z] [ALL] 06-14 15:45:20.781  1149  1661 I SurfaceFlinger: Capture layer list: 	 com.safebank.ai/com.safebank.ai.MainActivity$_19655#104730(preserveDisplayColors:0)
[2026-06-14T10:15:20.575Z] [ALL] 06-14 15:45:20.781  1149  1661 I SurfaceFlinger: Capture layer list: 	 StatusBar$_2112#94(preserveDisplayColors:0)
[2026-06-14T10:15:20.575Z] [ALL] 06-14 15:45:20.781  1149  1661 I SurfaceFlinger: Capture layer list: 	 com.sec.android.app.launcher/com.samsung.app.honeyspace.edge.edgepanel.app.CocktailBarService$_2619#103972(preserveDisplayColors:0)
[2026-06-14T10:15:20.575Z] [ALL] 06-14 15:45:20.781  1149  1661 I SurfaceFlinger: Capture layer list: 	 NavigationBar0$_2112#90(preserveDisplayColors:0)
[2026-06-14T10:15:20.576Z] [ALL] 06-14 15:45:20.783  1149  1201 D SurfaceFlinger: [SEC_SF_EFFECTS] drawLayersInternal,1348, Rendering layer ScreenCaptureFillLayer at index 0
[2026-06-14T10:15:20.576Z] [ALL] 06-14 15:45:20.783  1149  1201 D SurfaceFlinger: [SEC_SF_EFFECTS] drawLayersInternal,1348, Rendering layer com.safebank.ai/com.safebank.ai.MainActivity$_19655#104730 at index 1
[2026-06-14T10:15:20.576Z] [ALL] 06-14 15:45:20.783  1149  1201 D SurfaceFlinger: [SEC_SF_EFFECTS] drawLayersInternal,1348, Rendering layer StatusBar$_2112#94 at index 2
[2026-06-14T10:15:20.576Z] [ALL] 06-14 15:45:20.784  1149  1201 D SurfaceFlinger: [SEC_SF_EFFECTS] drawLayersInternal,1348, Rendering layer com.sec.android.app.launcher/com.samsung.app.honeyspace.edge.edgepanel.app.CocktailBarService$_2619#103972 at index 3
[2026-06-14T10:15:20.576Z] [ALL] 06-14 15:45:20.784  1149  1201 D SurfaceFlinger: [SEC_SF_EFFECTS] drawLayersInternal,1348, Rendering layer NavigationBar0$_2112#90 at index 4
[2026-06-14T10:15:20.655Z] [ALL] 06-14 15:45:20.872  1486  1856 D SemWifiSwitchForIndividualAppsService: isSkipNetworkCondition - result:2
[2026-06-14T10:15:20.660Z] [ALL] 06-14 15:45:20.876  1486  2158 D WindowManager: captureDisplay
[2026-06-14T10:15:20.661Z] [ALL] 06-14 15:45:20.877  1486  2158 I SurfaceComposerClient: captureLayers:childrenOnly:1, sync:0
[2026-06-14T10:15:20.665Z] [ALL] 06-14 15:45:20.882  1149  1661 I SurfaceFlinger: Capture layer list: 	 com.safebank.ai/com.safebank.ai.MainActivity$_19655#104730(preserveDisplayColors:0)
[2026-06-14T10:15:20.666Z] [ALL] 06-14 15:45:20.882  1149  1661 I SurfaceFlinger: Capture layer list: 	 StatusBar$_2112#94(preserveDisplayColors:0)
[2026-06-14T10:15:20.666Z] [ALL] 06-14 15:45:20.882  1149  1661 I SurfaceFlinger: Capture layer list: 	 com.sec.android.app.launcher/com.samsung.app.honeyspace.edge.edgepanel.app.CocktailBarService$_2619#103972(preserveDisplayColors:0)
[2026-06-14T10:15:20.666Z] [ALL] 06-14 15:45:20.882  1149  1661 I SurfaceFlinger: Capture layer list: 	 NavigationBar0$_2112#90(preserveDisplayColors:0)
[2026-06-14T10:15:20.667Z] [ALL] 06-14 15:45:20.884  1149  1201 D SurfaceFlinger: [SEC_SF_EFFECTS] drawLayersInternal,1348, Rendering layer ScreenCaptureFillLayer at index 0
[2026-06-14T10:15:20.667Z] [ALL] 06-14 15:45:20.884  1149  1201 D SurfaceFlinger: [SEC_SF_EFFECTS] drawLayersInternal,1348, Rendering layer com.safebank.ai/com.safebank.ai.MainActivity$_19655#104730 at index 1
[2026-06-14T10:15:20.668Z] [ALL] 06-14 15:45:20.884  1149  1201 D SurfaceFlinger: [SEC_SF_EFFECTS] drawLayersInternal,1348, Rendering layer StatusBar$_2112#94 at index 2
[2026-06-14T10:15:20.668Z] [ALL] 06-14 15:45:20.884  1149  1201 D SurfaceFlinger: [SEC_SF_EFFECTS] drawLayersInternal,1348, Rendering layer com.sec.android.app.launcher/com.samsung.app.honeyspace.edge.edgepanel.app.CocktailBarService$_2619#103972 at index 3
[2026-06-14T10:15:20.668Z] [ALL] 06-14 15:45:20.884  1149  1201 D SurfaceFlinger: [SEC_SF_EFFECTS] drawLayersInternal,1348, Rendering layer NavigationBar0$_2112#90 at index 4
[2026-06-14T10:15:20.723Z] [ALL] 06-14 15:45:20.940  5214 19533 D ConnectivityManager: StackLog: [android.net.ConnectivityManager.reportNetworkConnectivity(ConnectivityManager.java:3687)] [cdkq.a(:com.google.android.gms@262031035@26.20.31 (260400-919905943):15)] [cdmw.n(:com.google.android.gms@262031035@26.20.31 (260400-919905943):6)] [cdmk.run(:com.google.android.gms@262031035@26.20.31 (260400-919905943):501)] [cdnh.run(:com.google.android.gms@262031035@26.20.31 (260400-919905943):5)] [hdna.run(:com.google.android.gms@262031035@26.20.31 (260400-919905943):23)] [bkqh.c(:com.google.android.gms@262031035@26.20.31 (260400-919905943):50)] [bkqh.run(:com.google.android.gms@262031035@26.20.31 (260400-919905943):66)] [java.util.concurrent.ThreadPoolExecutor.runWorker(ThreadPoolExecutor.java:1154)] [java.util.concurrent.ThreadPoolExecutor$Worker.run(ThreadPoolExecutor.java:652)] [bkvz.run(:com.google.android.gms@262031035@26.20.31 (260400-919905943):8)] [java.lang.Thread.run(Thread.java:1564)]
[2026-06-14T10:15:20.733Z] [ALL] 06-14 15:45:20.941  5214 19533 I AlarmManager: setExactAndAllowWhileIdle [name: GCM_HB_ALARM type: 2 triggerAtMillis: 260673482]
[2026-06-14T10:15:20.733Z] [ALL] 06-14 15:45:20.941  1486  2158 D AlarmManager: force change alarm method to setWindow() callingUid=10262, sourcePackage=com.google.android.gms, action=com.google.android.gms.gcm.HEARTBEAT_ALARM, origTriggerAtTime=260673482, triggerAtTime=260343482, windowLength=330000
[2026-06-14T10:15:20.736Z] [ALL] 06-14 15:45:20.952  5214 28552 W ChimeraUtils: Module com.google.android.gms.gcm missing resource null(0)
[2026-06-14T10:15:20.750Z] [ALL] 06-14 15:45:20.959  5214 28552 I AlarmManager: setExactAndAllowWhileIdle [name: FcmRetry type: 2 triggerAtMillis: 260133498]
[2026-06-14T10:15:20.753Z] [ALL] 06-14 15:45:20.967  1486  1526 I ActivityManager: Changes in 10378 19 to 11, 128 to 384
[2026-06-14T10:15:20.755Z] [ALL] 06-14 15:45:20.970 24867 12331 I emhb    : (REDACTED) HDM. appOpsListener %s %s
[2026-06-14T10:15:20.755Z] [ALL] 06-14 15:45:20.970 24867 12331 I emhb    : (REDACTED) HDM. Ignoring irrelevant audio permission changes for package %s
[2026-06-14T10:15:20.759Z] [ALL] 06-14 15:45:20.971  3066  3129 I RequestManager_FLP: onOpChanged, op=0 / packageName=com.snapchat.android
[2026-06-14T10:15:20.765Z] [ALL] 06-14 15:45:20.978  1486  2183 D WindowManager: captureDisplay
[2026-06-14T10:15:20.765Z] [ALL] 06-14 15:45:20.978  1486  2183 I SurfaceComposerClient: captureLayers:childrenOnly:1, sync:0
[2026-06-14T10:15:20.765Z] [ALL] 06-14 15:45:20.979  1486  1805 D BackgroundInstallControlService: Package event received: 0
[2026-06-14T10:15:20.783Z] [ALL] 06-14 15:45:20.984  1149  1661 I SurfaceFlinger: Capture layer list: 	 com.safebank.ai/com.safebank.ai.MainActivity$_19655#104730(preserveDisplayColors:0)
[2026-06-14T10:15:20.783Z] [ALL] 06-14 15:45:20.984  1149  1661 I SurfaceFlinger: Capture layer list: 	 StatusBar$_2112#94(preserveDisplayColors:0)
[2026-06-14T10:15:20.783Z] [ALL] 06-14 15:45:20.984  1149  1661 I SurfaceFlinger: Capture layer list: 	 com.sec.android.app.launcher/com.samsung.app.honeyspace.edge.edgepanel.app.CocktailBarService$_2619#103972(preserveDisplayColors:0)
[2026-06-14T10:15:20.783Z] [ALL] 06-14 15:45:20.984  1149  1661 I SurfaceFlinger: Capture layer list: 	 NavigationBar0$_2112#90(preserveDisplayColors:0)
[2026-06-14T10:15:20.783Z] [ALL] 06-14 15:45:20.986  1149  1201 D SurfaceFlinger: [SEC_SF_EFFECTS] drawLayersInternal,1348, Rendering layer ScreenCaptureFillLayer at index 0
[2026-06-14T10:15:20.783Z] [ALL] 06-14 15:45:20.986  1149  1201 D SurfaceFlinger: [SEC_SF_EFFECTS] drawLayersInternal,1348, Rendering layer com.safebank.ai/com.safebank.ai.MainActivity$_19655#104730 at index 1
[2026-06-14T10:15:20.783Z] [ALL] 06-14 15:45:20.987  1149  1201 D SurfaceFlinger: [SEC_SF_EFFECTS] drawLayersInternal,1348, Rendering layer StatusBar$_2112#94 at index 2
[2026-06-14T10:15:20.783Z] [ALL] 06-14 15:45:20.987  1149  1201 D SurfaceFlinger: [SEC_SF_EFFECTS] drawLayersInternal,1348, Rendering layer com.sec.android.app.launcher/com.samsung.app.honeyspace.edge.edgepanel.app.CocktailBarService$_2619#103972 at index 3
[2026-06-14T10:15:20.783Z] [ALL] 06-14 15:45:20.987  1149  1201 D SurfaceFlinger: [SEC_SF_EFFECTS] drawLayersInternal,1348, Rendering layer NavigationBar0$_2112#90 at index 4
[2026-06-14T10:15:20.798Z] [ALL] 06-14 15:45:21.011 28565 28737 I NotificationManager: com.snapchat.android: notify(1431325696, null, Notification(channel=general_group_silent shortcut=null contentView=null vibrate=null sound=null defaults=0 flags=0 color=0x00000000 vis=PRIVATE semFlags=0x0 semPriority=0 semMissedCount=0 semScenarioType=0)) as user
[2026-06-14T10:15:20.802Z] [ALL] 06-14 15:45:21.016  1486  2073 E NotificationService: isPkgBlocked = true
[2026-06-14T10:15:20.804Z] [ALL] 06-14 15:45:21.016  1486  2073 E NotificationService: isRecordBlocked = false
[2026-06-14T10:15:20.804Z] [ALL] 06-14 15:45:21.016  1486  2073 E NotificationService: Suppressing notification from package com.snapchat.android by user request.
[2026-06-14T10:15:20.840Z] [ALL] 06-14 15:45:21.053 19463 19503 I appium  : channel read: POST /session/ed6c8e2c-e5c1-4b65-b4bf-728310f0e26e/element
[2026-06-14T10:15:20.840Z] [ALL] 06-14 15:45:21.054 19463 19503 I appium  : FindElement command
[2026-06-14T10:15:20.840Z] [ALL] 06-14 15:45:21.054 19463 19503 I appium  : method: 'xpath', selector: '//*[contains(@resource-id, "otp_toggle_btn") or @content-desc="otp_toggle_btn"]'
[2026-06-14T10:15:20.840Z] [ALL] 06-14 15:45:21.054 19463 19503 I appium  : Waiting up to 10000ms for the device to idle
[2026-06-14T10:15:20.840Z] [ALL] 06-14 15:45:21.055 19463 19503 I appium  : The following attributes will be included to the page source: [resource-id, content-desc]
[2026-06-14T10:15:20.897Z] [ALL] 06-14 15:45:21.078  1486  2073 D WindowManager: captureDisplay
[2026-06-14T10:15:20.897Z] [ALL] 06-14 15:45:21.079  1486  2073 I SurfaceComposerClient: captureLayers:childrenOnly:1, sync:0
[2026-06-14T10:15:20.899Z] [ALL] 06-14 15:45:21.085  1149  1661 I SurfaceFlinger: Capture layer list: 	 com.safebank.ai/com.safebank.ai.MainActivity$_19655#104730(preserveDisplayColors:0)
[2026-06-14T10:15:20.899Z] [ALL] 06-14 15:45:21.085  1149  1661 I SurfaceFlinger: Capture layer list: 	 StatusBar$_2112#94(preserveDisplayColors:0)
[2026-06-14T10:15:20.899Z] [ALL] 06-14 15:45:21.085  1149  1661 I SurfaceFlinger: Capture layer list: 	 com.sec.android.app.launcher/com.samsung.app.honeyspace.edge.edgepanel.app.CocktailBarService$_2619#103972(preserveDisplayColors:0)
[2026-06-14T10:15:20.899Z] [ALL] 06-14 15:45:21.085  1149  1661 I SurfaceFlinger: Capture layer list: 	 NavigationBar0$_2112#90(preserveDisplayColors:0)
[2026-06-14T10:15:20.899Z] [ALL] 06-14 15:45:21.087  1149  1201 D SurfaceFlinger: [SEC_SF_EFFECTS] drawLayersInternal,1348, Rendering layer ScreenCaptureFillLayer at index 0
[2026-06-14T10:15:20.899Z] [ALL] 06-14 15:45:21.087  1149  1201 D SurfaceFlinger: [SEC_SF_EFFECTS] drawLayersInternal,1348, Rendering layer com.safebank.ai/com.safebank.ai.MainActivity$_19655#104730 at index 1
[2026-06-14T10:15:20.899Z] [ALL] 06-14 15:45:21.088  1149  1201 D SurfaceFlinger: [SEC_SF_EFFECTS] drawLayersInternal,1348, Rendering layer StatusBar$_2112#94 at index 2
[2026-06-14T10:15:20.899Z] [ALL] 06-14 15:45:21.088  1149  1201 D SurfaceFlinger: [SEC_SF_EFFECTS] drawLayersInternal,1348, Rendering layer com.sec.android.app.launcher/com.samsung.app.honeyspace.edge.edgepanel.app.CocktailBarService$_2619#103972 at index 3
[2026-06-14T10:15:20.899Z] [ALL] 06-14 15:45:21.088  1149  1201 D SurfaceFlinger: [SEC_SF_EFFECTS] drawLayersInternal,1348, Rendering layer NavigationBar0$_2112#90 at index 4
[2026-06-14T10:15:20.922Z] [ALL] 06-14 15:45:21.137 19463 19503 I appium  : Took 0ms to retrieve 0 matches for '//*[contains(@resource-id, "otp_toggle_btn") or @content-desc="otp_toggle_btn"]' XPath2 query
[2026-06-14T10:15:20.922Z] [ALL] 06-14 15:45:21.138 19463 19503 I appium  : AppiumResponse: {"sessionId":"ed6c8e2c-e5c1-4b65-b4bf-728310f0e26e","value":{"error":"no such element","message":"An element could not be located on the page using the given search parameters","stacktrace":"io.appium.uiautomator2.common.exceptions.ElementNotFoundException: An element could not be located on the page using the given search parameters\n\tat io.appium.uiautomator2.utils.ElementLocationHelpers.findElement(ElementLocationHelpers.java:153)\n\tat io.appium.uiautomator2.handler.FindElement.safeHandle(FindElement.java:60)\n\tat io.appium.uiautomator2.handler.request.SafeRequestHandler.handle(SafeRequestHandler.java:59)\n\tat io.appium.uiautomator2.server.AppiumServlet.handleRequest(AppiumServlet.java:267)\n\tat io.appium.uiautomator2.server.AppiumServlet.handleHttpRequest(AppiumServlet.java:261)\n\tat io.appium.uiautomator2.http.ServerHandler.channelRead(ServerHandler.java:77)\n\tat io.netty.channel.AbstractChannelHandlerContext.fireChannelRead(AbstractChannelHandlerContext.java:357)\n\tat io.netty.handler.codec.MessageToMessageDecoder.channelRead(MessageToMessageDecoder.java:107)\n\tat io.netty.channel.AbstractChannelHandlerContext.fireChannelRead(AbstractChannelHandlerContext.java:357)\n\tat io.netty.channel.CombinedChannelDuplexHandler$DelegatingChannelHandlerContext.fireChannelRead(CombinedChannelDuplexHandler.java:434)\n\tat io.netty.handler.codec.ByteToMessageDecoder.fireChannelRead(ByteToMessageDecoder.java:361)\n\tat io.netty.handler.codec.ByteToMessageDecoder.channelRead(ByteToMessageDecoder.java:325)\n\tat io.netty.channel.CombinedChannelDuplexHandler.channelRead(CombinedChannelDuplexHandler.java:249)\n\tat io.netty.channel.AbstractChannelHandlerContext.fireChannelRead(AbstractChannelHandlerContext.java:355)\n\tat io.netty.handler.timeout.IdleStateHandler.channelRead(IdleStateHandler.java:288)\n\tat io.netty.channel.AbstractChannelHandlerContext.fireChannelRead(AbstractChannelHandlerContext.java:355)\n\tat io.netty.channel.DefaultChannelPipeline$HeadContext.channelRead(DefaultChannelPipeline.java:1429)\n\tat io.netty.channel.DefaultChannelPipeline.fireChannelRead(DefaultChannelPipeline.java:918)\n\tat io.netty.channel.nio.AbstractNioByteChannel$NioByteUnsafe.read(AbstractNioByteChannel.java:176)\n\tat io.netty.channel.nio.AbstractNioChannel$AbstractNioUnsafe.handle(AbstractNioChannel.java:445)\n\tat io.netty.channel.nio.NioIoHandler$DefaultNioRegistration.handle(NioIoHandler.java:388)\n\tat io.netty.channel.nio.NioIoHandler.processSelectedKey(NioIoHandler.java:596)\n\tat io.netty.channel.nio.NioIoHandler.processSelectedKeysOptimized(NioIoHandler.java:571)\n\tat io.netty.channel.nio.NioIoHandler.processSelectedKeys(NioIoHandler.java:512)\n\tat io.netty.channel.nio.NioIoHandler.run(NioIoHandler.java:484)\n\tat io.netty.channel.SingleThreadIoEventLoop.runIo(SingleThreadIoEventLoop.java:225)\n\tat io.netty.channel.SingleThreadIoEventLoop.run(SingleThreadIoEventLoop.java:196)\n\tat io.netty.util.concurrent.SingleThreadEventExecutor$5.run(SingleThreadEventExecutor.java:1195)\n\tat io.netty.util.internal.ThreadExecutorMap$2.run(ThreadExecutorMap.java:74)\n\tat io.netty.util.concurrent.FastThreadLocalRunnable.run(FastThreadLocalRunnable.java:30)\n\tat java.lang.Thread.run(Thread.java:1564)\n"}}
[2026-06-14T10:15:20.954Z] [ALL] 06-14 15:45:21.165 28565 28712 D ConnectivityManager: StackLog: [android.net.ConnectivityManager.sendRequestForNetwork(ConnectivityManager.java:4740)] [android.net.ConnectivityManager.registerDefaultNetworkCallbackForUid(ConnectivityManager.java:5465)] [android.net.ConnectivityManager.registerDefaultNetworkCallback(ConnectivityManager.java:5432)] [android.net.ConnectivityManager.registerDefaultNetworkCallback(ConnectivityManager.java:5406)] [Qpe.f(SourceFile:1)] [UO7.subscribe(SourceFile:14)] [io.reactivex.rxjava3.internal.operators.observable.ObservableCreate.M0(SourceFile:11)] [io.reactivex.rxjava3.core.Observable.subscribe(SourceFile:7)] [io.reactivex.rxjava3.internal.operators.observable.ObservableSubscribeOn$SubscribeTask.run(SourceFile:7)] [io.reactivex.rxjava3.core.Scheduler$DisposeTask.run(SourceFile:10)] [io.reactivex.rxjava3.internal.schedulers.ExecutorScheduler$ExecutorWorker$BooleanRunnable.run(SourceFile:11)] [io.reactivex.rxjava3.internal.schedulers.ExecutorScheduler$ExecutorWorker.run(SourceFile:83)] [bw0.invoke(SourceFile:56)] [zQ5.c(SourceFile:35)] [cw0.run(SourceFile:86)] [Tf.run(SourceFile:19)] [java.util.concurrent.Executors$RunnableAdapter.call(Executors.java:520)] [java.util.concurrent.FutureTask.run(FutureTask.java:317)] [java.util.concurrent.ScheduledThreadPoolExecutor$ScheduledFutureTask.run(ScheduledThreadPoolExecutor.java:348)] [java.util.concurrent.ThreadPoolExecutor.runWorker(ThreadPoolExecutor.java:1154)] [java.util.concurrent.ThreadPoolExecutor$Worker.run(ThreadPoolExecutor.java:652)] [hX.run(SourceFile:38)]
[2026-06-14T10:15:20.959Z] [ALL] 06-14 15:45:21.172 28565 28708 D ConnectivityManager: StackLog: [android.net.ConnectivityManager.unregisterNetworkCallback(ConnectivityManager.java:5575)] [j70.run(SourceFile:210)] [io.reactivex.rxjava3.disposables.ActionDisposable.a(SourceFile:3)] [io.reactivex.rxjava3.disposables.ReferenceDisposable.dispose(SourceFile:14)] [io.reactivex.rxjava3.internal.disposables.DisposableHelper.a(SourceFile:21)] [io.reactivex.rxjava3.internal.operators.observable.ObservableCreate$CreateEmitter.dispose(SourceFile:1)] [io.reactivex.rxjava3.internal.disposables.DisposableHelper.a(SourceFile:21)] [io.reactivex.rxjava3.internal.operators.observable.ObservableSubscribeOn$SubscribeOnObserver.dispose(SourceFile:3)] [io.reactivex.rxjava3.internal.operators.observable.ObservableUnsubscribeOn$UnsubscribeObserver$DisposeTask.run(SourceFile:5)] [io.reactivex.rxjava3.core.Scheduler$DisposeTask.run(SourceFile:10)] [io.reactivex.rxjava3.internal.schedulers.ExecutorScheduler$ExecutorWorker$BooleanRunnable.run(SourceFile:11)] [io.reactivex.rxjava3.internal.schedulers.ExecutorScheduler$ExecutorWorker.run(SourceFile:83)] [bw0.invoke(SourceFile:56)] [zQ5.c(SourceFile:35)] [cw0.run(SourceFile:86)] [Tf.run(SourceFile:19)] [java.util.concurrent.Executors$RunnableAdapter.call(Executors.java:520)] [java.util.concurrent.FutureTask.run(FutureTask.java:317)] [java.util.concurrent.ScheduledThreadPoolExecutor$ScheduledFutureTask.run(ScheduledThreadPoolExecutor.java:348)] [java.util.concurrent.ThreadPoolExecutor.runWorker(ThreadPoolExecutor.java:1154)] [java.util.concurrent.ThreadPoolExecutor$Worker.run(ThreadPoolExecutor.java:652)] [hX.run(SourceFile:38)]
[2026-06-14T10:15:20.962Z] [ALL] 06-14 15:45:21.175  1486  2073 D ConnectivityService: requestNetwork for uid/pid:10378/28565 activeRequest: null callbackRequest: 50449 [NetworkRequest [ REQUEST id=50450, [ Capabilities: INTERNET&NOT_RESTRICTED&TRUSTED&NOT_VCN_MANAGED&NOT_BANDWIDTH_CONSTRAINED Uid: 10378 RequestorUid: 10378 RequestorPkg: com.snapchat.android UnderlyingNetworks: Null] ]] callback flags: 0 order: 2147483647 isUidTracked: false declaredMethods: AVAIL|LOSING|LOST|UNAVAIL|NC|LP
[2026-06-14T10:15:20.962Z] [ALL] 06-14 15:45:21.176  1486  1741 D ConnectivityService:    accepting network in place of null for NetworkRequest [ REQUEST id=50450, [ Capabilities: INTERNET&NOT_RESTRICTED&TRUSTED&NOT_VCN_MANAGED&NOT_BANDWIDTH_CONSTRAINED Uid: 10378 RequestorUid: 10378 RequestorPkg: com.snapchat.android UnderlyingNetworks: Null] ]
[2026-06-14T10:15:20.963Z] [ALL] 06-14 15:45:21.178  1486  2073 D WindowManager: captureDisplay
[2026-06-14T10:15:20.963Z] [ALL] 06-14 15:45:21.179  1486  2073 I SurfaceComposerClient: captureLayers:childrenOnly:1, sync:0
[2026-06-14T10:15:20.977Z] [ALL] 06-14 15:45:21.185  1149  1661 I SurfaceFlinger: Capture layer list: 	 com.safebank.ai/com.safebank.ai.MainActivity$_19655#104730(preserveDisplayColors:0)
[2026-06-14T10:15:20.977Z] [ALL] 06-14 15:45:21.185  1149  1661 I SurfaceFlinger: Capture layer list: 	 StatusBar$_2112#94(preserveDisplayColors:0)
[2026-06-14T10:15:20.977Z] [ALL] 06-14 15:45:21.185  1149  1661 I SurfaceFlinger: Capture layer list: 	 com.sec.android.app.launcher/com.samsung.app.honeyspace.edge.edgepanel.app.CocktailBarService$_2619#103972(preserveDisplayColors:0)
[2026-06-14T10:15:20.977Z] [ALL] 06-14 15:45:21.185  1149  1661 I SurfaceFlinger: Capture layer list: 	 NavigationBar0$_2112#90(preserveDisplayColors:0)
[2026-06-14T10:15:20.977Z] [ALL] 06-14 15:45:21.186  1486  1729 D WifiNetworkFactory: got request NetworkRequest [ REQUEST id=50450, [ Capabilities: INTERNET&NOT_RESTRICTED&TRUSTED&NOT_VCN_MANAGED&NOT_BANDWIDTH_CONSTRAINED Uid: 10378 RequestorUid: 10378 RequestorPkg: com.snapchat.android UnderlyingNetworks: Null] ]
[2026-06-14T10:15:20.977Z] [ALL] 06-14 15:45:21.186  1486  1729 D UntrustedWifiNetworkFactory: got request NetworkRequest [ REQUEST id=50450, [ Capabilities: INTERNET&NOT_RESTRICTED&TRUSTED&NOT_VCN_MANAGED&NOT_BANDWIDTH_CONSTRAINED Uid: 10378 RequestorUid: 10378 RequestorPkg: com.snapchat.android UnderlyingNetworks: Null] ]
[2026-06-14T10:15:20.977Z] [ALL] 06-14 15:45:21.187  1149  1201 D SurfaceFlinger: [SEC_SF_EFFECTS] drawLayersInternal,1348, Rendering layer ScreenCaptureFillLayer at index 0
[2026-06-14T10:15:20.977Z] [ALL] 06-14 15:45:21.187  1149  1201 D SurfaceFlinger: [SEC_SF_EFFECTS] drawLayersInternal,1348, Rendering layer com.safebank.ai/com.safebank.ai.MainActivity$_19655#104730 at index 1
[2026-06-14T10:15:20.977Z] [ALL] 06-14 15:45:21.187  1149  1201 D SurfaceFlinger: [SEC_SF_EFFECTS] drawLayersInternal,1348, Rendering layer StatusBar$_2112#94 at index 2
[2026-06-14T10:15:20.977Z] [ALL] 06-14 15:45:21.188  1149  1201 D SurfaceFlinger: [SEC_SF_EFFECTS] drawLayersInternal,1348, Rendering layer com.sec.android.app.launcher/com.samsung.app.honeyspace.edge.edgepanel.app.CocktailBarService$_2619#103972 at index 3
[2026-06-14T10:15:20.977Z] [ALL] 06-14 15:45:21.188  1149  1201 D SurfaceFlinger: [SEC_SF_EFFECTS] drawLayersInternal,1348, Rendering layer NavigationBar0$_2112#90 at index 4
[2026-06-14T10:15:20.979Z] [ALL] 06-14 15:45:21.192  1486  1729 D OemPaidWifiNetworkFactory: got request NetworkRequest [ REQUEST id=50450, [ Capabilities: INTERNET&NOT_RESTRICTED&TRUSTED&NOT_VCN_MANAGED&NOT_BANDWIDTH_CONSTRAINED Uid: 10378 RequestorUid: 10378 RequestorPkg: com.snapchat.android UnderlyingNetworks: Null] ]
[2026-06-14T10:15:20.979Z] [ALL] 06-14 15:45:21.193  1486  1729 D MultiInternetWifiNetworkFactory: got request NetworkRequest [ REQUEST id=50450, [ Capabilities: INTERNET&NOT_RESTRICTED&TRUSTED&NOT_VCN_MANAGED&NOT_BANDWIDTH_CONSTRAINED Uid: 10378 RequestorUid: 10378 RequestorPkg: com.snapchat.android UnderlyingNetworks: Null] ]
[2026-06-14T10:15:20.981Z] [ALL] 06-14 15:45:21.193  1486  1741 D ConnectivityService: Rematched networks [computed 0ms] [applied 7ms] [issued 10]
[2026-06-14T10:15:20.981Z] [ALL] 06-14 15:45:21.193  1486  1741 D ConnectivityService: NetworkReassignment :
[2026-06-14T10:15:20.982Z] [ALL] 06-14 15:45:21.193  1486  1741 D ConnectivityService:   50450 : null → 204
[2026-06-14T10:15:20.983Z] [ALL] 06-14 15:45:21.194  1486  1741 D ConnectivityService:  Removing from current network [204 WIFI], leaving 246 requests.
[2026-06-14T10:15:20.983Z] [ALL] 06-14 15:45:21.197   747   747 D io_stats: !@   8,0 r 80543320 1588822849 w 12771006 208969152 d 4240395 260181972 f 0 1114438 iot 28912360 0 th 0 0 0 pt 0 inp 0 0 182932.505
[2026-06-14T10:15:20.983Z] [ALL] 06-14 15:45:21.197   747   747 D io_stats: !@ Read_top(KB): android.vending(27719) 7412 napchat.android(28565) 6724 ding:background(29794) 784
[2026-06-14T10:15:20.983Z] [ALL] 06-14 15:45:21.197   747   747 D io_stats: !@ Write_top(KB): kworker/u16:0(19448) 296 napchat.android(28565) 36 f2fs_ckpt-254:5(789) 16
[2026-06-14T10:15:21.049Z] [ALL] 06-14 15:45:21.265  5214  5214 D BoundBrokerSvc: onUnbind: Intent { act=com.google.android.gms.presencemanager.service.START dat=chimera-action:/... xflg=0x4 cmp=com.google.android.gms/.chimera.PersistentApiService }
[2026-06-14T10:15:21.052Z] [ALL] 06-14 15:45:21.266  5214  5214 D BoundBrokerSvc: onUnbind: Intent { act=com.google.android.gms.presencemanager.service.INTERNAL_IDENTITY dat=chimera-action:/... xflg=0x4 cmp=com.google.android.gms/.chimera.PersistentApiService }
[2026-06-14T10:15:21.064Z] [ALL] 06-14 15:45:21.279  1486  1993 D WindowManager: captureDisplay
[2026-06-14T10:15:21.064Z] [ALL] 06-14 15:45:21.280  1486  1993 I SurfaceComposerClient: captureLayers:childrenOnly:1, sync:0
[2026-06-14T10:15:21.070Z] [ALL] 06-14 15:45:21.286  1149  1661 I SurfaceFlinger: Capture layer list: 	 com.safebank.ai/com.safebank.ai.MainActivity$_19655#104730(preserveDisplayColors:0)
[2026-06-14T10:15:21.070Z] [ALL] 06-14 15:45:21.286  1149  1661 I SurfaceFlinger: Capture layer list: 	 StatusBar$_2112#94(preserveDisplayColors:0)
[2026-06-14T10:15:21.070Z] [ALL] 06-14 15:45:21.286  1149  1661 I SurfaceFlinger: Capture layer list: 	 com.sec.android.app.launcher/com.samsung.app.honeyspace.edge.edgepanel.app.CocktailBarService$_2619#103972(preserveDisplayColors:0)
[2026-06-14T10:15:21.070Z] [ALL] 06-14 15:45:21.286  1149  1661 I SurfaceFlinger: Capture layer list: 	 NavigationBar0$_2112#90(preserveDisplayColors:0)
[2026-06-14T10:15:21.073Z] [ALL] 06-14 15:45:21.288  1149  1201 D SurfaceFlinger: [SEC_SF_EFFECTS] drawLayersInternal,1348, Rendering layer ScreenCaptureFillLayer at index 0
[2026-06-14T10:15:21.075Z] [ALL] 06-14 15:45:21.288  1149  1201 D SurfaceFlinger: [SEC_SF_EFFECTS] drawLayersInternal,1348, Rendering layer com.safebank.ai/com.safebank.ai.MainActivity$_19655#104730 at index 1
[2026-06-14T10:15:21.075Z] [ALL] 06-14 15:45:21.288  1149  1201 D SurfaceFlinger: [SEC_SF_EFFECTS] drawLayersInternal,1348, Rendering layer StatusBar$_2112#94 at index 2
[2026-06-14T10:15:21.075Z] [ALL] 06-14 15:45:21.288  1149  1201 D SurfaceFlinger: [SEC_SF_EFFECTS] drawLayersInternal,1348, Rendering layer com.sec.android.app.launcher/com.samsung.app.honeyspace.edge.edgepanel.app.CocktailBarService$_2619#103972 at index 3
[2026-06-14T10:15:21.075Z] [ALL] 06-14 15:45:21.288  1149  1201 D SurfaceFlinger: [SEC_SF_EFFECTS] drawLayersInternal,1348, Rendering layer NavigationBar0$_2112#90 at index 4
[2026-06-14T10:15:21.095Z] [ALL] 06-14 15:45:21.310 28565 28867 D CursorWindow: Inflated: original size 16384, new size 2097152
[2026-06-14T10:15:21.146Z] [ALL] 06-14 15:45:21.358  1486  1556 D PowerManagerService: UserActivityState : 2 -> 4 groupId=0
[2026-06-14T10:15:21.146Z] [ALL] 06-14 15:45:21.359  1486  1556 I PowerManagerService: [PWL] On : 175560638 (7372029 ms ago)
[2026-06-14T10:15:21.146Z] [ALL] 06-14 15:45:21.359  1486  1556 I PowerManagerService: [PWL]  mStayOn: true  mWakeLockSummary & WAKE_LOCK_STAY_AWAKE: 0  mUserActivitySummary: 0x4
[2026-06-14T10:15:21.151Z] [ALL] 06-14 15:45:21.367  1486  1881 D NetdEventListenerService: DNS Requested by 204, 10378(com.snapchat.android), SUCCESS, 21ms
[2026-06-14T10:15:21.168Z] [ALL] 06-14 15:45:21.380  1486  1993 D WindowManager: captureDisplay
[2026-06-14T10:15:21.170Z] [ALL] 06-14 15:45:21.382  1486  1486 I MdnieScenarioControlService: action  :  com.samsung.server.PowerManagerService.action.USER_ACTIVITY
[2026-06-14T10:15:21.170Z] [ALL] 06-14 15:45:21.384  1486  1993 I SurfaceComposerClient: captureLayers:childrenOnly:1, sync:0
[2026-06-14T10:15:21.174Z] [ALL] 06-14 15:45:21.390  1149  1661 I SurfaceFlinger: Capture layer list: 	 com.safebank.ai/com.safebank.ai.MainActivity$_19655#104730(preserveDisplayColors:0)
[2026-06-14T10:15:21.174Z] [ALL] 06-14 15:45:21.390  1149  1661 I SurfaceFlinger: Capture layer list: 	 StatusBar$_2112#94(preserveDisplayColors:0)
[2026-06-14T10:15:21.174Z] [ALL] 06-14 15:45:21.390  1149  1661 I SurfaceFlinger: Capture layer list: 	 com.sec.android.app.launcher/com.samsung.app.honeyspace.edge.edgepanel.app.CocktailBarService$_2619#103972(preserveDisplayColors:0)
[2026-06-14T10:15:21.174Z] [ALL] 06-14 15:45:21.390  1149  1661 I SurfaceFlinger: Capture layer list: 	 NavigationBar0$_2112#90(preserveDisplayColors:0)
[2026-06-14T10:15:21.177Z] [ALL] 06-14 15:45:21.392  1149  1201 D SurfaceFlinger: [SEC_SF_EFFECTS] drawLayersInternal,1348, Rendering layer ScreenCaptureFillLayer at index 0
[2026-06-14T10:15:21.177Z] [ALL] 06-14 15:45:21.392  1149  1201 D SurfaceFlinger: [SEC_SF_EFFECTS] drawLayersInternal,1348, Rendering layer com.safebank.ai/com.safebank.ai.MainActivity$_19655#104730 at index 1
[2026-06-14T10:15:21.179Z] [ALL] 06-14 15:45:21.392  1149  1201 D SurfaceFlinger: [SEC_SF_EFFECTS] drawLayersInternal,1348, Rendering layer StatusBar$_2112#94 at index 2
[2026-06-14T10:15:21.179Z] [ALL] 06-14 15:45:21.392  1149  1201 D SurfaceFlinger: [SEC_SF_EFFECTS] drawLayersInternal,1348, Rendering layer com.sec.android.app.launcher/com.samsung.app.honeyspace.edge.edgepanel.app.CocktailBarService$_2619#103972 at index 3
[2026-06-14T10:15:21.179Z] [ALL] 06-14 15:45:21.392  1149  1201 D SurfaceFlinger: [SEC_SF_EFFECTS] drawLayersInternal,1348, Rendering layer NavigationBar0$_2112#90 at index 4
[2026-06-14T10:15:21.204Z] [ALL] 06-14 15:45:21.419   764 20334 I keystore2: system/security/keystore2/watchdog/src/lib.rs:371 - Watchdog thread idle -> terminating. Have a great day.
[2026-06-14T10:15:21.264Z] [ALL] 06-14 15:45:21.479  1486  1993 D WindowManager: captureDisplay
[2026-06-14T10:15:21.264Z] [ALL] 06-14 15:45:21.479  1486  1993 I SurfaceComposerClient: captureLayers:childrenOnly:1, sync:0
[2026-06-14T10:15:21.266Z] [ALL] 06-14 15:45:21.483  1149  1661 I SurfaceFlinger: Capture layer list: 	 com.safebank.ai/com.safebank.ai.MainActivity$_19655#104730(preserveDisplayColors:0)
[2026-06-14T10:15:21.268Z] [ALL] 06-14 15:45:21.483  1149  1661 I SurfaceFlinger: Capture layer list: 	 StatusBar$_2112#94(preserveDisplayColors:0)
[2026-06-14T10:15:21.268Z] [ALL] 06-14 15:45:21.483  1149  1661 I SurfaceFlinger: Capture layer list: 	 com.sec.android.app.launcher/com.samsung.app.honeyspace.edge.edgepanel.app.CocktailBarService$_2619#103972(preserveDisplayColors:0)
[2026-06-14T10:15:21.268Z] [ALL] 06-14 15:45:21.483  1149  1661 I SurfaceFlinger: Capture layer list: 	 NavigationBar0$_2112#90(preserveDisplayColors:0)
[2026-06-14T10:15:21.270Z] [ALL] 06-14 15:45:21.486  1149  1201 D SurfaceFlinger: [SEC_SF_EFFECTS] drawLayersInternal,1348, Rendering layer ScreenCaptureFillLayer at index 0
[2026-06-14T10:15:21.270Z] [ALL] 06-14 15:45:21.486  1149  1201 D SurfaceFlinger: [SEC_SF_EFFECTS] drawLayersInternal,1348, Rendering layer com.safebank.ai/com.safebank.ai.MainActivity$_19655#104730 at index 1
[2026-06-14T10:15:21.270Z] [ALL] 06-14 15:45:21.486  1149  1201 D SurfaceFlinger: [SEC_SF_EFFECTS] drawLayersInternal,1348, Rendering layer StatusBar$_2112#94 at index 2
[2026-06-14T10:15:21.272Z] [ALL] 06-14 15:45:21.486  1149  1201 D SurfaceFlinger: [SEC_SF_EFFECTS] drawLayersInternal,1348, Rendering layer com.sec.android.app.launcher/com.samsung.app.honeyspace.edge.edgepanel.app.CocktailBarService$_2619#103972 at index 3
[2026-06-14T10:15:21.272Z] [ALL] 06-14 15:45:21.486  1149  1201 D SurfaceFlinger: [SEC_SF_EFFECTS] drawLayersInternal,1348, Rendering layer NavigationBar0$_2112#90 at index 4
[2026-06-14T10:15:21.368Z] [ALL] 06-14 15:45:21.580  1486  4489 D WindowManager: captureDisplay
[2026-06-14T10:15:21.368Z] [ALL] 06-14 15:45:21.580  1486  4489 I SurfaceComposerClient: captureLayers:childrenOnly:1, sync:0
[2026-06-14T10:15:21.375Z] [ALL] 06-14 15:45:21.586  1149  1661 I SurfaceFlinger: Capture layer list: 	 com.safebank.ai/com.safebank.ai.MainActivity$_19655#104730(preserveDisplayColors:0)
[2026-06-14T10:15:21.375Z] [ALL] 06-14 15:45:21.586  1149  1661 I SurfaceFlinger: Capture layer list: 	 StatusBar$_2112#94(preserveDisplayColors:0)
[2026-06-14T10:15:21.375Z] [ALL] 06-14 15:45:21.586  1149  1661 I SurfaceFlinger: Capture layer list: 	 com.sec.android.app.launcher/com.samsung.app.honeyspace.edge.edgepanel.app.CocktailBarService$_2619#103972(preserveDisplayColors:0)
[2026-06-14T10:15:21.375Z] [ALL] 06-14 15:45:21.586  1149  1661 I SurfaceFlinger: Capture layer list: 	 NavigationBar0$_2112#90(preserveDisplayColors:0)
[2026-06-14T10:15:21.380Z] [ALL] 06-14 15:45:21.589  1149  1201 D SurfaceFlinger: [SEC_SF_EFFECTS] drawLayersInternal,1348, Rendering layer ScreenCaptureFillLayer at index 0
[2026-06-14T10:15:21.380Z] [ALL] 06-14 15:45:21.589  1149  1201 D SurfaceFlinger: [SEC_SF_EFFECTS] drawLayersInternal,1348, Rendering layer com.safebank.ai/com.safebank.ai.MainActivity$_19655#104730 at index 1
[2026-06-14T10:15:21.380Z] [ALL] 06-14 15:45:21.589  1149  1201 D SurfaceFlinger: [SEC_SF_EFFECTS] drawLayersInternal,1348, Rendering layer StatusBar$_2112#94 at index 2
[2026-06-14T10:15:21.380Z] [ALL] 06-14 15:45:21.589  1486  1500 I system_server: Background concurrent mark compact GC freed 43MB AllocSpace bytes, 207(4584KB) LOS objects, 23% free, 154MB/202MB, paused 2.899ms,18.265ms total 661.666ms
[2026-06-14T10:15:21.380Z] [ALL] 06-14 15:45:21.589  1149  1201 D SurfaceFlinger: [SEC_SF_EFFECTS] drawLayersInternal,1348, Rendering layer com.sec.android.app.launcher/com.samsung.app.honeyspace.edge.edgepanel.app.CocktailBarService$_2619#103972 at index 3
[2026-06-14T10:15:21.380Z] [ALL] 06-14 15:45:21.589  1149  1201 D SurfaceFlinger: [SEC_SF_EFFECTS] drawLayersInternal,1348, Rendering layer NavigationBar0$_2112#90 at index 4
[2026-06-14T10:15:21.410Z] [ALL] 06-14 15:45:21.624 28565 30179 I Valdi   : [DynamicDelivery] Loading module content for: valdi_core.valdimodule
[2026-06-14T10:15:21.410Z] [ALL] 06-14 15:45:21.624 28565 30179 I Valdi   : [DynamicDelivery] Loading modules archive -- app version: 14.10.0.47
[2026-06-14T10:15:21.415Z] [ALL] 06-14 15:45:21.625 28565 30179 I Valdi   : [DynamicDelivery] No DynamicDeliveryConfig in COF
[2026-06-14T10:15:21.415Z] [ALL] 06-14 15:45:21.625 28565 30179 W Valdi   : [DynamicDelivery] No DynamicDelivery config found. Skipping modules archive fetch.
[2026-06-14T10:15:21.415Z] [ALL] 06-14 15:45:21.625 28565 30179 I Valdi   : [DynamicDelivery] RETURNING: false
[2026-06-14T10:15:21.415Z] [ALL] 06-14 15:45:21.625 28565 30179 I Valdi   : [DynamicDelivery] Modules archive not loaded
[2026-06-14T10:15:21.435Z] [ALL] 06-14 15:45:21.635 28565 30179 I Valdi   : [DynamicDelivery] Loading module content for: valdi_core.map.json
[2026-06-14T10:15:21.435Z] [ALL] 06-14 15:45:21.635 28565 30179 I Valdi   : [DynamicDelivery] RETURNING: false
[2026-06-14T10:15:21.435Z] [ALL] 06-14 15:45:21.635 28565 30179 I Valdi   : [DynamicDelivery] Modules archive not loaded
[2026-06-14T10:15:21.435Z] [ALL] 06-14 15:45:21.640 28565 30179 I Valdi   : [DynamicDelivery] Loading module content for: coreutils.valdimodule
[2026-06-14T10:15:21.435Z] [ALL] 06-14 15:45:21.640 28565 30179 I Valdi   : [DynamicDelivery] RETURNING: false
[2026-06-14T10:15:21.435Z] [ALL] 06-14 15:45:21.640 28565 30179 I Valdi   : [DynamicDelivery] Modules archive not loaded
[2026-06-14T10:15:21.445Z] [ALL] 06-14 15:45:21.642 28565 30179 I Valdi   : [DynamicDelivery] Loading module content for: coreutils.map.json
[2026-06-14T10:15:21.445Z] [ALL] 06-14 15:45:21.642 28565 30179 I Valdi   : [DynamicDelivery] RETURNING: false
[2026-06-14T10:15:21.445Z] [ALL] 06-14 15:45:21.642 28565 30179 I Valdi   : [DynamicDelivery] Modules archive not loaded
[2026-06-14T10:15:21.445Z] [ALL] 06-14 15:45:21.644 28565 30179 I Valdi   : [DynamicDelivery] Loading module content for: bridge_observables.valdimodule
[2026-06-14T10:15:21.445Z] [ALL] 06-14 15:45:21.644 28565 30179 I Valdi   : [DynamicDelivery] RETURNING: false
[2026-06-14T10:15:21.445Z] [ALL] 06-14 15:45:21.644 28565 30179 I Valdi   : [DynamicDelivery] Modules archive not loaded
[2026-06-14T10:15:21.445Z] [ALL] 06-14 15:45:21.645 28565 30179 I Valdi   : [DynamicDelivery] Loading module content for: bridge_observables.map.json
[2026-06-14T10:15:21.445Z] [ALL] 06-14 15:45:21.645 28565 30179 I Valdi   : [DynamicDelivery] RETURNING: false
[2026-06-14T10:15:21.445Z] [ALL] 06-14 15:45:21.645 28565 30179 I Valdi   : [DynamicDelivery] Modules archive not loaded
[2026-06-14T10:15:21.445Z] [ALL] 06-14 15:45:21.648 28565 30178 I Valdi   : [DynamicDelivery] Loading module content for: valdi_rxjs.valdimodule
[2026-06-14T10:15:21.445Z] [ALL] 06-14 15:45:21.648 28565 30178 I Valdi   : [DynamicDelivery] RETURNING: false
[2026-06-14T10:15:21.445Z] [ALL] 06-14 15:45:21.648 28565 30178 I Valdi   : [DynamicDelivery] Modules archive not loaded
[2026-06-14T10:15:21.445Z] [ALL] 06-14 15:45:21.651 28565 30178 I Valdi   : [DynamicDelivery] Loading module content for: valdi_rxjs.map.json
[2026-06-14T10:15:21.445Z] [ALL] 06-14 15:45:21.651 28565 30178 I Valdi   : [DynamicDelivery] RETURNING: false
[2026-06-14T10:15:21.445Z] [ALL] 06-14 15:45:21.651 28565 30178 I Valdi   : [DynamicDelivery] Modules archive not loaded
[2026-06-14T10:15:21.447Z] [ALL] 06-14 15:45:21.654 19463 19503 I appium  : channel read: POST /session/ed6c8e2c-e5c1-4b65-b4bf-728310f0e26e/element
[2026-06-14T10:15:21.447Z] [ALL] 06-14 15:45:21.655 19463 19503 I appium  : FindElement command
[2026-06-14T10:15:21.447Z] [ALL] 06-14 15:45:21.655 19463 19503 I appium  : method: 'xpath', selector: '//*[contains(@resource-id, "otp_toggle_btn") or @content-desc="otp_toggle_btn"]'
[2026-06-14T10:15:21.447Z] [ALL] 06-14 15:45:21.655 19463 19503 I appium  : Waiting up to 10000ms for the device to idle
[2026-06-14T10:15:21.447Z] [ALL] 06-14 15:45:21.657 19463 19503 I appium  : The following attributes will be included to the page source: [resource-id, content-desc]
[2026-06-14T10:15:21.447Z] [ALL] 06-14 15:45:21.661 28565 30179 I Valdi   : [DynamicDelivery] Loading module content for: recents_ranking.valdimodule
[2026-06-14T10:15:21.447Z] [ALL] 06-14 15:45:21.661 28565 30179 I Valdi   : [DynamicDelivery] RETURNING: false
[2026-06-14T10:15:21.447Z] [ALL] 06-14 15:45:21.661 28565 30179 I Valdi   : [DynamicDelivery] Modules archive not loaded
[2026-06-14T10:15:21.447Z] [ALL] 06-14 15:45:21.662 28565 30179 I Valdi   : [DynamicDelivery] Loading module content for: recents_ranking.map.json
[2026-06-14T10:15:21.447Z] [ALL] 06-14 15:45:21.662 28565 30179 I Valdi   : [DynamicDelivery] RETURNING: false
[2026-06-14T10:15:21.447Z] [ALL] 06-14 15:45:21.662 28565 30179 I Valdi   : [DynamicDelivery] Modules archive not loaded
[2026-06-14T10:15:21.464Z] [ALL] 06-14 15:45:21.671 28565 30178 I Valdi   : [DynamicDelivery] Loading module content for: sqlite.valdimodule
[2026-06-14T10:15:21.464Z] [ALL] 06-14 15:45:21.671 28565 30178 I Valdi   : [DynamicDelivery] RETURNING: false
[2026-06-14T10:15:21.464Z] [ALL] 06-14 15:45:21.671 28565 30178 I Valdi   : [DynamicDelivery] Modules archive not loaded
[2026-06-14T10:15:21.499Z] [ALL] 06-14 15:45:21.678 28565 30178 I Valdi   : [DynamicDelivery] Loading module content for: sqlite.map.json
[2026-06-14T10:15:21.499Z] [ALL] 06-14 15:45:21.678 28565 30178 I Valdi   : [DynamicDelivery] RETURNING: false
[2026-06-14T10:15:21.499Z] [ALL] 06-14 15:45:21.678 28565 30178 I Valdi   : [DynamicDelivery] Modules archive not loaded
[2026-06-14T10:15:21.499Z] [ALL] 06-14 15:45:21.678 28565 30178 I Valdi   : [DynamicDelivery] Loading module content for: turn_db.valdimodule
[2026-06-14T10:15:21.499Z] [ALL] 06-14 15:45:21.678 28565 30178 I Valdi   : [DynamicDelivery] RETURNING: false
[2026-06-14T10:15:21.499Z] [ALL] 06-14 15:45:21.678 28565 30178 I Valdi   : [DynamicDelivery] Modules archive not loaded
[2026-06-14T10:15:21.499Z] [ALL] 06-14 15:45:21.679  1486  4489 D WindowManager: captureDisplay
[2026-06-14T10:15:21.499Z] [ALL] 06-14 15:45:21.680  1486  4489 I SurfaceComposerClient: captureLayers:childrenOnly:1, sync:0
[2026-06-14T10:15:21.499Z] [ALL] 06-14 15:45:21.681  1486  1729 D WifiStaIfaceHidlImpl: getCachedScanData is not implemented by HIDL
[2026-06-14T10:15:21.499Z] [ALL] 06-14 15:45:21.683 28565 30178 I Valdi   : [DynamicDelivery] Loading module content for: turn_db.map.json
[2026-06-14T10:15:21.499Z] [ALL] 06-14 15:45:21.683 28565 30178 I Valdi   : [DynamicDelivery] RETURNING: false
[2026-06-14T10:15:21.499Z] [ALL] 06-14 15:45:21.684 28565 30178 I Valdi   : [DynamicDelivery] Modules archive not loaded
[2026-06-14T10:15:21.499Z] [ALL] 06-14 15:45:21.684  1149  1661 I SurfaceFlinger: Capture layer list: 	 com.safebank.ai/com.safebank.ai.MainActivity$_19655#104730(preserveDisplayColors:0)
[2026-06-14T10:15:21.499Z] [ALL] 06-14 15:45:21.684  1149  1661 I SurfaceFlinger: Capture layer list: 	 StatusBar$_2112#94(preserveDisplayColors:0)
[2026-06-14T10:15:21.499Z] [ALL] 06-14 15:45:21.684  1149  1661 I SurfaceFlinger: Capture layer list: 	 com.sec.android.app.launcher/com.samsung.app.honeyspace.edge.edgepanel.app.CocktailBarService$_2619#103972(preserveDisplayColors:0)
[2026-06-14T10:15:21.499Z] [ALL] 06-14 15:45:21.684  1149  1661 I SurfaceFlinger: Capture layer list: 	 NavigationBar0$_2112#90(preserveDisplayColors:0)
[2026-06-14T10:15:21.500Z] [ALL] 06-14 15:45:21.685 28565 30178 I Valdi   : [DynamicDelivery] Loading module content for: foundation.valdimodule
[2026-06-14T10:15:21.500Z] [ALL] 06-14 15:45:21.685 28565 30178 I Valdi   : [DynamicDelivery] RETURNING: false
[2026-06-14T10:15:21.500Z] [ALL] 06-14 15:45:21.685 28565 30178 I Valdi   : [DynamicDelivery] Modules archive not loaded
[2026-06-14T10:15:21.500Z] [ALL] 06-14 15:45:21.686  1149  1201 D SurfaceFlinger: [SEC_SF_EFFECTS] drawLayersInternal,1348, Rendering layer ScreenCaptureFillLayer at index 0
[2026-06-14T10:15:21.500Z] [ALL] 06-14 15:45:21.686  1149  1201 D SurfaceFlinger: [SEC_SF_EFFECTS] drawLayersInternal,1348, Rendering layer com.safebank.ai/com.safebank.ai.MainActivity$_19655#104730 at index 1
[2026-06-14T10:15:21.500Z] [ALL] 06-14 15:45:21.686  1149  1201 D SurfaceFlinger: [SEC_SF_EFFECTS] drawLayersInternal,1348, Rendering layer StatusBar$_2112#94 at index 2
[2026-06-14T10:15:21.500Z] [ALL] 06-14 15:45:21.686  1149  1201 D SurfaceFlinger: [SEC_SF_EFFECTS] drawLayersInternal,1348, Rendering layer com.sec.android.app.launcher/com.samsung.app.honeyspace.edge.edgepanel.app.CocktailBarService$_2619#103972 at index 3
[2026-06-14T10:15:21.500Z] [ALL] 06-14 15:45:21.686  1149  1201 D SurfaceFlinger: [SEC_SF_EFFECTS] drawLayersInternal,1348, Rendering layer NavigationBar0$_2112#90 at index 4
[2026-06-14T10:15:21.500Z] [ALL] 06-14 15:45:21.689 28565 30178 I Valdi   : [DynamicDelivery] Loading module content for: foundation.map.json
[2026-06-14T10:15:21.500Z] [ALL] 06-14 15:45:21.689 28565 30178 I Valdi   : [DynamicDelivery] RETURNING: false
[2026-06-14T10:15:21.500Z] [ALL] 06-14 15:45:21.689 28565 30178 I Valdi   : [DynamicDelivery] Modules archive not loaded
[2026-06-14T10:15:21.500Z] [ALL] 06-14 15:45:21.690  2072  2072 I EPDG-0 [WifiProfiler]: handleWifiRssiIntent, rssi=-56
[2026-06-14T10:15:21.500Z] [ALL] 06-14 15:45:21.691  2072  2072 I EPDG-0 [WifiProfiler]: isProfiling, hash=189204772, started=true
[2026-06-14T10:15:21.500Z] [ALL] 06-14 15:45:21.691  2072  2072 I EPDG-0 [LogMetrics]: set, type=WIFI_RSSI_LAST, value=-56
[2026-06-14T10:15:21.502Z] [ALL] 06-14 15:45:21.691  2072  2072 I EPDG-0 [WifiProfiler]: isProfiling, hash=189204772, started=true
[2026-06-14T10:15:21.502Z] [ALL] 06-14 15:45:21.692  2072  2072 I EPDG-0 [WifiProfiler]: Rssi : -57 highrange : -75 lowrange : -85 mIsRssiInHystersis : false
[2026-06-14T10:15:21.502Z] [ALL] 06-14 15:45:21.692  2072  2072 I EPDG-0 [WifiProfiler]: Rssi : -56 highrange : -75 lowrange : -85 mIsRssiInHystersis : false
[2026-06-14T10:15:21.502Z] [ALL] 06-14 15:45:21.692  2072  2072 I EPDG-0 [Subscription]: isEpdgAvailable, IwlanPsState=2/2
[2026-06-14T10:15:21.502Z] [ALL] 06-14 15:45:21.692  2072  2072 I EPDG-0 [WifiProfiler]: getHandoverThresholdMet: value is: false
[2026-06-14T10:15:21.502Z] [ALL] 06-14 15:45:21.693  1486  3494 D SemWifiUsabilityStatsMonitor: onWifiUsabilityStats - seqNum 23699, isSameBssidAndFreq true
[2026-06-14T10:15:21.502Z] [ALL] 06-14 15:45:21.695  1486  1830 I SemWifiLinkQualityMonitor: Link stat: 878 / 137 / 1.28 (32) / 78 / -56.0 || 100.0 : 78.00 / B (B) || 75790cca2437: 0.188 / 42.581 / N / V || N N / 0 0 / N 2.0 / N -1 0.000 0.000 / N / X 0 / 182933001 0 0 || 2026-06-14 15:45:20  / 0: 0 0 0 0 0 0 / 0: 0 0 0 0 0 0 / 0: 0 0 0 0 0 0
[2026-06-14T10:15:21.502Z] [ALL] 06-14 15:45:21.694 27314 27325 W .osp.app.signin: userfaultfd: MOVE ioctl seems unsupported: Connection timed out
[2026-06-14T10:15:21.502Z] [ALL] 06-14 15:45:21.696  2619  2727 I HoneySpace.StatusIconTracker: invokeEvent() called with: event = Wifi(visible=true, resId=2114459827, activityId=2114459832)
[2026-06-14T10:15:21.502Z] [ALL] 06-14 15:45:21.702  1149  1280 I SurfaceFlinger: Current= 60, Period= 60, hwcPeriod= 60
[2026-06-14T10:15:21.504Z] [ALL] 06-14 15:45:21.713  1149  1317 D SurfaceFlinger: setDesiredMode 4633128672291736000 {mode={fps=120.00 Hz, modePtr={id=0, vsyncRate=120.00 Hz, peakRefreshRate=120.00 Hz}}, emitEvent=false, force=false}
[2026-06-14T10:15:21.504Z] [ALL] 06-14 15:45:21.714  1149  1149 I SurfaceFlinger: No layers with votes - choose 120.00 Hz
[2026-06-14T10:15:21.504Z] [ALL] 06-14 15:45:21.715  1149  1149 D SurfaceFlinger: initiateModeChange 4633128672291736000 {mode={fps=120.00 Hz, modePtr={id=0, vsyncRate=120.00 Hz, peakRefreshRate=120.00 Hz}}, emitEvent=false, force=false}
[2026-06-14T10:15:21.504Z] [ALL] 06-14 15:45:21.715  1149  1149 I SurfaceFlinger: [4633128672291736000] ActiveConfigToHWC, ID : 3
[2026-06-14T10:15:21.504Z] [ALL] 06-14 15:45:21.716  1062 15192 D display : setActiveConfigWithConstraints:: PrimaryDisplay config(3)
[2026-06-14T10:15:21.504Z] [ALL] 06-14 15:45:21.716  1062 15192 I display : Current VRR MODE is 3
[2026-06-14T10:15:21.504Z] [ALL] 06-14 15:45:21.716  1062 15192 I display : setActiveConfigWithConstraints:: HFR match - config: 3, base: 3, try: 1
[2026-06-14T10:15:21.504Z] [ALL] 06-14 15:45:21.716  1062 15192 I display : setActiveConfigWithConstraints::update 1080x2340@120hs
[2026-06-14T10:15:21.504Z] [ALL] 06-14 15:45:21.716  1062 15192 I display : commit modeset : 1080x2340@120hs
[2026-06-14T10:15:21.515Z] [ALL] 06-14 15:45:21.730 27314 27325 I .osp.app.signin: Background concurrent mark compact GC freed 18MB AllocSpace bytes, 67(4140KB) LOS objects, 83% free, 4804KB/28MB, paused 1.268ms,4.564ms total 133.716ms
[2026-06-14T10:15:21.566Z] [ALL] 06-14 15:45:21.739  1062 15192 W display : deliverWinConfigData:: commit modeset time (22 ms)
[2026-06-14T10:15:21.570Z] [ALL] 06-14 15:45:21.739  1062  1159 I display : [compareVsyncPeriod] set the lowest(mode:0) vsync 83 of display(0)
[2026-06-14T10:15:21.570Z] [ALL] 06-14 15:45:21.740  1062  1159 I display : getFpsForPerformance, performance table found using table(key:120, cpu:255)
[2026-06-14T10:15:21.570Z] [ALL] 06-14 15:45:21.740  1062  1159 I display : Set m2mMPP capacity(4) for fps(120)
[2026-06-14T10:15:21.570Z] [ALL] 06-14 15:45:21.740  1062  1159 I display : getFpsForPerformance, performance table found using table(key:120, cpu:255)
[2026-06-14T10:15:21.570Z] [ALL] 06-14 15:45:21.740  1062  1159 I display : Set Affinity config for fps(120) : cpuIDs : 255
[2026-06-14T10:15:21.570Z] [ALL] 06-14 15:45:21.740  1062  1159 I display : Set Affinity CPU ID : 0
[2026-06-14T10:15:21.570Z] [ALL] 06-14 15:45:21.740  1062  1159 I display : Set Affinity CPU ID : 1
[2026-06-14T10:15:21.570Z] [ALL] 06-14 15:45:21.740  1062  1159 I display : Set Affinity CPU ID : 2
[2026-06-14T10:15:21.570Z] [ALL] 06-14 15:45:21.740  1062  1159 I display : Set Affinity CPU ID : 3
[2026-06-14T10:15:21.570Z] [ALL] 06-14 15:45:21.740  1062  1159 I display : Set Affinity CPU ID : 4
[2026-06-14T10:15:21.570Z] [ALL] 06-14 15:45:21.740  1062  1159 I display : Set Affinity CPU ID : 5
[2026-06-14T10:15:21.570Z] [ALL] 06-14 15:45:21.740  1062  1159 I display : Set Affinity CPU ID : 6
[2026-06-14T10:15:21.570Z] [ALL] 06-14 15:45:21.740  1062  1159 I display : Set Affinity CPU ID : 7
[2026-06-14T10:15:21.570Z] [ALL] 06-14 15:45:21.740  1062  1159 I display : Set affinity HWC : 1062
[2026-06-14T10:15:21.570Z] [ALL] 06-14 15:45:21.740  1062  1159 I display : CPU set : Cluster(0), min_clock(0)
[2026-06-14T10:15:21.570Z] [ALL] 06-14 15:45:21.740  1062  1159 I display : CPU set : Cluster(1), min_clock(0)
[2026-06-14T10:15:21.570Z] [ALL] 06-14 15:45:21.740  1062  1159 I display : CPU set : Cluster(2), min_clock(0)
[2026-06-14T10:15:21.570Z] [ALL] 06-14 15:45:21.740  1149  1280 I SurfaceFlinger: Current= 60, Period= 120, hwcPeriod= 120
[2026-06-14T10:15:21.570Z] [ALL] 06-14 15:45:21.741  1149  1149 I SurfaceFlinger: finalizeDisplayModeChange 4633128672291736000
[2026-06-14T10:15:21.570Z] [ALL] 06-14 15:45:21.748 19463 19503 I appium  : Took 0ms to retrieve 0 matches for '//*[contains(@resource-id, "otp_toggle_btn") or @content-desc="otp_toggle_btn"]' XPath2 query
[2026-06-14T10:15:21.570Z] [ALL] 06-14 15:45:21.750 19463 19503 I appium  : AppiumResponse: {"sessionId":"ed6c8e2c-e5c1-4b65-b4bf-728310f0e26e","value":{"error":"no such element","message":"An element could not be located on the page using the given search parameters","stacktrace":"io.appium.uiautomator2.common.exceptions.ElementNotFoundException: An element could not be located on the page using the given search parameters\n\tat io.appium.uiautomator2.utils.ElementLocationHelpers.findElement(ElementLocationHelpers.java:153)\n\tat io.appium.uiautomator2.handler.FindElement.safeHandle(FindElement.java:60)\n\tat io.appium.uiautomator2.handler.request.SafeRequestHandler.handle(SafeRequestHandler.java:59)\n\tat io.appium.uiautomator2.server.AppiumServlet.handleRequest(AppiumServlet.java:267)\n\tat io.appium.uiautomator2.server.AppiumServlet.handleHttpRequest(AppiumServlet.java:261)\n\tat io.appium.uiautomator2.http.ServerHandler.channelRead(ServerHandler.java:77)\n\tat io.netty.channel.AbstractChannelHandlerContext.fireChannelRead(AbstractChannelHandlerContext.java:357)\n\tat io.netty.handler.codec.MessageToMessageDecoder.channelRead(MessageToMessageDecoder.java:107)\n\tat io.netty.channel.AbstractChannelHandlerContext.fireChannelRead(AbstractChannelHandlerContext.java:357)\n\tat io.netty.channel.CombinedChannelDuplexHandler$DelegatingChannelHandlerContext.fireChannelRead(CombinedChannelDuplexHandler.java:434)\n\tat io.netty.handler.codec.ByteToMessageDecoder.fireChannelRead(ByteToMessageDecoder.java:361)\n\tat io.netty.handler.codec.ByteToMessageDecoder.channelRead(ByteToMessageDecoder.java:325)\n\tat io.netty.channel.CombinedChannelDuplexHandler.channelRead(CombinedChannelDuplexHandler.java:249)\n\tat io.netty.channel.AbstractChannelHandlerContext.fireChannelRead(AbstractChannelHandlerContext.java:355)\n\tat io.netty.handler.timeout.IdleStateHandler.channelRead(IdleStateHandler.java:288)\n\tat io.netty.channel.AbstractChannelHandlerContext.fireChannelRead(AbstractChannelHandlerContext.java:355)\n\tat io.netty.channel.DefaultChannelPipeline$HeadContext.channelRead(DefaultChannelPipeline.java:1429)\n\tat io.netty.channel.DefaultChannelPipeline.fireChannelRead(DefaultChannelPipeline.java:918)\n\tat io.netty.channel.nio.AbstractNioByteChannel$NioByteUnsafe.read(AbstractNioByteChannel.java:176)\n\tat io.netty.channel.nio.AbstractNioChannel$AbstractNioUnsafe.handle(AbstractNioChannel.java:445)\n\tat io.netty.channel.nio.NioIoHandler$DefaultNioRegistration.handle(NioIoHandler.java:388)\n\tat io.netty.channel.nio.NioIoHandler.processSelectedKey(NioIoHandler.java:596)\n\tat io.netty.channel.nio.NioIoHandler.processSelectedKeysOptimized(NioIoHandler.java:571)\n\tat io.netty.channel.nio.NioIoHandler.processSelectedKeys(NioIoHandler.java:512)\n\tat io.netty.channel.nio.NioIoHandler.run(NioIoHandler.java:484)\n\tat io.netty.channel.SingleThreadIoEventLoop.runIo(SingleThreadIoEventLoop.java:225)\n\tat io.netty.channel.SingleThreadIoEventLoop.run(SingleThreadIoEventLoop.java:196)\n\tat io.netty.util.concurrent.SingleThreadEventExecutor$5.run(SingleThreadEventExecutor.java:1195)\n\tat io.netty.util.internal.ThreadExecutorMap$2.run(ThreadExecutorMap.java:74)\n\tat io.netty.util.concurrent.FastThreadLocalRunnable.run(FastThreadLocalRunnable.java:30)\n\tat java.lang.Thread.run(Thread.java:1564)\n"}}
[2026-06-14T10:15:21.570Z] [ALL] 06-14 15:45:21.780  1486  1993 D WindowManager: captureDisplay
[2026-06-14T10:15:21.570Z] [ALL] 06-14 15:45:21.780  1486  1993 I SurfaceComposerClient: captureLayers:childrenOnly:1, sync:0
[2026-06-14T10:15:21.571Z] [ALL] 06-14 15:45:21.787  1149  1661 I SurfaceFlinger: Capture layer list: 	 com.safebank.ai/com.safebank.ai.MainActivity$_19655#104730(preserveDisplayColors:0)
[2026-06-14T10:15:21.573Z] [ALL] 06-14 15:45:21.787  1149  1661 I SurfaceFlinger: Capture layer list: 	 StatusBar$_2112#94(preserveDisplayColors:0)
[2026-06-14T10:15:21.573Z] [ALL] 06-14 15:45:21.787  1149  1661 I SurfaceFlinger: Capture layer list: 	 com.sec.android.app.launcher/com.samsung.app.honeyspace.edge.edgepanel.app.CocktailBarService$_2619#103972(preserveDisplayColors:0)
[2026-06-14T10:15:21.573Z] [ALL] 06-14 15:45:21.787  1149  1661 I SurfaceFlinger: Capture layer list: 	 NavigationBar0$_2112#90(preserveDisplayColors:0)
[2026-06-14T10:15:21.573Z] [ALL] 06-14 15:45:21.788  1149  1201 D SurfaceFlinger: [SEC_SF_EFFECTS] drawLayersInternal,1348, Rendering layer ScreenCaptureFillLayer at index 0
[2026-06-14T10:15:21.573Z] [ALL] 06-14 15:45:21.788  1149  1201 D SurfaceFlinger: [SEC_SF_EFFECTS] drawLayersInternal,1348, Rendering layer com.safebank.ai/com.safebank.ai.MainActivity$_19655#104730 at index 1
[2026-06-14T10:15:21.573Z] [ALL] 06-14 15:45:21.788  1149  1201 D SurfaceFlinger: [SEC_SF_EFFECTS] drawLayersInternal,1348, Rendering layer StatusBar$_2112#94 at index 2
[2026-06-14T10:15:21.573Z] [ALL] 06-14 15:45:21.789  1149  1201 D SurfaceFlinger: [SEC_SF_EFFECTS] drawLayersInternal,1348, Rendering layer com.sec.android.app.launcher/com.samsung.app.honeyspace.edge.edgepanel.app.CocktailBarService$_2619#103972 at index 3
[2026-06-14T10:15:21.573Z] [ALL] 06-14 15:45:21.789  1149  1201 D SurfaceFlinger: [SEC_SF_EFFECTS] drawLayersInternal,1348, Rendering layer NavigationBar0$_2112#90 at index 4
[2026-06-14T10:15:21.666Z] [ALL] 06-14 15:45:21.880  1486  1993 D WindowManager: captureDisplay
[2026-06-14T10:15:21.672Z] [ALL] 06-14 15:45:21.881  1486  1993 I SurfaceComposerClient: captureLayers:childrenOnly:1, sync:0
[2026-06-14T10:15:21.674Z] [ALL] 06-14 15:45:21.885  1149  1661 I SurfaceFlinger: Capture layer list: 	 com.safebank.ai/com.safebank.ai.MainActivity$_19655#104730(preserveDisplayColors:0)
[2026-06-14T10:15:21.674Z] [ALL] 06-14 15:45:21.885  1149  1661 I SurfaceFlinger: Capture layer list: 	 StatusBar$_2112#94(preserveDisplayColors:0)
[2026-06-14T10:15:21.674Z] [ALL] 06-14 15:45:21.885  1149  1661 I SurfaceFlinger: Capture layer list: 	 com.sec.android.app.launcher/com.samsung.app.honeyspace.edge.edgepanel.app.CocktailBarService$_2619#103972(preserveDisplayColors:0)
[2026-06-14T10:15:21.674Z] [ALL] 06-14 15:45:21.885  1149  1661 I SurfaceFlinger: Capture layer list: 	 NavigationBar0$_2112#90(preserveDisplayColors:0)
[2026-06-14T10:15:21.674Z] [ALL] 06-14 15:45:21.888  1486  1856 D SemWifiSwitchForIndividualAppsService: isSkipNetworkCondition - result:2
[2026-06-14T10:15:21.674Z] [ALL] 06-14 15:45:21.888  1149  1201 D SurfaceFlinger: [SEC_SF_EFFECTS] drawLayersInternal,1348, Rendering layer ScreenCaptureFillLayer at index 0
[2026-06-14T10:15:21.674Z] [ALL] 06-14 15:45:21.888  1149  1201 D SurfaceFlinger: [SEC_SF_EFFECTS] drawLayersInternal,1348, Rendering layer com.safebank.ai/com.safebank.ai.MainActivity$_19655#104730 at index 1
[2026-06-14T10:15:21.674Z] [ALL] 06-14 15:45:21.888  1149  1201 D SurfaceFlinger: [SEC_SF_EFFECTS] drawLayersInternal,1348, Rendering layer StatusBar$_2112#94 at index 2
[2026-06-14T10:15:21.674Z] [ALL] 06-14 15:45:21.888  1149  1201 D SurfaceFlinger: [SEC_SF_EFFECTS] drawLayersInternal,1348, Rendering layer com.sec.android.app.launcher/com.samsung.app.honeyspace.edge.edgepanel.app.CocktailBarService$_2619#103972 at index 3
[2026-06-14T10:15:21.674Z] [ALL] 06-14 15:45:21.889  1149  1201 D SurfaceFlinger: [SEC_SF_EFFECTS] drawLayersInternal,1348, Rendering layer NavigationBar0$_2112#90 at index 4
[2026-06-14T10:15:21.704Z] [ALL] 06-14 15:45:21.918 28565 28720 I NotificationManager: com.snapchat.android: notify(1431325696, null, Notification(channel=general_group_silent shortcut=null contentView=null vibrate=null sound=null defaults=0 flags=0 color=0x00000000 vis=PRIVATE semFlags=0x0 semPriority=0 semMissedCount=0 semScenarioType=0)) as user
[2026-06-14T10:15:21.716Z] [ALL] 06-14 15:45:21.929  1486  1993 E NotificationService: isPkgBlocked = true
[2026-06-14T10:15:21.716Z] [ALL] 06-14 15:45:21.929  1486  1993 E NotificationService: isRecordBlocked = false
[2026-06-14T10:15:21.716Z] [ALL] 06-14 15:45:21.929  1486  1993 E NotificationService: Suppressing notification from package com.snapchat.android by user request.
[2026-06-14T10:15:21.749Z] [ALL] 06-14 15:45:21.964  1149  1317 D SurfaceFlinger: setDesiredMode 4633128672291736000 {mode={fps=60.00 Hz, modePtr={id=1, vsyncRate=60.00 Hz, peakRefreshRate=60.00 Hz}}, emitEvent=false, force=false}
[2026-06-14T10:15:21.751Z] [ALL] 06-14 15:45:21.966  1149  1149 I SurfaceFlinger: StatusBar$_2112#94 voted NoVote (0.00 Hz)
[2026-06-14T10:15:21.752Z] [ALL] 06-14 15:45:21.966  1149  1149 I SurfaceFlinger: IdleFps - choose 60.00 Hz
[2026-06-14T10:15:21.752Z] [ALL] 06-14 15:45:21.967  1149  1149 D SurfaceFlinger: initiateModeChange 4633128672291736000 {mode={fps=60.00 Hz, modePtr={id=1, vsyncRate=60.00 Hz, peakRefreshRate=60.00 Hz}}, emitEvent=false, force=false}
[2026-06-14T10:15:21.752Z] [ALL] 06-14 15:45:21.967  1149  1149 I SurfaceFlinger: [4633128672291736000] ActiveConfigToHWC, ID : 4
[2026-06-14T10:15:21.755Z] [ALL] 06-14 15:45:21.968  1149  1280 I SurfaceFlinger: Current= 120, Period= 60, hwcPeriod= 120
[2026-06-14T10:15:21.761Z] [ALL] 06-14 15:45:21.972  1149  1280 I SurfaceFlinger: Current= 120, Period= 60, hwcPeriod= 120
[2026-06-14T10:15:21.761Z] [ALL] 06-14 15:45:21.973  1062 15192 D display : setActiveConfigWithConstraints:: PrimaryDisplay config(4)
[2026-06-14T10:15:21.761Z] [ALL] 06-14 15:45:21.973  1062 15192 I display : Current VRR MODE is 3
[2026-06-14T10:15:21.761Z] [ALL] 06-14 15:45:21.973  1062 15192 I display : setActiveConfigWithConstraints:: HFR match - config: 5, base: 4, try: 0
[2026-06-14T10:15:21.761Z] [ALL] 06-14 15:45:21.973  1062 15192 I display : setActiveConfigWithConstraints::update 1080x2340@60phs
[2026-06-14T10:15:21.761Z] [ALL] 06-14 15:45:21.973  1062 15192 I display : commit modeset : 1080x2340@60phs
[2026-06-14T10:15:21.770Z] [ALL] 06-14 15:45:21.981  1486  2073 D WindowManager: captureDisplay
[2026-06-14T10:15:21.770Z] [ALL] 06-14 15:45:21.981  1486  2073 I SurfaceComposerClient: captureLayers:childrenOnly:1, sync:0
[2026-06-14T10:15:21.773Z] [ALL] 06-14 15:45:21.989  1062 15192 W display : deliverWinConfigData:: commit modeset time (15 ms)
[2026-06-14T10:15:21.783Z] [ALL] 06-14 15:45:21.990  1149  1149 D SurfaceFlinger: GPIS:: requestGpisForSFSluggish
[2026-06-14T10:15:21.783Z] [ALL] 06-14 15:45:21.991  1149  1149 I SurfaceFlinger: finalizeDisplayModeChange 4633128672291736000
[2026-06-14T10:15:21.783Z] [ALL] 06-14 15:45:21.991  1062  1159 I display : [compareVsyncPeriod] set the lowest(mode:0) vsync 166 of display(0)
[2026-06-14T10:15:21.783Z] [ALL] 06-14 15:45:21.991  1062  1159 I display : getFpsForPerformance, performance table found using table(key:60, cpu:255)
[2026-06-14T10:15:21.783Z] [ALL] 06-14 15:45:21.991  1062  1159 I display : Set m2mMPP capacity(8) for fps(60)
[2026-06-14T10:15:21.783Z] [ALL] 06-14 15:45:21.991  1062  1159 I display : getFpsForPerformance, performance table found using table(key:60, cpu:255)
[2026-06-14T10:15:21.783Z] [ALL] 06-14 15:45:21.991  1062  1159 I display : Set Affinity config for fps(60) : cpuIDs : 255
[2026-06-14T10:15:21.783Z] [ALL] 06-14 15:45:21.991  1062  1159 I display : Set Affinity CPU ID : 0
[2026-06-14T10:15:21.783Z] [ALL] 06-14 15:45:21.991  1062  1159 I display : Set Affinity CPU ID : 1
[2026-06-14T10:15:21.783Z] [ALL] 06-14 15:45:21.991  1062  1159 I display : Set Affinity CPU ID : 2
[2026-06-14T10:15:21.783Z] [ALL] 06-14 15:45:21.991  1062  1159 I display : Set Affinity CPU ID : 3
[2026-06-14T10:15:21.783Z] [ALL] 06-14 15:45:21.991  1062  1159 I display : Set Affinity CPU ID : 4
[2026-06-14T10:15:21.783Z] [ALL] 06-14 15:45:21.991  1062  1159 I display : Set Affinity CPU ID : 5
[2026-06-14T10:15:21.783Z] [ALL] 06-14 15:45:21.991  1062  1159 I display : Set Affinity CPU ID : 6
[2026-06-14T10:15:21.783Z] [ALL] 06-14 15:45:21.991  1062  1159 I display : Set Affinity CPU ID : 7
[2026-06-14T10:15:21.783Z] [ALL] 06-14 15:45:21.991  1062  1159 I display : Set affinity HWC : 1062
[2026-06-14T10:15:21.783Z] [ALL] 06-14 15:45:21.991  1062  1159 I display : CPU set : Cluster(0), min_clock(0)
[2026-06-14T10:15:21.783Z] [ALL] 06-14 15:45:21.991  1062  1159 I display : CPU set : Cluster(1), min_clock(0)
[2026-06-14T10:15:21.783Z] [ALL] 06-14 15:45:21.991  1062  1159 I display : CPU set : Cluster(2), min_clock(0)
[2026-06-14T10:15:21.783Z] [ALL] 06-14 15:45:21.993  1149  1280 I SurfaceFlinger: Current= 120, Period= 60, hwcPeriod= 60
[2026-06-14T10:15:21.784Z] [ALL] 06-14 15:45:21.995 28565 28710 D ConnectivityManager: StackLog: [android.net.ConnectivityManager.unregisterNetworkCallback(ConnectivityManager.java:5575)] [j70.run(SourceFile:210)] [io.reactivex.rxjava3.disposables.ActionDisposable.a(SourceFile:3)] [io.reactivex.rxjava3.disposables.ReferenceDisposable.dispose(SourceFile:14)] [io.reactivex.rxjava3.internal.disposables.DisposableHelper.a(SourceFile:21)] [io.reactivex.rxjava3.internal.operators.observable.ObservableCreate$CreateEmitter.dispose(SourceFile:1)] [io.reactivex.rxjava3.internal.disposables.DisposableHelper.a(SourceFile:21)] [io.reactivex.rxjava3.internal.operators.observable.ObservableSubscribeOn$SubscribeOnObserver.dispose(SourceFile:3)] [io.reactivex.rxjava3.internal.operators.observable.ObservableUnsubscribeOn$UnsubscribeObserver$DisposeTask.run(SourceFile:5)] [io.reactivex.rxjava3.core.Scheduler$DisposeTask.run(SourceFile:10)] [io.reactivex.rxjava3.internal.schedulers.ExecutorScheduler$ExecutorWorker$BooleanRunnable.run(SourceFile:11)] [io.reactivex.rxjava3.internal.schedulers.ExecutorScheduler$ExecutorWorker.run(SourceFile:83)] [bw0.invoke(SourceFile:56)] [zQ5.c(SourceFile:35)] [cw0.run(SourceFile:86)] [Tf.run(SourceFile:19)] [java.util.concurrent.Executors$RunnableAdapter.call(Executors.java:520)] [java.util.concurrent.FutureTask.run(FutureTask.java:317)] [java.util.concurrent.ScheduledThreadPoolExecutor$ScheduledFutureTask.run(ScheduledThreadPoolExecutor.java:348)] [java.util.concurrent.ThreadPoolExecutor.runWorker(ThreadPoolExecutor.java:1154)] [java.util.concurrent.ThreadPoolExecutor$Worker.run(ThreadPoolExecutor.java:652)] [hX.run(SourceFile:38)]
[2026-06-14T10:15:21.784Z] [ALL] 06-14 15:45:21.995 28565 28720 D ConnectivityManager: StackLog: [android.net.ConnectivityManager.sendRequestForNetwork(ConnectivityManager.java:4740)] [android.net.ConnectivityManager.registerDefaultNetworkCallbackForUid(ConnectivityManager.java:5465)] [android.net.ConnectivityManager.registerDefaultNetworkCallback(ConnectivityManager.java:5432)] [android.net.ConnectivityManager.registerDefaultNetworkCallback(ConnectivityManager.java:5406)] [Qpe.f(SourceFile:1)] [UO7.subscribe(SourceFile:14)] [io.reactivex.rxjava3.internal.operators.observable.ObservableCreate.M0(SourceFile:11)] [io.reactivex.rxjava3.core.Observable.subscribe(SourceFile:7)] [io.reactivex.rxjava3.internal.operators.observable.ObservableSubscribeOn$SubscribeTask.run(SourceFile:7)] [io.reactivex.rxjava3.core.Scheduler$DisposeTask.run(SourceFile:10)] [io.reactivex.rxjava3.internal.schedulers.ExecutorScheduler$ExecutorWorker$BooleanRunnable.run(SourceFile:11)] [io.reactivex.rxjava3.internal.schedulers.ExecutorScheduler$ExecutorWorker.run(SourceFile:83)] [bw0.invoke(SourceFile:56)] [zQ5.c(SourceFile:35)] [cw0.run(SourceFile:86)] [Tf.run(SourceFile:19)] [java.util.concurrent.Executors$RunnableAdapter.call(Executors.java:520)] [java.util.concurrent.FutureTask.run(FutureTask.java:317)] [java.util.concurrent.ScheduledThreadPoolExecutor$ScheduledFutureTask.run(ScheduledThreadPoolExecutor.java:348)] [java.util.concurrent.ThreadPoolExecutor.runWorker(ThreadPoolExecutor.java:1154)] [java.util.concurrent.ThreadPoolExecutor$Worker.run(ThreadPoolExecutor.java:652)] [hX.run(SourceFile:38)]
[2026-06-14T10:15:21.784Z] [ALL] 06-14 15:45:21.996  1486  1741 D ConnectivityService:  Removing from current network [204 WIFI], leaving 245 requests.
[2026-06-14T10:15:21.798Z] [ALL] 06-14 15:45:22.011  1149  1661 I SurfaceFlinger: Capture layer list: 	 com.safebank.ai/com.safebank.ai.MainActivity$_19655#104730(preserveDisplayColors:0)
[2026-06-14T10:15:21.798Z] [ALL] 06-14 15:45:22.011  1149  1661 I SurfaceFlinger: Capture layer list: 	 StatusBar$_2112#94(preserveDisplayColors:0)
[2026-06-14T10:15:21.798Z] [ALL] 06-14 15:45:22.011  1149  1661 I SurfaceFlinger: Capture layer list: 	 com.sec.android.app.launcher/com.samsung.app.honeyspace.edge.edgepanel.app.CocktailBarService$_2619#103972(preserveDisplayColors:0)
[2026-06-14T10:15:21.798Z] [ALL] 06-14 15:45:22.011  1149  1661 I SurfaceFlinger: Capture layer list: 	 NavigationBar0$_2112#90(preserveDisplayColors:0)
[2026-06-14T10:15:21.800Z] [ALL] 06-14 15:45:22.014  1149  1201 D SurfaceFlinger: [SEC_SF_EFFECTS] drawLayersInternal,1348, Rendering layer ScreenCaptureFillLayer at index 0
[2026-06-14T10:15:21.800Z] [ALL] 06-14 15:45:22.014  1149  1201 D SurfaceFlinger: [SEC_SF_EFFECTS] drawLayersInternal,1348, Rendering layer com.safebank.ai/com.safebank.ai.MainActivity$_19655#104730 at index 1
[2026-06-14T10:15:21.800Z] [ALL] 06-14 15:45:22.014  1149  1201 D SurfaceFlinger: [SEC_SF_EFFECTS] drawLayersInternal,1348, Rendering layer StatusBar$_2112#94 at index 2
[2026-06-14T10:15:21.800Z] [ALL] 06-14 15:45:22.014  1149  1201 D SurfaceFlinger: [SEC_SF_EFFECTS] drawLayersInternal,1348, Rendering layer com.sec.android.app.launcher/com.samsung.app.honeyspace.edge.edgepanel.app.CocktailBarService$_2619#103972 at index 3
[2026-06-14T10:15:21.800Z] [ALL] 06-14 15:45:22.014  1149  1201 D SurfaceFlinger: [SEC_SF_EFFECTS] drawLayersInternal,1348, Rendering layer NavigationBar0$_2112#90 at index 4
[2026-06-14T10:15:21.802Z] [ALL] 06-14 15:45:22.018 27719 27719 I Finsky  : [2] setup::RES: shouldRecoverRestoredPackages: versionCodeSystem 84893030
[2026-06-14T10:15:21.803Z] [ALL] 06-14 15:45:22.018  1486  1993 D ConnectivityService: requestNetwork for uid/pid:10378/28565 activeRequest: null callbackRequest: 50451 [NetworkRequest [ REQUEST id=50452, [ Capabilities: INTERNET&NOT_RESTRICTED&TRUSTED&NOT_VCN_MANAGED&NOT_BANDWIDTH_CONSTRAINED Uid: 10378 RequestorUid: 10378 RequestorPkg: com.snapchat.android UnderlyingNetworks: Null] ]] callback flags: 0 order: 2147483647 isUidTracked: false declaredMethods: AVAIL|LOSING|LOST|UNAVAIL|NC|LP
[2026-06-14T10:15:21.816Z] [ALL] 06-14 15:45:22.022  1486  1741 D ConnectivityService:    accepting network in place of null for NetworkRequest [ REQUEST id=50452, [ Capabilities: INTERNET&NOT_RESTRICTED&TRUSTED&NOT_VCN_MANAGED&NOT_BANDWIDTH_CONSTRAINED Uid: 10378 RequestorUid: 10378 RequestorPkg: com.snapchat.android UnderlyingNetworks: Null] ]
[2026-06-14T10:15:21.817Z] [ALL] 06-14 15:45:22.027  1486  1729 D WifiNetworkFactory: got request NetworkRequest [ REQUEST id=50452, [ Capabilities: INTERNET&NOT_RESTRICTED&TRUSTED&NOT_VCN_MANAGED&NOT_BANDWIDTH_CONSTRAINED Uid: 10378 RequestorUid: 10378 RequestorPkg: com.snapchat.android UnderlyingNetworks: Null] ]
[2026-06-14T10:15:21.817Z] [ALL] 06-14 15:45:22.027  1486  1729 D UntrustedWifiNetworkFactory: got request NetworkRequest [ REQUEST id=50452, [ Capabilities: INTERNET&NOT_RESTRICTED&TRUSTED&NOT_VCN_MANAGED&NOT_BANDWIDTH_CONSTRAINED Uid: 10378 RequestorUid: 10378 RequestorPkg: com.snapchat.android UnderlyingNetworks: Null] ]
[2026-06-14T10:15:21.817Z] [ALL] 06-14 15:45:22.028  1486  1729 D OemPaidWifiNetworkFactory: got request NetworkRequest [ REQUEST id=50452, [ Capabilities: INTERNET&NOT_RESTRICTED&TRUSTED&NOT_VCN_MANAGED&NOT_BANDWIDTH_CONSTRAINED Uid: 10378 RequestorUid: 10378 RequestorPkg: com.snapchat.android UnderlyingNetworks: Null] ]
[2026-06-14T10:15:21.817Z] [ALL] 06-14 15:45:22.029  1486  1729 D MultiInternetWifiNetworkFactory: got request NetworkRequest [ REQUEST id=50452, [ Capabilities: INTERNET&NOT_RESTRICTED&TRUSTED&NOT_VCN_MANAGED&NOT_BANDWIDTH_CONSTRAINED Uid: 10378 RequestorUid: 10378 RequestorPkg: com.snapchat.android UnderlyingNetworks: Null] ]
[2026-06-14T10:15:21.817Z] [ALL] 06-14 15:45:22.029  1486  1741 D ConnectivityService: Rematched networks [computed 1ms] [applied 3ms] [issued 4]
[2026-06-14T10:15:21.824Z] [ALL] 06-14 15:45:22.032  1486  1741 D ConnectivityService: NetworkReassignment :
[2026-06-14T10:15:21.824Z] [ALL] 06-14 15:45:22.032  1486  1741 D ConnectivityService:   50452 : null → 204
[2026-06-14T10:15:21.824Z] [ALL] 06-14 15:45:22.034 27719 27719 I Finsky  : [2] Detected restoreservicev2://recovery not needed, will not run
[2026-06-14T10:15:21.846Z] [ALL] 06-14 15:45:22.060  1486  1623 I ActivityManager: Changes in 10329 10 to 10, 384 to 256
[2026-06-14T10:15:21.846Z] [ALL] 06-14 15:45:22.061  1486  1623 I ActivityManager: Changes in 10110 10 to 10, 384 to 256
[2026-06-14T10:15:21.866Z] [ALL] 06-14 15:45:22.081  1486  1993 D WindowManager: captureDisplay
[2026-06-14T10:15:21.866Z] [ALL] 06-14 15:45:22.081  1486  1993 I SurfaceComposerClient: captureLayers:childrenOnly:1, sync:0
[2026-06-14T10:15:21.880Z] [ALL] 06-14 15:45:22.086  1149  1661 I SurfaceFlinger: Capture layer list: 	 com.safebank.ai/com.safebank.ai.MainActivity$_19655#104730(preserveDisplayColors:0)
[2026-06-14T10:15:21.880Z] [ALL] 06-14 15:45:22.086  1149  1661 I SurfaceFlinger: Capture layer list: 	 StatusBar$_2112#94(preserveDisplayColors:0)
[2026-06-14T10:15:21.880Z] [ALL] 06-14 15:45:22.086  1149  1661 I SurfaceFlinger: Capture layer list: 	 com.sec.android.app.launcher/com.samsung.app.honeyspace.edge.edgepanel.app.CocktailBarService$_2619#103972(preserveDisplayColors:0)
[2026-06-14T10:15:21.880Z] [ALL] 06-14 15:45:22.086  1149  1661 I SurfaceFlinger: Capture layer list: 	 NavigationBar0$_2112#90(preserveDisplayColors:0)
[2026-06-14T10:15:21.880Z] [ALL] 06-14 15:45:22.088  1149  1201 D SurfaceFlinger: [SEC_SF_EFFECTS] drawLayersInternal,1348, Rendering layer ScreenCaptureFillLayer at index 0
[2026-06-14T10:15:21.880Z] [ALL] 06-14 15:45:22.088  1149  1201 D SurfaceFlinger: [SEC_SF_EFFECTS] drawLayersInternal,1348, Rendering layer com.safebank.ai/com.safebank.ai.MainActivity$_19655#104730 at index 1
[2026-06-14T10:15:21.880Z] [ALL] 06-14 15:45:22.088  1149  1201 D SurfaceFlinger: [SEC_SF_EFFECTS] drawLayersInternal,1348, Rendering layer StatusBar$_2112#94 at index 2
[2026-06-14T10:15:21.880Z] [ALL] 06-14 15:45:22.088  1149  1201 D SurfaceFlinger: [SEC_SF_EFFECTS] drawLayersInternal,1348, Rendering layer com.sec.android.app.launcher/com.samsung.app.honeyspace.edge.edgepanel.app.CocktailBarService$_2619#103972 at index 3
[2026-06-14T10:15:21.880Z] [ALL] 06-14 15:45:22.088  1149  1201 D SurfaceFlinger: [SEC_SF_EFFECTS] drawLayersInternal,1348, Rendering layer NavigationBar0$_2112#90 at index 4
[2026-06-14T10:15:21.886Z] [ALL] 06-14 15:45:22.101  1486  1881 D NetdEventListenerService: DNS Requested by 204, 10378(com.snapchat.android), SUCCESS, 14ms
[2026-06-14T10:15:22.054Z] [ALL] 06-14 15:45:22.181  1486  1993 D WindowManager: captureDisplay
[2026-06-14T10:15:22.123Z] [ALL] 06-14 15:45:22.181  1486  1993 I SurfaceComposerClient: captureLayers:childrenOnly:1, sync:0
[2026-06-14T10:15:22.123Z] [ALL] 06-14 15:45:22.187  1149  1661 I SurfaceFlinger: Capture layer list: 	 com.safebank.ai/com.safebank.ai.MainActivity$_19655#104730(preserveDisplayColors:0)
[2026-06-14T10:15:22.123Z] [ALL] 06-14 15:45:22.187  1149  1661 I SurfaceFlinger: Capture layer list: 	 StatusBar$_2112#94(preserveDisplayColors:0)
[2026-06-14T10:15:22.123Z] [ALL] 06-14 15:45:22.187  1149  1661 I SurfaceFlinger: Capture layer list: 	 com.sec.android.app.launcher/com.samsung.app.honeyspace.edge.edgepanel.app.CocktailBarService$_2619#103972(preserveDisplayColors:0)
[2026-06-14T10:15:22.123Z] [ALL] 06-14 15:45:22.187  1149  1661 I SurfaceFlinger: Capture layer list: 	 NavigationBar0$_2112#90(preserveDisplayColors:0)
[2026-06-14T10:15:22.123Z] [ALL] 06-14 15:45:22.189  1149  1201 D SurfaceFlinger: [SEC_SF_EFFECTS] drawLayersInternal,1348, Rendering layer ScreenCaptureFillLayer at index 0
[2026-06-14T10:15:22.123Z] [ALL] 06-14 15:45:22.189  1149  1201 D SurfaceFlinger: [SEC_SF_EFFECTS] drawLayersInternal,1348, Rendering layer com.safebank.ai/com.safebank.ai.MainActivity$_19655#104730 at index 1
[2026-06-14T10:15:22.123Z] [ALL] 06-14 15:45:22.189  1149  1201 D SurfaceFlinger: [SEC_SF_EFFECTS] drawLayersInternal,1348, Rendering layer StatusBar$_2112#94 at index 2
[2026-06-14T10:15:22.123Z] [ALL] 06-14 15:45:22.189  1149  1201 D SurfaceFlinger: [SEC_SF_EFFECTS] drawLayersInternal,1348, Rendering layer com.sec.android.app.launcher/com.samsung.app.honeyspace.edge.edgepanel.app.CocktailBarService$_2619#103972 at index 3
[2026-06-14T10:15:22.123Z] [ALL] 06-14 15:45:22.190  1149  1201 D SurfaceFlinger: [SEC_SF_EFFECTS] drawLayersInternal,1348, Rendering layer NavigationBar0$_2112#90 at index 4
[2026-06-14T10:15:22.123Z] [ALL] 06-14 15:45:22.238 27719 30209 I Finsky  : [2653] registerListener
[2026-06-14T10:15:22.123Z] [ALL] 06-14 15:45:22.239 27719 30209 I Finsky  : [2653] DSC: reviveDownloads()
[2026-06-14T10:15:22.123Z] [ALL] 06-14 15:45:22.243 27719 30209 I Finsky  : [2653] Initialized AssetModuleDownloader.
[2026-06-14T10:15:22.123Z] [ALL] 06-14 15:45:22.261 29794 29850 I Finsky:background: [2616] DS: reviveDownloads()
[2026-06-14T10:15:22.130Z] [ALL] 06-14 15:45:22.281  1486  1993 D WindowManager: captureDisplay
[2026-06-14T10:15:22.130Z] [ALL] 06-14 15:45:22.282  1486  1993 I SurfaceComposerClient: captureLayers:childrenOnly:1, sync:0
[2026-06-14T10:15:22.130Z] [ALL] 06-14 15:45:22.289  1149  1661 I SurfaceFlinger: Capture layer list: 	 com.safebank.ai/com.safebank.ai.MainActivity$_19655#104730(preserveDisplayColors:0)
[2026-06-14T10:15:22.130Z] [ALL] 06-14 15:45:22.289  1149  1661 I SurfaceFlinger: Capture layer list: 	 StatusBar$_2112#94(preserveDisplayColors:0)
[2026-06-14T10:15:22.130Z] [ALL] 06-14 15:45:22.289  1149  1661 I SurfaceFlinger: Capture layer list: 	 com.sec.android.app.launcher/com.samsung.app.honeyspace.edge.edgepanel.app.CocktailBarService$_2619#103972(preserveDisplayColors:0)
[2026-06-14T10:15:22.130Z] [ALL] 06-14 15:45:22.289  1149  1661 I SurfaceFlinger: Capture layer list: 	 NavigationBar0$_2112#90(preserveDisplayColors:0)
[2026-06-14T10:15:22.130Z] [ALL] 06-14 15:45:22.291  1149  1201 D SurfaceFlinger: [SEC_SF_EFFECTS] drawLayersInternal,1348, Rendering layer ScreenCaptureFillLayer at index 0
[2026-06-14T10:15:22.130Z] [ALL] 06-14 15:45:22.291  1149  1201 D SurfaceFlinger: [SEC_SF_EFFECTS] drawLayersInternal,1348, Rendering layer com.safebank.ai/com.safebank.ai.MainActivity$_19655#104730 at index 1
[2026-06-14T10:15:22.130Z] [ALL] 06-14 15:45:22.292  1149  1201 D SurfaceFlinger: [SEC_SF_EFFECTS] drawLayersInternal,1348, Rendering layer StatusBar$_2112#94 at index 2
[2026-06-14T10:15:22.130Z] [ALL] 06-14 15:45:22.292  1149  1201 D SurfaceFlinger: [SEC_SF_EFFECTS] drawLayersInternal,1348, Rendering layer com.sec.android.app.launcher/com.samsung.app.honeyspace.edge.edgepanel.app.CocktailBarService$_2619#103972 at index 3
[2026-06-14T10:15:22.130Z] [ALL] 06-14 15:45:22.292  1149  1201 D SurfaceFlinger: [SEC_SF_EFFECTS] drawLayersInternal,1348, Rendering layer NavigationBar0$_2112#90 at index 4
[2026-06-14T10:15:22.130Z] [ALL] 06-14 15:45:22.338 19463 19503 I appium  : channel read: POST /session/ed6c8e2c-e5c1-4b65-b4bf-728310f0e26e/element
[2026-06-14T10:15:22.130Z] [ALL] 06-14 15:45:22.338 19463 19503 I appium  : FindElement command
[2026-06-14T10:15:22.163Z] [ALL] 06-14 15:45:22.339 19463 19503 I appium  : method: 'xpath', selector: '//*[contains(@resource-id, "otp_toggle_btn") or @content-desc="otp_toggle_btn"]'
[2026-06-14T10:15:22.163Z] [ALL] 06-14 15:45:22.340 19463 19503 I appium  : Waiting up to 10000ms for the device to idle
[2026-06-14T10:15:22.163Z] [ALL] 06-14 15:45:22.342 19463 19503 I appium  : The following attributes will be included to the page source: [resource-id, content-desc]
[2026-06-14T10:15:22.169Z] [ALL] 06-14 15:45:22.375 29794 30214 D ConnectivityManager: StackLog: [android.net.ConnectivityManager.sendRequestForNetwork(ConnectivityManager.java:4740)] [android.net.ConnectivityManager.registerDefaultNetworkCallbackForUid(ConnectivityManager.java:5465)] [android.net.ConnectivityManager.registerDefaultNetworkCallback(ConnectivityManager.java:5432)] [android.net.ConnectivityManager.registerDefaultNetworkCallback(ConnectivityManager.java:5406)] [vgz.a(PG:17)] [qqi.aA(PG:1)] [qqh.j(PG:2203)] [qqh.a(PG:48)] [caxs.d(PG:10)] [caxs.a(PG:7)] [caxr.a(PG:5)] [caxs.d(PG:10)] [caxs.a(PG:7)] [utg.a(PG:771)] [bnyf.d(PG:3)] [bnyh.run(PG:47)] [java.util.concurrent.ThreadPoolExecutor.runWorker(ThreadPoolExecutor.java:1154)] [java.util.concurrent.ThreadPoolExecutor$Worker.run(ThreadPoolExecutor.java:652)] [vyn.run(PG:415)] [java.lang.Thread.run(Thread.java:1564)]
[2026-06-14T10:15:22.169Z] [ALL] 06-14 15:45:22.378  1486  4489 D ConnectivityService: requestNetwork for uid/pid:10263/29794 activeRequest: null callbackRequest: 50453 [NetworkRequest [ REQUEST id=50454, [ Capabilities: INTERNET&NOT_RESTRICTED&TRUSTED&NOT_VCN_MANAGED&NOT_BANDWIDTH_CONSTRAINED Uid: 10263 RequestorUid: 10263 RequestorPkg: com.android.vending UnderlyingNetworks: Null] ]] callback flags: 0 order: 2147483647 isUidTracked: false declaredMethods: AVAIL|LOST
[2026-06-14T10:15:22.169Z] [ALL] 06-14 15:45:22.379  1486  1741 D ConnectivityService:    accepting network in place of null for NetworkRequest [ REQUEST id=50454, [ Capabilities: INTERNET&NOT_RESTRICTED&TRUSTED&NOT_VCN_MANAGED&NOT_BANDWIDTH_CONSTRAINED Uid: 10263 RequestorUid: 10263 RequestorPkg: com.android.vending UnderlyingNetworks: Null] ]
[2026-06-14T10:15:22.175Z] [ALL] 06-14 15:45:22.382  1486  4489 D WindowManager: captureDisplay
[2026-06-14T10:15:22.175Z] [ALL] 06-14 15:45:22.383  1486  4489 I SurfaceComposerClient: captureLayers:childrenOnly:1, sync:0
[2026-06-14T10:15:22.175Z] [ALL] 06-14 15:45:22.387  1149  1661 I SurfaceFlinger: Capture layer list: 	 com.safebank.ai/com.safebank.ai.MainActivity$_19655#104730(preserveDisplayColors:0)
[2026-06-14T10:15:22.175Z] [ALL] 06-14 15:45:22.387  1149  1661 I SurfaceFlinger: Capture layer list: 	 StatusBar$_2112#94(preserveDisplayColors:0)
[2026-06-14T10:15:22.175Z] [ALL] 06-14 15:45:22.387  1149  1661 I SurfaceFlinger: Capture layer list: 	 com.sec.android.app.launcher/com.samsung.app.honeyspace.edge.edgepanel.app.CocktailBarService$_2619#103972(preserveDisplayColors:0)
[2026-06-14T10:15:22.175Z] [ALL] 06-14 15:45:22.387  1149  1661 I SurfaceFlinger: Capture layer list: 	 NavigationBar0$_2112#90(preserveDisplayColors:0)
[2026-06-14T10:15:22.177Z] [ALL] 06-14 15:45:22.389 29794 29844 I Finsky:background: [2613] DS: Network is available [NetworkState{connected=true, wifi=true, metered=false, roaming=false}].
[2026-06-14T10:15:22.177Z] [ALL] 06-14 15:45:22.389  1149  1201 D SurfaceFlinger: [SEC_SF_EFFECTS] drawLayersInternal,1348, Rendering layer ScreenCaptureFillLayer at index 0
[2026-06-14T10:15:22.177Z] [ALL] 06-14 15:45:22.389  1149  1201 D SurfaceFlinger: [SEC_SF_EFFECTS] drawLayersInternal,1348, Rendering layer com.safebank.ai/com.safebank.ai.MainActivity$_19655#104730 at index 1
[2026-06-14T10:15:22.177Z] [ALL] 06-14 15:45:22.389  1149  1201 D SurfaceFlinger: [SEC_SF_EFFECTS] drawLayersInternal,1348, Rendering layer StatusBar$_2112#94 at index 2
[2026-06-14T10:15:22.177Z] [ALL] 06-14 15:45:22.389  1149  1201 D SurfaceFlinger: [SEC_SF_EFFECTS] drawLayersInternal,1348, Rendering layer com.sec.android.app.launcher/com.samsung.app.honeyspace.edge.edgepanel.app.CocktailBarService$_2619#103972 at index 3
[2026-06-14T10:15:22.177Z] [ALL] 06-14 15:45:22.389  1149  1201 D SurfaceFlinger: [SEC_SF_EFFECTS] drawLayersInternal,1348, Rendering layer NavigationBar0$_2112#90 at index 4
[2026-06-14T10:15:22.177Z] [ALL] 06-14 15:45:22.390 29794 29844 I Finsky:background: [2613] DS: Updating downloads for network change
[2026-06-14T10:15:22.177Z] [ALL] 06-14 15:45:22.390  1486  1729 D WifiNetworkFactory: got request NetworkRequest [ REQUEST id=50454, [ Capabilities: INTERNET&NOT_RESTRICTED&TRUSTED&NOT_VCN_MANAGED&NOT_BANDWIDTH_CONSTRAINED Uid: 10263 RequestorUid: 10263 RequestorPkg: com.android.vending UnderlyingNetworks: Null] ]
[2026-06-14T10:15:22.179Z] [ALL] 06-14 15:45:22.393 29794 30214 I Finsky:background: [2632] DS::IDC: updateWith: <15:SUCCEEDED>
[2026-06-14T10:15:22.179Z] [ALL] 06-14 15:45:22.393 29794 30214 I Finsky:background: [2632] DS::IDC: All invisible downloads are finished.
[2026-06-14T10:15:22.179Z] [ALL] 06-14 15:45:22.393 29794 30214 I Finsky:background: [2632] DS::ISM: Stopping invisible download job
[2026-06-14T10:15:22.181Z] [ALL] 06-14 15:45:22.397  1486  1729 D UntrustedWifiNetworkFactory: got request NetworkRequest [ REQUEST id=50454, [ Capabilities: INTERNET&NOT_RESTRICTED&TRUSTED&NOT_VCN_MANAGED&NOT_BANDWIDTH_CONSTRAINED Uid: 10263 RequestorUid: 10263 RequestorPkg: com.android.vending UnderlyingNetworks: Null] ]
[2026-06-14T10:15:22.184Z] [ALL] 06-14 15:45:22.400  1486  1729 D OemPaidWifiNetworkFactory: got request NetworkRequest [ REQUEST id=50454, [ Capabilities: INTERNET&NOT_RESTRICTED&TRUSTED&NOT_VCN_MANAGED&NOT_BANDWIDTH_CONSTRAINED Uid: 10263 RequestorUid: 10263 RequestorPkg: com.android.vending UnderlyingNetworks: Null] ]
[2026-06-14T10:15:22.186Z] [ALL] 06-14 15:45:22.402  1486  1729 D MultiInternetWifiNetworkFactory: got request NetworkRequest [ REQUEST id=50454, [ Capabilities: INTERNET&NOT_RESTRICTED&TRUSTED&NOT_VCN_MANAGED&NOT_BANDWIDTH_CONSTRAINED Uid: 10263 RequestorUid: 10263 RequestorPkg: com.android.vending UnderlyingNetworks: Null] ]
[2026-06-14T10:15:22.189Z] [ALL] 06-14 15:45:22.403  1486  1741 D ConnectivityService: Rematched networks [computed 0ms] [applied 5ms] [issued 19]
[2026-06-14T10:15:22.191Z] [ALL] 06-14 15:45:22.406  1486  1741 D ConnectivityService: NetworkReassignment :
[2026-06-14T10:15:22.191Z] [ALL] 06-14 15:45:22.406  1486  1741 D ConnectivityService:   50454 : null → 204
[2026-06-14T10:15:22.801Z] [ALL] 06-14 15:45:22.411 29794 30214 I Finsky:background: [2632] DS::IDC: updateWith: <556:SUCCEEDED>
[2026-06-14T10:15:22.801Z] [ALL] 06-14 15:45:22.415 29794 30214 I Finsky:background: [2632] DS::IDC: All invisible downloads are finished.
[2026-06-14T10:15:22.801Z] [ALL] 06-14 15:45:22.415 29794 30214 I Finsky:background: [2632] DS::ISM: Stopping invisible download job
[2026-06-14T10:15:22.856Z] [ALL] 06-14 15:45:22.433 29794 30214 I Finsky:background: [2632] DS: downloadState filtering results: {15=false, 556=false}
[2026-06-14T10:15:22.856Z] [ALL] 06-14 15:45:22.463 29794 29801 W ding:background: userfaultfd: MOVE ioctl seems unsupported: Connection timed out
[2026-06-14T10:15:22.856Z] [ALL] 06-14 15:45:22.481 19463 19503 I appium  : Took 0ms to retrieve 0 matches for '//*[contains(@resource-id, "otp_toggle_btn") or @content-desc="otp_toggle_btn"]' XPath2 query
[2026-06-14T10:15:22.856Z] [ALL] 06-14 15:45:22.482  1486  4489 D WindowManager: captureDisplay
[2026-06-14T10:15:22.856Z] [ALL] 06-14 15:45:22.482  1486  4489 I SurfaceComposerClient: captureLayers:childrenOnly:1, sync:0
[2026-06-14T10:15:22.856Z] [ALL] 06-14 15:45:22.483 19463 19503 I appium  : AppiumResponse: {"sessionId":"ed6c8e2c-e5c1-4b65-b4bf-728310f0e26e","value":{"error":"no such element","message":"An element could not be located on the page using the given search parameters","stacktrace":"io.appium.uiautomator2.common.exceptions.ElementNotFoundException: An element could not be located on the page using the given search parameters\n\tat io.appium.uiautomator2.utils.ElementLocationHelpers.findElement(ElementLocationHelpers.java:153)\n\tat io.appium.uiautomator2.handler.FindElement.safeHandle(FindElement.java:60)\n\tat io.appium.uiautomator2.handler.request.SafeRequestHandler.handle(SafeRequestHandler.java:59)\n\tat io.appium.uiautomator2.server.AppiumServlet.handleRequest(AppiumServlet.java:267)\n\tat io.appium.uiautomator2.server.AppiumServlet.handleHttpRequest(AppiumServlet.java:261)\n\tat io.appium.uiautomator2.http.ServerHandler.channelRead(ServerHandler.java:77)\n\tat io.netty.channel.AbstractChannelHandlerContext.fireChannelRead(AbstractChannelHandlerContext.java:357)\n\tat io.netty.handler.codec.MessageToMessageDecoder.channelRead(MessageToMessageDecoder.java:107)\n\tat io.netty.channel.AbstractChannelHandlerContext.fireChannelRead(AbstractChannelHandlerContext.java:357)\n\tat io.netty.channel.CombinedChannelDuplexHandler$DelegatingChannelHandlerContext.fireChannelRead(CombinedChannelDuplexHandler.java:434)\n\tat io.netty.handler.codec.ByteToMessageDecoder.fireChannelRead(ByteToMessageDecoder.java:361)\n\tat io.netty.handler.codec.ByteToMessageDecoder.channelRead(ByteToMessageDecoder.java:325)\n\tat io.netty.channel.CombinedChannelDuplexHandler.channelRead(CombinedChannelDuplexHandler.java:249)\n\tat io.netty.channel.AbstractChannelHandlerContext.fireChannelRead(AbstractChannelHandlerContext.java:355)\n\tat io.netty.handler.timeout.IdleStateHandler.channelRead(IdleStateHandler.java:288)\n\tat io.netty.channel.AbstractChannelHandlerContext.fireChannelRead(AbstractChannelHandlerContext.java:355)\n\tat io.netty.channel.DefaultChannelPipeline$HeadContext.channelRead(DefaultChannelPipeline.java:1429)\n\tat io.netty.channel.DefaultChannelPipeline.fireChannelRead(DefaultChannelPipeline.java:918)\n\tat io.netty.channel.nio.AbstractNioByteChannel$NioByteUnsafe.read(AbstractNioByteChannel.java:176)\n\tat io.netty.channel.nio.AbstractNioChannel$AbstractNioUnsafe.handle(AbstractNioChannel.java:445)\n\tat io.netty.channel.nio.NioIoHandler$DefaultNioRegistration.handle(NioIoHandler.java:388)\n\tat io.netty.channel.nio.NioIoHandler.processSelectedKey(NioIoHandler.java:596)\n\tat io.netty.channel.nio.NioIoHandler.processSelectedKeysOptimized(NioIoHandler.java:571)\n\tat io.netty.channel.nio.NioIoHandler.processSelectedKeys(NioIoHandler.java:512)\n\tat io.netty.channel.nio.NioIoHandler.run(NioIoHandler.java:484)\n\tat io.netty.channel.SingleThreadIoEventLoop.runIo(SingleThreadIoEventLoop.java:225)\n\tat io.netty.channel.SingleThreadIoEventLoop.run(SingleThreadIoEventLoop.java:196)\n\tat io.netty.util.concurrent.SingleThreadEventExecutor$5.run(SingleThreadEventExecutor.java:1195)\n\tat io.netty.util.internal.ThreadExecutorMap$2.run(ThreadExecutorMap.java:74)\n\tat io.netty.util.concurrent.FastThreadLocalRunnable.run(FastThreadLocalRunnable.java:30)\n\tat java.lang.Thread.run(Thread.java:1564)\n"}}
[2026-06-14T10:15:22.856Z] [ALL] 06-14 15:45:22.486  1149  1661 I SurfaceFlinger: Capture layer list: 	 com.safebank.ai/com.safebank.ai.MainActivity$_19655#104730(preserveDisplayColors:0)
[2026-06-14T10:15:22.856Z] [ALL] 06-14 15:45:22.486  1149  1661 I SurfaceFlinger: Capture layer list: 	 StatusBar$_2112#94(preserveDisplayColors:0)
[2026-06-14T10:15:22.856Z] [ALL] 06-14 15:45:22.486  1149  1661 I SurfaceFlinger: Capture layer list: 	 com.sec.android.app.launcher/com.samsung.app.honeyspace.edge.edgepanel.app.CocktailBarService$_2619#103972(preserveDisplayColors:0)
[2026-06-14T10:15:22.856Z] [ALL] 06-14 15:45:22.486  1149  1661 I SurfaceFlinger: Capture layer list: 	 NavigationBar0$_2112#90(preserveDisplayColors:0)
[2026-06-14T10:15:22.856Z] [ALL] 06-14 15:45:22.488  1149  1201 D SurfaceFlinger: [SEC_SF_EFFECTS] drawLayersInternal,1348, Rendering layer ScreenCaptureFillLayer at index 0
[2026-06-14T10:15:22.856Z] [ALL] 06-14 15:45:22.488  1149  1201 D SurfaceFlinger: [SEC_SF_EFFECTS] drawLayersInternal,1348, Rendering layer com.safebank.ai/com.safebank.ai.MainActivity$_19655#104730 at index 1
[2026-06-14T10:15:22.856Z] [ALL] 06-14 15:45:22.488  1149  1201 D SurfaceFlinger: [SEC_SF_EFFECTS] drawLayersInternal,1348, Rendering layer StatusBar$_2112#94 at index 2
[2026-06-14T10:15:22.856Z] [ALL] 06-14 15:45:22.488  1149  1201 D SurfaceFlinger: [SEC_SF_EFFECTS] drawLayersInternal,1348, Rendering layer com.sec.android.app.launcher/com.samsung.app.honeyspace.edge.edgepanel.app.CocktailBarService$_2619#103972 at index 3
[2026-06-14T10:15:22.856Z] [ALL] 06-14 15:45:22.488  1149  1201 D SurfaceFlinger: [SEC_SF_EFFECTS] drawLayersInternal,1348, Rendering layer NavigationBar0$_2112#90 at index 4
[2026-06-14T10:15:22.856Z] [ALL] 06-14 15:45:22.583  1486  4489 D WindowManager: captureDisplay
[2026-06-14T10:15:22.856Z] [ALL] 06-14 15:45:22.584  1486  4489 I SurfaceComposerClient: captureLayers:childrenOnly:1, sync:0
[2026-06-14T10:15:22.856Z] [ALL] 06-14 15:45:22.589  1149  1661 I SurfaceFlinger: Capture layer list: 	 com.safebank.ai/com.safebank.ai.MainActivity$_19655#104730(preserveDisplayColors:0)
[2026-06-14T10:15:22.856Z] [ALL] 06-14 15:45:22.589  1149  1661 I SurfaceFlinger: Capture layer list: 	 StatusBar$_2112#94(preserveDisplayColors:0)
[2026-06-14T10:15:22.856Z] [ALL] 06-14 15:45:22.589  1149  1661 I SurfaceFlinger: Capture layer list: 	 com.sec.android.app.launcher/com.samsung.app.honeyspace.edge.edgepanel.app.CocktailBarService$_2619#103972(preserveDisplayColors:0)
[2026-06-14T10:15:22.856Z] [ALL] 06-14 15:45:22.589  1149  1661 I SurfaceFlinger: Capture layer list: 	 NavigationBar0$_2112#90(preserveDisplayColors:0)
[2026-06-14T10:15:22.856Z] [ALL] 06-14 15:45:22.591  1149  1201 D SurfaceFlinger: [SEC_SF_EFFECTS] drawLayersInternal,1348, Rendering layer ScreenCaptureFillLayer at index 0
[2026-06-14T10:15:22.856Z] [ALL] 06-14 15:45:22.591  1149  1201 D SurfaceFlinger: [SEC_SF_EFFECTS] drawLayersInternal,1348, Rendering layer com.safebank.ai/com.safebank.ai.MainActivity$_19655#104730 at index 1
[2026-06-14T10:15:22.856Z] [ALL] 06-14 15:45:22.591  1149  1201 D SurfaceFlinger: [SEC_SF_EFFECTS] drawLayersInternal,1348, Rendering layer StatusBar$_2112#94 at index 2
[2026-06-14T10:15:22.856Z] [ALL] 06-14 15:45:22.592  1149  1201 D SurfaceFlinger: [SEC_SF_EFFECTS] drawLayersInternal,1348, Rendering layer com.sec.android.app.launcher/com.samsung.app.honeyspace.edge.edgepanel.app.CocktailBarService$_2619#103972 at index 3
[2026-06-14T10:15:22.856Z] [ALL] 06-14 15:45:22.592  1149  1201 D SurfaceFlinger: [SEC_SF_EFFECTS] drawLayersInternal,1348, Rendering layer NavigationBar0$_2112#90 at index 4
[2026-06-14T10:15:22.856Z] [ALL] 06-14 15:45:22.683  1486  3016 D WindowManager: captureDisplay
[2026-06-14T10:15:22.856Z] [ALL] 06-14 15:45:22.683  1486  3016 I SurfaceComposerClient: captureLayers:childrenOnly:1, sync:0
[2026-06-14T10:15:22.856Z] [ALL] 06-14 15:45:22.687  1149  1661 I SurfaceFlinger: Capture layer list: 	 com.safebank.ai/com.safebank.ai.MainActivity$_19655#104730(preserveDisplayColors:0)
[2026-06-14T10:15:22.856Z] [ALL] 06-14 15:45:22.687  1149  1661 I SurfaceFlinger: Capture layer list: 	 StatusBar$_2112#94(preserveDisplayColors:0)
[2026-06-14T10:15:22.856Z] [ALL] 06-14 15:45:22.687  1149  1661 I SurfaceFlinger: Capture layer list: 	 com.sec.android.app.launcher/com.samsung.app.honeyspace.edge.edgepanel.app.CocktailBarService$_2619#103972(preserveDisplayColors:0)
[2026-06-14T10:15:22.856Z] [ALL] 06-14 15:45:22.687  1149  1661 I SurfaceFlinger: Capture layer list: 	 NavigationBar0$_2112#90(preserveDisplayColors:0)
[2026-06-14T10:15:22.856Z] [ALL] 06-14 15:45:22.689  1149  1201 D SurfaceFlinger: [SEC_SF_EFFECTS] drawLayersInternal,1348, Rendering layer ScreenCaptureFillLayer at index 0
[2026-06-14T10:15:22.856Z] [ALL] 06-14 15:45:22.689  1149  1201 D SurfaceFlinger: [SEC_SF_EFFECTS] drawLayersInternal,1348, Rendering layer com.safebank.ai/com.safebank.ai.MainActivity$_19655#104730 at index 1
[2026-06-14T10:15:22.856Z] [ALL] 06-14 15:45:22.689  1149  1201 D SurfaceFlinger: [SEC_SF_EFFECTS] drawLayersInternal,1348, Rendering layer StatusBar$_2112#94 at index 2
[2026-06-14T10:15:22.856Z] [ALL] 06-14 15:45:22.689  1149  1201 D SurfaceFlinger: [SEC_SF_EFFECTS] drawLayersInternal,1348, Rendering layer com.sec.android.app.launcher/com.samsung.app.honeyspace.edge.edgepanel.app.CocktailBarService$_2619#103972 at index 3
[2026-06-14T10:15:22.856Z] [ALL] 06-14 15:45:22.689  1149  1201 D SurfaceFlinger: [SEC_SF_EFFECTS] drawLayersInternal,1348, Rendering layer NavigationBar0$_2112#90 at index 4
[2026-06-14T10:15:22.856Z] [ALL] 06-14 15:45:22.729  1486  3016 I ActivityManager: Changes in 10470 11 to 19, 384 to 0
[2026-06-14T10:15:22.856Z] [ALL] 06-14 15:45:22.730  1149  1280 I SurfaceFlinger: Current= 60, Period= 60, hwcPeriod= 60
[2026-06-14T10:15:22.856Z] [ALL] 06-14 15:45:22.741  1486  1526 I ActivityManager: Changes in 10470 19 to 11, 0 to 384
[2026-06-14T10:15:22.856Z] [ALL] 06-14 15:45:22.783  1486  2073 D WindowManager: captureDisplay
[2026-06-14T10:15:22.856Z] [ALL] 06-14 15:45:22.784  1486  2073 I SurfaceComposerClient: captureLayers:childrenOnly:1, sync:0
[2026-06-14T10:15:22.856Z] [ALL] 06-14 15:45:22.789  1149  1661 I SurfaceFlinger: Capture layer list: 	 com.safebank.ai/com.safebank.ai.MainActivity$_19655#104730(preserveDisplayColors:0)
[2026-06-14T10:15:22.856Z] [ALL] 06-14 15:45:22.789  1149  1661 I SurfaceFlinger: Capture layer list: 	 StatusBar$_2112#94(preserveDisplayColors:0)
[2026-06-14T10:15:22.856Z] [ALL] 06-14 15:45:22.789  1149  1661 I SurfaceFlinger: Capture layer list: 	 com.sec.android.app.launcher/com.samsung.app.honeyspace.edge.edgepanel.app.CocktailBarService$_2619#103972(preserveDisplayColors:0)
[2026-06-14T10:15:22.856Z] [ALL] 06-14 15:45:22.789  1149  1661 I SurfaceFlinger: Capture layer list: 	 NavigationBar0$_2112#90(preserveDisplayColors:0)
[2026-06-14T10:15:22.856Z] [ALL] 06-14 15:45:22.791  1149  1201 D SurfaceFlinger: [SEC_SF_EFFECTS] drawLayersInternal,1348, Rendering layer ScreenCaptureFillLayer at index 0
[2026-06-14T10:15:22.856Z] [ALL] 06-14 15:45:22.791  1149  1201 D SurfaceFlinger: [SEC_SF_EFFECTS] drawLayersInternal,1348, Rendering layer com.safebank.ai/com.safebank.ai.MainActivity$_19655#104730 at index 1
[2026-06-14T10:15:22.856Z] [ALL] 06-14 15:45:22.791  1149  1201 D SurfaceFlinger: [SEC_SF_EFFECTS] drawLayersInternal,1348, Rendering layer StatusBar$_2112#94 at index 2
[2026-06-14T10:15:22.856Z] [ALL] 06-14 15:45:22.791  1149  1201 D SurfaceFlinger: [SEC_SF_EFFECTS] drawLayersInternal,1348, Rendering layer com.sec.android.app.launcher/com.samsung.app.honeyspace.edge.edgepanel.app.CocktailBarService$_2619#103972 at index 3
[2026-06-14T10:15:22.856Z] [ALL] 06-14 15:45:22.792  1149  1201 D SurfaceFlinger: [SEC_SF_EFFECTS] drawLayersInternal,1348, Rendering layer NavigationBar0$_2112#90 at index 4
[2026-06-14T10:15:22.856Z] [ALL] 06-14 15:45:22.885  1486  2073 D WindowManager: captureDisplay
[2026-06-14T10:15:22.856Z] [ALL] 06-14 15:45:22.886  1486  2073 I SurfaceComposerClient: captureLayers:childrenOnly:1, sync:0
[2026-06-14T10:15:22.856Z] [ALL] 06-14 15:45:22.891  1149  1661 I SurfaceFlinger: Capture layer list: 	 com.safebank.ai/com.safebank.ai.MainActivity$_19655#104730(preserveDisplayColors:0)
[2026-06-14T10:15:22.856Z] [ALL] 06-14 15:45:22.891  1149  1661 I SurfaceFlinger: Capture layer list: 	 StatusBar$_2112#94(preserveDisplayColors:0)
[2026-06-14T10:15:22.856Z] [ALL] 06-14 15:45:22.891  1149  1661 I SurfaceFlinger: Capture layer list: 	 com.sec.android.app.launcher/com.samsung.app.honeyspace.edge.edgepanel.app.CocktailBarService$_2619#103972(preserveDisplayColors:0)
[2026-06-14T10:15:22.856Z] [ALL] 06-14 15:45:22.891  1149  1661 I SurfaceFlinger: Capture layer list: 	 NavigationBar0$_2112#90(preserveDisplayColors:0)
[2026-06-14T10:15:22.856Z] [ALL] 06-14 15:45:22.894  1149  1201 D SurfaceFlinger: [SEC_SF_EFFECTS] drawLayersInternal,1348, Rendering layer ScreenCaptureFillLayer at index 0
[2026-06-14T10:15:22.856Z] [ALL] 06-14 15:45:22.894  1149  1201 D SurfaceFlinger: [SEC_SF_EFFECTS] drawLayersInternal,1348, Rendering layer com.safebank.ai/com.safebank.ai.MainActivity$_19655#104730 at index 1
[2026-06-14T10:15:22.856Z] [ALL] 06-14 15:45:22.894  1149  1201 D SurfaceFlinger: [SEC_SF_EFFECTS] drawLayersInternal,1348, Rendering layer StatusBar$_2112#94 at index 2
[2026-06-14T10:15:22.856Z] [ALL] 06-14 15:45:22.894  1149  1201 D SurfaceFlinger: [SEC_SF_EFFECTS] drawLayersInternal,1348, Rendering layer com.sec.android.app.launcher/com.samsung.app.honeyspace.edge.edgepanel.app.CocktailBarService$_2619#103972 at index 3
[2026-06-14T10:15:22.856Z] [ALL] 06-14 15:45:22.894  1149  1201 D SurfaceFlinger: [SEC_SF_EFFECTS] drawLayersInternal,1348, Rendering layer NavigationBar0$_2112#90 at index 4
[2026-06-14T10:15:22.856Z] [ALL] 06-14 15:45:22.902  1486  1856 D SemWifiSwitchForIndividualAppsService: isSkipNetworkCondition - result:2
[2026-06-14T10:15:22.856Z] [ALL] 06-14 15:45:22.941  1486  2073 I ActivityManager: Changes in 10378 10 to 19, 384 to 128
[2026-06-14T10:15:22.856Z] [ALL] 06-14 15:45:22.983  1486  2073 D WindowManager: captureDisplay
[2026-06-14T10:15:22.856Z] [ALL] 06-14 15:45:22.984  1486  2073 I SurfaceComposerClient: captureLayers:childrenOnly:1, sync:0
[2026-06-14T10:15:22.856Z] [ALL] 06-14 15:45:22.988  1149  1661 I SurfaceFlinger: Capture layer list: 	 com.safebank.ai/com.safebank.ai.MainActivity$_19655#104730(preserveDisplayColors:0)
[2026-06-14T10:15:22.856Z] [ALL] 06-14 15:45:22.988  1149  1661 I SurfaceFlinger: Capture layer list: 	 StatusBar$_2112#94(preserveDisplayColors:0)
[2026-06-14T10:15:22.856Z] [ALL] 06-14 15:45:22.988  1149  1661 I SurfaceFlinger: Capture layer list: 	 com.sec.android.app.launcher/com.samsung.app.honeyspace.edge.edgepanel.app.CocktailBarService$_2619#103972(preserveDisplayColors:0)
[2026-06-14T10:15:22.856Z] [ALL] 06-14 15:45:22.988  1149  1661 I SurfaceFlinger: Capture layer list: 	 NavigationBar0$_2112#90(preserveDisplayColors:0)
[2026-06-14T10:15:22.856Z] [ALL] 06-14 15:45:22.989  1149  1201 D SurfaceFlinger: [SEC_SF_EFFECTS] drawLayersInternal,1348, Rendering layer ScreenCaptureFillLayer at index 0
[2026-06-14T10:15:22.856Z] [ALL] 06-14 15:45:22.989  1149  1201 D SurfaceFlinger: [SEC_SF_EFFECTS] drawLayersInternal,1348, Rendering layer com.safebank.ai/com.safebank.ai.MainActivity$_19655#104730 at index 1
[2026-06-14T10:15:22.856Z] [ALL] 06-14 15:45:22.989  1149  1201 D SurfaceFlinger: [SEC_SF_EFFECTS] drawLayersInternal,1348, Rendering layer StatusBar$_2112#94 at index 2
[2026-06-14T10:15:22.856Z] [ALL] 06-14 15:45:22.989  1149  1201 D SurfaceFlinger: [SEC_SF_EFFECTS] drawLayersInternal,1348, Rendering layer com.sec.android.app.launcher/com.samsung.app.honeyspace.edge.edgepanel.app.CocktailBarService$_2619#103972 at index 3
[2026-06-14T10:15:22.856Z] [ALL] 06-14 15:45:22.989  1149  1201 D SurfaceFlinger: [SEC_SF_EFFECTS] drawLayersInternal,1348, Rendering layer NavigationBar0$_2112#90 at index 4
[2026-06-14T10:15:22.879Z] [ALL] 06-14 15:45:23.085  1486  2073 D WindowManager: captureDisplay
[2026-06-14T10:15:22.879Z] [ALL] 06-14 15:45:23.085  1486  2073 I SurfaceComposerClient: captureLayers:childrenOnly:1, sync:0
[2026-06-14T10:15:22.884Z] [ALL] 06-14 15:45:23.091  1149  1661 I SurfaceFlinger: Capture layer list: 	 com.safebank.ai/com.safebank.ai.MainActivity$_19655#104730(preserveDisplayColors:0)
[2026-06-14T10:15:22.884Z] [ALL] 06-14 15:45:23.091  1149  1661 I SurfaceFlinger: Capture layer list: 	 StatusBar$_2112#94(preserveDisplayColors:0)
[2026-06-14T10:15:22.884Z] [ALL] 06-14 15:45:23.091  1149  1661 I SurfaceFlinger: Capture layer list: 	 com.sec.android.app.launcher/com.samsung.app.honeyspace.edge.edgepanel.app.CocktailBarService$_2619#103972(preserveDisplayColors:0)
[2026-06-14T10:15:22.884Z] [ALL] 06-14 15:45:23.091  1149  1661 I SurfaceFlinger: Capture layer list: 	 NavigationBar0$_2112#90(preserveDisplayColors:0)
[2026-06-14T10:15:22.889Z] [ALL] 06-14 15:45:23.093  1149  1201 D SurfaceFlinger: [SEC_SF_EFFECTS] drawLayersInternal,1348, Rendering layer ScreenCaptureFillLayer at index 0
[2026-06-14T10:15:22.889Z] [ALL] 06-14 15:45:23.093  1149  1201 D SurfaceFlinger: [SEC_SF_EFFECTS] drawLayersInternal,1348, Rendering layer com.safebank.ai/com.safebank.ai.MainActivity$_19655#104730 at index 1
[2026-06-14T10:15:22.889Z] [ALL] 06-14 15:45:23.093  1149  1201 D SurfaceFlinger: [SEC_SF_EFFECTS] drawLayersInternal,1348, Rendering layer StatusBar$_2112#94 at index 2
[2026-06-14T10:15:22.889Z] [ALL] 06-14 15:45:23.093  1149  1201 D SurfaceFlinger: [SEC_SF_EFFECTS] drawLayersInternal,1348, Rendering layer com.sec.android.app.launcher/com.samsung.app.honeyspace.edge.edgepanel.app.CocktailBarService$_2619#103972 at index 3
[2026-06-14T10:15:22.889Z] [ALL] 06-14 15:45:23.094  1149  1201 D SurfaceFlinger: [SEC_SF_EFFECTS] drawLayersInternal,1348, Rendering layer NavigationBar0$_2112#90 at index 4
[2026-06-14T10:15:22.973Z] [ALL] 06-14 15:45:23.186  1486  2073 D WindowManager: captureDisplay
[2026-06-14T10:15:22.973Z] [ALL] 06-14 15:45:23.186  1486  2073 I SurfaceComposerClient: captureLayers:childrenOnly:1, sync:0
[2026-06-14T10:15:23.004Z] [ALL] 06-14 15:45:23.191  1149  1661 I SurfaceFlinger: Capture layer list: 	 com.safebank.ai/com.safebank.ai.MainActivity$_19655#104730(preserveDisplayColors:0)
[2026-06-14T10:15:23.004Z] [ALL] 06-14 15:45:23.191  1149  1661 I SurfaceFlinger: Capture layer list: 	 StatusBar$_2112#94(preserveDisplayColors:0)
[2026-06-14T10:15:23.004Z] [ALL] 06-14 15:45:23.191  1149  1661 I SurfaceFlinger: Capture layer list: 	 com.sec.android.app.launcher/com.samsung.app.honeyspace.edge.edgepanel.app.CocktailBarService$_2619#103972(preserveDisplayColors:0)
[2026-06-14T10:15:23.004Z] [ALL] 06-14 15:45:23.191  1149  1661 I SurfaceFlinger: Capture layer list: 	 NavigationBar0$_2112#90(preserveDisplayColors:0)
[2026-06-14T10:15:23.004Z] [ALL] 06-14 15:45:23.193  1149  1201 D SurfaceFlinger: [SEC_SF_EFFECTS] drawLayersInternal,1348, Rendering layer ScreenCaptureFillLayer at index 0
[2026-06-14T10:15:23.004Z] [ALL] 06-14 15:45:23.193  1149  1201 D SurfaceFlinger: [SEC_SF_EFFECTS] drawLayersInternal,1348, Rendering layer com.safebank.ai/com.safebank.ai.MainActivity$_19655#104730 at index 1
[2026-06-14T10:15:23.004Z] [ALL] 06-14 15:45:23.193  1149  1201 D SurfaceFlinger: [SEC_SF_EFFECTS] drawLayersInternal,1348, Rendering layer StatusBar$_2112#94 at index 2
[2026-06-14T10:15:23.004Z] [ALL] 06-14 15:45:23.193  1149  1201 D SurfaceFlinger: [SEC_SF_EFFECTS] drawLayersInternal,1348, Rendering layer com.sec.android.app.launcher/com.samsung.app.honeyspace.edge.edgepanel.app.CocktailBarService$_2619#103972 at index 3
[2026-06-14T10:15:23.004Z] [ALL] 06-14 15:45:23.193  1149  1201 D SurfaceFlinger: [SEC_SF_EFFECTS] drawLayersInternal,1348, Rendering layer NavigationBar0$_2112#90 at index 4
[2026-06-14T10:15:23.004Z] [ALL] 06-14 15:45:23.199   747   747 D io_stats: !@   8,0 r 80548913 1588879565 w 12771387 208971664 d 4240425 260188744 f 0 1114465 iot 28914012 0 th 0 0 0 pt 0 inp 0 0 182934.507
[2026-06-14T10:15:23.004Z] [ALL] 06-14 15:45:23.200   747   747 D io_stats: !@ MemInfo(KB): total 7469732 free 601524 avail 2694080 actv(f) 839584 inactv(f) 1097200 dirty 9216 wb 0 anonpg 1363236 slab 639992
[2026-06-14T10:15:23.092Z] [ALL] 06-14 15:45:23.286  1486  2073 D WindowManager: captureDisplay
[2026-06-14T10:15:23.092Z] [ALL] 06-14 15:45:23.286  1486  2073 I SurfaceComposerClient: captureLayers:childrenOnly:1, sync:0
[2026-06-14T10:15:23.092Z] [ALL] 06-14 15:45:23.291  1149  1661 I SurfaceFlinger: Capture layer list: 	 com.safebank.ai/com.safebank.ai.MainActivity$_19655#104730(preserveDisplayColors:0)
[2026-06-14T10:15:23.092Z] [ALL] 06-14 15:45:23.291  1149  1661 I SurfaceFlinger: Capture layer list: 	 StatusBar$_2112#94(preserveDisplayColors:0)
[2026-06-14T10:15:23.092Z] [ALL] 06-14 15:45:23.291  1149  1661 I SurfaceFlinger: Capture layer list: 	 com.sec.android.app.launcher/com.samsung.app.honeyspace.edge.edgepanel.app.CocktailBarService$_2619#103972(preserveDisplayColors:0)
[2026-06-14T10:15:23.092Z] [ALL] 06-14 15:45:23.291  1149  1661 I SurfaceFlinger: Capture layer list: 	 NavigationBar0$_2112#90(preserveDisplayColors:0)
[2026-06-14T10:15:23.092Z] [ALL] 06-14 15:45:23.293  1149  1201 D SurfaceFlinger: [SEC_SF_EFFECTS] drawLayersInternal,1348, Rendering layer ScreenCaptureFillLayer at index 0
[2026-06-14T10:15:23.092Z] [ALL] 06-14 15:45:23.293  1149  1201 D SurfaceFlinger: [SEC_SF_EFFECTS] drawLayersInternal,1348, Rendering layer com.safebank.ai/com.safebank.ai.MainActivity$_19655#104730 at index 1
[2026-06-14T10:15:23.092Z] [ALL] 06-14 15:45:23.293  1149  1201 D SurfaceFlinger: [SEC_SF_EFFECTS] drawLayersInternal,1348, Rendering layer StatusBar$_2112#94 at index 2
[2026-06-14T10:15:23.092Z] [ALL] 06-14 15:45:23.293  1149  1201 D SurfaceFlinger: [SEC_SF_EFFECTS] drawLayersInternal,1348, Rendering layer com.sec.android.app.launcher/com.samsung.app.honeyspace.edge.edgepanel.app.CocktailBarService$_2619#103972 at index 3
[2026-06-14T10:15:23.092Z] [ALL] 06-14 15:45:23.293  1149  1201 D SurfaceFlinger: [SEC_SF_EFFECTS] drawLayersInternal,1348, Rendering layer NavigationBar0$_2112#90 at index 4
[2026-06-14T10:15:23.228Z] [ALL] 06-14 15:45:23.387  1486  4489 D WindowManager: captureDisplay
[2026-06-14T10:15:23.228Z] [ALL] 06-14 15:45:23.387  1486  4489 I SurfaceComposerClient: captureLayers:childrenOnly:1, sync:0
[2026-06-14T10:15:23.231Z] [ALL] 06-14 15:45:23.393  1149  1661 I SurfaceFlinger: Capture layer list: 	 com.safebank.ai/com.safebank.ai.MainActivity$_19655#104730(preserveDisplayColors:0)
[2026-06-14T10:15:23.231Z] [ALL] 06-14 15:45:23.393  1149  1661 I SurfaceFlinger: Capture layer list: 	 StatusBar$_2112#94(preserveDisplayColors:0)
[2026-06-14T10:15:23.231Z] [ALL] 06-14 15:45:23.393  1149  1661 I SurfaceFlinger: Capture layer list: 	 com.sec.android.app.launcher/com.samsung.app.honeyspace.edge.edgepanel.app.CocktailBarService$_2619#103972(preserveDisplayColors:0)
[2026-06-14T10:15:23.231Z] [ALL] 06-14 15:45:23.393  1149  1661 I SurfaceFlinger: Capture layer list: 	 NavigationBar0$_2112#90(preserveDisplayColors:0)
[2026-06-14T10:15:23.231Z] [ALL] 06-14 15:45:23.396  1149  1201 D SurfaceFlinger: [SEC_SF_EFFECTS] drawLayersInternal,1348, Rendering layer ScreenCaptureFillLayer at index 0
[2026-06-14T10:15:23.231Z] [ALL] 06-14 15:45:23.396  1149  1201 D SurfaceFlinger: [SEC_SF_EFFECTS] drawLayersInternal,1348, Rendering layer com.safebank.ai/com.safebank.ai.MainActivity$_19655#104730 at index 1
[2026-06-14T10:15:23.231Z] [ALL] 06-14 15:45:23.396  1149  1201 D SurfaceFlinger: [SEC_SF_EFFECTS] drawLayersInternal,1348, Rendering layer StatusBar$_2112#94 at index 2
[2026-06-14T10:15:23.231Z] [ALL] 06-14 15:45:23.396  1149  1201 D SurfaceFlinger: [SEC_SF_EFFECTS] drawLayersInternal,1348, Rendering layer com.sec.android.app.launcher/com.samsung.app.honeyspace.edge.edgepanel.app.CocktailBarService$_2619#103972 at index 3
[2026-06-14T10:15:23.231Z] [ALL] 06-14 15:45:23.396  1149  1201 D SurfaceFlinger: [SEC_SF_EFFECTS] drawLayersInternal,1348, Rendering layer NavigationBar0$_2112#90 at index 4
[2026-06-14T10:15:23.273Z] [ALL] 06-14 15:45:23.488  1486  4489 D WindowManager: captureDisplay
[2026-06-14T10:15:23.275Z] [ALL] 06-14 15:45:23.488  1486  4489 I SurfaceComposerClient: captureLayers:childrenOnly:1, sync:0
[2026-06-14T10:15:23.281Z] [ALL] 06-14 15:45:23.494  1149  1661 I SurfaceFlinger: Capture layer list: 	 com.safebank.ai/com.safebank.ai.MainActivity$_19655#104730(preserveDisplayColors:0)
[2026-06-14T10:15:23.284Z] [ALL] 06-14 15:45:23.494  1149  1661 I SurfaceFlinger: Capture layer list: 	 StatusBar$_2112#94(preserveDisplayColors:0)
[2026-06-14T10:15:23.284Z] [ALL] 06-14 15:45:23.494  1149  1661 I SurfaceFlinger: Capture layer list: 	 com.sec.android.app.launcher/com.samsung.app.honeyspace.edge.edgepanel.app.CocktailBarService$_2619#103972(preserveDisplayColors:0)
[2026-06-14T10:15:23.284Z] [ALL] 06-14 15:45:23.494  1149  1661 I SurfaceFlinger: Capture layer list: 	 NavigationBar0$_2112#90(preserveDisplayColors:0)
[2026-06-14T10:15:23.284Z] [ALL] 06-14 15:45:23.496  1149  1201 D SurfaceFlinger: [SEC_SF_EFFECTS] drawLayersInternal,1348, Rendering layer ScreenCaptureFillLayer at index 0
[2026-06-14T10:15:23.284Z] [ALL] 06-14 15:45:23.496  1149  1201 D SurfaceFlinger: [SEC_SF_EFFECTS] drawLayersInternal,1348, Rendering layer com.safebank.ai/com.safebank.ai.MainActivity$_19655#104730 at index 1
[2026-06-14T10:15:23.284Z] [ALL] 06-14 15:45:23.496  1149  1201 D SurfaceFlinger: [SEC_SF_EFFECTS] drawLayersInternal,1348, Rendering layer StatusBar$_2112#94 at index 2
[2026-06-14T10:15:23.284Z] [ALL] 06-14 15:45:23.496  1149  1201 D SurfaceFlinger: [SEC_SF_EFFECTS] drawLayersInternal,1348, Rendering layer com.sec.android.app.launcher/com.samsung.app.honeyspace.edge.edgepanel.app.CocktailBarService$_2619#103972 at index 3
[2026-06-14T10:15:23.284Z] [ALL] 06-14 15:45:23.496  1149  1201 D SurfaceFlinger: [SEC_SF_EFFECTS] drawLayersInternal,1348, Rendering layer NavigationBar0$_2112#90 at index 4
[2026-06-14T10:15:23.389Z] [ALL] 06-14 15:45:23.574 19463 19503 I appium  : channel read: POST /session/ed6c8e2c-e5c1-4b65-b4bf-728310f0e26e/element
[2026-06-14T10:15:23.417Z] [ALL] 06-14 15:45:23.575 19463 19503 I appium  : FindElement command
[2026-06-14T10:15:23.417Z] [ALL] 06-14 15:45:23.577 19463 19503 I appium  : method: 'xpath', selector: '//*[contains(@resource-id, "otp_toggle_btn") or @content-desc="otp_toggle_btn"]'
[2026-06-14T10:15:23.417Z] [ALL] 06-14 15:45:23.577 19463 19503 I appium  : Waiting up to 10000ms for the device to idle
[2026-06-14T10:15:23.417Z] [ALL] 06-14 15:45:23.579 19463 19503 I appium  : The following attributes will be included to the page source: [resource-id, content-desc]
[2026-06-14T10:15:23.417Z] [ALL] 06-14 15:45:23.588  1486  4489 D WindowManager: captureDisplay
[2026-06-14T10:15:23.417Z] [ALL] 06-14 15:45:23.588  1486  4489 I SurfaceComposerClient: captureLayers:childrenOnly:1, sync:0
[2026-06-14T10:15:23.417Z] [ALL] 06-14 15:45:23.593  1149  1661 I SurfaceFlinger: Capture layer list: 	 com.safebank.ai/com.safebank.ai.MainActivity$_19655#104730(preserveDisplayColors:0)
[2026-06-14T10:15:23.417Z] [ALL] 06-14 15:45:23.593  1149  1661 I SurfaceFlinger: Capture layer list: 	 StatusBar$_2112#94(preserveDisplayColors:0)
[2026-06-14T10:15:23.418Z] [ALL] 06-14 15:45:23.593  1149  1661 I SurfaceFlinger: Capture layer list: 	 com.sec.android.app.launcher/com.samsung.app.honeyspace.edge.edgepanel.app.CocktailBarService$_2619#103972(preserveDisplayColors:0)
[2026-06-14T10:15:23.418Z] [ALL] 06-14 15:45:23.593  1149  1661 I SurfaceFlinger: Capture layer list: 	 NavigationBar0$_2112#90(preserveDisplayColors:0)
[2026-06-14T10:15:23.418Z] [ALL] 06-14 15:45:23.596  1149  1201 D SurfaceFlinger: [SEC_SF_EFFECTS] drawLayersInternal,1348, Rendering layer ScreenCaptureFillLayer at index 0
[2026-06-14T10:15:23.418Z] [ALL] 06-14 15:45:23.596  1149  1201 D SurfaceFlinger: [SEC_SF_EFFECTS] drawLayersInternal,1348, Rendering layer com.safebank.ai/com.safebank.ai.MainActivity$_19655#104730 at index 1
[2026-06-14T10:15:23.418Z] [ALL] 06-14 15:45:23.596  1149  1201 D SurfaceFlinger: [SEC_SF_EFFECTS] drawLayersInternal,1348, Rendering layer StatusBar$_2112#94 at index 2
[2026-06-14T10:15:23.418Z] [ALL] 06-14 15:45:23.596  1149  1201 D SurfaceFlinger: [SEC_SF_EFFECTS] drawLayersInternal,1348, Rendering layer com.sec.android.app.launcher/com.samsung.app.honeyspace.edge.edgepanel.app.CocktailBarService$_2619#103972 at index 3
[2026-06-14T10:15:23.418Z] [ALL] 06-14 15:45:23.596  1149  1201 D SurfaceFlinger: [SEC_SF_EFFECTS] drawLayersInternal,1348, Rendering layer NavigationBar0$_2112#90 at index 4
[2026-06-14T10:15:23.482Z] [ALL] 06-14 15:45:23.692  1486  4489 D WindowManager: captureDisplay
[2026-06-14T10:15:23.482Z] [ALL] 06-14 15:45:23.693  1486  4489 I SurfaceComposerClient: captureLayers:childrenOnly:1, sync:0
[2026-06-14T10:15:23.484Z] [ALL] 06-14 15:45:23.696  1149  1661 I SurfaceFlinger: Capture layer list: 	 com.safebank.ai/com.safebank.ai.MainActivity$_19655#104730(preserveDisplayColors:0)
[2026-06-14T10:15:23.484Z] [ALL] 06-14 15:45:23.696  1149  1661 I SurfaceFlinger: Capture layer list: 	 StatusBar$_2112#94(preserveDisplayColors:0)
[2026-06-14T10:15:23.484Z] [ALL] 06-14 15:45:23.696  1149  1661 I SurfaceFlinger: Capture layer list: 	 com.sec.android.app.launcher/com.samsung.app.honeyspace.edge.edgepanel.app.CocktailBarService$_2619#103972(preserveDisplayColors:0)
[2026-06-14T10:15:23.484Z] [ALL] 06-14 15:45:23.696  1149  1661 I SurfaceFlinger: Capture layer list: 	 NavigationBar0$_2112#90(preserveDisplayColors:0)
[2026-06-14T10:15:23.500Z] [ALL] 06-14 15:45:23.698  1149  1201 D SurfaceFlinger: [SEC_SF_EFFECTS] drawLayersInternal,1348, Rendering layer ScreenCaptureFillLayer at index 0
[2026-06-14T10:15:23.500Z] [ALL] 06-14 15:45:23.698  1149  1201 D SurfaceFlinger: [SEC_SF_EFFECTS] drawLayersInternal,1348, Rendering layer com.safebank.ai/com.safebank.ai.MainActivity$_19655#104730 at index 1
[2026-06-14T10:15:23.500Z] [ALL] 06-14 15:45:23.699  1149  1201 D SurfaceFlinger: [SEC_SF_EFFECTS] drawLayersInternal,1348, Rendering layer StatusBar$_2112#94 at index 2
[2026-06-14T10:15:23.500Z] [ALL] 06-14 15:45:23.699  1149  1201 D SurfaceFlinger: [SEC_SF_EFFECTS] drawLayersInternal,1348, Rendering layer com.sec.android.app.launcher/com.samsung.app.honeyspace.edge.edgepanel.app.CocktailBarService$_2619#103972 at index 3
[2026-06-14T10:15:23.500Z] [ALL] 06-14 15:45:23.699  1149  1201 D SurfaceFlinger: [SEC_SF_EFFECTS] drawLayersInternal,1348, Rendering layer NavigationBar0$_2112#90 at index 4
[2026-06-14T10:15:23.546Z] [ALL] 06-14 15:45:23.753  1486  4489 I ActivityManager: Changes in 10470 11 to 19, 384 to 0
[2026-06-14T10:15:23.546Z] [ALL] 06-14 15:45:23.754  1149  1280 I SurfaceFlinger: Current= 60, Period= 60, hwcPeriod= 60
[2026-06-14T10:15:23.546Z] [ALL] 06-14 15:45:23.756  1486  1526 I ActivityManager: Changes in 10470 19 to 11, 0 to 384
[2026-06-14T10:15:23.552Z] [ALL] 06-14 15:45:23.768 19463 19503 I appium  : Took 0ms to retrieve 0 matches for '//*[contains(@resource-id, "otp_toggle_btn") or @content-desc="otp_toggle_btn"]' XPath2 query
[2026-06-14T10:15:23.568Z] [ALL] 06-14 15:45:23.770 19463 19503 I appium  : AppiumResponse: {"sessionId":"ed6c8e2c-e5c1-4b65-b4bf-728310f0e26e","value":{"error":"no such element","message":"An element could not be located on the page using the given search parameters","stacktrace":"io.appium.uiautomator2.common.exceptions.ElementNotFoundException: An element could not be located on the page using the given search parameters\n\tat io.appium.uiautomator2.utils.ElementLocationHelpers.findElement(ElementLocationHelpers.java:153)\n\tat io.appium.uiautomator2.handler.FindElement.safeHandle(FindElement.java:60)\n\tat io.appium.uiautomator2.handler.request.SafeRequestHandler.handle(SafeRequestHandler.java:59)\n\tat io.appium.uiautomator2.server.AppiumServlet.handleRequest(AppiumServlet.java:267)\n\tat io.appium.uiautomator2.server.AppiumServlet.handleHttpRequest(AppiumServlet.java:261)\n\tat io.appium.uiautomator2.http.ServerHandler.channelRead(ServerHandler.java:77)\n\tat io.netty.channel.AbstractChannelHandlerContext.fireChannelRead(AbstractChannelHandlerContext.java:357)\n\tat io.netty.handler.codec.MessageToMessageDecoder.channelRead(MessageToMessageDecoder.java:107)\n\tat io.netty.channel.AbstractChannelHandlerContext.fireChannelRead(AbstractChannelHandlerContext.java:357)\n\tat io.netty.channel.CombinedChannelDuplexHandler$DelegatingChannelHandlerContext.fireChannelRead(CombinedChannelDuplexHandler.java:434)\n\tat io.netty.handler.codec.ByteToMessageDecoder.fireChannelRead(ByteToMessageDecoder.java:361)\n\tat io.netty.handler.codec.ByteToMessageDecoder.channelRead(ByteToMessageDecoder.java:325)\n\tat io.netty.channel.CombinedChannelDuplexHandler.channelRead(CombinedChannelDuplexHandler.java:249)\n\tat io.netty.channel.AbstractChannelHandlerContext.fireChannelRead(AbstractChannelHandlerContext.java:355)\n\tat io.netty.handler.timeout.IdleStateHandler.channelRead(IdleStateHandler.java:288)\n\tat io.netty.channel.AbstractChannelHandlerContext.fireChannelRead(AbstractChannelHandlerContext.java:355)\n\tat io.netty.channel.DefaultChannelPipeline$HeadContext.channelRead(DefaultChannelPipeline.java:1429)\n\tat io.netty.channel.DefaultChannelPipeline.fireChannelRead(DefaultChannelPipeline.java:918)\n\tat io.netty.channel.nio.AbstractNioByteChannel$NioByteUnsafe.read(AbstractNioByteChannel.java:176)\n\tat io.netty.channel.nio.AbstractNioChannel$AbstractNioUnsafe.handle(AbstractNioChannel.java:445)\n\tat io.netty.channel.nio.NioIoHandler$DefaultNioRegistration.handle(NioIoHandler.java:388)\n\tat io.netty.channel.nio.NioIoHandler.processSelectedKey(NioIoHandler.java:596)\n\tat io.netty.channel.nio.NioIoHandler.processSelectedKeysOptimized(NioIoHandler.java:571)\n\tat io.netty.channel.nio.NioIoHandler.processSelectedKeys(NioIoHandler.java:512)\n\tat io.netty.channel.nio.NioIoHandler.run(NioIoHandler.java:484)\n\tat io.netty.channel.SingleThreadIoEventLoop.runIo(SingleThreadIoEventLoop.java:225)\n\tat io.netty.channel.SingleThreadIoEventLoop.run(SingleThreadIoEventLoop.java:196)\n\tat io.netty.util.concurrent.SingleThreadEventExecutor$5.run(SingleThreadEventExecutor.java:1195)\n\tat io.netty.util.internal.ThreadExecutorMap$2.run(ThreadExecutorMap.java:74)\n\tat io.netty.util.concurrent.FastThreadLocalRunnable.run(FastThreadLocalRunnable.java:30)\n\tat java.lang.Thread.run(Thread.java:1564)\n"}}
[2026-06-14T10:15:23.591Z] [ALL] 06-14 15:45:23.789  1486  1993 D WindowManager: captureDisplay
[2026-06-14T10:15:23.591Z] [ALL] 06-14 15:45:23.790  1486  1993 I SurfaceComposerClient: captureLayers:childrenOnly:1, sync:0
[2026-06-14T10:15:23.591Z] [ALL] 06-14 15:45:23.795  1149  1661 I SurfaceFlinger: Capture layer list: 	 com.safebank.ai/com.safebank.ai.MainActivity$_19655#104730(preserveDisplayColors:0)
[2026-06-14T10:15:23.591Z] [ALL] 06-14 15:45:23.795  1149  1661 I SurfaceFlinger: Capture layer list: 	 StatusBar$_2112#94(preserveDisplayColors:0)
[2026-06-14T10:15:23.591Z] [ALL] 06-14 15:45:23.795  1149  1661 I SurfaceFlinger: Capture layer list: 	 com.sec.android.app.launcher/com.samsung.app.honeyspace.edge.edgepanel.app.CocktailBarService$_2619#103972(preserveDisplayColors:0)
[2026-06-14T10:15:23.591Z] [ALL] 06-14 15:45:23.795  1149  1661 I SurfaceFlinger: Capture layer list: 	 NavigationBar0$_2112#90(preserveDisplayColors:0)
[2026-06-14T10:15:23.597Z] [ALL] 06-14 15:45:23.797  1149  1201 D SurfaceFlinger: [SEC_SF_EFFECTS] drawLayersInternal,1348, Rendering layer ScreenCaptureFillLayer at index 0
[2026-06-14T10:15:23.597Z] [ALL] 06-14 15:45:23.797  1149  1201 D SurfaceFlinger: [SEC_SF_EFFECTS] drawLayersInternal,1348, Rendering layer com.safebank.ai/com.safebank.ai.MainActivity$_19655#104730 at index 1
[2026-06-14T10:15:23.597Z] [ALL] 06-14 15:45:23.797  1149  1201 D SurfaceFlinger: [SEC_SF_EFFECTS] drawLayersInternal,1348, Rendering layer StatusBar$_2112#94 at index 2
[2026-06-14T10:15:23.597Z] [ALL] 06-14 15:45:23.797  1149  1201 D SurfaceFlinger: [SEC_SF_EFFECTS] drawLayersInternal,1348, Rendering layer com.sec.android.app.launcher/com.samsung.app.honeyspace.edge.edgepanel.app.CocktailBarService$_2619#103972 at index 3
[2026-06-14T10:15:23.597Z] [ALL] 06-14 15:45:23.798  1149  1201 D SurfaceFlinger: [SEC_SF_EFFECTS] drawLayersInternal,1348, Rendering layer NavigationBar0$_2112#90 at index 4
[2026-06-14T10:15:23.676Z] [ALL] 06-14 15:45:23.890  1486  1993 D WindowManager: captureDisplay
[2026-06-14T10:15:23.676Z] [ALL] 06-14 15:45:23.890  1486  1993 I SurfaceComposerClient: captureLayers:childrenOnly:1, sync:0
[2026-06-14T10:15:23.679Z] [ALL] 06-14 15:45:23.896  1149  1661 I SurfaceFlinger: Capture layer list: 	 com.safebank.ai/com.safebank.ai.MainActivity$_19655#104730(preserveDisplayColors:0)
[2026-06-14T10:15:23.681Z] [ALL] 06-14 15:45:23.896  1149  1661 I SurfaceFlinger: Capture layer list: 	 StatusBar$_2112#94(preserveDisplayColors:0)
[2026-06-14T10:15:23.681Z] [ALL] 06-14 15:45:23.896  1149  1661 I SurfaceFlinger: Capture layer list: 	 com.sec.android.app.launcher/com.samsung.app.honeyspace.edge.edgepanel.app.CocktailBarService$_2619#103972(preserveDisplayColors:0)
[2026-06-14T10:15:23.681Z] [ALL] 06-14 15:45:23.896  1149  1661 I SurfaceFlinger: Capture layer list: 	 NavigationBar0$_2112#90(preserveDisplayColors:0)
[2026-06-14T10:15:23.682Z] [ALL] 06-14 15:45:23.898  1149  1201 D SurfaceFlinger: [SEC_SF_EFFECTS] drawLayersInternal,1348, Rendering layer ScreenCaptureFillLayer at index 0
[2026-06-14T10:15:23.682Z] [ALL] 06-14 15:45:23.898  1149  1201 D SurfaceFlinger: [SEC_SF_EFFECTS] drawLayersInternal,1348, Rendering layer com.safebank.ai/com.safebank.ai.MainActivity$_19655#104730 at index 1
[2026-06-14T10:15:23.682Z] [ALL] 06-14 15:45:23.899  1149  1201 D SurfaceFlinger: [SEC_SF_EFFECTS] drawLayersInternal,1348, Rendering layer StatusBar$_2112#94 at index 2
[2026-06-14T10:15:23.682Z] [ALL] 06-14 15:45:23.899  1149  1201 D SurfaceFlinger: [SEC_SF_EFFECTS] drawLayersInternal,1348, Rendering layer com.sec.android.app.launcher/com.samsung.app.honeyspace.edge.edgepanel.app.CocktailBarService$_2619#103972 at index 3
[2026-06-14T10:15:23.684Z] [ALL] 06-14 15:45:23.899  1149  1201 D SurfaceFlinger: [SEC_SF_EFFECTS] drawLayersInternal,1348, Rendering layer NavigationBar0$_2112#90 at index 4
[2026-06-14T10:15:23.704Z] [ALL] 06-14 15:45:23.919  1486  1856 D SemWifiSwitchForIndividualAppsService: isSkipNetworkCondition - result:2
[2026-06-14T10:15:23.732Z] [ALL] 06-14 15:45:23.944 24867 12331 I emhb    : (REDACTED) HDM. appOpsListener %s %s
[2026-06-14T10:15:23.733Z] [ALL] 06-14 15:45:23.945 24867 12331 I emhb    : (REDACTED) HDM. Ignoring irrelevant audio permission changes for package %s
[2026-06-14T10:15:23.733Z] [ALL] 06-14 15:45:23.947  3066  3129 I RequestManager_FLP: onOpChanged, op=0 / packageName=com.snapchat.android
[2026-06-14T10:15:23.776Z] [ALL] 06-14 15:45:23.991  1486  1993 D WindowManager: captureDisplay
[2026-06-14T10:15:23.776Z] [ALL] 06-14 15:45:23.991  1486  1993 I SurfaceComposerClient: captureLayers:childrenOnly:1, sync:0
[2026-06-14T10:15:23.781Z] [ALL] 06-14 15:45:23.996  1149  1661 I SurfaceFlinger: Capture layer list: 	 com.safebank.ai/com.safebank.ai.MainActivity$_19655#104730(preserveDisplayColors:0)
[2026-06-14T10:15:23.783Z] [ALL] 06-14 15:45:23.997  1149  1661 I SurfaceFlinger: Capture layer list: 	 StatusBar$_2112#94(preserveDisplayColors:0)
[2026-06-14T10:15:23.783Z] [ALL] 06-14 15:45:23.997  1149  1661 I SurfaceFlinger: Capture layer list: 	 com.sec.android.app.launcher/com.samsung.app.honeyspace.edge.edgepanel.app.CocktailBarService$_2619#103972(preserveDisplayColors:0)
[2026-06-14T10:15:23.783Z] [ALL] 06-14 15:45:23.997  1149  1661 I SurfaceFlinger: Capture layer list: 	 NavigationBar0$_2112#90(preserveDisplayColors:0)
[2026-06-14T10:15:23.783Z] [ALL] 06-14 15:45:23.999  1149  1201 D SurfaceFlinger: [SEC_SF_EFFECTS] drawLayersInternal,1348, Rendering layer ScreenCaptureFillLayer at index 0
[2026-06-14T10:15:23.783Z] [ALL] 06-14 15:45:23.999  1149  1201 D SurfaceFlinger: [SEC_SF_EFFECTS] drawLayersInternal,1348, Rendering layer com.safebank.ai/com.safebank.ai.MainActivity$_19655#104730 at index 1
[2026-06-14T10:15:23.783Z] [ALL] 06-14 15:45:23.999  1149  1201 D SurfaceFlinger: [SEC_SF_EFFECTS] drawLayersInternal,1348, Rendering layer StatusBar$_2112#94 at index 2
[2026-06-14T10:15:23.784Z] [ALL] 06-14 15:45:23.999  1149  1201 D SurfaceFlinger: [SEC_SF_EFFECTS] drawLayersInternal,1348, Rendering layer com.sec.android.app.launcher/com.samsung.app.honeyspace.edge.edgepanel.app.CocktailBarService$_2619#103972 at index 3
[2026-06-14T10:15:23.784Z] [ALL] 06-14 15:45:23.999  1149  1201 D SurfaceFlinger: [SEC_SF_EFFECTS] drawLayersInternal,1348, Rendering layer NavigationBar0$_2112#90 at index 4
[2026-06-14T10:15:23.876Z] [ALL] 06-14 15:45:24.092  1486  4489 D WindowManager: captureDisplay
[2026-06-14T10:15:23.880Z] [ALL] 06-14 15:45:24.092  1486  4489 I SurfaceComposerClient: captureLayers:childrenOnly:1, sync:0
[2026-06-14T10:15:23.882Z] [ALL] 06-14 15:45:24.098  1149  1661 I SurfaceFlinger: Capture layer list: 	 com.safebank.ai/com.safebank.ai.MainActivity$_19655#104730(preserveDisplayColors:0)
[2026-06-14T10:15:23.884Z] [ALL] 06-14 15:45:24.098  1149  1661 I SurfaceFlinger: Capture layer list: 	 StatusBar$_2112#94(preserveDisplayColors:0)
[2026-06-14T10:15:23.884Z] [ALL] 06-14 15:45:24.098  1149  1661 I SurfaceFlinger: Capture layer list: 	 com.sec.android.app.launcher/com.samsung.app.honeyspace.edge.edgepanel.app.CocktailBarService$_2619#103972(preserveDisplayColors:0)
[2026-06-14T10:15:23.884Z] [ALL] 06-14 15:45:24.098  1149  1661 I SurfaceFlinger: Capture layer list: 	 NavigationBar0$_2112#90(preserveDisplayColors:0)
[2026-06-14T10:15:23.884Z] [ALL] 06-14 15:45:24.100  1149  1201 D SurfaceFlinger: [SEC_SF_EFFECTS] drawLayersInternal,1348, Rendering layer ScreenCaptureFillLayer at index 0
[2026-06-14T10:15:23.884Z] [ALL] 06-14 15:45:24.100  1149  1201 D SurfaceFlinger: [SEC_SF_EFFECTS] drawLayersInternal,1348, Rendering layer com.safebank.ai/com.safebank.ai.MainActivity$_19655#104730 at index 1
[2026-06-14T10:15:23.995Z] [ALL] 06-14 15:45:24.101  1149  1201 D SurfaceFlinger: [SEC_SF_EFFECTS] drawLayersInternal,1348, Rendering layer StatusBar$_2112#94 at index 2
[2026-06-14T10:15:23.995Z] [ALL] 06-14 15:45:24.101  1149  1201 D SurfaceFlinger: [SEC_SF_EFFECTS] drawLayersInternal,1348, Rendering layer com.sec.android.app.launcher/com.samsung.app.honeyspace.edge.edgepanel.app.CocktailBarService$_2619#103972 at index 3
[2026-06-14T10:15:23.995Z] [ALL] 06-14 15:45:24.101  1149  1201 D SurfaceFlinger: [SEC_SF_EFFECTS] drawLayersInternal,1348, Rendering layer NavigationBar0$_2112#90 at index 4
[2026-06-14T10:15:24.005Z] [ALL] 06-14 15:45:24.192  1486  4489 D WindowManager: captureDisplay
[2026-06-14T10:15:24.005Z] [ALL] 06-14 15:45:24.192  1486  4489 I SurfaceComposerClient: captureLayers:childrenOnly:1, sync:0
[2026-06-14T10:15:24.005Z] [ALL] 06-14 15:45:24.199  1149  1661 I SurfaceFlinger: Capture layer list: 	 com.safebank.ai/com.safebank.ai.MainActivity$_19655#104730(preserveDisplayColors:0)
[2026-06-14T10:15:24.005Z] [ALL] 06-14 15:45:24.199  1149  1661 I SurfaceFlinger: Capture layer list: 	 StatusBar$_2112#94(preserveDisplayColors:0)
[2026-06-14T10:15:24.005Z] [ALL] 06-14 15:45:24.199  1149  1661 I SurfaceFlinger: Capture layer list: 	 com.sec.android.app.launcher/com.samsung.app.honeyspace.edge.edgepanel.app.CocktailBarService$_2619#103972(preserveDisplayColors:0)
[2026-06-14T10:15:24.005Z] [ALL] 06-14 15:45:24.199  1149  1661 I SurfaceFlinger: Capture layer list: 	 NavigationBar0$_2112#90(preserveDisplayColors:0)
[2026-06-14T10:15:24.005Z] [ALL] 06-14 15:45:24.201  1149  1201 D SurfaceFlinger: [SEC_SF_EFFECTS] drawLayersInternal,1348, Rendering layer ScreenCaptureFillLayer at index 0
[2026-06-14T10:15:24.005Z] [ALL] 06-14 15:45:24.202  1149  1201 D SurfaceFlinger: [SEC_SF_EFFECTS] drawLayersInternal,1348, Rendering layer com.safebank.ai/com.safebank.ai.MainActivity$_19655#104730 at index 1
[2026-06-14T10:15:24.005Z] [ALL] 06-14 15:45:24.202  1149  1201 D SurfaceFlinger: [SEC_SF_EFFECTS] drawLayersInternal,1348, Rendering layer StatusBar$_2112#94 at index 2
[2026-06-14T10:15:24.007Z] [ALL] 06-14 15:45:24.202  1149  1201 D SurfaceFlinger: [SEC_SF_EFFECTS] drawLayersInternal,1348, Rendering layer com.sec.android.app.launcher/com.samsung.app.honeyspace.edge.edgepanel.app.CocktailBarService$_2619#103972 at index 3
[2026-06-14T10:15:24.008Z] [ALL] 06-14 15:45:24.202  1149  1201 D SurfaceFlinger: [SEC_SF_EFFECTS] drawLayersInternal,1348, Rendering layer NavigationBar0$_2112#90 at index 4
[2026-06-14T10:15:24.066Z] [ALL] 06-14 15:45:24.230 19463 19503 I appium  : channel read: POST /session/ed6c8e2c-e5c1-4b65-b4bf-728310f0e26e/element
[2026-06-14T10:15:24.077Z] [ALL] 06-14 15:45:24.231 19463 19503 I appium  : FindElement command
[2026-06-14T10:15:24.077Z] [ALL] 06-14 15:45:24.233 19463 19503 I appium  : method: 'xpath', selector: '//*[contains(@resource-id, "otp_toggle_btn") or @content-desc="otp_toggle_btn"]'
[2026-06-14T10:15:24.077Z] [ALL] 06-14 15:45:24.233 19463 19503 I appium  : Waiting up to 10000ms for the device to idle
[2026-06-14T10:15:24.077Z] [ALL] 06-14 15:45:24.235 19463 19503 I appium  : The following attributes will be included to the page source: [resource-id, content-desc]
[2026-06-14T10:15:24.077Z] [ALL] 06-14 15:45:24.240 19463 19467 I tomator2.server: Method exceeds compiler instruction limit: 19260 in java_cup.runtime.Symbol org.eclipse.wst.xml.xpath2.processor.internal.CUP$XPathCup$actions.CUP$XPathCup$do_action(int, java_cup.runtime.lr_parser, java.util.Stack, int)
[2026-06-14T10:15:24.082Z] [ALL] 06-14 15:45:24.292  1486  1993 D WindowManager: captureDisplay
[2026-06-14T10:15:24.083Z] [ALL] 06-14 15:45:24.292  1486  1993 I SurfaceComposerClient: captureLayers:childrenOnly:1, sync:0
[2026-06-14T10:15:24.113Z] [ALL] 06-14 15:45:24.296  1149  1661 I SurfaceFlinger: Capture layer list: 	 com.safebank.ai/com.safebank.ai.MainActivity$_19655#104730(preserveDisplayColors:0)
[2026-06-14T10:15:24.113Z] [ALL] 06-14 15:45:24.296  1149  1661 I SurfaceFlinger: Capture layer list: 	 StatusBar$_2112#94(preserveDisplayColors:0)
[2026-06-14T10:15:24.113Z] [ALL] 06-14 15:45:24.296  1149  1661 I SurfaceFlinger: Capture layer list: 	 com.sec.android.app.launcher/com.samsung.app.honeyspace.edge.edgepanel.app.CocktailBarService$_2619#103972(preserveDisplayColors:0)
[2026-06-14T10:15:24.113Z] [ALL] 06-14 15:45:24.296  1149  1661 I SurfaceFlinger: Capture layer list: 	 NavigationBar0$_2112#90(preserveDisplayColors:0)
[2026-06-14T10:15:24.113Z] [ALL] 06-14 15:45:24.298  1149  1201 D SurfaceFlinger: [SEC_SF_EFFECTS] drawLayersInternal,1348, Rendering layer ScreenCaptureFillLayer at index 0
[2026-06-14T10:15:24.113Z] [ALL] 06-14 15:45:24.298  1149  1201 D SurfaceFlinger: [SEC_SF_EFFECTS] drawLayersInternal,1348, Rendering layer com.safebank.ai/com.safebank.ai.MainActivity$_19655#104730 at index 1
[2026-06-14T10:15:24.128Z] [ALL] 06-14 15:45:24.298  1149  1201 D SurfaceFlinger: [SEC_SF_EFFECTS] drawLayersInternal,1348, Rendering layer StatusBar$_2112#94 at index 2
[2026-06-14T10:15:24.128Z] [ALL] 06-14 15:45:24.298  1149  1201 D SurfaceFlinger: [SEC_SF_EFFECTS] drawLayersInternal,1348, Rendering layer com.sec.android.app.launcher/com.samsung.app.honeyspace.edge.edgepanel.app.CocktailBarService$_2619#103972 at index 3
[2026-06-14T10:15:24.128Z] [ALL] 06-14 15:45:24.298  1149  1201 D SurfaceFlinger: [SEC_SF_EFFECTS] drawLayersInternal,1348, Rendering layer NavigationBar0$_2112#90 at index 4
[2026-06-14T10:15:24.135Z] [ALL] 06-14 15:45:24.351 19463 19503 I appium  : Took 0ms to retrieve 0 matches for '//*[contains(@resource-id, "otp_toggle_btn") or @content-desc="otp_toggle_btn"]' XPath2 query
[2026-06-14T10:15:24.137Z] [ALL] 06-14 15:45:24.353 19463 19503 I appium  : AppiumResponse: {"sessionId":"ed6c8e2c-e5c1-4b65-b4bf-728310f0e26e","value":{"error":"no such element","message":"An element could not be located on the page using the given search parameters","stacktrace":"io.appium.uiautomator2.common.exceptions.ElementNotFoundException: An element could not be located on the page using the given search parameters\n\tat io.appium.uiautomator2.utils.ElementLocationHelpers.findElement(ElementLocationHelpers.java:153)\n\tat io.appium.uiautomator2.handler.FindElement.safeHandle(FindElement.java:60)\n\tat io.appium.uiautomator2.handler.request.SafeRequestHandler.handle(SafeRequestHandler.java:59)\n\tat io.appium.uiautomator2.server.AppiumServlet.handleRequest(AppiumServlet.java:267)\n\tat io.appium.uiautomator2.server.AppiumServlet.handleHttpRequest(AppiumServlet.java:261)\n\tat io.appium.uiautomator2.http.ServerHandler.channelRead(ServerHandler.java:77)\n\tat io.netty.channel.AbstractChannelHandlerContext.fireChannelRead(AbstractChannelHandlerContext.java:357)\n\tat io.netty.handler.codec.MessageToMessageDecoder.channelRead(MessageToMessageDecoder.java:107)\n\tat io.netty.channel.AbstractChannelHandlerContext.fireChannelRead(AbstractChannelHandlerContext.java:357)\n\tat io.netty.channel.CombinedChannelDuplexHandler$DelegatingChannelHandlerContext.fireChannelRead(CombinedChannelDuplexHandler.java:434)\n\tat io.netty.handler.codec.ByteToMessageDecoder.fireChannelRead(ByteToMessageDecoder.java:361)\n\tat io.netty.handler.codec.ByteToMessageDecoder.channelRead(ByteToMessageDecoder.java:325)\n\tat io.netty.channel.CombinedChannelDuplexHandler.channelRead(CombinedChannelDuplexHandler.java:249)\n\tat io.netty.channel.AbstractChannelHandlerContext.fireChannelRead(AbstractChannelHandlerContext.java:355)\n\tat io.netty.handler.timeout.IdleStateHandler.channelRead(IdleStateHandler.java:288)\n\tat io.netty.channel.AbstractChannelHandlerContext.fireChannelRead(AbstractChannelHandlerContext.java:355)\n\tat io.netty.channel.DefaultChannelPipeline$HeadContext.channelRead(DefaultChannelPipeline.java:1429)\n\tat io.netty.channel.DefaultChannelPipeline.fireChannelRead(DefaultChannelPipeline.java:918)\n\tat io.netty.channel.nio.AbstractNioByteChannel$NioByteUnsafe.read(AbstractNioByteChannel.java:176)\n\tat io.netty.channel.nio.AbstractNioChannel$AbstractNioUnsafe.handle(AbstractNioChannel.java:445)\n\tat io.netty.channel.nio.NioIoHandler$DefaultNioRegistration.handle(NioIoHandler.java:388)\n\tat io.netty.channel.nio.NioIoHandler.processSelectedKey(NioIoHandler.java:596)\n\tat io.netty.channel.nio.NioIoHandler.processSelectedKeysOptimized(NioIoHandler.java:571)\n\tat io.netty.channel.nio.NioIoHandler.processSelectedKeys(NioIoHandler.java:512)\n\tat io.netty.channel.nio.NioIoHandler.run(NioIoHandler.java:484)\n\tat io.netty.channel.SingleThreadIoEventLoop.runIo(SingleThreadIoEventLoop.java:225)\n\tat io.netty.channel.SingleThreadIoEventLoop.run(SingleThreadIoEventLoop.java:196)\n\tat io.netty.util.concurrent.SingleThreadEventExecutor$5.run(SingleThreadEventExecutor.java:1195)\n\tat io.netty.util.internal.ThreadExecutorMap$2.run(ThreadExecutorMap.java:74)\n\tat io.netty.util.concurrent.FastThreadLocalRunnable.run(FastThreadLocalRunnable.java:30)\n\tat java.lang.Thread.run(Thread.java:1564)\n"}}
[2026-06-14T10:15:24.154Z] [ALL] 06-14 15:45:24.365 19463 19503 I appium  : channel read: GET /session/ed6c8e2c-e5c1-4b65-b4bf-728310f0e26e/screenshot
[2026-06-14T10:15:24.157Z] [ALL] 06-14 15:45:24.366 19463 19503 I appium  : CaptureScreenshot command
[2026-06-14T10:15:24.178Z] [ALL] 06-14 15:45:24.393  1486  1993 D WindowManager: captureDisplay
[2026-06-14T10:15:24.179Z] [ALL] 06-14 15:45:24.393  1486  1993 I SurfaceComposerClient: captureLayers:childrenOnly:1, sync:0
[2026-06-14T10:15:24.181Z] [ALL] 06-14 15:45:24.397  1149  1661 I SurfaceFlinger: Capture layer list: 	 com.safebank.ai/com.safebank.ai.MainActivity$_19655#104730(preserveDisplayColors:0)
[2026-06-14T10:15:24.181Z] [ALL] 06-14 15:45:24.397  1149  1661 I SurfaceFlinger: Capture layer list: 	 StatusBar$_2112#94(preserveDisplayColors:0)
[2026-06-14T10:15:24.181Z] [ALL] 06-14 15:45:24.397  1149  1661 I SurfaceFlinger: Capture layer list: 	 com.sec.android.app.launcher/com.samsung.app.honeyspace.edge.edgepanel.app.CocktailBarService$_2619#103972(preserveDisplayColors:0)
[2026-06-14T10:15:24.181Z] [ALL] 06-14 15:45:24.397  1149  1661 I SurfaceFlinger: Capture layer list: 	 NavigationBar0$_2112#90(preserveDisplayColors:0)
[2026-06-14T10:15:24.183Z] [ALL] 06-14 15:45:24.399  1149  1201 D SurfaceFlinger: [SEC_SF_EFFECTS] drawLayersInternal,1348, Rendering layer ScreenCaptureFillLayer at index 0
[2026-06-14T10:15:24.183Z] [ALL] 06-14 15:45:24.399  1149  1201 D SurfaceFlinger: [SEC_SF_EFFECTS] drawLayersInternal,1348, Rendering layer com.safebank.ai/com.safebank.ai.MainActivity$_19655#104730 at index 1
[2026-06-14T10:15:24.183Z] [ALL] 06-14 15:45:24.399  1149  1201 D SurfaceFlinger: [SEC_SF_EFFECTS] drawLayersInternal,1348, Rendering layer StatusBar$_2112#94 at index 2
[2026-06-14T10:15:24.184Z] [ALL] 06-14 15:45:24.399  1149  1201 D SurfaceFlinger: [SEC_SF_EFFECTS] drawLayersInternal,1348, Rendering layer com.sec.android.app.launcher/com.samsung.app.honeyspace.edge.edgepanel.app.CocktailBarService$_2619#103972 at index 3
[2026-06-14T10:15:24.184Z] [ALL] 06-14 15:45:24.399  1149  1201 D SurfaceFlinger: [SEC_SF_EFFECTS] drawLayersInternal,1348, Rendering layer NavigationBar0$_2112#90 at index 4
[2026-06-14T10:15:24.279Z] [ALL] 06-14 15:45:24.494  1486  1993 D WindowManager: captureDisplay
[2026-06-14T10:15:24.281Z] [ALL] 06-14 15:45:24.494  1486  1993 I SurfaceComposerClient: captureLayers:childrenOnly:1, sync:0
[2026-06-14T10:15:24.283Z] [ALL] 06-14 15:45:24.499  1149  1661 I SurfaceFlinger: Capture layer list: 	 com.safebank.ai/com.safebank.ai.MainActivity$_19655#104730(preserveDisplayColors:0)
[2026-06-14T10:15:24.283Z] [ALL] 06-14 15:45:24.499  1149  1661 I SurfaceFlinger: Capture layer list: 	 StatusBar$_2112#94(preserveDisplayColors:0)
[2026-06-14T10:15:24.283Z] [ALL] 06-14 15:45:24.499  1149  1661 I SurfaceFlinger: Capture layer list: 	 com.sec.android.app.launcher/com.samsung.app.honeyspace.edge.edgepanel.app.CocktailBarService$_2619#103972(preserveDisplayColors:0)
[2026-06-14T10:15:24.283Z] [ALL] 06-14 15:45:24.499  1149  1661 I SurfaceFlinger: Capture layer list: 	 NavigationBar0$_2112#90(preserveDisplayColors:0)
[2026-06-14T10:15:24.295Z] [ALL] 06-14 15:45:24.502  1149  1201 D SurfaceFlinger: [SEC_SF_EFFECTS] drawLayersInternal,1348, Rendering layer ScreenCaptureFillLayer at index 0
[2026-06-14T10:15:24.297Z] [ALL] 06-14 15:45:24.502  1149  1201 D SurfaceFlinger: [SEC_SF_EFFECTS] drawLayersInternal,1348, Rendering layer com.safebank.ai/com.safebank.ai.MainActivity$_19655#104730 at index 1
[2026-06-14T10:15:24.297Z] [ALL] 06-14 15:45:24.502  1149  1201 D SurfaceFlinger: [SEC_SF_EFFECTS] drawLayersInternal,1348, Rendering layer StatusBar$_2112#94 at index 2
[2026-06-14T10:15:24.297Z] [ALL] 06-14 15:45:24.502  1149  1201 D SurfaceFlinger: [SEC_SF_EFFECTS] drawLayersInternal,1348, Rendering layer com.sec.android.app.launcher/com.samsung.app.honeyspace.edge.edgepanel.app.CocktailBarService$_2619#103972 at index 3
[2026-06-14T10:15:24.297Z] [ALL] 06-14 15:45:24.502  1149  1201 D SurfaceFlinger: [SEC_SF_EFFECTS] drawLayersInternal,1348, Rendering layer NavigationBar0$_2112#90 at index 4
[2026-06-14T10:15:24.297Z] [ALL] 06-14 15:45:24.513 30248 30248 W libbinder.BackendUnifiedServiceManager: Thread Pool max thread count is 0. Cannot cache binder as linkToDeath cannot be implemented. serviceName: SurfaceFlingerAIDL
[2026-06-14T10:15:24.297Z] [ALL] 06-14 15:45:24.513 30248 30248 W libbinder.BpBinder: Linking to death on android.gui.ISurfaceComposer but there are no threads (yet?) listening to incoming transactions. See ProcessState::startThreadPool and ProcessState::setThreadPoolMaxThreadCount. Generally you should setup the binder threadpool before other initialization steps.
[2026-06-14T10:15:24.299Z] [ALL] 06-14 15:45:24.514 30248 30248 W libbinder.BackendUnifiedServiceManager: Thread Pool max thread count is 0. Cannot cache binder as linkToDeath cannot be implemented. serviceName: edmnativehelper
[2026-06-14T10:15:24.299Z] [ALL] 06-14 15:45:24.514  1486  4489 I EDMNativeHelperService: isScreenCaptureEnabled
[2026-06-14T10:15:24.299Z] [ALL] 06-14 15:45:24.514  1486  4489 D RestrictionPolicy: isScreenCaptureEnabled : ret=true userId=0
[2026-06-14T10:15:24.299Z] [ALL] 06-14 15:45:24.514 30248 30248 W libbinder.ProcessState: Extra binder thread started, but 0 threads requested. Do not use *startThreadPool when zero threads are requested.
[2026-06-14T10:15:24.299Z] [ALL] 06-14 15:45:24.514 30248 30248 I SurfaceComposerClient: captureDisplay:Display-4633128672291736000
[2026-06-14T10:15:24.301Z] [ALL] 06-14 15:45:24.517  1149  1195 I SurfaceFlinger: Capture layer list: 	 com.safebank.ai/com.safebank.ai.MainActivity$_19655#104730(preserveDisplayColors:0)
[2026-06-14T10:15:24.303Z] [ALL] 06-14 15:45:24.517  1149  1195 I SurfaceFlinger: Capture layer list: 	 StatusBar$_2112#94(preserveDisplayColors:0)
[2026-06-14T10:15:24.303Z] [ALL] 06-14 15:45:24.517  1149  1195 I SurfaceFlinger: Capture layer list: 	 com.sec.android.app.launcher/com.samsung.app.honeyspace.edge.edgepanel.app.CocktailBarService$_2619#103972(preserveDisplayColors:0)
[2026-06-14T10:15:24.305Z] [ALL] 06-14 15:45:24.517  1149  1195 I SurfaceFlinger: Capture layer list: 	 NavigationBar0$_2112#90(preserveDisplayColors:0)
[2026-06-14T10:15:24.307Z] [ALL] 06-14 15:45:24.518  1149  1201 D SurfaceFlinger: [SEC_SF_EFFECTS] drawLayersInternal,1348, Rendering layer ScreenCaptureFillLayer at index 0
[2026-06-14T10:15:24.307Z] [ALL] 06-14 15:45:24.518  1149  1201 D SurfaceFlinger: [SEC_SF_EFFECTS] drawLayersInternal,1348, Rendering layer com.safebank.ai/com.safebank.ai.MainActivity$_19655#104730 at index 1
[2026-06-14T10:15:24.307Z] [ALL] 06-14 15:45:24.518  1149  1201 D SurfaceFlinger: [SEC_SF_EFFECTS] drawLayersInternal,1348, Rendering layer StatusBar$_2112#94 at index 2
[2026-06-14T10:15:24.309Z] [ALL] 06-14 15:45:24.518  1149  1201 D SurfaceFlinger: [SEC_SF_EFFECTS] drawLayersInternal,1348, Rendering layer com.sec.android.app.launcher/com.samsung.app.honeyspace.edge.edgepanel.app.CocktailBarService$_2619#103972 at index 3
[2026-06-14T10:15:24.309Z] [ALL] 06-14 15:45:24.518  1149  1201 D SurfaceFlinger: [SEC_SF_EFFECTS] drawLayersInternal,1348, Rendering layer NavigationBar0$_2112#90 at index 4
[2026-06-14T10:15:24.349Z] [ALL] 06-14 15:45:24.542 30248 30258 I screencap: [HIDL_FETCH_IMapper] android.hardware.graphics.mapper@4.0: Loaded Mapper successfully.
[2026-06-14T10:15:24.381Z] [ALL] 06-14 15:45:24.595  1486  4489 D WindowManager: captureDisplay
[2026-06-14T10:15:24.392Z] [ALL] 06-14 15:45:24.595  1486  4489 I SurfaceComposerClient: captureLayers:childrenOnly:1, sync:0
[2026-06-14T10:15:24.404Z] [ALL] 06-14 15:45:24.605  1149  1195 I SurfaceFlinger: Capture layer list: 	 com.safebank.ai/com.safebank.ai.MainActivity$_19655#104730(preserveDisplayColors:0)
[2026-06-14T10:15:24.404Z] [ALL] 06-14 15:45:24.605  1149  1195 I SurfaceFlinger: Capture layer list: 	 StatusBar$_2112#94(preserveDisplayColors:0)
[2026-06-14T10:15:24.404Z] [ALL] 06-14 15:45:24.606  1149  1195 I SurfaceFlinger: Capture layer list: 	 com.sec.android.app.launcher/com.samsung.app.honeyspace.edge.edgepanel.app.CocktailBarService$_2619#103972(preserveDisplayColors:0)
[2026-06-14T10:15:24.404Z] [ALL] 06-14 15:45:24.606  1149  1195 I SurfaceFlinger: Capture layer list: 	 NavigationBar0$_2112#90(preserveDisplayColors:0)
[2026-06-14T10:15:24.404Z] [ALL] 06-14 15:45:24.608  1149  1201 D SurfaceFlinger: [SEC_SF_EFFECTS] drawLayersInternal,1348, Rendering layer ScreenCaptureFillLayer at index 0
[2026-06-14T10:15:24.404Z] [ALL] 06-14 15:45:24.608  1149  1201 D SurfaceFlinger: [SEC_SF_EFFECTS] drawLayersInternal,1348, Rendering layer com.safebank.ai/com.safebank.ai.MainActivity$_19655#104730 at index 1
[2026-06-14T10:15:24.404Z] [ALL] 06-14 15:45:24.609  1149  1201 D SurfaceFlinger: [SEC_SF_EFFECTS] drawLayersInternal,1348, Rendering layer StatusBar$_2112#94 at index 2
[2026-06-14T10:15:24.404Z] [ALL] 06-14 15:45:24.609  1149  1201 D SurfaceFlinger: [SEC_SF_EFFECTS] drawLayersInternal,1348, Rendering layer com.sec.android.app.launcher/com.samsung.app.honeyspace.edge.edgepanel.app.CocktailBarService$_2619#103972 at index 3
[2026-06-14T10:15:24.408Z] [ALL] 06-14 15:45:24.609  1149  1201 D SurfaceFlinger: [SEC_SF_EFFECTS] drawLayersInternal,1348, Rendering layer NavigationBar0$_2112#90 at index 4
[2026-06-14T10:15:24.495Z] [ALL] 06-14 15:45:24.695  1486  4489 D WindowManager: captureDisplay
[2026-06-14T10:15:24.534Z] [ALL] 06-14 15:45:24.696  1486  4489 I SurfaceComposerClient: captureLayers:childrenOnly:1, sync:0
[2026-06-14T10:15:24.539Z] [ALL] 06-14 15:45:24.705  1149  1195 I SurfaceFlinger: Capture layer list: 	 com.safebank.ai/com.safebank.ai.MainActivity$_19655#104730(preserveDisplayColors:0)
[2026-06-14T10:15:24.539Z] [ALL] 06-14 15:45:24.705  1149  1195 I SurfaceFlinger: Capture layer list: 	 StatusBar$_2112#94(preserveDisplayColors:0)
[2026-06-14T10:15:24.539Z] [ALL] 06-14 15:45:24.705  1149  1195 I SurfaceFlinger: Capture layer list: 	 com.sec.android.app.launcher/com.samsung.app.honeyspace.edge.edgepanel.app.CocktailBarService$_2619#103972(preserveDisplayColors:0)
[2026-06-14T10:15:24.539Z] [ALL] 06-14 15:45:24.705  1149  1195 I SurfaceFlinger: Capture layer list: 	 NavigationBar0$_2112#90(preserveDisplayColors:0)
[2026-06-14T10:15:24.539Z] [ALL] 06-14 15:45:24.708  1149  1201 D SurfaceFlinger: [SEC_SF_EFFECTS] drawLayersInternal,1348, Rendering layer ScreenCaptureFillLayer at index 0
[2026-06-14T10:15:24.539Z] [ALL] 06-14 15:45:24.708  1149  1201 D SurfaceFlinger: [SEC_SF_EFFECTS] drawLayersInternal,1348, Rendering layer com.safebank.ai/com.safebank.ai.MainActivity$_19655#104730 at index 1
[2026-06-14T10:15:24.539Z] [ALL] 06-14 15:45:24.708  1149  1201 D SurfaceFlinger: [SEC_SF_EFFECTS] drawLayersInternal,1348, Rendering layer StatusBar$_2112#94 at index 2
[2026-06-14T10:15:24.539Z] [ALL] 06-14 15:45:24.709  1149  1201 D SurfaceFlinger: [SEC_SF_EFFECTS] drawLayersInternal,1348, Rendering layer com.sec.android.app.launcher/com.samsung.app.honeyspace.edge.edgepanel.app.CocktailBarService$_2619#103972 at index 3
[2026-06-14T10:15:24.539Z] [ALL] 06-14 15:45:24.709  1149  1201 D SurfaceFlinger: [SEC_SF_EFFECTS] drawLayersInternal,1348, Rendering layer NavigationBar0$_2112#90 at index 4
[2026-06-14T10:15:24.539Z] [ALL] 06-14 15:45:24.712  1486  1729 D WifiStaIfaceHidlImpl: getCachedScanData is not implemented by HIDL
[2026-06-14T10:15:24.539Z] [ALL] 06-14 15:45:24.717  1486  1651 D ActivityManager: freezing 29794 com.android.vending:background
[2026-06-14T10:15:24.539Z] [ALL] 06-14 15:45:24.719  1486  3494 D SemWifiUsabilityStatsMonitor: onWifiUsabilityStats - seqNum 23700, isSameBssidAndFreq true
[2026-06-14T10:15:24.539Z] [ALL] 06-14 15:45:24.721  1486  1830 I SemWifiLinkQualityMonitor: Link stat: 821 / 107 / 1.45 (48) / 78 / -57.0 || 100.0 : 78.00 / B (B) || 75790cca2437: 0.185 / 43.161 / N / V || N N / 0 0 / N 2.0 / N -1 0.000 0.000 / N / X 0 / 182936027 0 0 || 2026-06-14 15:45:23  / 0: 0 0 0 0 0 0 / 0: 0 0 0 0 0 0 / 0: 0 0 0 0 0 0
[2026-06-14T10:15:24.539Z] [ALL] 06-14 15:45:24.722  2072  2072 I EPDG-0 [WifiProfiler]: handleWifiRssiIntent, rssi=-57
[2026-06-14T10:15:24.539Z] [ALL] 06-14 15:45:24.722  2072  2072 I EPDG-0 [WifiProfiler]: isProfiling, hash=189204772, started=true
[2026-06-14T10:15:24.539Z] [ALL] 06-14 15:45:24.723  2072  2072 I EPDG-0 [LogMetrics]: set, type=WIFI_RSSI_LAST, value=-57
[2026-06-14T10:15:24.539Z] [ALL] 06-14 15:45:24.723  2072  2072 I EPDG-0 [WifiProfiler]: isProfiling, hash=189204772, started=true
[2026-06-14T10:15:24.539Z] [ALL] 06-14 15:45:24.725  1486  1651 D ActivityManager: freezing 27719 com.android.vending
[2026-06-14T10:15:24.539Z] [ALL] 06-14 15:45:24.727  2072  2072 I EPDG-0 [WifiProfiler]: Rssi : -57 highrange : -75 lowrange : -85 mIsRssiInHystersis : false
[2026-06-14T10:15:24.539Z] [ALL] 06-14 15:45:24.727  2072  2072 I EPDG-0 [WifiProfiler]: Rssi : -57 highrange : -75 lowrange : -85 mIsRssiInHystersis : false
[2026-06-14T10:15:24.539Z] [ALL] 06-14 15:45:24.727  2072  2072 I EPDG-0 [Subscription]: isEpdgAvailable, IwlanPsState=2/2
[2026-06-14T10:15:24.539Z] [ALL] 06-14 15:45:24.727  2072  2072 I EPDG-0 [WifiProfiler]: getHandoverThresholdMet: value is: false
[2026-06-14T10:15:24.539Z] [ALL] 06-14 15:45:24.733  1486  1651 D ActivityManager: freezing 28225 net.one97.paytm
[2026-06-14T10:15:24.539Z] [ALL] 06-14 15:45:24.741  1486  1741 D InetDiagMessage: Destroyed 0 sockets, proto=IPPROTO_TCP, family=AF_INET, states=14
[2026-06-14T10:15:24.539Z] [ALL] 06-14 15:45:24.748  1486  1741 D InetDiagMessage: Destroyed 1 sockets, proto=IPPROTO_TCP, family=AF_INET6, states=14
[2026-06-14T10:15:24.539Z] [ALL] 06-14 15:45:24.748  1486  1741 D InetDiagMessage: Destroyed live tcp sockets for uids={10263} in 10ms
[2026-06-14T10:15:24.539Z] [ALL] 06-14 15:45:24.748  1486  1741 D ConnectivityService: Freezing callbacks for UID 10263
[2026-06-14T10:15:24.539Z] [ALL] 06-14 15:45:24.750  1486  1741 D InetDiagMessage: Destroyed 0 sockets, proto=IPPROTO_TCP, family=AF_INET, states=14
[2026-06-14T10:15:24.546Z] [ALL] 06-14 15:45:24.753  1486  1741 D InetDiagMessage: Destroyed 0 sockets, proto=IPPROTO_TCP, family=AF_INET6, states=14
[2026-06-14T10:15:24.546Z] [ALL] 06-14 15:45:24.753  1486  1741 D InetDiagMessage: Destroyed live tcp sockets for uids={10399} in 5ms
[2026-06-14T10:15:24.546Z] [ALL] 06-14 15:45:24.753  1486  1741 D ConnectivityService: Freezing callbacks for UID 10399
[2026-06-14T10:15:24.551Z] [ALL] 06-14 15:45:24.765  1486  4489 I ActivityManager: Changes in 10470 11 to 19, 384 to 0
[2026-06-14T10:15:24.555Z] [ALL] 06-14 15:45:24.770  1149  1280 I SurfaceFlinger: Current= 60, Period= 60, hwcPeriod= 60
[2026-06-14T10:15:24.582Z] [ALL] 06-14 15:45:24.778  1486  1526 I ActivityManager: Changes in 10470 19 to 11, 0 to 384
[2026-06-14T10:15:24.605Z] [ALL] 06-14 15:45:24.797  1486  4489 D WindowManager: captureDisplay
[2026-06-14T10:15:24.605Z] [ALL] 06-14 15:45:24.797  1486  4489 I SurfaceComposerClient: captureLayers:childrenOnly:1, sync:0
[2026-06-14T10:15:24.605Z] [ALL] 06-14 15:45:24.799 19463 19503 I appium  : AppiumResponse: {"sessionId":"ed6c8e2c-e5c1-4b65-b4bf-728310f0e26e","value":"iVBORw0KGgoAAAANSUhEUgAABDgAAAkkCAYAAAD508+vAAAABHNCSVQICAgIfAhkiAAAAAFzUkdCAK7OHOkAACAASURBVHic7N11fBtH2gfw30oyQxy0w9BwG2ZmTnptyu2V25T5SndtrpBeOYWU2yu+vUKatmFOHG6YGZ04ccgcy7Zo3z+slVfSCq2VVvbv+2nSaHE0ltY7z848I5SViyKIiIiIiIiIiKKYLtIFICIiIiI…
[2026-06-14T10:15:24.657Z] [ALL] 06-14 15:45:24.803  1149  1195 I SurfaceFlinger: Capture layer list: 	 com.safebank.ai/com.safebank.ai.MainActivity$_19655#104730(preserveDisplayColors:0)
[2026-06-14T10:15:24.657Z] [ALL] 06-14 15:45:24.803  1149  1195 I SurfaceFlinger: Capture layer list: 	 StatusBar$_2112#94(preserveDisplayColors:0)
[2026-06-14T10:15:24.657Z] [ALL] 06-14 15:45:24.803  1149  1195 I SurfaceFlinger: Capture layer list: 	 com.sec.android.app.launcher/com.samsung.app.honeyspace.edge.edgepanel.app.CocktailBarService$_2619#103972(preserveDisplayColors:0)
[2026-06-14T10:15:24.657Z] [ALL] 06-14 15:45:24.803  1149  1195 I SurfaceFlinger: Capture layer list: 	 NavigationBar0$_2112#90(preserveDisplayColors:0)
[2026-06-14T10:15:24.657Z] [ALL] 06-14 15:45:24.805  1149  1201 D SurfaceFlinger: [SEC_SF_EFFECTS] drawLayersInternal,1348, Rendering layer ScreenCaptureFillLayer at index 0
[2026-06-14T10:15:24.657Z] [ALL] 06-14 15:45:24.806  1149  1201 D SurfaceFlinger: [SEC_SF_EFFECTS] drawLayersInternal,1348, Rendering layer com.safebank.ai/com.safebank.ai.MainActivity$_19655#104730 at index 1
[2026-06-14T10:15:24.657Z] [ALL] 06-14 15:45:24.806  1149  1201 D SurfaceFlinger: [SEC_SF_EFFECTS] drawLayersInternal,1348, Rendering layer StatusBar$_2112#94 at index 2
[2026-06-14T10:15:24.657Z] [ALL] 06-14 15:45:24.806  1149  1201 D SurfaceFlinger: [SEC_SF_EFFECTS] drawLayersInternal,1348, Rendering layer com.sec.android.app.launcher/com.samsung.app.honeyspace.edge.edgepanel.app.CocktailBarService$_2619#103972 at index 3
[2026-06-14T10:15:24.657Z] [ALL] 06-14 15:45:24.806  1149  1201 D SurfaceFlinger: [SEC_SF_EFFECTS] drawLayersInternal,1348, Rendering layer NavigationBar0$_2112#90 at index 4