[2026-06-14T09:19:53.245Z] [ALL] 06-14 14:49:50.311 30053 30053 W libbinder.BackendUnifiedServiceManager: Thread Pool max thread count is 0. Cannot cache binder as linkToDeath cannot be implemented. serviceName: window
[2026-06-14T09:19:53.253Z] [ALL] 06-14 14:49:50.320  1486  4349 I ImeTracker: system_server:1d45b5d1: onRequestShow at ORIGIN_SERVER reason CONTROLS_CHANGED fromUser false
[2026-06-14T09:19:53.302Z] [ALL] 06-14 14:49:50.349 28684 28729 I appium  : channel read: POST /session/96346e06-b795-4772-a936-71e77e178b18/element
[2026-06-14T09:19:53.308Z] [ALL] 06-14 14:49:50.350 28684 28729 I appium  : FindElement command
[2026-06-14T09:19:53.308Z] [ALL] 06-14 14:49:50.351 28684 28729 I appium  : method: 'xpath', selector: '//*[@text="Use Email OTP instead" or @text="Use Account Password" or contains(@text, "OTP") or contains(@text, "Password") or contains(@text, "ఓటిపి")]'
[2026-06-14T09:19:53.308Z] [ALL] 06-14 14:49:50.351 28684 28729 I appium  : Waiting up to 10000ms for the device to idle
[2026-06-14T09:19:53.308Z] [ALL] 06-14 14:49:50.351 28684 28729 I appium  : The following attributes will be included to the page source: [text]
[2026-06-14T09:19:53.405Z] [ALL] 06-14 14:49:50.471 28684 28729 I appium  : Took 0ms to retrieve 1 matches for '//*[@text="Use Email OTP instead" or @text="Use Account Password" or contains(@text, "OTP") or contains(@text, "Password") or contains(@text, "ఓటిపి")]' XPath2 query
[2026-06-14T09:19:53.409Z] [ALL] 06-14 14:49:50.473 28684 28729 I appium  : AppiumResponse: {"sessionId":"96346e06-b795-4772-a936-71e77e178b18","value":{"ELEMENT":"00000000-0000-00d4-0000-006600000004","element-6066-11e4-a52e-4f735466cecf":"00000000-0000-00d4-0000-006600000004"}}
[2026-06-14T09:19:53.429Z] [ALL] 06-14 14:49:50.483   747   747 D io_stats: !@   8,0 r 79297375 1564735549 w 12632818 206927528 d 4199652 257985032 f 0 1103266 iot 28541148 0 th 0 0 0 pt 0 inp 0 0 179604.872
[2026-06-14T09:19:53.429Z] [ALL] 06-14 14:49:50.483   747   747 D io_stats: !@ Read_top(KB): system_server(1486) 4
[2026-06-14T09:19:53.429Z] [ALL] 06-14 14:49:50.483   747   747 D io_stats: !@ Write_top(KB): kworker/u16:2(15734) 796 f2fs_ckpt-254:5(789) 132
[2026-06-14T09:19:53.441Z] [ALL] 06-14 14:49:50.497 28684 28729 I appium  : channel read: GET /session/96346e06-b795-4772-a936-71e77e178b18/element/00000000-0000-00d4-0000-006600000004/attribute/displayed
[2026-06-14T09:19:53.473Z] [ALL] 06-14 14:49:50.498 28684 28729 I appium  : GetElementAttribute command
[2026-06-14T09:19:53.473Z] [ALL] 06-14 14:49:50.505 28684 28729 I appium  : AppiumResponse: {"sessionId":"96346e06-b795-4772-a936-71e77e178b18","value":"true"}
[2026-06-14T09:19:53.487Z] [ALL] 06-14 14:49:50.529 28684 28729 I appium  : channel read: POST /session/96346e06-b795-4772-a936-71e77e178b18/element/00000000-0000-00d4-0000-006600000004/click
[2026-06-14T09:19:53.487Z] [ALL] 06-14 14:49:50.529 28684 28729 I appium  : Click command
[2026-06-14T09:19:53.496Z] [ALL] 06-14 14:49:50.551  2228  3094 I TUIThread: epol_call: EPOLL_SKIP
[2026-06-14T09:19:53.510Z] [ALL] 06-14 14:49:50.566  1486  3014 D InputDispatcher: Inject motion (28670/2000): action=0x0, time=179604928000000, f=0x0, d=0 dsdx=1.000000 dtdx=0.000000
[2026-06-14T09:19:53.510Z] [ALL] 06-14 14:49:50.568  1486  1665 I InputDispatcher: Delivering touch to (2112): action: 0x4, f=0x0, d=0, '1dcab54', t=1 
[2026-06-14T09:19:53.510Z] [ALL] 06-14 14:49:50.568  1486  1665 I InputDispatcher: Delivering touch to (29263): action: 0x4, f=0x0, d=0, 'fda589b', t=1 
[2026-06-14T09:19:53.510Z] [ALL] 06-14 14:49:50.568  1486  1665 I InputDispatcher: Delivering touch to (29263): action: 0x0, f=0x0, d=0, '5570917', t=1 
[2026-06-14T09:19:53.510Z] [ALL] 06-14 14:49:50.569  1486  1665 D PowerManagerService: [api] userActivityFromNative : touch displayId=0 eventTime=179604928
[2026-06-14T09:19:53.510Z] [ALL] 06-14 14:49:50.569 29263 29263 I VRI[MainActivity]@a5bd559: ViewPostIme pointer 0
[2026-06-14T09:19:53.510Z] [ALL] 06-14 14:49:50.570  1486  1665 D PowerManagerService: UserActivityStateListenerState: 1
[2026-06-14T09:19:53.510Z] [ALL] 06-14 14:49:50.571  1149  1322 D SurfaceFlinger: setDesiredMode 4633128672291736000 {mode={fps=120.00 Hz, modePtr={id=0, vsyncRate=120.00 Hz, peakRefreshRate=120.00 Hz}}, emitEvent=false, force=false}
[2026-06-14T09:19:53.520Z] [ALL] 06-14 14:49:50.572  1486  1517 D LocalDisplayAdapter: updateActiveModeLocked for d=4633128672291736000, mActiveModeId=1, mActiveSfDisplayMode=DisplayMode{id=0, width=1080, height=2340, xDpi=403.411, yDpi=401.594, peakRefreshRate=120.00001, vsyncRate=120.00001, appVsyncOffsetNanos=0, presentationDeadlineNanos=9333333, supportedHdrTypes=[2, 3, 4], group=0}
[2026-06-14T09:19:53.521Z] [ALL] 06-14 14:49:50.572  1149  1149 I SurfaceFlinger: com.safebank.ai/com.safebank.ai.MainActivity$_29263#104426 Max (can't resolve refresh rate)
[2026-06-14T09:19:53.521Z] [ALL] 06-14 14:49:50.573  1149  1149 I SurfaceFlinger: Touch Boost - choose 120.00 Hz
[2026-06-14T09:19:53.521Z] [ALL] 06-14 14:49:50.573  1149  1149 D SurfaceFlinger: initiateModeChange 4633128672291736000 {mode={fps=120.00 Hz, modePtr={id=0, vsyncRate=120.00 Hz, peakRefreshRate=120.00 Hz}}, emitEvent=false, force=false}
[2026-06-14T09:19:53.521Z] [ALL] 06-14 14:49:50.573  1149  1149 I SurfaceFlinger: [4633128672291736000] ActiveConfigToHWC, ID : 3
[2026-06-14T09:19:53.521Z] [ALL] 06-14 14:49:50.575  1062 15192 D display : setActiveConfigWithConstraints:: PrimaryDisplay config(3)
[2026-06-14T09:19:53.521Z] [ALL] 06-14 14:49:50.575  4132  4132 I SemDvfsHyPerManager: acquire hyper - TABoost/4132@29, type = -999
[2026-06-14T09:19:53.521Z] [ALL] 06-14 14:49:50.575  1062 15192 I display : Current VRR MODE is 3
[2026-06-14T09:19:53.521Z] [ALL] 06-14 14:49:50.575  1062 15192 I display : setActiveConfigWithConstraints:: HFR match - config: 3, base: 3, try: 1
[2026-06-14T09:19:53.521Z] [ALL] 06-14 14:49:50.575  1062 15192 I display : setActiveConfigWithConstraints::update 1080x2340@120hs
[2026-06-14T09:19:53.521Z] [ALL] 06-14 14:49:50.575  1111  1162 D HeatmapThread: Updated plugType via uevent: 0
[2026-06-14T09:19:53.521Z] [ALL] 06-14 14:49:50.575  1062 15192 I display : commit modeset : 1080x2340@120hs
[2026-06-14T09:19:53.521Z] [ALL] 06-14 14:49:50.575  1075  1175 I HYPER-HAL: [RequestManager.cpp]acquire(): Acquired ID : 8659070  [4132 / 29]    HINT :      list : [TABoost / 1] [TIMEOUT / 1500] 
[2026-06-14T09:19:53.521Z] [ALL] 06-14 14:49:50.576  1486  1517 I DisplayDeviceRepository: Display device changed render timings: "Built-in Screen", renderFrameRate=120.00001, presentationDeadlineNanos=9333333, appVsyncOffsetNanos=0, frameRateOverrides=[]
[2026-06-14T09:19:53.521Z] [ALL] 06-14 14:49:50.577  1486  3178 D LiftUpHandler: [LTW] Stopped already.
[2026-06-14T09:19:53.526Z] [ALL] 06-14 14:49:50.579 29263 29263 I VRI[MainActivity]@a5bd559: call setFrameRateCategory for touch hint category=high hint, reason=touch, vri=VRI[MainActivity]@a5bd559
[2026-06-14T09:19:53.526Z] [ALL] 06-14 14:49:50.580  1063  1142 E BatteryDump: !@new_battery_dump : 4291,-10,1300,3150,100,368,364,386,368,0,360,362,0,Full,NO_CHARGING,None,Good,PDIC,0,Normal,0,0,9180,0x8000,0x10010000,0x0,0,0,0000,0000,00000000,0,0,0,0,890,4291,9726,970,0,
[2026-06-14T09:19:53.526Z] [ALL] 06-14 14:49:50.581  1486  4489 D InputDispatcher: Inject motion (28670/2000): action=0x1, time=179604970000000, f=0x0, d=0 dsdx=1.000000 dtdx=0.000000
[2026-06-14T09:19:53.526Z] [ALL] 06-14 14:49:50.581  1486  1665 I InputDispatcher: Delivering touch to (29263): action: 0x1, f=0x0, d=0, '5570917', t=1 
[2026-06-14T09:19:53.526Z] [ALL] 06-14 14:49:50.582  2619  2619 I HoneySpace.InputConsumerFactory: checkMultiFingerGesture: returning NO_OP - gesture disabled or blocked
[2026-06-14T09:19:53.526Z] [ALL] 06-14 14:49:50.582  2619  2619 I HoneySpace.GestureInputHandler: inputConsumers = [com.honeyspace.gesture.inputconsumer.InputConsumer$Companion$NO_OP$1@b9cdf5b]
[2026-06-14T09:19:53.526Z] [ALL] 06-14 14:49:50.583 29263 29263 I VRI[MainActivity]@a5bd559: ViewPostIme pointer 1
[2026-06-14T09:19:53.526Z] [ALL] 06-14 14:49:50.583  2619  2619 I HoneySpace.InputSession: inputConsumers = NO_OP
[2026-06-14T09:19:53.526Z] [ALL] 06-14 14:49:50.583  2619  2619 I HoneySpace.InputSession: open
[2026-06-14T09:19:53.526Z] [ALL] 06-14 14:49:50.583  2619  2619 I HoneySpace.GestureInputHandler: reset
[2026-06-14T09:19:53.526Z] [ALL] 06-14 14:49:50.584  2619  2619 I HoneySpace.InputSession: close
[2026-06-14T09:19:53.526Z] [ALL] 06-14 14:49:50.584  1063  1063 I android.hardware.health@2.1-service-samsung: updateLrpSysfs: write: 360
[2026-06-14T09:19:53.526Z] [ALL] 06-14 14:49:50.585  1486  7792 V [SS]SleepChargingTimeController: [isActivated]mSleepChargingStatus isNowSessionTime False => false
[2026-06-14T09:19:53.526Z] [ALL] 06-14 14:49:50.585  9061  9061 I HBD     : DeX k DeX mode state change in non-main thread 
[2026-06-14T09:19:53.526Z] [ALL] 06-14 14:49:50.585  9061  9061 I HBD     : DeX k DeX mode state change: 3 
[2026-06-14T09:19:53.526Z] [ALL] 06-14 14:49:50.586  1101 19081 D AudioFlinger: setParameters: filtered dev setParameters keyvalue screen_state=on
[2026-06-14T09:19:53.526Z] [ALL] 06-14 14:49:50.586  1054  7360 D audio_hw_primary: device-adev_set_parameters: enter
[2026-06-14T09:19:53.526Z] [ALL] 06-14 14:49:50.587  1486  1515 I GestureDetector: obtain mCurrentDownEvent. id: -748249733 caller: com.android.server.wm.SystemGesturesPointerEventListener.onPointerEvent:17 com.android.server.wm.PointerEventDispatcher.onInputEvent:51 android.view.InputEventReceiver.dispatchInputEvent:369 
[2026-06-14T09:19:53.526Z] [ALL] 06-14 14:49:50.587  1054  7360 I audio_hw_proxy2: proxy-proxy_set_parameters: set Screen-state 1
[2026-06-14T09:19:53.526Z] [ALL] 06-14 14:49:50.587  1054  7360 D audio_hw_primary: device-adev_set_parameters: param (screen_state=on)
[2026-06-14T09:19:53.536Z] [ALL] 06-14 14:49:50.587  1054  7360 I Audio_a2dpsink_hw: adev_set_parameters: kevpairs=[screen_state=on]
[2026-06-14T09:19:53.536Z] [ALL] 06-14 14:49:50.588  1486  1515 I GestureDetector: obtain mCurrentDownEvent. id: -748249733 caller: com.android.server.wm.SystemPerformancePointerEventListener.onPointerEvent:13 com.android.server.wm.PointerEventDispatcher.onInputEvent:51 android.view.InputEventReceiver.dispatchInputEvent:369 
[2026-06-14T09:19:53.536Z] [ALL] 06-14 14:49:50.588  1486  1515 I GestureDetector: obtain mCurrentMotionEventRaw. action: 1 id: -504209254
[2026-06-14T09:19:53.536Z] [ALL] 06-14 14:49:50.588  1486  1486 D SGM:GameDisplayListener: onDisplayChanged. displayId: 0, state: 2
[2026-06-14T09:19:53.536Z] [ALL] 06-14 14:49:50.588  1486  1515 I GestureDetector: obtain mCurrentMotionEventRaw. action: 1 id: -504209254
[2026-06-14T09:19:53.536Z] [ALL] 06-14 14:49:50.588  2619 23872 I HoneySpace.Memory-Monitor: current state = 2, didTrim = false
[2026-06-14T09:19:53.536Z] [ALL] 06-14 14:49:50.588  1486  1486 D AODManagerService: requestReCalToTSP IsSingleTouchMode = falserequestedReCalToTSP = false / previousDisplayState = ON
[2026-06-14T09:19:53.536Z] [ALL] 06-14 14:49:50.588  2619 23872 I HoneySpace.RefreshRateSource: singleFrameMs 8
[2026-06-14T09:19:53.536Z] [ALL] 06-14 14:49:50.588  1486  1515 D WindowManager: DeferredDisplayUpdater: partially applying DisplayInfo(1080 x 2340) immediately
[2026-06-14T09:19:53.536Z] [ALL] 06-14 14:49:50.589  1486  1699 D SGM:FgCheckThread: onLooperPrepared(), msg: MSG_LCD_ON
[2026-06-14T09:19:53.536Z] [ALL] 06-14 14:49:50.590  1486  1770 D AS.DesktopUtils: isDesktopWindowing( false )
[2026-06-14T09:19:53.536Z] [ALL] 06-14 14:49:50.590  1486  1770 D AS.DesktopModeHelper: setDesktopModePath caller = onDisplayChanged #Id=0, isInDesktopWindowing=false, isAudioOutputToDisplay : false
[2026-06-14T09:19:53.536Z] [ALL] 06-14 14:49:50.590  2112  2112 D DisplayLifecycle: updateDisplay id = 0
[2026-06-14T09:19:53.536Z] [ALL] 06-14 14:49:50.591  2112  2381 D StackScroller: onDisplayChanged for predraw skip to 2
[2026-06-14T09:19:53.536Z] [ALL] 06-14 14:49:50.591  1486  3014 D WifiDisplayAdapter: isFitToActiveDisplayLocked : false
[2026-06-14T09:19:53.536Z] [ALL] 06-14 14:49:50.591  1062 15192 W display : deliverWinConfigData:: commit modeset time (16 ms)
[2026-06-14T09:19:53.536Z] [ALL] 06-14 14:49:50.592  1062  1159 I display : [compareVsyncPeriod] set the lowest(mode:0) vsync 83 of display(0)
[2026-06-14T09:19:53.536Z] [ALL] 06-14 14:49:50.593  1062  1159 I display : getFpsForPerformance, performance table found using table(key:120, cpu:255)
[2026-06-14T09:19:53.536Z] [ALL] 06-14 14:49:50.593  1062  1159 I display : Set m2mMPP capacity(4) for fps(120)
[2026-06-14T09:19:53.536Z] [ALL] 06-14 14:49:50.593  1062  1159 I display : getFpsForPerformance, performance table found using table(key:120, cpu:255)
[2026-06-14T09:19:53.536Z] [ALL] 06-14 14:49:50.593  1062  1159 I display : Set Affinity config for fps(120) : cpuIDs : 255
[2026-06-14T09:19:53.536Z] [ALL] 06-14 14:49:50.593  1062  1159 I display : Set Affinity CPU ID : 0
[2026-06-14T09:19:53.536Z] [ALL] 06-14 14:49:50.593  1062  1159 I display : Set Affinity CPU ID : 1
[2026-06-14T09:19:53.536Z] [ALL] 06-14 14:49:50.593  1062  1159 I display : Set Affinity CPU ID : 2
[2026-06-14T09:19:53.536Z] [ALL] 06-14 14:49:50.593  1062  1159 I display : Set Affinity CPU ID : 3
[2026-06-14T09:19:53.536Z] [ALL] 06-14 14:49:50.593  1062  1159 I display : Set Affinity CPU ID : 4
[2026-06-14T09:19:53.536Z] [ALL] 06-14 14:49:50.593  1062  1159 I display : Set Affinity CPU ID : 5
[2026-06-14T09:19:53.536Z] [ALL] 06-14 14:49:50.593  1062  1159 I display : Set Affinity CPU ID : 6
[2026-06-14T09:19:53.536Z] [ALL] 06-14 14:49:50.593  1062  1159 I display : Set Affinity CPU ID : 7
[2026-06-14T09:19:53.536Z] [ALL] 06-14 14:49:50.593  1062  1159 I display : Set affinity HWC : 1062
[2026-06-14T09:19:53.536Z] [ALL] 06-14 14:49:50.593  1149  1149 I SurfaceFlinger: finalizeDisplayModeChange 4633128672291736000
[2026-06-14T09:19:53.536Z] [ALL] 06-14 14:49:50.593  1062  1159 I display : CPU set : Cluster(0), min_clock(0)
[2026-06-14T09:19:53.536Z] [ALL] 06-14 14:49:50.593  1062  1159 I display : CPU set : Cluster(1), min_clock(0)
[2026-06-14T09:19:53.536Z] [ALL] 06-14 14:49:50.593  1062  1159 I display : CPU set : Cluster(2), min_clock(0)
[2026-06-14T09:19:53.536Z] [ALL] 06-14 14:49:50.593  1149  1149 I SurfaceFlinger: [com.safebank.ai/com.safebank.ai.MainActivity$_29263#104426] setFrameRateCategory: HighHint
[2026-06-14T09:19:53.536Z] [ALL] 06-14 14:49:50.594  1149  1280 I SurfaceFlinger: Current= 60, Period= 120, hwcPeriod= 120
[2026-06-14T09:19:53.547Z] [ALL] 06-14 14:49:50.607 29263 29263 D InsetsController: show(ime())
[2026-06-14T09:19:53.547Z] [ALL] 06-14 14:49:50.607 29263 29263 I ImeTracker: com.safebank.ai:358fbdee: onRequestShow at ORIGIN_CLIENT reason SHOW_SOFT_INPUT_BY_INSETS_API fromUser false
[2026-06-14T09:19:53.547Z] [ALL] 06-14 14:49:50.607 29263 29263 I ImeTracker: com.safebank.ai:358fbdee: onCancelled at PHASE_CLIENT_APPLY_ANIMATION
[2026-06-14T09:19:53.561Z] [ALL] 06-14 14:49:50.611 28684 28729 W GestureController: Gestures took longer than expected (72ms >> 16ms), device might be in a busy state.
[2026-06-14T09:19:53.561Z] [ALL] 06-14 14:49:50.611 28684 28729 I appium  : Waiting up to 10000ms for the device to idle
[2026-06-14T09:19:53.561Z] [ALL] 06-14 14:49:50.613 28684 28729 I appium  : AppiumResponse: {"sessionId":"96346e06-b795-4772-a936-71e77e178b18","value":null}
[2026-06-14T09:19:53.578Z] [ALL] 06-14 14:49:50.618 29263 29263 I InputMethodManager_LC: showSoftInput(View,I)
[2026-06-14T09:19:53.578Z] [ALL] 06-14 14:49:50.618 29263 29263 I ImeTracker: com.safebank.ai:311c5481: onRequestShow at ORIGIN_CLIENT reason SHOW_SOFT_INPUT fromUser false
[2026-06-14T09:19:53.578Z] [ALL] 06-14 14:49:50.618 29263 29263 I InputMethodManager_LC: ssi(): flags=0 view=com.safebank.ai reason=SHOW_SOFT_INPUT
[2026-06-14T09:19:53.578Z] [ALL] 06-14 14:49:50.618 29263 29263 I InputMethodManager_LC: ssi() view is not EditText
[2026-06-14T09:19:53.578Z] [ALL] 06-14 14:49:50.618 29263 29263 D InsetsController: show(ime())
[2026-06-14T09:19:53.578Z] [ALL] 06-14 14:49:50.619 29263 29263 I ImeTracker: com.safebank.ai:311c5481: onCancelled at PHASE_CLIENT_APPLY_ANIMATION
[2026-06-14T09:19:53.591Z] [ALL] 06-14 14:49:50.633  1149  1280 I SurfaceFlinger: Current= 120, Period= 120, hwcPeriod= 120
[2026-06-14T09:19:53.625Z] [ALL] 06-14 14:49:50.670 28684 28729 I appium  : channel read: POST /session/96346e06-b795-4772-a936-71e77e178b18/element
[2026-06-14T09:19:53.627Z] [ALL] 06-14 14:49:50.673 28684 28729 I appium  : FindElement command
[2026-06-14T09:19:53.627Z] [ALL] 06-14 14:49:50.676 28684 28729 I appium  : method: '-android uiautomator', selector: 'new UiSelector().className("android.widget.EditText").instance(0)'
[2026-06-14T09:19:53.627Z] [ALL] 06-14 14:49:50.677 28684 28729 I appium  : Waiting up to 10000ms for the device to idle
[2026-06-14T09:19:53.701Z] [ALL] 06-14 14:49:50.764 28684 28729 I QueryController: Matched selector: UiSelector[CLASS=android.widget.EditText, INSTANCE=0] <<==>> [android.view.accessibility.AccessibilityNodeInfo@8ea1; boundsInParent: Rect(0, 0 - 0, 0); boundsInScreen: Rect(113, 1002 - 967, 1160); boundsInWindow: Rect(113, 1002 - 967, 1160); packageName: com.safebank.ai; className: android.widget.EditText; text: invalidemail; error: null; maxTextLength: -1; stateDescription: null; contentDescription: null; tooltipText: null; containerTitle: null; viewIdResName: null; uniqueId: null; checkable: false; checked: false; focusable: true; focused: false; selected: false; clickable: true; longClickable: true; contextClickable: false; enabled: true; password: false; scrollable: false; granularScrollingSupported: false; importantForAccessibility: true; visible: true; actions: [AccessibilityAction: ACTION_FOCUS - null, AccessibilityAction: ACTION_NEXT_AT_MOVEMENT_GRANULARITY - null, AccessibilityAction: ACTION_PREVIOUS_AT_MOVEMENT_GRANULARITY - null, AccessibilityAction: ACTION_ACCESSIBILITY_FOCUS - null, AccessibilityAction: ACTION_CLICK - null, AccessibilityAction: ACTION_LONG_CLICK - null, AccessibilityAction: ACTION_SET_TEXT - null, AccessibilityAction: ACTION_IME_ENTER - null, AccessibilityAction: ACTION_SET_SELECTION - null]; isTextSelectable: false]
[2026-06-14T09:19:53.707Z] [ALL] 06-14 14:49:50.773 28684 28729 I appium  : AppiumResponse: {"sessionId":"96346e06-b795-4772-a936-71e77e178b18","value":{"ELEMENT":"00000000-0000-00d4-0000-005600000004","element-6066-11e4-a52e-4f735466cecf":"00000000-0000-00d4-0000-005600000004"}}
[2026-06-14T09:19:53.736Z] [ALL] 06-14 14:49:50.802 28684 28729 I appium  : channel read: GET /session/96346e06-b795-4772-a936-71e77e178b18/element/00000000-0000-00d4-0000-005600000004/attribute/displayed
[2026-06-14T09:19:53.740Z] [ALL] 06-14 14:49:50.805 28684 28729 I appium  : GetElementAttribute command
[2026-06-14T09:19:53.770Z] [ALL] 06-14 14:49:50.814 28684 28729 I QueryController: Matched selector: UiSelector[CLASS=android.widget.EditText, INSTANCE=0] <<==>> [android.view.accessibility.AccessibilityNodeInfo@8ea1; boundsInParent: Rect(0, 0 - 0, 0); boundsInScreen: Rect(113, 1002 - 967, 1160); boundsInWindow: Rect(113, 1002 - 967, 1160); packageName: com.safebank.ai; className: android.widget.EditText; text: invalidemail; error: null; maxTextLength: -1; stateDescription: null; contentDescription: null; tooltipText: null; containerTitle: null; viewIdResName: null; uniqueId: null; checkable: false; checked: false; focusable: true; focused: false; selected: false; clickable: true; longClickable: true; contextClickable: false; enabled: true; password: false; scrollable: false; granularScrollingSupported: false; importantForAccessibility: true; visible: true; actions: [AccessibilityAction: ACTION_FOCUS - null, AccessibilityAction: ACTION_NEXT_AT_MOVEMENT_GRANULARITY - null, AccessibilityAction: ACTION_PREVIOUS_AT_MOVEMENT_GRANULARITY - null, AccessibilityAction: ACTION_ACCESSIBILITY_FOCUS - null, AccessibilityAction: ACTION_CLICK - null, AccessibilityAction: ACTION_LONG_CLICK - null, AccessibilityAction: ACTION_SET_TEXT - null, AccessibilityAction: ACTION_IME_ENTER - null, AccessibilityAction: ACTION_SET_SELECTION - null]; isTextSelectable: false]
[2026-06-14T09:19:53.781Z] [ALL] 06-14 14:49:50.815 28684 28729 D UiObject: Waiting 0ms for UiSelector[CLASS=android.widget.EditText, INSTANCE=0].
[2026-06-14T09:19:53.781Z] [ALL] 06-14 14:49:50.826 28684 28729 I QueryController: Matched selector: UiSelector[CLASS=android.widget.EditText, INSTANCE=0] <<==>> [android.view.accessibility.AccessibilityNodeInfo@8ea1; boundsInParent: Rect(0, 0 - 0, 0); boundsInScreen: Rect(113, 1002 - 967, 1160); boundsInWindow: Rect(113, 1002 - 967, 1160); packageName: com.safebank.ai; className: android.widget.EditText; text: invalidemail; error: null; maxTextLength: -1; stateDescription: null; contentDescription: null; tooltipText: null; containerTitle: null; viewIdResName: null; uniqueId: null; checkable: false; checked: false; focusable: true; focused: false; selected: false; clickable: true; longClickable: true; contextClickable: false; enabled: true; password: false; scrollable: false; granularScrollingSupported: false; importantForAccessibility: true; visible: true; actions: [AccessibilityAction: ACTION_FOCUS - null, AccessibilityAction: ACTION_NEXT_AT_MOVEMENT_GRANULARITY - null, AccessibilityAction: ACTION_PREVIOUS_AT_MOVEMENT_GRANULARITY - null, AccessibilityAction: ACTION_ACCESSIBILITY_FOCUS - null, AccessibilityAction: ACTION_CLICK - null, AccessibilityAction: ACTION_LONG_CLICK - null, AccessibilityAction: ACTION_SET_TEXT - null, AccessibilityAction: ACTION_IME_ENTER - null, AccessibilityAction: ACTION_SET_SELECTION - null]; isTextSelectable: false]
[2026-06-14T09:19:53.781Z] [ALL] 06-14 14:49:50.834 28684 28729 I QueryController: Matched selector: UiSelector[CLASS=android.widget.EditText, INSTANCE=0] <<==>> [android.view.accessibility.AccessibilityNodeInfo@8ea1; boundsInParent: Rect(0, 0 - 0, 0); boundsInScreen: Rect(113, 1002 - 967, 1160); boundsInWindow: Rect(113, 1002 - 967, 1160); packageName: com.safebank.ai; className: android.widget.EditText; text: invalidemail; error: null; maxTextLength: -1; stateDescription: null; contentDescription: null; tooltipText: null; containerTitle: null; viewIdResName: null; uniqueId: null; checkable: false; checked: false; focusable: true; focused: false; selected: false; clickable: true; longClickable: true; contextClickable: false; enabled: true; password: false; scrollable: false; granularScrollingSupported: false; importantForAccessibility: true; visible: true; actions: [AccessibilityAction: ACTION_FOCUS - null, AccessibilityAction: ACTION_NEXT_AT_MOVEMENT_GRANULARITY - null, AccessibilityAction: ACTION_PREVIOUS_AT_MOVEMENT_GRANULARITY - null, AccessibilityAction: ACTION_ACCESSIBILITY_FOCUS - null, AccessibilityAction: ACTION_CLICK - null, AccessibilityAction: ACTION_LONG_CLICK - null, AccessibilityAction: ACTION_SET_TEXT - null, AccessibilityAction: ACTION_IME_ENTER - null, AccessibilityAction: ACTION_SET_SELECTION - null]; isTextSelectable: false]
[2026-06-14T09:19:53.781Z] [ALL] 06-14 14:49:50.837 28684 28729 I appium  : AppiumResponse: {"sessionId":"96346e06-b795-4772-a936-71e77e178b18","value":"true"}
[2026-06-14T09:19:53.814Z] [ALL] 06-14 14:49:50.872  1149  1322 D SurfaceFlinger: setDesiredMode 4633128672291736000 {mode={fps=60.00 Hz, modePtr={id=1, vsyncRate=60.00 Hz, peakRefreshRate=60.00 Hz}}, emitEvent=false, force=false}
[2026-06-14T09:19:53.822Z] [ALL] 06-14 14:49:50.874  1149  1280 I SurfaceFlinger: Current= 120, Period= 60, hwcPeriod= 120
[2026-06-14T09:19:53.822Z] [ALL] 06-14 14:49:50.875  1149  1280 I SurfaceFlinger: Current= 120, Period= 60, hwcPeriod= 120
[2026-06-14T09:19:53.822Z] [ALL] 06-14 14:49:50.877  1149  1149 I SurfaceFlinger: com.safebank.ai/com.safebank.ai.MainActivity$_29263#104426 voted ExplicitCategory with category: HighHint
[2026-06-14T09:19:53.822Z] [ALL] 06-14 14:49:50.877  1149  1149 I SurfaceFlinger: IdleFps - choose 60.00 Hz
[2026-06-14T09:19:53.822Z] [ALL] 06-14 14:49:50.878  1149  1149 D SurfaceFlinger: initiateModeChange 4633128672291736000 {mode={fps=60.00 Hz, modePtr={id=1, vsyncRate=60.00 Hz, peakRefreshRate=60.00 Hz}}, emitEvent=false, force=false}
[2026-06-14T09:19:53.822Z] [ALL] 06-14 14:49:50.878  1149  1149 I SurfaceFlinger: [4633128672291736000] ActiveConfigToHWC, ID : 4
[2026-06-14T09:19:53.822Z] [ALL] 06-14 14:49:50.880  1062 15192 D display : setActiveConfigWithConstraints:: PrimaryDisplay config(4)
[2026-06-14T09:19:53.822Z] [ALL] 06-14 14:49:50.880  1062 15192 I display : Current VRR MODE is 3
[2026-06-14T09:19:53.822Z] [ALL] 06-14 14:49:50.880  1062 15192 I display : setActiveConfigWithConstraints:: HFR match - config: 5, base: 4, try: 0
[2026-06-14T09:19:53.822Z] [ALL] 06-14 14:49:50.880  1062 15192 I display : setActiveConfigWithConstraints::update 1080x2340@60phs
[2026-06-14T09:19:53.822Z] [ALL] 06-14 14:49:50.881  1062 15192 I display : commit modeset : 1080x2340@60phs
[2026-06-14T09:19:53.825Z] [ALL] 06-14 14:49:50.888  1486  1515 I GestureDetector: handleMessage TAP
[2026-06-14T09:19:53.825Z] [ALL] 06-14 14:49:50.888  1486  1486 I GestureDetector: handleMessage TAP
[2026-06-14T09:19:53.828Z] [ALL] 06-14 14:49:50.893  1149  1317 D SurfaceFlinger: setDesiredMode 4633128672291736000 {mode={fps=120.00 Hz, modePtr={id=0, vsyncRate=120.00 Hz, peakRefreshRate=120.00 Hz}}, emitEvent=false, force=false}
[2026-06-14T09:19:53.844Z] [ALL] 06-14 14:49:50.899 28684 28729 I appium  : channel read: POST /session/96346e06-b795-4772-a936-71e77e178b18/element/00000000-0000-00d4-0000-005600000004/clear
[2026-06-14T09:19:53.844Z] [ALL] 06-14 14:49:50.900  1062 15192 W display : deliverWinConfigData:: commit modeset time (19 ms)
[2026-06-14T09:19:53.847Z] [ALL] 06-14 14:49:50.901 28684 28729 I appium  : Clear command
[2026-06-14T09:19:53.848Z] [ALL] 06-14 14:49:50.902  1062  1159 I display : [compareVsyncPeriod] set the lowest(mode:0) vsync 166 of display(0)
[2026-06-14T09:19:53.848Z] [ALL] 06-14 14:49:50.902  1062  1159 I display : getFpsForPerformance, performance table found using table(key:60, cpu:255)
[2026-06-14T09:19:53.848Z] [ALL] 06-14 14:49:50.902  1062  1159 I display : Set m2mMPP capacity(8) for fps(60)
[2026-06-14T09:19:53.848Z] [ALL] 06-14 14:49:50.902  1062  1159 I display : getFpsForPerformance, performance table found using table(key:60, cpu:255)
[2026-06-14T09:19:53.848Z] [ALL] 06-14 14:49:50.902  1062  1159 I display : Set Affinity config for fps(60) : cpuIDs : 255
[2026-06-14T09:19:53.848Z] [ALL] 06-14 14:49:50.902  1062  1159 I display : Set Affinity CPU ID : 0
[2026-06-14T09:19:53.848Z] [ALL] 06-14 14:49:50.902  1062  1159 I display : Set Affinity CPU ID : 1
[2026-06-14T09:19:53.848Z] [ALL] 06-14 14:49:50.902  1062  1159 I display : Set Affinity CPU ID : 2
[2026-06-14T09:19:53.848Z] [ALL] 06-14 14:49:50.902  1062  1159 I display : Set Affinity CPU ID : 3
[2026-06-14T09:19:53.848Z] [ALL] 06-14 14:49:50.902  1062  1159 I display : Set Affinity CPU ID : 4
[2026-06-14T09:19:53.848Z] [ALL] 06-14 14:49:50.902  1062  1159 I display : Set Affinity CPU ID : 5
[2026-06-14T09:19:53.848Z] [ALL] 06-14 14:49:50.902  1062  1159 I display : Set Affinity CPU ID : 6
[2026-06-14T09:19:53.848Z] [ALL] 06-14 14:49:50.902  1062  1159 I display : Set Affinity CPU ID : 7
[2026-06-14T09:19:53.848Z] [ALL] 06-14 14:49:50.902  1062  1159 I display : Set affinity HWC : 1062
[2026-06-14T09:19:53.848Z] [ALL] 06-14 14:49:50.902  1149  1149 D SurfaceFlinger: GPIS:: requestGpisForSFSluggish
[2026-06-14T09:19:53.848Z] [ALL] 06-14 14:49:50.902  1062  1159 I display : CPU set : Cluster(0), min_clock(0)
[2026-06-14T09:19:53.848Z] [ALL] 06-14 14:49:50.902  1062  1159 I display : CPU set : Cluster(1), min_clock(0)
[2026-06-14T09:19:53.848Z] [ALL] 06-14 14:49:50.903  1062  1159 I display : CPU set : Cluster(2), min_clock(0)
[2026-06-14T09:19:53.848Z] [ALL] 06-14 14:49:50.903  1149  1149 I SurfaceFlinger: finalizeDisplayModeChange 4633128672291736000
[2026-06-14T09:19:53.848Z] [ALL] 06-14 14:49:50.904  1149  1280 I SurfaceFlinger: Current= 120, Period= 60, hwcPeriod= 60
[2026-06-14T09:19:53.848Z] [ALL] 06-14 14:49:50.904  1149  1149 I SurfaceFlinger: com.safebank.ai/com.safebank.ai.MainActivity$_29263#104426 voted ExplicitCategory with category: HighHint
[2026-06-14T09:19:53.848Z] [ALL] 06-14 14:49:50.904  1149  1149 I SurfaceFlinger: Touch Control - choose 120.00 Hz
[2026-06-14T09:19:53.848Z] [ALL] 06-14 14:49:50.906  1149  1149 D SurfaceFlinger: initiateModeChange 4633128672291736000 {mode={fps=120.00 Hz, modePtr={id=0, vsyncRate=120.00 Hz, peakRefreshRate=120.00 Hz}}, emitEvent=false, force=false}
[2026-06-14T09:19:53.848Z] [ALL] 06-14 14:49:50.906  1149  1149 I SurfaceFlinger: [4633128672291736000] ActiveConfigToHWC, ID : 3
[2026-06-14T09:19:53.848Z] [ALL] 06-14 14:49:50.909  1062 15192 D display : setActiveConfigWithConstraints:: PrimaryDisplay config(3)
[2026-06-14T09:19:53.848Z] [ALL] 06-14 14:49:50.909  1062 15192 I display : Current VRR MODE is 3
[2026-06-14T09:19:53.848Z] [ALL] 06-14 14:49:50.909  1062 15192 I display : setActiveConfigWithConstraints:: HFR match - config: 3, base: 3, try: 1
[2026-06-14T09:19:53.848Z] [ALL] 06-14 14:49:50.909  1062 15192 I display : setActiveConfigWithConstraints::update 1080x2340@120hs
[2026-06-14T09:19:53.852Z] [ALL] 06-14 14:49:50.912 28684 28729 I QueryController: Matched selector: UiSelector[CLASS=android.widget.EditText, INSTANCE=0] <<==>> [android.view.accessibility.AccessibilityNodeInfo@8ea1; boundsInParent: Rect(0, 0 - 0, 0); boundsInScreen: Rect(113, 1002 - 967, 1160); boundsInWindow: Rect(113, 1002 - 967, 1160); packageName: com.safebank.ai; className: android.widget.EditText; text: invalidemail; error: null; maxTextLength: -1; stateDescription: null; contentDescription: null; tooltipText: null; containerTitle: null; viewIdResName: null; uniqueId: null; checkable: false; checked: false; focusable: true; focused: false; selected: false; clickable: true; longClickable: true; contextClickable: false; enabled: true; password: false; scrollable: false; granularScrollingSupported: false; importantForAccessibility: true; visible: true; actions: [AccessibilityAction: ACTION_FOCUS - null, AccessibilityAction: ACTION_NEXT_AT_MOVEMENT_GRANULARITY - null, AccessibilityAction: ACTION_PREVIOUS_AT_MOVEMENT_GRANULARITY - null, AccessibilityAction: ACTION_ACCESSIBILITY_FOCUS - null, AccessibilityAction: ACTION_CLICK - null, AccessibilityAction: ACTION_LONG_CLICK - null, AccessibilityAction: ACTION_SET_TEXT - null, AccessibilityAction: ACTION_IME_ENTER - null, AccessibilityAction: ACTION_SET_SELECTION - null]; isTextSelectable: false]
[2026-06-14T09:19:53.854Z] [ALL] 06-14 14:49:50.916  1062 15192 I display : commit modeset : 1080x2340@120hs
[2026-06-14T09:19:53.865Z] [ALL] 06-14 14:49:50.930 28684 28729 I QueryController: Matched selector: UiSelector[CLASS=android.widget.EditText, INSTANCE=0] <<==>> [android.view.accessibility.AccessibilityNodeInfo@8ea1; boundsInParent: Rect(0, 0 - 0, 0); boundsInScreen: Rect(113, 1002 - 967, 1160); boundsInWindow: Rect(113, 1002 - 967, 1160); packageName: com.safebank.ai; className: android.widget.EditText; text: invalidemail; error: null; maxTextLength: -1; stateDescription: null; contentDescription: null; tooltipText: null; containerTitle: null; viewIdResName: null; uniqueId: null; checkable: false; checked: false; focusable: true; focused: false; selected: false; clickable: true; longClickable: true; contextClickable: false; enabled: true; password: false; scrollable: false; granularScrollingSupported: false; importantForAccessibility: true; visible: true; actions: [AccessibilityAction: ACTION_FOCUS - null, AccessibilityAction: ACTION_NEXT_AT_MOVEMENT_GRANULARITY - null, AccessibilityAction: ACTION_PREVIOUS_AT_MOVEMENT_GRANULARITY - null, AccessibilityAction: ACTION_ACCESSIBILITY_FOCUS - null, AccessibilityAction: ACTION_CLICK - null, AccessibilityAction: ACTION_LONG_CLICK - null, AccessibilityAction: ACTION_SET_TEXT - null, AccessibilityAction: ACTION_IME_ENTER - null, AccessibilityAction: ACTION_SET_SELECTION - null]; isTextSelectable: false]
[2026-06-14T09:19:53.865Z] [ALL] 06-14 14:49:50.930 28684 28729 D UiObject: Setting text to ''.
[2026-06-14T09:19:53.867Z] [ALL] 06-14 14:49:50.932  1486  1604 D PowerManagerService: [api] userActivity : accessibility (uid: 1000 pid: 1486) <- performAccessibilityAction() in com.android.server.accessibility.AbstractAccessibilityServiceConnection:220 displayId=0 eventTime=179605321
[2026-06-14T09:19:53.875Z] [ALL] 06-14 14:49:50.933  1062 15192 W display : deliverWinConfigData:: commit modeset time (17 ms)
[2026-06-14T09:19:53.875Z] [ALL] 06-14 14:49:50.935  1062  1159 I display : [compareVsyncPeriod] set the lowest(mode:0) vsync 83 of display(0)
[2026-06-14T09:19:53.875Z] [ALL] 06-14 14:49:50.935  1062  1159 I display : getFpsForPerformance, performance table found using table(key:120, cpu:255)
[2026-06-14T09:19:53.875Z] [ALL] 06-14 14:49:50.935  1062  1159 I display : Set m2mMPP capacity(4) for fps(120)
[2026-06-14T09:19:53.875Z] [ALL] 06-14 14:49:50.935  1062  1159 I display : getFpsForPerformance, performance table found using table(key:120, cpu:255)
[2026-06-14T09:19:53.875Z] [ALL] 06-14 14:49:50.935  1062  1159 I display : Set Affinity config for fps(120) : cpuIDs : 255
[2026-06-14T09:19:53.875Z] [ALL] 06-14 14:49:50.935  1062  1159 I display : Set Affinity CPU ID : 0
[2026-06-14T09:19:53.875Z] [ALL] 06-14 14:49:50.935  1062  1159 I display : Set Affinity CPU ID : 1
[2026-06-14T09:19:53.875Z] [ALL] 06-14 14:49:50.935  1062  1159 I display : Set Affinity CPU ID : 2
[2026-06-14T09:19:53.875Z] [ALL] 06-14 14:49:50.935  1062  1159 I display : Set Affinity CPU ID : 3
[2026-06-14T09:19:53.875Z] [ALL] 06-14 14:49:50.935  1062  1159 I display : Set Affinity CPU ID : 4
[2026-06-14T09:19:53.875Z] [ALL] 06-14 14:49:50.935  1062  1159 I display : Set Affinity CPU ID : 5
[2026-06-14T09:19:53.875Z] [ALL] 06-14 14:49:50.935  1062  1159 I display : Set Affinity CPU ID : 6
[2026-06-14T09:19:53.875Z] [ALL] 06-14 14:49:50.935  1062  1159 I display : Set Affinity CPU ID : 7
[2026-06-14T09:19:53.875Z] [ALL] 06-14 14:49:50.935  1062  1159 I display : Set affinity HWC : 1062
[2026-06-14T09:19:53.875Z] [ALL] 06-14 14:49:50.935  1062  1159 I display : CPU set : Cluster(0), min_clock(0)
[2026-06-14T09:19:53.875Z] [ALL] 06-14 14:49:50.935  1062  1159 I display : CPU set : Cluster(1), min_clock(0)
[2026-06-14T09:19:53.875Z] [ALL] 06-14 14:49:50.935  1062  1159 I display : CPU set : Cluster(2), min_clock(0)
[2026-06-14T09:19:53.875Z] [ALL] 06-14 14:49:50.935  1149  1149 I SurfaceFlinger: finalizeDisplayModeChange 4633128672291736000
[2026-06-14T09:19:53.879Z] [ALL] 06-14 14:49:50.939 28684 28729 I appium  : AppiumResponse: {"sessionId":"96346e06-b795-4772-a936-71e77e178b18","value":null}
[2026-06-14T09:19:53.879Z] [ALL] 06-14 14:49:50.943  1149  1280 I SurfaceFlinger: Current= 60, Period= 120, hwcPeriod= 120
[2026-06-14T09:19:53.940Z] [ALL] 06-14 14:49:51.006 28684 28729 I appium  : channel read: POST /session/96346e06-b795-4772-a936-71e77e178b18/element/00000000-0000-00d4-0000-005600000004/value
[2026-06-14T09:19:53.947Z] [ALL] 06-14 14:49:51.009 28684 28729 I appium  : SendKeysToElement command
[2026-06-14T09:19:53.977Z] [ALL] 06-14 14:49:51.040 28684 28729 I QueryController: Matched selector: UiSelector[CLASS=android.widget.EditText, INSTANCE=0] <<==>> [android.view.accessibility.AccessibilityNodeInfo@8ea1; boundsInParent: Rect(0, 0 - 0, 0); boundsInScreen: Rect(113, 1002 - 967, 1160); boundsInWindow: Rect(113, 1002 - 967, 1160); packageName: com.safebank.ai; className: android.widget.EditText; text: invalidemail; error: null; maxTextLength: -1; stateDescription: null; contentDescription: null; tooltipText: null; containerTitle: null; viewIdResName: null; uniqueId: null; checkable: false; checked: false; focusable: true; focused: false; selected: false; clickable: true; longClickable: true; contextClickable: false; enabled: true; password: false; scrollable: false; granularScrollingSupported: false; importantForAccessibility: true; visible: true; actions: [AccessibilityAction: ACTION_FOCUS - null, AccessibilityAction: ACTION_NEXT_AT_MOVEMENT_GRANULARITY - null, AccessibilityAction: ACTION_PREVIOUS_AT_MOVEMENT_GRANULARITY - null, AccessibilityAction: ACTION_ACCESSIBILITY_FOCUS - null, AccessibilityAction: ACTION_CLICK - null, AccessibilityAction: ACTION_LONG_CLICK - null, AccessibilityAction: ACTION_SET_TEXT - null, AccessibilityAction: ACTION_IME_ENTER - null, AccessibilityAction: ACTION_SET_SELECTION - null]; isTextSelectable: false]
[2026-06-14T09:19:54.030Z] [ALL] 06-14 14:49:51.056 28684 28729 I QueryController: Matched selector: UiSelector[CLASS=android.widget.EditText, INSTANCE=0] <<==>> [android.view.accessibility.AccessibilityNodeInfo@8ea1; boundsInParent: Rect(0, 0 - 0, 0); boundsInScreen: Rect(113, 1002 - 967, 1161); boundsInWindow: Rect(113, 1002 - 967, 1161); packageName: com.safebank.ai; className: android.widget.EditText; text: ; error: null; maxTextLength: -1; stateDescription: null; contentDescription: null; tooltipText: null; containerTitle: null; viewIdResName: null; uniqueId: null; checkable: false; checked: false; focusable: true; focused: false; selected: false; clickable: true; longClickable: true; contextClickable: false; enabled: true; password: false; scrollable: false; granularScrollingSupported: false; importantForAccessibility: true; visible: true; actions: [AccessibilityAction: ACTION_FOCUS - null, AccessibilityAction: ACTION_ACCESSIBILITY_FOCUS - null, AccessibilityAction: ACTION_CLICK - null, AccessibilityAction: ACTION_LONG_CLICK - null, AccessibilityAction: ACTION_SET_TEXT - null, AccessibilityAction: ACTION_IME_ENTER - null]; isTextSelectable: false]
[2026-06-14T09:19:54.036Z] [ALL] 06-14 14:49:51.063 29263 29263 I BLASTBufferQueue_Java: update, w= 194 h= 206 mName = VRI[Pop-up window]@7d6829c mNativeObject= 0xb400006f633ba5d0 sc.mNativeObject= 0xb400006e6327abd0 format= -3 caller= android.view.ViewRootImpl.updateBlastSurfaceIfNeeded:3592 android.view.ViewRootImpl.relayoutWindow:11813 android.view.ViewRootImpl.performTraversals:4840 android.view.ViewRootImpl.doTraversal:3959 android.view.ViewRootImpl$TraversalRunnable.run:13034 android.view.Choreographer$CallbackRecord.run:1961 
[2026-06-14T09:19:54.036Z] [ALL] 06-14 14:49:51.063 29263 29263 I VRI[Pop-up window]@7d6829c: Relayout returned: old=(212,1330,270,1400) new=(212,1335,270,1405) relayoutAsync=true req=(58,70)0 dur=0 res=0x0 s={true 0xb400006ec32bf530} ch=false seqId=0
[2026-06-14T09:19:54.036Z] [ALL] 06-14 14:49:51.064 29263 29263 I VRI[Pop-up window]@7d6829c: registerCallbackForPendingTransactions
[2026-06-14T09:19:54.036Z] [ALL] 06-14 14:49:51.064  1486  4349 I WindowManager: Relayout Window{fda589b u0 Pop-up window}: viewVisibility=0 req=58x70 ty=1002 d0
[2026-06-14T09:19:54.036Z] [ALL] 06-14 14:49:51.064 29263 29322 I VRI[Pop-up window]@7d6829c: mWNT: t=0xb400006e032c6d00 mBlastBufferQueue=0xb400006f633ba5d0 fn= 25 HdrRenderState mRenderHdrSdrRatio=1.0 caller= android.view.ViewRootImpl$10.onFrameDraw:6615 android.view.ViewRootImpl$4.onFrameDraw:2485 android.view.ThreadedRenderer$1.onFrameDraw:751 
[2026-06-14T09:19:54.036Z] [ALL] 06-14 14:49:51.065  1486  4349 I WindowManager: Relayout hash=fda589b, pid=0, syncId=-1: mAttrs={(212,1335)(58x70) gr=TOP START CENTER sim={adjust=pan} ty=APPLICATION_SUB_PANEL fmt=TRANSLUCENT surfaceInsets=Rect(68, 68 - 68, 68)
[2026-06-14T09:19:54.036Z] [ALL] 06-14 14:49:51.065  1486  4349 I WindowManager:   fl=1040208
[2026-06-14T09:19:54.036Z] [ALL] 06-14 14:49:51.065  1486  4349 I WindowManager:   pfl=40000000
[2026-06-14T09:19:54.036Z] [ALL] 06-14 14:49:51.065  1486  4349 I WindowManager:   bhv=1
[2026-06-14T09:19:54.036Z] [ALL] 06-14 14:49:51.065  1486  4349 I WindowManager:   fitTypes=107
[2026-06-14T09:19:54.036Z] [ALL] 06-14 14:49:51.065  1486  4349 I WindowManager:   frameRateBoostOnTouch=true
[2026-06-14T09:19:54.036Z] [ALL] 06-14 14:49:51.065  1486  4349 I WindowManager:   dvrrWindowFrameRateHint=true naviIconColor=0}
[2026-06-14T09:19:54.036Z] [ALL] 06-14 14:49:51.081 29263 29263 I BLASTBufferQueue_Java: update, w= 194 h= 206 mName = VRI[Pop-up window]@7d6829c mNativeObject= 0xb400006f633ba5d0 sc.mNativeObject= 0xb400006e6327abd0 format= -3 caller= android.view.ViewRootImpl.updateBlastSurfaceIfNeeded:3592 android.view.ViewRootImpl.relayoutWindow:11813 android.view.ViewRootImpl.performTraversals:4840 android.view.ViewRootImpl.doTraversal:3959 android.view.ViewRootImpl$TraversalRunnable.run:13034 android.view.Choreographer$CallbackRecord.run:1961 
[2026-06-14T09:19:54.036Z] [ALL] 06-14 14:49:51.082 29263 29263 I VRI[Pop-up window]@7d6829c: Relayout returned: old=(212,1335,270,1405) new=(212,1336,270,1406) relayoutAsync=true req=(58,70)0 dur=0 res=0x0 s={true 0xb400006ec32bf530} ch=false seqId=0
[2026-06-14T09:19:54.036Z] [ALL] 06-14 14:49:51.082  1486  4349 I WindowManager: Relayout Window{fda589b u0 Pop-up window}: viewVisibility=0 req=58x70 ty=1002 d0
[2026-06-14T09:19:54.036Z] [ALL] 06-14 14:49:51.082 29263 29263 I VRI[Pop-up window]@7d6829c: registerCallbackForPendingTransactions
[2026-06-14T09:19:54.037Z] [ALL] 06-14 14:49:51.084 29263 29321 I VRI[Pop-up window]@7d6829c: mWNT: t=0xb400006e032ba3d0 mBlastBufferQueue=0xb400006f633ba5d0 fn= 26 HdrRenderState mRenderHdrSdrRatio=1.0 caller= android.view.ViewRootImpl$10.onFrameDraw:6615 android.view.ViewRootImpl$4.onFrameDraw:2485 android.view.ThreadedRenderer$1.onFrameDraw:751 
[2026-06-14T09:19:54.037Z] [ALL] 06-14 14:49:51.087  1486  4349 I WindowManager: Relayout hash=fda589b, pid=0, syncId=-1: mAttrs={(212,1336)(58x70) gr=TOP START CENTER sim={adjust=pan} ty=APPLICATION_SUB_PANEL fmt=TRANSLUCENT surfaceInsets=Rect(68, 68 - 68, 68)
[2026-06-14T09:19:54.037Z] [ALL] 06-14 14:49:51.087  1486  4349 I WindowManager:   fl=1040208
[2026-06-14T09:19:54.037Z] [ALL] 06-14 14:49:51.087  1486  4349 I WindowManager:   pfl=40000000
[2026-06-14T09:19:54.037Z] [ALL] 06-14 14:49:51.087  1486  4349 I WindowManager:   bhv=1
[2026-06-14T09:19:54.037Z] [ALL] 06-14 14:49:51.087  1486  4349 I WindowManager:   fitTypes=107
[2026-06-14T09:19:54.037Z] [ALL] 06-14 14:49:51.087  1486  4349 I WindowManager:   frameRateBoostOnTouch=true
[2026-06-14T09:19:54.037Z] [ALL] 06-14 14:49:51.087  1486  4349 I WindowManager:   dvrrWindowFrameRateHint=true naviIconColor=0}
[2026-06-14T09:19:54.037Z] [ALL] 06-14 14:49:51.088 28684 28729 I QueryController: Matched selector: UiSelector[CLASS=android.widget.EditText, INSTANCE=0] <<==>> [android.view.accessibility.AccessibilityNodeInfo@8ea1; boundsInParent: Rect(0, 0 - 0, 0); boundsInScreen: Rect(113, 1002 - 967, 1161); boundsInWindow: Rect(113, 1002 - 967, 1161); packageName: com.safebank.ai; className: android.widget.EditText; text: ; error: null; maxTextLength: -1; stateDescription: null; contentDescription: null; tooltipText: null; containerTitle: null; viewIdResName: null; uniqueId: null; checkable: false; checked: false; focusable: true; focused: false; selected: false; clickable: true; longClickable: true; contextClickable: false; enabled: true; password: false; scrollable: false; granularScrollingSupported: false; importantForAccessibility: true; visible: true; actions: [AccessibilityAction: ACTION_FOCUS - null, AccessibilityAction: ACTION_ACCESSIBILITY_FOCUS - null, AccessibilityAction: ACTION_CLICK - null, AccessibilityAction: ACTION_LONG_CLICK - null, AccessibilityAction: ACTION_SET_TEXT - null, AccessibilityAction: ACTION_IME_ENTER - null]; isTextSelectable: false]
[2026-06-14T09:19:54.037Z] [ALL] 06-14 14:49:51.098 28684 28729 I QueryController: Matched selector: UiSelector[CLASS=android.widget.EditText, INSTANCE=0] <<==>> [android.view.accessibility.AccessibilityNodeInfo@8ea1; boundsInParent: Rect(0, 0 - 0, 0); boundsInScreen: Rect(113, 1002 - 967, 1161); boundsInWindow: Rect(113, 1002 - 967, 1161); packageName: com.safebank.ai; className: android.widget.EditText; text: ; error: null; maxTextLength: -1; stateDescription: null; contentDescription: null; tooltipText: null; containerTitle: null; viewIdResName: null; uniqueId: null; checkable: false; checked: false; focusable: true; focused: false; selected: false; clickable: true; longClickable: true; contextClickable: false; enabled: true; password: false; scrollable: false; granularScrollingSupported: false; importantForAccessibility: true; visible: true; actions: [AccessibilityAction: ACTION_FOCUS - null, AccessibilityAction: ACTION_ACCESSIBILITY_FOCUS - null, AccessibilityAction: ACTION_CLICK - null, AccessibilityAction: ACTION_LONG_CLICK - null, AccessibilityAction: ACTION_SET_TEXT - null, AccessibilityAction: ACTION_IME_ENTER - null]; isTextSelectable: false]
[2026-06-14T09:19:54.041Z] [ALL] 06-14 14:49:51.105 29263 29263 I BLASTBufferQueue_Java: update, w= 194 h= 206 mName = VRI[Pop-up window]@7d6829c mNativeObject= 0xb400006f633ba5d0 sc.mNativeObject= 0xb400006e6327abd0 format= -3 caller= android.view.ViewRootImpl.updateBlastSurfaceIfNeeded:3592 android.view.ViewRootImpl.relayoutWindow:11813 android.view.ViewRootImpl.performTraversals:4840 android.view.ViewRootImpl.doTraversal:3959 android.view.ViewRootImpl$TraversalRunnable.run:13034 android.view.Choreographer$CallbackRecord.run:1961 
[2026-06-14T09:19:54.041Z] [ALL] 06-14 14:49:51.105 29263 29263 I VRI[Pop-up window]@7d6829c: Relayout returned: old=(212,1336,270,1406) new=(212,1333,270,1403) relayoutAsync=true req=(58,70)0 dur=0 res=0x0 s={true 0xb400006ec32bf530} ch=false seqId=0
[2026-06-14T09:19:54.041Z] [ALL] 06-14 14:49:51.105  1486  4349 I WindowManager: Relayout Window{fda589b u0 Pop-up window}: viewVisibility=0 req=58x70 ty=1002 d0
[2026-06-14T09:19:54.041Z] [ALL] 06-14 14:49:51.105 29263 29263 I VRI[Pop-up window]@7d6829c: registerCallbackForPendingTransactions
[2026-06-14T09:19:54.043Z] [ALL] 06-14 14:49:51.107 29263 29322 I VRI[Pop-up window]@7d6829c: mWNT: t=0xb400006e032baf60 mBlastBufferQueue=0xb400006f633ba5d0 fn= 27 HdrRenderState mRenderHdrSdrRatio=1.0 caller= android.view.ViewRootImpl$10.onFrameDraw:6615 android.view.ViewRootImpl$4.onFrameDraw:2485 android.view.ThreadedRenderer$1.onFrameDraw:751 
[2026-06-14T09:19:54.045Z] [ALL] 06-14 14:49:51.111  1486  4349 I WindowManager: Relayout hash=fda589b, pid=0, syncId=-1: mAttrs={(212,1333)(58x70) gr=TOP START CENTER sim={adjust=pan} ty=APPLICATION_SUB_PANEL fmt=TRANSLUCENT surfaceInsets=Rect(68, 68 - 68, 68)
[2026-06-14T09:19:54.045Z] [ALL] 06-14 14:49:51.111  1486  4349 I WindowManager:   fl=1040208
[2026-06-14T09:19:54.045Z] [ALL] 06-14 14:49:51.111  1486  4349 I WindowManager:   pfl=40000000
[2026-06-14T09:19:54.045Z] [ALL] 06-14 14:49:51.111  1486  4349 I WindowManager:   bhv=1
[2026-06-14T09:19:54.045Z] [ALL] 06-14 14:49:51.111  1486  4349 I WindowManager:   fitTypes=107
[2026-06-14T09:19:54.045Z] [ALL] 06-14 14:49:51.111  1486  4349 I WindowManager:   frameRateBoostOnTouch=true
[2026-06-14T09:19:54.045Z] [ALL] 06-14 14:49:51.111  1486  4349 I WindowManager:   dvrrWindowFrameRateHint=true naviIconColor=0}
[2026-06-14T09:19:54.054Z] [ALL] 06-14 14:49:51.118  3653  3653 I wpa_supplicant: Heartbeat 5730
[2026-06-14T09:19:54.056Z] [ALL] 06-14 14:49:51.120 29263 29263 I BLASTBufferQueue_Java: update, w= 194 h= 206 mName = VRI[Pop-up window]@7d6829c mNativeObject= 0xb400006f633ba5d0 sc.mNativeObject= 0xb400006e6327abd0 format= -3 caller= android.view.ViewRootImpl.updateBlastSurfaceIfNeeded:3592 android.view.ViewRootImpl.relayoutWindow:11813 android.view.ViewRootImpl.performTraversals:4840 android.view.ViewRootImpl.doTraversal:3959 android.view.ViewRootImpl$TraversalRunnable.run:13034 android.view.Choreographer$CallbackRecord.run:1961 
[2026-06-14T09:19:54.056Z] [ALL] 06-14 14:49:51.120 29263 29263 I VRI[Pop-up window]@7d6829c: Relayout returned: old=(212,1333,270,1403) new=(212,1331,270,1401) relayoutAsync=true req=(58,70)0 dur=0 res=0x0 s={true 0xb400006ec32bf530} ch=false seqId=0
[2026-06-14T09:19:54.056Z] [ALL] 06-14 14:49:51.121 29263 29263 I VRI[Pop-up window]@7d6829c: registerCallbackForPendingTransactions
[2026-06-14T09:19:54.056Z] [ALL] 06-14 14:49:51.122  1486  3014 I WindowManager: Relayout Window{fda589b u0 Pop-up window}: viewVisibility=0 req=58x70 ty=1002 d0
[2026-06-14T09:19:54.056Z] [ALL] 06-14 14:49:51.122 29263 29321 I VRI[Pop-up window]@7d6829c: mWNT: t=0xb400006e032b6c50 mBlastBufferQueue=0xb400006f633ba5d0 fn= 28 HdrRenderState mRenderHdrSdrRatio=1.0 caller= android.view.ViewRootImpl$10.onFrameDraw:6615 android.view.ViewRootImpl$4.onFrameDraw:2485 android.view.ThreadedRenderer$1.onFrameDraw:751 
[2026-06-14T09:19:54.090Z] [ALL] 06-14 14:49:51.127  1486  3014 I WindowManager: Relayout hash=fda589b, pid=0, syncId=-1: mAttrs={(212,1331)(58x70) gr=TOP START CENTER sim={adjust=pan} ty=APPLICATION_SUB_PANEL fmt=TRANSLUCENT surfaceInsets=Rect(68, 68 - 68, 68)
[2026-06-14T09:19:54.090Z] [ALL] 06-14 14:49:51.127  1486  3014 I WindowManager:   fl=1040208
[2026-06-14T09:19:54.090Z] [ALL] 06-14 14:49:51.127  1486  3014 I WindowManager:   pfl=40000000
[2026-06-14T09:19:54.090Z] [ALL] 06-14 14:49:51.127  1486  3014 I WindowManager:   bhv=1
[2026-06-14T09:19:54.090Z] [ALL] 06-14 14:49:51.127  1486  3014 I WindowManager:   fitTypes=107
[2026-06-14T09:19:54.090Z] [ALL] 06-14 14:49:51.127  1486  3014 I WindowManager:   frameRateBoostOnTouch=true
[2026-06-14T09:19:54.090Z] [ALL] 06-14 14:49:51.127  1486  3014 I WindowManager:   dvrrWindowFrameRateHint=true naviIconColor=0}
[2026-06-14T09:19:54.094Z] [ALL] 06-14 14:49:51.130 28684 28729 I appium  : AppiumResponse: {"sessionId":"96346e06-b795-4772-a936-71e77e178b18","value":null}
[2026-06-14T09:19:54.094Z] [ALL] 06-14 14:49:51.150 29263 29263 I BLASTBufferQueue_Java: update, w= 194 h= 206 mName = VRI[Pop-up window]@7d6829c mNativeObject= 0xb400006f633ba5d0 sc.mNativeObject= 0xb400006e6327abd0 format= -3 caller= android.view.ViewRootImpl.updateBlastSurfaceIfNeeded:3592 android.view.ViewRootImpl.relayoutWindow:11813 android.view.ViewRootImpl.performTraversals:4840 android.view.ViewRootImpl.doTraversal:3959 android.view.ViewRootImpl$TraversalRunnable.run:13034 android.view.Choreographer$CallbackRecord.run:1961 
[2026-06-14T09:19:54.094Z] [ALL] 06-14 14:49:51.150 29263 29263 I VRI[Pop-up window]@7d6829c: Relayout returned: old=(212,1331,270,1401) new=(212,1330,270,1400) relayoutAsync=true req=(58,70)0 dur=0 res=0x0 s={true 0xb400006ec32bf530} ch=false seqId=0
[2026-06-14T09:19:54.094Z] [ALL] 06-14 14:49:51.151  1486  3014 I WindowManager: Relayout Window{fda589b u0 Pop-up window}: viewVisibility=0 req=58x70 ty=1002 d0
[2026-06-14T09:19:54.094Z] [ALL] 06-14 14:49:51.151 29263 29263 I VRI[Pop-up window]@7d6829c: registerCallbackForPendingTransactions
[2026-06-14T09:19:54.094Z] [ALL] 06-14 14:49:51.153 29263 29322 I VRI[Pop-up window]@7d6829c: mWNT: t=0xb400006e032b42b0 mBlastBufferQueue=0xb400006f633ba5d0 fn= 29 HdrRenderState mRenderHdrSdrRatio=1.0 caller= android.view.ViewRootImpl$10.onFrameDraw:6615 android.view.ViewRootImpl$4.onFrameDraw:2485 android.view.ThreadedRenderer$1.onFrameDraw:751 
[2026-06-14T09:19:54.094Z] [ALL] 06-14 14:49:51.155  1486  3014 I WindowManager: Relayout hash=fda589b, pid=0, syncId=-1: mAttrs={(212,1330)(58x70) gr=TOP START CENTER sim={adjust=pan} ty=APPLICATION_SUB_PANEL fmt=TRANSLUCENT surfaceInsets=Rect(68, 68 - 68, 68)
[2026-06-14T09:19:54.094Z] [ALL] 06-14 14:49:51.155  1486  3014 I WindowManager:   fl=1040208
[2026-06-14T09:19:54.094Z] [ALL] 06-14 14:49:51.155  1486  3014 I WindowManager:   pfl=40000000
[2026-06-14T09:19:54.094Z] [ALL] 06-14 14:49:51.155  1486  3014 I WindowManager:   bhv=1
[2026-06-14T09:19:54.094Z] [ALL] 06-14 14:49:51.155  1486  3014 I WindowManager:   fitTypes=107
[2026-06-14T09:19:54.094Z] [ALL] 06-14 14:49:51.155  1486  3014 I WindowManager:   frameRateBoostOnTouch=true
[2026-06-14T09:19:54.094Z] [ALL] 06-14 14:49:51.155  1486  3014 I WindowManager:   dvrrWindowFrameRateHint=true naviIconColor=0}
[2026-06-14T09:19:54.105Z] [ALL] 06-14 14:49:51.165 29263 29263 I BLASTBufferQueue_Java: update, w= 194 h= 206 mName = VRI[Pop-up window]@7d6829c mNativeObject= 0xb400006f633ba5d0 sc.mNativeObject= 0xb400006e6327abd0 format= -3 caller= android.view.ViewRootImpl.updateBlastSurfaceIfNeeded:3592 android.view.ViewRootImpl.relayoutWindow:11813 android.view.ViewRootImpl.performTraversals:4840 android.view.ViewRootImpl.doTraversal:3959 android.view.ViewRootImpl$TraversalRunnable.run:13034 android.view.Choreographer$CallbackRecord.run:1961 
[2026-06-14T09:19:54.109Z] [ALL] 06-14 14:49:51.165 29263 29263 I VRI[Pop-up window]@7d6829c: Relayout returned: old=(212,1330,270,1400) new=(212,1335,270,1405) relayoutAsync=true req=(58,70)0 dur=0 res=0x0 s={true 0xb400006ec32bf530} ch=false seqId=0
[2026-06-14T09:19:54.109Z] [ALL] 06-14 14:49:51.165  1486  3014 I WindowManager: Relayout Window{fda589b u0 Pop-up window}: viewVisibility=0 req=58x70 ty=1002 d0
[2026-06-14T09:19:54.109Z] [ALL] 06-14 14:49:51.165 29263 29263 I VRI[Pop-up window]@7d6829c: registerCallbackForPendingTransactions
[2026-06-14T09:19:54.109Z] [ALL] 06-14 14:49:51.167 29263 29321 I VRI[Pop-up window]@7d6829c: mWNT: t=0xb400006e032b6310 mBlastBufferQueue=0xb400006f633ba5d0 fn= 30 HdrRenderState mRenderHdrSdrRatio=1.0 caller= android.view.ViewRootImpl$10.onFrameDraw:6615 android.view.ViewRootImpl$4.onFrameDraw:2485 android.view.ThreadedRenderer$1.onFrameDraw:751 
[2026-06-14T09:19:54.109Z] [ALL] 06-14 14:49:51.169  1486  3014 I WindowManager: Relayout hash=fda589b, pid=0, syncId=-1: mAttrs={(212,1335)(58x70) gr=TOP START CENTER sim={adjust=pan} ty=APPLICATION_SUB_PANEL fmt=TRANSLUCENT surfaceInsets=Rect(68, 68 - 68, 68)
[2026-06-14T09:19:54.109Z] [ALL] 06-14 14:49:51.169  1486  3014 I WindowManager:   fl=1040208
[2026-06-14T09:19:54.109Z] [ALL] 06-14 14:49:51.169  1486  3014 I WindowManager:   pfl=40000000
[2026-06-14T09:19:54.109Z] [ALL] 06-14 14:49:51.169  1486  3014 I WindowManager:   bhv=1
[2026-06-14T09:19:54.109Z] [ALL] 06-14 14:49:51.169  1486  3014 I WindowManager:   fitTypes=107
[2026-06-14T09:19:54.109Z] [ALL] 06-14 14:49:51.169  1486  3014 I WindowManager:   frameRateBoostOnTouch=true
[2026-06-14T09:19:54.109Z] [ALL] 06-14 14:49:51.169  1486  3014 I WindowManager:   dvrrWindowFrameRateHint=true naviIconColor=0}
[2026-06-14T09:19:54.117Z] [ALL] 06-14 14:49:51.178 29263 29263 I BLASTBufferQueue_Java: update, w= 194 h= 206 mName = VRI[Pop-up window]@7d6829c mNativeObject= 0xb400006f633ba5d0 sc.mNativeObject= 0xb400006e6327abd0 format= -3 caller= android.view.ViewRootImpl.updateBlastSurfaceIfNeeded:3592 android.view.ViewRootImpl.relayoutWindow:11813 android.view.ViewRootImpl.performTraversals:4840 android.view.ViewRootImpl.doTraversal:3959 android.view.ViewRootImpl$TraversalRunnable.run:13034 android.view.Choreographer$CallbackRecord.run:1961 
[2026-06-14T09:19:54.131Z] [ALL] 06-14 14:49:51.178 29263 29263 I VRI[Pop-up window]@7d6829c: Relayout returned: old=(212,1335,270,1405) new=(212,1336,270,1406) relayoutAsync=true req=(58,70)0 dur=0 res=0x0 s={true 0xb400006ec32bf530} ch=false seqId=0
[2026-06-14T09:19:54.131Z] [ALL] 06-14 14:49:51.178  1486  4349 I WindowManager: Relayout Window{fda589b u0 Pop-up window}: viewVisibility=0 req=58x70 ty=1002 d0
[2026-06-14T09:19:54.131Z] [ALL] 06-14 14:49:51.178 29263 29263 I VRI[Pop-up window]@7d6829c: registerCallbackForPendingTransactions
[2026-06-14T09:19:54.131Z] [ALL] 06-14 14:49:51.179 28684 28729 I appium  : channel read: POST /session/96346e06-b795-4772-a936-71e77e178b18/element
[2026-06-14T09:19:54.131Z] [ALL] 06-14 14:49:51.180 29263 29322 I VRI[Pop-up window]@7d6829c: mWNT: t=0xb400006e032bd460 mBlastBufferQueue=0xb400006f633ba5d0 fn= 31 HdrRenderState mRenderHdrSdrRatio=1.0 caller= android.view.ViewRootImpl$10.onFrameDraw:6615 android.view.ViewRootImpl$4.onFrameDraw:2485 android.view.ThreadedRenderer$1.onFrameDraw:751 
[2026-06-14T09:19:54.131Z] [ALL] 06-14 14:49:51.182 28684 28729 I appium  : FindElement command
[2026-06-14T09:19:54.131Z] [ALL] 06-14 14:49:51.184  1486  4349 I WindowManager: Relayout hash=fda589b, pid=0, syncId=-1: mAttrs={(212,1336)(58x70) gr=TOP START CENTER sim={adjust=pan} ty=APPLICATION_SUB_PANEL fmt=TRANSLUCENT surfaceInsets=Rect(68, 68 - 68, 68)
[2026-06-14T09:19:54.131Z] [ALL] 06-14 14:49:51.184  1486  4349 I WindowManager:   fl=1040208
[2026-06-14T09:19:54.131Z] [ALL] 06-14 14:49:51.184  1486  4349 I WindowManager:   pfl=40000000
[2026-06-14T09:19:54.131Z] [ALL] 06-14 14:49:51.184  1486  4349 I WindowManager:   bhv=1
[2026-06-14T09:19:54.131Z] [ALL] 06-14 14:49:51.184  1486  4349 I WindowManager:   fitTypes=107
[2026-06-14T09:19:54.131Z] [ALL] 06-14 14:49:51.184  1486  4349 I WindowManager:   frameRateBoostOnTouch=true
[2026-06-14T09:19:54.131Z] [ALL] 06-14 14:49:51.184  1486  4349 I WindowManager:   dvrrWindowFrameRateHint=true naviIconColor=0}
[2026-06-14T09:19:54.131Z] [ALL] 06-14 14:49:51.185 28684 28729 I appium  : method: 'xpath', selector: '//*[@resource-id="login_submit_btn" or @content-desc="login_submit_btn" or @text="Login" or @text="LOGIN"]'
[2026-06-14T09:19:54.131Z] [ALL] 06-14 14:49:51.185 28684 28729 I appium  : Waiting up to 10000ms for the device to idle
[2026-06-14T09:19:54.131Z] [ALL] 06-14 14:49:51.188 29263 29263 I BLASTBufferQueue_Java: update, w= 194 h= 206 mName = VRI[Pop-up window]@7d6829c mNativeObject= 0xb400006f633ba5d0 sc.mNativeObject= 0xb400006e6327abd0 format= -3 caller= android.view.ViewRootImpl.updateBlastSurfaceIfNeeded:3592 android.view.ViewRootImpl.relayoutWindow:11813 android.view.ViewRootImpl.performTraversals:4840 android.view.ViewRootImpl.doTraversal:3959 android.view.ViewRootImpl$TraversalRunnable.run:13034 android.view.Choreographer$CallbackRecord.run:1961 
[2026-06-14T09:19:54.131Z] [ALL] 06-14 14:49:51.188 29263 29263 I VRI[Pop-up window]@7d6829c: Relayout returned: old=(212,1336,270,1406) new=(212,1336,270,1406) relayoutAsync=true req=(58,70)0 dur=0 res=0x0 s={true 0xb400006ec32bf530} ch=false seqId=0
[2026-06-14T09:19:54.145Z] [ALL] 06-14 14:49:51.188  1486  4349 I WindowManager: Relayout Window{fda589b u0 Pop-up window}: viewVisibility=0 req=58x70 ty=1002 d0
[2026-06-14T09:19:54.145Z] [ALL] 06-14 14:49:51.188 29263 29263 I VRI[Pop-up window]@7d6829c: registerCallbackForPendingTransactions
[2026-06-14T09:19:54.145Z] [ALL] 06-14 14:49:51.188 28684 28729 I appium  : The following attributes will be included to the page source: [text, resource-id, content-desc]
[2026-06-14T09:19:54.145Z] [ALL] 06-14 14:49:51.190 29263 29321 I VRI[Pop-up window]@7d6829c: mWNT: t=0xb400006e0325c4b0 mBlastBufferQueue=0xb400006f633ba5d0 fn= 32 HdrRenderState mRenderHdrSdrRatio=1.0 caller= android.view.ViewRootImpl$10.onFrameDraw:6615 android.view.ViewRootImpl$4.onFrameDraw:2485 android.view.ThreadedRenderer$1.onFrameDraw:751 
[2026-06-14T09:19:54.145Z] [ALL] 06-14 14:49:51.190 29263 29280 I BLASTBufferQueue_Java: applyPendingTransactions, mName= VRI[Pop-up window]@7d6829c mNativeObject= 0xb400006f633ba5d0 frameNumber= 32 caller= android.view.ViewRootImpl$10.lambda$onFrameDraw$0:6629 android.view.ViewRootImpl$10.$r8$lambda$9Asgene6-vG9RkigzOD8vEb0AKc:0 android.view.ViewRootImpl$10$$ExternalSyntheticLambda0.onFrameCommit:0 android.view.ThreadedRenderer$1.lambda$onFrameDraw$0:763 android.view.ThreadedRenderer$1$$ExternalSyntheticLambda0.onFrameCommit:0 <bottom of call stack> 
[2026-06-14T09:19:54.145Z] [ALL] 06-14 14:49:51.192  1486  4349 I WindowManager: Relayout hash=fda589b, pid=0, syncId=-1: mAttrs={(212,1336)(58x70) gr=TOP START CENTER sim={adjust=pan} ty=APPLICATION_SUB_PANEL fmt=TRANSLUCENT surfaceInsets=Rect(68, 68 - 68, 68)
[2026-06-14T09:19:54.145Z] [ALL] 06-14 14:49:51.192  1486  4349 I WindowManager:   fl=1040208
[2026-06-14T09:19:54.145Z] [ALL] 06-14 14:49:51.192  1486  4349 I WindowManager:   pfl=40000000
[2026-06-14T09:19:54.145Z] [ALL] 06-14 14:49:51.192  1486  4349 I WindowManager:   bhv=1
[2026-06-14T09:19:54.145Z] [ALL] 06-14 14:49:51.192  1486  4349 I WindowManager:   fitTypes=107
[2026-06-14T09:19:54.145Z] [ALL] 06-14 14:49:51.192  1486  4349 I WindowManager:   frameRateBoostOnTouch=true
[2026-06-14T09:19:54.145Z] [ALL] 06-14 14:49:51.192  1486  4349 I WindowManager:   dvrrWindowFrameRateHint=true naviIconColor=0}
[2026-06-14T09:19:54.154Z] [ALL] 06-14 14:49:51.208 28684 28688 I tomator2.server: Method exceeds compiler instruction limit: 19260 in java_cup.runtime.Symbol org.eclipse.wst.xml.xpath2.processor.internal.CUP$XPathCup$actions.CUP$XPathCup$do_action(int, java_cup.runtime.lr_parser, java.util.Stack, int)
[2026-06-14T09:19:54.159Z] [ALL] 06-14 14:49:51.216 29263 29263 I BLASTBufferQueue_Java: update, w= 194 h= 206 mName = VRI[Pop-up window]@7d6829c mNativeObject= 0xb400006f633ba5d0 sc.mNativeObject= 0xb400006e6327abd0 format= -3 caller= android.view.ViewRootImpl.updateBlastSurfaceIfNeeded:3592 android.view.ViewRootImpl.relayoutWindow:11813 android.view.ViewRootImpl.performTraversals:4840 android.view.ViewRootImpl.doTraversal:3959 android.view.ViewRootImpl$TraversalRunnable.run:13034 android.view.Choreographer$CallbackRecord.run:1961 
[2026-06-14T09:19:54.159Z] [ALL] 06-14 14:49:51.216 29263 29263 I VRI[Pop-up window]@7d6829c: Relayout returned: old=(212,1336,270,1406) new=(212,1334,270,1404) relayoutAsync=true req=(58,70)0 dur=0 res=0x0 s={true 0xb400006ec32bf530} ch=false seqId=0
[2026-06-14T09:19:54.159Z] [ALL] 06-14 14:49:51.216  1486  4349 I WindowManager: Relayout Window{fda589b u0 Pop-up window}: viewVisibility=0 req=58x70 ty=1002 d0
[2026-06-14T09:19:54.159Z] [ALL] 06-14 14:49:51.216 29263 29263 I VRI[Pop-up window]@7d6829c: registerCallbackForPendingTransactions
[2026-06-14T09:19:54.159Z] [ALL] 06-14 14:49:51.217 29263 29322 I VRI[Pop-up window]@7d6829c: mWNT: t=0xb400006e0327aa50 mBlastBufferQueue=0xb400006f633ba5d0 fn= 32 HdrRenderState mRenderHdrSdrRatio=1.0 caller= android.view.ViewRootImpl$10.onFrameDraw:6615 android.view.ViewRootImpl$4.onFrameDraw:2485 android.view.ThreadedRenderer$1.onFrameDraw:751 
[2026-06-14T09:19:54.159Z] [ALL] 06-14 14:49:51.220  1486  4349 I WindowManager: Relayout hash=fda589b, pid=0, syncId=-1: mAttrs={(212,1334)(58x70) gr=TOP START CENTER sim={adjust=pan} ty=APPLICATION_SUB_PANEL fmt=TRANSLUCENT surfaceInsets=Rect(68, 68 - 68, 68)
[2026-06-14T09:19:54.159Z] [ALL] 06-14 14:49:51.220  1486  4349 I WindowManager:   fl=1040208
[2026-06-14T09:19:54.159Z] [ALL] 06-14 14:49:51.220  1486  4349 I WindowManager:   pfl=40000000
[2026-06-14T09:19:54.159Z] [ALL] 06-14 14:49:51.220  1486  4349 I WindowManager:   bhv=1
[2026-06-14T09:19:54.159Z] [ALL] 06-14 14:49:51.220  1486  4349 I WindowManager:   fitTypes=107
[2026-06-14T09:19:54.159Z] [ALL] 06-14 14:49:51.220  1486  4349 I WindowManager:   frameRateBoostOnTouch=true
[2026-06-14T09:19:54.159Z] [ALL] 06-14 14:49:51.220  1486  4349 I WindowManager:   dvrrWindowFrameRateHint=true naviIconColor=0}
[2026-06-14T09:19:54.172Z] [ALL] 06-14 14:49:51.227 29263 29263 I BLASTBufferQueue_Java: update, w= 194 h= 206 mName = VRI[Pop-up window]@7d6829c mNativeObject= 0xb400006f633ba5d0 sc.mNativeObject= 0xb400006e6327abd0 format= -3 caller= android.view.ViewRootImpl.updateBlastSurfaceIfNeeded:3592 android.view.ViewRootImpl.relayoutWindow:11813 android.view.ViewRootImpl.performTraversals:4840 android.view.ViewRootImpl.doTraversal:3959 android.view.ViewRootImpl$TraversalRunnable.run:13034 android.view.Choreographer$CallbackRecord.run:1961 
[2026-06-14T09:19:54.172Z] [ALL] 06-14 14:49:51.227 29263 29263 I VRI[Pop-up window]@7d6829c: Relayout returned: old=(212,1334,270,1404) new=(212,1333,270,1403) relayoutAsync=true req=(58,70)0 dur=0 res=0x0 s={true 0xb400006ec32bf530} ch=false seqId=0
[2026-06-14T09:19:54.172Z] [ALL] 06-14 14:49:51.227  1486  4349 I WindowManager: Relayout Window{fda589b u0 Pop-up window}: viewVisibility=0 req=58x70 ty=1002 d0
[2026-06-14T09:19:54.172Z] [ALL] 06-14 14:49:51.228 29263 29263 I VRI[Pop-up window]@7d6829c: registerCallbackForPendingTransactions
[2026-06-14T09:19:54.181Z] [ALL] 06-14 14:49:51.229 29263 29321 I VRI[Pop-up window]@7d6829c: mWNT: t=0xb400006e032bb1b0 mBlastBufferQueue=0xb400006f633ba5d0 fn= 33 HdrRenderState mRenderHdrSdrRatio=1.0 caller= android.view.ViewRootImpl$10.onFrameDraw:6615 android.view.ViewRootImpl$4.onFrameDraw:2485 android.view.ThreadedRenderer$1.onFrameDraw:751 
[2026-06-14T09:19:54.181Z] [ALL] 06-14 14:49:51.231  1486  4349 I WindowManager: Relayout hash=fda589b, pid=0, syncId=-1: mAttrs={(212,1333)(58x70) gr=TOP START CENTER sim={adjust=pan} ty=APPLICATION_SUB_PANEL fmt=TRANSLUCENT surfaceInsets=Rect(68, 68 - 68, 68)
[2026-06-14T09:19:54.181Z] [ALL] 06-14 14:49:51.231  1486  4349 I WindowManager:   fl=1040208
[2026-06-14T09:19:54.181Z] [ALL] 06-14 14:49:51.231  1486  4349 I WindowManager:   pfl=40000000
[2026-06-14T09:19:54.181Z] [ALL] 06-14 14:49:51.231  1486  4349 I WindowManager:   bhv=1
[2026-06-14T09:19:54.181Z] [ALL] 06-14 14:49:51.231  1486  4349 I WindowManager:   fitTypes=107
[2026-06-14T09:19:54.181Z] [ALL] 06-14 14:49:51.231  1486  4349 I WindowManager:   frameRateBoostOnTouch=true
[2026-06-14T09:19:54.181Z] [ALL] 06-14 14:49:51.231  1486  4349 I WindowManager:   dvrrWindowFrameRateHint=true naviIconColor=0}
[2026-06-14T09:19:54.212Z] [ALL] 06-14 14:49:51.243 29263 29263 I BLASTBufferQueue_Java: update, w= 194 h= 206 mName = VRI[Pop-up window]@7d6829c mNativeObject= 0xb400006f633ba5d0 sc.mNativeObject= 0xb400006e6327abd0 format= -3 caller= android.view.ViewRootImpl.updateBlastSurfaceIfNeeded:3592 android.view.ViewRootImpl.relayoutWindow:11813 android.view.ViewRootImpl.performTraversals:4840 android.view.ViewRootImpl.doTraversal:3959 android.view.ViewRootImpl$TraversalRunnable.run:13034 android.view.Choreographer$CallbackRecord.run:1961 
[2026-06-14T09:19:54.212Z] [ALL] 06-14 14:49:51.243 29263 29263 I VRI[Pop-up window]@7d6829c: Relayout returned: old=(212,1333,270,1403) new=(212,1332,270,1402) relayoutAsync=true req=(58,70)0 dur=0 res=0x0 s={true 0xb400006ec32bf530} ch=false seqId=0
[2026-06-14T09:19:54.212Z] [ALL] 06-14 14:49:51.244  1486  4349 I WindowManager: Relayout Window{fda589b u0 Pop-up window}: viewVisibility=0 req=58x70 ty=1002 d0
[2026-06-14T09:19:54.212Z] [ALL] 06-14 14:49:51.244 29263 29263 I VRI[Pop-up window]@7d6829c: registerCallbackForPendingTransactions
[2026-06-14T09:19:54.212Z] [ALL] 06-14 14:49:51.245 29263 29322 I VRI[Pop-up window]@7d6829c: mWNT: t=0xb400006e032cc290 mBlastBufferQueue=0xb400006f633ba5d0 fn= 34 HdrRenderState mRenderHdrSdrRatio=1.0 caller= android.view.ViewRootImpl$10.onFrameDraw:6615 android.view.ViewRootImpl$4.onFrameDraw:2485 android.view.ThreadedRenderer$1.onFrameDraw:751 
[2026-06-14T09:19:54.212Z] [ALL] 06-14 14:49:51.250  1486  4349 I WindowManager: Relayout hash=fda589b, pid=0, syncId=-1: mAttrs={(212,1332)(58x70) gr=TOP START CENTER sim={adjust=pan} ty=APPLICATION_SUB_PANEL fmt=TRANSLUCENT surfaceInsets=Rect(68, 68 - 68, 68)
[2026-06-14T09:19:54.212Z] [ALL] 06-14 14:49:51.250  1486  4349 I WindowManager:   fl=1040208
[2026-06-14T09:19:54.212Z] [ALL] 06-14 14:49:51.250  1486  4349 I WindowManager:   pfl=40000000
[2026-06-14T09:19:54.212Z] [ALL] 06-14 14:49:51.250  1486  4349 I WindowManager:   bhv=1
[2026-06-14T09:19:54.212Z] [ALL] 06-14 14:49:51.250  1486  4349 I WindowManager:   fitTypes=107
[2026-06-14T09:19:54.212Z] [ALL] 06-14 14:49:51.250  1486  4349 I WindowManager:   frameRateBoostOnTouch=true
[2026-06-14T09:19:54.212Z] [ALL] 06-14 14:49:51.250  1486  4349 I WindowManager:   dvrrWindowFrameRateHint=true naviIconColor=0}
[2026-06-14T09:19:54.227Z] [ALL] 06-14 14:49:51.258 29263 29263 I BLASTBufferQueue_Java: update, w= 194 h= 206 mName = VRI[Pop-up window]@7d6829c mNativeObject= 0xb400006f633ba5d0 sc.mNativeObject= 0xb400006e6327abd0 format= -3 caller= android.view.ViewRootImpl.updateBlastSurfaceIfNeeded:3592 android.view.ViewRootImpl.relayoutWindow:11813 android.view.ViewRootImpl.performTraversals:4840 android.view.ViewRootImpl.doTraversal:3959 android.view.ViewRootImpl$TraversalRunnable.run:13034 android.view.Choreographer$CallbackRecord.run:1961 
[2026-06-14T09:19:54.227Z] [ALL] 06-14 14:49:51.258 29263 29263 I VRI[Pop-up window]@7d6829c: Relayout returned: old=(212,1332,270,1402) new=(212,1332,270,1402) relayoutAsync=true req=(58,70)0 dur=0 res=0x0 s={true 0xb400006ec32bf530} ch=false seqId=0
[2026-06-14T09:19:54.227Z] [ALL] 06-14 14:49:51.258  1486  4349 I WindowManager: Relayout Window{fda589b u0 Pop-up window}: viewVisibility=0 req=58x70 ty=1002 d0
[2026-06-14T09:19:54.227Z] [ALL] 06-14 14:49:51.258 29263 29263 I VRI[Pop-up window]@7d6829c: registerCallbackForPendingTransactions
[2026-06-14T09:19:54.227Z] [ALL] 06-14 14:49:51.260 29263 29321 I VRI[Pop-up window]@7d6829c: mWNT: t=0xb400006e032cb950 mBlastBufferQueue=0xb400006f633ba5d0 fn= 35 HdrRenderState mRenderHdrSdrRatio=1.0 caller= android.view.ViewRootImpl$10.onFrameDraw:6615 android.view.ViewRootImpl$4.onFrameDraw:2485 android.view.ThreadedRenderer$1.onFrameDraw:751 
[2026-06-14T09:19:54.227Z] [ALL] 06-14 14:49:51.260 29263 29280 I BLASTBufferQueue_Java: applyPendingTransactions, mName= VRI[Pop-up window]@7d6829c mNativeObject= 0xb400006f633ba5d0 frameNumber= 35 caller= android.view.ViewRootImpl$10.lambda$onFrameDraw$0:6629 android.view.ViewRootImpl$10.$r8$lambda$9Asgene6-vG9RkigzOD8vEb0AKc:0 android.view.ViewRootImpl$10$$ExternalSyntheticLambda0.onFrameCommit:0 android.view.ThreadedRenderer$1.lambda$onFrameDraw$0:763 android.view.ThreadedRenderer$1$$ExternalSyntheticLambda0.onFrameCommit:0 <bottom of call stack> 
[2026-06-14T09:19:54.227Z] [ALL] 06-14 14:49:51.260  1486  4349 I WindowManager: Relayout hash=fda589b, pid=0, syncId=-1: mAttrs={(212,1332)(58x70) gr=TOP START CENTER sim={adjust=pan} ty=APPLICATION_SUB_PANEL fmt=TRANSLUCENT surfaceInsets=Rect(68, 68 - 68, 68)
[2026-06-14T09:19:54.227Z] [ALL] 06-14 14:49:51.260  1486  4349 I WindowManager:   fl=1040208
[2026-06-14T09:19:54.227Z] [ALL] 06-14 14:49:51.260  1486  4349 I WindowManager:   pfl=40000000
[2026-06-14T09:19:54.227Z] [ALL] 06-14 14:49:51.260  1486  4349 I WindowManager:   bhv=1
[2026-06-14T09:19:54.227Z] [ALL] 06-14 14:49:51.260  1486  4349 I WindowManager:   fitTypes=107
[2026-06-14T09:19:54.227Z] [ALL] 06-14 14:49:51.260  1486  4349 I WindowManager:   frameRateBoostOnTouch=true
[2026-06-14T09:19:54.227Z] [ALL] 06-14 14:49:51.260  1486  4349 I WindowManager:   dvrrWindowFrameRateHint=true naviIconColor=0}
[2026-06-14T09:19:54.237Z] [ALL] 06-14 14:49:51.284 29263 29263 I BLASTBufferQueue_Java: update, w= 194 h= 206 mName = VRI[Pop-up window]@7d6829c mNativeObject= 0xb400006f633ba5d0 sc.mNativeObject= 0xb400006e6327abd0 format= -3 caller= android.view.ViewRootImpl.updateBlastSurfaceIfNeeded:3592 android.view.ViewRootImpl.relayoutWindow:11813 android.view.ViewRootImpl.performTraversals:4840 android.view.ViewRootImpl.doTraversal:3959 android.view.ViewRootImpl$TraversalRunnable.run:13034 android.view.Choreographer$CallbackRecord.run:1961 
[2026-06-14T09:19:54.237Z] [ALL] 06-14 14:49:51.284 29263 29263 I VRI[Pop-up window]@7d6829c: Relayout returned: old=(212,1332,270,1402) new=(212,1331,270,1401) relayoutAsync=true req=(58,70)0 dur=0 res=0x0 s={true 0xb400006ec32bf530} ch=false seqId=0
[2026-06-14T09:19:54.237Z] [ALL] 06-14 14:49:51.284  1486  4349 I WindowManager: Relayout Window{fda589b u0 Pop-up window}: viewVisibility=0 req=58x70 ty=1002 d0
[2026-06-14T09:19:54.237Z] [ALL] 06-14 14:49:51.285 29263 29263 I VRI[Pop-up window]@7d6829c: registerCallbackForPendingTransactions
[2026-06-14T09:19:54.237Z] [ALL] 06-14 14:49:51.286 29263 29322 I VRI[Pop-up window]@7d6829c: mWNT: t=0xb400006e032cce20 mBlastBufferQueue=0xb400006f633ba5d0 fn= 35 HdrRenderState mRenderHdrSdrRatio=1.0 caller= android.view.ViewRootImpl$10.onFrameDraw:6615 android.view.ViewRootImpl$4.onFrameDraw:2485 android.view.ThreadedRenderer$1.onFrameDraw:751 
[2026-06-14T09:19:54.237Z] [ALL] 06-14 14:49:51.289  1486  4349 I WindowManager: Relayout hash=fda589b, pid=0, syncId=-1: mAttrs={(212,1331)(58x70) gr=TOP START CENTER sim={adjust=pan} ty=APPLICATION_SUB_PANEL fmt=TRANSLUCENT surfaceInsets=Rect(68, 68 - 68, 68)
[2026-06-14T09:19:54.237Z] [ALL] 06-14 14:49:51.289  1486  4349 I WindowManager:   fl=1040208
[2026-06-14T09:19:54.237Z] [ALL] 06-14 14:49:51.289  1486  4349 I WindowManager:   pfl=40000000
[2026-06-14T09:19:54.237Z] [ALL] 06-14 14:49:51.289  1486  4349 I WindowManager:   bhv=1
[2026-06-14T09:19:54.237Z] [ALL] 06-14 14:49:51.289  1486  4349 I WindowManager:   fitTypes=107
[2026-06-14T09:19:54.237Z] [ALL] 06-14 14:49:51.289  1486  4349 I WindowManager:   frameRateBoostOnTouch=true
[2026-06-14T09:19:54.237Z] [ALL] 06-14 14:49:51.289  1486  4349 I WindowManager:   dvrrWindowFrameRateHint=true naviIconColor=0}
[2026-06-14T09:19:54.237Z] [ALL] 06-14 14:49:51.295 29263 29263 I BLASTBufferQueue_Java: update, w= 194 h= 206 mName = VRI[Pop-up window]@7d6829c mNativeObject= 0xb400006f633ba5d0 sc.mNativeObject= 0xb400006e6327abd0 format= -3 caller= android.view.ViewRootImpl.updateBlastSurfaceIfNeeded:3592 android.view.ViewRootImpl.relayoutWindow:11813 android.view.ViewRootImpl.performTraversals:4840 android.view.ViewRootImpl.doTraversal:3959 android.view.ViewRootImpl$TraversalRunnable.run:13034 android.view.Choreographer$CallbackRecord.run:1961 
[2026-06-14T09:19:54.238Z] [ALL] 06-14 14:49:51.295 29263 29263 I VRI[Pop-up window]@7d6829c: Relayout returned: old=(212,1331,270,1401) new=(212,1331,270,1401) relayoutAsync=true req=(58,70)0 dur=0 res=0x0 s={true 0xb400006ec32bf530} ch=false seqId=0
[2026-06-14T09:19:54.247Z] [ALL] 06-14 14:49:51.296  1486  4349 I WindowManager: Relayout Window{fda589b u0 Pop-up window}: viewVisibility=0 req=58x70 ty=1002 d0
[2026-06-14T09:19:54.247Z] [ALL] 06-14 14:49:51.296 29263 29263 I VRI[Pop-up window]@7d6829c: registerCallbackForPendingTransactions
[2026-06-14T09:19:54.247Z] [ALL] 06-14 14:49:51.297 29263 29321 I VRI[Pop-up window]@7d6829c: mWNT: t=0xb400006e032cb4b0 mBlastBufferQueue=0xb400006f633ba5d0 fn= 36 HdrRenderState mRenderHdrSdrRatio=1.0 caller= android.view.ViewRootImpl$10.onFrameDraw:6615 android.view.ViewRootImpl$4.onFrameDraw:2485 android.view.ThreadedRenderer$1.onFrameDraw:751 
[2026-06-14T09:19:54.247Z] [ALL] 06-14 14:49:51.298 29263 29280 I BLASTBufferQueue_Java: applyPendingTransactions, mName= VRI[Pop-up window]@7d6829c mNativeObject= 0xb400006f633ba5d0 frameNumber= 36 caller= android.view.ViewRootImpl$10.lambda$onFrameDraw$0:6629 android.view.ViewRootImpl$10.$r8$lambda$9Asgene6-vG9RkigzOD8vEb0AKc:0 android.view.ViewRootImpl$10$$ExternalSyntheticLambda0.onFrameCommit:0 android.view.ThreadedRenderer$1.lambda$onFrameDraw$0:763 android.view.ThreadedRenderer$1$$ExternalSyntheticLambda0.onFrameCommit:0 <bottom of call stack> 
[2026-06-14T09:19:54.247Z] [ALL] 06-14 14:49:51.300  1486  4349 I WindowManager: Relayout hash=fda589b, pid=0, syncId=-1: mAttrs={(212,1331)(58x70) gr=TOP START CENTER sim={adjust=pan} ty=APPLICATION_SUB_PANEL fmt=TRANSLUCENT surfaceInsets=Rect(68, 68 - 68, 68)
[2026-06-14T09:19:54.247Z] [ALL] 06-14 14:49:51.300  1486  4349 I WindowManager:   fl=1040208
[2026-06-14T09:19:54.247Z] [ALL] 06-14 14:49:51.300  1486  4349 I WindowManager:   pfl=40000000
[2026-06-14T09:19:54.247Z] [ALL] 06-14 14:49:51.300  1486  4349 I WindowManager:   bhv=1
[2026-06-14T09:19:54.247Z] [ALL] 06-14 14:49:51.300  1486  4349 I WindowManager:   fitTypes=107
[2026-06-14T09:19:54.247Z] [ALL] 06-14 14:49:51.300  1486  4349 I WindowManager:   frameRateBoostOnTouch=true
[2026-06-14T09:19:54.247Z] [ALL] 06-14 14:49:51.300  1486  4349 I WindowManager:   dvrrWindowFrameRateHint=true naviIconColor=0}
[2026-06-14T09:19:54.257Z] [ALL] 06-14 14:49:51.318 29263 29263 I BLASTBufferQueue_Java: update, w= 194 h= 206 mName = VRI[Pop-up window]@7d6829c mNativeObject= 0xb400006f633ba5d0 sc.mNativeObject= 0xb400006e6327abd0 format= -3 caller= android.view.ViewRootImpl.updateBlastSurfaceIfNeeded:3592 android.view.ViewRootImpl.relayoutWindow:11813 android.view.ViewRootImpl.performTraversals:4840 android.view.ViewRootImpl.doTraversal:3959 android.view.ViewRootImpl$TraversalRunnable.run:13034 android.view.Choreographer$CallbackRecord.run:1961 
[2026-06-14T09:19:54.258Z] [ALL] 06-14 14:49:51.318 29263 29263 I VRI[Pop-up window]@7d6829c: Relayout returned: old=(212,1331,270,1401) new=(212,1330,270,1400) relayoutAsync=true req=(58,70)0 dur=0 res=0x0 s={true 0xb400006ec32bf530} ch=false seqId=0
[2026-06-14T09:19:54.270Z] [ALL] 06-14 14:49:51.318 29263 29263 I VRI[Pop-up window]@7d6829c: registerCallbackForPendingTransactions
[2026-06-14T09:19:54.270Z] [ALL] 06-14 14:49:51.319 29263 29322 I VRI[Pop-up window]@7d6829c: mWNT: t=0xb400006e032d3190 mBlastBufferQueue=0xb400006f633ba5d0 fn= 36 HdrRenderState mRenderHdrSdrRatio=1.0 caller= android.view.ViewRootImpl$10.onFrameDraw:6615 android.view.ViewRootImpl$4.onFrameDraw:2485 android.view.ThreadedRenderer$1.onFrameDraw:751 
[2026-06-14T09:19:54.270Z] [ALL] 06-14 14:49:51.319  1486  4349 I WindowManager: Relayout Window{fda589b u0 Pop-up window}: viewVisibility=0 req=58x70 ty=1002 d0
[2026-06-14T09:19:54.270Z] [ALL] 06-14 14:49:51.324  1486  4349 I WindowManager: Relayout hash=fda589b, pid=0, syncId=-1: mAttrs={(212,1330)(58x70) gr=TOP START CENTER sim={adjust=pan} ty=APPLICATION_SUB_PANEL fmt=TRANSLUCENT surfaceInsets=Rect(68, 68 - 68, 68)
[2026-06-14T09:19:54.270Z] [ALL] 06-14 14:49:51.324  1486  4349 I WindowManager:   fl=1040208
[2026-06-14T09:19:54.270Z] [ALL] 06-14 14:49:51.324  1486  4349 I WindowManager:   pfl=40000000
[2026-06-14T09:19:54.270Z] [ALL] 06-14 14:49:51.324  1486  4349 I WindowManager:   bhv=1
[2026-06-14T09:19:54.270Z] [ALL] 06-14 14:49:51.324  1486  4349 I WindowManager:   fitTypes=107
[2026-06-14T09:19:54.270Z] [ALL] 06-14 14:49:51.324  1486  4349 I WindowManager:   frameRateBoostOnTouch=true
[2026-06-14T09:19:54.270Z] [ALL] 06-14 14:49:51.324  1486  4349 I WindowManager:   dvrrWindowFrameRateHint=true naviIconColor=0}
[2026-06-14T09:19:54.270Z] [ALL] 06-14 14:49:51.325 29263 29263 I BLASTBufferQueue_Java: update, w= 194 h= 206 mName = VRI[Pop-up window]@7d6829c mNativeObject= 0xb400006f633ba5d0 sc.mNativeObject= 0xb400006e6327abd0 format= -3 caller= android.view.ViewRootImpl.updateBlastSurfaceIfNeeded:3592 android.view.ViewRootImpl.relayoutWindow:11813 android.view.ViewRootImpl.performTraversals:4840 android.view.ViewRootImpl.doTraversal:3959 android.view.ViewRootImpl$TraversalRunnable.run:13034 android.view.Choreographer$CallbackRecord.run:1961 
[2026-06-14T09:19:54.270Z] [ALL] 06-14 14:49:51.325 29263 29263 I VRI[Pop-up window]@7d6829c: Relayout returned: old=(212,1330,270,1400) new=(212,1330,270,1400) relayoutAsync=true req=(58,70)0 dur=0 res=0x0 s={true 0xb400006ec32bf530} ch=false seqId=0
[2026-06-14T09:19:54.270Z] [ALL] 06-14 14:49:51.326 29263 29263 I VRI[Pop-up window]@7d6829c: registerCallbackForPendingTransactions
[2026-06-14T09:19:54.280Z] [ALL] 06-14 14:49:51.326  1486  4349 I WindowManager: Relayout Window{fda589b u0 Pop-up window}: viewVisibility=0 req=58x70 ty=1002 d0
[2026-06-14T09:19:54.280Z] [ALL] 06-14 14:49:51.326 29263 29321 I VRI[Pop-up window]@7d6829c: mWNT: t=0xb400006e032d5b30 mBlastBufferQueue=0xb400006f633ba5d0 fn= 37 HdrRenderState mRenderHdrSdrRatio=1.0 caller= android.view.ViewRootImpl$10.onFrameDraw:6615 android.view.ViewRootImpl$4.onFrameDraw:2485 android.view.ThreadedRenderer$1.onFrameDraw:751 
[2026-06-14T09:19:54.280Z] [ALL] 06-14 14:49:51.326 29263 29280 I BLASTBufferQueue_Java: applyPendingTransactions, mName= VRI[Pop-up window]@7d6829c mNativeObject= 0xb400006f633ba5d0 frameNumber= 37 caller= android.view.ViewRootImpl$10.lambda$onFrameDraw$0:6629 android.view.ViewRootImpl$10.$r8$lambda$9Asgene6-vG9RkigzOD8vEb0AKc:0 android.view.ViewRootImpl$10$$ExternalSyntheticLambda0.onFrameCommit:0 android.view.ThreadedRenderer$1.lambda$onFrameDraw$0:763 android.view.ThreadedRenderer$1$$ExternalSyntheticLambda0.onFrameCommit:0 <bottom of call stack> 
[2026-06-14T09:19:54.280Z] [ALL] 06-14 14:49:51.330  1486  4349 I WindowManager: Relayout hash=fda589b, pid=0, syncId=-1: mAttrs={(212,1330)(58x70) gr=TOP START CENTER sim={adjust=pan} ty=APPLICATION_SUB_PANEL fmt=TRANSLUCENT surfaceInsets=Rect(68, 68 - 68, 68)
[2026-06-14T09:19:54.280Z] [ALL] 06-14 14:49:51.330  1486  4349 I WindowManager:   fl=1040208
[2026-06-14T09:19:54.280Z] [ALL] 06-14 14:49:51.330  1486  4349 I WindowManager:   pfl=40000000
[2026-06-14T09:19:54.280Z] [ALL] 06-14 14:49:51.330  1486  4349 I WindowManager:   bhv=1
[2026-06-14T09:19:54.280Z] [ALL] 06-14 14:49:51.330  1486  4349 I WindowManager:   fitTypes=107
[2026-06-14T09:19:54.280Z] [ALL] 06-14 14:49:51.330  1486  4349 I WindowManager:   frameRateBoostOnTouch=true
[2026-06-14T09:19:54.280Z] [ALL] 06-14 14:49:51.330  1486  4349 I WindowManager:   dvrrWindowFrameRateHint=true naviIconColor=0}
[2026-06-14T09:19:54.310Z] [ALL] 06-14 14:49:51.361 28684 28729 I appium  : Took 0ms to retrieve 0 matches for '//*[@resource-id="login_submit_btn" or @content-desc="login_submit_btn" or @text="Login" or @text="LOGIN"]' XPath2 query
[2026-06-14T09:19:54.353Z] [ALL] 06-14 14:49:51.362 28684 28729 I appium  : AppiumResponse: {"sessionId":"96346e06-b795-4772-a936-71e77e178b18","value":{"error":"no such element","message":"An element could not be located on the page using the given search parameters","stacktrace":"io.appium.uiautomator2.common.exceptions.ElementNotFoundException: An element could not be located on the page using the given search parameters\n\tat io.appium.uiautomator2.utils.ElementLocationHelpers.findElement(ElementLocationHelpers.java:153)\n\tat io.appium.uiautomator2.handler.FindElement.safeHandle(FindElement.java:60)\n\tat io.appium.uiautomator2.handler.request.SafeRequestHandler.handle(SafeRequestHandler.java:59)\n\tat io.appium.uiautomator2.server.AppiumServlet.handleRequest(AppiumServlet.java:267)\n\tat io.appium.uiautomator2.server.AppiumServlet.handleHttpRequest(AppiumServlet.java:261)\n\tat io.appium.uiautomator2.http.ServerHandler.channelRead(ServerHandler.java:77)\n\tat io.netty.channel.AbstractChannelHandlerContext.fireChannelRead(AbstractChannelHandlerContext.java:357)\n\tat io.netty.handler.codec.MessageToMessageDecoder.channelRead(MessageToMessageDecoder.java:107)\n\tat io.netty.channel.AbstractChannelHandlerContext.fireChannelRead(AbstractChannelHandlerContext.java:357)\n\tat io.netty.channel.CombinedChannelDuplexHandler$DelegatingChannelHandlerContext.fireChannelRead(CombinedChannelDuplexHandler.java:434)\n\tat io.netty.handler.codec.ByteToMessageDecoder.fireChannelRead(ByteToMessageDecoder.java:361)\n\tat io.netty.handler.codec.ByteToMessageDecoder.channelRead(ByteToMessageDecoder.java:325)\n\tat io.netty.channel.CombinedChannelDuplexHandler.channelRead(CombinedChannelDuplexHandler.java:249)\n\tat io.netty.channel.AbstractChannelHandlerContext.fireChannelRead(AbstractChannelHandlerContext.java:355)\n\tat io.netty.handler.timeout.IdleStateHandler.channelRead(IdleStateHandler.java:288)\n\tat io.netty.channel.AbstractChannelHandlerContext.fireChannelRead(AbstractChannelHandlerContext.java:355)\n\tat io.netty.channel.DefaultChannelPipeline$HeadContext.channelRead(DefaultChannelPipeline.java:1429)\n\tat io.netty.channel.DefaultChannelPipeline.fireChannelRead(DefaultChannelPipeline.java:918)\n\tat io.netty.channel.nio.AbstractNioByteChannel$NioByteUnsafe.read(AbstractNioByteChannel.java:176)\n\tat io.netty.channel.nio.AbstractNioChannel$AbstractNioUnsafe.handle(AbstractNioChannel.java:445)\n\tat io.netty.channel.nio.NioIoHandler$DefaultNioRegistration.handle(NioIoHandler.java:388)\n\tat io.netty.channel.nio.NioIoHandler.processSelectedKey(NioIoHandler.java:596)\n\tat io.netty.channel.nio.NioIoHandler.processSelectedKeysOptimized(NioIoHandler.java:571)\n\tat io.netty.channel.nio.NioIoHandler.processSelectedKeys(NioIoHandler.java:512)\n\tat io.netty.channel.nio.NioIoHandler.run(NioIoHandler.java:484)\n\tat io.netty.channel.SingleThreadIoEventLoop.runIo(SingleThreadIoEventLoop.java:225)\n\tat io.netty.channel.SingleThreadIoEventLoop.run(SingleThreadIoEventLoop.java:196)\n\tat io.netty.util.concurrent.SingleThreadEventExecutor$5.run(SingleThreadEventExecutor.java:1195)\n\tat io.netty.util.internal.ThreadExecutorMap$2.run(ThreadExecutorMap.java:74)\n\tat io.netty.util.concurrent.FastThreadLocalRunnable.run(FastThreadLocalRunnable.java:30)\n\tat java.lang.Thread.run(Thread.java:1564)\n"}}
[2026-06-14T09:19:54.630Z] [ALL] 06-14 14:49:51.636  1149  1317 D SurfaceFlinger: setDesiredMode 4633128672291736000 {mode={fps=60.00 Hz, modePtr={id=1, vsyncRate=60.00 Hz, peakRefreshRate=60.00 Hz}}, emitEvent=false, force=false}
[2026-06-14T09:19:54.640Z] [ALL] 06-14 14:49:51.637  1149  1149 I SurfaceFlinger: Pop-up window$_29263#104432 Max (can't resolve refresh rate)
[2026-06-14T09:19:54.640Z] [ALL] 06-14 14:49:51.637  1149  1149 I SurfaceFlinger: com.safebank.ai/com.safebank.ai.MainActivity$_29263#104426 voted ExplicitCategory with category: HighHint
[2026-06-14T09:19:54.640Z] [ALL] 06-14 14:49:51.637  1149  1149 I SurfaceFlinger: IdleFps - choose 60.00 Hz
[2026-06-14T09:19:54.640Z] [ALL] 06-14 14:49:51.637  1149  1149 D SurfaceFlinger: initiateModeChange 4633128672291736000 {mode={fps=60.00 Hz, modePtr={id=1, vsyncRate=60.00 Hz, peakRefreshRate=60.00 Hz}}, emitEvent=false, force=false}
[2026-06-14T09:19:54.640Z] [ALL] 06-14 14:49:51.637  1149  1149 I SurfaceFlinger: [4633128672291736000] ActiveConfigToHWC, ID : 4
[2026-06-14T09:19:54.640Z] [ALL] 06-14 14:49:51.637  1149  1280 I SurfaceFlinger: Current= 120, Period= 60, hwcPeriod= 120
[2026-06-14T09:19:54.640Z] [ALL] 06-14 14:49:51.641  1062 15192 D display : setActiveConfigWithConstraints:: PrimaryDisplay config(4)
[2026-06-14T09:19:54.640Z] [ALL] 06-14 14:49:51.641  1062 15192 I display : Current VRR MODE is 3
[2026-06-14T09:19:54.640Z] [ALL] 06-14 14:49:51.641  1062 15192 I display : setActiveConfigWithConstraints:: HFR match - config: 5, base: 4, try: 0
[2026-06-14T09:19:54.640Z] [ALL] 06-14 14:49:51.641  1062 15192 I display : setActiveConfigWithConstraints::update 1080x2340@60phs
[2026-06-14T09:19:54.640Z] [ALL] 06-14 14:49:51.642  1062 15192 I display : commit modeset : 1080x2340@60phs
[2026-06-14T09:19:54.640Z] [ALL] 06-14 14:49:51.658  1062 15192 W display : deliverWinConfigData:: commit modeset time (16 ms)
[2026-06-14T09:19:54.640Z] [ALL] 06-14 14:49:51.659  1062  1159 I display : [compareVsyncPeriod] set the lowest(mode:0) vsync 166 of display(0)
[2026-06-14T09:19:54.640Z] [ALL] 06-14 14:49:51.659  1062  1159 I display : getFpsForPerformance, performance table found using table(key:60, cpu:255)
[2026-06-14T09:19:54.640Z] [ALL] 06-14 14:49:51.659  1062  1159 I display : Set m2mMPP capacity(8) for fps(60)
[2026-06-14T09:19:54.640Z] [ALL] 06-14 14:49:51.659  1062  1159 I display : getFpsForPerformance, performance table found using table(key:60, cpu:255)
[2026-06-14T09:19:54.640Z] [ALL] 06-14 14:49:51.659  1062  1159 I display : Set Affinity config for fps(60) : cpuIDs : 255
[2026-06-14T09:19:54.640Z] [ALL] 06-14 14:49:51.659  1062  1159 I display : Set Affinity CPU ID : 0
[2026-06-14T09:19:54.640Z] [ALL] 06-14 14:49:51.659  1062  1159 I display : Set Affinity CPU ID : 1
[2026-06-14T09:19:54.640Z] [ALL] 06-14 14:49:51.659  1062  1159 I display : Set Affinity CPU ID : 2
[2026-06-14T09:19:54.640Z] [ALL] 06-14 14:49:51.659  1062  1159 I display : Set Affinity CPU ID : 3
[2026-06-14T09:19:54.640Z] [ALL] 06-14 14:49:51.659  1062  1159 I display : Set Affinity CPU ID : 4
[2026-06-14T09:19:54.640Z] [ALL] 06-14 14:49:51.659  1062  1159 I display : Set Affinity CPU ID : 5
[2026-06-14T09:19:54.640Z] [ALL] 06-14 14:49:51.659  1062  1159 I display : Set Affinity CPU ID : 6
[2026-06-14T09:19:54.640Z] [ALL] 06-14 14:49:51.659  1062  1159 I display : Set Affinity CPU ID : 7
[2026-06-14T09:19:54.640Z] [ALL] 06-14 14:49:51.659  1062  1159 I display : Set affinity HWC : 1062
[2026-06-14T09:19:54.640Z] [ALL] 06-14 14:49:51.659  1062  1159 I display : CPU set : Cluster(0), min_clock(0)
[2026-06-14T09:19:54.640Z] [ALL] 06-14 14:49:51.659  1062  1159 I display : CPU set : Cluster(1), min_clock(0)
[2026-06-14T09:19:54.640Z] [ALL] 06-14 14:49:51.659  1062  1159 I display : CPU set : Cluster(2), min_clock(0)
[2026-06-14T09:19:54.640Z] [ALL] 06-14 14:49:51.659  1149  1149 I SurfaceFlinger: finalizeDisplayModeChange 4633128672291736000
[2026-06-14T09:19:54.640Z] [ALL] 06-14 14:49:51.659  1149  1280 I SurfaceFlinger: Current= 120, Period= 60, hwcPeriod= 60
[2026-06-14T09:19:54.723Z] [ALL] 06-14 14:49:51.736  1486  1500 I system_server: Background concurrent mark compact GC freed 38MB AllocSpace bytes, 198(3864KB) LOS objects, 23% free, 155MB/203MB, paused 1.651ms,11.165ms total 438.136ms
[2026-06-14T09:19:54.877Z] [ALL] 06-14 14:49:51.901  1149  1317 D SurfaceFlinger: setDesiredMode 4633128672291736000 {mode={fps=120.00 Hz, modePtr={id=0, vsyncRate=120.00 Hz, peakRefreshRate=120.00 Hz}}, emitEvent=false, force=false}
[2026-06-14T09:19:54.919Z] [ALL] 06-14 14:49:51.903  1149  1280 I SurfaceFlinger: Current= 60, Period= 120, hwcPeriod= 60
[2026-06-14T09:19:54.919Z] [ALL] 06-14 14:49:51.909  1149  1280 I SurfaceFlinger: Current= 60, Period= 120, hwcPeriod= 60
[2026-06-14T09:19:54.919Z] [ALL] 06-14 14:49:51.918  1149  1149 I SurfaceFlinger: Pop-up window$_29263#104432 Max (can't resolve refresh rate)
[2026-06-14T09:19:54.919Z] [ALL] 06-14 14:49:51.918  1149  1149 I SurfaceFlinger: com.safebank.ai/com.safebank.ai.MainActivity$_29263#104426 voted ExplicitCategory with category: HighHint
[2026-06-14T09:19:54.919Z] [ALL] 06-14 14:49:51.918  1149  1149 I SurfaceFlinger: HRR ignores Pop-up window$_29263#104432 (type=Max, weight=0.02, seamlessness=Default) 0.00 Hz's 120.00 Hz
[2026-06-14T09:19:54.919Z] [ALL] 06-14 14:49:51.918  1149  1149 I SurfaceFlinger: Touch Boost [late] - choose 120.00 Hz
[2026-06-14T09:19:54.919Z] [ALL] 06-14 14:49:51.918  1149  1149 D SurfaceFlinger: initiateModeChange 4633128672291736000 {mode={fps=120.00 Hz, modePtr={id=0, vsyncRate=120.00 Hz, peakRefreshRate=120.00 Hz}}, emitEvent=false, force=false}
[2026-06-14T09:19:54.919Z] [ALL] 06-14 14:49:51.918  1149  1149 I SurfaceFlinger: [4633128672291736000] ActiveConfigToHWC, ID : 3
[2026-06-14T09:19:54.919Z] [ALL] 06-14 14:49:51.920  1062 15192 D display : setActiveConfigWithConstraints:: PrimaryDisplay config(3)
[2026-06-14T09:19:54.919Z] [ALL] 06-14 14:49:51.920  1062 15192 I display : Current VRR MODE is 3
[2026-06-14T09:19:54.919Z] [ALL] 06-14 14:49:51.920  1062 15192 I display : setActiveConfigWithConstraints:: HFR match - config: 3, base: 3, try: 1
[2026-06-14T09:19:54.919Z] [ALL] 06-14 14:49:51.920  1062 15192 I display : setActiveConfigWithConstraints::update 1080x2340@120hs
[2026-06-14T09:19:54.919Z] [ALL] 06-14 14:49:51.921  1062 15192 I display : commit modeset : 1080x2340@120hs
[2026-06-14T09:19:54.919Z] [ALL] 06-14 14:49:51.928 28684 28729 I appium  : channel read: POST /session/96346e06-b795-4772-a936-71e77e178b18/element
[2026-06-14T09:19:54.919Z] [ALL] 06-14 14:49:51.928 28684 28729 I appium  : FindElement command
[2026-06-14T09:19:54.919Z] [ALL] 06-14 14:49:51.929 28684 28729 I appium  : method: 'xpath', selector: '//*[@resource-id="login_submit_btn" or @content-desc="login_submit_btn" or @text="Login" or @text="LOGIN"]'
[2026-06-14T09:19:54.919Z] [ALL] 06-14 14:49:51.929 28684 28729 I appium  : Waiting up to 10000ms for the device to idle
[2026-06-14T09:19:54.919Z] [ALL] 06-14 14:49:51.931 28684 28729 I appium  : The following attributes will be included to the page source: [text, resource-id, content-desc]
[2026-06-14T09:19:54.919Z] [ALL] 06-14 14:49:51.941  1062 15192 W display : deliverWinConfigData:: commit modeset time (20 ms)
[2026-06-14T09:19:54.919Z] [ALL] 06-14 14:49:51.942  1062  1159 I display : [compareVsyncPeriod] set the lowest(mode:0) vsync 83 of display(0)
[2026-06-14T09:19:54.919Z] [ALL] 06-14 14:49:51.942  1062  1159 I display : getFpsForPerformance, performance table found using table(key:120, cpu:255)
[2026-06-14T09:19:54.919Z] [ALL] 06-14 14:49:51.942  1062  1159 I display : Set m2mMPP capacity(4) for fps(120)
[2026-06-14T09:19:54.919Z] [ALL] 06-14 14:49:51.942  1062  1159 I display : getFpsForPerformance, performance table found using table(key:120, cpu:255)
[2026-06-14T09:19:54.919Z] [ALL] 06-14 14:49:51.942  1062  1159 I display : Set Affinity config for fps(120) : cpuIDs : 255
[2026-06-14T09:19:54.919Z] [ALL] 06-14 14:49:51.942  1062  1159 I display : Set Affinity CPU ID : 0
[2026-06-14T09:19:54.919Z] [ALL] 06-14 14:49:51.942  1062  1159 I display : Set Affinity CPU ID : 1
[2026-06-14T09:19:54.919Z] [ALL] 06-14 14:49:51.942  1062  1159 I display : Set Affinity CPU ID : 2
[2026-06-14T09:19:54.919Z] [ALL] 06-14 14:49:51.942  1062  1159 I display : Set Affinity CPU ID : 3
[2026-06-14T09:19:54.919Z] [ALL] 06-14 14:49:51.942  1062  1159 I display : Set Affinity CPU ID : 4
[2026-06-14T09:19:54.919Z] [ALL] 06-14 14:49:51.942  1062  1159 I display : Set Affinity CPU ID : 5
[2026-06-14T09:19:54.919Z] [ALL] 06-14 14:49:51.942  1062  1159 I display : Set Affinity CPU ID : 6
[2026-06-14T09:19:54.919Z] [ALL] 06-14 14:49:51.942  1062  1159 I display : Set Affinity CPU ID : 7
[2026-06-14T09:19:54.919Z] [ALL] 06-14 14:49:51.942  1062  1159 I display : Set affinity HWC : 1062
[2026-06-14T09:19:54.919Z] [ALL] 06-14 14:49:51.942  1062  1159 I display : CPU set : Cluster(0), min_clock(0)
[2026-06-14T09:19:54.919Z] [ALL] 06-14 14:49:51.942  1062  1159 I display : CPU set : Cluster(1), min_clock(0)
[2026-06-14T09:19:54.919Z] [ALL] 06-14 14:49:51.942  1062  1159 I display : CPU set : Cluster(2), min_clock(0)
[2026-06-14T09:19:54.919Z] [ALL] 06-14 14:49:51.943  1149  1149 I SurfaceFlinger: finalizeDisplayModeChange 4633128672291736000
[2026-06-14T09:19:54.919Z] [ALL] 06-14 14:49:51.943  1149  1280 I SurfaceFlinger: Current= 60, Period= 120, hwcPeriod= 120
[2026-06-14T09:19:55.067Z] [ALL] 06-14 14:49:52.073 28684 28729 I appium  : Took 0ms to retrieve 0 matches for '//*[@resource-id="login_submit_btn" or @content-desc="login_submit_btn" or @text="Login" or @text="LOGIN"]' XPath2 query
[2026-06-14T09:19:55.080Z] [ALL] 06-14 14:49:52.075 28684 28729 I appium  : AppiumResponse: {"sessionId":"96346e06-b795-4772-a936-71e77e178b18","value":{"error":"no such element","message":"An element could not be located on the page using the given search parameters","stacktrace":"io.appium.uiautomator2.common.exceptions.ElementNotFoundException: An element could not be located on the page using the given search parameters\n\tat io.appium.uiautomator2.utils.ElementLocationHelpers.findElement(ElementLocationHelpers.java:153)\n\tat io.appium.uiautomator2.handler.FindElement.safeHandle(FindElement.java:60)\n\tat io.appium.uiautomator2.handler.request.SafeRequestHandler.handle(SafeRequestHandler.java:59)\n\tat io.appium.uiautomator2.server.AppiumServlet.handleRequest(AppiumServlet.java:267)\n\tat io.appium.uiautomator2.server.AppiumServlet.handleHttpRequest(AppiumServlet.java:261)\n\tat io.appium.uiautomator2.http.ServerHandler.channelRead(ServerHandler.java:77)\n\tat io.netty.channel.AbstractChannelHandlerContext.fireChannelRead(AbstractChannelHandlerContext.java:357)\n\tat io.netty.handler.codec.MessageToMessageDecoder.channelRead(MessageToMessageDecoder.java:107)\n\tat io.netty.channel.AbstractChannelHandlerContext.fireChannelRead(AbstractChannelHandlerContext.java:357)\n\tat io.netty.channel.CombinedChannelDuplexHandler$DelegatingChannelHandlerContext.fireChannelRead(CombinedChannelDuplexHandler.java:434)\n\tat io.netty.handler.codec.ByteToMessageDecoder.fireChannelRead(ByteToMessageDecoder.java:361)\n\tat io.netty.handler.codec.ByteToMessageDecoder.channelRead(ByteToMessageDecoder.java:325)\n\tat io.netty.channel.CombinedChannelDuplexHandler.channelRead(CombinedChannelDuplexHandler.java:249)\n\tat io.netty.channel.AbstractChannelHandlerContext.fireChannelRead(AbstractChannelHandlerContext.java:355)\n\tat io.netty.handler.timeout.IdleStateHandler.channelRead(IdleStateHandler.java:288)\n\tat io.netty.channel.AbstractChannelHandlerContext.fireChannelRead(AbstractChannelHandlerContext.java:355)\n\tat io.netty.channel.DefaultChannelPipeline$HeadContext.channelRead(DefaultChannelPipeline.java:1429)\n\tat io.netty.channel.DefaultChannelPipeline.fireChannelRead(DefaultChannelPipeline.java:918)\n\tat io.netty.channel.nio.AbstractNioByteChannel$NioByteUnsafe.read(AbstractNioByteChannel.java:176)\n\tat io.netty.channel.nio.AbstractNioChannel$AbstractNioUnsafe.handle(AbstractNioChannel.java:445)\n\tat io.netty.channel.nio.NioIoHandler$DefaultNioRegistration.handle(NioIoHandler.java:388)\n\tat io.netty.channel.nio.NioIoHandler.processSelectedKey(NioIoHandler.java:596)\n\tat io.netty.channel.nio.NioIoHandler.processSelectedKeysOptimized(NioIoHandler.java:571)\n\tat io.netty.channel.nio.NioIoHandler.processSelectedKeys(NioIoHandler.java:512)\n\tat io.netty.channel.nio.NioIoHandler.run(NioIoHandler.java:484)\n\tat io.netty.channel.SingleThreadIoEventLoop.runIo(SingleThreadIoEventLoop.java:225)\n\tat io.netty.channel.SingleThreadIoEventLoop.run(SingleThreadIoEventLoop.java:196)\n\tat io.netty.util.concurrent.SingleThreadEventExecutor$5.run(SingleThreadEventExecutor.java:1195)\n\tat io.netty.util.internal.ThreadExecutorMap$2.run(ThreadExecutorMap.java:74)\n\tat io.netty.util.concurrent.FastThreadLocalRunnable.run(FastThreadLocalRunnable.java:30)\n\tat java.lang.Thread.run(Thread.java:1564)\n"}}
[2026-06-14T09:19:55.080Z] [ALL] 06-14 14:49:52.077  1075 30056 I HYPER-HAL: [RequestManager.cpp]releaseLocked(): Released ID : 8659070
[2026-06-14T09:19:55.089Z] [ALL] 06-14 14:49:52.152  1149  1317 D SurfaceFlinger: setDesiredMode 4633128672291736000 {mode={fps=60.00 Hz, modePtr={id=1, vsyncRate=60.00 Hz, peakRefreshRate=60.00 Hz}}, emitEvent=false, force=false}
[2026-06-14T09:19:55.095Z] [ALL] 06-14 14:49:52.154  1149  1280 I SurfaceFlinger: Current= 120, Period= 60, hwcPeriod= 120
[2026-06-14T09:19:55.103Z] [ALL] 06-14 14:49:52.159  1149  1280 I SurfaceFlinger: Current= 120, Period= 60, hwcPeriod= 120
[2026-06-14T09:19:55.103Z] [ALL] 06-14 14:49:52.160  1149  1149 I SurfaceFlinger: Pop-up window$_29263#104432 Max (can't resolve refresh rate)
[2026-06-14T09:19:55.103Z] [ALL] 06-14 14:49:52.160  1149  1149 I SurfaceFlinger: com.safebank.ai/com.safebank.ai.MainActivity$_29263#104426 voted ExplicitCategory with category: HighHint
[2026-06-14T09:19:55.103Z] [ALL] 06-14 14:49:52.160  1149  1149 I SurfaceFlinger: IdleFps - choose 60.00 Hz
[2026-06-14T09:19:55.103Z] [ALL] 06-14 14:49:52.160  1149  1149 D SurfaceFlinger: initiateModeChange 4633128672291736000 {mode={fps=60.00 Hz, modePtr={id=1, vsyncRate=60.00 Hz, peakRefreshRate=60.00 Hz}}, emitEvent=false, force=false}
[2026-06-14T09:19:55.103Z] [ALL] 06-14 14:49:52.160  1149  1149 I SurfaceFlinger: [4633128672291736000] ActiveConfigToHWC, ID : 4
[2026-06-14T09:19:55.103Z] [ALL] 06-14 14:49:52.162  1062 15192 D display : setActiveConfigWithConstraints:: PrimaryDisplay config(4)
[2026-06-14T09:19:55.103Z] [ALL] 06-14 14:49:52.162  1062 15192 I display : Current VRR MODE is 3
[2026-06-14T09:19:55.103Z] [ALL] 06-14 14:49:52.162  1062 15192 I display : setActiveConfigWithConstraints:: HFR match - config: 5, base: 4, try: 0
[2026-06-14T09:19:55.103Z] [ALL] 06-14 14:49:52.162  1062 15192 I display : setActiveConfigWithConstraints::update 1080x2340@60phs
[2026-06-14T09:19:55.103Z] [ALL] 06-14 14:49:52.163  1062 15192 I display : commit modeset : 1080x2340@60phs
[2026-06-14T09:19:55.111Z] [ALL] 06-14 14:49:52.166  2112  2112 I HotspotTile: onDataSaverChanged: false
[2026-06-14T09:19:55.111Z] [ALL] 06-14 14:49:52.167  2112  2112 I HotspotTile: onHotspotChanged: false
[2026-06-14T09:19:55.111Z] [ALL] 06-14 14:49:52.169  2112  2381 I HotspotTile: handleUpdateState
[2026-06-14T09:19:55.120Z] [ALL] 06-14 14:49:52.175  1062 15192 W display : deliverWinConfigData:: commit modeset time (12 ms)
[2026-06-14T09:19:55.120Z] [ALL] 06-14 14:49:52.176  1062  1159 I display : [compareVsyncPeriod] set the lowest(mode:0) vsync 166 of display(0)
[2026-06-14T09:19:55.120Z] [ALL] 06-14 14:49:52.176  1062  1159 I display : getFpsForPerformance, performance table found using table(key:60, cpu:255)
[2026-06-14T09:19:55.120Z] [ALL] 06-14 14:49:52.176  1062  1159 I display : Set m2mMPP capacity(8) for fps(60)
[2026-06-14T09:19:55.120Z] [ALL] 06-14 14:49:52.176  1062  1159 I display : getFpsForPerformance, performance table found using table(key:60, cpu:255)
[2026-06-14T09:19:55.120Z] [ALL] 06-14 14:49:52.176  1062  1159 I display : Set Affinity config for fps(60) : cpuIDs : 255
[2026-06-14T09:19:55.120Z] [ALL] 06-14 14:49:52.176  1062  1159 I display : Set Affinity CPU ID : 0
[2026-06-14T09:19:55.120Z] [ALL] 06-14 14:49:52.176  1062  1159 I display : Set Affinity CPU ID : 1
[2026-06-14T09:19:55.120Z] [ALL] 06-14 14:49:52.176  1062  1159 I display : Set Affinity CPU ID : 2
[2026-06-14T09:19:55.120Z] [ALL] 06-14 14:49:52.176  1062  1159 I display : Set Affinity CPU ID : 3
[2026-06-14T09:19:55.120Z] [ALL] 06-14 14:49:52.176  1062  1159 I display : Set Affinity CPU ID : 4
[2026-06-14T09:19:55.120Z] [ALL] 06-14 14:49:52.176  1062  1159 I display : Set Affinity CPU ID : 5
[2026-06-14T09:19:55.121Z] [ALL] 06-14 14:49:52.176  1062  1159 I display : Set Affinity CPU ID : 6
[2026-06-14T09:19:55.121Z] [ALL] 06-14 14:49:52.176  1062  1159 I display : Set Affinity CPU ID : 7
[2026-06-14T09:19:55.121Z] [ALL] 06-14 14:49:52.176  1062  1159 I display : Set affinity HWC : 1062
[2026-06-14T09:19:55.121Z] [ALL] 06-14 14:49:52.177  1062  1159 I display : CPU set : Cluster(0), min_clock(0)
[2026-06-14T09:19:55.121Z] [ALL] 06-14 14:49:52.177  1062  1159 I display : CPU set : Cluster(1), min_clock(0)
[2026-06-14T09:19:55.121Z] [ALL] 06-14 14:49:52.177  1062  1159 I display : CPU set : Cluster(2), min_clock(0)
[2026-06-14T09:19:55.121Z] [ALL] 06-14 14:49:52.177  1149  1149 D SurfaceFlinger: GPIS:: requestGpisForSFSluggish
[2026-06-14T09:19:55.121Z] [ALL] 06-14 14:49:52.177  1149  1149 I SurfaceFlinger: finalizeDisplayModeChange 4633128672291736000
[2026-06-14T09:19:55.121Z] [ALL] 06-14 14:49:52.177  1149  1280 I SurfaceFlinger: Current= 120, Period= 60, hwcPeriod= 60
[2026-06-14T09:19:55.128Z] [ALL] 06-14 14:49:52.183  2112  2381 I HotspotTile: handleUpdateState
[2026-06-14T09:19:55.128Z] [ALL] 06-14 14:49:52.184  2112  2381 I HotspotTile: handleUpdateState
[2026-06-14T09:19:55.339Z] [ALL] 06-14 14:49:52.404  1149  1317 D SurfaceFlinger: setDesiredMode 4633128672291736000 {mode={fps=120.00 Hz, modePtr={id=0, vsyncRate=120.00 Hz, peakRefreshRate=120.00 Hz}}, emitEvent=false, force=false}
[2026-06-14T09:19:55.342Z] [ALL] 06-14 14:49:52.406  1149  1280 I SurfaceFlinger: Current= 60, Period= 120, hwcPeriod= 60
[2026-06-14T09:19:55.343Z] [ALL] 06-14 14:49:52.408  1149  1280 I SurfaceFlinger: Current= 60, Period= 120, hwcPeriod= 60
[2026-06-14T09:19:55.353Z] [ALL] 06-14 14:49:52.418  1149  1149 I SurfaceFlinger: Pop-up window$_29263#104432 Max (can't resolve refresh rate)
[2026-06-14T09:19:55.353Z] [ALL] 06-14 14:49:52.418  1149  1149 I SurfaceFlinger: com.safebank.ai/com.safebank.ai.MainActivity$_29263#104426 voted ExplicitCategory with category: HighHint
[2026-06-14T09:19:55.353Z] [ALL] 06-14 14:49:52.418  1149  1149 I SurfaceFlinger: HRR ignores Pop-up window$_29263#104432 (type=Max, weight=0.02, seamlessness=Default) 0.00 Hz's 120.00 Hz
[2026-06-14T09:19:55.353Z] [ALL] 06-14 14:49:52.418  1149  1149 I SurfaceFlinger: Touch Boost [late] - choose 120.00 Hz
[2026-06-14T09:19:55.353Z] [ALL] 06-14 14:49:52.419  1149  1149 D SurfaceFlinger: initiateModeChange 4633128672291736000 {mode={fps=120.00 Hz, modePtr={id=0, vsyncRate=120.00 Hz, peakRefreshRate=120.00 Hz}}, emitEvent=false, force=false}
[2026-06-14T09:19:55.353Z] [ALL] 06-14 14:49:52.419  1149  1149 I SurfaceFlinger: [4633128672291736000] ActiveConfigToHWC, ID : 3
[2026-06-14T09:19:55.360Z] [ALL] 06-14 14:49:52.420  1062 15192 D display : setActiveConfigWithConstraints:: PrimaryDisplay config(3)
[2026-06-14T09:19:55.360Z] [ALL] 06-14 14:49:52.420  1062 15192 I display : Current VRR MODE is 3
[2026-06-14T09:19:55.360Z] [ALL] 06-14 14:49:52.421  1062 15192 I display : setActiveConfigWithConstraints:: HFR match - config: 3, base: 3, try: 1
[2026-06-14T09:19:55.360Z] [ALL] 06-14 14:49:52.421  1062 15192 I display : setActiveConfigWithConstraints::update 1080x2340@120hs
[2026-06-14T09:19:55.360Z] [ALL] 06-14 14:49:52.421  1062 15192 I display : commit modeset : 1080x2340@120hs
[2026-06-14T09:19:55.378Z] [ALL] 06-14 14:49:52.442  1062 15192 W display : deliverWinConfigData:: commit modeset time (20 ms)
[2026-06-14T09:19:55.379Z] [ALL] 06-14 14:49:52.443  1062  1159 I display : [compareVsyncPeriod] set the lowest(mode:0) vsync 83 of display(0)
[2026-06-14T09:19:55.379Z] [ALL] 06-14 14:49:52.443  1062  1159 I display : getFpsForPerformance, performance table found using table(key:120, cpu:255)
[2026-06-14T09:19:55.379Z] [ALL] 06-14 14:49:52.443  1062  1159 I display : Set m2mMPP capacity(4) for fps(120)
[2026-06-14T09:19:55.379Z] [ALL] 06-14 14:49:52.443  1062  1159 I display : getFpsForPerformance, performance table found using table(key:120, cpu:255)
[2026-06-14T09:19:55.379Z] [ALL] 06-14 14:49:52.443  1062  1159 I display : Set Affinity config for fps(120) : cpuIDs : 255
[2026-06-14T09:19:55.379Z] [ALL] 06-14 14:49:52.443  1062  1159 I display : Set Affinity CPU ID : 0
[2026-06-14T09:19:55.379Z] [ALL] 06-14 14:49:52.443  1062  1159 I display : Set Affinity CPU ID : 1
[2026-06-14T09:19:55.379Z] [ALL] 06-14 14:49:52.443  1062  1159 I display : Set Affinity CPU ID : 2
[2026-06-14T09:19:55.379Z] [ALL] 06-14 14:49:52.443  1062  1159 I display : Set Affinity CPU ID : 3
[2026-06-14T09:19:55.379Z] [ALL] 06-14 14:49:52.443  1062  1159 I display : Set Affinity CPU ID : 4
[2026-06-14T09:19:55.379Z] [ALL] 06-14 14:49:52.443  1062  1159 I display : Set Affinity CPU ID : 5
[2026-06-14T09:19:55.379Z] [ALL] 06-14 14:49:52.443  1062  1159 I display : Set Affinity CPU ID : 6
[2026-06-14T09:19:55.379Z] [ALL] 06-14 14:49:52.443  1062  1159 I display : Set Affinity CPU ID : 7
[2026-06-14T09:19:55.379Z] [ALL] 06-14 14:49:52.443  1062  1159 I display : Set affinity HWC : 1062
[2026-06-14T09:19:55.379Z] [ALL] 06-14 14:49:52.443  1062  1159 I display : CPU set : Cluster(0), min_clock(0)
[2026-06-14T09:19:55.379Z] [ALL] 06-14 14:49:52.443  1062  1159 I display : CPU set : Cluster(1), min_clock(0)
[2026-06-14T09:19:55.379Z] [ALL] 06-14 14:49:52.443  1062  1159 I display : CPU set : Cluster(2), min_clock(0)
[2026-06-14T09:19:55.379Z] [ALL] 06-14 14:49:52.444  1149  1149 I SurfaceFlinger: finalizeDisplayModeChange 4633128672291736000
[2026-06-14T09:19:55.379Z] [ALL] 06-14 14:49:52.445  1149  1280 I SurfaceFlinger: Current= 60, Period= 120, hwcPeriod= 120
[2026-06-14T09:19:55.454Z] [ALL] 06-14 14:49:52.485   747   747 D io_stats: !@   8,0 r 79297422 1564736245 w 12632823 206928820 d 4199652 257985032 f 0 1103266 iot 28541244 0 th 0 0 0 pt 0 inp 0 0 179606.875
[2026-06-14T09:19:55.540Z] [ALL] 06-14 14:49:52.605  4132  5524 I SDHMS:x : SIOP:: AP:397 BAT:368 USB:363 CHG:387 PA:402 CP:391 WIFI:382 BLK:0 SUBBAT:0 LRPTHM:375 SKIN:360 SKINF:355 SKINB:360 LRP:360 LRP2:360 LRF2:355 LRB2:360 AP2:359 CHG2:351 MEM2:358 WIFI2:360 SPK2:348 VAP02:391 VWIFI:382 AVGCUR:3 AVGSYS:348 POWER:12
[2026-06-14T09:19:55.592Z] [ALL] 06-14 14:49:52.655  1149  1317 D SurfaceFlinger: setDesiredMode 4633128672291736000 {mode={fps=60.00 Hz, modePtr={id=1, vsyncRate=60.00 Hz, peakRefreshRate=60.00 Hz}}, emitEvent=false, force=false}
[2026-06-14T09:19:55.593Z] [ALL] 06-14 14:49:52.657  1149  1149 I SurfaceFlinger: com.safebank.ai/com.safebank.ai.MainActivity$_29263#104426 voted ExplicitCategory with category: HighHint
[2026-06-14T09:19:55.593Z] [ALL] 06-14 14:49:52.657  1149  1149 I SurfaceFlinger: IdleFps - choose 60.00 Hz
[2026-06-14T09:19:55.593Z] [ALL] 06-14 14:49:52.657  1149  1149 D SurfaceFlinger: initiateModeChange 4633128672291736000 {mode={fps=60.00 Hz, modePtr={id=1, vsyncRate=60.00 Hz, peakRefreshRate=60.00 Hz}}, emitEvent=false, force=false}
[2026-06-14T09:19:55.593Z] [ALL] 06-14 14:49:52.657  1149  1149 I SurfaceFlinger: [4633128672291736000] ActiveConfigToHWC, ID : 4
[2026-06-14T09:19:55.593Z] [ALL] 06-14 14:49:52.659  1149  1280 I SurfaceFlinger: Current= 120, Period= 60, hwcPeriod= 120
[2026-06-14T09:19:55.593Z] [ALL] 06-14 14:49:52.659  1062 15192 D display : setActiveConfigWithConstraints:: PrimaryDisplay config(4)
[2026-06-14T09:19:55.593Z] [ALL] 06-14 14:49:52.659  1062 15192 I display : Current VRR MODE is 3
[2026-06-14T09:19:55.593Z] [ALL] 06-14 14:49:52.659  1062 15192 I display : setActiveConfigWithConstraints:: HFR match - config: 5, base: 4, try: 0
[2026-06-14T09:19:55.593Z] [ALL] 06-14 14:49:52.659  1062 15192 I display : setActiveConfigWithConstraints::update 1080x2340@60phs
[2026-06-14T09:19:55.593Z] [ALL] 06-14 14:49:52.660  1062 15192 I display : commit modeset : 1080x2340@60phs
[2026-06-14T09:19:55.598Z] [ALL] 06-14 14:49:52.664 28684 28729 I appium  : channel read: POST /session/96346e06-b795-4772-a936-71e77e178b18/element
[2026-06-14T09:19:55.602Z] [ALL] 06-14 14:49:52.665 28684 28729 I appium  : FindElement command
[2026-06-14T09:19:55.602Z] [ALL] 06-14 14:49:52.666 28684 28729 I appium  : method: 'xpath', selector: '//*[@resource-id="login_submit_btn" or @content-desc="login_submit_btn" or @text="Login" or @text="LOGIN"]'
[2026-06-14T09:19:55.602Z] [ALL] 06-14 14:49:52.666 28684 28729 I appium  : Waiting up to 10000ms for the device to idle
[2026-06-14T09:19:55.602Z] [ALL] 06-14 14:49:52.668 28684 28729 I appium  : The following attributes will be included to the page source: [text, resource-id, content-desc]
[2026-06-14T09:19:55.608Z] [ALL] 06-14 14:49:52.675  1062 15192 W display : deliverWinConfigData:: commit modeset time (15 ms)
[2026-06-14T09:19:55.611Z] [ALL] 06-14 14:49:52.675  1062  1159 I display : [compareVsyncPeriod] set the lowest(mode:0) vsync 166 of display(0)
[2026-06-14T09:19:55.611Z] [ALL] 06-14 14:49:52.675  1062  1159 I display : getFpsForPerformance, performance table found using table(key:60, cpu:255)
[2026-06-14T09:19:55.611Z] [ALL] 06-14 14:49:52.675  1062  1159 I display : Set m2mMPP capacity(8) for fps(60)
[2026-06-14T09:19:55.611Z] [ALL] 06-14 14:49:52.675  1062  1159 I display : getFpsForPerformance, performance table found using table(key:60, cpu:255)
[2026-06-14T09:19:55.614Z] [ALL] 06-14 14:49:52.675  1062  1159 I display : Set Affinity config for fps(60) : cpuIDs : 255
[2026-06-14T09:19:55.614Z] [ALL] 06-14 14:49:52.675  1062  1159 I display : Set Affinity CPU ID : 0
[2026-06-14T09:19:55.614Z] [ALL] 06-14 14:49:52.675  1062  1159 I display : Set Affinity CPU ID : 1
[2026-06-14T09:19:55.614Z] [ALL] 06-14 14:49:52.675  1062  1159 I display : Set Affinity CPU ID : 2
[2026-06-14T09:19:55.614Z] [ALL] 06-14 14:49:52.675  1062  1159 I display : Set Affinity CPU ID : 3
[2026-06-14T09:19:55.614Z] [ALL] 06-14 14:49:52.675  1062  1159 I display : Set Affinity CPU ID : 4
[2026-06-14T09:19:55.614Z] [ALL] 06-14 14:49:52.675  1062  1159 I display : Set Affinity CPU ID : 5
[2026-06-14T09:19:55.614Z] [ALL] 06-14 14:49:52.675  1062  1159 I display : Set Affinity CPU ID : 6
[2026-06-14T09:19:55.614Z] [ALL] 06-14 14:49:52.675  1062  1159 I display : Set Affinity CPU ID : 7
[2026-06-14T09:19:55.614Z] [ALL] 06-14 14:49:52.675  1062  1159 I display : Set affinity HWC : 1062
[2026-06-14T09:19:55.614Z] [ALL] 06-14 14:49:52.676  1062  1159 I display : CPU set : Cluster(0), min_clock(0)
[2026-06-14T09:19:55.614Z] [ALL] 06-14 14:49:52.676  1062  1159 I display : CPU set : Cluster(1), min_clock(0)
[2026-06-14T09:19:55.614Z] [ALL] 06-14 14:49:52.676  1062  1159 I display : CPU set : Cluster(2), min_clock(0)
[2026-06-14T09:19:55.614Z] [ALL] 06-14 14:49:52.676  1149  1149 I SurfaceFlinger: finalizeDisplayModeChange 4633128672291736000
[2026-06-14T09:19:55.614Z] [ALL] 06-14 14:49:52.676  1149  1280 I SurfaceFlinger: Current= 120, Period= 60, hwcPeriod= 60
[2026-06-14T09:19:55.726Z] [ALL] 06-14 14:49:52.790 28684 28729 I appium  : Took 0ms to retrieve 0 matches for '//*[@resource-id="login_submit_btn" or @content-desc="login_submit_btn" or @text="Login" or @text="LOGIN"]' XPath2 query
[2026-06-14T09:19:55.728Z] [ALL] 06-14 14:49:52.793 28684 28729 I appium  : AppiumResponse: {"sessionId":"96346e06-b795-4772-a936-71e77e178b18","value":{"error":"no such element","message":"An element could not be located on the page using the given search parameters","stacktrace":"io.appium.uiautomator2.common.exceptions.ElementNotFoundException: An element could not be located on the page using the given search parameters\n\tat io.appium.uiautomator2.utils.ElementLocationHelpers.findElement(ElementLocationHelpers.java:153)\n\tat io.appium.uiautomator2.handler.FindElement.safeHandle(FindElement.java:60)\n\tat io.appium.uiautomator2.handler.request.SafeRequestHandler.handle(SafeRequestHandler.java:59)\n\tat io.appium.uiautomator2.server.AppiumServlet.handleRequest(AppiumServlet.java:267)\n\tat io.appium.uiautomator2.server.AppiumServlet.handleHttpRequest(AppiumServlet.java:261)\n\tat io.appium.uiautomator2.http.ServerHandler.channelRead(ServerHandler.java:77)\n\tat io.netty.channel.AbstractChannelHandlerContext.fireChannelRead(AbstractChannelHandlerContext.java:357)\n\tat io.netty.handler.codec.MessageToMessageDecoder.channelRead(MessageToMessageDecoder.java:107)\n\tat io.netty.channel.AbstractChannelHandlerContext.fireChannelRead(AbstractChannelHandlerContext.java:357)\n\tat io.netty.channel.CombinedChannelDuplexHandler$DelegatingChannelHandlerContext.fireChannelRead(CombinedChannelDuplexHandler.java:434)\n\tat io.netty.handler.codec.ByteToMessageDecoder.fireChannelRead(ByteToMessageDecoder.java:361)\n\tat io.netty.handler.codec.ByteToMessageDecoder.channelRead(ByteToMessageDecoder.java:325)\n\tat io.netty.channel.CombinedChannelDuplexHandler.channelRead(CombinedChannelDuplexHandler.java:249)\n\tat io.netty.channel.AbstractChannelHandlerContext.fireChannelRead(AbstractChannelHandlerContext.java:355)\n\tat io.netty.handler.timeout.IdleStateHandler.channelRead(IdleStateHandler.java:288)\n\tat io.netty.channel.AbstractChannelHandlerContext.fireChannelRead(AbstractChannelHandlerContext.java:355)\n\tat io.netty.channel.DefaultChannelPipeline$HeadContext.channelRead(DefaultChannelPipeline.java:1429)\n\tat io.netty.channel.DefaultChannelPipeline.fireChannelRead(DefaultChannelPipeline.java:918)\n\tat io.netty.channel.nio.AbstractNioByteChannel$NioByteUnsafe.read(AbstractNioByteChannel.java:176)\n\tat io.netty.channel.nio.AbstractNioChannel$AbstractNioUnsafe.handle(AbstractNioChannel.java:445)\n\tat io.netty.channel.nio.NioIoHandler$DefaultNioRegistration.handle(NioIoHandler.java:388)\n\tat io.netty.channel.nio.NioIoHandler.processSelectedKey(NioIoHandler.java:596)\n\tat io.netty.channel.nio.NioIoHandler.processSelectedKeysOptimized(NioIoHandler.java:571)\n\tat io.netty.channel.nio.NioIoHandler.processSelectedKeys(NioIoHandler.java:512)\n\tat io.netty.channel.nio.NioIoHandler.run(NioIoHandler.java:484)\n\tat io.netty.channel.SingleThreadIoEventLoop.runIo(SingleThreadIoEventLoop.java:225)\n\tat io.netty.channel.SingleThreadIoEventLoop.run(SingleThreadIoEventLoop.java:196)\n\tat io.netty.util.concurrent.SingleThreadEventExecutor$5.run(SingleThreadEventExecutor.java:1195)\n\tat io.netty.util.internal.ThreadExecutorMap$2.run(ThreadExecutorMap.java:74)\n\tat io.netty.util.concurrent.FastThreadLocalRunnable.run(FastThreadLocalRunnable.java:30)\n\tat java.lang.Thread.run(Thread.java:1564)\n"}}
[2026-06-14T09:19:55.761Z] [ALL] 06-14 14:49:52.822  1486  1828 I SemWifiServiceDetector: Service det. suspended: T / T / 19967
[2026-06-14T09:19:55.837Z] [ALL] 06-14 14:49:52.902  1149  1317 D SurfaceFlinger: setDesiredMode 4633128672291736000 {mode={fps=120.00 Hz, modePtr={id=0, vsyncRate=120.00 Hz, peakRefreshRate=120.00 Hz}}, emitEvent=false, force=false}
[2026-06-14T09:19:55.839Z] [ALL] 06-14 14:49:52.904  1149  1280 I SurfaceFlinger: Current= 60, Period= 120, hwcPeriod= 60
[2026-06-14T09:19:55.843Z] [ALL] 06-14 14:49:52.909  1149  1280 I SurfaceFlinger: Current= 60, Period= 120, hwcPeriod= 60
[2026-06-14T09:19:55.853Z] [ALL] 06-14 14:49:52.917  1149  1149 I SurfaceFlinger: SFWD update time=179607307282574
[2026-06-14T09:19:55.854Z] [ALL] 06-14 14:49:52.919  1149  1149 I SurfaceFlinger: com.safebank.ai/com.safebank.ai.MainActivity$_29263#104426 voted ExplicitCategory with category: HighHint
[2026-06-14T09:19:55.854Z] [ALL] 06-14 14:49:52.919  1149  1149 I SurfaceFlinger: Touch Boost [late] - choose 120.00 Hz
[2026-06-14T09:19:55.854Z] [ALL] 06-14 14:49:52.919  1149  1149 D SurfaceFlinger: initiateModeChange 4633128672291736000 {mode={fps=120.00 Hz, modePtr={id=0, vsyncRate=120.00 Hz, peakRefreshRate=120.00 Hz}}, emitEvent=false, force=false}
[2026-06-14T09:19:55.854Z] [ALL] 06-14 14:49:52.919  1149  1149 I SurfaceFlinger: [4633128672291736000] ActiveConfigToHWC, ID : 3
[2026-06-14T09:19:55.858Z] [ALL] 06-14 14:49:52.921  1062 15192 D display : setActiveConfigWithConstraints:: PrimaryDisplay config(3)
[2026-06-14T09:19:55.858Z] [ALL] 06-14 14:49:52.921  1062 15192 I display : Current VRR MODE is 3
[2026-06-14T09:19:55.858Z] [ALL] 06-14 14:49:52.921  1062 15192 I display : setActiveConfigWithConstraints:: HFR match - config: 3, base: 3, try: 1
[2026-06-14T09:19:55.858Z] [ALL] 06-14 14:49:52.921  1062 15192 I display : setActiveConfigWithConstraints::update 1080x2340@120hs
[2026-06-14T09:19:55.858Z] [ALL] 06-14 14:49:52.921  1062 15192 I display : commit modeset : 1080x2340@120hs
[2026-06-14T09:19:55.880Z] [ALL] 06-14 14:49:52.942  1062 15192 W display : deliverWinConfigData:: commit modeset time (20 ms)
[2026-06-14T09:19:55.881Z] [ALL] 06-14 14:49:52.943  1062  1159 I display : [compareVsyncPeriod] set the lowest(mode:0) vsync 83 of display(0)
[2026-06-14T09:19:55.881Z] [ALL] 06-14 14:49:52.943  1062  1159 I display : getFpsForPerformance, performance table found using table(key:120, cpu:255)
[2026-06-14T09:19:55.881Z] [ALL] 06-14 14:49:52.943  1062  1159 I display : Set m2mMPP capacity(4) for fps(120)
[2026-06-14T09:19:55.881Z] [ALL] 06-14 14:49:52.943  1062  1159 I display : getFpsForPerformance, performance table found using table(key:120, cpu:255)
[2026-06-14T09:19:55.881Z] [ALL] 06-14 14:49:52.943  1062  1159 I display : Set Affinity config for fps(120) : cpuIDs : 255
[2026-06-14T09:19:55.881Z] [ALL] 06-14 14:49:52.943  1062  1159 I display : Set Affinity CPU ID : 0
[2026-06-14T09:19:55.881Z] [ALL] 06-14 14:49:52.943  1062  1159 I display : Set Affinity CPU ID : 1
[2026-06-14T09:19:55.881Z] [ALL] 06-14 14:49:52.943  1062  1159 I display : Set Affinity CPU ID : 2
[2026-06-14T09:19:55.881Z] [ALL] 06-14 14:49:52.943  1062  1159 I display : Set Affinity CPU ID : 3
[2026-06-14T09:19:55.881Z] [ALL] 06-14 14:49:52.943  1062  1159 I display : Set Affinity CPU ID : 4
[2026-06-14T09:19:55.881Z] [ALL] 06-14 14:49:52.943  1062  1159 I display : Set Affinity CPU ID : 5
[2026-06-14T09:19:55.881Z] [ALL] 06-14 14:49:52.943  1062  1159 I display : Set Affinity CPU ID : 6
[2026-06-14T09:19:55.881Z] [ALL] 06-14 14:49:52.943  1062  1159 I display : Set Affinity CPU ID : 7
[2026-06-14T09:19:55.881Z] [ALL] 06-14 14:49:52.943  1062  1159 I display : Set affinity HWC : 1062
[2026-06-14T09:19:55.881Z] [ALL] 06-14 14:49:52.944  1062  1159 I display : CPU set : Cluster(0), min_clock(0)
[2026-06-14T09:19:55.881Z] [ALL] 06-14 14:49:52.944  1062  1159 I display : CPU set : Cluster(1), min_clock(0)
[2026-06-14T09:19:55.881Z] [ALL] 06-14 14:49:52.944  1062  1159 I display : CPU set : Cluster(2), min_clock(0)
[2026-06-14T09:19:55.881Z] [ALL] 06-14 14:49:52.944  1149  1280 I SurfaceFlinger: Current= 60, Period= 120, hwcPeriod= 120
[2026-06-14T09:19:55.881Z] [ALL] 06-14 14:49:52.945  1149  1149 I SurfaceFlinger: finalizeDisplayModeChange 4633128672291736000
[2026-06-14T09:19:55.953Z] [ALL] 06-14 14:49:53.015  1486  1729 D WifiStaIfaceHidlImpl: getCachedScanData is not implemented by HIDL
[2026-06-14T09:19:55.964Z] [ALL] 06-14 14:49:53.027  1486  3494 D SemWifiUsabilityStatsMonitor: onWifiUsabilityStats - seqNum 22602, isSameBssidAndFreq true
[2026-06-14T09:19:55.964Z] [ALL] 06-14 14:49:53.027  2072  2072 I EPDG-0 [WifiProfiler]: handleWifiRssiIntent, rssi=-53
[2026-06-14T09:19:55.964Z] [ALL] 06-14 14:49:53.027  2072  2072 I EPDG-0 [WifiProfiler]: isProfiling, hash=189204772, started=true
[2026-06-14T09:19:55.964Z] [ALL] 06-14 14:49:53.028  2072  2072 I EPDG-0 [LogMetrics]: set, type=WIFI_RSSI_LAST, value=-53
[2026-06-14T09:19:55.964Z] [ALL] 06-14 14:49:53.028  2072  2072 I EPDG-0 [WifiProfiler]: isProfiling, hash=189204772, started=true
[2026-06-14T09:19:55.967Z] [ALL] 06-14 14:49:53.031  2072  2072 I EPDG-0 [WifiProfiler]: Rssi : -53 highrange : -75 lowrange : -85 mIsRssiInHystersis : false
[2026-06-14T09:19:55.967Z] [ALL] 06-14 14:49:53.031  2072  2072 I EPDG-0 [WifiProfiler]: Rssi : -53 highrange : -75 lowrange : -85 mIsRssiInHystersis : false
[2026-06-14T09:19:55.967Z] [ALL] 06-14 14:49:53.032  2072  2072 I EPDG-0 [Subscription]: isEpdgAvailable, IwlanPsState=2/2
[2026-06-14T09:19:55.967Z] [ALL] 06-14 14:49:53.032  2072  2072 I EPDG-0 [WifiProfiler]: getHandoverThresholdMet: value is: false
[2026-06-14T09:19:56.089Z] [ALL] 06-14 14:49:53.152  1149  1317 D SurfaceFlinger: setDesiredMode 4633128672291736000 {mode={fps=60.00 Hz, modePtr={id=1, vsyncRate=60.00 Hz, peakRefreshRate=60.00 Hz}}, emitEvent=false, force=false}
[2026-06-14T09:19:56.092Z] [ALL] 06-14 14:49:53.155  1149  1149 I SurfaceFlinger: com.safebank.ai/com.safebank.ai.MainActivity$_29263#104426 voted ExplicitCategory with category: HighHint
[2026-06-14T09:19:56.092Z] [ALL] 06-14 14:49:53.155  1149  1149 I SurfaceFlinger: IdleFps - choose 60.00 Hz
[2026-06-14T09:19:56.092Z] [ALL] 06-14 14:49:53.155  1149  1149 D SurfaceFlinger: initiateModeChange 4633128672291736000 {mode={fps=60.00 Hz, modePtr={id=1, vsyncRate=60.00 Hz, peakRefreshRate=60.00 Hz}}, emitEvent=false, force=false}
[2026-06-14T09:19:56.092Z] [ALL] 06-14 14:49:53.155  1149  1149 I SurfaceFlinger: [4633128672291736000] ActiveConfigToHWC, ID : 4
[2026-06-14T09:19:56.094Z] [ALL] 06-14 14:49:53.157  1149  1280 I SurfaceFlinger: Current= 120, Period= 60, hwcPeriod= 120
[2026-06-14T09:19:56.094Z] [ALL] 06-14 14:49:53.158  1149  1280 I SurfaceFlinger: Current= 120, Period= 60, hwcPeriod= 120
[2026-06-14T09:19:56.096Z] [ALL] 06-14 14:49:53.159  1062 15192 D display : setActiveConfigWithConstraints:: PrimaryDisplay config(4)
[2026-06-14T09:19:56.096Z] [ALL] 06-14 14:49:53.159  1062 15192 I display : Current VRR MODE is 3
[2026-06-14T09:19:56.097Z] [ALL] 06-14 14:49:53.159  1062 15192 I display : setActiveConfigWithConstraints:: HFR match - config: 5, base: 4, try: 0
[2026-06-14T09:19:56.097Z] [ALL] 06-14 14:49:53.159  1062 15192 I display : setActiveConfigWithConstraints::update 1080x2340@60phs
[2026-06-14T09:19:56.097Z] [ALL] 06-14 14:49:53.159  1062 15192 I display : commit modeset : 1080x2340@60phs
[2026-06-14T09:19:56.111Z] [ALL] 06-14 14:49:53.175  1062 15192 W display : deliverWinConfigData:: commit modeset time (15 ms)
[2026-06-14T09:19:56.114Z] [ALL] 06-14 14:49:53.176  1062  1159 I display : [compareVsyncPeriod] set the lowest(mode:0) vsync 166 of display(0)
[2026-06-14T09:19:56.114Z] [ALL] 06-14 14:49:53.176  1062  1159 I display : getFpsForPerformance, performance table found using table(key:60, cpu:255)
[2026-06-14T09:19:56.114Z] [ALL] 06-14 14:49:53.176  1062  1159 I display : Set m2mMPP capacity(8) for fps(60)
[2026-06-14T09:19:56.114Z] [ALL] 06-14 14:49:53.176  1062  1159 I display : getFpsForPerformance, performance table found using table(key:60, cpu:255)
[2026-06-14T09:19:56.114Z] [ALL] 06-14 14:49:53.176  1062  1159 I display : Set Affinity config for fps(60) : cpuIDs : 255
[2026-06-14T09:19:56.114Z] [ALL] 06-14 14:49:53.176  1062  1159 I display : Set Affinity CPU ID : 0
[2026-06-14T09:19:56.114Z] [ALL] 06-14 14:49:53.176  1062  1159 I display : Set Affinity CPU ID : 1
[2026-06-14T09:19:56.114Z] [ALL] 06-14 14:49:53.177  1062  1159 I display : Set Affinity CPU ID : 2
[2026-06-14T09:19:56.114Z] [ALL] 06-14 14:49:53.177  1062  1159 I display : Set Affinity CPU ID : 3
[2026-06-14T09:19:56.114Z] [ALL] 06-14 14:49:53.177  1062  1159 I display : Set Affinity CPU ID : 4
[2026-06-14T09:19:56.114Z] [ALL] 06-14 14:49:53.177  1062  1159 I display : Set Affinity CPU ID : 5
[2026-06-14T09:19:56.114Z] [ALL] 06-14 14:49:53.177  1062  1159 I display : Set Affinity CPU ID : 6
[2026-06-14T09:19:56.114Z] [ALL] 06-14 14:49:53.177  1062  1159 I display : Set Affinity CPU ID : 7
[2026-06-14T09:19:56.114Z] [ALL] 06-14 14:49:53.177  1062  1159 I display : Set affinity HWC : 1062
[2026-06-14T09:19:56.114Z] [ALL] 06-14 14:49:53.177  1062  1159 I display : CPU set : Cluster(0), min_clock(0)
[2026-06-14T09:19:56.114Z] [ALL] 06-14 14:49:53.177  1062  1159 I display : CPU set : Cluster(1), min_clock(0)
[2026-06-14T09:19:56.114Z] [ALL] 06-14 14:49:53.177  1062  1159 I display : CPU set : Cluster(2), min_clock(0)
[2026-06-14T09:19:56.114Z] [ALL] 06-14 14:49:53.177  1149  1149 I SurfaceFlinger: finalizeDisplayModeChange 4633128672291736000
[2026-06-14T09:19:56.114Z] [ALL] 06-14 14:49:53.177  1149  1280 I SurfaceFlinger: Current= 120, Period= 60, hwcPeriod= 60
[2026-06-14T09:19:56.243Z] [ALL] 06-14 14:49:53.310 28684 28729 I appium  : channel read: POST /session/96346e06-b795-4772-a936-71e77e178b18/element
[2026-06-14T09:19:56.245Z] [ALL] 06-14 14:49:53.311 28684 28729 I appium  : FindElement command
[2026-06-14T09:19:56.246Z] [ALL] 06-14 14:49:53.312 28684 28729 I appium  : method: 'xpath', selector: '//*[@resource-id="login_submit_btn" or @content-desc="login_submit_btn" or @text="Login" or @text="LOGIN"]'
[2026-06-14T09:19:56.246Z] [ALL] 06-14 14:49:53.312 28684 28729 I appium  : Waiting up to 10000ms for the device to idle
[2026-06-14T09:19:56.250Z] [ALL] 06-14 14:49:53.314 28684 28729 I appium  : The following attributes will be included to the page source: [text, resource-id, content-desc]
[2026-06-14T09:19:56.337Z] [ALL] 06-14 14:49:53.402  1149  1317 D SurfaceFlinger: setDesiredMode 4633128672291736000 {mode={fps=120.00 Hz, modePtr={id=0, vsyncRate=120.00 Hz, peakRefreshRate=120.00 Hz}}, emitEvent=false, force=false}
[2026-06-14T09:19:56.340Z] [ALL] 06-14 14:49:53.405  1149  1280 I SurfaceFlinger: Current= 60, Period= 120, hwcPeriod= 60
[2026-06-14T09:19:56.343Z] [ALL] 06-14 14:49:53.409  1149  1280 I SurfaceFlinger: Current= 60, Period= 120, hwcPeriod= 60
[2026-06-14T09:19:56.356Z] [ALL] 06-14 14:49:53.418  1149  1149 I SurfaceFlinger: com.safebank.ai/com.safebank.ai.MainActivity$_29263#104426 voted ExplicitCategory with category: HighHint
[2026-06-14T09:19:56.356Z] [ALL] 06-14 14:49:53.418  1149  1149 I SurfaceFlinger: Touch Boost [late] - choose 120.00 Hz
[2026-06-14T09:19:56.356Z] [ALL] 06-14 14:49:53.419  1149  1149 D SurfaceFlinger: initiateModeChange 4633128672291736000 {mode={fps=120.00 Hz, modePtr={id=0, vsyncRate=120.00 Hz, peakRefreshRate=120.00 Hz}}, emitEvent=false, force=false}
[2026-06-14T09:19:56.356Z] [ALL] 06-14 14:49:53.419  1149  1149 I SurfaceFlinger: [4633128672291736000] ActiveConfigToHWC, ID : 3
[2026-06-14T09:19:56.358Z] [ALL] 06-14 14:49:53.421  1062 15192 D display : setActiveConfigWithConstraints:: PrimaryDisplay config(3)
[2026-06-14T09:19:56.360Z] [ALL] 06-14 14:49:53.421  1062 15192 I display : Current VRR MODE is 3
[2026-06-14T09:19:56.360Z] [ALL] 06-14 14:49:53.421  1062 15192 I display : setActiveConfigWithConstraints:: HFR match - config: 3, base: 3, try: 1
[2026-06-14T09:19:56.360Z] [ALL] 06-14 14:49:53.421  1062 15192 I display : setActiveConfigWithConstraints::update 1080x2340@120hs
[2026-06-14T09:19:56.360Z] [ALL] 06-14 14:49:53.421  1062 15192 I display : commit modeset : 1080x2340@120hs
[2026-06-14T09:19:56.381Z] [ALL] 06-14 14:49:53.442  1062 15192 W display : deliverWinConfigData:: commit modeset time (20 ms)
[2026-06-14T09:19:56.384Z] [ALL] 06-14 14:49:53.444  1062  1159 I display : [compareVsyncPeriod] set the lowest(mode:0) vsync 83 of display(0)
[2026-06-14T09:19:56.384Z] [ALL] 06-14 14:49:53.444  1062  1159 I display : getFpsForPerformance, performance table found using table(key:120, cpu:255)
[2026-06-14T09:19:56.384Z] [ALL] 06-14 14:49:53.444  1062  1159 I display : Set m2mMPP capacity(4) for fps(120)
[2026-06-14T09:19:56.386Z] [ALL] 06-14 14:49:53.444  1062  1159 I display : getFpsForPerformance, performance table found using table(key:120, cpu:255)
[2026-06-14T09:19:56.386Z] [ALL] 06-14 14:49:53.444  1062  1159 I display : Set Affinity config for fps(120) : cpuIDs : 255
[2026-06-14T09:19:56.386Z] [ALL] 06-14 14:49:53.444  1062  1159 I display : Set Affinity CPU ID : 0
[2026-06-14T09:19:56.386Z] [ALL] 06-14 14:49:53.444  1062  1159 I display : Set Affinity CPU ID : 1
[2026-06-14T09:19:56.386Z] [ALL] 06-14 14:49:53.444  1062  1159 I display : Set Affinity CPU ID : 2
[2026-06-14T09:19:56.386Z] [ALL] 06-14 14:49:53.444  1062  1159 I display : Set Affinity CPU ID : 3
[2026-06-14T09:19:56.386Z] [ALL] 06-14 14:49:53.444  1062  1159 I display : Set Affinity CPU ID : 4
[2026-06-14T09:19:56.386Z] [ALL] 06-14 14:49:53.444  1062  1159 I display : Set Affinity CPU ID : 5
[2026-06-14T09:19:56.386Z] [ALL] 06-14 14:49:53.444  1062  1159 I display : Set Affinity CPU ID : 6
[2026-06-14T09:19:56.386Z] [ALL] 06-14 14:49:53.444  1062  1159 I display : Set Affinity CPU ID : 7
[2026-06-14T09:19:56.386Z] [ALL] 06-14 14:49:53.444  1062  1159 I display : Set affinity HWC : 1062
[2026-06-14T09:19:56.386Z] [ALL] 06-14 14:49:53.444  1062  1159 I display : CPU set : Cluster(0), min_clock(0)
[2026-06-14T09:19:56.386Z] [ALL] 06-14 14:49:53.444  1062  1159 I display : CPU set : Cluster(1), min_clock(0)
[2026-06-14T09:19:56.386Z] [ALL] 06-14 14:49:53.444  1062  1159 I display : CPU set : Cluster(2), min_clock(0)
[2026-06-14T09:19:56.386Z] [ALL] 06-14 14:49:53.444  1149  1149 I SurfaceFlinger: finalizeDisplayModeChange 4633128672291736000
[2026-06-14T09:19:56.386Z] [ALL] 06-14 14:49:53.445  1149  1280 I SurfaceFlinger: Current= 60, Period= 120, hwcPeriod= 120
[2026-06-14T09:19:56.413Z] [ALL] 06-14 14:49:53.479 28684 28729 I appium  : Took 0ms to retrieve 0 matches for '//*[@resource-id="login_submit_btn" or @content-desc="login_submit_btn" or @text="Login" or @text="LOGIN"]' XPath2 query
[2026-06-14T09:19:56.417Z] [ALL] 06-14 14:49:53.481 28684 28729 I appium  : AppiumResponse: {"sessionId":"96346e06-b795-4772-a936-71e77e178b18","value":{"error":"no such element","message":"An element could not be located on the page using the given search parameters","stacktrace":"io.appium.uiautomator2.common.exceptions.ElementNotFoundException: An element could not be located on the page using the given search parameters\n\tat io.appium.uiautomator2.utils.ElementLocationHelpers.findElement(ElementLocationHelpers.java:153)\n\tat io.appium.uiautomator2.handler.FindElement.safeHandle(FindElement.java:60)\n\tat io.appium.uiautomator2.handler.request.SafeRequestHandler.handle(SafeRequestHandler.java:59)\n\tat io.appium.uiautomator2.server.AppiumServlet.handleRequest(AppiumServlet.java:267)\n\tat io.appium.uiautomator2.server.AppiumServlet.handleHttpRequest(AppiumServlet.java:261)\n\tat io.appium.uiautomator2.http.ServerHandler.channelRead(ServerHandler.java:77)\n\tat io.netty.channel.AbstractChannelHandlerContext.fireChannelRead(AbstractChannelHandlerContext.java:357)\n\tat io.netty.handler.codec.MessageToMessageDecoder.channelRead(MessageToMessageDecoder.java:107)\n\tat io.netty.channel.AbstractChannelHandlerContext.fireChannelRead(AbstractChannelHandlerContext.java:357)\n\tat io.netty.channel.CombinedChannelDuplexHandler$DelegatingChannelHandlerContext.fireChannelRead(CombinedChannelDuplexHandler.java:434)\n\tat io.netty.handler.codec.ByteToMessageDecoder.fireChannelRead(ByteToMessageDecoder.java:361)\n\tat io.netty.handler.codec.ByteToMessageDecoder.channelRead(ByteToMessageDecoder.java:325)\n\tat io.netty.channel.CombinedChannelDuplexHandler.channelRead(CombinedChannelDuplexHandler.java:249)\n\tat io.netty.channel.AbstractChannelHandlerContext.fireChannelRead(AbstractChannelHandlerContext.java:355)\n\tat io.netty.handler.timeout.IdleStateHandler.channelRead(IdleStateHandler.java:288)\n\tat io.netty.channel.AbstractChannelHandlerContext.fireChannelRead(AbstractChannelHandlerContext.java:355)\n\tat io.netty.channel.DefaultChannelPipeline$HeadContext.channelRead(DefaultChannelPipeline.java:1429)\n\tat io.netty.channel.DefaultChannelPipeline.fireChannelRead(DefaultChannelPipeline.java:918)\n\tat io.netty.channel.nio.AbstractNioByteChannel$NioByteUnsafe.read(AbstractNioByteChannel.java:176)\n\tat io.netty.channel.nio.AbstractNioChannel$AbstractNioUnsafe.handle(AbstractNioChannel.java:445)\n\tat io.netty.channel.nio.NioIoHandler$DefaultNioRegistration.handle(NioIoHandler.java:388)\n\tat io.netty.channel.nio.NioIoHandler.processSelectedKey(NioIoHandler.java:596)\n\tat io.netty.channel.nio.NioIoHandler.processSelectedKeysOptimized(NioIoHandler.java:571)\n\tat io.netty.channel.nio.NioIoHandler.processSelectedKeys(NioIoHandler.java:512)\n\tat io.netty.channel.nio.NioIoHandler.run(NioIoHandler.java:484)\n\tat io.netty.channel.SingleThreadIoEventLoop.runIo(SingleThreadIoEventLoop.java:225)\n\tat io.netty.channel.SingleThreadIoEventLoop.run(SingleThreadIoEventLoop.java:196)\n\tat io.netty.util.concurrent.SingleThreadEventExecutor$5.run(SingleThreadEventExecutor.java:1195)\n\tat io.netty.util.internal.ThreadExecutorMap$2.run(ThreadExecutorMap.java:74)\n\tat io.netty.util.concurrent.FastThreadLocalRunnable.run(FastThreadLocalRunnable.java:30)\n\tat java.lang.Thread.run(Thread.java:1564)\n"}}
[2026-06-14T09:19:56.511Z] [ALL] 06-14 14:49:53.574  1486  1556 D PowerManagerService: UserActivityStateListenerState: 0
[2026-06-14T09:19:56.529Z] [ALL] 06-14 14:49:53.595 29263 29263 I VRI[MainActivity]@a5bd559: call setFrameRateCategory for touch hint category=no preference, reason=boost timeout, vri=VRI[MainActivity]@a5bd559
[2026-06-14T09:19:56.536Z] [ALL] 06-14 14:49:53.602  1149  1149 I SurfaceFlinger: [com.safebank.ai/com.safebank.ai.MainActivity$_29263#104426] setFrameRateCategory: NoPreference
[2026-06-14T09:19:56.543Z] [ALL] 06-14 14:49:53.603  1149  1149 D SurfaceFlinger: setDesiredMode 4633128672291736000 {mode={fps=60.00 Hz, modePtr={id=1, vsyncRate=60.00 Hz, peakRefreshRate=60.00 Hz}}, emitEvent=false, force=false}
[2026-06-14T09:19:56.543Z] [ALL] 06-14 14:49:53.603  1149  1149 I SurfaceFlinger: com.safebank.ai/com.safebank.ai.MainActivity$_29263#104426 Max (can't resolve refresh rate)
[2026-06-14T09:19:56.543Z] [ALL] 06-14 14:49:53.603  1149  1149 I SurfaceFlinger: HRR ignores com.safebank.ai/com.safebank.ai.MainActivity$_29263#104426 (type=Max, weight=1.00, seamlessness=Default) 0.00 Hz's 120.00 Hz
[2026-06-14T09:19:56.543Z] [ALL] 06-14 14:49:53.603  1149  1149 I SurfaceFlinger: scored - choose 60.00 Hz
[2026-06-14T09:19:56.543Z] [ALL] 06-14 14:49:53.604  1486  1517 D LocalDisplayAdapter: updateActiveModeLocked for d=4633128672291736000, mActiveModeId=2, mActiveSfDisplayMode=DisplayMode{id=1, width=1080, height=2340, xDpi=403.411, yDpi=401.594, peakRefreshRate=60.0, vsyncRate=60.0, appVsyncOffsetNanos=0, presentationDeadlineNanos=17666667, supportedHdrTypes=[2, 3, 4], group=0}
[2026-06-14T09:19:56.543Z] [ALL] 06-14 14:49:53.604  1149  1149 D SurfaceFlinger: initiateModeChange 4633128672291736000 {mode={fps=60.00 Hz, modePtr={id=1, vsyncRate=60.00 Hz, peakRefreshRate=60.00 Hz}}, emitEvent=false, force=false}
[2026-06-14T09:19:56.543Z] [ALL] 06-14 14:49:53.604  1149  1149 I SurfaceFlinger: [4633128672291736000] ActiveConfigToHWC, ID : 4
[2026-06-14T09:19:56.543Z] [ALL] 06-14 14:49:53.605  1486  1517 I DisplayDeviceRepository: Display device changed render timings: "Built-in Screen", renderFrameRate=60.000004, presentationDeadlineNanos=17666666, appVsyncOffsetNanos=0, frameRateOverrides=[]
[2026-06-14T09:19:56.543Z] [ALL] 06-14 14:49:53.606  1149  1149 I SurfaceFlinger: finalizeDisplayModeChange 4633128672291736000
[2026-06-14T09:19:56.545Z] [ALL] 06-14 14:49:53.607  1149  1280 I SurfaceFlinger: Current= 120, Period= 60, hwcPeriod= 120
[2026-06-14T09:19:56.545Z] [ALL] 06-14 14:49:53.608  1062 15192 D display : setActiveConfigWithConstraints:: PrimaryDisplay config(4)
[2026-06-14T09:19:56.545Z] [ALL] 06-14 14:49:53.608  1062 15192 I display : Current VRR MODE is 3
[2026-06-14T09:19:56.545Z] [ALL] 06-14 14:49:53.608  1062 15192 I display : setActiveConfigWithConstraints:: HFR match - config: 5, base: 4, try: 0
[2026-06-14T09:19:56.545Z] [ALL] 06-14 14:49:53.608  1062 15192 I display : setActiveConfigWithConstraints::update 1080x2340@60phs
[2026-06-14T09:19:56.545Z] [ALL] 06-14 14:49:53.609  1062 15192 I display : commit modeset : 1080x2340@60phs
[2026-06-14T09:19:56.545Z] [ALL] 06-14 14:49:53.611  1486  1486 D SGM:GameDisplayListener: onDisplayChanged. displayId: 0, state: 2
[2026-06-14T09:19:56.549Z] [ALL] 06-14 14:49:53.613  1486  3178 D LiftUpHandler: [LTW] Stopped already.
[2026-06-14T09:19:56.554Z] [ALL] 06-14 14:49:53.614  1486  1515 D WindowManager: DeferredDisplayUpdater: partially applying DisplayInfo(1080 x 2340) immediately
[2026-06-14T09:19:56.554Z] [ALL] 06-14 14:49:53.614  9061  9061 I HBD     : DeX k DeX mode state change in non-main thread 
[2026-06-14T09:19:56.554Z] [ALL] 06-14 14:49:53.614  9061  9061 I HBD     : DeX k DeX mode state change: 3 
[2026-06-14T09:19:56.554Z] [ALL] 06-14 14:49:53.617  1101 19081 D AudioFlinger: setParameters: filtered dev setParameters keyvalue screen_state=on
[2026-06-14T09:19:56.554Z] [ALL] 06-14 14:49:53.618  1054  7360 D audio_hw_primary: device-adev_set_parameters: enter
[2026-06-14T09:19:56.554Z] [ALL] 06-14 14:49:53.618  1054  7360 I audio_hw_proxy2: proxy-proxy_set_parameters: set Screen-state 1
[2026-06-14T09:19:56.554Z] [ALL] 06-14 14:49:53.618  1054  7360 D audio_hw_primary: device-adev_set_parameters: param (screen_state=on)
[2026-06-14T09:19:56.554Z] [ALL] 06-14 14:49:53.619  1054  7360 I Audio_a2dpsink_hw: adev_set_parameters: kevpairs=[screen_state=on]
[2026-06-14T09:19:56.556Z] [ALL] 06-14 14:49:53.616  1486  1699 D SGM:FgCheckThread: onLooperPrepared(), msg: MSG_LCD_ON
[2026-06-14T09:19:56.556Z] [ALL] 06-14 14:49:53.620  2619 28939 I HoneySpace.RefreshRateSource: singleFrameMs 16
[2026-06-14T09:19:56.556Z] [ALL] 06-14 14:49:53.620  1486  1486 D AODManagerService: requestReCalToTSP IsSingleTouchMode = falserequestedReCalToTSP = false / previousDisplayState = ON
[2026-06-14T09:19:56.556Z] [ALL] 06-14 14:49:53.621  1486  1770 D AS.DesktopUtils: isDesktopWindowing( false )
[2026-06-14T09:19:56.556Z] [ALL] 06-14 14:49:53.621  1486  1770 D AS.DesktopModeHelper: setDesktopModePath caller = onDisplayChanged #Id=0, isInDesktopWindowing=false, isAudioOutputToDisplay : false
[2026-06-14T09:19:56.556Z] [ALL] 06-14 14:49:53.621  2619 28938 I HoneySpace.Memory-Monitor: current state = 2, didTrim = false
[2026-06-14T09:19:56.557Z] [ALL] 06-14 14:49:53.624  2112  2112 D DisplayLifecycle: updateDisplay id = 0
[2026-06-14T09:19:56.559Z] [ALL] 06-14 14:49:53.624  2112  2381 D StackScroller: onDisplayChanged for predraw skip to 2
[2026-06-14T09:19:56.559Z] [ALL] 06-14 14:49:53.625  1062 15192 W display : deliverWinConfigData:: commit modeset time (16 ms)
[2026-06-14T09:19:56.559Z] [ALL] 06-14 14:49:53.625  1486  2073 D WifiDisplayAdapter: isFitToActiveDisplayLocked : false
[2026-06-14T09:19:56.561Z] [ALL] 06-14 14:49:53.626  1062  1159 I display : [compareVsyncPeriod] set the lowest(mode:0) vsync 166 of display(0)
[2026-06-14T09:19:56.561Z] [ALL] 06-14 14:49:53.626  1062  1159 I display : getFpsForPerformance, performance table found using table(key:60, cpu:255)
[2026-06-14T09:19:56.561Z] [ALL] 06-14 14:49:53.626  1062  1159 I display : Set m2mMPP capacity(8) for fps(60)
[2026-06-14T09:19:56.561Z] [ALL] 06-14 14:49:53.626  1062  1159 I display : getFpsForPerformance, performance table found using table(key:60, cpu:255)
[2026-06-14T09:19:56.561Z] [ALL] 06-14 14:49:53.626  1062  1159 I display : Set Affinity config for fps(60) : cpuIDs : 255
[2026-06-14T09:19:56.561Z] [ALL] 06-14 14:49:53.626  1062  1159 I display : Set Affinity CPU ID : 0
[2026-06-14T09:19:56.561Z] [ALL] 06-14 14:49:53.626  1062  1159 I display : Set Affinity CPU ID : 1
[2026-06-14T09:19:56.561Z] [ALL] 06-14 14:49:53.626  1062  1159 I display : Set Affinity CPU ID : 2
[2026-06-14T09:19:56.561Z] [ALL] 06-14 14:49:53.626  1062  1159 I display : Set Affinity CPU ID : 3
[2026-06-14T09:19:56.561Z] [ALL] 06-14 14:49:53.626  1062  1159 I display : Set Affinity CPU ID : 4
[2026-06-14T09:19:56.561Z] [ALL] 06-14 14:49:53.626  1062  1159 I display : Set Affinity CPU ID : 5
[2026-06-14T09:19:56.561Z] [ALL] 06-14 14:49:53.626  1062  1159 I display : Set Affinity CPU ID : 6
[2026-06-14T09:19:56.561Z] [ALL] 06-14 14:49:53.626  1062  1159 I display : Set Affinity CPU ID : 7
[2026-06-14T09:19:56.561Z] [ALL] 06-14 14:49:53.626  1062  1159 I display : Set affinity HWC : 1062
[2026-06-14T09:19:56.561Z] [ALL] 06-14 14:49:53.626  1062  1159 I display : CPU set : Cluster(0), min_clock(0)
[2026-06-14T09:19:56.561Z] [ALL] 06-14 14:49:53.626  1062  1159 I display : CPU set : Cluster(1), min_clock(0)
[2026-06-14T09:19:56.561Z] [ALL] 06-14 14:49:53.626  1062  1159 I display : CPU set : Cluster(2), min_clock(0)
[2026-06-14T09:19:56.561Z] [ALL] 06-14 14:49:53.626  1149  1280 I SurfaceFlinger: Current= 120, Period= 60, hwcPeriod= 60
[2026-06-14T09:19:56.938Z] [ALL] 06-14 14:49:54.004 28684 28729 I appium  : channel read: POST /session/96346e06-b795-4772-a936-71e77e178b18/element
[2026-06-14T09:19:56.940Z] [ALL] 06-14 14:49:54.005 28684 28729 I appium  : FindElement command
[2026-06-14T09:19:56.940Z] [ALL] 06-14 14:49:54.006 28684 28729 I appium  : method: 'xpath', selector: '//*[@resource-id="login_submit_btn" or @content-desc="login_submit_btn" or @text="Login" or @text="LOGIN"]'
[2026-06-14T09:19:56.940Z] [ALL] 06-14 14:49:54.007 28684 28729 I appium  : Waiting up to 10000ms for the device to idle
[2026-06-14T09:19:56.957Z] [ALL] 06-14 14:49:54.008 28684 28729 I appium  : The following attributes will be included to the page source: [text, resource-id, content-desc]
[2026-06-14T09:19:56.967Z] [ALL] 06-14 14:49:54.014 28684 28688 I tomator2.server: Method exceeds compiler instruction limit: 19260 in java_cup.runtime.Symbol org.eclipse.wst.xml.xpath2.processor.internal.CUP$XPathCup$actions.CUP$XPathCup$do_action(int, java_cup.runtime.lr_parser, java.util.Stack, int)
[2026-06-14T09:19:57.114Z] [ALL] 06-14 14:49:54.179 28684 28729 I appium  : Took 0ms to retrieve 0 matches for '//*[@resource-id="login_submit_btn" or @content-desc="login_submit_btn" or @text="Login" or @text="LOGIN"]' XPath2 query
[2026-06-14T09:19:57.119Z] [ALL] 06-14 14:49:54.181 28684 28729 I appium  : AppiumResponse: {"sessionId":"96346e06-b795-4772-a936-71e77e178b18","value":{"error":"no such element","message":"An element could not be located on the page using the given search parameters","stacktrace":"io.appium.uiautomator2.common.exceptions.ElementNotFoundException: An element could not be located on the page using the given search parameters\n\tat io.appium.uiautomator2.utils.ElementLocationHelpers.findElement(ElementLocationHelpers.java:153)\n\tat io.appium.uiautomator2.handler.FindElement.safeHandle(FindElement.java:60)\n\tat io.appium.uiautomator2.handler.request.SafeRequestHandler.handle(SafeRequestHandler.java:59)\n\tat io.appium.uiautomator2.server.AppiumServlet.handleRequest(AppiumServlet.java:267)\n\tat io.appium.uiautomator2.server.AppiumServlet.handleHttpRequest(AppiumServlet.java:261)\n\tat io.appium.uiautomator2.http.ServerHandler.channelRead(ServerHandler.java:77)\n\tat io.netty.channel.AbstractChannelHandlerContext.fireChannelRead(AbstractChannelHandlerContext.java:357)\n\tat io.netty.handler.codec.MessageToMessageDecoder.channelRead(MessageToMessageDecoder.java:107)\n\tat io.netty.channel.AbstractChannelHandlerContext.fireChannelRead(AbstractChannelHandlerContext.java:357)\n\tat io.netty.channel.CombinedChannelDuplexHandler$DelegatingChannelHandlerContext.fireChannelRead(CombinedChannelDuplexHandler.java:434)\n\tat io.netty.handler.codec.ByteToMessageDecoder.fireChannelRead(ByteToMessageDecoder.java:361)\n\tat io.netty.handler.codec.ByteToMessageDecoder.channelRead(ByteToMessageDecoder.java:325)\n\tat io.netty.channel.CombinedChannelDuplexHandler.channelRead(CombinedChannelDuplexHandler.java:249)\n\tat io.netty.channel.AbstractChannelHandlerContext.fireChannelRead(AbstractChannelHandlerContext.java:355)\n\tat io.netty.handler.timeout.IdleStateHandler.channelRead(IdleStateHandler.java:288)\n\tat io.netty.channel.AbstractChannelHandlerContext.fireChannelRead(AbstractChannelHandlerContext.java:355)\n\tat io.netty.channel.DefaultChannelPipeline$HeadContext.channelRead(DefaultChannelPipeline.java:1429)\n\tat io.netty.channel.DefaultChannelPipeline.fireChannelRead(DefaultChannelPipeline.java:918)\n\tat io.netty.channel.nio.AbstractNioByteChannel$NioByteUnsafe.read(AbstractNioByteChannel.java:176)\n\tat io.netty.channel.nio.AbstractNioChannel$AbstractNioUnsafe.handle(AbstractNioChannel.java:445)\n\tat io.netty.channel.nio.NioIoHandler$DefaultNioRegistration.handle(NioIoHandler.java:388)\n\tat io.netty.channel.nio.NioIoHandler.processSelectedKey(NioIoHandler.java:596)\n\tat io.netty.channel.nio.NioIoHandler.processSelectedKeysOptimized(NioIoHandler.java:571)\n\tat io.netty.channel.nio.NioIoHandler.processSelectedKeys(NioIoHandler.java:512)\n\tat io.netty.channel.nio.NioIoHandler.run(NioIoHandler.java:484)\n\tat io.netty.channel.SingleThreadIoEventLoop.runIo(SingleThreadIoEventLoop.java:225)\n\tat io.netty.channel.SingleThreadIoEventLoop.run(SingleThreadIoEventLoop.java:196)\n\tat io.netty.util.concurrent.SingleThreadEventExecutor$5.run(SingleThreadEventExecutor.java:1195)\n\tat io.netty.util.internal.ThreadExecutorMap$2.run(ThreadExecutorMap.java:74)\n\tat io.netty.util.concurrent.FastThreadLocalRunnable.run(FastThreadLocalRunnable.java:30)\n\tat java.lang.Thread.run(Thread.java:1564)\n"}}
[2026-06-14T09:19:57.384Z] [ALL] 06-14 14:49:54.450  1486  3107 I NSLocationMonitor: getGPSUsingApps() called
[2026-06-14T09:19:57.387Z] [ALL] 06-14 14:49:54.451  3066  3089 I NSLocationManager_FLP: getGPSUsingApps, No change
[2026-06-14T09:19:57.395Z] [ALL] 06-14 14:49:54.460  1486  3107 W Binder  : Outgoing transactions from this process must be FLAG_ONEWAY
[2026-06-14T09:19:57.395Z] [ALL] 06-14 14:49:54.460  1486  3107 W Binder  : java.lang.Throwable
[2026-06-14T09:19:57.395Z] [ALL] 06-14 14:49:54.460  1486  3107 W Binder  : 	at android.os.BinderProxy.transact(BinderProxy.java:575)
[2026-06-14T09:19:57.395Z] [ALL] 06-14 14:49:54.460  1486  3107 W Binder  : 	at android.bluetooth.IBluetoothGatt$Stub$Proxy.getAdvertisingSetUids(IBluetoothGatt.java:992)
[2026-06-14T09:19:57.395Z] [ALL] 06-14 14:49:54.460  1486  3107 W Binder  : 	at android.bluetooth.BluetoothAdapter.getAdvertisingSetUids(BluetoothAdapter.java:1995)
[2026-06-14T09:19:57.395Z] [ALL] 06-14 14:49:54.460  1486  3107 W Binder  : 	at android.bluetooth.BluetoothAdapter.getHWUsingApps(BluetoothAdapter.java:2266)
[2026-06-14T09:19:57.395Z] [ALL] 06-14 14:49:54.460  1486  3107 W Binder  : 	at com.android.server.am.mars.filter.filter.BlueToothConnectedFilter.updateBTUsingPackages(qb/109687721 9f5f0f7065b3ad23ed9d502775af0c1cea666b12fbbf7805224931a8c35b7b9d:22)
[2026-06-14T09:19:57.395Z] [ALL] 06-14 14:49:54.460  1486  3107 W Binder  : 	at com.android.server.am.FreecessController.freeze(qb/109687721 9f5f0f7065b3ad23ed9d502775af0c1cea666b12fbbf7805224931a8c35b7b9d:126)
[2026-06-14T09:19:57.395Z] [ALL] 06-14 14:49:54.460  1486  3107 W Binder  : 	at com.android.server.am.FreecessHandler$MainHandler.handleLcdOnFreeze(qb/109687721 9f5f0f7065b3ad23ed9d502775af0c1cea666b12fbbf7805224931a8c35b7b9d:55)
[2026-06-14T09:19:57.395Z] [ALL] 06-14 14:49:54.460  1486  3107 W Binder  : 	at com.android.server.am.FreecessHandler$MainHandler.handleMessage(qb/109687721 9f5f0f7065b3ad23ed9d502775af0c1cea666b12fbbf7805224931a8c35b7b9d:1686)
[2026-06-14T09:19:57.395Z] [ALL] 06-14 14:49:54.460  1486  3107 W Binder  : 	at android.os.Handler.dispatchMessage(Handler.java:132)
[2026-06-14T09:19:57.395Z] [ALL] 06-14 14:49:54.460  1486  3107 W Binder  : 	at android.os.Looper.dispatchMessage(Looper.java:358)
[2026-06-14T09:19:57.395Z] [ALL] 06-14 14:49:54.460  1486  3107 W Binder  : 	at android.os.Looper.loopOnce(Looper.java:288)
[2026-06-14T09:19:57.395Z] [ALL] 06-14 14:49:54.460  1486  3107 W Binder  : 	at android.os.Looper.loop(Looper.java:392)
[2026-06-14T09:19:57.395Z] [ALL] 06-14 14:49:54.460  1486  3107 W Binder  : 	at android.os.HandlerThread.run(HandlerThread.java:139)
[2026-06-14T09:19:57.414Z] [ALL] 06-14 14:49:54.479  1486  3107 D FreecessHandler: skipping freeze com.truecaller(10274) result : 2
[2026-06-14T09:19:57.421Z] [ALL] 06-14 14:49:54.487   747   747 D io_stats: !@   8,0 r 79297433 1564736357 w 12632823 206928820 d 4199652 257985032 f 0 1103266 iot 28541260 0 th 0 0 0 pt 0 inp 0 0 179608.876
[2026-06-14T09:19:57.424Z] [ALL] 06-14 14:49:54.487   747   747 D io_stats: !@ Read_top(KB): ndroid.systemui(2112) 560 system_server(1486) 132 .gms.persistent(5214) 112
[2026-06-14T09:19:57.424Z] [ALL] 06-14 14:49:54.487   747   747 D io_stats: !@ Write_top(KB): kworker/u16:0(25578) 1284 android.hardwar(1063) 8
[2026-06-14T09:19:57.644Z] [ALL] 06-14 14:49:54.705 28684 28729 I appium  : channel read: POST /session/96346e06-b795-4772-a936-71e77e178b18/element
[2026-06-14T09:19:57.672Z] [ALL] 06-14 14:49:54.706 28684 28729 I appium  : FindElement command
[2026-06-14T09:19:57.672Z] [ALL] 06-14 14:49:54.707 28684 28729 I appium  : method: 'xpath', selector: '//*[@resource-id="login_submit_btn" or @content-desc="login_submit_btn" or @text="Login" or @text="LOGIN"]'
[2026-06-14T09:19:57.672Z] [ALL] 06-14 14:49:54.707 28684 28729 I appium  : Waiting up to 10000ms for the device to idle
[2026-06-14T09:19:57.672Z] [ALL] 06-14 14:49:54.709 28684 28729 I appium  : The following attributes will be included to the page source: [text, resource-id, content-desc]
[2026-06-14T09:19:57.813Z] [ALL] 06-14 14:49:54.878 28684 28729 I appium  : Took 0ms to retrieve 0 matches for '//*[@resource-id="login_submit_btn" or @content-desc="login_submit_btn" or @text="Login" or @text="LOGIN"]' XPath2 query
[2026-06-14T09:19:57.822Z] [ALL] 06-14 14:49:54.880 28684 28729 I appium  : AppiumResponse: {"sessionId":"96346e06-b795-4772-a936-71e77e178b18","value":{"error":"no such element","message":"An element could not be located on the page using the given search parameters","stacktrace":"io.appium.uiautomator2.common.exceptions.ElementNotFoundException: An element could not be located on the page using the given search parameters\n\tat io.appium.uiautomator2.utils.ElementLocationHelpers.findElement(ElementLocationHelpers.java:153)\n\tat io.appium.uiautomator2.handler.FindElement.safeHandle(FindElement.java:60)\n\tat io.appium.uiautomator2.handler.request.SafeRequestHandler.handle(SafeRequestHandler.java:59)\n\tat io.appium.uiautomator2.server.AppiumServlet.handleRequest(AppiumServlet.java:267)\n\tat io.appium.uiautomator2.server.AppiumServlet.handleHttpRequest(AppiumServlet.java:261)\n\tat io.appium.uiautomator2.http.ServerHandler.channelRead(ServerHandler.java:77)\n\tat io.netty.channel.AbstractChannelHandlerContext.fireChannelRead(AbstractChannelHandlerContext.java:357)\n\tat io.netty.handler.codec.MessageToMessageDecoder.channelRead(MessageToMessageDecoder.java:107)\n\tat io.netty.channel.AbstractChannelHandlerContext.fireChannelRead(AbstractChannelHandlerContext.java:357)\n\tat io.netty.channel.CombinedChannelDuplexHandler$DelegatingChannelHandlerContext.fireChannelRead(CombinedChannelDuplexHandler.java:434)\n\tat io.netty.handler.codec.ByteToMessageDecoder.fireChannelRead(ByteToMessageDecoder.java:361)\n\tat io.netty.handler.codec.ByteToMessageDecoder.channelRead(ByteToMessageDecoder.java:325)\n\tat io.netty.channel.CombinedChannelDuplexHandler.channelRead(CombinedChannelDuplexHandler.java:249)\n\tat io.netty.channel.AbstractChannelHandlerContext.fireChannelRead(AbstractChannelHandlerContext.java:355)\n\tat io.netty.handler.timeout.IdleStateHandler.channelRead(IdleStateHandler.java:288)\n\tat io.netty.channel.AbstractChannelHandlerContext.fireChannelRead(AbstractChannelHandlerContext.java:355)\n\tat io.netty.channel.DefaultChannelPipeline$HeadContext.channelRead(DefaultChannelPipeline.java:1429)\n\tat io.netty.channel.DefaultChannelPipeline.fireChannelRead(DefaultChannelPipeline.java:918)\n\tat io.netty.channel.nio.AbstractNioByteChannel$NioByteUnsafe.read(AbstractNioByteChannel.java:176)\n\tat io.netty.channel.nio.AbstractNioChannel$AbstractNioUnsafe.handle(AbstractNioChannel.java:445)\n\tat io.netty.channel.nio.NioIoHandler$DefaultNioRegistration.handle(NioIoHandler.java:388)\n\tat io.netty.channel.nio.NioIoHandler.processSelectedKey(NioIoHandler.java:596)\n\tat io.netty.channel.nio.NioIoHandler.processSelectedKeysOptimized(NioIoHandler.java:571)\n\tat io.netty.channel.nio.NioIoHandler.processSelectedKeys(NioIoHandler.java:512)\n\tat io.netty.channel.nio.NioIoHandler.run(NioIoHandler.java:484)\n\tat io.netty.channel.SingleThreadIoEventLoop.runIo(SingleThreadIoEventLoop.java:225)\n\tat io.netty.channel.SingleThreadIoEventLoop.run(SingleThreadIoEventLoop.java:196)\n\tat io.netty.util.concurrent.SingleThreadEventExecutor$5.run(SingleThreadEventExecutor.java:1195)\n\tat io.netty.util.internal.ThreadExecutorMap$2.run(ThreadExecutorMap.java:74)\n\tat io.netty.util.concurrent.FastThreadLocalRunnable.run(FastThreadLocalRunnable.java:30)\n\tat java.lang.Thread.run(Thread.java:1564)\n"}}
[2026-06-14T09:19:58.341Z] [ALL] 06-14 14:49:55.405 28684 28729 I appium  : channel read: POST /session/96346e06-b795-4772-a936-71e77e178b18/element
[2026-06-14T09:19:58.341Z] [ALL] 06-14 14:49:55.406 28684 28729 I appium  : FindElement command
[2026-06-14T09:19:58.358Z] [ALL] 06-14 14:49:55.408 28684 28729 I appium  : method: 'xpath', selector: '//*[@resource-id="login_submit_btn" or @content-desc="login_submit_btn" or @text="Login" or @text="LOGIN"]'
[2026-06-14T09:19:58.358Z] [ALL] 06-14 14:49:55.408 28684 28729 I appium  : Waiting up to 10000ms for the device to idle
[2026-06-14T09:19:58.371Z] [ALL] 06-14 14:49:55.410 28684 28729 I appium  : The following attributes will be included to the page source: [text, resource-id, content-desc]
[2026-06-14T09:19:58.467Z] [ALL] 06-14 14:49:55.532  1486 30143 D WifiConnectivityMonitor.DnsThread:  [|205]
[2026-06-14T09:19:58.470Z] [ALL] 06-14 14:49:55.534  1486  1860 D WifiConnectivityMonitor.NetworkStatsAnalyzer: DNS resultType : 0, responseTime : 205
[2026-06-14T09:19:58.471Z] [ALL] 06-14 14:49:55.535  1486  1858 D OpenNetworkQos[4.00]: updateBssidLatestDnsResultType - result: 0
[2026-06-14T09:19:58.471Z] [ALL] 06-14 14:49:55.535  1486  1858 D OpenNetworkQos[4.00]: updateBssidNoInternet: mBssidNoInternet = false
[2026-06-14T09:19:58.471Z] [ALL] 06-14 14:49:55.535  1486  1858 D OpenNetworkQos[4.00]: getOpenNetworkQosNoInternetStatus: false
[2026-06-14T09:19:58.471Z] [ALL] 06-14 14:49:55.535  1486  1858 D OpenNetworkQos[4.00]: getOpenNetworkQosScores: 26 26 30 
[2026-06-14T09:19:58.472Z] [ALL] 06-14 14:49:55.536  1486  1858 I WifiProfileShare: network QoS data was changed (internet), updateQoSData networkType: true, qosData: false
[2026-06-14T09:19:58.472Z] [ALL] 06-14 14:49:55.537  1486  3127 V WifiProfileShare.Caster: update wips network, size: 0
[2026-06-14T09:19:58.472Z] [ALL] 06-14 14:49:55.537  1486  3127 D WifiProfileShare: nearby scanning settings run
[2026-06-14T09:19:58.472Z] [ALL] 06-14 14:49:55.538  1486  3127 D WifiProfileShare: network score provider settings enabled
[2026-06-14T09:19:58.473Z] [ALL] 06-14 14:49:55.538  1486  3127 D OpenNetworkQos[4.00]: getOpenNetworkQosScores: 26 26 30 
[2026-06-14T09:19:58.477Z] [ALL] 06-14 14:49:55.538  1486  3127 D OpenNetworkQos[4.00]: getOpenNetworkQosNoInternetStatus: false
[2026-06-14T09:19:58.477Z] [ALL] 06-14 14:49:55.538  1486  3127 I WifiProfileShare.Caster: current network type: 0, score: [26, 26, 30]
[2026-06-14T09:19:58.477Z] [ALL] 06-14 14:49:55.539  1486  3127 V WifiProfileShare.Cache: update network score 14:33:75:**:**:cb
[2026-06-14T09:19:58.477Z] [ALL] 06-14 14:49:55.540  1486  3127 D WifiProfileShare.ScanMatcher: getMcfDataList size:2
[2026-06-14T09:19:58.477Z] [ALL] 06-14 14:49:55.540  1486  3127 I WifiProfileShare.Caster: qos data was updated , before:type:QOS, pBssid:4a:79:df, qosData:7c after:type:QOS, pBssid:4a:79:df, qosData:7c
[2026-06-14T09:19:58.479Z] [ALL] 06-14 14:49:55.543  1486  3127 I [MCFSDK_android_1.3.7026]_4_McfCasterImpl: isNetworkEnabled - type : 1 ret : true
[2026-06-14T09:19:58.479Z] [ALL] 06-14 14:49:55.543  1486  3127 D WifiProfileShare.McfCast: -ME--- mIsNetworkEnabled :true
[2026-06-14T09:19:58.479Z] [ALL] 06-14 14:49:55.543  1486  3127 D WifiProfileShare.McfCast: updateQoSData ignored, same contents
[2026-06-14T09:19:58.479Z] [ALL] 06-14 14:49:55.543  1486  3127 D WifiProfileShare.MCF: success update QosData !
[2026-06-14T09:19:58.479Z] [ALL] 06-14 14:49:55.544  1486  3127 I [MCFSDK_android_1.3.7026]_4_McfCasterImpl: isNetworkEnabled - type : 1 ret : true
[2026-06-14T09:19:58.479Z] [ALL] 06-14 14:49:55.544  1486  3127 D WifiProfileShare.McfCast: -ME--- mIsNetworkEnabled :true
[2026-06-14T09:19:58.480Z] [ALL] 06-14 14:49:55.544  1486  3127 D WifiProfileShare.McfCast: -ME--- updatePasswordDate pwdData size:2
[2026-06-14T09:19:58.555Z] [ALL] 06-14 14:49:55.620 28684 28729 I appium  : Took 0ms to retrieve 0 matches for '//*[@resource-id="login_submit_btn" or @content-desc="login_submit_btn" or @text="Login" or @text="LOGIN"]' XPath2 query
[2026-06-14T09:19:58.558Z] [ALL] 06-14 14:49:55.623 28684 28729 I appium  : AppiumResponse: {"sessionId":"96346e06-b795-4772-a936-71e77e178b18","value":{"error":"no such element","message":"An element could not be located on the page using the given search parameters","stacktrace":"io.appium.uiautomator2.common.exceptions.ElementNotFoundException: An element could not be located on the page using the given search parameters\n\tat io.appium.uiautomator2.utils.ElementLocationHelpers.findElement(ElementLocationHelpers.java:153)\n\tat io.appium.uiautomator2.handler.FindElement.safeHandle(FindElement.java:60)\n\tat io.appium.uiautomator2.handler.request.SafeRequestHandler.handle(SafeRequestHandler.java:59)\n\tat io.appium.uiautomator2.server.AppiumServlet.handleRequest(AppiumServlet.java:267)\n\tat io.appium.uiautomator2.server.AppiumServlet.handleHttpRequest(AppiumServlet.java:261)\n\tat io.appium.uiautomator2.http.ServerHandler.channelRead(ServerHandler.java:77)\n\tat io.netty.channel.AbstractChannelHandlerContext.fireChannelRead(AbstractChannelHandlerContext.java:357)\n\tat io.netty.handler.codec.MessageToMessageDecoder.channelRead(MessageToMessageDecoder.java:107)\n\tat io.netty.channel.AbstractChannelHandlerContext.fireChannelRead(AbstractChannelHandlerContext.java:357)\n\tat io.netty.channel.CombinedChannelDuplexHandler$DelegatingChannelHandlerContext.fireChannelRead(CombinedChannelDuplexHandler.java:434)\n\tat io.netty.handler.codec.ByteToMessageDecoder.fireChannelRead(ByteToMessageDecoder.java:361)\n\tat io.netty.handler.codec.ByteToMessageDecoder.channelRead(ByteToMessageDecoder.java:325)\n\tat io.netty.channel.CombinedChannelDuplexHandler.channelRead(CombinedChannelDuplexHandler.java:249)\n\tat io.netty.channel.AbstractChannelHandlerContext.fireChannelRead(AbstractChannelHandlerContext.java:355)\n\tat io.netty.handler.timeout.IdleStateHandler.channelRead(IdleStateHandler.java:288)\n\tat io.netty.channel.AbstractChannelHandlerContext.fireChannelRead(AbstractChannelHandlerContext.java:355)\n\tat io.netty.channel.DefaultChannelPipeline$HeadContext.channelRead(DefaultChannelPipeline.java:1429)\n\tat io.netty.channel.DefaultChannelPipeline.fireChannelRead(DefaultChannelPipeline.java:918)\n\tat io.netty.channel.nio.AbstractNioByteChannel$NioByteUnsafe.read(AbstractNioByteChannel.java:176)\n\tat io.netty.channel.nio.AbstractNioChannel$AbstractNioUnsafe.handle(AbstractNioChannel.java:445)\n\tat io.netty.channel.nio.NioIoHandler$DefaultNioRegistration.handle(NioIoHandler.java:388)\n\tat io.netty.channel.nio.NioIoHandler.processSelectedKey(NioIoHandler.java:596)\n\tat io.netty.channel.nio.NioIoHandler.processSelectedKeysOptimized(NioIoHandler.java:571)\n\tat io.netty.channel.nio.NioIoHandler.processSelectedKeys(NioIoHandler.java:512)\n\tat io.netty.channel.nio.NioIoHandler.run(NioIoHandler.java:484)\n\tat io.netty.channel.SingleThreadIoEventLoop.runIo(SingleThreadIoEventLoop.java:225)\n\tat io.netty.channel.SingleThreadIoEventLoop.run(SingleThreadIoEventLoop.java:196)\n\tat io.netty.util.concurrent.SingleThreadEventExecutor$5.run(SingleThreadEventExecutor.java:1195)\n\tat io.netty.util.internal.ThreadExecutorMap$2.run(ThreadExecutorMap.java:74)\n\tat io.netty.util.concurrent.FastThreadLocalRunnable.run(FastThreadLocalRunnable.java:30)\n\tat java.lang.Thread.run(Thread.java:1564)\n"}}
[2026-06-14T09:19:58.652Z] [ALL] 06-14 14:49:55.717  4132  4132 I SDHMS:LOAD: type: LoadsFreqs, value: 25:2:0:703479:2803000:576000:817139:2515000:576000:72:303:0
[2026-06-14T09:19:58.764Z] [ALL] 06-14 14:49:55.829  1486  1828 I SemWifiServiceDetector: Service det. resumed: T / T / 19967
[2026-06-14T09:19:58.989Z] [ALL] 06-14 14:49:56.054  1486  1729 D WifiStaIfaceHidlImpl: getCachedScanData is not implemented by HIDL
[2026-06-14T09:19:59.002Z] [ALL] 06-14 14:49:56.064  2072  2072 I EPDG-0 [WifiProfiler]: handleWifiRssiIntent, rssi=-54
[2026-06-14T09:19:59.002Z] [ALL] 06-14 14:49:56.064  2072  2072 I EPDG-0 [WifiProfiler]: isProfiling, hash=189204772, started=true
[2026-06-14T09:19:59.002Z] [ALL] 06-14 14:49:56.064  1486  3494 D SemWifiUsabilityStatsMonitor: onWifiUsabilityStats - seqNum 22603, isSameBssidAndFreq true
[2026-06-14T09:19:59.002Z] [ALL] 06-14 14:49:56.065  2072  2072 I EPDG-0 [LogMetrics]: set, type=WIFI_RSSI_LAST, value=-54
[2026-06-14T09:19:59.002Z] [ALL] 06-14 14:49:56.065  2072  2072 I EPDG-0 [WifiProfiler]: isProfiling, hash=189204772, started=true
[2026-06-14T09:19:59.004Z] [ALL] 06-14 14:49:56.067  2072  2072 I EPDG-0 [WifiProfiler]: Rssi : -54 highrange : -75 lowrange : -85 mIsRssiInHystersis : false
[2026-06-14T09:19:59.004Z] [ALL] 06-14 14:49:56.067  2072  2072 I EPDG-0 [WifiProfiler]: Rssi : -54 highrange : -75 lowrange : -85 mIsRssiInHystersis : false
[2026-06-14T09:19:59.004Z] [ALL] 06-14 14:49:56.067  2072  2072 I EPDG-0 [Subscription]: isEpdgAvailable, IwlanPsState=2/2
[2026-06-14T09:19:59.004Z] [ALL] 06-14 14:49:56.068  2072  2072 I EPDG-0 [WifiProfiler]: getHandoverThresholdMet: value is: false
[2026-06-14T09:19:59.091Z] [ALL] 06-14 14:49:56.145 28684 28729 I appium  : channel read: POST /session/96346e06-b795-4772-a936-71e77e178b18/element
[2026-06-14T09:19:59.091Z] [ALL] 06-14 14:49:56.146 28684 28729 I appium  : FindElement command
[2026-06-14T09:19:59.097Z] [ALL] 06-14 14:49:56.147 28684 28729 I appium  : method: 'xpath', selector: '//*[@resource-id="login_submit_btn" or @content-desc="login_submit_btn" or @text="Login" or @text="LOGIN"]'
[2026-06-14T09:19:59.098Z] [ALL] 06-14 14:49:56.148 28684 28729 I appium  : Waiting up to 10000ms for the device to idle
[2026-06-14T09:19:59.098Z] [ALL] 06-14 14:49:56.150 28684 28729 I appium  : The following attributes will be included to the page source: [text, resource-id, content-desc]
[2026-06-14T09:19:59.128Z] [ALL] 06-14 14:49:56.188  1486  3014 D PowerManagerService: [api] setMasterBrightnessLimit : lowerLimit : -1  upperLimit : 503  mMasterBrightnessLimitPeriod : 200 (uid: 1000 pid: 4132)
[2026-06-14T09:19:59.137Z] [ALL] 06-14 14:49:56.189  1486  1556 D PowerManagerService: [api] BrightnessLimitRunnable done
[2026-06-14T09:19:59.261Z] [ALL] 06-14 14:49:56.325 28684 28729 I appium  : Took 0ms to retrieve 0 matches for '//*[@resource-id="login_submit_btn" or @content-desc="login_submit_btn" or @text="Login" or @text="LOGIN"]' XPath2 query
[2026-06-14T09:19:59.266Z] [ALL] 06-14 14:49:56.327 28684 28729 I appium  : AppiumResponse: {"sessionId":"96346e06-b795-4772-a936-71e77e178b18","value":{"error":"no such element","message":"An element could not be located on the page using the given search parameters","stacktrace":"io.appium.uiautomator2.common.exceptions.ElementNotFoundException: An element could not be located on the page using the given search parameters\n\tat io.appium.uiautomator2.utils.ElementLocationHelpers.findElement(ElementLocationHelpers.java:153)\n\tat io.appium.uiautomator2.handler.FindElement.safeHandle(FindElement.java:60)\n\tat io.appium.uiautomator2.handler.request.SafeRequestHandler.handle(SafeRequestHandler.java:59)\n\tat io.appium.uiautomator2.server.AppiumServlet.handleRequest(AppiumServlet.java:267)\n\tat io.appium.uiautomator2.server.AppiumServlet.handleHttpRequest(AppiumServlet.java:261)\n\tat io.appium.uiautomator2.http.ServerHandler.channelRead(ServerHandler.java:77)\n\tat io.netty.channel.AbstractChannelHandlerContext.fireChannelRead(AbstractChannelHandlerContext.java:357)\n\tat io.netty.handler.codec.MessageToMessageDecoder.channelRead(MessageToMessageDecoder.java:107)\n\tat io.netty.channel.AbstractChannelHandlerContext.fireChannelRead(AbstractChannelHandlerContext.java:357)\n\tat io.netty.channel.CombinedChannelDuplexHandler$DelegatingChannelHandlerContext.fireChannelRead(CombinedChannelDuplexHandler.java:434)\n\tat io.netty.handler.codec.ByteToMessageDecoder.fireChannelRead(ByteToMessageDecoder.java:361)\n\tat io.netty.handler.codec.ByteToMessageDecoder.channelRead(ByteToMessageDecoder.java:325)\n\tat io.netty.channel.CombinedChannelDuplexHandler.channelRead(CombinedChannelDuplexHandler.java:249)\n\tat io.netty.channel.AbstractChannelHandlerContext.fireChannelRead(AbstractChannelHandlerContext.java:355)\n\tat io.netty.handler.timeout.IdleStateHandler.channelRead(IdleStateHandler.java:288)\n\tat io.netty.channel.AbstractChannelHandlerContext.fireChannelRead(AbstractChannelHandlerContext.java:355)\n\tat io.netty.channel.DefaultChannelPipeline$HeadContext.channelRead(DefaultChannelPipeline.java:1429)\n\tat io.netty.channel.DefaultChannelPipeline.fireChannelRead(DefaultChannelPipeline.java:918)\n\tat io.netty.channel.nio.AbstractNioByteChannel$NioByteUnsafe.read(AbstractNioByteChannel.java:176)\n\tat io.netty.channel.nio.AbstractNioChannel$AbstractNioUnsafe.handle(AbstractNioChannel.java:445)\n\tat io.netty.channel.nio.NioIoHandler$DefaultNioRegistration.handle(NioIoHandler.java:388)\n\tat io.netty.channel.nio.NioIoHandler.processSelectedKey(NioIoHandler.java:596)\n\tat io.netty.channel.nio.NioIoHandler.processSelectedKeysOptimized(NioIoHandler.java:571)\n\tat io.netty.channel.nio.NioIoHandler.processSelectedKeys(NioIoHandler.java:512)\n\tat io.netty.channel.nio.NioIoHandler.run(NioIoHandler.java:484)\n\tat io.netty.channel.SingleThreadIoEventLoop.runIo(SingleThreadIoEventLoop.java:225)\n\tat io.netty.channel.SingleThreadIoEventLoop.run(SingleThreadIoEventLoop.java:196)\n\tat io.netty.util.concurrent.SingleThreadEventExecutor$5.run(SingleThreadEventExecutor.java:1195)\n\tat io.netty.util.internal.ThreadExecutorMap$2.run(ThreadExecutorMap.java:74)\n\tat io.netty.util.concurrent.FastThreadLocalRunnable.run(FastThreadLocalRunnable.java:30)\n\tat java.lang.Thread.run(Thread.java:1564)\n"}}
[2026-06-14T09:19:59.286Z] [ALL] 06-14 14:49:56.353 28684 28729 I appium  : channel read: POST /session/96346e06-b795-4772-a936-71e77e178b18/element
[2026-06-14T09:19:59.288Z] [ALL] 06-14 14:49:56.353 28684 28729 I appium  : FindElement command
[2026-06-14T09:19:59.290Z] [ALL] 06-14 14:49:56.355 28684 28729 I appium  : method: 'xpath', selector: '//*[@resource-id="login_submit_btn" or @content-desc="login_submit_btn" or @text="Login" or @text="LOGIN"]'
[2026-06-14T09:19:59.290Z] [ALL] 06-14 14:49:56.355 28684 28729 I appium  : Waiting up to 10000ms for the device to idle
[2026-06-14T09:19:59.290Z] [ALL] 06-14 14:49:56.357 28684 28729 I appium  : The following attributes will be included to the page source: [text, resource-id, content-desc]
[2026-06-14T09:19:59.297Z] [ALL] 06-14 14:49:56.363 28684 28688 I tomator2.server: Method exceeds compiler instruction limit: 19260 in java_cup.runtime.Symbol org.eclipse.wst.xml.xpath2.processor.internal.CUP$XPathCup$actions.CUP$XPathCup$do_action(int, java_cup.runtime.lr_parser, java.util.Stack, int)
[2026-06-14T09:19:59.447Z] [ALL] 06-14 14:49:56.512 28684 28729 I appium  : Took 0ms to retrieve 0 matches for '//*[@resource-id="login_submit_btn" or @content-desc="login_submit_btn" or @text="Login" or @text="LOGIN"]' XPath2 query
[2026-06-14T09:19:59.454Z] [ALL] 06-14 14:49:56.514 28684 28729 I appium  : AppiumResponse: {"sessionId":"96346e06-b795-4772-a936-71e77e178b18","value":{"error":"no such element","message":"An element could not be located on the page using the given search parameters","stacktrace":"io.appium.uiautomator2.common.exceptions.ElementNotFoundException: An element could not be located on the page using the given search parameters\n\tat io.appium.uiautomator2.utils.ElementLocationHelpers.findElement(ElementLocationHelpers.java:153)\n\tat io.appium.uiautomator2.handler.FindElement.safeHandle(FindElement.java:60)\n\tat io.appium.uiautomator2.handler.request.SafeRequestHandler.handle(SafeRequestHandler.java:59)\n\tat io.appium.uiautomator2.server.AppiumServlet.handleRequest(AppiumServlet.java:267)\n\tat io.appium.uiautomator2.server.AppiumServlet.handleHttpRequest(AppiumServlet.java:261)\n\tat io.appium.uiautomator2.http.ServerHandler.channelRead(ServerHandler.java:77)\n\tat io.netty.channel.AbstractChannelHandlerContext.fireChannelRead(AbstractChannelHandlerContext.java:357)\n\tat io.netty.handler.codec.MessageToMessageDecoder.channelRead(MessageToMessageDecoder.java:107)\n\tat io.netty.channel.AbstractChannelHandlerContext.fireChannelRead(AbstractChannelHandlerContext.java:357)\n\tat io.netty.channel.CombinedChannelDuplexHandler$DelegatingChannelHandlerContext.fireChannelRead(CombinedChannelDuplexHandler.java:434)\n\tat io.netty.handler.codec.ByteToMessageDecoder.fireChannelRead(ByteToMessageDecoder.java:361)\n\tat io.netty.handler.codec.ByteToMessageDecoder.channelRead(ByteToMessageDecoder.java:325)\n\tat io.netty.channel.CombinedChannelDuplexHandler.channelRead(CombinedChannelDuplexHandler.java:249)\n\tat io.netty.channel.AbstractChannelHandlerContext.fireChannelRead(AbstractChannelHandlerContext.java:355)\n\tat io.netty.handler.timeout.IdleStateHandler.channelRead(IdleStateHandler.java:288)\n\tat io.netty.channel.AbstractChannelHandlerContext.fireChannelRead(AbstractChannelHandlerContext.java:355)\n\tat io.netty.channel.DefaultChannelPipeline$HeadContext.channelRead(DefaultChannelPipeline.java:1429)\n\tat io.netty.channel.DefaultChannelPipeline.fireChannelRead(DefaultChannelPipeline.java:918)\n\tat io.netty.channel.nio.AbstractNioByteChannel$NioByteUnsafe.read(AbstractNioByteChannel.java:176)\n\tat io.netty.channel.nio.AbstractNioChannel$AbstractNioUnsafe.handle(AbstractNioChannel.java:445)\n\tat io.netty.channel.nio.NioIoHandler$DefaultNioRegistration.handle(NioIoHandler.java:388)\n\tat io.netty.channel.nio.NioIoHandler.processSelectedKey(NioIoHandler.java:596)\n\tat io.netty.channel.nio.NioIoHandler.processSelectedKeysOptimized(NioIoHandler.java:571)\n\tat io.netty.channel.nio.NioIoHandler.processSelectedKeys(NioIoHandler.java:512)\n\tat io.netty.channel.nio.NioIoHandler.run(NioIoHandler.java:484)\n\tat io.netty.channel.SingleThreadIoEventLoop.runIo(SingleThreadIoEventLoop.java:225)\n\tat io.netty.channel.SingleThreadIoEventLoop.run(SingleThreadIoEventLoop.java:196)\n\tat io.netty.util.concurrent.SingleThreadEventExecutor$5.run(SingleThreadEventExecutor.java:1195)\n\tat io.netty.util.internal.ThreadExecutorMap$2.run(ThreadExecutorMap.java:74)\n\tat io.netty.util.concurrent.FastThreadLocalRunnable.run(FastThreadLocalRunnable.java:30)\n\tat java.lang.Thread.run(Thread.java:1564)\n"}}
[2026-06-14T09:19:59.992Z] [ALL] 06-14 14:49:57.042 28684 28729 I appium  : channel read: POST /session/96346e06-b795-4772-a936-71e77e178b18/element
[2026-06-14T09:19:59.992Z] [ALL] 06-14 14:49:57.042 28684 28729 I appium  : FindElement command
[2026-06-14T09:20:00.005Z] [ALL] 06-14 14:49:57.043 28684 28729 I appium  : method: 'xpath', selector: '//*[@resource-id="login_submit_btn" or @content-desc="login_submit_btn" or @text="Login" or @text="LOGIN"]'
[2026-06-14T09:20:00.005Z] [ALL] 06-14 14:49:57.044 28684 28729 I appium  : Waiting up to 10000ms for the device to idle
[2026-06-14T09:20:00.005Z] [ALL] 06-14 14:49:57.045 28684 28729 I appium  : The following attributes will be included to the page source: [text, resource-id, content-desc]
[2026-06-14T09:20:00.186Z] [ALL] 06-14 14:49:57.249 28684 28729 I appium  : Took 0ms to retrieve 0 matches for '//*[@resource-id="login_submit_btn" or @content-desc="login_submit_btn" or @text="Login" or @text="LOGIN"]' XPath2 query
[2026-06-14T09:20:00.190Z] [ALL] 06-14 14:49:57.250 28684 28729 I appium  : AppiumResponse: {"sessionId":"96346e06-b795-4772-a936-71e77e178b18","value":{"error":"no such element","message":"An element could not be located on the page using the given search parameters","stacktrace":"io.appium.uiautomator2.common.exceptions.ElementNotFoundException: An element could not be located on the page using the given search parameters\n\tat io.appium.uiautomator2.utils.ElementLocationHelpers.findElement(ElementLocationHelpers.java:153)\n\tat io.appium.uiautomator2.handler.FindElement.safeHandle(FindElement.java:60)\n\tat io.appium.uiautomator2.handler.request.SafeRequestHandler.handle(SafeRequestHandler.java:59)\n\tat io.appium.uiautomator2.server.AppiumServlet.handleRequest(AppiumServlet.java:267)\n\tat io.appium.uiautomator2.server.AppiumServlet.handleHttpRequest(AppiumServlet.java:261)\n\tat io.appium.uiautomator2.http.ServerHandler.channelRead(ServerHandler.java:77)\n\tat io.netty.channel.AbstractChannelHandlerContext.fireChannelRead(AbstractChannelHandlerContext.java:357)\n\tat io.netty.handler.codec.MessageToMessageDecoder.channelRead(MessageToMessageDecoder.java:107)\n\tat io.netty.channel.AbstractChannelHandlerContext.fireChannelRead(AbstractChannelHandlerContext.java:357)\n\tat io.netty.channel.CombinedChannelDuplexHandler$DelegatingChannelHandlerContext.fireChannelRead(CombinedChannelDuplexHandler.java:434)\n\tat io.netty.handler.codec.ByteToMessageDecoder.fireChannelRead(ByteToMessageDecoder.java:361)\n\tat io.netty.handler.codec.ByteToMessageDecoder.channelRead(ByteToMessageDecoder.java:325)\n\tat io.netty.channel.CombinedChannelDuplexHandler.channelRead(CombinedChannelDuplexHandler.java:249)\n\tat io.netty.channel.AbstractChannelHandlerContext.fireChannelRead(AbstractChannelHandlerContext.java:355)\n\tat io.netty.handler.timeout.IdleStateHandler.channelRead(IdleStateHandler.java:288)\n\tat io.netty.channel.AbstractChannelHandlerContext.fireChannelRead(AbstractChannelHandlerContext.java:355)\n\tat io.netty.channel.DefaultChannelPipeline$HeadContext.channelRead(DefaultChannelPipeline.java:1429)\n\tat io.netty.channel.DefaultChannelPipeline.fireChannelRead(DefaultChannelPipeline.java:918)\n\tat io.netty.channel.nio.AbstractNioByteChannel$NioByteUnsafe.read(AbstractNioByteChannel.java:176)\n\tat io.netty.channel.nio.AbstractNioChannel$AbstractNioUnsafe.handle(AbstractNioChannel.java:445)\n\tat io.netty.channel.nio.NioIoHandler$DefaultNioRegistration.handle(NioIoHandler.java:388)\n\tat io.netty.channel.nio.NioIoHandler.processSelectedKey(NioIoHandler.java:596)\n\tat io.netty.channel.nio.NioIoHandler.processSelectedKeysOptimized(NioIoHandler.java:571)\n\tat io.netty.channel.nio.NioIoHandler.processSelectedKeys(NioIoHandler.java:512)\n\tat io.netty.channel.nio.NioIoHandler.run(NioIoHandler.java:484)\n\tat io.netty.channel.SingleThreadIoEventLoop.runIo(SingleThreadIoEventLoop.java:225)\n\tat io.netty.channel.SingleThreadIoEventLoop.run(SingleThreadIoEventLoop.java:196)\n\tat io.netty.util.concurrent.SingleThreadEventExecutor$5.run(SingleThreadEventExecutor.java:1195)\n\tat io.netty.util.internal.ThreadExecutorMap$2.run(ThreadExecutorMap.java:74)\n\tat io.netty.util.concurrent.FastThreadLocalRunnable.run(FastThreadLocalRunnable.java:30)\n\tat java.lang.Thread.run(Thread.java:1564)\n"}}
[2026-06-14T09:20:00.315Z] [ALL] 06-14 14:49:57.378  2112  2381 D Tile.CustomTile: handleSetListening  true  initialized=true  isTileReady=true  getTileSpec() = custom(com.sec.android.app.soundalive/.DolbyTile)
[2026-06-14T09:20:00.331Z] [ALL] 06-14 14:49:57.395  2112  2381 D Tile.CustomTile: handleSetListening  false  initialized=true  isTileReady=true  getTileSpec() = custom(com.sec.android.app.soundalive/.DolbyTile)
[2026-06-14T09:20:00.331Z] [ALL] 06-14 14:49:57.396  2112  2381 D TileLifecycleManager: onStopListening ComponentInfo{com.sec.android.app.soundalive/com.sec.android.app.soundalive.DolbyTile}
[2026-06-14T09:20:00.707Z] [ALL] 06-14 14:49:57.773 28684 28729 I appium  : channel read: POST /session/96346e06-b795-4772-a936-71e77e178b18/element
[2026-06-14T09:20:00.707Z] [ALL] 06-14 14:49:57.774 28684 28729 I appium  : FindElement command
[2026-06-14T09:20:00.709Z] [ALL] 06-14 14:49:57.775 28684 28729 I appium  : method: 'xpath', selector: '//*[@resource-id="login_submit_btn" or @content-desc="login_submit_btn" or @text="Login" or @text="LOGIN"]'
[2026-06-14T09:20:00.710Z] [ALL] 06-14 14:49:57.775 28684 28729 I appium  : Waiting up to 10000ms for the device to idle
[2026-06-14T09:20:00.712Z] [ALL] 06-14 14:49:57.777 28684 28729 I appium  : The following attributes will be included to the page source: [text, resource-id, content-desc]
[2026-06-14T09:20:00.837Z] [ALL] 06-14 14:49:57.902 28684 28729 I appium  : Took 0ms to retrieve 0 matches for '//*[@resource-id="login_submit_btn" or @content-desc="login_submit_btn" or @text="Login" or @text="LOGIN"]' XPath2 query
[2026-06-14T09:20:00.840Z] [ALL] 06-14 14:49:57.903 28684 28729 I appium  : AppiumResponse: {"sessionId":"96346e06-b795-4772-a936-71e77e178b18","value":{"error":"no such element","message":"An element could not be located on the page using the given search parameters","stacktrace":"io.appium.uiautomator2.common.exceptions.ElementNotFoundException: An element could not be located on the page using the given search parameters\n\tat io.appium.uiautomator2.utils.ElementLocationHelpers.findElement(ElementLocationHelpers.java:153)\n\tat io.appium.uiautomator2.handler.FindElement.safeHandle(FindElement.java:60)\n\tat io.appium.uiautomator2.handler.request.SafeRequestHandler.handle(SafeRequestHandler.java:59)\n\tat io.appium.uiautomator2.server.AppiumServlet.handleRequest(AppiumServlet.java:267)\n\tat io.appium.uiautomator2.server.AppiumServlet.handleHttpRequest(AppiumServlet.java:261)\n\tat io.appium.uiautomator2.http.ServerHandler.channelRead(ServerHandler.java:77)\n\tat io.netty.channel.AbstractChannelHandlerContext.fireChannelRead(AbstractChannelHandlerContext.java:357)\n\tat io.netty.handler.codec.MessageToMessageDecoder.channelRead(MessageToMessageDecoder.java:107)\n\tat io.netty.channel.AbstractChannelHandlerContext.fireChannelRead(AbstractChannelHandlerContext.java:357)\n\tat io.netty.channel.CombinedChannelDuplexHandler$DelegatingChannelHandlerContext.fireChannelRead(CombinedChannelDuplexHandler.java:434)\n\tat io.netty.handler.codec.ByteToMessageDecoder.fireChannelRead(ByteToMessageDecoder.java:361)\n\tat io.netty.handler.codec.ByteToMessageDecoder.channelRead(ByteToMessageDecoder.java:325)\n\tat io.netty.channel.CombinedChannelDuplexHandler.channelRead(CombinedChannelDuplexHandler.java:249)\n\tat io.netty.channel.AbstractChannelHandlerContext.fireChannelRead(AbstractChannelHandlerContext.java:355)\n\tat io.netty.handler.timeout.IdleStateHandler.channelRead(IdleStateHandler.java:288)\n\tat io.netty.channel.AbstractChannelHandlerContext.fireChannelRead(AbstractChannelHandlerContext.java:355)\n\tat io.netty.channel.DefaultChannelPipeline$HeadContext.channelRead(DefaultChannelPipeline.java:1429)\n\tat io.netty.channel.DefaultChannelPipeline.fireChannelRead(DefaultChannelPipeline.java:918)\n\tat io.netty.channel.nio.AbstractNioByteChannel$NioByteUnsafe.read(AbstractNioByteChannel.java:176)\n\tat io.netty.channel.nio.AbstractNioChannel$AbstractNioUnsafe.handle(AbstractNioChannel.java:445)\n\tat io.netty.channel.nio.NioIoHandler$DefaultNioRegistration.handle(NioIoHandler.java:388)\n\tat io.netty.channel.nio.NioIoHandler.processSelectedKey(NioIoHandler.java:596)\n\tat io.netty.channel.nio.NioIoHandler.processSelectedKeysOptimized(NioIoHandler.java:571)\n\tat io.netty.channel.nio.NioIoHandler.processSelectedKeys(NioIoHandler.java:512)\n\tat io.netty.channel.nio.NioIoHandler.run(NioIoHandler.java:484)\n\tat io.netty.channel.SingleThreadIoEventLoop.runIo(SingleThreadIoEventLoop.java:225)\n\tat io.netty.channel.SingleThreadIoEventLoop.run(SingleThreadIoEventLoop.java:196)\n\tat io.netty.util.concurrent.SingleThreadEventExecutor$5.run(SingleThreadEventExecutor.java:1195)\n\tat io.netty.util.internal.ThreadExecutorMap$2.run(ThreadExecutorMap.java:74)\n\tat io.netty.util.concurrent.FastThreadLocalRunnable.run(FastThreadLocalRunnable.java:30)\n\tat java.lang.Thread.run(Thread.java:1564)\n"}}
[2026-06-14T09:20:01.379Z] [ALL] 06-14 14:49:58.443 28684 28729 I appium  : channel read: POST /session/96346e06-b795-4772-a936-71e77e178b18/element
[2026-06-14T09:20:01.382Z] [ALL] 06-14 14:49:58.447 28684 28729 I appium  : FindElement command
[2026-06-14T09:20:01.392Z] [ALL] 06-14 14:49:58.449 28684 28729 I appium  : method: 'xpath', selector: '//*[@resource-id="login_submit_btn" or @content-desc="login_submit_btn" or @text="Login" or @text="LOGIN"]'
[2026-06-14T09:20:01.392Z] [ALL] 06-14 14:49:58.450 28684 28729 I appium  : Waiting up to 10000ms for the device to idle
[2026-06-14T09:20:01.394Z] [ALL] 06-14 14:49:58.453 28684 28729 I appium  : The following attributes will be included to the page source: [text, resource-id, content-desc]
[2026-06-14T09:20:01.429Z] [ALL] 06-14 14:49:58.493   747   747 D io_stats: !@   8,0 r 79297434 1564736361 w 12632828 206929620 d 4199652 257985032 f 0 1103266 iot 28541276 0 th 0 0 0 pt 0 inp 0 0 179612.882
[2026-06-14T09:20:01.429Z] [ALL] 06-14 14:49:58.493   747   747 D io_stats: !@ Read_top(KB): ndroid.systemui(2112) 4
[2026-06-14T09:20:01.429Z] [ALL] 06-14 14:49:58.493   747   747 D io_stats: !@ Write_top(KB): kworker/u16:0(25578) 800
[2026-06-14T09:20:01.573Z] [ALL] 06-14 14:49:58.639 28684 28729 I appium  : Took 0ms to retrieve 0 matches for '//*[@resource-id="login_submit_btn" or @content-desc="login_submit_btn" or @text="Login" or @text="LOGIN"]' XPath2 query
[2026-06-14T09:20:01.579Z] [ALL] 06-14 14:49:58.640 28684 28729 I appium  : AppiumResponse: {"sessionId":"96346e06-b795-4772-a936-71e77e178b18","value":{"error":"no such element","message":"An element could not be located on the page using the given search parameters","stacktrace":"io.appium.uiautomator2.common.exceptions.ElementNotFoundException: An element could not be located on the page using the given search parameters\n\tat io.appium.uiautomator2.utils.ElementLocationHelpers.findElement(ElementLocationHelpers.java:153)\n\tat io.appium.uiautomator2.handler.FindElement.safeHandle(FindElement.java:60)\n\tat io.appium.uiautomator2.handler.request.SafeRequestHandler.handle(SafeRequestHandler.java:59)\n\tat io.appium.uiautomator2.server.AppiumServlet.handleRequest(AppiumServlet.java:267)\n\tat io.appium.uiautomator2.server.AppiumServlet.handleHttpRequest(AppiumServlet.java:261)\n\tat io.appium.uiautomator2.http.ServerHandler.channelRead(ServerHandler.java:77)\n\tat io.netty.channel.AbstractChannelHandlerContext.fireChannelRead(AbstractChannelHandlerContext.java:357)\n\tat io.netty.handler.codec.MessageToMessageDecoder.channelRead(MessageToMessageDecoder.java:107)\n\tat io.netty.channel.AbstractChannelHandlerContext.fireChannelRead(AbstractChannelHandlerContext.java:357)\n\tat io.netty.channel.CombinedChannelDuplexHandler$DelegatingChannelHandlerContext.fireChannelRead(CombinedChannelDuplexHandler.java:434)\n\tat io.netty.handler.codec.ByteToMessageDecoder.fireChannelRead(ByteToMessageDecoder.java:361)\n\tat io.netty.handler.codec.ByteToMessageDecoder.channelRead(ByteToMessageDecoder.java:325)\n\tat io.netty.channel.CombinedChannelDuplexHandler.channelRead(CombinedChannelDuplexHandler.java:249)\n\tat io.netty.channel.AbstractChannelHandlerContext.fireChannelRead(AbstractChannelHandlerContext.java:355)\n\tat io.netty.handler.timeout.IdleStateHandler.channelRead(IdleStateHandler.java:288)\n\tat io.netty.channel.AbstractChannelHandlerContext.fireChannelRead(AbstractChannelHandlerContext.java:355)\n\tat io.netty.channel.DefaultChannelPipeline$HeadContext.channelRead(DefaultChannelPipeline.java:1429)\n\tat io.netty.channel.DefaultChannelPipeline.fireChannelRead(DefaultChannelPipeline.java:918)\n\tat io.netty.channel.nio.AbstractNioByteChannel$NioByteUnsafe.read(AbstractNioByteChannel.java:176)\n\tat io.netty.channel.nio.AbstractNioChannel$AbstractNioUnsafe.handle(AbstractNioChannel.java:445)\n\tat io.netty.channel.nio.NioIoHandler$DefaultNioRegistration.handle(NioIoHandler.java:388)\n\tat io.netty.channel.nio.NioIoHandler.processSelectedKey(NioIoHandler.java:596)\n\tat io.netty.channel.nio.NioIoHandler.processSelectedKeysOptimized(NioIoHandler.java:571)\n\tat io.netty.channel.nio.NioIoHandler.processSelectedKeys(NioIoHandler.java:512)\n\tat io.netty.channel.nio.NioIoHandler.run(NioIoHandler.java:484)\n\tat io.netty.channel.SingleThreadIoEventLoop.runIo(SingleThreadIoEventLoop.java:225)\n\tat io.netty.channel.SingleThreadIoEventLoop.run(SingleThreadIoEventLoop.java:196)\n\tat io.netty.util.concurrent.SingleThreadEventExecutor$5.run(SingleThreadEventExecutor.java:1195)\n\tat io.netty.util.internal.ThreadExecutorMap$2.run(ThreadExecutorMap.java:74)\n\tat io.netty.util.concurrent.FastThreadLocalRunnable.run(FastThreadLocalRunnable.java:30)\n\tat java.lang.Thread.run(Thread.java:1564)\n"}}
[2026-06-14T09:20:01.925Z] [ALL] 06-14 14:49:58.988  1486  1860 D WifiConnectivityMonitor.NetworkStatsAnalyzer: Backhaul result - RSSI:-54, CE:18, PE:18, TI:28, PTI:28, TW:4, PTW:5, Tx:1164, Rx:1165, TxS:117, RxS:116, RESULT:true, IC:0, ICT:5, WC:0, WCT:5, R:0, RC:0, IE:0, EC:0
[2026-06-14T09:20:02.019Z] [ALL] 06-14 14:49:59.084  1486  1729 D WifiStaIfaceHidlImpl: getCachedScanData is not implemented by HIDL
[2026-06-14T09:20:02.026Z] [ALL] 06-14 14:49:59.091  1486  3494 D SemWifiUsabilityStatsMonitor: onWifiUsabilityStats - seqNum 22604, isSameBssidAndFreq true
[2026-06-14T09:20:02.027Z] [ALL] 06-14 14:49:59.092  2072  2072 I EPDG-0 [WifiProfiler]: handleWifiRssiIntent, rssi=-52
[2026-06-14T09:20:02.027Z] [ALL] 06-14 14:49:59.092  2072  2072 I EPDG-0 [WifiProfiler]: isProfiling, hash=189204772, started=true
[2026-06-14T09:20:02.027Z] [ALL] 06-14 14:49:59.092  2072  2072 I EPDG-0 [LogMetrics]: set, type=WIFI_RSSI_LAST, value=-52
[2026-06-14T09:20:02.027Z] [ALL] 06-14 14:49:59.092  2072  2072 I EPDG-0 [WifiProfiler]: isProfiling, hash=189204772, started=true
[2026-06-14T09:20:02.030Z] [ALL] 06-14 14:49:59.093  2072  2072 I EPDG-0 [WifiProfiler]: Rssi : -52 highrange : -75 lowrange : -85 mIsRssiInHystersis : false
[2026-06-14T09:20:02.030Z] [ALL] 06-14 14:49:59.094  2072  2072 I EPDG-0 [WifiProfiler]: Rssi : -52 highrange : -75 lowrange : -85 mIsRssiInHystersis : false
[2026-06-14T09:20:02.030Z] [ALL] 06-14 14:49:59.094  2072  2072 I EPDG-0 [Subscription]: isEpdgAvailable, IwlanPsState=2/2
[2026-06-14T09:20:02.030Z] [ALL] 06-14 14:49:59.094  2072  2072 I EPDG-0 [WifiProfiler]: getHandoverThresholdMet: value is: false
[2026-06-14T09:20:02.101Z] [ALL] 06-14 14:49:59.165 28684 28729 I appium  : channel read: POST /session/96346e06-b795-4772-a936-71e77e178b18/element
[2026-06-14T09:20:02.103Z] [ALL] 06-14 14:49:59.165 28684 28729 I appium  : FindElement command
[2026-06-14T09:20:02.103Z] [ALL] 06-14 14:49:59.167 28684 28729 I appium  : method: 'xpath', selector: '//*[@resource-id="login_submit_btn" or @content-desc="login_submit_btn" or @text="Login" or @text="LOGIN"]'
[2026-06-14T09:20:02.103Z] [ALL] 06-14 14:49:59.167 28684 28729 I appium  : Waiting up to 10000ms for the device to idle
[2026-06-14T09:20:02.103Z] [ALL] 06-14 14:49:59.169 28684 28729 I appium  : The following attributes will be included to the page source: [text, resource-id, content-desc]
[2026-06-14T09:20:02.108Z] [ALL] 06-14 14:49:59.174 28684 28688 I tomator2.server: Method exceeds compiler instruction limit: 19260 in java_cup.runtime.Symbol org.eclipse.wst.xml.xpath2.processor.internal.CUP$XPathCup$actions.CUP$XPathCup$do_action(int, java_cup.runtime.lr_parser, java.util.Stack, int)
[2026-06-14T09:20:02.271Z] [ALL] 06-14 14:49:59.335 28684 28729 I appium  : Took 0ms to retrieve 0 matches for '//*[@resource-id="login_submit_btn" or @content-desc="login_submit_btn" or @text="Login" or @text="LOGIN"]' XPath2 query
[2026-06-14T09:20:02.273Z] [ALL] 06-14 14:49:59.338 28684 28729 I appium  : AppiumResponse: {"sessionId":"96346e06-b795-4772-a936-71e77e178b18","value":{"error":"no such element","message":"An element could not be located on the page using the given search parameters","stacktrace":"io.appium.uiautomator2.common.exceptions.ElementNotFoundException: An element could not be located on the page using the given search parameters\n\tat io.appium.uiautomator2.utils.ElementLocationHelpers.findElement(ElementLocationHelpers.java:153)\n\tat io.appium.uiautomator2.handler.FindElement.safeHandle(FindElement.java:60)\n\tat io.appium.uiautomator2.handler.request.SafeRequestHandler.handle(SafeRequestHandler.java:59)\n\tat io.appium.uiautomator2.server.AppiumServlet.handleRequest(AppiumServlet.java:267)\n\tat io.appium.uiautomator2.server.AppiumServlet.handleHttpRequest(AppiumServlet.java:261)\n\tat io.appium.uiautomator2.http.ServerHandler.channelRead(ServerHandler.java:77)\n\tat io.netty.channel.AbstractChannelHandlerContext.fireChannelRead(AbstractChannelHandlerContext.java:357)\n\tat io.netty.handler.codec.MessageToMessageDecoder.channelRead(MessageToMessageDecoder.java:107)\n\tat io.netty.channel.AbstractChannelHandlerContext.fireChannelRead(AbstractChannelHandlerContext.java:357)\n\tat io.netty.channel.CombinedChannelDuplexHandler$DelegatingChannelHandlerContext.fireChannelRead(CombinedChannelDuplexHandler.java:434)\n\tat io.netty.handler.codec.ByteToMessageDecoder.fireChannelRead(ByteToMessageDecoder.java:361)\n\tat io.netty.handler.codec.ByteToMessageDecoder.channelRead(ByteToMessageDecoder.java:325)\n\tat io.netty.channel.CombinedChannelDuplexHandler.channelRead(CombinedChannelDuplexHandler.java:249)\n\tat io.netty.channel.AbstractChannelHandlerContext.fireChannelRead(AbstractChannelHandlerContext.java:355)\n\tat io.netty.handler.timeout.IdleStateHandler.channelRead(IdleStateHandler.java:288)\n\tat io.netty.channel.AbstractChannelHandlerContext.fireChannelRead(AbstractChannelHandlerContext.java:355)\n\tat io.netty.channel.DefaultChannelPipeline$HeadContext.channelRead(DefaultChannelPipeline.java:1429)\n\tat io.netty.channel.DefaultChannelPipeline.fireChannelRead(DefaultChannelPipeline.java:918)\n\tat io.netty.channel.nio.AbstractNioByteChannel$NioByteUnsafe.read(AbstractNioByteChannel.java:176)\n\tat io.netty.channel.nio.AbstractNioChannel$AbstractNioUnsafe.handle(AbstractNioChannel.java:445)\n\tat io.netty.channel.nio.NioIoHandler$DefaultNioRegistration.handle(NioIoHandler.java:388)\n\tat io.netty.channel.nio.NioIoHandler.processSelectedKey(NioIoHandler.java:596)\n\tat io.netty.channel.nio.NioIoHandler.processSelectedKeysOptimized(NioIoHandler.java:571)\n\tat io.netty.channel.nio.NioIoHandler.processSelectedKeys(NioIoHandler.java:512)\n\tat io.netty.channel.nio.NioIoHandler.run(NioIoHandler.java:484)\n\tat io.netty.channel.SingleThreadIoEventLoop.runIo(SingleThreadIoEventLoop.java:225)\n\tat io.netty.channel.SingleThreadIoEventLoop.run(SingleThreadIoEventLoop.java:196)\n\tat io.netty.util.concurrent.SingleThreadEventExecutor$5.run(SingleThreadEventExecutor.java:1195)\n\tat io.netty.util.internal.ThreadExecutorMap$2.run(ThreadExecutorMap.java:74)\n\tat io.netty.util.concurrent.FastThreadLocalRunnable.run(FastThreadLocalRunnable.java:30)\n\tat java.lang.Thread.run(Thread.java:1564)\n"}}
[2026-06-14T09:20:02.796Z] [ALL] 06-14 14:49:59.861 28684 28729 I appium  : channel read: POST /session/96346e06-b795-4772-a936-71e77e178b18/element
[2026-06-14T09:20:02.796Z] [ALL] 06-14 14:49:59.862 28684 28729 I appium  : FindElement command
[2026-06-14T09:20:02.801Z] [ALL] 06-14 14:49:59.864 28684 28729 I appium  : method: 'xpath', selector: '//*[@resource-id="login_submit_btn" or @content-desc="login_submit_btn" or @text="Login" or @text="LOGIN"]'
[2026-06-14T09:20:02.801Z] [ALL] 06-14 14:49:59.864 28684 28729 I appium  : Waiting up to 10000ms for the device to idle
[2026-06-14T09:20:02.804Z] [ALL] 06-14 14:49:59.866 28684 28729 I appium  : The following attributes will be included to the page source: [text, resource-id, content-desc]
[2026-06-14T09:20:02.958Z] [ALL] 06-14 14:50:00.022  2112  2617 I DateTimeView: updateAll - getTimeFormat
[2026-06-14T09:20:02.965Z] [ALL] 06-14 14:50:00.030  2112  2617 D QSClockBellTower: onReceive(android.intent.action.TIME_TICK) mTimeZoneString:Asia/Kolkata
[2026-06-14T09:20:02.969Z] [ALL] 06-14 14:50:00.033  2112  2112 D QSClockBellTower: He is ready to ring the bell. (((QSClockBellSound - TimeText:2:50, TimeContentDescription:2:50 pm, DateText:Sun, 14 June, ShortDateText:Sun, 14 Jun, Demo:false)))
[2026-06-14T09:20:02.969Z] [ALL] 06-14 14:50:00.035  1486  1486 I EyeComfortSolutionService: action  :  android.intent.action.TIME_TICK
[2026-06-14T09:20:02.973Z] [ALL] 06-14 14:50:00.038  2112  2112 D QSClock : StatusBar clock=2:50 notifyTimeChanged(QSClockBellSound - TimeText:2:50, TimeContentDescription:2:50 pm, DateText:Sun, 14 June, ShortDateText:Sun, 14 Jun, Demo:false) clockVisibleByPolicy=true, clockVisibleByUser=true, visible=true, parent=android.widget.LinearLayout{479d080 V.E...... ......ID 0,0-83,63 #7e0a06b0 com.android.systemui:id/left_clock_container} caller=com.android.systemui.statusbar.phone.fragment.CollapsedStatusBarFragment.animateShow:66 com.android.systemui.statusbar.phone.fragment.CollapsedStatusBarFragment.updateStatusBarVisibilitiesInner:236 com.android.systemui.statusbar.phone.fragment.CollapsedStatusBarFragment$$ExternalSyntheticLambda5.run:86 android.os.Handler.handleCallback:1070 android.os.Handler.dispatchMessage:125  
[2026-06-14T09:20:02.975Z] [ALL] 06-14 14:50:00.039  2112  2112 D QSClockBellTower: Everyone heard the bell. run(currentTime:1781428800031, getTime():Sun Jun 14 14:50:00 GMT+05:30 2026, getTimeZone():libcore.util.ZoneInfo[mDstSavings=0,mUseDst=false,mDelegate=[id="Asia/Kolkata",mRawOffset=19800000,mEarliestRawOffset=21208000,transitions=7]])
[2026-06-14T09:20:02.975Z] [ALL] 06-14 14:50:00.039  2112  2112 D FaceWidgetPagesController: onTimeChanged()
[2026-06-14T09:20:02.985Z] [ALL] 06-14 14:50:00.050  2112  2112 W RefactorFlag: New code path expects SceneContainerFlag to be enabled.
[2026-06-14T09:20:03.034Z] [ALL] 06-14 14:50:00.097 28684 28729 I appium  : Took 0ms to retrieve 0 matches for '//*[@resource-id="login_submit_btn" or @content-desc="login_submit_btn" or @text="Login" or @text="LOGIN"]' XPath2 query
[2026-06-14T09:20:03.040Z] [ALL] 06-14 14:50:00.099 28684 28729 I appium  : AppiumResponse: {"sessionId":"96346e06-b795-4772-a936-71e77e178b18","value":{"error":"no such element","message":"An element could not be located on the page using the given search parameters","stacktrace":"io.appium.uiautomator2.common.exceptions.ElementNotFoundException: An element could not be located on the page using the given search parameters\n\tat io.appium.uiautomator2.utils.ElementLocationHelpers.findElement(ElementLocationHelpers.java:153)\n\tat io.appium.uiautomator2.handler.FindElement.safeHandle(FindElement.java:60)\n\tat io.appium.uiautomator2.handler.request.SafeRequestHandler.handle(SafeRequestHandler.java:59)\n\tat io.appium.uiautomator2.server.AppiumServlet.handleRequest(AppiumServlet.java:267)\n\tat io.appium.uiautomator2.server.AppiumServlet.handleHttpRequest(AppiumServlet.java:261)\n\tat io.appium.uiautomator2.http.ServerHandler.channelRead(ServerHandler.java:77)\n\tat io.netty.channel.AbstractChannelHandlerContext.fireChannelRead(AbstractChannelHandlerContext.java:357)\n\tat io.netty.handler.codec.MessageToMessageDecoder.channelRead(MessageToMessageDecoder.java:107)\n\tat io.netty.channel.AbstractChannelHandlerContext.fireChannelRead(AbstractChannelHandlerContext.java:357)\n\tat io.netty.channel.CombinedChannelDuplexHandler$DelegatingChannelHandlerContext.fireChannelRead(CombinedChannelDuplexHandler.java:434)\n\tat io.netty.handler.codec.ByteToMessageDecoder.fireChannelRead(ByteToMessageDecoder.java:361)\n\tat io.netty.handler.codec.ByteToMessageDecoder.channelRead(ByteToMessageDecoder.java:325)\n\tat io.netty.channel.CombinedChannelDuplexHandler.channelRead(CombinedChannelDuplexHandler.java:249)\n\tat io.netty.channel.AbstractChannelHandlerContext.fireChannelRead(AbstractChannelHandlerContext.java:355)\n\tat io.netty.handler.timeout.IdleStateHandler.channelRead(IdleStateHandler.java:288)\n\tat io.netty.channel.AbstractChannelHandlerContext.fireChannelRead(AbstractChannelHandlerContext.java:355)\n\tat io.netty.channel.DefaultChannelPipeline$HeadContext.channelRead(DefaultChannelPipeline.java:1429)\n\tat io.netty.channel.DefaultChannelPipeline.fireChannelRead(DefaultChannelPipeline.java:918)\n\tat io.netty.channel.nio.AbstractNioByteChannel$NioByteUnsafe.read(AbstractNioByteChannel.java:176)\n\tat io.netty.channel.nio.AbstractNioChannel$AbstractNioUnsafe.handle(AbstractNioChannel.java:445)\n\tat io.netty.channel.nio.NioIoHandler$DefaultNioRegistration.handle(NioIoHandler.java:388)\n\tat io.netty.channel.nio.NioIoHandler.processSelectedKey(NioIoHandler.java:596)\n\tat io.netty.channel.nio.NioIoHandler.processSelectedKeysOptimized(NioIoHandler.java:571)\n\tat io.netty.channel.nio.NioIoHandler.processSelectedKeys(NioIoHandler.java:512)\n\tat io.netty.channel.nio.NioIoHandler.run(NioIoHandler.java:484)\n\tat io.netty.channel.SingleThreadIoEventLoop.runIo(SingleThreadIoEventLoop.java:225)\n\tat io.netty.channel.SingleThreadIoEventLoop.run(SingleThreadIoEventLoop.java:196)\n\tat io.netty.util.concurrent.SingleThreadEventExecutor$5.run(SingleThreadEventExecutor.java:1195)\n\tat io.netty.util.internal.ThreadExecutorMap$2.run(ThreadExecutorMap.java:74)\n\tat io.netty.util.concurrent.FastThreadLocalRunnable.run(FastThreadLocalRunnable.java:30)\n\tat java.lang.Thread.run(Thread.java:1564)\n"}}
[2026-06-14T09:20:03.263Z] [ALL] 06-14 14:50:00.328  1486  1690 I ImeTracker: system_server:1d45b5d1: onTimeout at PHASE_WM_GET_CONTROL_WITH_LEASH
[2026-06-14T09:20:03.424Z] [ALL] 06-14 14:50:00.488  1486  3107 I NSLocationMonitor: getGPSUsingApps() called
[2026-06-14T09:20:03.430Z] [ALL] 06-14 14:50:00.489  3066  3089 I NSLocationManager_FLP: getGPSUsingApps, No change
[2026-06-14T09:20:03.434Z] [ALL] 06-14 14:50:00.495   747   747 D io_stats: !@   8,0 r 79297445 1564736409 w 12632830 206929624 d 4199652 257985032 f 0 1103267 iot 28541292 0 th 0 0 0 pt 0 inp 0 0 179614.884
[2026-06-14T09:20:03.448Z] [ALL] 06-14 14:50:00.512  1486  3107 D FreecessHandler: skipping freeze com.truecaller(10274) result : 2
[2026-06-14T09:20:03.501Z] [ALL] 06-14 14:50:00.563  2228  3094 I TUIThread: epol_call: EPOLL_SKIP
[2026-06-14T09:20:03.562Z] [ALL] 06-14 14:50:00.628 28684 28729 I appium  : channel read: POST /session/96346e06-b795-4772-a936-71e77e178b18/element
[2026-06-14T09:20:03.564Z] [ALL] 06-14 14:50:00.629 28684 28729 I appium  : FindElement command
[2026-06-14T09:20:03.564Z] [ALL] 06-14 14:50:00.630 28684 28729 I appium  : method: 'xpath', selector: '//*[@resource-id="login_submit_btn" or @content-desc="login_submit_btn" or @text="Login" or @text="LOGIN"]'
[2026-06-14T09:20:03.588Z] [ALL] 06-14 14:50:00.631 28684 28729 I appium  : Waiting up to 10000ms for the device to idle
[2026-06-14T09:20:03.590Z] [ALL] 06-14 14:50:00.639 28684 28729 I appium  : The following attributes will be included to the page source: [text, resource-id, content-desc]
[2026-06-14T09:20:03.773Z] [ALL] 06-14 14:50:00.839 28684 28729 I appium  : Took 0ms to retrieve 0 matches for '//*[@resource-id="login_submit_btn" or @content-desc="login_submit_btn" or @text="Login" or @text="LOGIN"]' XPath2 query
[2026-06-14T09:20:03.778Z] [ALL] 06-14 14:50:00.841 28684 28729 I appium  : AppiumResponse: {"sessionId":"96346e06-b795-4772-a936-71e77e178b18","value":{"error":"no such element","message":"An element could not be located on the page using the given search parameters","stacktrace":"io.appium.uiautomator2.common.exceptions.ElementNotFoundException: An element could not be located on the page using the given search parameters\n\tat io.appium.uiautomator2.utils.ElementLocationHelpers.findElement(ElementLocationHelpers.java:153)\n\tat io.appium.uiautomator2.handler.FindElement.safeHandle(FindElement.java:60)\n\tat io.appium.uiautomator2.handler.request.SafeRequestHandler.handle(SafeRequestHandler.java:59)\n\tat io.appium.uiautomator2.server.AppiumServlet.handleRequest(AppiumServlet.java:267)\n\tat io.appium.uiautomator2.server.AppiumServlet.handleHttpRequest(AppiumServlet.java:261)\n\tat io.appium.uiautomator2.http.ServerHandler.channelRead(ServerHandler.java:77)\n\tat io.netty.channel.AbstractChannelHandlerContext.fireChannelRead(AbstractChannelHandlerContext.java:357)\n\tat io.netty.handler.codec.MessageToMessageDecoder.channelRead(MessageToMessageDecoder.java:107)\n\tat io.netty.channel.AbstractChannelHandlerContext.fireChannelRead(AbstractChannelHandlerContext.java:357)\n\tat io.netty.channel.CombinedChannelDuplexHandler$DelegatingChannelHandlerContext.fireChannelRead(CombinedChannelDuplexHandler.java:434)\n\tat io.netty.handler.codec.ByteToMessageDecoder.fireChannelRead(ByteToMessageDecoder.java:361)\n\tat io.netty.handler.codec.ByteToMessageDecoder.channelRead(ByteToMessageDecoder.java:325)\n\tat io.netty.channel.CombinedChannelDuplexHandler.channelRead(CombinedChannelDuplexHandler.java:249)\n\tat io.netty.channel.AbstractChannelHandlerContext.fireChannelRead(AbstractChannelHandlerContext.java:355)\n\tat io.netty.handler.timeout.IdleStateHandler.channelRead(IdleStateHandler.java:288)\n\tat io.netty.channel.AbstractChannelHandlerContext.fireChannelRead(AbstractChannelHandlerContext.java:355)\n\tat io.netty.channel.DefaultChannelPipeline$HeadContext.channelRead(DefaultChannelPipeline.java:1429)\n\tat io.netty.channel.DefaultChannelPipeline.fireChannelRead(DefaultChannelPipeline.java:918)\n\tat io.netty.channel.nio.AbstractNioByteChannel$NioByteUnsafe.read(AbstractNioByteChannel.java:176)\n\tat io.netty.channel.nio.AbstractNioChannel$AbstractNioUnsafe.handle(AbstractNioChannel.java:445)\n\tat io.netty.channel.nio.NioIoHandler$DefaultNioRegistration.handle(NioIoHandler.java:388)\n\tat io.netty.channel.nio.NioIoHandler.processSelectedKey(NioIoHandler.java:596)\n\tat io.netty.channel.nio.NioIoHandler.processSelectedKeysOptimized(NioIoHandler.java:571)\n\tat io.netty.channel.nio.NioIoHandler.processSelectedKeys(NioIoHandler.java:512)\n\tat io.netty.channel.nio.NioIoHandler.run(NioIoHandler.java:484)\n\tat io.netty.channel.SingleThreadIoEventLoop.runIo(SingleThreadIoEventLoop.java:225)\n\tat io.netty.channel.SingleThreadIoEventLoop.run(SingleThreadIoEventLoop.java:196)\n\tat io.netty.util.concurrent.SingleThreadEventExecutor$5.run(SingleThreadEventExecutor.java:1195)\n\tat io.netty.util.internal.ThreadExecutorMap$2.run(ThreadExecutorMap.java:74)\n\tat io.netty.util.concurrent.FastThreadLocalRunnable.run(FastThreadLocalRunnable.java:30)\n\tat java.lang.Thread.run(Thread.java:1564)\n"}}
[2026-06-14T09:20:04.062Z] [ALL] 06-14 14:50:01.127  3653  3653 I wpa_supplicant: Heartbeat 5731
[2026-06-14T09:20:04.295Z] [ALL] 06-14 14:50:01.361 28684 28729 I appium  : channel read: POST /session/96346e06-b795-4772-a936-71e77e178b18/element
[2026-06-14T09:20:04.297Z] [ALL] 06-14 14:50:01.362 28684 28729 I appium  : FindElement command
[2026-06-14T09:20:04.297Z] [ALL] 06-14 14:50:01.363 28684 28729 I appium  : method: 'xpath', selector: '//*[@resource-id="login_submit_btn" or @content-desc="login_submit_btn" or @text="Login" or @text="LOGIN"]'
[2026-06-14T09:20:04.302Z] [ALL] 06-14 14:50:01.363 28684 28729 I appium  : Waiting up to 10000ms for the device to idle
[2026-06-14T09:20:04.302Z] [ALL] 06-14 14:50:01.365 28684 28729 I appium  : The following attributes will be included to the page source: [text, resource-id, content-desc]
[2026-06-14T09:20:04.456Z] [ALL] 06-14 14:50:01.522 28684 28729 I appium  : Took 0ms to retrieve 0 matches for '//*[@resource-id="login_submit_btn" or @content-desc="login_submit_btn" or @text="Login" or @text="LOGIN"]' XPath2 query
[2026-06-14T09:20:04.458Z] [ALL] 06-14 14:50:01.524 28684 28729 I appium  : AppiumResponse: {"sessionId":"96346e06-b795-4772-a936-71e77e178b18","value":{"error":"no such element","message":"An element could not be located on the page using the given search parameters","stacktrace":"io.appium.uiautomator2.common.exceptions.ElementNotFoundException: An element could not be located on the page using the given search parameters\n\tat io.appium.uiautomator2.utils.ElementLocationHelpers.findElement(ElementLocationHelpers.java:153)\n\tat io.appium.uiautomator2.handler.FindElement.safeHandle(FindElement.java:60)\n\tat io.appium.uiautomator2.handler.request.SafeRequestHandler.handle(SafeRequestHandler.java:59)\n\tat io.appium.uiautomator2.server.AppiumServlet.handleRequest(AppiumServlet.java:267)\n\tat io.appium.uiautomator2.server.AppiumServlet.handleHttpRequest(AppiumServlet.java:261)\n\tat io.appium.uiautomator2.http.ServerHandler.channelRead(ServerHandler.java:77)\n\tat io.netty.channel.AbstractChannelHandlerContext.fireChannelRead(AbstractChannelHandlerContext.java:357)\n\tat io.netty.handler.codec.MessageToMessageDecoder.channelRead(MessageToMessageDecoder.java:107)\n\tat io.netty.channel.AbstractChannelHandlerContext.fireChannelRead(AbstractChannelHandlerContext.java:357)\n\tat io.netty.channel.CombinedChannelDuplexHandler$DelegatingChannelHandlerContext.fireChannelRead(CombinedChannelDuplexHandler.java:434)\n\tat io.netty.handler.codec.ByteToMessageDecoder.fireChannelRead(ByteToMessageDecoder.java:361)\n\tat io.netty.handler.codec.ByteToMessageDecoder.channelRead(ByteToMessageDecoder.java:325)\n\tat io.netty.channel.CombinedChannelDuplexHandler.channelRead(CombinedChannelDuplexHandler.java:249)\n\tat io.netty.channel.AbstractChannelHandlerContext.fireChannelRead(AbstractChannelHandlerContext.java:355)\n\tat io.netty.handler.timeout.IdleStateHandler.channelRead(IdleStateHandler.java:288)\n\tat io.netty.channel.AbstractChannelHandlerContext.fireChannelRead(AbstractChannelHandlerContext.java:355)\n\tat io.netty.channel.DefaultChannelPipeline$HeadContext.channelRead(DefaultChannelPipeline.java:1429)\n\tat io.netty.channel.DefaultChannelPipeline.fireChannelRead(DefaultChannelPipeline.java:918)\n\tat io.netty.channel.nio.AbstractNioByteChannel$NioByteUnsafe.read(AbstractNioByteChannel.java:176)\n\tat io.netty.channel.nio.AbstractNioChannel$AbstractNioUnsafe.handle(AbstractNioChannel.java:445)\n\tat io.netty.channel.nio.NioIoHandler$DefaultNioRegistration.handle(NioIoHandler.java:388)\n\tat io.netty.channel.nio.NioIoHandler.processSelectedKey(NioIoHandler.java:596)\n\tat io.netty.channel.nio.NioIoHandler.processSelectedKeysOptimized(NioIoHandler.java:571)\n\tat io.netty.channel.nio.NioIoHandler.processSelectedKeys(NioIoHandler.java:512)\n\tat io.netty.channel.nio.NioIoHandler.run(NioIoHandler.java:484)\n\tat io.netty.channel.SingleThreadIoEventLoop.runIo(SingleThreadIoEventLoop.java:225)\n\tat io.netty.channel.SingleThreadIoEventLoop.run(SingleThreadIoEventLoop.java:196)\n\tat io.netty.util.concurrent.SingleThreadEventExecutor$5.run(SingleThreadEventExecutor.java:1195)\n\tat io.netty.util.internal.ThreadExecutorMap$2.run(ThreadExecutorMap.java:74)\n\tat io.netty.util.concurrent.FastThreadLocalRunnable.run(FastThreadLocalRunnable.java:30)\n\tat java.lang.Thread.run(Thread.java:1564)\n"}}
[2026-06-14T09:20:04.495Z] [ALL] 06-14 14:50:01.561 28684 28729 I appium  : channel read: POST /session/96346e06-b795-4772-a936-71e77e178b18/element
[2026-06-14T09:20:04.496Z] [ALL] 06-14 14:50:01.561 28684 28729 I appium  : FindElement command
[2026-06-14T09:20:04.496Z] [ALL] 06-14 14:50:01.562 28684 28729 I appium  : method: 'xpath', selector: '//*[@resource-id="login_submit_btn" or @content-desc="login_submit_btn" or @text="Login" or @text="LOGIN"]'
[2026-06-14T09:20:04.496Z] [ALL] 06-14 14:50:01.563 28684 28729 I appium  : Waiting up to 10000ms for the device to idle
[2026-06-14T09:20:04.501Z] [ALL] 06-14 14:50:01.564 28684 28729 I appium  : The following attributes will be included to the page source: [text, resource-id, content-desc]
[2026-06-14T09:20:04.506Z] [ALL] 06-14 14:50:01.571 28684 28688 I tomator2.server: Method exceeds compiler instruction limit: 19260 in java_cup.runtime.Symbol org.eclipse.wst.xml.xpath2.processor.internal.CUP$XPathCup$actions.CUP$XPathCup$do_action(int, java_cup.runtime.lr_parser, java.util.Stack, int)
[2026-06-14T09:20:04.597Z] [ALL] 06-14 14:50:01.661 28684 28729 I appium  : Took 0ms to retrieve 0 matches for '//*[@resource-id="login_submit_btn" or @content-desc="login_submit_btn" or @text="Login" or @text="LOGIN"]' XPath2 query
[2026-06-14T09:20:04.603Z] [ALL] 06-14 14:50:01.663 28684 28729 I appium  : AppiumResponse: {"sessionId":"96346e06-b795-4772-a936-71e77e178b18","value":{"error":"no such element","message":"An element could not be located on the page using the given search parameters","stacktrace":"io.appium.uiautomator2.common.exceptions.ElementNotFoundException: An element could not be located on the page using the given search parameters\n\tat io.appium.uiautomator2.utils.ElementLocationHelpers.findElement(ElementLocationHelpers.java:153)\n\tat io.appium.uiautomator2.handler.FindElement.safeHandle(FindElement.java:60)\n\tat io.appium.uiautomator2.handler.request.SafeRequestHandler.handle(SafeRequestHandler.java:59)\n\tat io.appium.uiautomator2.server.AppiumServlet.handleRequest(AppiumServlet.java:267)\n\tat io.appium.uiautomator2.server.AppiumServlet.handleHttpRequest(AppiumServlet.java:261)\n\tat io.appium.uiautomator2.http.ServerHandler.channelRead(ServerHandler.java:77)\n\tat io.netty.channel.AbstractChannelHandlerContext.fireChannelRead(AbstractChannelHandlerContext.java:357)\n\tat io.netty.handler.codec.MessageToMessageDecoder.channelRead(MessageToMessageDecoder.java:107)\n\tat io.netty.channel.AbstractChannelHandlerContext.fireChannelRead(AbstractChannelHandlerContext.java:357)\n\tat io.netty.channel.CombinedChannelDuplexHandler$DelegatingChannelHandlerContext.fireChannelRead(CombinedChannelDuplexHandler.java:434)\n\tat io.netty.handler.codec.ByteToMessageDecoder.fireChannelRead(ByteToMessageDecoder.java:361)\n\tat io.netty.handler.codec.ByteToMessageDecoder.channelRead(ByteToMessageDecoder.java:325)\n\tat io.netty.channel.CombinedChannelDuplexHandler.channelRead(CombinedChannelDuplexHandler.java:249)\n\tat io.netty.channel.AbstractChannelHandlerContext.fireChannelRead(AbstractChannelHandlerContext.java:355)\n\tat io.netty.handler.timeout.IdleStateHandler.channelRead(IdleStateHandler.java:288)\n\tat io.netty.channel.AbstractChannelHandlerContext.fireChannelRead(AbstractChannelHandlerContext.java:355)\n\tat io.netty.channel.DefaultChannelPipeline$HeadContext.channelRead(DefaultChannelPipeline.java:1429)\n\tat io.netty.channel.DefaultChannelPipeline.fireChannelRead(DefaultChannelPipeline.java:918)\n\tat io.netty.channel.nio.AbstractNioByteChannel$NioByteUnsafe.read(AbstractNioByteChannel.java:176)\n\tat io.netty.channel.nio.AbstractNioChannel$AbstractNioUnsafe.handle(AbstractNioChannel.java:445)\n\tat io.netty.channel.nio.NioIoHandler$DefaultNioRegistration.handle(NioIoHandler.java:388)\n\tat io.netty.channel.nio.NioIoHandler.processSelectedKey(NioIoHandler.java:596)\n\tat io.netty.channel.nio.NioIoHandler.processSelectedKeysOptimized(NioIoHandler.java:571)\n\tat io.netty.channel.nio.NioIoHandler.processSelectedKeys(NioIoHandler.java:512)\n\tat io.netty.channel.nio.NioIoHandler.run(NioIoHandler.java:484)\n\tat io.netty.channel.SingleThreadIoEventLoop.runIo(SingleThreadIoEventLoop.java:225)\n\tat io.netty.channel.SingleThreadIoEventLoop.run(SingleThreadIoEventLoop.java:196)\n\tat io.netty.util.concurrent.SingleThreadEventExecutor$5.run(SingleThreadEventExecutor.java:1195)\n\tat io.netty.util.internal.ThreadExecutorMap$2.run(ThreadExecutorMap.java:74)\n\tat io.netty.util.concurrent.FastThreadLocalRunnable.run(FastThreadLocalRunnable.java:30)\n\tat java.lang.Thread.run(Thread.java:1564)\n"}}
[2026-06-14T09:20:04.787Z] [ALL] 06-14 14:50:01.846  1486  1828 I SemWifiServiceDetector: Service det. suspended: T / T / 19967
[2026-06-14T09:20:05.061Z] [ALL] 06-14 14:50:02.118  1486  1729 D WifiStaIfaceHidlImpl: getCachedScanData is not implemented by HIDL
[2026-06-14T09:20:05.065Z] [ALL] 06-14 14:50:02.127  1486  3494 D SemWifiUsabilityStatsMonitor: onWifiUsabilityStats - seqNum 22605, isSameBssidAndFreq true
[2026-06-14T09:20:05.072Z] [ALL] 06-14 14:50:02.136  2072  2072 I EPDG-0 [WifiProfiler]: handleWifiRssiIntent, rssi=-55
[2026-06-14T09:20:05.072Z] [ALL] 06-14 14:50:02.136  2072  2072 I EPDG-0 [WifiProfiler]: isProfiling, hash=189204772, started=true
[2026-06-14T09:20:05.072Z] [ALL] 06-14 14:50:02.137  2072  2072 I EPDG-0 [LogMetrics]: set, type=WIFI_RSSI_LAST, value=-55
[2026-06-14T09:20:05.072Z] [ALL] 06-14 14:50:02.137  2072  2072 I EPDG-0 [WifiProfiler]: isProfiling, hash=189204772, started=true
[2026-06-14T09:20:05.072Z] [ALL] 06-14 14:50:02.137  2072  2072 I EPDG-0 [WifiProfiler]: Rssi : -55 highrange : -75 lowrange : -85 mIsRssiInHystersis : false
[2026-06-14T09:20:05.072Z] [ALL] 06-14 14:50:02.137  2072  2072 I EPDG-0 [WifiProfiler]: Rssi : -55 highrange : -75 lowrange : -85 mIsRssiInHystersis : false
[2026-06-14T09:20:05.072Z] [ALL] 06-14 14:50:02.137  2072  2072 I EPDG-0 [Subscription]: isEpdgAvailable, IwlanPsState=2/2
[2026-06-14T09:20:05.072Z] [ALL] 06-14 14:50:02.138  2072  2072 I EPDG-0 [WifiProfiler]: getHandoverThresholdMet: value is: false
[2026-06-14T09:20:05.098Z] [ALL] 06-14 14:50:02.162  1486  3014 D NetdEventListenerService: CSC Feature value: true
[2026-06-14T09:20:05.098Z] [ALL] 06-14 14:50:02.164  1486  3014 D NetdEventListenerService: CSC Feature value: true
[2026-06-14T09:20:05.102Z] [ALL] 06-14 14:50:02.165  1486  1881 D NetdEventListenerService: DNS Requested by 204, 10080(com.facebook.services), SUCCESS, 28ms
[2026-06-14T09:20:05.123Z] [ALL] 06-14 14:50:02.189 28684 28729 I appium  : channel read: POST /session/96346e06-b795-4772-a936-71e77e178b18/element
[2026-06-14T09:20:05.126Z] [ALL] 06-14 14:50:02.190 28684 28729 I appium  : FindElement command
[2026-06-14T09:20:05.126Z] [ALL] 06-14 14:50:02.191 28684 28729 I appium  : method: 'xpath', selector: '//*[@resource-id="login_submit_btn" or @content-desc="login_submit_btn" or @text="Login" or @text="LOGIN"]'
[2026-06-14T09:20:05.126Z] [ALL] 06-14 14:50:02.191 28684 28729 I appium  : Waiting up to 10000ms for the device to idle
[2026-06-14T09:20:05.128Z] [ALL] 06-14 14:50:02.193 28684 28729 I appium  : The following attributes will be included to the page source: [text, resource-id, content-desc]
[2026-06-14T09:20:05.254Z] [ALL] 06-14 14:50:02.320 28684 28729 I appium  : Took 0ms to retrieve 0 matches for '//*[@resource-id="login_submit_btn" or @content-desc="login_submit_btn" or @text="Login" or @text="LOGIN"]' XPath2 query
[2026-06-14T09:20:05.257Z] [ALL] 06-14 14:50:02.322 28684 28729 I appium  : AppiumResponse: {"sessionId":"96346e06-b795-4772-a936-71e77e178b18","value":{"error":"no such element","message":"An element could not be located on the page using the given search parameters","stacktrace":"io.appium.uiautomator2.common.exceptions.ElementNotFoundException: An element could not be located on the page using the given search parameters\n\tat io.appium.uiautomator2.utils.ElementLocationHelpers.findElement(ElementLocationHelpers.java:153)\n\tat io.appium.uiautomator2.handler.FindElement.safeHandle(FindElement.java:60)\n\tat io.appium.uiautomator2.handler.request.SafeRequestHandler.handle(SafeRequestHandler.java:59)\n\tat io.appium.uiautomator2.server.AppiumServlet.handleRequest(AppiumServlet.java:267)\n\tat io.appium.uiautomator2.server.AppiumServlet.handleHttpRequest(AppiumServlet.java:261)\n\tat io.appium.uiautomator2.http.ServerHandler.channelRead(ServerHandler.java:77)\n\tat io.netty.channel.AbstractChannelHandlerContext.fireChannelRead(AbstractChannelHandlerContext.java:357)\n\tat io.netty.handler.codec.MessageToMessageDecoder.channelRead(MessageToMessageDecoder.java:107)\n\tat io.netty.channel.AbstractChannelHandlerContext.fireChannelRead(AbstractChannelHandlerContext.java:357)\n\tat io.netty.channel.CombinedChannelDuplexHandler$DelegatingChannelHandlerContext.fireChannelRead(CombinedChannelDuplexHandler.java:434)\n\tat io.netty.handler.codec.ByteToMessageDecoder.fireChannelRead(ByteToMessageDecoder.java:361)\n\tat io.netty.handler.codec.ByteToMessageDecoder.channelRead(ByteToMessageDecoder.java:325)\n\tat io.netty.channel.CombinedChannelDuplexHandler.channelRead(CombinedChannelDuplexHandler.java:249)\n\tat io.netty.channel.AbstractChannelHandlerContext.fireChannelRead(AbstractChannelHandlerContext.java:355)\n\tat io.netty.handler.timeout.IdleStateHandler.channelRead(IdleStateHandler.java:288)\n\tat io.netty.channel.AbstractChannelHandlerContext.fireChannelRead(AbstractChannelHandlerContext.java:355)\n\tat io.netty.channel.DefaultChannelPipeline$HeadContext.channelRead(DefaultChannelPipeline.java:1429)\n\tat io.netty.channel.DefaultChannelPipeline.fireChannelRead(DefaultChannelPipeline.java:918)\n\tat io.netty.channel.nio.AbstractNioByteChannel$NioByteUnsafe.read(AbstractNioByteChannel.java:176)\n\tat io.netty.channel.nio.AbstractNioChannel$AbstractNioUnsafe.handle(AbstractNioChannel.java:445)\n\tat io.netty.channel.nio.NioIoHandler$DefaultNioRegistration.handle(NioIoHandler.java:388)\n\tat io.netty.channel.nio.NioIoHandler.processSelectedKey(NioIoHandler.java:596)\n\tat io.netty.channel.nio.NioIoHandler.processSelectedKeysOptimized(NioIoHandler.java:571)\n\tat io.netty.channel.nio.NioIoHandler.processSelectedKeys(NioIoHandler.java:512)\n\tat io.netty.channel.nio.NioIoHandler.run(NioIoHandler.java:484)\n\tat io.netty.channel.SingleThreadIoEventLoop.runIo(SingleThreadIoEventLoop.java:225)\n\tat io.netty.channel.SingleThreadIoEventLoop.run(SingleThreadIoEventLoop.java:196)\n\tat io.netty.util.concurrent.SingleThreadEventExecutor$5.run(SingleThreadEventExecutor.java:1195)\n\tat io.netty.util.internal.ThreadExecutorMap$2.run(ThreadExecutorMap.java:74)\n\tat io.netty.util.concurrent.FastThreadLocalRunnable.run(FastThreadLocalRunnable.java:30)\n\tat java.lang.Thread.run(Thread.java:1564)\n"}}
[2026-06-14T09:20:05.434Z] [ALL] 06-14 14:50:02.496   747   747 D io_stats: !@   8,0 r 79297451 1564736445 w 12632830 206929624 d 4199652 257985032 f 0 1103267 iot 28541308 0 th 0 0 0 pt 0 inp 0 0 179616.886
[2026-06-14T09:20:05.437Z] [ALL] 06-14 14:50:02.497   747   747 D io_stats: !@ Read_top(KB): system_server(1486) 48 cebook.services(9187) 36
[2026-06-14T09:20:05.437Z] [ALL] 06-14 14:50:02.497   747   747 D io_stats: !@ Write_top(KB): system_server(1486) 4
[2026-06-14T09:20:05.553Z] [ALL] 06-14 14:50:02.615  4132  5524 I SDHMS:x : SIOP:: AP:386 BAT:368 USB:364 CHG:386 PA:391 CP:387 WIFI:382 BLK:0 SUBBAT:0 LRPTHM:375 SKIN:361 SKINF:354 SKINB:361 LRP:361 LRP2:361 LRF2:354 LRB2:361 AP2:360 CHG2:351 MEM2:358 WIFI2:361 SPK2:346 VAP02:390 VWIFI:382 AVGCUR:3 AVGSYS:381 POWER:12
[2026-06-14T09:20:05.780Z] [ALL] 06-14 14:50:02.846 28684 28729 I appium  : channel read: POST /session/96346e06-b795-4772-a936-71e77e178b18/element
[2026-06-14T09:20:05.784Z] [ALL] 06-14 14:50:02.847 28684 28729 I appium  : FindElement command
[2026-06-14T09:20:05.784Z] [ALL] 06-14 14:50:02.848 28684 28729 I appium  : method: 'xpath', selector: '//*[@resource-id="login_submit_btn" or @content-desc="login_submit_btn" or @text="Login" or @text="LOGIN"]'
[2026-06-14T09:20:05.786Z] [ALL] 06-14 14:50:02.848 28684 28729 I appium  : Waiting up to 10000ms for the device to idle
[2026-06-14T09:20:05.786Z] [ALL] 06-14 14:50:02.850 28684 28729 I appium  : The following attributes will be included to the page source: [text, resource-id, content-desc]
[2026-06-14T09:20:05.880Z] [ALL] 06-14 14:50:02.943  1149  1149 I SurfaceFlinger: SFWD update time=179617332553941
[2026-06-14T09:20:05.965Z] [ALL] 06-14 14:50:03.031 28684 28729 I appium  : Took 0ms to retrieve 0 matches for '//*[@resource-id="login_submit_btn" or @content-desc="login_submit_btn" or @text="Login" or @text="LOGIN"]' XPath2 query
[2026-06-14T09:20:05.969Z] [ALL] 06-14 14:50:03.032 28684 28729 I appium  : AppiumResponse: {"sessionId":"96346e06-b795-4772-a936-71e77e178b18","value":{"error":"no such element","message":"An element could not be located on the page using the given search parameters","stacktrace":"io.appium.uiautomator2.common.exceptions.ElementNotFoundException: An element could not be located on the page using the given search parameters\n\tat io.appium.uiautomator2.utils.ElementLocationHelpers.findElement(ElementLocationHelpers.java:153)\n\tat io.appium.uiautomator2.handler.FindElement.safeHandle(FindElement.java:60)\n\tat io.appium.uiautomator2.handler.request.SafeRequestHandler.handle(SafeRequestHandler.java:59)\n\tat io.appium.uiautomator2.server.AppiumServlet.handleRequest(AppiumServlet.java:267)\n\tat io.appium.uiautomator2.server.AppiumServlet.handleHttpRequest(AppiumServlet.java:261)\n\tat io.appium.uiautomator2.http.ServerHandler.channelRead(ServerHandler.java:77)\n\tat io.netty.channel.AbstractChannelHandlerContext.fireChannelRead(AbstractChannelHandlerContext.java:357)\n\tat io.netty.handler.codec.MessageToMessageDecoder.channelRead(MessageToMessageDecoder.java:107)\n\tat io.netty.channel.AbstractChannelHandlerContext.fireChannelRead(AbstractChannelHandlerContext.java:357)\n\tat io.netty.channel.CombinedChannelDuplexHandler$DelegatingChannelHandlerContext.fireChannelRead(CombinedChannelDuplexHandler.java:434)\n\tat io.netty.handler.codec.ByteToMessageDecoder.fireChannelRead(ByteToMessageDecoder.java:361)\n\tat io.netty.handler.codec.ByteToMessageDecoder.channelRead(ByteToMessageDecoder.java:325)\n\tat io.netty.channel.CombinedChannelDuplexHandler.channelRead(CombinedChannelDuplexHandler.java:249)\n\tat io.netty.channel.AbstractChannelHandlerContext.fireChannelRead(AbstractChannelHandlerContext.java:355)\n\tat io.netty.handler.timeout.IdleStateHandler.channelRead(IdleStateHandler.java:288)\n\tat io.netty.channel.AbstractChannelHandlerContext.fireChannelRead(AbstractChannelHandlerContext.java:355)\n\tat io.netty.channel.DefaultChannelPipeline$HeadContext.channelRead(DefaultChannelPipeline.java:1429)\n\tat io.netty.channel.DefaultChannelPipeline.fireChannelRead(DefaultChannelPipeline.java:918)\n\tat io.netty.channel.nio.AbstractNioByteChannel$NioByteUnsafe.read(AbstractNioByteChannel.java:176)\n\tat io.netty.channel.nio.AbstractNioChannel$AbstractNioUnsafe.handle(AbstractNioChannel.java:445)\n\tat io.netty.channel.nio.NioIoHandler$DefaultNioRegistration.handle(NioIoHandler.java:388)\n\tat io.netty.channel.nio.NioIoHandler.processSelectedKey(NioIoHandler.java:596)\n\tat io.netty.channel.nio.NioIoHandler.processSelectedKeysOptimized(NioIoHandler.java:571)\n\tat io.netty.channel.nio.NioIoHandler.processSelectedKeys(NioIoHandler.java:512)\n\tat io.netty.channel.nio.NioIoHandler.run(NioIoHandler.java:484)\n\tat io.netty.channel.SingleThreadIoEventLoop.runIo(SingleThreadIoEventLoop.java:225)\n\tat io.netty.channel.SingleThreadIoEventLoop.run(SingleThreadIoEventLoop.java:196)\n\tat io.netty.util.concurrent.SingleThreadEventExecutor$5.run(SingleThreadEventExecutor.java:1195)\n\tat io.netty.util.internal.ThreadExecutorMap$2.run(ThreadExecutorMap.java:74)\n\tat io.netty.util.concurrent.FastThreadLocalRunnable.run(FastThreadLocalRunnable.java:30)\n\tat java.lang.Thread.run(Thread.java:1564)\n"}}
[2026-06-14T09:20:06.519Z] [ALL] 06-14 14:50:03.565 28684 28729 I appium  : channel read: POST /session/96346e06-b795-4772-a936-71e77e178b18/element
[2026-06-14T09:20:06.522Z] [ALL] 06-14 14:50:03.566 28684 28729 I appium  : FindElement command
[2026-06-14T09:20:06.522Z] [ALL] 06-14 14:50:03.567 28684 28729 I appium  : method: 'xpath', selector: '//*[@resource-id="login_submit_btn" or @content-desc="login_submit_btn" or @text="Login" or @text="LOGIN"]'
[2026-06-14T09:20:06.522Z] [ALL] 06-14 14:50:03.567 28684 28729 I appium  : Waiting up to 10000ms for the device to idle
[2026-06-14T09:20:06.522Z] [ALL] 06-14 14:50:03.569 28684 28729 I appium  : The following attributes will be included to the page source: [text, resource-id, content-desc]
[2026-06-14T09:20:06.678Z] [ALL] 06-14 14:50:03.745 28684 28729 I appium  : Took 0ms to retrieve 0 matches for '//*[@resource-id="login_submit_btn" or @content-desc="login_submit_btn" or @text="Login" or @text="LOGIN"]' XPath2 query
[2026-06-14T09:20:06.682Z] [ALL] 06-14 14:50:03.746 28684 28729 I appium  : AppiumResponse: {"sessionId":"96346e06-b795-4772-a936-71e77e178b18","value":{"error":"no such element","message":"An element could not be located on the page using the given search parameters","stacktrace":"io.appium.uiautomator2.common.exceptions.ElementNotFoundException: An element could not be located on the page using the given search parameters\n\tat io.appium.uiautomator2.utils.ElementLocationHelpers.findElement(ElementLocationHelpers.java:153)\n\tat io.appium.uiautomator2.handler.FindElement.safeHandle(FindElement.java:60)\n\tat io.appium.uiautomator2.handler.request.SafeRequestHandler.handle(SafeRequestHandler.java:59)\n\tat io.appium.uiautomator2.server.AppiumServlet.handleRequest(AppiumServlet.java:267)\n\tat io.appium.uiautomator2.server.AppiumServlet.handleHttpRequest(AppiumServlet.java:261)\n\tat io.appium.uiautomator2.http.ServerHandler.channelRead(ServerHandler.java:77)\n\tat io.netty.channel.AbstractChannelHandlerContext.fireChannelRead(AbstractChannelHandlerContext.java:357)\n\tat io.netty.handler.codec.MessageToMessageDecoder.channelRead(MessageToMessageDecoder.java:107)\n\tat io.netty.channel.AbstractChannelHandlerContext.fireChannelRead(AbstractChannelHandlerContext.java:357)\n\tat io.netty.channel.CombinedChannelDuplexHandler$DelegatingChannelHandlerContext.fireChannelRead(CombinedChannelDuplexHandler.java:434)\n\tat io.netty.handler.codec.ByteToMessageDecoder.fireChannelRead(ByteToMessageDecoder.java:361)\n\tat io.netty.handler.codec.ByteToMessageDecoder.channelRead(ByteToMessageDecoder.java:325)\n\tat io.netty.channel.CombinedChannelDuplexHandler.channelRead(CombinedChannelDuplexHandler.java:249)\n\tat io.netty.channel.AbstractChannelHandlerContext.fireChannelRead(AbstractChannelHandlerContext.java:355)\n\tat io.netty.handler.timeout.IdleStateHandler.channelRead(IdleStateHandler.java:288)\n\tat io.netty.channel.AbstractChannelHandlerContext.fireChannelRead(AbstractChannelHandlerContext.java:355)\n\tat io.netty.channel.DefaultChannelPipeline$HeadContext.channelRead(DefaultChannelPipeline.java:1429)\n\tat io.netty.channel.DefaultChannelPipeline.fireChannelRead(DefaultChannelPipeline.java:918)\n\tat io.netty.channel.nio.AbstractNioByteChannel$NioByteUnsafe.read(AbstractNioByteChannel.java:176)\n\tat io.netty.channel.nio.AbstractNioChannel$AbstractNioUnsafe.handle(AbstractNioChannel.java:445)\n\tat io.netty.channel.nio.NioIoHandler$DefaultNioRegistration.handle(NioIoHandler.java:388)\n\tat io.netty.channel.nio.NioIoHandler.processSelectedKey(NioIoHandler.java:596)\n\tat io.netty.channel.nio.NioIoHandler.processSelectedKeysOptimized(NioIoHandler.java:571)\n\tat io.netty.channel.nio.NioIoHandler.processSelectedKeys(NioIoHandler.java:512)\n\tat io.netty.channel.nio.NioIoHandler.run(NioIoHandler.java:484)\n\tat io.netty.channel.SingleThreadIoEventLoop.runIo(SingleThreadIoEventLoop.java:225)\n\tat io.netty.channel.SingleThreadIoEventLoop.run(SingleThreadIoEventLoop.java:196)\n\tat io.netty.util.concurrent.SingleThreadEventExecutor$5.run(SingleThreadEventExecutor.java:1195)\n\tat io.netty.util.internal.ThreadExecutorMap$2.run(ThreadExecutorMap.java:74)\n\tat io.netty.util.concurrent.FastThreadLocalRunnable.run(FastThreadLocalRunnable.java:30)\n\tat java.lang.Thread.run(Thread.java:1564)\n"}}
[2026-06-14T09:20:06.746Z] [ALL] 06-14 14:50:03.812  5214 29749 I .gms.persistent: Explicit concurrent mark compact GC freed 2428KB AllocSpace bytes, 0(0B) LOS objects, 61% free, 29MB/77MB, paused 266us,2.078ms total 204.286ms
[2026-06-14T09:20:07.204Z] [ALL] 06-14 14:50:04.270 28684 28729 I appium  : channel read: POST /session/96346e06-b795-4772-a936-71e77e178b18/element
[2026-06-14T09:20:07.204Z] [ALL] 06-14 14:50:04.271 28684 28729 I appium  : FindElement command
[2026-06-14T09:20:07.205Z] [ALL] 06-14 14:50:04.272 28684 28729 I appium  : method: 'xpath', selector: '//*[@resource-id="login_submit_btn" or @content-desc="login_submit_btn" or @text="Login" or @text="LOGIN"]'
[2026-06-14T09:20:07.205Z] [ALL] 06-14 14:50:04.272 28684 28729 I appium  : Waiting up to 10000ms for the device to idle
[2026-06-14T09:20:07.207Z] [ALL] 06-14 14:50:04.274 28684 28729 I appium  : The following attributes will be included to the page source: [text, resource-id, content-desc]
[2026-06-14T09:20:07.213Z] [ALL] 06-14 14:50:04.280 28684 28688 I tomator2.server: Method exceeds compiler instruction limit: 19260 in java_cup.runtime.Symbol org.eclipse.wst.xml.xpath2.processor.internal.CUP$XPathCup$actions.CUP$XPathCup$do_action(int, java_cup.runtime.lr_parser, java.util.Stack, int)
[2026-06-14T09:20:07.384Z] [ALL] 06-14 14:50:04.449 28684 28729 I appium  : Took 0ms to retrieve 0 matches for '//*[@resource-id="login_submit_btn" or @content-desc="login_submit_btn" or @text="Login" or @text="LOGIN"]' XPath2 query
[2026-06-14T09:20:07.387Z] [ALL] 06-14 14:50:04.450 28684 28729 I appium  : AppiumResponse: {"sessionId":"96346e06-b795-4772-a936-71e77e178b18","value":{"error":"no such element","message":"An element could not be located on the page using the given search parameters","stacktrace":"io.appium.uiautomator2.common.exceptions.ElementNotFoundException: An element could not be located on the page using the given search parameters\n\tat io.appium.uiautomator2.utils.ElementLocationHelpers.findElement(ElementLocationHelpers.java:153)\n\tat io.appium.uiautomator2.handler.FindElement.safeHandle(FindElement.java:60)\n\tat io.appium.uiautomator2.handler.request.SafeRequestHandler.handle(SafeRequestHandler.java:59)\n\tat io.appium.uiautomator2.server.AppiumServlet.handleRequest(AppiumServlet.java:267)\n\tat io.appium.uiautomator2.server.AppiumServlet.handleHttpRequest(AppiumServlet.java:261)\n\tat io.appium.uiautomator2.http.ServerHandler.channelRead(ServerHandler.java:77)\n\tat io.netty.channel.AbstractChannelHandlerContext.fireChannelRead(AbstractChannelHandlerContext.java:357)\n\tat io.netty.handler.codec.MessageToMessageDecoder.channelRead(MessageToMessageDecoder.java:107)\n\tat io.netty.channel.AbstractChannelHandlerContext.fireChannelRead(AbstractChannelHandlerContext.java:357)\n\tat io.netty.channel.CombinedChannelDuplexHandler$DelegatingChannelHandlerContext.fireChannelRead(CombinedChannelDuplexHandler.java:434)\n\tat io.netty.handler.codec.ByteToMessageDecoder.fireChannelRead(ByteToMessageDecoder.java:361)\n\tat io.netty.handler.codec.ByteToMessageDecoder.channelRead(ByteToMessageDecoder.java:325)\n\tat io.netty.channel.CombinedChannelDuplexHandler.channelRead(CombinedChannelDuplexHandler.java:249)\n\tat io.netty.channel.AbstractChannelHandlerContext.fireChannelRead(AbstractChannelHandlerContext.java:355)\n\tat io.netty.handler.timeout.IdleStateHandler.channelRead(IdleStateHandler.java:288)\n\tat io.netty.channel.AbstractChannelHandlerContext.fireChannelRead(AbstractChannelHandlerContext.java:355)\n\tat io.netty.channel.DefaultChannelPipeline$HeadContext.channelRead(DefaultChannelPipeline.java:1429)\n\tat io.netty.channel.DefaultChannelPipeline.fireChannelRead(DefaultChannelPipeline.java:918)\n\tat io.netty.channel.nio.AbstractNioByteChannel$NioByteUnsafe.read(AbstractNioByteChannel.java:176)\n\tat io.netty.channel.nio.AbstractNioChannel$AbstractNioUnsafe.handle(AbstractNioChannel.java:445)\n\tat io.netty.channel.nio.NioIoHandler$DefaultNioRegistration.handle(NioIoHandler.java:388)\n\tat io.netty.channel.nio.NioIoHandler.processSelectedKey(NioIoHandler.java:596)\n\tat io.netty.channel.nio.NioIoHandler.processSelectedKeysOptimized(NioIoHandler.java:571)\n\tat io.netty.channel.nio.NioIoHandler.processSelectedKeys(NioIoHandler.java:512)\n\tat io.netty.channel.nio.NioIoHandler.run(NioIoHandler.java:484)\n\tat io.netty.channel.SingleThreadIoEventLoop.runIo(SingleThreadIoEventLoop.java:225)\n\tat io.netty.channel.SingleThreadIoEventLoop.run(SingleThreadIoEventLoop.java:196)\n\tat io.netty.util.concurrent.SingleThreadEventExecutor$5.run(SingleThreadEventExecutor.java:1195)\n\tat io.netty.util.internal.ThreadExecutorMap$2.run(ThreadExecutorMap.java:74)\n\tat io.netty.util.concurrent.FastThreadLocalRunnable.run(FastThreadLocalRunnable.java:30)\n\tat java.lang.Thread.run(Thread.java:1564)\n"}}
[2026-06-14T09:20:07.435Z] [ALL] 06-14 14:50:04.500   747   747 D io_stats: !@   8,0 r 79297451 1564736445 w 12632835 206930848 d 4199652 257985032 f 0 1103267 iot 28541324 0 th 0 0 0 pt 0 inp 0 0 179618.890
[2026-06-14T09:20:07.787Z] [ALL] 06-14 14:50:04.853  1486  1828 I SemWifiServiceDetector: Service det. resumed: T / T / 19967
[2026-06-14T09:20:07.926Z] [ALL] 06-14 14:50:04.982 28684 28729 I appium  : channel read: POST /session/96346e06-b795-4772-a936-71e77e178b18/element
[2026-06-14T09:20:07.926Z] [ALL] 06-14 14:50:04.982 28684 28729 I appium  : FindElement command
[2026-06-14T09:20:07.927Z] [ALL] 06-14 14:50:04.984 28684 28729 I appium  : method: 'xpath', selector: '//*[@resource-id="login_submit_btn" or @content-desc="login_submit_btn" or @text="Login" or @text="LOGIN"]'
[2026-06-14T09:20:07.927Z] [ALL] 06-14 14:50:04.984 28684 28729 I appium  : Waiting up to 10000ms for the device to idle
[2026-06-14T09:20:07.927Z] [ALL] 06-14 14:50:04.986 28684 28729 I appium  : The following attributes will be included to the page source: [text, resource-id, content-desc]
[2026-06-14T09:20:08.068Z] [ALL] 06-14 14:50:05.132 28684 28729 I appium  : Took 0ms to retrieve 0 matches for '//*[@resource-id="login_submit_btn" or @content-desc="login_submit_btn" or @text="Login" or @text="LOGIN"]' XPath2 query
[2026-06-14T09:20:08.072Z] [ALL] 06-14 14:50:05.134 28684 28729 I appium  : AppiumResponse: {"sessionId":"96346e06-b795-4772-a936-71e77e178b18","value":{"error":"no such element","message":"An element could not be located on the page using the given search parameters","stacktrace":"io.appium.uiautomator2.common.exceptions.ElementNotFoundException: An element could not be located on the page using the given search parameters\n\tat io.appium.uiautomator2.utils.ElementLocationHelpers.findElement(ElementLocationHelpers.java:153)\n\tat io.appium.uiautomator2.handler.FindElement.safeHandle(FindElement.java:60)\n\tat io.appium.uiautomator2.handler.request.SafeRequestHandler.handle(SafeRequestHandler.java:59)\n\tat io.appium.uiautomator2.server.AppiumServlet.handleRequest(AppiumServlet.java:267)\n\tat io.appium.uiautomator2.server.AppiumServlet.handleHttpRequest(AppiumServlet.java:261)\n\tat io.appium.uiautomator2.http.ServerHandler.channelRead(ServerHandler.java:77)\n\tat io.netty.channel.AbstractChannelHandlerContext.fireChannelRead(AbstractChannelHandlerContext.java:357)\n\tat io.netty.handler.codec.MessageToMessageDecoder.channelRead(MessageToMessageDecoder.java:107)\n\tat io.netty.channel.AbstractChannelHandlerContext.fireChannelRead(AbstractChannelHandlerContext.java:357)\n\tat io.netty.channel.CombinedChannelDuplexHandler$DelegatingChannelHandlerContext.fireChannelRead(CombinedChannelDuplexHandler.java:434)\n\tat io.netty.handler.codec.ByteToMessageDecoder.fireChannelRead(ByteToMessageDecoder.java:361)\n\tat io.netty.handler.codec.ByteToMessageDecoder.channelRead(ByteToMessageDecoder.java:325)\n\tat io.netty.channel.CombinedChannelDuplexHandler.channelRead(CombinedChannelDuplexHandler.java:249)\n\tat io.netty.channel.AbstractChannelHandlerContext.fireChannelRead(AbstractChannelHandlerContext.java:355)\n\tat io.netty.handler.timeout.IdleStateHandler.channelRead(IdleStateHandler.java:288)\n\tat io.netty.channel.AbstractChannelHandlerContext.fireChannelRead(AbstractChannelHandlerContext.java:355)\n\tat io.netty.channel.DefaultChannelPipeline$HeadContext.channelRead(DefaultChannelPipeline.java:1429)\n\tat io.netty.channel.DefaultChannelPipeline.fireChannelRead(DefaultChannelPipeline.java:918)\n\tat io.netty.channel.nio.AbstractNioByteChannel$NioByteUnsafe.read(AbstractNioByteChannel.java:176)\n\tat io.netty.channel.nio.AbstractNioChannel$AbstractNioUnsafe.handle(AbstractNioChannel.java:445)\n\tat io.netty.channel.nio.NioIoHandler$DefaultNioRegistration.handle(NioIoHandler.java:388)\n\tat io.netty.channel.nio.NioIoHandler.processSelectedKey(NioIoHandler.java:596)\n\tat io.netty.channel.nio.NioIoHandler.processSelectedKeysOptimized(NioIoHandler.java:571)\n\tat io.netty.channel.nio.NioIoHandler.processSelectedKeys(NioIoHandler.java:512)\n\tat io.netty.channel.nio.NioIoHandler.run(NioIoHandler.java:484)\n\tat io.netty.channel.SingleThreadIoEventLoop.runIo(SingleThreadIoEventLoop.java:225)\n\tat io.netty.channel.SingleThreadIoEventLoop.run(SingleThreadIoEventLoop.java:196)\n\tat io.netty.util.concurrent.SingleThreadEventExecutor$5.run(SingleThreadEventExecutor.java:1195)\n\tat io.netty.util.internal.ThreadExecutorMap$2.run(ThreadExecutorMap.java:74)\n\tat io.netty.util.concurrent.FastThreadLocalRunnable.run(FastThreadLocalRunnable.java:30)\n\tat java.lang.Thread.run(Thread.java:1564)\n"}}
[2026-06-14T09:20:08.074Z] [ALL] 06-14 14:50:05.141  1486  1729 D WifiStaIfaceHidlImpl: getCachedScanData is not implemented by HIDL
[2026-06-14T09:20:08.079Z] [ALL] 06-14 14:50:05.145  2072  2072 I EPDG-0 [WifiProfiler]: handleWifiRssiIntent, rssi=-53
[2026-06-14T09:20:08.079Z] [ALL] 06-14 14:50:05.145  2072  2072 I EPDG-0 [WifiProfiler]: isProfiling, hash=189204772, started=true
[2026-06-14T09:20:08.080Z] [ALL] 06-14 14:50:05.146  1486  3494 D SemWifiUsabilityStatsMonitor: onWifiUsabilityStats - seqNum 22606, isSameBssidAndFreq true
[2026-06-14T09:20:08.080Z] [ALL] 06-14 14:50:05.147  2072  2072 I EPDG-0 [LogMetrics]: set, type=WIFI_RSSI_LAST, value=-53
[2026-06-14T09:20:08.080Z] [ALL] 06-14 14:50:05.147  2072  2072 I EPDG-0 [WifiProfiler]: isProfiling, hash=189204772, started=true
[2026-06-14T09:20:08.085Z] [ALL] 06-14 14:50:05.149  2072  2072 I EPDG-0 [WifiProfiler]: Rssi : -53 highrange : -75 lowrange : -85 mIsRssiInHystersis : false
[2026-06-14T09:20:08.085Z] [ALL] 06-14 14:50:05.149  2072  2072 I EPDG-0 [WifiProfiler]: Rssi : -53 highrange : -75 lowrange : -85 mIsRssiInHystersis : false
[2026-06-14T09:20:08.085Z] [ALL] 06-14 14:50:05.149  2072  2072 I EPDG-0 [Subscription]: isEpdgAvailable, IwlanPsState=2/2
[2026-06-14T09:20:08.085Z] [ALL] 06-14 14:50:05.149  2072  2072 I EPDG-0 [WifiProfiler]: getHandoverThresholdMet: value is: false
[2026-06-14T09:20:08.087Z] [ALL] 06-14 14:50:05.150  1486  1830 I SemWifiLinkQualityMonitor: Link stat: 961 / 225 / 1.20 (24) / 117 / -53.0 || 100.0 : 117.00 / 0.5 : 0.83 / 0.55 : 0.23 / G (G) || 75790cca2437: 0.162 / 49.265 / N / V || N N / 0 0 / N 2.0 / N -1 0.000 0.000 / N / X 0 / 179619536 0 0 || 2026-06-14 14:50:04  / 0: 0 0 0 0 0 0 / 0: 0 0 0 0 0 0 / 0: 0 0 0 0 0 0
[2026-06-14T09:20:08.592Z] [ALL] 06-14 14:50:05.658 28684 28729 I appium  : channel read: POST /session/96346e06-b795-4772-a936-71e77e178b18/element
[2026-06-14T09:20:08.592Z] [ALL] 06-14 14:50:05.658 28684 28729 I appium  : FindElement command
[2026-06-14T09:20:08.595Z] [ALL] 06-14 14:50:05.660 28684 28729 I appium  : method: 'xpath', selector: '//*[@resource-id="login_submit_btn" or @content-desc="login_submit_btn" or @text="Login" or @text="LOGIN"]'
[2026-06-14T09:20:08.595Z] [ALL] 06-14 14:50:05.660 28684 28729 I appium  : Waiting up to 10000ms for the device to idle
[2026-06-14T09:20:08.597Z] [ALL] 06-14 14:50:05.662 28684 28729 I appium  : The following attributes will be included to the page source: [text, resource-id, content-desc]
[2026-06-14T09:20:08.795Z] [ALL] 06-14 14:50:05.861 28684 28729 I appium  : Took 0ms to retrieve 0 matches for '//*[@resource-id="login_submit_btn" or @content-desc="login_submit_btn" or @text="Login" or @text="LOGIN"]' XPath2 query
[2026-06-14T09:20:08.798Z] [ALL] 06-14 14:50:05.864 28684 28729 I appium  : AppiumResponse: {"sessionId":"96346e06-b795-4772-a936-71e77e178b18","value":{"error":"no such element","message":"An element could not be located on the page using the given search parameters","stacktrace":"io.appium.uiautomator2.common.exceptions.ElementNotFoundException: An element could not be located on the page using the given search parameters\n\tat io.appium.uiautomator2.utils.ElementLocationHelpers.findElement(ElementLocationHelpers.java:153)\n\tat io.appium.uiautomator2.handler.FindElement.safeHandle(FindElement.java:60)\n\tat io.appium.uiautomator2.handler.request.SafeRequestHandler.handle(SafeRequestHandler.java:59)\n\tat io.appium.uiautomator2.server.AppiumServlet.handleRequest(AppiumServlet.java:267)\n\tat io.appium.uiautomator2.server.AppiumServlet.handleHttpRequest(AppiumServlet.java:261)\n\tat io.appium.uiautomator2.http.ServerHandler.channelRead(ServerHandler.java:77)\n\tat io.netty.channel.AbstractChannelHandlerContext.fireChannelRead(AbstractChannelHandlerContext.java:357)\n\tat io.netty.handler.codec.MessageToMessageDecoder.channelRead(MessageToMessageDecoder.java:107)\n\tat io.netty.channel.AbstractChannelHandlerContext.fireChannelRead(AbstractChannelHandlerContext.java:357)\n\tat io.netty.channel.CombinedChannelDuplexHandler$DelegatingChannelHandlerContext.fireChannelRead(CombinedChannelDuplexHandler.java:434)\n\tat io.netty.handler.codec.ByteToMessageDecoder.fireChannelRead(ByteToMessageDecoder.java:361)\n\tat io.netty.handler.codec.ByteToMessageDecoder.channelRead(ByteToMessageDecoder.java:325)\n\tat io.netty.channel.CombinedChannelDuplexHandler.channelRead(CombinedChannelDuplexHandler.java:249)\n\tat io.netty.channel.AbstractChannelHandlerContext.fireChannelRead(AbstractChannelHandlerContext.java:355)\n\tat io.netty.handler.timeout.IdleStateHandler.channelRead(IdleStateHandler.java:288)\n\tat io.netty.channel.AbstractChannelHandlerContext.fireChannelRead(AbstractChannelHandlerContext.java:355)\n\tat io.netty.channel.DefaultChannelPipeline$HeadContext.channelRead(DefaultChannelPipeline.java:1429)\n\tat io.netty.channel.DefaultChannelPipeline.fireChannelRead(DefaultChannelPipeline.java:918)\n\tat io.netty.channel.nio.AbstractNioByteChannel$NioByteUnsafe.read(AbstractNioByteChannel.java:176)\n\tat io.netty.channel.nio.AbstractNioChannel$AbstractNioUnsafe.handle(AbstractNioChannel.java:445)\n\tat io.netty.channel.nio.NioIoHandler$DefaultNioRegistration.handle(NioIoHandler.java:388)\n\tat io.netty.channel.nio.NioIoHandler.processSelectedKey(NioIoHandler.java:596)\n\tat io.netty.channel.nio.NioIoHandler.processSelectedKeysOptimized(NioIoHandler.java:571)\n\tat io.netty.channel.nio.NioIoHandler.processSelectedKeys(NioIoHandler.java:512)\n\tat io.netty.channel.nio.NioIoHandler.run(NioIoHandler.java:484)\n\tat io.netty.channel.SingleThreadIoEventLoop.runIo(SingleThreadIoEventLoop.java:225)\n\tat io.netty.channel.SingleThreadIoEventLoop.run(SingleThreadIoEventLoop.java:196)\n\tat io.netty.util.concurrent.SingleThreadEventExecutor$5.run(SingleThreadEventExecutor.java:1195)\n\tat io.netty.util.internal.ThreadExecutorMap$2.run(ThreadExecutorMap.java:74)\n\tat io.netty.util.concurrent.FastThreadLocalRunnable.run(FastThreadLocalRunnable.java:30)\n\tat java.lang.Thread.run(Thread.java:1564)\n"}}
[2026-06-14T09:20:08.806Z] [ALL] 06-14 14:50:05.873  4132  4132 I SDHMS:LOAD: type: LoadsFreqs, value: 22:0:0:576000:576000:576000:710779:2515000:576000:60:303:0
[2026-06-14T09:20:09.175Z] [ALL] 06-14 14:50:06.239  1486  4349 D PowerManagerService: [api] setMasterBrightnessLimit : lowerLimit : -1  upperLimit : 503  mMasterBrightnessLimitPeriod : 200 (uid: 1000 pid: 4132)
[2026-06-14T09:20:09.175Z] [ALL] 06-14 14:50:06.240  1486  1556 D PowerManagerService: [api] BrightnessLimitRunnable done
[2026-06-14T09:20:09.325Z] [ALL] 06-14 14:50:06.389 28684 28729 I appium  : channel read: POST /session/96346e06-b795-4772-a936-71e77e178b18/element
[2026-06-14T09:20:09.325Z] [ALL] 06-14 14:50:06.390 28684 28729 I appium  : FindElement command
[2026-06-14T09:20:09.327Z] [ALL] 06-14 14:50:06.392 28684 28729 I appium  : method: 'xpath', selector: '//*[@resource-id="login_submit_btn" or @content-desc="login_submit_btn" or @text="Login" or @text="LOGIN"]'
[2026-06-14T09:20:09.327Z] [ALL] 06-14 14:50:06.392 28684 28729 I appium  : Waiting up to 10000ms for the device to idle
[2026-06-14T09:20:09.330Z] [ALL] 06-14 14:50:06.394 28684 28729 I appium  : The following attributes will be included to the page source: [text, resource-id, content-desc]
[2026-06-14T09:20:09.439Z] [ALL] 06-14 14:50:06.502   747   747 D io_stats: !@   8,0 r 79297456 1564736489 w 12632835 206930848 d 4199652 257985032 f 0 1103267 iot 28541332 0 th 0 0 0 pt 0 inp 0 0 179620.891
[2026-06-14T09:20:09.439Z] [ALL] 06-14 14:50:06.504   747   747 D io_stats: !@ Read_top(KB): system_server(1486) 44
[2026-06-14T09:20:09.439Z] [ALL] 06-14 14:50:06.504   747   747 D io_stats: !@ Write_top(KB): kworker/u16:1(19514) 1224
[2026-06-14T09:20:09.453Z] [ALL] 06-14 14:50:06.519  1486  3107 I NSLocationMonitor: getGPSUsingApps() called
[2026-06-14T09:20:09.456Z] [ALL] 06-14 14:50:06.521  3066  3089 I NSLocationManager_FLP: getGPSUsingApps, No change
[2026-06-14T09:20:09.479Z] [ALL] 06-14 14:50:06.545  1486  3107 D FreecessHandler: skipping freeze com.truecaller(10274) result : 2
[2026-06-14T09:20:09.533Z] [ALL] 06-14 14:50:06.598 28684 28729 I appium  : Took 0ms to retrieve 0 matches for '//*[@resource-id="login_submit_btn" or @content-desc="login_submit_btn" or @text="Login" or @text="LOGIN"]' XPath2 query
[2026-06-14T09:20:09.535Z] [ALL] 06-14 14:50:06.600 28684 28729 I appium  : AppiumResponse: {"sessionId":"96346e06-b795-4772-a936-71e77e178b18","value":{"error":"no such element","message":"An element could not be located on the page using the given search parameters","stacktrace":"io.appium.uiautomator2.common.exceptions.ElementNotFoundException: An element could not be located on the page using the given search parameters\n\tat io.appium.uiautomator2.utils.ElementLocationHelpers.findElement(ElementLocationHelpers.java:153)\n\tat io.appium.uiautomator2.handler.FindElement.safeHandle(FindElement.java:60)\n\tat io.appium.uiautomator2.handler.request.SafeRequestHandler.handle(SafeRequestHandler.java:59)\n\tat io.appium.uiautomator2.server.AppiumServlet.handleRequest(AppiumServlet.java:267)\n\tat io.appium.uiautomator2.server.AppiumServlet.handleHttpRequest(AppiumServlet.java:261)\n\tat io.appium.uiautomator2.http.ServerHandler.channelRead(ServerHandler.java:77)\n\tat io.netty.channel.AbstractChannelHandlerContext.fireChannelRead(AbstractChannelHandlerContext.java:357)\n\tat io.netty.handler.codec.MessageToMessageDecoder.channelRead(MessageToMessageDecoder.java:107)\n\tat io.netty.channel.AbstractChannelHandlerContext.fireChannelRead(AbstractChannelHandlerContext.java:357)\n\tat io.netty.channel.CombinedChannelDuplexHandler$DelegatingChannelHandlerContext.fireChannelRead(CombinedChannelDuplexHandler.java:434)\n\tat io.netty.handler.codec.ByteToMessageDecoder.fireChannelRead(ByteToMessageDecoder.java:361)\n\tat io.netty.handler.codec.ByteToMessageDecoder.channelRead(ByteToMessageDecoder.java:325)\n\tat io.netty.channel.CombinedChannelDuplexHandler.channelRead(CombinedChannelDuplexHandler.java:249)\n\tat io.netty.channel.AbstractChannelHandlerContext.fireChannelRead(AbstractChannelHandlerContext.java:355)\n\tat io.netty.handler.timeout.IdleStateHandler.channelRead(IdleStateHandler.java:288)\n\tat io.netty.channel.AbstractChannelHandlerContext.fireChannelRead(AbstractChannelHandlerContext.java:355)\n\tat io.netty.channel.DefaultChannelPipeline$HeadContext.channelRead(DefaultChannelPipeline.java:1429)\n\tat io.netty.channel.DefaultChannelPipeline.fireChannelRead(DefaultChannelPipeline.java:918)\n\tat io.netty.channel.nio.AbstractNioByteChannel$NioByteUnsafe.read(AbstractNioByteChannel.java:176)\n\tat io.netty.channel.nio.AbstractNioChannel$AbstractNioUnsafe.handle(AbstractNioChannel.java:445)\n\tat io.netty.channel.nio.NioIoHandler$DefaultNioRegistration.handle(NioIoHandler.java:388)\n\tat io.netty.channel.nio.NioIoHandler.processSelectedKey(NioIoHandler.java:596)\n\tat io.netty.channel.nio.NioIoHandler.processSelectedKeysOptimized(NioIoHandler.java:571)\n\tat io.netty.channel.nio.NioIoHandler.processSelectedKeys(NioIoHandler.java:512)\n\tat io.netty.channel.nio.NioIoHandler.run(NioIoHandler.java:484)\n\tat io.netty.channel.SingleThreadIoEventLoop.runIo(SingleThreadIoEventLoop.java:225)\n\tat io.netty.channel.SingleThreadIoEventLoop.run(SingleThreadIoEventLoop.java:196)\n\tat io.netty.util.concurrent.SingleThreadEventExecutor$5.run(SingleThreadEventExecutor.java:1195)\n\tat io.netty.util.internal.ThreadExecutorMap$2.run(ThreadExecutorMap.java:74)\n\tat io.netty.util.concurrent.FastThreadLocalRunnable.run(FastThreadLocalRunnable.java:30)\n\tat java.lang.Thread.run(Thread.java:1564)\n"}}
[2026-06-14T09:20:09.554Z] [ALL] 06-14 14:50:06.613 28684 28729 I appium  : channel read: GET /session/96346e06-b795-4772-a936-71e77e178b18/screenshot
[2026-06-14T09:20:09.554Z] [ALL] 06-14 14:50:06.615 28684 28729 I appium  : CaptureScreenshot command
[2026-06-14T09:20:09.684Z] [ALL] 06-14 14:50:06.748 30155 30155 W libbinder.BackendUnifiedServiceManager: Thread Pool max thread count is 0. Cannot cache binder as linkToDeath cannot be implemented. serviceName: SurfaceFlingerAIDL
[2026-06-14T09:20:09.684Z] [ALL] 06-14 14:50:06.750 30155 30155 W libbinder.BpBinder: Linking to death on android.gui.ISurfaceComposer but there are no threads (yet?) listening to incoming transactions. See ProcessState::startThreadPool and ProcessState::setThreadPoolMaxThreadCount. Generally you should setup the binder threadpool before other initialization steps.
[2026-06-14T09:20:09.686Z] [ALL] 06-14 14:50:06.753 30155 30155 W libbinder.BackendUnifiedServiceManager: Thread Pool max thread count is 0. Cannot cache binder as linkToDeath cannot be implemented. serviceName: edmnativehelper
[2026-06-14T09:20:09.686Z] [ALL] 06-14 14:50:06.753  1486  4349 I EDMNativeHelperService: isScreenCaptureEnabled
[2026-06-14T09:20:09.686Z] [ALL] 06-14 14:50:06.753  1486  4349 D RestrictionPolicy: isScreenCaptureEnabled : ret=true userId=0
[2026-06-14T09:20:09.686Z] [ALL] 06-14 14:50:06.753 30155 30155 W libbinder.ProcessState: Extra binder thread started, but 0 threads requested. Do not use *startThreadPool when zero threads are requested.
[2026-06-14T09:20:09.686Z] [ALL] 06-14 14:50:06.753 30155 30155 I SurfaceComposerClient: captureDisplay:Display-4633128672291736000
[2026-06-14T09:20:09.691Z] [ALL] 06-14 14:50:06.758  1149  1196 I SurfaceFlinger: Capture layer list: 	 com.safebank.ai/com.safebank.ai.MainActivity$_29263#104426(preserveDisplayColors:0)
[2026-06-14T09:20:09.691Z] [ALL] 06-14 14:50:06.758  1149  1196 I SurfaceFlinger: Capture layer list: 	 InputMethod$_3937#104433(preserveDisplayColors:0)
[2026-06-14T09:20:09.691Z] [ALL] 06-14 14:50:06.758  1149  1196 I SurfaceFlinger: Capture layer list: 	 Pop-up window$_29263#104432(preserveDisplayColors:0)
[2026-06-14T09:20:09.691Z] [ALL] 06-14 14:50:06.758  1149  1196 I SurfaceFlinger: Capture layer list: 	 StatusBar$_2112#94(preserveDisplayColors:0)
[2026-06-14T09:20:09.691Z] [ALL] 06-14 14:50:06.758  1149  1196 I SurfaceFlinger: Capture layer list: 	 com.sec.android.app.launcher/com.samsung.app.honeyspace.edge.edgepanel.app.CocktailBarService$_2619#103972(preserveDisplayColors:0)
[2026-06-14T09:20:09.691Z] [ALL] 06-14 14:50:06.758  1149  1196 I SurfaceFlinger: Capture layer list: 	 NavigationBar0$_2112#90(preserveDisplayColors:0)
[2026-06-14T09:20:09.695Z] [ALL] 06-14 14:50:06.760  1149  1201 D SurfaceFlinger: [SEC_SF_EFFECTS] drawLayersInternal,1348, Rendering layer ScreenCaptureFillLayer at index 0
[2026-06-14T09:20:09.695Z] [ALL] 06-14 14:50:06.761  1149  1201 D SurfaceFlinger: [SEC_SF_EFFECTS] drawLayersInternal,1348, Rendering layer com.safebank.ai/com.safebank.ai.MainActivity$_29263#104426 at index 1
[2026-06-14T09:20:09.695Z] [ALL] 06-14 14:50:06.761  1149  1201 D SurfaceFlinger: [SEC_SF_EFFECTS] drawLayersInternal,1348, Rendering layer InputMethod$_3937#104433 at index 2
[2026-06-14T09:20:09.695Z] [ALL] 06-14 14:50:06.761  1149  1201 D SurfaceFlinger: [SEC_SF_EFFECTS] drawLayersInternal,1348, Rendering layer Pop-up window$_29263#104432 at index 3
[2026-06-14T09:20:09.695Z] [ALL] 06-14 14:50:06.761  1149  1201 D SurfaceFlinger: [SEC_SF_EFFECTS] drawLayersInternal,1348, Rendering layer StatusBar$_2112#94 at index 4
[2026-06-14T09:20:09.695Z] [ALL] 06-14 14:50:06.761  1149  1201 D SurfaceFlinger: [SEC_SF_EFFECTS] drawLayersInternal,1348, Rendering layer com.sec.android.app.launcher/com.samsung.app.honeyspace.edge.edgepanel.app.CocktailBarService$_2619#103972 at index 5
[2026-06-14T09:20:09.695Z] [ALL] 06-14 14:50:06.761  1149  1201 D SurfaceFlinger: [SEC_SF_EFFECTS] drawLayersInternal,1348, Rendering layer NavigationBar0$_2112#90 at index 6
[2026-06-14T09:20:09.717Z] [ALL] 06-14 14:50:06.784 30155 30158 I screencap: [HIDL_FETCH_IMapper] android.hardware.graphics.mapper@4.0: Loaded Mapper successfully.
[2026-06-14T09:20:10.271Z] [ALL] 06-14 14:50:07.336 28684 28729 I appium  : AppiumResponse: {"sessionId":"96346e06-b795-4772-a936-71e77e178b18","value":"iVBORw0KGgoAAAANSUhEUgAABDgAAAkkCAYAAAD508+vAAAABHNCSVQICAgIfAhkiAAAAAFzUkdCAK7OHOkAACAASURBVHic7N11fFPnGgfw30lSF9pCaYu7DrfBhjsD5spcuHP3u3Gnd67Mtzt3BgxYcSk+XDqkaEsLLQXqkqZJzv0jOWnkxNrISfl9P4ORo2/epKfnfc77Pq+grRFFEBERERERERGFMFWwC0BERERERER…