[2026-06-13T06:50:47.073Z] [ALL] 06-13 12:20:44.620 30533  3340 I AudioTrack: setMarkerPosition(1664): 0xb400006fccb98000, marker = 28060
[2026-06-13T06:50:47.073Z] [ALL] 06-13 12:20:44.620 30533  3340 I AudioTrack: setMarkerPosition(1664): 0xb400006fccb98000, marker = 28060
[2026-06-13T06:50:47.073Z] [ALL] 06-13 12:20:44.620 30533  3340 I AudioTrack: setMarkerPosition(1664): 0xb400006fccb98000, marker = 28060
[2026-06-13T06:50:47.073Z] [ALL] 06-13 12:20:44.620 30533  3340 I AudioTrack: setMarkerPosition(1664): 0xb400006fccb98000, marker = 28060
[2026-06-13T06:50:47.073Z] [ALL] 06-13 12:20:44.620 30533  3340 I AudioTrack: setMarkerPosition(1664): 0xb400006fccb98000, marker = 28060
[2026-06-13T06:50:47.127Z] [ALL] 06-13 12:20:44.729 20565 20565 I adbd    : adbd service requested 'shell,v2,raw:dumpsys window displays'
[2026-06-13T06:50:47.201Z] [ALL] 06-13 12:20:44.818  7392  7421 I appium  : channel read: POST /session/5aec8cc7-6284-45d2-96ae-ee164da74bb0/element
[2026-06-13T06:50:47.230Z] [ALL] 06-13 12:20:44.819  7392  7421 I appium  : FindElement command
[2026-06-13T06:50:47.230Z] [ALL] 06-13 12:20:44.822  7392  7421 I appium  : method: 'xpath', selector: '//*[@resource-id="demo_guest_login_btn" or @content-desc="demo_guest_login_btn" or contains(@text, "Demo Mode") or contains(@text, "Offline Demo")]'
[2026-06-13T06:50:47.230Z] [ALL] 06-13 12:20:44.823  7392  7421 I appium  : Waiting up to 10000ms for the device to idle
[2026-06-13T06:50:47.276Z] [ALL] 06-13 12:20:44.829  7392  7421 I appium  : The following attributes will be included to the page source: [text, content-desc, resource-id]
[2026-06-13T06:50:47.276Z] [ALL] 06-13 12:20:44.846  7392  7401 I tomator2.server: Method exceeds compiler instruction limit: 19260 in java_cup.runtime.Symbol org.eclipse.wst.xml.xpath2.processor.internal.CUP$XPathCup$actions.CUP$XPathCup$do_action(int, java_cup.runtime.lr_parser, java.util.Stack, int)
[2026-06-13T06:50:47.453Z] [ALL] 06-13 12:20:45.074  7392  7421 I appium  : Took 0ms to retrieve 0 matches for '//*[@resource-id="demo_guest_login_btn" or @content-desc="demo_guest_login_btn" or contains(@text, "Demo Mode") or contains(@text, "Offline Demo")]' XPath2 query
[2026-06-13T06:50:47.532Z] [ALL] 06-13 12:20:45.076  7392  7421 I appium  : AppiumResponse: {"sessionId":"5aec8cc7-6284-45d2-96ae-ee164da74bb0","value":{"error":"no such element","message":"An element could not be located on the page using the given search parameters","stacktrace":"io.appium.uiautomator2.common.exceptions.ElementNotFoundException: An element could not be located on the page using the given search parameters\n\tat io.appium.uiautomator2.utils.ElementLocationHelpers.findElement(ElementLocationHelpers.java:153)\n\tat io.appium.uiautomator2.handler.FindElement.safeHandle(FindElement.java:60)\n\tat io.appium.uiautomator2.handler.request.SafeRequestHandler.handle(SafeRequestHandler.java:59)\n\tat io.appium.uiautomator2.server.AppiumServlet.handleRequest(AppiumServlet.java:267)\n\tat io.appium.uiautomator2.server.AppiumServlet.handleHttpRequest(AppiumServlet.java:261)\n\tat io.appium.uiautomator2.http.ServerHandler.channelRead(ServerHandler.java:77)\n\tat io.netty.channel.AbstractChannelHandlerContext.fireChannelRead(AbstractChannelHandlerContext.java:357)\n\tat io.netty.handler.codec.MessageToMessageDecoder.channelRead(MessageToMessageDecoder.java:107)\n\tat io.netty.channel.AbstractChannelHandlerContext.fireChannelRead(AbstractChannelHandlerContext.java:357)\n\tat io.netty.channel.CombinedChannelDuplexHandler$DelegatingChannelHandlerContext.fireChannelRead(CombinedChannelDuplexHandler.java:434)\n\tat io.netty.handler.codec.ByteToMessageDecoder.fireChannelRead(ByteToMessageDecoder.java:361)\n\tat io.netty.handler.codec.ByteToMessageDecoder.channelRead(ByteToMessageDecoder.java:325)\n\tat io.netty.channel.CombinedChannelDuplexHandler.channelRead(CombinedChannelDuplexHandler.java:249)\n\tat io.netty.channel.AbstractChannelHandlerContext.fireChannelRead(AbstractChannelHandlerContext.java:355)\n\tat io.netty.handler.timeout.IdleStateHandler.channelRead(IdleStateHandler.java:288)\n\tat io.netty.channel.AbstractChannelHandlerContext.fireChannelRead(AbstractChannelHandlerContext.java:355)\n\tat io.netty.channel.DefaultChannelPipeline$HeadContext.channelRead(DefaultChannelPipeline.java:1429)\n\tat io.netty.channel.DefaultChannelPipeline.fireChannelRead(DefaultChannelPipeline.java:918)\n\tat io.netty.channel.nio.AbstractNioByteChannel$NioByteUnsafe.read(AbstractNioByteChannel.java:176)\n\tat io.netty.channel.nio.AbstractNioChannel$AbstractNioUnsafe.handle(AbstractNioChannel.java:445)\n\tat io.netty.channel.nio.NioIoHandler$DefaultNioRegistration.handle(NioIoHandler.java:388)\n\tat io.netty.channel.nio.NioIoHandler.processSelectedKey(NioIoHandler.java:596)\n\tat io.netty.channel.nio.NioIoHandler.processSelectedKeysOptimized(NioIoHandler.java:571)\n\tat io.netty.channel.nio.NioIoHandler.processSelectedKeys(NioIoHandler.java:512)\n\tat io.netty.channel.nio.NioIoHandler.run(NioIoHandler.java:484)\n\tat io.netty.channel.SingleThreadIoEventLoop.runIo(SingleThreadIoEventLoop.java:225)\n\tat io.netty.channel.SingleThreadIoEventLoop.run(SingleThreadIoEventLoop.java:196)\n\tat io.netty.util.concurrent.SingleThreadEventExecutor$5.run(SingleThreadEventExecutor.java:1195)\n\tat io.netty.util.internal.ThreadExecutorMap$2.run(ThreadExecutorMap.java:74)\n\tat io.netty.util.concurrent.FastThreadLocalRunnable.run(FastThreadLocalRunnable.java:30)\n\tat java.lang.Thread.run(Thread.java:1572)\n"}}
[2026-06-13T06:50:47.568Z] [ALL] 06-13 12:20:45.090 30533 30533 I AudioTrack: setMarkerPosition(1664): 0xb400006fccb98000, marker = 37300
[2026-06-13T06:50:47.848Z] [ALL] 06-13 12:20:45.467 30533 30533 I AudioTrack: setMarkerPosition(1664): 0xb400006fccb98000, marker = 51099
[2026-06-13T06:50:47.988Z] [ALL] 06-13 12:20:45.612   934   934 D vendor.oplus.hardware.charger@1.0-service: getPsyUsbType type: USB, ret_value = 3
[2026-06-13T06:50:47.988Z] [ALL] 06-13 12:20:45.612   934   934 D vendor.oplus.hardware.charger@1.0-service: getPsyUsbType type: USB is usb charging.
[2026-06-13T06:50:48.061Z] [ALL] 06-13 12:20:45.616   934   934 D vendor.oplus.hardware.charger@1.0-service: getPsyUsbType type: USB, ret_value = 3
[2026-06-13T06:50:48.061Z] [ALL] 06-13 12:20:45.616   934   934 D vendor.oplus.hardware.charger@1.0-service: getPsyUsbType type: USB is usb charging.
[2026-06-13T06:50:48.061Z] [ALL] 06-13 12:20:45.617  7392  7421 I appium  : channel read: POST /session/5aec8cc7-6284-45d2-96ae-ee164da74bb0/element
[2026-06-13T06:50:48.061Z] [ALL] 06-13 12:20:45.618  7392  7421 I appium  : FindElement command
[2026-06-13T06:50:48.061Z] [ALL] 06-13 12:20:45.619  7392  7421 I appium  : method: 'xpath', selector: '//*[@resource-id="demo_guest_login_btn" or @content-desc="demo_guest_login_btn" or contains(@text, "Demo Mode") or contains(@text, "Offline Demo")]'
[2026-06-13T06:50:48.083Z] [ALL] 06-13 12:20:45.620  7392  7421 I appium  : Waiting up to 10000ms for the device to idle
[2026-06-13T06:50:48.083Z] [ALL] 06-13 12:20:45.622  7392  7421 I appium  : The following attributes will be included to the page source: [text, content-desc, resource-id]
[2026-06-13T06:50:48.222Z] [ALL] 06-13 12:20:45.837  1000  1064 D SurfaceFlinger: kickIdle 2048, 1835, 34, 0
[2026-06-13T06:50:48.222Z] [ALL] 06-13 12:20:45.838   882   882 E hwcomposer: [DRMDEV] DRM_IOCTL_MTK_KICK_IDLE failed, drm_id_crtc: 64, error: -1  
[2026-06-13T06:50:48.315Z] [ALL] 06-13 12:20:45.937   858 28068 E TetherController: property_get sys.radio.data.modem_share_flag return 0, 1!
[2026-06-13T06:50:48.378Z] [ALL] 06-13 12:20:45.993  7392  7421 I appium  : Took 0ms to retrieve 0 matches for '//*[@resource-id="demo_guest_login_btn" or @content-desc="demo_guest_login_btn" or contains(@text, "Demo Mode") or contains(@text, "Offline Demo")]' XPath2 query
[2026-06-13T06:50:48.392Z] [ALL] 06-13 12:20:45.995  7392  7421 I appium  : AppiumResponse: {"sessionId":"5aec8cc7-6284-45d2-96ae-ee164da74bb0","value":{"error":"no such element","message":"An element could not be located on the page using the given search parameters","stacktrace":"io.appium.uiautomator2.common.exceptions.ElementNotFoundException: An element could not be located on the page using the given search parameters\n\tat io.appium.uiautomator2.utils.ElementLocationHelpers.findElement(ElementLocationHelpers.java:153)\n\tat io.appium.uiautomator2.handler.FindElement.safeHandle(FindElement.java:60)\n\tat io.appium.uiautomator2.handler.request.SafeRequestHandler.handle(SafeRequestHandler.java:59)\n\tat io.appium.uiautomator2.server.AppiumServlet.handleRequest(AppiumServlet.java:267)\n\tat io.appium.uiautomator2.server.AppiumServlet.handleHttpRequest(AppiumServlet.java:261)\n\tat io.appium.uiautomator2.http.ServerHandler.channelRead(ServerHandler.java:77)\n\tat io.netty.channel.AbstractChannelHandlerContext.fireChannelRead(AbstractChannelHandlerContext.java:357)\n\tat io.netty.handler.codec.MessageToMessageDecoder.channelRead(MessageToMessageDecoder.java:107)\n\tat io.netty.channel.AbstractChannelHandlerContext.fireChannelRead(AbstractChannelHandlerContext.java:357)\n\tat io.netty.channel.CombinedChannelDuplexHandler$DelegatingChannelHandlerContext.fireChannelRead(CombinedChannelDuplexHandler.java:434)\n\tat io.netty.handler.codec.ByteToMessageDecoder.fireChannelRead(ByteToMessageDecoder.java:361)\n\tat io.netty.handler.codec.ByteToMessageDecoder.channelRead(ByteToMessageDecoder.java:325)\n\tat io.netty.channel.CombinedChannelDuplexHandler.channelRead(CombinedChannelDuplexHandler.java:249)\n\tat io.netty.channel.AbstractChannelHandlerContext.fireChannelRead(AbstractChannelHandlerContext.java:355)\n\tat io.netty.handler.timeout.IdleStateHandler.channelRead(IdleStateHandler.java:288)\n\tat io.netty.channel.AbstractChannelHandlerContext.fireChannelRead(AbstractChannelHandlerContext.java:355)\n\tat io.netty.channel.DefaultChannelPipeline$HeadContext.channelRead(DefaultChannelPipeline.java:1429)\n\tat io.netty.channel.DefaultChannelPipeline.fireChannelRead(DefaultChannelPipeline.java:918)\n\tat io.netty.channel.nio.AbstractNioByteChannel$NioByteUnsafe.read(AbstractNioByteChannel.java:176)\n\tat io.netty.channel.nio.AbstractNioChannel$AbstractNioUnsafe.handle(AbstractNioChannel.java:445)\n\tat io.netty.channel.nio.NioIoHandler$DefaultNioRegistration.handle(NioIoHandler.java:388)\n\tat io.netty.channel.nio.NioIoHandler.processSelectedKey(NioIoHandler.java:596)\n\tat io.netty.channel.nio.NioIoHandler.processSelectedKeysOptimized(NioIoHandler.java:571)\n\tat io.netty.channel.nio.NioIoHandler.processSelectedKeys(NioIoHandler.java:512)\n\tat io.netty.channel.nio.NioIoHandler.run(NioIoHandler.java:484)\n\tat io.netty.channel.SingleThreadIoEventLoop.runIo(SingleThreadIoEventLoop.java:225)\n\tat io.netty.channel.SingleThreadIoEventLoop.run(SingleThreadIoEventLoop.java:196)\n\tat io.netty.util.concurrent.SingleThreadEventExecutor$5.run(SingleThreadEventExecutor.java:1195)\n\tat io.netty.util.internal.ThreadExecutorMap$2.run(ThreadExecutorMap.java:74)\n\tat io.netty.util.concurrent.FastThreadLocalRunnable.run(FastThreadLocalRunnable.java:30)\n\tat java.lang.Thread.run(Thread.java:1572)\n"}}
[2026-06-13T06:50:48.445Z] [ALL] 06-13 12:20:46.041 30533 30533 I AudioTrack: setMarkerPosition(1664): 0xb400006fccb98000, marker = 60460
[2026-06-13T06:50:48.530Z] [ALL] 06-13 12:20:46.111 22664  7498 I NearbyConnections: Found BleAdvertisement [ 0x23 0x44 0x54 0x50 0x4e 0x11 0x32 0x72 0xf6 0x98 0x9c 0xea 0x7a 0x00 0x08 0xd3 0xa5 0x1d 0x60 0x54 0x6b 0x9e 0x2c ] (with EndpointId DTPN and EndpointInfo [ 0x32 0x72 0xf6 0x98 0x9c 0xea 0x7a 0x00 0x08 0xd3 0xa5 0x1d 0x60 0x54 0x6b 0x9e 0x2c ])
[2026-06-13T06:50:48.530Z] [ALL] 06-13 12:20:46.114 22664  7498 I NearbyConnections: ClientProxy(135143596 0p:com.google.android.gms.nearby.sharing) reporting onEndpointFound(DTPN)
[2026-06-13T06:50:48.530Z] [ALL] 06-13 12:20:46.114 22664  7498 I NearbyConnections: ClientProxy(135143596) reporting onEndpointDistanceChanged(DTPN, UNKNOWN)
[2026-06-13T06:50:48.531Z] [ALL] 06-13 12:20:46.115 22664  7870 I NearbySharing: NearbySharing Internal event EndpointDiscovered(endpointId=DTPN)
[2026-06-13T06:50:48.846Z] [ALL] 06-13 12:20:46.445 30533 30533 I AudioTrack: setMarkerPosition(1664): 0xb400006fccb98000, marker = 80620
[2026-06-13T06:50:48.914Z] [ALL] 06-13 12:20:46.515  7392  7421 I appium  : channel read: POST /session/5aec8cc7-6284-45d2-96ae-ee164da74bb0/element
[2026-06-13T06:50:48.914Z] [ALL] 06-13 12:20:46.516  7392  7421 I appium  : FindElement command
[2026-06-13T06:50:48.980Z] [ALL] 06-13 12:20:46.517  7392  7421 I appium  : method: 'xpath', selector: '//*[@resource-id="demo_guest_login_btn" or @content-desc="demo_guest_login_btn" or contains(@text, "Demo Mode") or contains(@text, "Offline Demo")]'
[2026-06-13T06:50:48.980Z] [ALL] 06-13 12:20:46.517  7392  7421 I appium  : Waiting up to 10000ms for the device to idle
[2026-06-13T06:50:48.980Z] [ALL] 06-13 12:20:46.519  7392  7421 I appium  : The following attributes will be included to the page source: [text, content-desc, resource-id]
[2026-06-13T06:50:49.129Z] [ALL] 06-13 12:20:46.722  7763  7793 E IHansComunication: HANS printMessageBody: RCV message: type = 0,port = 86870,caller_pid = 1129,caller_uid = 1047,target_pid = 6639,target_uid = 10354,pkg_cmd = -1,rpc = android.hardware.ICameraServiceListener/5
[2026-06-13T06:50:49.129Z] [ALL] 06-13 12:20:46.729  1695  2771 I OplusHansManager : unfreeze uid: 10354 com.myntra.android pids: [6639, 6801] reason: AsyncBinder scene: LcdOn
[2026-06-13T06:50:49.129Z] [ALL] 06-13 12:20:46.729  1695  2752 I OplusHansManager : uid=10354, pkg=com.myntra.android, transition from F to Middle, reason=AsyncBinder
[2026-06-13T06:50:49.129Z] [ALL] 06-13 12:20:46.729  1695  2752 I OplusHansManager : uid=10354, pkg=com.myntra.android F exit(), F stay=3, reason=AsyncBinder
[2026-06-13T06:50:49.222Z] [ALL] 06-13 12:20:46.837  7392  7421 I appium  : Took 0ms to retrieve 0 matches for '//*[@resource-id="demo_guest_login_btn" or @content-desc="demo_guest_login_btn" or contains(@text, "Demo Mode") or contains(@text, "Offline Demo")]' XPath2 query
[2026-06-13T06:50:49.286Z] [ALL] 06-13 12:20:46.840  7392  7421 I appium  : AppiumResponse: {"sessionId":"5aec8cc7-6284-45d2-96ae-ee164da74bb0","value":{"error":"no such element","message":"An element could not be located on the page using the given search parameters","stacktrace":"io.appium.uiautomator2.common.exceptions.ElementNotFoundException: An element could not be located on the page using the given search parameters\n\tat io.appium.uiautomator2.utils.ElementLocationHelpers.findElement(ElementLocationHelpers.java:153)\n\tat io.appium.uiautomator2.handler.FindElement.safeHandle(FindElement.java:60)\n\tat io.appium.uiautomator2.handler.request.SafeRequestHandler.handle(SafeRequestHandler.java:59)\n\tat io.appium.uiautomator2.server.AppiumServlet.handleRequest(AppiumServlet.java:267)\n\tat io.appium.uiautomator2.server.AppiumServlet.handleHttpRequest(AppiumServlet.java:261)\n\tat io.appium.uiautomator2.http.ServerHandler.channelRead(ServerHandler.java:77)\n\tat io.netty.channel.AbstractChannelHandlerContext.fireChannelRead(AbstractChannelHandlerContext.java:357)\n\tat io.netty.handler.codec.MessageToMessageDecoder.channelRead(MessageToMessageDecoder.java:107)\n\tat io.netty.channel.AbstractChannelHandlerContext.fireChannelRead(AbstractChannelHandlerContext.java:357)\n\tat io.netty.channel.CombinedChannelDuplexHandler$DelegatingChannelHandlerContext.fireChannelRead(CombinedChannelDuplexHandler.java:434)\n\tat io.netty.handler.codec.ByteToMessageDecoder.fireChannelRead(ByteToMessageDecoder.java:361)\n\tat io.netty.handler.codec.ByteToMessageDecoder.channelRead(ByteToMessageDecoder.java:325)\n\tat io.netty.channel.CombinedChannelDuplexHandler.channelRead(CombinedChannelDuplexHandler.java:249)\n\tat io.netty.channel.AbstractChannelHandlerContext.fireChannelRead(AbstractChannelHandlerContext.java:355)\n\tat io.netty.handler.timeout.IdleStateHandler.channelRead(IdleStateHandler.java:288)\n\tat io.netty.channel.AbstractChannelHandlerContext.fireChannelRead(AbstractChannelHandlerContext.java:355)\n\tat io.netty.channel.DefaultChannelPipeline$HeadContext.channelRead(DefaultChannelPipeline.java:1429)\n\tat io.netty.channel.DefaultChannelPipeline.fireChannelRead(DefaultChannelPipeline.java:918)\n\tat io.netty.channel.nio.AbstractNioByteChannel$NioByteUnsafe.read(AbstractNioByteChannel.java:176)\n\tat io.netty.channel.nio.AbstractNioChannel$AbstractNioUnsafe.handle(AbstractNioChannel.java:445)\n\tat io.netty.channel.nio.NioIoHandler$DefaultNioRegistration.handle(NioIoHandler.java:388)\n\tat io.netty.channel.nio.NioIoHandler.processSelectedKey(NioIoHandler.java:596)\n\tat io.netty.channel.nio.NioIoHandler.processSelectedKeysOptimized(NioIoHandler.java:571)\n\tat io.netty.channel.nio.NioIoHandler.processSelectedKeys(NioIoHandler.java:512)\n\tat io.netty.channel.nio.NioIoHandler.run(NioIoHandler.java:484)\n\tat io.netty.channel.SingleThreadIoEventLoop.runIo(SingleThreadIoEventLoop.java:225)\n\tat io.netty.channel.SingleThreadIoEventLoop.run(SingleThreadIoEventLoop.java:196)\n\tat io.netty.util.concurrent.SingleThreadEventExecutor$5.run(SingleThreadEventExecutor.java:1195)\n\tat io.netty.util.internal.ThreadExecutorMap$2.run(ThreadExecutorMap.java:74)\n\tat io.netty.util.concurrent.FastThreadLocalRunnable.run(FastThreadLocalRunnable.java:30)\n\tat java.lang.Thread.run(Thread.java:1572)\n"}}
[2026-06-13T06:50:49.412Z] [ALL] 06-13 12:20:46.954   858 28068 E netd    : dispachCmd:oplusGetRtt
[2026-06-13T06:50:49.412Z] [ALL] 06-13 12:20:46.954   858 28068 E netd    : handleGetRttCmd: netId = 204, uid = 10355
[2026-06-13T06:50:49.412Z] [ALL] 06-13 12:20:46.958   858 28068 E netd    : dispachCmd cmd:oplusGetRtt  result:0
[2026-06-13T06:50:49.486Z] [ALL] 06-13 12:20:46.959   858  5601 E netd    : dispachCmd:oplusGetRtt
[2026-06-13T06:50:49.486Z] [ALL] 06-13 12:20:46.959   858  5601 E netd    : handleGetRttCmd: netId = 206, uid = 10355
[2026-06-13T06:50:49.486Z] [ALL] 06-13 12:20:46.962   858  5601 E netd    : dispachCmd cmd:oplusGetRtt  result:0
[2026-06-13T06:50:49.486Z] [ALL] 06-13 12:20:46.965  1695  2144 D OplusWifiConnect2: clientModeManager == null, getOplusSta2ConnectionInfo null
[2026-06-13T06:50:49.486Z] [ALL] 06-13 12:20:46.966  1695  2148 D WN_S    : isCellQualityGood is false, curscore =86, no need to switch lte
[2026-06-13T06:50:49.486Z] [ALL] 06-13 12:20:46.974   973  1612 D AFExtImpl: removeThread() 0xb400007b23525880, id=13
[2026-06-13T06:50:49.486Z] [ALL] 06-13 12:20:46.974   973  1612 D AFExtImpl: removeThread() 0xb400007b23525880, id=13, release info
[2026-06-13T06:50:49.486Z] [ALL] 06-13 12:20:46.974   973  1612 D AFExtImpl: ThreadInfo() 0xb400007b1a834740
[2026-06-13T06:50:49.486Z] [ALL] 06-13 12:20:46.974   973  1612 D AFExtImpl: clearDumpBuffer() 0xb400007b1a834740, mDumpBufferCount 0
[2026-06-13T06:50:49.486Z] [ALL] 06-13 12:20:46.975   874   964 D AudioALSAStreamOut: standby(), flag 2
[2026-06-13T06:50:49.486Z] [ALL] 06-13 12:20:46.975   874   964 D AudioALSAStreamOut: standbyStreamOut(), halRequest 0, mDestroy 0, flag 2
[2026-06-13T06:50:49.486Z] [ALL] 06-13 12:20:46.975   874   964 D AudioALSAStreamOut: close(), flags 2
[2026-06-13T06:50:49.486Z] [ALL] 06-13 12:20:46.975   874   964 D AudioALSAPlaybackHandlerDsp: +close(), flag 0x2, mDevice = 0x2
[2026-06-13T06:50:49.486Z] [ALL] 06-13 12:20:46.975   874   964 D AudioALSAPlaybackHandlerDsp: +stop(),flag = 0x2 retval = 0
[2026-06-13T06:50:49.486Z] [ALL] 06-13 12:20:46.975   874   964 D AudioALSAHardwareResourceManager: +stopOutputDeviceWithoutNotify(), mOutputDevices = 0x2, mStartOutputDevicesCount = 1
[2026-06-13T06:50:49.486Z] [ALL] 06-13 12:20:46.975   874   964 D AudioSmartPaController: +dspOnBoardSpeakerOff()
[2026-06-13T06:50:49.486Z] [ALL] 06-13 12:20:46.976   874   964 D AudioDspStreamManager: +stopDevice() Devices 0x2 mOutputDeviceCount 0x1
[2026-06-13T06:50:49.486Z] [ALL] 06-13 12:20:46.976   874   964 D AudioDspStreamManager: dataPasstoBleDlTask return false outputdevice = 0x2 playbckType = 0
[2026-06-13T06:50:49.486Z] [ALL] 06-13 12:20:46.976   874   964 D AudioDspStreamManager: needStopBleDlTask ret = 0 mDspBleDlStreamState = 0 mDspTaskBleDlActive[0] dspstartflag[0]
[2026-06-13T06:50:49.486Z] [ALL] 06-13 12:20:46.976   874   964 D AudioDspStreamManager: dataPasstoA2DPTask return false outputdevice = 0x2 playbckType = 0
[2026-06-13T06:50:49.486Z] [ALL] 06-13 12:20:46.976   874   964 D AudioDspStreamManager: needStopA2dpTask ret = 0 mDspA2DPStreamState = 0 mDspTaskA2DPActive[0] dspstartflag[0]
[2026-06-13T06:50:49.486Z] [ALL] 06-13 12:20:46.976   874   964 D AudioDspStreamManager: dataPassToCodec output_devices = 0x2 mAudioOutputFlags = 2 devicecount = 1 ret = 1
[2026-06-13T06:50:49.486Z] [ALL] 06-13 12:20:46.976   874   964 D AudioDspStreamManager: dataPasstoDspAfe output_devices = 0x2 Flags = 2 isUseAdspPlaybackTask = 1 ret = 1
[2026-06-13T06:50:49.486Z] [ALL] 06-13 12:20:46.976   874   964 D AudioDspStreamManager: needStopPlaybackTask ret = 1, force: 1, mDspTaskPlaybackActive[1] dspstartflag[1]
[2026-06-13T06:50:49.486Z] [ALL] 06-13 12:20:46.976   874   964 D AudioDspStreamManager: +stopPlaybackTask
[2026-06-13T06:50:49.486Z] [ALL] 06-13 12:20:46.976   874   964 D AudioALSAPlaybackHandlerDsp: +stop(),flag = 0x2 retval = 0
[2026-06-13T06:50:49.486Z] [ALL] 06-13 12:20:46.977   874   964 D audio_messenger_ipi: hal send, task: 9, msg_id: 0x10, ack_type: 0, p1: 0x0, p2: 0x0
[2026-06-13T06:50:49.486Z] [ALL] 06-13 12:20:46.977   874   964 D AudioDspStreamManager: -triggerDsp task_scene = 9 data_type = 16
[2026-06-13T06:50:49.486Z] [ALL] 06-13 12:20:46.977   874   964 D AudioDspStreamManager: stopTasks_l() mDspStreamState = DSP_STREAM_STOP
[2026-06-13T06:50:49.486Z] [ALL] 06-13 12:20:46.977   874   964 D AudioDspStreamManager: -stopDevice() Devices 0x2
[2026-06-13T06:50:49.486Z] [ALL] 06-13 12:20:46.979   874   964 D AudioALSAPlaybackHandlerDsp: -closePcmDriver(), mPcm = 0x0
[2026-06-13T06:50:49.486Z] [ALL] 06-13 12:20:46.979   874   964 D AudioDspStreamManager: +removePlaybackHandler(), playbackHandler = 3990822912 0xeddf2000
[2026-06-13T06:50:49.486Z] [ALL] 06-13 12:20:46.979   874   964 D AudioDspStreamManager: checkMusicTaskStatus ret = DSP_STREAM_STOP
[2026-06-13T06:50:49.486Z] [ALL] 06-13 12:20:46.979   874   964 D audio_messenger_ipi: hal send, task: 13, msg_id: 0x16, ack_type: 1, p1: 0x0, p2: 0x0
[2026-06-13T06:50:49.486Z] [ALL] 06-13 12:20:46.980   874   964 D aurisys_lib_manager: delete_aurisys_lib_manager(), manager 0xf0266100
[2026-06-13T06:50:49.486Z] [ALL] 06-13 12:20:46.980   874   964 D AudioALSAPlaybackHandlerBase: ClosePCMDumpDSP() flag 2, task_scene = 13
[2026-06-13T06:50:49.486Z] [ALL] 06-13 12:20:46.980   874   964 D audio_messenger_ipi: audio_ipi_dma_cbk_deregister(), task 13
[2026-06-13T06:50:49.486Z] [ALL] 06-13 12:20:46.980   874   964 D AudioDspStreamManager: setDspRuntimeEn(), task_scene = 13, condition = 0
[2026-06-13T06:50:49.486Z] [ALL] 06-13 12:20:46.981   874   964 D AudioDspStreamManager: removePlaybackHandler() mDspMusicStreamState = DSP_STREAM_STOP
[2026-06-13T06:50:49.486Z] [ALL] 06-13 12:20:46.981   874   964 D AudioDspStreamManager: removePlaybackHandler() mOutputDeviceCount 0x0
[2026-06-13T06:50:49.486Z] [ALL] 06-13 12:20:46.981   874   964 D AudioDspStreamManager: needStopBleDlTask ret = 0 mDspBleDlStreamState = 0 mDspTaskBleDlActive[0] dspstartflag[0]
[2026-06-13T06:50:49.486Z] [ALL] 06-13 12:20:46.981   874   964 D AudioDspStreamManager: needStopA2dpTask ret = 0 mDspA2DPStreamState = 0 mDspTaskA2DPActive[0] dspstartflag[0]
[2026-06-13T06:50:49.486Z] [ALL] 06-13 12:20:46.981   874   964 D AudioDspStreamManager: needStopPlaybackTask ret = 0, force: 0, mDspTaskPlaybackActive[0] dspstartflag[0]
[2026-06-13T06:50:49.486Z] [ALL] 06-13 12:20:46.981   874   964 D AudioDspStreamManager: needOpenBleDlTask ret = 4 mDspBleDlStreamState = 0 startflag = 0
[2026-06-13T06:50:49.486Z] [ALL] 06-13 12:20:46.981   874   964 D AudioDspStreamManager: needOpenA2dpTask ret = 4 mDspA2DPStreamState = 0 a2dpstartflag = 0
[2026-06-13T06:50:49.486Z] [ALL] 06-13 12:20:46.981   874   964 D AudioDspStreamManager: getDspStreamStatus ret = 0 mDspStreamState = 3 dspstartflag = 0 dsp_recovery_mode 0
[2026-06-13T06:50:49.486Z] [ALL] 06-13 12:20:46.981  1000  1064 D SurfaceFlinger: kickIdle 1143, 1116, 35, 0
[2026-06-13T06:50:49.486Z] [ALL] 06-13 12:20:46.981   882   882 E hwcomposer: [DRMDEV] DRM_IOCTL_MTK_KICK_IDLE failed, drm_id_crtc: 64, error: -1  
[2026-06-13T06:50:49.486Z] [ALL] 06-13 12:20:46.988   874   964 D AudioALSADeviceConfigManager: ApplyDeviceTurnoffSequenceByName(), DeviceName = PLAYBACK4_TO_I2S3 descriptor->DeviceStatusCounter = 1, Ctlsize=4
[2026-06-13T06:50:49.486Z] [ALL] 06-13 12:20:46.990   874   964 D AudioALSADeviceConfigManager: ApplyDeviceTurnoffSequenceByName(), DeviceName = I2S0_TO_CAPTURE4 descriptor->DeviceStatusCounter = 1, Ctlsize=4
[2026-06-13T06:50:49.486Z] [ALL] 06-13 12:20:46.992   874   964 D AudioDspStreamManager: setDspRefRuntimeEn(), task_scene = 9, condition = 0
[2026-06-13T06:50:49.486Z] [ALL] 06-13 12:20:46.993   874   964 D AudioDspStreamManager: setDspRuntimeEn(), task_scene = 9, condition = 0
[2026-06-13T06:50:49.486Z] [ALL] 06-13 12:20:46.993   874   964 D audio_messenger_ipi: hal send, task: 9, msg_id: 0x16, ack_type: 1, p1: 0x0, p2: 0x0
[2026-06-13T06:50:49.486Z] [ALL] 06-13 12:20:46.994   874   964 D aurisys_lib_manager: delete_aurisys_lib_manager(), manager 0xf0265920
[2026-06-13T06:50:49.486Z] [ALL] 06-13 12:20:46.994   874   964 D audio_messenger_ipi: audio_ipi_dma_cbk_deregister(), task 9
[2026-06-13T06:50:49.486Z] [ALL] 06-13 12:20:46.994   874   964 D AudioALSAPlaybackHandlerBase: ClosePCMDumpDSP() flag 2, task_scene = 9
[2026-06-13T06:50:49.486Z] [ALL] 06-13 12:20:46.994   874   964 D AudioDspStreamManager: -closePlaybackTask(), mDspTaskPlaybackActive = 0, mPlaybackUlPcm = 0x0 mPlaybackDlPcm = 0x0, mDspPcm = 0x0
[2026-06-13T06:50:49.486Z] [ALL] 06-13 12:20:46.994   874   964 D AudioALSAHardwareResourceManager: notifyOutputDeviceStatusChange(), device = 2, status = 1, sampleRate = 0, mOpenSpeakerPathCount = 0
[2026-06-13T06:50:49.486Z] [ALL] 06-13 12:20:46.994   874   964 D AudioALSAStreamManager: speakerStatusChangeCb(), status = 1, sampleRate = 0
[2026-06-13T06:50:49.486Z] [ALL] 06-13 12:20:46.994   874   964 D AudioALSAVoiceWakeUpController: updateSpeakerPlaybackStatus(), isSpeakerPlaying = 0
[2026-06-13T06:50:49.486Z] [ALL] 06-13 12:20:46.994   874   964 D audio_messenger_ipi: hal send, task: 7, msg_id: 0x16, ack_type: 1, p1: 0x0, p2: 0x0
[2026-06-13T06:50:49.486Z] [ALL] 06-13 12:20:46.995   874   964 D aurisys_lib_manager: delete_aurisys_lib_manager(), manager 0xf0265680
[2026-06-13T06:50:49.486Z] [ALL] 06-13 12:20:46.995   874   964 D audio_messenger_ipi: audio_ipi_dma_cbk_deregister(), task 7
[2026-06-13T06:50:49.486Z] [ALL] 06-13 12:20:46.996   874   964 D AudioALSAPlaybackHandlerBase: closeWavDump()
[2026-06-13T06:50:49.486Z] [ALL] 06-13 12:20:46.996   874   964 D AudioALSAPlaybackHandlerBase: ClosePCMDumpDSP() flag 2, task_scene = 7
[2026-06-13T06:50:49.486Z] [ALL] 06-13 12:20:46.996   874   964 D AudioALSAPlaybackHandlerDsp: -close()
[2026-06-13T06:50:49.486Z] [ALL] 06-13 12:20:46.996   874   964 D AudioALSAPlaybackHandlerDsp: ~AudioALSAPlaybackHandlerDsp()
[2026-06-13T06:50:49.486Z] [ALL] 06-13 12:20:46.996   874   964 D AudioALSAStreamOut: close() checkCardClose 0
[2026-06-13T06:50:49.486Z] [ALL] 06-13 12:20:46.996   874   964 D audio_engineer_test: disable_force_test: disable=0 force_test_dis=0 stream_open_count=1
[2026-06-13T06:50:49.486Z] [ALL] 06-13 12:20:46.996   874   964 D AudioALSAStreamOut: isHiRes = 0
[2026-06-13T06:50:49.486Z] [ALL] 06-13 12:20:46.996   973  1612 D AudioFlinger_PlaybackThreadExtImpl: StandbyForClosePa closed 51 times, state 1, on thread: 2
[2026-06-13T06:50:49.664Z] [ALL] 06-13 12:20:47.286 30533 30533 I AudioTrack: setMarkerPosition(1664): 0xb400006fccb98000, marker = 82900
[2026-06-13T06:50:49.753Z] [ALL] 06-13 12:20:47.373  7392  7421 I appium  : channel read: POST /session/5aec8cc7-6284-45d2-96ae-ee164da74bb0/element
[2026-06-13T06:50:49.753Z] [ALL] 06-13 12:20:47.375  7392  7421 I appium  : FindElement command
[2026-06-13T06:50:49.832Z] [ALL] 06-13 12:20:47.377  7392  7421 I appium  : method: 'xpath', selector: '//*[@resource-id="demo_guest_login_btn" or @content-desc="demo_guest_login_btn" or contains(@text, "Demo Mode") or contains(@text, "Offline Demo")]'
[2026-06-13T06:50:49.832Z] [ALL] 06-13 12:20:47.377  7392  7421 I appium  : Waiting up to 10000ms for the device to idle
[2026-06-13T06:50:49.832Z] [ALL] 06-13 12:20:47.379 30533 30533 I AudioTrack: setMarkerPosition(1664): 0xb400006fccb98000, marker = 93220
[2026-06-13T06:50:49.883Z] [ALL] 06-13 12:20:47.404  2536 27711 D IpClient/wlan0: interfaceLinkStateChanged: ifindex 34 up
[2026-06-13T06:50:49.883Z] [ALL] 06-13 12:20:47.405  1695  2752 I OplusHansManager : uid=10349, pkg=io.appium.uiautomator2.server can transition from M to F
[2026-06-13T06:50:49.883Z] [ALL] 06-13 12:20:47.405  1695  2752 I OplusHansManager : uid=10349, pkg=io.appium.uiautomator2.server F enter(), M stay=10
[2026-06-13T06:50:49.883Z] [ALL] 06-13 12:20:47.409  1695  2752 I OplusHansManager : freeze uid: 10349 io.appium.uiautomator2.server pids: [7392] scene: LcdOn
[2026-06-13T06:50:49.883Z] [ALL] 06-13 12:20:47.411  7763 13029 D IHansComunication: HansComunication::addUid-- 10349, persistent--0
[2026-06-13T06:50:49.883Z] [ALL] 06-13 12:20:47.411  7763 13029 D IHansComunication: HANS sendMessageToKernel: threadId = 536992353456, netLinkSetup = 1, type = PKG, targetUid = 10349, pkgCmd = ADD_ONE_UID
[2026-06-13T06:50:50.411Z] [ALL] 06-13 12:20:47.949  1000  1064 D SurfaceFlinger: kickIdle 968, 941, 35, 0
[2026-06-13T06:50:50.421Z] [ALL] 06-13 12:20:47.950   882   882 E hwcomposer: [DRMDEV] DRM_IOCTL_MTK_KICK_IDLE failed, drm_id_crtc: 64, error: -1  
[2026-06-13T06:50:50.631Z] [ALL] 06-13 12:20:48.239  1695  2752 I OplusHansManager : uid=10354, pkg=com.myntra.android can transition from M to F
[2026-06-13T06:50:50.631Z] [ALL] 06-13 12:20:48.239  1695  2752 I OplusHansManager : uid=10354, pkg=com.myntra.android F enter(), M stay=1
[2026-06-13T06:50:50.658Z] [ALL] 06-13 12:20:48.249  1695  2752 I OplusHansManager : freeze uid: 10354 com.myntra.android pids: [6639, 6801] IsolatedUid: [99213] scene: LcdOn
[2026-06-13T06:50:50.658Z] [ALL] 06-13 12:20:48.250  7763 13029 D IHansComunication: HansComunication::addUid-- 10354, persistent--0
[2026-06-13T06:50:50.658Z] [ALL] 06-13 12:20:48.250  7763 13029 D IHansComunication: HANS sendMessageToKernel: threadId = 536992353456, netLinkSetup = 1, type = PKG, targetUid = 10354, pkgCmd = ADD_ONE_UID
[2026-06-13T06:50:50.816Z] [ALL] 06-13 12:20:48.414  7763 13029 D IHansComunication: HANS sendMessageToKernel: threadId = 536992353456, netLinkSetup = 1, type = FROZEN_TRANS, targetUid = 10349, pkgCmd = PKG_CMD_MAX
[2026-06-13T06:50:51.184Z] [ALL] 06-13 12:20:48.748  7763  7793 E IHansComunication: HANS printMessageBody: RCV message: type = 0,port = 86870,caller_pid = 1129,caller_uid = 1047,target_pid = 6639,target_uid = 10354,pkg_cmd = -1,rpc = android.hardware.ICameraServiceListener/5
[2026-06-13T06:50:51.214Z] [ALL] 06-13 12:20:48.756  1695  2771 I OplusHansManager : unfreeze uid: 10354 com.myntra.android pids: [6639, 6801] reason: AsyncBinder scene: LcdOn
[2026-06-13T06:50:51.214Z] [ALL] 06-13 12:20:48.756  1695  2752 I OplusHansManager : uid=10354, pkg=com.myntra.android, transition from F to Middle, reason=AsyncBinder
[2026-06-13T06:50:51.214Z] [ALL] 06-13 12:20:48.756  1695  2752 I OplusHansManager : uid=10354, pkg=com.myntra.android F exit(), F stay=0, reason=AsyncBinder
[2026-06-13T06:50:51.228Z] [ALL] 06-13 12:20:48.822   934   934 D vendor.oplus.hardware.charger@1.0-service: getChargerControl:
[2026-06-13T06:50:51.247Z] [ALL] 06-13 12:20:48.830   924   930 E PerformanceService: storage_feature: open /sys/devices/platform/soc/112b0000.ufshci//virtualtlcbuff fail
[2026-06-13T06:50:51.373Z] [ALL] 06-13 12:20:48.959   973  1612 E AudioFlingerExtImpl: updateAudioDetectState pid : 30533, get null buffer
[2026-06-13T06:50:51.373Z] [ALL] 06-13 12:20:48.959   973  1612 D AF::Track: getNextBuffer, track(0xb400007b1a8cb000) get null buffer, mState 6, mFillingUpStatus 3
[2026-06-13T06:50:51.373Z] [ALL] 06-13 12:20:48.959   973  1612 D MtkAudioResamplerDyn: MtkAudioResamplerDyn InBuffer::reset!!
[2026-06-13T06:50:51.401Z] [ALL] 06-13 12:20:48.978 30533  3342 D AudioTrack: stop(1664): prior state:STATE_ACTIVE output 13 stream 3 session 10329
[2026-06-13T06:50:51.401Z] [ALL] 06-13 12:20:48.979 30533  3342 D AudioTrack: stop(1664): called with 120795 frames delivered
[2026-06-13T06:50:51.431Z] [ALL] 06-13 12:20:48.980 30533  3342 I AudioTrack: stop(1664): 0xb400006fccb98000 stop done
[2026-06-13T06:50:51.431Z] [ALL] 06-13 12:20:48.980   973  1612 D AudioFlingerExtImpl: noteAudioAcive is 0 
[2026-06-13T06:50:51.431Z] [ALL] 06-13 12:20:48.981 30533  3342 D AudioTrack: ~AudioTrack(1664), releasing mStatus =0 session id 10329 from 30533 on behalf of 30533
[2026-06-13T06:50:51.431Z] [ALL] 06-13 12:20:48.981   973  1612 D AudioFlinger_PlaybackThreadExtImpl: notifyAudioTrackRemove event:atlas_event_audio_track_distroy info:pid:30533,sessionId:10329,streamType:3,sampleRate:24000,flags:2,deviceTypes:2,hasFastMixer:0,isSpatialized:0
[2026-06-13T06:50:51.431Z] [ALL] 06-13 12:20:48.981   973  1612 D AtlasEventUploadUtils: setEvent event:atlas_event_audio_track_distroy
[2026-06-13T06:50:51.431Z] [ALL] 06-13 12:20:48.981 30533  3342 D AudioTrack: stop(1664): prior state:STATE_STOPPED output 13 stream 3 session 10329
[2026-06-13T06:50:51.431Z] [ALL] 06-13 12:20:48.981   973  1612 D AudioFlingerExtImpl: removeAudioSessionUidMap, remove 10329, map size 1
[2026-06-13T06:50:51.431Z] [ALL] 06-13 12:20:48.981   973  1612 D AFExtImpl: ~TrackInfo() 0xb400007b07d93480
[2026-06-13T06:50:51.431Z] [ALL] 06-13 12:20:48.981   973  1612 D AFExtImpl: clearDumpBuffer() 0xb400007b07d93480, mDumpBufferCount 0
[2026-06-13T06:50:51.431Z] [ALL] 06-13 12:20:48.981 30533  3342 I AudioTrack: stopAndJoinCallbacks(1664) done
[2026-06-13T06:50:51.431Z] [ALL] 06-13 12:20:48.982  3570 17922 D OplusAtlas.OplusAtlasEventDispatch: setEvent:atlas_event_audio_track_distroy info:pid:30533,sessionId:10329,streamType:3,sampleRate:24000,flags:2,deviceTypes:2,hasFastMixer:0,isSpatialized:0
[2026-06-13T06:50:51.431Z] [ALL] 06-13 12:20:48.982 30533  3342 D AudioTrackExtImpl: doSmoothBoost, set audioapp task boost, pid=30533, tid=3342, enable=0, ret=0
[2026-06-13T06:50:51.431Z] [ALL] 06-13 12:20:48.982 30533  3342 D AudioTrackExtImpl: doSmoothBoost, set audioapp task boost, pid=30533, tid=7910, enable=0, ret=0
[2026-06-13T06:50:51.431Z] [ALL] 06-13 12:20:48.983   973  1612 D AudioFlinger: updateWakeLockUids_l AudioOut_D uids:
[2026-06-13T06:50:51.431Z] [ALL] 06-13 12:20:48.983  3570  5018 D OplusAtlas.OplusMessageHandler: handleMessage: Msg { when=0 what=2 arg1=30533 arg2=3 target=com.oplus.atlas.OplusMessageHandler$MyHandler }
[2026-06-13T06:50:51.431Z] [ALL] 06-13 12:20:48.983  3570  5018 D OplusAtlasService: myHandleMessage: Msg { when=0 what=2 arg1=30533 arg2=3 target=com.oplus.atlas.OplusMessageHandler$MyHandler }
[2026-06-13T06:50:51.431Z] [ALL] 06-13 12:20:48.983   973  1262 D AudioPolicyManagerCustomImpl: hifiAudio_stopOutputSamplerate() -output = 13, porId = 1664, samplerate = 24000  HifiState = 0,  stream 3, session 10329
[2026-06-13T06:50:51.431Z] [ALL] 06-13 12:20:48.983   973  1262 D APM_AudioPolicyManager: stopOutput portId 1664
[2026-06-13T06:50:51.431Z] [ALL] 06-13 12:20:48.983   973  1262 D APM_AudioPolicyManager: stopOutput() output 13, stream 3, session 10329
[2026-06-13T06:50:51.431Z] [ALL] 06-13 12:20:48.984  3570  5002 D OplusAtlas.OplusMessageHandler: handleMessage: Msg { when=-1ms what=2 arg1=30533 arg2=3 obj=com.oplus.atlas.OplusAtlasEvent@2c8965e target=com.oplus.atlas.OplusMessageHandler$MyHandler }
[2026-06-13T06:50:51.431Z] [ALL] 06-13 12:20:48.984   973  1262 D APM_AudioPolicyManager: setOutputDevice() output 13 device AUDIO_DEVICE_NONE force 0 delayMs 84
[2026-06-13T06:50:51.431Z] [ALL] 06-13 12:20:48.984   973  1262 W AudioPolicyManagerCustomImpl: [MTK_APM_Route]setOutputDevices() mIoHandle 13 mId 1 device (0x2)(0x1, 0x2, 0x4, 0x8, 0x10, 0x20, 0x40, 0x400, 0x800, 0x1000, 0x4000, 0x100000, 0x4000000) delayMs 84 force 0 size 9
[2026-06-13T06:50:51.431Z] [ALL] 06-13 12:20:48.984  2655  2655 E OplusBluetoothAudioGuard: enter onPlaybackConfigChanged
[2026-06-13T06:50:51.431Z] [ALL] 06-13 12:20:48.988  2655  2655 E OplusBluetoothAudioGuard: enter onPlaybackConfigChanged
[2026-06-13T06:50:51.431Z] [ALL] 06-13 12:20:48.989  3614  3614 D OplusDiracService: mrDiracEffectBroadcastReceiver action = android.Multimedia.AudioEffect.AudioTrack_BROADCAST
[2026-06-13T06:50:51.431Z] [ALL] 06-13 12:20:48.990  3614 27562 D DiracDetectSceneService: Task.run, effectenable = true
[2026-06-13T06:50:51.431Z] [ALL] 06-13 12:20:48.990   973  1262 D GameAudioEffects: hasAliveFastEffectTracks  return (0)
[2026-06-13T06:50:51.431Z] [ALL] 06-13 12:20:48.991   973  1262 D AudioPolicyManagerExtImpl: oplusSelectOutputForMusicEffects: pendingOutput  => 13  flags => 0x00000002  outputTageName =>primary output outputs.size(4) older music effect ouput(21), hasAliveGameTracks(0)
[2026-06-13T06:50:51.431Z] [ALL] 06-13 12:20:48.991   973  1262 D AudioPolicyManagerExtImpl: oplusSelectOutputForMusicEffects pending music output is low latency output, but no alive fast effect tracks, block effectchain fallback to primary, set deepbuffer as defaultEffectsOutput instead
[2026-06-13T06:50:51.431Z] [ALL] 06-13 12:20:48.991   973  1262 D APM_AudioPolicyManager: [MTK_APM_Output]releaseOutput() 13 portId 1664
[2026-06-13T06:50:51.431Z] [ALL] 06-13 12:20:48.991  5147  5147 V DeepThinker: BroadcastReceiverWrapper: onReceive, start dispatch android.media.ACTION_AUDIO_PLAYBACK_STATE_CHANGED
[2026-06-13T06:50:51.431Z] [ALL] 06-13 12:20:48.991  5147  5147 V DeepThinker: BroadcastReceiverWrapper: onReceive, finish dispatch android.media.ACTION_AUDIO_PLAYBACK_STATE_CHANGED  Time consuming : 0 ms
[2026-06-13T06:50:51.431Z] [ALL] 06-13 12:20:48.993  3614 27562 D DiracDetectSceneService: checkAndSetDirac : activeAudioPids = null
[2026-06-13T06:50:51.431Z] [ALL] 06-13 12:20:48.996  3614 27562 D OplusDiracService: setDiracEffectInternal ++++ enable:false mode:COMMON mSceneModeForUI:AUTOcurrent filter = USECASE_INTERNAL_COMMON wiredheadsetOn:false a2dpOn:false
[2026-06-13T06:50:51.431Z] [ALL] 06-13 12:20:48.996  3614 27562 D OplusDiracService: setDisabled INTERNAL
[2026-06-13T06:50:51.431Z] [ALL] 06-13 12:20:48.996  1695  2163 I OplusWifiSarManager: Received action: android.media.ACTION_AUDIO_DEVICE_ROUTE_CHANGED
[2026-06-13T06:50:51.431Z] [ALL] 06-13 12:20:48.996  2724  2748 W libc    : Access denied finding property "odm.dirac.acs.storeSettings"
[2026-06-13T06:50:51.431Z] [ALL] 06-13 12:20:48.997  2724  2748 W libc    : Access denied finding property "persist.odm.dirac.acs.storeSettings"
[2026-06-13T06:50:51.431Z] [ALL] 06-13 12:20:48.997  1260  1260 D MMListService: checkInListByUid end module:allow-get-parameters uid:10116 time 119050321471
[2026-06-13T06:50:51.431Z] [ALL] 06-13 12:20:49.001   973  1612 E audio_pcm_dump: check_pcm_path : create path /data/persist_log fail 17
[2026-06-13T06:50:51.431Z] [ALL] 06-13 12:20:49.001   973  1612 E audio_pcm_dump: check_pcm_path failed.
[2026-06-13T06:50:51.431Z] [ALL] 06-13 12:20:49.001   973  1612 E audio_pcm_dump: check_pcm_path : create path /data/persist_log fail 17
[2026-06-13T06:50:51.431Z] [ALL] 06-13 12:20:49.001   973  1612 E audio_pcm_dump: check_pcm_path failed.
[2026-06-13T06:50:51.431Z] [ALL] 06-13 12:20:49.002   973  1612 D AudioFlinger_PlaybackThreadExtImpl: checkForClosePa state reset  1 => 0, on thread: 2
[2026-06-13T06:50:51.431Z] [ALL] 06-13 12:20:49.005  2724  2748 E SettingsDataBaseStore: can not store OutputSettings = null
[2026-06-13T06:50:51.431Z] [ALL] 06-13 12:20:49.015  3614 27562 D se.dirac.acs-api: Settings changed callback received
[2026-06-13T06:50:51.431Z] [ALL] 06-13 12:20:49.015  2724  3964 I AudioEffect: setParameter(): 0xb400007038eeac00, param: 65602, param2: -1
[2026-06-13T06:50:51.431Z] [ALL] 06-13 12:20:49.016   874   964 I EffectsFactory: Effect_Command(): self = 0xedce7410, cmdCode = 5
[2026-06-13T06:50:51.431Z] [ALL] 06-13 12:20:49.016  2724  3964 I AudioEffect: getParameter: param: 65602, param2: -1
[2026-06-13T06:50:51.431Z] [ALL] 06-13 12:20:49.016   874   964 I EffectsFactory: Effect_Command(): self = 0xedce7410, cmdCode = 8
[2026-06-13T06:50:51.431Z] [ALL] 06-13 12:20:49.018  3614 27562 D OplusDiracService: setDiracEffectInternal --- cost time=25
[2026-06-13T06:50:51.431Z] [ALL] 06-13 12:20:49.018  3614  3614 D OplusDiracService: notifyStatusChanged size = 0
[2026-06-13T06:50:51.431Z] [ALL] 06-13 12:20:49.024  3570  5002 D AudioManagerExtImpl: getStreamVolume packageName=com.oplus.atlas, index=0, streamType=3
[2026-06-13T06:50:51.431Z] [ALL] 06-13 12:20:49.025  3570  5002 D OplusAtlasFeedback: uploadMMCollectData MM_FB_EventID#20002#StreamType#3#ChannelCount#1#PackageName#com.google.android.tts#EffectChains#0#StartTime#2026/06/13 12:20:43#UsingDevice#2#StreamVolume#0#Flag#2#AppName#Speech Recognition and Synthesis from Google#SampleRate#24000#Format#1#IsSpatialized#0#TotalTime#5101#Id#13#AudioID#41331eda8e9f
[2026-06-13T06:50:51.634Z] [ALL] 06-13 12:20:49.253  7763 13029 D IHansComunication: HANS sendMessageToKernel: threadId = 536992353456, netLinkSetup = 1, type = FROZEN_TRANS, targetUid = 10354, pkgCmd = PKG_CMD_MAX
[2026-06-13T06:50:51.870Z] [ALL] 06-13 12:20:49.468  1695  2169 D OplusNetKit: interface name from LP: [ccmni1]
[2026-06-13T06:50:51.927Z] [ALL] 06-13 12:20:49.468  1695  2169 D OplusNetKit: interface name from LP: [ccmni2]
[2026-06-13T06:50:51.927Z] [ALL] 06-13 12:20:49.468  1695  2169 D OplusNetKit: interface name from LP: [wlan0]
[2026-06-13T06:50:51.927Z] [ALL] 06-13 12:20:49.468  1695  2169 D OplusNetKit: in getLpByInterface name from LP: [ccmni1]
[2026-06-13T06:50:51.927Z] [ALL] 06-13 12:20:49.469  1695  2169 D OplusNetKit: in getLpByInterface name from LP: [ccmni2]
[2026-06-13T06:50:51.927Z] [ALL] 06-13 12:20:49.469  1695  2169 D OplusNetKit: in getLpByInterface name from LP: [wlan0]
[2026-06-13T06:50:51.927Z] [ALL] 06-13 12:20:49.469  1695  2169 D OplusNetKit: in getLpByInterface name from LP: [ccmni1]
[2026-06-13T06:50:51.927Z] [ALL] 06-13 12:20:49.469  1695  2169 D OplusNetKit: in getLpByInterface name from LP: [ccmni2]
[2026-06-13T06:50:51.927Z] [ALL] 06-13 12:20:49.469  1695  2169 D OplusNetKit: in getLpByInterface name from LP: [wlan0]
[2026-06-13T06:50:51.927Z] [ALL] 06-13 12:20:49.469  1695  2169 D OplusNetKit: Route is ipv4 on wlan0 found, break
[2026-06-13T06:50:51.984Z] [ALL] 06-13 12:20:49.561  2744  2744 D OplusTelephonyController: onSignalStrengthChanged: SignalStrength=SignalStrength:{mCdma=CellSignalStrengthCdma: cdmaDbm=2147483647 cdmaEcio=2147483647 evdoDbm=2147483647 evdoEcio=2147483647 evdoSnr=2147483647 level=0,mGsm=CellSignalStrengthGsm: rssi=2147483647 ber=2147483647 mTa=2147483647 mLevel=0,mWcdma=CellSignalStrengthWcdma: ss=2147483647 ber=2147483647 rscp=2147483647 ecno=2147483647 level=0,mTdscdma=CellSignalStrengthTdscdma: rssi=2147483647 ber=2147483647 rscp=2147483647 level=0,mLte=CellSignalStrengthLte: rssi=2147483647 rsrp=2147483647 rsrq=2147483647 rssnr=2147483647 cqiTableIndex=2147483647 cqi=2147483647 ta=2147483647 level=0 parametersUseForLevel=0,mNr=CellSignalStrengthNr:{ csiRsrp = 2147483647 csiRsrq = 2147483647 csiCqiTableIndex = 2147483647 csiCqiReport = [] ssRsrp = -84 ssRsrq = -3 ssSinr = 18 level = 2 parametersUseForLevel = 0 },primary=CellSignalStrengthNr}, phoneId=0, mMtkLevel=0, mMtkRsrpOnly=false, mMtkLteRsrpThreshold=null, mMtkLteRssnrThreshold=null
[2026-06-13T06:50:52.056Z] [ALL] 06-13 12:20:49.566   891   978 W AString : ctor got NULL, using empty string instead
[2026-06-13T06:50:52.056Z] [ALL] 06-13 12:20:49.567   891   978 I sensors-hal-SensorSavedChannel: [8694,-27194,4379]==>gyro_bias.json
[2026-06-13T06:50:52.056Z] [ALL] 06-13 12:20:49.583  1000  1064 D SurfaceFlinger: kickIdle 1633, 1602, 35, 0
[2026-06-13T06:50:52.056Z] [ALL] 06-13 12:20:49.584   882   882 E hwcomposer: [DRMDEV] DRM_IOCTL_MTK_KICK_IDLE failed, drm_id_crtc: 64, error: -1  
[2026-06-13T06:50:52.138Z] [ALL] 06-13 12:20:49.760  1695  1725 D SensorService: onUidStateChanged uid = 10320, state = UID_STATE_IDLE
[2026-06-13T06:50:52.445Z] [ALL] 06-13 12:20:50.004   858  5601 E netd    : dispachCmd:oplusGetRtt
[2026-06-13T06:50:52.498Z] [ALL] 06-13 12:20:50.005   858  5601 E netd    : handleGetRttCmd: netId = 204, uid = 10355
[2026-06-13T06:50:52.498Z] [ALL] 06-13 12:20:50.008   858  5601 E netd    : dispachCmd cmd:oplusGetRtt  result:0
[2026-06-13T06:50:52.498Z] [ALL] 06-13 12:20:50.009   858 28068 E netd    : dispachCmd:oplusGetRtt
[2026-06-13T06:50:52.498Z] [ALL] 06-13 12:20:50.009   858 28068 E netd    : handleGetRttCmd: netId = 206, uid = 10355
[2026-06-13T06:50:52.498Z] [ALL] 06-13 12:20:50.013   858 28068 E netd    : dispachCmd cmd:oplusGetRtt  result:0
[2026-06-13T06:50:52.498Z] [ALL] 06-13 12:20:50.015  1695  2144 D OplusWifiConnect2: clientModeManager == null, getOplusSta2ConnectionInfo null
[2026-06-13T06:50:52.498Z] [ALL] 06-13 12:20:50.019  1695  2148 D WN_S    : isCellQualityGood is false, curscore =85, no need to switch lte
[2026-06-13T06:50:52.498Z] [ALL] 06-13 12:20:50.028  1000  1064 D SurfaceFlinger: kickIdle 445, 413, 35, 0
[2026-06-13T06:50:52.498Z] [ALL] 06-13 12:20:50.029   882   882 E hwcomposer: [DRMDEV] DRM_IOCTL_MTK_KICK_IDLE failed, drm_id_crtc: 64, error: -1  
[2026-06-13T06:50:52.649Z] [ALL] 06-13 12:20:50.265  1695  2752 I OplusHansManager : uid=10354, pkg=com.myntra.android can transition from M to F
[2026-06-13T06:50:52.649Z] [ALL] 06-13 12:20:50.266  1695  2752 I OplusHansManager : uid=10354, pkg=com.myntra.android F enter(), M stay=1
[2026-06-13T06:50:52.729Z] [ALL] 06-13 12:20:50.275  1695  2752 I OplusHansManager : freeze uid: 10354 com.myntra.android pids: [6639, 6801] IsolatedUid: [99213] scene: LcdOn
[2026-06-13T06:50:52.729Z] [ALL] 06-13 12:20:50.277  7763 13029 D IHansComunication: HansComunication::addUid-- 10354, persistent--0
[2026-06-13T06:50:52.729Z] [ALL] 06-13 12:20:50.277  7763 13029 D IHansComunication: HANS sendMessageToKernel: threadId = 536992353456, netLinkSetup = 1, type = PKG, targetUid = 10354, pkgCmd = ADD_ONE_UID
[2026-06-13T06:50:52.935Z] [ALL] 06-13 12:20:50.546  1695  2169 E OplusArpPeer_euclid_psw: ARP read failure: android.system.ErrnoException: read failed: EAGAIN (Try again)
[2026-06-13T06:50:52.935Z] [ALL] 06-13 12:20:50.550  1695  2169 E OplusArpPeer_euclid_psw:  OplusArpPeer close
[2026-06-13T06:50:53.120Z] [ALL] 06-13 12:20:50.740   934   934 D vendor.oplus.hardware.charger@1.0-service: getPsyUsbType type: USB, ret_value = 3
[2026-06-13T06:50:53.120Z] [ALL] 06-13 12:20:50.740   934   934 D vendor.oplus.hardware.charger@1.0-service: getPsyUsbType type: USB is usb charging.
[2026-06-13T06:50:53.166Z] [ALL] 06-13 12:20:50.752   934   934 D vendor.oplus.hardware.charger@1.0-service: getPsyUsbType type: USB, ret_value = 3
[2026-06-13T06:50:53.166Z] [ALL] 06-13 12:20:50.753   934   934 D vendor.oplus.hardware.charger@1.0-service: getPsyUsbType type: USB is usb charging.
[2026-06-13T06:50:53.332Z] [ALL] 06-13 12:20:50.953   858  5601 E TetherController: property_get sys.radio.data.modem_share_flag return 0, 1!
[2026-06-13T06:50:53.494Z] [ALL] 06-13 12:20:51.076  9452  9575 I MMKV    : Disable checkProcessMode()
[2026-06-13T06:50:53.494Z] [ALL] 06-13 12:20:51.077  9452  9575 I MMKV    : <MMKV.cpp:203::initializeMMKV> root dir: /data/user_de/0/com.oplus.statistics.rom/files/mmkv
[2026-06-13T06:50:53.494Z] [ALL] 06-13 12:20:51.077  9452  9575 I MSP-LOG-SDK-MspSdk: Sdk has initialized! version:2.0.1.10
[2026-06-13T06:50:53.509Z] [ALL] 06-13 12:20:51.077  9452  9575 I MSP-LOG-SDK-ApiProxy: interfaces length 1
[2026-06-13T06:50:53.509Z] [ALL] 06-13 12:20:51.077  9452  9575 I MSP-LOG-SDK-ApiProxy: interfaces clazz name is b
[2026-06-13T06:50:53.509Z] [ALL] 06-13 12:20:51.083  9452  9575 E MSP-LOG-SDK-: MspSdkException{code=2007,message=com.heytap.mspsdk.exception.MspSdkException: target is not a interface class}
[2026-06-13T06:50:53.509Z] [ALL] 06-13 12:20:51.083  9452  9575 E MSP-LOG-SDK-: 	at com.heytap.mspsdk.proxy.f.b(PackageReplaceIPCInterceptor.java:25)
[2026-06-13T06:50:53.509Z] [ALL] 06-13 12:20:51.083  9452  9575 E MSP-LOG-SDK-: 	at com.heytap.mspsdk.interceptor.c.b(StandardListChain.java:5)
[2026-06-13T06:50:53.509Z] [ALL] 06-13 12:20:51.083  9452  9575 E MSP-LOG-SDK-: 	at com.heytap.mspsdk.proxy.b.b(CompatCheckInterceptor.java:8)
[2026-06-13T06:50:53.509Z] [ALL] 06-13 12:20:51.083  9452  9575 E MSP-LOG-SDK-: 	at com.heytap.mspsdk.interceptor.c.b(StandardListChain.java:5)
[2026-06-13T06:50:53.509Z] [ALL] 06-13 12:20:51.083  9452  9575 E MSP-LOG-SDK-: 	at com.heytap.mspsdk.proxy.d.invoke(InnerInvocationHandler.java:23)
[2026-06-13T06:50:53.509Z] [ALL] 06-13 12:20:51.083  9452  9575 E MSP-LOG-SDK-: 	at java.lang.reflect.Proxy.invoke(Proxy.java:1009)
[2026-06-13T06:50:53.509Z] [ALL] 06-13 12:20:51.083  9452  9575 E MSP-LOG-SDK-: 	at $Proxy4.a(Unknown Source)
[2026-06-13T06:50:53.509Z] [ALL] 06-13 12:20:51.083  9452  9575 E MSP-LOG-SDK-: 	at com.oplus.statistic.rom.oneidsdk.c$d.a(OneIdOsTokenKitSdk.java:1)
[2026-06-13T06:50:53.509Z] [ALL] 06-13 12:20:51.083  9452  9575 E MSP-LOG-SDK-: 	at com.oplus.statistic.rom.oneidsdk.c.o(OneIdOsTokenKitSdk.java:2)
[2026-06-13T06:50:53.509Z] [ALL] 06-13 12:20:51.083  9452  9575 E MSP-LOG-SDK-: 	at com.oplus.statistic.rom.oneidsdk.c.n(OneIdOsTokenKitSdk.java:13)
[2026-06-13T06:50:53.509Z] [ALL] 06-13 12:20:51.083  9452  9575 E MSP-LOG-SDK-: 	at com.oplus.statistics.rom.application.DcsModule$b.run(DcsModule.kt:1)
[2026-06-13T06:50:53.509Z] [ALL] 06-13 12:20:51.083  9452  9575 E MSP-LOG-SDK-: 	at java.util.TimerThread.mainLoop(Timer.java:596)
[2026-06-13T06:50:53.509Z] [ALL] 06-13 12:20:51.083  9452  9575 E MSP-LOG-SDK-: 	at java.util.TimerThread.run(Timer.java:540)
[2026-06-13T06:50:53.666Z] [ALL] 06-13 12:20:51.282  7763 13029 D IHansComunication: HANS sendMessageToKernel: threadId = 536992353456, netLinkSetup = 1, type = FROZEN_TRANS, targetUid = 10354, pkgCmd = PKG_CMD_MAX
[2026-06-13T06:50:54.764Z] [ALL] 06-13 12:20:52.370  1046  1046 I libPerfCtl: gbeGetCmd ioctl_ret:-1
[2026-06-13T06:50:55.132Z] [ALL] 06-13 12:20:52.717 22664  6569 I NearbyMediums: Found Fast Ble Advertisements :
[2026-06-13T06:50:55.132Z] [ALL] 06-13 12:20:52.717 22664  6569 I NearbyMediums: BleAdvertisement { version=2, socketVersion=2, isFast=true, serviceIdHash=null, data=[ 0x23 0x44 0x54 0x50 0x4e 0x11 0x32 0x72 0xf6 0x98 0x9c 0xea 0x7a 0x00 0x08 0xd3 0xa5 0x1d 0x60 0x54 0x6b 0x9e 0x2c ], deviceToken=[ 0x66 0xba ], rxAdvertisement=null } : 1 times.
[2026-06-13T06:50:55.132Z] [ALL] 06-13 12:20:52.717 22664  6569 I NearbyMediums: Total 1 fast advertisements from 1 unique advertisers.
[2026-06-13T06:50:55.132Z] [ALL] 06-13 12:20:52.717 22664  6569 I NearbyMediums: Current Tracked Scanning Clients are : {NearbyConnections.EnvironmentMonitor, NearbySharing}
[2026-06-13T06:50:55.132Z] [ALL] 06-13 12:20:52.720 22664  7870 I NearbyConnections: Processing lost BlePeripheral BlePeripheral{advertisement=BleAdvertisement { version=2, socketVersion=2, isFast=true, serviceIdHash=null, data=[ 0x23 0x46 0x41 0x55 0x44 0x11 0x16 0xea 0x4d 0x1e 0x41 0xfc 0x1f 0x24 0xd6 0x55 0xc3 0x60 0xf0 0x08 0xfa 0xec 0x94 ], deviceToken=[ 0x43 0x9b ], rxAdvertisement=null }, dctAdvertisement=null, address=null, psm=0, deviceToken=<ByteString@d3a6760 size=2 contents="C\233">, isSecondProfile=false, rxInstantConnectionAdv=null}.
[2026-06-13T06:50:55.132Z] [ALL] 06-13 12:20:52.720 22664  7870 I NearbyConnections: Lost BleEndpoint for BlePeripheral BlePeripheral{advertisement=BleAdvertisement { version=2, socketVersion=2, isFast=true, serviceIdHash=null, data=[ 0x23 0x46 0x41 0x55 0x44 0x11 0x16 0xea 0x4d 0x1e 0x41 0xfc 0x1f 0x24 0xd6 0x55 0xc3 0x60 0xf0 0x08 0xfa 0xec 0x94 ], deviceToken=[ 0x43 0x9b ], rxAdvertisement=null }, dctAdvertisement=null, address=null, psm=0, deviceToken=<ByteString@d3a6760 size=2 contents="C\233">, isSecondProfile=false, rxInstantConnectionAdv=null} (with EndpointId FAUD and EndpointInfo [ 0x16 0xea 0x4d 0x1e 0x41 0xfc 0x1f 0x24 0xd6 0x55 0xc3 0x60 0xf0 0x08 0xfa 0xec 0x94 ]).
[2026-06-13T06:50:55.132Z] [ALL] 06-13 12:20:52.724 22664  7870 I NearbyConnections: ClientProxy(135143596) reporting onEndpointLost(FAUD)
[2026-06-13T06:50:55.132Z] [ALL] 06-13 12:20:52.724 22664  7870 I NearbyConnections: Processing lost BlePeripheral BlePeripheral{advertisement=BleAdvertisement { version=2, socketVersion=2, isFast=true, serviceIdHash=null, data=[ 0x23 0x4d 0x32 0x59 0x4e 0x11 0x32 0x88 0xd3 0x1c 0xc5 0x45 0x15 0xa2 0xb1 0x37 0x96 0x11 0x7b 0xf7 0x71 0x88 0x3b ], deviceToken=[ 0xd1 0x0b ], rxAdvertisement=null }, dctAdvertisement=null, address=null, psm=0, deviceToken=<ByteString@19d7419 size=2 contents="\321\v">, isSecondProfile=false, rxInstantConnectionAdv=null}.
[2026-06-13T06:50:55.132Z] [ALL] 06-13 12:20:52.725 22664  7870 I NearbyConnections: Lost BleEndpoint for BlePeripheral BlePeripheral{advertisement=BleAdvertisement { version=2, socketVersion=2, isFast=true, serviceIdHash=null, data=[ 0x23 0x4d 0x32 0x59 0x4e 0x11 0x32 0x88 0xd3 0x1c 0xc5 0x45 0x15 0xa2 0xb1 0x37 0x96 0x11 0x7b 0xf7 0x71 0x88 0x3b ], deviceToken=[ 0xd1 0x0b ], rxAdvertisement=null }, dctAdvertisement=null, address=null, psm=0, deviceToken=<ByteString@19d7419 size=2 contents="\321\v">, isSecondProfile=false, rxInstantConnectionAdv=null} (with EndpointId M2YN and EndpointInfo [ 0x32 0x88 0xd3 0x1c 0xc5 0x45 0x15 0xa2 0xb1 0x37 0x96 0x11 0x7b 0xf7 0x71 0x88 0x3b ]).
[2026-06-13T06:50:55.132Z] [ALL] 06-13 12:20:52.726 22664  7870 I NearbyConnections: ClientProxy(135143596) reporting onEndpointLost(M2YN)
[2026-06-13T06:50:55.156Z] [ALL] 06-13 12:20:52.728 22664  6578 I NearbySharing: NearbySharing Internal event EndpointLost(endpointId=FAUD)
[2026-06-13T06:50:55.156Z] [ALL] 06-13 12:20:52.736 22664  7869 I NearbySharing: NearbySharing Internal event EndpointLost(endpointId=M2YN)
[2026-06-13T06:50:55.467Z] [ALL] 06-13 12:20:53.051   858  5601 E netd    : dispachCmd:oplusGetRtt
[2026-06-13T06:50:55.467Z] [ALL] 06-13 12:20:53.052   858  5601 E netd    : handleGetRttCmd: netId = 204, uid = 10355
[2026-06-13T06:50:55.467Z] [ALL] 06-13 12:20:53.055   858  5601 E netd    : dispachCmd cmd:oplusGetRtt  result:0
[2026-06-13T06:50:55.467Z] [ALL] 06-13 12:20:53.056   858 28068 E netd    : dispachCmd:oplusGetRtt
[2026-06-13T06:50:55.467Z] [ALL] 06-13 12:20:53.056   858 28068 E netd    : handleGetRttCmd: netId = 206, uid = 10355
[2026-06-13T06:50:55.467Z] [ALL] 06-13 12:20:53.057  7763  7793 E IHansComunication: HANS printMessageBody: RCV message: type = 0,port = 86870,caller_pid = 1695,caller_uid = 1000,target_pid = 7392,target_uid = 10349,pkg_cmd = -1,rpc = android.accessibilityservice.IAccessibilityServiceClient/2
[2026-06-13T06:50:55.467Z] [ALL] 06-13 12:20:53.059   858 28068 E netd    : dispachCmd cmd:oplusGetRtt  result:0
[2026-06-13T06:50:55.467Z] [ALL] 06-13 12:20:53.060  1695  2771 I OplusHansManager : unfreeze uid: 10349 io.appium.uiautomator2.server pids: [7392] reason: AsyncBinder scene: LcdOn
[2026-06-13T06:50:55.499Z] [ALL] 06-13 12:20:53.061  1695  2752 I OplusHansManager : uid=10349, pkg=io.appium.uiautomator2.server, transition from F to Middle, reason=AsyncBinder
[2026-06-13T06:50:55.499Z] [ALL] 06-13 12:20:53.061  1695  2752 I OplusHansManager : uid=10349, pkg=io.appium.uiautomator2.server F exit(), F stay=5, reason=AsyncBinder
[2026-06-13T06:50:55.499Z] [ALL] 06-13 12:20:53.062  1695  2144 D OplusWifiConnect2: clientModeManager == null, getOplusSta2ConnectionInfo null
[2026-06-13T06:50:55.499Z] [ALL] 06-13 12:20:53.063  1695  2148 D WN_S    : isCellQualityGood is false, curscore =85, no need to switch lte
[2026-06-13T06:50:55.499Z] [ALL] 06-13 12:20:53.063  7392  7421 I appium  : The following attributes will be included to the page source: [text, content-desc, resource-id]
[2026-06-13T06:50:55.499Z] [ALL] 06-13 12:20:53.072  7392  7401 I tomator2.server: Method exceeds compiler instruction limit: 19260 in java_cup.runtime.Symbol org.eclipse.wst.xml.xpath2.processor.internal.CUP$XPathCup$actions.CUP$XPathCup$do_action(int, java_cup.runtime.lr_parser, java.util.Stack, int)
[2026-06-13T06:50:55.499Z] [ALL] 06-13 12:20:53.081  1000  1064 D SurfaceFlinger: kickIdle 3052, 3036, 33, 0
[2026-06-13T06:50:55.499Z] [ALL] 06-13 12:20:53.081   882   882 E hwcomposer: [DRMDEV] DRM_IOCTL_MTK_KICK_IDLE failed, drm_id_crtc: 64, error: -1  
[2026-06-13T06:50:55.685Z] [ALL] 06-13 12:20:53.237  7392  7421 I appium  : Took 0ms to retrieve 0 matches for '//*[@resource-id="demo_guest_login_btn" or @content-desc="demo_guest_login_btn" or contains(@text, "Demo Mode") or contains(@text, "Offline Demo")]' XPath2 query
[2026-06-13T06:50:55.685Z] [ALL] 06-13 12:20:53.239  7392  7421 I appium  : AppiumResponse: {"sessionId":"5aec8cc7-6284-45d2-96ae-ee164da74bb0","value":{"error":"no such element","message":"An element could not be located on the page using the given search parameters","stacktrace":"io.appium.uiautomator2.common.exceptions.ElementNotFoundException: An element could not be located on the page using the given search parameters\n\tat io.appium.uiautomator2.utils.ElementLocationHelpers.findElement(ElementLocationHelpers.java:153)\n\tat io.appium.uiautomator2.handler.FindElement.safeHandle(FindElement.java:60)\n\tat io.appium.uiautomator2.handler.request.SafeRequestHandler.handle(SafeRequestHandler.java:59)\n\tat io.appium.uiautomator2.server.AppiumServlet.handleRequest(AppiumServlet.java:267)\n\tat io.appium.uiautomator2.server.AppiumServlet.handleHttpRequest(AppiumServlet.java:261)\n\tat io.appium.uiautomator2.http.ServerHandler.channelRead(ServerHandler.java:77)\n\tat io.netty.channel.AbstractChannelHandlerContext.fireChannelRead(AbstractChannelHandlerContext.java:357)\n\tat io.netty.handler.codec.MessageToMessageDecoder.channelRead(MessageToMessageDecoder.java:107)\n\tat io.netty.channel.AbstractChannelHandlerContext.fireChannelRead(AbstractChannelHandlerContext.java:357)\n\tat io.netty.channel.CombinedChannelDuplexHandler$DelegatingChannelHandlerContext.fireChannelRead(CombinedChannelDuplexHandler.java:434)\n\tat io.netty.handler.codec.ByteToMessageDecoder.fireChannelRead(ByteToMessageDecoder.java:361)\n\tat io.netty.handler.codec.ByteToMessageDecoder.channelRead(ByteToMessageDecoder.java:325)\n\tat io.netty.channel.CombinedChannelDuplexHandler.channelRead(CombinedChannelDuplexHandler.java:249)\n\tat io.netty.channel.AbstractChannelHandlerContext.fireChannelRead(AbstractChannelHandlerContext.java:355)\n\tat io.netty.handler.timeout.IdleStateHandler.channelRead(IdleStateHandler.java:288)\n\tat io.netty.channel.AbstractChannelHandlerContext.fireChannelRead(AbstractChannelHandlerContext.java:355)\n\tat io.netty.channel.DefaultChannelPipeline$HeadContext.channelRead(DefaultChannelPipeline.java:1429)\n\tat io.netty.channel.DefaultChannelPipeline.fireChannelRead(DefaultChannelPipeline.java:918)\n\tat io.netty.channel.nio.AbstractNioByteChannel$NioByteUnsafe.read(AbstractNioByteChannel.java:176)\n\tat io.netty.channel.nio.AbstractNioChannel$AbstractNioUnsafe.handle(AbstractNioChannel.java:445)\n\tat io.netty.channel.nio.NioIoHandler$DefaultNioRegistration.handle(NioIoHandler.java:388)\n\tat io.netty.channel.nio.NioIoHandler.processSelectedKey(NioIoHandler.java:596)\n\tat io.netty.channel.nio.NioIoHandler.processSelectedKeysOptimized(NioIoHandler.java:571)\n\tat io.netty.channel.nio.NioIoHandler.processSelectedKeys(NioIoHandler.java:512)\n\tat io.netty.channel.nio.NioIoHandler.run(NioIoHandler.java:484)\n\tat io.netty.channel.SingleThreadIoEventLoop.runIo(SingleThreadIoEventLoop.java:225)\n\tat io.netty.channel.SingleThreadIoEventLoop.run(SingleThreadIoEventLoop.java:196)\n\tat io.netty.util.concurrent.SingleThreadEventExecutor$5.run(SingleThreadEventExecutor.java:1195)\n\tat io.netty.util.internal.ThreadExecutorMap$2.run(ThreadExecutorMap.java:74)\n\tat io.netty.util.concurrent.FastThreadLocalRunnable.run(FastThreadLocalRunnable.java:30)\n\tat java.lang.Thread.run(Thread.java:1572)\n"}}
[2026-06-13T06:50:55.738Z] [ALL] 06-13 12:20:53.272  7392  7421 I appium  : channel read: POST /session/5aec8cc7-6284-45d2-96ae-ee164da74bb0/element
[2026-06-13T06:50:55.738Z] [ALL] 06-13 12:20:53.274  7392  7421 I appium  : FindElement command
[2026-06-13T06:50:55.738Z] [ALL] 06-13 12:20:53.276  7392  7421 I appium  : method: 'xpath', selector: '//*[@resource-id="demo_guest_login_btn" or @content-desc="demo_guest_login_btn" or contains(@text, "Demo Mode") or contains(@text, "Offline Demo")]'
[2026-06-13T06:50:55.738Z] [ALL] 06-13 12:20:53.276  7392  7421 I appium  : Waiting up to 10000ms for the device to idle
[2026-06-13T06:50:55.936Z] [ALL] 06-13 12:20:53.557  7392  7421 I appium  : The following attributes will be included to the page source: [text, content-desc, resource-id]
[2026-06-13T06:50:56.188Z] [ALL] 06-13 12:20:53.812  7392  7421 I appium  : Took 0ms to retrieve 0 matches for '//*[@resource-id="demo_guest_login_btn" or @content-desc="demo_guest_login_btn" or contains(@text, "Demo Mode") or contains(@text, "Offline Demo")]' XPath2 query
[2026-06-13T06:50:56.278Z] [ALL] 06-13 12:20:53.823  7392  7421 I appium  : AppiumResponse: {"sessionId":"5aec8cc7-6284-45d2-96ae-ee164da74bb0","value":{"error":"no such element","message":"An element could not be located on the page using the given search parameters","stacktrace":"io.appium.uiautomator2.common.exceptions.ElementNotFoundException: An element could not be located on the page using the given search parameters\n\tat io.appium.uiautomator2.utils.ElementLocationHelpers.findElement(ElementLocationHelpers.java:153)\n\tat io.appium.uiautomator2.handler.FindElement.safeHandle(FindElement.java:60)\n\tat io.appium.uiautomator2.handler.request.SafeRequestHandler.handle(SafeRequestHandler.java:59)\n\tat io.appium.uiautomator2.server.AppiumServlet.handleRequest(AppiumServlet.java:267)\n\tat io.appium.uiautomator2.server.AppiumServlet.handleHttpRequest(AppiumServlet.java:261)\n\tat io.appium.uiautomator2.http.ServerHandler.channelRead(ServerHandler.java:77)\n\tat io.netty.channel.AbstractChannelHandlerContext.fireChannelRead(AbstractChannelHandlerContext.java:357)\n\tat io.netty.handler.codec.MessageToMessageDecoder.channelRead(MessageToMessageDecoder.java:107)\n\tat io.netty.channel.AbstractChannelHandlerContext.fireChannelRead(AbstractChannelHandlerContext.java:357)\n\tat io.netty.channel.CombinedChannelDuplexHandler$DelegatingChannelHandlerContext.fireChannelRead(CombinedChannelDuplexHandler.java:434)\n\tat io.netty.handler.codec.ByteToMessageDecoder.fireChannelRead(ByteToMessageDecoder.java:361)\n\tat io.netty.handler.codec.ByteToMessageDecoder.channelRead(ByteToMessageDecoder.java:325)\n\tat io.netty.channel.CombinedChannelDuplexHandler.channelRead(CombinedChannelDuplexHandler.java:249)\n\tat io.netty.channel.AbstractChannelHandlerContext.fireChannelRead(AbstractChannelHandlerContext.java:355)\n\tat io.netty.handler.timeout.IdleStateHandler.channelRead(IdleStateHandler.java:288)\n\tat io.netty.channel.AbstractChannelHandlerContext.fireChannelRead(AbstractChannelHandlerContext.java:355)\n\tat io.netty.channel.DefaultChannelPipeline$HeadContext.channelRead(DefaultChannelPipeline.java:1429)\n\tat io.netty.channel.DefaultChannelPipeline.fireChannelRead(DefaultChannelPipeline.java:918)\n\tat io.netty.channel.nio.AbstractNioByteChannel$NioByteUnsafe.read(AbstractNioByteChannel.java:176)\n\tat io.netty.channel.nio.AbstractNioChannel$AbstractNioUnsafe.handle(AbstractNioChannel.java:445)\n\tat io.netty.channel.nio.NioIoHandler$DefaultNioRegistration.handle(NioIoHandler.java:388)\n\tat io.netty.channel.nio.NioIoHandler.processSelectedKey(NioIoHandler.java:596)\n\tat io.netty.channel.nio.NioIoHandler.processSelectedKeysOptimized(NioIoHandler.java:571)\n\tat io.netty.channel.nio.NioIoHandler.processSelectedKeys(NioIoHandler.java:512)\n\tat io.netty.channel.nio.NioIoHandler.run(NioIoHandler.java:484)\n\tat io.netty.channel.SingleThreadIoEventLoop.runIo(SingleThreadIoEventLoop.java:225)\n\tat io.netty.channel.SingleThreadIoEventLoop.run(SingleThreadIoEventLoop.java:196)\n\tat io.netty.util.concurrent.SingleThreadEventExecutor$5.run(SingleThreadEventExecutor.java:1195)\n\tat io.netty.util.internal.ThreadExecutorMap$2.run(ThreadExecutorMap.java:74)\n\tat io.netty.util.concurrent.FastThreadLocalRunnable.run(FastThreadLocalRunnable.java:30)\n\tat java.lang.Thread.run(Thread.java:1572)\n"}}
[2026-06-13T06:50:56.317Z] [ALL] 06-13 12:20:53.824   934   934 D vendor.oplus.hardware.charger@1.0-service: getChargerControl:
[2026-06-13T06:50:56.317Z] [ALL] 06-13 12:20:53.838   924   930 E PerformanceService: storage_feature: open /sys/devices/platform/soc/112b0000.ufshci//virtualtlcbuff fail
[2026-06-13T06:50:56.731Z] [ALL] 06-13 12:20:54.352  1284  1284 I thermal_repeater: [recvMdThermalInfo] ret=33, strLen=127,  4, 45, -50, -28457, 32767, 14084
[2026-06-13T06:50:56.778Z] [ALL] 06-13 12:20:54.373  7392  7421 I appium  : channel read: POST /session/5aec8cc7-6284-45d2-96ae-ee164da74bb0/element
[2026-06-13T06:50:56.778Z] [ALL] 06-13 12:20:54.374  7392  7421 I appium  : FindElement command
[2026-06-13T06:50:56.809Z] [ALL] 06-13 12:20:54.377  7392  7421 I appium  : method: 'xpath', selector: '//*[@resource-id="demo_guest_login_btn" or @content-desc="demo_guest_login_btn" or contains(@text, "Demo Mode") or contains(@text, "Offline Demo")]'
[2026-06-13T06:50:56.809Z] [ALL] 06-13 12:20:54.377  7392  7421 I appium  : Waiting up to 10000ms for the device to idle
[2026-06-13T06:50:56.809Z] [ALL] 06-13 12:20:54.382  7392  7421 I appium  : The following attributes will be included to the page source: [text, content-desc, resource-id]
[2026-06-13T06:50:56.970Z] [ALL] 06-13 12:20:54.568  1695  2752 I OplusHansManager : uid=10349, pkg=io.appium.uiautomator2.server can transition from M to F
[2026-06-13T06:50:57.003Z] [ALL] 06-13 12:20:54.568  1695  2752 I OplusHansManager : uid=10349, pkg=io.appium.uiautomator2.server F enter(), M stay=1
[2026-06-13T06:50:57.003Z] [ALL] 06-13 12:20:54.572  1695  2752 I OplusHansManager : freeze uid: 10349 io.appium.uiautomator2.server pids: [7392] scene: LcdOn
[2026-06-13T06:50:57.003Z] [ALL] 06-13 12:20:54.573  7763 13029 D IHansComunication: HansComunication::addUid-- 10349, persistent--0
[2026-06-13T06:50:57.003Z] [ALL] 06-13 12:20:54.573  7763 13029 D IHansComunication: HANS sendMessageToKernel: threadId = 536992353456, netLinkSetup = 1, type = PKG, targetUid = 10349, pkgCmd = ADD_ONE_UID
[2026-06-13T06:50:57.975Z] [ALL] 06-13 12:20:55.574  7763 13029 D IHansComunication: HANS sendMessageToKernel: threadId = 536992353456, netLinkSetup = 1, type = FROZEN_TRANS, targetUid = 10349, pkgCmd = PKG_CMD_MAX
[2026-06-13T06:50:58.045Z] [ALL] 06-13 12:20:55.586 22664  6569 I NearbyMediums: This GATT advertisement BleAdvertisement { version=2, socketVersion=2, isFast=true, serviceIdHash=null, data=[ 0x23 0x53 0x45 0x37 0x5a 0x11 0x32 0x7b 0x52 0x33 0x59 0x04 0x4a 0x4b 0x7d 0x49 0x92 0x29 0x20 0x35 0x0d 0x83 0x58 ], deviceToken=[ 0xf0 0xd2 ], rxAdvertisement=null } is a Fast Advertisement and matched UUID 0000fef3-0000-1000-8000-00805f9b34fb in fastAdvertisementServiceUuids map with serviceID NearbySharing
[2026-06-13T06:50:58.045Z] [ALL] 06-13 12:20:55.588 22664  7870 I NearbyConnections: Found BleAdvertisement [ 0x23 0x53 0x45 0x37 0x5a 0x11 0x32 0x7b 0x52 0x33 0x59 0x04 0x4a 0x4b 0x7d 0x49 0x92 0x29 0x20 0x35 0x0d 0x83 0x58 ] (with EndpointId SE7Z and EndpointInfo [ 0x32 0x7b 0x52 0x33 0x59 0x04 0x4a 0x4b 0x7d 0x49 0x92 0x29 0x20 0x35 0x0d 0x83 0x58 ])
[2026-06-13T06:50:58.045Z] [ALL] 06-13 12:20:55.592 22664  7870 I NearbyConnections: ClientProxy(135143596 0p:com.google.android.gms.nearby.sharing) reporting onEndpointFound(SE7Z)
[2026-06-13T06:50:58.045Z] [ALL] 06-13 12:20:55.593 22664  7869 I NearbySharing: NearbySharing Internal event EndpointDiscovered(endpointId=SE7Z)
[2026-06-13T06:50:58.045Z] [ALL] 06-13 12:20:55.598 22664  7870 I NearbyConnections: ClientProxy(135143596) reporting onEndpointDistanceChanged(SE7Z, UNKNOWN)
[2026-06-13T06:50:58.358Z] [ALL] 06-13 12:20:55.981   858 28068 E TetherController: property_get sys.radio.data.modem_share_flag return 0, 1!
[2026-06-13T06:50:58.520Z] [ALL] 06-13 12:20:56.084  1000  1064 D SurfaceFlinger: kickIdle 3003, 2972, 35, 0
[2026-06-13T06:50:58.520Z] [ALL] 06-13 12:20:56.085   882   882 E hwcomposer: [DRMDEV] DRM_IOCTL_MTK_KICK_IDLE failed, drm_id_crtc: 64, error: -1  
[2026-06-13T06:50:58.554Z] [ALL] 06-13 12:20:56.129   858 28068 E netd    : dispachCmd:oplusGetRtt
[2026-06-13T06:50:58.596Z] [ALL] 06-13 12:20:56.129   858 28068 E netd    : handleGetRttCmd: netId = 204, uid = 10355
[2026-06-13T06:50:58.596Z] [ALL] 06-13 12:20:56.132   858 28068 E netd    : dispachCmd cmd:oplusGetRtt  result:0
[2026-06-13T06:50:58.596Z] [ALL] 06-13 12:20:56.132   858 28068 E netd    : dispachCmd:oplusGetRtt
[2026-06-13T06:50:58.596Z] [ALL] 06-13 12:20:56.132   858 28068 E netd    : handleGetRttCmd: netId = 206, uid = 10355
[2026-06-13T06:50:58.596Z] [ALL] 06-13 12:20:56.135   858 28068 E netd    : dispachCmd cmd:oplusGetRtt  result:0
[2026-06-13T06:50:58.596Z] [ALL] 06-13 12:20:56.138  1695  2144 D OplusWifiConnect2: clientModeManager == null, getOplusSta2ConnectionInfo null
[2026-06-13T06:50:58.596Z] [ALL] 06-13 12:20:56.139  1695  2148 D WN_S    : isCellQualityGood is false, curscore =85, no need to switch lte
[2026-06-13T06:50:58.641Z] [ALL] 06-13 12:20:56.204  1695  1711 W System  : A resource failed to call release. 
[2026-06-13T06:50:58.641Z] [ALL] 06-13 12:20:56.204  1695  1711 W System  : A resource failed to call release. 
[2026-06-13T06:50:58.673Z] [ALL] 06-13 12:20:56.204  1695  1711 W System  : A resource failed to call release. 
[2026-06-13T06:50:58.673Z] [ALL] 06-13 12:20:56.204  1695  1711 W System  : A resource failed to call release. 
[2026-06-13T06:50:58.673Z] [ALL] 06-13 12:20:56.204  1695  1711 W System  : A resource failed to call release. 
[2026-06-13T06:50:58.673Z] [ALL] 06-13 12:20:56.204  1695  1711 W System  : A resource failed to call release. 
[2026-06-13T06:50:58.673Z] [ALL] 06-13 12:20:56.204  1695  1711 W System  : A resource failed to call release. 
[2026-06-13T06:50:58.673Z] [ALL] 06-13 12:20:56.205  1695  1711 W System  : A resource failed to call release. 
[2026-06-13T06:50:58.673Z] [ALL] 06-13 12:20:56.212  1695  1711 W System  : A resource failed to call release. 
[2026-06-13T06:50:58.673Z] [ALL] 06-13 12:20:56.212  1695  1711 W System  : A resource failed to call release. 
[2026-06-13T06:50:58.673Z] [ALL] 06-13 12:20:56.212  1695  1711 W System  : A resource failed to call release. 
[2026-06-13T06:50:58.673Z] [ALL] 06-13 12:20:56.212  1695  1711 W System  : A resource failed to call release. 
[2026-06-13T06:50:58.673Z] [ALL] 06-13 12:20:56.213  1695  1711 W System  : A resource failed to call release. 
[2026-06-13T06:50:58.673Z] [ALL] 06-13 12:20:56.213  1695  1711 W System  : A resource failed to call release. 
[2026-06-13T06:50:58.673Z] [ALL] 06-13 12:20:56.213  1695  1711 W System  : A resource failed to call release. 
[2026-06-13T06:50:58.673Z] [ALL] 06-13 12:20:56.214  1695  1711 W System  : A resource failed to call release. 
[2026-06-13T06:50:58.673Z] [ALL] 06-13 12:20:56.214  1695  1711 W System  : A resource failed to call release. 
[2026-06-13T06:50:58.673Z] [ALL] 06-13 12:20:56.214  1695  1711 W System  : A resource failed to call release. 
[2026-06-13T06:50:58.673Z] [ALL] 06-13 12:20:56.214  1695  1711 W System  : A resource failed to call release. 
[2026-06-13T06:50:58.673Z] [ALL] 06-13 12:20:56.214  1695  1711 W System  : A resource failed to call release. 
[2026-06-13T06:50:58.673Z] [ALL] 06-13 12:20:56.215  1695  1711 W System  : A resource failed to call release. 
[2026-06-13T06:50:58.673Z] [ALL] 06-13 12:20:56.215  1695  1711 W System  : A resource failed to call release. 
[2026-06-13T06:50:58.673Z] [ALL] 06-13 12:20:56.215  1695  1711 W System  : A resource failed to call release. 
[2026-06-13T06:50:58.673Z] [ALL] 06-13 12:20:56.215  1695  1711 W System  : A resource failed to call release. 
[2026-06-13T06:50:59.040Z] [ALL] 06-13 12:20:56.636   934   934 D vendor.oplus.hardware.charger@1.0-service: getPsyUsbType type: USB, ret_value = 3
[2026-06-13T06:50:59.040Z] [ALL] 06-13 12:20:56.636   934   934 D vendor.oplus.hardware.charger@1.0-service: getPsyUsbType type: USB is usb charging.
[2026-06-13T06:50:59.100Z] [ALL] 06-13 12:20:56.651   934   934 D vendor.oplus.hardware.charger@1.0-service: getPsyUsbType type: USB, ret_value = 3
[2026-06-13T06:50:59.100Z] [ALL] 06-13 12:20:56.651   934   934 D vendor.oplus.hardware.charger@1.0-service: getPsyUsbType type: USB is usb charging.
[2026-06-13T06:50:59.128Z] [ALL] 06-13 12:20:56.725 13755 13755 D BoundBrokerSvc: onUnbind: Intent { act=com.google.android.gms.onboardingconsent.api.ConsentManagerApiService.START dat=chimera-action:/... cmp=com.google.android.gms/.chimera.GmsApiService }
[2026-06-13T06:50:59.168Z] [ALL] 06-13 12:20:56.760  7763  7793 E IHansComunication: HANS printMessageBody: RCV message: type = 0,port = 86870,caller_pid = 1129,caller_uid = 1047,target_pid = 6639,target_uid = 10354,pkg_cmd = -1,rpc = android.hardware.ICameraServiceListener/5
[2026-06-13T06:50:59.196Z] [ALL] 06-13 12:20:56.762  7763  7793 E IHansComunication: HANS printMessageBody: RCV message: type = 0,port = 86870,caller_pid = 1129,caller_uid = 1047,target_pid = 6639,target_uid = 10354,pkg_cmd = -1,rpc = android.hardware.ICameraServiceListener/5
[2026-06-13T06:50:59.196Z] [ALL] 06-13 12:20:56.768  1695  2771 I OplusHansManager : unfreeze uid: 10354 com.myntra.android pids: [6639, 6801] reason: AsyncBinder scene: LcdOn
[2026-06-13T06:50:59.196Z] [ALL] 06-13 12:20:56.769  1695  2752 I OplusHansManager : uid=10354, pkg=com.myntra.android, transition from F to Middle, reason=AsyncBinder
[2026-06-13T06:50:59.196Z] [ALL] 06-13 12:20:56.770  1695  2752 I OplusHansManager : uid=10354, pkg=com.myntra.android F exit(), F stay=6, reason=AsyncBinder
[2026-06-13T06:50:59.196Z] [ALL] 06-13 12:20:56.772  1695  2771 I OplusHansManager : forceUnfreezeByPid pid= 6639 reason= unfreezeForKernel: AsyncBinder
[2026-06-13T06:50:59.471Z] [ALL] 06-13 12:20:57.092   891   978 W AString : ctor got NULL, using empty string instead
[2026-06-13T06:50:59.531Z] [ALL] 06-13 12:20:57.093   891   978 I sensors-hal-SensorSavedChannel: [8754,-27209,4359]==>gyro_bias.json
[2026-06-13T06:50:59.892Z] [ALL] 06-13 12:20:57.508 22664  7869 I NearbyConnections: Found BleAdvertisement [ 0x23 0x46 0x41 0x55 0x44 0x11 0x16 0xea 0x4d 0x1e 0x41 0xfc 0x1f 0x24 0xd6 0x55 0xc3 0x60 0xf0 0x08 0xfa 0xec 0x94 ] (with EndpointId FAUD and EndpointInfo [ 0x16 0xea 0x4d 0x1e 0x41 0xfc 0x1f 0x24 0xd6 0x55 0xc3 0x60 0xf0 0x08 0xfa 0xec 0x94 ])
[2026-06-13T06:50:59.958Z] [ALL] 06-13 12:20:57.510 22664  7869 I NearbyConnections: ClientProxy(135143596 0p:com.google.android.gms.nearby.sharing) reporting onEndpointFound(FAUD)
[2026-06-13T06:51:00.012Z] [ALL] 06-13 12:20:57.511 22664  7869 I NearbyConnections: ClientProxy(135143596) reporting onEndpointDistanceChanged(FAUD, UNKNOWN)
[2026-06-13T06:51:00.012Z] [ALL] 06-13 12:20:57.511 22664  6578 I NearbySharing: NearbySharing Internal event EndpointDiscovered(endpointId=FAUD)
[2026-06-13T06:51:00.012Z] [ALL] 06-13 12:20:57.540  1695  2249 D OplusNecService: updateOrgDnsEvent: latencyMs = 15942
[2026-06-13T06:51:00.012Z] [ALL] 06-13 12:20:57.540  2782  9792 D NetworkEvent: OplusNetworkEventCbProxy invoke.....onDnsEvent argslen:8
[2026-06-13T06:51:00.057Z] [ALL] 06-13 12:20:57.628  2676 12019 E OplusNetworkStackManager: callback len = 1
[2026-06-13T06:51:00.057Z] [ALL] 06-13 12:20:57.629  2744  4346 E OplusNetworkStackManager: callback len = 1
[2026-06-13T06:51:00.057Z] [ALL] 06-13 12:20:57.629  2782  9792 E OplusNetworkStackManager: callback len = 2
[2026-06-13T06:51:00.057Z] [ALL] 06-13 12:20:57.630  1695  4615 E OplusNetworkStackManager: callback len = 6
[2026-06-13T06:51:00.057Z] [ALL] 06-13 12:20:57.630  1695  4615 D OLK     : INetworkScoreCallback() networkId: 204 better = false, score = 88888
[2026-06-13T06:51:00.653Z] [ALL] 06-13 12:20:58.186  1000  1064 D SurfaceFlinger: kickIdle 2101, 2016, 35, 0
[2026-06-13T06:51:00.653Z] [ALL] 06-13 12:20:58.187   882   882 E hwcomposer: [DRMDEV] DRM_IOCTL_MTK_KICK_IDLE failed, drm_id_crtc: 64, error: -1  
[2026-06-13T06:51:00.677Z] [ALL] 06-13 12:20:58.280  1695  2752 I OplusHansManager : uid=10354, pkg=com.myntra.android can transition from M to F
[2026-06-13T06:51:00.677Z] [ALL] 06-13 12:20:58.280  1695  2752 I OplusHansManager : uid=10354, pkg=com.myntra.android F enter(), M stay=1
[2026-06-13T06:51:00.722Z] [ALL] 06-13 12:20:58.292  1695  2752 I OplusHansManager : freeze uid: 10354 com.myntra.android pids: [6639, 6801] IsolatedUid: [99213] scene: LcdOn
[2026-06-13T06:51:00.722Z] [ALL] 06-13 12:20:58.293  7763 13029 D IHansComunication: HansComunication::addUid-- 10354, persistent--0
[2026-06-13T06:51:00.722Z] [ALL] 06-13 12:20:58.294  7763 13029 D IHansComunication: HANS sendMessageToKernel: threadId = 536992353456, netLinkSetup = 1, type = PKG, targetUid = 10354, pkgCmd = ADD_ONE_UID
[2026-06-13T06:51:01.203Z] [ALL] 06-13 12:20:58.825   934   934 D vendor.oplus.hardware.charger@1.0-service: getChargerControl:
[2026-06-13T06:51:01.215Z] [ALL] 06-13 12:20:58.829   924   930 E PerformanceService: storage_feature: open /sys/devices/platform/soc/112b0000.ufshci//virtualtlcbuff fail
[2026-06-13T06:51:01.416Z] [ALL] 06-13 12:20:59.032  1011  1028 D ccci_mdinit: (1):monitor_time_update_thread round:16611 ########
[2026-06-13T06:51:01.557Z] [ALL] 06-13 12:20:59.175   858 28068 E netd    : dispachCmd:oplusGetRtt
[2026-06-13T06:51:01.561Z] [ALL] 06-13 12:20:59.175   858 28068 E netd    : handleGetRttCmd: netId = 204, uid = 10355
[2026-06-13T06:51:01.561Z] [ALL] 06-13 12:20:59.179   858 28068 E netd    : dispachCmd cmd:oplusGetRtt  result:0
[2026-06-13T06:51:01.561Z] [ALL] 06-13 12:20:59.179   858  5601 E netd    : dispachCmd:oplusGetRtt
[2026-06-13T06:51:01.561Z] [ALL] 06-13 12:20:59.180   858  5601 E netd    : handleGetRttCmd: netId = 206, uid = 10355
[2026-06-13T06:51:01.561Z] [ALL] 06-13 12:20:59.183   858  5601 E netd    : dispachCmd cmd:oplusGetRtt  result:0
[2026-06-13T06:51:01.561Z] [ALL] 06-13 12:20:59.186  1695  2144 D OplusWifiConnect2: clientModeManager == null, getOplusSta2ConnectionInfo null
[2026-06-13T06:51:01.561Z] [ALL] 06-13 12:20:59.186  1695  2148 D WN_S    : isCellQualityGood is false, curscore =84, no need to switch lte
[2026-06-13T06:51:01.679Z] [ALL] 06-13 12:20:59.296  7763 13029 D IHansComunication: HANS sendMessageToKernel: threadId = 536992353456, netLinkSetup = 1, type = FROZEN_TRANS, targetUid = 10354, pkgCmd = PKG_CMD_MAX
[2026-06-13T06:51:01.718Z] [ALL] 06-13 12:20:59.342 22664  7870 I NearbyConnections: Found BleAdvertisement [ 0x23 0x57 0x44 0x4f 0x32 0x11 0x16 0x2c 0xdd 0x5b 0x0b 0xea 0xcb 0x3a 0x55 0x2d 0x8e 0xa6 0x25 0xa8 0x20 0x8a 0xcf ] (with EndpointId WDO2 and EndpointInfo [ 0x16 0x2c 0xdd 0x5b 0x0b 0xea 0xcb 0x3a 0x55 0x2d 0x8e 0xa6 0x25 0xa8 0x20 0x8a 0xcf ])
[2026-06-13T06:51:01.756Z] [ALL] 06-13 12:20:59.352 22664  7870 I NearbyConnections: ClientProxy(135143596 0p:com.google.android.gms.nearby.sharing) reporting onEndpointFound(WDO2)
[2026-06-13T06:51:01.757Z] [ALL] 06-13 12:20:59.353 22664  7870 I NearbyConnections: ClientProxy(135143596) reporting onEndpointDistanceChanged(WDO2, UNKNOWN)
[2026-06-13T06:51:01.757Z] [ALL] 06-13 12:20:59.355 22664  7870 I NearbySharing: NearbySharing Internal event EndpointDiscovered(endpointId=WDO2)
[2026-06-13T06:51:02.183Z] [ALL] 06-13 12:20:59.803  2744  2744 D OplusTelephonyController: onSignalStrengthChanged: SignalStrength=SignalStrength:{mCdma=CellSignalStrengthCdma: cdmaDbm=2147483647 cdmaEcio=2147483647 evdoDbm=2147483647 evdoEcio=2147483647 evdoSnr=2147483647 level=0,mGsm=CellSignalStrengthGsm: rssi=2147483647 ber=2147483647 mTa=2147483647 mLevel=0,mWcdma=CellSignalStrengthWcdma: ss=2147483647 ber=2147483647 rscp=2147483647 ecno=2147483647 level=0,mTdscdma=CellSignalStrengthTdscdma: rssi=2147483647 ber=2147483647 rscp=2147483647 level=0,mLte=CellSignalStrengthLte: rssi=2147483647 rsrp=2147483647 rsrq=2147483647 rssnr=2147483647 cqiTableIndex=2147483647 cqi=2147483647 ta=2147483647 level=0 parametersUseForLevel=0,mNr=CellSignalStrengthNr:{ csiRsrp = 2147483647 csiRsrq = 2147483647 csiCqiTableIndex = 2147483647 csiCqiReport = [] ssRsrp = -82 ssRsrq = -3 ssSinr = 20 level = 2 parametersUseForLevel = 0 },primary=CellSignalStrengthNr}, phoneId=0, mMtkLevel=0, mMtkRsrpOnly=false, mMtkLteRsrpThreshold=null, mMtkLteRssnrThreshold=null
[2026-06-13T06:51:02.240Z] [ALL] 06-13 12:20:59.839  1000  1064 D SurfaceFlinger: kickIdle 1653, 1624, 35, 0
[2026-06-13T06:51:02.278Z] [ALL] 06-13 12:20:59.840   882   882 E hwcomposer: [DRMDEV] DRM_IOCTL_MTK_KICK_IDLE failed, drm_id_crtc: 64, error: -1  
[2026-06-13T06:51:02.391Z] [ALL] 06-13 12:21:00.009  4650  5142 D PhoneUsageTime: affairType:231
[2026-06-13T06:51:02.391Z] [ALL] 06-13 12:21:00.012  7763  7793 E IHansComunication: HANS printMessageBody: RCV message: type = 0,port = 86870,caller_pid = 1695,caller_uid = 1000,target_pid = 7392,target_uid = 10349,pkg_cmd = -1,rpc = android.accessibilityservice.IAccessibilityServiceClient/2
[2026-06-13T06:51:02.437Z] [ALL] 06-13 12:21:00.015  1695  2771 I OplusHansManager : unfreeze uid: 10349 io.appium.uiautomator2.server pids: [7392] reason: AsyncBinder scene: LcdOn
[2026-06-13T06:51:02.437Z] [ALL] 06-13 12:21:00.016  1695  2752 I OplusHansManager : uid=10349, pkg=io.appium.uiautomator2.server, transition from F to Middle, reason=AsyncBinder
[2026-06-13T06:51:02.437Z] [ALL] 06-13 12:21:00.016  1695  2752 I OplusHansManager : uid=10349, pkg=io.appium.uiautomator2.server F exit(), F stay=5, reason=AsyncBinder
[2026-06-13T06:51:02.437Z] [ALL] 06-13 12:21:00.018  4650  5142 D PhoneScreenOnTime: affairType:231
[2026-06-13T06:51:02.476Z] [ALL] 06-13 12:21:00.032  1000  1064 D SurfaceFlinger: kickIdle 193, 167, 35, 0
[2026-06-13T06:51:02.476Z] [ALL] 06-13 12:21:00.032   882   882 E hwcomposer: [DRMDEV] DRM_IOCTL_MTK_KICK_IDLE failed, drm_id_crtc: 64, error: -1  
[2026-06-13T06:51:02.510Z] [ALL] 06-13 12:21:00.053  7763  7793 E IHansComunication: HANS printMessageBody: RCV message: type = 0,port = 86870,caller_pid = 1129,caller_uid = 1047,target_pid = 6639,target_uid = 10354,pkg_cmd = -1,rpc = android.hardware.ICameraServiceListener/5
[2026-06-13T06:51:02.510Z] [ALL] 06-13 12:21:00.058  1695  2771 I OplusHansManager : unfreeze uid: 10354 com.myntra.android pids: [6639, 6801] reason: AsyncBinder scene: LcdOn
[2026-06-13T06:51:02.510Z] [ALL] 06-13 12:21:00.058  1695  2752 I OplusHansManager : uid=10354, pkg=com.myntra.android, transition from F to Middle, reason=AsyncBinder
[2026-06-13T06:51:02.510Z] [ALL] 06-13 12:21:00.058  1695  2752 I OplusHansManager : uid=10354, pkg=com.myntra.android F exit(), F stay=1, reason=AsyncBinder
[2026-06-13T06:51:02.510Z] [ALL] 06-13 12:21:00.062 31481 31810 I Process : Sending signal. PID: 31481 SIG: 9
[2026-06-13T06:51:02.510Z] [ALL] 06-13 12:21:00.074  2376  2376 D SingleClockView: updateTime,  24hfmt=true, h=12, m=21
[2026-06-13T06:51:02.510Z] [ALL] 06-13 12:21:00.081  1695  4614 E OplusCustomizeRestrictionManagerService: isBiometricDisabled start
[2026-06-13T06:51:02.510Z] [ALL] 06-13 12:21:00.081  1695  1714 E OplusCustomizeRestrictionManagerService: isBiometricDisabled start
[2026-06-13T06:51:02.510Z] [ALL] 06-13 12:21:00.089   859   859 I Zygote  : Process 31481 exited due to signal 9 (Killed)
[2026-06-13T06:51:02.510Z] [ALL] 06-13 12:21:00.093  1695  6125 W Process : Unable to open /proc/31481/status
[2026-06-13T06:51:02.510Z] [ALL] 06-13 12:21:00.093  1695  6125 I ActivityManager: Process com.oplus.sau (pid 31481) has died: svcb SVC 
[2026-06-13T06:51:02.510Z] [ALL] 06-13 12:21:00.094  1695  1769 I libprocessgroup: Successfully killed process cgroup uid 1000 pid 31481 in 0ms
[2026-06-13T06:51:02.510Z] [ALL] 06-13 12:21:00.095  5147  5228 V DeepThinker: ProcessManager: onProcessDied pid:31481, uid:1000
[2026-06-13T06:51:02.510Z] [ALL] 06-13 12:21:00.096  1695  6125 D OplusUIFirst_FB: com.oplus.sau remove pid: 31481
[2026-06-13T06:51:02.510Z] [ALL] 06-13 12:21:00.097  1695  6125 I mtkpower_client: [Legacy][PowerHal_Wrap_notifyAppState] com.oplus.sau/com.oplus.sau pid=31481 state:3
[2026-06-13T06:51:02.510Z] [ALL] 06-13 12:21:00.097  1695  6125 I game_scn: collectForegroundAppList packName=com.oplus.sau, actName=com.oplus.sau, pid=31481, uid=1000, state:DEAD
[2026-06-13T06:51:02.510Z] [ALL] 06-13 12:21:00.099   901   965 D RilUtility: notify_rild_crash_pid_set certPid:-1, crash:31481, scn:0x0
[2026-06-13T06:51:02.510Z] [ALL] 06-13 12:21:00.100  1695  2380 I WallpaperManagerServiceExt: getFoldWallpaperInfo user=0 which=32 phyDisplay=1
[2026-06-13T06:51:02.510Z] [ALL] 06-13 12:21:00.100  1695  2380 I WallpaperManagerServiceExt: getFoldWallpaperInfo user=0 which=16 phyDisplay=1
[2026-06-13T06:51:02.579Z] [ALL] 06-13 12:21:00.205  7392  7421 I appium  : Took 0ms to retrieve 0 matches for '//*[@resource-id="demo_guest_login_btn" or @content-desc="demo_guest_login_btn" or contains(@text, "Demo Mode") or contains(@text, "Offline Demo")]' XPath2 query
[2026-06-13T06:51:02.644Z] [ALL] 06-13 12:21:00.210  7392  7421 I appium  : AppiumResponse: {"sessionId":"5aec8cc7-6284-45d2-96ae-ee164da74bb0","value":{"error":"no such element","message":"An element could not be located on the page using the given search parameters","stacktrace":"io.appium.uiautomator2.common.exceptions.ElementNotFoundException: An element could not be located on the page using the given search parameters\n\tat io.appium.uiautomator2.utils.ElementLocationHelpers.findElement(ElementLocationHelpers.java:153)\n\tat io.appium.uiautomator2.handler.FindElement.safeHandle(FindElement.java:60)\n\tat io.appium.uiautomator2.handler.request.SafeRequestHandler.handle(SafeRequestHandler.java:59)\n\tat io.appium.uiautomator2.server.AppiumServlet.handleRequest(AppiumServlet.java:267)\n\tat io.appium.uiautomator2.server.AppiumServlet.handleHttpRequest(AppiumServlet.java:261)\n\tat io.appium.uiautomator2.http.ServerHandler.channelRead(ServerHandler.java:77)\n\tat io.netty.channel.AbstractChannelHandlerContext.fireChannelRead(AbstractChannelHandlerContext.java:357)\n\tat io.netty.handler.codec.MessageToMessageDecoder.channelRead(MessageToMessageDecoder.java:107)\n\tat io.netty.channel.AbstractChannelHandlerContext.fireChannelRead(AbstractChannelHandlerContext.java:357)\n\tat io.netty.channel.CombinedChannelDuplexHandler$DelegatingChannelHandlerContext.fireChannelRead(CombinedChannelDuplexHandler.java:434)\n\tat io.netty.handler.codec.ByteToMessageDecoder.fireChannelRead(ByteToMessageDecoder.java:361)\n\tat io.netty.handler.codec.ByteToMessageDecoder.channelRead(ByteToMessageDecoder.java:325)\n\tat io.netty.channel.CombinedChannelDuplexHandler.channelRead(CombinedChannelDuplexHandler.java:249)\n\tat io.netty.channel.AbstractChannelHandlerContext.fireChannelRead(AbstractChannelHandlerContext.java:355)\n\tat io.netty.handler.timeout.IdleStateHandler.channelRead(IdleStateHandler.java:288)\n\tat io.netty.channel.AbstractChannelHandlerContext.fireChannelRead(AbstractChannelHandlerContext.java:355)\n\tat io.netty.channel.DefaultChannelPipeline$HeadContext.channelRead(DefaultChannelPipeline.java:1429)\n\tat io.netty.channel.DefaultChannelPipeline.fireChannelRead(DefaultChannelPipeline.java:918)\n\tat io.netty.channel.nio.AbstractNioByteChannel$NioByteUnsafe.read(AbstractNioByteChannel.java:176)\n\tat io.netty.channel.nio.AbstractNioChannel$AbstractNioUnsafe.handle(AbstractNioChannel.java:445)\n\tat io.netty.channel.nio.NioIoHandler$DefaultNioRegistration.handle(NioIoHandler.java:388)\n\tat io.netty.channel.nio.NioIoHandler.processSelectedKey(NioIoHandler.java:596)\n\tat io.netty.channel.nio.NioIoHandler.processSelectedKeysOptimized(NioIoHandler.java:571)\n\tat io.netty.channel.nio.NioIoHandler.processSelectedKeys(NioIoHandler.java:512)\n\tat io.netty.channel.nio.NioIoHandler.run(NioIoHandler.java:484)\n\tat io.netty.channel.SingleThreadIoEventLoop.runIo(SingleThreadIoEventLoop.java:225)\n\tat io.netty.channel.SingleThreadIoEventLoop.run(SingleThreadIoEventLoop.java:196)\n\tat io.netty.util.concurrent.SingleThreadEventExecutor$5.run(SingleThreadEventExecutor.java:1195)\n\tat io.netty.util.internal.ThreadExecutorMap$2.run(ThreadExecutorMap.java:74)\n\tat io.netty.util.concurrent.FastThreadLocalRunnable.run(FastThreadLocalRunnable.java:30)\n\tat java.lang.Thread.run(Thread.java:1572)\n"}}
[2026-06-13T06:51:02.658Z] [ALL] 06-13 12:21:00.262  7392  7421 I appium  : channel read: POST /session/5aec8cc7-6284-45d2-96ae-ee164da74bb0/element
[2026-06-13T06:51:02.658Z] [ALL] 06-13 12:21:00.263  7392  7421 I appium  : FindElement command
[2026-06-13T06:51:02.712Z] [ALL] 06-13 12:21:00.266  7392  7421 I appium  : method: 'xpath', selector: '//*[@resource-id="demo_guest_login_btn" or @content-desc="demo_guest_login_btn" or contains(@text, "Demo Mode") or contains(@text, "Offline Demo")]'
[2026-06-13T06:51:02.727Z] [ALL] 06-13 12:21:00.266  7392  7421 I appium  : Waiting up to 10000ms for the device to idle
[2026-06-13T06:51:03.003Z] [ALL] 06-13 12:21:00.614  7392  7421 I appium  : The following attributes will be included to the page source: [text, content-desc, resource-id]
[2026-06-13T06:51:03.374Z] [ALL] 06-13 12:21:00.990  7392  7421 I appium  : Took 0ms to retrieve 0 matches for '//*[@resource-id="demo_guest_login_btn" or @content-desc="demo_guest_login_btn" or contains(@text, "Demo Mode") or contains(@text, "Offline Demo")]' XPath2 query
[2026-06-13T06:51:03.386Z] [ALL] 06-13 12:21:00.993  7392  7421 I appium  : AppiumResponse: {"sessionId":"5aec8cc7-6284-45d2-96ae-ee164da74bb0","value":{"error":"no such element","message":"An element could not be located on the page using the given search parameters","stacktrace":"io.appium.uiautomator2.common.exceptions.ElementNotFoundException: An element could not be located on the page using the given search parameters\n\tat io.appium.uiautomator2.utils.ElementLocationHelpers.findElement(ElementLocationHelpers.java:153)\n\tat io.appium.uiautomator2.handler.FindElement.safeHandle(FindElement.java:60)\n\tat io.appium.uiautomator2.handler.request.SafeRequestHandler.handle(SafeRequestHandler.java:59)\n\tat io.appium.uiautomator2.server.AppiumServlet.handleRequest(AppiumServlet.java:267)\n\tat io.appium.uiautomator2.server.AppiumServlet.handleHttpRequest(AppiumServlet.java:261)\n\tat io.appium.uiautomator2.http.ServerHandler.channelRead(ServerHandler.java:77)\n\tat io.netty.channel.AbstractChannelHandlerContext.fireChannelRead(AbstractChannelHandlerContext.java:357)\n\tat io.netty.handler.codec.MessageToMessageDecoder.channelRead(MessageToMessageDecoder.java:107)\n\tat io.netty.channel.AbstractChannelHandlerContext.fireChannelRead(AbstractChannelHandlerContext.java:357)\n\tat io.netty.channel.CombinedChannelDuplexHandler$DelegatingChannelHandlerContext.fireChannelRead(CombinedChannelDuplexHandler.java:434)\n\tat io.netty.handler.codec.ByteToMessageDecoder.fireChannelRead(ByteToMessageDecoder.java:361)\n\tat io.netty.handler.codec.ByteToMessageDecoder.channelRead(ByteToMessageDecoder.java:325)\n\tat io.netty.channel.CombinedChannelDuplexHandler.channelRead(CombinedChannelDuplexHandler.java:249)\n\tat io.netty.channel.AbstractChannelHandlerContext.fireChannelRead(AbstractChannelHandlerContext.java:355)\n\tat io.netty.handler.timeout.IdleStateHandler.channelRead(IdleStateHandler.java:288)\n\tat io.netty.channel.AbstractChannelHandlerContext.fireChannelRead(AbstractChannelHandlerContext.java:355)\n\tat io.netty.channel.DefaultChannelPipeline$HeadContext.channelRead(DefaultChannelPipeline.java:1429)\n\tat io.netty.channel.DefaultChannelPipeline.fireChannelRead(DefaultChannelPipeline.java:918)\n\tat io.netty.channel.nio.AbstractNioByteChannel$NioByteUnsafe.read(AbstractNioByteChannel.java:176)\n\tat io.netty.channel.nio.AbstractNioChannel$AbstractNioUnsafe.handle(AbstractNioChannel.java:445)\n\tat io.netty.channel.nio.NioIoHandler$DefaultNioRegistration.handle(NioIoHandler.java:388)\n\tat io.netty.channel.nio.NioIoHandler.processSelectedKey(NioIoHandler.java:596)\n\tat io.netty.channel.nio.NioIoHandler.processSelectedKeysOptimized(NioIoHandler.java:571)\n\tat io.netty.channel.nio.NioIoHandler.processSelectedKeys(NioIoHandler.java:512)\n\tat io.netty.channel.nio.NioIoHandler.run(NioIoHandler.java:484)\n\tat io.netty.channel.SingleThreadIoEventLoop.runIo(SingleThreadIoEventLoop.java:225)\n\tat io.netty.channel.SingleThreadIoEventLoop.run(SingleThreadIoEventLoop.java:196)\n\tat io.netty.util.concurrent.SingleThreadEventExecutor$5.run(SingleThreadEventExecutor.java:1195)\n\tat io.netty.util.internal.ThreadExecutorMap$2.run(ThreadExecutorMap.java:74)\n\tat io.netty.util.concurrent.FastThreadLocalRunnable.run(FastThreadLocalRunnable.java:30)\n\tat java.lang.Thread.run(Thread.java:1572)\n"}}
[2026-06-13T06:51:03.453Z] [ALL] 06-13 12:21:01.013   858  5601 E TetherController: property_get sys.radio.data.modem_share_flag return 0, 1!
[2026-06-13T06:51:03.966Z] [ALL] 06-13 12:21:01.524  1695  2752 I OplusHansManager : uid=10349, pkg=io.appium.uiautomator2.server can transition from M to F
[2026-06-13T06:51:04.015Z] [ALL] 06-13 12:21:01.524  1695  2752 I OplusHansManager : uid=10349, pkg=io.appium.uiautomator2.server F enter(), M stay=1
[2026-06-13T06:51:04.015Z] [ALL] 06-13 12:21:01.525  1695  2752 I OplusHansManager : freeze uid: 10349 io.appium.uiautomator2.server pids: [7392] scene: LcdOn
[2026-06-13T06:51:04.015Z] [ALL] 06-13 12:21:01.526  7763 13029 D IHansComunication: HansComunication::addUid-- 10349, persistent--0
[2026-06-13T06:51:04.015Z] [ALL] 06-13 12:21:01.527  7763 13029 D IHansComunication: HANS sendMessageToKernel: threadId = 536992353456, netLinkSetup = 1, type = PKG, targetUid = 10349, pkgCmd = ADD_ONE_UID
[2026-06-13T06:51:04.015Z] [ALL] 06-13 12:21:01.567  1695  2752 I OplusHansManager : uid=10354, pkg=com.myntra.android can transition from M to F
[2026-06-13T06:51:04.051Z] [ALL] 06-13 12:21:01.567  1695  2752 I OplusHansManager : uid=10354, pkg=com.myntra.android F enter(), M stay=1
[2026-06-13T06:51:04.051Z] [ALL] 06-13 12:21:01.580  1695  2752 I OplusHansManager : freeze uid: 10354 com.myntra.android pids: [6639, 6801] IsolatedUid: [99213] scene: LcdOn
[2026-06-13T06:51:04.051Z] [ALL] 06-13 12:21:01.581  7763 13029 D IHansComunication: HansComunication::addUid-- 10354, persistent--0
[2026-06-13T06:51:04.051Z] [ALL] 06-13 12:21:01.581  7763 13029 D IHansComunication: HANS sendMessageToKernel: threadId = 536992353456, netLinkSetup = 1, type = PKG, targetUid = 10354, pkgCmd = ADD_ONE_UID
[2026-06-13T06:51:04.228Z] [ALL] 06-13 12:21:01.763   934   934 D vendor.oplus.hardware.charger@1.0-service: getPsyUsbType type: USB, ret_value = 3
[2026-06-13T06:51:04.228Z] [ALL] 06-13 12:21:01.763   934   934 D vendor.oplus.hardware.charger@1.0-service: getPsyUsbType type: USB is usb charging.
[2026-06-13T06:51:04.306Z] [ALL] 06-13 12:21:01.775   934   934 D vendor.oplus.hardware.charger@1.0-service: getPsyUsbType type: USB, ret_value = 3
[2026-06-13T06:51:04.306Z] [ALL] 06-13 12:21:01.775   934   934 D vendor.oplus.hardware.charger@1.0-service: getPsyUsbType type: USB is usb charging.
[2026-06-13T06:51:04.613Z] [ALL] 06-13 12:21:02.231   858  5601 E netd    : dispachCmd:oplusGetRtt
[2026-06-13T06:51:04.613Z] [ALL] 06-13 12:21:02.231   858  5601 E netd    : handleGetRttCmd: netId = 204, uid = 10355
[2026-06-13T06:51:04.663Z] [ALL] 06-13 12:21:02.235   858  5601 E netd    : dispachCmd cmd:oplusGetRtt  result:0
[2026-06-13T06:51:04.663Z] [ALL] 06-13 12:21:02.236   858 28068 E netd    : dispachCmd:oplusGetRtt
[2026-06-13T06:51:04.663Z] [ALL] 06-13 12:21:02.236   858 28068 E netd    : handleGetRttCmd: netId = 206, uid = 10355
[2026-06-13T06:51:04.663Z] [ALL] 06-13 12:21:02.239   858 28068 E netd    : dispachCmd cmd:oplusGetRtt  result:0
[2026-06-13T06:51:04.663Z] [ALL] 06-13 12:21:02.241  1695  2144 D OplusWifiConnect2: clientModeManager == null, getOplusSta2ConnectionInfo null
[2026-06-13T06:51:04.663Z] [ALL] 06-13 12:21:02.242  1695  2148 D WN_S    : isCellQualityGood is false, curscore =89, no need to switch lte
[2026-06-13T06:51:04.908Z] [ALL] 06-13 12:21:02.530  7763 13029 D IHansComunication: HANS sendMessageToKernel: threadId = 536992353456, netLinkSetup = 1, type = FROZEN_TRANS, targetUid = 10349, pkgCmd = PKG_CMD_MAX
[2026-06-13T06:51:04.960Z] [ALL] 06-13 12:21:02.581  7763 13029 D IHansComunication: HANS sendMessageToKernel: threadId = 536992353456, netLinkSetup = 1, type = FROZEN_TRANS, targetUid = 10354, pkgCmd = PKG_CMD_MAX
[2026-06-13T06:51:05.004Z] [ALL] 06-13 12:21:02.593  1695  2258 D Osense-DecisionMaker: notifyDelayedSceneToPolicy
[2026-06-13T06:51:05.004Z] [ALL] 06-13 12:21:02.593  1695  2258 I Osense-DecisionMaker: scene: SCENE_SCREEN_STATUS, excutingPolicy: compress
[2026-06-13T06:51:05.004Z] [ALL] 06-13 12:21:02.594  1695  2258 D Osense-DecisionMaker: invoke compress policy,type: screenoff
[2026-06-13T06:51:05.004Z] [ALL] 06-13 12:21:02.601  1695  2258 E Athena  : AthenaLocalService: compressProcess, configBundle[{type=screenoff, scene=SCENE_SCREEN_STATUS, state=false, requestId=618}]
[2026-06-13T06:51:05.034Z] [ALL] 06-13 12:21:02.601  1695  2258 I Athena  : HybridSwap: oscene request: type=screenoff, id=618
[2026-06-13T06:51:05.105Z] [ALL] 06-13 12:21:02.721 22664  7870 I NearbyMediums: Found Fast Ble Advertisements :
[2026-06-13T06:51:05.105Z] [ALL] 06-13 12:21:02.721 22664  7870 I NearbyMediums: BleAdvertisement { version=2, socketVersion=2, isFast=true, serviceIdHash=null, data=[ 0x23 0x46 0x41 0x55 0x44 0x11 0x16 0xea 0x4d 0x1e 0x41 0xfc 0x1f 0x24 0xd6 0x55 0xc3 0x60 0xf0 0x08 0xfa 0xec 0x94 ], deviceToken=[ 0x43 0x9b ], rxAdvertisement=null } : 1 times.
[2026-06-13T06:51:05.105Z] [ALL] 06-13 12:21:02.721 22664  7870 I NearbyMediums: BleAdvertisement { version=2, socketVersion=2, isFast=true, serviceIdHash=null, data=[ 0x23 0x44 0x54 0x50 0x4e 0x11 0x32 0x72 0xf6 0x98 0x9c 0xea 0x7a 0x00 0x08 0xd3 0xa5 0x1d 0x60 0x54 0x6b 0x9e 0x2c ], deviceToken=[ 0x66 0xba ], rxAdvertisement=null } : 1 times.
[2026-06-13T06:51:05.105Z] [ALL] 06-13 12:21:02.721 22664  7870 I NearbyMediums: BleAdvertisement { version=2, socketVersion=2, isFast=true, serviceIdHash=null, data=[ 0x23 0x57 0x44 0x4f 0x32 0x11 0x16 0x2c 0xdd 0x5b 0x0b 0xea 0xcb 0x3a 0x55 0x2d 0x8e 0xa6 0x25 0xa8 0x20 0x8a 0xcf ], deviceToken=[ 0x9d 0x3f ], rxAdvertisement=null } : 1 times.
[2026-06-13T06:51:05.105Z] [ALL] 06-13 12:21:02.721 22664  7870 I NearbyMediums: Total 3 fast advertisements from 3 unique advertisers.
[2026-06-13T06:51:05.105Z] [ALL] 06-13 12:21:02.722 22664  7870 I NearbyMediums: Current Tracked Scanning Clients are : {NearbyConnections.EnvironmentMonitor, NearbySharing}
[2026-06-13T06:51:05.759Z] [ALL] 06-13 12:21:03.321  1000  1064 D SurfaceFlinger: kickIdle 3288, 3272, 35, 0
[2026-06-13T06:51:05.759Z] [ALL] 06-13 12:21:03.322   882   882 E hwcomposer: [DRMDEV] DRM_IOCTL_MTK_KICK_IDLE failed, drm_id_crtc: 64, error: -1  
[2026-06-13T06:51:05.850Z] [ALL] 06-13 12:21:03.444  7763  7793 E IHansComunication: HANS printMessageBody: RCV message: type = 0,port = 86870,caller_pid = 1129,caller_uid = 1047,target_pid = 6639,target_uid = 10354,pkg_cmd = -1,rpc = android.hardware.ICameraServiceListener/5
[2026-06-13T06:51:05.850Z] [ALL] 06-13 12:21:03.444  7763  7793 E IHansComunication: HANS printMessageBody: RCV message: type = 0,port = 86870,caller_pid = 1129,caller_uid = 1047,target_pid = 6639,target_uid = 10354,pkg_cmd = -1,rpc = android.hardware.ICameraServiceListener/5
[2026-06-13T06:51:05.883Z] [ALL] 06-13 12:21:03.448  1695  2771 I OplusHansManager : unfreeze uid: 10354 com.myntra.android pids: [6639, 6801] reason: AsyncBinder scene: LcdOn
[2026-06-13T06:51:05.883Z] [ALL] 06-13 12:21:03.449  1695  2752 I OplusHansManager : uid=10354, pkg=com.myntra.android, transition from F to Middle, reason=AsyncBinder
[2026-06-13T06:51:05.883Z] [ALL] 06-13 12:21:03.449  1695  2752 I OplusHansManager : uid=10354, pkg=com.myntra.android F exit(), F stay=1, reason=AsyncBinder
[2026-06-13T06:51:05.883Z] [ALL] 06-13 12:21:03.449  1695  2771 I OplusHansManager : forceUnfreezeByPid pid= 6639 reason= unfreezeForKernel: AsyncBinder
[2026-06-13T06:51:06.229Z] [ALL] 06-13 12:21:03.829   934   934 D vendor.oplus.hardware.charger@1.0-service: getChargerControl:
[2026-06-13T06:51:06.264Z] [ALL] 06-13 12:21:03.830   924   930 E PerformanceService: storage_feature: open /sys/devices/platform/soc/112b0000.ufshci//virtualtlcbuff fail
[2026-06-13T06:51:06.752Z] [ALL] 06-13 12:21:04.368  1284  1284 I thermal_repeater: [recvMdThermalInfo] ret=29, strLen=127,  4, 46, -50, -1, 32767, 14132
[2026-06-13T06:51:07.000Z] [ALL] 06-13 12:21:04.616   891   978 W AString : ctor got NULL, using empty string instead
[2026-06-13T06:51:07.027Z] [ALL] 06-13 12:21:04.616   891   978 I sensors-hal-SensorSavedChannel: [8836,-27339,4485]==>gyro_bias.json
[2026-06-13T06:51:07.340Z] [ALL] 06-13 12:21:04.959  1695  2752 I OplusHansManager : uid=10354, pkg=com.myntra.android can transition from M to F
[2026-06-13T06:51:07.340Z] [ALL] 06-13 12:21:04.960  1695  2752 I OplusHansManager : uid=10354, pkg=com.myntra.android F enter(), M stay=1
[2026-06-13T06:51:07.376Z] [ALL] 06-13 12:21:04.974  1695  2752 I OplusHansManager : freeze uid: 10354 com.myntra.android pids: [6639, 6801] IsolatedUid: [99213] scene: LcdOn
[2026-06-13T06:51:07.394Z] [ALL] 06-13 12:21:04.975  7763 13029 D IHansComunication: HansComunication::addUid-- 10354, persistent--0
[2026-06-13T06:51:07.394Z] [ALL] 06-13 12:21:04.975  7763 13029 D IHansComunication: HANS sendMessageToKernel: threadId = 536992353456, netLinkSetup = 1, type = PKG, targetUid = 10354, pkgCmd = ADD_ONE_UID
[2026-06-13T06:51:07.742Z] [ALL] 06-13 12:21:05.298   858 28068 E netd    : dispachCmd:oplusGetRtt
[2026-06-13T06:51:07.826Z] [ALL] 06-13 12:21:05.298   858 28068 E netd    : handleGetRttCmd: netId = 204, uid = 10355
[2026-06-13T06:51:07.826Z] [ALL] 06-13 12:21:05.302   858 28068 E netd    : dispachCmd cmd:oplusGetRtt  result:0
[2026-06-13T06:51:07.826Z] [ALL] 06-13 12:21:05.302   858  5601 E netd    : dispachCmd:oplusGetRtt
[2026-06-13T06:51:07.826Z] [ALL] 06-13 12:21:05.302   858  5601 E netd    : handleGetRttCmd: netId = 206, uid = 10355
[2026-06-13T06:51:07.826Z] [ALL] 06-13 12:21:05.305   858  5601 E netd    : dispachCmd cmd:oplusGetRtt  result:0
[2026-06-13T06:51:07.826Z] [ALL] 06-13 12:21:05.309  1695  2144 D OplusWifiConnect2: clientModeManager == null, getOplusSta2ConnectionInfo null
[2026-06-13T06:51:07.826Z] [ALL] 06-13 12:21:05.310  1695  2148 D WN_S    : isCellQualityGood is false, curscore =91, no need to switch lte
[2026-06-13T06:51:08.362Z] [ALL] 06-13 12:21:05.978  7763 13029 D IHansComunication: HANS sendMessageToKernel: threadId = 536992353456, netLinkSetup = 1, type = FROZEN_TRANS, targetUid = 10354, pkgCmd = PKG_CMD_MAX
[2026-06-13T06:51:08.415Z] [ALL] 06-13 12:21:06.036   858  5601 E TetherController: property_get sys.radio.data.modem_share_flag return 0, 1!
[2026-06-13T06:51:08.672Z] [ALL] 06-13 12:21:06.280  1695  4592 D UsageStatsService: User[0] type=0 b=1781333217957 e=1781333466280 cb=1781262759833 ce=1781333460809 disk=0 all=4
[2026-06-13T06:51:09.830Z] [ALL] 06-13 12:21:07.450  1695  1730 D AES     : AEEIOCTL_GET/SET_SF_STATE IOCTL,cmd= 1074294797, lParam=0. 
[2026-06-13T06:51:09.853Z] [ALL] 06-13 12:21:07.450  1695  1730 D AES     : AEEIOCTL_RT_MON_Kick IOCTL,cmd= 2147774474, lParam=300. 
[2026-06-13T06:51:10.061Z] [ALL] 06-13 12:21:07.634  2744 13686 D OplusCellularNetworkConfig: getDnsQueryPriority value=http://conn-service-in-03.allawnos.com/generate204
[2026-06-13T06:51:10.106Z] [ALL] 06-13 12:21:07.656   934   934 D vendor.oplus.hardware.charger@1.0-service: getPsyUsbType type: USB, ret_value = 3
[2026-06-13T06:51:10.106Z] [ALL] 06-13 12:21:07.656   934   934 D vendor.oplus.hardware.charger@1.0-service: getPsyUsbType type: USB is usb charging.
[2026-06-13T06:51:10.106Z] [ALL] 06-13 12:21:07.668  4598  4598 E VendorNfcService: changeNfcStateByWirelessCharge: feature WIRELESS_CHARGING = true; mIsWirelessCharging: false; mIsReverseChargingSwitchOpen: false; mNfcWorkMode: 0; isOverSeaRegion() = true
[2026-06-13T06:51:10.106Z] [ALL] 06-13 12:21:07.682  1695  1775 I OplusHansManager : unfreeze uid: 10356 com.jio.myjio pids: [12319] reason: Broadcast scene: LcdOn
[2026-06-13T06:51:10.106Z] [ALL] 06-13 12:21:07.682  4650  5142 E Battery : BatteryCardUtil: widgetCodes = null !
[2026-06-13T06:51:10.106Z] [ALL] 06-13 12:21:07.683  1695  2752 I OplusHansManager : uid=10356, pkg=com.jio.myjio, transition from F to Middle, reason=Broadcast
[2026-06-13T06:51:10.106Z] [ALL] 06-13 12:21:07.683  1695  2752 I OplusHansManager : uid=10356, pkg=com.jio.myjio F exit(), F stay=102, reason=Broadcast
[2026-06-13T06:51:10.106Z] [ALL] 06-13 12:21:07.688   934   934 D vendor.oplus.hardware.charger@1.0-service: getPsyUsbType type: USB, ret_value = 3
[2026-06-13T06:51:10.106Z] [ALL] 06-13 12:21:07.688   934   934 D vendor.oplus.hardware.charger@1.0-service: getPsyUsbType type: USB is usb charging.
[2026-06-13T06:51:10.164Z] [ALL] 06-13 12:21:07.693 19982 20294 W mk_broadcast: onReceive:android.intent.action.BATTERY_CHANGED,4
[2026-06-13T06:51:10.164Z] [ALL] 06-13 12:21:07.695   934   934 D vendor.oplus.hardware.charger@1.0-service: getChargerControl:
[2026-06-13T06:51:10.164Z] [ALL] 06-13 12:21:07.695  1695  1695 D LPPeService: [13.1][lbs] lbsBatteryChanged() level=[41] scale=[100] percentage=[41]
[2026-06-13T06:51:10.164Z] [ALL] 06-13 12:21:07.697  8368  7950 D MtpFfsHandle: doSendEvent start
[2026-06-13T06:51:10.164Z] [ALL] 06-13 12:21:07.697  8368  7950 D MtpFfsHandle: doSendEvent end
[2026-06-13T06:51:10.164Z] [ALL] 06-13 12:21:07.698  1695  2122 I OplusStorageManagerFeature: TmemoryBetterySwitch: level=41 state=2
[2026-06-13T06:51:10.164Z] [ALL] 06-13 12:21:07.698  1695  2122 I OplusStorageManagerFeature: TmemoryBetterySwitch: action=0 state=2
[2026-06-13T06:51:10.164Z] [ALL] 06-13 12:21:07.698 19982 20326 W [THOR_APP]-auto_download: Condition change condition:BatteryLevelCondtion#status:Phone battery:41
[2026-06-13T06:51:10.164Z] [ALL] 06-13 12:21:07.698 19964  7947 E BatteryStatsHelperNative: com.oplus.compat.utils.util.UnSupportedApiVersionException
[2026-06-13T06:51:10.164Z] [ALL] 06-13 12:21:07.700  1000  1064 D SurfaceFlinger: kickIdle 4378, 4351, 35, 0
[2026-06-13T06:51:10.164Z] [ALL] 06-13 12:21:07.700   882   882 E hwcomposer: [DRMDEV] DRM_IOCTL_MTK_KICK_IDLE failed, drm_id_crtc: 64, error: -1  
[2026-06-13T06:51:10.164Z] [ALL] 06-13 12:21:07.701  7763  7793 E IHansComunication: HANS printMessageBody: RCV message: type = 0,port = 86870,caller_pid = 1695,caller_uid = 1000,target_pid = 7392,target_uid = 10349,pkg_cmd = -1,rpc = android.accessibilityservice.IAccessibilityServiceClient/2
[2026-06-13T06:51:10.164Z] [ALL] 06-13 12:21:07.701 19982 20326 W market_app_scan: [ExpRiskAppManager] auto scan skip: already completed in current cycle
[2026-06-13T06:51:10.164Z] [ALL] 06-13 12:21:07.702  1695  2771 I OplusHansManager : unfreeze uid: 10349 io.appium.uiautomator2.server pids: [7392] reason: AsyncBinder scene: LcdOn
[2026-06-13T06:51:10.164Z] [ALL] 06-13 12:21:07.703  1695  2752 I OplusHansManager : uid=10349, pkg=io.appium.uiautomator2.server, transition from F to Middle, reason=AsyncBinder
[2026-06-13T06:51:10.164Z] [ALL] 06-13 12:21:07.703  1695  2752 I OplusHansManager : uid=10349, pkg=io.appium.uiautomator2.server F exit(), F stay=6, reason=AsyncBinder
[2026-06-13T06:51:10.164Z] [ALL] 06-13 12:21:07.704  7392  7421 I appium  : channel read: POST /session/5aec8cc7-6284-45d2-96ae-ee164da74bb0/element
[2026-06-13T06:51:10.164Z] [ALL] 06-13 12:21:07.705  7392  7421 I appium  : FindElement command
[2026-06-13T06:51:10.164Z] [ALL] 06-13 12:21:07.706  7392  7421 I appium  : method: 'xpath', selector: '//*[@resource-id="demo_guest_login_btn" or @content-desc="demo_guest_login_btn" or contains(@text, "Demo Mode") or contains(@text, "Offline Demo")]'
[2026-06-13T06:51:10.164Z] [ALL] 06-13 12:21:07.706  7392  7421 I appium  : Waiting up to 10000ms for the device to idle
[2026-06-13T06:51:10.164Z] [ALL] 06-13 12:21:07.708  2782  9792 D NetworkEvent: OplusNetworkEventCbProxy invoke.....onDnsEvent argslen:8
[2026-06-13T06:51:10.164Z] [ALL] 06-13 12:21:07.717 19982 20137 E FileStrategy: java.io.IOException: Read-only file system
[2026-06-13T06:51:10.189Z] [ALL] 06-13 12:21:07.803  2676 12019 E OplusNetworkStackManager: callback len = 1
[2026-06-13T06:51:10.189Z] [ALL] 06-13 12:21:07.804  2782  9792 E OplusNetworkStackManager: callback len = 2
[2026-06-13T06:51:10.213Z] [ALL] 06-13 12:21:07.804  1695  4560 E OplusNetworkStackManager: callback len = 6
[2026-06-13T06:51:10.213Z] [ALL] 06-13 12:21:07.804  1695  4560 D OLK     : INetworkScoreCallback() networkId: 204 better = false, score = 80
[2026-06-13T06:51:10.222Z] [ALL] 06-13 12:21:07.804  2744 13686 E OplusNetworkStackManager: callback len = 1
[2026-06-13T06:51:10.231Z] [ALL] 06-13 12:21:07.856  2676 12019 E OplusNetworkStackManager: callback len = 1
[2026-06-13T06:51:10.243Z] [ALL] 06-13 12:21:07.857  2744 13686 E OplusNetworkStackManager: callback len = 1
[2026-06-13T06:51:10.243Z] [ALL] 06-13 12:21:07.857  1695  4614 E OplusNetworkStackManager: callback len = 6
[2026-06-13T06:51:10.243Z] [ALL] 06-13 12:21:07.857  1695  4614 D OLK     : INetworkScoreCallback() networkId: 204 better = true, score = 100
[2026-06-13T06:51:10.243Z] [ALL] 06-13 12:21:07.858  2782  9792 E OplusNetworkStackManager: callback len = 2
[2026-06-13T06:51:10.496Z] [ALL] 06-13 12:21:08.074 13599 14403 D ScreenStatusProducer: Current queue status: isIdle = true, isPolling = true
[2026-06-13T06:51:10.694Z] [ALL] 06-13 12:21:08.280  7392  7421 I appium  : The following attributes will be included to the page source: [text, content-desc, resource-id]
[2026-06-13T06:51:10.694Z] [ALL] 06-13 12:21:08.291  7392  7401 I tomator2.server: Method exceeds compiler instruction limit: 19260 in java_cup.runtime.Symbol org.eclipse.wst.xml.xpath2.processor.internal.CUP$XPathCup$actions.CUP$XPathCup$do_action(int, java_cup.runtime.lr_parser, java.util.Stack, int)
[2026-06-13T06:51:10.736Z] [ALL] 06-13 12:21:08.359   858  5601 E netd    : dispachCmd:oplusGetRtt
[2026-06-13T06:51:10.736Z] [ALL] 06-13 12:21:08.360   858  5601 E netd    : handleGetRttCmd: netId = 204, uid = 10355
[2026-06-13T06:51:10.736Z] [ALL] 06-13 12:21:08.362   858  5601 E netd    : dispachCmd cmd:oplusGetRtt  result:0
[2026-06-13T06:51:10.736Z] [ALL] 06-13 12:21:08.362   858  5601 E netd    : dispachCmd:oplusGetRtt
[2026-06-13T06:51:10.736Z] [ALL] 06-13 12:21:08.362   858  5601 E netd    : handleGetRttCmd: netId = 206, uid = 10355
[2026-06-13T06:51:10.817Z] [ALL] 06-13 12:21:08.365   858  5601 E netd    : dispachCmd cmd:oplusGetRtt  result:0
[2026-06-13T06:51:10.868Z] [ALL] 06-13 12:21:08.368  1695  2144 D OplusWifiConnect2: clientModeManager == null, getOplusSta2ConnectionInfo null
[2026-06-13T06:51:10.868Z] [ALL] 06-13 12:21:08.369  1695  2148 D WN_S    : isCellQualityGood is false, curscore =91, no need to switch lte
[2026-06-13T06:51:10.868Z] [ALL] 06-13 12:21:08.413  1000  1064 D SurfaceFlinger: kickIdle 713, 681, 35, 0
[2026-06-13T06:51:10.868Z] [ALL] 06-13 12:21:08.413   882   882 E hwcomposer: [DRMDEV] DRM_IOCTL_MTK_KICK_IDLE failed, drm_id_crtc: 64, error: -1  
[2026-06-13T06:51:10.978Z] [ALL] 06-13 12:21:08.601  7392  7421 I appium  : Took 0ms to retrieve 0 matches for '//*[@resource-id="demo_guest_login_btn" or @content-desc="demo_guest_login_btn" or contains(@text, "Demo Mode") or contains(@text, "Offline Demo")]' XPath2 query
[2026-06-13T06:51:10.978Z] [ALL] 06-13 12:21:08.604  7392  7421 I appium  : AppiumResponse: {"sessionId":"5aec8cc7-6284-45d2-96ae-ee164da74bb0","value":{"error":"no such element","message":"An element could not be located on the page using the given search parameters","stacktrace":"io.appium.uiautomator2.common.exceptions.ElementNotFoundException: An element could not be located on the page using the given search parameters\n\tat io.appium.uiautomator2.utils.ElementLocationHelpers.findElement(ElementLocationHelpers.java:153)\n\tat io.appium.uiautomator2.handler.FindElement.safeHandle(FindElement.java:60)\n\tat io.appium.uiautomator2.handler.request.SafeRequestHandler.handle(SafeRequestHandler.java:59)\n\tat io.appium.uiautomator2.server.AppiumServlet.handleRequest(AppiumServlet.java:267)\n\tat io.appium.uiautomator2.server.AppiumServlet.handleHttpRequest(AppiumServlet.java:261)\n\tat io.appium.uiautomator2.http.ServerHandler.channelRead(ServerHandler.java:77)\n\tat io.netty.channel.AbstractChannelHandlerContext.fireChannelRead(AbstractChannelHandlerContext.java:357)\n\tat io.netty.handler.codec.MessageToMessageDecoder.channelRead(MessageToMessageDecoder.java:107)\n\tat io.netty.channel.AbstractChannelHandlerContext.fireChannelRead(AbstractChannelHandlerContext.java:357)\n\tat io.netty.channel.CombinedChannelDuplexHandler$DelegatingChannelHandlerContext.fireChannelRead(CombinedChannelDuplexHandler.java:434)\n\tat io.netty.handler.codec.ByteToMessageDecoder.fireChannelRead(ByteToMessageDecoder.java:361)\n\tat io.netty.handler.codec.ByteToMessageDecoder.channelRead(ByteToMessageDecoder.java:325)\n\tat io.netty.channel.CombinedChannelDuplexHandler.channelRead(CombinedChannelDuplexHandler.java:249)\n\tat io.netty.channel.AbstractChannelHandlerContext.fireChannelRead(AbstractChannelHandlerContext.java:355)\n\tat io.netty.handler.timeout.IdleStateHandler.channelRead(IdleStateHandler.java:288)\n\tat io.netty.channel.AbstractChannelHandlerContext.fireChannelRead(AbstractChannelHandlerContext.java:355)\n\tat io.netty.channel.DefaultChannelPipeline$HeadContext.channelRead(DefaultChannelPipeline.java:1429)\n\tat io.netty.channel.DefaultChannelPipeline.fireChannelRead(DefaultChannelPipeline.java:918)\n\tat io.netty.channel.nio.AbstractNioByteChannel$NioByteUnsafe.read(AbstractNioByteChannel.java:176)\n\tat io.netty.channel.nio.AbstractNioChannel$AbstractNioUnsafe.handle(AbstractNioChannel.java:445)\n\tat io.netty.channel.nio.NioIoHandler$DefaultNioRegistration.handle(NioIoHandler.java:388)\n\tat io.netty.channel.nio.NioIoHandler.processSelectedKey(NioIoHandler.java:596)\n\tat io.netty.channel.nio.NioIoHandler.processSelectedKeysOptimized(NioIoHandler.java:571)\n\tat io.netty.channel.nio.NioIoHandler.processSelectedKeys(NioIoHandler.java:512)\n\tat io.netty.channel.nio.NioIoHandler.run(NioIoHandler.java:484)\n\tat io.netty.channel.SingleThreadIoEventLoop.runIo(SingleThreadIoEventLoop.java:225)\n\tat io.netty.channel.SingleThreadIoEventLoop.run(SingleThreadIoEventLoop.java:196)\n\tat io.netty.util.concurrent.SingleThreadEventExecutor$5.run(SingleThreadEventExecutor.java:1195)\n\tat io.netty.util.internal.ThreadExecutorMap$2.run(ThreadExecutorMap.java:74)\n\tat io.netty.util.concurrent.FastThreadLocalRunnable.run(FastThreadLocalRunnable.java:30)\n\tat java.lang.Thread.run(Thread.java:1572)\n"}}
[2026-06-13T06:51:11.044Z] [ALL] 06-13 12:21:08.624  7392  7421 I appium  : channel read: GET /session/5aec8cc7-6284-45d2-96ae-ee164da74bb0/screenshot
[2026-06-13T06:51:11.076Z] [ALL] 06-13 12:21:08.625  7392  7421 I appium  : CaptureScreenshot command
[2026-06-13T06:51:11.076Z] [ALL] 06-13 12:21:08.626  7392  7421 E tomator2.server: hiddenapi: Accessing hidden method Landroid/view/Display;->getAddress()Landroid/view/DisplayAddress; (runtime_flags=0, domain=platform, api=blocked) from Lio/appium/uiautomator2/utils/ReflectionUtils; (domain=app, TargetSdkVersion=34) using reflection: denied
[2026-06-13T06:51:11.076Z] [ALL] 06-13 12:21:08.628  7392  7421 E appium  : Unable to retrieve physicalDisplayId
[2026-06-13T06:51:11.076Z] [ALL] 06-13 12:21:08.628  7392  7421 E appium  : io.appium.uiautomator2.common.exceptions.UiAutomator2Exception: Cannot get method getAddress from class android.view.Display with parameter types []
[2026-06-13T06:51:11.076Z] [ALL] 06-13 12:21:08.628  7392  7421 E appium  : 	at io.appium.uiautomator2.utils.ReflectionUtils.getMethod(ReflectionUtils.java:97)
[2026-06-13T06:51:11.076Z] [ALL] 06-13 12:21:08.628  7392  7421 E appium  : 	at io.appium.uiautomator2.utils.DisplayIdHelper.tryGetUsingAddress(DisplayIdHelper.java:98)
[2026-06-13T06:51:11.076Z] [ALL] 06-13 12:21:08.628  7392  7421 E appium  : 	at io.appium.uiautomator2.utils.DisplayIdHelper.getPhysicalDisplayId(DisplayIdHelper.java:51)
[2026-06-13T06:51:11.076Z] [ALL] 06-13 12:21:08.628  7392  7421 E appium  : 	at io.appium.uiautomator2.utils.ScreenshotHelper.extractScreencapDisplayId(ScreenshotHelper.java:145)
[2026-06-13T06:51:11.076Z] [ALL] 06-13 12:21:08.628  7392  7421 E appium  : 	at io.appium.uiautomator2.utils.ScreenshotHelper.takeDeviceScreenshot(ScreenshotHelper.java:114)
[2026-06-13T06:51:11.076Z] [ALL] 06-13 12:21:08.628  7392  7421 E appium  : 	at io.appium.uiautomator2.utils.ScreenshotHelper.takeScreenshot(ScreenshotHelper.java:60)
[2026-06-13T06:51:11.076Z] [ALL] 06-13 12:21:08.628  7392  7421 E appium  : 	at io.appium.uiautomator2.utils.ScreenshotHelper.takeScreenshot(ScreenshotHelper.java:77)
[2026-06-13T06:51:11.076Z] [ALL] 06-13 12:21:08.628  7392  7421 E appium  : 	at io.appium.uiautomator2.handler.CaptureScreenshot.safeHandle(CaptureScreenshot.java:32)
[2026-06-13T06:51:11.076Z] [ALL] 06-13 12:21:08.628  7392  7421 E appium  : 	at io.appium.uiautomator2.handler.request.SafeRequestHandler.handle(SafeRequestHandler.java:59)
[2026-06-13T06:51:11.076Z] [ALL] 06-13 12:21:08.628  7392  7421 E appium  : 	at io.appium.uiautomator2.server.AppiumServlet.handleRequest(AppiumServlet.java:267)
[2026-06-13T06:51:11.076Z] [ALL] 06-13 12:21:08.628  7392  7421 E appium  : 	at io.appium.uiautomator2.server.AppiumServlet.handleHttpRequest(AppiumServlet.java:261)
[2026-06-13T06:51:11.076Z] [ALL] 06-13 12:21:08.628  7392  7421 E appium  : 	at io.appium.uiautomator2.http.ServerHandler.channelRead(ServerHandler.java:77)
[2026-06-13T06:51:11.076Z] [ALL] 06-13 12:21:08.628  7392  7421 E appium  : 	at io.netty.channel.AbstractChannelHandlerContext.fireChannelRead(AbstractChannelHandlerContext.java:357)
[2026-06-13T06:51:11.076Z] [ALL] 06-13 12:21:08.628  7392  7421 E appium  : 	at io.netty.handler.codec.MessageToMessageDecoder.channelRead(MessageToMessageDecoder.java:107)
[2026-06-13T06:51:11.076Z] [ALL] 06-13 12:21:08.628  7392  7421 E appium  : 	at io.netty.channel.AbstractChannelHandlerContext.fireChannelRead(AbstractChannelHandlerContext.java:357)
[2026-06-13T06:51:11.076Z] [ALL] 06-13 12:21:08.628  7392  7421 E appium  : 	at io.netty.channel.CombinedChannelDuplexHandler$DelegatingChannelHandlerContext.fireChannelRead(CombinedChannelDuplexHandler.java:434)
[2026-06-13T06:51:11.076Z] [ALL] 06-13 12:21:08.628  7392  7421 E appium  : 	at io.netty.handler.codec.ByteToMessageDecoder.fireChannelRead(ByteToMessageDecoder.java:361)
[2026-06-13T06:51:11.076Z] [ALL] 06-13 12:21:08.628  7392  7421 E appium  : 	at io.netty.handler.codec.ByteToMessageDecoder.channelRead(ByteToMessageDecoder.java:325)
[2026-06-13T06:51:11.076Z] [ALL] 06-13 12:21:08.628  7392  7421 E appium  : 	at io.netty.channel.CombinedChannelDuplexHandler.channelRead(CombinedChannelDuplexHandler.java:249)
[2026-06-13T06:51:11.076Z] [ALL] 06-13 12:21:08.628  7392  7421 E appium  : 	at io.netty.channel.AbstractChannelHandlerContext.fireChannelRead(AbstractChannelHandlerContext.java:355)
[2026-06-13T06:51:11.076Z] [ALL] 06-13 12:21:08.628  7392  7421 E appium  : 	at io.netty.handler.timeout.IdleStateHandler.channelRead(IdleStateHandler.java:288)
[2026-06-13T06:51:11.076Z] [ALL] 06-13 12:21:08.628  7392  7421 E appium  : 	at io.netty.channel.AbstractChannelHandlerContext.fireChannelRead(AbstractChannelHandlerContext.java:355)
[2026-06-13T06:51:11.076Z] [ALL] 06-13 12:21:08.628  7392  7421 E appium  : 	at io.netty.channel.DefaultChannelPipeline$HeadContext.channelRead(DefaultChannelPipeline.java:1429)
[2026-06-13T06:51:11.076Z] [ALL] 06-13 12:21:08.628  7392  7421 E appium  : 	at io.netty.channel.DefaultChannelPipeline.fireChannelRead(DefaultChannelPipeline.java:918)
[2026-06-13T06:51:11.076Z] [ALL] 06-13 12:21:08.628  7392  7421 E appium  : 	at io.netty.channel.nio.AbstractNioByteChannel$NioByteUnsafe.read(AbstractNioByteChannel.java:176)
[2026-06-13T06:51:11.076Z] [ALL] 06-13 12:21:08.628  7392  7421 E appium  : 	at io.netty.channel.nio.AbstractNioChannel$AbstractNioUnsafe.handle(AbstractNioChannel.java:445)
[2026-06-13T06:51:11.076Z] [ALL] 06-13 12:21:08.628  7392  7421 E appium  : 	at io.netty.channel.nio.NioIoHandler$DefaultNioRegistration.handle(NioIoHandler.java:388)
[2026-06-13T06:51:11.076Z] [ALL] 06-13 12:21:08.628  7392  7421 E appium  : 	at io.netty.channel.nio.NioIoHandler.processSelectedKey(NioIoHandler.java:596)
[2026-06-13T06:51:11.076Z] [ALL] 06-13 12:21:08.628  7392  7421 E appium  : 	at io.netty.channel.nio.NioIoHandler.processSelectedKeysOptimized(NioIoHandler.java:571)
[2026-06-13T06:51:11.076Z] [ALL] 06-13 12:21:08.628  7392  7421 E appium  : 	at io.netty.channel.nio.NioIoHandler.processSelectedKeys(NioIoHandler.java:512)
[2026-06-13T06:51:11.076Z] [ALL] 06-13 12:21:08.628  7392  7421 E appium  : 	at io.netty.channel.nio.NioIoHandler.run(NioIoHandler.java:484)
[2026-06-13T06:51:11.076Z] [ALL] 06-13 12:21:08.628  7392  7421 E appium  : 	at io.netty.channel.SingleThreadIoEventLoop.runIo(SingleThreadIoEventLoop.java:225)
[2026-06-13T06:51:11.076Z] [ALL] 06-13 12:21:08.628  7392  7421 E appium  : 	at io.netty.channel.SingleThreadIoEventLoop.run(SingleThreadIoEventLoop.java:196)
[2026-06-13T06:51:11.076Z] [ALL] 06-13 12:21:08.628  7392  7421 E appium  : 	at io.netty.util.concurrent.SingleThreadEventExecutor$5.run(SingleThreadEventExecutor.java:1195)
[2026-06-13T06:51:11.076Z] [ALL] 06-13 12:21:08.628  7392  7421 E appium  : 	at io.netty.util.internal.ThreadExecutorMap$2.run(ThreadExecutorMap.java:74)
[2026-06-13T06:51:11.076Z] [ALL] 06-13 12:21:08.628  7392  7421 E appium  : 	at io.netty.util.concurrent.FastThreadLocalRunnable.run(FastThreadLocalRunnable.java:30)
[2026-06-13T06:51:11.076Z] [ALL] 06-13 12:21:08.628  7392  7421 E appium  : 	at java.lang.Thread.run(Thread.java:1572)
[2026-06-13T06:51:11.076Z] [ALL] 06-13 12:21:08.628  7392  7421 E appium  : Caused by: java.lang.NoSuchMethodException: android.view.Display.getAddress []
[2026-06-13T06:51:11.076Z] [ALL] 06-13 12:21:08.628  7392  7421 E appium  : 	at java.lang.Class.getMethod(Class.java:2942)
[2026-06-13T06:51:11.076Z] [ALL] 06-13 12:21:08.628  7392  7421 E appium  : 	at java.lang.Class.getDeclaredMethod(Class.java:2921)
[2026-06-13T06:51:11.076Z] [ALL] 06-13 12:21:08.628  7392  7421 E appium  : 	at io.appium.uiautomator2.utils.ReflectionUtils.getMethod(ReflectionUtils.java:93)
[2026-06-13T06:51:11.076Z] [ALL] 06-13 12:21:08.628  7392  7421 E appium  : 	... 36 more
[2026-06-13T06:51:11.076Z] [ALL] 06-13 12:21:08.639  1000  1064 D OplusSurfaceFlinger: (dumpsys)pid=7959, uid=2000, calling dumpsys SF
[2026-06-13T06:51:11.095Z] [ALL] 06-13 12:21:08.719  7963  7963 D ExtensionsLoader: createInstance(64bit) : createExtendedFactory
[2026-06-13T06:51:11.117Z] [ALL] 06-13 12:21:08.720  7963  7963 D ExtensionsLoader: Opened libguiextimpl.so
[2026-06-13T06:51:11.175Z] [ALL] 06-13 12:21:08.731  7963  7963 D AVStageUtils: Opened liboplusavenhancements.so
[2026-06-13T06:51:11.175Z] [ALL] 06-13 12:21:08.731  7963  7963 D AVStageUtils: createInstance(64bit): createVendorAVUtils success!
[2026-06-13T06:51:11.175Z] [ALL] 06-13 12:21:08.731  7963  7963 D OplusUtils: OplusUtils [89]: 
[2026-06-13T06:51:11.175Z] [ALL] 06-13 12:21:08.732  7963  7963 D AVMediaServiceFactory: Opened liboplusavenhancements.so
[2026-06-13T06:51:11.175Z] [ALL] 06-13 12:21:08.732  7963  7963 D AVMediaServiceFactory: createInstance(64bit): createExtendedMediaServiceFactory success!
[2026-06-13T06:51:11.175Z] [ALL] 06-13 12:21:08.732  7963  7963 D AVNuFactory: Opened liboplusavenhancements.so
[2026-06-13T06:51:11.175Z] [ALL] 06-13 12:21:08.732  7963  7963 D AVNuFactory: createInstance(64bit): createExtendedNuFactory success!
[2026-06-13T06:51:11.175Z] [ALL] 06-13 12:21:08.732  7963  7963 D AVStageFactory: Opened liboplusavenhancements.so
[2026-06-13T06:51:11.175Z] [ALL] 06-13 12:21:08.732  7963  7963 D AVStageFactory: createInstance(64bit): createVendorAVFactory success!
[2026-06-13T06:51:11.175Z] [ALL] 06-13 12:21:08.732  7963  7963 D AVStageUtils: createInstance(64bit): createVendorAVUtils success!
[2026-06-13T06:51:11.175Z] [ALL] 06-13 12:21:08.732  7963  7963 D OplusUtils: OplusUtils [89]: 
[2026-06-13T06:51:11.175Z] [ALL] 06-13 12:21:08.732  7963  7963 D AVStageFactory: createInstance(64bit): createVendorAVFactory success!
[2026-06-13T06:51:11.175Z] [ALL] 06-13 12:21:08.732  7963  7963 D AVStageUtils: createInstance(64bit): createVendorAVUtils success!
[2026-06-13T06:51:11.175Z] [ALL] 06-13 12:21:08.732  7963  7963 D OplusUtils: OplusUtils [89]: 
[2026-06-13T06:51:11.175Z] [ALL] 06-13 12:21:08.732  7963  7963 D AVMediaServiceFactory: createInstance(64bit): createExtendedMediaServiceFactory success!
[2026-06-13T06:51:11.175Z] [ALL] 06-13 12:21:08.732  7963  7963 D AVNuFactory: createInstance(64bit): createExtendedNuFactory success!
[2026-06-13T06:51:11.175Z] [ALL] 06-13 12:21:08.732  7963  7963 D AVStageFactory: Opened liboplusavenhancements.so
[2026-06-13T06:51:11.175Z] [ALL] 06-13 12:21:08.732  7963  7963 D AVStageFactory: createInstance(64bit): createVendorAVFactory success!
[2026-06-13T06:51:11.175Z] [ALL] 06-13 12:21:08.732  7963  7963 D AVStageUtils: createInstance(64bit): createVendorAVUtils success!
[2026-06-13T06:51:11.208Z] [ALL] 06-13 12:21:08.732  7963  7963 D OplusUtils: OplusUtils [89]: 
[2026-06-13T06:51:11.208Z] [ALL] 06-13 12:21:08.734  7963  7963 E screencap: createInstance(64bit) : createExtendedFactory
[2026-06-13T06:51:11.208Z] [ALL] 06-13 12:21:08.734  7963  7963 E screencap: createInstance(64bit) : createExtendedFactory
[2026-06-13T06:51:11.208Z] [ALL] 06-13 12:21:08.735  7963  7963 E screencap: Opened libinputextensionsimpl.so
[2026-06-13T06:51:11.208Z] [ALL] 06-13 12:21:08.735  7963  7963 E screencap: Opened libinputextensionsimpl.so
[2026-06-13T06:51:11.208Z] [ALL] 06-13 12:21:08.735  7963  7963 E screencap: createInstance(64bit) : createExtendedFactory
[2026-06-13T06:51:11.208Z] [ALL] 06-13 12:21:08.735  7963  7963 E screencap: createInstance(64bit) : createExtendedFactory
[2026-06-13T06:51:11.208Z] [ALL] 06-13 12:21:08.735  7963  7963 E screencap: Opened libsensorextimpl.so
[2026-06-13T06:51:11.208Z] [ALL] 06-13 12:21:08.735  7963  7963 E screencap: Opened libsensorextimpl.so
[2026-06-13T06:51:11.208Z] [ALL] 06-13 12:21:08.747   916   916 I android.hardware.power.stats-impl.oplus: subSystem data{ name:adsp, totalSleepCount:0, totalSleepTime:0}
[2026-06-13T06:51:11.208Z] [ALL] 06-13 12:21:08.747   916   916 I android.hardware.power.stats-impl.oplus: subSystem data{ name:adsp_island, totalSleepCount:0, totalSleepTime:0}
[2026-06-13T06:51:11.208Z] [ALL] 06-13 12:21:08.747   916   916 I android.hardware.power.stats-impl.oplus: subSystem data{ name:apss, totalSleepCount:0, totalSleepTime:0}
[2026-06-13T06:51:11.208Z] [ALL] 06-13 12:21:08.747   916   916 I android.hardware.power.stats-impl.oplus: subSystem data{ name:apss_idle, totalSleepCount:0, totalSleepTime:0}
[2026-06-13T06:51:11.208Z] [ALL] 06-13 12:21:08.747   916   916 I android.hardware.power.stats-impl.oplus: subSystem data{ name:cdsp, totalSleepCount:0, totalSleepTime:0}
[2026-06-13T06:51:11.208Z] [ALL] 06-13 12:21:08.747   916   916 I android.hardware.power.stats-impl.oplus: subSystem data{ name:mpss, totalSleepCount:0, totalSleepTime:0}
[2026-06-13T06:51:11.208Z] [ALL] 06-13 12:21:08.747   916   916 I android.hardware.power.stats-impl.oplus: subSystem data{ name:mpss_2g, totalSleepCount:0, totalSleepTime:0}
[2026-06-13T06:51:11.208Z] [ALL] 06-13 12:21:08.747   916   916 I android.hardware.power.stats-impl.oplus: subSystem data{ name:mpss_3g, totalSleepCount:0, totalSleepTime:0}
[2026-06-13T06:51:11.208Z] [ALL] 06-13 12:21:08.747   916   916 I android.hardware.power.stats-impl.oplus: subSystem data{ name:mpss_4g, totalSleepCount:0, totalSleepTime:0}
[2026-06-13T06:51:11.208Z] [ALL] 06-13 12:21:08.747   916   916 I android.hardware.power.stats-impl.oplus: subSystem data{ name:mpss_5g, totalSleepCount:0, totalSleepTime:0}
[2026-06-13T06:51:11.208Z] [ALL] 06-13 12:21:08.747   916   916 I android.hardware.power.stats-impl.oplus: subSystem data{ name:mpss_idle, totalSleepCount:0, totalSleepTime:0}
[2026-06-13T06:51:11.208Z] [ALL] 06-13 12:21:08.747   916   916 I android.hardware.power.stats-impl.oplus: subSystem data{ name:slpi, totalSleepCount:0, totalSleepTime:0}
[2026-06-13T06:51:11.208Z] [ALL] 06-13 12:21:08.747   916   916 I android.hardware.power.stats-impl.oplus: subSystem data{ name:slpi_island, totalSleepCount:0, totalSleepTime:0}
[2026-06-13T06:51:11.208Z] [ALL] 06-13 12:21:08.747   916   916 I android.hardware.power.stats-impl.oplus: subSystem data{ name:vcore, totalSleepCount:0, totalSleepTime:0}
[2026-06-13T06:51:11.208Z] [ALL] 06-13 12:21:08.747   916   916 I android.hardware.power.stats-impl.oplus: subSystem data{ name:vcore_idle, totalSleepCount:0, totalSleepTime:0}
[2026-06-13T06:51:11.208Z] [ALL] 06-13 12:21:08.747   916   916 I android.hardware.power.stats-impl.oplus: subSystem data{ name:vlow, totalSleepCount:0, totalSleepTime:0}
[2026-06-13T06:51:11.208Z] [ALL] 06-13 12:21:08.747   916   916 I android.hardware.power.stats-impl.oplus: subSystem data{ name:vmin, totalSleepCount:0, totalSleepTime:0}
[2026-06-13T06:51:11.208Z] [ALL] 06-13 12:21:08.747   916   916 I android.hardware.power.stats-impl.oplus: subSystem data{ name:wpss, totalSleepCount:0, totalSleepTime:0}
[2026-06-13T06:51:11.208Z] [ALL] 06-13 12:21:08.747   916   916 I android.hardware.power.stats-impl.oplus: subSystem data{ name:adsp, totalSleepCount:0, totalSleepTime:0}
[2026-06-13T06:51:11.208Z] [ALL] 06-13 12:21:08.747   916   916 I android.hardware.power.stats-impl.oplus: subSystem data{ name:adsp_island, totalSleepCount:0, totalSleepTime:0}
[2026-06-13T06:51:11.208Z] [ALL] 06-13 12:21:08.747   916   916 I android.hardware.power.stats-impl.oplus: subSystem data{ name:apss, totalSleepCount:0, totalSleepTime:0}
[2026-06-13T06:51:11.208Z] [ALL] 06-13 12:21:08.747   916   916 I android.hardware.power.stats-impl.oplus: subSystem data{ name:apss_idle, totalSleepCount:0, totalSleepTime:0}
[2026-06-13T06:51:11.208Z] [ALL] 06-13 12:21:08.748   916   916 I android.hardware.power.stats-impl.oplus: subSystem data{ name:cdsp, totalSleepCount:0, totalSleepTime:0}
[2026-06-13T06:51:11.208Z] [ALL] 06-13 12:21:08.748   916   916 I android.hardware.power.stats-impl.oplus: subSystem data{ name:mpss, totalSleepCount:0, totalSleepTime:0}
[2026-06-13T06:51:11.208Z] [ALL] 06-13 12:21:08.748   916   916 I android.hardware.power.stats-impl.oplus: subSystem data{ name:mpss_2g, totalSleepCount:0, totalSleepTime:0}
[2026-06-13T06:51:11.208Z] [ALL] 06-13 12:21:08.748   916   916 I android.hardware.power.stats-impl.oplus: subSystem data{ name:mpss_3g, totalSleepCount:0, totalSleepTime:0}
[2026-06-13T06:51:11.208Z] [ALL] 06-13 12:21:08.748   916   916 I android.hardware.power.stats-impl.oplus: subSystem data{ name:mpss_4g, totalSleepCount:0, totalSleepTime:0}
[2026-06-13T06:51:11.208Z] [ALL] 06-13 12:21:08.748   916   916 I android.hardware.power.stats-impl.oplus: subSystem data{ name:mpss_5g, totalSleepCount:0, totalSleepTime:0}
[2026-06-13T06:51:11.208Z] [ALL] 06-13 12:21:08.748   916   916 I android.hardware.power.stats-impl.oplus: subSystem data{ name:mpss_idle, totalSleepCount:0, totalSleepTime:0}
[2026-06-13T06:51:11.208Z] [ALL] 06-13 12:21:08.748   916   916 I android.hardware.power.stats-impl.oplus: subSystem data{ name:slpi, totalSleepCount:0, totalSleepTime:0}
[2026-06-13T06:51:11.208Z] [ALL] 06-13 12:21:08.748   916   916 I android.hardware.power.stats-impl.oplus: subSystem data{ name:slpi_island, totalSleepCount:0, totalSleepTime:0}
[2026-06-13T06:51:11.208Z] [ALL] 06-13 12:21:08.748   916   916 I android.hardware.power.stats-impl.oplus: subSystem data{ name:vcore, totalSleepCount:0, totalSleepTime:0}
[2026-06-13T06:51:11.208Z] [ALL] 06-13 12:21:08.748   916   916 I android.hardware.power.stats-impl.oplus: subSystem data{ name:vcore_idle, totalSleepCount:0, totalSleepTime:0}
[2026-06-13T06:51:11.208Z] [ALL] 06-13 12:21:08.748   916   916 I android.hardware.power.stats-impl.oplus: subSystem data{ name:vlow, totalSleepCount:0, totalSleepTime:0}
[2026-06-13T06:51:11.208Z] [ALL] 06-13 12:21:08.748   916   916 I android.hardware.power.stats-impl.oplus: subSystem data{ name:vmin, totalSleepCount:0, totalSleepTime:0}
[2026-06-13T06:51:11.208Z] [ALL] 06-13 12:21:08.748   916   916 I android.hardware.power.stats-impl.oplus: subSystem data{ name:wpss, totalSleepCount:0, totalSleepTime:0}
[2026-06-13T06:51:11.208Z] [ALL] 06-13 12:21:08.749  1695  1799 D BatteryStatsImplExtImpl: updateDevicePowerDetails
[2026-06-13T06:51:11.208Z] [ALL] 06-13 12:21:08.749  2744  2744 D OplusTelephonyController: onSignalStrengthChanged: SignalStrength=SignalStrength:{mCdma=CellSignalStrengthCdma: cdmaDbm=2147483647 cdmaEcio=2147483647 evdoDbm=2147483647 evdoEcio=2147483647 evdoSnr=2147483647 level=0,mGsm=CellSignalStrengthGsm: rssi=2147483647 ber=2147483647 mTa=2147483647 mLevel=0,mWcdma=CellSignalStrengthWcdma: ss=2147483647 ber=2147483647 rscp=2147483647 ecno=2147483647 level=0,mTdscdma=CellSignalStrengthTdscdma: rssi=2147483647 ber=2147483647 rscp=2147483647 level=0,mLte=CellSignalStrengthLte: rssi=2147483647 rsrp=2147483647 rsrq=2147483647 rssnr=2147483647 cqiTableIndex=2147483647 cqi=2147483647 ta=2147483647 level=0 parametersUseForLevel=0,mNr=CellSignalStrengthNr:{ csiRsrp = 2147483647 csiRsrq = 2147483647 csiCqiTableIndex = 2147483647 csiCqiReport = [] ssRsrp = -100 ssRsrq = -7 ssSinr = 13 level = 1 parametersUseForLevel = 0 },primary=CellSignalStrengthNr}, phoneId=0, mMtkLevel=0, mMtkRsrpOnly=false, mMtkLteRsrpThreshold=null, mMtkLteRssnrThreshold=null
[2026-06-13T06:51:11.208Z] [ALL] 06-13 12:21:08.750  1695  1799 D OplusRpmSubsystemManager: battery drained... 
[2026-06-13T06:51:11.208Z] [ALL] 06-13 12:21:08.750  1373  1373 D vendor.oplus.hardware.rpmh-V1-service: Calling uid is 1000.
[2026-06-13T06:51:11.208Z] [ALL] 06-13 12:21:08.750  1373  1373 D vendor.oplus.hardware.rpmh-V1-service: getPowerStateSubsystemSleepStateList()
[2026-06-13T06:51:11.208Z] [ALL] 06-13 12:21:08.750  1373  1373 D vendor.oplus.hardware.rpmh-V1-service: open /proc/mtk_lpm/spm/system_stats failed! err:No such file or directory
[2026-06-13T06:51:11.208Z] [ALL] 06-13 12:21:08.750  1373  1373 D vendor.oplus.hardware.rpmh-V1-service: open /proc/mtk_lpm/spm/system_stats failed! err:No such file or directory
[2026-06-13T06:51:11.208Z] [ALL] 06-13 12:21:08.750  1373  1373 D vendor.oplus.hardware.rpmh-V1-service: open /proc/mtk_lpm/spm/system_stats failed! err:No such file or directory
[2026-06-13T06:51:11.208Z] [ALL] 06-13 12:21:08.750  1373  1373 D vendor.oplus.hardware.rpmh-V1-service: dumpSubsystemSleepState-->
[2026-06-13T06:51:11.208Z] [ALL] 06-13 12:21:08.750  1695  1799 D RpmAidlManager: getPowerStateSubsystemSleepStateListMethod return code: 0
[2026-06-13T06:51:11.208Z] [ALL] 06-13 12:21:08.750  1695  1799 D OplusRpmSubsystemManager: measureOplusRpmMasterStatsDelta... 
[2026-06-13T06:51:11.208Z] [ALL] 06-13 12:21:08.750  1695  1799 D OplusRpmSubsystemManager: elapsedRealTimeDelta :112568
[2026-06-13T06:51:11.208Z] [ALL] 06-13 12:21:08.750  1695  1799 D OplusRpmSubsystemManager: mRpmSuspendRatioSummay: []
[2026-06-13T06:51:11.208Z] [ALL] 06-13 12:21:08.750  7963  7963 W ProcessState: Extra binder thread started, but 0 threads requested. Do not use *startThreadPool when zero threads are requested.
[2026-06-13T06:51:11.208Z] [ALL] 06-13 12:21:08.751  1695  1799 D BatteryStatsImplExtImpl: PowerDetails: time=2026-06-13-12-21-08, top=com.safebank.ai.MainActivity, ref_counts=471976, ref_mode=0, brightness=0, refs_per_sec=7.0, modem_txTimeMs=[0, 0, 0, 0, 0], traffic=[0,0,0,0], ctr_drain=[128,0,0,0], rpmstat=[], sap=false, audio=[spk:0, headset:0]
[2026-06-13T06:51:11.208Z] [ALL] 06-13 12:21:08.751  1695  1799 D BatteryStatsImplExtImpl: , modem=[activity:SettleObj{ what=LO date=06-13 12:00:22.787 duration=3496 screenOnRatio=35.07 screenOffRatio=64.93 power=30 current=-263.59 networkType=WIFI dataNetworkType=18 signalStrength=-87 aodState=0 softAp=false charge=false simCount=2 defaultPhone=0 apssSleepC=0 apssSleepRatio=0 mpssSleepC=0 mpssSleepRatio=0 vminSleepC=0 vminSleepRatio=0 modemPowermA[]=[0,0,0] sleepRatio=0 idleRatio=100.00 rxRatio=0 5gRxRatio=0 txSumRatio=0 mtkTxRatio[]=[0,0,0,0,0,0,0,0] mtk5gTxRatio[]=[0,0,0,0,0,0,0,0] rrcConn10sC[]=[0, 0] rrcConn20sC[]=[0, 0] rrcConnMore20sC[]=[0, 0] rrcConnC[]=[0, 0] csChangedC[]=[0, 0] psChangedC[]=[0, 0] nwSrchC[]=[0, 0] nwSrchRatio[]=[0,0] lteRrcConnRatio[]=[0,0] psRegRatio[]=[99.79,0] csRegRatio[]=[99.79,0] psNoRegRatio[]=[0,0] csNoRegRatio[]=[0,0] sigGrid0Ratio[]=[0,0] endcActRatio[]=[0,0] allWakeupC={} appInWakeupC={} appOutWakeupC={} appWakeupRatio={} appTrafficC={com.heytap.pictorial=5804397, io.appium.uiautomator2.server=2668180, com.mpokket.app=888593, com.google.uid.shared=646933, com.cheq.retail=531221, com.google.android.apps.messaging=438528, com.android.vending=205152, com.google.android.youtube=196472, com.google.android.apps.chromecast.app=191010, com.heytap.market=183986, com.google.android.tts=157419, com.android.chrome=141266, com.google.android.apps.youtube.music=132377, com.oppo.quicksearchbox=103297, com.myntra.android=90529, com.dreamplug.androidapp=85860, com.google.android.googlequicksearchbox=77962, com.google.android.apps.nbu.paisa.user=76953, com.coloros.phonemanager=71811, net.one97.paytm=62405, com.facebook.services=59166, com.google.android.apps.subscriptions.red=58334, com.google.android.gm=56509, com.truecaller=55965, com.ibniseen.story.saver=55088, com.google.android.adservices.api=41955, com.instagram.android=37429, com.oplus.vip=28832, com.google.android.apps.tachyon=24350, com.oplus.cosa=23483, com.heytap.cloud=22236, com.oplus.statistics.rom=21983, com.google.android.webview=21983, com.heytap.browser=18766, com.phonepe.app=18748, com.oplus.romupdate=13769, com.facebook.appmanager=12155, com.google.android.keep=11948, org.altruist.BajajExperia=11767, com.google.android.apps.docs=7459, com.safebank.ai=6706, com.oplus.uxdesign=6039, android.uid.networkstack=1320, oppo.uid.instant=76} saRrcConn10sC[]=[0, 0] saRrcConn20sC[]=[4, 0] saRrcConnMore20sC[]=[3, 0] saRrcConnC[]=[7, 0] saRrcConnRatio[]=[3.40,0] sigGridSim0Ratio[]=[0,0,0.03,0,0.03] sigGridSim1Ratio[]=[0,0,0,0,0] lteNrSigGridSim0Ratio[]=[0,0,0.06,1.06,0,0,0.31,99.76,99.76,0] lteNrSigGridSim1Ratio[]=[0,0,0,0,0,0,0,0,0,0] cellUpdateC[]=[26, 0] hoC[]=[0, 0] reselC[]=[0, 0] redirectC[]=[0, 0] iRatC[]=[0, 0] iRhoC[]=[0, 0] iRreselC[]=[0, 0] iRredirectC[]=[0, 0] luC[]=[0, 0] rauC[]=[51, 0] guC[]=[0, 0] lteTauC[]=[0, 0] lteAttachC[]=[0, 0] pdnConC[]=[0, 0] eRrcCauseSim0C[]=[0, 0, 0, 0, 0, 0, 0] eRrcCauseSim1C[]=[0, 0, 0, 0, 0, 0, 0] nRrcCauseSim0C[]=[0, 0, 0, 0, 0, 0, 0, 0, 0, 0] nRrcCauseSim1C[]=[0, 0, 0, 0, 0, 0, 0, 0, 0, 0] saRachC[]=[0, 0] saRlfC[]=[0, 0] saReestabC[]=[0, 0] mLteRrcConnRatio[]=[0,0] rrcConnC[]=[0, 0] lteCdrxCfgRatio[]=[0,0] lteCdrxActRatio[]=[0,0] eDlLayerSim0Ratio[]=[0,0,0,0] eDlLayerSim1Ratio[]=[0,0,0,0] lteCaRatio[]=[0,0] saRrcConnRatio[]=[3.40,0] endcActRatio[]=[0,0] saRrcConnC[]=[7, 0] nrCdrxCfgRatio[]=[0,0] nrCdrxActRatio[]=[0,0] nUlDlLayerSim0Ratio[]=[0,0,0,0,0,0,0,0] nUlDlLayerSim1Ratio[]=[0,0,0,0,0,0,0,0] nrCaRatio[]=[0,0] nBwpSim0Ratio[]=[0,0,0,0,0,0,0,0,0,0] nBwpSim1Ratio[]=[0,0,0,0,0,0,0,0,0,0] dsdsRatio[]=[0,0] drdsdsRatio[]=[0,0] dsdaRatio[]=[0,0] drdsdaRatio[]=[0,0]}]
[2026-06-13T06:51:11.208Z] [ALL] 06-13 12:21:08.751  1695  1799 D BatteryStatsImplExtImpl: , endc=0
[2026-06-13T06:51:11.208Z] [ALL] 06-13 12:21:08.793   600   600 I servicemanager: Could not find android.hardware.graphics.allocator.IAllocator/default in the VINTF manifest.
[2026-06-13T06:51:11.208Z] [ALL] 06-13 12:21:08.793  7963  7963 E ion     : ioctl c0044901 failed with code -1: Invalid argument
[2026-06-13T06:51:11.208Z] [ALL] 06-13 12:21:08.800  1000  1064 D SurfaceFlinger: kickIdle 387, 366, 34, 0
[2026-06-13T06:51:11.208Z] [ALL] 06-13 12:21:08.800   882   882 E hwcomposer: [DRMDEV] DRM_IOCTL_MTK_KICK_IDLE failed, drm_id_crtc: 64, error: -1  
[2026-06-13T06:51:11.242Z] [ALL] 06-13 12:21:08.828   924   930 E PerformanceService: storage_feature: open /sys/devices/platform/soc/112b0000.ufshci//virtualtlcbuff fail
[2026-06-13T06:51:11.242Z] [ALL] 06-13 12:21:08.833   934   934 D vendor.oplus.hardware.charger@1.0-service: getChargerControl:
[2026-06-13T06:51:11.268Z] [ALL] 06-13 12:21:08.848  1695  1763 D ProcessCpuTrackerExtImpl: mContext is already set, return now! 
[2026-06-13T06:51:11.374Z] [ALL] 06-13 12:21:08.997  7963  7963 W RefBase : RefBase: Explicit destruction, weak count = 0 (in 0x762d5fcf40). Use sp<> to manage this object.
[2026-06-13T06:51:11.426Z] [ALL] 06-13 12:21:09.001  7963  7963 D RefBase : #00 pc 00000000000efaa8  /apex/com.android.runtime/lib64/bionic/libc.so (__cxa_finalize+280)
[2026-06-13T06:51:11.426Z] [ALL] 06-13 12:21:09.001  7963  7963 D RefBase : #01 pc 00000000000e1948  /apex/com.android.runtime/lib64/bionic/libc.so (exit+24)
[2026-06-13T06:51:11.426Z] [ALL] 06-13 12:21:09.001  7963  7963 D RefBase : #02 pc 0000000000074dd4  /apex/com.android.runtime/lib64/bionic/libc.so (__libc_init+100)
[2026-06-13T06:51:11.426Z] [ALL] 06-13 12:21:09.021 13599 14878 D ScreenStatusProducer: Current queue status: isIdle = true, isPolling = true