[2026-06-14T11:43:35.895Z] [ALL] 06-14 17:13:35.933  1486  1856 D SemWifiSwitchForIndividualAppsService: isSkipNetworkCondition - result:2
[2026-06-14T11:43:35.992Z] [ALL] 06-14 17:13:36.030 18279 18279 W libbinder.BackendUnifiedServiceManager: Thread Pool max thread count is 0. Cannot cache binder as linkToDeath cannot be implemented. serviceName: window
[2026-06-14T11:43:36.044Z] [ALL] 06-14 17:13:36.081 16811 16850 I appium  : channel read: POST /session/8bf23567-3897-4b6f-aa75-faf6782e4d37/element
[2026-06-14T11:43:36.047Z] [ALL] 06-14 17:13:36.082 16811 16850 I appium  : FindElement command
[2026-06-14T11:43:36.047Z] [ALL] 06-14 17:13:36.082 16811 16850 I appium  : method: 'xpath', selector: '//*[contains(@resource-id, "signup_toggle_btn") or @content-desc="signup_toggle_btn"]'
[2026-06-14T11:43:36.047Z] [ALL] 06-14 17:13:36.082 16811 16850 I appium  : Waiting up to 10000ms for the device to idle
[2026-06-14T11:43:36.050Z] [ALL] 06-14 17:13:36.089 16811 16850 I appium  : The following attributes will be included to the page source: [content-desc, resource-id]
[2026-06-14T11:43:36.062Z] [ALL] 06-14 17:13:36.100  1486  1741 D InetDiagMessage: Destroyed 0 sockets, proto=IPPROTO_TCP, family=AF_INET, states=14
[2026-06-14T11:43:36.066Z] [ALL] 06-14 17:13:36.105  1486  1741 D InetDiagMessage: Destroyed 0 sockets, proto=IPPROTO_TCP, family=AF_INET6, states=14
[2026-06-14T11:43:36.066Z] [ALL] 06-14 17:13:36.105  1486  1741 D InetDiagMessage: Destroyed live tcp sockets for uids={10144} in 9ms
[2026-06-14T11:43:36.069Z] [ALL] 06-14 17:13:36.108  1486  1741 D InetDiagMessage: Destroyed 0 sockets, proto=IPPROTO_TCP, family=AF_INET, states=14
[2026-06-14T11:43:36.073Z] [ALL] 06-14 17:13:36.112  1486  1741 D InetDiagMessage: Destroyed 0 sockets, proto=IPPROTO_TCP, family=AF_INET6, states=14
[2026-06-14T11:43:36.073Z] [ALL] 06-14 17:13:36.112  1486  1741 D InetDiagMessage: Destroyed live tcp sockets for uids={20144} in 7ms
[2026-06-14T11:43:36.124Z] [ALL] 06-14 17:13:36.160  2228  3094 I TUIThread: epol_call: EPOLL_SKIP
[2026-06-14T11:43:36.209Z] [ALL] 06-14 17:13:36.248  1149  1280 I SurfaceFlinger: Current= 60, Period= 60, hwcPeriod= 60
[2026-06-14T11:43:36.280Z] [ALL] 06-14 17:13:36.319 16811 16850 I appium  : Took 0ms to retrieve 0 matches for '//*[contains(@resource-id, "signup_toggle_btn") or @content-desc="signup_toggle_btn"]' XPath2 query
[2026-06-14T11:43:36.284Z] [ALL] 06-14 17:13:36.320 16811 16850 I appium  : AppiumResponse: {"sessionId":"8bf23567-3897-4b6f-aa75-faf6782e4d37","value":{"error":"no such element","message":"An element could not be located on the page using the given search parameters","stacktrace":"io.appium.uiautomator2.common.exceptions.ElementNotFoundException: An element could not be located on the page using the given search parameters\n\tat io.appium.uiautomator2.utils.ElementLocationHelpers.findElement(ElementLocationHelpers.java:153)\n\tat io.appium.uiautomator2.handler.FindElement.safeHandle(FindElement.java:60)\n\tat io.appium.uiautomator2.handler.request.SafeRequestHandler.handle(SafeRequestHandler.java:59)\n\tat io.appium.uiautomator2.server.AppiumServlet.handleRequest(AppiumServlet.java:267)\n\tat io.appium.uiautomator2.server.AppiumServlet.handleHttpRequest(AppiumServlet.java:261)\n\tat io.appium.uiautomator2.http.ServerHandler.channelRead(ServerHandler.java:77)\n\tat io.netty.channel.AbstractChannelHandlerContext.fireChannelRead(AbstractChannelHandlerContext.java:357)\n\tat io.netty.handler.codec.MessageToMessageDecoder.channelRead(MessageToMessageDecoder.java:107)\n\tat io.netty.channel.AbstractChannelHandlerContext.fireChannelRead(AbstractChannelHandlerContext.java:357)\n\tat io.netty.channel.CombinedChannelDuplexHandler$DelegatingChannelHandlerContext.fireChannelRead(CombinedChannelDuplexHandler.java:434)\n\tat io.netty.handler.codec.ByteToMessageDecoder.fireChannelRead(ByteToMessageDecoder.java:361)\n\tat io.netty.handler.codec.ByteToMessageDecoder.channelRead(ByteToMessageDecoder.java:325)\n\tat io.netty.channel.CombinedChannelDuplexHandler.channelRead(CombinedChannelDuplexHandler.java:249)\n\tat io.netty.channel.AbstractChannelHandlerContext.fireChannelRead(AbstractChannelHandlerContext.java:355)\n\tat io.netty.handler.timeout.IdleStateHandler.channelRead(IdleStateHandler.java:288)\n\tat io.netty.channel.AbstractChannelHandlerContext.fireChannelRead(AbstractChannelHandlerContext.java:355)\n\tat io.netty.channel.DefaultChannelPipeline$HeadContext.channelRead(DefaultChannelPipeline.java:1429)\n\tat io.netty.channel.DefaultChannelPipeline.fireChannelRead(DefaultChannelPipeline.java:918)\n\tat io.netty.channel.nio.AbstractNioByteChannel$NioByteUnsafe.read(AbstractNioByteChannel.java:176)\n\tat io.netty.channel.nio.AbstractNioChannel$AbstractNioUnsafe.handle(AbstractNioChannel.java:445)\n\tat io.netty.channel.nio.NioIoHandler$DefaultNioRegistration.handle(NioIoHandler.java:388)\n\tat io.netty.channel.nio.NioIoHandler.processSelectedKey(NioIoHandler.java:596)\n\tat io.netty.channel.nio.NioIoHandler.processSelectedKeysOptimized(NioIoHandler.java:571)\n\tat io.netty.channel.nio.NioIoHandler.processSelectedKeys(NioIoHandler.java:512)\n\tat io.netty.channel.nio.NioIoHandler.run(NioIoHandler.java:484)\n\tat io.netty.channel.SingleThreadIoEventLoop.runIo(SingleThreadIoEventLoop.java:225)\n\tat io.netty.channel.SingleThreadIoEventLoop.run(SingleThreadIoEventLoop.java:196)\n\tat io.netty.util.concurrent.SingleThreadEventExecutor$5.run(SingleThreadEventExecutor.java:1195)\n\tat io.netty.util.internal.ThreadExecutorMap$2.run(ThreadExecutorMap.java:74)\n\tat io.netty.util.concurrent.FastThreadLocalRunnable.run(FastThreadLocalRunnable.java:30)\n\tat java.lang.Thread.run(Thread.java:1564)\n"}}
[2026-06-14T11:43:36.513Z] [ALL] 06-14 17:13:36.552  1486  1729 D WifiStaIfaceHidlImpl: getCachedScanData is not implemented by HIDL
[2026-06-14T11:43:36.522Z] [ALL] 06-14 17:13:36.561  1486  3494 D SemWifiUsabilityStatsMonitor: onWifiUsabilityStats - seqNum 24512, isSameBssidAndFreq true
[2026-06-14T11:43:36.544Z] [ALL] 06-14 17:13:36.581  1486  1828 I SemWifiServiceDetector: Service det. suspended: T / T / 19967
[2026-06-14T11:43:36.679Z] [ALL] 06-14 17:13:36.718  1486  2138 D SLocation: AgingAccuracy - no response from core, get max distance
[2026-06-14T11:43:36.679Z] [ALL] 06-14 17:13:36.718  1486  2138 D SLocation: FilteredLastLocation - notify all last locations, loc : 2
[2026-06-14T11:43:36.796Z] [ALL] 06-14 17:13:36.834 16811 16850 I appium  : channel read: POST /session/8bf23567-3897-4b6f-aa75-faf6782e4d37/element
[2026-06-14T11:43:36.796Z] [ALL] 06-14 17:13:36.835 16811 16850 I appium  : FindElement command
[2026-06-14T11:43:36.798Z] [ALL] 06-14 17:13:36.836 16811 16850 I appium  : method: 'xpath', selector: '//*[contains(@resource-id, "signup_toggle_btn") or @content-desc="signup_toggle_btn"]'
[2026-06-14T11:43:36.798Z] [ALL] 06-14 17:13:36.836 16811 16850 I appium  : Waiting up to 10000ms for the device to idle
[2026-06-14T11:43:36.798Z] [ALL] 06-14 17:13:36.837 16811 16850 I appium  : The following attributes will be included to the page source: [content-desc, resource-id]
[2026-06-14T11:43:36.919Z] [ALL] 06-14 17:13:36.957  1486  1856 D SemWifiSwitchForIndividualAppsService: isSkipNetworkCondition - result:2
[2026-06-14T11:43:37.098Z] [ALL] 06-14 17:13:37.137 16811 16850 I appium  : Took 0ms to retrieve 0 matches for '//*[contains(@resource-id, "signup_toggle_btn") or @content-desc="signup_toggle_btn"]' XPath2 query
[2026-06-14T11:43:37.101Z] [ALL] 06-14 17:13:37.138 16811 16850 I appium  : AppiumResponse: {"sessionId":"8bf23567-3897-4b6f-aa75-faf6782e4d37","value":{"error":"no such element","message":"An element could not be located on the page using the given search parameters","stacktrace":"io.appium.uiautomator2.common.exceptions.ElementNotFoundException: An element could not be located on the page using the given search parameters\n\tat io.appium.uiautomator2.utils.ElementLocationHelpers.findElement(ElementLocationHelpers.java:153)\n\tat io.appium.uiautomator2.handler.FindElement.safeHandle(FindElement.java:60)\n\tat io.appium.uiautomator2.handler.request.SafeRequestHandler.handle(SafeRequestHandler.java:59)\n\tat io.appium.uiautomator2.server.AppiumServlet.handleRequest(AppiumServlet.java:267)\n\tat io.appium.uiautomator2.server.AppiumServlet.handleHttpRequest(AppiumServlet.java:261)\n\tat io.appium.uiautomator2.http.ServerHandler.channelRead(ServerHandler.java:77)\n\tat io.netty.channel.AbstractChannelHandlerContext.fireChannelRead(AbstractChannelHandlerContext.java:357)\n\tat io.netty.handler.codec.MessageToMessageDecoder.channelRead(MessageToMessageDecoder.java:107)\n\tat io.netty.channel.AbstractChannelHandlerContext.fireChannelRead(AbstractChannelHandlerContext.java:357)\n\tat io.netty.channel.CombinedChannelDuplexHandler$DelegatingChannelHandlerContext.fireChannelRead(CombinedChannelDuplexHandler.java:434)\n\tat io.netty.handler.codec.ByteToMessageDecoder.fireChannelRead(ByteToMessageDecoder.java:361)\n\tat io.netty.handler.codec.ByteToMessageDecoder.channelRead(ByteToMessageDecoder.java:325)\n\tat io.netty.channel.CombinedChannelDuplexHandler.channelRead(CombinedChannelDuplexHandler.java:249)\n\tat io.netty.channel.AbstractChannelHandlerContext.fireChannelRead(AbstractChannelHandlerContext.java:355)\n\tat io.netty.handler.timeout.IdleStateHandler.channelRead(IdleStateHandler.java:288)\n\tat io.netty.channel.AbstractChannelHandlerContext.fireChannelRead(AbstractChannelHandlerContext.java:355)\n\tat io.netty.channel.DefaultChannelPipeline$HeadContext.channelRead(DefaultChannelPipeline.java:1429)\n\tat io.netty.channel.DefaultChannelPipeline.fireChannelRead(DefaultChannelPipeline.java:918)\n\tat io.netty.channel.nio.AbstractNioByteChannel$NioByteUnsafe.read(AbstractNioByteChannel.java:176)\n\tat io.netty.channel.nio.AbstractNioChannel$AbstractNioUnsafe.handle(AbstractNioChannel.java:445)\n\tat io.netty.channel.nio.NioIoHandler$DefaultNioRegistration.handle(NioIoHandler.java:388)\n\tat io.netty.channel.nio.NioIoHandler.processSelectedKey(NioIoHandler.java:596)\n\tat io.netty.channel.nio.NioIoHandler.processSelectedKeysOptimized(NioIoHandler.java:571)\n\tat io.netty.channel.nio.NioIoHandler.processSelectedKeys(NioIoHandler.java:512)\n\tat io.netty.channel.nio.NioIoHandler.run(NioIoHandler.java:484)\n\tat io.netty.channel.SingleThreadIoEventLoop.runIo(SingleThreadIoEventLoop.java:225)\n\tat io.netty.channel.SingleThreadIoEventLoop.run(SingleThreadIoEventLoop.java:196)\n\tat io.netty.util.concurrent.SingleThreadEventExecutor$5.run(SingleThreadEventExecutor.java:1195)\n\tat io.netty.util.internal.ThreadExecutorMap$2.run(ThreadExecutorMap.java:74)\n\tat io.netty.util.concurrent.FastThreadLocalRunnable.run(FastThreadLocalRunnable.java:30)\n\tat java.lang.Thread.run(Thread.java:1564)\n"}}
[2026-06-14T11:43:37.231Z] [ALL] 06-14 17:13:37.268   747   747 D io_stats: !@   8,0 r 81868957 1615271225 w 12919555 211009444 d 4283884 262457252 f 0 1127552 iot 29285512 0 th 0 0 0 pt 0 inp 0 0 185723.357
[2026-06-14T11:43:37.444Z] [ALL] 06-14 17:13:37.479  3653  3653 I wpa_supplicant: Heartbeat 6429
[2026-06-14T11:43:37.545Z] [ALL] 06-14 17:13:37.584  1486  3107 I NSLocationMonitor: getGPSUsingApps() called
[2026-06-14T11:43:37.547Z] [ALL] 06-14 17:13:37.585  3066  3105 I NSLocationManager_FLP: getGPSUsingApps, No change
[2026-06-14T11:43:37.565Z] [ALL] 06-14 17:13:37.604  1486  3107 D FreecessHandler: skipping freeze com.whatsapp(10405) result : 2
[2026-06-14T11:43:37.627Z] [ALL] 06-14 17:13:37.665 16811 16850 I appium  : channel read: POST /session/8bf23567-3897-4b6f-aa75-faf6782e4d37/element
[2026-06-14T11:43:37.627Z] [ALL] 06-14 17:13:37.665 16811 16850 I appium  : FindElement command
[2026-06-14T11:43:37.629Z] [ALL] 06-14 17:13:37.666 16811 16850 I appium  : method: 'xpath', selector: '//*[contains(@resource-id, "signup_toggle_btn") or @content-desc="signup_toggle_btn"]'
[2026-06-14T11:43:37.629Z] [ALL] 06-14 17:13:37.667 16811 16850 I appium  : Waiting up to 10000ms for the device to idle
[2026-06-14T11:43:37.629Z] [ALL] 06-14 17:13:37.668 16811 16850 I appium  : The following attributes will be included to the page source: [content-desc, resource-id]
[2026-06-14T11:43:37.890Z] [ALL] 06-14 17:13:37.929 16811 16850 I appium  : Took 0ms to retrieve 0 matches for '//*[contains(@resource-id, "signup_toggle_btn") or @content-desc="signup_toggle_btn"]' XPath2 query
[2026-06-14T11:43:37.894Z] [ALL] 06-14 17:13:37.930 16811 16850 I appium  : AppiumResponse: {"sessionId":"8bf23567-3897-4b6f-aa75-faf6782e4d37","value":{"error":"no such element","message":"An element could not be located on the page using the given search parameters","stacktrace":"io.appium.uiautomator2.common.exceptions.ElementNotFoundException: An element could not be located on the page using the given search parameters\n\tat io.appium.uiautomator2.utils.ElementLocationHelpers.findElement(ElementLocationHelpers.java:153)\n\tat io.appium.uiautomator2.handler.FindElement.safeHandle(FindElement.java:60)\n\tat io.appium.uiautomator2.handler.request.SafeRequestHandler.handle(SafeRequestHandler.java:59)\n\tat io.appium.uiautomator2.server.AppiumServlet.handleRequest(AppiumServlet.java:267)\n\tat io.appium.uiautomator2.server.AppiumServlet.handleHttpRequest(AppiumServlet.java:261)\n\tat io.appium.uiautomator2.http.ServerHandler.channelRead(ServerHandler.java:77)\n\tat io.netty.channel.AbstractChannelHandlerContext.fireChannelRead(AbstractChannelHandlerContext.java:357)\n\tat io.netty.handler.codec.MessageToMessageDecoder.channelRead(MessageToMessageDecoder.java:107)\n\tat io.netty.channel.AbstractChannelHandlerContext.fireChannelRead(AbstractChannelHandlerContext.java:357)\n\tat io.netty.channel.CombinedChannelDuplexHandler$DelegatingChannelHandlerContext.fireChannelRead(CombinedChannelDuplexHandler.java:434)\n\tat io.netty.handler.codec.ByteToMessageDecoder.fireChannelRead(ByteToMessageDecoder.java:361)\n\tat io.netty.handler.codec.ByteToMessageDecoder.channelRead(ByteToMessageDecoder.java:325)\n\tat io.netty.channel.CombinedChannelDuplexHandler.channelRead(CombinedChannelDuplexHandler.java:249)\n\tat io.netty.channel.AbstractChannelHandlerContext.fireChannelRead(AbstractChannelHandlerContext.java:355)\n\tat io.netty.handler.timeout.IdleStateHandler.channelRead(IdleStateHandler.java:288)\n\tat io.netty.channel.AbstractChannelHandlerContext.fireChannelRead(AbstractChannelHandlerContext.java:355)\n\tat io.netty.channel.DefaultChannelPipeline$HeadContext.channelRead(DefaultChannelPipeline.java:1429)\n\tat io.netty.channel.DefaultChannelPipeline.fireChannelRead(DefaultChannelPipeline.java:918)\n\tat io.netty.channel.nio.AbstractNioByteChannel$NioByteUnsafe.read(AbstractNioByteChannel.java:176)\n\tat io.netty.channel.nio.AbstractNioChannel$AbstractNioUnsafe.handle(AbstractNioChannel.java:445)\n\tat io.netty.channel.nio.NioIoHandler$DefaultNioRegistration.handle(NioIoHandler.java:388)\n\tat io.netty.channel.nio.NioIoHandler.processSelectedKey(NioIoHandler.java:596)\n\tat io.netty.channel.nio.NioIoHandler.processSelectedKeysOptimized(NioIoHandler.java:571)\n\tat io.netty.channel.nio.NioIoHandler.processSelectedKeys(NioIoHandler.java:512)\n\tat io.netty.channel.nio.NioIoHandler.run(NioIoHandler.java:484)\n\tat io.netty.channel.SingleThreadIoEventLoop.runIo(SingleThreadIoEventLoop.java:225)\n\tat io.netty.channel.SingleThreadIoEventLoop.run(SingleThreadIoEventLoop.java:196)\n\tat io.netty.util.concurrent.SingleThreadEventExecutor$5.run(SingleThreadEventExecutor.java:1195)\n\tat io.netty.util.internal.ThreadExecutorMap$2.run(ThreadExecutorMap.java:74)\n\tat io.netty.util.concurrent.FastThreadLocalRunnable.run(FastThreadLocalRunnable.java:30)\n\tat java.lang.Thread.run(Thread.java:1564)\n"}}
[2026-06-14T11:43:37.938Z] [ALL] 06-14 17:13:37.976  1486  1856 D SemWifiSwitchForIndividualAppsService: isSkipNetworkCondition - result:2
[2026-06-14T11:43:38.412Z] [ALL] 06-14 17:13:38.450 16811 16850 I appium  : channel read: POST /session/8bf23567-3897-4b6f-aa75-faf6782e4d37/element
[2026-06-14T11:43:38.412Z] [ALL] 06-14 17:13:38.450 16811 16850 I appium  : FindElement command
[2026-06-14T11:43:38.414Z] [ALL] 06-14 17:13:38.451 16811 16850 I appium  : method: 'xpath', selector: '//*[contains(@resource-id, "signup_toggle_btn") or @content-desc="signup_toggle_btn"]'
[2026-06-14T11:43:38.414Z] [ALL] 06-14 17:13:38.451 16811 16850 I appium  : Waiting up to 10000ms for the device to idle
[2026-06-14T11:43:38.414Z] [ALL] 06-14 17:13:38.453 16811 16850 I appium  : The following attributes will be included to the page source: [content-desc, resource-id]
[2026-06-14T11:43:38.485Z] [ALL] 06-14 17:13:38.524  4132  4132 I SDHMS:LOAD: type: LoadsFreqs, value: 13:0:0:606719:1536000:576000:687360:2016000:576000:18:303:0
[2026-06-14T11:43:38.703Z] [ALL] 06-14 17:13:38.741 16811 16850 I appium  : Took 0ms to retrieve 0 matches for '//*[contains(@resource-id, "signup_toggle_btn") or @content-desc="signup_toggle_btn"]' XPath2 query
[2026-06-14T11:43:38.705Z] [ALL] 06-14 17:13:38.742 16811 16850 I appium  : AppiumResponse: {"sessionId":"8bf23567-3897-4b6f-aa75-faf6782e4d37","value":{"error":"no such element","message":"An element could not be located on the page using the given search parameters","stacktrace":"io.appium.uiautomator2.common.exceptions.ElementNotFoundException: An element could not be located on the page using the given search parameters\n\tat io.appium.uiautomator2.utils.ElementLocationHelpers.findElement(ElementLocationHelpers.java:153)\n\tat io.appium.uiautomator2.handler.FindElement.safeHandle(FindElement.java:60)\n\tat io.appium.uiautomator2.handler.request.SafeRequestHandler.handle(SafeRequestHandler.java:59)\n\tat io.appium.uiautomator2.server.AppiumServlet.handleRequest(AppiumServlet.java:267)\n\tat io.appium.uiautomator2.server.AppiumServlet.handleHttpRequest(AppiumServlet.java:261)\n\tat io.appium.uiautomator2.http.ServerHandler.channelRead(ServerHandler.java:77)\n\tat io.netty.channel.AbstractChannelHandlerContext.fireChannelRead(AbstractChannelHandlerContext.java:357)\n\tat io.netty.handler.codec.MessageToMessageDecoder.channelRead(MessageToMessageDecoder.java:107)\n\tat io.netty.channel.AbstractChannelHandlerContext.fireChannelRead(AbstractChannelHandlerContext.java:357)\n\tat io.netty.channel.CombinedChannelDuplexHandler$DelegatingChannelHandlerContext.fireChannelRead(CombinedChannelDuplexHandler.java:434)\n\tat io.netty.handler.codec.ByteToMessageDecoder.fireChannelRead(ByteToMessageDecoder.java:361)\n\tat io.netty.handler.codec.ByteToMessageDecoder.channelRead(ByteToMessageDecoder.java:325)\n\tat io.netty.channel.CombinedChannelDuplexHandler.channelRead(CombinedChannelDuplexHandler.java:249)\n\tat io.netty.channel.AbstractChannelHandlerContext.fireChannelRead(AbstractChannelHandlerContext.java:355)\n\tat io.netty.handler.timeout.IdleStateHandler.channelRead(IdleStateHandler.java:288)\n\tat io.netty.channel.AbstractChannelHandlerContext.fireChannelRead(AbstractChannelHandlerContext.java:355)\n\tat io.netty.channel.DefaultChannelPipeline$HeadContext.channelRead(DefaultChannelPipeline.java:1429)\n\tat io.netty.channel.DefaultChannelPipeline.fireChannelRead(DefaultChannelPipeline.java:918)\n\tat io.netty.channel.nio.AbstractNioByteChannel$NioByteUnsafe.read(AbstractNioByteChannel.java:176)\n\tat io.netty.channel.nio.AbstractNioChannel$AbstractNioUnsafe.handle(AbstractNioChannel.java:445)\n\tat io.netty.channel.nio.NioIoHandler$DefaultNioRegistration.handle(NioIoHandler.java:388)\n\tat io.netty.channel.nio.NioIoHandler.processSelectedKey(NioIoHandler.java:596)\n\tat io.netty.channel.nio.NioIoHandler.processSelectedKeysOptimized(NioIoHandler.java:571)\n\tat io.netty.channel.nio.NioIoHandler.processSelectedKeys(NioIoHandler.java:512)\n\tat io.netty.channel.nio.NioIoHandler.run(NioIoHandler.java:484)\n\tat io.netty.channel.SingleThreadIoEventLoop.runIo(SingleThreadIoEventLoop.java:225)\n\tat io.netty.channel.SingleThreadIoEventLoop.run(SingleThreadIoEventLoop.java:196)\n\tat io.netty.util.concurrent.SingleThreadEventExecutor$5.run(SingleThreadEventExecutor.java:1195)\n\tat io.netty.util.internal.ThreadExecutorMap$2.run(ThreadExecutorMap.java:74)\n\tat io.netty.util.concurrent.FastThreadLocalRunnable.run(FastThreadLocalRunnable.java:30)\n\tat java.lang.Thread.run(Thread.java:1564)\n"}}
[2026-06-14T11:43:38.964Z] [ALL] 06-14 17:13:38.998  1486  1856 D SemWifiSwitchForIndividualAppsService: isSkipNetworkCondition - result:2
[2026-06-14T11:43:39.224Z] [ALL] 06-14 17:13:39.261 16811 16850 I appium  : channel read: POST /session/8bf23567-3897-4b6f-aa75-faf6782e4d37/element
[2026-06-14T11:43:39.224Z] [ALL] 06-14 17:13:39.262 16811 16850 I appium  : FindElement command
[2026-06-14T11:43:39.227Z] [ALL] 06-14 17:13:39.263 16811 16850 I appium  : method: 'xpath', selector: '//*[contains(@resource-id, "signup_toggle_btn") or @content-desc="signup_toggle_btn"]'
[2026-06-14T11:43:39.227Z] [ALL] 06-14 17:13:39.263 16811 16850 I appium  : Waiting up to 10000ms for the device to idle
[2026-06-14T11:43:39.227Z] [ALL] 06-14 17:13:39.265 16811 16850 I appium  : The following attributes will be included to the page source: [content-desc, resource-id]
[2026-06-14T11:43:39.232Z] [ALL] 06-14 17:13:39.269   747   747 D io_stats: !@ Read_top(KB): screencap(18274) 1560 loop28(922) 1544 system_server(1486) 244
[2026-06-14T11:43:39.234Z] [ALL] 06-14 17:13:39.270   747   747 D io_stats: !@ Write_top(KB): kworker/u16:10(18522) 1940 sung.android.ce(7305) 8
[2026-06-14T11:43:39.234Z] [ALL] 06-14 17:13:39.270 16811 16815 I tomator2.server: Method exceeds compiler instruction limit: 19260 in java_cup.runtime.Symbol org.eclipse.wst.xml.xpath2.processor.internal.CUP$XPathCup$actions.CUP$XPathCup$do_action(int, java_cup.runtime.lr_parser, java.util.Stack, int)
[2026-06-14T11:43:39.467Z] [ALL] 06-14 17:13:39.504 16811 16850 I appium  : Took 0ms to retrieve 0 matches for '//*[contains(@resource-id, "signup_toggle_btn") or @content-desc="signup_toggle_btn"]' XPath2 query
[2026-06-14T11:43:39.473Z] [ALL] 06-14 17:13:39.505 16811 16850 I appium  : AppiumResponse: {"sessionId":"8bf23567-3897-4b6f-aa75-faf6782e4d37","value":{"error":"no such element","message":"An element could not be located on the page using the given search parameters","stacktrace":"io.appium.uiautomator2.common.exceptions.ElementNotFoundException: An element could not be located on the page using the given search parameters\n\tat io.appium.uiautomator2.utils.ElementLocationHelpers.findElement(ElementLocationHelpers.java:153)\n\tat io.appium.uiautomator2.handler.FindElement.safeHandle(FindElement.java:60)\n\tat io.appium.uiautomator2.handler.request.SafeRequestHandler.handle(SafeRequestHandler.java:59)\n\tat io.appium.uiautomator2.server.AppiumServlet.handleRequest(AppiumServlet.java:267)\n\tat io.appium.uiautomator2.server.AppiumServlet.handleHttpRequest(AppiumServlet.java:261)\n\tat io.appium.uiautomator2.http.ServerHandler.channelRead(ServerHandler.java:77)\n\tat io.netty.channel.AbstractChannelHandlerContext.fireChannelRead(AbstractChannelHandlerContext.java:357)\n\tat io.netty.handler.codec.MessageToMessageDecoder.channelRead(MessageToMessageDecoder.java:107)\n\tat io.netty.channel.AbstractChannelHandlerContext.fireChannelRead(AbstractChannelHandlerContext.java:357)\n\tat io.netty.channel.CombinedChannelDuplexHandler$DelegatingChannelHandlerContext.fireChannelRead(CombinedChannelDuplexHandler.java:434)\n\tat io.netty.handler.codec.ByteToMessageDecoder.fireChannelRead(ByteToMessageDecoder.java:361)\n\tat io.netty.handler.codec.ByteToMessageDecoder.channelRead(ByteToMessageDecoder.java:325)\n\tat io.netty.channel.CombinedChannelDuplexHandler.channelRead(CombinedChannelDuplexHandler.java:249)\n\tat io.netty.channel.AbstractChannelHandlerContext.fireChannelRead(AbstractChannelHandlerContext.java:355)\n\tat io.netty.handler.timeout.IdleStateHandler.channelRead(IdleStateHandler.java:288)\n\tat io.netty.channel.AbstractChannelHandlerContext.fireChannelRead(AbstractChannelHandlerContext.java:355)\n\tat io.netty.channel.DefaultChannelPipeline$HeadContext.channelRead(DefaultChannelPipeline.java:1429)\n\tat io.netty.channel.DefaultChannelPipeline.fireChannelRead(DefaultChannelPipeline.java:918)\n\tat io.netty.channel.nio.AbstractNioByteChannel$NioByteUnsafe.read(AbstractNioByteChannel.java:176)\n\tat io.netty.channel.nio.AbstractNioChannel$AbstractNioUnsafe.handle(AbstractNioChannel.java:445)\n\tat io.netty.channel.nio.NioIoHandler$DefaultNioRegistration.handle(NioIoHandler.java:388)\n\tat io.netty.channel.nio.NioIoHandler.processSelectedKey(NioIoHandler.java:596)\n\tat io.netty.channel.nio.NioIoHandler.processSelectedKeysOptimized(NioIoHandler.java:571)\n\tat io.netty.channel.nio.NioIoHandler.processSelectedKeys(NioIoHandler.java:512)\n\tat io.netty.channel.nio.NioIoHandler.run(NioIoHandler.java:484)\n\tat io.netty.channel.SingleThreadIoEventLoop.runIo(SingleThreadIoEventLoop.java:225)\n\tat io.netty.channel.SingleThreadIoEventLoop.run(SingleThreadIoEventLoop.java:196)\n\tat io.netty.util.concurrent.SingleThreadEventExecutor$5.run(SingleThreadEventExecutor.java:1195)\n\tat io.netty.util.internal.ThreadExecutorMap$2.run(ThreadExecutorMap.java:74)\n\tat io.netty.util.concurrent.FastThreadLocalRunnable.run(FastThreadLocalRunnable.java:30)\n\tat java.lang.Thread.run(Thread.java:1564)\n"}}
[2026-06-14T11:43:39.544Z] [ALL] 06-14 17:13:39.582  1486  1729 D WifiStaIfaceHidlImpl: getCachedScanData is not implemented by HIDL
[2026-06-14T11:43:39.554Z] [ALL] 06-14 17:13:39.594  1486  3494 D SemWifiUsabilityStatsMonitor: onWifiUsabilityStats - seqNum 24513, isSameBssidAndFreq true
[2026-06-14T11:43:39.565Z] [ALL] 06-14 17:13:39.604  2619  2727 I HoneySpace.StatusIconTracker: invokeEvent() called with: event = Wifi(visible=true, resId=2114459827, activityId=2114459842)
[2026-06-14T11:43:39.568Z] [ALL] 06-14 17:13:39.605  1149  1280 I SurfaceFlinger: Current= 60, Period= 60, hwcPeriod= 60
[2026-06-14T11:43:39.573Z] [ALL] 06-14 17:13:39.610  2072  2072 I EPDG-0 [WifiProfiler]: handleWifiRssiIntent, rssi=-56
[2026-06-14T11:43:39.573Z] [ALL] 06-14 17:13:39.610  2072  2072 I EPDG-0 [WifiProfiler]: isProfiling, hash=189204772, started=true
[2026-06-14T11:43:39.575Z] [ALL] 06-14 17:13:39.614  2072  2072 I EPDG-0 [LogMetrics]: set, type=WIFI_RSSI_LAST, value=-56
[2026-06-14T11:43:39.575Z] [ALL] 06-14 17:13:39.614  2072  2072 I EPDG-0 [WifiProfiler]: isProfiling, hash=189204772, started=true
[2026-06-14T11:43:39.579Z] [ALL] 06-14 17:13:39.618  1486  2138 W SLocation: GeopointGeofenceManger - refresh wifi to receive loc
[2026-06-14T11:43:39.581Z] [ALL] 06-14 17:13:39.620  1486  2138 D SLocation: GeopointGeofenceManger - Location reported : fix method = 14 / 20.514
[2026-06-14T11:43:39.584Z] [ALL] 06-14 17:13:39.623  1486  2138 D SLocation: ReceiverPair - ignore direction of location due to wifi, id = 2, reason = 400
[2026-06-14T11:43:39.587Z] [ALL] 06-14 17:13:39.626  2072  2072 I EPDG-0 [WifiProfiler]: Rssi : -56 highrange : -75 lowrange : -85 mIsRssiInHystersis : false
[2026-06-14T11:43:39.587Z] [ALL] 06-14 17:13:39.626  2072  2072 I EPDG-0 [WifiProfiler]: Rssi : -56 highrange : -75 lowrange : -85 mIsRssiInHystersis : false
[2026-06-14T11:43:39.587Z] [ALL] 06-14 17:13:39.626  2072  2072 I EPDG-0 [Subscription]: isEpdgAvailable, IwlanPsState=2/2
[2026-06-14T11:43:39.587Z] [ALL] 06-14 17:13:39.626  2072  2072 I EPDG-0 [WifiProfiler]: getHandoverThresholdMet: value is: false
[2026-06-14T11:43:39.597Z] [ALL] 06-14 17:13:39.636  1149  1317 D SurfaceFlinger: setDesiredMode 4633128672291736000 {mode={fps=120.00 Hz, modePtr={id=0, vsyncRate=120.00 Hz, peakRefreshRate=120.00 Hz}}, emitEvent=false, force=false}
[2026-06-14T11:43:39.600Z] [ALL] 06-14 17:13:39.639  1486  2138 D SLocation: AlarmManagerWrapper - next alarm time : 268912162 (WK)
[2026-06-14T11:43:39.607Z] [ALL] 06-14 17:13:39.646  1149  1280 I SurfaceFlinger: Current= 60, Period= 120, hwcPeriod= 60
[2026-06-14T11:43:39.617Z] [ALL] 06-14 17:13:39.654  1149  1149 I SurfaceFlinger: SFWD update time=185725742531675
[2026-06-14T11:43:39.626Z] [ALL] 06-14 17:13:39.656  1149  1149 I SurfaceFlinger: StatusBar$_2112#94 voted NoVote (0.00 Hz)
[2026-06-14T11:43:39.626Z] [ALL] 06-14 17:13:39.656  1149  1149 I SurfaceFlinger: No layers with votes - choose 120.00 Hz
[2026-06-14T11:43:39.626Z] [ALL] 06-14 17:13:39.658  1149  1149 D SurfaceFlinger: initiateModeChange 4633128672291736000 {mode={fps=120.00 Hz, modePtr={id=0, vsyncRate=120.00 Hz, peakRefreshRate=120.00 Hz}}, emitEvent=false, force=false}
[2026-06-14T11:43:39.626Z] [ALL] 06-14 17:13:39.658  1149  1149 I SurfaceFlinger: [4633128672291736000] ActiveConfigToHWC, ID : 3
[2026-06-14T11:43:39.626Z] [ALL] 06-14 17:13:39.662  1062  1062 D display : setActiveConfigWithConstraints:: PrimaryDisplay config(3)
[2026-06-14T11:43:39.626Z] [ALL] 06-14 17:13:39.662  1062  1062 I display : Current VRR MODE is 3
[2026-06-14T11:43:39.626Z] [ALL] 06-14 17:13:39.662  1062  1062 I display : setActiveConfigWithConstraints:: HFR match - config: 3, base: 3, try: 1
[2026-06-14T11:43:39.626Z] [ALL] 06-14 17:13:39.662  1062  1062 I display : setActiveConfigWithConstraints::update 1080x2340@120hs
[2026-06-14T11:43:39.626Z] [ALL] 06-14 17:13:39.663  1062  1062 I display : commit modeset : 1080x2340@120hs
[2026-06-14T11:43:39.645Z] [ALL] 06-14 17:13:39.678  1062  1062 W display : deliverWinConfigData:: commit modeset time (15 ms)
[2026-06-14T11:43:39.650Z] [ALL] 06-14 17:13:39.682  1149  1149 I SurfaceFlinger: finalizeDisplayModeChange 4633128672291736000
[2026-06-14T11:43:39.662Z] [ALL] 06-14 17:13:39.694  1062  1159 I display : [compareVsyncPeriod] set the lowest(mode:0) vsync 83 of display(0)
[2026-06-14T11:43:39.665Z] [ALL] 06-14 17:13:39.705  1062  1159 I display : getFpsForPerformance, performance table found using table(key:120, cpu:255)
[2026-06-14T11:43:39.665Z] [ALL] 06-14 17:13:39.705  1062  1159 I display : Set m2mMPP capacity(4) for fps(120)
[2026-06-14T11:43:39.668Z] [ALL] 06-14 17:13:39.706  1062  1159 I display : getFpsForPerformance, performance table found using table(key:120, cpu:255)
[2026-06-14T11:43:39.668Z] [ALL] 06-14 17:13:39.707  1062  1159 I display : Set Affinity config for fps(120) : cpuIDs : 255
[2026-06-14T11:43:39.668Z] [ALL] 06-14 17:13:39.707  1062  1159 I display : Set Affinity CPU ID : 0
[2026-06-14T11:43:39.669Z] [ALL] 06-14 17:13:39.708  1062  1159 I display : Set Affinity CPU ID : 1
[2026-06-14T11:43:39.670Z] [ALL] 06-14 17:13:39.708  1062  1159 I display : Set Affinity CPU ID : 2
[2026-06-14T11:43:39.670Z] [ALL] 06-14 17:13:39.709  1062  1159 I display : Set Affinity CPU ID : 3
[2026-06-14T11:43:39.673Z] [ALL] 06-14 17:13:39.710  1062  1159 I display : Set Affinity CPU ID : 4
[2026-06-14T11:43:39.673Z] [ALL] 06-14 17:13:39.711  1062  1159 I display : Set Affinity CPU ID : 5
[2026-06-14T11:43:39.673Z] [ALL] 06-14 17:13:39.711  1062  1159 I display : Set Affinity CPU ID : 6
[2026-06-14T11:43:39.673Z] [ALL] 06-14 17:13:39.711  1062  1159 I display : Set Affinity CPU ID : 7
[2026-06-14T11:43:39.673Z] [ALL] 06-14 17:13:39.711  1062  1159 I display : Set affinity HWC : 1062
[2026-06-14T11:43:39.674Z] [ALL] 06-14 17:13:39.712  1062  1159 I display : CPU set : Cluster(0), min_clock(0)
[2026-06-14T11:43:39.674Z] [ALL] 06-14 17:13:39.712  1062  1159 I display : CPU set : Cluster(1), min_clock(0)
[2026-06-14T11:43:39.674Z] [ALL] 06-14 17:13:39.712  1062  1159 I display : CPU set : Cluster(2), min_clock(0)
[2026-06-14T11:43:39.674Z] [ALL] 06-14 17:13:39.713  1149  1280 I SurfaceFlinger: Current= 60, Period= 120, hwcPeriod= 120
[2026-06-14T11:43:39.852Z] [ALL] 06-14 17:13:39.888  1149  1317 D SurfaceFlinger: setDesiredMode 4633128672291736000 {mode={fps=60.00 Hz, modePtr={id=1, vsyncRate=60.00 Hz, peakRefreshRate=60.00 Hz}}, emitEvent=false, force=false}
[2026-06-14T11:43:39.855Z] [ALL] 06-14 17:13:39.893  1149  1149 I SurfaceFlinger: StatusBar$_2112#94 voted NoVote (0.00 Hz)
[2026-06-14T11:43:39.855Z] [ALL] 06-14 17:13:39.893  1149  1149 I SurfaceFlinger: IdleFps - choose 60.00 Hz
[2026-06-14T11:43:39.858Z] [ALL] 06-14 17:13:39.894  1149  1149 D SurfaceFlinger: initiateModeChange 4633128672291736000 {mode={fps=60.00 Hz, modePtr={id=1, vsyncRate=60.00 Hz, peakRefreshRate=60.00 Hz}}, emitEvent=false, force=false}
[2026-06-14T11:43:39.858Z] [ALL] 06-14 17:13:39.894  1149  1149 I SurfaceFlinger: [4633128672291736000] ActiveConfigToHWC, ID : 4
[2026-06-14T11:43:39.865Z] [ALL] 06-14 17:13:39.898  1149  1280 I SurfaceFlinger: Current= 120, Period= 60, hwcPeriod= 120
[2026-06-14T11:43:39.865Z] [ALL] 06-14 17:13:39.901  1062  1062 D display : setActiveConfigWithConstraints:: PrimaryDisplay config(4)
[2026-06-14T11:43:39.865Z] [ALL] 06-14 17:13:39.901  1062  1062 I display : Current VRR MODE is 3
[2026-06-14T11:43:39.865Z] [ALL] 06-14 17:13:39.901  1062  1062 I display : setActiveConfigWithConstraints:: HFR match - config: 5, base: 4, try: 0
[2026-06-14T11:43:39.865Z] [ALL] 06-14 17:13:39.901  1062  1062 I display : setActiveConfigWithConstraints::update 1080x2340@60phs
[2026-06-14T11:43:39.865Z] [ALL] 06-14 17:13:39.902  1062  1062 I display : commit modeset : 1080x2340@60phs
[2026-06-14T11:43:39.888Z] [ALL] 06-14 17:13:39.920  1062  1062 W display : deliverWinConfigData:: commit modeset time (18 ms)
[2026-06-14T11:43:39.888Z] [ALL] 06-14 17:13:39.922  1062  1159 I display : [compareVsyncPeriod] set the lowest(mode:0) vsync 166 of display(0)
[2026-06-14T11:43:39.888Z] [ALL] 06-14 17:13:39.922  1062  1159 I display : getFpsForPerformance, performance table found using table(key:60, cpu:255)
[2026-06-14T11:43:39.888Z] [ALL] 06-14 17:13:39.922  1062  1159 I display : Set m2mMPP capacity(8) for fps(60)
[2026-06-14T11:43:39.888Z] [ALL] 06-14 17:13:39.922  1062  1159 I display : getFpsForPerformance, performance table found using table(key:60, cpu:255)
[2026-06-14T11:43:39.888Z] [ALL] 06-14 17:13:39.922  1062  1159 I display : Set Affinity config for fps(60) : cpuIDs : 255
[2026-06-14T11:43:39.888Z] [ALL] 06-14 17:13:39.922  1062  1159 I display : Set Affinity CPU ID : 0
[2026-06-14T11:43:39.888Z] [ALL] 06-14 17:13:39.922  1062  1159 I display : Set Affinity CPU ID : 1
[2026-06-14T11:43:39.888Z] [ALL] 06-14 17:13:39.922  1062  1159 I display : Set Affinity CPU ID : 2
[2026-06-14T11:43:39.888Z] [ALL] 06-14 17:13:39.922  1062  1159 I display : Set Affinity CPU ID : 3
[2026-06-14T11:43:39.888Z] [ALL] 06-14 17:13:39.922  1062  1159 I display : Set Affinity CPU ID : 4
[2026-06-14T11:43:39.888Z] [ALL] 06-14 17:13:39.922  1062  1159 I display : Set Affinity CPU ID : 5
[2026-06-14T11:43:39.888Z] [ALL] 06-14 17:13:39.922  1062  1159 I display : Set Affinity CPU ID : 6
[2026-06-14T11:43:39.888Z] [ALL] 06-14 17:13:39.922  1062  1159 I display : Set Affinity CPU ID : 7
[2026-06-14T11:43:39.888Z] [ALL] 06-14 17:13:39.922  1062  1159 I display : Set affinity HWC : 1062
[2026-06-14T11:43:39.890Z] [ALL] 06-14 17:13:39.922  1149  1149 D SurfaceFlinger: GPIS:: requestGpisForSFSluggish
[2026-06-14T11:43:39.890Z] [ALL] 06-14 17:13:39.923  1149  1149 I SurfaceFlinger: finalizeDisplayModeChange 4633128672291736000
[2026-06-14T11:43:39.890Z] [ALL] 06-14 17:13:39.925  1062  1159 I display : CPU set : Cluster(0), min_clock(0)
[2026-06-14T11:43:39.890Z] [ALL] 06-14 17:13:39.925  1062  1159 I display : CPU set : Cluster(1), min_clock(0)
[2026-06-14T11:43:39.890Z] [ALL] 06-14 17:13:39.925  1062  1159 I display : CPU set : Cluster(2), min_clock(0)
[2026-06-14T11:43:39.890Z] [ALL] 06-14 17:13:39.926  1149  1280 I SurfaceFlinger: Current= 120, Period= 60, hwcPeriod= 60
[2026-06-14T11:43:39.982Z] [ALL] 06-14 17:13:40.020  1486  1856 D SemWifiSwitchForIndividualAppsService: isSkipNetworkCondition - result:2
[2026-06-14T11:43:39.991Z] [ALL] 06-14 17:13:40.031 16811 16850 I appium  : channel read: POST /session/8bf23567-3897-4b6f-aa75-faf6782e4d37/element
[2026-06-14T11:43:39.992Z] [ALL] 06-14 17:13:40.032 16811 16850 I appium  : FindElement command
[2026-06-14T11:43:39.994Z] [ALL] 06-14 17:13:40.033 16811 16850 I appium  : method: 'xpath', selector: '//*[contains(@resource-id, "signup_toggle_btn") or @content-desc="signup_toggle_btn"]'
[2026-06-14T11:43:39.994Z] [ALL] 06-14 17:13:40.034 16811 16850 I appium  : Waiting up to 10000ms for the device to idle
[2026-06-14T11:43:39.995Z] [ALL] 06-14 17:13:40.035 16811 16850 I appium  : The following attributes will be included to the page source: [content-desc, resource-id]
[2026-06-14T11:43:40.081Z] [ALL] 06-14 17:13:40.120  1486  2138 D SLocation: WifiBssidMonitor - requestRefresh
[2026-06-14T11:43:40.086Z] [ALL] 06-14 17:13:40.124  1486  2138 W SLocation: WifiBssidMonitor - connected wifi : (14:33:75:**:**:ca/766)
[2026-06-14T11:43:40.199Z] [ALL] 06-14 17:13:40.238 16811 16850 I appium  : Took 0ms to retrieve 0 matches for '//*[contains(@resource-id, "signup_toggle_btn") or @content-desc="signup_toggle_btn"]' XPath2 query
[2026-06-14T11:43:40.202Z] [ALL] 06-14 17:13:40.239 16811 16850 I appium  : AppiumResponse: {"sessionId":"8bf23567-3897-4b6f-aa75-faf6782e4d37","value":{"error":"no such element","message":"An element could not be located on the page using the given search parameters","stacktrace":"io.appium.uiautomator2.common.exceptions.ElementNotFoundException: An element could not be located on the page using the given search parameters\n\tat io.appium.uiautomator2.utils.ElementLocationHelpers.findElement(ElementLocationHelpers.java:153)\n\tat io.appium.uiautomator2.handler.FindElement.safeHandle(FindElement.java:60)\n\tat io.appium.uiautomator2.handler.request.SafeRequestHandler.handle(SafeRequestHandler.java:59)\n\tat io.appium.uiautomator2.server.AppiumServlet.handleRequest(AppiumServlet.java:267)\n\tat io.appium.uiautomator2.server.AppiumServlet.handleHttpRequest(AppiumServlet.java:261)\n\tat io.appium.uiautomator2.http.ServerHandler.channelRead(ServerHandler.java:77)\n\tat io.netty.channel.AbstractChannelHandlerContext.fireChannelRead(AbstractChannelHandlerContext.java:357)\n\tat io.netty.handler.codec.MessageToMessageDecoder.channelRead(MessageToMessageDecoder.java:107)\n\tat io.netty.channel.AbstractChannelHandlerContext.fireChannelRead(AbstractChannelHandlerContext.java:357)\n\tat io.netty.channel.CombinedChannelDuplexHandler$DelegatingChannelHandlerContext.fireChannelRead(CombinedChannelDuplexHandler.java:434)\n\tat io.netty.handler.codec.ByteToMessageDecoder.fireChannelRead(ByteToMessageDecoder.java:361)\n\tat io.netty.handler.codec.ByteToMessageDecoder.channelRead(ByteToMessageDecoder.java:325)\n\tat io.netty.channel.CombinedChannelDuplexHandler.channelRead(CombinedChannelDuplexHandler.java:249)\n\tat io.netty.channel.AbstractChannelHandlerContext.fireChannelRead(AbstractChannelHandlerContext.java:355)\n\tat io.netty.handler.timeout.IdleStateHandler.channelRead(IdleStateHandler.java:288)\n\tat io.netty.channel.AbstractChannelHandlerContext.fireChannelRead(AbstractChannelHandlerContext.java:355)\n\tat io.netty.channel.DefaultChannelPipeline$HeadContext.channelRead(DefaultChannelPipeline.java:1429)\n\tat io.netty.channel.DefaultChannelPipeline.fireChannelRead(DefaultChannelPipeline.java:918)\n\tat io.netty.channel.nio.AbstractNioByteChannel$NioByteUnsafe.read(AbstractNioByteChannel.java:176)\n\tat io.netty.channel.nio.AbstractNioChannel$AbstractNioUnsafe.handle(AbstractNioChannel.java:445)\n\tat io.netty.channel.nio.NioIoHandler$DefaultNioRegistration.handle(NioIoHandler.java:388)\n\tat io.netty.channel.nio.NioIoHandler.processSelectedKey(NioIoHandler.java:596)\n\tat io.netty.channel.nio.NioIoHandler.processSelectedKeysOptimized(NioIoHandler.java:571)\n\tat io.netty.channel.nio.NioIoHandler.processSelectedKeys(NioIoHandler.java:512)\n\tat io.netty.channel.nio.NioIoHandler.run(NioIoHandler.java:484)\n\tat io.netty.channel.SingleThreadIoEventLoop.runIo(SingleThreadIoEventLoop.java:225)\n\tat io.netty.channel.SingleThreadIoEventLoop.run(SingleThreadIoEventLoop.java:196)\n\tat io.netty.util.concurrent.SingleThreadEventExecutor$5.run(SingleThreadEventExecutor.java:1195)\n\tat io.netty.util.internal.ThreadExecutorMap$2.run(ThreadExecutorMap.java:74)\n\tat io.netty.util.concurrent.FastThreadLocalRunnable.run(FastThreadLocalRunnable.java:30)\n\tat java.lang.Thread.run(Thread.java:1564)\n"}}
[2026-06-14T11:43:40.727Z] [ALL] 06-14 17:13:40.765 16811 16850 I appium  : channel read: POST /session/8bf23567-3897-4b6f-aa75-faf6782e4d37/element
[2026-06-14T11:43:40.727Z] [ALL] 06-14 17:13:40.766 16811 16850 I appium  : FindElement command
[2026-06-14T11:43:40.729Z] [ALL] 06-14 17:13:40.766 16811 16850 I appium  : method: 'xpath', selector: '//*[contains(@resource-id, "signup_toggle_btn") or @content-desc="signup_toggle_btn"]'
[2026-06-14T11:43:40.729Z] [ALL] 06-14 17:13:40.767 16811 16850 I appium  : Waiting up to 10000ms for the device to idle
[2026-06-14T11:43:40.729Z] [ALL] 06-14 17:13:40.768 16811 16850 I appium  : The following attributes will be included to the page source: [content-desc, resource-id]
[2026-06-14T11:43:40.992Z] [ALL] 06-14 17:13:41.031  1486  1856 D SemWifiSwitchForIndividualAppsService: isSkipNetworkCondition - result:2
[2026-06-14T11:43:41.017Z] [ALL] 06-14 17:13:41.056 16811 16850 I appium  : Took 0ms to retrieve 0 matches for '//*[contains(@resource-id, "signup_toggle_btn") or @content-desc="signup_toggle_btn"]' XPath2 query
[2026-06-14T11:43:41.020Z] [ALL] 06-14 17:13:41.057 16811 16850 I appium  : AppiumResponse: {"sessionId":"8bf23567-3897-4b6f-aa75-faf6782e4d37","value":{"error":"no such element","message":"An element could not be located on the page using the given search parameters","stacktrace":"io.appium.uiautomator2.common.exceptions.ElementNotFoundException: An element could not be located on the page using the given search parameters\n\tat io.appium.uiautomator2.utils.ElementLocationHelpers.findElement(ElementLocationHelpers.java:153)\n\tat io.appium.uiautomator2.handler.FindElement.safeHandle(FindElement.java:60)\n\tat io.appium.uiautomator2.handler.request.SafeRequestHandler.handle(SafeRequestHandler.java:59)\n\tat io.appium.uiautomator2.server.AppiumServlet.handleRequest(AppiumServlet.java:267)\n\tat io.appium.uiautomator2.server.AppiumServlet.handleHttpRequest(AppiumServlet.java:261)\n\tat io.appium.uiautomator2.http.ServerHandler.channelRead(ServerHandler.java:77)\n\tat io.netty.channel.AbstractChannelHandlerContext.fireChannelRead(AbstractChannelHandlerContext.java:357)\n\tat io.netty.handler.codec.MessageToMessageDecoder.channelRead(MessageToMessageDecoder.java:107)\n\tat io.netty.channel.AbstractChannelHandlerContext.fireChannelRead(AbstractChannelHandlerContext.java:357)\n\tat io.netty.channel.CombinedChannelDuplexHandler$DelegatingChannelHandlerContext.fireChannelRead(CombinedChannelDuplexHandler.java:434)\n\tat io.netty.handler.codec.ByteToMessageDecoder.fireChannelRead(ByteToMessageDecoder.java:361)\n\tat io.netty.handler.codec.ByteToMessageDecoder.channelRead(ByteToMessageDecoder.java:325)\n\tat io.netty.channel.CombinedChannelDuplexHandler.channelRead(CombinedChannelDuplexHandler.java:249)\n\tat io.netty.channel.AbstractChannelHandlerContext.fireChannelRead(AbstractChannelHandlerContext.java:355)\n\tat io.netty.handler.timeout.IdleStateHandler.channelRead(IdleStateHandler.java:288)\n\tat io.netty.channel.AbstractChannelHandlerContext.fireChannelRead(AbstractChannelHandlerContext.java:355)\n\tat io.netty.channel.DefaultChannelPipeline$HeadContext.channelRead(DefaultChannelPipeline.java:1429)\n\tat io.netty.channel.DefaultChannelPipeline.fireChannelRead(DefaultChannelPipeline.java:918)\n\tat io.netty.channel.nio.AbstractNioByteChannel$NioByteUnsafe.read(AbstractNioByteChannel.java:176)\n\tat io.netty.channel.nio.AbstractNioChannel$AbstractNioUnsafe.handle(AbstractNioChannel.java:445)\n\tat io.netty.channel.nio.NioIoHandler$DefaultNioRegistration.handle(NioIoHandler.java:388)\n\tat io.netty.channel.nio.NioIoHandler.processSelectedKey(NioIoHandler.java:596)\n\tat io.netty.channel.nio.NioIoHandler.processSelectedKeysOptimized(NioIoHandler.java:571)\n\tat io.netty.channel.nio.NioIoHandler.processSelectedKeys(NioIoHandler.java:512)\n\tat io.netty.channel.nio.NioIoHandler.run(NioIoHandler.java:484)\n\tat io.netty.channel.SingleThreadIoEventLoop.runIo(SingleThreadIoEventLoop.java:225)\n\tat io.netty.channel.SingleThreadIoEventLoop.run(SingleThreadIoEventLoop.java:196)\n\tat io.netty.util.concurrent.SingleThreadEventExecutor$5.run(SingleThreadEventExecutor.java:1195)\n\tat io.netty.util.internal.ThreadExecutorMap$2.run(ThreadExecutorMap.java:74)\n\tat io.netty.util.concurrent.FastThreadLocalRunnable.run(FastThreadLocalRunnable.java:30)\n\tat java.lang.Thread.run(Thread.java:1564)\n"}}
[2026-06-14T11:43:41.044Z] [ALL] 06-14 17:13:41.082 16811 16850 I appium  : channel read: POST /session/8bf23567-3897-4b6f-aa75-faf6782e4d37/element
[2026-06-14T11:43:41.046Z] [ALL] 06-14 17:13:41.083 16811 16850 I appium  : FindElement command
[2026-06-14T11:43:41.046Z] [ALL] 06-14 17:13:41.084 16811 16850 I appium  : method: 'xpath', selector: '//*[contains(@resource-id, "signup_toggle_btn") or @content-desc="signup_toggle_btn"]'
[2026-06-14T11:43:41.046Z] [ALL] 06-14 17:13:41.084 16811 16850 I appium  : Waiting up to 10000ms for the device to idle
[2026-06-14T11:43:41.046Z] [ALL] 06-14 17:13:41.085 16811 16850 I appium  : The following attributes will be included to the page source: [content-desc, resource-id]
[2026-06-14T11:43:41.201Z] [ALL] 06-14 17:13:41.239 16811 16850 I appium  : Took 0ms to retrieve 0 matches for '//*[contains(@resource-id, "signup_toggle_btn") or @content-desc="signup_toggle_btn"]' XPath2 query
[2026-06-14T11:43:41.205Z] [ALL] 06-14 17:13:41.240 16811 16850 I appium  : AppiumResponse: {"sessionId":"8bf23567-3897-4b6f-aa75-faf6782e4d37","value":{"error":"no such element","message":"An element could not be located on the page using the given search parameters","stacktrace":"io.appium.uiautomator2.common.exceptions.ElementNotFoundException: An element could not be located on the page using the given search parameters\n\tat io.appium.uiautomator2.utils.ElementLocationHelpers.findElement(ElementLocationHelpers.java:153)\n\tat io.appium.uiautomator2.handler.FindElement.safeHandle(FindElement.java:60)\n\tat io.appium.uiautomator2.handler.request.SafeRequestHandler.handle(SafeRequestHandler.java:59)\n\tat io.appium.uiautomator2.server.AppiumServlet.handleRequest(AppiumServlet.java:267)\n\tat io.appium.uiautomator2.server.AppiumServlet.handleHttpRequest(AppiumServlet.java:261)\n\tat io.appium.uiautomator2.http.ServerHandler.channelRead(ServerHandler.java:77)\n\tat io.netty.channel.AbstractChannelHandlerContext.fireChannelRead(AbstractChannelHandlerContext.java:357)\n\tat io.netty.handler.codec.MessageToMessageDecoder.channelRead(MessageToMessageDecoder.java:107)\n\tat io.netty.channel.AbstractChannelHandlerContext.fireChannelRead(AbstractChannelHandlerContext.java:357)\n\tat io.netty.channel.CombinedChannelDuplexHandler$DelegatingChannelHandlerContext.fireChannelRead(CombinedChannelDuplexHandler.java:434)\n\tat io.netty.handler.codec.ByteToMessageDecoder.fireChannelRead(ByteToMessageDecoder.java:361)\n\tat io.netty.handler.codec.ByteToMessageDecoder.channelRead(ByteToMessageDecoder.java:325)\n\tat io.netty.channel.CombinedChannelDuplexHandler.channelRead(CombinedChannelDuplexHandler.java:249)\n\tat io.netty.channel.AbstractChannelHandlerContext.fireChannelRead(AbstractChannelHandlerContext.java:355)\n\tat io.netty.handler.timeout.IdleStateHandler.channelRead(IdleStateHandler.java:288)\n\tat io.netty.channel.AbstractChannelHandlerContext.fireChannelRead(AbstractChannelHandlerContext.java:355)\n\tat io.netty.channel.DefaultChannelPipeline$HeadContext.channelRead(DefaultChannelPipeline.java:1429)\n\tat io.netty.channel.DefaultChannelPipeline.fireChannelRead(DefaultChannelPipeline.java:918)\n\tat io.netty.channel.nio.AbstractNioByteChannel$NioByteUnsafe.read(AbstractNioByteChannel.java:176)\n\tat io.netty.channel.nio.AbstractNioChannel$AbstractNioUnsafe.handle(AbstractNioChannel.java:445)\n\tat io.netty.channel.nio.NioIoHandler$DefaultNioRegistration.handle(NioIoHandler.java:388)\n\tat io.netty.channel.nio.NioIoHandler.processSelectedKey(NioIoHandler.java:596)\n\tat io.netty.channel.nio.NioIoHandler.processSelectedKeysOptimized(NioIoHandler.java:571)\n\tat io.netty.channel.nio.NioIoHandler.processSelectedKeys(NioIoHandler.java:512)\n\tat io.netty.channel.nio.NioIoHandler.run(NioIoHandler.java:484)\n\tat io.netty.channel.SingleThreadIoEventLoop.runIo(SingleThreadIoEventLoop.java:225)\n\tat io.netty.channel.SingleThreadIoEventLoop.run(SingleThreadIoEventLoop.java:196)\n\tat io.netty.util.concurrent.SingleThreadEventExecutor$5.run(SingleThreadEventExecutor.java:1195)\n\tat io.netty.util.internal.ThreadExecutorMap$2.run(ThreadExecutorMap.java:74)\n\tat io.netty.util.concurrent.FastThreadLocalRunnable.run(FastThreadLocalRunnable.java:30)\n\tat java.lang.Thread.run(Thread.java:1564)\n"}}
[2026-06-14T11:43:41.221Z] [ALL] 06-14 17:13:41.261 16811 16850 I appium  : channel read: POST /session/8bf23567-3897-4b6f-aa75-faf6782e4d37/elements
[2026-06-14T11:43:41.223Z] [ALL] 06-14 17:13:41.262 16811 16850 I appium  : FindElements command
[2026-06-14T11:43:41.223Z] [ALL] 06-14 17:13:41.262 16811 16850 I appium  : method: 'xpath', selector: '//*[contains(@resource-id, "signup_toggle_btn") or @content-desc="signup_toggle_btn"]'
[2026-06-14T11:43:41.223Z] [ALL] 06-14 17:13:41.263 16811 16850 I appium  : Waiting up to 10000ms for the device to idle
[2026-06-14T11:43:41.225Z] [ALL] 06-14 17:13:41.264 16811 16850 I appium  : The following attributes will be included to the page source: [content-desc, resource-id]
[2026-06-14T11:43:41.233Z] [ALL] 06-14 17:13:41.271   747   747 D io_stats: !@   8,0 r 81868957 1615271225 w 12919558 211009584 d 4283884 262457252 f 0 1127552 iot 29285516 0 th 0 0 0 pt 0 inp 0 0 185727.360
[2026-06-14T11:43:41.240Z] [ALL] 06-14 17:13:41.278  5214  5214 D BoundBrokerSvc: onUnbind: Intent { act=com.google.android.gms.auth.aang.events.services.START dat=chimera-action:/... xflg=0x4 cmp=com.google.android.gms/.chimera.PersistentApiService }
[2026-06-14T11:43:41.351Z] [ALL] 06-14 17:13:41.390 16811 16850 I appium  : Took 0ms to retrieve 0 matches for '//*[contains(@resource-id, "signup_toggle_btn") or @content-desc="signup_toggle_btn"]' XPath2 query
[2026-06-14T11:43:41.351Z] [ALL] 06-14 17:13:41.390 16811 16850 I appium  : Found zero matches
[2026-06-14T11:43:41.353Z] [ALL] 06-14 17:13:41.391 16811 16850 I appium  : AppiumResponse: {"sessionId":"8bf23567-3897-4b6f-aa75-faf6782e4d37","value":[]}
[2026-06-14T11:43:41.995Z] [ALL] 06-14 17:13:41.934 16811 16850 I appium  : channel read: POST /session/8bf23567-3897-4b6f-aa75-faf6782e4d37/elements
[2026-06-14T11:43:41.995Z] [ALL] 06-14 17:13:41.934 16811 16850 I appium  : FindElements command
[2026-06-14T11:43:41.999Z] [ALL] 06-14 17:13:41.935 16811 16850 I appium  : method: 'xpath', selector: '//*[contains(@resource-id, "signup_toggle_btn") or @content-desc="signup_toggle_btn"]'
[2026-06-14T11:43:41.999Z] [ALL] 06-14 17:13:41.935 16811 16850 I appium  : Waiting up to 10000ms for the device to idle
[2026-06-14T11:43:41.999Z] [ALL] 06-14 17:13:41.937 16811 16850 I appium  : The following attributes will be included to the page source: [content-desc, resource-id]
[2026-06-14T11:43:41.999Z] [ALL] 06-14 17:13:41.943 16811 16815 I tomator2.server: Method exceeds compiler instruction limit: 19260 in java_cup.runtime.Symbol org.eclipse.wst.xml.xpath2.processor.internal.CUP$XPathCup$actions.CUP$XPathCup$do_action(int, java_cup.runtime.lr_parser, java.util.Stack, int)
[2026-06-14T11:43:42.208Z] [ALL] 06-14 17:13:42.246 16811 16850 I appium  : Took 0ms to retrieve 0 matches for '//*[contains(@resource-id, "signup_toggle_btn") or @content-desc="signup_toggle_btn"]' XPath2 query
[2026-06-14T11:43:42.208Z] [ALL] 06-14 17:13:42.247 16811 16850 I appium  : Found zero matches
[2026-06-14T11:43:42.211Z] [ALL] 06-14 17:13:42.248 16811 16850 I appium  : AppiumResponse: {"sessionId":"8bf23567-3897-4b6f-aa75-faf6782e4d37","value":[]}
[2026-06-14T11:43:42.229Z] [ALL] 06-14 17:13:42.267  5214  5214 D BoundBrokerSvc: onUnbind: Intent { act=com.google.android.gms.libs.gmscorelogger.service.START dat=chimera-action:/... xflg=0x4 cmp=com.google.android.gms/.chimera.PersistentDirectBootAwareApiService }
[2026-06-14T11:43:42.377Z] [ALL] 06-14 17:13:42.413  1486  1860 D WifiConnectivityMonitor.NetworkStatsAnalyzer: Backhaul result - RSSI:-54, CE:12, PE:12, TI:19, PTI:19, TW:0, PTW:0, Tx:319, Rx:323, TxS:67, RxS:67, RESULT:true, IC:0, ICT:5, WC:0, WCT:5, R:0, RC:0, IE:0, EC:0
[2026-06-14T11:43:42.583Z] [ALL] 06-14 17:13:42.621  1486  1729 D WifiStaIfaceHidlImpl: getCachedScanData is not implemented by HIDL
[2026-06-14T11:43:42.592Z] [ALL] 06-14 17:13:42.629  1486  3494 D SemWifiUsabilityStatsMonitor: onWifiUsabilityStats - seqNum 24514, isSameBssidAndFreq true
[2026-06-14T11:43:42.601Z] [ALL] 06-14 17:13:42.639  2072  2072 I EPDG-0 [WifiProfiler]: handleWifiRssiIntent, rssi=-55
[2026-06-14T11:43:42.604Z] [ALL] 06-14 17:13:42.640  2072  2072 I EPDG-0 [WifiProfiler]: isProfiling, hash=189204772, started=true
[2026-06-14T11:43:42.604Z] [ALL] 06-14 17:13:42.641  1486  1858 D WifiConnectivityMonitor: Stop WCM Poll. cnt : 9
[2026-06-14T11:43:42.604Z] [ALL] 06-14 17:13:42.642  1486  1858 D WifiConnectivityMonitor: Unregister WifiLinkQualityMonitorCallback
[2026-06-14T11:43:42.607Z] [ALL] 06-14 17:13:42.644  1486  1830 I SemWifiLinkQualityMonitor: LQ callback unregistered
[2026-06-14T11:43:42.610Z] [ALL] 06-14 17:13:42.646  2072  2072 I EPDG-0 [LogMetrics]: set, type=WIFI_RSSI_LAST, value=-55
[2026-06-14T11:43:42.610Z] [ALL] 06-14 17:13:42.646  2072  2072 I EPDG-0 [WifiProfiler]: isProfiling, hash=189204772, started=true
[2026-06-14T11:43:42.610Z] [ALL] 06-14 17:13:42.648  2072  2072 I EPDG-0 [WifiProfiler]: Rssi : -55 highrange : -75 lowrange : -85 mIsRssiInHystersis : false
[2026-06-14T11:43:42.610Z] [ALL] 06-14 17:13:42.648  2072  2072 I EPDG-0 [WifiProfiler]: Rssi : -55 highrange : -75 lowrange : -85 mIsRssiInHystersis : false
[2026-06-14T11:43:42.610Z] [ALL] 06-14 17:13:42.648  2072  2072 I EPDG-0 [Subscription]: isEpdgAvailable, IwlanPsState=2/2
[2026-06-14T11:43:42.613Z] [ALL] 06-14 17:13:42.648  2072  2072 I EPDG-0 [WifiProfiler]: getHandoverThresholdMet: value is: false
[2026-06-14T11:43:42.683Z] [ALL] 06-14 17:13:42.721  4132  5524 I SDHMS:x : SIOP:: AP:386 BAT:367 USB:357 CHG:387 PA:392 CP:389 WIFI:382 BLK:0 SUBBAT:0 LRPTHM:376 SKIN:359 SKINF:354 SKINB:359 LRP:359 LRP2:359 LRF2:354 LRB2:359 AP2:358 CHG2:350 MEM2:357 WIFI2:359 SPK2:343 VAP02:392 VWIFI:383 AVGCUR:4 AVGSYS:371 POWER:17
[2026-06-14T11:43:42.698Z] [ALL] 06-14 17:13:42.736  1486  1486 D SemWifiP2pGoPowerSave: GopsReceiver : received : com.samsung.intent.action.CHECK_SIOP_LEVEL
[2026-06-14T11:43:42.698Z] [ALL] 06-14 17:13:42.736  1486  1486 I SemWifiP2pGoPowerSave: siop_level = -1
[2026-06-14T11:43:42.716Z] [ALL] 06-14 17:13:42.750  1067  1067 D SensorsFlicker: Als_common::setDelay, handle : 1 time : 10000000ns
[2026-06-14T11:43:42.716Z] [ALL] 06-14 17:13:42.753  1067  1067 D SensorsFlicker: Als_common::enable, handle : 1, mode : 1, en : 1
[2026-06-14T11:43:42.716Z] [ALL] 06-14 17:13:42.754  1067  1067 D SensorsFlicker: Als_common::sendCommand, send enable command
[2026-06-14T11:43:42.724Z] [ALL] 06-14 17:13:42.762 16811 16850 I appium  : channel read: POST /session/8bf23567-3897-4b6f-aa75-faf6782e4d37/elements
[2026-06-14T11:43:42.726Z] [ALL] 06-14 17:13:42.763 16811 16850 I appium  : FindElements command
[2026-06-14T11:43:42.726Z] [ALL] 06-14 17:13:42.764 16811 16850 I appium  : method: 'xpath', selector: '//*[contains(@resource-id, "signup_toggle_btn") or @content-desc="signup_toggle_btn"]'
[2026-06-14T11:43:42.726Z] [ALL] 06-14 17:13:42.765 16811 16850 I appium  : Waiting up to 10000ms for the device to idle
[2026-06-14T11:43:42.728Z] [ALL] 06-14 17:13:42.766 16811 16850 I appium  : The following attributes will be included to the page source: [content-desc, resource-id]
[2026-06-14T11:43:42.776Z] [ALL] 06-14 17:13:42.813  1486  2684 D SemContextService: lock : registerCallback
[2026-06-14T11:43:42.781Z] [ALL] 06-14 17:13:42.815  1486  2684 W CAE     : registerCallback(ContextAwareService.java:188) - [regi 01] Mutex is locked for TEST_FLAT_MOTION
[2026-06-14T11:43:42.781Z] [ALL] 06-14 17:13:42.815  1486  2684 W CAE     : registerCallback(ContextAwareService.java:195) - [regi 04]  com.samsung.android.contextaware.ContextAwareManager$CaListenerDelegate@3bca55e
[2026-06-14T11:43:42.783Z] [ALL] 06-14 17:13:42.816  1486  2684 W CAE     : getListener(ListenerListManager.java:127) - [getListener1]  com.samsung.android.contextaware.ContextAwareManager$CaListenerDelegate@3bca55e
[2026-06-14T11:43:42.784Z] [ALL] 06-14 17:13:42.816  1486  2684 W CAE     : getListener(ListenerListManager.java:128) - [getListener2]  com.samsung.android.contextaware.manager.ContextAwareService$Listener@6a02e99
[2026-06-14T11:43:42.784Z] [ALL] 06-14 17:13:42.817  1486  2684 V CAE     : start(ContextProvider.java:128)
[2026-06-14T11:43:42.784Z] [ALL] 06-14 17:13:42.817  1486  2684 V CAE     : clear(TestFlatMotionRunner.java:126)
[2026-06-14T11:43:42.784Z] [ALL] 06-14 17:13:42.818  1486  2684 V CAE     : enable(TestFlatMotionRunner.java:102)
[2026-06-14T11:43:42.784Z] [ALL] 06-14 17:13:42.819  1486  1720 D SensorService: setSContextDataLocked ints length 2 , byte length 4
[2026-06-14T11:43:42.784Z] [ALL] 06-14 17:13:42.819  1486  1720 D SensorService: setSContextDataLocked 17b1
[2026-06-14T11:43:42.784Z] [ALL] 06-14 17:13:42.820  1067  1067 I SensorsHub: SContextSensor::injecet_sensor_data
[2026-06-14T11:43:42.784Z] [ALL] 06-14 17:13:42.820  1067  1067 D SensorsHub: b1 17 00 00  
[2026-06-14T11:43:42.784Z] [ALL] 06-14 17:13:42.820  1067  1067 D SensorsHub: inject_scontext_data: New ssp_data_injection_fd(31)
[2026-06-14T11:43:42.784Z] [ALL] 06-14 17:13:42.820  1067  1067 D SensorsHub: SContext Data Injection return 64
[2026-06-14T11:43:42.787Z] [ALL] 06-14 17:13:42.822  1486  2684 D CAE     : getFaultDetectionResult(TestFlatMotionRunner.java:139) - true
[2026-06-14T11:43:42.787Z] [ALL] 06-14 17:13:42.822  1486  2684 I CAE     : notifyCmdProcessResultObserver(ContextProvider.java:627) - CheckResult = 0, Cause = Success
[2026-06-14T11:43:42.787Z] [ALL] 06-14 17:13:42.825  1486  2684 D CAE     : doCommendProcess(ContextAwareService.java:396) - complete notify the operation result.
[2026-06-14T11:43:42.792Z] [ALL] 06-14 17:13:42.826  1486  2684 I CAE     : displayUsedCountForService(ContextAwareService.java:460) - totalCnt = 1, serviceCount = 1, subCollectionCount = 0
[2026-06-14T11:43:42.792Z] [ALL] 06-14 17:13:42.826  1486  2684 D CAE     : showListenerList(ContextAwareService.java:325) - ===== Context Aware Service List =====
[2026-06-14T11:43:42.792Z] [ALL] 06-14 17:13:42.827  1486  2684 I CAE     : showListenerList(ContextAwareService.java:334) - Listener : com.samsung.android.contextaware.manager.ContextAwareService$Listener@6a02e99, Service : ACTIVITY_TRACKER_INTERRUPT(1)
[2026-06-14T11:43:42.792Z] [ALL] 06-14 17:13:42.827  1486  2684 I CAE     : showListenerList(ContextAwareService.java:334) - Listener : com.samsung.android.contextaware.manager.ContextAwareService$Listener@6a02e99, Service : ACTIVITY_TRACKER_CURRENT_INFO(1)
[2026-06-14T11:43:42.792Z] [ALL] 06-14 17:13:42.828  1486  2684 I CAE     : showListenerList(ContextAwareService.java:334) - Listener : com.samsung.android.contextaware.manager.ContextAwareService$Listener@6a02e99, Service : ACTIVITY_TRACKER_BATCH(1)
[2026-06-14T11:43:42.792Z] [ALL] 06-14 17:13:42.828  1486  2684 I CAE     : showListenerList(ContextAwareService.java:334) - Listener : com.samsung.android.contextaware.manager.ContextAwareService$Listener@6a02e99, Service : PEDOMETER(1)
[2026-06-14T11:43:42.792Z] [ALL] 06-14 17:13:42.828  1486  2684 I CAE     : showListenerList(ContextAwareService.java:334) - Listener : com.samsung.android.contextaware.manager.ContextAwareService$Listener@6a02e99, Service : SLOCATION_RUNNER(1)
[2026-06-14T11:43:42.798Z] [ALL] 06-14 17:13:42.829  1486  2684 I CAE     : showListenerList(ContextAwareService.java:334) - Listener : com.samsung.android.contextaware.manager.ContextAwareService$Listener@6a02e99, Service : FREE_FALL_DETECTION(1)
[2026-06-14T11:43:42.798Z] [ALL] 06-14 17:13:42.829  1486  2684 I CAE     : showListenerList(ContextAwareService.java:334) - Listener : com.samsung.android.contextaware.manager.ContextAwareService$Listener@6a02e99, Service : TEST_FLAT_MOTION(1)
[2026-06-14T11:43:42.798Z] [ALL] 06-14 17:13:42.829  1486  2684 I CAE     : showListenerList(ContextAwareService.java:334) - Listener : com.samsung.android.contextaware.manager.ContextAwareService$Listener@6a02e99, Service : PEDOMETER_CURRENT_INFO(1)
[2026-06-14T11:43:42.798Z] [ALL] 06-14 17:13:42.830  1486  2684 I CAE     : showListenerList(ContextAwareService.java:334) - Listener : com.samsung.android.contextaware.manager.ContextAwareService$Listener@6a02e99, Service : ACTIVITY_TRACKER(1)
[2026-06-14T11:43:42.798Z] [ALL] 06-14 17:13:42.830  1486  2684 W CAE     : registerCallback(ContextAwareService.java:209) - [regi 02] Mutex is unlocked for TEST_FLAT_MOTION
[2026-06-14T11:43:42.798Z] [ALL] 06-14 17:13:42.830  1486  2684 E SemContext.CaeProvider: setAttribute() : attribute is null!
[2026-06-14T11:43:42.801Z] [ALL] 06-14 17:13:42.830  1486  2684 D SemContextService: 	.registerCallback : 7, client= com.sec.android.sdhms
[2026-06-14T11:43:42.801Z] [ALL] 06-14 17:13:42.830  1486  2684 D SemContextService: unlock : registerCallback
[2026-06-14T11:43:42.801Z] [ALL] 06-14 17:13:42.837  1486  4349 E SensorService: BigData:Pakage) 5 already enabled. 
[2026-06-14T11:43:42.813Z] [ALL] 06-14 17:13:42.850  1067  1067 I SensorsHub: batch: handle=5 period=200000000 timeout=0
[2026-06-14T11:43:42.903Z] [ALL] 06-14 17:13:42.940  1067  1067 D SensorsFlicker: Als_common::setDelay, handle : 1 time : 10000000ns
[2026-06-14T11:43:42.911Z] [ALL] 06-14 17:13:42.948  1067  1067 D SensorsFlicker: Als_common::enable, handle : 1, mode : 1, en : 0
[2026-06-14T11:43:42.911Z] [ALL] 06-14 17:13:42.948  1067  1067 D SensorsFlicker: Als_common::sendCommand, send disable command
[2026-06-14T11:43:42.998Z] [ALL] 06-14 17:13:43.034 16811 16850 I appium  : Took 0ms to retrieve 0 matches for '//*[contains(@resource-id, "signup_toggle_btn") or @content-desc="signup_toggle_btn"]' XPath2 query
[2026-06-14T11:43:42.998Z] [ALL] 06-14 17:13:43.034 16811 16850 I appium  : Found zero matches
[2026-06-14T11:43:42.998Z] [ALL] 06-14 17:13:43.035 16811 16850 I appium  : AppiumResponse: {"sessionId":"8bf23567-3897-4b6f-aa75-faf6782e4d37","value":[]}
[2026-06-14T11:43:43.200Z] [ALL] 06-14 17:13:43.238  1486  2684 E SensorService: BigData:Pakage) 5 already disabled. 
[2026-06-14T11:43:43.204Z] [ALL] 06-14 17:13:43.239  1067  1067 I SensorsHub: batch: handle=5 period=200000000 timeout=0
[2026-06-14T11:43:43.236Z] [ALL] 06-14 17:13:43.274   747   747 D io_stats: !@ Write_top(KB): kworker/u16:10(18522) 140
[2026-06-14T11:43:43.519Z] [ALL] 06-14 17:13:43.556 16811 16850 I appium  : channel read: POST /session/8bf23567-3897-4b6f-aa75-faf6782e4d37/elements
[2026-06-14T11:43:43.519Z] [ALL] 06-14 17:13:43.557 16811 16850 I appium  : FindElements command
[2026-06-14T11:43:43.522Z] [ALL] 06-14 17:13:43.558 16811 16850 I appium  : method: 'xpath', selector: '//*[contains(@resource-id, "signup_toggle_btn") or @content-desc="signup_toggle_btn"]'
[2026-06-14T11:43:43.522Z] [ALL] 06-14 17:13:43.558 16811 16850 I appium  : Waiting up to 10000ms for the device to idle
[2026-06-14T11:43:43.522Z] [ALL] 06-14 17:13:43.559 16811 16850 I appium  : The following attributes will be included to the page source: [content-desc, resource-id]
[2026-06-14T11:43:43.561Z] [ALL] 06-14 17:13:43.598  1067  1177 I SensorsHub: context 4 0 3 1,1,23,1, 265316138547958
[2026-06-14T11:43:43.565Z] [ALL] 06-14 17:13:43.604  1486  1718 D CAE     : onGetSensorHubData(SensorHubParserProvider.java:92) - onGetSensorHubData Event [event buffer len :4], AP_WAKEUP
[2026-06-14T11:43:43.569Z] [ALL] 06-14 17:13:43.607  1486  1718 I CAE     : parse(SensorHubParserProvider.java:188) - buffer size = 4
[2026-06-14T11:43:43.569Z] [ALL] 06-14 17:13:43.608  1486  1718 I CAE     : parse(SensorHubParserProvider.java:199) - 1, 1, 23, 1,
[2026-06-14T11:43:43.571Z] [ALL] 06-14 17:13:43.608  1486  1718 D CAE     : display(ContextProvider.java:375) - ================= TEST_FLAT_MOTION =================
[2026-06-14T11:43:43.571Z] [ALL] 06-14 17:13:43.609  1486  1718 I CAE     : display(ContextProvider.java:391) - Action=[1]
[2026-06-14T11:43:43.573Z] [ALL] 06-14 17:13:43.612  1486  1715 D SemContextService: Service.updateContext() : service = Device Position
[2026-06-14T11:43:43.577Z] [ALL] 06-14 17:13:43.615  1486  4349 D SemContextService: lock : unregisterCallback
[2026-06-14T11:43:43.577Z] [ALL] 06-14 17:13:43.616  1486  4349 D SemContextService: Service.removeListenerLocked() : listener = com.samsung.android.hardware.context.SemContextService$Listener@7453db2, service = Device Position, used = 0
[2026-06-14T11:43:43.579Z] [ALL] 06-14 17:13:43.616  1486  4349 W CAE     : unregisterCallback(ContextAwareService.java:230) - [unregi 01] Mutex is locked for TEST_FLAT_MOTION
[2026-06-14T11:43:43.580Z] [ALL] 06-14 17:13:43.616  1486  4349 W CAE     : getListener(ListenerListManager.java:127) - [getListener1]  com.samsung.android.contextaware.ContextAwareManager$CaListenerDelegate@3bca55e
[2026-06-14T11:43:43.580Z] [ALL] 06-14 17:13:43.617  1486  4349 W CAE     : getListener(ListenerListManager.java:128) - [getListener2]  com.samsung.android.contextaware.manager.ContextAwareService$Listener@6a02e99
[2026-06-14T11:43:43.582Z] [ALL] 06-14 17:13:43.617  1486  4349 V CAE     : stop(ContextProvider.java:155)
[2026-06-14T11:43:43.582Z] [ALL] 06-14 17:13:43.618  1486  4349 V CAE     : clear(TestFlatMotionRunner.java:126)
[2026-06-14T11:43:43.582Z] [ALL] 06-14 17:13:43.618  1486  4349 V CAE     : disable(TestFlatMotionRunner.java:115)
[2026-06-14T11:43:43.585Z] [ALL] 06-14 17:13:43.619  1486  1720 D SensorService: setSContextDataLocked ints length 2 , byte length 4
[2026-06-14T11:43:43.585Z] [ALL] 06-14 17:13:43.620  1486  1720 D SensorService: setSContextDataLocked 17b2
[2026-06-14T11:43:43.587Z] [ALL] 06-14 17:13:43.620  1067  1067 I SensorsHub: SContextSensor::injecet_sensor_data
[2026-06-14T11:43:43.587Z] [ALL] 06-14 17:13:43.620  1067  1067 D SensorsHub: b2 17 00 00  
[2026-06-14T11:43:43.587Z] [ALL] 06-14 17:13:43.620  1067  1067 D SensorsHub: inject_scontext_data: New ssp_data_injection_fd(31)
[2026-06-14T11:43:43.587Z] [ALL] 06-14 17:13:43.620  1067  1067 D SensorsHub: SContext Data Injection return 64
[2026-06-14T11:43:43.587Z] [ALL] 06-14 17:13:43.622  1486  4349 D CAE     : getFaultDetectionResult(TestFlatMotionRunner.java:139) - true
[2026-06-14T11:43:43.587Z] [ALL] 06-14 17:13:43.623  1486  4349 I CAE     : notifyCmdProcessResultObserver(ContextProvider.java:627) - CheckResult = 0, Cause = Success
[2026-06-14T11:43:43.587Z] [ALL] 06-14 17:13:43.626  1486  3107 I NSLocationMonitor: getGPSUsingApps() called
[2026-06-14T11:43:43.590Z] [ALL] 06-14 17:13:43.628  3066  3105 I NSLocationManager_FLP: getGPSUsingApps, No change
[2026-06-14T11:43:43.596Z] [ALL] 06-14 17:13:43.634  1486  4349 D CAE     : doCommendProcess(ContextAwareService.java:396) - complete notify the operation result.
[2026-06-14T11:43:43.599Z] [ALL] 06-14 17:13:43.637  1486  4349 I CAE     : displayUsedCountForService(ContextAwareService.java:460) - totalCnt = 0, serviceCount = 0, subCollectionCount = 0
[2026-06-14T11:43:43.603Z] [ALL] 06-14 17:13:43.640  1486  4349 D CAE     : showListenerList(ContextAwareService.java:325) - ===== Context Aware Service List =====
[2026-06-14T11:43:43.603Z] [ALL] 06-14 17:13:43.641  1486  4349 I CAE     : showListenerList(ContextAwareService.java:334) - Listener : com.samsung.android.contextaware.manager.ContextAwareService$Listener@6a02e99, Service : ACTIVITY_TRACKER_INTERRUPT(1)
[2026-06-14T11:43:43.603Z] [ALL] 06-14 17:13:43.641  1486  4349 I CAE     : showListenerList(ContextAwareService.java:334) - Listener : com.samsung.android.contextaware.manager.ContextAwareService$Listener@6a02e99, Service : ACTIVITY_TRACKER_CURRENT_INFO(1)
[2026-06-14T11:43:43.603Z] [ALL] 06-14 17:13:43.641  1486  4349 I CAE     : showListenerList(ContextAwareService.java:334) - Listener : com.samsung.android.contextaware.manager.ContextAwareService$Listener@6a02e99, Service : ACTIVITY_TRACKER_BATCH(1)
[2026-06-14T11:43:43.605Z] [ALL] 06-14 17:13:43.642  1486  4349 I CAE     : showListenerList(ContextAwareService.java:334) - Listener : com.samsung.android.contextaware.manager.ContextAwareService$Listener@6a02e99, Service : PEDOMETER(1)
[2026-06-14T11:43:43.605Z] [ALL] 06-14 17:13:43.642  1486  4349 I CAE     : showListenerList(ContextAwareService.java:334) - Listener : com.samsung.android.contextaware.manager.ContextAwareService$Listener@6a02e99, Service : SLOCATION_RUNNER(1)
[2026-06-14T11:43:43.605Z] [ALL] 06-14 17:13:43.642  1486  4349 I CAE     : showListenerList(ContextAwareService.java:334) - Listener : com.samsung.android.contextaware.manager.ContextAwareService$Listener@6a02e99, Service : FREE_FALL_DETECTION(1)
[2026-06-14T11:43:43.605Z] [ALL] 06-14 17:13:43.643  1486  4349 I CAE     : showListenerList(ContextAwareService.java:334) - Listener : com.samsung.android.contextaware.manager.ContextAwareService$Listener@6a02e99, Service : PEDOMETER_CURRENT_INFO(1)
[2026-06-14T11:43:43.605Z] [ALL] 06-14 17:13:43.643  1486  4349 I CAE     : showListenerList(ContextAwareService.java:334) - Listener : com.samsung.android.contextaware.manager.ContextAwareService$Listener@6a02e99, Service : ACTIVITY_TRACKER(1)
[2026-06-14T11:43:43.605Z] [ALL] 06-14 17:13:43.643  1486  4349 W CAE     : unregisterCallback(ContextAwareService.java:251) - [unregi 02] Mutex is unlocked for TEST_FLAT_MOTION
[2026-06-14T11:43:43.609Z] [ALL] 06-14 17:13:43.643  1486  4349 D SemContextService: 	.unregisterCallback : 7, client= com.sec.android.sdhms
[2026-06-14T11:43:43.609Z] [ALL] 06-14 17:13:43.644  1486  4349 D SemContextService: unlock : unregisterCallback
[2026-06-14T11:43:43.616Z] [ALL] 06-14 17:13:43.655  1486  3107 D FreecessHandler: skipping freeze com.whatsapp(10405) result : 2
[2026-06-14T11:43:43.836Z] [ALL] 06-14 17:13:43.874 16811 16850 I appium  : Took 0ms to retrieve 0 matches for '//*[contains(@resource-id, "signup_toggle_btn") or @content-desc="signup_toggle_btn"]' XPath2 query
[2026-06-14T11:43:43.836Z] [ALL] 06-14 17:13:43.875 16811 16850 I appium  : Found zero matches
[2026-06-14T11:43:43.840Z] [ALL] 06-14 17:13:43.875 16811 16850 I appium  : AppiumResponse: {"sessionId":"8bf23567-3897-4b6f-aa75-faf6782e4d37","value":[]}
[2026-06-14T11:43:44.364Z] [ALL] 06-14 17:13:44.402 16811 16850 I appium  : channel read: POST /session/8bf23567-3897-4b6f-aa75-faf6782e4d37/elements
[2026-06-14T11:43:44.364Z] [ALL] 06-14 17:13:44.402 16811 16850 I appium  : FindElements command
[2026-06-14T11:43:44.366Z] [ALL] 06-14 17:13:44.403 16811 16850 I appium  : method: 'xpath', selector: '//*[contains(@resource-id, "signup_toggle_btn") or @content-desc="signup_toggle_btn"]'
[2026-06-14T11:43:44.366Z] [ALL] 06-14 17:13:44.403 16811 16850 I appium  : Waiting up to 10000ms for the device to idle
[2026-06-14T11:43:44.366Z] [ALL] 06-14 17:13:44.405 16811 16850 I appium  : The following attributes will be included to the page source: [content-desc, resource-id]
[2026-06-14T11:43:44.614Z] [ALL] 06-14 17:13:44.650 16811 16850 I appium  : Took 0ms to retrieve 0 matches for '//*[contains(@resource-id, "signup_toggle_btn") or @content-desc="signup_toggle_btn"]' XPath2 query
[2026-06-14T11:43:44.614Z] [ALL] 06-14 17:13:44.650 16811 16850 I appium  : Found zero matches
[2026-06-14T11:43:44.618Z] [ALL] 06-14 17:13:44.651 16811 16850 I appium  : AppiumResponse: {"sessionId":"8bf23567-3897-4b6f-aa75-faf6782e4d37","value":[]}
[2026-06-14T11:43:44.839Z] [ALL] 06-14 17:13:44.869  1486  1556 D PowerManagerService: abuse wakelock package : io.appium.uiautomator2.server
[2026-06-14T11:43:44.842Z] [ALL] 06-14 17:13:44.870  1486  1556 D EdgeLightingManager: hideForWakeLock is no more used
[2026-06-14T11:43:44.842Z] [ALL] 06-14 17:13:44.871  1486  1556 D PowerManagerService: UserActivityState : 1 -> 2 groupId=0
[2026-06-14T11:43:44.842Z] [ALL] 06-14 17:13:44.872  1486  1556 D PowerManagerService: displayReady: false groupId=0
[2026-06-14T11:43:44.842Z] [ALL] 06-14 17:13:44.873  1486  1556 D DisplayPowerController[0]: animateScreenStateChange: target=ON, mIsEnabled=true
[2026-06-14T11:43:44.842Z] [ALL] 06-14 17:13:44.877  1486  1556 W DisplayPowerController[0]: Animating brightness: target=12(0.05), rate=0.706, reason=manual[31] -> dim[12]
[2026-06-14T11:43:44.842Z] [ALL] 06-14 17:13:44.880  1486  1556 D DisplayManagerService: handleBrightnessAnimation: started=true
[2026-06-14T11:43:44.846Z] [ALL] 06-14 17:13:44.882  1486  1556 D RefreshRateTokenController: Adding refreshRateToken={ RefreshRateToken[->PassiveModeToken:BrightnessAnim, acquire at 185730970 (now)},
[2026-06-14T11:43:44.846Z] [ALL] 06-14 17:13:44.882  1486  1556 D RefreshRateTokenController:     caller=com.android.server.display.mode.RefreshRateController.createPassiveModeToken:33 com.android.server.display.DisplayManagerService$$ExternalSyntheticLambda0.accept:387 com.android.server.display.DisplayPowerController.animateScreenBrightness:256 com.android.server.display.DisplayPowerController.updatePowerStateInternal:2570 com.android.server.display.DisplayPowerController.updatePowerState:9 
[2026-06-14T11:43:44.848Z] [ALL] 06-14 17:13:44.886  1149  1280 I SurfaceFlinger: Current= 60, Period= 60, hwcPeriod= 60
[2026-06-14T11:43:44.851Z] [ALL] 06-14 17:13:44.888  1486  1486 I MdnieScenarioControlService: action  :  com.samsung.server.PowerManagerService.action.USER_ACTIVITY
[2026-06-14T11:43:44.853Z] [ALL] 06-14 17:13:44.892  1486  1556 D DisplayPowerController[0]: saveBrightnessInfo: brt:0.12085039 adjBrt:0.047058824 min:0.0 max:1.0 hbm:0 tp:1.0 throttler:0 isAnimating:true
[2026-06-14T11:43:44.853Z] [ALL] 06-14 17:13:44.892  1486  1556 V DisplayPowerController[0]: Brightness [0.047058824] reason changing to: 'manual [ dim ]', previous reason: 'manual'.
[2026-06-14T11:43:44.856Z] [ALL] 06-14 17:13:44.892  1486  1556 I DisplayPowerController[0]: BrightnessEvent: brt=0.047058824(38.0%), nits=11.368, lux=-1.0, reason=manual [ dim ], strat=FallbackBrightnessStrategy, state=ON, stateReason=DEFAULT_POLICY, policy=DIM, flags=, initBrt=0.12085039, rcmdBrt=NaN, preBrt=NaN, preLux=0.0, wasShortTermModelActive=false, autoBrightness=false (default), unclampedBrt=0.12085039, hbmMax=1.0, hbmMode=off, thrmMax=1.0, rbcStrength=-1, powerFactor=1.0, physDisp=Built-in Screen(local:4633128672291736000), logicalId=0, slowChange=false, rampSpeed=0.7058823
[2026-06-14T11:43:44.858Z] [ALL] 06-14 17:13:44.896  1486  1556 D PowerManagerService: displayReady: true groupId=0
[2026-06-14T11:43:44.865Z] [ALL] 06-14 17:13:44.900  1486  1880 D HdrSolution_HdrDisplayNitMapper: updataTargetNit--------------mLightSensorData: 111.0, scaleRatio: 6.35, target: 31.502->200
[2026-06-14T11:43:44.865Z] [ALL] 06-14 17:13:44.902  1486  1880 D BrightnessHandler: inject brightness = 29.0, Brightness: 0.114279926
[2026-06-14T11:43:44.868Z] [ALL] 06-14 17:13:44.904  1067  1067 I SensorsHub: LightSensor::injectSensorData: brightness 29
[2026-06-14T11:43:44.868Z] [ALL] 06-14 17:13:44.906  1486  1880 D BrightnessHandler: inject brightness = 29.0, Brightness: 0.114279926
[2026-06-14T11:43:44.868Z] [ALL] 06-14 17:13:44.907  1067  1067 I SensorsHub: LightSensor::injectSensorData: brightness 29
[2026-06-14T11:43:44.873Z] [ALL] 06-14 17:13:44.909  1486  1880 D LocalDisplayAdapter: surface lcd : 29(0.058), 29(0.058), main +
[2026-06-14T11:43:44.873Z] [ALL] 06-14 17:13:44.912  1486  1517 D BrightnessSynchronizer: onDisplayChanged() : displayId=0
[2026-06-14T11:43:44.875Z] [ALL] 06-14 17:13:44.913  1486  1517 D BrightnessSynchronizer: updateScreenBrightness: displayId=0 type=2 mPreferredSettingValue=0.12085039(31) currentBrightnessInt=31 currentBrightnessIntFromFloat=31(0.12085039)
[2026-06-14T11:43:44.878Z] [ALL] 06-14 17:13:44.915  2112  2112 D SecBrightnessController: updateSlider() - BrightnessDialog resetTimer()
[2026-06-14T11:43:44.883Z] [ALL] 06-14 17:13:44.920  1062  1062 I display : HWC brightness (0.057935, 29)
[2026-06-14T11:43:44.886Z] [ALL] 06-14 17:13:44.922  1486  1880 D LocalDisplayAdapter: surface lcd : 29(0.058), 29(0.058), main -
[2026-06-14T11:43:44.886Z] [ALL] 06-14 17:13:44.924  1486  1880 D HdrSolution_HdrDisplayNitMapper: updataTargetNit--------------mLightSensorData: 111.0, scaleRatio: 7.25, target: 27.597->200
[2026-06-14T11:43:44.889Z] [ALL] 06-14 17:13:44.926  1486  1880 D BrightnessHandler: inject brightness = 26.0, Brightness: 0.103544
[2026-06-14T11:43:44.891Z] [ALL] 06-14 17:13:44.928  1067  1067 I SensorsHub: LightSensor::injectSensorData: brightness 26
[2026-06-14T11:43:44.892Z] [ALL] 06-14 17:13:44.929  1486  1880 D BrightnessHandler: inject brightness = 26.0, Brightness: 0.103544
[2026-06-14T11:43:44.892Z] [ALL] 06-14 17:13:44.930  1067  1067 I SensorsHub: LightSensor::injectSensorData: brightness 26
[2026-06-14T11:43:44.894Z] [ALL] 06-14 17:13:44.931  1486  1880 D LocalDisplayAdapter: surface lcd : 26(0.052), 26(0.052), main +
[2026-06-14T11:43:44.902Z] [ALL] 06-14 17:13:44.941  1062  1062 I display : HWC brightness (0.052492, 26)
[2026-06-14T11:43:44.905Z] [ALL] 06-14 17:13:44.942  1486  1880 D LocalDisplayAdapter: surface lcd : 26(0.052), 26(0.052), main -
[2026-06-14T11:43:44.907Z] [ALL] 06-14 17:13:44.945  1486  1880 D HdrSolution_HdrDisplayNitMapper: updataTargetNit--------------mLightSensorData: 111.0, scaleRatio: 9.9, target: 20.2->200
[2026-06-14T11:43:44.910Z] [ALL] 06-14 17:13:44.948  1486  1880 D BrightnessHandler: inject brightness = 20.0, Brightness: 0.08001459
[2026-06-14T11:43:44.914Z] [ALL] 06-14 17:13:44.949  1067  1067 I SensorsHub: LightSensor::injectSensorData: brightness 20
[2026-06-14T11:43:44.914Z] [ALL] 06-14 17:13:44.951  1486  1880 D BrightnessHandler: inject brightness = 20.0, Brightness: 0.08001459
[2026-06-14T11:43:44.916Z] [ALL] 06-14 17:13:44.953  1067  1067 I SensorsHub: LightSensor::injectSensorData: brightness 20
[2026-06-14T11:43:44.916Z] [ALL] 06-14 17:13:44.955  1486  1880 D LocalDisplayAdapter: surface lcd : 20(0.041), 20(0.041), main +
[2026-06-14T11:43:44.927Z] [ALL] 06-14 17:13:44.964  1062  1062 I display : HWC brightness (0.040564, 20)
[2026-06-14T11:43:44.932Z] [ALL] 06-14 17:13:44.966  1486  1880 D LocalDisplayAdapter: surface lcd : 20(0.041), 20(0.041), main -
[2026-06-14T11:43:44.935Z] [ALL] 06-14 17:13:44.968  1486  1880 D HdrSolution_HdrDisplayNitMapper: updataTargetNit--------------mLightSensorData: 111.0, scaleRatio: 11.95, target: 16.734->200
[2026-06-14T11:43:44.935Z] [ALL] 06-14 17:13:44.972  1486  1880 D BrightnessHandler: inject brightness = 17.0, Brightness: 0.06824988
[2026-06-14T11:43:44.937Z] [ALL] 06-14 17:13:44.974  1067  1067 I SensorsHub: LightSensor::injectSensorData: brightness 17
[2026-06-14T11:43:44.937Z] [ALL] 06-14 17:13:44.976  1486  1880 D BrightnessHandler: inject brightness = 17.0, Brightness: 0.06824988
[2026-06-14T11:43:44.940Z] [ALL] 06-14 17:13:44.977  1067  1067 I SensorsHub: LightSensor::injectSensorData: brightness 17
[2026-06-14T11:43:44.943Z] [ALL] 06-14 17:13:44.979  1486  1880 D LocalDisplayAdapter: surface lcd : 17(0.035), 17(0.035), main +
[2026-06-14T11:43:44.950Z] [ALL] 06-14 17:13:44.986  1486  1556 D DisplayPowerController[0]: animateScreenStateChange: target=ON, mIsEnabled=true
[2026-06-14T11:43:44.952Z] [ALL] 06-14 17:13:44.988  1486  1556 D DisplayPowerController[0]: saveBrightnessInfo: brt:0.12085039 adjBrt:0.047058824 min:0.0 max:1.0 hbm:0 tp:1.0 throttler:0 isAnimating:false
[2026-06-14T11:43:44.952Z] [ALL] 06-14 17:13:44.988  1062  1062 I display : HWC brightness (0.034600, 17)
[2026-06-14T11:43:44.952Z] [ALL] 06-14 17:13:44.990  1486  1880 D LocalDisplayAdapter: surface lcd : 17(0.035), 17(0.035), main -
[2026-06-14T11:43:44.960Z] [ALL] 06-14 17:13:44.995  1486  1880 D HdrSolution_HdrDisplayNitMapper: updataTargetNit--------------mLightSensorData: 111.0, scaleRatio: 17.59, target: 11.368->200
[2026-06-14T11:43:44.960Z] [ALL] 06-14 17:13:44.996  1486  1517 D BrightnessSynchronizer: onDisplayChanged() : displayId=0
[2026-06-14T11:43:44.963Z] [ALL] 06-14 17:13:45.000  1486  1880 D BrightnessHandler: inject brightness = 12.0, Brightness: 0.047058824
[2026-06-14T11:43:44.963Z] [ALL] 06-14 17:13:45.001  1067  1067 I SensorsHub: LightSensor::injectSensorData: brightness 12
[2026-06-14T11:43:44.966Z] [ALL] 06-14 17:13:45.003  1486  1880 D BrightnessHandler: inject brightness = 12.0, Brightness: 0.047058824
[2026-06-14T11:43:44.966Z] [ALL] 06-14 17:13:45.004  1067  1067 I SensorsHub: LightSensor::injectSensorData: brightness 12
[2026-06-14T11:43:44.969Z] [ALL] 06-14 17:13:45.006  1486  1880 D LocalDisplayAdapter: surface lcd : 12(0.024), 12(0.024), main +
[2026-06-14T11:43:44.969Z] [ALL] 06-14 17:13:45.007  1486  1517 D BrightnessSynchronizer: updateScreenBrightness: displayId=0 type=2 mPreferredSettingValue=0.12085039(31) currentBrightnessInt=31 currentBrightnessIntFromFloat=31(0.12085039)
[2026-06-14T11:43:44.969Z] [ALL] 06-14 17:13:45.008  2112  2112 D SecBrightnessController: updateSlider() - BrightnessDialog resetTimer()
[2026-06-14T11:43:44.979Z] [ALL] 06-14 17:13:45.016  1062  1062 I display : HWC brightness (0.023857, 12)
[2026-06-14T11:43:44.982Z] [ALL] 06-14 17:13:45.017  1486  1880 D LocalDisplayAdapter: surface lcd : 12(0.024), 12(0.024), main -
[2026-06-14T11:43:45.144Z] [ALL] 06-14 17:13:45.182 16811 16850 I appium  : channel read: POST /session/8bf23567-3897-4b6f-aa75-faf6782e4d37/elements
[2026-06-14T11:43:45.144Z] [ALL] 06-14 17:13:45.183 16811 16850 I appium  : FindElements command
[2026-06-14T11:43:45.146Z] [ALL] 06-14 17:13:45.184 16811 16850 I appium  : method: 'xpath', selector: '//*[contains(@resource-id, "signup_toggle_btn") or @content-desc="signup_toggle_btn"]'
[2026-06-14T11:43:45.146Z] [ALL] 06-14 17:13:45.184 16811 16850 I appium  : Waiting up to 10000ms for the device to idle
[2026-06-14T11:43:45.148Z] [ALL] 06-14 17:13:45.186 16811 16850 I appium  : The following attributes will be included to the page source: [content-desc, resource-id]
[2026-06-14T11:43:45.150Z] [ALL] 06-14 17:13:45.188  1486  1556 D DisplayManagerService: handleBrightnessAnimation: started=false
[2026-06-14T11:43:45.150Z] [ALL] 06-14 17:13:45.188  1486  1556 D RefreshRateTokenController: Removing refreshRateToken={ RefreshRateToken[->PassiveModeToken:BrightnessAnim, acquire at 185730970 (306 ms ago)},
[2026-06-14T11:43:45.150Z] [ALL] 06-14 17:13:45.188  1486  1556 D RefreshRateTokenController:     caller=com.android.server.display.mode.RefreshRateToken.release:5 com.android.server.display.DisplayManagerService$$ExternalSyntheticLambda0.accept:427 com.android.server.display.DisplayPowerController$3.run:24 android.os.Handler.handleCallback:1070 android.os.Handler.dispatchMessage:125 
[2026-06-14T11:43:45.236Z] [ALL] 06-14 17:13:45.275   747   747 D io_stats: !@   8,0 r 81868962 1615271285 w 12919558 211009584 d 4283884 262457252 f 0 1127552 iot 29285524 0 th 0 0 0 pt 0 inp 0 0 185731.363
[2026-06-14T11:43:45.375Z] [ALL] 06-14 17:13:45.412 16811 16850 I appium  : Took 0ms to retrieve 0 matches for '//*[contains(@resource-id, "signup_toggle_btn") or @content-desc="signup_toggle_btn"]' XPath2 query
[2026-06-14T11:43:45.375Z] [ALL] 06-14 17:13:45.412 16811 16850 I appium  : Found zero matches
[2026-06-14T11:43:45.376Z] [ALL] 06-14 17:13:45.413 16811 16850 I appium  : AppiumResponse: {"sessionId":"8bf23567-3897-4b6f-aa75-faf6782e4d37","value":[]}
[2026-06-14T11:43:45.423Z] [ALL] 06-14 17:13:45.461  1486  2684 D PowerManagerService: [api] setMasterBrightnessLimit : lowerLimit : -1  upperLimit : 503  mMasterBrightnessLimitPeriod : 200 (uid: 1000 pid: 4132)
[2026-06-14T11:43:45.425Z] [ALL] 06-14 17:13:45.462  1486  1556 D PowerManagerService: [api] BrightnessLimitRunnable done
[2026-06-14T11:43:45.435Z] [ALL] 06-14 17:13:45.474  1111  1162 D HeatmapThread: Updated plugType via uevent: 0
[2026-06-14T11:43:45.441Z] [ALL] 06-14 17:13:45.480  1063  1142 E BatteryDump: !@new_battery_dump : 4288,-17,1400,3150,100,367,357,386,367,0,361,362,0,Full,NO_CHARGING,None,Good,PDIC,0,Normal,0,0,9180,0x8000,0x10010000,0x0,0,0,0000,0000,00000000,0,0,0,0,890,4291,9836,980,0,
[2026-06-14T11:43:45.449Z] [ALL] 06-14 17:13:45.488  1063  1063 I android.hardware.health@2.1-service-samsung: updateLrpSysfs: write: 359
[2026-06-14T11:43:45.455Z] [ALL] 06-14 17:13:45.493  1486  7792 V [SS]SleepChargingTimeController: [isActivated]mSleepChargingStatus isNowSessionTime False => false
[2026-06-14T11:43:45.613Z] [ALL] 06-14 17:13:45.651  1486  1729 D WifiStaIfaceHidlImpl: getCachedScanData is not implemented by HIDL
[2026-06-14T11:43:45.620Z] [ALL] 06-14 17:13:45.660  1486  3494 D SemWifiUsabilityStatsMonitor: onWifiUsabilityStats - seqNum 24515, isSameBssidAndFreq true
[2026-06-14T11:43:45.623Z] [ALL] 06-14 17:13:45.662  2072  2072 I EPDG-0 [WifiProfiler]: handleWifiRssiIntent, rssi=-62
[2026-06-14T11:43:45.627Z] [ALL] 06-14 17:13:45.664  2072  2072 I EPDG-0 [WifiProfiler]: isProfiling, hash=189204772, started=true
[2026-06-14T11:43:45.627Z] [ALL] 06-14 17:13:45.665  2072  2072 I EPDG-0 [LogMetrics]: set, type=WIFI_RSSI_LAST, value=-62
[2026-06-14T11:43:45.630Z] [ALL] 06-14 17:13:45.665  2072  2072 I EPDG-0 [WifiProfiler]: isProfiling, hash=189204772, started=true
[2026-06-14T11:43:45.633Z] [ALL] 06-14 17:13:45.669  2072  2072 I EPDG-0 [WifiProfiler]: Rssi : -62 highrange : -75 lowrange : -85 mIsRssiInHystersis : false
[2026-06-14T11:43:45.633Z] [ALL] 06-14 17:13:45.670  2072  2072 I EPDG-0 [WifiProfiler]: Rssi : -62 highrange : -75 lowrange : -85 mIsRssiInHystersis : false
[2026-06-14T11:43:45.633Z] [ALL] 06-14 17:13:45.670  2072  2072 I EPDG-0 [Subscription]: isEpdgAvailable, IwlanPsState=2/2
[2026-06-14T11:43:45.633Z] [ALL] 06-14 17:13:45.670  2072  2072 I EPDG-0 [WifiProfiler]: getHandoverThresholdMet: value is: false
[2026-06-14T11:43:45.896Z] [ALL] 06-14 17:13:45.934 16811 16850 I appium  : channel read: POST /session/8bf23567-3897-4b6f-aa75-faf6782e4d37/elements
[2026-06-14T11:43:45.896Z] [ALL] 06-14 17:13:45.935 16811 16850 I appium  : FindElements command
[2026-06-14T11:43:45.898Z] [ALL] 06-14 17:13:45.936 16811 16850 I appium  : method: 'xpath', selector: '//*[contains(@resource-id, "signup_toggle_btn") or @content-desc="signup_toggle_btn"]'
[2026-06-14T11:43:45.898Z] [ALL] 06-14 17:13:45.936 16811 16850 I appium  : Waiting up to 10000ms for the device to idle
[2026-06-14T11:43:45.900Z] [ALL] 06-14 17:13:45.938 16811 16850 I appium  : The following attributes will be included to the page source: [content-desc, resource-id]
[2026-06-14T11:43:45.904Z] [ALL] 06-14 17:13:45.943 16811 16815 I tomator2.server: Method exceeds compiler instruction limit: 19260 in java_cup.runtime.Symbol org.eclipse.wst.xml.xpath2.processor.internal.CUP$XPathCup$actions.CUP$XPathCup$do_action(int, java_cup.runtime.lr_parser, java.util.Stack, int)
[2026-06-14T11:43:46.089Z] [ALL] 06-14 17:13:46.127  1486  1856 D SemWifiSwitchForIndividualAppsService: isSkipNetworkCondition - result:2
[2026-06-14T11:43:46.129Z] [ALL] 06-14 17:13:46.167  2228  3094 I TUIThread: epol_call: EPOLL_SKIP
[2026-06-14T11:43:46.139Z] [ALL] 06-14 17:13:46.178 16811 16850 I appium  : Took 0ms to retrieve 0 matches for '//*[contains(@resource-id, "signup_toggle_btn") or @content-desc="signup_toggle_btn"]' XPath2 query
[2026-06-14T11:43:46.139Z] [ALL] 06-14 17:13:46.178 16811 16850 I appium  : Found zero matches
[2026-06-14T11:43:46.141Z] [ALL] 06-14 17:13:46.179 16811 16850 I appium  : AppiumResponse: {"sessionId":"8bf23567-3897-4b6f-aa75-faf6782e4d37","value":[]}
[2026-06-14T11:43:46.240Z] [ALL] 06-14 17:13:46.278 16811 16850 I appium  : channel read: POST /session/8bf23567-3897-4b6f-aa75-faf6782e4d37/elements
[2026-06-14T11:43:46.240Z] [ALL] 06-14 17:13:46.278 16811 16850 I appium  : FindElements command
[2026-06-14T11:43:46.242Z] [ALL] 06-14 17:13:46.279 16811 16850 I appium  : method: 'xpath', selector: '//*[contains(@resource-id, "signup_toggle_btn") or @content-desc="signup_toggle_btn"]'
[2026-06-14T11:43:46.242Z] [ALL] 06-14 17:13:46.279 16811 16850 I appium  : Waiting up to 10000ms for the device to idle
[2026-06-14T11:43:46.242Z] [ALL] 06-14 17:13:46.281 16811 16850 I appium  : The following attributes will be included to the page source: [content-desc, resource-id]
[2026-06-14T11:43:46.502Z] [ALL] 06-14 17:13:46.540 16811 16850 I appium  : Took 0ms to retrieve 0 matches for '//*[contains(@resource-id, "signup_toggle_btn") or @content-desc="signup_toggle_btn"]' XPath2 query
[2026-06-14T11:43:46.502Z] [ALL] 06-14 17:13:46.540 16811 16850 I appium  : Found zero matches
[2026-06-14T11:43:46.504Z] [ALL] 06-14 17:13:46.541 16811 16850 I appium  : AppiumResponse: {"sessionId":"8bf23567-3897-4b6f-aa75-faf6782e4d37","value":[]}
[2026-06-14T11:43:46.522Z] [ALL] 06-14 17:13:46.561 16811 16850 I appium  : channel read: POST /session/8bf23567-3897-4b6f-aa75-faf6782e4d37/element
[2026-06-14T11:43:46.524Z] [ALL] 06-14 17:13:46.562 16811 16850 I appium  : FindElement command
[2026-06-14T11:43:46.524Z] [ALL] 06-14 17:13:46.563 16811 16850 I appium  : method: 'xpath', selector: '//*[contains(@resource-id, "signup_toggle_btn") or @content-desc="signup_toggle_btn"]'
[2026-06-14T11:43:46.524Z] [ALL] 06-14 17:13:46.563 16811 16850 I appium  : Waiting up to 10000ms for the device to idle
[2026-06-14T11:43:46.526Z] [ALL] 06-14 17:13:46.565 16811 16850 I appium  : The following attributes will be included to the page source: [content-desc, resource-id]
[2026-06-14T11:43:46.667Z] [ALL] 06-14 17:13:46.706 16811 16850 I appium  : Took 0ms to retrieve 0 matches for '//*[contains(@resource-id, "signup_toggle_btn") or @content-desc="signup_toggle_btn"]' XPath2 query
[2026-06-14T11:43:46.671Z] [ALL] 06-14 17:13:46.707 16811 16850 I appium  : AppiumResponse: {"sessionId":"8bf23567-3897-4b6f-aa75-faf6782e4d37","value":{"error":"no such element","message":"An element could not be located on the page using the given search parameters","stacktrace":"io.appium.uiautomator2.common.exceptions.ElementNotFoundException: An element could not be located on the page using the given search parameters\n\tat io.appium.uiautomator2.utils.ElementLocationHelpers.findElement(ElementLocationHelpers.java:153)\n\tat io.appium.uiautomator2.handler.FindElement.safeHandle(FindElement.java:60)\n\tat io.appium.uiautomator2.handler.request.SafeRequestHandler.handle(SafeRequestHandler.java:59)\n\tat io.appium.uiautomator2.server.AppiumServlet.handleRequest(AppiumServlet.java:267)\n\tat io.appium.uiautomator2.server.AppiumServlet.handleHttpRequest(AppiumServlet.java:261)\n\tat io.appium.uiautomator2.http.ServerHandler.channelRead(ServerHandler.java:77)\n\tat io.netty.channel.AbstractChannelHandlerContext.fireChannelRead(AbstractChannelHandlerContext.java:357)\n\tat io.netty.handler.codec.MessageToMessageDecoder.channelRead(MessageToMessageDecoder.java:107)\n\tat io.netty.channel.AbstractChannelHandlerContext.fireChannelRead(AbstractChannelHandlerContext.java:357)\n\tat io.netty.channel.CombinedChannelDuplexHandler$DelegatingChannelHandlerContext.fireChannelRead(CombinedChannelDuplexHandler.java:434)\n\tat io.netty.handler.codec.ByteToMessageDecoder.fireChannelRead(ByteToMessageDecoder.java:361)\n\tat io.netty.handler.codec.ByteToMessageDecoder.channelRead(ByteToMessageDecoder.java:325)\n\tat io.netty.channel.CombinedChannelDuplexHandler.channelRead(CombinedChannelDuplexHandler.java:249)\n\tat io.netty.channel.AbstractChannelHandlerContext.fireChannelRead(AbstractChannelHandlerContext.java:355)\n\tat io.netty.handler.timeout.IdleStateHandler.channelRead(IdleStateHandler.java:288)\n\tat io.netty.channel.AbstractChannelHandlerContext.fireChannelRead(AbstractChannelHandlerContext.java:355)\n\tat io.netty.channel.DefaultChannelPipeline$HeadContext.channelRead(DefaultChannelPipeline.java:1429)\n\tat io.netty.channel.DefaultChannelPipeline.fireChannelRead(DefaultChannelPipeline.java:918)\n\tat io.netty.channel.nio.AbstractNioByteChannel$NioByteUnsafe.read(AbstractNioByteChannel.java:176)\n\tat io.netty.channel.nio.AbstractNioChannel$AbstractNioUnsafe.handle(AbstractNioChannel.java:445)\n\tat io.netty.channel.nio.NioIoHandler$DefaultNioRegistration.handle(NioIoHandler.java:388)\n\tat io.netty.channel.nio.NioIoHandler.processSelectedKey(NioIoHandler.java:596)\n\tat io.netty.channel.nio.NioIoHandler.processSelectedKeysOptimized(NioIoHandler.java:571)\n\tat io.netty.channel.nio.NioIoHandler.processSelectedKeys(NioIoHandler.java:512)\n\tat io.netty.channel.nio.NioIoHandler.run(NioIoHandler.java:484)\n\tat io.netty.channel.SingleThreadIoEventLoop.runIo(SingleThreadIoEventLoop.java:225)\n\tat io.netty.channel.SingleThreadIoEventLoop.run(SingleThreadIoEventLoop.java:196)\n\tat io.netty.util.concurrent.SingleThreadEventExecutor$5.run(SingleThreadEventExecutor.java:1195)\n\tat io.netty.util.internal.ThreadExecutorMap$2.run(ThreadExecutorMap.java:74)\n\tat io.netty.util.concurrent.FastThreadLocalRunnable.run(FastThreadLocalRunnable.java:30)\n\tat java.lang.Thread.run(Thread.java:1564)\n"}}
[2026-06-14T11:43:47.109Z] [ALL] 06-14 17:13:47.148  1486  1856 D SemWifiSwitchForIndividualAppsService: isSkipNetworkCondition - result:2
[2026-06-14T11:43:47.194Z] [ALL] 06-14 17:13:47.233 16811 16850 I appium  : channel read: POST /session/8bf23567-3897-4b6f-aa75-faf6782e4d37/element
[2026-06-14T11:43:47.198Z] [ALL] 06-14 17:13:47.234 16811 16850 I appium  : FindElement command
[2026-06-14T11:43:47.198Z] [ALL] 06-14 17:13:47.235 16811 16850 I appium  : method: 'xpath', selector: '//*[contains(@resource-id, "signup_toggle_btn") or @content-desc="signup_toggle_btn"]'
[2026-06-14T11:43:47.198Z] [ALL] 06-14 17:13:47.235 16811 16850 I appium  : Waiting up to 10000ms for the device to idle
[2026-06-14T11:43:47.200Z] [ALL] 06-14 17:13:47.237 16811 16850 I appium  : The following attributes will be included to the page source: [content-desc, resource-id]
[2026-06-14T11:43:47.241Z] [ALL] 06-14 17:13:47.279   747   747 D io_stats: !@   8,0 r 81868962 1615271285 w 12919562 211009736 d 4283884 262457252 f 0 1127552 iot 29285540 0 th 0 0 0 pt 0 inp 0 0 185733.367
[2026-06-14T11:43:47.241Z] [ALL] 06-14 17:13:47.279   747   747 D io_stats: !@ Read_top(KB): system_server(1486) 60
[2026-06-14T11:43:47.241Z] [ALL] 06-14 17:13:47.279   747   747 D io_stats: !@ Write_top(KB): kworker/u16:10(18522) 144 android.hardwar(1063) 8
[2026-06-14T11:43:47.449Z] [ALL] 06-14 17:13:47.488  3653  3653 I wpa_supplicant: Heartbeat 6430
[2026-06-14T11:43:47.479Z] [ALL] 06-14 17:13:47.517 16811 16850 I appium  : Took 0ms to retrieve 0 matches for '//*[contains(@resource-id, "signup_toggle_btn") or @content-desc="signup_toggle_btn"]' XPath2 query
[2026-06-14T11:43:47.482Z] [ALL] 06-14 17:13:47.518 16811 16850 I appium  : AppiumResponse: {"sessionId":"8bf23567-3897-4b6f-aa75-faf6782e4d37","value":{"error":"no such element","message":"An element could not be located on the page using the given search parameters","stacktrace":"io.appium.uiautomator2.common.exceptions.ElementNotFoundException: An element could not be located on the page using the given search parameters\n\tat io.appium.uiautomator2.utils.ElementLocationHelpers.findElement(ElementLocationHelpers.java:153)\n\tat io.appium.uiautomator2.handler.FindElement.safeHandle(FindElement.java:60)\n\tat io.appium.uiautomator2.handler.request.SafeRequestHandler.handle(SafeRequestHandler.java:59)\n\tat io.appium.uiautomator2.server.AppiumServlet.handleRequest(AppiumServlet.java:267)\n\tat io.appium.uiautomator2.server.AppiumServlet.handleHttpRequest(AppiumServlet.java:261)\n\tat io.appium.uiautomator2.http.ServerHandler.channelRead(ServerHandler.java:77)\n\tat io.netty.channel.AbstractChannelHandlerContext.fireChannelRead(AbstractChannelHandlerContext.java:357)\n\tat io.netty.handler.codec.MessageToMessageDecoder.channelRead(MessageToMessageDecoder.java:107)\n\tat io.netty.channel.AbstractChannelHandlerContext.fireChannelRead(AbstractChannelHandlerContext.java:357)\n\tat io.netty.channel.CombinedChannelDuplexHandler$DelegatingChannelHandlerContext.fireChannelRead(CombinedChannelDuplexHandler.java:434)\n\tat io.netty.handler.codec.ByteToMessageDecoder.fireChannelRead(ByteToMessageDecoder.java:361)\n\tat io.netty.handler.codec.ByteToMessageDecoder.channelRead(ByteToMessageDecoder.java:325)\n\tat io.netty.channel.CombinedChannelDuplexHandler.channelRead(CombinedChannelDuplexHandler.java:249)\n\tat io.netty.channel.AbstractChannelHandlerContext.fireChannelRead(AbstractChannelHandlerContext.java:355)\n\tat io.netty.handler.timeout.IdleStateHandler.channelRead(IdleStateHandler.java:288)\n\tat io.netty.channel.AbstractChannelHandlerContext.fireChannelRead(AbstractChannelHandlerContext.java:355)\n\tat io.netty.channel.DefaultChannelPipeline$HeadContext.channelRead(DefaultChannelPipeline.java:1429)\n\tat io.netty.channel.DefaultChannelPipeline.fireChannelRead(DefaultChannelPipeline.java:918)\n\tat io.netty.channel.nio.AbstractNioByteChannel$NioByteUnsafe.read(AbstractNioByteChannel.java:176)\n\tat io.netty.channel.nio.AbstractNioChannel$AbstractNioUnsafe.handle(AbstractNioChannel.java:445)\n\tat io.netty.channel.nio.NioIoHandler$DefaultNioRegistration.handle(NioIoHandler.java:388)\n\tat io.netty.channel.nio.NioIoHandler.processSelectedKey(NioIoHandler.java:596)\n\tat io.netty.channel.nio.NioIoHandler.processSelectedKeysOptimized(NioIoHandler.java:571)\n\tat io.netty.channel.nio.NioIoHandler.processSelectedKeys(NioIoHandler.java:512)\n\tat io.netty.channel.nio.NioIoHandler.run(NioIoHandler.java:484)\n\tat io.netty.channel.SingleThreadIoEventLoop.runIo(SingleThreadIoEventLoop.java:225)\n\tat io.netty.channel.SingleThreadIoEventLoop.run(SingleThreadIoEventLoop.java:196)\n\tat io.netty.util.concurrent.SingleThreadEventExecutor$5.run(SingleThreadEventExecutor.java:1195)\n\tat io.netty.util.internal.ThreadExecutorMap$2.run(ThreadExecutorMap.java:74)\n\tat io.netty.util.concurrent.FastThreadLocalRunnable.run(FastThreadLocalRunnable.java:30)\n\tat java.lang.Thread.run(Thread.java:1564)\n"}}
[2026-06-14T11:43:47.883Z] [ALL] 06-14 17:13:47.922  2072  2791 I EPDG-0 [SmManager]: onNetInterfaceAddressUpdated, addr=xxxx.. , len=39 iface=wlan0 fqdnRetryCount=0
[2026-06-14T11:43:47.883Z] [ALL] 06-14 17:13:47.922  2072  2791 I EPDG-0 [SmManager]: onNetInterfaceAddressUpdated, addr=xxxx.. , len=39 iface=wlan0 fqdnRetryCount=0
[2026-06-14T11:43:47.883Z] [ALL] 06-14 17:13:47.922  2072  2072 I EPDG-0 [NetInterfaceEventObserver]: sendInternalMessage, not mobile, ignore
[2026-06-14T11:43:47.883Z] [ALL] 06-14 17:13:47.922  2072  2072 I EPDG-0 [NetInterfaceEventObserver]: sendInternalMessage, not mobile, ignore
[2026-06-14T11:43:47.886Z] [ALL] 06-14 17:13:47.925  2059  3664 D IpClient/wlan0: addressUpdated: 2401:4900:1f2c:629c:b840:ebff:fe48:392b/64 on ifindex 32 flags 0x00000100 scope 0
[2026-06-14T11:43:47.889Z] [ALL] 06-14 17:13:47.926  2059  3664 D IpClient/wlan0: addressUpdated: 2401:4900:1f2c:629c:6f28:faee:7067:99d3/64 on ifindex 32 flags 0x00000001 scope 0
[2026-06-14T11:43:47.889Z] [ALL] 06-14 17:13:47.926  2059  3664 W AlarmManager: Unrecognized alarm listener com.android.networkstack.android.net.ip.IpClientLinkObserver$Dhcp6PdPreferredPrefixAlarmListener@58df1fa
[2026-06-14T11:43:47.889Z] [ALL] 06-14 17:13:47.927  2059  3664 D ApfFilter: (wlan0): Adding RA fe80::1633:75ff:fe79:cc4 -> ff02::1 180s 2401:4900:1f2c:629c::/64 44135s/44135s DNS 40s 2401:4900:50:9::7c9 2401:4900:50:9::280 RIO 180s 2401:4900:1f2c:629c::/64 
[2026-06-14T11:43:48.011Z] [ALL] 06-14 17:13:48.049 16811 16850 I appium  : channel read: POST /session/8bf23567-3897-4b6f-aa75-faf6782e4d37/element
[2026-06-14T11:43:48.011Z] [ALL] 06-14 17:13:48.050 16811 16850 I appium  : FindElement command
[2026-06-14T11:43:48.014Z] [ALL] 06-14 17:13:48.051 16811 16850 I appium  : method: 'xpath', selector: '//*[contains(@resource-id, "signup_toggle_btn") or @content-desc="signup_toggle_btn"]'
[2026-06-14T11:43:48.014Z] [ALL] 06-14 17:13:48.051 16811 16850 I appium  : Waiting up to 10000ms for the device to idle
[2026-06-14T11:43:48.014Z] [ALL] 06-14 17:13:48.053 16811 16850 I appium  : The following attributes will be included to the page source: [content-desc, resource-id]
[2026-06-14T11:43:48.129Z] [ALL] 06-14 17:13:48.168  1486  1856 D SemWifiSwitchForIndividualAppsService: isSkipNetworkCondition - result:2
[2026-06-14T11:43:48.295Z] [ALL] 06-14 17:13:48.333 16811 16850 I appium  : Took 0ms to retrieve 0 matches for '//*[contains(@resource-id, "signup_toggle_btn") or @content-desc="signup_toggle_btn"]' XPath2 query
[2026-06-14T11:43:48.299Z] [ALL] 06-14 17:13:48.334 16811 16850 I appium  : AppiumResponse: {"sessionId":"8bf23567-3897-4b6f-aa75-faf6782e4d37","value":{"error":"no such element","message":"An element could not be located on the page using the given search parameters","stacktrace":"io.appium.uiautomator2.common.exceptions.ElementNotFoundException: An element could not be located on the page using the given search parameters\n\tat io.appium.uiautomator2.utils.ElementLocationHelpers.findElement(ElementLocationHelpers.java:153)\n\tat io.appium.uiautomator2.handler.FindElement.safeHandle(FindElement.java:60)\n\tat io.appium.uiautomator2.handler.request.SafeRequestHandler.handle(SafeRequestHandler.java:59)\n\tat io.appium.uiautomator2.server.AppiumServlet.handleRequest(AppiumServlet.java:267)\n\tat io.appium.uiautomator2.server.AppiumServlet.handleHttpRequest(AppiumServlet.java:261)\n\tat io.appium.uiautomator2.http.ServerHandler.channelRead(ServerHandler.java:77)\n\tat io.netty.channel.AbstractChannelHandlerContext.fireChannelRead(AbstractChannelHandlerContext.java:357)\n\tat io.netty.handler.codec.MessageToMessageDecoder.channelRead(MessageToMessageDecoder.java:107)\n\tat io.netty.channel.AbstractChannelHandlerContext.fireChannelRead(AbstractChannelHandlerContext.java:357)\n\tat io.netty.channel.CombinedChannelDuplexHandler$DelegatingChannelHandlerContext.fireChannelRead(CombinedChannelDuplexHandler.java:434)\n\tat io.netty.handler.codec.ByteToMessageDecoder.fireChannelRead(ByteToMessageDecoder.java:361)\n\tat io.netty.handler.codec.ByteToMessageDecoder.channelRead(ByteToMessageDecoder.java:325)\n\tat io.netty.channel.CombinedChannelDuplexHandler.channelRead(CombinedChannelDuplexHandler.java:249)\n\tat io.netty.channel.AbstractChannelHandlerContext.fireChannelRead(AbstractChannelHandlerContext.java:355)\n\tat io.netty.handler.timeout.IdleStateHandler.channelRead(IdleStateHandler.java:288)\n\tat io.netty.channel.AbstractChannelHandlerContext.fireChannelRead(AbstractChannelHandlerContext.java:355)\n\tat io.netty.channel.DefaultChannelPipeline$HeadContext.channelRead(DefaultChannelPipeline.java:1429)\n\tat io.netty.channel.DefaultChannelPipeline.fireChannelRead(DefaultChannelPipeline.java:918)\n\tat io.netty.channel.nio.AbstractNioByteChannel$NioByteUnsafe.read(AbstractNioByteChannel.java:176)\n\tat io.netty.channel.nio.AbstractNioChannel$AbstractNioUnsafe.handle(AbstractNioChannel.java:445)\n\tat io.netty.channel.nio.NioIoHandler$DefaultNioRegistration.handle(NioIoHandler.java:388)\n\tat io.netty.channel.nio.NioIoHandler.processSelectedKey(NioIoHandler.java:596)\n\tat io.netty.channel.nio.NioIoHandler.processSelectedKeysOptimized(NioIoHandler.java:571)\n\tat io.netty.channel.nio.NioIoHandler.processSelectedKeys(NioIoHandler.java:512)\n\tat io.netty.channel.nio.NioIoHandler.run(NioIoHandler.java:484)\n\tat io.netty.channel.SingleThreadIoEventLoop.runIo(SingleThreadIoEventLoop.java:225)\n\tat io.netty.channel.SingleThreadIoEventLoop.run(SingleThreadIoEventLoop.java:196)\n\tat io.netty.util.concurrent.SingleThreadEventExecutor$5.run(SingleThreadEventExecutor.java:1195)\n\tat io.netty.util.internal.ThreadExecutorMap$2.run(ThreadExecutorMap.java:74)\n\tat io.netty.util.concurrent.FastThreadLocalRunnable.run(FastThreadLocalRunnable.java:30)\n\tat java.lang.Thread.run(Thread.java:1564)\n"}}
[2026-06-14T11:43:48.627Z] [ALL] 06-14 17:13:48.664  4132  4132 I SDHMS:LOAD: type: LoadsFreqs, value: 17:0:0:589440:1248000:576000:708480:2112000:576000:6:303:0
[2026-06-14T11:43:48.641Z] [ALL] 06-14 17:13:48.678  1486  1729 D WifiStaIfaceHidlImpl: getCachedScanData is not implemented by HIDL
[2026-06-14T11:43:48.648Z] [ALL] 06-14 17:13:48.687  1486  3494 D SemWifiUsabilityStatsMonitor: onWifiUsabilityStats - seqNum 24516, isSameBssidAndFreq true
[2026-06-14T11:43:48.650Z] [ALL] 06-14 17:13:48.690  2072  2072 I EPDG-0 [WifiProfiler]: handleWifiRssiIntent, rssi=-54
[2026-06-14T11:43:48.657Z] [ALL] 06-14 17:13:48.695  2619  2727 I HoneySpace.StatusIconTracker: invokeEvent() called with: event = Wifi(visible=true, resId=2114459827, activityId=2114459832)
[2026-06-14T11:43:48.661Z] [ALL] 06-14 17:13:48.697  2072  2072 I EPDG-0 [WifiProfiler]: isProfiling, hash=189204772, started=true
[2026-06-14T11:43:48.661Z] [ALL] 06-14 17:13:48.698  2072  2072 I EPDG-0 [LogMetrics]: set, type=WIFI_RSSI_LAST, value=-54
[2026-06-14T11:43:48.661Z] [ALL] 06-14 17:13:48.698  2072  2072 I EPDG-0 [WifiProfiler]: isProfiling, hash=189204772, started=true
[2026-06-14T11:43:48.664Z] [ALL] 06-14 17:13:48.702  2072  2072 I EPDG-0 [WifiProfiler]: Rssi : -54 highrange : -75 lowrange : -85 mIsRssiInHystersis : false
[2026-06-14T11:43:48.664Z] [ALL] 06-14 17:13:48.702  2072  2072 I EPDG-0 [WifiProfiler]: Rssi : -54 highrange : -75 lowrange : -85 mIsRssiInHystersis : false
[2026-06-14T11:43:48.664Z] [ALL] 06-14 17:13:48.702  2072  2072 I EPDG-0 [Subscription]: isEpdgAvailable, IwlanPsState=2/2
[2026-06-14T11:43:48.664Z] [ALL] 06-14 17:13:48.702  2072  2072 I EPDG-0 [WifiProfiler]: getHandoverThresholdMet: value is: false
[2026-06-14T11:43:48.669Z] [ALL] 06-14 17:13:48.708  1149  1280 I SurfaceFlinger: Current= 60, Period= 60, hwcPeriod= 60
[2026-06-14T11:43:48.694Z] [ALL] 06-14 17:13:48.732  1149  1317 D SurfaceFlinger: setDesiredMode 4633128672291736000 {mode={fps=120.00 Hz, modePtr={id=0, vsyncRate=120.00 Hz, peakRefreshRate=120.00 Hz}}, emitEvent=false, force=false}
[2026-06-14T11:43:48.700Z] [ALL] 06-14 17:13:48.738  1149  1280 I SurfaceFlinger: Current= 60, Period= 120, hwcPeriod= 60
[2026-06-14T11:43:48.708Z] [ALL] 06-14 17:13:48.746  1149  1149 I SurfaceFlinger: StatusBar$_2112#94 voted NoVote (0.00 Hz)
[2026-06-14T11:43:48.708Z] [ALL] 06-14 17:13:48.746  1149  1149 I SurfaceFlinger: No layers with votes - choose 120.00 Hz
[2026-06-14T11:43:48.716Z] [ALL] 06-14 17:13:48.748  1149  1149 D SurfaceFlinger: initiateModeChange 4633128672291736000 {mode={fps=120.00 Hz, modePtr={id=0, vsyncRate=120.00 Hz, peakRefreshRate=120.00 Hz}}, emitEvent=false, force=false}
[2026-06-14T11:43:48.716Z] [ALL] 06-14 17:13:48.748  1149  1149 I SurfaceFlinger: [4633128672291736000] ActiveConfigToHWC, ID : 3
[2026-06-14T11:43:48.716Z] [ALL] 06-14 17:13:48.751  1062  1062 D display : setActiveConfigWithConstraints:: PrimaryDisplay config(3)
[2026-06-14T11:43:48.716Z] [ALL] 06-14 17:13:48.751  1062  1062 I display : Current VRR MODE is 3
[2026-06-14T11:43:48.716Z] [ALL] 06-14 17:13:48.752  1062  1062 I display : setActiveConfigWithConstraints:: HFR match - config: 3, base: 3, try: 1
[2026-06-14T11:43:48.716Z] [ALL] 06-14 17:13:48.752  1062  1062 I display : setActiveConfigWithConstraints::update 1080x2340@120hs
[2026-06-14T11:43:48.716Z] [ALL] 06-14 17:13:48.752  1062  1062 I display : commit modeset : 1080x2340@120hs
[2026-06-14T11:43:48.740Z] [ALL] 06-14 17:13:48.768  1062  1062 W display : deliverWinConfigData:: commit modeset time (15 ms)
[2026-06-14T11:43:48.742Z] [ALL] 06-14 17:13:48.771  1062  1159 I display : [compareVsyncPeriod] set the lowest(mode:0) vsync 83 of display(0)
[2026-06-14T11:43:48.742Z] [ALL] 06-14 17:13:48.771  1062  1159 I display : getFpsForPerformance, performance table found using table(key:120, cpu:255)
[2026-06-14T11:43:48.742Z] [ALL] 06-14 17:13:48.771  1062  1159 I display : Set m2mMPP capacity(4) for fps(120)
[2026-06-14T11:43:48.742Z] [ALL] 06-14 17:13:48.771  1062  1159 I display : getFpsForPerformance, performance table found using table(key:120, cpu:255)
[2026-06-14T11:43:48.742Z] [ALL] 06-14 17:13:48.771  1062  1159 I display : Set Affinity config for fps(120) : cpuIDs : 255
[2026-06-14T11:43:48.742Z] [ALL] 06-14 17:13:48.771  1062  1159 I display : Set Affinity CPU ID : 0
[2026-06-14T11:43:48.742Z] [ALL] 06-14 17:13:48.771  1062  1159 I display : Set Affinity CPU ID : 1
[2026-06-14T11:43:48.742Z] [ALL] 06-14 17:13:48.771  1062  1159 I display : Set Affinity CPU ID : 2
[2026-06-14T11:43:48.742Z] [ALL] 06-14 17:13:48.772  1062  1159 I display : Set Affinity CPU ID : 3
[2026-06-14T11:43:48.742Z] [ALL] 06-14 17:13:48.772  1062  1159 I display : Set Affinity CPU ID : 4
[2026-06-14T11:43:48.742Z] [ALL] 06-14 17:13:48.772  1062  1159 I display : Set Affinity CPU ID : 5
[2026-06-14T11:43:48.742Z] [ALL] 06-14 17:13:48.772  1062  1159 I display : Set Affinity CPU ID : 6
[2026-06-14T11:43:48.742Z] [ALL] 06-14 17:13:48.772  1149  1149 I SurfaceFlinger: finalizeDisplayModeChange 4633128672291736000
[2026-06-14T11:43:48.742Z] [ALL] 06-14 17:13:48.772  1062  1159 I display : Set Affinity CPU ID : 7
[2026-06-14T11:43:48.742Z] [ALL] 06-14 17:13:48.773  1062  1159 I display : Set affinity HWC : 1062
[2026-06-14T11:43:48.742Z] [ALL] 06-14 17:13:48.776  1062  1159 I display : CPU set : Cluster(0), min_clock(0)
[2026-06-14T11:43:48.742Z] [ALL] 06-14 17:13:48.776  1062  1159 I display : CPU set : Cluster(1), min_clock(0)
[2026-06-14T11:43:48.742Z] [ALL] 06-14 17:13:48.776  1062  1159 I display : CPU set : Cluster(2), min_clock(0)
[2026-06-14T11:43:48.742Z] [ALL] 06-14 17:13:48.776  1149  1280 I SurfaceFlinger: Current= 60, Period= 120, hwcPeriod= 120
[2026-06-14T11:43:48.824Z] [ALL] 06-14 17:13:48.863 16811 16850 I appium  : channel read: POST /session/8bf23567-3897-4b6f-aa75-faf6782e4d37/element
[2026-06-14T11:43:48.824Z] [ALL] 06-14 17:13:48.864 16811 16850 I appium  : FindElement command
[2026-06-14T11:43:48.826Z] [ALL] 06-14 17:13:48.865 16811 16850 I appium  : method: 'xpath', selector: '//*[contains(@resource-id, "signup_toggle_btn") or @content-desc="signup_toggle_btn"]'
[2026-06-14T11:43:48.826Z] [ALL] 06-14 17:13:48.865 16811 16850 I appium  : Waiting up to 10000ms for the device to idle
[2026-06-14T11:43:48.828Z] [ALL] 06-14 17:13:48.866 16811 16850 I appium  : The following attributes will be included to the page source: [content-desc, resource-id]
[2026-06-14T11:43:48.833Z] [ALL] 06-14 17:13:48.872 16811 16815 I tomator2.server: Method exceeds compiler instruction limit: 19260 in java_cup.runtime.Symbol org.eclipse.wst.xml.xpath2.processor.internal.CUP$XPathCup$actions.CUP$XPathCup$do_action(int, java_cup.runtime.lr_parser, java.util.Stack, int)
[2026-06-14T11:43:48.950Z] [ALL] 06-14 17:13:48.987  1149  1317 D SurfaceFlinger: setDesiredMode 4633128672291736000 {mode={fps=60.00 Hz, modePtr={id=1, vsyncRate=60.00 Hz, peakRefreshRate=60.00 Hz}}, emitEvent=false, force=false}
[2026-06-14T11:43:48.952Z] [ALL] 06-14 17:13:48.989  1149  1149 I SurfaceFlinger: StatusBar$_2112#94 voted NoVote (0.00 Hz)
[2026-06-14T11:43:48.955Z] [ALL] 06-14 17:13:48.989  1149  1149 I SurfaceFlinger: IdleFps - choose 60.00 Hz
[2026-06-14T11:43:48.955Z] [ALL] 06-14 17:13:48.990  1149  1149 D SurfaceFlinger: initiateModeChange 4633128672291736000 {mode={fps=60.00 Hz, modePtr={id=1, vsyncRate=60.00 Hz, peakRefreshRate=60.00 Hz}}, emitEvent=false, force=false}
[2026-06-14T11:43:48.955Z] [ALL] 06-14 17:13:48.990  1149  1149 I SurfaceFlinger: [4633128672291736000] ActiveConfigToHWC, ID : 4
[2026-06-14T11:43:48.955Z] [ALL] 06-14 17:13:48.993  1149  1280 I SurfaceFlinger: Current= 120, Period= 60, hwcPeriod= 120
[2026-06-14T11:43:48.955Z] [ALL] 06-14 17:13:48.994  1062  1062 D display : setActiveConfigWithConstraints:: PrimaryDisplay config(4)
[2026-06-14T11:43:48.955Z] [ALL] 06-14 17:13:48.994  1062  1062 I display : Current VRR MODE is 3
[2026-06-14T11:43:48.955Z] [ALL] 06-14 17:13:48.994  1062  1062 I display : setActiveConfigWithConstraints:: HFR match - config: 5, base: 4, try: 0
[2026-06-14T11:43:48.955Z] [ALL] 06-14 17:13:48.994  1062  1062 I display : setActiveConfigWithConstraints::update 1080x2340@60phs
[2026-06-14T11:43:48.955Z] [ALL] 06-14 17:13:48.994  1062  1062 I display : commit modeset : 1080x2340@60phs
[2026-06-14T11:43:48.972Z] [ALL] 06-14 17:13:49.009  1062  1062 W display : deliverWinConfigData:: commit modeset time (15 ms)
[2026-06-14T11:43:48.972Z] [ALL] 06-14 17:13:49.011  1062  1159 I display : [compareVsyncPeriod] set the lowest(mode:0) vsync 166 of display(0)
[2026-06-14T11:43:48.972Z] [ALL] 06-14 17:13:49.011  1062  1159 I display : getFpsForPerformance, performance table found using table(key:60, cpu:255)
[2026-06-14T11:43:48.972Z] [ALL] 06-14 17:13:49.011  1062  1159 I display : Set m2mMPP capacity(8) for fps(60)
[2026-06-14T11:43:48.972Z] [ALL] 06-14 17:13:49.011  1062  1159 I display : getFpsForPerformance, performance table found using table(key:60, cpu:255)
[2026-06-14T11:43:48.972Z] [ALL] 06-14 17:13:49.011  1062  1159 I display : Set Affinity config for fps(60) : cpuIDs : 255
[2026-06-14T11:43:48.972Z] [ALL] 06-14 17:13:49.011  1062  1159 I display : Set Affinity CPU ID : 0
[2026-06-14T11:43:48.972Z] [ALL] 06-14 17:13:49.011  1062  1159 I display : Set Affinity CPU ID : 1
[2026-06-14T11:43:48.975Z] [ALL] 06-14 17:13:49.012  1062  1159 I display : Set Affinity CPU ID : 2
[2026-06-14T11:43:48.975Z] [ALL] 06-14 17:13:49.012  1062  1159 I display : Set Affinity CPU ID : 3
[2026-06-14T11:43:48.975Z] [ALL] 06-14 17:13:49.012  1062  1159 I display : Set Affinity CPU ID : 4
[2026-06-14T11:43:48.975Z] [ALL] 06-14 17:13:49.012  1062  1159 I display : Set Affinity CPU ID : 5
[2026-06-14T11:43:48.975Z] [ALL] 06-14 17:13:49.012  1062  1159 I display : Set Affinity CPU ID : 6
[2026-06-14T11:43:48.975Z] [ALL] 06-14 17:13:49.012  1062  1159 I display : Set Affinity CPU ID : 7
[2026-06-14T11:43:48.975Z] [ALL] 06-14 17:13:49.012  1062  1159 I display : Set affinity HWC : 1062
[2026-06-14T11:43:48.975Z] [ALL] 06-14 17:13:49.012  1062  1159 I display : CPU set : Cluster(0), min_clock(0)
[2026-06-14T11:43:48.975Z] [ALL] 06-14 17:13:49.013  1062  1159 I display : CPU set : Cluster(1), min_clock(0)
[2026-06-14T11:43:48.975Z] [ALL] 06-14 17:13:49.013  1062  1159 I display : CPU set : Cluster(2), min_clock(0)
[2026-06-14T11:43:48.975Z] [ALL] 06-14 17:13:49.013  1149  1280 I SurfaceFlinger: Current= 120, Period= 60, hwcPeriod= 60
[2026-06-14T11:43:48.975Z] [ALL] 06-14 17:13:49.014  1149  1149 D SurfaceFlinger: GPIS:: requestGpisForSFSluggish
[2026-06-14T11:43:48.975Z] [ALL] 06-14 17:13:49.014  1149  1149 I SurfaceFlinger: finalizeDisplayModeChange 4633128672291736000
[2026-06-14T11:43:49.038Z] [ALL] 06-14 17:13:49.077 16811 16850 I appium  : Took 0ms to retrieve 0 matches for '//*[contains(@resource-id, "signup_toggle_btn") or @content-desc="signup_toggle_btn"]' XPath2 query
[2026-06-14T11:43:49.041Z] [ALL] 06-14 17:13:49.079 16811 16850 I appium  : AppiumResponse: {"sessionId":"8bf23567-3897-4b6f-aa75-faf6782e4d37","value":{"error":"no such element","message":"An element could not be located on the page using the given search parameters","stacktrace":"io.appium.uiautomator2.common.exceptions.ElementNotFoundException: An element could not be located on the page using the given search parameters\n\tat io.appium.uiautomator2.utils.ElementLocationHelpers.findElement(ElementLocationHelpers.java:153)\n\tat io.appium.uiautomator2.handler.FindElement.safeHandle(FindElement.java:60)\n\tat io.appium.uiautomator2.handler.request.SafeRequestHandler.handle(SafeRequestHandler.java:59)\n\tat io.appium.uiautomator2.server.AppiumServlet.handleRequest(AppiumServlet.java:267)\n\tat io.appium.uiautomator2.server.AppiumServlet.handleHttpRequest(AppiumServlet.java:261)\n\tat io.appium.uiautomator2.http.ServerHandler.channelRead(ServerHandler.java:77)\n\tat io.netty.channel.AbstractChannelHandlerContext.fireChannelRead(AbstractChannelHandlerContext.java:357)\n\tat io.netty.handler.codec.MessageToMessageDecoder.channelRead(MessageToMessageDecoder.java:107)\n\tat io.netty.channel.AbstractChannelHandlerContext.fireChannelRead(AbstractChannelHandlerContext.java:357)\n\tat io.netty.channel.CombinedChannelDuplexHandler$DelegatingChannelHandlerContext.fireChannelRead(CombinedChannelDuplexHandler.java:434)\n\tat io.netty.handler.codec.ByteToMessageDecoder.fireChannelRead(ByteToMessageDecoder.java:361)\n\tat io.netty.handler.codec.ByteToMessageDecoder.channelRead(ByteToMessageDecoder.java:325)\n\tat io.netty.channel.CombinedChannelDuplexHandler.channelRead(CombinedChannelDuplexHandler.java:249)\n\tat io.netty.channel.AbstractChannelHandlerContext.fireChannelRead(AbstractChannelHandlerContext.java:355)\n\tat io.netty.handler.timeout.IdleStateHandler.channelRead(IdleStateHandler.java:288)\n\tat io.netty.channel.AbstractChannelHandlerContext.fireChannelRead(AbstractChannelHandlerContext.java:355)\n\tat io.netty.channel.DefaultChannelPipeline$HeadContext.channelRead(DefaultChannelPipeline.java:1429)\n\tat io.netty.channel.DefaultChannelPipeline.fireChannelRead(DefaultChannelPipeline.java:918)\n\tat io.netty.channel.nio.AbstractNioByteChannel$NioByteUnsafe.read(AbstractNioByteChannel.java:176)\n\tat io.netty.channel.nio.AbstractNioChannel$AbstractNioUnsafe.handle(AbstractNioChannel.java:445)\n\tat io.netty.channel.nio.NioIoHandler$DefaultNioRegistration.handle(NioIoHandler.java:388)\n\tat io.netty.channel.nio.NioIoHandler.processSelectedKey(NioIoHandler.java:596)\n\tat io.netty.channel.nio.NioIoHandler.processSelectedKeysOptimized(NioIoHandler.java:571)\n\tat io.netty.channel.nio.NioIoHandler.processSelectedKeys(NioIoHandler.java:512)\n\tat io.netty.channel.nio.NioIoHandler.run(NioIoHandler.java:484)\n\tat io.netty.channel.SingleThreadIoEventLoop.runIo(SingleThreadIoEventLoop.java:225)\n\tat io.netty.channel.SingleThreadIoEventLoop.run(SingleThreadIoEventLoop.java:196)\n\tat io.netty.util.concurrent.SingleThreadEventExecutor$5.run(SingleThreadEventExecutor.java:1195)\n\tat io.netty.util.internal.ThreadExecutorMap$2.run(ThreadExecutorMap.java:74)\n\tat io.netty.util.concurrent.FastThreadLocalRunnable.run(FastThreadLocalRunnable.java:30)\n\tat java.lang.Thread.run(Thread.java:1564)\n"}}
[2026-06-14T11:43:49.265Z] [ALL] 06-14 17:13:49.303  1486 18306 D WifiConnectivityMonitor.DnsThread:  [|205]
[2026-06-14T11:43:49.268Z] [ALL] 06-14 17:13:49.306  1486  1860 D WifiConnectivityMonitor.NetworkStatsAnalyzer: DNS resultType : 0, responseTime : 205
[2026-06-14T11:43:49.271Z] [ALL] 06-14 17:13:49.306  1486  1858 D OpenNetworkQos[4.00]: updateBssidLatestDnsResultType - result: 0
[2026-06-14T11:43:49.271Z] [ALL] 06-14 17:13:49.307  1486  1858 D OpenNetworkQos[4.00]: updateBssidNoInternet: mBssidNoInternet = false
[2026-06-14T11:43:49.271Z] [ALL] 06-14 17:13:49.307  1486  1858 D OpenNetworkQos[4.00]: getOpenNetworkQosNoInternetStatus: false
[2026-06-14T11:43:49.271Z] [ALL] 06-14 17:13:49.307  1486  1858 D OpenNetworkQos[4.00]: getOpenNetworkQosScores: 26 26 30 
[2026-06-14T11:43:49.271Z] [ALL] 06-14 17:13:49.308  1486  1858 I WifiProfileShare: network QoS data was changed (internet), updateQoSData networkType: true, qosData: false
[2026-06-14T11:43:49.271Z] [ALL] 06-14 17:13:49.308  1486  3127 V WifiProfileShare.Caster: update wips network, size: 0
[2026-06-14T11:43:49.271Z] [ALL] 06-14 17:13:49.308  1486  3127 D WifiProfileShare: nearby scanning settings run
[2026-06-14T11:43:49.271Z] [ALL] 06-14 17:13:49.309  1486  3127 D WifiProfileShare: network score provider settings enabled
[2026-06-14T11:43:49.274Z] [ALL] 06-14 17:13:49.310  1486  3127 D OpenNetworkQos[4.00]: getOpenNetworkQosScores: 26 26 30 
[2026-06-14T11:43:49.274Z] [ALL] 06-14 17:13:49.311  1486  3127 D OpenNetworkQos[4.00]: getOpenNetworkQosNoInternetStatus: false
[2026-06-14T11:43:49.274Z] [ALL] 06-14 17:13:49.311  1486  3127 I WifiProfileShare.Caster: current network type: 0, score: [26, 26, 30]
[2026-06-14T11:43:49.274Z] [ALL] 06-14 17:13:49.312  1486  3127 V WifiProfileShare.Cache: update network score 14:33:75:**:**:cb
[2026-06-14T11:43:49.277Z] [ALL] 06-14 17:13:49.313  1486  3127 D WifiProfileShare.ScanMatcher: getMcfDataList size:2
[2026-06-14T11:43:49.277Z] [ALL] 06-14 17:13:49.314  1486  3127 I WifiProfileShare.Caster: qos data was updated , before:type:QOS, pBssid:4a:79:df, qosData:7c after:type:QOS, pBssid:4a:79:df, qosData:7c
[2026-06-14T11:43:49.281Z] [ALL] 06-14 17:13:49.316  1486  3127 I [MCFSDK_android_1.3.7026]_4_McfCasterImpl: isNetworkEnabled - type : 1 ret : true
[2026-06-14T11:43:49.281Z] [ALL] 06-14 17:13:49.317  1486  3127 D WifiProfileShare.McfCast: -ME--- mIsNetworkEnabled :true
[2026-06-14T11:43:49.281Z] [ALL] 06-14 17:13:49.317  1486  3127 D WifiProfileShare.McfCast: updateQoSData ignored, same contents
[2026-06-14T11:43:49.281Z] [ALL] 06-14 17:13:49.317  1486  3127 D WifiProfileShare.MCF: success update QosData !
[2026-06-14T11:43:49.281Z] [ALL] 06-14 17:13:49.320  1486  3127 I [MCFSDK_android_1.3.7026]_4_McfCasterImpl: isNetworkEnabled - type : 1 ret : true
[2026-06-14T11:43:49.281Z] [ALL] 06-14 17:13:49.320  1486  3127 D WifiProfileShare.McfCast: -ME--- mIsNetworkEnabled :true
[2026-06-14T11:43:49.281Z] [ALL] 06-14 17:13:49.320  1486  3127 D WifiProfileShare.McfCast: -ME--- updatePasswordDate pwdData size:2
[2026-06-14T11:43:49.559Z] [ALL] 06-14 17:13:49.596 16811 16850 I appium  : channel read: POST /session/8bf23567-3897-4b6f-aa75-faf6782e4d37/element
[2026-06-14T11:43:49.559Z] [ALL] 06-14 17:13:49.597 16811 16850 I appium  : FindElement command
[2026-06-14T11:43:49.561Z] [ALL] 06-14 17:13:49.598 16811 16850 I appium  : method: 'xpath', selector: '//*[contains(@resource-id, "signup_toggle_btn") or @content-desc="signup_toggle_btn"]'
[2026-06-14T11:43:49.561Z] [ALL] 06-14 17:13:49.598 16811 16850 I appium  : Waiting up to 10000ms for the device to idle
[2026-06-14T11:43:49.561Z] [ALL] 06-14 17:13:49.600 16811 16850 I appium  : The following attributes will be included to the page source: [content-desc, resource-id]
[2026-06-14T11:43:49.624Z] [ALL] 06-14 17:13:49.663  1486  3107 I NSLocationMonitor: getGPSUsingApps() called
[2026-06-14T11:43:49.627Z] [ALL] 06-14 17:13:49.664  3066  3105 I NSLocationManager_FLP: getGPSUsingApps, No change
[2026-06-14T11:43:49.648Z] [ALL] 06-14 17:13:49.687  1486  3107 D FreecessHandler: skipping freeze com.whatsapp(10405) result : 2
[2026-06-14T11:43:49.826Z] [ALL] 06-14 17:13:49.865 16811 16850 I appium  : Took 0ms to retrieve 0 matches for '//*[contains(@resource-id, "signup_toggle_btn") or @content-desc="signup_toggle_btn"]' XPath2 query
[2026-06-14T11:43:49.830Z] [ALL] 06-14 17:13:49.866 16811 16850 I appium  : AppiumResponse: {"sessionId":"8bf23567-3897-4b6f-aa75-faf6782e4d37","value":{"error":"no such element","message":"An element could not be located on the page using the given search parameters","stacktrace":"io.appium.uiautomator2.common.exceptions.ElementNotFoundException: An element could not be located on the page using the given search parameters\n\tat io.appium.uiautomator2.utils.ElementLocationHelpers.findElement(ElementLocationHelpers.java:153)\n\tat io.appium.uiautomator2.handler.FindElement.safeHandle(FindElement.java:60)\n\tat io.appium.uiautomator2.handler.request.SafeRequestHandler.handle(SafeRequestHandler.java:59)\n\tat io.appium.uiautomator2.server.AppiumServlet.handleRequest(AppiumServlet.java:267)\n\tat io.appium.uiautomator2.server.AppiumServlet.handleHttpRequest(AppiumServlet.java:261)\n\tat io.appium.uiautomator2.http.ServerHandler.channelRead(ServerHandler.java:77)\n\tat io.netty.channel.AbstractChannelHandlerContext.fireChannelRead(AbstractChannelHandlerContext.java:357)\n\tat io.netty.handler.codec.MessageToMessageDecoder.channelRead(MessageToMessageDecoder.java:107)\n\tat io.netty.channel.AbstractChannelHandlerContext.fireChannelRead(AbstractChannelHandlerContext.java:357)\n\tat io.netty.channel.CombinedChannelDuplexHandler$DelegatingChannelHandlerContext.fireChannelRead(CombinedChannelDuplexHandler.java:434)\n\tat io.netty.handler.codec.ByteToMessageDecoder.fireChannelRead(ByteToMessageDecoder.java:361)\n\tat io.netty.handler.codec.ByteToMessageDecoder.channelRead(ByteToMessageDecoder.java:325)\n\tat io.netty.channel.CombinedChannelDuplexHandler.channelRead(CombinedChannelDuplexHandler.java:249)\n\tat io.netty.channel.AbstractChannelHandlerContext.fireChannelRead(AbstractChannelHandlerContext.java:355)\n\tat io.netty.handler.timeout.IdleStateHandler.channelRead(IdleStateHandler.java:288)\n\tat io.netty.channel.AbstractChannelHandlerContext.fireChannelRead(AbstractChannelHandlerContext.java:355)\n\tat io.netty.channel.DefaultChannelPipeline$HeadContext.channelRead(DefaultChannelPipeline.java:1429)\n\tat io.netty.channel.DefaultChannelPipeline.fireChannelRead(DefaultChannelPipeline.java:918)\n\tat io.netty.channel.nio.AbstractNioByteChannel$NioByteUnsafe.read(AbstractNioByteChannel.java:176)\n\tat io.netty.channel.nio.AbstractNioChannel$AbstractNioUnsafe.handle(AbstractNioChannel.java:445)\n\tat io.netty.channel.nio.NioIoHandler$DefaultNioRegistration.handle(NioIoHandler.java:388)\n\tat io.netty.channel.nio.NioIoHandler.processSelectedKey(NioIoHandler.java:596)\n\tat io.netty.channel.nio.NioIoHandler.processSelectedKeysOptimized(NioIoHandler.java:571)\n\tat io.netty.channel.nio.NioIoHandler.processSelectedKeys(NioIoHandler.java:512)\n\tat io.netty.channel.nio.NioIoHandler.run(NioIoHandler.java:484)\n\tat io.netty.channel.SingleThreadIoEventLoop.runIo(SingleThreadIoEventLoop.java:225)\n\tat io.netty.channel.SingleThreadIoEventLoop.run(SingleThreadIoEventLoop.java:196)\n\tat io.netty.util.concurrent.SingleThreadEventExecutor$5.run(SingleThreadEventExecutor.java:1195)\n\tat io.netty.util.internal.ThreadExecutorMap$2.run(ThreadExecutorMap.java:74)\n\tat io.netty.util.concurrent.FastThreadLocalRunnable.run(FastThreadLocalRunnable.java:30)\n\tat java.lang.Thread.run(Thread.java:1564)\n"}}
[2026-06-14T11:43:50.358Z] [ALL] 06-14 17:13:50.396 16811 16850 I appium  : channel read: POST /session/8bf23567-3897-4b6f-aa75-faf6782e4d37/element
[2026-06-14T11:43:50.358Z] [ALL] 06-14 17:13:50.397 16811 16850 I appium  : FindElement command
[2026-06-14T11:43:50.360Z] [ALL] 06-14 17:13:50.398 16811 16850 I appium  : method: 'xpath', selector: '//*[contains(@resource-id, "signup_toggle_btn") or @content-desc="signup_toggle_btn"]'
[2026-06-14T11:43:50.360Z] [ALL] 06-14 17:13:50.398 16811 16850 I appium  : Waiting up to 10000ms for the device to idle
[2026-06-14T11:43:50.360Z] [ALL] 06-14 17:13:50.400 16811 16850 I appium  : The following attributes will be included to the page source: [content-desc, resource-id]
[2026-06-14T11:43:50.580Z] [ALL] 06-14 17:13:50.618 16811 16850 I appium  : Took 0ms to retrieve 0 matches for '//*[contains(@resource-id, "signup_toggle_btn") or @content-desc="signup_toggle_btn"]' XPath2 query
[2026-06-14T11:43:50.583Z] [ALL] 06-14 17:13:50.619 16811 16850 I appium  : AppiumResponse: {"sessionId":"8bf23567-3897-4b6f-aa75-faf6782e4d37","value":{"error":"no such element","message":"An element could not be located on the page using the given search parameters","stacktrace":"io.appium.uiautomator2.common.exceptions.ElementNotFoundException: An element could not be located on the page using the given search parameters\n\tat io.appium.uiautomator2.utils.ElementLocationHelpers.findElement(ElementLocationHelpers.java:153)\n\tat io.appium.uiautomator2.handler.FindElement.safeHandle(FindElement.java:60)\n\tat io.appium.uiautomator2.handler.request.SafeRequestHandler.handle(SafeRequestHandler.java:59)\n\tat io.appium.uiautomator2.server.AppiumServlet.handleRequest(AppiumServlet.java:267)\n\tat io.appium.uiautomator2.server.AppiumServlet.handleHttpRequest(AppiumServlet.java:261)\n\tat io.appium.uiautomator2.http.ServerHandler.channelRead(ServerHandler.java:77)\n\tat io.netty.channel.AbstractChannelHandlerContext.fireChannelRead(AbstractChannelHandlerContext.java:357)\n\tat io.netty.handler.codec.MessageToMessageDecoder.channelRead(MessageToMessageDecoder.java:107)\n\tat io.netty.channel.AbstractChannelHandlerContext.fireChannelRead(AbstractChannelHandlerContext.java:357)\n\tat io.netty.channel.CombinedChannelDuplexHandler$DelegatingChannelHandlerContext.fireChannelRead(CombinedChannelDuplexHandler.java:434)\n\tat io.netty.handler.codec.ByteToMessageDecoder.fireChannelRead(ByteToMessageDecoder.java:361)\n\tat io.netty.handler.codec.ByteToMessageDecoder.channelRead(ByteToMessageDecoder.java:325)\n\tat io.netty.channel.CombinedChannelDuplexHandler.channelRead(CombinedChannelDuplexHandler.java:249)\n\tat io.netty.channel.AbstractChannelHandlerContext.fireChannelRead(AbstractChannelHandlerContext.java:355)\n\tat io.netty.handler.timeout.IdleStateHandler.channelRead(IdleStateHandler.java:288)\n\tat io.netty.channel.AbstractChannelHandlerContext.fireChannelRead(AbstractChannelHandlerContext.java:355)\n\tat io.netty.channel.DefaultChannelPipeline$HeadContext.channelRead(DefaultChannelPipeline.java:1429)\n\tat io.netty.channel.DefaultChannelPipeline.fireChannelRead(DefaultChannelPipeline.java:918)\n\tat io.netty.channel.nio.AbstractNioByteChannel$NioByteUnsafe.read(AbstractNioByteChannel.java:176)\n\tat io.netty.channel.nio.AbstractNioChannel$AbstractNioUnsafe.handle(AbstractNioChannel.java:445)\n\tat io.netty.channel.nio.NioIoHandler$DefaultNioRegistration.handle(NioIoHandler.java:388)\n\tat io.netty.channel.nio.NioIoHandler.processSelectedKey(NioIoHandler.java:596)\n\tat io.netty.channel.nio.NioIoHandler.processSelectedKeysOptimized(NioIoHandler.java:571)\n\tat io.netty.channel.nio.NioIoHandler.processSelectedKeys(NioIoHandler.java:512)\n\tat io.netty.channel.nio.NioIoHandler.run(NioIoHandler.java:484)\n\tat io.netty.channel.SingleThreadIoEventLoop.runIo(SingleThreadIoEventLoop.java:225)\n\tat io.netty.channel.SingleThreadIoEventLoop.run(SingleThreadIoEventLoop.java:196)\n\tat io.netty.util.concurrent.SingleThreadEventExecutor$5.run(SingleThreadEventExecutor.java:1195)\n\tat io.netty.util.internal.ThreadExecutorMap$2.run(ThreadExecutorMap.java:74)\n\tat io.netty.util.concurrent.FastThreadLocalRunnable.run(FastThreadLocalRunnable.java:30)\n\tat java.lang.Thread.run(Thread.java:1564)\n"}}
[2026-06-14T11:43:51.039Z] [ALL] 06-14 17:13:51.078  1486  1526 I ActivityManager: Changes in 10144 15 to 19, 256 to 0
[2026-06-14T11:43:51.056Z] [ALL] 06-14 17:13:51.095  1149  1280 I SurfaceFlinger: Current= 60, Period= 60, hwcPeriod= 60
[2026-06-14T11:43:51.106Z] [ALL] 06-14 17:13:51.146 16811 16850 I appium  : channel read: POST /session/8bf23567-3897-4b6f-aa75-faf6782e4d37/element
[2026-06-14T11:43:51.108Z] [ALL] 06-14 17:13:51.147 16811 16850 I appium  : FindElement command
[2026-06-14T11:43:51.108Z] [ALL] 06-14 17:13:51.148 16811 16850 I appium  : method: 'xpath', selector: '//*[contains(@resource-id, "signup_toggle_btn") or @content-desc="signup_toggle_btn"]'
[2026-06-14T11:43:51.108Z] [ALL] 06-14 17:13:51.148 16811 16850 I appium  : Waiting up to 10000ms for the device to idle
[2026-06-14T11:43:51.110Z] [ALL] 06-14 17:13:51.149 16811 16850 I appium  : The following attributes will be included to the page source: [content-desc, resource-id]
[2026-06-14T11:43:51.243Z] [ALL] 06-14 17:13:51.281   747   747 D io_stats: !@   8,0 r 81868964 1615271317 w 12919562 211009736 d 4283884 262457252 f 0 1127552 iot 29285544 0 th 0 0 0 pt 0 inp 0 0 185737.370
[2026-06-14T11:43:51.243Z] [ALL] 06-14 17:13:51.281 16811 16850 I appium  : Took 0ms to retrieve 0 matches for '//*[contains(@resource-id, "signup_toggle_btn") or @content-desc="signup_toggle_btn"]' XPath2 query
[2026-06-14T11:43:51.243Z] [ALL] 06-14 17:13:51.281   747   747 D io_stats: !@ Read_top(KB): c.android.sdhms(4132) 32
[2026-06-14T11:43:51.246Z] [ALL] 06-14 17:13:51.283 16811 16850 I appium  : AppiumResponse: {"sessionId":"8bf23567-3897-4b6f-aa75-faf6782e4d37","value":{"error":"no such element","message":"An element could not be located on the page using the given search parameters","stacktrace":"io.appium.uiautomator2.common.exceptions.ElementNotFoundException: An element could not be located on the page using the given search parameters\n\tat io.appium.uiautomator2.utils.ElementLocationHelpers.findElement(ElementLocationHelpers.java:153)\n\tat io.appium.uiautomator2.handler.FindElement.safeHandle(FindElement.java:60)\n\tat io.appium.uiautomator2.handler.request.SafeRequestHandler.handle(SafeRequestHandler.java:59)\n\tat io.appium.uiautomator2.server.AppiumServlet.handleRequest(AppiumServlet.java:267)\n\tat io.appium.uiautomator2.server.AppiumServlet.handleHttpRequest(AppiumServlet.java:261)\n\tat io.appium.uiautomator2.http.ServerHandler.channelRead(ServerHandler.java:77)\n\tat io.netty.channel.AbstractChannelHandlerContext.fireChannelRead(AbstractChannelHandlerContext.java:357)\n\tat io.netty.handler.codec.MessageToMessageDecoder.channelRead(MessageToMessageDecoder.java:107)\n\tat io.netty.channel.AbstractChannelHandlerContext.fireChannelRead(AbstractChannelHandlerContext.java:357)\n\tat io.netty.channel.CombinedChannelDuplexHandler$DelegatingChannelHandlerContext.fireChannelRead(CombinedChannelDuplexHandler.java:434)\n\tat io.netty.handler.codec.ByteToMessageDecoder.fireChannelRead(ByteToMessageDecoder.java:361)\n\tat io.netty.handler.codec.ByteToMessageDecoder.channelRead(ByteToMessageDecoder.java:325)\n\tat io.netty.channel.CombinedChannelDuplexHandler.channelRead(CombinedChannelDuplexHandler.java:249)\n\tat io.netty.channel.AbstractChannelHandlerContext.fireChannelRead(AbstractChannelHandlerContext.java:355)\n\tat io.netty.handler.timeout.IdleStateHandler.channelRead(IdleStateHandler.java:288)\n\tat io.netty.channel.AbstractChannelHandlerContext.fireChannelRead(AbstractChannelHandlerContext.java:355)\n\tat io.netty.channel.DefaultChannelPipeline$HeadContext.channelRead(DefaultChannelPipeline.java:1429)\n\tat io.netty.channel.DefaultChannelPipeline.fireChannelRead(DefaultChannelPipeline.java:918)\n\tat io.netty.channel.nio.AbstractNioByteChannel$NioByteUnsafe.read(AbstractNioByteChannel.java:176)\n\tat io.netty.channel.nio.AbstractNioChannel$AbstractNioUnsafe.handle(AbstractNioChannel.java:445)\n\tat io.netty.channel.nio.NioIoHandler$DefaultNioRegistration.handle(NioIoHandler.java:388)\n\tat io.netty.channel.nio.NioIoHandler.processSelectedKey(NioIoHandler.java:596)\n\tat io.netty.channel.nio.NioIoHandler.processSelectedKeysOptimized(NioIoHandler.java:571)\n\tat io.netty.channel.nio.NioIoHandler.processSelectedKeys(NioIoHandler.java:512)\n\tat io.netty.channel.nio.NioIoHandler.run(NioIoHandler.java:484)\n\tat io.netty.channel.SingleThreadIoEventLoop.runIo(SingleThreadIoEventLoop.java:225)\n\tat io.netty.channel.SingleThreadIoEventLoop.run(SingleThreadIoEventLoop.java:196)\n\tat io.netty.util.concurrent.SingleThreadEventExecutor$5.run(SingleThreadEventExecutor.java:1195)\n\tat io.netty.util.internal.ThreadExecutorMap$2.run(ThreadExecutorMap.java:74)\n\tat io.netty.util.concurrent.FastThreadLocalRunnable.run(FastThreadLocalRunnable.java:30)\n\tat java.lang.Thread.run(Thread.java:1564)\n"}}
[2026-06-14T11:43:51.540Z] [ALL] 06-14 17:13:51.578 16811 16850 I appium  : channel read: POST /session/8bf23567-3897-4b6f-aa75-faf6782e4d37/element
[2026-06-14T11:43:51.540Z] [ALL] 06-14 17:13:51.579 16811 16850 I appium  : FindElement command
[2026-06-14T11:43:51.542Z] [ALL] 06-14 17:13:51.580 16811 16850 I appium  : method: 'xpath', selector: '//*[contains(@resource-id, "signup_toggle_btn") or @content-desc="signup_toggle_btn"]'
[2026-06-14T11:43:51.542Z] [ALL] 06-14 17:13:51.580 16811 16850 I appium  : Waiting up to 10000ms for the device to idle
[2026-06-14T11:43:51.542Z] [ALL] 06-14 17:13:51.581 16811 16850 I appium  : The following attributes will be included to the page source: [content-desc, resource-id]
[2026-06-14T11:43:51.582Z] [ALL] 06-14 17:13:51.620  1486  1828 I SemWifiServiceDetector: Service det. resumed: T / T / 19967
[2026-06-14T11:43:51.662Z] [ALL] 06-14 17:13:51.701  1486  1729 D WifiStaIfaceHidlImpl: getCachedScanData is not implemented by HIDL
[2026-06-14T11:43:51.671Z] [ALL] 06-14 17:13:51.710  1486  3494 D SemWifiUsabilityStatsMonitor: onWifiUsabilityStats - seqNum 24517, isSameBssidAndFreq true
[2026-06-14T11:43:51.671Z] [ALL] 06-14 17:13:51.710  2072  2072 I EPDG-0 [WifiProfiler]: handleWifiRssiIntent, rssi=-57
[2026-06-14T11:43:51.671Z] [ALL] 06-14 17:13:51.710  2072  2072 I EPDG-0 [WifiProfiler]: isProfiling, hash=189204772, started=true
[2026-06-14T11:43:51.672Z] [ALL] 06-14 17:13:51.710  2072  2072 I EPDG-0 [LogMetrics]: set, type=WIFI_RSSI_LAST, value=-57
[2026-06-14T11:43:51.672Z] [ALL] 06-14 17:13:51.711  2072  2072 I EPDG-0 [WifiProfiler]: isProfiling, hash=189204772, started=true
[2026-06-14T11:43:51.672Z] [ALL] 06-14 17:13:51.712  1486  1830 I SemWifiLinkQualityMonitor: Link stat: 241 / 72 / 1.40 (7) / 78 / -57.0 || 100.0 : 78.00 / B (B) || 75790cca2437: 0.205 / 38.979 / N / V || N N / 0 0 / N 2.0 / N -1 0.000 0.000 / N / X 0 / 185737798 0 0 || 2026-06-14 17:13:51  / 0: 0 0 0 0 0 0 / 0: 0 0 0 0 0 0 / 0: 0 0 0 0 0 0
[2026-06-14T11:43:51.672Z] [ALL] 06-14 17:13:51.712  2072  2072 I EPDG-0 [WifiProfiler]: Rssi : -57 highrange : -75 lowrange : -85 mIsRssiInHystersis : false
[2026-06-14T11:43:51.672Z] [ALL] 06-14 17:13:51.712  2072  2072 I EPDG-0 [WifiProfiler]: Rssi : -57 highrange : -75 lowrange : -85 mIsRssiInHystersis : false
[2026-06-14T11:43:51.672Z] [ALL] 06-14 17:13:51.712  2072  2072 I EPDG-0 [Subscription]: isEpdgAvailable, IwlanPsState=2/2
[2026-06-14T11:43:51.672Z] [ALL] 06-14 17:13:51.712  2072  2072 I EPDG-0 [WifiProfiler]: getHandoverThresholdMet: value is: false
[2026-06-14T11:43:51.730Z] [ALL] 06-14 17:13:51.770 16811 16850 I appium  : Took 0ms to retrieve 0 matches for '//*[contains(@resource-id, "signup_toggle_btn") or @content-desc="signup_toggle_btn"]' XPath2 query
[2026-06-14T11:43:51.732Z] [ALL] 06-14 17:13:51.771 16811 16850 I appium  : AppiumResponse: {"sessionId":"8bf23567-3897-4b6f-aa75-faf6782e4d37","value":{"error":"no such element","message":"An element could not be located on the page using the given search parameters","stacktrace":"io.appium.uiautomator2.common.exceptions.ElementNotFoundException: An element could not be located on the page using the given search parameters\n\tat io.appium.uiautomator2.utils.ElementLocationHelpers.findElement(ElementLocationHelpers.java:153)\n\tat io.appium.uiautomator2.handler.FindElement.safeHandle(FindElement.java:60)\n\tat io.appium.uiautomator2.handler.request.SafeRequestHandler.handle(SafeRequestHandler.java:59)\n\tat io.appium.uiautomator2.server.AppiumServlet.handleRequest(AppiumServlet.java:267)\n\tat io.appium.uiautomator2.server.AppiumServlet.handleHttpRequest(AppiumServlet.java:261)\n\tat io.appium.uiautomator2.http.ServerHandler.channelRead(ServerHandler.java:77)\n\tat io.netty.channel.AbstractChannelHandlerContext.fireChannelRead(AbstractChannelHandlerContext.java:357)\n\tat io.netty.handler.codec.MessageToMessageDecoder.channelRead(MessageToMessageDecoder.java:107)\n\tat io.netty.channel.AbstractChannelHandlerContext.fireChannelRead(AbstractChannelHandlerContext.java:357)\n\tat io.netty.channel.CombinedChannelDuplexHandler$DelegatingChannelHandlerContext.fireChannelRead(CombinedChannelDuplexHandler.java:434)\n\tat io.netty.handler.codec.ByteToMessageDecoder.fireChannelRead(ByteToMessageDecoder.java:361)\n\tat io.netty.handler.codec.ByteToMessageDecoder.channelRead(ByteToMessageDecoder.java:325)\n\tat io.netty.channel.CombinedChannelDuplexHandler.channelRead(CombinedChannelDuplexHandler.java:249)\n\tat io.netty.channel.AbstractChannelHandlerContext.fireChannelRead(AbstractChannelHandlerContext.java:355)\n\tat io.netty.handler.timeout.IdleStateHandler.channelRead(IdleStateHandler.java:288)\n\tat io.netty.channel.AbstractChannelHandlerContext.fireChannelRead(AbstractChannelHandlerContext.java:355)\n\tat io.netty.channel.DefaultChannelPipeline$HeadContext.channelRead(DefaultChannelPipeline.java:1429)\n\tat io.netty.channel.DefaultChannelPipeline.fireChannelRead(DefaultChannelPipeline.java:918)\n\tat io.netty.channel.nio.AbstractNioByteChannel$NioByteUnsafe.read(AbstractNioByteChannel.java:176)\n\tat io.netty.channel.nio.AbstractNioChannel$AbstractNioUnsafe.handle(AbstractNioChannel.java:445)\n\tat io.netty.channel.nio.NioIoHandler$DefaultNioRegistration.handle(NioIoHandler.java:388)\n\tat io.netty.channel.nio.NioIoHandler.processSelectedKey(NioIoHandler.java:596)\n\tat io.netty.channel.nio.NioIoHandler.processSelectedKeysOptimized(NioIoHandler.java:571)\n\tat io.netty.channel.nio.NioIoHandler.processSelectedKeys(NioIoHandler.java:512)\n\tat io.netty.channel.nio.NioIoHandler.run(NioIoHandler.java:484)\n\tat io.netty.channel.SingleThreadIoEventLoop.runIo(SingleThreadIoEventLoop.java:225)\n\tat io.netty.channel.SingleThreadIoEventLoop.run(SingleThreadIoEventLoop.java:196)\n\tat io.netty.util.concurrent.SingleThreadEventExecutor$5.run(SingleThreadEventExecutor.java:1195)\n\tat io.netty.util.internal.ThreadExecutorMap$2.run(ThreadExecutorMap.java:74)\n\tat io.netty.util.concurrent.FastThreadLocalRunnable.run(FastThreadLocalRunnable.java:30)\n\tat java.lang.Thread.run(Thread.java:1564)\n"}}
[2026-06-14T11:43:51.754Z] [ALL] 06-14 17:13:51.793 16811 16850 I appium  : channel read: POST /session/8bf23567-3897-4b6f-aa75-faf6782e4d37/elements
[2026-06-14T11:43:51.754Z] [ALL] 06-14 17:13:51.794 16811 16850 I appium  : FindElements command
[2026-06-14T11:43:51.756Z] [ALL] 06-14 17:13:51.795 16811 16850 I appium  : method: 'xpath', selector: '//*[contains(@resource-id, "signup_toggle_btn") or @content-desc="signup_toggle_btn"]'
[2026-06-14T11:43:51.756Z] [ALL] 06-14 17:13:51.795 16811 16850 I appium  : Waiting up to 10000ms for the device to idle
[2026-06-14T11:43:51.759Z] [ALL] 06-14 17:13:51.796 16811 16850 I appium  : The following attributes will be included to the page source: [content-desc, resource-id]
[2026-06-14T11:43:51.892Z] [ALL] 06-14 17:13:51.928 16811 16850 I appium  : Took 0ms to retrieve 0 matches for '//*[contains(@resource-id, "signup_toggle_btn") or @content-desc="signup_toggle_btn"]' XPath2 query
[2026-06-14T11:43:51.892Z] [ALL] 06-14 17:13:51.928 16811 16850 I appium  : Found zero matches
[2026-06-14T11:43:51.902Z] [ALL] 06-14 17:13:51.929 16811 16850 I appium  : AppiumResponse: {"sessionId":"8bf23567-3897-4b6f-aa75-faf6782e4d37","value":[]}
[2026-06-14T11:43:52.211Z] [ALL] 06-14 17:13:52.249  1486  1856 D SemWifiSwitchForIndividualAppsService: isSkipNetworkCondition - result:2
[2026-06-14T11:43:52.382Z] [ALL] 06-14 17:13:52.420  1486  1860 D WifiConnectivityMonitor.NetworkStatsAnalyzer: Backhaul result - RSSI:-57, CE:12, PE:12, TI:19, PTI:19, TW:0, PTW:0, Tx:85, Rx:93, TxS:60, RxS:60, RESULT:true, IC:0, ICT:5, WC:0, WCT:5, R:0, RC:0, IE:0, EC:0
[2026-06-14T11:43:52.427Z] [ALL] 06-14 17:13:52.466 16811 16850 I appium  : channel read: POST /session/8bf23567-3897-4b6f-aa75-faf6782e4d37/elements
[2026-06-14T11:43:52.428Z] [ALL] 06-14 17:13:52.467 16811 16850 I appium  : FindElements command
[2026-06-14T11:43:52.428Z] [ALL] 06-14 17:13:52.468 16811 16850 I appium  : method: 'xpath', selector: '//*[contains(@resource-id, "signup_toggle_btn") or @content-desc="signup_toggle_btn"]'
[2026-06-14T11:43:52.428Z] [ALL] 06-14 17:13:52.468 16811 16850 I appium  : Waiting up to 10000ms for the device to idle
[2026-06-14T11:43:52.430Z] [ALL] 06-14 17:13:52.469 16811 16850 I appium  : The following attributes will be included to the page source: [content-desc, resource-id]
[2026-06-14T11:43:52.435Z] [ALL] 06-14 17:13:52.475 16811 16815 I tomator2.server: Method exceeds compiler instruction limit: 19260 in java_cup.runtime.Symbol org.eclipse.wst.xml.xpath2.processor.internal.CUP$XPathCup$actions.CUP$XPathCup$do_action(int, java_cup.runtime.lr_parser, java.util.Stack, int)
[2026-06-14T11:43:52.675Z] [ALL] 06-14 17:13:52.715  4132  5524 I SDHMS:x : SIOP:: AP:383 BAT:367 USB:357 CHG:384 PA:389 CP:385 WIFI:379 BLK:0 SUBBAT:0 LRPTHM:375 SKIN:359 SKINF:354 SKINB:359 LRP:359 LRP2:359 LRF2:354 LRB2:359 AP2:358 CHG2:350 MEM2:356 WIFI2:359 SPK2:342 VAP02:391 VWIFI:383 AVGCUR:3 AVGSYS:326 POWER:12
[2026-06-14T11:43:52.685Z] [ALL] 06-14 17:13:52.725 16811 16850 I appium  : Took 0ms to retrieve 0 matches for '//*[contains(@resource-id, "signup_toggle_btn") or @content-desc="signup_toggle_btn"]' XPath2 query
[2026-06-14T11:43:52.685Z] [ALL] 06-14 17:13:52.725 16811 16850 I appium  : Found zero matches
[2026-06-14T11:43:52.687Z] [ALL] 06-14 17:13:52.726 16811 16850 I appium  : AppiumResponse: {"sessionId":"8bf23567-3897-4b6f-aa75-faf6782e4d37","value":[]}
[2026-06-14T11:43:53.208Z] [ALL] 06-14 17:13:53.246 16811 16850 I appium  : channel read: POST /session/8bf23567-3897-4b6f-aa75-faf6782e4d37/elements
[2026-06-14T11:43:53.208Z] [ALL] 06-14 17:13:53.247 16811 16850 I appium  : FindElements command
[2026-06-14T11:43:53.210Z] [ALL] 06-14 17:13:53.248 16811 16850 I appium  : method: 'xpath', selector: '//*[contains(@resource-id, "signup_toggle_btn") or @content-desc="signup_toggle_btn"]'
[2026-06-14T11:43:53.210Z] [ALL] 06-14 17:13:53.248 16811 16850 I appium  : Waiting up to 10000ms for the device to idle
[2026-06-14T11:43:53.210Z] [ALL] 06-14 17:13:53.250 16811 16850 I appium  : The following attributes will be included to the page source: [content-desc, resource-id]
[2026-06-14T11:43:53.228Z] [ALL] 06-14 17:13:53.267  1486  1856 D SemWifiSwitchForIndividualAppsService: isSkipNetworkCondition - result:2
[2026-06-14T11:43:53.245Z] [ALL] 06-14 17:13:53.283   747   747 D io_stats: !@   8,0 r 81868964 1615271317 w 12919564 211010264 d 4283884 262457252 f 0 1127552 iot 29285552 0 th 0 0 0 pt 0 inp 0 0 185739.371
[2026-06-14T11:43:53.445Z] [ALL] 06-14 17:13:53.485 16811 16850 I appium  : Took 0ms to retrieve 0 matches for '//*[contains(@resource-id, "signup_toggle_btn") or @content-desc="signup_toggle_btn"]' XPath2 query
[2026-06-14T11:43:53.445Z] [ALL] 06-14 17:13:53.485 16811 16850 I appium  : Found zero matches
[2026-06-14T11:43:53.448Z] [ALL] 06-14 17:13:53.486 16811 16850 I appium  : AppiumResponse: {"sessionId":"8bf23567-3897-4b6f-aa75-faf6782e4d37","value":[]}
[2026-06-14T11:43:53.709Z] [ALL] 06-14 17:13:53.746  1269  1269 I GNSS_2_1: Gnss::injectLocation: Called
[2026-06-14T11:43:53.709Z] [ALL] 06-14 17:13:53.748  1269  1269 I GNSS_2_0: GNSSInjectLocation: Called
[2026-06-14T11:43:53.713Z] [ALL] 06-14 17:13:53.752  1486  1504 D ActivityManager: Received BROADCAST intent 0x8be60fd Key{broadcastIntent pkg=com.samsung.android.mcfds intent=act=com.samsung.android.ce.sensor.location.PASSIVE_INTENT xflg=0x4 pkg=com.samsung.android.mcfds flags=0x2000000 u=0} requestCode=20247613 sent=0 from uid 1000
[2026-06-14T11:43:53.716Z] [ALL] 06-14 17:13:53.756  1269  1269 I GNSS_2_1: Gnss::injectLocation: Returned
[2026-06-14T11:43:53.724Z] [ALL] 06-14 17:13:53.764  1486  2138 D SLocation: PositionManager - Passive handleLocationChanged [N, A : 48.53, T : 1781437433739, ET : 265326280, h : 14/15]
[2026-06-14T11:43:53.742Z] [ALL] 06-14 17:13:53.778  7305  7323 I [CE]_ContextEngineReceiver: onReceive - action: com.samsung.android.ce.sensor.location.PASSIVE_INTENT
[2026-06-14T11:43:53.742Z] [ALL] 06-14 17:13:53.778  1486  2138 W SLocation: GeopointGeofenceManger - refresh wifi to receive loc
[2026-06-14T11:43:53.742Z] [ALL] 06-14 17:13:53.779  1486  2138 E SLocation: GeopointLastLocation - Last location is more well than current Location.
[2026-06-14T11:43:53.742Z] [ALL] 06-14 17:13:53.779  1486  2138 D SLocation: GeopointGeofenceManger - Location reported : fix method = 4 / 48.5336
[2026-06-14T11:43:53.742Z] [ALL] 06-14 17:13:53.779  1486  2138 D SLocation: LocationBuffer - receivedLocation - op[interval(min 60000, max 300000), waitTime 36000000, numOfUpdates 20, minDistance 200.0]dist : 15.1261635 diffTime : 27562 filtered Location
[2026-06-14T11:43:53.742Z] [ALL] 06-14 17:13:53.779  1486  2138 D SLocation: BatchManager - received batch location buffered = false
[2026-06-14T11:43:53.742Z] [ALL] 06-14 17:13:53.779  7305  7323 I [CE]_SLocationManager: onReceive - [Passive Location] 20247613
[2026-06-14T11:43:53.742Z] [ALL] 06-14 17:13:53.779  1486  2138 D SLocation: LastLocations - update latest location [N, A : 48.53, T : 1781437433739, ET : 265326280, h : 14/15]
[2026-06-14T11:43:53.742Z] [ALL] 06-14 17:13:53.779  1486  2138 D SLocation: ARDistanceLibManager - request distance diff to AR Distance Library
[2026-06-14T11:43:53.742Z] [ALL] 06-14 17:13:53.779  1486  2138 D SLocation: SLocationCoreSem - send to coreSem, packet length : 1 / [34]
[2026-06-14T11:43:53.742Z] [ALL] 06-14 17:13:53.779  1486  2138 D SemContextLocationCoreAttribute: setAttribute() mode : 0 action : 23
[2026-06-14T11:43:53.742Z] [ALL] 06-14 17:13:53.779  1486  2138 D SemContextService: lock : changeParameters
[2026-06-14T11:43:53.742Z] [ALL] 06-14 17:13:53.779  1486  2138 D SemContext.CaeProvider.LocationCoreImpl: setAttribute() mode : 0 action : 23
[2026-06-14T11:43:53.742Z] [ALL] 06-14 17:13:53.780  1486  2138 W CAE     : setCAProperty(ContextAwareService.java:509) - [setProperty 01] Mutex is locked for SLOCATION_RUNNER
[2026-06-14T11:43:53.742Z] [ALL] 06-14 17:13:53.780  1486  2138 I CAE     : setPropertyValue(SLocationRunner.java:116) - SLocationRunner setProperty header : 34, len : 1
[2026-06-14T11:43:53.745Z] [ALL] 06-14 17:13:53.783  1486  1720 D SensorService: setSContextDataLocked ints length 2 , byte length 4
[2026-06-14T11:43:53.745Z] [ALL] 06-14 17:13:53.783  1486  1720 D SensorService: setSContextDataLocked 223717c1
[2026-06-14T11:43:53.748Z] [ALL] 06-14 17:13:53.784  1067  1067 I SensorsHub: SContextSensor::injecet_sensor_data
[2026-06-14T11:43:53.748Z] [ALL] 06-14 17:13:53.784  1067  1067 D SensorsHub: c1 17 37 22  
[2026-06-14T11:43:53.748Z] [ALL] 06-14 17:13:53.784  1067  1067 D SensorsHub: inject_scontext_data: New ssp_data_injection_fd(31)
[2026-06-14T11:43:53.748Z] [ALL] 06-14 17:13:53.784  1067  1067 D SensorsHub: SContext Data Injection return 64
[2026-06-14T11:43:53.748Z] [ALL] 06-14 17:13:53.785  1067  1177 I SensorsHub: context 38 0 37 1,1,55,0,33,33,0,0,0,0,24,184,220,148,248,14,122,0,7,195,254,104,47,180,69,192,0,0,0,25,2,128,234,56,0,0,37,108, 265326326181591
[2026-06-14T11:43:53.748Z] [ALL] 06-14 17:13:53.785  1067  1177 I SensorsHub: context 10 0 9 1,1,55,0,5,2,34,0,0,0, 265326326299912
[2026-06-14T11:43:53.748Z] [ALL] 06-14 17:13:53.786  1486  2138 W CAE     : setCAProperty(ContextAwareService.java:515) - [setProperty 02] Mutex is unlocked for SLOCATION_RUNNER
[2026-06-14T11:43:53.748Z] [ALL] 06-14 17:13:53.786  1486  2138 D SemContextService: unlock : changeParameters
[2026-06-14T11:43:53.748Z] [ALL] 06-14 17:13:53.787  1486  2138 D SemContextManager:   .changeParameters : listener = X.k@8cad1db, service=SLocation Core
[2026-06-14T11:43:53.749Z] [ALL] 06-14 17:13:53.787  1486  2138 D SLocation: SLocationCoreSem - send to coreSem, packet length : 23 / [2, 7, 195, 245, 14, 47, 180, 85, 130, 0, 0, 0, 48, 2, 0, 0, 1, 158, 197, 242, 7, 139, 0]
[2026-06-14T11:43:53.749Z] [ALL] 06-14 17:13:53.787  1486  2138 D SemContextLocationCoreAttribute: setAttribute() mode : 0 action : 23
[2026-06-14T11:43:53.749Z] [ALL] 06-14 17:13:53.787  1486  2138 D SemContextService: lock : changeParameters
[2026-06-14T11:43:53.749Z] [ALL] 06-14 17:13:53.787  1486  1718 D CAE     : onGetSensorHubData(SensorHubParserProvider.java:92) - onGetSensorHubData Event [event buffer len :38], AP_WAKEUP
[2026-06-14T11:43:53.749Z] [ALL] 06-14 17:13:53.788  1486  1718 I CAE     : parse(SensorHubParserProvider.java:188) - buffer size = 38
[2026-06-14T11:43:53.749Z] [ALL] 06-14 17:13:53.788  1486  1718 I CAE     : parse(SensorHubParserProvider.java:199) - 1, 1, 55, 0, 33, 33, 0, 0, 0, 0, 24, -72, -36, -108, -8, 14, 122, 0, 7, -61, -2, 104, 47, -76, 69, -64, 0, 0, 0, 25, 2, -128, -22, 56, 0, 0, 37, 108,
[2026-06-14T11:43:53.749Z] [ALL] 06-14 17:13:53.788  1486  2138 D SemContext.CaeProvider.LocationCoreImpl: setAttribute() mode : 0 action : 23
[2026-06-14T11:43:53.749Z] [ALL] 06-14 17:13:53.789  1486  1718 I CAE     : parse(SLocationRunner.java:88) - SLocationRunner parse start : 3
[2026-06-14T11:43:53.749Z] [ALL] 06-14 17:13:53.789  1486  2138 W CAE     : setCAProperty(ContextAwareService.java:509) - [setProperty 01] Mutex is locked for SLOCATION_RUNNER
[2026-06-14T11:43:53.749Z] [ALL] 06-14 17:13:53.789  1486  1718 D CAE     : display(ContextProvider.java:375) - ================= SLOCATION_RUNNER =================
[2026-06-14T11:43:53.749Z] [ALL] 06-14 17:13:53.789  1486  2138 I CAE     : setPropertyValue(SLocationRunner.java:116) - SLocationRunner setProperty header : 2, len : 23
[2026-06-14T11:43:53.751Z] [ALL] 06-14 17:13:53.790  1486  1718 I CAE     : display(ContextProvider.java:391) - ExtraDataArray=[1, 1, 55, 0, 33, 33, 0, 0, 0, 0, 24, -72, -36, -108, -8, 14, 122, 0, 7, -61, -2, 104, 47, -76, 69, -64, 0, 0, 0, 25, 2, -128, -22, 56, 0, 0, 37, 108]
[2026-06-14T11:43:53.753Z] [ALL] 06-14 17:13:53.790  1486  1720 D SensorService: setSContextDataLocked ints length 8 , byte length 26
[2026-06-14T11:43:53.753Z] [ALL] 06-14 17:13:53.790  1486  1720 D SensorService: setSContextDataLocked 23717c1
[2026-06-14T11:43:53.753Z] [ALL] 06-14 17:13:53.790  1486  1718 I CAE     : parse(SLocationRunner.java:96) - SLocationRunner parse end:38
[2026-06-14T11:43:53.753Z] [ALL] 06-14 17:13:53.790  1067  1067 I SensorsHub: SContextSensor::injecet_sensor_data
[2026-06-14T11:43:53.753Z] [ALL] 06-14 17:13:53.790  1486  1718 D CAE     : onGetSensorHubData(SensorHubParserProvider.java:92) - onGetSensorHubData Event [event buffer len :10], AP_WAKEUP
[2026-06-14T11:43:53.753Z] [ALL] 06-14 17:13:53.790  1067  1067 D SensorsHub: c1 17 37 02 07 c3 f5 0e 2f b4 55 82 00 00 00 30  
[2026-06-14T11:43:53.753Z] [ALL] 06-14 17:13:53.790  1486  1718 I CAE     : parse(SensorHubParserProvider.java:188) - buffer size = 10
[2026-06-14T11:43:53.753Z] [ALL] 06-14 17:13:53.790  1067  1067 D SensorsHub: 02 00 00 01 9e c5 f2 07 8b 00  
[2026-06-14T11:43:53.753Z] [ALL] 06-14 17:13:53.790  1067  1067 D SensorsHub: inject_scontext_data: New ssp_data_injection_fd(31)
[2026-06-14T11:43:53.753Z] [ALL] 06-14 17:13:53.790  1486  1718 I CAE     : parse(SensorHubParserProvider.java:199) - 1, 1, 55, 0, 5, 2, 34, 0, 0, 0,
[2026-06-14T11:43:53.753Z] [ALL] 06-14 17:13:53.790  1067  1067 D SensorsHub: SContext Data Injection return 64
[2026-06-14T11:43:53.754Z] [ALL] 06-14 17:13:53.790  1486  1715 D SemContextService: Service.updateContext() : service = SLocation Core
[2026-06-14T11:43:53.754Z] [ALL] 06-14 17:13:53.791  1486  1718 I CAE     : parse(SLocationRunner.java:88) - SLocationRunner parse start : 3
[2026-06-14T11:43:53.754Z] [ALL] 06-14 17:13:53.791  1486  1718 D CAE     : display(ContextProvider.java:375) - ================= SLOCATION_RUNNER =================
[2026-06-14T11:43:53.754Z] [ALL] 06-14 17:13:53.791  1067  1177 I SensorsHub: context 10 0 9 1,1,55,0,5,2,2,0,0,0, 265326332068896
[2026-06-14T11:43:53.754Z] [ALL] 06-14 17:13:53.791  1486  1718 I CAE     : display(ContextProvider.java:391) - ExtraDataArray=[1, 1, 55, 0, 5, 2, 34, 0, 0, 0]
[2026-06-14T11:43:53.754Z] [ALL] 06-14 17:13:53.791  1486  1718 I CAE     : parse(SLocationRunner.java:96) - SLocationRunner parse end:10
[2026-06-14T11:43:53.754Z] [ALL] 06-14 17:13:53.791  1486  2138 W CAE     : setCAProperty(ContextAwareService.java:515) - [setProperty 02] Mutex is unlocked for SLOCATION_RUNNER
[2026-06-14T11:43:53.754Z] [ALL] 06-14 17:13:53.792  1486  2138 D SemContextService: unlock : changeParameters
[2026-06-14T11:43:53.754Z] [ALL] 06-14 17:13:53.792  1486  1718 D CAE     : onGetSensorHubData(SensorHubParserProvider.java:92) - onGetSensorHubData Event [event buffer len :10], AP_WAKEUP
[2026-06-14T11:43:53.754Z] [ALL] 06-14 17:13:53.792  1486  2138 D SemContextManager:   .changeParameters : listener = X.k@8cad1db, service=SLocation Core
[2026-06-14T11:43:53.754Z] [ALL] 06-14 17:13:53.792  1486  1718 I CAE     : parse(SensorHubParserProvider.java:188) - buffer size = 10
[2026-06-14T11:43:53.754Z] [ALL] 06-14 17:13:53.792  1486  1486 D SemContextManager: onSemContextChanged() : event = SLocation Core
[2026-06-14T11:43:53.754Z] [ALL] 06-14 17:13:53.792  1486  1486 D SLocation: SensorHubWrapper - SemContextChanged type = 47, packet received
[2026-06-14T11:43:53.754Z] [ALL] 06-14 17:13:53.792  1486  1715 D SemContextService: Service.updateContext() : service = SLocation Core
[2026-06-14T11:43:53.754Z] [ALL] 06-14 17:13:53.792  1486  1486 D SemContextManager: onSemContextChanged() : event = SLocation Core
[2026-06-14T11:43:53.754Z] [ALL] 06-14 17:13:53.792  1486  1486 D SLocation: SensorHubWrapper - SemContextChanged type = 47, packet received
[2026-06-14T11:43:53.754Z] [ALL] 06-14 17:13:53.792  1486  2138 D SLocation: ReceiverPair - ignore direction of location due to wifi, id = 2, reason = 400
[2026-06-14T11:43:53.754Z] [ALL] 06-14 17:13:53.792  1486  1718 I CAE     : parse(SensorHubParserProvider.java:199) - 1, 1, 55, 0, 5, 2, 2, 0, 0, 0,
[2026-06-14T11:43:53.754Z] [ALL] 06-14 17:13:53.792  1486  1718 I CAE     : parse(SLocationRunner.java:88) - SLocationRunner parse start : 3
[2026-06-14T11:43:53.755Z] [ALL] 06-14 17:13:53.792  1486  1718 D CAE     : display(ContextProvider.java:375) - ================= SLOCATION_RUNNER =================
[2026-06-14T11:43:53.755Z] [ALL] 06-14 17:13:53.793  1486  1718 I CAE     : display(ContextProvider.java:391) - ExtraDataArray=[1, 1, 55, 0, 5, 2, 2, 0, 0, 0]
[2026-06-14T11:43:53.755Z] [ALL] 06-14 17:13:53.794  1486  1715 D SemContextService: Service.updateContext() : service = SLocation Core
[2026-06-14T11:43:53.755Z] [ALL] 06-14 17:13:53.794  1486  1486 D SemContextManager: onSemContextChanged() : event = SLocation Core
[2026-06-14T11:43:53.755Z] [ALL] 06-14 17:13:53.794  1486  1486 D SLocation: SensorHubWrapper - SemContextChanged type = 47, packet received
[2026-06-14T11:43:53.755Z] [ALL] 06-14 17:13:53.794  1486  1718 I CAE     : parse(SLocationRunner.java:96) - SLocationRunner parse end:10
[2026-06-14T11:43:53.756Z] [ALL] 06-14 17:13:53.795  1486  2138 D SLocation: AlarmManagerWrapper - next alarm time : 268926320 (WK)
[2026-06-14T11:43:53.759Z] [ALL] 06-14 17:13:53.797  1486  2138 D SLocation: GeofenceCoreManager - received Extra Data from core, len : 33
[2026-06-14T11:43:53.759Z] [ALL] 06-14 17:13:53.797  1486  2138 D SLocation: ARDistanceGetARDistance - convertSensorHubTimeToElapsedTime 1781414403827892541
[2026-06-14T11:43:53.759Z] [ALL] 06-14 17:13:53.797  1486  2138 D SLocation: ARDistanceGetARDistance - invalid location time from core pvt 1781414403827892541, do not use distance info
[2026-06-14T11:43:53.759Z] [ALL] 06-14 17:13:53.797  1486  2138 D SLocation: CommonCoreManager - received Extra Data from core, len : 33
[2026-06-14T11:43:53.759Z] [ALL] 06-14 17:13:53.797  1486  2138 D SLocation: GeofenceCoreManager - received Extra Data from core, len : 5
[2026-06-14T11:43:53.759Z] [ALL] 06-14 17:13:53.797  1486  2138 D SLocation: GeofenceCoreManager - handleCommandCallback - UNKNOWN_CALLBACK 34 SUCCESS
[2026-06-14T11:43:53.759Z] [ALL] 06-14 17:13:53.797  1486  2138 D SLocation: ARDistanceLibManager - command callback received - CURRENT_LOCATION_REQUEST_DISTANCE ERROR CODE : ERROR_NONE
[2026-06-14T11:43:53.759Z] [ALL] 06-14 17:13:53.797  1486  2138 D SLocation: CommonCoreManager - received Extra Data from core, len : 5
[2026-06-14T11:43:53.759Z] [ALL] 06-14 17:13:53.797  1486  2138 D SLocation: GeofenceCoreManager - received Extra Data from core, len : 5
[2026-06-14T11:43:53.759Z] [ALL] 06-14 17:13:53.797  1486  2138 D SLocation: GeofenceCoreManager - handleCommandCallback - UNKNOWN_CALLBACK 2 SUCCESS
[2026-06-14T11:43:53.759Z] [ALL] 06-14 17:13:53.797  1486  2138 D SLocation: CommonCoreManager - received Extra Data from core, len : 5
[2026-06-14T11:43:53.759Z] [ALL] 06-14 17:13:53.798  1486  2138 D SLocation: CommonCoreManager - handleCommandCallback - FUNC_TYPE : SET_LOCATION  ERROR_CODE : ERROR_NONE
[2026-06-14T11:43:53.762Z] [ALL] 06-14 17:13:53.801  7305  7323 I [CE]_BaseMovingContextProvider: Save - Time: 1781437433739, Value: 0.0
[2026-06-14T11:43:53.764Z] [ALL] 06-14 17:13:53.803  7305  7323 I [CE]_ActivityDataManagerImpl: loadState - StayInfo loaded
[2026-06-14T11:43:53.768Z] [ALL] 06-14 17:13:53.807  1486  1504 E AppOps  : Bad call made by uid 1001. Package "com.android.phone" does not belong to uid 10098.
[2026-06-14T11:43:53.769Z] [ALL] 06-14 17:13:53.807  1486  1504 E AppOps  : Cannot noteOperation
[2026-06-14T11:43:53.769Z] [ALL] 06-14 17:13:53.807  1486  1504 E AppOps  : java.lang.SecurityException: Specified package "com.android.phone" under uid 10098 but it is not
[2026-06-14T11:43:53.769Z] [ALL] 06-14 17:13:53.807  1486  1504 E AppOps  : 	at com.android.server.appop.AppOpsService.verifyAndGetBypass(qb/109687721 9f5f0f7065b3ad23ed9d502775af0c1cea666b12fbbf7805224931a8c35b7b9d:63)
[2026-06-14T11:43:53.769Z] [ALL] 06-14 17:13:53.807  1486  1504 E AppOps  : 	at com.android.server.appop.AppOpsService.noteOperationUnchecked(qb/109687721 9f5f0f7065b3ad23ed9d502775af0c1cea666b12fbbf7805224931a8c35b7b9d:65)
[2026-06-14T11:43:53.769Z] [ALL] 06-14 17:13:53.807  1486  1504 E AppOps  : 	at com.android.server.appop.AppOpsService.-$$Nest$mnoteOperationImpl(qb/109687721 9f5f0f7065b3ad23ed9d502775af0c1cea666b12fbbf7805224931a8c35b7b9d:89)
[2026-06-14T11:43:53.769Z] [ALL] 06-14 17:13:53.807  1486  1504 E AppOps  : 	at com.android.server.appop.AppOpsService$CheckOpsDelegateDispatcher$$ExternalSyntheticLambda4.apply(qb/109687721 9f5f0f7065b3ad23ed9d502775af0c1cea666b12fbbf7805224931a8c35b7b9d:65)
[2026-06-14T11:43:53.769Z] [ALL] 06-14 17:13:53.807  1486  1504 E AppOps  : 	at com.android.server.policy.AppOpsPolicy.noteOperation(qb/109687721 9f5f0f7065b3ad23ed9d502775af0c1cea666b12fbbf7805224931a8c35b7b9d:35)
[2026-06-14T11:43:53.769Z] [ALL] 06-14 17:13:53.807  1486  1504 E AppOps  : 	at com.android.server.appop.AppOpsService$CheckOpsDelegateDispatcher.noteOperation(qb/109687721 9f5f0f7065b3ad23ed9d502775af0c1cea666b12fbbf7805224931a8c35b7b9d:66)
[2026-06-14T11:43:53.769Z] [ALL] 06-14 17:13:53.807  1486  1504 E AppOps  : 	at com.android.server.appop.AppOpsService.noteOperation(qb/109687721 9f5f0f7065b3ad23ed9d502775af0c1cea666b12fbbf7805224931a8c35b7b9d:20)
[2026-06-14T11:43:53.769Z] [ALL] 06-14 17:13:53.807  1486  1504 E AppOps  : 	at com.android.internal.app.IAppOpsService$Stub.onTransact(IAppOpsService.java:592)
[2026-06-14T11:43:53.769Z] [ALL] 06-14 17:13:53.807  1486  1504 E AppOps  : 	at android.os.Binder.execTransactInternal(Binder.java:1514)
[2026-06-14T11:43:53.769Z] [ALL] 06-14 17:13:53.807  1486  1504 E AppOps  : 	at android.os.Binder.execTransact(Binder.java:1454)
[2026-06-14T11:43:53.769Z] [ALL] 06-14 17:13:53.808  7305  7323 I [CE]_ActivityDataManagerImpl: Scan receiver - Stay detected - start time : 1781416092813, end time : 1781437433803, timestamp : 1781437433803
[2026-06-14T11:43:53.771Z] [ALL] 06-14 17:13:53.811  7305  7323 I [CE]_RealtimeMovingContextProvider: onReceive - Not started
[2026-06-14T11:43:53.784Z] [ALL] 06-14 17:13:53.823  7305  7323 I [CE]_BaseMovingContextProvider: Difference - Value: 0.0
[2026-06-14T11:43:53.784Z] [ALL] 06-14 17:13:53.823  7305  7323 I [CE]_BaseMovingContextProvider: Timestamps - Value: true
[2026-06-14T11:43:53.973Z] [ALL] 06-14 17:13:54.013 16811 16850 I appium  : channel read: POST /session/8bf23567-3897-4b6f-aa75-faf6782e4d37/elements
[2026-06-14T11:43:53.975Z] [ALL] 06-14 17:13:54.013 16811 16850 I appium  : FindElements command
[2026-06-14T11:43:53.975Z] [ALL] 06-14 17:13:54.014 16811 16850 I appium  : method: 'xpath', selector: '//*[contains(@resource-id, "signup_toggle_btn") or @content-desc="signup_toggle_btn"]'
[2026-06-14T11:43:53.975Z] [ALL] 06-14 17:13:54.014 16811 16850 I appium  : Waiting up to 10000ms for the device to idle
[2026-06-14T11:43:53.976Z] [ALL] 06-14 17:13:54.016 16811 16850 I appium  : The following attributes will be included to the page source: [content-desc, resource-id]
[2026-06-14T11:43:54.221Z] [ALL] 06-14 17:13:54.261 16811 16850 I appium  : Took 0ms to retrieve 0 matches for '//*[contains(@resource-id, "signup_toggle_btn") or @content-desc="signup_toggle_btn"]' XPath2 query
[2026-06-14T11:43:54.221Z] [ALL] 06-14 17:13:54.261 16811 16850 I appium  : Found zero matches
[2026-06-14T11:43:54.223Z] [ALL] 06-14 17:13:54.262 16811 16850 I appium  : AppiumResponse: {"sessionId":"8bf23567-3897-4b6f-aa75-faf6782e4d37","value":[]}
[2026-06-14T11:43:54.240Z] [ALL] 06-14 17:13:54.280  1486  2138 D SLocation: WifiBssidMonitor - requestRefresh
[2026-06-14T11:43:54.242Z] [ALL] 06-14 17:13:54.281  1486  1856 D SemWifiSwitchForIndividualAppsService: isSkipNetworkCondition - result:2
[2026-06-14T11:43:54.242Z] [ALL] 06-14 17:13:54.282  1486  2138 W SLocation: WifiBssidMonitor - connected wifi : (14:33:75:**:**:ca/766)
[2026-06-14T11:43:54.697Z] [ALL] 06-14 17:13:54.736  1486  1729 D WifiStaIfaceHidlImpl: getCachedScanData is not implemented by HIDL
[2026-06-14T11:43:54.703Z] [ALL] 06-14 17:13:54.742  1486  3494 D SemWifiUsabilityStatsMonitor: onWifiUsabilityStats - seqNum 24518, isSameBssidAndFreq true
[2026-06-14T11:43:54.740Z] [ALL] 06-14 17:13:54.779 16811 16850 I appium  : channel read: POST /session/8bf23567-3897-4b6f-aa75-faf6782e4d37/elements
[2026-06-14T11:43:54.742Z] [ALL] 06-14 17:13:54.781 16811 16850 I appium  : FindElements command
[2026-06-14T11:43:54.742Z] [ALL] 06-14 17:13:54.782 16811 16850 I appium  : method: 'xpath', selector: '//*[contains(@resource-id, "signup_toggle_btn") or @content-desc="signup_toggle_btn"]'
[2026-06-14T11:43:54.745Z] [ALL] 06-14 17:13:54.782 16811 16850 I appium  : Waiting up to 10000ms for the device to idle
[2026-06-14T11:43:54.745Z] [ALL] 06-14 17:13:54.783 16811 16850 I appium  : The following attributes will be included to the page source: [content-desc, resource-id]
[2026-06-14T11:43:54.816Z] [ALL] 06-14 17:13:54.856  1486  1556 D PowerManagerService: UserActivityState : 2 -> 4 groupId=0
[2026-06-14T11:43:54.820Z] [ALL] 06-14 17:13:54.859  1486  1556 I PowerManagerService: [PWL] On : 184493177 (1247771 ms ago)
[2026-06-14T11:43:54.820Z] [ALL] 06-14 17:13:54.860  1486  1556 I PowerManagerService: [PWL]  mStayOn: true  mWakeLockSummary & WAKE_LOCK_STAY_AWAKE: 0  mUserActivitySummary: 0x4
[2026-06-14T11:43:54.826Z] [ALL] 06-14 17:13:54.865  1486  1486 I MdnieScenarioControlService: action  :  com.samsung.server.PowerManagerService.action.USER_ACTIVITY
[2026-06-14T11:43:55.012Z] [ALL] 06-14 17:13:55.051 16811 16850 I appium  : Took 0ms to retrieve 0 matches for '//*[contains(@resource-id, "signup_toggle_btn") or @content-desc="signup_toggle_btn"]' XPath2 query
[2026-06-14T11:43:55.013Z] [ALL] 06-14 17:13:55.051 16811 16850 I appium  : Found zero matches
[2026-06-14T11:43:55.014Z] [ALL] 06-14 17:13:55.052 16811 16850 I appium  : AppiumResponse: {"sessionId":"8bf23567-3897-4b6f-aa75-faf6782e4d37","value":[]}
[2026-06-14T11:43:55.247Z] [ALL] 06-14 17:13:55.284   747   747 D io_stats: !@   8,0 r 81869044 1615272521 w 12919564 211010264 d 4283884 262457252 f 0 1127552 iot 29285596 0 th 0 0 0 pt 0 inp 0 0 185741.373
[2026-06-14T11:43:55.247Z] [ALL] 06-14 17:13:55.285   747   747 D io_stats: !@ Read_top(KB): sung.android.ce(7305) 1148 .gms.persistent(5214) 56
[2026-06-14T11:43:55.247Z] [ALL] 06-14 17:13:55.285   747   747 D io_stats: !@ Write_top(KB): kworker/u16:2(16451) 528
[2026-06-14T11:43:55.250Z] [ALL] 06-14 17:13:55.288  1486  2138 D SLocation: AgingAccuracy - no response from core, get max distance
[2026-06-14T11:43:55.253Z] [ALL] 06-14 17:13:55.292  1486  2138 D SLocation: FilteredLastLocation - notify all last locations, loc : 2
[2026-06-14T11:43:55.264Z] [ALL] 06-14 17:13:55.301  1486  1856 D SemWifiSwitchForIndividualAppsService: isSkipNetworkCondition - result:2
[2026-06-14T11:43:55.450Z] [ALL] 06-14 17:13:55.488  1486  2489 D PowerManagerService: [api] setMasterBrightnessLimit : lowerLimit : -1  upperLimit : 503  mMasterBrightnessLimitPeriod : 200 (uid: 1000 pid: 4132)
[2026-06-14T11:43:55.453Z] [ALL] 06-14 17:13:55.490  1486  1556 D PowerManagerService: [api] BrightnessLimitRunnable done
[2026-06-14T11:43:55.528Z] [ALL] 06-14 17:13:55.566 16811 16850 I appium  : channel read: POST /session/8bf23567-3897-4b6f-aa75-faf6782e4d37/elements
[2026-06-14T11:43:55.528Z] [ALL] 06-14 17:13:55.566 16811 16850 I appium  : FindElements command
[2026-06-14T11:43:55.530Z] [ALL] 06-14 17:13:55.567 16811 16850 I appium  : method: 'xpath', selector: '//*[contains(@resource-id, "signup_toggle_btn") or @content-desc="signup_toggle_btn"]'
[2026-06-14T11:43:55.530Z] [ALL] 06-14 17:13:55.568 16811 16850 I appium  : Waiting up to 10000ms for the device to idle
[2026-06-14T11:43:55.530Z] [ALL] 06-14 17:13:55.569 16811 16850 I appium  : The following attributes will be included to the page source: [content-desc, resource-id]
[2026-06-14T11:43:55.648Z] [ALL] 06-14 17:13:55.686 16811 16850 I appium  : Took 0ms to retrieve 0 matches for '//*[contains(@resource-id, "signup_toggle_btn") or @content-desc="signup_toggle_btn"]' XPath2 query
[2026-06-14T11:43:55.648Z] [ALL] 06-14 17:13:55.686 16811 16850 I appium  : Found zero matches
[2026-06-14T11:43:55.649Z] [ALL] 06-14 17:13:55.688 16811 16850 I appium  : AppiumResponse: {"sessionId":"8bf23567-3897-4b6f-aa75-faf6782e4d37","value":[]}
[2026-06-14T11:43:55.651Z] [ALL] 06-14 17:13:55.692  1486  3107 I NSLocationMonitor: getGPSUsingApps() called
[2026-06-14T11:43:55.653Z] [ALL] 06-14 17:13:55.692  3066  3105 I NSLocationManager_FLP: getGPSUsingApps, No change
[2026-06-14T11:43:55.661Z] [ALL] 06-14 17:13:55.700  1486  3107 D FreecessHandler: skipping freeze com.whatsapp(10405) result : 2
[2026-06-14T11:43:56.143Z] [ALL] 06-14 17:13:56.178  2228  3094 I TUIThread: epol_call: EPOLL_SKIP
[2026-06-14T11:43:56.177Z] [ALL] 06-14 17:13:56.214 16811 16850 I appium  : channel read: POST /session/8bf23567-3897-4b6f-aa75-faf6782e4d37/elements
[2026-06-14T11:43:56.177Z] [ALL] 06-14 17:13:56.215 16811 16850 I appium  : FindElements command
[2026-06-14T11:43:56.180Z] [ALL] 06-14 17:13:56.216 16811 16850 I appium  : method: 'xpath', selector: '//*[contains(@resource-id, "signup_toggle_btn") or @content-desc="signup_toggle_btn"]'
[2026-06-14T11:43:56.180Z] [ALL] 06-14 17:13:56.216 16811 16850 I appium  : Waiting up to 10000ms for the device to idle
[2026-06-14T11:43:56.180Z] [ALL] 06-14 17:13:56.218 16811 16850 I appium  : The following attributes will be included to the page source: [content-desc, resource-id]
[2026-06-14T11:43:56.185Z] [ALL] 06-14 17:13:56.223 16811 16815 I tomator2.server: Method exceeds compiler instruction limit: 19260 in java_cup.runtime.Symbol org.eclipse.wst.xml.xpath2.processor.internal.CUP$XPathCup$actions.CUP$XPathCup$do_action(int, java_cup.runtime.lr_parser, java.util.Stack, int)
[2026-06-14T11:43:56.277Z] [ALL] 06-14 17:13:56.317  1486  1856 D SemWifiSwitchForIndividualAppsService: isSkipNetworkCondition - result:2
[2026-06-14T11:43:56.405Z] [ALL] 06-14 17:13:56.445 16811 16850 I appium  : Took 0ms to retrieve 0 matches for '//*[contains(@resource-id, "signup_toggle_btn") or @content-desc="signup_toggle_btn"]' XPath2 query
[2026-06-14T11:43:56.405Z] [ALL] 06-14 17:13:56.445 16811 16850 I appium  : Found zero matches
[2026-06-14T11:43:56.407Z] [ALL] 06-14 17:13:56.446 16811 16850 I appium  : AppiumResponse: {"sessionId":"8bf23567-3897-4b6f-aa75-faf6782e4d37","value":[]}
[2026-06-14T11:43:56.776Z] [ALL] 06-14 17:13:56.814 16811 16850 I appium  : channel read: POST /session/8bf23567-3897-4b6f-aa75-faf6782e4d37/elements
[2026-06-14T11:43:56.776Z] [ALL] 06-14 17:13:56.814 16811 16850 I appium  : FindElements command
[2026-06-14T11:43:56.780Z] [ALL] 06-14 17:13:56.815 16811 16850 I appium  : method: 'xpath', selector: '//*[contains(@resource-id, "signup_toggle_btn") or @content-desc="signup_toggle_btn"]'
[2026-06-14T11:43:56.780Z] [ALL] 06-14 17:13:56.816 16811 16850 I appium  : Waiting up to 10000ms for the device to idle
[2026-06-14T11:43:56.780Z] [ALL] 06-14 17:13:56.817 16811 16850 I appium  : The following attributes will be included to the page source: [content-desc, resource-id]
[2026-06-14T11:43:56.984Z] [ALL] 06-14 17:13:57.024 16811 16850 I appium  : Took 0ms to retrieve 0 matches for '//*[contains(@resource-id, "signup_toggle_btn") or @content-desc="signup_toggle_btn"]' XPath2 query
[2026-06-14T11:43:56.984Z] [ALL] 06-14 17:13:57.024 16811 16850 I appium  : Found zero matches
[2026-06-14T11:43:56.987Z] [ALL] 06-14 17:13:57.025 16811 16850 I appium  : AppiumResponse: {"sessionId":"8bf23567-3897-4b6f-aa75-faf6782e4d37","value":[]}
[2026-06-14T11:43:57.005Z] [ALL] 06-14 17:13:57.045 16811 16850 I appium  : channel read: GET /session/8bf23567-3897-4b6f-aa75-faf6782e4d37/screenshot
[2026-06-14T11:43:57.008Z] [ALL] 06-14 17:13:57.046 16811 16850 I appium  : CaptureScreenshot command
[2026-06-14T11:43:57.155Z] [ALL] 06-14 17:13:57.194 18321 18321 W libbinder.BackendUnifiedServiceManager: Thread Pool max thread count is 0. Cannot cache binder as linkToDeath cannot be implemented. serviceName: SurfaceFlingerAIDL
[2026-06-14T11:43:57.156Z] [ALL] 06-14 17:13:57.195 18321 18321 W libbinder.BpBinder: Linking to death on android.gui.ISurfaceComposer but there are no threads (yet?) listening to incoming transactions. See ProcessState::startThreadPool and ProcessState::setThreadPoolMaxThreadCount. Generally you should setup the binder threadpool before other initialization steps.
[2026-06-14T11:43:57.158Z] [ALL] 06-14 17:13:57.197 18321 18321 W libbinder.BackendUnifiedServiceManager: Thread Pool max thread count is 0. Cannot cache binder as linkToDeath cannot be implemented. serviceName: edmnativehelper
[2026-06-14T11:43:57.158Z] [ALL] 06-14 17:13:57.197  1486  1504 I EDMNativeHelperService: isScreenCaptureEnabled
[2026-06-14T11:43:57.158Z] [ALL] 06-14 17:13:57.198  1486  1504 D RestrictionPolicy: isScreenCaptureEnabled : ret=true userId=0
[2026-06-14T11:43:57.158Z] [ALL] 06-14 17:13:57.198 18321 18321 W libbinder.ProcessState: Extra binder thread started, but 0 threads requested. Do not use *startThreadPool when zero threads are requested.
[2026-06-14T11:43:57.158Z] [ALL] 06-14 17:13:57.198 18321 18321 I SurfaceComposerClient: captureDisplay:Display-4633128672291736000
[2026-06-14T11:43:57.161Z] [ALL] 06-14 17:13:57.201  1149  1195 I SurfaceFlinger: Capture layer list: 	 com.safebank.ai/com.safebank.ai.MainActivity$_17069#105324(preserveDisplayColors:0)
[2026-06-14T11:43:57.161Z] [ALL] 06-14 17:13:57.201  1149  1195 I SurfaceFlinger: Capture layer list: 	 StatusBar$_2112#94(preserveDisplayColors:0)
[2026-06-14T11:43:57.161Z] [ALL] 06-14 17:13:57.201  1149  1195 I SurfaceFlinger: Capture layer list: 	 com.sec.android.app.launcher/com.samsung.app.honeyspace.edge.edgepanel.app.CocktailBarService$_2619#105110(preserveDisplayColors:0)
[2026-06-14T11:43:57.161Z] [ALL] 06-14 17:13:57.201  1149  1195 I SurfaceFlinger: Capture layer list: 	 NavigationBar0$_2112#90(preserveDisplayColors:0)
[2026-06-14T11:43:57.163Z] [ALL] 06-14 17:13:57.203  1149  1201 D SurfaceFlinger: [SEC_SF_EFFECTS] drawLayersInternal,1348, Rendering layer ScreenCaptureFillLayer at index 0
[2026-06-14T11:43:57.163Z] [ALL] 06-14 17:13:57.203  1149  1201 D SurfaceFlinger: [SEC_SF_EFFECTS] drawLayersInternal,1348, Rendering layer com.safebank.ai/com.safebank.ai.MainActivity$_17069#105324 at index 1
[2026-06-14T11:43:57.165Z] [ALL] 06-14 17:13:57.204  1149  1201 D SurfaceFlinger: [SEC_SF_EFFECTS] drawLayersInternal,1348, Rendering layer StatusBar$_2112#94 at index 2
[2026-06-14T11:43:57.165Z] [ALL] 06-14 17:13:57.204  1149  1201 D SurfaceFlinger: [SEC_SF_EFFECTS] drawLayersInternal,1348, Rendering layer com.sec.android.app.launcher/com.samsung.app.honeyspace.edge.edgepanel.app.CocktailBarService$_2619#105110 at index 3
[2026-06-14T11:43:57.165Z] [ALL] 06-14 17:13:57.204  1149  1201 D SurfaceFlinger: [SEC_SF_EFFECTS] drawLayersInternal,1348, Rendering layer NavigationBar0$_2112#90 at index 4
[2026-06-14T11:43:57.188Z] [ALL] 06-14 17:13:57.227 18321 18324 I screencap: [HIDL_FETCH_IMapper] android.hardware.graphics.mapper@4.0: Loaded Mapper successfully.
[2026-06-14T11:43:57.247Z] [ALL] 06-14 17:13:57.286   747   747 D io_stats: !@   8,0 r 81869048 1615272537 w 12919577 211010876 d 4283884 262457252 f 0 1127552 iot 29285612 0 th 0 0 0 pt 0 inp 0 0 185743.374
[2026-06-14T11:43:57.288Z] [ALL] 06-14 17:13:57.327  1486  1856 D SemWifiSwitchForIndividualAppsService: isSkipNetworkCondition - result:2
[2026-06-14T11:43:57.407Z] [ALL] 06-14 17:13:57.446 16811 16850 I appium  : AppiumResponse: {"sessionId":"8bf23567-3897-4b6f-aa75-faf6782e4d37","value":"iVBORw0KGgoAAAANSUhEUgAABDgAAAkkCAYAAAD508+vAAAABHNCSVQICAgIfAhkiAAAAAFzUkdCAK7OHOkAACAASURBVHic7N11fBTn2gbge3Y3LoRASHD34laguFPg1I26cOruX9tTPXWl3p66U6BAg0tw1xQJmmAJAeKy2ezOfH/szmZl1pKV2XBfv0LZ0XdnN5OZZ573eQV9lSSBiIiIiIiIiCiMaULdACIiIiIiIiK…