[2026-06-14T09:26:43.917Z] [ALL] 06-14 14:56:40.972   747   747 D io_stats: !@   8,0 r 79569859 1569780745 w 12655639 207303708 d 4206500 258475632 f 0 1104859 iot 28643188 0 th 0 0 0 pt 0 inp 0 0 180015.361
[2026-06-14T09:26:44.017Z] [ALL] 06-14 14:56:40.982  1486  1556 D PowerManagerService: displayReady: false groupId=0
[2026-06-14T09:26:44.017Z] [ALL] 06-14 14:56:40.982  1486  1556 D DisplayPowerController[0]: animateScreenStateChange: target=ON, mIsEnabled=true
[2026-06-14T09:26:44.017Z] [ALL] 06-14 14:56:40.982  1486  1556 D DisplayPowerController[0]: putAutoBrightnessTransitionTime: transitionTime=0
[2026-06-14T09:26:44.017Z] [ALL] 06-14 14:56:40.982  1486  1556 D PowerManagerService: displayReady: true groupId=0
[2026-06-14T09:26:44.022Z] [ALL] 06-14 14:56:41.034  1486  1526 I ActivityManager: Changes in 10144 15 to 19, 256 to 0
[2026-06-14T09:26:44.022Z] [ALL] 06-14 14:56:41.055  1149  1280 I SurfaceFlinger: Current= 60, Period= 60, hwcPeriod= 60
[2026-06-14T09:26:44.022Z] [ALL] 06-14 14:56:41.065  6782  6787 W .app.soundalive: userfaultfd: MOVE ioctl seems unsupported: Connection timed out
[2026-06-14T09:26:44.114Z] [ALL] 06-14 14:56:41.183  1486  1556 D PowerManagerService: displayReady: false groupId=0
[2026-06-14T09:26:44.114Z] [ALL] 06-14 14:56:41.183  1486  1556 D DisplayPowerController[0]: animateScreenStateChange: target=ON, mIsEnabled=true
[2026-06-14T09:26:44.114Z] [ALL] 06-14 14:56:41.183  1486  1556 D DisplayPowerController[0]: putAutoBrightnessTransitionTime: transitionTime=0
[2026-06-14T09:26:44.121Z] [ALL] 06-14 14:56:41.184  1486  1556 D PowerManagerService: displayReady: true groupId=0
[2026-06-14T09:26:44.121Z] [ALL] 06-14 14:56:41.190  7058  7058 W libbinder.BackendUnifiedServiceManager: Thread Pool max thread count is 0. Cannot cache binder as linkToDeath cannot be implemented. serviceName: window
[2026-06-14T09:26:44.182Z] [ALL] 06-14 14:56:41.248  2059  3664 D IpClient/wlan0: interfaceLinkStateChanged: ifindex 32 up
[2026-06-14T09:26:44.254Z] [ALL] 06-14 14:56:41.314  4132  4132 I SDHMS:LOAD: type: LoadsFreqs, value: 16:0:0:641280:2112000:576000:806400:2112000:576000:0:0:0
[2026-06-14T09:26:44.287Z] [ALL] 06-14 14:56:41.357  7061  7061 W libbinder.BackendUnifiedServiceManager: Thread Pool max thread count is 0. Cannot cache binder as linkToDeath cannot be implemented. serviceName: input_method
[2026-06-14T09:26:44.314Z] [ALL] 06-14 14:56:41.383  1486  1556 D PowerManagerService: displayReady: false groupId=0
[2026-06-14T09:26:44.314Z] [ALL] 06-14 14:56:41.384  1486  1556 D DisplayPowerController[0]: animateScreenStateChange: target=ON, mIsEnabled=true
[2026-06-14T09:26:44.321Z] [ALL] 06-14 14:56:41.384  1486  1556 D DisplayPowerController[0]: putAutoBrightnessTransitionTime: transitionTime=0
[2026-06-14T09:26:44.321Z] [ALL] 06-14 14:56:41.384  1486  1556 D PowerManagerService: displayReady: true groupId=0
[2026-06-14T09:26:44.333Z] [ALL] 06-14 14:56:41.406  3653  3653 I wpa_supplicant: Heartbeat 5771
[2026-06-14T09:26:44.347Z] [ALL] 06-14 14:56:41.416  3937  3937 I BaseKeyboardSizeHelper: BaseKeyboardSizeHelper.calculateMaxKeyboardBodyHeight():73 leave 273 height for app when ime window height:2108, header height:124 and isFullscreenMode:false, so the max keyboard body height is:1711
[2026-06-14T09:26:44.347Z] [ALL] 06-14 14:56:41.417  3937  3937 I BaseKeyboardSizeHelper: BaseKeyboardSizeHelper.calculateMaxKeyboardBodyHeight():73 leave 273 height for app when ime window height:2108, header height:124 and isFullscreenMode:false, so the max keyboard body height is:1711
[2026-06-14T09:26:44.350Z] [ALL] 06-14 14:56:41.417  3937  3937 I BaseKeyboardSizeHelper: BaseKeyboardSizeHelper.calculateMaxKeyboardBodyHeight():73 leave 273 height for app when ime window height:2108, header height:124 and isFullscreenMode:false, so the max keyboard body height is:1711
[2026-06-14T09:26:44.368Z] [ALL] 06-14 14:56:41.441  1486  2775 I ActivityManager: Killing 4437:com.android.providers.calendar/u150a116 (adj 985): empty #33
[2026-06-14T09:26:44.368Z] [ALL] 06-14 14:56:41.441  1486  2775 I ActivityManager: Changes in 10470 11 to 19, 384 to 0
[2026-06-14T09:26:44.373Z] [ALL] 06-14 14:56:41.448  1486  1526 I ActivityManager: Changes in 10470 19 to 11, 0 to 384
[2026-06-14T09:26:44.397Z] [ALL] 06-14 14:56:41.472  3937  3937 I BaseKeyboardSizeHelper: BaseKeyboardSizeHelper.calculateMaxKeyboardBodyHeight():73 leave 273 height for app when ime window height:2108, header height:124 and isFullscreenMode:false, so the max keyboard body height is:1711
[2026-06-14T09:26:44.397Z] [ALL] 06-14 14:56:41.472  3937  3937 I BaseKeyboardSizeHelper: BaseKeyboardSizeHelper.calculateMaxKeyboardBodyHeight():73 leave 273 height for app when ime window height:2108, header height:124 and isFullscreenMode:false, so the max keyboard body height is:1711
[2026-06-14T09:26:44.399Z] [ALL] 06-14 14:56:41.472  3937  3937 I BaseKeyboardSizeHelper: BaseKeyboardSizeHelper.calculateMaxKeyboardBodyHeight():73 leave 273 height for app when ime window height:2108, header height:124 and isFullscreenMode:false, so the max keyboard body height is:1711
[2026-06-14T09:26:44.404Z] [ALL] 06-14 14:56:41.477  1486  1528 I libprocessgroup: Removed cgroup /sys/fs/cgroup/apps/uid_15010116/pid_4437
[2026-06-14T09:26:44.406Z] [ALL] 06-14 14:56:41.478  1047  1047 I Zygote  : Process 4437 exited due to signal 9 (Killed)
[2026-06-14T09:26:44.511Z] [ALL] 06-14 14:56:41.584  1486  1556 D PowerManagerService: displayReady: false groupId=0
[2026-06-14T09:26:44.511Z] [ALL] 06-14 14:56:41.585  1486  1556 D DisplayPowerController[0]: animateScreenStateChange: target=ON, mIsEnabled=true
[2026-06-14T09:26:44.512Z] [ALL] 06-14 14:56:41.586  1486  1556 D DisplayPowerController[0]: putAutoBrightnessTransitionTime: transitionTime=0
[2026-06-14T09:26:44.512Z] [ALL] 06-14 14:56:41.586  1486  1556 D PowerManagerService: displayReady: true groupId=0
[2026-06-14T09:26:44.573Z] [ALL] 06-14 14:56:41.634  1486  1729 D WifiStaIfaceHidlImpl: getCachedScanData is not implemented by HIDL
[2026-06-14T09:26:44.573Z] [ALL] 06-14 14:56:41.639  2072  2072 I EPDG-0 [WifiProfiler]: handleWifiRssiIntent, rssi=-52
[2026-06-14T09:26:44.573Z] [ALL] 06-14 14:56:41.640  1486  3494 D SemWifiUsabilityStatsMonitor: onWifiUsabilityStats - seqNum 22737, isSameBssidAndFreq true
[2026-06-14T09:26:44.573Z] [ALL] 06-14 14:56:41.641  2072  2072 I EPDG-0 [WifiProfiler]: isProfiling, hash=189204772, started=true
[2026-06-14T09:26:44.573Z] [ALL] 06-14 14:56:41.642  2072  2072 I EPDG-0 [LogMetrics]: set, type=WIFI_RSSI_LAST, value=-52
[2026-06-14T09:26:44.590Z] [ALL] 06-14 14:56:41.642  2072  2072 I EPDG-0 [WifiProfiler]: isProfiling, hash=189204772, started=true
[2026-06-14T09:26:44.591Z] [ALL] 06-14 14:56:41.643  2072  2072 I EPDG-0 [WifiProfiler]: Rssi : -52 highrange : -75 lowrange : -85 mIsRssiInHystersis : false
[2026-06-14T09:26:44.591Z] [ALL] 06-14 14:56:41.643  2072  2072 I EPDG-0 [WifiProfiler]: Rssi : -52 highrange : -75 lowrange : -85 mIsRssiInHystersis : false
[2026-06-14T09:26:44.591Z] [ALL] 06-14 14:56:41.643  2072  2072 I EPDG-0 [Subscription]: isEpdgAvailable, IwlanPsState=2/2
[2026-06-14T09:26:44.591Z] [ALL] 06-14 14:56:41.643  2072  2072 I EPDG-0 [WifiProfiler]: getHandoverThresholdMet: value is: false
[2026-06-14T09:26:44.591Z] [ALL] 06-14 14:56:41.644  1486  1830 I SemWifiLinkQualityMonitor: Link stat: 1160 / 337 / 1.08 (13) / 78 / -52.0 || 100.0 : 78.00 / B (B) || 75790cca2437: 0.204 / 39.207 / N / V || N N / 0 0 / N 2.0 / N -1 0.000 0.000 / N / X 0 / 180016030 0 0 || 2026-06-14 14:56:41  / 0: 0 0 0 0 0 0 / 0: 0 0 0 0 0 0 / 0: 0 0 0 0 0 0
[2026-06-14T09:26:44.602Z] [ALL] 06-14 14:56:41.672  5776  5834 I appium  : channel read: POST /session/f5a9b506-d393-4b48-a69f-3151b1cdcacc/elements
[2026-06-14T09:26:44.607Z] [ALL] 06-14 14:56:41.673  5776  5834 I appium  : FindElements command
[2026-06-14T09:26:44.607Z] [ALL] 06-14 14:56:41.675  5776  5834 I appium  : method: 'xpath', selector: '//*[@resource-id="otp_input_field" or @content-desc="otp_input_field"]'
[2026-06-14T09:26:44.607Z] [ALL] 06-14 14:56:41.675  5776  5834 I appium  : Waiting up to 10000ms for the device to idle
[2026-06-14T09:26:44.607Z] [ALL] 06-14 14:56:41.676  5776  5834 I appium  : The following attributes will be included to the page source: [resource-id, content-desc]
[2026-06-14T09:26:44.712Z] [ALL] 06-14 14:56:41.785  1486  1556 D PowerManagerService: displayReady: false groupId=0
[2026-06-14T09:26:44.714Z] [ALL] 06-14 14:56:41.786  1486  1556 D DisplayPowerController[0]: animateScreenStateChange: target=ON, mIsEnabled=true
[2026-06-14T09:26:44.715Z] [ALL] 06-14 14:56:41.788  1486  1556 D DisplayPowerController[0]: putAutoBrightnessTransitionTime: transitionTime=0
[2026-06-14T09:26:44.716Z] [ALL] 06-14 14:56:41.790  1486  1556 D PowerManagerService: displayReady: true groupId=0
[2026-06-14T09:26:44.883Z] [ALL] 06-14 14:56:41.957  5776  5834 I appium  : Took 0ms to retrieve 0 matches for '//*[@resource-id="otp_input_field" or @content-desc="otp_input_field"]' XPath2 query
[2026-06-14T09:26:44.883Z] [ALL] 06-14 14:56:41.957  5776  5834 I appium  : Found zero matches
[2026-06-14T09:26:44.886Z] [ALL] 06-14 14:56:41.959  5776  5834 I tomator2.server: hiddenapi: Accessing hidden method Ljava/util/Collections$EmptyList;-><init>()V (runtime_flags=0, domain=core-platform, api=unsupported) from Lcom/google/gson/internal/ConstructorConstructor; (domain=app, TargetSdkVersion=34) using reflection: allowed
[2026-06-14T09:26:44.887Z] [ALL] 06-14 14:56:41.959  5776  5834 I appium  : AppiumResponse: {"sessionId":"f5a9b506-d393-4b48-a69f-3151b1cdcacc","value":[]}
[2026-06-14T09:26:44.912Z] [ALL] 06-14 14:56:41.987  1486  1556 D PowerManagerService: displayReady: false groupId=0
[2026-06-14T09:26:44.914Z] [ALL] 06-14 14:56:41.988  1486  1556 D DisplayPowerController[0]: animateScreenStateChange: target=ON, mIsEnabled=true
[2026-06-14T09:26:44.914Z] [ALL] 06-14 14:56:41.988  1486  1556 D DisplayPowerController[0]: putAutoBrightnessTransitionTime: transitionTime=0
[2026-06-14T09:26:44.914Z] [ALL] 06-14 14:56:41.989  1486  1556 D PowerManagerService: displayReady: true groupId=0
[2026-06-14T09:26:45.117Z] [ALL] 06-14 14:56:42.189  1486  1556 D PowerManagerService: displayReady: false groupId=0
[2026-06-14T09:26:45.130Z] [ALL] 06-14 14:56:42.190  1486  1556 D DisplayPowerController[0]: animateScreenStateChange: target=ON, mIsEnabled=true
[2026-06-14T09:26:45.130Z] [ALL] 06-14 14:56:42.191  1486  1556 D DisplayPowerController[0]: putAutoBrightnessTransitionTime: transitionTime=0
[2026-06-14T09:26:45.130Z] [ALL] 06-14 14:56:42.192  1486  1556 D PowerManagerService: displayReady: true groupId=0
[2026-06-14T09:26:45.333Z] [ALL] 06-14 14:56:42.392  1486  1556 D PowerManagerService: displayReady: false groupId=0
[2026-06-14T09:26:45.357Z] [ALL] 06-14 14:56:42.392  1486  1556 D DisplayPowerController[0]: animateScreenStateChange: target=ON, mIsEnabled=true
[2026-06-14T09:26:45.357Z] [ALL] 06-14 14:56:42.395  1486  1556 D DisplayPowerController[0]: putAutoBrightnessTransitionTime: transitionTime=0
[2026-06-14T09:26:45.357Z] [ALL] 06-14 14:56:42.397  1486  1556 D PowerManagerService: displayReady: true groupId=0
[2026-06-14T09:26:45.449Z] [ALL] 06-14 14:56:42.473  5776  5834 I appium  : channel read: POST /session/f5a9b506-d393-4b48-a69f-3151b1cdcacc/elements
[2026-06-14T09:26:45.483Z] [ALL] 06-14 14:56:42.474  5776  5834 I appium  : FindElements command
[2026-06-14T09:26:45.484Z] [ALL] 06-14 14:56:42.475  5776  5834 I appium  : method: 'xpath', selector: '//*[@resource-id="otp_input_field" or @content-desc="otp_input_field"]'
[2026-06-14T09:26:45.484Z] [ALL] 06-14 14:56:42.475  5776  5834 I appium  : Waiting up to 10000ms for the device to idle
[2026-06-14T09:26:45.484Z] [ALL] 06-14 14:56:42.477  5776  5834 I appium  : The following attributes will be included to the page source: [resource-id, content-desc]
[2026-06-14T09:26:45.499Z] [ALL] 06-14 14:56:42.556  1274  1442 D BufferPoolAccessor2.0: evictor expired: 1, evicted: 0
[2026-06-14T09:26:45.531Z] [ALL] 06-14 14:56:42.594  1486  1556 D PowerManagerService: displayReady: false groupId=0
[2026-06-14T09:26:45.531Z] [ALL] 06-14 14:56:42.595  1486  1556 D DisplayPowerController[0]: animateScreenStateChange: target=ON, mIsEnabled=true
[2026-06-14T09:26:45.531Z] [ALL] 06-14 14:56:42.596  1486  1556 D DisplayPowerController[0]: putAutoBrightnessTransitionTime: transitionTime=0
[2026-06-14T09:26:45.531Z] [ALL] 06-14 14:56:42.600  1486  1556 D PowerManagerService: displayReady: true groupId=0
[2026-06-14T09:26:45.536Z] [ALL] 06-14 14:56:42.604  1486  1858 D SemWifiEleStateTracker: Pressure Diff: -0.0040893555
[2026-06-14T09:26:45.536Z] [ALL] 06-14 14:56:42.604  1486  1858 D SemWifiEleStateTracker: Barometer value: Prev 998.09735 Current 998.09326 mSmallBaroDetected : false
[2026-06-14T09:26:45.600Z] [ALL] 06-14 14:56:42.632  4132  5524 I SDHMS:x : SIOP:: AP:425 BAT:391 USB:369 CHG:422 PA:431 CP:424 WIFI:416 BLK:0 SUBBAT:0 LRPTHM:399 SKIN:384 SKINF:373 SKINB:384 LRP:384 LRP2:384 LRF2:373 LRB2:384 AP2:383 CHG2:367 MEM2:381 WIFI2:384 SPK2:352 VAP02:432 VWIFI:415 AVGCUR:-46 AVGSYS:515 POWER:-197
[2026-06-14T09:26:45.621Z] [ALL] 06-14 14:56:42.640  4132  4387 I n2      : limitCPUFreq:: freq = 2208000
[2026-06-14T09:26:45.621Z] [ALL] 06-14 14:56:42.640  4132  4387 I SemDvfsHyPerManager: acquire hyper - SIOP_ARM_MAX/4132@3, type = 301993986
[2026-06-14T09:26:45.621Z] [ALL] 06-14 14:56:42.641  1075  1175 I HYPER-HAL: [RequestManager.cpp]acquire(): Acquired ID : 8551183  [4132 / 3]    HINT :      list : [CPUMaxFreq / 2208000] 
[2026-06-14T09:26:45.712Z] [ALL] 06-14 14:56:42.787  5776  5834 I appium  : Took 0ms to retrieve 0 matches for '//*[@resource-id="otp_input_field" or @content-desc="otp_input_field"]' XPath2 query
[2026-06-14T09:26:45.712Z] [ALL] 06-14 14:56:42.787  5776  5834 I appium  : Found zero matches
[2026-06-14T09:26:45.714Z] [ALL] 06-14 14:56:42.788  5776  5834 I appium  : AppiumResponse: {"sessionId":"f5a9b506-d393-4b48-a69f-3151b1cdcacc","value":[]}
[2026-06-14T09:26:45.721Z] [ALL] 06-14 14:56:42.796  1486  1556 D PowerManagerService: displayReady: false groupId=0
[2026-06-14T09:26:45.721Z] [ALL] 06-14 14:56:42.796  1486  1556 D DisplayPowerController[0]: animateScreenStateChange: target=ON, mIsEnabled=true
[2026-06-14T09:26:45.723Z] [ALL] 06-14 14:56:42.797  1486  1556 D DisplayPowerController[0]: putAutoBrightnessTransitionTime: transitionTime=0
[2026-06-14T09:26:45.723Z] [ALL] 06-14 14:56:42.797  1486  1556 D PowerManagerService: displayReady: true groupId=0
[2026-06-14T09:26:45.918Z] [ALL] 06-14 14:56:42.983   747   747 D io_stats: !@   8,0 r 79569877 1569781065 w 12655639 207303708 d 4206500 258475632 f 0 1104859 iot 28643212 0 th 0 0 0 pt 0 inp 0 0 180017.372
[2026-06-14T09:26:45.946Z] [ALL] 06-14 14:56:42.983   747   747 D io_stats: !@ Read_top(KB): loop50(3116) 3360 loop29(923) 412 loop26(920) 248
[2026-06-14T09:26:45.946Z] [ALL] 06-14 14:56:42.983   747   747 D io_stats: !@ Write_top(KB): kworker/u16:4(31690) 1304 system_server(1486) 24
[2026-06-14T09:26:45.946Z] [ALL] 06-14 14:56:42.999  1486  1556 D PowerManagerService: displayReady: false groupId=0
[2026-06-14T09:26:45.946Z] [ALL] 06-14 14:56:43.000  1486  1556 D DisplayPowerController[0]: animateScreenStateChange: target=ON, mIsEnabled=true
[2026-06-14T09:26:45.946Z] [ALL] 06-14 14:56:43.000  1486  1556 D DisplayPowerController[0]: putAutoBrightnessTransitionTime: transitionTime=0
[2026-06-14T09:26:45.957Z] [ALL] 06-14 14:56:43.008  1486  1556 D PowerManagerService: displayReady: true groupId=0
[2026-06-14T09:26:46.129Z] [ALL] 06-14 14:56:43.200  1486  1556 D PowerManagerService: displayReady: false groupId=0
[2026-06-14T09:26:46.132Z] [ALL] 06-14 14:56:43.201  1486  1556 D DisplayPowerController[0]: animateScreenStateChange: target=ON, mIsEnabled=true
[2026-06-14T09:26:46.132Z] [ALL] 06-14 14:56:43.202  1486  1556 D DisplayPowerController[0]: putAutoBrightnessTransitionTime: transitionTime=0
[2026-06-14T09:26:46.132Z] [ALL] 06-14 14:56:43.204  1486  1556 D PowerManagerService: displayReady: true groupId=0
[2026-06-14T09:26:46.245Z] [ALL] 06-14 14:56:43.318  5776  5834 I appium  : channel read: POST /session/f5a9b506-d393-4b48-a69f-3151b1cdcacc/elements
[2026-06-14T09:26:46.247Z] [ALL] 06-14 14:56:43.319  5776  5834 I appium  : FindElements command
[2026-06-14T09:26:46.247Z] [ALL] 06-14 14:56:43.320  5776  5834 I appium  : method: 'xpath', selector: '//*[@resource-id="otp_input_field" or @content-desc="otp_input_field"]'
[2026-06-14T09:26:46.247Z] [ALL] 06-14 14:56:43.320  5776  5834 I appium  : Waiting up to 10000ms for the device to idle
[2026-06-14T09:26:46.247Z] [ALL] 06-14 14:56:43.321  5776  5834 I appium  : The following attributes will be included to the page source: [resource-id, content-desc]
[2026-06-14T09:26:46.328Z] [ALL] 06-14 14:56:43.402  1486  1556 D PowerManagerService: displayReady: false groupId=0
[2026-06-14T09:26:46.330Z] [ALL] 06-14 14:56:43.403  1486  1556 D DisplayPowerController[0]: animateScreenStateChange: target=ON, mIsEnabled=true
[2026-06-14T09:26:46.330Z] [ALL] 06-14 14:56:43.403  1486  1556 D DisplayPowerController[0]: putAutoBrightnessTransitionTime: transitionTime=0
[2026-06-14T09:26:46.330Z] [ALL] 06-14 14:56:43.404  1486  1556 D PowerManagerService: displayReady: true groupId=0
[2026-06-14T09:26:46.358Z] [ALL] 06-14 14:56:43.432  1486  7069 D WifiConnectivityMonitor.DnsThread:  [|406]
[2026-06-14T09:26:46.361Z] [ALL] 06-14 14:56:43.433  1486  1860 D WifiConnectivityMonitor.NetworkStatsAnalyzer: DNS resultType : 0, responseTime : 406
[2026-06-14T09:26:46.361Z] [ALL] 06-14 14:56:43.435  1486  1858 D OpenNetworkQos[4.00]: updateBssidLatestDnsResultType - result: 0
[2026-06-14T09:26:46.361Z] [ALL] 06-14 14:56:43.435  1486  1858 D OpenNetworkQos[4.00]: updateBssidNoInternet: mBssidNoInternet = false
[2026-06-14T09:26:46.361Z] [ALL] 06-14 14:56:43.435  1486  1858 D OpenNetworkQos[4.00]: getOpenNetworkQosNoInternetStatus: false
[2026-06-14T09:26:46.361Z] [ALL] 06-14 14:56:43.436  1486  1858 D OpenNetworkQos[4.00]: getOpenNetworkQosScores: 26 26 30 
[2026-06-14T09:26:46.364Z] [ALL] 06-14 14:56:43.437  1486  1858 I WifiProfileShare: network QoS data was changed (internet), updateQoSData networkType: true, qosData: false
[2026-06-14T09:26:46.364Z] [ALL] 06-14 14:56:43.438  1486  3127 V WifiProfileShare.Caster: update wips network, size: 0
[2026-06-14T09:26:46.367Z] [ALL] 06-14 14:56:43.438  1486  3127 D WifiProfileShare: nearby scanning settings run
[2026-06-14T09:26:46.367Z] [ALL] 06-14 14:56:43.439  1486  3127 D WifiProfileShare: network score provider settings enabled
[2026-06-14T09:26:46.367Z] [ALL] 06-14 14:56:43.439  1486  3127 D OpenNetworkQos[4.00]: getOpenNetworkQosScores: 26 26 30 
[2026-06-14T09:26:46.367Z] [ALL] 06-14 14:56:43.439  1486  3127 D OpenNetworkQos[4.00]: getOpenNetworkQosNoInternetStatus: false
[2026-06-14T09:26:46.367Z] [ALL] 06-14 14:56:43.439  1486  3127 I WifiProfileShare.Caster: current network type: 0, score: [26, 26, 30]
[2026-06-14T09:26:46.367Z] [ALL] 06-14 14:56:43.439  1486  3127 V WifiProfileShare.Cache: update network score 14:33:75:**:**:cb
[2026-06-14T09:26:46.367Z] [ALL] 06-14 14:56:43.440  1486  3127 D WifiProfileShare.ScanMatcher: getMcfDataList size:2
[2026-06-14T09:26:46.367Z] [ALL] 06-14 14:56:43.440  1486  3127 I WifiProfileShare.Caster: qos data was updated , before:type:QOS, pBssid:4a:79:df, qosData:7c after:type:QOS, pBssid:4a:79:df, qosData:7c
[2026-06-14T09:26:46.367Z] [ALL] 06-14 14:56:43.441  1486  3127 I [MCFSDK_android_1.3.7026]_4_McfCasterImpl: isNetworkEnabled - type : 1 ret : true
[2026-06-14T09:26:46.367Z] [ALL] 06-14 14:56:43.441  1486  3127 D WifiProfileShare.McfCast: -ME--- mIsNetworkEnabled :true
[2026-06-14T09:26:46.367Z] [ALL] 06-14 14:56:43.441  1486  3127 D WifiProfileShare.McfCast: updateQoSData ignored, same contents
[2026-06-14T09:26:46.367Z] [ALL] 06-14 14:56:43.441  1486  3127 D WifiProfileShare.MCF: success update QosData !
[2026-06-14T09:26:46.368Z] [ALL] 06-14 14:56:43.442  1486  3127 I [MCFSDK_android_1.3.7026]_4_McfCasterImpl: isNetworkEnabled - type : 1 ret : true
[2026-06-14T09:26:46.368Z] [ALL] 06-14 14:56:43.442  1486  3127 D WifiProfileShare.McfCast: -ME--- mIsNetworkEnabled :true
[2026-06-14T09:26:46.368Z] [ALL] 06-14 14:56:43.442  1486  3127 D WifiProfileShare.McfCast: -ME--- updatePasswordDate pwdData size:2
[2026-06-14T09:26:46.374Z] [ALL] 06-14 14:56:43.449  5776  5834 I appium  : Took 0ms to retrieve 0 matches for '//*[@resource-id="otp_input_field" or @content-desc="otp_input_field"]' XPath2 query
[2026-06-14T09:26:46.374Z] [ALL] 06-14 14:56:43.449  5776  5834 I appium  : Found zero matches
[2026-06-14T09:26:46.379Z] [ALL] 06-14 14:56:43.450  5776  5834 I appium  : AppiumResponse: {"sessionId":"f5a9b506-d393-4b48-a69f-3151b1cdcacc","value":[]}
[2026-06-14T09:26:46.469Z] [ALL] 06-14 14:56:43.543  2619  4633 I id.app.launcher: Explicit concurrent mark compact GC freed 5388KB AllocSpace bytes, 5(120KB) LOS objects, 65% free, 25MB/73MB, paused 444us,2.690ms total 156.568ms
[2026-06-14T09:26:46.491Z] [ALL] 06-14 14:56:43.564  2619 30520 I HoneySpace.Memory-Monitor: trimMemory 20
[2026-06-14T09:26:46.530Z] [ALL] 06-14 14:56:43.604  1486  1556 D PowerManagerService: displayReady: false groupId=0
[2026-06-14T09:26:46.534Z] [ALL] 06-14 14:56:43.604  1486  1556 D DisplayPowerController[0]: animateScreenStateChange: target=ON, mIsEnabled=true
[2026-06-14T09:26:46.534Z] [ALL] 06-14 14:56:43.606  1486  1556 D DisplayPowerController[0]: putAutoBrightnessTransitionTime: transitionTime=0
[2026-06-14T09:26:46.534Z] [ALL] 06-14 14:56:43.607  1486  1556 D PowerManagerService: displayReady: true groupId=0
[2026-06-14T09:26:46.770Z] [ALL] 06-14 14:56:43.807  1486  1556 D PowerManagerService: displayReady: false groupId=0
[2026-06-14T09:26:46.786Z] [ALL] 06-14 14:56:43.810  1486  1556 D DisplayPowerController[0]: animateScreenStateChange: target=ON, mIsEnabled=true
[2026-06-14T09:26:46.786Z] [ALL] 06-14 14:56:43.811  1486  1556 D DisplayPowerController[0]: putAutoBrightnessTransitionTime: transitionTime=0
[2026-06-14T09:26:46.786Z] [ALL] 06-14 14:56:43.812  1486  1556 D PowerManagerService: displayReady: true groupId=0
[2026-06-14T09:26:46.915Z] [ALL] 06-14 14:56:43.981  5776  5834 I appium  : channel read: POST /session/f5a9b506-d393-4b48-a69f-3151b1cdcacc/elements
[2026-06-14T09:26:46.915Z] [ALL] 06-14 14:56:43.982  5776  5834 I appium  : FindElements command
[2026-06-14T09:26:46.933Z] [ALL] 06-14 14:56:43.983  5776  5834 I appium  : method: 'xpath', selector: '//*[@resource-id="otp_input_field" or @content-desc="otp_input_field"]'
[2026-06-14T09:26:46.933Z] [ALL] 06-14 14:56:43.983  5776  5834 I appium  : Waiting up to 10000ms for the device to idle
[2026-06-14T09:26:46.933Z] [ALL] 06-14 14:56:43.985  5776  5834 I appium  : The following attributes will be included to the page source: [resource-id, content-desc]
[2026-06-14T09:26:46.936Z] [ALL] 06-14 14:56:44.011  1486  1556 D PowerManagerService: displayReady: false groupId=0
[2026-06-14T09:26:46.946Z] [ALL] 06-14 14:56:44.014  1486  1556 D DisplayPowerController[0]: animateScreenStateChange: target=ON, mIsEnabled=true
[2026-06-14T09:26:46.949Z] [ALL] 06-14 14:56:44.017  1486  1556 D DisplayPowerController[0]: putAutoBrightnessTransitionTime: transitionTime=0
[2026-06-14T09:26:46.949Z] [ALL] 06-14 14:56:44.018  1486  1556 D PowerManagerService: displayReady: true groupId=0
[2026-06-14T09:26:47.140Z] [ALL] 06-14 14:56:44.214  1486  1556 D PowerManagerService: displayReady: false groupId=0
[2026-06-14T09:26:47.144Z] [ALL] 06-14 14:56:44.214  1486  1556 D DisplayPowerController[0]: animateScreenStateChange: target=ON, mIsEnabled=true
[2026-06-14T09:26:47.145Z] [ALL] 06-14 14:56:44.215  1486  1556 D DisplayPowerController[0]: putAutoBrightnessTransitionTime: transitionTime=0
[2026-06-14T09:26:47.145Z] [ALL] 06-14 14:56:44.215  1486  1556 D PowerManagerService: displayReady: true groupId=0
[2026-06-14T09:26:47.222Z] [ALL] 06-14 14:56:44.297  5776  5834 I appium  : Took 0ms to retrieve 0 matches for '//*[@resource-id="otp_input_field" or @content-desc="otp_input_field"]' XPath2 query
[2026-06-14T09:26:47.223Z] [ALL] 06-14 14:56:44.297  5776  5834 I appium  : Found zero matches
[2026-06-14T09:26:47.226Z] [ALL] 06-14 14:56:44.298  5776  5834 I appium  : AppiumResponse: {"sessionId":"f5a9b506-d393-4b48-a69f-3151b1cdcacc","value":[]}
[2026-06-14T09:26:47.342Z] [ALL] 06-14 14:56:44.415  1486  1556 D PowerManagerService: displayReady: false groupId=0
[2026-06-14T09:26:47.345Z] [ALL] 06-14 14:56:44.418  1486  1556 D DisplayPowerController[0]: animateScreenStateChange: target=ON, mIsEnabled=true
[2026-06-14T09:26:47.345Z] [ALL] 06-14 14:56:44.419  1486  1556 D DisplayPowerController[0]: putAutoBrightnessTransitionTime: transitionTime=0
[2026-06-14T09:26:47.349Z] [ALL] 06-14 14:56:44.421  1486  1556 D PowerManagerService: displayReady: true groupId=0
[2026-06-14T09:26:47.545Z] [ALL] 06-14 14:56:44.618  1486  1556 D PowerManagerService: displayReady: false groupId=0
[2026-06-14T09:26:47.548Z] [ALL] 06-14 14:56:44.619  1486  1556 D DisplayPowerController[0]: animateScreenStateChange: target=ON, mIsEnabled=true
[2026-06-14T09:26:47.548Z] [ALL] 06-14 14:56:44.620  1486  1556 D DisplayPowerController[0]: putAutoBrightnessTransitionTime: transitionTime=0
[2026-06-14T09:26:47.548Z] [ALL] 06-14 14:56:44.621  1486  1556 D PowerManagerService: displayReady: true groupId=0
[2026-06-14T09:26:47.548Z] [ALL] 06-14 14:56:44.621  1486  1858 I SemWifiEleStateTracker: Ele Parameters BD : 13 13 13 13 13 13 MD : -120 -120 -120 -120 -120 -120 WD : -52 -51 -47 -57 -48 -44 GC : false false false false false false SC : false false false false false false SH : false false false false false false TB : false false false false false false
[2026-06-14T09:26:47.548Z] [ALL] 06-14 14:56:44.621  1486  1858 D SemWifiEleStateTracker: Pressure Diff: 7.9345703E-4
[2026-06-14T09:26:47.548Z] [ALL] 06-14 14:56:44.621  1486  1858 D SemWifiEleStateTracker: Barometer value: Prev 998.09326 Current 998.09406 mSmallBaroDetected : false
[2026-06-14T09:26:47.588Z] [ALL] 06-14 14:56:44.660  1486  1729 D WifiStaIfaceHidlImpl: getCachedScanData is not implemented by HIDL
[2026-06-14T09:26:47.595Z] [ALL] 06-14 14:56:44.668  1486  3494 D SemWifiUsabilityStatsMonitor: onWifiUsabilityStats - seqNum 22738, isSameBssidAndFreq true
[2026-06-14T09:26:47.746Z] [ALL] 06-14 14:56:44.818  5776  5834 I appium  : channel read: POST /session/f5a9b506-d393-4b48-a69f-3151b1cdcacc/elements
[2026-06-14T09:26:47.746Z] [ALL] 06-14 14:56:44.819  5776  5834 I appium  : FindElements command
[2026-06-14T09:26:47.746Z] [ALL] 06-14 14:56:44.820  5776  5834 I appium  : method: 'xpath', selector: '//*[@resource-id="otp_input_field" or @content-desc="otp_input_field"]'
[2026-06-14T09:26:47.749Z] [ALL] 06-14 14:56:44.820  5776  5834 I appium  : Waiting up to 10000ms for the device to idle
[2026-06-14T09:26:47.749Z] [ALL] 06-14 14:56:44.820  1486  1556 D PowerManagerService: displayReady: false groupId=0
[2026-06-14T09:26:47.749Z] [ALL] 06-14 14:56:44.821  1486  1556 D DisplayPowerController[0]: animateScreenStateChange: target=ON, mIsEnabled=true
[2026-06-14T09:26:47.749Z] [ALL] 06-14 14:56:44.821  5776  5834 I appium  : The following attributes will be included to the page source: [resource-id, content-desc]
[2026-06-14T09:26:47.749Z] [ALL] 06-14 14:56:44.821  1486  1556 D DisplayPowerController[0]: putAutoBrightnessTransitionTime: transitionTime=0
[2026-06-14T09:26:47.749Z] [ALL] 06-14 14:56:44.822  1486  1556 D PowerManagerService: displayReady: true groupId=0
[2026-06-14T09:26:47.751Z] [ALL] 06-14 14:56:44.826  5776  5789 I tomator2.server: Method exceeds compiler instruction limit: 19260 in java_cup.runtime.Symbol org.eclipse.wst.xml.xpath2.processor.internal.CUP$XPathCup$actions.CUP$XPathCup$do_action(int, java_cup.runtime.lr_parser, java.util.Stack, int)
[2026-06-14T09:26:47.914Z] [ALL] 06-14 14:56:44.985   747   747 D io_stats: !@   8,0 r 79569884 1569781185 w 12655639 207303708 d 4206500 258475632 f 0 1104859 iot 28643236 0 th 0 0 0 pt 0 inp 0 0 180019.374
[2026-06-14T09:26:47.950Z] [ALL] 06-14 14:56:45.023  1486  1556 D PowerManagerService: displayReady: false groupId=0
[2026-06-14T09:26:47.950Z] [ALL] 06-14 14:56:45.024  1486  1556 D DisplayPowerController[0]: animateScreenStateChange: target=ON, mIsEnabled=true
[2026-06-14T09:26:47.953Z] [ALL] 06-14 14:56:45.025  1486  1556 D DisplayPowerController[0]: putAutoBrightnessTransitionTime: transitionTime=0
[2026-06-14T09:26:47.955Z] [ALL] 06-14 14:56:45.028  1486  1556 D PowerManagerService: displayReady: true groupId=0
[2026-06-14T09:26:48.051Z] [ALL] 06-14 14:56:45.125  5776  5834 I appium  : Took 0ms to retrieve 0 matches for '//*[@resource-id="otp_input_field" or @content-desc="otp_input_field"]' XPath2 query
[2026-06-14T09:26:48.051Z] [ALL] 06-14 14:56:45.125  5776  5834 I appium  : Found zero matches
[2026-06-14T09:26:48.053Z] [ALL] 06-14 14:56:45.126  5776  5834 I appium  : AppiumResponse: {"sessionId":"f5a9b506-d393-4b48-a69f-3151b1cdcacc","value":[]}
[2026-06-14T09:26:48.087Z] [ALL] 06-14 14:56:45.159  1486  3107 I NSLocationMonitor: getGPSUsingApps() called
[2026-06-14T09:26:48.089Z] [ALL] 06-14 14:56:45.160  3066  3089 I NSLocationManager_FLP: getGPSUsingApps, No change
[2026-06-14T09:26:48.112Z] [ALL] 06-14 14:56:45.183  1486  3107 D FreecessHandler: skipping freeze com.truecaller(10274) result : 2
[2026-06-14T09:26:48.151Z] [ALL] 06-14 14:56:45.225  1486  1556 D PowerManagerService: displayReady: false groupId=0
[2026-06-14T09:26:48.154Z] [ALL] 06-14 14:56:45.226  1486  1556 D DisplayPowerController[0]: animateScreenStateChange: target=ON, mIsEnabled=true
[2026-06-14T09:26:48.157Z] [ALL] 06-14 14:56:45.228  1486  1556 D DisplayPowerController[0]: putAutoBrightnessTransitionTime: transitionTime=0
[2026-06-14T09:26:48.161Z] [ALL] 06-14 14:56:45.232  1486  1556 D PowerManagerService: displayReady: true groupId=0
[2026-06-14T09:26:48.354Z] [ALL] 06-14 14:56:45.427  1486  1556 D PowerManagerService: displayReady: false groupId=0
[2026-06-14T09:26:48.356Z] [ALL] 06-14 14:56:45.429  1486  1556 D DisplayPowerController[0]: animateScreenStateChange: target=ON, mIsEnabled=true
[2026-06-14T09:26:48.361Z] [ALL] 06-14 14:56:45.430  1486  1556 D DisplayPowerController[0]: putAutoBrightnessTransitionTime: transitionTime=0
[2026-06-14T09:26:48.361Z] [ALL] 06-14 14:56:45.432  1486  1556 D PowerManagerService: displayReady: true groupId=0
[2026-06-14T09:26:48.562Z] [ALL] 06-14 14:56:45.631  1486  1556 D PowerManagerService: displayReady: false groupId=0
[2026-06-14T09:26:48.563Z] [ALL] 06-14 14:56:45.632  1486  1556 D DisplayPowerController[0]: animateScreenStateChange: target=ON, mIsEnabled=true
[2026-06-14T09:26:48.563Z] [ALL] 06-14 14:56:45.632  1486  1556 D DisplayPowerController[0]: putAutoBrightnessTransitionTime: transitionTime=0
[2026-06-14T09:26:48.565Z] [ALL] 06-14 14:56:45.633  1486  1556 D PowerManagerService: displayReady: true groupId=0
[2026-06-14T09:26:48.570Z] [ALL] 06-14 14:56:45.646  5776  5834 I appium  : channel read: POST /session/f5a9b506-d393-4b48-a69f-3151b1cdcacc/elements
[2026-06-14T09:26:48.573Z] [ALL] 06-14 14:56:45.646  5776  5834 I appium  : FindElements command
[2026-06-14T09:26:48.573Z] [ALL] 06-14 14:56:45.647  5776  5834 I appium  : method: 'xpath', selector: '//*[@resource-id="otp_input_field" or @content-desc="otp_input_field"]'
[2026-06-14T09:26:48.573Z] [ALL] 06-14 14:56:45.648  5776  5834 I appium  : Waiting up to 10000ms for the device to idle
[2026-06-14T09:26:48.591Z] [ALL] 06-14 14:56:45.649  5776  5834 I appium  : The following attributes will be included to the page source: [resource-id, content-desc]
[2026-06-14T09:26:48.761Z] [ALL] 06-14 14:56:45.834  1486  1556 D PowerManagerService: displayReady: false groupId=0
[2026-06-14T09:26:48.764Z] [ALL] 06-14 14:56:45.837  1486  1556 D DisplayPowerController[0]: animateScreenStateChange: target=ON, mIsEnabled=true
[2026-06-14T09:26:48.764Z] [ALL] 06-14 14:56:45.838  1486  1556 D DisplayPowerController[0]: putAutoBrightnessTransitionTime: transitionTime=0
[2026-06-14T09:26:48.768Z] [ALL] 06-14 14:56:45.839  1486  1556 D PowerManagerService: displayReady: true groupId=0
[2026-06-14T09:26:48.889Z] [ALL] 06-14 14:56:45.963  5776  5834 I appium  : Took 0ms to retrieve 0 matches for '//*[@resource-id="otp_input_field" or @content-desc="otp_input_field"]' XPath2 query
[2026-06-14T09:26:48.889Z] [ALL] 06-14 14:56:45.963  5776  5834 I appium  : Found zero matches
[2026-06-14T09:26:48.892Z] [ALL] 06-14 14:56:45.964  5776  5834 I appium  : AppiumResponse: {"sessionId":"f5a9b506-d393-4b48-a69f-3151b1cdcacc","value":[]}
[2026-06-14T09:26:48.963Z] [ALL] 06-14 14:56:46.038  1486  1556 D PowerManagerService: displayReady: false groupId=0
[2026-06-14T09:26:48.966Z] [ALL] 06-14 14:56:46.041  1486  1556 D DisplayPowerController[0]: animateScreenStateChange: target=ON, mIsEnabled=true
[2026-06-14T09:26:48.968Z] [ALL] 06-14 14:56:46.042  1486  1556 D DisplayPowerController[0]: putAutoBrightnessTransitionTime: transitionTime=0
[2026-06-14T09:26:48.971Z] [ALL] 06-14 14:56:46.044  1486  1556 D PowerManagerService: displayReady: true groupId=0
[2026-06-14T09:26:49.168Z] [ALL] 06-14 14:56:46.241  1486  1556 D PowerManagerService: displayReady: false groupId=0
[2026-06-14T09:26:49.171Z] [ALL] 06-14 14:56:46.242  1486  1556 D DisplayPowerController[0]: animateScreenStateChange: target=ON, mIsEnabled=true
[2026-06-14T09:26:49.173Z] [ALL] 06-14 14:56:46.242  1486  1556 D DisplayPowerController[0]: putAutoBrightnessTransitionTime: transitionTime=0
[2026-06-14T09:26:49.173Z] [ALL] 06-14 14:56:46.244  1486  1556 D PowerManagerService: displayReady: true groupId=0
[2026-06-14T09:26:49.373Z] [ALL] 06-14 14:56:46.444  1486  1556 D PowerManagerService: displayReady: false groupId=0
[2026-06-14T09:26:49.379Z] [ALL] 06-14 14:56:46.445  1486  1556 D DisplayPowerController[0]: animateScreenStateChange: target=ON, mIsEnabled=true
[2026-06-14T09:26:49.379Z] [ALL] 06-14 14:56:46.445  1486  1556 D DisplayPowerController[0]: putAutoBrightnessTransitionTime: transitionTime=0
[2026-06-14T09:26:49.379Z] [ALL] 06-14 14:56:46.446  1486  1556 D PowerManagerService: displayReady: true groupId=0
[2026-06-14T09:26:49.418Z] [ALL] 06-14 14:56:46.494  5776  5834 I appium  : channel read: POST /session/f5a9b506-d393-4b48-a69f-3151b1cdcacc/elements
[2026-06-14T09:26:49.419Z] [ALL] 06-14 14:56:46.495  5776  5834 I appium  : FindElements command
[2026-06-14T09:26:49.421Z] [ALL] 06-14 14:56:46.496  5776  5834 I appium  : method: 'xpath', selector: '//*[@resource-id="otp_input_field" or @content-desc="otp_input_field"]'
[2026-06-14T09:26:49.421Z] [ALL] 06-14 14:56:46.496  5776  5834 I appium  : Waiting up to 10000ms for the device to idle
[2026-06-14T09:26:49.422Z] [ALL] 06-14 14:56:46.498  5776  5834 I appium  : The following attributes will be included to the page source: [resource-id, content-desc]
[2026-06-14T09:26:49.573Z] [ALL] 06-14 14:56:46.646  1486  1556 D PowerManagerService: displayReady: false groupId=0
[2026-06-14T09:26:49.573Z] [ALL] 06-14 14:56:46.647  1486  1556 D DisplayPowerController[0]: animateScreenStateChange: target=ON, mIsEnabled=true
[2026-06-14T09:26:49.579Z] [ALL] 06-14 14:56:46.647  1486  1556 D DisplayPowerController[0]: putAutoBrightnessTransitionTime: transitionTime=0
[2026-06-14T09:26:49.579Z] [ALL] 06-14 14:56:46.649  1486  1556 D PowerManagerService: displayReady: true groupId=0
[2026-06-14T09:26:49.581Z] [ALL] 06-14 14:56:46.650  1486  1858 D SemWifiEleStateTracker: Pressure Diff: 3.0517578E-4
[2026-06-14T09:26:49.581Z] [ALL] 06-14 14:56:46.651  1486  1858 D SemWifiEleStateTracker: Barometer value: Prev 998.09406 Current 998.09436 mSmallBaroDetected : false
[2026-06-14T09:26:49.668Z] [ALL] 06-14 14:56:46.741  5776  5834 I appium  : Took 0ms to retrieve 0 matches for '//*[@resource-id="otp_input_field" or @content-desc="otp_input_field"]' XPath2 query
[2026-06-14T09:26:49.671Z] [ALL] 06-14 14:56:46.741  5776  5834 I appium  : Found zero matches
[2026-06-14T09:26:49.671Z] [ALL] 06-14 14:56:46.743  5776  5834 I appium  : AppiumResponse: {"sessionId":"f5a9b506-d393-4b48-a69f-3151b1cdcacc","value":[]}
[2026-06-14T09:26:49.690Z] [ALL] 06-14 14:56:46.765  5776  5834 I appium  : channel read: POST /session/f5a9b506-d393-4b48-a69f-3151b1cdcacc/element
[2026-06-14T09:26:49.696Z] [ALL] 06-14 14:56:46.766  5776  5834 I appium  : FindElement command
[2026-06-14T09:26:49.696Z] [ALL] 06-14 14:56:46.767  5776  5834 I appium  : method: 'xpath', selector: '//*[@text="Use Email OTP instead" or @text="Use Password instead" or contains(@text, "OTP") or contains(@text, "Password instead") or contains(@text, "ఓటిపి") or contains(@text, "பயன்படுத்து") or contains(@text, "उपयोग") or contains(@text, "వాడండి")]'
[2026-06-14T09:26:49.696Z] [ALL] 06-14 14:56:46.767  5776  5834 I appium  : Waiting up to 10000ms for the device to idle
[2026-06-14T09:26:49.697Z] [ALL] 06-14 14:56:46.769  5776  5834 I appium  : The following attributes will be included to the page source: [text]
[2026-06-14T09:26:49.700Z] [ALL] 06-14 14:56:46.775  5776  5789 I tomator2.server: Method exceeds compiler instruction limit: 19260 in java_cup.runtime.Symbol org.eclipse.wst.xml.xpath2.processor.internal.CUP$XPathCup$actions.CUP$XPathCup$do_action(int, java_cup.runtime.lr_parser, java.util.Stack, int)
[2026-06-14T09:26:49.773Z] [ALL] 06-14 14:56:46.848  1486  1556 D PowerManagerService: displayReady: false groupId=0
[2026-06-14T09:26:49.777Z] [ALL] 06-14 14:56:46.848  1486  1556 D DisplayPowerController[0]: animateScreenStateChange: target=ON, mIsEnabled=true
[2026-06-14T09:26:49.777Z] [ALL] 06-14 14:56:46.849  1486  1556 D DisplayPowerController[0]: putAutoBrightnessTransitionTime: transitionTime=0
[2026-06-14T09:26:49.777Z] [ALL] 06-14 14:56:46.850  1486  1556 D PowerManagerService: displayReady: true groupId=0
[2026-06-14T09:26:49.882Z] [ALL] 06-14 14:56:46.957  5776  5834 I appium  : Took 0ms to retrieve 1 matches for '//*[@text="Use Email OTP instead" or @text="Use Password instead" or contains(@text, "OTP") or contains(@text, "Password instead") or contains(@text, "ఓటిపి") or contains(@text, "பயன்படுத்து") or contains(@text, "उपयोग") or contains(@text, "వాడండి")]' XPath2 query
[2026-06-14T09:26:49.884Z] [ALL] 06-14 14:56:46.959  5776  5834 I appium  : AppiumResponse: {"sessionId":"f5a9b506-d393-4b48-a69f-3151b1cdcacc","value":{"ELEMENT":"00000000-0000-010b-0000-007000000004","element-6066-11e4-a52e-4f735466cecf":"00000000-0000-010b-0000-007000000004"}}
[2026-06-14T09:26:49.906Z] [ALL] 06-14 14:56:46.981  5776  5834 I appium  : channel read: GET /session/f5a9b506-d393-4b48-a69f-3151b1cdcacc/element/00000000-0000-010b-0000-007000000004/text
[2026-06-14T09:26:49.908Z] [ALL] 06-14 14:56:46.982  5776  5834 I appium  : GetText command
[2026-06-14T09:26:49.912Z] [ALL] 06-14 14:56:46.985   747   747 D io_stats: !@   8,0 r 79569886 1569781197 w 12655646 207305148 d 4206500 258475632 f 0 1104859 iot 28643260 0 th 0 0 0 pt 0 inp 0 0 180021.375
[2026-06-14T09:26:49.912Z] [ALL] 06-14 14:56:46.986   747   747 D io_stats: !@ Read_top(KB): id.app.launcher(2619) 108 d.callassistant(4451) 12 tomator2.server(5776) 12
[2026-06-14T09:26:49.912Z] [ALL] 06-14 14:56:46.986   747   747 D io_stats: !@ Write_top(KB): kworker/u16:4(31690) 1440
[2026-06-14T09:26:49.916Z] [ALL] 06-14 14:56:46.991  5776  5834 I appium  : AppiumResponse: {"sessionId":"f5a9b506-d393-4b48-a69f-3151b1cdcacc","value":"Use Email OTP instead"}
[2026-06-14T09:26:49.940Z] [ALL] 06-14 14:56:47.015  5776  5834 I appium  : channel read: POST /session/f5a9b506-d393-4b48-a69f-3151b1cdcacc/element
[2026-06-14T09:26:49.945Z] [ALL] 06-14 14:56:47.016  5776  5834 I appium  : FindElement command
[2026-06-14T09:26:49.947Z] [ALL] 06-14 14:56:47.018  5776  5834 I appium  : method: 'xpath', selector: '//*[@text="Use Email OTP instead" or @text="Use Password instead" or contains(@text, "OTP") or contains(@text, "Password instead") or contains(@text, "ఓటిపి") or contains(@text, "பயன்படுத்து") or contains(@text, "उपयोग") or contains(@text, "వాడండి")]'
[2026-06-14T09:26:49.947Z] [ALL] 06-14 14:56:47.018  5776  5834 I appium  : Waiting up to 10000ms for the device to idle
[2026-06-14T09:26:49.947Z] [ALL] 06-14 14:56:47.020  5776  5834 I appium  : The following attributes will be included to the page source: [text]
[2026-06-14T09:26:49.979Z] [ALL] 06-14 14:56:47.050  1486  1556 D PowerManagerService: displayReady: false groupId=0
[2026-06-14T09:26:49.981Z] [ALL] 06-14 14:56:47.051  1486  1556 D DisplayPowerController[0]: animateScreenStateChange: target=ON, mIsEnabled=true
[2026-06-14T09:26:49.981Z] [ALL] 06-14 14:56:47.052  1486  1556 D DisplayPowerController[0]: putAutoBrightnessTransitionTime: transitionTime=0
[2026-06-14T09:26:49.981Z] [ALL] 06-14 14:56:47.053  1486  1556 D PowerManagerService: displayReady: true groupId=0
[2026-06-14T09:26:50.114Z] [ALL] 06-14 14:56:47.188  5776  5834 I appium  : Took 0ms to retrieve 1 matches for '//*[@text="Use Email OTP instead" or @text="Use Password instead" or contains(@text, "OTP") or contains(@text, "Password instead") or contains(@text, "ఓటిపి") or contains(@text, "பயன்படுத்து") or contains(@text, "उपयोग") or contains(@text, "వాడండి")]' XPath2 query
[2026-06-14T09:26:50.117Z] [ALL] 06-14 14:56:47.190  5776  5834 I appium  : AppiumResponse: {"sessionId":"f5a9b506-d393-4b48-a69f-3151b1cdcacc","value":{"ELEMENT":"00000000-0000-010b-0000-007000000004","element-6066-11e4-a52e-4f735466cecf":"00000000-0000-010b-0000-007000000004"}}
[2026-06-14T09:26:50.150Z] [ALL] 06-14 14:56:47.217  5776  5834 I appium  : channel read: GET /session/f5a9b506-d393-4b48-a69f-3151b1cdcacc/element/00000000-0000-010b-0000-007000000004/attribute/displayed
[2026-06-14T09:26:50.153Z] [ALL] 06-14 14:56:47.217  5776  5834 I appium  : GetElementAttribute command
[2026-06-14T09:26:50.153Z] [ALL] 06-14 14:56:47.226  5776  5834 I appium  : AppiumResponse: {"sessionId":"f5a9b506-d393-4b48-a69f-3151b1cdcacc","value":"true"}
[2026-06-14T09:26:50.202Z] [ALL] 06-14 14:56:47.250  5776  5834 I appium  : channel read: POST /session/f5a9b506-d393-4b48-a69f-3151b1cdcacc/element/00000000-0000-010b-0000-007000000004/click
[2026-06-14T09:26:50.213Z] [ALL] 06-14 14:56:47.251  5776  5834 I appium  : Click command
[2026-06-14T09:26:50.213Z] [ALL] 06-14 14:56:47.253  1486  1556 D PowerManagerService: displayReady: false groupId=0
[2026-06-14T09:26:50.213Z] [ALL] 06-14 14:56:47.254  1486  1556 D DisplayPowerController[0]: animateScreenStateChange: target=ON, mIsEnabled=true
[2026-06-14T09:26:50.213Z] [ALL] 06-14 14:56:47.255  1486  1556 D DisplayPowerController[0]: putAutoBrightnessTransitionTime: transitionTime=0
[2026-06-14T09:26:50.213Z] [ALL] 06-14 14:56:47.256  1486  1556 D PowerManagerService: displayReady: true groupId=0
[2026-06-14T09:26:50.214Z] [ALL] 06-14 14:56:47.268  1149  1317 D SurfaceFlinger: setDesiredMode 4633128672291736000 {mode={fps=120.00 Hz, modePtr={id=0, vsyncRate=120.00 Hz, peakRefreshRate=120.00 Hz}}, emitEvent=false, force=false}
[2026-06-14T09:26:50.218Z] [ALL] 06-14 14:56:47.280  1149  1149 I SurfaceFlinger: SFWD update time=180021669976012
[2026-06-14T09:26:50.218Z] [ALL] 06-14 14:56:47.282  1149  1149 I SurfaceFlinger: No layers with votes - choose 120.00 Hz
[2026-06-14T09:26:50.218Z] [ALL] 06-14 14:56:47.283  1149  1149 D SurfaceFlinger: initiateModeChange 4633128672291736000 {mode={fps=120.00 Hz, modePtr={id=0, vsyncRate=120.00 Hz, peakRefreshRate=120.00 Hz}}, emitEvent=false, force=false}
[2026-06-14T09:26:50.218Z] [ALL] 06-14 14:56:47.283  1149  1149 I SurfaceFlinger: [4633128672291736000] ActiveConfigToHWC, ID : 3
[2026-06-14T09:26:50.218Z] [ALL] 06-14 14:56:47.285  1149  1280 I SurfaceFlinger: Current= 60, Period= 120, hwcPeriod= 60
[2026-06-14T09:26:50.218Z] [ALL] 06-14 14:56:47.286  1062 15192 D display : setActiveConfigWithConstraints:: PrimaryDisplay config(3)
[2026-06-14T09:26:50.218Z] [ALL] 06-14 14:56:47.287  1062 15192 I display : Current VRR MODE is 3
[2026-06-14T09:26:50.218Z] [ALL] 06-14 14:56:47.287  1062 15192 I display : setActiveConfigWithConstraints:: HFR match - config: 3, base: 3, try: 1
[2026-06-14T09:26:50.218Z] [ALL] 06-14 14:56:47.287  1062 15192 I display : setActiveConfigWithConstraints::update 1080x2340@120hs
[2026-06-14T09:26:50.218Z] [ALL] 06-14 14:56:47.287  1062 15192 I display : commit modeset : 1080x2340@120hs
[2026-06-14T09:26:50.249Z] [ALL] 06-14 14:56:47.301  1062 15192 W display : deliverWinConfigData:: commit modeset time (13 ms)
[2026-06-14T09:26:50.255Z] [ALL] 06-14 14:56:47.305  1149  1149 I SurfaceFlinger: finalizeDisplayModeChange 4633128672291736000
[2026-06-14T09:26:50.255Z] [ALL] 06-14 14:56:47.309  1486  4349 D InputDispatcher: Inject motion (5750/2000): action=0x0, time=180021652000000, f=0x0, d=0 dsdx=1.000000 dtdx=0.000000
[2026-06-14T09:26:50.255Z] [ALL] 06-14 14:56:47.313  1486  1665 I InputDispatcher: Delivering touch to (2112): action: 0x4, f=0x0, d=0, '1dcab54', t=1 
[2026-06-14T09:26:50.255Z] [ALL] 06-14 14:56:47.313  1486  1665 I InputDispatcher: Delivering touch to (6589): action: 0x0, f=0x0, d=0, '4fa6bae', t=1 
[2026-06-14T09:26:50.255Z] [ALL] 06-14 14:56:47.315  6589  6589 I VRI[MainActivity]@99da679: ViewPostIme pointer 0
[2026-06-14T09:26:50.255Z] [ALL] 06-14 14:56:47.316  1486  1665 D PowerManagerService: [api] userActivityFromNative : touch displayId=0 eventTime=180021652
[2026-06-14T09:26:50.255Z] [ALL] 06-14 14:56:47.317  1486  1665 D PowerManagerService: UserActivityStateListenerState: 1
[2026-06-14T09:26:50.255Z] [ALL] 06-14 14:56:47.320  1062  1159 I display : [compareVsyncPeriod] set the lowest(mode:0) vsync 83 of display(0)
[2026-06-14T09:26:50.255Z] [ALL] 06-14 14:56:47.320  1062  1159 I display : getFpsForPerformance, performance table found using table(key:120, cpu:255)
[2026-06-14T09:26:50.255Z] [ALL] 06-14 14:56:47.320  1062  1159 I display : Set m2mMPP capacity(4) for fps(120)
[2026-06-14T09:26:50.255Z] [ALL] 06-14 14:56:47.320  1062  1159 I display : getFpsForPerformance, performance table found using table(key:120, cpu:255)
[2026-06-14T09:26:50.255Z] [ALL] 06-14 14:56:47.320  1062  1159 I display : Set Affinity config for fps(120) : cpuIDs : 255
[2026-06-14T09:26:50.255Z] [ALL] 06-14 14:56:47.320  1062  1159 I display : Set Affinity CPU ID : 0
[2026-06-14T09:26:50.255Z] [ALL] 06-14 14:56:47.321  1062  1159 I display : Set Affinity CPU ID : 1
[2026-06-14T09:26:50.255Z] [ALL] 06-14 14:56:47.321  1062  1159 I display : Set Affinity CPU ID : 2
[2026-06-14T09:26:50.255Z] [ALL] 06-14 14:56:47.321  1062  1159 I display : Set Affinity CPU ID : 3
[2026-06-14T09:26:50.255Z] [ALL] 06-14 14:56:47.321  1062  1159 I display : Set Affinity CPU ID : 4
[2026-06-14T09:26:50.255Z] [ALL] 06-14 14:56:47.321  1062  1159 I display : Set Affinity CPU ID : 5
[2026-06-14T09:26:50.255Z] [ALL] 06-14 14:56:47.321  1062  1159 I display : Set Affinity CPU ID : 6
[2026-06-14T09:26:50.255Z] [ALL] 06-14 14:56:47.321  1062  1159 I display : Set Affinity CPU ID : 7
[2026-06-14T09:26:50.255Z] [ALL] 06-14 14:56:47.321  1062  1159 I display : Set affinity HWC : 1062
[2026-06-14T09:26:50.255Z] [ALL] 06-14 14:56:47.321  1486  1515 I GestureDetector: obtain mCurrentDownEvent. id: -1060033681 caller: com.android.server.wm.SystemGesturesPointerEventListener.onPointerEvent:17 com.android.server.wm.PointerEventDispatcher.onInputEvent:51 android.view.InputEventReceiver.dispatchInputEvent:369 
[2026-06-14T09:26:50.255Z] [ALL] 06-14 14:56:47.322  1062  1159 I display : CPU set : Cluster(0), min_clock(0)
[2026-06-14T09:26:50.255Z] [ALL] 06-14 14:56:47.322  1062  1159 I display : CPU set : Cluster(1), min_clock(0)
[2026-06-14T09:26:50.255Z] [ALL] 06-14 14:56:47.322  1062  1159 I display : CPU set : Cluster(2), min_clock(0)
[2026-06-14T09:26:50.255Z] [ALL] 06-14 14:56:47.322  2619  2619 I HoneySpace.InputConsumerFactory: checkMultiFingerGesture: returning NO_OP - gesture disabled or blocked
[2026-06-14T09:26:50.255Z] [ALL] 06-14 14:56:47.322  2619  2619 I HoneySpace.GestureInputHandler: inputConsumers = [com.honeyspace.gesture.inputconsumer.InputConsumer$Companion$NO_OP$1@b9cdf5b]
[2026-06-14T09:26:50.255Z] [ALL] 06-14 14:56:47.322  1149  1280 I SurfaceFlinger: Current= 60, Period= 120, hwcPeriod= 120
[2026-06-14T09:26:50.255Z] [ALL] 06-14 14:56:47.323  2619  2619 I HoneySpace.InputSession: inputConsumers = NO_OP
[2026-06-14T09:26:50.255Z] [ALL] 06-14 14:56:47.323  1486  1515 I GestureDetector: obtain mCurrentDownEvent. id: -1060033681 caller: com.android.server.wm.SystemPerformancePointerEventListener.onPointerEvent:13 com.android.server.wm.PointerEventDispatcher.onInputEvent:51 android.view.InputEventReceiver.dispatchInputEvent:369 
[2026-06-14T09:26:50.255Z] [ALL] 06-14 14:56:47.323  2619  2619 I HoneySpace.InputSession: open
[2026-06-14T09:26:50.255Z] [ALL] 06-14 14:56:47.324  4132  4132 I SemDvfsHyPerManager: acquire hyper - TABoost/4132@29, type = -999
[2026-06-14T09:26:50.255Z] [ALL] 06-14 14:56:47.325  1075  1175 I HYPER-HAL: [RequestManager.cpp]acquire(): Acquired ID : 8659070  [4132 / 29]    HINT :      list : [TABoost / 1] [TIMEOUT / 1500] 
[2026-06-14T09:26:50.264Z] [ALL] 06-14 14:56:47.328  6589  6589 I VRI[MainActivity]@99da679: call setFrameRateCategory for touch hint category=high hint, reason=touch, vri=VRI[MainActivity]@99da679
[2026-06-14T09:26:50.265Z] [ALL] 06-14 14:56:47.329  1486  4349 D InputDispatcher: Inject motion (5750/2000): action=0x1, time=180021717000000, f=0x0, d=0 dsdx=1.000000 dtdx=0.000000
[2026-06-14T09:26:50.265Z] [ALL] 06-14 14:56:47.330  1486  1665 I InputDispatcher: Delivering touch to (6589): action: 0x1, f=0x0, d=0, '4fa6bae', t=1 
[2026-06-14T09:26:50.265Z] [ALL] 06-14 14:56:47.330  1486  1515 I GestureDetector: obtain mCurrentMotionEventRaw. action: 1 id: -129642579
[2026-06-14T09:26:50.265Z] [ALL] 06-14 14:56:47.330  1486  1515 I GestureDetector: obtain mCurrentMotionEventRaw. action: 1 id: -129642579
[2026-06-14T09:26:50.265Z] [ALL] 06-14 14:56:47.331  2619  2619 I HoneySpace.GestureInputHandler: reset
[2026-06-14T09:26:50.265Z] [ALL] 06-14 14:56:47.331  2619  2619 I HoneySpace.InputSession: close
[2026-06-14T09:26:50.268Z] [ALL] 06-14 14:56:47.333  6589  6589 I VRI[MainActivity]@99da679: ViewPostIme pointer 1
[2026-06-14T09:26:50.268Z] [ALL] 06-14 14:56:47.335  1149  1149 I SurfaceFlinger: [com.safebank.ai/com.safebank.ai.MainActivity$_6589#104560] setFrameRateCategory: HighHint
[2026-06-14T09:26:50.269Z] [ALL] 06-14 14:56:47.344  5776  5834 W GestureController: Gestures took longer than expected (81ms >> 8ms), device might be in a busy state.
[2026-06-14T09:26:50.269Z] [ALL] 06-14 14:56:47.344  5776  5834 I appium  : Waiting up to 10000ms for the device to idle
[2026-06-14T09:26:50.382Z] [ALL] 06-14 14:56:47.456  1486  1556 D PowerManagerService: displayReady: false groupId=0
[2026-06-14T09:26:50.386Z] [ALL] 06-14 14:56:47.457  1486  1556 D DisplayPowerController[0]: animateScreenStateChange: target=ON, mIsEnabled=true
[2026-06-14T09:26:50.386Z] [ALL] 06-14 14:56:47.458  1486  1556 D DisplayPowerController[0]: putAutoBrightnessTransitionTime: transitionTime=0
[2026-06-14T09:26:50.388Z] [ALL] 06-14 14:56:47.460  1486  1556 D PowerManagerService: displayReady: true groupId=0
[2026-06-14T09:26:50.551Z] [ALL] 06-14 14:56:47.623  1486  1486 I GestureDetector: handleMessage TAP
[2026-06-14T09:26:50.551Z] [ALL] 06-14 14:56:47.624  1486  1515 I GestureDetector: handleMessage TAP
[2026-06-14T09:26:50.585Z] [ALL] 06-14 14:56:47.658  1486  1556 D PowerManagerService: displayReady: false groupId=0
[2026-06-14T09:26:50.588Z] [ALL] 06-14 14:56:47.658  1486  1556 D DisplayPowerController[0]: animateScreenStateChange: target=ON, mIsEnabled=true
[2026-06-14T09:26:50.588Z] [ALL] 06-14 14:56:47.659  1486  1556 D DisplayPowerController[0]: putAutoBrightnessTransitionTime: transitionTime=0
[2026-06-14T09:26:50.588Z] [ALL] 06-14 14:56:47.661  1486  1556 D PowerManagerService: displayReady: true groupId=0
[2026-06-14T09:26:50.618Z] [ALL] 06-14 14:56:47.691  1486  1729 D WifiStaIfaceHidlImpl: getCachedScanData is not implemented by HIDL
[2026-06-14T09:26:50.624Z] [ALL] 06-14 14:56:47.698  1486  3494 D SemWifiUsabilityStatsMonitor: onWifiUsabilityStats - seqNum 22739, isSameBssidAndFreq true
[2026-06-14T09:26:50.685Z] [ALL] 06-14 14:56:47.756  1486  1828 I SemWifiServiceDetector: Service det. suspended: T / T / 19967
[2026-06-14T09:26:50.789Z] [ALL] 06-14 14:56:47.861  1486  1556 D PowerManagerService: displayReady: false groupId=0
[2026-06-14T09:26:50.794Z] [ALL] 06-14 14:56:47.863  1486  1556 D DisplayPowerController[0]: animateScreenStateChange: target=ON, mIsEnabled=true
[2026-06-14T09:26:50.798Z] [ALL] 06-14 14:56:47.863  1486  1556 D DisplayPowerController[0]: putAutoBrightnessTransitionTime: transitionTime=0
[2026-06-14T09:26:50.798Z] [ALL] 06-14 14:56:47.867  1486  1556 D PowerManagerService: displayReady: true groupId=0
[2026-06-14T09:26:50.876Z] [ALL] 06-14 14:56:47.946  5776  5834 I appium  : AppiumResponse: {"sessionId":"f5a9b506-d393-4b48-a69f-3151b1cdcacc","value":null}
[2026-06-14T09:26:50.920Z] [ALL] 06-14 14:56:47.991  1149  1317 D SurfaceFlinger: setDesiredMode 4633128672291736000 {mode={fps=60.00 Hz, modePtr={id=1, vsyncRate=60.00 Hz, peakRefreshRate=60.00 Hz}}, emitEvent=false, force=false}
[2026-06-14T09:26:50.929Z] [ALL] 06-14 14:56:47.996  1149  1149 I SurfaceFlinger: com.safebank.ai/com.safebank.ai.MainActivity$_6589#104560 voted ExplicitCategory with category: HighHint
[2026-06-14T09:26:50.929Z] [ALL] 06-14 14:56:47.996  1149  1149 I SurfaceFlinger: IdleFps - choose 60.00 Hz
[2026-06-14T09:26:50.929Z] [ALL] 06-14 14:56:47.998  1149  1149 D SurfaceFlinger: initiateModeChange 4633128672291736000 {mode={fps=60.00 Hz, modePtr={id=1, vsyncRate=60.00 Hz, peakRefreshRate=60.00 Hz}}, emitEvent=false, force=false}
[2026-06-14T09:26:50.929Z] [ALL] 06-14 14:56:47.998  1149  1149 I SurfaceFlinger: [4633128672291736000] ActiveConfigToHWC, ID : 4
[2026-06-14T09:26:50.929Z] [ALL] 06-14 14:56:48.001  1062 15192 D display : setActiveConfigWithConstraints:: PrimaryDisplay config(4)
[2026-06-14T09:26:50.929Z] [ALL] 06-14 14:56:48.001  1062 15192 I display : Current VRR MODE is 3
[2026-06-14T09:26:50.929Z] [ALL] 06-14 14:56:48.001  1062 15192 I display : setActiveConfigWithConstraints:: HFR match - config: 5, base: 4, try: 0
[2026-06-14T09:26:50.929Z] [ALL] 06-14 14:56:48.001  1062 15192 I display : setActiveConfigWithConstraints::update 1080x2340@60phs
[2026-06-14T09:26:50.929Z] [ALL] 06-14 14:56:48.001  1062 15192 I display : commit modeset : 1080x2340@60phs
[2026-06-14T09:26:50.951Z] [ALL] 06-14 14:56:48.017  1062 15192 W display : deliverWinConfigData:: commit modeset time (16 ms)
[2026-06-14T09:26:50.951Z] [ALL] 06-14 14:56:48.020  1062  1159 I display : [compareVsyncPeriod] set the lowest(mode:0) vsync 166 of display(0)
[2026-06-14T09:26:50.951Z] [ALL] 06-14 14:56:48.020  1062  1159 I display : getFpsForPerformance, performance table found using table(key:60, cpu:255)
[2026-06-14T09:26:50.951Z] [ALL] 06-14 14:56:48.020  1062  1159 I display : Set m2mMPP capacity(8) for fps(60)
[2026-06-14T09:26:50.951Z] [ALL] 06-14 14:56:48.020  1062  1159 I display : getFpsForPerformance, performance table found using table(key:60, cpu:255)
[2026-06-14T09:26:50.951Z] [ALL] 06-14 14:56:48.020  1062  1159 I display : Set Affinity config for fps(60) : cpuIDs : 255
[2026-06-14T09:26:50.951Z] [ALL] 06-14 14:56:48.020  1062  1159 I display : Set Affinity CPU ID : 0
[2026-06-14T09:26:50.951Z] [ALL] 06-14 14:56:48.020  1062  1159 I display : Set Affinity CPU ID : 1
[2026-06-14T09:26:50.954Z] [ALL] 06-14 14:56:48.020  1062  1159 I display : Set Affinity CPU ID : 2
[2026-06-14T09:26:50.954Z] [ALL] 06-14 14:56:48.020  1062  1159 I display : Set Affinity CPU ID : 3
[2026-06-14T09:26:50.954Z] [ALL] 06-14 14:56:48.021  1149  1149 D SurfaceFlinger: GPIS:: requestGpisForSFSluggish
[2026-06-14T09:26:50.954Z] [ALL] 06-14 14:56:48.021  1149  1149 I SurfaceFlinger: finalizeDisplayModeChange 4633128672291736000
[2026-06-14T09:26:50.954Z] [ALL] 06-14 14:56:48.020  1062  1159 I display : Set Affinity CPU ID : 4
[2026-06-14T09:26:50.954Z] [ALL] 06-14 14:56:48.021  1062  1159 I display : Set Affinity CPU ID : 5
[2026-06-14T09:26:50.954Z] [ALL] 06-14 14:56:48.021  1062  1159 I display : Set Affinity CPU ID : 6
[2026-06-14T09:26:50.954Z] [ALL] 06-14 14:56:48.021  1062  1159 I display : Set Affinity CPU ID : 7
[2026-06-14T09:26:50.954Z] [ALL] 06-14 14:56:48.021  1062  1159 I display : Set affinity HWC : 1062
[2026-06-14T09:26:50.954Z] [ALL] 06-14 14:56:48.022  1062  1159 I display : CPU set : Cluster(0), min_clock(0)
[2026-06-14T09:26:50.954Z] [ALL] 06-14 14:56:48.022  1062  1159 I display : CPU set : Cluster(1), min_clock(0)
[2026-06-14T09:26:50.954Z] [ALL] 06-14 14:56:48.022  1062  1159 I display : CPU set : Cluster(2), min_clock(0)
[2026-06-14T09:26:50.954Z] [ALL] 06-14 14:56:48.023  1149  1280 I SurfaceFlinger: Current= 120, Period= 60, hwcPeriod= 60
[2026-06-14T09:26:50.992Z] [ALL] 06-14 14:56:48.064  1486  1556 D PowerManagerService: displayReady: false groupId=0
[2026-06-14T09:26:51.002Z] [ALL] 06-14 14:56:48.067  1486  1556 D DisplayPowerController[0]: animateScreenStateChange: target=ON, mIsEnabled=true
[2026-06-14T09:26:51.003Z] [ALL] 06-14 14:56:48.068  1486  1556 D DisplayPowerController[0]: putAutoBrightnessTransitionTime: transitionTime=0
[2026-06-14T09:26:51.006Z] [ALL] 06-14 14:56:48.081  1486  1556 D PowerManagerService: displayReady: true groupId=0
[2026-06-14T09:26:51.014Z] [ALL] 06-14 14:56:48.088  3060  3121 D CacheCleaner: Starting run to clean enterprise proxy cache
[2026-06-14T09:26:51.104Z] [ALL] 06-14 14:56:48.177  1486  2775 D PowerManagerService: [api] setMasterBrightnessLimit : lowerLimit : -1  upperLimit : 503  mMasterBrightnessLimitPeriod : 200 (uid: 1000 pid: 4132)
[2026-06-14T09:26:51.111Z] [ALL] 06-14 14:56:48.180  1486  1556 D PowerManagerService: displayReady: false groupId=0
[2026-06-14T09:26:51.111Z] [ALL] 06-14 14:56:48.181  1486  1556 D DisplayPowerController[0]: animateScreenStateChange: target=ON, mIsEnabled=true
[2026-06-14T09:26:51.114Z] [ALL] 06-14 14:56:48.182  1486  1556 D DisplayPowerController[0]: putAutoBrightnessTransitionTime: transitionTime=0
[2026-06-14T09:26:51.114Z] [ALL] 06-14 14:56:48.183  1486  1556 D PowerManagerService: displayReady: true groupId=0
[2026-06-14T09:26:51.309Z] [ALL] 06-14 14:56:48.382  1486  1556 D PowerManagerService: displayReady: false groupId=0
[2026-06-14T09:26:51.313Z] [ALL] 06-14 14:56:48.383  1486  1556 D DisplayPowerController[0]: animateScreenStateChange: target=ON, mIsEnabled=true
[2026-06-14T09:26:51.314Z] [ALL] 06-14 14:56:48.385  1486  1556 D DisplayPowerController[0]: putAutoBrightnessTransitionTime: transitionTime=0
[2026-06-14T09:26:51.314Z] [ALL] 06-14 14:56:48.386  1486  1556 D PowerManagerService: displayReady: true groupId=0
[2026-06-14T09:26:51.511Z] [ALL] 06-14 14:56:48.584  1486  1556 D PowerManagerService: displayReady: false groupId=0
[2026-06-14T09:26:51.511Z] [ALL] 06-14 14:56:48.584  1486  1556 D DisplayPowerController[0]: animateScreenStateChange: target=ON, mIsEnabled=true
[2026-06-14T09:26:51.511Z] [ALL] 06-14 14:56:48.585  1486  1556 D DisplayPowerController[0]: putAutoBrightnessTransitionTime: transitionTime=0
[2026-06-14T09:26:51.511Z] [ALL] 06-14 14:56:48.585  1486  1556 D PowerManagerService: displayReady: true groupId=0
[2026-06-14T09:26:51.571Z] [ALL] 06-14 14:56:48.644  1486  1651 D ActivityManager: freezing 6654 com.samsung.SMT
[2026-06-14T09:26:51.596Z] [ALL] 06-14 14:56:48.669  1486  1858 D SemWifiEleStateTracker: Pressure Diff: 0.0025024414
[2026-06-14T09:26:51.596Z] [ALL] 06-14 14:56:48.669  1486  1858 D SemWifiEleStateTracker: Barometer value: Prev 998.09436 Current 998.09686 mSmallBaroDetected : false
[2026-06-14T09:26:51.713Z] [ALL] 06-14 14:56:48.786  1486  1556 D PowerManagerService: displayReady: false groupId=0
[2026-06-14T09:26:51.713Z] [ALL] 06-14 14:56:48.787  1486  1556 D DisplayPowerController[0]: animateScreenStateChange: target=ON, mIsEnabled=true
[2026-06-14T09:26:51.715Z] [ALL] 06-14 14:56:48.787  1486  1556 D DisplayPowerController[0]: putAutoBrightnessTransitionTime: transitionTime=0
[2026-06-14T09:26:51.715Z] [ALL] 06-14 14:56:48.788  1486  1556 D PowerManagerService: displayReady: true groupId=0
[2026-06-14T09:26:51.753Z] [ALL] 06-14 14:56:48.827  1075  7080 I HYPER-HAL: [RequestManager.cpp]releaseLocked(): Released ID : 8659070
[2026-06-14T09:26:51.829Z] [ALL] 06-14 14:56:48.902  1928  2036 D SatelliteController: isInCarrierRoamingNbIotNtn: satellite is disabled
[2026-06-14T09:26:51.832Z] [ALL] 06-14 14:56:48.903  1486  1813 D SemCellularStateManager: onSignalStrengthsChanged: mCellularSignalLevel=2
[2026-06-14T09:26:51.838Z] [ALL] 06-14 14:56:48.912  1928  2036 D SatelliteController: getCarrierRoamingNtnConnectType: Falling back to global carrier config connect type: 0
[2026-06-14T09:26:51.846Z] [ALL] 06-14 14:56:48.914  1928  2036 D SatelliteController: updateLastNotifiedCarrierRoamingNtnSignalStrengthAndNotify(3)
[2026-06-14T09:26:51.846Z] [ALL] 06-14 14:56:48.914  1928  2036 D SatelliteController: updateLastNotifiedCarrierRoamingNtnSignalStrengthAndNotify(3) lastNotifiedSignalStrength level: 0
[2026-06-14T09:26:51.846Z] [ALL] 06-14 14:56:48.914  1928  2036 D SatelliteController: updateLastNotifiedCarrierRoamingNtnSignalStrengthAndNotify(3) currSignalStrength level: 0
[2026-06-14T09:26:51.913Z] [ALL] 06-14 14:56:48.987   747   747 D io_stats: !@   8,0 r 79569917 1569781597 w 12655646 207305148 d 4206500 258475632 f 0 1104859 iot 28643308 0 th 0 0 0 pt 0 inp 0 0 180023.376
[2026-06-14T09:26:51.916Z] [ALL] 06-14 14:56:48.988  1486  1556 D PowerManagerService: displayReady: false groupId=0
[2026-06-14T09:26:51.916Z] [ALL] 06-14 14:56:48.990  1486  1556 D DisplayPowerController[0]: animateScreenStateChange: target=ON, mIsEnabled=true
[2026-06-14T09:26:51.916Z] [ALL] 06-14 14:56:48.991  1486  1556 D DisplayPowerController[0]: putAutoBrightnessTransitionTime: transitionTime=0
[2026-06-14T09:26:51.919Z] [ALL] 06-14 14:56:48.992  1486  1556 D PowerManagerService: displayReady: true groupId=0
[2026-06-14T09:26:51.925Z] [ALL] 06-14 14:56:48.999  5776  5834 I appium  : channel read: POST /session/f5a9b506-d393-4b48-a69f-3151b1cdcacc/element
[2026-06-14T09:26:51.927Z] [ALL] 06-14 14:56:49.002  5776  5834 I appium  : FindElement command
[2026-06-14T09:26:51.930Z] [ALL] 06-14 14:56:49.005  5776  5834 I appium  : method: '-android uiautomator', selector: 'new UiSelector().className("android.widget.EditText").instance(0)'
[2026-06-14T09:26:51.932Z] [ALL] 06-14 14:56:49.006  5776  5834 I appium  : Waiting up to 10000ms for the device to idle
[2026-06-14T09:26:52.040Z] [ALL] 06-14 14:56:49.113  5776  5834 I QueryController: Matched selector: UiSelector[CLASS=android.widget.EditText, INSTANCE=0] <<==>> [android.view.accessibility.AccessibilityNodeInfo@8ed8; boundsInParent: Rect(0, 0 - 0, 0); boundsInScreen: Rect(113, 1090 - 967, 1248); boundsInWindow: Rect(113, 1090 - 967, 1248); packageName: com.safebank.ai; className: android.widget.EditText; text: invalidemail; error: null; maxTextLength: -1; stateDescription: null; contentDescription: null; tooltipText: null; containerTitle: null; viewIdResName: null; uniqueId: null; checkable: false; checked: false; focusable: true; focused: false; selected: false; clickable: true; longClickable: true; contextClickable: false; enabled: true; password: false; scrollable: false; granularScrollingSupported: false; importantForAccessibility: true; visible: true; actions: [AccessibilityAction: ACTION_FOCUS - null, AccessibilityAction: ACTION_NEXT_AT_MOVEMENT_GRANULARITY - null, AccessibilityAction: ACTION_PREVIOUS_AT_MOVEMENT_GRANULARITY - null, AccessibilityAction: ACTION_ACCESSIBILITY_FOCUS - null, AccessibilityAction: ACTION_CLICK - null, AccessibilityAction: ACTION_LONG_CLICK - null, AccessibilityAction: ACTION_SET_TEXT - null, AccessibilityAction: ACTION_IME_ENTER - null, AccessibilityAction: ACTION_SET_SELECTION - null]; isTextSelectable: false]
[2026-06-14T09:26:52.045Z] [ALL] 06-14 14:56:49.120  5776  5834 I appium  : AppiumResponse: {"sessionId":"f5a9b506-d393-4b48-a69f-3151b1cdcacc","value":{"ELEMENT":"00000000-0000-010b-0000-005600000004","element-6066-11e4-a52e-4f735466cecf":"00000000-0000-010b-0000-005600000004"}}
[2026-06-14T09:26:52.097Z] [ALL] 06-14 14:56:49.172  5776  5834 I appium  : channel read: GET /session/f5a9b506-d393-4b48-a69f-3151b1cdcacc/element/00000000-0000-010b-0000-005600000004/attribute/displayed
[2026-06-14T09:26:52.100Z] [ALL] 06-14 14:56:49.175  5776  5834 I appium  : GetElementAttribute command
[2026-06-14T09:26:52.107Z] [ALL] 06-14 14:56:49.183  5776  5834 I QueryController: Matched selector: UiSelector[CLASS=android.widget.EditText, INSTANCE=0] <<==>> [android.view.accessibility.AccessibilityNodeInfo@8ed8; boundsInParent: Rect(0, 0 - 0, 0); boundsInScreen: Rect(113, 1090 - 967, 1248); boundsInWindow: Rect(113, 1090 - 967, 1248); packageName: com.safebank.ai; className: android.widget.EditText; text: invalidemail; error: null; maxTextLength: -1; stateDescription: null; contentDescription: null; tooltipText: null; containerTitle: null; viewIdResName: null; uniqueId: null; checkable: false; checked: false; focusable: true; focused: false; selected: false; clickable: true; longClickable: true; contextClickable: false; enabled: true; password: false; scrollable: false; granularScrollingSupported: false; importantForAccessibility: true; visible: true; actions: [AccessibilityAction: ACTION_FOCUS - null, AccessibilityAction: ACTION_NEXT_AT_MOVEMENT_GRANULARITY - null, AccessibilityAction: ACTION_PREVIOUS_AT_MOVEMENT_GRANULARITY - null, AccessibilityAction: ACTION_ACCESSIBILITY_FOCUS - null, AccessibilityAction: ACTION_CLICK - null, AccessibilityAction: ACTION_LONG_CLICK - null, AccessibilityAction: ACTION_SET_TEXT - null, AccessibilityAction: ACTION_IME_ENTER - null, AccessibilityAction: ACTION_SET_SELECTION - null]; isTextSelectable: false]
[2026-06-14T09:26:52.109Z] [ALL] 06-14 14:56:49.183  5776  5834 D UiObject: Waiting 0ms for UiSelector[CLASS=android.widget.EditText, INSTANCE=0].
[2026-06-14T09:26:52.115Z] [ALL] 06-14 14:56:49.190  1486  1556 D PowerManagerService: displayReady: false groupId=0
[2026-06-14T09:26:52.117Z] [ALL] 06-14 14:56:49.191  1486  1556 D DisplayPowerController[0]: animateScreenStateChange: target=ON, mIsEnabled=true
[2026-06-14T09:26:52.117Z] [ALL] 06-14 14:56:49.191  1486  1556 D DisplayPowerController[0]: putAutoBrightnessTransitionTime: transitionTime=0
[2026-06-14T09:26:52.117Z] [ALL] 06-14 14:56:49.192  1486  1556 D PowerManagerService: displayReady: true groupId=0
[2026-06-14T09:26:52.119Z] [ALL] 06-14 14:56:49.193  5776  5834 I QueryController: Matched selector: UiSelector[CLASS=android.widget.EditText, INSTANCE=0] <<==>> [android.view.accessibility.AccessibilityNodeInfo@8ed8; boundsInParent: Rect(0, 0 - 0, 0); boundsInScreen: Rect(113, 1090 - 967, 1248); boundsInWindow: Rect(113, 1090 - 967, 1248); packageName: com.safebank.ai; className: android.widget.EditText; text: invalidemail; error: null; maxTextLength: -1; stateDescription: null; contentDescription: null; tooltipText: null; containerTitle: null; viewIdResName: null; uniqueId: null; checkable: false; checked: false; focusable: true; focused: false; selected: false; clickable: true; longClickable: true; contextClickable: false; enabled: true; password: false; scrollable: false; granularScrollingSupported: false; importantForAccessibility: true; visible: true; actions: [AccessibilityAction: ACTION_FOCUS - null, AccessibilityAction: ACTION_NEXT_AT_MOVEMENT_GRANULARITY - null, AccessibilityAction: ACTION_PREVIOUS_AT_MOVEMENT_GRANULARITY - null, AccessibilityAction: ACTION_ACCESSIBILITY_FOCUS - null, AccessibilityAction: ACTION_CLICK - null, AccessibilityAction: ACTION_LONG_CLICK - null, AccessibilityAction: ACTION_SET_TEXT - null, AccessibilityAction: ACTION_IME_ENTER - null, AccessibilityAction: ACTION_SET_SELECTION - null]; isTextSelectable: false]
[2026-06-14T09:26:52.120Z] [ALL] 06-14 14:56:49.195  1486  1860 D WifiConnectivityMonitor.NetworkStatsAnalyzer: Backhaul result - RSSI:-52, CE:25, PE:24, TI:34, PTI:34, TW:6, PTW:6, Tx:290, Rx:299, TxS:144, RxS:144, RESULT:true, IC:0, ICT:5, WC:0, WCT:5, R:0, RC:0, IE:0, EC:0
[2026-06-14T09:26:52.129Z] [ALL] 06-14 14:56:49.204  5776  5834 I QueryController: Matched selector: UiSelector[CLASS=android.widget.EditText, INSTANCE=0] <<==>> [android.view.accessibility.AccessibilityNodeInfo@8ed8; boundsInParent: Rect(0, 0 - 0, 0); boundsInScreen: Rect(113, 1090 - 967, 1248); boundsInWindow: Rect(113, 1090 - 967, 1248); packageName: com.safebank.ai; className: android.widget.EditText; text: invalidemail; error: null; maxTextLength: -1; stateDescription: null; contentDescription: null; tooltipText: null; containerTitle: null; viewIdResName: null; uniqueId: null; checkable: false; checked: false; focusable: true; focused: false; selected: false; clickable: true; longClickable: true; contextClickable: false; enabled: true; password: false; scrollable: false; granularScrollingSupported: false; importantForAccessibility: true; visible: true; actions: [AccessibilityAction: ACTION_FOCUS - null, AccessibilityAction: ACTION_NEXT_AT_MOVEMENT_GRANULARITY - null, AccessibilityAction: ACTION_PREVIOUS_AT_MOVEMENT_GRANULARITY - null, AccessibilityAction: ACTION_ACCESSIBILITY_FOCUS - null, AccessibilityAction: ACTION_CLICK - null, AccessibilityAction: ACTION_LONG_CLICK - null, AccessibilityAction: ACTION_SET_TEXT - null, AccessibilityAction: ACTION_IME_ENTER - null, AccessibilityAction: ACTION_SET_SELECTION - null]; isTextSelectable: false]
[2026-06-14T09:26:52.131Z] [ALL] 06-14 14:56:49.206  5776  5834 I appium  : AppiumResponse: {"sessionId":"f5a9b506-d393-4b48-a69f-3151b1cdcacc","value":"true"}
[2026-06-14T09:26:52.159Z] [ALL] 06-14 14:56:49.228  5776  5834 I appium  : channel read: POST /session/f5a9b506-d393-4b48-a69f-3151b1cdcacc/element/00000000-0000-010b-0000-005600000004/clear
[2026-06-14T09:26:52.161Z] [ALL] 06-14 14:56:49.229  5776  5834 I appium  : Clear command
[2026-06-14T09:26:52.161Z] [ALL] 06-14 14:56:49.232  5776  5834 I QueryController: Matched selector: UiSelector[CLASS=android.widget.EditText, INSTANCE=0] <<==>> [android.view.accessibility.AccessibilityNodeInfo@8ed8; boundsInParent: Rect(0, 0 - 0, 0); boundsInScreen: Rect(113, 1090 - 967, 1248); boundsInWindow: Rect(113, 1090 - 967, 1248); packageName: com.safebank.ai; className: android.widget.EditText; text: invalidemail; error: null; maxTextLength: -1; stateDescription: null; contentDescription: null; tooltipText: null; containerTitle: null; viewIdResName: null; uniqueId: null; checkable: false; checked: false; focusable: true; focused: false; selected: false; clickable: true; longClickable: true; contextClickable: false; enabled: true; password: false; scrollable: false; granularScrollingSupported: false; importantForAccessibility: true; visible: true; actions: [AccessibilityAction: ACTION_FOCUS - null, AccessibilityAction: ACTION_NEXT_AT_MOVEMENT_GRANULARITY - null, AccessibilityAction: ACTION_PREVIOUS_AT_MOVEMENT_GRANULARITY - null, AccessibilityAction: ACTION_ACCESSIBILITY_FOCUS - null, AccessibilityAction: ACTION_CLICK - null, AccessibilityAction: ACTION_LONG_CLICK - null, AccessibilityAction: ACTION_SET_TEXT - null, AccessibilityAction: ACTION_IME_ENTER - null, AccessibilityAction: ACTION_SET_SELECTION - null]; isTextSelectable: false]
[2026-06-14T09:26:52.161Z] [ALL] 06-14 14:56:49.236  5776  5834 I QueryController: Matched selector: UiSelector[CLASS=android.widget.EditText, INSTANCE=0] <<==>> [android.view.accessibility.AccessibilityNodeInfo@8ed8; boundsInParent: Rect(0, 0 - 0, 0); boundsInScreen: Rect(113, 1090 - 967, 1248); boundsInWindow: Rect(113, 1090 - 967, 1248); packageName: com.safebank.ai; className: android.widget.EditText; text: invalidemail; error: null; maxTextLength: -1; stateDescription: null; contentDescription: null; tooltipText: null; containerTitle: null; viewIdResName: null; uniqueId: null; checkable: false; checked: false; focusable: true; focused: false; selected: false; clickable: true; longClickable: true; contextClickable: false; enabled: true; password: false; scrollable: false; granularScrollingSupported: false; importantForAccessibility: true; visible: true; actions: [AccessibilityAction: ACTION_FOCUS - null, AccessibilityAction: ACTION_NEXT_AT_MOVEMENT_GRANULARITY - null, AccessibilityAction: ACTION_PREVIOUS_AT_MOVEMENT_GRANULARITY - null, AccessibilityAction: ACTION_ACCESSIBILITY_FOCUS - null, AccessibilityAction: ACTION_CLICK - null, AccessibilityAction: ACTION_LONG_CLICK - null, AccessibilityAction: ACTION_SET_TEXT - null, AccessibilityAction: ACTION_IME_ENTER - null, AccessibilityAction: ACTION_SET_SELECTION - null]; isTextSelectable: false]
[2026-06-14T09:26:52.161Z] [ALL] 06-14 14:56:49.236  5776  5834 D UiObject: Setting text to ''.
[2026-06-14T09:26:52.162Z] [ALL] 06-14 14:56:49.236  1486  4349 D PowerManagerService: [api] userActivity : accessibility (uid: 1000 pid: 1486) <- performAccessibilityAction() in com.android.server.accessibility.AbstractAccessibilityServiceConnection:220 displayId=0 eventTime=180023626
[2026-06-14T09:26:52.169Z] [ALL] 06-14 14:56:49.239  1149  1280 I SurfaceFlinger: Current= 60, Period= 60, hwcPeriod= 60
[2026-06-14T09:26:52.182Z] [ALL] 06-14 14:56:49.240  5776  5834 I appium  : AppiumResponse: {"sessionId":"f5a9b506-d393-4b48-a69f-3151b1cdcacc","value":null}
[2026-06-14T09:26:52.195Z] [ALL] 06-14 14:56:49.269  5776  5834 I appium  : channel read: POST /session/f5a9b506-d393-4b48-a69f-3151b1cdcacc/element/00000000-0000-010b-0000-005600000004/value
[2026-06-14T09:26:52.197Z] [ALL] 06-14 14:56:49.269  5776  5834 I appium  : SendKeysToElement command
[2026-06-14T09:26:52.220Z] [ALL] 06-14 14:56:49.293  5776  5834 I QueryController: Matched selector: UiSelector[CLASS=android.widget.EditText, INSTANCE=0] <<==>> [android.view.accessibility.AccessibilityNodeInfo@8ed8; boundsInParent: Rect(0, 0 - 0, 0); boundsInScreen: Rect(113, 1090 - 967, 1248); boundsInWindow: Rect(113, 1090 - 967, 1248); packageName: com.safebank.ai; className: android.widget.EditText; text: invalidemail; error: null; maxTextLength: -1; stateDescription: null; contentDescription: null; tooltipText: null; containerTitle: null; viewIdResName: null; uniqueId: null; checkable: false; checked: false; focusable: true; focused: false; selected: false; clickable: true; longClickable: true; contextClickable: false; enabled: true; password: false; scrollable: false; granularScrollingSupported: false; importantForAccessibility: true; visible: true; actions: [AccessibilityAction: ACTION_FOCUS - null, AccessibilityAction: ACTION_NEXT_AT_MOVEMENT_GRANULARITY - null, AccessibilityAction: ACTION_PREVIOUS_AT_MOVEMENT_GRANULARITY - null, AccessibilityAction: ACTION_ACCESSIBILITY_FOCUS - null, AccessibilityAction: ACTION_CLICK - null, AccessibilityAction: ACTION_LONG_CLICK - null, AccessibilityAction: ACTION_SET_TEXT - null, AccessibilityAction: ACTION_IME_ENTER - null, AccessibilityAction: ACTION_SET_SELECTION - null]; isTextSelectable: false]
[2026-06-14T09:26:52.222Z] [ALL] 06-14 14:56:49.294  1149  1317 D SurfaceFlinger: setDesiredMode 4633128672291736000 {mode={fps=120.00 Hz, modePtr={id=0, vsyncRate=120.00 Hz, peakRefreshRate=120.00 Hz}}, emitEvent=false, force=false}
[2026-06-14T09:26:52.226Z] [ALL] 06-14 14:56:49.300  1149  1280 I SurfaceFlinger: Current= 60, Period= 120, hwcPeriod= 60
[2026-06-14T09:26:52.231Z] [ALL] 06-14 14:56:49.301  5776  5834 I QueryController: Matched selector: UiSelector[CLASS=android.widget.EditText, INSTANCE=0] <<==>> [android.view.accessibility.AccessibilityNodeInfo@8ed8; boundsInParent: Rect(0, 0 - 0, 0); boundsInScreen: Rect(113, 1090 - 967, 1248); boundsInWindow: Rect(113, 1090 - 967, 1248); packageName: com.safebank.ai; className: android.widget.EditText; text: invalidemail; error: null; maxTextLength: -1; stateDescription: null; contentDescription: null; tooltipText: null; containerTitle: null; viewIdResName: null; uniqueId: null; checkable: false; checked: false; focusable: true; focused: false; selected: false; clickable: true; longClickable: true; contextClickable: false; enabled: true; password: false; scrollable: false; granularScrollingSupported: false; importantForAccessibility: true; visible: true; actions: [AccessibilityAction: ACTION_FOCUS - null, AccessibilityAction: ACTION_NEXT_AT_MOVEMENT_GRANULARITY - null, AccessibilityAction: ACTION_PREVIOUS_AT_MOVEMENT_GRANULARITY - null, AccessibilityAction: ACTION_ACCESSIBILITY_FOCUS - null, AccessibilityAction: ACTION_CLICK - null, AccessibilityAction: ACTION_LONG_CLICK - null, AccessibilityAction: ACTION_SET_TEXT - null, AccessibilityAction: ACTION_IME_ENTER - null, AccessibilityAction: ACTION_SET_SELECTION - null]; isTextSelectable: false]
[2026-06-14T09:26:52.236Z] [ALL] 06-14 14:56:49.309  5776  5834 I QueryController: Matched selector: UiSelector[CLASS=android.widget.EditText, INSTANCE=0] <<==>> [android.view.accessibility.AccessibilityNodeInfo@8ed8; boundsInParent: Rect(0, 0 - 0, 0); boundsInScreen: Rect(113, 1090 - 967, 1248); boundsInWindow: Rect(113, 1090 - 967, 1248); packageName: com.safebank.ai; className: android.widget.EditText; text: invalidemail; error: null; maxTextLength: -1; stateDescription: null; contentDescription: null; tooltipText: null; containerTitle: null; viewIdResName: null; uniqueId: null; checkable: false; checked: false; focusable: true; focused: false; selected: false; clickable: true; longClickable: true; contextClickable: false; enabled: true; password: false; scrollable: false; granularScrollingSupported: false; importantForAccessibility: true; visible: true; actions: [AccessibilityAction: ACTION_FOCUS - null, AccessibilityAction: ACTION_NEXT_AT_MOVEMENT_GRANULARITY - null, AccessibilityAction: ACTION_PREVIOUS_AT_MOVEMENT_GRANULARITY - null, AccessibilityAction: ACTION_ACCESSIBILITY_FOCUS - null, AccessibilityAction: ACTION_CLICK - null, AccessibilityAction: ACTION_LONG_CLICK - null, AccessibilityAction: ACTION_SET_TEXT - null, AccessibilityAction: ACTION_IME_ENTER - null, AccessibilityAction: ACTION_SET_SELECTION - null]; isTextSelectable: false]
[2026-06-14T09:26:52.236Z] [ALL] 06-14 14:56:49.309  1149  1149 I SurfaceFlinger: com.safebank.ai/com.safebank.ai.MainActivity$_6589#104560 voted ExplicitCategory with category: HighHint
[2026-06-14T09:26:52.236Z] [ALL] 06-14 14:56:49.309  1149  1149 I SurfaceFlinger: Touch Boost [late] - choose 120.00 Hz
[2026-06-14T09:26:52.236Z] [ALL] 06-14 14:56:49.309  1149  1149 D SurfaceFlinger: initiateModeChange 4633128672291736000 {mode={fps=120.00 Hz, modePtr={id=0, vsyncRate=120.00 Hz, peakRefreshRate=120.00 Hz}}, emitEvent=false, force=false}
[2026-06-14T09:26:52.236Z] [ALL] 06-14 14:56:49.309  1149  1149 I SurfaceFlinger: [4633128672291736000] ActiveConfigToHWC, ID : 3
[2026-06-14T09:26:52.236Z] [ALL] 06-14 14:56:49.309  1062 15192 D display : setActiveConfigWithConstraints:: PrimaryDisplay config(3)
[2026-06-14T09:26:52.236Z] [ALL] 06-14 14:56:49.309  1062 15192 I display : Current VRR MODE is 3
[2026-06-14T09:26:52.236Z] [ALL] 06-14 14:56:49.309  1062 15192 I display : setActiveConfigWithConstraints:: HFR match - config: 3, base: 3, try: 1
[2026-06-14T09:26:52.236Z] [ALL] 06-14 14:56:49.309  1062 15192 I display : setActiveConfigWithConstraints::update 1080x2340@120hs
[2026-06-14T09:26:52.236Z] [ALL] 06-14 14:56:49.309  1062 15192 I display : commit modeset : 1080x2340@120hs
[2026-06-14T09:26:52.245Z] [ALL] 06-14 14:56:49.317  5776  5834 I QueryController: Matched selector: UiSelector[CLASS=android.widget.EditText, INSTANCE=0] <<==>> [android.view.accessibility.AccessibilityNodeInfo@8ed8; boundsInParent: Rect(0, 0 - 0, 0); boundsInScreen: Rect(113, 1090 - 967, 1248); boundsInWindow: Rect(113, 1090 - 967, 1248); packageName: com.safebank.ai; className: android.widget.EditText; text: ; error: null; maxTextLength: -1; stateDescription: null; contentDescription: null; tooltipText: null; containerTitle: null; viewIdResName: null; uniqueId: null; checkable: false; checked: false; focusable: true; focused: false; selected: false; clickable: true; longClickable: true; contextClickable: false; enabled: true; password: false; scrollable: false; granularScrollingSupported: false; importantForAccessibility: true; visible: true; actions: [AccessibilityAction: ACTION_FOCUS - null, AccessibilityAction: ACTION_ACCESSIBILITY_FOCUS - null, AccessibilityAction: ACTION_CLICK - null, AccessibilityAction: ACTION_LONG_CLICK - null, AccessibilityAction: ACTION_SET_TEXT - null, AccessibilityAction: ACTION_IME_ENTER - null]; isTextSelectable: false]
[2026-06-14T09:26:52.247Z] [ALL] 06-14 14:56:49.317  5776  5834 D UiObject: Setting text to ''.
[2026-06-14T09:26:52.264Z] [ALL] 06-14 14:56:49.333  1062 15192 W display : deliverWinConfigData:: commit modeset time (23 ms)
[2026-06-14T09:26:52.266Z] [ALL] 06-14 14:56:49.333  1062  1159 I display : [compareVsyncPeriod] set the lowest(mode:0) vsync 83 of display(0)
[2026-06-14T09:26:52.266Z] [ALL] 06-14 14:56:49.333  1062  1159 I display : getFpsForPerformance, performance table found using table(key:120, cpu:255)
[2026-06-14T09:26:52.266Z] [ALL] 06-14 14:56:49.333  1062  1159 I display : Set m2mMPP capacity(4) for fps(120)
[2026-06-14T09:26:52.266Z] [ALL] 06-14 14:56:49.333  1062  1159 I display : getFpsForPerformance, performance table found using table(key:120, cpu:255)
[2026-06-14T09:26:52.266Z] [ALL] 06-14 14:56:49.333  1062  1159 I display : Set Affinity config for fps(120) : cpuIDs : 255
[2026-06-14T09:26:52.266Z] [ALL] 06-14 14:56:49.333  1062  1159 I display : Set Affinity CPU ID : 0
[2026-06-14T09:26:52.266Z] [ALL] 06-14 14:56:49.333  1062  1159 I display : Set Affinity CPU ID : 1
[2026-06-14T09:26:52.266Z] [ALL] 06-14 14:56:49.333  1062  1159 I display : Set Affinity CPU ID : 2
[2026-06-14T09:26:52.266Z] [ALL] 06-14 14:56:49.333  1062  1159 I display : Set Affinity CPU ID : 3
[2026-06-14T09:26:52.266Z] [ALL] 06-14 14:56:49.333  1062  1159 I display : Set Affinity CPU ID : 4
[2026-06-14T09:26:52.266Z] [ALL] 06-14 14:56:49.333  1062  1159 I display : Set Affinity CPU ID : 5
[2026-06-14T09:26:52.266Z] [ALL] 06-14 14:56:49.333  1062  1159 I display : Set Affinity CPU ID : 6
[2026-06-14T09:26:52.266Z] [ALL] 06-14 14:56:49.333  1062  1159 I display : Set Affinity CPU ID : 7
[2026-06-14T09:26:52.266Z] [ALL] 06-14 14:56:49.333  1062  1159 I display : Set affinity HWC : 1062
[2026-06-14T09:26:52.266Z] [ALL] 06-14 14:56:49.334  1062  1159 I display : CPU set : Cluster(0), min_clock(0)
[2026-06-14T09:26:52.266Z] [ALL] 06-14 14:56:49.334  1062  1159 I display : CPU set : Cluster(1), min_clock(0)
[2026-06-14T09:26:52.266Z] [ALL] 06-14 14:56:49.334  1062  1159 I display : CPU set : Cluster(2), min_clock(0)
[2026-06-14T09:26:52.266Z] [ALL] 06-14 14:56:49.334  1149  1280 I SurfaceFlinger: Current= 60, Period= 120, hwcPeriod= 120
[2026-06-14T09:26:52.266Z] [ALL] 06-14 14:56:49.334  1149  1149 I SurfaceFlinger: finalizeDisplayModeChange 4633128672291736000
[2026-06-14T09:26:52.284Z] [ALL] 06-14 14:56:49.358  1149  1280 I SurfaceFlinger: Current= 120, Period= 120, hwcPeriod= 120
[2026-06-14T09:26:52.287Z] [ALL] 06-14 14:56:49.360  5776  5834 I QueryController: Matched selector: UiSelector[CLASS=android.widget.EditText, INSTANCE=0] <<==>> [android.view.accessibility.AccessibilityNodeInfo@8ed8; boundsInParent: Rect(0, 0 - 0, 0); boundsInScreen: Rect(113, 1090 - 967, 1248); boundsInWindow: Rect(113, 1090 - 967, 1248); packageName: com.safebank.ai; className: android.widget.EditText; text: ; error: null; maxTextLength: -1; stateDescription: null; contentDescription: null; tooltipText: null; containerTitle: null; viewIdResName: null; uniqueId: null; checkable: false; checked: false; focusable: true; focused: false; selected: false; clickable: true; longClickable: true; contextClickable: false; enabled: true; password: false; scrollable: false; granularScrollingSupported: false; importantForAccessibility: true; visible: true; actions: [AccessibilityAction: ACTION_FOCUS - null, AccessibilityAction: ACTION_ACCESSIBILITY_FOCUS - null, AccessibilityAction: ACTION_CLICK - null, AccessibilityAction: ACTION_LONG_CLICK - null, AccessibilityAction: ACTION_SET_TEXT - null, AccessibilityAction: ACTION_IME_ENTER - null]; isTextSelectable: false]
[2026-06-14T09:26:52.291Z] [ALL] 06-14 14:56:49.365  5776  5834 I QueryController: Matched selector: UiSelector[CLASS=android.widget.EditText, INSTANCE=0] <<==>> [android.view.accessibility.AccessibilityNodeInfo@8ed8; boundsInParent: Rect(0, 0 - 0, 0); boundsInScreen: Rect(113, 1090 - 967, 1248); boundsInWindow: Rect(113, 1090 - 967, 1248); packageName: com.safebank.ai; className: android.widget.EditText; text: ; error: null; maxTextLength: -1; stateDescription: null; contentDescription: null; tooltipText: null; containerTitle: null; viewIdResName: null; uniqueId: null; checkable: false; checked: false; focusable: true; focused: false; selected: false; clickable: true; longClickable: true; contextClickable: false; enabled: true; password: false; scrollable: false; granularScrollingSupported: false; importantForAccessibility: true; visible: true; actions: [AccessibilityAction: ACTION_FOCUS - null, AccessibilityAction: ACTION_ACCESSIBILITY_FOCUS - null, AccessibilityAction: ACTION_CLICK - null, AccessibilityAction: ACTION_LONG_CLICK - null, AccessibilityAction: ACTION_SET_TEXT - null, AccessibilityAction: ACTION_IME_ENTER - null]; isTextSelectable: false]
[2026-06-14T09:26:52.313Z] [ALL] 06-14 14:56:49.384  5776  5834 I appium  : AppiumResponse: {"sessionId":"f5a9b506-d393-4b48-a69f-3151b1cdcacc","value":null}
[2026-06-14T09:26:52.316Z] [ALL] 06-14 14:56:49.391  1486  1556 D PowerManagerService: displayReady: false groupId=0
[2026-06-14T09:26:52.317Z] [ALL] 06-14 14:56:49.391  1486  1556 D DisplayPowerController[0]: animateScreenStateChange: target=ON, mIsEnabled=true
[2026-06-14T09:26:52.319Z] [ALL] 06-14 14:56:49.392  1486  1556 D DisplayPowerController[0]: putAutoBrightnessTransitionTime: transitionTime=0
[2026-06-14T09:26:52.319Z] [ALL] 06-14 14:56:49.393  1486  1556 D PowerManagerService: displayReady: true groupId=0
[2026-06-14T09:26:52.441Z] [ALL] 06-14 14:56:49.513  1486  4349 I ActivityManager: Changes in 10470 11 to 19, 384 to 0
[2026-06-14T09:26:52.449Z] [ALL] 06-14 14:56:49.520  1486  1526 I ActivityManager: Changes in 10470 19 to 11, 0 to 384
[2026-06-14T09:26:52.452Z] [ALL] 06-14 14:56:49.527  7100  7100 W libbinder.BackendUnifiedServiceManager: Thread Pool max thread count is 0. Cannot cache binder as linkToDeath cannot be implemented. serviceName: input_method
[2026-06-14T09:26:52.510Z] [ALL] 06-14 14:56:49.585  3937  3937 I BaseKeyboardSizeHelper: BaseKeyboardSizeHelper.calculateMaxKeyboardBodyHeight():73 leave 273 height for app when ime window height:2108, header height:124 and isFullscreenMode:false, so the max keyboard body height is:1711
[2026-06-14T09:26:52.510Z] [ALL] 06-14 14:56:49.585  3937  3937 I BaseKeyboardSizeHelper: BaseKeyboardSizeHelper.calculateMaxKeyboardBodyHeight():73 leave 273 height for app when ime window height:2108, header height:124 and isFullscreenMode:false, so the max keyboard body height is:1711
[2026-06-14T09:26:52.510Z] [ALL] 06-14 14:56:49.585  3937  3937 I BaseKeyboardSizeHelper: BaseKeyboardSizeHelper.calculateMaxKeyboardBodyHeight():73 leave 273 height for app when ime window height:2108, header height:124 and isFullscreenMode:false, so the max keyboard body height is:1711
[2026-06-14T09:26:52.517Z] [ALL] 06-14 14:56:49.592  1486  1556 D PowerManagerService: displayReady: false groupId=0
[2026-06-14T09:26:52.520Z] [ALL] 06-14 14:56:49.592  1486  1556 D DisplayPowerController[0]: animateScreenStateChange: target=ON, mIsEnabled=true
[2026-06-14T09:26:52.520Z] [ALL] 06-14 14:56:49.593  1486  1556 D DisplayPowerController[0]: putAutoBrightnessTransitionTime: transitionTime=0
[2026-06-14T09:26:52.520Z] [ALL] 06-14 14:56:49.593  1486  1556 D PowerManagerService: displayReady: true groupId=0
[2026-06-14T09:26:52.557Z] [ALL] 06-14 14:56:49.632  3937  3937 I BaseKeyboardSizeHelper: BaseKeyboardSizeHelper.calculateMaxKeyboardBodyHeight():73 leave 273 height for app when ime window height:2108, header height:124 and isFullscreenMode:false, so the max keyboard body height is:1711
[2026-06-14T09:26:52.557Z] [ALL] 06-14 14:56:49.633  3937  3937 I BaseKeyboardSizeHelper: BaseKeyboardSizeHelper.calculateMaxKeyboardBodyHeight():73 leave 273 height for app when ime window height:2108, header height:124 and isFullscreenMode:false, so the max keyboard body height is:1711
[2026-06-14T09:26:52.557Z] [ALL] 06-14 14:56:49.633  3937  3937 I BaseKeyboardSizeHelper: BaseKeyboardSizeHelper.calculateMaxKeyboardBodyHeight():73 leave 273 height for app when ime window height:2108, header height:124 and isFullscreenMode:false, so the max keyboard body height is:1711
[2026-06-14T09:26:52.719Z] [ALL] 06-14 14:56:49.794  1486  1556 D PowerManagerService: displayReady: false groupId=0
[2026-06-14T09:26:52.719Z] [ALL] 06-14 14:56:49.795  1486  1556 D DisplayPowerController[0]: animateScreenStateChange: target=ON, mIsEnabled=true
[2026-06-14T09:26:52.721Z] [ALL] 06-14 14:56:49.795  1486  1556 D DisplayPowerController[0]: putAutoBrightnessTransitionTime: transitionTime=0
[2026-06-14T09:26:52.721Z] [ALL] 06-14 14:56:49.797  1486  1556 D PowerManagerService: displayReady: true groupId=0
[2026-06-14T09:26:52.737Z] [ALL] 06-14 14:56:49.811  5776  5834 I appium  : channel read: POST /session/f5a9b506-d393-4b48-a69f-3151b1cdcacc/element
[2026-06-14T09:26:52.739Z] [ALL] 06-14 14:56:49.814  5776  5834 I appium  : FindElement command
[2026-06-14T09:26:52.745Z] [ALL] 06-14 14:56:49.818  1149  1317 D SurfaceFlinger: setDesiredMode 4633128672291736000 {mode={fps=60.00 Hz, modePtr={id=1, vsyncRate=60.00 Hz, peakRefreshRate=60.00 Hz}}, emitEvent=false, force=false}
[2026-06-14T09:26:52.745Z] [ALL] 06-14 14:56:49.818  5776  5834 I appium  : method: 'xpath', selector: '//*[@resource-id="login_submit_btn" or @content-desc="login_submit_btn" or @text="Login" or @text="LOGIN" or contains(@text, "Login") or contains(@text, "LOGIN") or contains(@text, "OTP") or contains(@text, "Verify") or contains(@text, "Sign Up") or contains(@text, "ధృవీకరించండి") or contains(@text, "लॉगिन") or contains(@text, "உள்நுழை")]'
[2026-06-14T09:26:52.747Z] [ALL] 06-14 14:56:49.819  5776  5834 I appium  : Waiting up to 10000ms for the device to idle
[2026-06-14T09:26:52.747Z] [ALL] 06-14 14:56:49.820  1149  1149 I SurfaceFlinger: com.safebank.ai/com.safebank.ai.MainActivity$_6589#104560 voted ExplicitCategory with category: HighHint
[2026-06-14T09:26:52.747Z] [ALL] 06-14 14:56:49.820  1149  1149 I SurfaceFlinger: IdleFps - choose 60.00 Hz
[2026-06-14T09:26:52.747Z] [ALL] 06-14 14:56:49.820  1149  1149 D SurfaceFlinger: initiateModeChange 4633128672291736000 {mode={fps=60.00 Hz, modePtr={id=1, vsyncRate=60.00 Hz, peakRefreshRate=60.00 Hz}}, emitEvent=false, force=false}
[2026-06-14T09:26:52.747Z] [ALL] 06-14 14:56:49.820  1149  1149 I SurfaceFlinger: [4633128672291736000] ActiveConfigToHWC, ID : 4
[2026-06-14T09:26:52.747Z] [ALL] 06-14 14:56:49.822  1149  1280 I SurfaceFlinger: Current= 120, Period= 60, hwcPeriod= 120
[2026-06-14T09:26:52.747Z] [ALL] 06-14 14:56:49.822  5776  5834 I appium  : The following attributes will be included to the page source: [text, resource-id, content-desc]
[2026-06-14T09:26:52.750Z] [ALL] 06-14 14:56:49.825  1062 15192 D display : setActiveConfigWithConstraints:: PrimaryDisplay config(4)
[2026-06-14T09:26:52.750Z] [ALL] 06-14 14:56:49.825  1062 15192 I display : Current VRR MODE is 3
[2026-06-14T09:26:52.750Z] [ALL] 06-14 14:56:49.825  1062 15192 I display : setActiveConfigWithConstraints:: HFR match - config: 5, base: 4, try: 0
[2026-06-14T09:26:52.750Z] [ALL] 06-14 14:56:49.826  1062 15192 I display : setActiveConfigWithConstraints::update 1080x2340@60phs
[2026-06-14T09:26:52.750Z] [ALL] 06-14 14:56:49.826  1062 15192 I display : commit modeset : 1080x2340@60phs
[2026-06-14T09:26:52.756Z] [ALL] 06-14 14:56:49.831  5776  5789 I tomator2.server: Method exceeds compiler instruction limit: 19260 in java_cup.runtime.Symbol org.eclipse.wst.xml.xpath2.processor.internal.CUP$XPathCup$actions.CUP$XPathCup$do_action(int, java_cup.runtime.lr_parser, java.util.Stack, int)
[2026-06-14T09:26:52.766Z] [ALL] 06-14 14:56:49.842  1062 15192 W display : deliverWinConfigData:: commit modeset time (15 ms)
[2026-06-14T09:26:52.768Z] [ALL] 06-14 14:56:49.842  1062  1159 I display : [compareVsyncPeriod] set the lowest(mode:0) vsync 166 of display(0)
[2026-06-14T09:26:52.768Z] [ALL] 06-14 14:56:49.842  1062  1159 I display : getFpsForPerformance, performance table found using table(key:60, cpu:255)
[2026-06-14T09:26:52.768Z] [ALL] 06-14 14:56:49.842  1062  1159 I display : Set m2mMPP capacity(8) for fps(60)
[2026-06-14T09:26:52.768Z] [ALL] 06-14 14:56:49.842  1062  1159 I display : getFpsForPerformance, performance table found using table(key:60, cpu:255)
[2026-06-14T09:26:52.768Z] [ALL] 06-14 14:56:49.842  1062  1159 I display : Set Affinity config for fps(60) : cpuIDs : 255
[2026-06-14T09:26:52.768Z] [ALL] 06-14 14:56:49.842  1062  1159 I display : Set Affinity CPU ID : 0
[2026-06-14T09:26:52.768Z] [ALL] 06-14 14:56:49.842  1062  1159 I display : Set Affinity CPU ID : 1
[2026-06-14T09:26:52.768Z] [ALL] 06-14 14:56:49.842  1062  1159 I display : Set Affinity CPU ID : 2
[2026-06-14T09:26:52.768Z] [ALL] 06-14 14:56:49.842  1062  1159 I display : Set Affinity CPU ID : 3
[2026-06-14T09:26:52.768Z] [ALL] 06-14 14:56:49.842  1062  1159 I display : Set Affinity CPU ID : 4
[2026-06-14T09:26:52.768Z] [ALL] 06-14 14:56:49.842  1062  1159 I display : Set Affinity CPU ID : 5
[2026-06-14T09:26:52.768Z] [ALL] 06-14 14:56:49.842  1062  1159 I display : Set Affinity CPU ID : 6
[2026-06-14T09:26:52.768Z] [ALL] 06-14 14:56:49.842  1062  1159 I display : Set Affinity CPU ID : 7
[2026-06-14T09:26:52.768Z] [ALL] 06-14 14:56:49.842  1062  1159 I display : Set affinity HWC : 1062
[2026-06-14T09:26:52.768Z] [ALL] 06-14 14:56:49.842  1062  1159 I display : CPU set : Cluster(0), min_clock(0)
[2026-06-14T09:26:52.768Z] [ALL] 06-14 14:56:49.842  1062  1159 I display : CPU set : Cluster(1), min_clock(0)
[2026-06-14T09:26:52.768Z] [ALL] 06-14 14:56:49.842  1062  1159 I display : CPU set : Cluster(2), min_clock(0)
[2026-06-14T09:26:52.768Z] [ALL] 06-14 14:56:49.842  1149  1280 I SurfaceFlinger: Current= 120, Period= 60, hwcPeriod= 60
[2026-06-14T09:26:52.768Z] [ALL] 06-14 14:56:49.843  1149  1149 D SurfaceFlinger: GPIS:: requestGpisForSFSluggish
[2026-06-14T09:26:52.768Z] [ALL] 06-14 14:56:49.843  1149  1149 I SurfaceFlinger: finalizeDisplayModeChange 4633128672291736000
[2026-06-14T09:26:52.864Z] [ALL] 06-14 14:56:49.938  5776  5834 I appium  : Took 1ms to retrieve 1 matches for '//*[@resource-id="login_submit_btn" or @content-desc="login_submit_btn" or @text="Login" or @text="LOGIN" or contains(@text, "Login") or contains(@text, "LOGIN") or contains(@text, "OTP") or contains(@text, "Verify") or contains(@text, "Sign Up") or contains(@text, "ధృవీకరించండి") or contains(@text, "लॉगिन") or contains(@text, "உள்நுழை")]' XPath2 query
[2026-06-14T09:26:52.868Z] [ALL] 06-14 14:56:49.940  5776  5834 I appium  : AppiumResponse: {"sessionId":"f5a9b506-d393-4b48-a69f-3151b1cdcacc","value":{"ELEMENT":"00000000-0000-010b-0000-005500000004","element-6066-11e4-a52e-4f735466cecf":"00000000-0000-010b-0000-005500000004"}}
[2026-06-14T09:26:52.895Z] [ALL] 06-14 14:56:49.964  5776  5834 I appium  : channel read: GET /session/f5a9b506-d393-4b48-a69f-3151b1cdcacc/element/00000000-0000-010b-0000-005500000004/attribute/displayed
[2026-06-14T09:26:52.898Z] [ALL] 06-14 14:56:49.964  5776  5834 I appium  : GetElementAttribute command
[2026-06-14T09:26:52.898Z] [ALL] 06-14 14:56:49.971  5776  5834 I appium  : AppiumResponse: {"sessionId":"f5a9b506-d393-4b48-a69f-3151b1cdcacc","value":"true"}
[2026-06-14T09:26:52.912Z] [ALL] 06-14 14:56:49.988  5776  5834 I appium  : channel read: POST /session/f5a9b506-d393-4b48-a69f-3151b1cdcacc/element/00000000-0000-010b-0000-005500000004/click
[2026-06-14T09:26:52.914Z] [ALL] 06-14 14:56:49.988  5776  5834 I appium  : Click command
[2026-06-14T09:26:52.920Z] [ALL] 06-14 14:56:49.995  1486  1556 D PowerManagerService: displayReady: false groupId=0
[2026-06-14T09:26:52.921Z] [ALL] 06-14 14:56:49.996  1486  1556 D DisplayPowerController[0]: animateScreenStateChange: target=ON, mIsEnabled=true
[2026-06-14T09:26:52.921Z] [ALL] 06-14 14:56:49.996  1486  1556 D DisplayPowerController[0]: putAutoBrightnessTransitionTime: transitionTime=0
[2026-06-14T09:26:52.921Z] [ALL] 06-14 14:56:49.997  1486  1556 D PowerManagerService: displayReady: true groupId=0
[2026-06-14T09:26:52.923Z] [ALL] 06-14 14:56:49.999  1149  1317 D SurfaceFlinger: setDesiredMode 4633128672291736000 {mode={fps=120.00 Hz, modePtr={id=0, vsyncRate=120.00 Hz, peakRefreshRate=120.00 Hz}}, emitEvent=false, force=false}
[2026-06-14T09:26:52.927Z] [ALL] 06-14 14:56:50.000  1149  1149 I SurfaceFlinger: com.safebank.ai/com.safebank.ai.MainActivity$_6589#104560 voted ExplicitCategory with category: HighHint
[2026-06-14T09:26:52.927Z] [ALL] 06-14 14:56:50.000  1149  1149 I SurfaceFlinger: Touch Boost [late] - choose 120.00 Hz
[2026-06-14T09:26:52.927Z] [ALL] 06-14 14:56:50.001  1149  1149 D SurfaceFlinger: initiateModeChange 4633128672291736000 {mode={fps=120.00 Hz, modePtr={id=0, vsyncRate=120.00 Hz, peakRefreshRate=120.00 Hz}}, emitEvent=false, force=false}
[2026-06-14T09:26:52.927Z] [ALL] 06-14 14:56:50.001  1149  1149 I SurfaceFlinger: [4633128672291736000] ActiveConfigToHWC, ID : 3
[2026-06-14T09:26:52.929Z] [ALL] 06-14 14:56:50.001  1062 15192 D display : setActiveConfigWithConstraints:: PrimaryDisplay config(3)
[2026-06-14T09:26:52.929Z] [ALL] 06-14 14:56:50.001  1062 15192 I display : Current VRR MODE is 3
[2026-06-14T09:26:52.929Z] [ALL] 06-14 14:56:50.001  1062 15192 I display : setActiveConfigWithConstraints:: HFR match - config: 3, base: 3, try: 1
[2026-06-14T09:26:52.929Z] [ALL] 06-14 14:56:50.001  1062 15192 I display : setActiveConfigWithConstraints::update 1080x2340@120hs
[2026-06-14T09:26:52.929Z] [ALL] 06-14 14:56:50.002  1062 15192 I display : commit modeset : 1080x2340@120hs
[2026-06-14T09:26:52.953Z] [ALL] 06-14 14:56:50.026  1062 15192 W display : deliverWinConfigData:: commit modeset time (23 ms)
[2026-06-14T09:26:52.954Z] [ALL] 06-14 14:56:50.026  1062  1159 I display : [compareVsyncPeriod] set the lowest(mode:0) vsync 83 of display(0)
[2026-06-14T09:26:52.954Z] [ALL] 06-14 14:56:50.027  1062  1159 I display : getFpsForPerformance, performance table found using table(key:120, cpu:255)
[2026-06-14T09:26:52.954Z] [ALL] 06-14 14:56:50.027  1062  1159 I display : Set m2mMPP capacity(4) for fps(120)
[2026-06-14T09:26:52.954Z] [ALL] 06-14 14:56:50.027  1062  1159 I display : getFpsForPerformance, performance table found using table(key:120, cpu:255)
[2026-06-14T09:26:52.954Z] [ALL] 06-14 14:56:50.027  1062  1159 I display : Set Affinity config for fps(120) : cpuIDs : 255
[2026-06-14T09:26:52.954Z] [ALL] 06-14 14:56:50.027  1062  1159 I display : Set Affinity CPU ID : 0
[2026-06-14T09:26:52.954Z] [ALL] 06-14 14:56:50.027  1062  1159 I display : Set Affinity CPU ID : 1
[2026-06-14T09:26:52.954Z] [ALL] 06-14 14:56:50.027  1062  1159 I display : Set Affinity CPU ID : 2
[2026-06-14T09:26:52.954Z] [ALL] 06-14 14:56:50.027  1062  1159 I display : Set Affinity CPU ID : 3
[2026-06-14T09:26:52.954Z] [ALL] 06-14 14:56:50.027  1062  1159 I display : Set Affinity CPU ID : 4
[2026-06-14T09:26:52.954Z] [ALL] 06-14 14:56:50.027  1062  1159 I display : Set Affinity CPU ID : 5
[2026-06-14T09:26:52.954Z] [ALL] 06-14 14:56:50.027  1062  1159 I display : Set Affinity CPU ID : 6
[2026-06-14T09:26:52.954Z] [ALL] 06-14 14:56:50.027  1062  1159 I display : Set Affinity CPU ID : 7
[2026-06-14T09:26:52.954Z] [ALL] 06-14 14:56:50.027  1062  1159 I display : Set affinity HWC : 1062
[2026-06-14T09:26:52.954Z] [ALL] 06-14 14:56:50.027  1062  1159 I display : CPU set : Cluster(0), min_clock(0)
[2026-06-14T09:26:52.954Z] [ALL] 06-14 14:56:50.027  1062  1159 I display : CPU set : Cluster(1), min_clock(0)
[2026-06-14T09:26:52.954Z] [ALL] 06-14 14:56:50.027  1062  1159 I display : CPU set : Cluster(2), min_clock(0)
[2026-06-14T09:26:52.954Z] [ALL] 06-14 14:56:50.027  1149  1149 I SurfaceFlinger: finalizeDisplayModeChange 4633128672291736000
[2026-06-14T09:26:52.954Z] [ALL] 06-14 14:56:50.028  1149  1280 I SurfaceFlinger: Current= 60, Period= 120, hwcPeriod= 120
[2026-06-14T09:26:52.954Z] [ALL] 06-14 14:56:50.029  1486  4349 D InputDispatcher: Inject motion (5750/2000): action=0x0, time=180024385000000, f=0x0, d=0 dsdx=1.000000 dtdx=0.000000
[2026-06-14T09:26:52.954Z] [ALL] 06-14 14:56:50.030  1486  1665 I InputDispatcher: Delivering touch to (2112): action: 0x4, f=0x0, d=0, '1dcab54', t=1 
[2026-06-14T09:26:52.956Z] [ALL] 06-14 14:56:50.030  1486  1665 I InputDispatcher: Delivering touch to (6589): action: 0x0, f=0x0, d=0, '4fa6bae', t=1 
[2026-06-14T09:26:52.960Z] [ALL] 06-14 14:56:50.031  6589  6589 I VRI[MainActivity]@99da679: ViewPostIme pointer 0
[2026-06-14T09:26:52.960Z] [ALL] 06-14 14:56:50.031  1486  1515 I GestureDetector: obtain mCurrentDownEvent. id: -281436656 caller: com.android.server.wm.SystemGesturesPointerEventListener.onPointerEvent:17 com.android.server.wm.PointerEventDispatcher.onInputEvent:51 android.view.InputEventReceiver.dispatchInputEvent:369 
[2026-06-14T09:26:52.960Z] [ALL] 06-14 14:56:50.031  1486  1665 D PowerManagerService: [api] userActivityFromNative : touch displayId=0 eventTime=180024385
[2026-06-14T09:26:52.960Z] [ALL] 06-14 14:56:50.031  1486  1515 I GestureDetector: obtain mCurrentDownEvent. id: -281436656 caller: com.android.server.wm.SystemPerformancePointerEventListener.onPointerEvent:13 com.android.server.wm.PointerEventDispatcher.onInputEvent:51 android.view.InputEventReceiver.dispatchInputEvent:369 
[2026-06-14T09:26:52.960Z] [ALL] 06-14 14:56:50.033  4132  4132 I SemDvfsHyPerManager: acquire hyper - TABoost/4132@29, type = -999
[2026-06-14T09:26:52.960Z] [ALL] 06-14 14:56:50.033  2619  2619 I HoneySpace.InputConsumerFactory: checkMultiFingerGesture: returning NO_OP - gesture disabled or blocked
[2026-06-14T09:26:52.960Z] [ALL] 06-14 14:56:50.033  2619  2619 I HoneySpace.GestureInputHandler: inputConsumers = [com.honeyspace.gesture.inputconsumer.InputConsumer$Companion$NO_OP$1@b9cdf5b]
[2026-06-14T09:26:52.960Z] [ALL] 06-14 14:56:50.034  1075  1175 I HYPER-HAL: [RequestManager.cpp]acquire(): Acquired ID : 8659070  [4132 / 29]    HINT :      list : [TABoost / 1] [TIMEOUT / 1500] 
[2026-06-14T09:26:52.960Z] [ALL] 06-14 14:56:50.034  2619  2619 I HoneySpace.InputSession: inputConsumers = NO_OP
[2026-06-14T09:26:52.960Z] [ALL] 06-14 14:56:50.035  2619  2619 I HoneySpace.InputSession: open
[2026-06-14T09:26:52.961Z] [ALL] 06-14 14:56:50.036  1486  4349 D InputDispatcher: Inject motion (5750/2000): action=0x1, time=180024424000000, f=0x0, d=0 dsdx=1.000000 dtdx=0.000000
[2026-06-14T09:26:52.963Z] [ALL] 06-14 14:56:50.037  1486  1665 I InputDispatcher: Delivering touch to (6589): action: 0x1, f=0x0, d=0, '4fa6bae', t=1 
[2026-06-14T09:26:52.963Z] [ALL] 06-14 14:56:50.037  6589  6589 I VRI[MainActivity]@99da679: ViewPostIme pointer 1
[2026-06-14T09:26:52.963Z] [ALL] 06-14 14:56:50.037  1486  1515 I GestureDetector: obtain mCurrentMotionEventRaw. action: 1 id: -536734064
[2026-06-14T09:26:52.963Z] [ALL] 06-14 14:56:50.038  1486  1515 I GestureDetector: obtain mCurrentMotionEventRaw. action: 1 id: -536734064
[2026-06-14T09:26:52.964Z] [ALL] 06-14 14:56:50.040  2619  2619 I HoneySpace.GestureInputHandler: reset
[2026-06-14T09:26:52.964Z] [ALL] 06-14 14:56:50.040  2619  2619 I HoneySpace.InputSession: close
[2026-06-14T09:26:52.972Z] [ALL] 06-14 14:56:50.048  5776  5834 W GestureController: Gestures took longer than expected (53ms >> 8ms), device might be in a busy state.
[2026-06-14T09:26:52.974Z] [ALL] 06-14 14:56:50.048  5776  5834 I appium  : Waiting up to 10000ms for the device to idle
[2026-06-14T09:26:52.977Z] [ALL] 06-14 14:56:50.051  5776  5834 I appium  : AppiumResponse: {"sessionId":"f5a9b506-d393-4b48-a69f-3151b1cdcacc","value":null}
[2026-06-14T09:26:52.995Z] [ALL] 06-14 14:56:50.071  5776  5834 I appium  : channel read: POST /session/f5a9b506-d393-4b48-a69f-3151b1cdcacc/element
[2026-06-14T09:26:52.997Z] [ALL] 06-14 14:56:50.072  5776  5834 I appium  : FindElement command
[2026-06-14T09:26:52.998Z] [ALL] 06-14 14:56:50.073  5776  5834 I appium  : method: 'xpath', selector: '//*[@resource-id="otp_input_field" or @content-desc="otp_input_field"]'
[2026-06-14T09:26:52.998Z] [ALL] 06-14 14:56:50.073  5776  5834 I appium  : Waiting up to 10000ms for the device to idle
[2026-06-14T09:26:52.999Z] [ALL] 06-14 14:56:50.075  5776  5834 I appium  : The following attributes will be included to the page source: [resource-id, content-desc]
[2026-06-14T09:26:53.126Z] [ALL] 06-14 14:56:50.197  1486  1556 D PowerManagerService: displayReady: false groupId=0
[2026-06-14T09:26:53.130Z] [ALL] 06-14 14:56:50.198  1486  1556 D DisplayPowerController[0]: animateScreenStateChange: target=ON, mIsEnabled=true
[2026-06-14T09:26:53.130Z] [ALL] 06-14 14:56:50.199  1486  1556 D DisplayPowerController[0]: putAutoBrightnessTransitionTime: transitionTime=0
[2026-06-14T09:26:53.130Z] [ALL] 06-14 14:56:50.201  1486  1556 D PowerManagerService: displayReady: true groupId=0
[2026-06-14T09:26:53.164Z] [ALL] 06-14 14:56:50.239  5776  5834 I appium  : Took 0ms to retrieve 0 matches for '//*[@resource-id="otp_input_field" or @content-desc="otp_input_field"]' XPath2 query
[2026-06-14T09:26:53.166Z] [ALL] 06-14 14:56:50.242  5776  5834 I appium  : AppiumResponse: {"sessionId":"f5a9b506-d393-4b48-a69f-3151b1cdcacc","value":{"error":"no such element","message":"An element could not be located on the page using the given search parameters","stacktrace":"io.appium.uiautomator2.common.exceptions.ElementNotFoundException: An element could not be located on the page using the given search parameters\n\tat io.appium.uiautomator2.utils.ElementLocationHelpers.findElement(ElementLocationHelpers.java:153)\n\tat io.appium.uiautomator2.handler.FindElement.safeHandle(FindElement.java:60)\n\tat io.appium.uiautomator2.handler.request.SafeRequestHandler.handle(SafeRequestHandler.java:59)\n\tat io.appium.uiautomator2.server.AppiumServlet.handleRequest(AppiumServlet.java:267)\n\tat io.appium.uiautomator2.server.AppiumServlet.handleHttpRequest(AppiumServlet.java:261)\n\tat io.appium.uiautomator2.http.ServerHandler.channelRead(ServerHandler.java:77)\n\tat io.netty.channel.AbstractChannelHandlerContext.fireChannelRead(AbstractChannelHandlerContext.java:357)\n\tat io.netty.handler.codec.MessageToMessageDecoder.channelRead(MessageToMessageDecoder.java:107)\n\tat io.netty.channel.AbstractChannelHandlerContext.fireChannelRead(AbstractChannelHandlerContext.java:357)\n\tat io.netty.channel.CombinedChannelDuplexHandler$DelegatingChannelHandlerContext.fireChannelRead(CombinedChannelDuplexHandler.java:434)\n\tat io.netty.handler.codec.ByteToMessageDecoder.fireChannelRead(ByteToMessageDecoder.java:361)\n\tat io.netty.handler.codec.ByteToMessageDecoder.channelRead(ByteToMessageDecoder.java:325)\n\tat io.netty.channel.CombinedChannelDuplexHandler.channelRead(CombinedChannelDuplexHandler.java:249)\n\tat io.netty.channel.AbstractChannelHandlerContext.fireChannelRead(AbstractChannelHandlerContext.java:355)\n\tat io.netty.handler.timeout.IdleStateHandler.channelRead(IdleStateHandler.java:288)\n\tat io.netty.channel.AbstractChannelHandlerContext.fireChannelRead(AbstractChannelHandlerContext.java:355)\n\tat io.netty.channel.DefaultChannelPipeline$HeadContext.channelRead(DefaultChannelPipeline.java:1429)\n\tat io.netty.channel.DefaultChannelPipeline.fireChannelRead(DefaultChannelPipeline.java:918)\n\tat io.netty.channel.nio.AbstractNioByteChannel$NioByteUnsafe.read(AbstractNioByteChannel.java:176)\n\tat io.netty.channel.nio.AbstractNioChannel$AbstractNioUnsafe.handle(AbstractNioChannel.java:445)\n\tat io.netty.channel.nio.NioIoHandler$DefaultNioRegistration.handle(NioIoHandler.java:388)\n\tat io.netty.channel.nio.NioIoHandler.processSelectedKey(NioIoHandler.java:596)\n\tat io.netty.channel.nio.NioIoHandler.processSelectedKeysOptimized(NioIoHandler.java:571)\n\tat io.netty.channel.nio.NioIoHandler.processSelectedKeys(NioIoHandler.java:512)\n\tat io.netty.channel.nio.NioIoHandler.run(NioIoHandler.java:484)\n\tat io.netty.channel.SingleThreadIoEventLoop.runIo(SingleThreadIoEventLoop.java:225)\n\tat io.netty.channel.SingleThreadIoEventLoop.run(SingleThreadIoEventLoop.java:196)\n\tat io.netty.util.concurrent.SingleThreadEventExecutor$5.run(SingleThreadEventExecutor.java:1195)\n\tat io.netty.util.internal.ThreadExecutorMap$2.run(ThreadExecutorMap.java:74)\n\tat io.netty.util.concurrent.FastThreadLocalRunnable.run(FastThreadLocalRunnable.java:30)\n\tat java.lang.Thread.run(Thread.java:1564)\n"}}
[2026-06-14T09:26:53.259Z] [ALL] 06-14 14:56:50.332  1486  1486 I GestureDetector: handleMessage TAP
[2026-06-14T09:26:53.262Z] [ALL] 06-14 14:56:50.332  1149  1322 D SurfaceFlinger: setDesiredMode 4633128672291736000 {mode={fps=60.00 Hz, modePtr={id=1, vsyncRate=60.00 Hz, peakRefreshRate=60.00 Hz}}, emitEvent=false, force=false}
[2026-06-14T09:26:53.262Z] [ALL] 06-14 14:56:50.335  1486  1515 I GestureDetector: handleMessage TAP
[2026-06-14T09:26:53.262Z] [ALL] 06-14 14:56:50.335  1149  1149 I SurfaceFlinger: com.safebank.ai/com.safebank.ai.MainActivity$_6589#104560 voted ExplicitCategory with category: HighHint
[2026-06-14T09:26:53.262Z] [ALL] 06-14 14:56:50.335  1149  1149 I SurfaceFlinger: IdleFps - choose 60.00 Hz
[2026-06-14T09:26:53.262Z] [ALL] 06-14 14:56:50.336  1149  1149 D SurfaceFlinger: initiateModeChange 4633128672291736000 {mode={fps=60.00 Hz, modePtr={id=1, vsyncRate=60.00 Hz, peakRefreshRate=60.00 Hz}}, emitEvent=false, force=false}
[2026-06-14T09:26:53.262Z] [ALL] 06-14 14:56:50.336  1149  1149 I SurfaceFlinger: [4633128672291736000] ActiveConfigToHWC, ID : 4
[2026-06-14T09:26:53.265Z] [ALL] 06-14 14:56:50.337  1149  1280 I SurfaceFlinger: Current= 120, Period= 60, hwcPeriod= 120
[2026-06-14T09:26:53.265Z] [ALL] 06-14 14:56:50.338  1062 15192 D display : setActiveConfigWithConstraints:: PrimaryDisplay config(4)
[2026-06-14T09:26:53.265Z] [ALL] 06-14 14:56:50.338  1062 15192 I display : Current VRR MODE is 3
[2026-06-14T09:26:53.265Z] [ALL] 06-14 14:56:50.338  1062 15192 I display : setActiveConfigWithConstraints:: HFR match - config: 5, base: 4, try: 0
[2026-06-14T09:26:53.265Z] [ALL] 06-14 14:56:50.338  1062 15192 I display : setActiveConfigWithConstraints::update 1080x2340@60phs
[2026-06-14T09:26:53.265Z] [ALL] 06-14 14:56:50.338  1062 15192 I display : commit modeset : 1080x2340@60phs
[2026-06-14T09:26:53.278Z] [ALL] 06-14 14:56:50.350  1062 15192 W display : deliverWinConfigData:: commit modeset time (12 ms)
[2026-06-14T09:26:53.279Z] [ALL] 06-14 14:56:50.352  1062  1159 I display : [compareVsyncPeriod] set the lowest(mode:0) vsync 166 of display(0)
[2026-06-14T09:26:53.279Z] [ALL] 06-14 14:56:50.352  1062  1159 I display : getFpsForPerformance, performance table found using table(key:60, cpu:255)
[2026-06-14T09:26:53.279Z] [ALL] 06-14 14:56:50.352  1062  1159 I display : Set m2mMPP capacity(8) for fps(60)
[2026-06-14T09:26:53.279Z] [ALL] 06-14 14:56:50.352  1062  1159 I display : getFpsForPerformance, performance table found using table(key:60, cpu:255)
[2026-06-14T09:26:53.279Z] [ALL] 06-14 14:56:50.352  1062  1159 I display : Set Affinity config for fps(60) : cpuIDs : 255
[2026-06-14T09:26:53.279Z] [ALL] 06-14 14:56:50.352  1062  1159 I display : Set Affinity CPU ID : 0
[2026-06-14T09:26:53.279Z] [ALL] 06-14 14:56:50.352  1062  1159 I display : Set Affinity CPU ID : 1
[2026-06-14T09:26:53.280Z] [ALL] 06-14 14:56:50.352  1062  1159 I display : Set Affinity CPU ID : 2
[2026-06-14T09:26:53.280Z] [ALL] 06-14 14:56:50.352  1062  1159 I display : Set Affinity CPU ID : 3
[2026-06-14T09:26:53.280Z] [ALL] 06-14 14:56:50.352  1062  1159 I display : Set Affinity CPU ID : 4
[2026-06-14T09:26:53.280Z] [ALL] 06-14 14:56:50.352  1062  1159 I display : Set Affinity CPU ID : 5
[2026-06-14T09:26:53.280Z] [ALL] 06-14 14:56:50.352  1062  1159 I display : Set Affinity CPU ID : 6
[2026-06-14T09:26:53.280Z] [ALL] 06-14 14:56:50.352  1062  1159 I display : Set Affinity CPU ID : 7
[2026-06-14T09:26:53.280Z] [ALL] 06-14 14:56:50.352  1062  1159 I display : Set affinity HWC : 1062
[2026-06-14T09:26:53.280Z] [ALL] 06-14 14:56:50.352  1062  1159 I display : CPU set : Cluster(0), min_clock(0)
[2026-06-14T09:26:53.280Z] [ALL] 06-14 14:56:50.352  1062  1159 I display : CPU set : Cluster(1), min_clock(0)
[2026-06-14T09:26:53.280Z] [ALL] 06-14 14:56:50.352  1149  1149 I SurfaceFlinger: finalizeDisplayModeChange 4633128672291736000
[2026-06-14T09:26:53.280Z] [ALL] 06-14 14:56:50.352  1062  1159 I display : CPU set : Cluster(2), min_clock(0)
[2026-06-14T09:26:53.280Z] [ALL] 06-14 14:56:50.352  1149  1280 I SurfaceFlinger: Current= 120, Period= 60, hwcPeriod= 60
[2026-06-14T09:26:53.328Z] [ALL] 06-14 14:56:50.399  1486  1556 D PowerManagerService: displayReady: false groupId=0
[2026-06-14T09:26:53.328Z] [ALL] 06-14 14:56:50.399  1486  1556 D DisplayPowerController[0]: animateScreenStateChange: target=ON, mIsEnabled=true
[2026-06-14T09:26:53.331Z] [ALL] 06-14 14:56:50.401  1486  1556 D DisplayPowerController[0]: putAutoBrightnessTransitionTime: transitionTime=0
[2026-06-14T09:26:53.331Z] [ALL] 06-14 14:56:50.404  1486  1556 D PowerManagerService: displayReady: true groupId=0
[2026-06-14T09:26:53.392Z] [ALL] 06-14 14:56:50.459  2059  3664 D IpClient/wlan0: addressUpdated: 2401:4900:1f2c:629c:b840:ebff:fe48:392b/64 on ifindex 32 flags 0x00000100 scope 0
[2026-06-14T09:26:53.392Z] [ALL] 06-14 14:56:50.459  2059  3664 D IpClient/wlan0: addressUpdated: 2401:4900:1f2c:629c:6f28:faee:7067:99d3/64 on ifindex 32 flags 0x00000001 scope 0
[2026-06-14T09:26:53.392Z] [ALL] 06-14 14:56:50.460  2059  3664 W AlarmManager: Unrecognized alarm listener com.android.networkstack.android.net.ip.IpClientLinkObserver$Dhcp6PdPreferredPrefixAlarmListener@58df1fa
[2026-06-14T09:26:53.392Z] [ALL] 06-14 14:56:50.461  2059  3664 D ApfFilter: (wlan0): Adding RA fe80::1633:75ff:fe79:cc4 -> ff02::1 180s 2401:4900:1f2c:629c::/64 52358s/52358s DNS 40s 2401:4900:50:9::7c9 2401:4900:50:9::280 RIO 180s 2401:4900:1f2c:629c::/64 
[2026-06-14T09:26:53.399Z] [ALL] 06-14 14:56:50.474  2072  2072 I EPDG-0 [NetInterfaceEventObserver]: sendInternalMessage, not mobile, ignore
[2026-06-14T09:26:53.399Z] [ALL] 06-14 14:56:50.474  2072  2072 I EPDG-0 [NetInterfaceEventObserver]: sendInternalMessage, not mobile, ignore
[2026-06-14T09:26:53.402Z] [ALL] 06-14 14:56:50.475  2072  2791 I EPDG-0 [SmManager]: onNetInterfaceAddressUpdated, addr=xxxx.. , len=39 iface=wlan0 fqdnRetryCount=0
[2026-06-14T09:26:53.402Z] [ALL] 06-14 14:56:50.475  2072  2791 I EPDG-0 [SmManager]: onNetInterfaceAddressUpdated, addr=xxxx.. , len=39 iface=wlan0 fqdnRetryCount=0
[2026-06-14T09:26:53.530Z] [ALL] 06-14 14:56:50.599  1486  1556 D PowerManagerService: displayReady: false groupId=0
[2026-06-14T09:26:53.532Z] [ALL] 06-14 14:56:50.600  1486  1556 D DisplayPowerController[0]: animateScreenStateChange: target=ON, mIsEnabled=true
[2026-06-14T09:26:53.532Z] [ALL] 06-14 14:56:50.600  1486  1556 D DisplayPowerController[0]: putAutoBrightnessTransitionTime: transitionTime=0
[2026-06-14T09:26:53.532Z] [ALL] 06-14 14:56:50.601  1486  1556 D PowerManagerService: displayReady: true groupId=0
[2026-06-14T09:26:53.644Z] [ALL] 06-14 14:56:50.712  1486  1729 D WifiStaIfaceHidlImpl: getCachedScanData is not implemented by HIDL
[2026-06-14T09:26:53.648Z] [ALL] 06-14 14:56:50.721  1486  1830 I SemWifiLinkQualityMonitor: Link stat: 1508 / 636 / 1.88 (30) / 78 / -51.0 || 100.0 : 78.00 / B (B) || 75790cca2437: 0.579 / 13.825 / N / V || N N / 0 0 / N 2.0 / N -1 0.000 0.000 / N / X 0 / 180025106 0 0 || 2026-06-14 14:56:50  / 0: 0 0 0 0 0 0 / 0: 0 0 0 0 0 0 / 0: 0 0 0 0 0 0
[2026-06-14T09:26:53.652Z] [ALL] 06-14 14:56:50.724  1486  1858 D SemWifiEleStateTracker: Pressure Diff: -0.0014038086
[2026-06-14T09:26:53.652Z] [ALL] 06-14 14:56:50.724  1486  1858 D SemWifiEleStateTracker: Barometer value: Prev 998.09686 Current 998.09546 mSmallBaroDetected : false
[2026-06-14T09:26:53.655Z] [ALL] 06-14 14:56:50.725  1486  3494 D SemWifiUsabilityStatsMonitor: onWifiUsabilityStats - seqNum 22740, isSameBssidAndFreq true
[2026-06-14T09:26:53.655Z] [ALL] 06-14 14:56:50.728  2072  2072 I EPDG-0 [WifiProfiler]: handleWifiRssiIntent, rssi=-51
[2026-06-14T09:26:53.655Z] [ALL] 06-14 14:56:50.728  2072  2072 I EPDG-0 [WifiProfiler]: isProfiling, hash=189204772, started=true
[2026-06-14T09:26:53.660Z] [ALL] 06-14 14:56:50.731  2072  2072 I EPDG-0 [LogMetrics]: set, type=WIFI_RSSI_LAST, value=-51
[2026-06-14T09:26:53.660Z] [ALL] 06-14 14:56:50.731  2072  2072 I EPDG-0 [WifiProfiler]: isProfiling, hash=189204772, started=true
[2026-06-14T09:26:53.663Z] [ALL] 06-14 14:56:50.733  2072  2072 I EPDG-0 [WifiProfiler]: Rssi : -51 highrange : -75 lowrange : -85 mIsRssiInHystersis : false
[2026-06-14T09:26:53.663Z] [ALL] 06-14 14:56:50.733  2072  2072 I EPDG-0 [WifiProfiler]: Rssi : -51 highrange : -75 lowrange : -85 mIsRssiInHystersis : false
[2026-06-14T09:26:53.663Z] [ALL] 06-14 14:56:50.734  2072  2072 I EPDG-0 [Subscription]: isEpdgAvailable, IwlanPsState=2/2
[2026-06-14T09:26:53.663Z] [ALL] 06-14 14:56:50.734  2072  2072 I EPDG-0 [WifiProfiler]: getHandoverThresholdMet: value is: false
[2026-06-14T09:26:53.690Z] [ALL] 06-14 14:56:50.764  1486  1828 I SemWifiServiceDetector: Service det. resumed: T / T / 19967
[2026-06-14T09:26:53.698Z] [ALL] 06-14 14:56:50.774  5776  5834 I appium  : channel read: POST /session/f5a9b506-d393-4b48-a69f-3151b1cdcacc/element
[2026-06-14T09:26:53.700Z] [ALL] 06-14 14:56:50.774  5776  5834 I appium  : FindElement command
[2026-06-14T09:26:53.701Z] [ALL] 06-14 14:56:50.776  5776  5834 I appium  : method: 'xpath', selector: '//*[@resource-id="otp_input_field" or @content-desc="otp_input_field"]'
[2026-06-14T09:26:53.701Z] [ALL] 06-14 14:56:50.776  5776  5834 I appium  : Waiting up to 10000ms for the device to idle
[2026-06-14T09:26:53.703Z] [ALL] 06-14 14:56:50.777  5776  5834 I appium  : The following attributes will be included to the page source: [resource-id, content-desc]
[2026-06-14T09:26:53.707Z] [ALL] 06-14 14:56:50.783  5776  5789 I tomator2.server: Method exceeds compiler instruction limit: 19260 in java_cup.runtime.Symbol org.eclipse.wst.xml.xpath2.processor.internal.CUP$XPathCup$actions.CUP$XPathCup$do_action(int, java_cup.runtime.lr_parser, java.util.Stack, int)
[2026-06-14T09:26:53.728Z] [ALL] 06-14 14:56:50.800  1486  1556 D PowerManagerService: displayReady: false groupId=0
[2026-06-14T09:26:53.731Z] [ALL] 06-14 14:56:50.801  1486  1556 D DisplayPowerController[0]: animateScreenStateChange: target=ON, mIsEnabled=true
[2026-06-14T09:26:53.731Z] [ALL] 06-14 14:56:50.801  1486  1556 D DisplayPowerController[0]: putAutoBrightnessTransitionTime: transitionTime=0
[2026-06-14T09:26:53.731Z] [ALL] 06-14 14:56:50.802  1486  1556 D PowerManagerService: displayReady: true groupId=0
[2026-06-14T09:26:53.808Z] [ALL] 06-14 14:56:50.882  5776  5834 I appium  : Took 0ms to retrieve 0 matches for '//*[@resource-id="otp_input_field" or @content-desc="otp_input_field"]' XPath2 query
[2026-06-14T09:26:53.814Z] [ALL] 06-14 14:56:50.883  5776  5834 I appium  : AppiumResponse: {"sessionId":"f5a9b506-d393-4b48-a69f-3151b1cdcacc","value":{"error":"no such element","message":"An element could not be located on the page using the given search parameters","stacktrace":"io.appium.uiautomator2.common.exceptions.ElementNotFoundException: An element could not be located on the page using the given search parameters\n\tat io.appium.uiautomator2.utils.ElementLocationHelpers.findElement(ElementLocationHelpers.java:153)\n\tat io.appium.uiautomator2.handler.FindElement.safeHandle(FindElement.java:60)\n\tat io.appium.uiautomator2.handler.request.SafeRequestHandler.handle(SafeRequestHandler.java:59)\n\tat io.appium.uiautomator2.server.AppiumServlet.handleRequest(AppiumServlet.java:267)\n\tat io.appium.uiautomator2.server.AppiumServlet.handleHttpRequest(AppiumServlet.java:261)\n\tat io.appium.uiautomator2.http.ServerHandler.channelRead(ServerHandler.java:77)\n\tat io.netty.channel.AbstractChannelHandlerContext.fireChannelRead(AbstractChannelHandlerContext.java:357)\n\tat io.netty.handler.codec.MessageToMessageDecoder.channelRead(MessageToMessageDecoder.java:107)\n\tat io.netty.channel.AbstractChannelHandlerContext.fireChannelRead(AbstractChannelHandlerContext.java:357)\n\tat io.netty.channel.CombinedChannelDuplexHandler$DelegatingChannelHandlerContext.fireChannelRead(CombinedChannelDuplexHandler.java:434)\n\tat io.netty.handler.codec.ByteToMessageDecoder.fireChannelRead(ByteToMessageDecoder.java:361)\n\tat io.netty.handler.codec.ByteToMessageDecoder.channelRead(ByteToMessageDecoder.java:325)\n\tat io.netty.channel.CombinedChannelDuplexHandler.channelRead(CombinedChannelDuplexHandler.java:249)\n\tat io.netty.channel.AbstractChannelHandlerContext.fireChannelRead(AbstractChannelHandlerContext.java:355)\n\tat io.netty.handler.timeout.IdleStateHandler.channelRead(IdleStateHandler.java:288)\n\tat io.netty.channel.AbstractChannelHandlerContext.fireChannelRead(AbstractChannelHandlerContext.java:355)\n\tat io.netty.channel.DefaultChannelPipeline$HeadContext.channelRead(DefaultChannelPipeline.java:1429)\n\tat io.netty.channel.DefaultChannelPipeline.fireChannelRead(DefaultChannelPipeline.java:918)\n\tat io.netty.channel.nio.AbstractNioByteChannel$NioByteUnsafe.read(AbstractNioByteChannel.java:176)\n\tat io.netty.channel.nio.AbstractNioChannel$AbstractNioUnsafe.handle(AbstractNioChannel.java:445)\n\tat io.netty.channel.nio.NioIoHandler$DefaultNioRegistration.handle(NioIoHandler.java:388)\n\tat io.netty.channel.nio.NioIoHandler.processSelectedKey(NioIoHandler.java:596)\n\tat io.netty.channel.nio.NioIoHandler.processSelectedKeysOptimized(NioIoHandler.java:571)\n\tat io.netty.channel.nio.NioIoHandler.processSelectedKeys(NioIoHandler.java:512)\n\tat io.netty.channel.nio.NioIoHandler.run(NioIoHandler.java:484)\n\tat io.netty.channel.SingleThreadIoEventLoop.runIo(SingleThreadIoEventLoop.java:225)\n\tat io.netty.channel.SingleThreadIoEventLoop.run(SingleThreadIoEventLoop.java:196)\n\tat io.netty.util.concurrent.SingleThreadEventExecutor$5.run(SingleThreadEventExecutor.java:1195)\n\tat io.netty.util.internal.ThreadExecutorMap$2.run(ThreadExecutorMap.java:74)\n\tat io.netty.util.concurrent.FastThreadLocalRunnable.run(FastThreadLocalRunnable.java:30)\n\tat java.lang.Thread.run(Thread.java:1564)\n"}}
[2026-06-14T09:26:53.883Z] [ALL] 06-14 14:56:50.955  2228  3094 I TUIThread: epol_call: EPOLL_SKIP
[2026-06-14T09:26:53.920Z] [ALL] 06-14 14:56:50.993   747   747 D io_stats: !@   8,0 r 79569991 1569784217 w 12655827 207307536 d 4206646 258477248 f 0 1104889 iot 28643412 0 th 0 0 0 pt 0 inp 0 0 180025.382
[2026-06-14T09:26:53.924Z] [ALL] 06-14 14:56:50.996   747   747 D io_stats: !@ Read_top(KB): putmethod.latin(3937) 2592 location.nsflp2(3066) 236 loop28(922) 48
[2026-06-14T09:26:53.924Z] [ALL] 06-14 14:56:50.996   747   747 D io_stats: !@ Write_top(KB): kworker/u16:2(15734) 1552 f2fs_ckpt-254:5(789) 252
[2026-06-14T09:26:53.929Z] [ALL] 06-14 14:56:51.002  1486  1556 D PowerManagerService: displayReady: false groupId=0
[2026-06-14T09:26:53.932Z] [ALL] 06-14 14:56:51.004  1486  1556 D DisplayPowerController[0]: animateScreenStateChange: target=ON, mIsEnabled=true
[2026-06-14T09:26:53.932Z] [ALL] 06-14 14:56:51.005  1486  1556 D DisplayPowerController[0]: putAutoBrightnessTransitionTime: transitionTime=0
[2026-06-14T09:26:53.932Z] [ALL] 06-14 14:56:51.006  1486  1556 D PowerManagerService: displayReady: true groupId=0
[2026-06-14T09:26:53.967Z] [ALL] 06-14 14:56:51.041  1486  1651 D ActivityManager: freezing 6782 com.sec.android.app.soundalive
[2026-06-14T09:26:53.978Z] [ALL] 06-14 14:56:51.051  1486  1741 D InetDiagMessage: Destroyed 0 sockets, proto=IPPROTO_TCP, family=AF_INET, states=14
[2026-06-14T09:26:53.983Z] [ALL] 06-14 14:56:51.057  1486  1741 D InetDiagMessage: Destroyed 0 sockets, proto=IPPROTO_TCP, family=AF_INET6, states=14
[2026-06-14T09:26:53.984Z] [ALL] 06-14 14:56:51.057  1486  1741 D InetDiagMessage: Destroyed live tcp sockets for uids={10144} in 8ms
[2026-06-14T09:26:54.113Z] [ALL] 06-14 14:56:51.187  1486  3107 I NSLocationMonitor: getGPSUsingApps() called
[2026-06-14T09:26:54.117Z] [ALL] 06-14 14:56:51.189  3066  3089 I NSLocationManager_FLP: getGPSUsingApps, No change
[2026-06-14T09:26:54.130Z] [ALL] 06-14 14:56:51.204  1486  1556 D PowerManagerService: displayReady: false groupId=0
[2026-06-14T09:26:54.132Z] [ALL] 06-14 14:56:51.205  1486  1556 D DisplayPowerController[0]: animateScreenStateChange: target=ON, mIsEnabled=true
[2026-06-14T09:26:54.132Z] [ALL] 06-14 14:56:51.207  1486  1556 D DisplayPowerController[0]: putAutoBrightnessTransitionTime: transitionTime=0
[2026-06-14T09:26:54.136Z] [ALL] 06-14 14:56:51.211  1486  1556 D PowerManagerService: displayReady: true groupId=0
[2026-06-14T09:26:54.140Z] [ALL] 06-14 14:56:51.214  1486  3107 D FreecessHandler: skipping freeze com.truecaller(10274) result : 2
[2026-06-14T09:26:54.332Z] [ALL] 06-14 14:56:51.405  1486  1556 D PowerManagerService: displayReady: false groupId=0
[2026-06-14T09:26:54.334Z] [ALL] 06-14 14:56:51.407  1486  1556 D DisplayPowerController[0]: animateScreenStateChange: target=ON, mIsEnabled=true
[2026-06-14T09:26:54.334Z] [ALL] 06-14 14:56:51.407  1486  1556 D DisplayPowerController[0]: putAutoBrightnessTransitionTime: transitionTime=0
[2026-06-14T09:26:54.334Z] [ALL] 06-14 14:56:51.408  1486  1556 D PowerManagerService: displayReady: true groupId=0
[2026-06-14T09:26:54.347Z] [ALL] 06-14 14:56:51.417  5776  5834 I appium  : channel read: POST /session/f5a9b506-d393-4b48-a69f-3151b1cdcacc/element
[2026-06-14T09:26:54.348Z] [ALL] 06-14 14:56:51.417  3653  3653 I wpa_supplicant: Heartbeat 5772
[2026-06-14T09:26:54.348Z] [ALL] 06-14 14:56:51.418  5776  5834 I appium  : FindElement command
[2026-06-14T09:26:54.348Z] [ALL] 06-14 14:56:51.419  5776  5834 I appium  : method: 'xpath', selector: '//*[@resource-id="otp_input_field" or @content-desc="otp_input_field"]'
[2026-06-14T09:26:54.348Z] [ALL] 06-14 14:56:51.419  5776  5834 I appium  : Waiting up to 10000ms for the device to idle
[2026-06-14T09:26:54.348Z] [ALL] 06-14 14:56:51.421  5776  5834 I appium  : The following attributes will be included to the page source: [resource-id, content-desc]
[2026-06-14T09:26:54.387Z] [ALL] 06-14 14:56:51.454  4132  4132 I SDHMS:LOAD: type: LoadsFreqs, value: 28:4:0:691200:2112000:576000:856319:2208000:576000:30:303:0
[2026-06-14T09:26:54.462Z] [ALL] 06-14 14:56:51.536  1075  7118 I HYPER-HAL: [RequestManager.cpp]releaseLocked(): Released ID : 8659070
[2026-06-14T09:26:54.465Z] [ALL] 06-14 14:56:51.539  1486  2683 I ActivityManager: Changes in 10470 11 to 19, 384 to 0
[2026-06-14T09:26:54.470Z] [ALL] 06-14 14:56:51.541  1149  1280 I SurfaceFlinger: Current= 60, Period= 60, hwcPeriod= 60
[2026-06-14T09:26:54.473Z] [ALL] 06-14 14:56:51.545  1486  1526 I ActivityManager: Changes in 10470 19 to 11, 0 to 384
[2026-06-14T09:26:54.532Z] [ALL] 06-14 14:56:51.607  1486  1556 D PowerManagerService: displayReady: false groupId=0
[2026-06-14T09:26:54.533Z] [ALL] 06-14 14:56:51.607  1486  1556 D DisplayPowerController[0]: animateScreenStateChange: target=ON, mIsEnabled=true
[2026-06-14T09:26:54.533Z] [ALL] 06-14 14:56:51.608  1486  1556 D DisplayPowerController[0]: putAutoBrightnessTransitionTime: transitionTime=0
[2026-06-14T09:26:54.533Z] [ALL] 06-14 14:56:51.609  1486  1556 D PowerManagerService: displayReady: true groupId=0
[2026-06-14T09:26:54.565Z] [ALL] 06-14 14:56:51.639  5776  5834 I appium  : Took 0ms to retrieve 0 matches for '//*[@resource-id="otp_input_field" or @content-desc="otp_input_field"]' XPath2 query
[2026-06-14T09:26:54.569Z] [ALL] 06-14 14:56:51.640  5776  5834 I appium  : AppiumResponse: {"sessionId":"f5a9b506-d393-4b48-a69f-3151b1cdcacc","value":{"error":"no such element","message":"An element could not be located on the page using the given search parameters","stacktrace":"io.appium.uiautomator2.common.exceptions.ElementNotFoundException: An element could not be located on the page using the given search parameters\n\tat io.appium.uiautomator2.utils.ElementLocationHelpers.findElement(ElementLocationHelpers.java:153)\n\tat io.appium.uiautomator2.handler.FindElement.safeHandle(FindElement.java:60)\n\tat io.appium.uiautomator2.handler.request.SafeRequestHandler.handle(SafeRequestHandler.java:59)\n\tat io.appium.uiautomator2.server.AppiumServlet.handleRequest(AppiumServlet.java:267)\n\tat io.appium.uiautomator2.server.AppiumServlet.handleHttpRequest(AppiumServlet.java:261)\n\tat io.appium.uiautomator2.http.ServerHandler.channelRead(ServerHandler.java:77)\n\tat io.netty.channel.AbstractChannelHandlerContext.fireChannelRead(AbstractChannelHandlerContext.java:357)\n\tat io.netty.handler.codec.MessageToMessageDecoder.channelRead(MessageToMessageDecoder.java:107)\n\tat io.netty.channel.AbstractChannelHandlerContext.fireChannelRead(AbstractChannelHandlerContext.java:357)\n\tat io.netty.channel.CombinedChannelDuplexHandler$DelegatingChannelHandlerContext.fireChannelRead(CombinedChannelDuplexHandler.java:434)\n\tat io.netty.handler.codec.ByteToMessageDecoder.fireChannelRead(ByteToMessageDecoder.java:361)\n\tat io.netty.handler.codec.ByteToMessageDecoder.channelRead(ByteToMessageDecoder.java:325)\n\tat io.netty.channel.CombinedChannelDuplexHandler.channelRead(CombinedChannelDuplexHandler.java:249)\n\tat io.netty.channel.AbstractChannelHandlerContext.fireChannelRead(AbstractChannelHandlerContext.java:355)\n\tat io.netty.handler.timeout.IdleStateHandler.channelRead(IdleStateHandler.java:288)\n\tat io.netty.channel.AbstractChannelHandlerContext.fireChannelRead(AbstractChannelHandlerContext.java:355)\n\tat io.netty.channel.DefaultChannelPipeline$HeadContext.channelRead(DefaultChannelPipeline.java:1429)\n\tat io.netty.channel.DefaultChannelPipeline.fireChannelRead(DefaultChannelPipeline.java:918)\n\tat io.netty.channel.nio.AbstractNioByteChannel$NioByteUnsafe.read(AbstractNioByteChannel.java:176)\n\tat io.netty.channel.nio.AbstractNioChannel$AbstractNioUnsafe.handle(AbstractNioChannel.java:445)\n\tat io.netty.channel.nio.NioIoHandler$DefaultNioRegistration.handle(NioIoHandler.java:388)\n\tat io.netty.channel.nio.NioIoHandler.processSelectedKey(NioIoHandler.java:596)\n\tat io.netty.channel.nio.NioIoHandler.processSelectedKeysOptimized(NioIoHandler.java:571)\n\tat io.netty.channel.nio.NioIoHandler.processSelectedKeys(NioIoHandler.java:512)\n\tat io.netty.channel.nio.NioIoHandler.run(NioIoHandler.java:484)\n\tat io.netty.channel.SingleThreadIoEventLoop.runIo(SingleThreadIoEventLoop.java:225)\n\tat io.netty.channel.SingleThreadIoEventLoop.run(SingleThreadIoEventLoop.java:196)\n\tat io.netty.util.concurrent.SingleThreadEventExecutor$5.run(SingleThreadEventExecutor.java:1195)\n\tat io.netty.util.internal.ThreadExecutorMap$2.run(ThreadExecutorMap.java:74)\n\tat io.netty.util.concurrent.FastThreadLocalRunnable.run(FastThreadLocalRunnable.java:30)\n\tat java.lang.Thread.run(Thread.java:1564)\n"}}
[2026-06-14T09:26:54.737Z] [ALL] 06-14 14:56:51.810  1486  1556 D PowerManagerService: displayReady: false groupId=0
[2026-06-14T09:26:54.737Z] [ALL] 06-14 14:56:51.811  1486  1556 D DisplayPowerController[0]: animateScreenStateChange: target=ON, mIsEnabled=true
[2026-06-14T09:26:54.739Z] [ALL] 06-14 14:56:51.812  1486  1556 D DisplayPowerController[0]: putAutoBrightnessTransitionTime: transitionTime=0
[2026-06-14T09:26:54.745Z] [ALL] 06-14 14:56:51.816  1486  1556 D PowerManagerService: displayReady: true groupId=0
[2026-06-14T09:26:54.938Z] [ALL] 06-14 14:56:52.012  1486  1556 D PowerManagerService: displayReady: false groupId=0
[2026-06-14T09:26:54.943Z] [ALL] 06-14 14:56:52.013  1486  1556 D DisplayPowerController[0]: animateScreenStateChange: target=ON, mIsEnabled=true
[2026-06-14T09:26:54.943Z] [ALL] 06-14 14:56:52.014  1486  1556 D DisplayPowerController[0]: putAutoBrightnessTransitionTime: transitionTime=0
[2026-06-14T09:26:54.943Z] [ALL] 06-14 14:56:52.016  1486  1556 D PowerManagerService: displayReady: true groupId=0
[2026-06-14T09:26:55.091Z] [ALL] 06-14 14:56:52.166  5776  5834 I appium  : channel read: POST /session/f5a9b506-d393-4b48-a69f-3151b1cdcacc/element
[2026-06-14T09:26:55.095Z] [ALL] 06-14 14:56:52.166  5776  5834 I appium  : FindElement command
[2026-06-14T09:26:55.095Z] [ALL] 06-14 14:56:52.168  5776  5834 I appium  : method: 'xpath', selector: '//*[@resource-id="otp_input_field" or @content-desc="otp_input_field"]'
[2026-06-14T09:26:55.095Z] [ALL] 06-14 14:56:52.168  5776  5834 I appium  : Waiting up to 10000ms for the device to idle
[2026-06-14T09:26:55.097Z] [ALL] 06-14 14:56:52.171  5776  5834 I appium  : The following attributes will be included to the page source: [resource-id, content-desc]
[2026-06-14T09:26:55.144Z] [ALL] 06-14 14:56:52.215  1486  1556 D PowerManagerService: displayReady: false groupId=0
[2026-06-14T09:26:55.148Z] [ALL] 06-14 14:56:52.219  1486  1556 D DisplayPowerController[0]: animateScreenStateChange: target=ON, mIsEnabled=true
[2026-06-14T09:26:55.148Z] [ALL] 06-14 14:56:52.219  1486  1556 D DisplayPowerController[0]: putAutoBrightnessTransitionTime: transitionTime=0
[2026-06-14T09:26:55.152Z] [ALL] 06-14 14:56:52.221  1486  1556 D PowerManagerService: displayReady: true groupId=0
[2026-06-14T09:26:55.345Z] [ALL] 06-14 14:56:52.418  1486  1556 D PowerManagerService: displayReady: false groupId=0
[2026-06-14T09:26:55.348Z] [ALL] 06-14 14:56:52.419  1486  1556 D DisplayPowerController[0]: animateScreenStateChange: target=ON, mIsEnabled=true
[2026-06-14T09:26:55.352Z] [ALL] 06-14 14:56:52.420  1486  1556 D DisplayPowerController[0]: putAutoBrightnessTransitionTime: transitionTime=0
[2026-06-14T09:26:55.352Z] [ALL] 06-14 14:56:52.422  1486  1556 D PowerManagerService: displayReady: true groupId=0
[2026-06-14T09:26:55.388Z] [ALL] 06-14 14:56:52.461  5776  5834 I appium  : Took 0ms to retrieve 0 matches for '//*[@resource-id="otp_input_field" or @content-desc="otp_input_field"]' XPath2 query
[2026-06-14T09:26:55.391Z] [ALL] 06-14 14:56:52.463  5776  5834 I appium  : AppiumResponse: {"sessionId":"f5a9b506-d393-4b48-a69f-3151b1cdcacc","value":{"error":"no such element","message":"An element could not be located on the page using the given search parameters","stacktrace":"io.appium.uiautomator2.common.exceptions.ElementNotFoundException: An element could not be located on the page using the given search parameters\n\tat io.appium.uiautomator2.utils.ElementLocationHelpers.findElement(ElementLocationHelpers.java:153)\n\tat io.appium.uiautomator2.handler.FindElement.safeHandle(FindElement.java:60)\n\tat io.appium.uiautomator2.handler.request.SafeRequestHandler.handle(SafeRequestHandler.java:59)\n\tat io.appium.uiautomator2.server.AppiumServlet.handleRequest(AppiumServlet.java:267)\n\tat io.appium.uiautomator2.server.AppiumServlet.handleHttpRequest(AppiumServlet.java:261)\n\tat io.appium.uiautomator2.http.ServerHandler.channelRead(ServerHandler.java:77)\n\tat io.netty.channel.AbstractChannelHandlerContext.fireChannelRead(AbstractChannelHandlerContext.java:357)\n\tat io.netty.handler.codec.MessageToMessageDecoder.channelRead(MessageToMessageDecoder.java:107)\n\tat io.netty.channel.AbstractChannelHandlerContext.fireChannelRead(AbstractChannelHandlerContext.java:357)\n\tat io.netty.channel.CombinedChannelDuplexHandler$DelegatingChannelHandlerContext.fireChannelRead(CombinedChannelDuplexHandler.java:434)\n\tat io.netty.handler.codec.ByteToMessageDecoder.fireChannelRead(ByteToMessageDecoder.java:361)\n\tat io.netty.handler.codec.ByteToMessageDecoder.channelRead(ByteToMessageDecoder.java:325)\n\tat io.netty.channel.CombinedChannelDuplexHandler.channelRead(CombinedChannelDuplexHandler.java:249)\n\tat io.netty.channel.AbstractChannelHandlerContext.fireChannelRead(AbstractChannelHandlerContext.java:355)\n\tat io.netty.handler.timeout.IdleStateHandler.channelRead(IdleStateHandler.java:288)\n\tat io.netty.channel.AbstractChannelHandlerContext.fireChannelRead(AbstractChannelHandlerContext.java:355)\n\tat io.netty.channel.DefaultChannelPipeline$HeadContext.channelRead(DefaultChannelPipeline.java:1429)\n\tat io.netty.channel.DefaultChannelPipeline.fireChannelRead(DefaultChannelPipeline.java:918)\n\tat io.netty.channel.nio.AbstractNioByteChannel$NioByteUnsafe.read(AbstractNioByteChannel.java:176)\n\tat io.netty.channel.nio.AbstractNioChannel$AbstractNioUnsafe.handle(AbstractNioChannel.java:445)\n\tat io.netty.channel.nio.NioIoHandler$DefaultNioRegistration.handle(NioIoHandler.java:388)\n\tat io.netty.channel.nio.NioIoHandler.processSelectedKey(NioIoHandler.java:596)\n\tat io.netty.channel.nio.NioIoHandler.processSelectedKeysOptimized(NioIoHandler.java:571)\n\tat io.netty.channel.nio.NioIoHandler.processSelectedKeys(NioIoHandler.java:512)\n\tat io.netty.channel.nio.NioIoHandler.run(NioIoHandler.java:484)\n\tat io.netty.channel.SingleThreadIoEventLoop.runIo(SingleThreadIoEventLoop.java:225)\n\tat io.netty.channel.SingleThreadIoEventLoop.run(SingleThreadIoEventLoop.java:196)\n\tat io.netty.util.concurrent.SingleThreadEventExecutor$5.run(SingleThreadEventExecutor.java:1195)\n\tat io.netty.util.internal.ThreadExecutorMap$2.run(ThreadExecutorMap.java:74)\n\tat io.netty.util.concurrent.FastThreadLocalRunnable.run(FastThreadLocalRunnable.java:30)\n\tat java.lang.Thread.run(Thread.java:1564)\n"}}
[2026-06-14T09:26:55.547Z] [ALL] 06-14 14:56:52.620  1486  1556 D PowerManagerService: displayReady: false groupId=0
[2026-06-14T09:26:55.547Z] [ALL] 06-14 14:56:52.621  1486  1556 D DisplayPowerController[0]: animateScreenStateChange: target=ON, mIsEnabled=true
[2026-06-14T09:26:55.549Z] [ALL] 06-14 14:56:52.622  1486  1556 D DisplayPowerController[0]: putAutoBrightnessTransitionTime: transitionTime=0
[2026-06-14T09:26:55.549Z] [ALL] 06-14 14:56:52.624  1486  1556 D PowerManagerService: displayReady: true groupId=0
[2026-06-14T09:26:55.559Z] [ALL] 06-14 14:56:52.631  4132  5524 I SDHMS:x : SIOP:: AP:417 BAT:391 USB:369 CHG:415 PA:423 CP:418 WIFI:414 BLK:0 SUBBAT:0 LRPTHM:397 SKIN:382 SKINF:372 SKINB:382 LRP:382 LRP2:382 LRF2:372 LRB2:382 AP2:381 CHG2:367 MEM2:379 WIFI2:382 SPK2:354 VAP02:429 VWIFI:415 AVGCUR:-18 AVGSYS:429 POWER:-77
[2026-06-14T09:26:55.563Z] [ALL] 06-14 14:56:52.635  4132  4387 I n2      : limitCPUFreq:: freq = 2304000
[2026-06-14T09:26:55.563Z] [ALL] 06-14 14:56:52.635  4132  4387 I SemDvfsHyPerManager: acquire hyper - SIOP_ARM_MAX/4132@3, type = 301993986
[2026-06-14T09:26:55.563Z] [ALL] 06-14 14:56:52.636  1075  1175 I HYPER-HAL: [RequestManager.cpp]acquire(): Acquired ID : 8551183  [4132 / 3]    HINT :      list : [CPUMaxFreq / 2304000] 
[2026-06-14T09:26:55.597Z] [ALL] 06-14 14:56:52.666  1067  1177 I SensorsHub: context 9 0 8 1,1,55,0,4,3,2,0,0, 257108287510027
[2026-06-14T09:26:55.597Z] [ALL] 06-14 14:56:52.667  1067  1177 I SensorsHub: context 16 0 15 1,1,55,0,11,5,1,6,0,0,0,10,1,252,178,144, 257108287644481
[2026-06-14T09:26:55.600Z] [ALL] 06-14 14:56:52.670  1486  1718 D CAE     : onGetSensorHubData(SensorHubParserProvider.java:92) - onGetSensorHubData Event [event buffer len :9], AP_WAKEUP
[2026-06-14T09:26:55.600Z] [ALL] 06-14 14:56:52.671  1486  1718 I CAE     : parse(SensorHubParserProvider.java:188) - buffer size = 9
[2026-06-14T09:26:55.600Z] [ALL] 06-14 14:56:52.671  1486  1718 I CAE     : parse(SensorHubParserProvider.java:199) - 1, 1, 55, 0, 4, 3, 2, 0, 0,
[2026-06-14T09:26:55.600Z] [ALL] 06-14 14:56:52.672  1486  1718 I CAE     : parse(SLocationRunner.java:88) - SLocationRunner parse start : 3
[2026-06-14T09:26:55.600Z] [ALL] 06-14 14:56:52.672  1486  1718 D CAE     : display(ContextProvider.java:375) - ================= SLOCATION_RUNNER =================
[2026-06-14T09:26:55.600Z] [ALL] 06-14 14:56:52.673  1486  1718 I CAE     : display(ContextProvider.java:391) - ExtraDataArray=[1, 1, 55, 0, 4, 3, 2, 0, 0]
[2026-06-14T09:26:55.600Z] [ALL] 06-14 14:56:52.673  1486  1718 I CAE     : parse(SLocationRunner.java:96) - SLocationRunner parse end:9
[2026-06-14T09:26:55.603Z] [ALL] 06-14 14:56:52.674  1486  1718 D CAE     : onGetSensorHubData(SensorHubParserProvider.java:92) - onGetSensorHubData Event [event buffer len :16], AP_WAKEUP
[2026-06-14T09:26:55.603Z] [ALL] 06-14 14:56:52.675  1486  1715 D SemContextService: Service.updateContext() : service = SLocation Core
[2026-06-14T09:26:55.603Z] [ALL] 06-14 14:56:52.675  1486  1718 I CAE     : parse(SensorHubParserProvider.java:188) - buffer size = 16
[2026-06-14T09:26:55.603Z] [ALL] 06-14 14:56:52.675  1486  1718 I CAE     : parse(SensorHubParserProvider.java:199) - 1, 1, 55, 0, 11, 5, 1, 6, 0, 0, 0, 10, 1, -4, -78, -112,
[2026-06-14T09:26:55.603Z] [ALL] 06-14 14:56:52.676  1486  1486 D SemContextManager: onSemContextChanged() : event = SLocation Core
[2026-06-14T09:26:55.603Z] [ALL] 06-14 14:56:52.676  1486  1486 D SLocation: SensorHubWrapper - SemContextChanged type = 47, packet received
[2026-06-14T09:26:55.605Z] [ALL] 06-14 14:56:52.676  1486  1718 I CAE     : parse(SLocationRunner.java:88) - SLocationRunner parse start : 3
[2026-06-14T09:26:55.605Z] [ALL] 06-14 14:56:52.676  1486  1718 D CAE     : display(ContextProvider.java:375) - ================= SLOCATION_RUNNER =================
[2026-06-14T09:26:55.605Z] [ALL] 06-14 14:56:52.677  1486  2138 D SLocation: GeofenceCoreManager - received Extra Data from core, len : 4
[2026-06-14T09:26:55.605Z] [ALL] 06-14 14:56:52.678  1486  1718 I CAE     : display(ContextProvider.java:391) - ExtraDataArray=[1, 1, 55, 0, 11, 5, 1, 6, 0, 0, 0, 10, 1, -4, -78, -112]
[2026-06-14T09:26:55.605Z] [ALL] 06-14 14:56:52.678  1486  1718 I CAE     : parse(SLocationRunner.java:96) - SLocationRunner parse end:16
[2026-06-14T09:26:55.607Z] [ALL] 06-14 14:56:52.680  1486  2138 D SLocation: GeopointLastLocation - last location time exceed threshold 30043 / 30000
[2026-06-14T09:26:55.607Z] [ALL] 06-14 14:56:52.680  1486  2138 D SLocation: GeopointGeofenceManger - getLastLocation is abnormal!
[2026-06-14T09:26:55.607Z] [ALL] 06-14 14:56:52.680  1486  1486 D SemContextManager: onSemContextChanged() : event = SLocation Core
[2026-06-14T09:26:55.607Z] [ALL] 06-14 14:56:52.680  1486  1486 D SLocation: SensorHubWrapper - SemContextChanged type = 47, packet received
[2026-06-14T09:26:55.607Z] [ALL] 06-14 14:56:52.680  1486  1715 D SemContextService: Service.updateContext() : service = SLocation Core
[2026-06-14T09:26:55.607Z] [ALL] 06-14 14:56:52.682  1486  2138 D SLocation: LocationProviderStatus - try to update provider status (GPS/NLP)
[2026-06-14T09:26:55.610Z] [ALL] 06-14 14:56:52.683  1486  2138 D SLocation: LocationProviderStatus - set isGpsOn : true, isNlpOn : true
[2026-06-14T09:26:55.610Z] [ALL] 06-14 14:56:52.683  1486  2138 D SLocation: LocationProviderStatus - gps & nlp status not changed
[2026-06-14T09:26:55.610Z] [ALL] 06-14 14:56:52.683  1486  2138 D SLocation: PositionManager - requestLocationUpdates(SGEOFENCE) : NETWORK_PROVIDER
[2026-06-14T09:26:55.610Z] [ALL] 06-14 14:56:52.683  1486  2138 D SLocation: network_Manager - requestUpdate
[2026-06-14T09:26:55.629Z] [ALL] 06-14 14:56:52.699  1486  2138 D LocationManagerService: network provider added registration from 1000/android[SLocationService]/E186D5C9 -> Request[@0 BALANCED, WorkSource{1000 android}]
[2026-06-14T09:26:55.631Z] [ALL] 06-14 14:56:52.704  1486  2138 I NSLocationProviderHelper: updateRequestInfo, uid=1000
[2026-06-14T09:26:55.643Z] [ALL] 06-14 14:56:52.712  1486  2138 D LocationManagerService: network provider request changed to ProviderRequest[@0, WorkSource{1000 android}]
[2026-06-14T09:26:55.644Z] [ALL] 06-14 14:56:52.713  3066  3129 I RequestManager_FLP: request from system, change packageName by tag from system to system(SLocationService)
[2026-06-14T09:26:55.644Z] [ALL] 06-14 14:56:52.713  3066  3129 E RequestManager_FLP: [LocationManager] Location request E186D5C9(Listener) network interval=0ms (min=0ms) from system(SLocationService) (1000_FINE_unknown_false_foreground)
[2026-06-14T09:26:55.647Z] [ALL] 06-14 14:56:52.717  1486  2138 D SLocation: LocationProviderStatus - try to update provider status (GPS/NLP)
[2026-06-14T09:26:55.647Z] [ALL] 06-14 14:56:52.717  1486  2138 D SLocation: LocationProviderStatus - set isGpsOn : true, isNlpOn : true
[2026-06-14T09:26:55.647Z] [ALL] 06-14 14:56:52.717  1486  2138 D SLocation: LocationProviderStatus - gps & nlp status not changed
[2026-06-14T09:26:55.647Z] [ALL] 06-14 14:56:52.717  1486  2138 D SLocation: PositionManager - requestLocationUpdates(SGEOFENCE) : FUSED_PROVIDER
[2026-06-14T09:26:55.647Z] [ALL] 06-14 14:56:52.718  1486  2138 D SLocation: fused_Manager - requestUpdate
[2026-06-14T09:26:55.652Z] [ALL] 06-14 14:56:52.723  1486  2138 D LocationManagerService: fused provider added registration from 1000/android[SLocationService]/85BB7C38 -> Request[@0 BALANCED, WorkSource{1000 android}]
[2026-06-14T09:26:55.652Z] [ALL] 06-14 14:56:52.724  1486  2138 I NSLocationProviderHelper: updateRequestInfo, uid=1000
[2026-06-14T09:26:55.652Z] [ALL] 06-14 14:56:52.724  1486  1858 D SemWifiEleStateTracker: Pressure Diff: 1.2207031E-4
[2026-06-14T09:26:55.652Z] [ALL] 06-14 14:56:52.724  1486  1858 D SemWifiEleStateTracker: Barometer value: Prev 998.09546 Current 998.0956 mSmallBaroDetected : false
[2026-06-14T09:26:55.652Z] [ALL] 06-14 14:56:52.725  1486  2138 D LocationManagerService: fused provider request changed to ProviderRequest[@0, WorkSource{1000 android}]
[2026-06-14T09:26:55.654Z] [ALL] 06-14 14:56:52.726  1486  2138 D SLocation: BatchCoreManager - request NLP for batch from core
[2026-06-14T09:26:55.654Z] [ALL] 06-14 14:56:52.726  3066  3129 I RequestManager_FLP: request from system, change packageName by tag from system to system(SLocationService)
[2026-06-14T09:26:55.654Z] [ALL] 06-14 14:56:52.726  1486  2138 D SLocation: BatchManager - request NLP for batch
[2026-06-14T09:26:55.654Z] [ALL] 06-14 14:56:52.727  3066  3129 E RequestManager_FLP: [LocationManager] Location request 85BB7C38(Listener) fused interval=0ms (min=0ms) from system(SLocationService) (1000_FINE_unknown_false_foreground)
[2026-06-14T09:26:55.654Z] [ALL] 06-14 14:56:52.727  1486  2138 D SLocation: LocationProviderStatus - try to update provider status (GPS/NLP)
[2026-06-14T09:26:55.654Z] [ALL] 06-14 14:56:52.727  1486  2138 D SLocation: LocationProviderStatus - set isGpsOn : true, isNlpOn : true
[2026-06-14T09:26:55.654Z] [ALL] 06-14 14:56:52.727  1486  2138 D SLocation: LocationProviderStatus - gps & nlp status not changed
[2026-06-14T09:26:55.654Z] [ALL] 06-14 14:56:52.727  1486  2138 D SLocation: PositionManager - requestLocationUpdates(BATCH_LOCATION) : NETWORK_PROVIDER
[2026-06-14T09:26:55.654Z] [ALL] 06-14 14:56:52.727  1486  2138 D SLocation: network_Manager - requestUpdate - already running
[2026-06-14T09:26:55.654Z] [ALL] 06-14 14:56:52.727  1486  2138 D SLocation: LocationProviderStatus - try to update provider status (GPS/NLP)
[2026-06-14T09:26:55.654Z] [ALL] 06-14 14:56:52.727  1486  2138 D SLocation: LocationProviderStatus - set isGpsOn : true, isNlpOn : true
[2026-06-14T09:26:55.654Z] [ALL] 06-14 14:56:52.727  1486  2138 D SLocation: LocationProviderStatus - gps & nlp status not changed
[2026-06-14T09:26:55.654Z] [ALL] 06-14 14:56:52.727  1486  2138 D SLocation: PositionManager - requestLocationUpdates(BATCH_LOCATION) : FUSED_PROVIDER
[2026-06-14T09:26:55.654Z] [ALL] 06-14 14:56:52.727  1486  2138 D SLocation: fused_Manager - requestUpdate - already running
[2026-06-14T09:26:55.654Z] [ALL] 06-14 14:56:52.727  1486  2138 D SLocation: CommonCoreManager - received Extra Data from core, len : 4
[2026-06-14T09:26:55.654Z] [ALL] 06-14 14:56:52.728  1486  2138 D SLocation: GeofenceCoreManager - received Extra Data from core, len : 11
[2026-06-14T09:26:55.654Z] [ALL] 06-14 14:56:52.728  1486  2138 D SLocation: CommonCoreManager - received Extra Data from core, len : 11
[2026-06-14T09:26:55.686Z] [ALL] 06-14 14:56:52.759  1269  1269 I GNSS_2_1: Gnss::injectLocation: Called
[2026-06-14T09:26:55.688Z] [ALL] 06-14 14:56:52.762  1269  1269 I GNSS_2_0: GNSSInjectLocation: Called
[2026-06-14T09:26:55.688Z] [ALL] 06-14 14:56:52.763  1269  1269 I GNSS_2_1: Gnss::injectLocation: Returned
[2026-06-14T09:26:55.701Z] [ALL] 06-14 14:56:52.772 31535 31592 I Rubin   : [2543] Z5.a.onLocationChanged(Unknown Source) : Passive location updated
[2026-06-14T09:26:55.703Z] [ALL] 06-14 14:56:52.773 31535 31656 I Rubin   : [2549] com.samsung.android.rubin.inferenceengine.contextanalytics.engine.loggers.LocationLogger.flush(Unknown Source) : flush
[2026-06-14T09:26:55.707Z] [ALL] 06-14 14:56:52.777  1262  2991 D GNSS    : LAL_GetMemorySizeKB: fileNo=35
[2026-06-14T09:26:55.710Z] [ALL] 06-14 14:56:52.783  5214 25063 I FusedLocation: (REDACTED) stationary throttling engaged @%s
[2026-06-14T09:26:55.712Z] [ALL] 06-14 14:56:52.785  1486  2489 D ActivityManager: Received BROADCAST intent 0x8be60fd Key{broadcastIntent pkg=com.samsung.android.mcfds intent=act=com.samsung.android.ce.sensor.location.PASSIVE_INTENT xflg=0x4 pkg=com.samsung.android.mcfds flags=0x2000000 u=0} requestCode=20247613 sent=0 from uid 1000
[2026-06-14T09:26:55.712Z] [ALL] 06-14 14:56:52.786  1486  2138 D SLocation: PositionManager - Active handleLocationChanged [N, A : 100.00, T : 1781429212740, ET : 257108362, h : 14/15]
[2026-06-14T09:26:55.712Z] [ALL] 06-14 14:56:52.787  1486  2138 D SLocation: network_Manager - removeUpdates
[2026-06-14T09:26:55.712Z] [ALL] 06-14 14:56:52.787  1486  2138 I NSLocationProviderHelper: updateRemoveInfo, uid=1000
[2026-06-14T09:26:55.712Z] [ALL] 06-14 14:56:52.787  1486  2138 D LocationManagerService: network provider removed registration from 1000/android[SLocationService]/E186D5C9
[2026-06-14T09:26:55.712Z] [ALL] 06-14 14:56:52.787  1486  2138 D LocationManagerService: network provider request changed to ProviderRequest[@+6h0m0s0ms, LOW_POWER, WorkSource{10252 com.google.android.as, 15010252 com.google.android.as}]
[2026-06-14T09:26:55.712Z] [ALL] 06-14 14:56:52.788  1486  2138 D SLocation: fused_Manager - removeUpdates
[2026-06-14T09:26:55.715Z] [ALL] 06-14 14:56:52.788  1486  2138 I NSLocationProviderHelper: updateRemoveInfo, uid=1000
[2026-06-14T09:26:55.715Z] [ALL] 06-14 14:56:52.788  1486  2138 D LocationManagerService: fused provider removed registration from 1000/android[SLocationService]/85BB7C38
[2026-06-14T09:26:55.715Z] [ALL] 06-14 14:56:52.788  1486  2138 D LocationManagerService: fused provider request changed to ProviderRequest[OFF]
[2026-06-14T09:26:55.715Z] [ALL] 06-14 14:56:52.790  1486  2138 D SLocation: PositionManager - block duplicate location
[2026-06-14T09:26:55.715Z] [ALL] 06-14 14:56:52.790  1486  2138 W SLocation: GeopointGeofenceManger - refresh wifi to receive loc
[2026-06-14T09:26:55.716Z] [ALL] 06-14 14:56:52.790  1486  2138 D SLocation: GeopointGeofenceManger - Location reported : fix method = 2 / 100.0
[2026-06-14T09:26:55.716Z] [ALL] 06-14 14:56:52.791  1486  2138 D SLocation: LocationBuffer - receivedLocation - op[interval(min 60000, max 300000), waitTime 36000000, numOfUpdates 20, minDistance 200.0]dist : 0.0 diffTime : 30103 filtered Location
[2026-06-14T09:26:55.716Z] [ALL] 06-14 14:56:52.791  1486  2138 D SLocation: BatchManager - received batch location buffered = false
[2026-06-14T09:26:55.716Z] [ALL] 06-14 14:56:52.791  1486  2138 D SLocation: LastLocations - update latest location [N, A : 100.00, T : 1781429212740, ET : 257108362, h : 14/15]
[2026-06-14T09:26:55.716Z] [ALL] 06-14 14:56:52.791  1486  2138 D SLocation: ARDistanceLibManager - request distance diff to AR Distance Library
[2026-06-14T09:26:55.716Z] [ALL] 06-14 14:56:52.791  1486  2138 D SLocation: SLocationCoreSem - send to coreSem, packet length : 1 / [34]
[2026-06-14T09:26:55.716Z] [ALL] 06-14 14:56:52.791  1486  2138 D SemContextLocationCoreAttribute: setAttribute() mode : 0 action : 23
[2026-06-14T09:26:55.716Z] [ALL] 06-14 14:56:52.791  1486  2138 D SemContextService: lock : changeParameters
[2026-06-14T09:26:55.716Z] [ALL] 06-14 14:56:52.792  1486  2138 D SemContext.CaeProvider.LocationCoreImpl: setAttribute() mode : 0 action : 23
[2026-06-14T09:26:55.716Z] [ALL] 06-14 14:56:52.792  1486  2138 W CAE     : setCAProperty(ContextAwareService.java:509) - [setProperty 01] Mutex is locked for SLOCATION_RUNNER
[2026-06-14T09:26:55.719Z] [ALL] 06-14 14:56:52.792  1486  2138 I CAE     : setPropertyValue(SLocationRunner.java:116) - SLocationRunner setProperty header : 34, len : 1
[2026-06-14T09:26:55.719Z] [ALL] 06-14 14:56:52.793  1486  1720 D SensorService: setSContextDataLocked ints length 2 , byte length 4
[2026-06-14T09:26:55.719Z] [ALL] 06-14 14:56:52.793  1486  1720 D SensorService: setSContextDataLocked 223717c1
[2026-06-14T09:26:55.721Z] [ALL] 06-14 14:56:52.793  3066  3129 E RequestManager_FLP: [LocationManager] Location remove E186D5C9 from system
[2026-06-14T09:26:55.721Z] [ALL] 06-14 14:56:52.794  1067  1067 I SensorsHub: SContextSensor::injecet_sensor_data
[2026-06-14T09:26:55.721Z] [ALL] 06-14 14:56:52.794  1067  1067 D SensorsHub: c1 17 37 22  
[2026-06-14T09:26:55.721Z] [ALL] 06-14 14:56:52.794  3066  3129 I LocationRequestData_FLP: Remove in requestInfoList, E186D5C9 / ListSize[network]=2
[2026-06-14T09:26:55.721Z] [ALL] 06-14 14:56:52.794  1067  1067 D SensorsHub: inject_scontext_data: New ssp_data_injection_fd(31)
[2026-06-14T09:26:55.721Z] [ALL] 06-14 14:56:52.794  1067  1067 D SensorsHub: SContext Data Injection return 64
[2026-06-14T09:26:55.721Z] [ALL] 06-14 14:56:52.794  3066  3129 E RequestManager_FLP: [LocationManager] Location remove 85BB7C38 from system
[2026-06-14T09:26:55.721Z] [ALL] 06-14 14:56:52.795  1067  1177 I SensorsHub: context 38 0 37 1,1,55,0,33,33,0,0,0,0,24,184,220,148,248,14,122,0,7,195,254,104,47,180,69,192,0,0,0,25,1,252,69,48,0,0,20,248, 257108416900770
[2026-06-14T09:26:55.721Z] [ALL] 06-14 14:56:52.795  3066  3129 I LocationRequestData_FLP: Remove in requestInfoList, 85BB7C38 / ListSize[fused]=0
[2026-06-14T09:26:55.721Z] [ALL] 06-14 14:56:52.795  1067  1177 I SensorsHub: context 10 0 9 1,1,55,0,5,2,34,0,0,0, 257108416983777
[2026-06-14T09:26:55.721Z] [ALL] 06-14 14:56:52.795  1486  2138 W CAE     : setCAProperty(ContextAwareService.java:515) - [setProperty 02] Mutex is unlocked for SLOCATION_RUNNER
[2026-06-14T09:26:55.721Z] [ALL] 06-14 14:56:52.795  1486  2138 D SemContextService: unlock : changeParameters
[2026-06-14T09:26:55.721Z] [ALL] 06-14 14:56:52.795  1486  2138 D SemContextManager:   .changeParameters : listener = X.k@8cad1db, service=SLocation Core
[2026-06-14T09:26:55.721Z] [ALL] 06-14 14:56:52.796  1486  2138 D SLocation: SLocationCoreSem - send to coreSem, packet length : 23 / [2, 7, 195, 249, 88, 47, 180, 81, 70, 0, 0, 0, 100, 2, 0, 0, 1, 158, 197, 116, 150, 68, 0]
[2026-06-14T09:26:55.721Z] [ALL] 06-14 14:56:52.796  1486  2138 D SemContextLocationCoreAttribute: setAttribute() mode : 0 action : 23
[2026-06-14T09:26:55.721Z] [ALL] 06-14 14:56:52.796  1486  2138 D SemContextService: lock : changeParameters
[2026-06-14T09:26:55.721Z] [ALL] 06-14 14:56:52.796  1486  2138 D SemContext.CaeProvider.LocationCoreImpl: setAttribute() mode : 0 action : 23
[2026-06-14T09:26:55.721Z] [ALL] 06-14 14:56:52.796  1486  2138 W CAE     : setCAProperty(ContextAwareService.java:509) - [setProperty 01] Mutex is locked for SLOCATION_RUNNER
[2026-06-14T09:26:55.721Z] [ALL] 06-14 14:56:52.796  1486  2138 I CAE     : setPropertyValue(SLocationRunner.java:116) - SLocationRunner setProperty header : 2, len : 23
[2026-06-14T09:26:55.723Z] [ALL] 06-14 14:56:52.797  1486  1718 D CAE     : onGetSensorHubData(SensorHubParserProvider.java:92) - onGetSensorHubData Event [event buffer len :38], AP_WAKEUP
[2026-06-14T09:26:55.723Z] [ALL] 06-14 14:56:52.797  1486  1718 I CAE     : parse(SensorHubParserProvider.java:188) - buffer size = 38
[2026-06-14T09:26:55.723Z] [ALL] 06-14 14:56:52.797  1486  1718 I CAE     : parse(SensorHubParserProvider.java:199) - 1, 1, 55, 0, 33, 33, 0, 0, 0, 0, 24, -72, -36, -108, -8, 14, 122, 0, 7, -61, -2, 104, 47, -76, 69, -64, 0, 0, 0, 25, 1, -4, 69, 48, 0, 0, 20, -8,
[2026-06-14T09:26:55.723Z] [ALL] 06-14 14:56:52.797  1486  1718 I CAE     : parse(SLocationRunner.java:88) - SLocationRunner parse start : 3
[2026-06-14T09:26:55.723Z] [ALL] 06-14 14:56:52.798  1486  1718 D CAE     : display(ContextProvider.java:375) - ================= SLOCATION_RUNNER =================
[2026-06-14T09:26:55.723Z] [ALL] 06-14 14:56:52.798  1486  1718 I CAE     : display(ContextProvider.java:391) - ExtraDataArray=[1, 1, 55, 0, 33, 33, 0, 0, 0, 0, 24, -72, -36, -108, -8, 14, 122, 0, 7, -61, -2, 104, 47, -76, 69, -64, 0, 0, 0, 25, 1, -4, 69, 48, 0, 0, 20, -8]
[2026-06-14T09:26:55.725Z] [ALL] 06-14 14:56:52.798  1486  1718 I CAE     : parse(SLocationRunner.java:96) - SLocationRunner parse end:38
[2026-06-14T09:26:55.725Z] [ALL] 06-14 14:56:52.798  1486  1720 D SensorService: setSContextDataLocked ints length 8 , byte length 26
[2026-06-14T09:26:55.725Z] [ALL] 06-14 14:56:52.799  1486  1720 D SensorService: setSContextDataLocked 23717c1
[2026-06-14T09:26:55.730Z] [ALL] 06-14 14:56:52.800  5214 25063 I FusedLocation: (REDACTED) location delivery to %s blocked - too close
[2026-06-14T09:26:55.730Z] [ALL] 06-14 14:56:52.800  1067  1067 I SensorsHub: SContextSensor::injecet_sensor_data
[2026-06-14T09:26:55.730Z] [ALL] 06-14 14:56:52.800  1067  1067 D SensorsHub: c1 17 37 02 07 c3 f9 58 2f b4 51 46 00 00 00 64  
[2026-06-14T09:26:55.730Z] [ALL] 06-14 14:56:52.800  1067  1067 D SensorsHub: 02 00 00 01 9e c5 74 96 44 00  
[2026-06-14T09:26:55.730Z] [ALL] 06-14 14:56:52.800  1067  1067 D SensorsHub: inject_scontext_data: New ssp_data_injection_fd(31)
[2026-06-14T09:26:55.730Z] [ALL] 06-14 14:56:52.800  1067  1067 D SensorsHub: SContext Data Injection return 64
[2026-06-14T09:26:55.730Z] [ALL] 06-14 14:56:52.800  1486  1486 D SemContextManager: onSemContextChanged() : event = SLocation Core
[2026-06-14T09:26:55.730Z] [ALL] 06-14 14:56:52.800  1486  1486 D SLocation: SensorHubWrapper - SemContextChanged type = 47, packet received
[2026-06-14T09:26:55.730Z] [ALL] 06-14 14:56:52.801  1067  1177 I SensorsHub: context 10 0 9 1,1,55,0,5,2,2,0,0,0, 257108422943543
[2026-06-14T09:26:55.730Z] [ALL] 06-14 14:56:52.801  1486  1718 D CAE     : onGetSensorHubData(SensorHubParserProvider.java:92) - onGetSensorHubData Event [event buffer len :10], AP_WAKEUP
[2026-06-14T09:26:55.730Z] [ALL] 06-14 14:56:52.802  1486  1715 D SemContextService: Service.updateContext() : service = SLocation Core
[2026-06-14T09:26:55.730Z] [ALL] 06-14 14:56:52.802  1486  2138 W CAE     : setCAProperty(ContextAwareService.java:515) - [setProperty 02] Mutex is unlocked for SLOCATION_RUNNER
[2026-06-14T09:26:55.730Z] [ALL] 06-14 14:56:52.802  1486  2138 D SemContextService: unlock : changeParameters
[2026-06-14T09:26:55.730Z] [ALL] 06-14 14:56:52.802  1486  2138 D SemContextManager:   .changeParameters : listener = X.k@8cad1db, service=SLocation Core
[2026-06-14T09:26:55.730Z] [ALL] 06-14 14:56:52.803  1486  2138 D SLocation: ReceiverPair - ignore direction of location due to wifi, id = 2, reason = 400
[2026-06-14T09:26:55.731Z] [ALL] 06-14 14:56:52.805  1486  2138 D SLocation: AlarmManagerWrapper - next alarm time : 260708413 (WK)
[2026-06-14T09:26:55.731Z] [ALL] 06-14 14:56:52.807  1486  1718 I CAE     : parse(SensorHubParserProvider.java:188) - buffer size = 10
[2026-06-14T09:26:55.731Z] [ALL] 06-14 14:56:52.807   553   568 I [CE]_ContextEngineReceiver: onReceive - action: com.samsung.android.ce.sensor.location.PASSIVE_INTENT
[2026-06-14T09:26:55.733Z] [ALL] 06-14 14:56:52.808  1486  2138 D SLocation: GeofenceCoreManager - received Extra Data from core, len : 33
[2026-06-14T09:26:55.733Z] [ALL] 06-14 14:56:52.808  1486  1718 I CAE     : parse(SensorHubParserProvider.java:199) - 1, 1, 55, 0, 5, 2, 34, 0, 0, 0,
[2026-06-14T09:26:55.733Z] [ALL] 06-14 14:56:52.808  1486  2138 D SLocation: ARDistanceGetARDistance - convertSensorHubTimeToElapsedTime 1781414403827895622
[2026-06-14T09:26:55.733Z] [ALL] 06-14 14:56:52.808  1486  2138 D SLocation: ARDistanceGetARDistance - invalid location time from core pvt 1781414403827895622, do not use distance info
[2026-06-14T09:26:55.733Z] [ALL] 06-14 14:56:52.808  1486  2138 D SLocation: CommonCoreManager - received Extra Data from core, len : 33
[2026-06-14T09:26:55.733Z] [ALL] 06-14 14:56:52.808  1486  1718 I CAE     : parse(SLocationRunner.java:88) - SLocationRunner parse start : 3
[2026-06-14T09:26:55.733Z] [ALL] 06-14 14:56:52.808  1486  1718 D CAE     : display(ContextProvider.java:375) - ================= SLOCATION_RUNNER =================
[2026-06-14T09:26:55.733Z] [ALL] 06-14 14:56:52.809  1486  1718 I CAE     : display(ContextProvider.java:391) - ExtraDataArray=[1, 1, 55, 0, 5, 2, 34, 0, 0, 0]
[2026-06-14T09:26:55.733Z] [ALL] 06-14 14:56:52.809  1486  1718 I CAE     : parse(SLocationRunner.java:96) - SLocationRunner parse end:10
[2026-06-14T09:26:55.733Z] [ALL] 06-14 14:56:52.809  1486  1718 D CAE     : onGetSensorHubData(SensorHubParserProvider.java:92) - onGetSensorHubData Event [event buffer len :10], AP_WAKEUP
[2026-06-14T09:26:55.735Z] [ALL] 06-14 14:56:52.810  1486  1715 D SemContextService: Service.updateContext() : service = SLocation Core
[2026-06-14T09:26:55.737Z] [ALL] 06-14 14:56:52.811  1486  1486 D SemContextManager: onSemContextChanged() : event = SLocation Core
[2026-06-14T09:26:55.737Z] [ALL] 06-14 14:56:52.811  1486  1486 D SLocation: SensorHubWrapper - SemContextChanged type = 47, packet received
[2026-06-14T09:26:55.737Z] [ALL] 06-14 14:56:52.811  1486  2138 D SLocation: PositionManager - Passive handleLocationChanged [F, A : 100.00, T : 1781429212795, ET : 257108417, h : 14/15]
[2026-06-14T09:26:55.737Z] [ALL] 06-14 14:56:52.812  1486  2138 D SLocation: PositionManager - receive fused location
[2026-06-14T09:26:55.737Z] [ALL] 06-14 14:56:52.812  1486  2138 D SLocation: GeofenceCoreManager - received Extra Data from core, len : 5
[2026-06-14T09:26:55.737Z] [ALL] 06-14 14:56:52.812  1486  2138 D SLocation: GeofenceCoreManager - handleCommandCallback - UNKNOWN_CALLBACK 34 SUCCESS
[2026-06-14T09:26:55.737Z] [ALL] 06-14 14:56:52.812  1486  2138 D SLocation: ARDistanceLibManager - command callback received - CURRENT_LOCATION_REQUEST_DISTANCE ERROR CODE : ERROR_NONE
[2026-06-14T09:26:55.737Z] [ALL] 06-14 14:56:52.812  1486  2138 D SLocation: CommonCoreManager - received Extra Data from core, len : 5
[2026-06-14T09:26:55.737Z] [ALL] 06-14 14:56:52.812  1486  2138 D SLocation: DuplicateLocationChecker_GeofenceLocationFilter - fused is duplicated last network location
[2026-06-14T09:26:55.739Z] [ALL] 06-14 14:56:52.812  1486  2138 D SLocation: DuplicateLocationChecker_BatchManager - fused is duplicated last network location
[2026-06-14T09:26:55.739Z] [ALL] 06-14 14:56:52.812  1486  2138 D SLocation: DuplicateLocationChecker_FilteredLastLocation - fused is duplicated last network location
[2026-06-14T09:26:55.739Z] [ALL] 06-14 14:56:52.812   553   568 I [CE]_SLocationManager: onReceive - [Passive Location] 20247613
[2026-06-14T09:26:55.743Z] [ALL] 06-14 14:56:52.817  1486  1718 I CAE     : parse(SensorHubParserProvider.java:188) - buffer size = 10
[2026-06-14T09:26:55.743Z] [ALL] 06-14 14:56:52.818  1486  1718 I CAE     : parse(SensorHubParserProvider.java:199) - 1, 1, 55, 0, 5, 2, 2, 0, 0, 0,
[2026-06-14T09:26:55.743Z] [ALL] 06-14 14:56:52.818  1486  1718 I CAE     : parse(SLocationRunner.java:88) - SLocationRunner parse start : 3
[2026-06-14T09:26:55.745Z] [ALL] 06-14 14:56:52.818  1486  1718 D CAE     : display(ContextProvider.java:375) - ================= SLOCATION_RUNNER =================
[2026-06-14T09:26:55.745Z] [ALL] 06-14 14:56:52.818  1486  1718 I CAE     : display(ContextProvider.java:391) - ExtraDataArray=[1, 1, 55, 0, 5, 2, 2, 0, 0, 0]
[2026-06-14T09:26:55.745Z] [ALL] 06-14 14:56:52.819  1486  1718 I CAE     : parse(SLocationRunner.java:96) - SLocationRunner parse end:10
[2026-06-14T09:26:55.745Z] [ALL] 06-14 14:56:52.819  1486  1715 D SemContextService: Service.updateContext() : service = SLocation Core
[2026-06-14T09:26:55.745Z] [ALL] 06-14 14:56:52.820  1486  1486 D SemContextManager: onSemContextChanged() : event = SLocation Core
[2026-06-14T09:26:55.745Z] [ALL] 06-14 14:56:52.820  1486  1486 D SLocation: SensorHubWrapper - SemContextChanged type = 47, packet received
[2026-06-14T09:26:55.748Z] [ALL] 06-14 14:56:52.820  1486  2138 D SLocation: GeofenceCoreManager - received Extra Data from core, len : 5
[2026-06-14T09:26:55.748Z] [ALL] 06-14 14:56:52.820  1486  2138 D SLocation: GeofenceCoreManager - handleCommandCallback - UNKNOWN_CALLBACK 2 SUCCESS
[2026-06-14T09:26:55.748Z] [ALL] 06-14 14:56:52.820  1486  2138 D SLocation: CommonCoreManager - received Extra Data from core, len : 5
[2026-06-14T09:26:55.748Z] [ALL] 06-14 14:56:52.820  1486  2138 D SLocation: CommonCoreManager - handleCommandCallback - FUNC_TYPE : SET_LOCATION  ERROR_CODE : ERROR_NONE
[2026-06-14T09:26:55.748Z] [ALL] 06-14 14:56:52.821  1486  1556 D PowerManagerService: displayReady: false groupId=0
[2026-06-14T09:26:55.748Z] [ALL] 06-14 14:56:52.821  1486  1556 D DisplayPowerController[0]: animateScreenStateChange: target=ON, mIsEnabled=true
[2026-06-14T09:26:55.748Z] [ALL] 06-14 14:56:52.821  1486  1556 D DisplayPowerController[0]: putAutoBrightnessTransitionTime: transitionTime=0
[2026-06-14T09:26:55.753Z] [ALL] 06-14 14:56:52.822  1486  1556 D PowerManagerService: displayReady: true groupId=0
[2026-06-14T09:26:55.753Z] [ALL] 06-14 14:56:52.823  5214 25063 I FusedLocation: (REDACTED) location delivery to %s blocked - too close
[2026-06-14T09:26:55.753Z] [ALL] 06-14 14:56:52.824   553   568 I [CE]_ActivityDataManagerImpl: loadState - StayInfo loaded
[2026-06-14T09:26:55.755Z] [ALL] 06-14 14:56:52.826  5214 25063 I FusedLocation: (REDACTED) location delivery to %s blocked - too close
[2026-06-14T09:26:55.755Z] [ALL] 06-14 14:56:52.826  5214 25063 I FusedLocation: (REDACTED) location delivery to %s blocked - too close
[2026-06-14T09:26:55.762Z] [ALL] 06-14 14:56:52.830  3066  3129 I GmsPassiveListener_FLP: onGmsLocationChanged, provider=fused / speed=0.0 / time=1781429212795 / elapsed=257108417949793
[2026-06-14T09:26:55.764Z] [ALL] 06-14 14:56:52.833 19756 19756 D LocationTracker: Got a location update from Play Services
[2026-06-14T09:26:55.764Z] [ALL] 06-14 14:56:52.834  1486  2775 E AppOps  : Bad call made by uid 1001. Package "com.android.phone" does not belong to uid 10098.
[2026-06-14T09:26:55.764Z] [ALL] 06-14 14:56:52.834  1486  2775 E AppOps  : Cannot noteOperation
[2026-06-14T09:26:55.764Z] [ALL] 06-14 14:56:52.834  1486  2775 E AppOps  : java.lang.SecurityException: Specified package "com.android.phone" under uid 10098 but it is not
[2026-06-14T09:26:55.764Z] [ALL] 06-14 14:56:52.834  1486  2775 E AppOps  : 	at com.android.server.appop.AppOpsService.verifyAndGetBypass(qb/109687721 9f5f0f7065b3ad23ed9d502775af0c1cea666b12fbbf7805224931a8c35b7b9d:63)
[2026-06-14T09:26:55.764Z] [ALL] 06-14 14:56:52.834  1486  2775 E AppOps  : 	at com.android.server.appop.AppOpsService.noteOperationUnchecked(qb/109687721 9f5f0f7065b3ad23ed9d502775af0c1cea666b12fbbf7805224931a8c35b7b9d:65)
[2026-06-14T09:26:55.764Z] [ALL] 06-14 14:56:52.834  1486  2775 E AppOps  : 	at com.android.server.appop.AppOpsService.-$$Nest$mnoteOperationImpl(qb/109687721 9f5f0f7065b3ad23ed9d502775af0c1cea666b12fbbf7805224931a8c35b7b9d:89)
[2026-06-14T09:26:55.764Z] [ALL] 06-14 14:56:52.834  1486  2775 E AppOps  : 	at com.android.server.appop.AppOpsService$CheckOpsDelegateDispatcher$$ExternalSyntheticLambda4.apply(qb/109687721 9f5f0f7065b3ad23ed9d502775af0c1cea666b12fbbf7805224931a8c35b7b9d:65)
[2026-06-14T09:26:55.764Z] [ALL] 06-14 14:56:52.834  1486  2775 E AppOps  : 	at com.android.server.policy.AppOpsPolicy.noteOperation(qb/109687721 9f5f0f7065b3ad23ed9d502775af0c1cea666b12fbbf7805224931a8c35b7b9d:35)
[2026-06-14T09:26:55.764Z] [ALL] 06-14 14:56:52.834  1486  2775 E AppOps  : 	at com.android.server.appop.AppOpsService$CheckOpsDelegateDispatcher.noteOperation(qb/109687721 9f5f0f7065b3ad23ed9d502775af0c1cea666b12fbbf7805224931a8c35b7b9d:66)
[2026-06-14T09:26:55.764Z] [ALL] 06-14 14:56:52.834  1486  2775 E AppOps  : 	at com.android.server.appop.AppOpsService.noteOperation(qb/109687721 9f5f0f7065b3ad23ed9d502775af0c1cea666b12fbbf7805224931a8c35b7b9d:20)
[2026-06-14T09:26:55.764Z] [ALL] 06-14 14:56:52.834  1486  2775 E AppOps  : 	at com.android.internal.app.IAppOpsService$Stub.onTransact(IAppOpsService.java:592)
[2026-06-14T09:26:55.764Z] [ALL] 06-14 14:56:52.834  1486  2775 E AppOps  : 	at android.os.Binder.execTransactInternal(Binder.java:1514)
[2026-06-14T09:26:55.764Z] [ALL] 06-14 14:56:52.834  1486  2775 E AppOps  : 	at android.os.Binder.execTransact(Binder.java:1454)
[2026-06-14T09:26:55.764Z] [ALL] 06-14 14:56:52.835  1486  2489 D ActivityManager: Received SERVICE intent 0xfb17ab2 Key{startService pkg=com.google.android.gms/current_semantic_location intent=act=com.google.android.gms.semanticlocation.ACTION_LOCATION xflg=0x4 cmp=com.google.android.gms/.semanticlocation.service.SemanticLocationService flags=0x2000000 u=0} requestCode=0 from uid 10262
[2026-06-14T09:26:55.764Z] [ALL] 06-14 14:56:52.836  5214 29716 I FusedLocation: (REDACTED) stationary throttling engaged @%s
[2026-06-14T09:26:55.764Z] [ALL] 06-14 14:56:52.838   553   568 I [CE]_ActivityDataManagerImpl: Scan receiver - Stay detected - start time : 1781416092813, end time : 1781429212825, timestamp : 1781429212825
[2026-06-14T09:26:55.765Z] [ALL] 06-14 14:56:52.840   553   568 I [CE]_RealtimeMovingContextProvider: onReceive - Not started
[2026-06-14T09:26:55.767Z] [ALL] 06-14 14:56:52.842  5214  5214 D BoundBrokerSvc: onRebind: Intent { act=com.google.android.gms.auth.aang.events.services.START dat=chimera-action:/... xflg=0x4 cmp=com.google.android.gms/.chimera.PersistentApiService }
[2026-06-14T09:26:55.780Z] [ALL] 06-14 14:56:52.854  5214  7140 I TFLite-in-PlayServices: Created interpreter.
[2026-06-14T09:26:55.786Z] [ALL] 06-14 14:56:52.861  5214  7140 I TFLite-in-PlayServices: Created interpreter.
[2026-06-14T09:26:55.792Z] [ALL] 06-14 14:56:52.866  5214  7140 I SemanticLocation: (REDACTED) [Inferrer] %s%s
[2026-06-14T09:26:55.915Z] [ALL] 06-14 14:56:52.989  5776  5834 I appium  : channel read: POST /session/f5a9b506-d393-4b48-a69f-3151b1cdcacc/element
[2026-06-14T09:26:55.915Z] [ALL] 06-14 14:56:52.990  5776  5834 I appium  : FindElement command
[2026-06-14T09:26:55.918Z] [ALL] 06-14 14:56:52.991  5776  5834 I appium  : method: 'xpath', selector: '//*[@resource-id="otp_input_field" or @content-desc="otp_input_field"]'
[2026-06-14T09:26:55.918Z] [ALL] 06-14 14:56:52.992  5776  5834 I appium  : Waiting up to 10000ms for the device to idle
[2026-06-14T09:26:55.919Z] [ALL] 06-14 14:56:52.993  5776  5834 I appium  : The following attributes will be included to the page source: [resource-id, content-desc]
[2026-06-14T09:26:55.922Z] [ALL] 06-14 14:56:52.997   747   747 D io_stats: !@   8,0 r 79570171 1569786513 w 12655834 207307560 d 4206646 258477248 f 0 1104890 iot 28643548 0 th 0 0 0 pt 0 inp 0 0 180027.386
[2026-06-14T09:26:55.948Z] [ALL] 06-14 14:56:53.022  1486  1556 D PowerManagerService: displayReady: false groupId=0
[2026-06-14T09:26:55.948Z] [ALL] 06-14 14:56:53.022  1486  1556 D DisplayPowerController[0]: animateScreenStateChange: target=ON, mIsEnabled=true
[2026-06-14T09:26:55.948Z] [ALL] 06-14 14:56:53.022  1486  1556 D DisplayPowerController[0]: putAutoBrightnessTransitionTime: transitionTime=0
[2026-06-14T09:26:55.951Z] [ALL] 06-14 14:56:53.023  1486  1556 D PowerManagerService: displayReady: true groupId=0
[2026-06-14T09:26:55.957Z] [ALL] 06-14 14:56:53.032  1486  1556 D PowerManagerService: UserActivityStateListenerState: 0
[2026-06-14T09:26:55.963Z] [ALL] 06-14 14:56:53.038  1111  1162 D HeatmapThread: Updated plugType via uevent: 0
[2026-06-14T09:26:55.972Z] [ALL] 06-14 14:56:53.042  6589  6589 I VRI[MainActivity]@99da679: call setFrameRateCategory for touch hint category=no preference, reason=boost timeout, vri=VRI[MainActivity]@99da679
[2026-06-14T09:26:55.975Z] [ALL] 06-14 14:56:53.046  1063  1142 E BatteryDump: !@new_battery_dump : 4287,15,1000,2000,100,388,370,415,388,0,388,388,0,Full,NO_CHARGING,None,Good,PDIC,0,Normal,0,0,9180,0x8000,0x10010000,0x0,0,0,0000,0000,00000000,0,0,0,0,890,4288,9703,970,0,
[2026-06-14T09:26:55.982Z] [ALL] 06-14 14:56:53.051  1149  1149 I SurfaceFlinger: [com.safebank.ai/com.safebank.ai.MainActivity$_6589#104560] setFrameRateCategory: NoPreference
[2026-06-14T09:26:55.987Z] [ALL] 06-14 14:56:53.062  1149  1280 I SurfaceFlinger: Current= 60, Period= 60, hwcPeriod= 60
[2026-06-14T09:26:55.990Z] [ALL] 06-14 14:56:53.065  1063  1063 I android.hardware.health@2.1-service-samsung: updateLrpSysfs: write: 382
[2026-06-14T09:26:55.993Z] [ALL] 06-14 14:56:53.067  1486  7792 V [SS]SleepChargingTimeController: [isActivated]mSleepChargingStatus isNowSessionTime False => false
[2026-06-14T09:26:56.149Z] [ALL] 06-14 14:56:53.223  1486  1556 D PowerManagerService: displayReady: false groupId=0
[2026-06-14T09:26:56.151Z] [ALL] 06-14 14:56:53.224  1486  1556 D DisplayPowerController[0]: animateScreenStateChange: target=ON, mIsEnabled=true
[2026-06-14T09:26:56.151Z] [ALL] 06-14 14:56:53.224  1486  1556 D DisplayPowerController[0]: putAutoBrightnessTransitionTime: transitionTime=0
[2026-06-14T09:26:56.151Z] [ALL] 06-14 14:56:53.225  1486  1556 D PowerManagerService: displayReady: true groupId=0
[2026-06-14T09:26:56.163Z] [ALL] 06-14 14:56:53.234  5776  5834 I appium  : Took 0ms to retrieve 0 matches for '//*[@resource-id="otp_input_field" or @content-desc="otp_input_field"]' XPath2 query
[2026-06-14T09:26:56.166Z] [ALL] 06-14 14:56:53.235  5776  5834 I appium  : AppiumResponse: {"sessionId":"f5a9b506-d393-4b48-a69f-3151b1cdcacc","value":{"error":"no such element","message":"An element could not be located on the page using the given search parameters","stacktrace":"io.appium.uiautomator2.common.exceptions.ElementNotFoundException: An element could not be located on the page using the given search parameters\n\tat io.appium.uiautomator2.utils.ElementLocationHelpers.findElement(ElementLocationHelpers.java:153)\n\tat io.appium.uiautomator2.handler.FindElement.safeHandle(FindElement.java:60)\n\tat io.appium.uiautomator2.handler.request.SafeRequestHandler.handle(SafeRequestHandler.java:59)\n\tat io.appium.uiautomator2.server.AppiumServlet.handleRequest(AppiumServlet.java:267)\n\tat io.appium.uiautomator2.server.AppiumServlet.handleHttpRequest(AppiumServlet.java:261)\n\tat io.appium.uiautomator2.http.ServerHandler.channelRead(ServerHandler.java:77)\n\tat io.netty.channel.AbstractChannelHandlerContext.fireChannelRead(AbstractChannelHandlerContext.java:357)\n\tat io.netty.handler.codec.MessageToMessageDecoder.channelRead(MessageToMessageDecoder.java:107)\n\tat io.netty.channel.AbstractChannelHandlerContext.fireChannelRead(AbstractChannelHandlerContext.java:357)\n\tat io.netty.channel.CombinedChannelDuplexHandler$DelegatingChannelHandlerContext.fireChannelRead(CombinedChannelDuplexHandler.java:434)\n\tat io.netty.handler.codec.ByteToMessageDecoder.fireChannelRead(ByteToMessageDecoder.java:361)\n\tat io.netty.handler.codec.ByteToMessageDecoder.channelRead(ByteToMessageDecoder.java:325)\n\tat io.netty.channel.CombinedChannelDuplexHandler.channelRead(CombinedChannelDuplexHandler.java:249)\n\tat io.netty.channel.AbstractChannelHandlerContext.fireChannelRead(AbstractChannelHandlerContext.java:355)\n\tat io.netty.handler.timeout.IdleStateHandler.channelRead(IdleStateHandler.java:288)\n\tat io.netty.channel.AbstractChannelHandlerContext.fireChannelRead(AbstractChannelHandlerContext.java:355)\n\tat io.netty.channel.DefaultChannelPipeline$HeadContext.channelRead(DefaultChannelPipeline.java:1429)\n\tat io.netty.channel.DefaultChannelPipeline.fireChannelRead(DefaultChannelPipeline.java:918)\n\tat io.netty.channel.nio.AbstractNioByteChannel$NioByteUnsafe.read(AbstractNioByteChannel.java:176)\n\tat io.netty.channel.nio.AbstractNioChannel$AbstractNioUnsafe.handle(AbstractNioChannel.java:445)\n\tat io.netty.channel.nio.NioIoHandler$DefaultNioRegistration.handle(NioIoHandler.java:388)\n\tat io.netty.channel.nio.NioIoHandler.processSelectedKey(NioIoHandler.java:596)\n\tat io.netty.channel.nio.NioIoHandler.processSelectedKeysOptimized(NioIoHandler.java:571)\n\tat io.netty.channel.nio.NioIoHandler.processSelectedKeys(NioIoHandler.java:512)\n\tat io.netty.channel.nio.NioIoHandler.run(NioIoHandler.java:484)\n\tat io.netty.channel.SingleThreadIoEventLoop.runIo(SingleThreadIoEventLoop.java:225)\n\tat io.netty.channel.SingleThreadIoEventLoop.run(SingleThreadIoEventLoop.java:196)\n\tat io.netty.util.concurrent.SingleThreadEventExecutor$5.run(SingleThreadEventExecutor.java:1195)\n\tat io.netty.util.internal.ThreadExecutorMap$2.run(ThreadExecutorMap.java:74)\n\tat io.netty.util.concurrent.FastThreadLocalRunnable.run(FastThreadLocalRunnable.java:30)\n\tat java.lang.Thread.run(Thread.java:1564)\n"}}
[2026-06-14T09:26:56.217Z] [ALL] 06-14 14:56:53.292  1486  2138 D SLocation: WifiBssidMonitor - requestRefresh
[2026-06-14T09:26:56.222Z] [ALL] 06-14 14:56:53.295  1486  2138 W SLocation: WifiBssidMonitor - connected wifi : (14:33:75:**:**:ca/766)
[2026-06-14T09:26:56.351Z] [ALL] 06-14 14:56:53.425  1486  1556 D PowerManagerService: displayReady: false groupId=0
[2026-06-14T09:26:56.354Z] [ALL] 06-14 14:56:53.427  1486  1556 D DisplayPowerController[0]: animateScreenStateChange: target=ON, mIsEnabled=true
[2026-06-14T09:26:56.354Z] [ALL] 06-14 14:56:53.428  1486  1556 D DisplayPowerController[0]: putAutoBrightnessTransitionTime: transitionTime=0
[2026-06-14T09:26:56.357Z] [ALL] 06-14 14:56:53.429  1486  1556 D PowerManagerService: displayReady: true groupId=0
[2026-06-14T09:26:56.556Z] [ALL] 06-14 14:56:53.629  1486  1556 D PowerManagerService: displayReady: false groupId=0
[2026-06-14T09:26:56.562Z] [ALL] 06-14 14:56:53.633  1486  1556 D DisplayPowerController[0]: animateScreenStateChange: target=ON, mIsEnabled=true
[2026-06-14T09:26:56.562Z] [ALL] 06-14 14:56:53.634  1486  1556 D DisplayPowerController[0]: putAutoBrightnessTransitionTime: transitionTime=0
[2026-06-14T09:26:56.562Z] [ALL] 06-14 14:56:53.636  1486  1556 D PowerManagerService: displayReady: true groupId=0
[2026-06-14T09:26:56.664Z] [ALL] 06-14 14:56:53.739  1486  1729 D WifiStaIfaceHidlImpl: getCachedScanData is not implemented by HIDL
[2026-06-14T09:26:56.673Z] [ALL] 06-14 14:56:53.748  1486  3494 D SemWifiUsabilityStatsMonitor: onWifiUsabilityStats - seqNum 22741, isSameBssidAndFreq true
[2026-06-14T09:26:56.677Z] [ALL] 06-14 14:56:53.748  2072  2072 I EPDG-0 [WifiProfiler]: handleWifiRssiIntent, rssi=-52
[2026-06-14T09:26:56.679Z] [ALL] 06-14 14:56:53.748  2072  2072 I EPDG-0 [WifiProfiler]: isProfiling, hash=189204772, started=true
[2026-06-14T09:26:56.679Z] [ALL] 06-14 14:56:53.749  2072  2072 I EPDG-0 [LogMetrics]: set, type=WIFI_RSSI_LAST, value=-52
[2026-06-14T09:26:56.679Z] [ALL] 06-14 14:56:53.749  2072  2072 I EPDG-0 [WifiProfiler]: isProfiling, hash=189204772, started=true
[2026-06-14T09:26:56.679Z] [ALL] 06-14 14:56:53.751  2072  2072 I EPDG-0 [WifiProfiler]: Rssi : -52 highrange : -75 lowrange : -85 mIsRssiInHystersis : false
[2026-06-14T09:26:56.679Z] [ALL] 06-14 14:56:53.751  2072  2072 I EPDG-0 [WifiProfiler]: Rssi : -52 highrange : -75 lowrange : -85 mIsRssiInHystersis : false
[2026-06-14T09:26:56.679Z] [ALL] 06-14 14:56:53.751  2072  2072 I EPDG-0 [Subscription]: isEpdgAvailable, IwlanPsState=2/2
[2026-06-14T09:26:56.679Z] [ALL] 06-14 14:56:53.751  2072  2072 I EPDG-0 [WifiProfiler]: getHandoverThresholdMet: value is: false
[2026-06-14T09:26:56.680Z] [ALL] 06-14 14:56:53.756  1486  1830 I SemWifiLinkQualityMonitor: Link stat: 1759 / 1283 / 1.00 (10) / 78 / -52.0 || 100.0 : 78.00 / B (B) || 75790cca2437: 0.369 / 21.702 / N / V || N N / 0 0 / N 2.0 / N -1 0.000 0.000 / N / X 0 / 180028142 0 0 || 2026-06-14 14:56:53  / 0: 0 0 0 0 0 0 / 0: 0 0 0 0 0 0 / 0: 0 0 0 0 0 0
[2026-06-14T09:26:56.682Z] [ALL] 06-14 14:56:53.757  5776  5834 I appium  : channel read: POST /session/f5a9b506-d393-4b48-a69f-3151b1cdcacc/element
[2026-06-14T09:26:56.683Z] [ALL] 06-14 14:56:53.758  5776  5834 I appium  : FindElement command
[2026-06-14T09:26:56.683Z] [ALL] 06-14 14:56:53.759  5776  5834 I appium  : method: 'xpath', selector: '//*[@resource-id="otp_input_field" or @content-desc="otp_input_field"]'
[2026-06-14T09:26:56.685Z] [ALL] 06-14 14:56:53.759  5776  5834 I appium  : Waiting up to 10000ms for the device to idle
[2026-06-14T09:26:56.685Z] [ALL] 06-14 14:56:53.761  5776  5834 I appium  : The following attributes will be included to the page source: [resource-id, content-desc]
[2026-06-14T09:26:56.761Z] [ALL] 06-14 14:56:53.834  1486  1556 D PowerManagerService: displayReady: false groupId=0
[2026-06-14T09:26:56.764Z] [ALL] 06-14 14:56:53.836  1486  1556 D DisplayPowerController[0]: animateScreenStateChange: target=ON, mIsEnabled=true
[2026-06-14T09:26:56.764Z] [ALL] 06-14 14:56:53.837  1486  1556 D DisplayPowerController[0]: putAutoBrightnessTransitionTime: transitionTime=0
[2026-06-14T09:26:56.764Z] [ALL] 06-14 14:56:53.838  1486  1556 D PowerManagerService: displayReady: true groupId=0
[2026-06-14T09:26:56.769Z] [ALL] 06-14 14:56:53.844  5214  5214 D BoundBrokerSvc: onRebind: Intent { act=com.google.android.gms.libs.gmscorelogger.service.START dat=chimera-action:/... xflg=0x4 cmp=com.google.android.gms/.chimera.PersistentDirectBootAwareApiService }
[2026-06-14T09:26:56.914Z] [ALL] 06-14 14:56:53.989  5776  5834 I appium  : Took 0ms to retrieve 0 matches for '//*[@resource-id="otp_input_field" or @content-desc="otp_input_field"]' XPath2 query
[2026-06-14T09:26:56.917Z] [ALL] 06-14 14:56:53.990  5776  5834 I appium  : AppiumResponse: {"sessionId":"f5a9b506-d393-4b48-a69f-3151b1cdcacc","value":{"error":"no such element","message":"An element could not be located on the page using the given search parameters","stacktrace":"io.appium.uiautomator2.common.exceptions.ElementNotFoundException: An element could not be located on the page using the given search parameters\n\tat io.appium.uiautomator2.utils.ElementLocationHelpers.findElement(ElementLocationHelpers.java:153)\n\tat io.appium.uiautomator2.handler.FindElement.safeHandle(FindElement.java:60)\n\tat io.appium.uiautomator2.handler.request.SafeRequestHandler.handle(SafeRequestHandler.java:59)\n\tat io.appium.uiautomator2.server.AppiumServlet.handleRequest(AppiumServlet.java:267)\n\tat io.appium.uiautomator2.server.AppiumServlet.handleHttpRequest(AppiumServlet.java:261)\n\tat io.appium.uiautomator2.http.ServerHandler.channelRead(ServerHandler.java:77)\n\tat io.netty.channel.AbstractChannelHandlerContext.fireChannelRead(AbstractChannelHandlerContext.java:357)\n\tat io.netty.handler.codec.MessageToMessageDecoder.channelRead(MessageToMessageDecoder.java:107)\n\tat io.netty.channel.AbstractChannelHandlerContext.fireChannelRead(AbstractChannelHandlerContext.java:357)\n\tat io.netty.channel.CombinedChannelDuplexHandler$DelegatingChannelHandlerContext.fireChannelRead(CombinedChannelDuplexHandler.java:434)\n\tat io.netty.handler.codec.ByteToMessageDecoder.fireChannelRead(ByteToMessageDecoder.java:361)\n\tat io.netty.handler.codec.ByteToMessageDecoder.channelRead(ByteToMessageDecoder.java:325)\n\tat io.netty.channel.CombinedChannelDuplexHandler.channelRead(CombinedChannelDuplexHandler.java:249)\n\tat io.netty.channel.AbstractChannelHandlerContext.fireChannelRead(AbstractChannelHandlerContext.java:355)\n\tat io.netty.handler.timeout.IdleStateHandler.channelRead(IdleStateHandler.java:288)\n\tat io.netty.channel.AbstractChannelHandlerContext.fireChannelRead(AbstractChannelHandlerContext.java:355)\n\tat io.netty.channel.DefaultChannelPipeline$HeadContext.channelRead(DefaultChannelPipeline.java:1429)\n\tat io.netty.channel.DefaultChannelPipeline.fireChannelRead(DefaultChannelPipeline.java:918)\n\tat io.netty.channel.nio.AbstractNioByteChannel$NioByteUnsafe.read(AbstractNioByteChannel.java:176)\n\tat io.netty.channel.nio.AbstractNioChannel$AbstractNioUnsafe.handle(AbstractNioChannel.java:445)\n\tat io.netty.channel.nio.NioIoHandler$DefaultNioRegistration.handle(NioIoHandler.java:388)\n\tat io.netty.channel.nio.NioIoHandler.processSelectedKey(NioIoHandler.java:596)\n\tat io.netty.channel.nio.NioIoHandler.processSelectedKeysOptimized(NioIoHandler.java:571)\n\tat io.netty.channel.nio.NioIoHandler.processSelectedKeys(NioIoHandler.java:512)\n\tat io.netty.channel.nio.NioIoHandler.run(NioIoHandler.java:484)\n\tat io.netty.channel.SingleThreadIoEventLoop.runIo(SingleThreadIoEventLoop.java:225)\n\tat io.netty.channel.SingleThreadIoEventLoop.run(SingleThreadIoEventLoop.java:196)\n\tat io.netty.util.concurrent.SingleThreadEventExecutor$5.run(SingleThreadEventExecutor.java:1195)\n\tat io.netty.util.internal.ThreadExecutorMap$2.run(ThreadExecutorMap.java:74)\n\tat io.netty.util.concurrent.FastThreadLocalRunnable.run(FastThreadLocalRunnable.java:30)\n\tat java.lang.Thread.run(Thread.java:1564)\n"}}
[2026-06-14T09:26:56.963Z] [ALL] 06-14 14:56:54.037  1486  1556 D PowerManagerService: displayReady: false groupId=0
[2026-06-14T09:26:56.963Z] [ALL] 06-14 14:56:54.038  1486  1556 D DisplayPowerController[0]: animateScreenStateChange: target=ON, mIsEnabled=true
[2026-06-14T09:26:56.965Z] [ALL] 06-14 14:56:54.038  1486  1556 D DisplayPowerController[0]: putAutoBrightnessTransitionTime: transitionTime=0
[2026-06-14T09:26:56.965Z] [ALL] 06-14 14:56:54.040  1486  1556 D PowerManagerService: displayReady: true groupId=0
[2026-06-14T09:26:57.165Z] [ALL] 06-14 14:56:54.239  1486  1556 D PowerManagerService: displayReady: false groupId=0
[2026-06-14T09:26:57.169Z] [ALL] 06-14 14:56:54.240  1486  1556 D DisplayPowerController[0]: animateScreenStateChange: target=ON, mIsEnabled=true
[2026-06-14T09:26:57.172Z] [ALL] 06-14 14:56:54.241  1486  1556 D DisplayPowerController[0]: putAutoBrightnessTransitionTime: transitionTime=0
[2026-06-14T09:26:57.172Z] [ALL] 06-14 14:56:54.242  1486  1556 D PowerManagerService: displayReady: true groupId=0
[2026-06-14T09:26:57.227Z] [ALL] 06-14 14:56:54.298  1486  2138 D SLocation: AgingAccuracy - no response from core, get max distance
[2026-06-14T09:26:57.227Z] [ALL] 06-14 14:56:54.299  1486  2138 D SLocation: FilteredLastLocation - notify all last locations, loc : 2
[2026-06-14T09:26:57.368Z] [ALL] 06-14 14:56:54.442  1486  1556 D PowerManagerService: displayReady: false groupId=0
[2026-06-14T09:26:57.371Z] [ALL] 06-14 14:56:54.443  1486  1556 D DisplayPowerController[0]: animateScreenStateChange: target=ON, mIsEnabled=true
[2026-06-14T09:26:57.371Z] [ALL] 06-14 14:56:54.444  1486  1556 D DisplayPowerController[0]: putAutoBrightnessTransitionTime: transitionTime=0
[2026-06-14T09:26:57.375Z] [ALL] 06-14 14:56:54.446  1486  1556 D PowerManagerService: displayReady: true groupId=0
[2026-06-14T09:26:57.436Z] [ALL] 06-14 14:56:54.510  5776  5834 I appium  : channel read: POST /session/f5a9b506-d393-4b48-a69f-3151b1cdcacc/element
[2026-06-14T09:26:57.436Z] [ALL] 06-14 14:56:54.511  5776  5834 I appium  : FindElement command
[2026-06-14T09:26:57.438Z] [ALL] 06-14 14:56:54.512  5776  5834 I appium  : method: 'xpath', selector: '//*[@resource-id="otp_input_field" or @content-desc="otp_input_field"]'
[2026-06-14T09:26:57.438Z] [ALL] 06-14 14:56:54.512  5776  5834 I appium  : Waiting up to 10000ms for the device to idle
[2026-06-14T09:26:57.439Z] [ALL] 06-14 14:56:54.514  5776  5834 I appium  : The following attributes will be included to the page source: [resource-id, content-desc]
[2026-06-14T09:26:57.512Z] [ALL] 06-14 14:56:54.586  1486  3015 I ActivityManager: Changes in 10470 11 to 19, 384 to 0
[2026-06-14T09:26:57.516Z] [ALL] 06-14 14:56:54.591  1149  1280 I SurfaceFlinger: Current= 60, Period= 60, hwcPeriod= 60
[2026-06-14T09:26:57.571Z] [ALL] 06-14 14:56:54.644  1486  1556 D PowerManagerService: displayReady: false groupId=0
[2026-06-14T09:26:57.571Z] [ALL] 06-14 14:56:54.644  1486  1556 D DisplayPowerController[0]: animateScreenStateChange: target=ON, mIsEnabled=true
[2026-06-14T09:26:57.571Z] [ALL] 06-14 14:56:54.645  1486  1556 D DisplayPowerController[0]: putAutoBrightnessTransitionTime: transitionTime=0
[2026-06-14T09:26:57.573Z] [ALL] 06-14 14:56:54.646  1486  1556 D PowerManagerService: displayReady: true groupId=0
[2026-06-14T09:26:57.657Z] [ALL] 06-14 14:56:54.732  1486  1858 D SemWifiEleStateTracker: Pressure Diff: -0.002319336
[2026-06-14T09:26:57.657Z] [ALL] 06-14 14:56:54.732  1486  1858 D SemWifiEleStateTracker: Barometer value: Prev 998.0956 Current 998.09326 mSmallBaroDetected : false
[2026-06-14T09:26:57.678Z] [ALL] 06-14 14:56:54.751  5776  5834 I appium  : Took 0ms to retrieve 0 matches for '//*[@resource-id="otp_input_field" or @content-desc="otp_input_field"]' XPath2 query
[2026-06-14T09:26:57.682Z] [ALL] 06-14 14:56:54.752  5776  5834 I appium  : AppiumResponse: {"sessionId":"f5a9b506-d393-4b48-a69f-3151b1cdcacc","value":{"error":"no such element","message":"An element could not be located on the page using the given search parameters","stacktrace":"io.appium.uiautomator2.common.exceptions.ElementNotFoundException: An element could not be located on the page using the given search parameters\n\tat io.appium.uiautomator2.utils.ElementLocationHelpers.findElement(ElementLocationHelpers.java:153)\n\tat io.appium.uiautomator2.handler.FindElement.safeHandle(FindElement.java:60)\n\tat io.appium.uiautomator2.handler.request.SafeRequestHandler.handle(SafeRequestHandler.java:59)\n\tat io.appium.uiautomator2.server.AppiumServlet.handleRequest(AppiumServlet.java:267)\n\tat io.appium.uiautomator2.server.AppiumServlet.handleHttpRequest(AppiumServlet.java:261)\n\tat io.appium.uiautomator2.http.ServerHandler.channelRead(ServerHandler.java:77)\n\tat io.netty.channel.AbstractChannelHandlerContext.fireChannelRead(AbstractChannelHandlerContext.java:357)\n\tat io.netty.handler.codec.MessageToMessageDecoder.channelRead(MessageToMessageDecoder.java:107)\n\tat io.netty.channel.AbstractChannelHandlerContext.fireChannelRead(AbstractChannelHandlerContext.java:357)\n\tat io.netty.channel.CombinedChannelDuplexHandler$DelegatingChannelHandlerContext.fireChannelRead(CombinedChannelDuplexHandler.java:434)\n\tat io.netty.handler.codec.ByteToMessageDecoder.fireChannelRead(ByteToMessageDecoder.java:361)\n\tat io.netty.handler.codec.ByteToMessageDecoder.channelRead(ByteToMessageDecoder.java:325)\n\tat io.netty.channel.CombinedChannelDuplexHandler.channelRead(CombinedChannelDuplexHandler.java:249)\n\tat io.netty.channel.AbstractChannelHandlerContext.fireChannelRead(AbstractChannelHandlerContext.java:355)\n\tat io.netty.handler.timeout.IdleStateHandler.channelRead(IdleStateHandler.java:288)\n\tat io.netty.channel.AbstractChannelHandlerContext.fireChannelRead(AbstractChannelHandlerContext.java:355)\n\tat io.netty.channel.DefaultChannelPipeline$HeadContext.channelRead(DefaultChannelPipeline.java:1429)\n\tat io.netty.channel.DefaultChannelPipeline.fireChannelRead(DefaultChannelPipeline.java:918)\n\tat io.netty.channel.nio.AbstractNioByteChannel$NioByteUnsafe.read(AbstractNioByteChannel.java:176)\n\tat io.netty.channel.nio.AbstractNioChannel$AbstractNioUnsafe.handle(AbstractNioChannel.java:445)\n\tat io.netty.channel.nio.NioIoHandler$DefaultNioRegistration.handle(NioIoHandler.java:388)\n\tat io.netty.channel.nio.NioIoHandler.processSelectedKey(NioIoHandler.java:596)\n\tat io.netty.channel.nio.NioIoHandler.processSelectedKeysOptimized(NioIoHandler.java:571)\n\tat io.netty.channel.nio.NioIoHandler.processSelectedKeys(NioIoHandler.java:512)\n\tat io.netty.channel.nio.NioIoHandler.run(NioIoHandler.java:484)\n\tat io.netty.channel.SingleThreadIoEventLoop.runIo(SingleThreadIoEventLoop.java:225)\n\tat io.netty.channel.SingleThreadIoEventLoop.run(SingleThreadIoEventLoop.java:196)\n\tat io.netty.util.concurrent.SingleThreadEventExecutor$5.run(SingleThreadEventExecutor.java:1195)\n\tat io.netty.util.internal.ThreadExecutorMap$2.run(ThreadExecutorMap.java:74)\n\tat io.netty.util.concurrent.FastThreadLocalRunnable.run(FastThreadLocalRunnable.java:30)\n\tat java.lang.Thread.run(Thread.java:1564)\n"}}
[2026-06-14T09:26:57.780Z] [ALL] 06-14 14:56:54.845  1486  1556 D PowerManagerService: displayReady: false groupId=0
[2026-06-14T09:26:57.780Z] [ALL] 06-14 14:56:54.846  1486  1556 D DisplayPowerController[0]: animateScreenStateChange: target=ON, mIsEnabled=true
[2026-06-14T09:26:57.782Z] [ALL] 06-14 14:56:54.853  1486  1556 D DisplayPowerController[0]: putAutoBrightnessTransitionTime: transitionTime=0
[2026-06-14T09:26:57.786Z] [ALL] 06-14 14:56:54.861  1486  1556 D PowerManagerService: displayReady: true groupId=0
[2026-06-14T09:26:57.927Z] [ALL] 06-14 14:56:54.999   747   747 D io_stats: !@   8,0 r 79570174 1569786557 w 12655836 207307568 d 4206646 258477248 f 0 1104890 iot 28643564 0 th 0 0 0 pt 0 inp 0 0 180029.388
[2026-06-14T09:26:57.928Z] [ALL] 06-14 14:56:55.000   747   747 D io_stats: !@ Read_top(KB): .gms.persistent(5214) 864 system_server(1486) 468 gnss@2.1-servic(1269) 388
[2026-06-14T09:26:57.933Z] [ALL] 06-14 14:56:55.000   747   747 D io_stats: !@ Write_top(KB): droid.rubin.app(31535) 20 android.hardwar(1063) 8
[2026-06-14T09:26:57.975Z] [ALL] 06-14 14:56:55.047  1486  1556 D PowerManagerService: displayReady: false groupId=0
[2026-06-14T09:26:57.975Z] [ALL] 06-14 14:56:55.048  1486  1556 D DisplayPowerController[0]: animateScreenStateChange: target=ON, mIsEnabled=true
[2026-06-14T09:26:57.981Z] [ALL] 06-14 14:56:55.048  1486  1556 D DisplayPowerController[0]: putAutoBrightnessTransitionTime: transitionTime=0
[2026-06-14T09:26:57.981Z] [ALL] 06-14 14:56:55.052  1486  1556 D PowerManagerService: displayReady: true groupId=0
[2026-06-14T09:26:57.997Z] [ALL] 06-14 14:56:55.073  5776  5834 I appium  : channel read: POST /session/f5a9b506-d393-4b48-a69f-3151b1cdcacc/element
[2026-06-14T09:26:57.999Z] [ALL] 06-14 14:56:55.073  5776  5834 I appium  : FindElement command
[2026-06-14T09:26:58.001Z] [ALL] 06-14 14:56:55.075  5776  5834 I appium  : method: 'xpath', selector: '//*[@resource-id="otp_input_field" or @content-desc="otp_input_field"]'
[2026-06-14T09:26:58.001Z] [ALL] 06-14 14:56:55.075  5776  5834 I appium  : Waiting up to 10000ms for the device to idle
[2026-06-14T09:26:58.001Z] [ALL] 06-14 14:56:55.076  5776  5834 I appium  : The following attributes will be included to the page source: [resource-id, content-desc]
[2026-06-14T09:26:58.176Z] [ALL] 06-14 14:56:55.248  1486  1556 D PowerManagerService: displayReady: false groupId=0
[2026-06-14T09:26:58.179Z] [ALL] 06-14 14:56:55.251  1486  1556 D DisplayPowerController[0]: animateScreenStateChange: target=ON, mIsEnabled=true
[2026-06-14T09:26:58.179Z] [ALL] 06-14 14:56:55.252  1486  1556 D DisplayPowerController[0]: putAutoBrightnessTransitionTime: transitionTime=0
[2026-06-14T09:26:58.184Z] [ALL] 06-14 14:56:55.255  1486  1556 D PowerManagerService: displayReady: true groupId=0
[2026-06-14T09:26:58.314Z] [ALL] 06-14 14:56:55.389  5776  5834 I appium  : Took 0ms to retrieve 0 matches for '//*[@resource-id="otp_input_field" or @content-desc="otp_input_field"]' XPath2 query
[2026-06-14T09:26:58.320Z] [ALL] 06-14 14:56:55.390  5776  5834 I appium  : AppiumResponse: {"sessionId":"f5a9b506-d393-4b48-a69f-3151b1cdcacc","value":{"error":"no such element","message":"An element could not be located on the page using the given search parameters","stacktrace":"io.appium.uiautomator2.common.exceptions.ElementNotFoundException: An element could not be located on the page using the given search parameters\n\tat io.appium.uiautomator2.utils.ElementLocationHelpers.findElement(ElementLocationHelpers.java:153)\n\tat io.appium.uiautomator2.handler.FindElement.safeHandle(FindElement.java:60)\n\tat io.appium.uiautomator2.handler.request.SafeRequestHandler.handle(SafeRequestHandler.java:59)\n\tat io.appium.uiautomator2.server.AppiumServlet.handleRequest(AppiumServlet.java:267)\n\tat io.appium.uiautomator2.server.AppiumServlet.handleHttpRequest(AppiumServlet.java:261)\n\tat io.appium.uiautomator2.http.ServerHandler.channelRead(ServerHandler.java:77)\n\tat io.netty.channel.AbstractChannelHandlerContext.fireChannelRead(AbstractChannelHandlerContext.java:357)\n\tat io.netty.handler.codec.MessageToMessageDecoder.channelRead(MessageToMessageDecoder.java:107)\n\tat io.netty.channel.AbstractChannelHandlerContext.fireChannelRead(AbstractChannelHandlerContext.java:357)\n\tat io.netty.channel.CombinedChannelDuplexHandler$DelegatingChannelHandlerContext.fireChannelRead(CombinedChannelDuplexHandler.java:434)\n\tat io.netty.handler.codec.ByteToMessageDecoder.fireChannelRead(ByteToMessageDecoder.java:361)\n\tat io.netty.handler.codec.ByteToMessageDecoder.channelRead(ByteToMessageDecoder.java:325)\n\tat io.netty.channel.CombinedChannelDuplexHandler.channelRead(CombinedChannelDuplexHandler.java:249)\n\tat io.netty.channel.AbstractChannelHandlerContext.fireChannelRead(AbstractChannelHandlerContext.java:355)\n\tat io.netty.handler.timeout.IdleStateHandler.channelRead(IdleStateHandler.java:288)\n\tat io.netty.channel.AbstractChannelHandlerContext.fireChannelRead(AbstractChannelHandlerContext.java:355)\n\tat io.netty.channel.DefaultChannelPipeline$HeadContext.channelRead(DefaultChannelPipeline.java:1429)\n\tat io.netty.channel.DefaultChannelPipeline.fireChannelRead(DefaultChannelPipeline.java:918)\n\tat io.netty.channel.nio.AbstractNioByteChannel$NioByteUnsafe.read(AbstractNioByteChannel.java:176)\n\tat io.netty.channel.nio.AbstractNioChannel$AbstractNioUnsafe.handle(AbstractNioChannel.java:445)\n\tat io.netty.channel.nio.NioIoHandler$DefaultNioRegistration.handle(NioIoHandler.java:388)\n\tat io.netty.channel.nio.NioIoHandler.processSelectedKey(NioIoHandler.java:596)\n\tat io.netty.channel.nio.NioIoHandler.processSelectedKeysOptimized(NioIoHandler.java:571)\n\tat io.netty.channel.nio.NioIoHandler.processSelectedKeys(NioIoHandler.java:512)\n\tat io.netty.channel.nio.NioIoHandler.run(NioIoHandler.java:484)\n\tat io.netty.channel.SingleThreadIoEventLoop.runIo(SingleThreadIoEventLoop.java:225)\n\tat io.netty.channel.SingleThreadIoEventLoop.run(SingleThreadIoEventLoop.java:196)\n\tat io.netty.util.concurrent.SingleThreadEventExecutor$5.run(SingleThreadEventExecutor.java:1195)\n\tat io.netty.util.internal.ThreadExecutorMap$2.run(ThreadExecutorMap.java:74)\n\tat io.netty.util.concurrent.FastThreadLocalRunnable.run(FastThreadLocalRunnable.java:30)\n\tat java.lang.Thread.run(Thread.java:1564)\n"}}
[2026-06-14T09:26:58.354Z] [ALL] 06-14 14:56:55.417  5776  5834 I appium  : channel read: POST /session/f5a9b506-d393-4b48-a69f-3151b1cdcacc/element
[2026-06-14T09:26:58.354Z] [ALL] 06-14 14:56:55.418  5776  5834 I appium  : FindElement command
[2026-06-14T09:26:58.371Z] [ALL] 06-14 14:56:55.418  5776  5834 I appium  : method: 'xpath', selector: '//*[@resource-id="otp_input_field" or @content-desc="otp_input_field"]'
[2026-06-14T09:26:58.372Z] [ALL] 06-14 14:56:55.419  5776  5834 I appium  : Waiting up to 10000ms for the device to idle
[2026-06-14T09:26:58.372Z] [ALL] 06-14 14:56:55.420  5776  5834 I appium  : The following attributes will be included to the page source: [resource-id, content-desc]
[2026-06-14T09:26:58.372Z] [ALL] 06-14 14:56:55.425  5776  5789 I tomator2.server: Method exceeds compiler instruction limit: 19260 in java_cup.runtime.Symbol org.eclipse.wst.xml.xpath2.processor.internal.CUP$XPathCup$actions.CUP$XPathCup$do_action(int, java_cup.runtime.lr_parser, java.util.Stack, int)
[2026-06-14T09:26:58.394Z] [ALL] 06-14 14:56:55.451  1486  1556 D PowerManagerService: displayReady: false groupId=0
[2026-06-14T09:26:58.500Z] [ALL] 06-14 14:56:55.454  1486  1556 D DisplayPowerController[0]: animateScreenStateChange: target=ON, mIsEnabled=true
[2026-06-14T09:26:58.500Z] [ALL] 06-14 14:56:55.455  1486  1556 D DisplayPowerController[0]: putAutoBrightnessTransitionTime: transitionTime=0
[2026-06-14T09:26:58.500Z] [ALL] 06-14 14:56:55.457  1486  1556 D PowerManagerService: displayReady: true groupId=0
[2026-06-14T09:26:58.664Z] [ALL] 06-14 14:56:55.562  5776  5834 I appium  : Took 0ms to retrieve 0 matches for '//*[@resource-id="otp_input_field" or @content-desc="otp_input_field"]' XPath2 query
[2026-06-14T09:26:58.664Z] [ALL] 06-14 14:56:55.564  5776  5834 I appium  : AppiumResponse: {"sessionId":"f5a9b506-d393-4b48-a69f-3151b1cdcacc","value":{"error":"no such element","message":"An element could not be located on the page using the given search parameters","stacktrace":"io.appium.uiautomator2.common.exceptions.ElementNotFoundException: An element could not be located on the page using the given search parameters\n\tat io.appium.uiautomator2.utils.ElementLocationHelpers.findElement(ElementLocationHelpers.java:153)\n\tat io.appium.uiautomator2.handler.FindElement.safeHandle(FindElement.java:60)\n\tat io.appium.uiautomator2.handler.request.SafeRequestHandler.handle(SafeRequestHandler.java:59)\n\tat io.appium.uiautomator2.server.AppiumServlet.handleRequest(AppiumServlet.java:267)\n\tat io.appium.uiautomator2.server.AppiumServlet.handleHttpRequest(AppiumServlet.java:261)\n\tat io.appium.uiautomator2.http.ServerHandler.channelRead(ServerHandler.java:77)\n\tat io.netty.channel.AbstractChannelHandlerContext.fireChannelRead(AbstractChannelHandlerContext.java:357)\n\tat io.netty.handler.codec.MessageToMessageDecoder.channelRead(MessageToMessageDecoder.java:107)\n\tat io.netty.channel.AbstractChannelHandlerContext.fireChannelRead(AbstractChannelHandlerContext.java:357)\n\tat io.netty.channel.CombinedChannelDuplexHandler$DelegatingChannelHandlerContext.fireChannelRead(CombinedChannelDuplexHandler.java:434)\n\tat io.netty.handler.codec.ByteToMessageDecoder.fireChannelRead(ByteToMessageDecoder.java:361)\n\tat io.netty.handler.codec.ByteToMessageDecoder.channelRead(ByteToMessageDecoder.java:325)\n\tat io.netty.channel.CombinedChannelDuplexHandler.channelRead(CombinedChannelDuplexHandler.java:249)\n\tat io.netty.channel.AbstractChannelHandlerContext.fireChannelRead(AbstractChannelHandlerContext.java:355)\n\tat io.netty.handler.timeout.IdleStateHandler.channelRead(IdleStateHandler.java:288)\n\tat io.netty.channel.AbstractChannelHandlerContext.fireChannelRead(AbstractChannelHandlerContext.java:355)\n\tat io.netty.channel.DefaultChannelPipeline$HeadContext.channelRead(DefaultChannelPipeline.java:1429)\n\tat io.netty.channel.DefaultChannelPipeline.fireChannelRead(DefaultChannelPipeline.java:918)\n\tat io.netty.channel.nio.AbstractNioByteChannel$NioByteUnsafe.read(AbstractNioByteChannel.java:176)\n\tat io.netty.channel.nio.AbstractNioChannel$AbstractNioUnsafe.handle(AbstractNioChannel.java:445)\n\tat io.netty.channel.nio.NioIoHandler$DefaultNioRegistration.handle(NioIoHandler.java:388)\n\tat io.netty.channel.nio.NioIoHandler.processSelectedKey(NioIoHandler.java:596)\n\tat io.netty.channel.nio.NioIoHandler.processSelectedKeysOptimized(NioIoHandler.java:571)\n\tat io.netty.channel.nio.NioIoHandler.processSelectedKeys(NioIoHandler.java:512)\n\tat io.netty.channel.nio.NioIoHandler.run(NioIoHandler.java:484)\n\tat io.netty.channel.SingleThreadIoEventLoop.runIo(SingleThreadIoEventLoop.java:225)\n\tat io.netty.channel.SingleThreadIoEventLoop.run(SingleThreadIoEventLoop.java:196)\n\tat io.netty.util.concurrent.SingleThreadEventExecutor$5.run(SingleThreadEventExecutor.java:1195)\n\tat io.netty.util.internal.ThreadExecutorMap$2.run(ThreadExecutorMap.java:74)\n\tat io.netty.util.concurrent.FastThreadLocalRunnable.run(FastThreadLocalRunnable.java:30)\n\tat java.lang.Thread.run(Thread.java:1564)\n"}}
[2026-06-14T09:26:58.767Z] [ALL] 06-14 14:56:55.598 24867 12867 I emhb    : (REDACTED) HDM. appOpsListener %s %s
[2026-06-14T09:26:58.767Z] [ALL] 06-14 14:56:55.601 24867 12867 I emhb    : (REDACTED) HDM. Ignoring irrelevant audio permission changes for package %s
[2026-06-14T09:26:58.767Z] [ALL] 06-14 14:56:55.602  3066  3129 I RequestManager_FLP: onOpChanged, op=0 / packageName=com.instagram.android
[2026-06-14T09:26:58.767Z] [ALL] 06-14 14:56:55.655  1486  1556 D PowerManagerService: displayReady: false groupId=0
[2026-06-14T09:26:58.767Z] [ALL] 06-14 14:56:55.657  1486  1556 D DisplayPowerController[0]: animateScreenStateChange: target=ON, mIsEnabled=true
[2026-06-14T09:26:58.767Z] [ALL] 06-14 14:56:55.658  1486  1556 D DisplayPowerController[0]: putAutoBrightnessTransitionTime: transitionTime=0
[2026-06-14T09:26:58.767Z] [ALL] 06-14 14:56:55.659  1486  1556 D PowerManagerService: displayReady: true groupId=0
[2026-06-14T09:26:58.790Z] [ALL] 06-14 14:56:55.859  1486  1556 D PowerManagerService: displayReady: false groupId=0
[2026-06-14T09:26:58.790Z] [ALL] 06-14 14:56:55.860  1486  1556 D DisplayPowerController[0]: animateScreenStateChange: target=ON, mIsEnabled=true
[2026-06-14T09:26:58.798Z] [ALL] 06-14 14:56:55.860  1486  1556 D DisplayPowerController[0]: putAutoBrightnessTransitionTime: transitionTime=0
[2026-06-14T09:26:58.798Z] [ALL] 06-14 14:56:55.862  1486  1556 D PowerManagerService: displayReady: true groupId=0
[2026-06-14T09:26:58.990Z] [ALL] 06-14 14:56:56.062  1486  1556 D PowerManagerService: displayReady: false groupId=0
[2026-06-14T09:26:58.990Z] [ALL] 06-14 14:56:56.063  1486  1556 D DisplayPowerController[0]: animateScreenStateChange: target=ON, mIsEnabled=true
[2026-06-14T09:26:58.997Z] [ALL] 06-14 14:56:56.063  1486  1556 D DisplayPowerController[0]: putAutoBrightnessTransitionTime: transitionTime=0
[2026-06-14T09:26:58.997Z] [ALL] 06-14 14:56:56.064  1486  1556 D PowerManagerService: displayReady: true groupId=0
[2026-06-14T09:26:59.178Z] [ALL] 06-14 14:56:56.249  5776  5834 I appium  : channel read: POST /session/f5a9b506-d393-4b48-a69f-3151b1cdcacc/element
[2026-06-14T09:26:59.178Z] [ALL] 06-14 14:56:56.250  5776  5834 I appium  : FindElement command
[2026-06-14T09:26:59.180Z] [ALL] 06-14 14:56:56.251  5776  5834 I appium  : method: 'xpath', selector: '//*[@resource-id="otp_input_field" or @content-desc="otp_input_field"]'
[2026-06-14T09:26:59.180Z] [ALL] 06-14 14:56:56.252  5776  5834 I appium  : Waiting up to 10000ms for the device to idle
[2026-06-14T09:26:59.180Z] [ALL] 06-14 14:56:56.253  5776  5834 I appium  : The following attributes will be included to the page source: [resource-id, content-desc]
[2026-06-14T09:26:59.189Z] [ALL] 06-14 14:56:56.263  1486  1556 D PowerManagerService: displayReady: false groupId=0
[2026-06-14T09:26:59.190Z] [ALL] 06-14 14:56:56.264  1486  1556 D DisplayPowerController[0]: animateScreenStateChange: target=ON, mIsEnabled=true
[2026-06-14T09:26:59.190Z] [ALL] 06-14 14:56:56.264  1486  1556 D DisplayPowerController[0]: putAutoBrightnessTransitionTime: transitionTime=0
[2026-06-14T09:26:59.192Z] [ALL] 06-14 14:56:56.267  1486  1556 D PowerManagerService: displayReady: true groupId=0
[2026-06-14T09:26:59.389Z] [ALL] 06-14 14:56:56.464  1486  1556 D PowerManagerService: displayReady: false groupId=0
[2026-06-14T09:26:59.393Z] [ALL] 06-14 14:56:56.466  1486  1556 D DisplayPowerController[0]: animateScreenStateChange: target=ON, mIsEnabled=true
[2026-06-14T09:26:59.395Z] [ALL] 06-14 14:56:56.468  1486  1556 D DisplayPowerController[0]: putAutoBrightnessTransitionTime: transitionTime=0
[2026-06-14T09:26:59.395Z] [ALL] 06-14 14:56:56.469  1486  1556 D PowerManagerService: displayReady: true groupId=0
[2026-06-14T09:26:59.426Z] [ALL] 06-14 14:56:56.499  5776  5834 I appium  : Took 0ms to retrieve 0 matches for '//*[@resource-id="otp_input_field" or @content-desc="otp_input_field"]' XPath2 query
[2026-06-14T09:26:59.433Z] [ALL] 06-14 14:56:56.501  5776  5834 I appium  : AppiumResponse: {"sessionId":"f5a9b506-d393-4b48-a69f-3151b1cdcacc","value":{"error":"no such element","message":"An element could not be located on the page using the given search parameters","stacktrace":"io.appium.uiautomator2.common.exceptions.ElementNotFoundException: An element could not be located on the page using the given search parameters\n\tat io.appium.uiautomator2.utils.ElementLocationHelpers.findElement(ElementLocationHelpers.java:153)\n\tat io.appium.uiautomator2.handler.FindElement.safeHandle(FindElement.java:60)\n\tat io.appium.uiautomator2.handler.request.SafeRequestHandler.handle(SafeRequestHandler.java:59)\n\tat io.appium.uiautomator2.server.AppiumServlet.handleRequest(AppiumServlet.java:267)\n\tat io.appium.uiautomator2.server.AppiumServlet.handleHttpRequest(AppiumServlet.java:261)\n\tat io.appium.uiautomator2.http.ServerHandler.channelRead(ServerHandler.java:77)\n\tat io.netty.channel.AbstractChannelHandlerContext.fireChannelRead(AbstractChannelHandlerContext.java:357)\n\tat io.netty.handler.codec.MessageToMessageDecoder.channelRead(MessageToMessageDecoder.java:107)\n\tat io.netty.channel.AbstractChannelHandlerContext.fireChannelRead(AbstractChannelHandlerContext.java:357)\n\tat io.netty.channel.CombinedChannelDuplexHandler$DelegatingChannelHandlerContext.fireChannelRead(CombinedChannelDuplexHandler.java:434)\n\tat io.netty.handler.codec.ByteToMessageDecoder.fireChannelRead(ByteToMessageDecoder.java:361)\n\tat io.netty.handler.codec.ByteToMessageDecoder.channelRead(ByteToMessageDecoder.java:325)\n\tat io.netty.channel.CombinedChannelDuplexHandler.channelRead(CombinedChannelDuplexHandler.java:249)\n\tat io.netty.channel.AbstractChannelHandlerContext.fireChannelRead(AbstractChannelHandlerContext.java:355)\n\tat io.netty.handler.timeout.IdleStateHandler.channelRead(IdleStateHandler.java:288)\n\tat io.netty.channel.AbstractChannelHandlerContext.fireChannelRead(AbstractChannelHandlerContext.java:355)\n\tat io.netty.channel.DefaultChannelPipeline$HeadContext.channelRead(DefaultChannelPipeline.java:1429)\n\tat io.netty.channel.DefaultChannelPipeline.fireChannelRead(DefaultChannelPipeline.java:918)\n\tat io.netty.channel.nio.AbstractNioByteChannel$NioByteUnsafe.read(AbstractNioByteChannel.java:176)\n\tat io.netty.channel.nio.AbstractNioChannel$AbstractNioUnsafe.handle(AbstractNioChannel.java:445)\n\tat io.netty.channel.nio.NioIoHandler$DefaultNioRegistration.handle(NioIoHandler.java:388)\n\tat io.netty.channel.nio.NioIoHandler.processSelectedKey(NioIoHandler.java:596)\n\tat io.netty.channel.nio.NioIoHandler.processSelectedKeysOptimized(NioIoHandler.java:571)\n\tat io.netty.channel.nio.NioIoHandler.processSelectedKeys(NioIoHandler.java:512)\n\tat io.netty.channel.nio.NioIoHandler.run(NioIoHandler.java:484)\n\tat io.netty.channel.SingleThreadIoEventLoop.runIo(SingleThreadIoEventLoop.java:225)\n\tat io.netty.channel.SingleThreadIoEventLoop.run(SingleThreadIoEventLoop.java:196)\n\tat io.netty.util.concurrent.SingleThreadEventExecutor$5.run(SingleThreadEventExecutor.java:1195)\n\tat io.netty.util.internal.ThreadExecutorMap$2.run(ThreadExecutorMap.java:74)\n\tat io.netty.util.concurrent.FastThreadLocalRunnable.run(FastThreadLocalRunnable.java:30)\n\tat java.lang.Thread.run(Thread.java:1564)\n"}}
[2026-06-14T09:26:59.595Z] [ALL] 06-14 14:56:56.667  1486  1556 D PowerManagerService: displayReady: false groupId=0
[2026-06-14T09:26:59.598Z] [ALL] 06-14 14:56:56.668  1486  1556 D DisplayPowerController[0]: animateScreenStateChange: target=ON, mIsEnabled=true
[2026-06-14T09:26:59.598Z] [ALL] 06-14 14:56:56.669  1486  1556 D DisplayPowerController[0]: putAutoBrightnessTransitionTime: transitionTime=0
[2026-06-14T09:26:59.598Z] [ALL] 06-14 14:56:56.670  1486  1556 D PowerManagerService: displayReady: true groupId=0
[2026-06-14T09:26:59.696Z] [ALL] 06-14 14:56:56.768  1486  1729 D WifiStaIfaceHidlImpl: getCachedScanData is not implemented by HIDL
[2026-06-14T09:26:59.699Z] [ALL] 06-14 14:56:56.771  1486  1828 I SemWifiServiceDetector: Service det. suspended: T / T / 19967
[2026-06-14T09:26:59.700Z] [ALL] 06-14 14:56:56.774  1486  3494 D SemWifiUsabilityStatsMonitor: onWifiUsabilityStats - seqNum 22742, isSameBssidAndFreq true
[2026-06-14T09:26:59.702Z] [ALL] 06-14 14:56:56.777  1486  1830 I SemWifiLinkQualityMonitor: Link stat: 905 / 323 / 1.00 (9) / 78 / -51.0 || 100.0 : 78.00 / B (B) || 75790cca2437: 0.215 / 37.292 / N / V || N N / 0 0 / N 2.0 / N -1 0.000 0.000 / N / X 0 / 180031164 0 0 || 2026-06-14 14:56:56  / 0: 0 0 0 0 0 0 / 0: 0 0 0 0 0 0 / 0: 0 0 0 0 0 0
[2026-06-14T09:26:59.704Z] [ALL] 06-14 14:56:56.779  2072  2072 I EPDG-0 [WifiProfiler]: handleWifiRssiIntent, rssi=-51
[2026-06-14T09:26:59.704Z] [ALL] 06-14 14:56:56.779  2072  2072 I EPDG-0 [WifiProfiler]: isProfiling, hash=189204772, started=true
[2026-06-14T09:26:59.704Z] [ALL] 06-14 14:56:56.779  2072  2072 I EPDG-0 [LogMetrics]: set, type=WIFI_RSSI_LAST, value=-51
[2026-06-14T09:26:59.704Z] [ALL] 06-14 14:56:56.779  2072  2072 I EPDG-0 [WifiProfiler]: isProfiling, hash=189204772, started=true
[2026-06-14T09:26:59.705Z] [ALL] 06-14 14:56:56.781  2072  2072 I EPDG-0 [WifiProfiler]: Rssi : -51 highrange : -75 lowrange : -85 mIsRssiInHystersis : false
[2026-06-14T09:26:59.705Z] [ALL] 06-14 14:56:56.781  2072  2072 I EPDG-0 [WifiProfiler]: Rssi : -51 highrange : -75 lowrange : -85 mIsRssiInHystersis : false
[2026-06-14T09:26:59.705Z] [ALL] 06-14 14:56:56.781  2072  2072 I EPDG-0 [Subscription]: isEpdgAvailable, IwlanPsState=2/2
[2026-06-14T09:26:59.705Z] [ALL] 06-14 14:56:56.781  2072  2072 I EPDG-0 [WifiProfiler]: getHandoverThresholdMet: value is: false
[2026-06-14T09:26:59.708Z] [ALL] 06-14 14:56:56.783  1486  1858 I SemWifiEleStateTracker: Ele Parameters BD : 13 13 13 13 13 13 MD : -120 -120 -120 -118 -118 -118 WD : -52 -55 -52 -51 -52 -52 GC : false false false false false false SC : false false false false false false SH : false false false false false false TB : false false false false false false
[2026-06-14T09:26:59.708Z] [ALL] 06-14 14:56:56.783  1486  1858 D SemWifiEleStateTracker: Pressure Diff: 0.00390625
[2026-06-14T09:26:59.712Z] [ALL] 06-14 14:56:56.783  1486  1858 D SemWifiEleStateTracker: Barometer value: Prev 998.09326 Current 998.09717 mSmallBaroDetected : false
[2026-06-14T09:26:59.794Z] [ALL] 06-14 14:56:56.869  1486  1556 D PowerManagerService: displayReady: false groupId=0
[2026-06-14T09:26:59.797Z] [ALL] 06-14 14:56:56.870  1486  1556 D DisplayPowerController[0]: animateScreenStateChange: target=ON, mIsEnabled=true
[2026-06-14T09:26:59.797Z] [ALL] 06-14 14:56:56.871  1486  1556 D DisplayPowerController[0]: putAutoBrightnessTransitionTime: transitionTime=0
[2026-06-14T09:26:59.799Z] [ALL] 06-14 14:56:56.872  1486  1556 D PowerManagerService: displayReady: true groupId=0
[2026-06-14T09:26:59.928Z] [ALL] 06-14 14:56:57.001   747   747 D io_stats: !@   8,0 r 79570174 1569786557 w 12655858 207309976 d 4206646 258477248 f 0 1104890 iot 28643588 0 th 0 0 0 pt 0 inp 0 0 180031.390
[2026-06-14T09:26:59.952Z] [ALL] 06-14 14:56:57.026  5776  5834 I appium  : channel read: POST /session/f5a9b506-d393-4b48-a69f-3151b1cdcacc/element
[2026-06-14T09:26:59.952Z] [ALL] 06-14 14:56:57.026  5776  5834 I appium  : FindElement command
[2026-06-14T09:26:59.953Z] [ALL] 06-14 14:56:57.027  5776  5834 I appium  : method: 'xpath', selector: '//*[@resource-id="otp_input_field" or @content-desc="otp_input_field"]'
[2026-06-14T09:26:59.954Z] [ALL] 06-14 14:56:57.028  5776  5834 I appium  : Waiting up to 10000ms for the device to idle
[2026-06-14T09:26:59.954Z] [ALL] 06-14 14:56:57.029  5776  5834 I appium  : The following attributes will be included to the page source: [resource-id, content-desc]
[2026-06-14T09:26:59.998Z] [ALL] 06-14 14:56:57.072  1486  1556 D PowerManagerService: displayReady: false groupId=0
[2026-06-14T09:27:00.003Z] [ALL] 06-14 14:56:57.076  1486  1556 D DisplayPowerController[0]: animateScreenStateChange: target=ON, mIsEnabled=true
[2026-06-14T09:27:00.006Z] [ALL] 06-14 14:56:57.078  1486  1556 D DisplayPowerController[0]: putAutoBrightnessTransitionTime: transitionTime=0
[2026-06-14T09:27:00.006Z] [ALL] 06-14 14:56:57.080  1486  1556 D PowerManagerService: displayReady: true groupId=0
[2026-06-14T09:27:00.145Z] [ALL] 06-14 14:56:57.219  1486  3107 I NSLocationMonitor: getGPSUsingApps() called
[2026-06-14T09:27:00.147Z] [ALL] 06-14 14:56:57.220  3066  3089 I NSLocationManager_FLP: getGPSUsingApps, No change
[2026-06-14T09:27:00.163Z] [ALL] 06-14 14:56:57.238  1486  3107 D FreecessHandler: skipping freeze com.truecaller(10274) result : 2
[2026-06-14T09:27:00.202Z] [ALL] 06-14 14:56:57.277  1486  1556 D PowerManagerService: displayReady: false groupId=0
[2026-06-14T09:27:00.206Z] [ALL] 06-14 14:56:57.278  1486  1556 D DisplayPowerController[0]: animateScreenStateChange: target=ON, mIsEnabled=true
[2026-06-14T09:27:00.206Z] [ALL] 06-14 14:56:57.279  1486  1556 D DisplayPowerController[0]: putAutoBrightnessTransitionTime: transitionTime=0
[2026-06-14T09:27:00.209Z] [ALL] 06-14 14:56:57.280  1486  1556 D PowerManagerService: displayReady: true groupId=0
[2026-06-14T09:27:00.216Z] [ALL] 06-14 14:56:57.290  5776  5834 I appium  : Took 0ms to retrieve 0 matches for '//*[@resource-id="otp_input_field" or @content-desc="otp_input_field"]' XPath2 query
[2026-06-14T09:27:00.218Z] [ALL] 06-14 14:56:57.292  5776  5834 I appium  : AppiumResponse: {"sessionId":"f5a9b506-d393-4b48-a69f-3151b1cdcacc","value":{"error":"no such element","message":"An element could not be located on the page using the given search parameters","stacktrace":"io.appium.uiautomator2.common.exceptions.ElementNotFoundException: An element could not be located on the page using the given search parameters\n\tat io.appium.uiautomator2.utils.ElementLocationHelpers.findElement(ElementLocationHelpers.java:153)\n\tat io.appium.uiautomator2.handler.FindElement.safeHandle(FindElement.java:60)\n\tat io.appium.uiautomator2.handler.request.SafeRequestHandler.handle(SafeRequestHandler.java:59)\n\tat io.appium.uiautomator2.server.AppiumServlet.handleRequest(AppiumServlet.java:267)\n\tat io.appium.uiautomator2.server.AppiumServlet.handleHttpRequest(AppiumServlet.java:261)\n\tat io.appium.uiautomator2.http.ServerHandler.channelRead(ServerHandler.java:77)\n\tat io.netty.channel.AbstractChannelHandlerContext.fireChannelRead(AbstractChannelHandlerContext.java:357)\n\tat io.netty.handler.codec.MessageToMessageDecoder.channelRead(MessageToMessageDecoder.java:107)\n\tat io.netty.channel.AbstractChannelHandlerContext.fireChannelRead(AbstractChannelHandlerContext.java:357)\n\tat io.netty.channel.CombinedChannelDuplexHandler$DelegatingChannelHandlerContext.fireChannelRead(CombinedChannelDuplexHandler.java:434)\n\tat io.netty.handler.codec.ByteToMessageDecoder.fireChannelRead(ByteToMessageDecoder.java:361)\n\tat io.netty.handler.codec.ByteToMessageDecoder.channelRead(ByteToMessageDecoder.java:325)\n\tat io.netty.channel.CombinedChannelDuplexHandler.channelRead(CombinedChannelDuplexHandler.java:249)\n\tat io.netty.channel.AbstractChannelHandlerContext.fireChannelRead(AbstractChannelHandlerContext.java:355)\n\tat io.netty.handler.timeout.IdleStateHandler.channelRead(IdleStateHandler.java:288)\n\tat io.netty.channel.AbstractChannelHandlerContext.fireChannelRead(AbstractChannelHandlerContext.java:355)\n\tat io.netty.channel.DefaultChannelPipeline$HeadContext.channelRead(DefaultChannelPipeline.java:1429)\n\tat io.netty.channel.DefaultChannelPipeline.fireChannelRead(DefaultChannelPipeline.java:918)\n\tat io.netty.channel.nio.AbstractNioByteChannel$NioByteUnsafe.read(AbstractNioByteChannel.java:176)\n\tat io.netty.channel.nio.AbstractNioChannel$AbstractNioUnsafe.handle(AbstractNioChannel.java:445)\n\tat io.netty.channel.nio.NioIoHandler$DefaultNioRegistration.handle(NioIoHandler.java:388)\n\tat io.netty.channel.nio.NioIoHandler.processSelectedKey(NioIoHandler.java:596)\n\tat io.netty.channel.nio.NioIoHandler.processSelectedKeysOptimized(NioIoHandler.java:571)\n\tat io.netty.channel.nio.NioIoHandler.processSelectedKeys(NioIoHandler.java:512)\n\tat io.netty.channel.nio.NioIoHandler.run(NioIoHandler.java:484)\n\tat io.netty.channel.SingleThreadIoEventLoop.runIo(SingleThreadIoEventLoop.java:225)\n\tat io.netty.channel.SingleThreadIoEventLoop.run(SingleThreadIoEventLoop.java:196)\n\tat io.netty.util.concurrent.SingleThreadEventExecutor$5.run(SingleThreadEventExecutor.java:1195)\n\tat io.netty.util.internal.ThreadExecutorMap$2.run(ThreadExecutorMap.java:74)\n\tat io.netty.util.concurrent.FastThreadLocalRunnable.run(FastThreadLocalRunnable.java:30)\n\tat java.lang.Thread.run(Thread.java:1564)\n"}}
[2026-06-14T09:27:00.406Z] [ALL] 06-14 14:56:57.479  1486  1556 D PowerManagerService: displayReady: false groupId=0
[2026-06-14T09:27:00.406Z] [ALL] 06-14 14:56:57.480  1486  1556 D DisplayPowerController[0]: animateScreenStateChange: target=ON, mIsEnabled=true
[2026-06-14T09:27:00.414Z] [ALL] 06-14 14:56:57.482  1486  1556 D DisplayPowerController[0]: putAutoBrightnessTransitionTime: transitionTime=0
[2026-06-14T09:27:00.417Z] [ALL] 06-14 14:56:57.491  1486  1556 D PowerManagerService: displayReady: true groupId=0
[2026-06-14T09:27:00.609Z] [ALL] 06-14 14:56:57.681  1486  1556 D PowerManagerService: displayReady: false groupId=0
[2026-06-14T09:27:00.614Z] [ALL] 06-14 14:56:57.683  1486  1556 D DisplayPowerController[0]: animateScreenStateChange: target=ON, mIsEnabled=true
[2026-06-14T09:27:00.614Z] [ALL] 06-14 14:56:57.684  1486  1556 D DisplayPowerController[0]: putAutoBrightnessTransitionTime: transitionTime=0
[2026-06-14T09:27:00.614Z] [ALL] 06-14 14:56:57.685  1486  1556 D PowerManagerService: displayReady: true groupId=0
[2026-06-14T09:27:00.745Z] [ALL] 06-14 14:56:57.818  5776  5834 I appium  : channel read: POST /session/f5a9b506-d393-4b48-a69f-3151b1cdcacc/element
[2026-06-14T09:27:00.745Z] [ALL] 06-14 14:56:57.819  5776  5834 I appium  : FindElement command
[2026-06-14T09:27:00.746Z] [ALL] 06-14 14:56:57.820  5776  5834 I appium  : method: 'xpath', selector: '//*[@resource-id="otp_input_field" or @content-desc="otp_input_field"]'
[2026-06-14T09:27:00.747Z] [ALL] 06-14 14:56:57.820  5776  5834 I appium  : Waiting up to 10000ms for the device to idle
[2026-06-14T09:27:00.747Z] [ALL] 06-14 14:56:57.821  5776  5834 I appium  : The following attributes will be included to the page source: [resource-id, content-desc]
[2026-06-14T09:27:00.810Z] [ALL] 06-14 14:56:57.884  1486  1556 D PowerManagerService: displayReady: false groupId=0
[2026-06-14T09:27:00.810Z] [ALL] 06-14 14:56:57.885  1486  1556 D DisplayPowerController[0]: animateScreenStateChange: target=ON, mIsEnabled=true
[2026-06-14T09:27:00.813Z] [ALL] 06-14 14:56:57.885  1486  1556 D DisplayPowerController[0]: putAutoBrightnessTransitionTime: transitionTime=0
[2026-06-14T09:27:00.816Z] [ALL] 06-14 14:56:57.891  1486  1556 D PowerManagerService: displayReady: true groupId=0
[2026-06-14T09:27:01.012Z] [ALL] 06-14 14:56:58.086  1486  1556 D PowerManagerService: displayReady: false groupId=0
[2026-06-14T09:27:01.014Z] [ALL] 06-14 14:56:58.087  1486  1556 D DisplayPowerController[0]: animateScreenStateChange: target=ON, mIsEnabled=true
[2026-06-14T09:27:01.014Z] [ALL] 06-14 14:56:58.088  1486  1556 D DisplayPowerController[0]: putAutoBrightnessTransitionTime: transitionTime=0
[2026-06-14T09:27:01.014Z] [ALL] 06-14 14:56:58.089  1486  1556 D PowerManagerService: displayReady: true groupId=0
[2026-06-14T09:27:01.036Z] [ALL] 06-14 14:56:58.110  5776  5834 I appium  : Took 0ms to retrieve 0 matches for '//*[@resource-id="otp_input_field" or @content-desc="otp_input_field"]' XPath2 query
[2026-06-14T09:27:01.040Z] [ALL] 06-14 14:56:58.111  5776  5834 I appium  : AppiumResponse: {"sessionId":"f5a9b506-d393-4b48-a69f-3151b1cdcacc","value":{"error":"no such element","message":"An element could not be located on the page using the given search parameters","stacktrace":"io.appium.uiautomator2.common.exceptions.ElementNotFoundException: An element could not be located on the page using the given search parameters\n\tat io.appium.uiautomator2.utils.ElementLocationHelpers.findElement(ElementLocationHelpers.java:153)\n\tat io.appium.uiautomator2.handler.FindElement.safeHandle(FindElement.java:60)\n\tat io.appium.uiautomator2.handler.request.SafeRequestHandler.handle(SafeRequestHandler.java:59)\n\tat io.appium.uiautomator2.server.AppiumServlet.handleRequest(AppiumServlet.java:267)\n\tat io.appium.uiautomator2.server.AppiumServlet.handleHttpRequest(AppiumServlet.java:261)\n\tat io.appium.uiautomator2.http.ServerHandler.channelRead(ServerHandler.java:77)\n\tat io.netty.channel.AbstractChannelHandlerContext.fireChannelRead(AbstractChannelHandlerContext.java:357)\n\tat io.netty.handler.codec.MessageToMessageDecoder.channelRead(MessageToMessageDecoder.java:107)\n\tat io.netty.channel.AbstractChannelHandlerContext.fireChannelRead(AbstractChannelHandlerContext.java:357)\n\tat io.netty.channel.CombinedChannelDuplexHandler$DelegatingChannelHandlerContext.fireChannelRead(CombinedChannelDuplexHandler.java:434)\n\tat io.netty.handler.codec.ByteToMessageDecoder.fireChannelRead(ByteToMessageDecoder.java:361)\n\tat io.netty.handler.codec.ByteToMessageDecoder.channelRead(ByteToMessageDecoder.java:325)\n\tat io.netty.channel.CombinedChannelDuplexHandler.channelRead(CombinedChannelDuplexHandler.java:249)\n\tat io.netty.channel.AbstractChannelHandlerContext.fireChannelRead(AbstractChannelHandlerContext.java:355)\n\tat io.netty.handler.timeout.IdleStateHandler.channelRead(IdleStateHandler.java:288)\n\tat io.netty.channel.AbstractChannelHandlerContext.fireChannelRead(AbstractChannelHandlerContext.java:355)\n\tat io.netty.channel.DefaultChannelPipeline$HeadContext.channelRead(DefaultChannelPipeline.java:1429)\n\tat io.netty.channel.DefaultChannelPipeline.fireChannelRead(DefaultChannelPipeline.java:918)\n\tat io.netty.channel.nio.AbstractNioByteChannel$NioByteUnsafe.read(AbstractNioByteChannel.java:176)\n\tat io.netty.channel.nio.AbstractNioChannel$AbstractNioUnsafe.handle(AbstractNioChannel.java:445)\n\tat io.netty.channel.nio.NioIoHandler$DefaultNioRegistration.handle(NioIoHandler.java:388)\n\tat io.netty.channel.nio.NioIoHandler.processSelectedKey(NioIoHandler.java:596)\n\tat io.netty.channel.nio.NioIoHandler.processSelectedKeysOptimized(NioIoHandler.java:571)\n\tat io.netty.channel.nio.NioIoHandler.processSelectedKeys(NioIoHandler.java:512)\n\tat io.netty.channel.nio.NioIoHandler.run(NioIoHandler.java:484)\n\tat io.netty.channel.SingleThreadIoEventLoop.runIo(SingleThreadIoEventLoop.java:225)\n\tat io.netty.channel.SingleThreadIoEventLoop.run(SingleThreadIoEventLoop.java:196)\n\tat io.netty.util.concurrent.SingleThreadEventExecutor$5.run(SingleThreadEventExecutor.java:1195)\n\tat io.netty.util.internal.ThreadExecutorMap$2.run(ThreadExecutorMap.java:74)\n\tat io.netty.util.concurrent.FastThreadLocalRunnable.run(FastThreadLocalRunnable.java:30)\n\tat java.lang.Thread.run(Thread.java:1564)\n"}}
[2026-06-14T09:27:01.159Z] [ALL] 06-14 14:56:58.231  1486  2775 D PowerManagerService: [api] setMasterBrightnessLimit : lowerLimit : -1  upperLimit : 503  mMasterBrightnessLimitPeriod : 200 (uid: 1000 pid: 4132)
[2026-06-14T09:27:01.163Z] [ALL] 06-14 14:56:58.235  1486  1556 D PowerManagerService: displayReady: false groupId=0
[2026-06-14T09:27:01.163Z] [ALL] 06-14 14:56:58.235  1486  1556 D DisplayPowerController[0]: animateScreenStateChange: target=ON, mIsEnabled=true
[2026-06-14T09:27:01.163Z] [ALL] 06-14 14:56:58.236  1486  1556 D DisplayPowerController[0]: putAutoBrightnessTransitionTime: transitionTime=0
[2026-06-14T09:27:01.163Z] [ALL] 06-14 14:56:58.237  1486  1556 D PowerManagerService: displayReady: true groupId=0
[2026-06-14T09:27:01.363Z] [ALL] 06-14 14:56:58.437  1486  1556 D PowerManagerService: displayReady: false groupId=0
[2026-06-14T09:27:01.365Z] [ALL] 06-14 14:56:58.437  1486  1556 D DisplayPowerController[0]: animateScreenStateChange: target=ON, mIsEnabled=true
[2026-06-14T09:27:01.369Z] [ALL] 06-14 14:56:58.438  1486  1556 D DisplayPowerController[0]: putAutoBrightnessTransitionTime: transitionTime=0
[2026-06-14T09:27:01.369Z] [ALL] 06-14 14:56:58.440  1486  1556 D PowerManagerService: displayReady: true groupId=0
[2026-06-14T09:27:01.579Z] [ALL] 06-14 14:56:58.633  5776  5834 I appium  : channel read: POST /session/f5a9b506-d393-4b48-a69f-3151b1cdcacc/element
[2026-06-14T09:27:01.579Z] [ALL] 06-14 14:56:58.634  5776  5834 I appium  : FindElement command
[2026-06-14T09:27:01.581Z] [ALL] 06-14 14:56:58.635  5776  5834 I appium  : method: 'xpath', selector: '//*[@resource-id="otp_input_field" or @content-desc="otp_input_field"]'
[2026-06-14T09:27:01.581Z] [ALL] 06-14 14:56:58.635  5776  5834 I appium  : Waiting up to 10000ms for the device to idle
[2026-06-14T09:27:01.581Z] [ALL] 06-14 14:56:58.637  5776  5834 I appium  : The following attributes will be included to the page source: [resource-id, content-desc]
[2026-06-14T09:27:01.581Z] [ALL] 06-14 14:56:58.638  1486  1556 D PowerManagerService: displayReady: false groupId=0
[2026-06-14T09:27:01.581Z] [ALL] 06-14 14:56:58.639  1486  1556 D DisplayPowerController[0]: animateScreenStateChange: target=ON, mIsEnabled=true
[2026-06-14T09:27:01.581Z] [ALL] 06-14 14:56:58.639  1486  1556 D DisplayPowerController[0]: putAutoBrightnessTransitionTime: transitionTime=0
[2026-06-14T09:27:01.581Z] [ALL] 06-14 14:56:58.640  1486  1556 D PowerManagerService: displayReady: true groupId=0
[2026-06-14T09:27:01.689Z] [ALL] 06-14 14:56:58.764  5776  5834 I appium  : Took 0ms to retrieve 0 matches for '//*[@resource-id="otp_input_field" or @content-desc="otp_input_field"]' XPath2 query
[2026-06-14T09:27:01.698Z] [ALL] 06-14 14:56:58.765  5776  5834 I appium  : AppiumResponse: {"sessionId":"f5a9b506-d393-4b48-a69f-3151b1cdcacc","value":{"error":"no such element","message":"An element could not be located on the page using the given search parameters","stacktrace":"io.appium.uiautomator2.common.exceptions.ElementNotFoundException: An element could not be located on the page using the given search parameters\n\tat io.appium.uiautomator2.utils.ElementLocationHelpers.findElement(ElementLocationHelpers.java:153)\n\tat io.appium.uiautomator2.handler.FindElement.safeHandle(FindElement.java:60)\n\tat io.appium.uiautomator2.handler.request.SafeRequestHandler.handle(SafeRequestHandler.java:59)\n\tat io.appium.uiautomator2.server.AppiumServlet.handleRequest(AppiumServlet.java:267)\n\tat io.appium.uiautomator2.server.AppiumServlet.handleHttpRequest(AppiumServlet.java:261)\n\tat io.appium.uiautomator2.http.ServerHandler.channelRead(ServerHandler.java:77)\n\tat io.netty.channel.AbstractChannelHandlerContext.fireChannelRead(AbstractChannelHandlerContext.java:357)\n\tat io.netty.handler.codec.MessageToMessageDecoder.channelRead(MessageToMessageDecoder.java:107)\n\tat io.netty.channel.AbstractChannelHandlerContext.fireChannelRead(AbstractChannelHandlerContext.java:357)\n\tat io.netty.channel.CombinedChannelDuplexHandler$DelegatingChannelHandlerContext.fireChannelRead(CombinedChannelDuplexHandler.java:434)\n\tat io.netty.handler.codec.ByteToMessageDecoder.fireChannelRead(ByteToMessageDecoder.java:361)\n\tat io.netty.handler.codec.ByteToMessageDecoder.channelRead(ByteToMessageDecoder.java:325)\n\tat io.netty.channel.CombinedChannelDuplexHandler.channelRead(CombinedChannelDuplexHandler.java:249)\n\tat io.netty.channel.AbstractChannelHandlerContext.fireChannelRead(AbstractChannelHandlerContext.java:355)\n\tat io.netty.handler.timeout.IdleStateHandler.channelRead(IdleStateHandler.java:288)\n\tat io.netty.channel.AbstractChannelHandlerContext.fireChannelRead(AbstractChannelHandlerContext.java:355)\n\tat io.netty.channel.DefaultChannelPipeline$HeadContext.channelRead(DefaultChannelPipeline.java:1429)\n\tat io.netty.channel.DefaultChannelPipeline.fireChannelRead(DefaultChannelPipeline.java:918)\n\tat io.netty.channel.nio.AbstractNioByteChannel$NioByteUnsafe.read(AbstractNioByteChannel.java:176)\n\tat io.netty.channel.nio.AbstractNioChannel$AbstractNioUnsafe.handle(AbstractNioChannel.java:445)\n\tat io.netty.channel.nio.NioIoHandler$DefaultNioRegistration.handle(NioIoHandler.java:388)\n\tat io.netty.channel.nio.NioIoHandler.processSelectedKey(NioIoHandler.java:596)\n\tat io.netty.channel.nio.NioIoHandler.processSelectedKeysOptimized(NioIoHandler.java:571)\n\tat io.netty.channel.nio.NioIoHandler.processSelectedKeys(NioIoHandler.java:512)\n\tat io.netty.channel.nio.NioIoHandler.run(NioIoHandler.java:484)\n\tat io.netty.channel.SingleThreadIoEventLoop.runIo(SingleThreadIoEventLoop.java:225)\n\tat io.netty.channel.SingleThreadIoEventLoop.run(SingleThreadIoEventLoop.java:196)\n\tat io.netty.util.concurrent.SingleThreadEventExecutor$5.run(SingleThreadEventExecutor.java:1195)\n\tat io.netty.util.internal.ThreadExecutorMap$2.run(ThreadExecutorMap.java:74)\n\tat io.netty.util.concurrent.FastThreadLocalRunnable.run(FastThreadLocalRunnable.java:30)\n\tat java.lang.Thread.run(Thread.java:1564)\n"}}
[2026-06-14T09:27:01.768Z] [ALL] 06-14 14:56:58.841  1486  1556 D PowerManagerService: displayReady: false groupId=0
[2026-06-14T09:27:01.768Z] [ALL] 06-14 14:56:58.842  1486  1556 D DisplayPowerController[0]: animateScreenStateChange: target=ON, mIsEnabled=true
[2026-06-14T09:27:01.773Z] [ALL] 06-14 14:56:58.844  1486  1556 D DisplayPowerController[0]: putAutoBrightnessTransitionTime: transitionTime=0
[2026-06-14T09:27:01.779Z] [ALL] 06-14 14:56:58.846  1486  1556 D PowerManagerService: displayReady: true groupId=0
[2026-06-14T09:27:01.935Z] [ALL] 06-14 14:56:59.007   747   747 D io_stats: !@ Write_top(KB): kworker/u16:2(15734) 2408
[2026-06-14T09:27:01.971Z] [ALL] 06-14 14:56:59.043  1486  1556 D PowerManagerService: displayReady: false groupId=0
[2026-06-14T09:27:01.971Z] [ALL] 06-14 14:56:59.044  1486  1556 D DisplayPowerController[0]: animateScreenStateChange: target=ON, mIsEnabled=true
[2026-06-14T09:27:01.979Z] [ALL] 06-14 14:56:59.045  1486  1556 D DisplayPowerController[0]: putAutoBrightnessTransitionTime: transitionTime=0
[2026-06-14T09:27:01.979Z] [ALL] 06-14 14:56:59.046  1486  1556 D PowerManagerService: displayReady: true groupId=0
[2026-06-14T09:27:02.129Z] [ALL] 06-14 14:56:59.201  1486  1860 D WifiConnectivityMonitor.NetworkStatsAnalyzer: Backhaul result - RSSI:-52, CE:25, PE:25, TI:34, PTI:34, TW:6, PTW:6, Tx:185, Rx:189, TxS:141, RxS:140, RESULT:true, IC:0, ICT:5, WC:0, WCT:5, R:0, RC:0, IE:0, EC:0
[2026-06-14T09:27:02.173Z] [ALL] 06-14 14:56:59.246  1486  1556 D PowerManagerService: displayReady: false groupId=0
[2026-06-14T09:27:02.178Z] [ALL] 06-14 14:56:59.247  1486  1556 D DisplayPowerController[0]: animateScreenStateChange: target=ON, mIsEnabled=true
[2026-06-14T09:27:02.178Z] [ALL] 06-14 14:56:59.248  1486  1556 D DisplayPowerController[0]: putAutoBrightnessTransitionTime: transitionTime=0
[2026-06-14T09:27:02.178Z] [ALL] 06-14 14:56:59.249  1486  1556 D PowerManagerService: displayReady: true groupId=0
[2026-06-14T09:27:02.221Z] [ALL] 06-14 14:56:59.295  5776  5834 I appium  : channel read: POST /session/f5a9b506-d393-4b48-a69f-3151b1cdcacc/element
[2026-06-14T09:27:02.221Z] [ALL] 06-14 14:56:59.296  5776  5834 I appium  : FindElement command
[2026-06-14T09:27:02.223Z] [ALL] 06-14 14:56:59.297  5776  5834 I appium  : method: 'xpath', selector: '//*[@resource-id="otp_input_field" or @content-desc="otp_input_field"]'
[2026-06-14T09:27:02.223Z] [ALL] 06-14 14:56:59.297  5776  5834 I appium  : Waiting up to 10000ms for the device to idle
[2026-06-14T09:27:02.223Z] [ALL] 06-14 14:56:59.298  5776  5834 I appium  : The following attributes will be included to the page source: [resource-id, content-desc]
[2026-06-14T09:27:02.375Z] [ALL] 06-14 14:56:59.448  1486  1556 D PowerManagerService: displayReady: false groupId=0
[2026-06-14T09:27:02.379Z] [ALL] 06-14 14:56:59.451  1486  1556 D DisplayPowerController[0]: animateScreenStateChange: target=ON, mIsEnabled=true
[2026-06-14T09:27:02.379Z] [ALL] 06-14 14:56:59.452  1486  1556 D DisplayPowerController[0]: putAutoBrightnessTransitionTime: transitionTime=0
[2026-06-14T09:27:02.379Z] [ALL] 06-14 14:56:59.453  1486  1556 D PowerManagerService: displayReady: true groupId=0
[2026-06-14T09:27:02.482Z] [ALL] 06-14 14:56:59.556  5776  5834 I appium  : Took 0ms to retrieve 0 matches for '//*[@resource-id="otp_input_field" or @content-desc="otp_input_field"]' XPath2 query
[2026-06-14T09:27:02.485Z] [ALL] 06-14 14:56:59.557  5776  5834 I appium  : AppiumResponse: {"sessionId":"f5a9b506-d393-4b48-a69f-3151b1cdcacc","value":{"error":"no such element","message":"An element could not be located on the page using the given search parameters","stacktrace":"io.appium.uiautomator2.common.exceptions.ElementNotFoundException: An element could not be located on the page using the given search parameters\n\tat io.appium.uiautomator2.utils.ElementLocationHelpers.findElement(ElementLocationHelpers.java:153)\n\tat io.appium.uiautomator2.handler.FindElement.safeHandle(FindElement.java:60)\n\tat io.appium.uiautomator2.handler.request.SafeRequestHandler.handle(SafeRequestHandler.java:59)\n\tat io.appium.uiautomator2.server.AppiumServlet.handleRequest(AppiumServlet.java:267)\n\tat io.appium.uiautomator2.server.AppiumServlet.handleHttpRequest(AppiumServlet.java:261)\n\tat io.appium.uiautomator2.http.ServerHandler.channelRead(ServerHandler.java:77)\n\tat io.netty.channel.AbstractChannelHandlerContext.fireChannelRead(AbstractChannelHandlerContext.java:357)\n\tat io.netty.handler.codec.MessageToMessageDecoder.channelRead(MessageToMessageDecoder.java:107)\n\tat io.netty.channel.AbstractChannelHandlerContext.fireChannelRead(AbstractChannelHandlerContext.java:357)\n\tat io.netty.channel.CombinedChannelDuplexHandler$DelegatingChannelHandlerContext.fireChannelRead(CombinedChannelDuplexHandler.java:434)\n\tat io.netty.handler.codec.ByteToMessageDecoder.fireChannelRead(ByteToMessageDecoder.java:361)\n\tat io.netty.handler.codec.ByteToMessageDecoder.channelRead(ByteToMessageDecoder.java:325)\n\tat io.netty.channel.CombinedChannelDuplexHandler.channelRead(CombinedChannelDuplexHandler.java:249)\n\tat io.netty.channel.AbstractChannelHandlerContext.fireChannelRead(AbstractChannelHandlerContext.java:355)\n\tat io.netty.handler.timeout.IdleStateHandler.channelRead(IdleStateHandler.java:288)\n\tat io.netty.channel.AbstractChannelHandlerContext.fireChannelRead(AbstractChannelHandlerContext.java:355)\n\tat io.netty.channel.DefaultChannelPipeline$HeadContext.channelRead(DefaultChannelPipeline.java:1429)\n\tat io.netty.channel.DefaultChannelPipeline.fireChannelRead(DefaultChannelPipeline.java:918)\n\tat io.netty.channel.nio.AbstractNioByteChannel$NioByteUnsafe.read(AbstractNioByteChannel.java:176)\n\tat io.netty.channel.nio.AbstractNioChannel$AbstractNioUnsafe.handle(AbstractNioChannel.java:445)\n\tat io.netty.channel.nio.NioIoHandler$DefaultNioRegistration.handle(NioIoHandler.java:388)\n\tat io.netty.channel.nio.NioIoHandler.processSelectedKey(NioIoHandler.java:596)\n\tat io.netty.channel.nio.NioIoHandler.processSelectedKeysOptimized(NioIoHandler.java:571)\n\tat io.netty.channel.nio.NioIoHandler.processSelectedKeys(NioIoHandler.java:512)\n\tat io.netty.channel.nio.NioIoHandler.run(NioIoHandler.java:484)\n\tat io.netty.channel.SingleThreadIoEventLoop.runIo(SingleThreadIoEventLoop.java:225)\n\tat io.netty.channel.SingleThreadIoEventLoop.run(SingleThreadIoEventLoop.java:196)\n\tat io.netty.util.concurrent.SingleThreadEventExecutor$5.run(SingleThreadEventExecutor.java:1195)\n\tat io.netty.util.internal.ThreadExecutorMap$2.run(ThreadExecutorMap.java:74)\n\tat io.netty.util.concurrent.FastThreadLocalRunnable.run(FastThreadLocalRunnable.java:30)\n\tat java.lang.Thread.run(Thread.java:1564)\n"}}
[2026-06-14T09:27:02.549Z] [ALL] 06-14 14:56:59.622  3520  3749 E msys    : E[N MQTT]readErr(151)=>TCPStreamTransport readErr
[2026-06-14T09:27:02.564Z] [ALL] 06-14 14:56:59.623  3520  3749 E msys    : E[N MQTT]onReadError(657)=>Read Error: AsyncSocketException: recv() failed (peer=57.144.40.144:443), type = Internal error, errno = 103 (Software caused connection abort)
[2026-06-14T09:27:02.573Z] [ALL] 06-14 14:56:59.632  1486  1741 D InetDiagMessage: Destroyed 1 sockets, proto=IPPROTO_TCP, family=AF_INET, states=14
[2026-06-14T09:27:02.577Z] [ALL] 06-14 14:56:59.637  1486  1741 D InetDiagMessage: Destroyed 0 sockets, proto=IPPROTO_TCP, family=AF_INET6, states=14
[2026-06-14T09:27:02.581Z] [ALL] 06-14 14:56:59.637  1486  1741 D InetDiagMessage: Destroyed live tcp sockets for uids={10470} in 33ms
[2026-06-14T09:27:02.584Z] [ALL] 06-14 14:56:59.639  1486  2775 D ConnectivityService: Returning BLOCKED NetworkInfo to uid=10470
[2026-06-14T09:27:02.589Z] [ALL] 06-14 14:56:59.650  1486  1741 D InetDiagMessage: Destroyed 0 sockets, proto=IPPROTO_TCP, family=AF_INET, states=14
[2026-06-14T09:27:02.592Z] [ALL] 06-14 14:56:59.653  1486  1556 D PowerManagerService: displayReady: false groupId=0
[2026-06-14T09:27:02.593Z] [ALL] 06-14 14:56:59.653  3520  3649 W RealtimeClientManager: Channel state: MqttChannelState{mConnectionState=DISCONNECTED, mDisconnectionReason=null, mLastConnectionMs=256929924, mLastDisconnectMs=257115266}
[2026-06-14T09:27:02.593Z] [ALL] 06-14 14:56:59.653  1486  1556 D DisplayPowerController[0]: animateScreenStateChange: target=ON, mIsEnabled=true
[2026-06-14T09:27:02.593Z] [ALL] 06-14 14:56:59.653  1486  1556 D DisplayPowerController[0]: putAutoBrightnessTransitionTime: transitionTime=0
[2026-06-14T09:27:02.593Z] [ALL] 06-14 14:56:59.662  1486  1741 D InetDiagMessage: Destroyed 0 sockets, proto=IPPROTO_TCP, family=AF_INET6, states=14
[2026-06-14T09:27:02.593Z] [ALL] 06-14 14:56:59.662  1486  1741 D InetDiagMessage: Destroyed live tcp sockets for uids={20470} in 24ms
[2026-06-14T09:27:02.596Z] [ALL] 06-14 14:56:59.664  1486  1556 D PowerManagerService: displayReady: true groupId=0
[2026-06-14T09:27:02.605Z] [ALL] 06-14 14:56:59.680  3520  3649 W RealtimeClientManager: Channel state: MqttChannelState{mConnectionState=CONNECTING, mDisconnectionReason=null, mLastConnectionMs=256929924, mLastDisconnectMs=257115266}
[2026-06-14T09:27:02.611Z] [ALL] 06-14 14:56:59.683  3520  3749 E msys    : E[N MQTT]onOSNetworkDisconnected(740)=>LigerBasedStreamTransport onOSNetworkDisconnected
[2026-06-14T09:27:02.613Z] [ALL] 06-14 14:56:59.684  1486  1881 D NetdEventListenerService: DNS Requested by 204, 10470(com.instagram.android), 4(FAIL), isBlocked=true, 0ms
[2026-06-14T09:27:02.613Z] [ALL] 06-14 14:56:59.688  3520  3649 W RealtimeClientManager: Channel state: MqttChannelState{mConnectionState=DISCONNECTED, mDisconnectionReason=null, mLastConnectionMs=256929924, mLastDisconnectMs=257115310}
[2026-06-14T09:27:02.732Z] [ALL] 06-14 14:56:59.807  1486  1729 D WifiStaIfaceHidlImpl: getCachedScanData is not implemented by HIDL
[2026-06-14T09:27:02.746Z] [ALL] 06-14 14:56:59.820  2072  2072 I EPDG-0 [WifiProfiler]: handleWifiRssiIntent, rssi=-52
[2026-06-14T09:27:02.746Z] [ALL] 06-14 14:56:59.820  2072  2072 I EPDG-0 [WifiProfiler]: isProfiling, hash=189204772, started=true
[2026-06-14T09:27:02.746Z] [ALL] 06-14 14:56:59.821  2072  2072 I EPDG-0 [LogMetrics]: set, type=WIFI_RSSI_LAST, value=-52
[2026-06-14T09:27:02.746Z] [ALL] 06-14 14:56:59.821  2072  2072 I EPDG-0 [WifiProfiler]: isProfiling, hash=189204772, started=true
[2026-06-14T09:27:02.750Z] [ALL] 06-14 14:56:59.824  2072  2072 I EPDG-0 [WifiProfiler]: Rssi : -52 highrange : -75 lowrange : -85 mIsRssiInHystersis : false
[2026-06-14T09:27:02.750Z] [ALL] 06-14 14:56:59.824  2072  2072 I EPDG-0 [WifiProfiler]: Rssi : -52 highrange : -75 lowrange : -85 mIsRssiInHystersis : false
[2026-06-14T09:27:02.750Z] [ALL] 06-14 14:56:59.824  2072  2072 I EPDG-0 [Subscription]: isEpdgAvailable, IwlanPsState=2/2
[2026-06-14T09:27:02.750Z] [ALL] 06-14 14:56:59.824  2072  2072 I EPDG-0 [WifiProfiler]: getHandoverThresholdMet: value is: false
[2026-06-14T09:27:02.754Z] [ALL] 06-14 14:56:59.830  1486  3494 D SemWifiUsabilityStatsMonitor: onWifiUsabilityStats - seqNum 22743, isSameBssidAndFreq true
[2026-06-14T09:27:02.781Z] [ALL] 06-14 14:56:59.854  1486  1556 D PowerManagerService: displayReady: false groupId=0
[2026-06-14T09:27:02.781Z] [ALL] 06-14 14:56:59.855  1486  1556 D DisplayPowerController[0]: animateScreenStateChange: target=ON, mIsEnabled=true
[2026-06-14T09:27:02.783Z] [ALL] 06-14 14:56:59.856  1486  1556 D DisplayPowerController[0]: putAutoBrightnessTransitionTime: transitionTime=0
[2026-06-14T09:27:02.786Z] [ALL] 06-14 14:56:59.858  1486  1556 D PowerManagerService: displayReady: true groupId=0
[2026-06-14T09:27:02.943Z] [ALL] 06-14 14:57:00.016  2112  2617 I DateTimeView: updateAll - getTimeFormat
[2026-06-14T09:27:02.951Z] [ALL] 06-14 14:57:00.024  2112  2112 D FaceWidgetPagesController: onTimeChanged()
[2026-06-14T09:27:02.953Z] [ALL] 06-14 14:57:00.027  1486  1486 I EyeComfortSolutionService: action  :  android.intent.action.TIME_TICK
[2026-06-14T09:27:02.953Z] [ALL] 06-14 14:57:00.027  2112  2617 D QSClockBellTower: onReceive(android.intent.action.TIME_TICK) mTimeZoneString:Asia/Kolkata
[2026-06-14T09:27:02.959Z] [ALL] 06-14 14:57:00.031  2112  2112 D QSClockBellTower: He is ready to ring the bell. (((QSClockBellSound - TimeText:2:57, TimeContentDescription:2:57 pm, DateText:Sun, 14 June, ShortDateText:Sun, 14 Jun, Demo:false)))
[2026-06-14T09:27:02.963Z] [ALL] 06-14 14:57:00.039  2112  2112 D QSClock : StatusBar clock=2:57 notifyTimeChanged(QSClockBellSound - TimeText:2:57, TimeContentDescription:2:57 pm, DateText:Sun, 14 June, ShortDateText:Sun, 14 Jun, Demo:false) clockVisibleByPolicy=true, clockVisibleByUser=true, visible=true, parent=android.widget.LinearLayout{479d080 V.E...... ......ID 0,0-83,63 #7e0a06b0 com.android.systemui:id/left_clock_container} caller=com.android.systemui.statusbar.phone.fragment.CollapsedStatusBarFragment.animateShow:66 com.android.systemui.statusbar.phone.fragment.CollapsedStatusBarFragment.updateStatusBarVisibilitiesInner:236 com.android.systemui.statusbar.phone.fragment.CollapsedStatusBarFragment$$ExternalSyntheticLambda0.run:18 com.android.systemui.statusbar.phone.fragment.CollapsedStatusBarFragmentExt.onKeyguardShowingChanged:10 com.android.systemui.statusbar.policy.KeyguardStateControllerImpl$$ExternalSyntheticLambda0.accept:24  
[2026-06-14T09:27:02.965Z] [ALL] 06-14 14:57:00.040  2112  2112 D QSClockBellTower: Everyone heard the bell. run(currentTime:1781429220028, getTime():Sun Jun 14 14:57:00 GMT+05:30 2026, getTimeZone():libcore.util.ZoneInfo[mDstSavings=0,mUseDst=false,mDelegate=[id="Asia/Kolkata",mRawOffset=19800000,mEarliestRawOffset=21208000,transitions=7]])
[2026-06-14T09:27:02.977Z] [ALL] 06-14 14:57:00.050  1149  1280 I SurfaceFlinger: Current= 60, Period= 60, hwcPeriod= 60
[2026-06-14T09:27:02.981Z] [ALL] 06-14 14:57:00.055  1486  1556 D PowerManagerService: displayReady: false groupId=0
[2026-06-14T09:27:02.984Z] [ALL] 06-14 14:57:00.058  1486  1556 D DisplayPowerController[0]: animateScreenStateChange: target=ON, mIsEnabled=true
[2026-06-14T09:27:02.986Z] [ALL] 06-14 14:57:00.059  1486  1556 D DisplayPowerController[0]: putAutoBrightnessTransitionTime: transitionTime=0
[2026-06-14T09:27:02.986Z] [ALL] 06-14 14:57:00.060  1486  1556 D PowerManagerService: displayReady: true groupId=0
[2026-06-14T09:27:03.018Z] [ALL] 06-14 14:57:00.064  2112  2112 D {OngoingChipAdapter}: updateEnableMaxWidth : 364 -:> 367
[2026-06-14T09:27:03.018Z] [ALL] 06-14 14:57:00.065  2112  2112 I {OngoingActivityController}: sendChipInfoForAppExitAnimation check OA data
[2026-06-14T09:27:03.018Z] [ALL] 06-14 14:57:00.065  2112  2112 I {OngoingActivityController}: sendChipInfoForAppExitAnimation call chip list: []
[2026-06-14T09:27:03.020Z] [ALL] 06-14 14:57:00.065  2112  2112 I {OngoingActivityController}: sendChipInfoForAppExitAnimation onOngoingChipInfoChanged
[2026-06-14T09:27:03.020Z] [ALL] 06-14 14:57:00.070  2619  4122 I HoneySpace.OnGoingChip: onOngoingChipInfoChanged, size-0
[2026-06-14T09:27:03.020Z] [ALL] 06-14 14:57:00.074  5776  5834 I appium  : channel read: POST /session/f5a9b506-d393-4b48-a69f-3151b1cdcacc/element
[2026-06-14T09:27:03.020Z] [ALL] 06-14 14:57:00.075  5776  5834 I appium  : FindElement command
[2026-06-14T09:27:03.020Z] [ALL] 06-14 14:57:00.076  5776  5834 I appium  : method: 'xpath', selector: '//*[@resource-id="otp_input_field" or @content-desc="otp_input_field"]'
[2026-06-14T09:27:03.020Z] [ALL] 06-14 14:57:00.076  5776  5834 I appium  : Waiting up to 10000ms for the device to idle
[2026-06-14T09:27:03.020Z] [ALL] 06-14 14:57:00.084  2112  2112 W RefactorFlag: New code path expects SceneContainerFlag to be enabled.
[2026-06-14T09:27:03.020Z] [ALL] 06-14 14:57:00.093  1149  1317 D SurfaceFlinger: setDesiredMode 4633128672291736000 {mode={fps=120.00 Hz, modePtr={id=0, vsyncRate=120.00 Hz, peakRefreshRate=120.00 Hz}}, emitEvent=false, force=false}
[2026-06-14T09:27:03.024Z] [ALL] 06-14 14:57:00.099  1149  1280 I SurfaceFlinger: Current= 60, Period= 120, hwcPeriod= 60
[2026-06-14T09:27:03.031Z] [ALL] 06-14 14:57:00.107  1149  1149 I SurfaceFlinger: SFWD update time=180034496729879
[2026-06-14T09:27:03.041Z] [ALL] 06-14 14:57:00.109  1149  1149 I SurfaceFlinger: StatusBar$_2112#94 voted NoVote (0.00 Hz)
[2026-06-14T09:27:03.049Z] [ALL] 06-14 14:57:00.109  1149  1149 I SurfaceFlinger: No layers with votes - choose 120.00 Hz
[2026-06-14T09:27:03.049Z] [ALL] 06-14 14:57:00.110  1149  1149 D SurfaceFlinger: initiateModeChange 4633128672291736000 {mode={fps=120.00 Hz, modePtr={id=0, vsyncRate=120.00 Hz, peakRefreshRate=120.00 Hz}}, emitEvent=false, force=false}
[2026-06-14T09:27:03.049Z] [ALL] 06-14 14:57:00.110  1149  1149 I SurfaceFlinger: [4633128672291736000] ActiveConfigToHWC, ID : 3
[2026-06-14T09:27:03.049Z] [ALL] 06-14 14:57:00.113  1062 15192 D display : setActiveConfigWithConstraints:: PrimaryDisplay config(3)
[2026-06-14T09:27:03.049Z] [ALL] 06-14 14:57:00.113  1062 15192 I display : Current VRR MODE is 3
[2026-06-14T09:27:03.049Z] [ALL] 06-14 14:57:00.113  1062 15192 I display : setActiveConfigWithConstraints:: HFR match - config: 3, base: 3, try: 1
[2026-06-14T09:27:03.049Z] [ALL] 06-14 14:57:00.113  1062 15192 I display : setActiveConfigWithConstraints::update 1080x2340@120hs
[2026-06-14T09:27:03.049Z] [ALL] 06-14 14:57:00.114  1062 15192 I display : commit modeset : 1080x2340@120hs
[2026-06-14T09:27:03.081Z] [ALL] 06-14 14:57:00.132  1062 15192 W display : deliverWinConfigData:: commit modeset time (18 ms)
[2026-06-14T09:27:03.082Z] [ALL] 06-14 14:57:00.136  1149  1149 I SurfaceFlinger: finalizeDisplayModeChange 4633128672291736000
[2026-06-14T09:27:03.084Z] [ALL] 06-14 14:57:00.148  1062  1159 I display : [compareVsyncPeriod] set the lowest(mode:0) vsync 83 of display(0)
[2026-06-14T09:27:03.084Z] [ALL] 06-14 14:57:00.148  1062  1159 I display : getFpsForPerformance, performance table found using table(key:120, cpu:255)
[2026-06-14T09:27:03.084Z] [ALL] 06-14 14:57:00.148  1062  1159 I display : Set m2mMPP capacity(4) for fps(120)
[2026-06-14T09:27:03.084Z] [ALL] 06-14 14:57:00.148  1062  1159 I display : getFpsForPerformance, performance table found using table(key:120, cpu:255)
[2026-06-14T09:27:03.084Z] [ALL] 06-14 14:57:00.148  1062  1159 I display : Set Affinity config for fps(120) : cpuIDs : 255
[2026-06-14T09:27:03.084Z] [ALL] 06-14 14:57:00.148  1062  1159 I display : Set Affinity CPU ID : 0
[2026-06-14T09:27:03.084Z] [ALL] 06-14 14:57:00.148  1062  1159 I display : Set Affinity CPU ID : 1
[2026-06-14T09:27:03.084Z] [ALL] 06-14 14:57:00.148  1062  1159 I display : Set Affinity CPU ID : 2
[2026-06-14T09:27:03.084Z] [ALL] 06-14 14:57:00.148  1062  1159 I display : Set Affinity CPU ID : 3
[2026-06-14T09:27:03.084Z] [ALL] 06-14 14:57:00.148  1062  1159 I display : Set Affinity CPU ID : 4
[2026-06-14T09:27:03.084Z] [ALL] 06-14 14:57:00.148  1062  1159 I display : Set Affinity CPU ID : 5
[2026-06-14T09:27:03.084Z] [ALL] 06-14 14:57:00.148  1062  1159 I display : Set Affinity CPU ID : 6
[2026-06-14T09:27:03.084Z] [ALL] 06-14 14:57:00.148  1062  1159 I display : Set Affinity CPU ID : 7
[2026-06-14T09:27:03.084Z] [ALL] 06-14 14:57:00.148  1062  1159 I display : Set affinity HWC : 1062
[2026-06-14T09:27:03.084Z] [ALL] 06-14 14:57:00.148  1062  1159 I display : CPU set : Cluster(0), min_clock(0)
[2026-06-14T09:27:03.084Z] [ALL] 06-14 14:57:00.148  1062  1159 I display : CPU set : Cluster(1), min_clock(0)
[2026-06-14T09:27:03.084Z] [ALL] 06-14 14:57:00.148  1062  1159 I display : CPU set : Cluster(2), min_clock(0)
[2026-06-14T09:27:03.084Z] [ALL] 06-14 14:57:00.149  1149  1280 I SurfaceFlinger: Current= 60, Period= 120, hwcPeriod= 120
[2026-06-14T09:27:03.187Z] [ALL] 06-14 14:57:00.259  1486  1556 D PowerManagerService: displayReady: false groupId=0
[2026-06-14T09:27:03.187Z] [ALL] 06-14 14:57:00.260  1486  1556 D DisplayPowerController[0]: animateScreenStateChange: target=ON, mIsEnabled=true
[2026-06-14T09:27:03.191Z] [ALL] 06-14 14:57:00.261  1486  1556 D DisplayPowerController[0]: putAutoBrightnessTransitionTime: transitionTime=0
[2026-06-14T09:27:03.191Z] [ALL] 06-14 14:57:00.264  1486  1556 D PowerManagerService: displayReady: true groupId=0
[2026-06-14T09:27:03.277Z] [ALL] 06-14 14:57:00.345  1149  1317 D SurfaceFlinger: setDesiredMode 4633128672291736000 {mode={fps=60.00 Hz, modePtr={id=1, vsyncRate=60.00 Hz, peakRefreshRate=60.00 Hz}}, emitEvent=false, force=false}
[2026-06-14T09:27:03.282Z] [ALL] 06-14 14:57:00.350  1149  1149 I SurfaceFlinger: StatusBar$_2112#94 voted NoVote (0.00 Hz)
[2026-06-14T09:27:03.282Z] [ALL] 06-14 14:57:00.351  1149  1149 I SurfaceFlinger: IdleFps - choose 60.00 Hz
[2026-06-14T09:27:03.282Z] [ALL] 06-14 14:57:00.352  1149  1149 D SurfaceFlinger: initiateModeChange 4633128672291736000 {mode={fps=60.00 Hz, modePtr={id=1, vsyncRate=60.00 Hz, peakRefreshRate=60.00 Hz}}, emitEvent=false, force=false}
[2026-06-14T09:27:03.282Z] [ALL] 06-14 14:57:00.352  1149  1149 I SurfaceFlinger: [4633128672291736000] ActiveConfigToHWC, ID : 4
[2026-06-14T09:27:03.284Z] [ALL] 06-14 14:57:00.356  1062 15192 D display : setActiveConfigWithConstraints:: PrimaryDisplay config(4)
[2026-06-14T09:27:03.285Z] [ALL] 06-14 14:57:00.356  1062 15192 I display : Current VRR MODE is 3
[2026-06-14T09:27:03.285Z] [ALL] 06-14 14:57:00.356  1062 15192 I display : setActiveConfigWithConstraints:: HFR match - config: 5, base: 4, try: 0
[2026-06-14T09:27:03.285Z] [ALL] 06-14 14:57:00.356  1062 15192 I display : setActiveConfigWithConstraints::update 1080x2340@60phs
[2026-06-14T09:27:03.288Z] [ALL] 06-14 14:57:00.357  1062 15192 I display : commit modeset : 1080x2340@60phs
[2026-06-14T09:27:03.306Z] [ALL] 06-14 14:57:00.374  1062 15192 W display : deliverWinConfigData:: commit modeset time (17 ms)
[2026-06-14T09:27:03.311Z] [ALL] 06-14 14:57:00.377  1149  1149 D SurfaceFlinger: GPIS:: requestGpisForSFSluggish
[2026-06-14T09:27:03.311Z] [ALL] 06-14 14:57:00.377  1149  1149 I SurfaceFlinger: finalizeDisplayModeChange 4633128672291736000
[2026-06-14T09:27:03.311Z] [ALL] 06-14 14:57:00.379  1062  1159 I display : [compareVsyncPeriod] set the lowest(mode:0) vsync 166 of display(0)
[2026-06-14T09:27:03.313Z] [ALL] 06-14 14:57:00.379  1062  1159 I display : getFpsForPerformance, performance table found using table(key:60, cpu:255)
[2026-06-14T09:27:03.313Z] [ALL] 06-14 14:57:00.379  1062  1159 I display : Set m2mMPP capacity(8) for fps(60)
[2026-06-14T09:27:03.313Z] [ALL] 06-14 14:57:00.379  1062  1159 I display : getFpsForPerformance, performance table found using table(key:60, cpu:255)
[2026-06-14T09:27:03.313Z] [ALL] 06-14 14:57:00.379  1062  1159 I display : Set Affinity config for fps(60) : cpuIDs : 255
[2026-06-14T09:27:03.313Z] [ALL] 06-14 14:57:00.379  1062  1159 I display : Set Affinity CPU ID : 0
[2026-06-14T09:27:03.313Z] [ALL] 06-14 14:57:00.379  1062  1159 I display : Set Affinity CPU ID : 1
[2026-06-14T09:27:03.313Z] [ALL] 06-14 14:57:00.379  1062  1159 I display : Set Affinity CPU ID : 2
[2026-06-14T09:27:03.313Z] [ALL] 06-14 14:57:00.379  1062  1159 I display : Set Affinity CPU ID : 3
[2026-06-14T09:27:03.313Z] [ALL] 06-14 14:57:00.379  1062  1159 I display : Set Affinity CPU ID : 4
[2026-06-14T09:27:03.313Z] [ALL] 06-14 14:57:00.380  1062  1159 I display : Set Affinity CPU ID : 5
[2026-06-14T09:27:03.313Z] [ALL] 06-14 14:57:00.380  1062  1159 I display : Set Affinity CPU ID : 6
[2026-06-14T09:27:03.317Z] [ALL] 06-14 14:57:00.380  1062  1159 I display : Set Affinity CPU ID : 7
[2026-06-14T09:27:03.321Z] [ALL] 06-14 14:57:00.386  1062  1159 I display : Set affinity HWC : 1062
[2026-06-14T09:27:03.321Z] [ALL] 06-14 14:57:00.387  1062  1159 I display : CPU set : Cluster(0), min_clock(0)
[2026-06-14T09:27:03.321Z] [ALL] 06-14 14:57:00.387  1062  1159 I display : CPU set : Cluster(1), min_clock(0)
[2026-06-14T09:27:03.321Z] [ALL] 06-14 14:57:00.387  1062  1159 I display : CPU set : Cluster(2), min_clock(0)
[2026-06-14T09:27:03.321Z] [ALL] 06-14 14:57:00.388  1149  1280 I SurfaceFlinger: Current= 120, Period= 60, hwcPeriod= 60
[2026-06-14T09:27:03.389Z] [ALL] 06-14 14:57:00.462  1486  1556 D PowerManagerService: displayReady: false groupId=0
[2026-06-14T09:27:03.393Z] [ALL] 06-14 14:57:00.463  1486  1556 D DisplayPowerController[0]: animateScreenStateChange: target=ON, mIsEnabled=true
[2026-06-14T09:27:03.393Z] [ALL] 06-14 14:57:00.464  1486  1556 D DisplayPowerController[0]: putAutoBrightnessTransitionTime: transitionTime=0
[2026-06-14T09:27:03.397Z] [ALL] 06-14 14:57:00.467  1486  1556 D PowerManagerService: displayReady: true groupId=0
[2026-06-14T09:27:03.569Z] [ALL] 06-14 14:57:00.642  5776  5834 I appium  : The following attributes will be included to the page source: [resource-id, content-desc]
[2026-06-14T09:27:03.579Z] [ALL] 06-14 14:57:00.651  5776  5789 I tomator2.server: Method exceeds compiler instruction limit: 19260 in java_cup.runtime.Symbol org.eclipse.wst.xml.xpath2.processor.internal.CUP$XPathCup$actions.CUP$XPathCup$do_action(int, java_cup.runtime.lr_parser, java.util.Stack, int)
[2026-06-14T09:27:03.592Z] [ALL] 06-14 14:57:00.664  1486  1556 D PowerManagerService: displayReady: false groupId=0
[2026-06-14T09:27:03.596Z] [ALL] 06-14 14:57:00.666  1486  1556 D DisplayPowerController[0]: animateScreenStateChange: target=ON, mIsEnabled=true
[2026-06-14T09:27:03.596Z] [ALL] 06-14 14:57:00.667  1486  1556 D DisplayPowerController[0]: putAutoBrightnessTransitionTime: transitionTime=0
[2026-06-14T09:27:03.599Z] [ALL] 06-14 14:57:00.670  1486  1556 D PowerManagerService: displayReady: true groupId=0
[2026-06-14T09:27:03.615Z] [ALL] 06-14 14:57:00.690  3520  3649 W RealtimeClientManager: Channel state: MqttChannelState{mConnectionState=CONNECTING, mDisconnectionReason=null, mLastConnectionMs=256929924, mLastDisconnectMs=257115310}
[2026-06-14T09:27:03.625Z] [ALL] 06-14 14:57:00.698  1486  3015 D NetdEventListenerService: CSC Feature value: true
[2026-06-14T09:27:03.627Z] [ALL] 06-14 14:57:00.699  1486  3015 D NetdEventListenerService: CSC Feature value: true
[2026-06-14T09:27:03.627Z] [ALL] 06-14 14:57:00.700  1486  1881 D NetdEventListenerService: DNS Requested by 204, 10470(com.instagram.android), 4(FAIL), isBlocked=true, 0ms
[2026-06-14T09:27:03.733Z] [ALL] 06-14 14:57:00.808  2112  2381 D Tile.CustomTile: handleSetListening  true  initialized=true  isTileReady=true  getTileSpec() = custom(com.samsung.android.smartmirroring/.tile.SmartMirroringTile)
[2026-06-14T09:27:03.750Z] [ALL] 06-14 14:57:00.824  1486  1858 D SemWifiEleStateTracker: Pressure Diff: 0.0
[2026-06-14T09:27:03.750Z] [ALL] 06-14 14:57:00.824  1486  1858 D SemWifiEleStateTracker: Barometer value: Prev 998.09717 Current 998.09717 mSmallBaroDetected : false
[2026-06-14T09:27:03.770Z] [ALL] 06-14 14:57:00.843  2112  2381 D Tile.CustomTile: handleSetListening  false  initialized=true  isTileReady=true  getTileSpec() = custom(com.samsung.android.smartmirroring/.tile.SmartMirroringTile)
[2026-06-14T09:27:03.770Z] [ALL] 06-14 14:57:00.843  2112  2381 D TileLifecycleManager: onStopListening ComponentInfo{com.samsung.android.smartmirroring/com.samsung.android.smartmirroring.tile.SmartMirroringTile}
[2026-06-14T09:27:03.780Z] [ALL] 06-14 14:57:00.853  5776  5834 I appium  : Took 0ms to retrieve 0 matches for '//*[@resource-id="otp_input_field" or @content-desc="otp_input_field"]' XPath2 query
[2026-06-14T09:27:03.784Z] [ALL] 06-14 14:57:00.854  5776  5834 I appium  : AppiumResponse: {"sessionId":"f5a9b506-d393-4b48-a69f-3151b1cdcacc","value":{"error":"no such element","message":"An element could not be located on the page using the given search parameters","stacktrace":"io.appium.uiautomator2.common.exceptions.ElementNotFoundException: An element could not be located on the page using the given search parameters\n\tat io.appium.uiautomator2.utils.ElementLocationHelpers.findElement(ElementLocationHelpers.java:153)\n\tat io.appium.uiautomator2.handler.FindElement.safeHandle(FindElement.java:60)\n\tat io.appium.uiautomator2.handler.request.SafeRequestHandler.handle(SafeRequestHandler.java:59)\n\tat io.appium.uiautomator2.server.AppiumServlet.handleRequest(AppiumServlet.java:267)\n\tat io.appium.uiautomator2.server.AppiumServlet.handleHttpRequest(AppiumServlet.java:261)\n\tat io.appium.uiautomator2.http.ServerHandler.channelRead(ServerHandler.java:77)\n\tat io.netty.channel.AbstractChannelHandlerContext.fireChannelRead(AbstractChannelHandlerContext.java:357)\n\tat io.netty.handler.codec.MessageToMessageDecoder.channelRead(MessageToMessageDecoder.java:107)\n\tat io.netty.channel.AbstractChannelHandlerContext.fireChannelRead(AbstractChannelHandlerContext.java:357)\n\tat io.netty.channel.CombinedChannelDuplexHandler$DelegatingChannelHandlerContext.fireChannelRead(CombinedChannelDuplexHandler.java:434)\n\tat io.netty.handler.codec.ByteToMessageDecoder.fireChannelRead(ByteToMessageDecoder.java:361)\n\tat io.netty.handler.codec.ByteToMessageDecoder.channelRead(ByteToMessageDecoder.java:325)\n\tat io.netty.channel.CombinedChannelDuplexHandler.channelRead(CombinedChannelDuplexHandler.java:249)\n\tat io.netty.channel.AbstractChannelHandlerContext.fireChannelRead(AbstractChannelHandlerContext.java:355)\n\tat io.netty.handler.timeout.IdleStateHandler.channelRead(IdleStateHandler.java:288)\n\tat io.netty.channel.AbstractChannelHandlerContext.fireChannelRead(AbstractChannelHandlerContext.java:355)\n\tat io.netty.channel.DefaultChannelPipeline$HeadContext.channelRead(DefaultChannelPipeline.java:1429)\n\tat io.netty.channel.DefaultChannelPipeline.fireChannelRead(DefaultChannelPipeline.java:918)\n\tat io.netty.channel.nio.AbstractNioByteChannel$NioByteUnsafe.read(AbstractNioByteChannel.java:176)\n\tat io.netty.channel.nio.AbstractNioChannel$AbstractNioUnsafe.handle(AbstractNioChannel.java:445)\n\tat io.netty.channel.nio.NioIoHandler$DefaultNioRegistration.handle(NioIoHandler.java:388)\n\tat io.netty.channel.nio.NioIoHandler.processSelectedKey(NioIoHandler.java:596)\n\tat io.netty.channel.nio.NioIoHandler.processSelectedKeysOptimized(NioIoHandler.java:571)\n\tat io.netty.channel.nio.NioIoHandler.processSelectedKeys(NioIoHandler.java:512)\n\tat io.netty.channel.nio.NioIoHandler.run(NioIoHandler.java:484)\n\tat io.netty.channel.SingleThreadIoEventLoop.runIo(SingleThreadIoEventLoop.java:225)\n\tat io.netty.channel.SingleThreadIoEventLoop.run(SingleThreadIoEventLoop.java:196)\n\tat io.netty.util.concurrent.SingleThreadEventExecutor$5.run(SingleThreadEventExecutor.java:1195)\n\tat io.netty.util.internal.ThreadExecutorMap$2.run(ThreadExecutorMap.java:74)\n\tat io.netty.util.concurrent.FastThreadLocalRunnable.run(FastThreadLocalRunnable.java:30)\n\tat java.lang.Thread.run(Thread.java:1564)\n"}}
[2026-06-14T09:27:03.794Z] [ALL] 06-14 14:57:00.866  1486  1556 D PowerManagerService: displayReady: false groupId=0
[2026-06-14T09:27:03.795Z] [ALL] 06-14 14:57:00.867  1486  1556 D DisplayPowerController[0]: animateScreenStateChange: target=ON, mIsEnabled=true
[2026-06-14T09:27:03.795Z] [ALL] 06-14 14:57:00.867  1486  1556 D DisplayPowerController[0]: putAutoBrightnessTransitionTime: transitionTime=0
[2026-06-14T09:27:03.796Z] [ALL] 06-14 14:57:00.868  1486  1556 D PowerManagerService: displayReady: true groupId=0
[2026-06-14T09:27:03.829Z] [ALL] 06-14 14:57:00.902  5776  5834 I appium  : channel read: POST /session/f5a9b506-d393-4b48-a69f-3151b1cdcacc/element
[2026-06-14T09:27:03.830Z] [ALL] 06-14 14:57:00.903  5776  5834 I appium  : FindElement command
[2026-06-14T09:27:03.830Z] [ALL] 06-14 14:57:00.905  5776  5834 I appium  : method: 'xpath', selector: '//*[@resource-id="otp_input_field" or @content-desc="otp_input_field"]'
[2026-06-14T09:27:03.830Z] [ALL] 06-14 14:57:00.905  5776  5834 I appium  : Waiting up to 10000ms for the device to idle
[2026-06-14T09:27:03.832Z] [ALL] 06-14 14:57:00.907  5776  5834 I appium  : The following attributes will be included to the page source: [resource-id, content-desc]
[2026-06-14T09:27:03.841Z] [ALL] 06-14 14:57:00.916  5776  5831 I appium  : READER_IDLE: closing the channel
[2026-06-14T09:27:03.890Z] [ALL] 06-14 14:57:00.963  2228  3094 I TUIThread: epol_call: EPOLL_SKIP
[2026-06-14T09:27:03.918Z] [ALL] 06-14 14:57:00.993  5776  5832 I appium  : READER_IDLE: closing the channel
[2026-06-14T09:27:03.930Z] [ALL] 06-14 14:57:01.003  5776  5833 I appium  : READER_IDLE: closing the channel
[2026-06-14T09:27:03.937Z] [ALL] 06-14 14:57:01.011   747   747 D io_stats: !@   8,0 r 79570261 1569787977 w 12655860 207310640 d 4206646 258477248 f 0 1104890 iot 28643704 0 th 0 0 0 pt 0 inp 0 0 180035.400
[2026-06-14T09:27:03.979Z] [ALL] 06-14 14:57:01.052  5776  5834 I appium  : Took 0ms to retrieve 0 matches for '//*[@resource-id="otp_input_field" or @content-desc="otp_input_field"]' XPath2 query
[2026-06-14T09:27:03.982Z] [ALL] 06-14 14:57:01.053  5776  5834 I appium  : AppiumResponse: {"sessionId":"f5a9b506-d393-4b48-a69f-3151b1cdcacc","value":{"error":"no such element","message":"An element could not be located on the page using the given search parameters","stacktrace":"io.appium.uiautomator2.common.exceptions.ElementNotFoundException: An element could not be located on the page using the given search parameters\n\tat io.appium.uiautomator2.utils.ElementLocationHelpers.findElement(ElementLocationHelpers.java:153)\n\tat io.appium.uiautomator2.handler.FindElement.safeHandle(FindElement.java:60)\n\tat io.appium.uiautomator2.handler.request.SafeRequestHandler.handle(SafeRequestHandler.java:59)\n\tat io.appium.uiautomator2.server.AppiumServlet.handleRequest(AppiumServlet.java:267)\n\tat io.appium.uiautomator2.server.AppiumServlet.handleHttpRequest(AppiumServlet.java:261)\n\tat io.appium.uiautomator2.http.ServerHandler.channelRead(ServerHandler.java:77)\n\tat io.netty.channel.AbstractChannelHandlerContext.fireChannelRead(AbstractChannelHandlerContext.java:357)\n\tat io.netty.handler.codec.MessageToMessageDecoder.channelRead(MessageToMessageDecoder.java:107)\n\tat io.netty.channel.AbstractChannelHandlerContext.fireChannelRead(AbstractChannelHandlerContext.java:357)\n\tat io.netty.channel.CombinedChannelDuplexHandler$DelegatingChannelHandlerContext.fireChannelRead(CombinedChannelDuplexHandler.java:434)\n\tat io.netty.handler.codec.ByteToMessageDecoder.fireChannelRead(ByteToMessageDecoder.java:361)\n\tat io.netty.handler.codec.ByteToMessageDecoder.channelRead(ByteToMessageDecoder.java:325)\n\tat io.netty.channel.CombinedChannelDuplexHandler.channelRead(CombinedChannelDuplexHandler.java:249)\n\tat io.netty.channel.AbstractChannelHandlerContext.fireChannelRead(AbstractChannelHandlerContext.java:355)\n\tat io.netty.handler.timeout.IdleStateHandler.channelRead(IdleStateHandler.java:288)\n\tat io.netty.channel.AbstractChannelHandlerContext.fireChannelRead(AbstractChannelHandlerContext.java:355)\n\tat io.netty.channel.DefaultChannelPipeline$HeadContext.channelRead(DefaultChannelPipeline.java:1429)\n\tat io.netty.channel.DefaultChannelPipeline.fireChannelRead(DefaultChannelPipeline.java:918)\n\tat io.netty.channel.nio.AbstractNioByteChannel$NioByteUnsafe.read(AbstractNioByteChannel.java:176)\n\tat io.netty.channel.nio.AbstractNioChannel$AbstractNioUnsafe.handle(AbstractNioChannel.java:445)\n\tat io.netty.channel.nio.NioIoHandler$DefaultNioRegistration.handle(NioIoHandler.java:388)\n\tat io.netty.channel.nio.NioIoHandler.processSelectedKey(NioIoHandler.java:596)\n\tat io.netty.channel.nio.NioIoHandler.processSelectedKeysOptimized(NioIoHandler.java:571)\n\tat io.netty.channel.nio.NioIoHandler.processSelectedKeys(NioIoHandler.java:512)\n\tat io.netty.channel.nio.NioIoHandler.run(NioIoHandler.java:484)\n\tat io.netty.channel.SingleThreadIoEventLoop.runIo(SingleThreadIoEventLoop.java:225)\n\tat io.netty.channel.SingleThreadIoEventLoop.run(SingleThreadIoEventLoop.java:196)\n\tat io.netty.util.concurrent.SingleThreadEventExecutor$5.run(SingleThreadEventExecutor.java:1195)\n\tat io.netty.util.internal.ThreadExecutorMap$2.run(ThreadExecutorMap.java:74)\n\tat io.netty.util.concurrent.FastThreadLocalRunnable.run(FastThreadLocalRunnable.java:30)\n\tat java.lang.Thread.run(Thread.java:1564)\n"}}
[2026-06-14T09:27:03.995Z] [ALL] 06-14 14:57:01.068  1486  1556 D PowerManagerService: displayReady: false groupId=0
[2026-06-14T09:27:03.997Z] [ALL] 06-14 14:57:01.068  1486  1556 D DisplayPowerController[0]: animateScreenStateChange: target=ON, mIsEnabled=true
[2026-06-14T09:27:03.997Z] [ALL] 06-14 14:57:01.069  1486  1556 D DisplayPowerController[0]: putAutoBrightnessTransitionTime: transitionTime=0
[2026-06-14T09:27:03.997Z] [ALL] 06-14 14:57:01.071  1486  1556 D PowerManagerService: displayReady: true groupId=0
[2026-06-14T09:27:04.196Z] [ALL] 06-14 14:57:01.269  1486  1556 D PowerManagerService: displayReady: false groupId=0
[2026-06-14T09:27:04.200Z] [ALL] 06-14 14:57:01.271  1486  1556 D DisplayPowerController[0]: animateScreenStateChange: target=ON, mIsEnabled=true
[2026-06-14T09:27:04.200Z] [ALL] 06-14 14:57:01.271  1486  1556 D DisplayPowerController[0]: putAutoBrightnessTransitionTime: transitionTime=0
[2026-06-14T09:27:04.200Z] [ALL] 06-14 14:57:01.273  1486  1556 D PowerManagerService: displayReady: true groupId=0
[2026-06-14T09:27:04.356Z] [ALL] 06-14 14:57:01.428  3653  3653 I wpa_supplicant: Heartbeat 5773
[2026-06-14T09:27:04.399Z] [ALL] 06-14 14:57:01.473  1486  1556 D PowerManagerService: displayReady: false groupId=0
[2026-06-14T09:27:04.399Z] [ALL] 06-14 14:57:01.473  1486  1556 D DisplayPowerController[0]: animateScreenStateChange: target=ON, mIsEnabled=true
[2026-06-14T09:27:04.399Z] [ALL] 06-14 14:57:01.474  1486  1556 D DisplayPowerController[0]: putAutoBrightnessTransitionTime: transitionTime=0
[2026-06-14T09:27:04.403Z] [ALL] 06-14 14:57:01.477  1486  1556 D PowerManagerService: displayReady: true groupId=0
[2026-06-14T09:27:04.507Z] [ALL] 06-14 14:57:01.582  5776  5834 I appium  : channel read: POST /session/f5a9b506-d393-4b48-a69f-3151b1cdcacc/element
[2026-06-14T09:27:04.508Z] [ALL] 06-14 14:57:01.582  5776  5834 I appium  : FindElement command
[2026-06-14T09:27:04.511Z] [ALL] 06-14 14:57:01.584  5776  5834 I appium  : method: 'xpath', selector: '//*[@resource-id="otp_input_field" or @content-desc="otp_input_field"]'
[2026-06-14T09:27:04.511Z] [ALL] 06-14 14:57:01.584  5776  5834 I appium  : Waiting up to 10000ms for the device to idle
[2026-06-14T09:27:04.513Z] [ALL] 06-14 14:57:01.586  5776  5834 I appium  : The following attributes will be included to the page source: [resource-id, content-desc]
[2026-06-14T09:27:04.517Z] [ALL] 06-14 14:57:01.593  4132  4132 I SDHMS:LOAD: type: LoadsFreqs, value: 16:0:0:576000:576000:576000:744959:2304000:576000:6:303:0
[2026-06-14T09:27:04.602Z] [ALL] 06-14 14:57:01.676  1486  1556 D PowerManagerService: displayReady: false groupId=0
[2026-06-14T09:27:04.602Z] [ALL] 06-14 14:57:01.676  1486  1556 D DisplayPowerController[0]: animateScreenStateChange: target=ON, mIsEnabled=true
[2026-06-14T09:27:04.604Z] [ALL] 06-14 14:57:01.677  1486  1556 D DisplayPowerController[0]: putAutoBrightnessTransitionTime: transitionTime=0
[2026-06-14T09:27:04.604Z] [ALL] 06-14 14:57:01.678  1486  1556 D PowerManagerService: displayReady: true groupId=0
[2026-06-14T09:27:04.768Z] [ALL] 06-14 14:57:01.842  5776  5834 I appium  : Took 0ms to retrieve 0 matches for '//*[@resource-id="otp_input_field" or @content-desc="otp_input_field"]' XPath2 query
[2026-06-14T09:27:04.771Z] [ALL] 06-14 14:57:01.843  5776  5834 I appium  : AppiumResponse: {"sessionId":"f5a9b506-d393-4b48-a69f-3151b1cdcacc","value":{"error":"no such element","message":"An element could not be located on the page using the given search parameters","stacktrace":"io.appium.uiautomator2.common.exceptions.ElementNotFoundException: An element could not be located on the page using the given search parameters\n\tat io.appium.uiautomator2.utils.ElementLocationHelpers.findElement(ElementLocationHelpers.java:153)\n\tat io.appium.uiautomator2.handler.FindElement.safeHandle(FindElement.java:60)\n\tat io.appium.uiautomator2.handler.request.SafeRequestHandler.handle(SafeRequestHandler.java:59)\n\tat io.appium.uiautomator2.server.AppiumServlet.handleRequest(AppiumServlet.java:267)\n\tat io.appium.uiautomator2.server.AppiumServlet.handleHttpRequest(AppiumServlet.java:261)\n\tat io.appium.uiautomator2.http.ServerHandler.channelRead(ServerHandler.java:77)\n\tat io.netty.channel.AbstractChannelHandlerContext.fireChannelRead(AbstractChannelHandlerContext.java:357)\n\tat io.netty.handler.codec.MessageToMessageDecoder.channelRead(MessageToMessageDecoder.java:107)\n\tat io.netty.channel.AbstractChannelHandlerContext.fireChannelRead(AbstractChannelHandlerContext.java:357)\n\tat io.netty.channel.CombinedChannelDuplexHandler$DelegatingChannelHandlerContext.fireChannelRead(CombinedChannelDuplexHandler.java:434)\n\tat io.netty.handler.codec.ByteToMessageDecoder.fireChannelRead(ByteToMessageDecoder.java:361)\n\tat io.netty.handler.codec.ByteToMessageDecoder.channelRead(ByteToMessageDecoder.java:325)\n\tat io.netty.channel.CombinedChannelDuplexHandler.channelRead(CombinedChannelDuplexHandler.java:249)\n\tat io.netty.channel.AbstractChannelHandlerContext.fireChannelRead(AbstractChannelHandlerContext.java:355)\n\tat io.netty.handler.timeout.IdleStateHandler.channelRead(IdleStateHandler.java:288)\n\tat io.netty.channel.AbstractChannelHandlerContext.fireChannelRead(AbstractChannelHandlerContext.java:355)\n\tat io.netty.channel.DefaultChannelPipeline$HeadContext.channelRead(DefaultChannelPipeline.java:1429)\n\tat io.netty.channel.DefaultChannelPipeline.fireChannelRead(DefaultChannelPipeline.java:918)\n\tat io.netty.channel.nio.AbstractNioByteChannel$NioByteUnsafe.read(AbstractNioByteChannel.java:176)\n\tat io.netty.channel.nio.AbstractNioChannel$AbstractNioUnsafe.handle(AbstractNioChannel.java:445)\n\tat io.netty.channel.nio.NioIoHandler$DefaultNioRegistration.handle(NioIoHandler.java:388)\n\tat io.netty.channel.nio.NioIoHandler.processSelectedKey(NioIoHandler.java:596)\n\tat io.netty.channel.nio.NioIoHandler.processSelectedKeysOptimized(NioIoHandler.java:571)\n\tat io.netty.channel.nio.NioIoHandler.processSelectedKeys(NioIoHandler.java:512)\n\tat io.netty.channel.nio.NioIoHandler.run(NioIoHandler.java:484)\n\tat io.netty.channel.SingleThreadIoEventLoop.runIo(SingleThreadIoEventLoop.java:225)\n\tat io.netty.channel.SingleThreadIoEventLoop.run(SingleThreadIoEventLoop.java:196)\n\tat io.netty.util.concurrent.SingleThreadEventExecutor$5.run(SingleThreadEventExecutor.java:1195)\n\tat io.netty.util.internal.ThreadExecutorMap$2.run(ThreadExecutorMap.java:74)\n\tat io.netty.util.concurrent.FastThreadLocalRunnable.run(FastThreadLocalRunnable.java:30)\n\tat java.lang.Thread.run(Thread.java:1564)\n"}}
[2026-06-14T09:27:04.802Z] [ALL] 06-14 14:57:01.877  1486  1556 D PowerManagerService: displayReady: false groupId=0
[2026-06-14T09:27:04.804Z] [ALL] 06-14 14:57:01.877  1486  1556 D DisplayPowerController[0]: animateScreenStateChange: target=ON, mIsEnabled=true
[2026-06-14T09:27:04.804Z] [ALL] 06-14 14:57:01.878  1486  1556 D DisplayPowerController[0]: putAutoBrightnessTransitionTime: transitionTime=0
[2026-06-14T09:27:04.804Z] [ALL] 06-14 14:57:01.878  1486  1556 D PowerManagerService: displayReady: true groupId=0
[2026-06-14T09:27:05.007Z] [ALL] 06-14 14:57:02.080  1486  1556 D PowerManagerService: displayReady: false groupId=0
[2026-06-14T09:27:05.007Z] [ALL] 06-14 14:57:02.080  1486  1556 D DisplayPowerController[0]: animateScreenStateChange: target=ON, mIsEnabled=true
[2026-06-14T09:27:05.010Z] [ALL] 06-14 14:57:02.081  1486  1556 D DisplayPowerController[0]: putAutoBrightnessTransitionTime: transitionTime=0
[2026-06-14T09:27:05.010Z] [ALL] 06-14 14:57:02.082  1486  1556 D PowerManagerService: displayReady: true groupId=0
[2026-06-14T09:27:05.209Z] [ALL] 06-14 14:57:02.281  1486  1556 D PowerManagerService: displayReady: false groupId=0
[2026-06-14T09:27:05.212Z] [ALL] 06-14 14:57:02.284  1486  1556 D DisplayPowerController[0]: animateScreenStateChange: target=ON, mIsEnabled=true
[2026-06-14T09:27:05.212Z] [ALL] 06-14 14:57:02.286  1486  1556 D DisplayPowerController[0]: putAutoBrightnessTransitionTime: transitionTime=0
[2026-06-14T09:27:05.215Z] [ALL] 06-14 14:57:02.289  1486  1556 D PowerManagerService: displayReady: true groupId=0
[2026-06-14T09:27:05.301Z] [ALL] 06-14 14:57:02.374  5776  5834 I appium  : channel read: POST /session/f5a9b506-d393-4b48-a69f-3151b1cdcacc/element
[2026-06-14T09:27:05.303Z] [ALL] 06-14 14:57:02.375  5776  5834 I appium  : FindElement command
[2026-06-14T09:27:05.303Z] [ALL] 06-14 14:57:02.376  5776  5834 I appium  : method: 'xpath', selector: '//*[@resource-id="otp_input_field" or @content-desc="otp_input_field"]'
[2026-06-14T09:27:05.305Z] [ALL] 06-14 14:57:02.376  5776  5834 I appium  : Waiting up to 10000ms for the device to idle
[2026-06-14T09:27:05.305Z] [ALL] 06-14 14:57:02.377  5776  5834 I appium  : The following attributes will be included to the page source: [resource-id, content-desc]
[2026-06-14T09:27:05.412Z] [ALL] 06-14 14:57:02.485  1486  1556 D PowerManagerService: displayReady: false groupId=0
[2026-06-14T09:27:05.415Z] [ALL] 06-14 14:57:02.489  1486  1556 D DisplayPowerController[0]: animateScreenStateChange: target=ON, mIsEnabled=true
[2026-06-14T09:27:05.418Z] [ALL] 06-14 14:57:02.490  1486  1556 D DisplayPowerController[0]: putAutoBrightnessTransitionTime: transitionTime=0
[2026-06-14T09:27:05.420Z] [ALL] 06-14 14:57:02.493  1486  1556 D PowerManagerService: displayReady: true groupId=0
[2026-06-14T09:27:05.518Z] [ALL] 06-14 14:57:02.591  1486  1622 I UsageStatsService: User[0] Flushing usage stats to disk
[2026-06-14T09:27:05.551Z] [ALL] 06-14 14:57:02.625  4132  5524 I SDHMS:x : SIOP:: AP:409 BAT:388 USB:369 CHG:409 PA:415 CP:411 WIFI:407 BLK:0 SUBBAT:0 LRPTHM:395 SKIN:380 SKINF:371 SKINB:380 LRP:380 LRP2:380 LRF2:371 LRB2:380 AP2:379 CHG2:366 MEM2:376 WIFI2:380 SPK2:354 VAP02:425 VWIFI:414 AVGCUR:-5 AVGSYS:399 POWER:-21
[2026-06-14T09:27:05.555Z] [ALL] 06-14 14:57:02.629  4132  4387 I n2      : limitCPUFreq:: freq = 2400000
[2026-06-14T09:27:05.555Z] [ALL] 06-14 14:57:02.629  4132  4387 I SemDvfsHyPerManager: acquire hyper - SIOP_ARM_MAX/4132@3, type = 301993986
[2026-06-14T09:27:05.557Z] [ALL] 06-14 14:57:02.630  1075  1175 I HYPER-HAL: [RequestManager.cpp]acquire(): Acquired ID : 8551183  [4132 / 3]    HINT :      list : [CPUMaxFreq / 2400000] 
[2026-06-14T09:27:05.562Z] [ALL] 06-14 14:57:02.637  5776  5834 I appium  : Took 0ms to retrieve 0 matches for '//*[@resource-id="otp_input_field" or @content-desc="otp_input_field"]' XPath2 query
[2026-06-14T09:27:05.563Z] [ALL] 06-14 14:57:02.639  5776  5834 I appium  : AppiumResponse: {"sessionId":"f5a9b506-d393-4b48-a69f-3151b1cdcacc","value":{"error":"no such element","message":"An element could not be located on the page using the given search parameters","stacktrace":"io.appium.uiautomator2.common.exceptions.ElementNotFoundException: An element could not be located on the page using the given search parameters\n\tat io.appium.uiautomator2.utils.ElementLocationHelpers.findElement(ElementLocationHelpers.java:153)\n\tat io.appium.uiautomator2.handler.FindElement.safeHandle(FindElement.java:60)\n\tat io.appium.uiautomator2.handler.request.SafeRequestHandler.handle(SafeRequestHandler.java:59)\n\tat io.appium.uiautomator2.server.AppiumServlet.handleRequest(AppiumServlet.java:267)\n\tat io.appium.uiautomator2.server.AppiumServlet.handleHttpRequest(AppiumServlet.java:261)\n\tat io.appium.uiautomator2.http.ServerHandler.channelRead(ServerHandler.java:77)\n\tat io.netty.channel.AbstractChannelHandlerContext.fireChannelRead(AbstractChannelHandlerContext.java:357)\n\tat io.netty.handler.codec.MessageToMessageDecoder.channelRead(MessageToMessageDecoder.java:107)\n\tat io.netty.channel.AbstractChannelHandlerContext.fireChannelRead(AbstractChannelHandlerContext.java:357)\n\tat io.netty.channel.CombinedChannelDuplexHandler$DelegatingChannelHandlerContext.fireChannelRead(CombinedChannelDuplexHandler.java:434)\n\tat io.netty.handler.codec.ByteToMessageDecoder.fireChannelRead(ByteToMessageDecoder.java:361)\n\tat io.netty.handler.codec.ByteToMessageDecoder.channelRead(ByteToMessageDecoder.java:325)\n\tat io.netty.channel.CombinedChannelDuplexHandler.channelRead(CombinedChannelDuplexHandler.java:249)\n\tat io.netty.channel.AbstractChannelHandlerContext.fireChannelRead(AbstractChannelHandlerContext.java:355)\n\tat io.netty.handler.timeout.IdleStateHandler.channelRead(IdleStateHandler.java:288)\n\tat io.netty.channel.AbstractChannelHandlerContext.fireChannelRead(AbstractChannelHandlerContext.java:355)\n\tat io.netty.channel.DefaultChannelPipeline$HeadContext.channelRead(DefaultChannelPipeline.java:1429)\n\tat io.netty.channel.DefaultChannelPipeline.fireChannelRead(DefaultChannelPipeline.java:918)\n\tat io.netty.channel.nio.AbstractNioByteChannel$NioByteUnsafe.read(AbstractNioByteChannel.java:176)\n\tat io.netty.channel.nio.AbstractNioChannel$AbstractNioUnsafe.handle(AbstractNioChannel.java:445)\n\tat io.netty.channel.nio.NioIoHandler$DefaultNioRegistration.handle(NioIoHandler.java:388)\n\tat io.netty.channel.nio.NioIoHandler.processSelectedKey(NioIoHandler.java:596)\n\tat io.netty.channel.nio.NioIoHandler.processSelectedKeysOptimized(NioIoHandler.java:571)\n\tat io.netty.channel.nio.NioIoHandler.processSelectedKeys(NioIoHandler.java:512)\n\tat io.netty.channel.nio.NioIoHandler.run(NioIoHandler.java:484)\n\tat io.netty.channel.SingleThreadIoEventLoop.runIo(SingleThreadIoEventLoop.java:225)\n\tat io.netty.channel.SingleThreadIoEventLoop.run(SingleThreadIoEventLoop.java:196)\n\tat io.netty.util.concurrent.SingleThreadEventExecutor$5.run(SingleThreadEventExecutor.java:1195)\n\tat io.netty.util.internal.ThreadExecutorMap$2.run(ThreadExecutorMap.java:74)\n\tat io.netty.util.concurrent.FastThreadLocalRunnable.run(FastThreadLocalRunnable.java:30)\n\tat java.lang.Thread.run(Thread.java:1564)\n"}}
[2026-06-14T09:27:05.589Z] [ALL] 06-14 14:57:02.651  1486  1622 I UsageStatsService: User[150] Flushing usage stats to disk
[2026-06-14T09:27:05.635Z] [ALL] 06-14 14:57:02.666  1486  1805 D BackgroundInstallControlService: Package event received: 0
[2026-06-14T09:27:05.635Z] [ALL] 06-14 14:57:02.666  1486  1805 D BackgroundInstallControlService: Package event received: 0
[2026-06-14T09:27:05.639Z] [ALL] 06-14 14:57:02.688  1486  1556 D PowerManagerService: displayReady: false groupId=0
[2026-06-14T09:27:05.639Z] [ALL] 06-14 14:57:02.689  1486  1556 D DisplayPowerController[0]: animateScreenStateChange: target=ON, mIsEnabled=true
[2026-06-14T09:27:05.639Z] [ALL] 06-14 14:57:02.690  1486  1556 D DisplayPowerController[0]: putAutoBrightnessTransitionTime: transitionTime=0
[2026-06-14T09:27:05.639Z] [ALL] 06-14 14:57:02.691  1486  1556 D PowerManagerService: displayReady: true groupId=0
[2026-06-14T09:27:05.752Z] [ALL] 06-14 14:57:02.824  1149  1280 I SurfaceFlinger: Current= 60, Period= 60, hwcPeriod= 60
[2026-06-14T09:27:05.780Z] [ALL] 06-14 14:57:02.853  1486  1729 D WifiStaIfaceHidlImpl: getCachedScanData is not implemented by HIDL
[2026-06-14T09:27:05.797Z] [ALL] 06-14 14:57:02.866  1486  3494 D SemWifiUsabilityStatsMonitor: onWifiUsabilityStats - seqNum 22744, isSameBssidAndFreq true
[2026-06-14T09:27:05.800Z] [ALL] 06-14 14:57:02.870  2072  2072 I EPDG-0 [WifiProfiler]: handleWifiRssiIntent, rssi=-46
[2026-06-14T09:27:05.800Z] [ALL] 06-14 14:57:02.870  1486  1830 I SemWifiLinkQualityMonitor: Link stat: 714 / 308 / 1.00 (7) / 117 / -46.0 || 100.0 : 117.00 / 0.5 : 1.00 / 0.55 : 0.43 / B (G) || 75790cca2437: 0.195 / 41.026 / N / V || N N / 0 0 / N 2.0 / N -1 0.000 0.000 / N / X 0 / 180037256 0 0 || 2026-06-14 14:57:01  / 0: 0 0 0 0 0 0 / 0: 0 0 0 0 0 0 / 0: 0 0 0 0 0 0
[2026-06-14T09:27:05.800Z] [ALL] 06-14 14:57:02.870  2072  2072 I EPDG-0 [WifiProfiler]: isProfiling, hash=189204772, started=true
[2026-06-14T09:27:05.800Z] [ALL] 06-14 14:57:02.871  2072  2072 I EPDG-0 [LogMetrics]: set, type=WIFI_RSSI_LAST, value=-46
[2026-06-14T09:27:05.800Z] [ALL] 06-14 14:57:02.871  2072  2072 I EPDG-0 [WifiProfiler]: isProfiling, hash=189204772, started=true
[2026-06-14T09:27:05.800Z] [ALL] 06-14 14:57:02.872  2072  2072 I EPDG-0 [WifiProfiler]: Rssi : -46 highrange : -75 lowrange : -85 mIsRssiInHystersis : false
[2026-06-14T09:27:05.800Z] [ALL] 06-14 14:57:02.872  2072  2072 I EPDG-0 [WifiProfiler]: Rssi : -46 highrange : -75 lowrange : -85 mIsRssiInHystersis : false
[2026-06-14T09:27:05.800Z] [ALL] 06-14 14:57:02.873  2072  2072 I EPDG-0 [Subscription]: isEpdgAvailable, IwlanPsState=2/2
[2026-06-14T09:27:05.800Z] [ALL] 06-14 14:57:02.873  1486  1858 D SemWifiEleStateTracker: Pressure Diff: 0.0032958984
[2026-06-14T09:27:05.800Z] [ALL] 06-14 14:57:02.873  2072  2072 I EPDG-0 [WifiProfiler]: getHandoverThresholdMet: value is: false
[2026-06-14T09:27:05.800Z] [ALL] 06-14 14:57:02.873  1486  1858 D SemWifiEleStateTracker: Barometer value: Prev 998.09717 Current 998.10046 mSmallBaroDetected : false
[2026-06-14T09:27:05.818Z] [ALL] 06-14 14:57:02.891  1486  1556 D PowerManagerService: displayReady: false groupId=0
[2026-06-14T09:27:05.818Z] [ALL] 06-14 14:57:02.891  1486  1556 D DisplayPowerController[0]: animateScreenStateChange: target=ON, mIsEnabled=true
[2026-06-14T09:27:05.818Z] [ALL] 06-14 14:57:02.892  1486  1556 D DisplayPowerController[0]: putAutoBrightnessTransitionTime: transitionTime=0
[2026-06-14T09:27:05.823Z] [ALL] 06-14 14:57:02.893  1486  1556 D PowerManagerService: displayReady: true groupId=0
[2026-06-14T09:27:05.945Z] [ALL] 06-14 14:57:03.018   747   747 D io_stats: !@   8,0 r 79570297 1569788173 w 12655901 207311540 d 4206646 258477248 f 0 1104903 iot 28643752 0 th 0 0 0 pt 0 inp 0 0 180037.408
[2026-06-14T09:27:05.951Z] [ALL] 06-14 14:57:03.020   747   747 D io_stats: !@ Read_top(KB): ndroid.systemui(2112) 752 stagram.android(3520) 664 system_server(1486) 200
[2026-06-14T09:27:05.951Z] [ALL] 06-14 14:57:03.020   747   747 D io_stats: !@ Write_top(KB): system_server(1486) 892 kworker/u16:2(15734) 664 sung.android.ce(553) 8
[2026-06-14T09:27:06.020Z] [ALL] 06-14 14:57:03.094  1486  1556 D PowerManagerService: displayReady: false groupId=0
[2026-06-14T09:27:06.025Z] [ALL] 06-14 14:57:03.095  1486  1556 D DisplayPowerController[0]: animateScreenStateChange: target=ON, mIsEnabled=true
[2026-06-14T09:27:06.025Z] [ALL] 06-14 14:57:03.096  1486  1556 D DisplayPowerController[0]: putAutoBrightnessTransitionTime: transitionTime=0
[2026-06-14T09:27:06.025Z] [ALL] 06-14 14:57:03.097  1486  1556 D PowerManagerService: displayReady: true groupId=0
[2026-06-14T09:27:06.085Z] [ALL] 06-14 14:57:03.158  5776  5834 I appium  : channel read: POST /session/f5a9b506-d393-4b48-a69f-3151b1cdcacc/element
[2026-06-14T09:27:06.085Z] [ALL] 06-14 14:57:03.159  5776  5834 I appium  : FindElement command
[2026-06-14T09:27:06.087Z] [ALL] 06-14 14:57:03.160  5776  5834 I appium  : method: 'xpath', selector: '//*[@resource-id="otp_input_field" or @content-desc="otp_input_field"]'
[2026-06-14T09:27:06.087Z] [ALL] 06-14 14:57:03.160  5776  5834 I appium  : Waiting up to 10000ms for the device to idle
[2026-06-14T09:27:06.087Z] [ALL] 06-14 14:57:03.162  5776  5834 I appium  : The following attributes will be included to the page source: [resource-id, content-desc]
[2026-06-14T09:27:06.173Z] [ALL] 06-14 14:57:03.247  1486  3107 I NSLocationMonitor: getGPSUsingApps() called
[2026-06-14T09:27:06.177Z] [ALL] 06-14 14:57:03.250  3066  3089 I NSLocationManager_FLP: getGPSUsingApps, No change
[2026-06-14T09:27:06.190Z] [ALL] 06-14 14:57:03.265  1486  3107 D FreecessHandler: skipping freeze com.truecaller(10274) result : 2
[2026-06-14T09:27:06.222Z] [ALL] 06-14 14:57:03.296  1486  1556 D PowerManagerService: displayReady: false groupId=0
[2026-06-14T09:27:06.225Z] [ALL] 06-14 14:57:03.299  1486  1556 D DisplayPowerController[0]: animateScreenStateChange: target=ON, mIsEnabled=true
[2026-06-14T09:27:06.228Z] [ALL] 06-14 14:57:03.300  1486  1556 D DisplayPowerController[0]: putAutoBrightnessTransitionTime: transitionTime=0
[2026-06-14T09:27:06.228Z] [ALL] 06-14 14:57:03.302  1486  1556 D PowerManagerService: displayReady: true groupId=0
[2026-06-14T09:27:06.363Z] [ALL] 06-14 14:57:03.436  5776  5834 I appium  : Took 0ms to retrieve 0 matches for '//*[@resource-id="otp_input_field" or @content-desc="otp_input_field"]' XPath2 query
[2026-06-14T09:27:06.366Z] [ALL] 06-14 14:57:03.437  5776  5834 I appium  : AppiumResponse: {"sessionId":"f5a9b506-d393-4b48-a69f-3151b1cdcacc","value":{"error":"no such element","message":"An element could not be located on the page using the given search parameters","stacktrace":"io.appium.uiautomator2.common.exceptions.ElementNotFoundException: An element could not be located on the page using the given search parameters\n\tat io.appium.uiautomator2.utils.ElementLocationHelpers.findElement(ElementLocationHelpers.java:153)\n\tat io.appium.uiautomator2.handler.FindElement.safeHandle(FindElement.java:60)\n\tat io.appium.uiautomator2.handler.request.SafeRequestHandler.handle(SafeRequestHandler.java:59)\n\tat io.appium.uiautomator2.server.AppiumServlet.handleRequest(AppiumServlet.java:267)\n\tat io.appium.uiautomator2.server.AppiumServlet.handleHttpRequest(AppiumServlet.java:261)\n\tat io.appium.uiautomator2.http.ServerHandler.channelRead(ServerHandler.java:77)\n\tat io.netty.channel.AbstractChannelHandlerContext.fireChannelRead(AbstractChannelHandlerContext.java:357)\n\tat io.netty.handler.codec.MessageToMessageDecoder.channelRead(MessageToMessageDecoder.java:107)\n\tat io.netty.channel.AbstractChannelHandlerContext.fireChannelRead(AbstractChannelHandlerContext.java:357)\n\tat io.netty.channel.CombinedChannelDuplexHandler$DelegatingChannelHandlerContext.fireChannelRead(CombinedChannelDuplexHandler.java:434)\n\tat io.netty.handler.codec.ByteToMessageDecoder.fireChannelRead(ByteToMessageDecoder.java:361)\n\tat io.netty.handler.codec.ByteToMessageDecoder.channelRead(ByteToMessageDecoder.java:325)\n\tat io.netty.channel.CombinedChannelDuplexHandler.channelRead(CombinedChannelDuplexHandler.java:249)\n\tat io.netty.channel.AbstractChannelHandlerContext.fireChannelRead(AbstractChannelHandlerContext.java:355)\n\tat io.netty.handler.timeout.IdleStateHandler.channelRead(IdleStateHandler.java:288)\n\tat io.netty.channel.AbstractChannelHandlerContext.fireChannelRead(AbstractChannelHandlerContext.java:355)\n\tat io.netty.channel.DefaultChannelPipeline$HeadContext.channelRead(DefaultChannelPipeline.java:1429)\n\tat io.netty.channel.DefaultChannelPipeline.fireChannelRead(DefaultChannelPipeline.java:918)\n\tat io.netty.channel.nio.AbstractNioByteChannel$NioByteUnsafe.read(AbstractNioByteChannel.java:176)\n\tat io.netty.channel.nio.AbstractNioChannel$AbstractNioUnsafe.handle(AbstractNioChannel.java:445)\n\tat io.netty.channel.nio.NioIoHandler$DefaultNioRegistration.handle(NioIoHandler.java:388)\n\tat io.netty.channel.nio.NioIoHandler.processSelectedKey(NioIoHandler.java:596)\n\tat io.netty.channel.nio.NioIoHandler.processSelectedKeysOptimized(NioIoHandler.java:571)\n\tat io.netty.channel.nio.NioIoHandler.processSelectedKeys(NioIoHandler.java:512)\n\tat io.netty.channel.nio.NioIoHandler.run(NioIoHandler.java:484)\n\tat io.netty.channel.SingleThreadIoEventLoop.runIo(SingleThreadIoEventLoop.java:225)\n\tat io.netty.channel.SingleThreadIoEventLoop.run(SingleThreadIoEventLoop.java:196)\n\tat io.netty.util.concurrent.SingleThreadEventExecutor$5.run(SingleThreadEventExecutor.java:1195)\n\tat io.netty.util.internal.ThreadExecutorMap$2.run(ThreadExecutorMap.java:74)\n\tat io.netty.util.concurrent.FastThreadLocalRunnable.run(FastThreadLocalRunnable.java:30)\n\tat java.lang.Thread.run(Thread.java:1564)\n"}}
[2026-06-14T09:27:06.427Z] [ALL] 06-14 14:57:03.500  1486  1556 D PowerManagerService: displayReady: false groupId=0
[2026-06-14T09:27:06.430Z] [ALL] 06-14 14:57:03.501  1486  1556 D DisplayPowerController[0]: animateScreenStateChange: target=ON, mIsEnabled=true
[2026-06-14T09:27:06.430Z] [ALL] 06-14 14:57:03.503  1486  1556 D DisplayPowerController[0]: putAutoBrightnessTransitionTime: transitionTime=0
[2026-06-14T09:27:06.430Z] [ALL] 06-14 14:57:03.504  1486  1556 D PowerManagerService: displayReady: true groupId=0
[2026-06-14T09:27:06.629Z] [ALL] 06-14 14:57:03.702  1486  1556 D PowerManagerService: displayReady: false groupId=0
[2026-06-14T09:27:06.634Z] [ALL] 06-14 14:57:03.703  1486  1556 D DisplayPowerController[0]: animateScreenStateChange: target=ON, mIsEnabled=true
[2026-06-14T09:27:06.634Z] [ALL] 06-14 14:57:03.705  1486  1556 D DisplayPowerController[0]: putAutoBrightnessTransitionTime: transitionTime=0
[2026-06-14T09:27:06.634Z] [ALL] 06-14 14:57:03.706  1486  1556 D PowerManagerService: displayReady: true groupId=0
[2026-06-14T09:27:06.831Z] [ALL] 06-14 14:57:03.904  1486  1556 D PowerManagerService: displayReady: false groupId=0
[2026-06-14T09:27:06.834Z] [ALL] 06-14 14:57:03.905  1486  1556 D DisplayPowerController[0]: animateScreenStateChange: target=ON, mIsEnabled=true
[2026-06-14T09:27:06.834Z] [ALL] 06-14 14:57:03.906  1486  1556 D DisplayPowerController[0]: putAutoBrightnessTransitionTime: transitionTime=0
[2026-06-14T09:27:06.834Z] [ALL] 06-14 14:57:03.908  1486  1556 D PowerManagerService: displayReady: true groupId=0
[2026-06-14T09:27:06.896Z] [ALL] 06-14 14:57:03.966  5776  5834 I appium  : channel read: POST /session/f5a9b506-d393-4b48-a69f-3151b1cdcacc/element
[2026-06-14T09:27:06.897Z] [ALL] 06-14 14:57:03.967  5776  5834 I appium  : FindElement command
[2026-06-14T09:27:06.898Z] [ALL] 06-14 14:57:03.968  5776  5834 I appium  : method: 'xpath', selector: '//*[@resource-id="otp_input_field" or @content-desc="otp_input_field"]'
[2026-06-14T09:27:06.898Z] [ALL] 06-14 14:57:03.968  5776  5834 I appium  : Waiting up to 10000ms for the device to idle
[2026-06-14T09:27:06.898Z] [ALL] 06-14 14:57:03.969  5776  5834 I appium  : The following attributes will be included to the page source: [resource-id, content-desc]
[2026-06-14T09:27:07.034Z] [ALL] 06-14 14:57:04.107  1486  1556 D PowerManagerService: displayReady: false groupId=0
[2026-06-14T09:27:07.034Z] [ALL] 06-14 14:57:04.108  1486  1556 D DisplayPowerController[0]: animateScreenStateChange: target=ON, mIsEnabled=true
[2026-06-14T09:27:07.036Z] [ALL] 06-14 14:57:04.109  1486  1556 D DisplayPowerController[0]: putAutoBrightnessTransitionTime: transitionTime=0
[2026-06-14T09:27:07.036Z] [ALL] 06-14 14:57:04.110  1486  1556 D PowerManagerService: displayReady: true groupId=0
[2026-06-14T09:27:07.216Z] [ALL] 06-14 14:57:04.291  5776  5834 I appium  : Took 0ms to retrieve 0 matches for '//*[@resource-id="otp_input_field" or @content-desc="otp_input_field"]' XPath2 query
[2026-06-14T09:27:07.217Z] [ALL] 06-14 14:57:04.293  5776  5834 I appium  : AppiumResponse: {"sessionId":"f5a9b506-d393-4b48-a69f-3151b1cdcacc","value":{"error":"no such element","message":"An element could not be located on the page using the given search parameters","stacktrace":"io.appium.uiautomator2.common.exceptions.ElementNotFoundException: An element could not be located on the page using the given search parameters\n\tat io.appium.uiautomator2.utils.ElementLocationHelpers.findElement(ElementLocationHelpers.java:153)\n\tat io.appium.uiautomator2.handler.FindElement.safeHandle(FindElement.java:60)\n\tat io.appium.uiautomator2.handler.request.SafeRequestHandler.handle(SafeRequestHandler.java:59)\n\tat io.appium.uiautomator2.server.AppiumServlet.handleRequest(AppiumServlet.java:267)\n\tat io.appium.uiautomator2.server.AppiumServlet.handleHttpRequest(AppiumServlet.java:261)\n\tat io.appium.uiautomator2.http.ServerHandler.channelRead(ServerHandler.java:77)\n\tat io.netty.channel.AbstractChannelHandlerContext.fireChannelRead(AbstractChannelHandlerContext.java:357)\n\tat io.netty.handler.codec.MessageToMessageDecoder.channelRead(MessageToMessageDecoder.java:107)\n\tat io.netty.channel.AbstractChannelHandlerContext.fireChannelRead(AbstractChannelHandlerContext.java:357)\n\tat io.netty.channel.CombinedChannelDuplexHandler$DelegatingChannelHandlerContext.fireChannelRead(CombinedChannelDuplexHandler.java:434)\n\tat io.netty.handler.codec.ByteToMessageDecoder.fireChannelRead(ByteToMessageDecoder.java:361)\n\tat io.netty.handler.codec.ByteToMessageDecoder.channelRead(ByteToMessageDecoder.java:325)\n\tat io.netty.channel.CombinedChannelDuplexHandler.channelRead(CombinedChannelDuplexHandler.java:249)\n\tat io.netty.channel.AbstractChannelHandlerContext.fireChannelRead(AbstractChannelHandlerContext.java:355)\n\tat io.netty.handler.timeout.IdleStateHandler.channelRead(IdleStateHandler.java:288)\n\tat io.netty.channel.AbstractChannelHandlerContext.fireChannelRead(AbstractChannelHandlerContext.java:355)\n\tat io.netty.channel.DefaultChannelPipeline$HeadContext.channelRead(DefaultChannelPipeline.java:1429)\n\tat io.netty.channel.DefaultChannelPipeline.fireChannelRead(DefaultChannelPipeline.java:918)\n\tat io.netty.channel.nio.AbstractNioByteChannel$NioByteUnsafe.read(AbstractNioByteChannel.java:176)\n\tat io.netty.channel.nio.AbstractNioChannel$AbstractNioUnsafe.handle(AbstractNioChannel.java:445)\n\tat io.netty.channel.nio.NioIoHandler$DefaultNioRegistration.handle(NioIoHandler.java:388)\n\tat io.netty.channel.nio.NioIoHandler.processSelectedKey(NioIoHandler.java:596)\n\tat io.netty.channel.nio.NioIoHandler.processSelectedKeysOptimized(NioIoHandler.java:571)\n\tat io.netty.channel.nio.NioIoHandler.processSelectedKeys(NioIoHandler.java:512)\n\tat io.netty.channel.nio.NioIoHandler.run(NioIoHandler.java:484)\n\tat io.netty.channel.SingleThreadIoEventLoop.runIo(SingleThreadIoEventLoop.java:225)\n\tat io.netty.channel.SingleThreadIoEventLoop.run(SingleThreadIoEventLoop.java:196)\n\tat io.netty.util.concurrent.SingleThreadEventExecutor$5.run(SingleThreadEventExecutor.java:1195)\n\tat io.netty.util.internal.ThreadExecutorMap$2.run(ThreadExecutorMap.java:74)\n\tat io.netty.util.concurrent.FastThreadLocalRunnable.run(FastThreadLocalRunnable.java:30)\n\tat java.lang.Thread.run(Thread.java:1564)\n"}}
[2026-06-14T09:27:07.245Z] [ALL] 06-14 14:57:04.308  1486  1556 D PowerManagerService: displayReady: false groupId=0
[2026-06-14T09:27:07.248Z] [ALL] 06-14 14:57:04.309  1486  1556 D DisplayPowerController[0]: animateScreenStateChange: target=ON, mIsEnabled=true
[2026-06-14T09:27:07.248Z] [ALL] 06-14 14:57:04.310  1486  1556 D DisplayPowerController[0]: putAutoBrightnessTransitionTime: transitionTime=0
[2026-06-14T09:27:07.248Z] [ALL] 06-14 14:57:04.311  1486  1556 D PowerManagerService: displayReady: true groupId=0
[2026-06-14T09:27:07.436Z] [ALL] 06-14 14:57:04.510  1486  1556 D PowerManagerService: displayReady: false groupId=0
[2026-06-14T09:27:07.439Z] [ALL] 06-14 14:57:04.511  1486  1556 D DisplayPowerController[0]: animateScreenStateChange: target=ON, mIsEnabled=true
[2026-06-14T09:27:07.439Z] [ALL] 06-14 14:57:04.512  1486  1556 D DisplayPowerController[0]: putAutoBrightnessTransitionTime: transitionTime=0
[2026-06-14T09:27:07.439Z] [ALL] 06-14 14:57:04.514  1486  1556 D PowerManagerService: displayReady: true groupId=0
[2026-06-14T09:27:07.560Z] [ALL] 06-14 14:57:04.635  1486  1651 D ActivityManager: freezing 3520 com.instagram.android
[2026-06-14T09:27:07.593Z] [ALL] 06-14 14:57:04.649  1486  1741 D InetDiagMessage: Destroyed 1 sockets, proto=IPPROTO_TCP, family=AF_INET, states=14
[2026-06-14T09:27:07.595Z] [ALL] 06-14 14:57:04.656  1486  1741 D InetDiagMessage: Destroyed 1 sockets, proto=IPPROTO_TCP, family=AF_INET6, states=14
[2026-06-14T09:27:07.595Z] [ALL] 06-14 14:57:04.657  1486  1741 D InetDiagMessage: Destroyed live tcp sockets for uids={10470} in 13ms
[2026-06-14T09:27:07.595Z] [ALL] 06-14 14:57:04.657  1486  1741 D ConnectivityService: Freezing callbacks for UID 10470
[2026-06-14T09:27:07.638Z] [ALL] 06-14 14:57:04.712  1486  1556 D PowerManagerService: displayReady: false groupId=0
[2026-06-14T09:27:07.638Z] [ALL] 06-14 14:57:04.712  1486  1556 D DisplayPowerController[0]: animateScreenStateChange: target=ON, mIsEnabled=true
[2026-06-14T09:27:07.641Z] [ALL] 06-14 14:57:04.713  1486  1556 D DisplayPowerController[0]: putAutoBrightnessTransitionTime: transitionTime=0
[2026-06-14T09:27:07.645Z] [ALL] 06-14 14:57:04.716  1486  1556 D PowerManagerService: displayReady: true groupId=0
[2026-06-14T09:27:07.739Z] [ALL] 06-14 14:57:04.814  5776  5834 I appium  : channel read: POST /session/f5a9b506-d393-4b48-a69f-3151b1cdcacc/element
[2026-06-14T09:27:07.745Z] [ALL] 06-14 14:57:04.815  5776  5834 I appium  : FindElement command
[2026-06-14T09:27:07.745Z] [ALL] 06-14 14:57:04.816  5776  5834 I appium  : method: 'xpath', selector: '//*[@resource-id="otp_input_field" or @content-desc="otp_input_field"]'
[2026-06-14T09:27:07.745Z] [ALL] 06-14 14:57:04.816  5776  5834 I appium  : Waiting up to 10000ms for the device to idle
[2026-06-14T09:27:07.747Z] [ALL] 06-14 14:57:04.818  5776  5834 I appium  : The following attributes will be included to the page source: [resource-id, content-desc]
[2026-06-14T09:27:07.805Z] [ALL] 06-14 14:57:04.880  1486  1858 D SemWifiEleStateTracker: Pressure Diff: 0.0037231445
[2026-06-14T09:27:07.805Z] [ALL] 06-14 14:57:04.880  1486  1858 D SemWifiEleStateTracker: Barometer value: Prev 998.10046 Current 998.1042 mSmallBaroDetected : false
[2026-06-14T09:27:07.839Z] [ALL] 06-14 14:57:04.913  1486  1556 D PowerManagerService: displayReady: false groupId=0
[2026-06-14T09:27:07.839Z] [ALL] 06-14 14:57:04.914  1486  1556 D DisplayPowerController[0]: animateScreenStateChange: target=ON, mIsEnabled=true
[2026-06-14T09:27:07.841Z] [ALL] 06-14 14:57:04.914  1486  1556 D DisplayPowerController[0]: putAutoBrightnessTransitionTime: transitionTime=0
[2026-06-14T09:27:07.842Z] [ALL] 06-14 14:57:04.916  1486  1556 D PowerManagerService: displayReady: true groupId=0
[2026-06-14T09:27:07.955Z] [ALL] 06-14 14:57:05.031  5776  5834 I appium  : Took 0ms to retrieve 0 matches for '//*[@resource-id="otp_input_field" or @content-desc="otp_input_field"]' XPath2 query
[2026-06-14T09:27:07.957Z] [ALL] 06-14 14:57:05.032  5776  5834 I appium  : AppiumResponse: {"sessionId":"f5a9b506-d393-4b48-a69f-3151b1cdcacc","value":{"error":"no such element","message":"An element could not be located on the page using the given search parameters","stacktrace":"io.appium.uiautomator2.common.exceptions.ElementNotFoundException: An element could not be located on the page using the given search parameters\n\tat io.appium.uiautomator2.utils.ElementLocationHelpers.findElement(ElementLocationHelpers.java:153)\n\tat io.appium.uiautomator2.handler.FindElement.safeHandle(FindElement.java:60)\n\tat io.appium.uiautomator2.handler.request.SafeRequestHandler.handle(SafeRequestHandler.java:59)\n\tat io.appium.uiautomator2.server.AppiumServlet.handleRequest(AppiumServlet.java:267)\n\tat io.appium.uiautomator2.server.AppiumServlet.handleHttpRequest(AppiumServlet.java:261)\n\tat io.appium.uiautomator2.http.ServerHandler.channelRead(ServerHandler.java:77)\n\tat io.netty.channel.AbstractChannelHandlerContext.fireChannelRead(AbstractChannelHandlerContext.java:357)\n\tat io.netty.handler.codec.MessageToMessageDecoder.channelRead(MessageToMessageDecoder.java:107)\n\tat io.netty.channel.AbstractChannelHandlerContext.fireChannelRead(AbstractChannelHandlerContext.java:357)\n\tat io.netty.channel.CombinedChannelDuplexHandler$DelegatingChannelHandlerContext.fireChannelRead(CombinedChannelDuplexHandler.java:434)\n\tat io.netty.handler.codec.ByteToMessageDecoder.fireChannelRead(ByteToMessageDecoder.java:361)\n\tat io.netty.handler.codec.ByteToMessageDecoder.channelRead(ByteToMessageDecoder.java:325)\n\tat io.netty.channel.CombinedChannelDuplexHandler.channelRead(CombinedChannelDuplexHandler.java:249)\n\tat io.netty.channel.AbstractChannelHandlerContext.fireChannelRead(AbstractChannelHandlerContext.java:355)\n\tat io.netty.handler.timeout.IdleStateHandler.channelRead(IdleStateHandler.java:288)\n\tat io.netty.channel.AbstractChannelHandlerContext.fireChannelRead(AbstractChannelHandlerContext.java:355)\n\tat io.netty.channel.DefaultChannelPipeline$HeadContext.channelRead(DefaultChannelPipeline.java:1429)\n\tat io.netty.channel.DefaultChannelPipeline.fireChannelRead(DefaultChannelPipeline.java:918)\n\tat io.netty.channel.nio.AbstractNioByteChannel$NioByteUnsafe.read(AbstractNioByteChannel.java:176)\n\tat io.netty.channel.nio.AbstractNioChannel$AbstractNioUnsafe.handle(AbstractNioChannel.java:445)\n\tat io.netty.channel.nio.NioIoHandler$DefaultNioRegistration.handle(NioIoHandler.java:388)\n\tat io.netty.channel.nio.NioIoHandler.processSelectedKey(NioIoHandler.java:596)\n\tat io.netty.channel.nio.NioIoHandler.processSelectedKeysOptimized(NioIoHandler.java:571)\n\tat io.netty.channel.nio.NioIoHandler.processSelectedKeys(NioIoHandler.java:512)\n\tat io.netty.channel.nio.NioIoHandler.run(NioIoHandler.java:484)\n\tat io.netty.channel.SingleThreadIoEventLoop.runIo(SingleThreadIoEventLoop.java:225)\n\tat io.netty.channel.SingleThreadIoEventLoop.run(SingleThreadIoEventLoop.java:196)\n\tat io.netty.util.concurrent.SingleThreadEventExecutor$5.run(SingleThreadEventExecutor.java:1195)\n\tat io.netty.util.internal.ThreadExecutorMap$2.run(ThreadExecutorMap.java:74)\n\tat io.netty.util.concurrent.FastThreadLocalRunnable.run(FastThreadLocalRunnable.java:30)\n\tat java.lang.Thread.run(Thread.java:1564)\n"}}
[2026-06-14T09:27:08.042Z] [ALL] 06-14 14:57:05.115  1486  1556 D PowerManagerService: displayReady: false groupId=0
[2026-06-14T09:27:08.044Z] [ALL] 06-14 14:57:05.119  1486  1556 D DisplayPowerController[0]: animateScreenStateChange: target=ON, mIsEnabled=true
[2026-06-14T09:27:08.046Z] [ALL] 06-14 14:57:05.122  1486  1556 D DisplayPowerController[0]: putAutoBrightnessTransitionTime: transitionTime=0
[2026-06-14T09:27:08.048Z] [ALL] 06-14 14:57:05.124  1486  1556 D PowerManagerService: displayReady: true groupId=0
[2026-06-14T09:27:08.247Z] [ALL] 06-14 14:57:05.321  1486  1556 D PowerManagerService: displayReady: false groupId=0
[2026-06-14T09:27:08.247Z] [ALL] 06-14 14:57:05.322  1486  1556 D DisplayPowerController[0]: animateScreenStateChange: target=ON, mIsEnabled=true
[2026-06-14T09:27:08.249Z] [ALL] 06-14 14:57:05.322  1486  1556 D DisplayPowerController[0]: putAutoBrightnessTransitionTime: transitionTime=0
[2026-06-14T09:27:08.250Z] [ALL] 06-14 14:57:05.323  1486  1556 D PowerManagerService: displayReady: true groupId=0
[2026-06-14T09:27:08.448Z] [ALL] 06-14 14:57:05.523  1486  1556 D PowerManagerService: displayReady: false groupId=0
[2026-06-14T09:27:08.450Z] [ALL] 06-14 14:57:05.525  1486  1556 D DisplayPowerController[0]: animateScreenStateChange: target=ON, mIsEnabled=true
[2026-06-14T09:27:08.453Z] [ALL] 06-14 14:57:05.529  1486  1556 D DisplayPowerController[0]: putAutoBrightnessTransitionTime: transitionTime=0
[2026-06-14T09:27:08.456Z] [ALL] 06-14 14:57:05.532  1486  1556 D PowerManagerService: displayReady: true groupId=0
[2026-06-14T09:27:08.486Z] [ALL] 06-14 14:57:05.561  5776  5834 I appium  : channel read: POST /session/f5a9b506-d393-4b48-a69f-3151b1cdcacc/element
[2026-06-14T09:27:08.489Z] [ALL] 06-14 14:57:05.562  5776  5834 I appium  : FindElement command
[2026-06-14T09:27:08.489Z] [ALL] 06-14 14:57:05.563  5776  5834 I appium  : method: 'xpath', selector: '//*[@resource-id="otp_input_field" or @content-desc="otp_input_field"]'
[2026-06-14T09:27:08.489Z] [ALL] 06-14 14:57:05.563  5776  5834 I appium  : Waiting up to 10000ms for the device to idle
[2026-06-14T09:27:08.490Z] [ALL] 06-14 14:57:05.565  5776  5834 I appium  : The following attributes will be included to the page source: [resource-id, content-desc]
[2026-06-14T09:27:08.497Z] [ALL] 06-14 14:57:05.572  5776  5789 I tomator2.server: Method exceeds compiler instruction limit: 19260 in java_cup.runtime.Symbol org.eclipse.wst.xml.xpath2.processor.internal.CUP$XPathCup$actions.CUP$XPathCup$do_action(int, java_cup.runtime.lr_parser, java.util.Stack, int)
[2026-06-14T09:27:08.644Z] [ALL] 06-14 14:57:05.720  5776  5834 I appium  : Took 0ms to retrieve 0 matches for '//*[@resource-id="otp_input_field" or @content-desc="otp_input_field"]' XPath2 query
[2026-06-14T09:27:08.646Z] [ALL] 06-14 14:57:05.722  5776  5834 I appium  : AppiumResponse: {"sessionId":"f5a9b506-d393-4b48-a69f-3151b1cdcacc","value":{"error":"no such element","message":"An element could not be located on the page using the given search parameters","stacktrace":"io.appium.uiautomator2.common.exceptions.ElementNotFoundException: An element could not be located on the page using the given search parameters\n\tat io.appium.uiautomator2.utils.ElementLocationHelpers.findElement(ElementLocationHelpers.java:153)\n\tat io.appium.uiautomator2.handler.FindElement.safeHandle(FindElement.java:60)\n\tat io.appium.uiautomator2.handler.request.SafeRequestHandler.handle(SafeRequestHandler.java:59)\n\tat io.appium.uiautomator2.server.AppiumServlet.handleRequest(AppiumServlet.java:267)\n\tat io.appium.uiautomator2.server.AppiumServlet.handleHttpRequest(AppiumServlet.java:261)\n\tat io.appium.uiautomator2.http.ServerHandler.channelRead(ServerHandler.java:77)\n\tat io.netty.channel.AbstractChannelHandlerContext.fireChannelRead(AbstractChannelHandlerContext.java:357)\n\tat io.netty.handler.codec.MessageToMessageDecoder.channelRead(MessageToMessageDecoder.java:107)\n\tat io.netty.channel.AbstractChannelHandlerContext.fireChannelRead(AbstractChannelHandlerContext.java:357)\n\tat io.netty.channel.CombinedChannelDuplexHandler$DelegatingChannelHandlerContext.fireChannelRead(CombinedChannelDuplexHandler.java:434)\n\tat io.netty.handler.codec.ByteToMessageDecoder.fireChannelRead(ByteToMessageDecoder.java:361)\n\tat io.netty.handler.codec.ByteToMessageDecoder.channelRead(ByteToMessageDecoder.java:325)\n\tat io.netty.channel.CombinedChannelDuplexHandler.channelRead(CombinedChannelDuplexHandler.java:249)\n\tat io.netty.channel.AbstractChannelHandlerContext.fireChannelRead(AbstractChannelHandlerContext.java:355)\n\tat io.netty.handler.timeout.IdleStateHandler.channelRead(IdleStateHandler.java:288)\n\tat io.netty.channel.AbstractChannelHandlerContext.fireChannelRead(AbstractChannelHandlerContext.java:355)\n\tat io.netty.channel.DefaultChannelPipeline$HeadContext.channelRead(DefaultChannelPipeline.java:1429)\n\tat io.netty.channel.DefaultChannelPipeline.fireChannelRead(DefaultChannelPipeline.java:918)\n\tat io.netty.channel.nio.AbstractNioByteChannel$NioByteUnsafe.read(AbstractNioByteChannel.java:176)\n\tat io.netty.channel.nio.AbstractNioChannel$AbstractNioUnsafe.handle(AbstractNioChannel.java:445)\n\tat io.netty.channel.nio.NioIoHandler$DefaultNioRegistration.handle(NioIoHandler.java:388)\n\tat io.netty.channel.nio.NioIoHandler.processSelectedKey(NioIoHandler.java:596)\n\tat io.netty.channel.nio.NioIoHandler.processSelectedKeysOptimized(NioIoHandler.java:571)\n\tat io.netty.channel.nio.NioIoHandler.processSelectedKeys(NioIoHandler.java:512)\n\tat io.netty.channel.nio.NioIoHandler.run(NioIoHandler.java:484)\n\tat io.netty.channel.SingleThreadIoEventLoop.runIo(SingleThreadIoEventLoop.java:225)\n\tat io.netty.channel.SingleThreadIoEventLoop.run(SingleThreadIoEventLoop.java:196)\n\tat io.netty.util.concurrent.SingleThreadEventExecutor$5.run(SingleThreadEventExecutor.java:1195)\n\tat io.netty.util.internal.ThreadExecutorMap$2.run(ThreadExecutorMap.java:74)\n\tat io.netty.util.concurrent.FastThreadLocalRunnable.run(FastThreadLocalRunnable.java:30)\n\tat java.lang.Thread.run(Thread.java:1564)\n"}}
[2026-06-14T09:27:08.650Z] [ALL] 06-14 14:57:05.726  1486  1556 D PowerManagerService: displayReady: false groupId=0
[2026-06-14T09:27:08.651Z] [ALL] 06-14 14:57:05.727  1486  1556 D DisplayPowerController[0]: animateScreenStateChange: target=ON, mIsEnabled=true
[2026-06-14T09:27:08.651Z] [ALL] 06-14 14:57:05.727  1486  1556 D DisplayPowerController[0]: putAutoBrightnessTransitionTime: transitionTime=0
[2026-06-14T09:27:08.652Z] [ALL] 06-14 14:57:05.728  1486  1556 D PowerManagerService: displayReady: true groupId=0
[2026-06-14T09:27:08.717Z] [ALL] 06-14 14:57:05.792  1486  1828 I SemWifiServiceDetector: Service det. resumed: T / T / 19967
[2026-06-14T09:27:08.811Z] [ALL] 06-14 14:57:05.885  1486  1729 D WifiStaIfaceHidlImpl: getCachedScanData is not implemented by HIDL
[2026-06-14T09:27:08.821Z] [ALL] 06-14 14:57:05.896  1486  3494 D SemWifiUsabilityStatsMonitor: onWifiUsabilityStats - seqNum 22745, isSameBssidAndFreq true
[2026-06-14T09:27:08.831Z] [ALL] 06-14 14:57:05.906  5776  5834 I appium  : channel read: POST /session/f5a9b506-d393-4b48-a69f-3151b1cdcacc/element
[2026-06-14T09:27:08.831Z] [ALL] 06-14 14:57:05.907  5776  5834 I appium  : FindElement command
[2026-06-14T09:27:08.835Z] [ALL] 06-14 14:57:05.908  5776  5834 I appium  : method: 'xpath', selector: '//*[@resource-id="otp_input_field" or @content-desc="otp_input_field"]'
[2026-06-14T09:27:08.835Z] [ALL] 06-14 14:57:05.908  5776  5834 I appium  : Waiting up to 10000ms for the device to idle
[2026-06-14T09:27:08.835Z] [ALL] 06-14 14:57:05.910  5776  5834 I appium  : The following attributes will be included to the page source: [resource-id, content-desc]
[2026-06-14T09:27:08.835Z] [ALL] 06-14 14:57:05.910  2072  2072 I EPDG-0 [WifiProfiler]: handleWifiRssiIntent, rssi=-53
[2026-06-14T09:27:08.835Z] [ALL] 06-14 14:57:05.910  2072  2072 I EPDG-0 [WifiProfiler]: isProfiling, hash=189204772, started=true
[2026-06-14T09:27:08.835Z] [ALL] 06-14 14:57:05.911  2072  2072 I EPDG-0 [LogMetrics]: set, type=WIFI_RSSI_LAST, value=-53
[2026-06-14T09:27:08.837Z] [ALL] 06-14 14:57:05.913  2072  2072 I EPDG-0 [WifiProfiler]: isProfiling, hash=189204772, started=true
[2026-06-14T09:27:08.839Z] [ALL] 06-14 14:57:05.915  2072  2072 I EPDG-0 [WifiProfiler]: Rssi : -53 highrange : -75 lowrange : -85 mIsRssiInHystersis : false
[2026-06-14T09:27:08.839Z] [ALL] 06-14 14:57:05.915  2072  2072 I EPDG-0 [WifiProfiler]: Rssi : -53 highrange : -75 lowrange : -85 mIsRssiInHystersis : false
[2026-06-14T09:27:08.839Z] [ALL] 06-14 14:57:05.915  2072  2072 I EPDG-0 [Subscription]: isEpdgAvailable, IwlanPsState=2/2
[2026-06-14T09:27:08.839Z] [ALL] 06-14 14:57:05.915  2072  2072 I EPDG-0 [WifiProfiler]: getHandoverThresholdMet: value is: false
[2026-06-14T09:27:08.865Z] [ALL] 06-14 14:57:05.928  1486  1556 D PowerManagerService: displayReady: false groupId=0
[2026-06-14T09:27:08.865Z] [ALL] 06-14 14:57:05.928  1486  1556 D DisplayPowerController[0]: animateScreenStateChange: target=ON, mIsEnabled=true
[2026-06-14T09:27:08.865Z] [ALL] 06-14 14:57:05.928  1486  1556 D DisplayPowerController[0]: putAutoBrightnessTransitionTime: transitionTime=0
[2026-06-14T09:27:08.865Z] [ALL] 06-14 14:57:05.929  1486  1556 D PowerManagerService: displayReady: true groupId=0
[2026-06-14T09:27:09.054Z] [ALL] 06-14 14:57:06.129  1486  1556 D PowerManagerService: displayReady: false groupId=0
[2026-06-14T09:27:09.054Z] [ALL] 06-14 14:57:06.129  1486  1556 D DisplayPowerController[0]: animateScreenStateChange: target=ON, mIsEnabled=true
[2026-06-14T09:27:09.058Z] [ALL] 06-14 14:57:06.130  1486  1556 D DisplayPowerController[0]: putAutoBrightnessTransitionTime: transitionTime=0
[2026-06-14T09:27:09.058Z] [ALL] 06-14 14:57:06.131  1486  1556 D PowerManagerService: displayReady: true groupId=0
[2026-06-14T09:27:09.082Z] [ALL] 06-14 14:57:06.157  5776  5834 I appium  : Took 0ms to retrieve 0 matches for '//*[@resource-id="otp_input_field" or @content-desc="otp_input_field"]' XPath2 query
[2026-06-14T09:27:09.084Z] [ALL] 06-14 14:57:06.159  5776  5834 I appium  : AppiumResponse: {"sessionId":"f5a9b506-d393-4b48-a69f-3151b1cdcacc","value":{"error":"no such element","message":"An element could not be located on the page using the given search parameters","stacktrace":"io.appium.uiautomator2.common.exceptions.ElementNotFoundException: An element could not be located on the page using the given search parameters\n\tat io.appium.uiautomator2.utils.ElementLocationHelpers.findElement(ElementLocationHelpers.java:153)\n\tat io.appium.uiautomator2.handler.FindElement.safeHandle(FindElement.java:60)\n\tat io.appium.uiautomator2.handler.request.SafeRequestHandler.handle(SafeRequestHandler.java:59)\n\tat io.appium.uiautomator2.server.AppiumServlet.handleRequest(AppiumServlet.java:267)\n\tat io.appium.uiautomator2.server.AppiumServlet.handleHttpRequest(AppiumServlet.java:261)\n\tat io.appium.uiautomator2.http.ServerHandler.channelRead(ServerHandler.java:77)\n\tat io.netty.channel.AbstractChannelHandlerContext.fireChannelRead(AbstractChannelHandlerContext.java:357)\n\tat io.netty.handler.codec.MessageToMessageDecoder.channelRead(MessageToMessageDecoder.java:107)\n\tat io.netty.channel.AbstractChannelHandlerContext.fireChannelRead(AbstractChannelHandlerContext.java:357)\n\tat io.netty.channel.CombinedChannelDuplexHandler$DelegatingChannelHandlerContext.fireChannelRead(CombinedChannelDuplexHandler.java:434)\n\tat io.netty.handler.codec.ByteToMessageDecoder.fireChannelRead(ByteToMessageDecoder.java:361)\n\tat io.netty.handler.codec.ByteToMessageDecoder.channelRead(ByteToMessageDecoder.java:325)\n\tat io.netty.channel.CombinedChannelDuplexHandler.channelRead(CombinedChannelDuplexHandler.java:249)\n\tat io.netty.channel.AbstractChannelHandlerContext.fireChannelRead(AbstractChannelHandlerContext.java:355)\n\tat io.netty.handler.timeout.IdleStateHandler.channelRead(IdleStateHandler.java:288)\n\tat io.netty.channel.AbstractChannelHandlerContext.fireChannelRead(AbstractChannelHandlerContext.java:355)\n\tat io.netty.channel.DefaultChannelPipeline$HeadContext.channelRead(DefaultChannelPipeline.java:1429)\n\tat io.netty.channel.DefaultChannelPipeline.fireChannelRead(DefaultChannelPipeline.java:918)\n\tat io.netty.channel.nio.AbstractNioByteChannel$NioByteUnsafe.read(AbstractNioByteChannel.java:176)\n\tat io.netty.channel.nio.AbstractNioChannel$AbstractNioUnsafe.handle(AbstractNioChannel.java:445)\n\tat io.netty.channel.nio.NioIoHandler$DefaultNioRegistration.handle(NioIoHandler.java:388)\n\tat io.netty.channel.nio.NioIoHandler.processSelectedKey(NioIoHandler.java:596)\n\tat io.netty.channel.nio.NioIoHandler.processSelectedKeysOptimized(NioIoHandler.java:571)\n\tat io.netty.channel.nio.NioIoHandler.processSelectedKeys(NioIoHandler.java:512)\n\tat io.netty.channel.nio.NioIoHandler.run(NioIoHandler.java:484)\n\tat io.netty.channel.SingleThreadIoEventLoop.runIo(SingleThreadIoEventLoop.java:225)\n\tat io.netty.channel.SingleThreadIoEventLoop.run(SingleThreadIoEventLoop.java:196)\n\tat io.netty.util.concurrent.SingleThreadEventExecutor$5.run(SingleThreadEventExecutor.java:1195)\n\tat io.netty.util.internal.ThreadExecutorMap$2.run(ThreadExecutorMap.java:74)\n\tat io.netty.util.concurrent.FastThreadLocalRunnable.run(FastThreadLocalRunnable.java:30)\n\tat java.lang.Thread.run(Thread.java:1564)\n"}}
[2026-06-14T09:27:09.115Z] [ALL] 06-14 14:57:06.190  5776  5834 I appium  : channel read: POST /session/f5a9b506-d393-4b48-a69f-3151b1cdcacc/element
[2026-06-14T09:27:09.116Z] [ALL] 06-14 14:57:06.191  5776  5834 I appium  : FindElement command
[2026-06-14T09:27:09.116Z] [ALL] 06-14 14:57:06.192  5776  5834 I appium  : method: 'xpath', selector: '//*[@resource-id="otp_input_field" or @content-desc="otp_input_field"]'
[2026-06-14T09:27:09.116Z] [ALL] 06-14 14:57:06.192  5776  5834 I appium  : Waiting up to 10000ms for the device to idle
[2026-06-14T09:27:09.118Z] [ALL] 06-14 14:57:06.193  5776  5834 I appium  : The following attributes will be included to the page source: [resource-id, content-desc]
[2026-06-14T09:27:09.248Z] [ALL] 06-14 14:57:06.323  5776  5834 I appium  : Took 0ms to retrieve 0 matches for '//*[@resource-id="otp_input_field" or @content-desc="otp_input_field"]' XPath2 query
[2026-06-14T09:27:09.249Z] [ALL] 06-14 14:57:06.324  5776  5834 I appium  : AppiumResponse: {"sessionId":"f5a9b506-d393-4b48-a69f-3151b1cdcacc","value":{"error":"no such element","message":"An element could not be located on the page using the given search parameters","stacktrace":"io.appium.uiautomator2.common.exceptions.ElementNotFoundException: An element could not be located on the page using the given search parameters\n\tat io.appium.uiautomator2.utils.ElementLocationHelpers.findElement(ElementLocationHelpers.java:153)\n\tat io.appium.uiautomator2.handler.FindElement.safeHandle(FindElement.java:60)\n\tat io.appium.uiautomator2.handler.request.SafeRequestHandler.handle(SafeRequestHandler.java:59)\n\tat io.appium.uiautomator2.server.AppiumServlet.handleRequest(AppiumServlet.java:267)\n\tat io.appium.uiautomator2.server.AppiumServlet.handleHttpRequest(AppiumServlet.java:261)\n\tat io.appium.uiautomator2.http.ServerHandler.channelRead(ServerHandler.java:77)\n\tat io.netty.channel.AbstractChannelHandlerContext.fireChannelRead(AbstractChannelHandlerContext.java:357)\n\tat io.netty.handler.codec.MessageToMessageDecoder.channelRead(MessageToMessageDecoder.java:107)\n\tat io.netty.channel.AbstractChannelHandlerContext.fireChannelRead(AbstractChannelHandlerContext.java:357)\n\tat io.netty.channel.CombinedChannelDuplexHandler$DelegatingChannelHandlerContext.fireChannelRead(CombinedChannelDuplexHandler.java:434)\n\tat io.netty.handler.codec.ByteToMessageDecoder.fireChannelRead(ByteToMessageDecoder.java:361)\n\tat io.netty.handler.codec.ByteToMessageDecoder.channelRead(ByteToMessageDecoder.java:325)\n\tat io.netty.channel.CombinedChannelDuplexHandler.channelRead(CombinedChannelDuplexHandler.java:249)\n\tat io.netty.channel.AbstractChannelHandlerContext.fireChannelRead(AbstractChannelHandlerContext.java:355)\n\tat io.netty.handler.timeout.IdleStateHandler.channelRead(IdleStateHandler.java:288)\n\tat io.netty.channel.AbstractChannelHandlerContext.fireChannelRead(AbstractChannelHandlerContext.java:355)\n\tat io.netty.channel.DefaultChannelPipeline$HeadContext.channelRead(DefaultChannelPipeline.java:1429)\n\tat io.netty.channel.DefaultChannelPipeline.fireChannelRead(DefaultChannelPipeline.java:918)\n\tat io.netty.channel.nio.AbstractNioByteChannel$NioByteUnsafe.read(AbstractNioByteChannel.java:176)\n\tat io.netty.channel.nio.AbstractNioChannel$AbstractNioUnsafe.handle(AbstractNioChannel.java:445)\n\tat io.netty.channel.nio.NioIoHandler$DefaultNioRegistration.handle(NioIoHandler.java:388)\n\tat io.netty.channel.nio.NioIoHandler.processSelectedKey(NioIoHandler.java:596)\n\tat io.netty.channel.nio.NioIoHandler.processSelectedKeysOptimized(NioIoHandler.java:571)\n\tat io.netty.channel.nio.NioIoHandler.processSelectedKeys(NioIoHandler.java:512)\n\tat io.netty.channel.nio.NioIoHandler.run(NioIoHandler.java:484)\n\tat io.netty.channel.SingleThreadIoEventLoop.runIo(SingleThreadIoEventLoop.java:225)\n\tat io.netty.channel.SingleThreadIoEventLoop.run(SingleThreadIoEventLoop.java:196)\n\tat io.netty.util.concurrent.SingleThreadEventExecutor$5.run(SingleThreadEventExecutor.java:1195)\n\tat io.netty.util.internal.ThreadExecutorMap$2.run(ThreadExecutorMap.java:74)\n\tat io.netty.util.concurrent.FastThreadLocalRunnable.run(FastThreadLocalRunnable.java:30)\n\tat java.lang.Thread.run(Thread.java:1564)\n"}}
[2026-06-14T09:27:09.254Z] [ALL] 06-14 14:57:06.329  1486  1556 D PowerManagerService: displayReady: false groupId=0
[2026-06-14T09:27:09.254Z] [ALL] 06-14 14:57:06.330  1486  1556 D DisplayPowerController[0]: animateScreenStateChange: target=ON, mIsEnabled=true
[2026-06-14T09:27:09.254Z] [ALL] 06-14 14:57:06.330  1486  1556 D DisplayPowerController[0]: putAutoBrightnessTransitionTime: transitionTime=0
[2026-06-14T09:27:09.256Z] [ALL] 06-14 14:57:06.330  1486  1556 D PowerManagerService: displayReady: true groupId=0
[2026-06-14T09:27:09.460Z] [ALL] 06-14 14:57:06.531  1486  1556 D PowerManagerService: displayReady: false groupId=0
[2026-06-14T09:27:09.460Z] [ALL] 06-14 14:57:06.532  1486  1556 D DisplayPowerController[0]: animateScreenStateChange: target=ON, mIsEnabled=true
[2026-06-14T09:27:09.460Z] [ALL] 06-14 14:57:06.532  1486  1556 D DisplayPowerController[0]: putAutoBrightnessTransitionTime: transitionTime=0
[2026-06-14T09:27:09.462Z] [ALL] 06-14 14:57:06.533  1486  1556 D PowerManagerService: displayReady: true groupId=0
[2026-06-14T09:27:09.660Z] [ALL] 06-14 14:57:06.733  1486  1556 D PowerManagerService: displayReady: false groupId=0
[2026-06-14T09:27:09.663Z] [ALL] 06-14 14:57:06.735  1486  1556 D DisplayPowerController[0]: animateScreenStateChange: target=ON, mIsEnabled=true
[2026-06-14T09:27:09.663Z] [ALL] 06-14 14:57:06.736  1486  1556 D DisplayPowerController[0]: putAutoBrightnessTransitionTime: transitionTime=0
[2026-06-14T09:27:09.665Z] [ALL] 06-14 14:57:06.737  1486  1556 D PowerManagerService: displayReady: true groupId=0
[2026-06-14T09:27:09.770Z] [ALL] 06-14 14:57:06.842  5776  5834 I appium  : channel read: POST /session/f5a9b506-d393-4b48-a69f-3151b1cdcacc/element
[2026-06-14T09:27:09.772Z] [ALL] 06-14 14:57:06.842  5776  5834 I appium  : FindElement command
[2026-06-14T09:27:09.772Z] [ALL] 06-14 14:57:06.844  5776  5834 I appium  : method: 'xpath', selector: '//*[@resource-id="otp_input_field" or @content-desc="otp_input_field"]'
[2026-06-14T09:27:09.772Z] [ALL] 06-14 14:57:06.844  5776  5834 I appium  : Waiting up to 10000ms for the device to idle
[2026-06-14T09:27:09.772Z] [ALL] 06-14 14:57:06.845  5776  5834 I appium  : The following attributes will be included to the page source: [resource-id, content-desc]
[2026-06-14T09:27:09.836Z] [ALL] 06-14 14:57:06.910  1486  1858 D SemWifiEleStateTracker: Pressure Diff: -0.003112793
[2026-06-14T09:27:09.836Z] [ALL] 06-14 14:57:06.910  1486  1858 D SemWifiEleStateTracker: Barometer value: Prev 998.1042 Current 998.1011 mSmallBaroDetected : false
[2026-06-14T09:27:09.861Z] [ALL] 06-14 14:57:06.936  1486  1556 D PowerManagerService: displayReady: false groupId=0
[2026-06-14T09:27:09.865Z] [ALL] 06-14 14:57:06.937  1486  1556 D DisplayPowerController[0]: animateScreenStateChange: target=ON, mIsEnabled=true
[2026-06-14T09:27:09.865Z] [ALL] 06-14 14:57:06.938  1486  1556 D DisplayPowerController[0]: putAutoBrightnessTransitionTime: transitionTime=0
[2026-06-14T09:27:09.865Z] [ALL] 06-14 14:57:06.939  1486  1556 D PowerManagerService: displayReady: true groupId=0
[2026-06-14T09:27:09.910Z] [ALL] 06-14 14:57:06.983  1486  1856 D SemWifiSwitchForIndividualAppsService: isSkipNetworkCondition - result:2
[2026-06-14T09:27:09.947Z] [ALL] 06-14 14:57:07.022   747   747 D io_stats: !@   8,0 r 79570297 1569788173 w 12655905 207312840 d 4206646 258477248 f 0 1104903 iot 28643772 0 th 0 0 0 pt 0 inp 0 0 180041.411
[2026-06-14T09:27:09.947Z] [ALL] 06-14 14:57:07.022   747   747 D io_stats: !@ Write_top(KB): kworker/u16:4(31690) 1300
[2026-06-14T09:27:10.062Z] [ALL] 06-14 14:57:07.137  1486  1556 D PowerManagerService: displayReady: false groupId=0
[2026-06-14T09:27:10.063Z] [ALL] 06-14 14:57:07.139  1486  1556 D DisplayPowerController[0]: animateScreenStateChange: target=ON, mIsEnabled=true
[2026-06-14T09:27:10.064Z] [ALL] 06-14 14:57:07.141  1486  1556 D DisplayPowerController[0]: putAutoBrightnessTransitionTime: transitionTime=0
[2026-06-14T09:27:10.067Z] [ALL] 06-14 14:57:07.143  1486  1556 D PowerManagerService: displayReady: true groupId=0
[2026-06-14T09:27:10.076Z] [ALL] 06-14 14:57:07.151  5776  5834 I appium  : Took 0ms to retrieve 0 matches for '//*[@resource-id="otp_input_field" or @content-desc="otp_input_field"]' XPath2 query
[2026-06-14T09:27:10.079Z] [ALL] 06-14 14:57:07.153  5776  5834 I appium  : AppiumResponse: {"sessionId":"f5a9b506-d393-4b48-a69f-3151b1cdcacc","value":{"error":"no such element","message":"An element could not be located on the page using the given search parameters","stacktrace":"io.appium.uiautomator2.common.exceptions.ElementNotFoundException: An element could not be located on the page using the given search parameters\n\tat io.appium.uiautomator2.utils.ElementLocationHelpers.findElement(ElementLocationHelpers.java:153)\n\tat io.appium.uiautomator2.handler.FindElement.safeHandle(FindElement.java:60)\n\tat io.appium.uiautomator2.handler.request.SafeRequestHandler.handle(SafeRequestHandler.java:59)\n\tat io.appium.uiautomator2.server.AppiumServlet.handleRequest(AppiumServlet.java:267)\n\tat io.appium.uiautomator2.server.AppiumServlet.handleHttpRequest(AppiumServlet.java:261)\n\tat io.appium.uiautomator2.http.ServerHandler.channelRead(ServerHandler.java:77)\n\tat io.netty.channel.AbstractChannelHandlerContext.fireChannelRead(AbstractChannelHandlerContext.java:357)\n\tat io.netty.handler.codec.MessageToMessageDecoder.channelRead(MessageToMessageDecoder.java:107)\n\tat io.netty.channel.AbstractChannelHandlerContext.fireChannelRead(AbstractChannelHandlerContext.java:357)\n\tat io.netty.channel.CombinedChannelDuplexHandler$DelegatingChannelHandlerContext.fireChannelRead(CombinedChannelDuplexHandler.java:434)\n\tat io.netty.handler.codec.ByteToMessageDecoder.fireChannelRead(ByteToMessageDecoder.java:361)\n\tat io.netty.handler.codec.ByteToMessageDecoder.channelRead(ByteToMessageDecoder.java:325)\n\tat io.netty.channel.CombinedChannelDuplexHandler.channelRead(CombinedChannelDuplexHandler.java:249)\n\tat io.netty.channel.AbstractChannelHandlerContext.fireChannelRead(AbstractChannelHandlerContext.java:355)\n\tat io.netty.handler.timeout.IdleStateHandler.channelRead(IdleStateHandler.java:288)\n\tat io.netty.channel.AbstractChannelHandlerContext.fireChannelRead(AbstractChannelHandlerContext.java:355)\n\tat io.netty.channel.DefaultChannelPipeline$HeadContext.channelRead(DefaultChannelPipeline.java:1429)\n\tat io.netty.channel.DefaultChannelPipeline.fireChannelRead(DefaultChannelPipeline.java:918)\n\tat io.netty.channel.nio.AbstractNioByteChannel$NioByteUnsafe.read(AbstractNioByteChannel.java:176)\n\tat io.netty.channel.nio.AbstractNioChannel$AbstractNioUnsafe.handle(AbstractNioChannel.java:445)\n\tat io.netty.channel.nio.NioIoHandler$DefaultNioRegistration.handle(NioIoHandler.java:388)\n\tat io.netty.channel.nio.NioIoHandler.processSelectedKey(NioIoHandler.java:596)\n\tat io.netty.channel.nio.NioIoHandler.processSelectedKeysOptimized(NioIoHandler.java:571)\n\tat io.netty.channel.nio.NioIoHandler.processSelectedKeys(NioIoHandler.java:512)\n\tat io.netty.channel.nio.NioIoHandler.run(NioIoHandler.java:484)\n\tat io.netty.channel.SingleThreadIoEventLoop.runIo(SingleThreadIoEventLoop.java:225)\n\tat io.netty.channel.SingleThreadIoEventLoop.run(SingleThreadIoEventLoop.java:196)\n\tat io.netty.util.concurrent.SingleThreadEventExecutor$5.run(SingleThreadEventExecutor.java:1195)\n\tat io.netty.util.internal.ThreadExecutorMap$2.run(ThreadExecutorMap.java:74)\n\tat io.netty.util.concurrent.FastThreadLocalRunnable.run(FastThreadLocalRunnable.java:30)\n\tat java.lang.Thread.run(Thread.java:1564)\n"}}
[2026-06-14T09:27:10.267Z] [ALL] 06-14 14:57:07.340  1486  1556 D PowerManagerService: displayReady: false groupId=0
[2026-06-14T09:27:10.269Z] [ALL] 06-14 14:57:07.341  1486  1556 D DisplayPowerController[0]: animateScreenStateChange: target=ON, mIsEnabled=true
[2026-06-14T09:27:10.269Z] [ALL] 06-14 14:57:07.342  1486  1556 D DisplayPowerController[0]: putAutoBrightnessTransitionTime: transitionTime=0
[2026-06-14T09:27:10.269Z] [ALL] 06-14 14:57:07.343  1486  1556 D PowerManagerService: displayReady: true groupId=0
[2026-06-14T09:27:10.469Z] [ALL] 06-14 14:57:07.542  1486  1556 D PowerManagerService: displayReady: false groupId=0
[2026-06-14T09:27:10.480Z] [ALL] 06-14 14:57:07.555  1486  1556 D DisplayPowerController[0]: animateScreenStateChange: target=ON, mIsEnabled=true
[2026-06-14T09:27:10.483Z] [ALL] 06-14 14:57:07.558  1486  1556 D DisplayPowerController[0]: putAutoBrightnessTransitionTime: transitionTime=0
[2026-06-14T09:27:10.487Z] [ALL] 06-14 14:57:07.563  1486  1556 D PowerManagerService: displayReady: true groupId=0
[2026-06-14T09:27:10.606Z] [ALL] 06-14 14:57:07.680  5776  5834 I appium  : channel read: POST /session/f5a9b506-d393-4b48-a69f-3151b1cdcacc/element
[2026-06-14T09:27:10.606Z] [ALL] 06-14 14:57:07.681  5776  5834 I appium  : FindElement command
[2026-06-14T09:27:10.611Z] [ALL] 06-14 14:57:07.682  5776  5834 I appium  : method: 'xpath', selector: '//*[@resource-id="otp_input_field" or @content-desc="otp_input_field"]'
[2026-06-14T09:27:10.611Z] [ALL] 06-14 14:57:07.682  5776  5834 I appium  : Waiting up to 10000ms for the device to idle
[2026-06-14T09:27:10.611Z] [ALL] 06-14 14:57:07.683  5776  5834 I appium  : The following attributes will be included to the page source: [resource-id, content-desc]
[2026-06-14T09:27:10.670Z] [ALL] 06-14 14:57:07.745  1486  1556 D PowerManagerService: displayReady: false groupId=0
[2026-06-14T09:27:10.677Z] [ALL] 06-14 14:57:07.749  1486  1556 D DisplayPowerController[0]: animateScreenStateChange: target=ON, mIsEnabled=true
[2026-06-14T09:27:10.677Z] [ALL] 06-14 14:57:07.750  1486  1556 D DisplayPowerController[0]: putAutoBrightnessTransitionTime: transitionTime=0
[2026-06-14T09:27:10.678Z] [ALL] 06-14 14:57:07.751  1486  1556 D PowerManagerService: displayReady: true groupId=0
[2026-06-14T09:27:10.836Z] [ALL] 06-14 14:57:07.870  5214  5214 D BoundBrokerSvc: onUnbind: Intent { act=com.google.android.gms.auth.aang.events.services.START dat=chimera-action:/... xflg=0x4 cmp=com.google.android.gms/.chimera.PersistentApiService }
[2026-06-14T09:27:10.847Z] [ALL] 06-14 14:57:07.922  5776  5834 I appium  : Took 0ms to retrieve 0 matches for '//*[@resource-id="otp_input_field" or @content-desc="otp_input_field"]' XPath2 query
[2026-06-14T09:27:10.850Z] [ALL] 06-14 14:57:07.923  5776  5834 I appium  : AppiumResponse: {"sessionId":"f5a9b506-d393-4b48-a69f-3151b1cdcacc","value":{"error":"no such element","message":"An element could not be located on the page using the given search parameters","stacktrace":"io.appium.uiautomator2.common.exceptions.ElementNotFoundException: An element could not be located on the page using the given search parameters\n\tat io.appium.uiautomator2.utils.ElementLocationHelpers.findElement(ElementLocationHelpers.java:153)\n\tat io.appium.uiautomator2.handler.FindElement.safeHandle(FindElement.java:60)\n\tat io.appium.uiautomator2.handler.request.SafeRequestHandler.handle(SafeRequestHandler.java:59)\n\tat io.appium.uiautomator2.server.AppiumServlet.handleRequest(AppiumServlet.java:267)\n\tat io.appium.uiautomator2.server.AppiumServlet.handleHttpRequest(AppiumServlet.java:261)\n\tat io.appium.uiautomator2.http.ServerHandler.channelRead(ServerHandler.java:77)\n\tat io.netty.channel.AbstractChannelHandlerContext.fireChannelRead(AbstractChannelHandlerContext.java:357)\n\tat io.netty.handler.codec.MessageToMessageDecoder.channelRead(MessageToMessageDecoder.java:107)\n\tat io.netty.channel.AbstractChannelHandlerContext.fireChannelRead(AbstractChannelHandlerContext.java:357)\n\tat io.netty.channel.CombinedChannelDuplexHandler$DelegatingChannelHandlerContext.fireChannelRead(CombinedChannelDuplexHandler.java:434)\n\tat io.netty.handler.codec.ByteToMessageDecoder.fireChannelRead(ByteToMessageDecoder.java:361)\n\tat io.netty.handler.codec.ByteToMessageDecoder.channelRead(ByteToMessageDecoder.java:325)\n\tat io.netty.channel.CombinedChannelDuplexHandler.channelRead(CombinedChannelDuplexHandler.java:249)\n\tat io.netty.channel.AbstractChannelHandlerContext.fireChannelRead(AbstractChannelHandlerContext.java:355)\n\tat io.netty.handler.timeout.IdleStateHandler.channelRead(IdleStateHandler.java:288)\n\tat io.netty.channel.AbstractChannelHandlerContext.fireChannelRead(AbstractChannelHandlerContext.java:355)\n\tat io.netty.channel.DefaultChannelPipeline$HeadContext.channelRead(DefaultChannelPipeline.java:1429)\n\tat io.netty.channel.DefaultChannelPipeline.fireChannelRead(DefaultChannelPipeline.java:918)\n\tat io.netty.channel.nio.AbstractNioByteChannel$NioByteUnsafe.read(AbstractNioByteChannel.java:176)\n\tat io.netty.channel.nio.AbstractNioChannel$AbstractNioUnsafe.handle(AbstractNioChannel.java:445)\n\tat io.netty.channel.nio.NioIoHandler$DefaultNioRegistration.handle(NioIoHandler.java:388)\n\tat io.netty.channel.nio.NioIoHandler.processSelectedKey(NioIoHandler.java:596)\n\tat io.netty.channel.nio.NioIoHandler.processSelectedKeysOptimized(NioIoHandler.java:571)\n\tat io.netty.channel.nio.NioIoHandler.processSelectedKeys(NioIoHandler.java:512)\n\tat io.netty.channel.nio.NioIoHandler.run(NioIoHandler.java:484)\n\tat io.netty.channel.SingleThreadIoEventLoop.runIo(SingleThreadIoEventLoop.java:225)\n\tat io.netty.channel.SingleThreadIoEventLoop.run(SingleThreadIoEventLoop.java:196)\n\tat io.netty.util.concurrent.SingleThreadEventExecutor$5.run(SingleThreadEventExecutor.java:1195)\n\tat io.netty.util.internal.ThreadExecutorMap$2.run(ThreadExecutorMap.java:74)\n\tat io.netty.util.concurrent.FastThreadLocalRunnable.run(FastThreadLocalRunnable.java:30)\n\tat java.lang.Thread.run(Thread.java:1564)\n"}}
[2026-06-14T09:27:10.877Z] [ALL] 06-14 14:57:07.952  1486  1556 D PowerManagerService: displayReady: false groupId=0
[2026-06-14T09:27:10.894Z] [ALL] 06-14 14:57:07.954  1486  1556 D DisplayPowerController[0]: animateScreenStateChange: target=ON, mIsEnabled=true
[2026-06-14T09:27:10.896Z] [ALL] 06-14 14:57:07.956  1486  1556 D DisplayPowerController[0]: putAutoBrightnessTransitionTime: transitionTime=0
[2026-06-14T09:27:10.896Z] [ALL] 06-14 14:57:07.958  1486  1556 D PowerManagerService: displayReady: true groupId=0
[2026-06-14T09:27:10.999Z] [ALL] 06-14 14:57:08.074  1486  1520 E Watchdog: !@Sync: 5996 heap(MB): 181 / 202 FD: 1386 Threads: 598 [2026-06-14 14:57:08.073]
[2026-06-14T09:27:11.081Z] [ALL] 06-14 14:57:08.155  1486  1556 D PowerManagerService: displayReady: false groupId=0
[2026-06-14T09:27:11.083Z] [ALL] 06-14 14:57:08.157  1486  1556 D DisplayPowerController[0]: animateScreenStateChange: target=ON, mIsEnabled=true
[2026-06-14T09:27:11.083Z] [ALL] 06-14 14:57:08.157  1486  1556 D DisplayPowerController[0]: putAutoBrightnessTransitionTime: transitionTime=0
[2026-06-14T09:27:11.083Z] [ALL] 06-14 14:57:08.158  1486  1556 D PowerManagerService: displayReady: true groupId=0
[2026-06-14T09:27:11.186Z] [ALL] 06-14 14:57:08.261  1486  2408 D PowerManagerService: [api] setMasterBrightnessLimit : lowerLimit : -1  upperLimit : 503  mMasterBrightnessLimitPeriod : 200 (uid: 1000 pid: 4132)
[2026-06-14T09:27:11.190Z] [ALL] 06-14 14:57:08.265  1486  1556 D PowerManagerService: displayReady: false groupId=0
[2026-06-14T09:27:11.194Z] [ALL] 06-14 14:57:08.267  1486  1556 D DisplayPowerController[0]: animateScreenStateChange: target=ON, mIsEnabled=true
[2026-06-14T09:27:11.194Z] [ALL] 06-14 14:57:08.267  1486  1556 D DisplayPowerController[0]: putAutoBrightnessTransitionTime: transitionTime=0
[2026-06-14T09:27:11.196Z] [ALL] 06-14 14:57:08.268  1486  1556 D PowerManagerService: displayReady: true groupId=0
[2026-06-14T09:27:11.368Z] [ALL] 06-14 14:57:08.442  5776  5834 I appium  : channel read: POST /session/f5a9b506-d393-4b48-a69f-3151b1cdcacc/element
[2026-06-14T09:27:11.369Z] [ALL] 06-14 14:57:08.442  5776  5834 I appium  : FindElement command
[2026-06-14T09:27:11.370Z] [ALL] 06-14 14:57:08.443  5776  5834 I appium  : method: 'xpath', selector: '//*[@resource-id="otp_input_field" or @content-desc="otp_input_field"]'
[2026-06-14T09:27:11.370Z] [ALL] 06-14 14:57:08.444  5776  5834 I appium  : Waiting up to 10000ms for the device to idle
[2026-06-14T09:27:11.370Z] [ALL] 06-14 14:57:08.445  5776  5834 I appium  : The following attributes will be included to the page source: [resource-id, content-desc]
[2026-06-14T09:27:11.394Z] [ALL] 06-14 14:57:08.468  1486  1556 D PowerManagerService: displayReady: false groupId=0
[2026-06-14T09:27:11.397Z] [ALL] 06-14 14:57:08.469  1486  1556 D DisplayPowerController[0]: animateScreenStateChange: target=ON, mIsEnabled=true
[2026-06-14T09:27:11.397Z] [ALL] 06-14 14:57:08.470  1486  1556 D DisplayPowerController[0]: putAutoBrightnessTransitionTime: transitionTime=0
[2026-06-14T09:27:11.400Z] [ALL] 06-14 14:57:08.473  1486  1556 D PowerManagerService: displayReady: true groupId=0
[2026-06-14T09:27:11.595Z] [ALL] 06-14 14:57:08.670  1486  1556 D PowerManagerService: displayReady: false groupId=0
[2026-06-14T09:27:11.597Z] [ALL] 06-14 14:57:08.673  1486  1556 D DisplayPowerController[0]: animateScreenStateChange: target=ON, mIsEnabled=true
[2026-06-14T09:27:11.599Z] [ALL] 06-14 14:57:08.675  1486  1556 D DisplayPowerController[0]: putAutoBrightnessTransitionTime: transitionTime=0
[2026-06-14T09:27:11.601Z] [ALL] 06-14 14:57:08.677  1486  1556 D PowerManagerService: displayReady: true groupId=0
[2026-06-14T09:27:11.632Z] [ALL] 06-14 14:57:08.707  5776  5834 I appium  : Took 0ms to retrieve 0 matches for '//*[@resource-id="otp_input_field" or @content-desc="otp_input_field"]' XPath2 query
[2026-06-14T09:27:11.634Z] [ALL] 06-14 14:57:08.709  5776  5834 I appium  : AppiumResponse: {"sessionId":"f5a9b506-d393-4b48-a69f-3151b1cdcacc","value":{"error":"no such element","message":"An element could not be located on the page using the given search parameters","stacktrace":"io.appium.uiautomator2.common.exceptions.ElementNotFoundException: An element could not be located on the page using the given search parameters\n\tat io.appium.uiautomator2.utils.ElementLocationHelpers.findElement(ElementLocationHelpers.java:153)\n\tat io.appium.uiautomator2.handler.FindElement.safeHandle(FindElement.java:60)\n\tat io.appium.uiautomator2.handler.request.SafeRequestHandler.handle(SafeRequestHandler.java:59)\n\tat io.appium.uiautomator2.server.AppiumServlet.handleRequest(AppiumServlet.java:267)\n\tat io.appium.uiautomator2.server.AppiumServlet.handleHttpRequest(AppiumServlet.java:261)\n\tat io.appium.uiautomator2.http.ServerHandler.channelRead(ServerHandler.java:77)\n\tat io.netty.channel.AbstractChannelHandlerContext.fireChannelRead(AbstractChannelHandlerContext.java:357)\n\tat io.netty.handler.codec.MessageToMessageDecoder.channelRead(MessageToMessageDecoder.java:107)\n\tat io.netty.channel.AbstractChannelHandlerContext.fireChannelRead(AbstractChannelHandlerContext.java:357)\n\tat io.netty.channel.CombinedChannelDuplexHandler$DelegatingChannelHandlerContext.fireChannelRead(CombinedChannelDuplexHandler.java:434)\n\tat io.netty.handler.codec.ByteToMessageDecoder.fireChannelRead(ByteToMessageDecoder.java:361)\n\tat io.netty.handler.codec.ByteToMessageDecoder.channelRead(ByteToMessageDecoder.java:325)\n\tat io.netty.channel.CombinedChannelDuplexHandler.channelRead(CombinedChannelDuplexHandler.java:249)\n\tat io.netty.channel.AbstractChannelHandlerContext.fireChannelRead(AbstractChannelHandlerContext.java:355)\n\tat io.netty.handler.timeout.IdleStateHandler.channelRead(IdleStateHandler.java:288)\n\tat io.netty.channel.AbstractChannelHandlerContext.fireChannelRead(AbstractChannelHandlerContext.java:355)\n\tat io.netty.channel.DefaultChannelPipeline$HeadContext.channelRead(DefaultChannelPipeline.java:1429)\n\tat io.netty.channel.DefaultChannelPipeline.fireChannelRead(DefaultChannelPipeline.java:918)\n\tat io.netty.channel.nio.AbstractNioByteChannel$NioByteUnsafe.read(AbstractNioByteChannel.java:176)\n\tat io.netty.channel.nio.AbstractNioChannel$AbstractNioUnsafe.handle(AbstractNioChannel.java:445)\n\tat io.netty.channel.nio.NioIoHandler$DefaultNioRegistration.handle(NioIoHandler.java:388)\n\tat io.netty.channel.nio.NioIoHandler.processSelectedKey(NioIoHandler.java:596)\n\tat io.netty.channel.nio.NioIoHandler.processSelectedKeysOptimized(NioIoHandler.java:571)\n\tat io.netty.channel.nio.NioIoHandler.processSelectedKeys(NioIoHandler.java:512)\n\tat io.netty.channel.nio.NioIoHandler.run(NioIoHandler.java:484)\n\tat io.netty.channel.SingleThreadIoEventLoop.runIo(SingleThreadIoEventLoop.java:225)\n\tat io.netty.channel.SingleThreadIoEventLoop.run(SingleThreadIoEventLoop.java:196)\n\tat io.netty.util.concurrent.SingleThreadEventExecutor$5.run(SingleThreadEventExecutor.java:1195)\n\tat io.netty.util.internal.ThreadExecutorMap$2.run(ThreadExecutorMap.java:74)\n\tat io.netty.util.concurrent.FastThreadLocalRunnable.run(FastThreadLocalRunnable.java:30)\n\tat java.lang.Thread.run(Thread.java:1564)\n"}}
[2026-06-14T09:27:11.794Z] [ALL] 06-14 14:57:08.866  5214  5214 D BoundBrokerSvc: onUnbind: Intent { act=com.google.android.gms.libs.gmscorelogger.service.START dat=chimera-action:/... xflg=0x4 cmp=com.google.android.gms/.chimera.PersistentDirectBootAwareApiService }
[2026-06-14T09:27:11.799Z] [ALL] 06-14 14:57:08.874  1486  1556 D PowerManagerService: displayReady: false groupId=0
[2026-06-14T09:27:11.799Z] [ALL] 06-14 14:57:08.875  1486  1556 D DisplayPowerController[0]: animateScreenStateChange: target=ON, mIsEnabled=true
[2026-06-14T09:27:11.801Z] [ALL] 06-14 14:57:08.875  1486  1556 D DisplayPowerController[0]: putAutoBrightnessTransitionTime: transitionTime=0
[2026-06-14T09:27:11.801Z] [ALL] 06-14 14:57:08.876  1486  1556 D PowerManagerService: displayReady: true groupId=0
[2026-06-14T09:27:11.860Z] [ALL] 06-14 14:57:08.919  1486  1729 D WifiStaIfaceHidlImpl: getCachedScanData is not implemented by HIDL
[2026-06-14T09:27:11.864Z] [ALL] 06-14 14:57:08.928  1486  3494 D SemWifiUsabilityStatsMonitor: onWifiUsabilityStats - seqNum 22746, isSameBssidAndFreq true
[2026-06-14T09:27:11.869Z] [ALL] 06-14 14:57:08.930  2072  2072 I EPDG-0 [WifiProfiler]: handleWifiRssiIntent, rssi=-51
[2026-06-14T09:27:11.869Z] [ALL] 06-14 14:57:08.930  2072  2072 I EPDG-0 [WifiProfiler]: isProfiling, hash=189204772, started=true
[2026-06-14T09:27:11.869Z] [ALL] 06-14 14:57:08.930  2072  2072 I EPDG-0 [LogMetrics]: set, type=WIFI_RSSI_LAST, value=-51
[2026-06-14T09:27:11.869Z] [ALL] 06-14 14:57:08.930  2072  2072 I EPDG-0 [WifiProfiler]: isProfiling, hash=189204772, started=true
[2026-06-14T09:27:11.869Z] [ALL] 06-14 14:57:08.933  2072  2072 I EPDG-0 [WifiProfiler]: Rssi : -51 highrange : -75 lowrange : -85 mIsRssiInHystersis : false
[2026-06-14T09:27:11.869Z] [ALL] 06-14 14:57:08.933  2072  2072 I EPDG-0 [WifiProfiler]: Rssi : -51 highrange : -75 lowrange : -85 mIsRssiInHystersis : false
[2026-06-14T09:27:11.869Z] [ALL] 06-14 14:57:08.933  2072  2072 I EPDG-0 [Subscription]: isEpdgAvailable, IwlanPsState=2/2
[2026-06-14T09:27:11.869Z] [ALL] 06-14 14:57:08.933  2072  2072 I EPDG-0 [WifiProfiler]: getHandoverThresholdMet: value is: false
[2026-06-14T09:27:11.881Z] [ALL] 06-14 14:57:08.955  1486  1858 I SemWifiEleStateTracker: Ele Parameters BD : 13 13 13 13 13 7 MD : -118 -118 -118 -118 -118 -118 WD : -51 -52 -48 -46 -50 -58 GC : false false false false false false SC : false false false false false false SH : false false false false false false TB : false false false false false false
[2026-06-14T09:27:11.882Z] [ALL] 06-14 14:57:08.956  1486  1858 D SemWifiEleStateTracker: Pressure Diff: 0.0056152344
[2026-06-14T09:27:11.882Z] [ALL] 06-14 14:57:08.956  1486  1858 D SemWifiEleStateTracker: Barometer value: Prev 998.1011 Current 998.1067 mSmallBaroDetected : false
[2026-06-14T09:27:12.000Z] [ALL] 06-14 14:57:09.075  1486  1556 D PowerManagerService: displayReady: false groupId=0
[2026-06-14T09:27:12.002Z] [ALL] 06-14 14:57:09.076  1486  1556 D DisplayPowerController[0]: animateScreenStateChange: target=ON, mIsEnabled=true
[2026-06-14T09:27:12.004Z] [ALL] 06-14 14:57:09.077  1486  1556 D DisplayPowerController[0]: putAutoBrightnessTransitionTime: transitionTime=0
[2026-06-14T09:27:12.004Z] [ALL] 06-14 14:57:09.078  1486  1556 D PowerManagerService: displayReady: true groupId=0
[2026-06-14T09:27:12.136Z] [ALL] 06-14 14:57:09.209  1486  1860 D WifiConnectivityMonitor.NetworkStatsAnalyzer: Backhaul result - RSSI:-51, CE:18, PE:25, TI:27, PTI:34, TW:8, PTW:6, Tx:130, Rx:126, TxS:96, RxS:92, RESULT:true, IC:0, ICT:5, WC:0, WCT:5, R:1, RC:0, IE:0, EC:0
[2026-06-14T09:27:12.153Z] [ALL] 06-14 14:57:09.229  5776  5834 I appium  : channel read: POST /session/f5a9b506-d393-4b48-a69f-3151b1cdcacc/element
[2026-06-14T09:27:12.154Z] [ALL] 06-14 14:57:09.230  5776  5834 I appium  : FindElement command
[2026-06-14T09:27:12.155Z] [ALL] 06-14 14:57:09.231  5776  5834 I appium  : method: 'xpath', selector: '//*[@resource-id="otp_input_field" or @content-desc="otp_input_field"]'
[2026-06-14T09:27:12.155Z] [ALL] 06-14 14:57:09.231  5776  5834 I appium  : Waiting up to 10000ms for the device to idle
[2026-06-14T09:27:12.158Z] [ALL] 06-14 14:57:09.233  5776  5834 I appium  : The following attributes will be included to the page source: [resource-id, content-desc]
[2026-06-14T09:27:12.181Z] [ALL] 06-14 14:57:09.238  5776  5789 I tomator2.server: Method exceeds compiler instruction limit: 19260 in java_cup.runtime.Symbol org.eclipse.wst.xml.xpath2.processor.internal.CUP$XPathCup$actions.CUP$XPathCup$do_action(int, java_cup.runtime.lr_parser, java.util.Stack, int)
[2026-06-14T09:27:12.197Z] [ALL] 06-14 14:57:09.272  1486  3107 I NSLocationMonitor: getGPSUsingApps() called
[2026-06-14T09:27:12.200Z] [ALL] 06-14 14:57:09.274  3066  3089 I NSLocationManager_FLP: getGPSUsingApps, No change
[2026-06-14T09:27:12.204Z] [ALL] 06-14 14:57:09.278  1486  1556 D PowerManagerService: displayReady: false groupId=0
[2026-06-14T09:27:12.204Z] [ALL] 06-14 14:57:09.279  1486  1556 D DisplayPowerController[0]: animateScreenStateChange: target=ON, mIsEnabled=true
[2026-06-14T09:27:12.206Z] [ALL] 06-14 14:57:09.279  1486  1556 D DisplayPowerController[0]: putAutoBrightnessTransitionTime: transitionTime=0
[2026-06-14T09:27:12.206Z] [ALL] 06-14 14:57:09.281  1486  1556 D PowerManagerService: displayReady: true groupId=0
[2026-06-14T09:27:12.229Z] [ALL] 06-14 14:57:09.304  1486  3107 D FreecessHandler: skipping freeze com.truecaller(10274) result : 2
[2026-06-14T09:27:12.404Z] [ALL] 06-14 14:57:09.479  5776  5834 I appium  : Took 0ms to retrieve 0 matches for '//*[@resource-id="otp_input_field" or @content-desc="otp_input_field"]' XPath2 query
[2026-06-14T09:27:12.409Z] [ALL] 06-14 14:57:09.479  1486  1556 D PowerManagerService: displayReady: false groupId=0
[2026-06-14T09:27:12.409Z] [ALL] 06-14 14:57:09.480  1486  1556 D DisplayPowerController[0]: animateScreenStateChange: target=ON, mIsEnabled=true
[2026-06-14T09:27:12.409Z] [ALL] 06-14 14:57:09.480  5776  5834 I appium  : AppiumResponse: {"sessionId":"f5a9b506-d393-4b48-a69f-3151b1cdcacc","value":{"error":"no such element","message":"An element could not be located on the page using the given search parameters","stacktrace":"io.appium.uiautomator2.common.exceptions.ElementNotFoundException: An element could not be located on the page using the given search parameters\n\tat io.appium.uiautomator2.utils.ElementLocationHelpers.findElement(ElementLocationHelpers.java:153)\n\tat io.appium.uiautomator2.handler.FindElement.safeHandle(FindElement.java:60)\n\tat io.appium.uiautomator2.handler.request.SafeRequestHandler.handle(SafeRequestHandler.java:59)\n\tat io.appium.uiautomator2.server.AppiumServlet.handleRequest(AppiumServlet.java:267)\n\tat io.appium.uiautomator2.server.AppiumServlet.handleHttpRequest(AppiumServlet.java:261)\n\tat io.appium.uiautomator2.http.ServerHandler.channelRead(ServerHandler.java:77)\n\tat io.netty.channel.AbstractChannelHandlerContext.fireChannelRead(AbstractChannelHandlerContext.java:357)\n\tat io.netty.handler.codec.MessageToMessageDecoder.channelRead(MessageToMessageDecoder.java:107)\n\tat io.netty.channel.AbstractChannelHandlerContext.fireChannelRead(AbstractChannelHandlerContext.java:357)\n\tat io.netty.channel.CombinedChannelDuplexHandler$DelegatingChannelHandlerContext.fireChannelRead(CombinedChannelDuplexHandler.java:434)\n\tat io.netty.handler.codec.ByteToMessageDecoder.fireChannelRead(ByteToMessageDecoder.java:361)\n\tat io.netty.handler.codec.ByteToMessageDecoder.channelRead(ByteToMessageDecoder.java:325)\n\tat io.netty.channel.CombinedChannelDuplexHandler.channelRead(CombinedChannelDuplexHandler.java:249)\n\tat io.netty.channel.AbstractChannelHandlerContext.fireChannelRead(AbstractChannelHandlerContext.java:355)\n\tat io.netty.handler.timeout.IdleStateHandler.channelRead(IdleStateHandler.java:288)\n\tat io.netty.channel.AbstractChannelHandlerContext.fireChannelRead(AbstractChannelHandlerContext.java:355)\n\tat io.netty.channel.DefaultChannelPipeline$HeadContext.channelRead(DefaultChannelPipeline.java:1429)\n\tat io.netty.channel.DefaultChannelPipeline.fireChannelRead(DefaultChannelPipeline.java:918)\n\tat io.netty.channel.nio.AbstractNioByteChannel$NioByteUnsafe.read(AbstractNioByteChannel.java:176)\n\tat io.netty.channel.nio.AbstractNioChannel$AbstractNioUnsafe.handle(AbstractNioChannel.java:445)\n\tat io.netty.channel.nio.NioIoHandler$DefaultNioRegistration.handle(NioIoHandler.java:388)\n\tat io.netty.channel.nio.NioIoHandler.processSelectedKey(NioIoHandler.java:596)\n\tat io.netty.channel.nio.NioIoHandler.processSelectedKeysOptimized(NioIoHandler.java:571)\n\tat io.netty.channel.nio.NioIoHandler.processSelectedKeys(NioIoHandler.java:512)\n\tat io.netty.channel.nio.NioIoHandler.run(NioIoHandler.java:484)\n\tat io.netty.channel.SingleThreadIoEventLoop.runIo(SingleThreadIoEventLoop.java:225)\n\tat io.netty.channel.SingleThreadIoEventLoop.run(SingleThreadIoEventLoop.java:196)\n\tat io.netty.util.concurrent.SingleThreadEventExecutor$5.run(SingleThreadEventExecutor.java:1195)\n\tat io.netty.util.internal.ThreadExecutorMap$2.run(ThreadExecutorMap.java:74)\n\tat io.netty.util.concurrent.FastThreadLocalRunnable.run(FastThreadLocalRunnable.java:30)\n\tat java.lang.Thread.run(Thread.java:1564)\n"}}
[2026-06-14T09:27:12.409Z] [ALL] 06-14 14:57:09.480  1486  1556 D DisplayPowerController[0]: putAutoBrightnessTransitionTime: transitionTime=0
[2026-06-14T09:27:12.409Z] [ALL] 06-14 14:57:09.481  1486  1556 D PowerManagerService: displayReady: true groupId=0
[2026-06-14T09:27:12.611Z] [ALL] 06-14 14:57:09.682  1486  1556 D PowerManagerService: displayReady: false groupId=0
[2026-06-14T09:27:12.611Z] [ALL] 06-14 14:57:09.683  1486  1556 D DisplayPowerController[0]: animateScreenStateChange: target=ON, mIsEnabled=true
[2026-06-14T09:27:12.614Z] [ALL] 06-14 14:57:09.684  1486  1556 D DisplayPowerController[0]: putAutoBrightnessTransitionTime: transitionTime=0
[2026-06-14T09:27:12.614Z] [ALL] 06-14 14:57:09.686  1486  1556 D PowerManagerService: displayReady: true groupId=0
[2026-06-14T09:27:12.812Z] [ALL] 06-14 14:57:09.884  1486  1556 D PowerManagerService: displayReady: false groupId=0
[2026-06-14T09:27:12.817Z] [ALL] 06-14 14:57:09.886  1486  1556 D DisplayPowerController[0]: animateScreenStateChange: target=ON, mIsEnabled=true
[2026-06-14T09:27:12.817Z] [ALL] 06-14 14:57:09.887  1486  1556 D DisplayPowerController[0]: putAutoBrightnessTransitionTime: transitionTime=0
[2026-06-14T09:27:12.818Z] [ALL] 06-14 14:57:09.888  1486  1556 D PowerManagerService: displayReady: true groupId=0
[2026-06-14T09:27:12.931Z] [ALL] 06-14 14:57:10.006  1486  2408 D PowerManagerService: UserActivityState : 1 -> 2 groupId=0
[2026-06-14T09:27:12.931Z] [ALL] 06-14 14:57:10.007  1486  2408 D PowerManagerService: displayReady: false groupId=0
[2026-06-14T09:27:12.935Z] [ALL] 06-14 14:57:10.010  5776  5834 I appium  : channel read: POST /session/f5a9b506-d393-4b48-a69f-3151b1cdcacc/element
[2026-06-14T09:27:12.935Z] [ALL] 06-14 14:57:10.011  5776  5834 I appium  : FindElement command
[2026-06-14T09:27:12.937Z] [ALL] 06-14 14:57:10.012  5776  5834 I appium  : method: 'xpath', selector: '//*[@resource-id="otp_input_field" or @content-desc="otp_input_field"]'
[2026-06-14T09:27:12.937Z] [ALL] 06-14 14:57:10.012  5776  5834 I appium  : Waiting up to 10000ms for the device to idle
[2026-06-14T09:27:12.939Z] [ALL] 06-14 14:57:10.013  5776  5834 I appium  : The following attributes will be included to the page source: [resource-id, content-desc]
[2026-06-14T09:27:12.940Z] [ALL] 06-14 14:57:10.016  1486  1556 D DisplayPowerController[0]: animateScreenStateChange: target=ON, mIsEnabled=true
[2026-06-14T09:27:12.944Z] [ALL] 06-14 14:57:10.017  1486  1556 W DisplayPowerController[0]: Animating brightness: target=12(0.05), rate=0.706, reason=manual[31] -> dim[12]
[2026-06-14T09:27:12.945Z] [ALL] 06-14 14:57:10.018  1486  1556 D DisplayManagerService: handleBrightnessAnimation: started=true
[2026-06-14T09:27:12.946Z] [ALL] 06-14 14:57:10.019  1486  1556 D RefreshRateTokenController: Adding refreshRateToken={ RefreshRateToken[->PassiveModeToken:BrightnessAnim, acquire at 180044408 (now)},
[2026-06-14T09:27:12.946Z] [ALL] 06-14 14:57:10.019  1486  1556 D RefreshRateTokenController:     caller=com.android.server.display.mode.RefreshRateController.createPassiveModeToken:33 com.android.server.display.DisplayManagerService$$ExternalSyntheticLambda0.accept:387 com.android.server.display.DisplayPowerController.animateScreenBrightness:256 com.android.server.display.DisplayPowerController.updatePowerStateInternal:2570 com.android.server.display.DisplayPowerController.updatePowerState:9 
[2026-06-14T09:27:12.948Z] [ALL] 06-14 14:57:10.022  1486  1486 I MdnieScenarioControlService: action  :  com.samsung.server.PowerManagerService.action.USER_ACTIVITY
[2026-06-14T09:27:12.949Z] [ALL] 06-14 14:57:10.024  1149  1280 I SurfaceFlinger: Current= 60, Period= 60, hwcPeriod= 60
[2026-06-14T09:27:12.951Z] [ALL] 06-14 14:57:10.027  1486  1556 D DisplayPowerController[0]: saveBrightnessInfo: brt:0.12085039 adjBrt:0.047058824 min:0.0 max:1.0 hbm:0 tp:1.0 throttler:0 isAnimating:true
[2026-06-14T09:27:12.953Z] [ALL] 06-14 14:57:10.029  1486  1556 V DisplayPowerController[0]: Brightness [0.047058824] reason changing to: 'manual [ dim ]', previous reason: 'manual'.
[2026-06-14T09:27:12.955Z] [ALL] 06-14 14:57:10.029  1486  1556 I DisplayPowerController[0]: BrightnessEvent: brt=0.047058824(38.0%), nits=11.368, lux=-1.0, reason=manual [ dim ], strat=FallbackBrightnessStrategy, state=ON, stateReason=KEY, policy=DIM, flags=, initBrt=0.12085039, rcmdBrt=NaN, preBrt=NaN, preLux=0.0, wasShortTermModelActive=false, autoBrightness=false (default), unclampedBrt=0.12085039, hbmMax=1.0, hbmMode=off, thrmMax=1.0, rbcStrength=-1, powerFactor=1.0, physDisp=Built-in Screen(local:4633128672291736000), logicalId=0, slowChange=false, rampSpeed=0.7058823
[2026-06-14T09:27:12.957Z] [ALL] 06-14 14:57:10.031  1486  1556 D PowerManagerService: displayReady: true groupId=0
[2026-06-14T09:27:12.960Z] [ALL] 06-14 14:57:10.034  1486  1880 D HdrSolution_HdrDisplayNitMapper: updataTargetNit--------------mLightSensorData: 111.0, scaleRatio: 6.09, target: 32.831->200
[2026-06-14T09:27:12.962Z] [ALL] 06-14 14:57:10.036  1486  1880 D BrightnessHandler: inject brightness = 30.0, Brightness: 0.11617443
[2026-06-14T09:27:12.962Z] [ALL] 06-14 14:57:10.038  1067  1067 I SensorsHub: LightSensor::injectSensorData: brightness 30
[2026-06-14T09:27:12.965Z] [ALL] 06-14 14:57:10.039  1486  1880 D BrightnessHandler: inject brightness = 30.0, Brightness: 0.11617443
[2026-06-14T09:27:12.965Z] [ALL] 06-14 14:57:10.040  1067  1067 I SensorsHub: LightSensor::injectSensorData: brightness 30
[2026-06-14T09:27:12.968Z] [ALL] 06-14 14:57:10.043  1486  1880 D LocalDisplayAdapter: surface lcd : 30(0.059), 30(0.059), main +
[2026-06-14T09:27:12.972Z] [ALL] 06-14 14:57:10.047  1486  1517 D BrightnessSynchronizer: onDisplayChanged() : displayId=0
[2026-06-14T09:27:12.976Z] [ALL] 06-14 14:57:10.048  1486  1517 D BrightnessSynchronizer: updateScreenBrightness: displayId=0 type=2 mPreferredSettingValue=0.12085039(31) currentBrightnessInt=31 currentBrightnessIntFromFloat=31(0.12085039)
[2026-06-14T09:27:12.978Z] [ALL] 06-14 14:57:10.052  2112  2112 D SecBrightnessController: updateSlider() - BrightnessDialog resetTimer()
[2026-06-14T09:27:12.983Z] [ALL] 06-14 14:57:10.054  1062 15192 I display : HWC brightness (0.058896, 30)
[2026-06-14T09:27:12.983Z] [ALL] 06-14 14:57:10.056  1486  1880 D LocalDisplayAdapter: surface lcd : 30(0.059), 30(0.059), main -
[2026-06-14T09:27:12.986Z] [ALL] 06-14 14:57:10.061  1486  1880 D HdrSolution_HdrDisplayNitMapper: updataTargetNit--------------mLightSensorData: 111.0, scaleRatio: 6.92, target: 28.884->200
[2026-06-14T09:27:12.988Z] [ALL] 06-14 14:57:10.062  1486  1880 D BrightnessHandler: inject brightness = 27.0, Brightness: 0.104409724
[2026-06-14T09:27:12.990Z] [ALL] 06-14 14:57:10.063  1067  1067 I SensorsHub: LightSensor::injectSensorData: brightness 27
[2026-06-14T09:27:12.990Z] [ALL] 06-14 14:57:10.064  1486  1880 D BrightnessHandler: inject brightness = 27.0, Brightness: 0.104409724
[2026-06-14T09:27:12.990Z] [ALL] 06-14 14:57:10.065  1067  1067 I SensorsHub: LightSensor::injectSensorData: brightness 27
[2026-06-14T09:27:12.992Z] [ALL] 06-14 14:57:10.066  1486  1880 D LocalDisplayAdapter: surface lcd : 27(0.053), 27(0.053), main +
[2026-06-14T09:27:13.002Z] [ALL] 06-14 14:57:10.075  1062 15192 I display : HWC brightness (0.052931, 27)
[2026-06-14T09:27:13.002Z] [ALL] 06-14 14:57:10.076  1486  1880 D LocalDisplayAdapter: surface lcd : 27(0.053), 27(0.053), main -
[2026-06-14T09:27:13.005Z] [ALL] 06-14 14:57:10.079  1486  1880 D HdrSolution_HdrDisplayNitMapper: updataTargetNit--------------mLightSensorData: 111.0, scaleRatio: 9.35, target: 21.392->200
[2026-06-14T09:27:13.008Z] [ALL] 06-14 14:57:10.083  1486  1880 D BrightnessHandler: inject brightness = 21.0, Brightness: 0.08099947
[2026-06-14T09:27:13.011Z] [ALL] 06-14 14:57:10.084  1067  1067 I SensorsHub: LightSensor::injectSensorData: brightness 21
[2026-06-14T09:27:13.011Z] [ALL] 06-14 14:57:10.084  1486  1880 D BrightnessHandler: inject brightness = 21.0, Brightness: 0.08099947
[2026-06-14T09:27:13.011Z] [ALL] 06-14 14:57:10.085  1067  1067 I SensorsHub: LightSensor::injectSensorData: brightness 21
[2026-06-14T09:27:13.013Z] [ALL] 06-14 14:57:10.086  1486  1880 D LocalDisplayAdapter: surface lcd : 21(0.041), 21(0.041), main +
[2026-06-14T09:27:13.013Z] [ALL] 06-14 14:57:10.087  1486  1556 D PowerManagerService: displayReady: false groupId=0
[2026-06-14T09:27:13.013Z] [ALL] 06-14 14:57:10.087  1486  1556 D DisplayPowerController[0]: animateScreenStateChange: target=ON, mIsEnabled=true
[2026-06-14T09:27:13.013Z] [ALL] 06-14 14:57:10.088  1486  1556 D PowerManagerService: displayReady: true groupId=0
[2026-06-14T09:27:13.019Z] [ALL] 06-14 14:57:10.095  1062 15192 I display : HWC brightness (0.041063, 21)
[2026-06-14T09:27:13.022Z] [ALL] 06-14 14:57:10.095  1486  1880 D LocalDisplayAdapter: surface lcd : 21(0.041), 21(0.041), main -
[2026-06-14T09:27:13.022Z] [ALL] 06-14 14:57:10.097  1486  1880 D HdrSolution_HdrDisplayNitMapper: updataTargetNit--------------mLightSensorData: 111.0, scaleRatio: 11.19, target: 17.87->200
[2026-06-14T09:27:13.028Z] [ALL] 06-14 14:57:10.099  1486  1880 D BrightnessHandler: inject brightness = 18.0, Brightness: 0.069234766
[2026-06-14T09:27:13.031Z] [ALL] 06-14 14:57:10.101  1067  1067 I SensorsHub: LightSensor::injectSensorData: brightness 18
[2026-06-14T09:27:13.031Z] [ALL] 06-14 14:57:10.103  1486  1880 D BrightnessHandler: inject brightness = 18.0, Brightness: 0.069234766
[2026-06-14T09:27:13.031Z] [ALL] 06-14 14:57:10.104  1067  1067 I SensorsHub: LightSensor::injectSensorData: brightness 18
[2026-06-14T09:27:13.031Z] [ALL] 06-14 14:57:10.105  1486  1880 D LocalDisplayAdapter: surface lcd : 18(0.035), 18(0.035), main +
[2026-06-14T09:27:13.046Z] [ALL] 06-14 14:57:10.115  1062 15192 I display : HWC brightness (0.035099, 18)
[2026-06-14T09:27:13.048Z] [ALL] 06-14 14:57:10.117  1486  1880 D LocalDisplayAdapter: surface lcd : 18(0.035), 18(0.035), main -
[2026-06-14T09:27:13.048Z] [ALL] 06-14 14:57:10.120  1486  1880 D HdrSolution_HdrDisplayNitMapper: updataTargetNit--------------mLightSensorData: 111.0, scaleRatio: 13.77, target: 14.521->200
[2026-06-14T09:27:13.048Z] [ALL] 06-14 14:57:10.123  1486  1880 D BrightnessHandler: inject brightness = 15.0, Brightness: 0.05747006
[2026-06-14T09:27:13.050Z] [ALL] 06-14 14:57:10.124  1067  1067 I SensorsHub: LightSensor::injectSensorData: brightness 15
[2026-06-14T09:27:13.050Z] [ALL] 06-14 14:57:10.124  1486  1556 D DisplayPowerController[0]: animateScreenStateChange: target=ON, mIsEnabled=true
[2026-06-14T09:27:13.050Z] [ALL] 06-14 14:57:10.125  1486  1880 D BrightnessHandler: inject brightness = 15.0, Brightness: 0.05747006
[2026-06-14T09:27:13.052Z] [ALL] 06-14 14:57:10.127  1067  1067 I SensorsHub: LightSensor::injectSensorData: brightness 15
[2026-06-14T09:27:13.056Z] [ALL] 06-14 14:57:10.128  1486  1880 D LocalDisplayAdapter: surface lcd : 15(0.029), 15(0.029), main +
[2026-06-14T09:27:13.059Z] [ALL] 06-14 14:57:10.129  1486  1556 D DisplayPowerController[0]: saveBrightnessInfo: brt:0.12085039 adjBrt:0.047058824 min:0.0 max:1.0 hbm:0 tp:1.0 throttler:0 isAnimating:false
[2026-06-14T09:27:13.059Z] [ALL] 06-14 14:57:10.133  1486  1517 D BrightnessSynchronizer: onDisplayChanged() : displayId=0
[2026-06-14T09:27:13.061Z] [ALL] 06-14 14:57:10.134  1486  1517 D BrightnessSynchronizer: updateScreenBrightness: displayId=0 type=2 mPreferredSettingValue=0.12085039(31) currentBrightnessInt=31 currentBrightnessIntFromFloat=31(0.12085039)
[2026-06-14T09:27:13.061Z] [ALL] 06-14 14:57:10.136  2112  2112 D SecBrightnessController: updateSlider() - BrightnessDialog resetTimer()
[2026-06-14T09:27:13.064Z] [ALL] 06-14 14:57:10.139  1062 15192 I display : HWC brightness (0.029135, 15)
[2026-06-14T09:27:13.064Z] [ALL] 06-14 14:57:10.140  1486  1880 D LocalDisplayAdapter: surface lcd : 15(0.029), 15(0.029), main -
[2026-06-14T09:27:13.068Z] [ALL] 06-14 14:57:10.143  1486  1880 D HdrSolution_HdrDisplayNitMapper: updataTargetNit--------------mLightSensorData: 111.0, scaleRatio: 17.59, target: 11.368->200
[2026-06-14T09:27:13.070Z] [ALL] 06-14 14:57:10.145  1486  1880 D BrightnessHandler: inject brightness = 12.0, Brightness: 0.047058824
[2026-06-14T09:27:13.073Z] [ALL] 06-14 14:57:10.146  1067  1067 I SensorsHub: LightSensor::injectSensorData: brightness 12
[2026-06-14T09:27:13.073Z] [ALL] 06-14 14:57:10.147  1486  1880 D BrightnessHandler: inject brightness = 12.0, Brightness: 0.047058824
[2026-06-14T09:27:13.078Z] [ALL] 06-14 14:57:10.149  1067  1067 I SensorsHub: LightSensor::injectSensorData: brightness 12
[2026-06-14T09:27:13.078Z] [ALL] 06-14 14:57:10.150  1486  1880 D LocalDisplayAdapter: surface lcd : 12(0.024), 12(0.024), main +
[2026-06-14T09:27:13.084Z] [ALL] 06-14 14:57:10.159  1062 15192 I display : HWC brightness (0.023857, 12)
[2026-06-14T09:27:13.084Z] [ALL] 06-14 14:57:10.159  1486  1880 D LocalDisplayAdapter: surface lcd : 12(0.024), 12(0.024), main -
[2026-06-14T09:27:13.118Z] [ALL] 06-14 14:57:10.193  5776  5834 I appium  : Took 0ms to retrieve 0 matches for '//*[@resource-id="otp_input_field" or @content-desc="otp_input_field"]' XPath2 query
[2026-06-14T09:27:13.120Z] [ALL] 06-14 14:57:10.195  5776  5834 I appium  : AppiumResponse: {"sessionId":"f5a9b506-d393-4b48-a69f-3151b1cdcacc","value":{"error":"no such element","message":"An element could not be located on the page using the given search parameters","stacktrace":"io.appium.uiautomator2.common.exceptions.ElementNotFoundException: An element could not be located on the page using the given search parameters\n\tat io.appium.uiautomator2.utils.ElementLocationHelpers.findElement(ElementLocationHelpers.java:153)\n\tat io.appium.uiautomator2.handler.FindElement.safeHandle(FindElement.java:60)\n\tat io.appium.uiautomator2.handler.request.SafeRequestHandler.handle(SafeRequestHandler.java:59)\n\tat io.appium.uiautomator2.server.AppiumServlet.handleRequest(AppiumServlet.java:267)\n\tat io.appium.uiautomator2.server.AppiumServlet.handleHttpRequest(AppiumServlet.java:261)\n\tat io.appium.uiautomator2.http.ServerHandler.channelRead(ServerHandler.java:77)\n\tat io.netty.channel.AbstractChannelHandlerContext.fireChannelRead(AbstractChannelHandlerContext.java:357)\n\tat io.netty.handler.codec.MessageToMessageDecoder.channelRead(MessageToMessageDecoder.java:107)\n\tat io.netty.channel.AbstractChannelHandlerContext.fireChannelRead(AbstractChannelHandlerContext.java:357)\n\tat io.netty.channel.CombinedChannelDuplexHandler$DelegatingChannelHandlerContext.fireChannelRead(CombinedChannelDuplexHandler.java:434)\n\tat io.netty.handler.codec.ByteToMessageDecoder.fireChannelRead(ByteToMessageDecoder.java:361)\n\tat io.netty.handler.codec.ByteToMessageDecoder.channelRead(ByteToMessageDecoder.java:325)\n\tat io.netty.channel.CombinedChannelDuplexHandler.channelRead(CombinedChannelDuplexHandler.java:249)\n\tat io.netty.channel.AbstractChannelHandlerContext.fireChannelRead(AbstractChannelHandlerContext.java:355)\n\tat io.netty.handler.timeout.IdleStateHandler.channelRead(IdleStateHandler.java:288)\n\tat io.netty.channel.AbstractChannelHandlerContext.fireChannelRead(AbstractChannelHandlerContext.java:355)\n\tat io.netty.channel.DefaultChannelPipeline$HeadContext.channelRead(DefaultChannelPipeline.java:1429)\n\tat io.netty.channel.DefaultChannelPipeline.fireChannelRead(DefaultChannelPipeline.java:918)\n\tat io.netty.channel.nio.AbstractNioByteChannel$NioByteUnsafe.read(AbstractNioByteChannel.java:176)\n\tat io.netty.channel.nio.AbstractNioChannel$AbstractNioUnsafe.handle(AbstractNioChannel.java:445)\n\tat io.netty.channel.nio.NioIoHandler$DefaultNioRegistration.handle(NioIoHandler.java:388)\n\tat io.netty.channel.nio.NioIoHandler.processSelectedKey(NioIoHandler.java:596)\n\tat io.netty.channel.nio.NioIoHandler.processSelectedKeysOptimized(NioIoHandler.java:571)\n\tat io.netty.channel.nio.NioIoHandler.processSelectedKeys(NioIoHandler.java:512)\n\tat io.netty.channel.nio.NioIoHandler.run(NioIoHandler.java:484)\n\tat io.netty.channel.SingleThreadIoEventLoop.runIo(SingleThreadIoEventLoop.java:225)\n\tat io.netty.channel.SingleThreadIoEventLoop.run(SingleThreadIoEventLoop.java:196)\n\tat io.netty.util.concurrent.SingleThreadEventExecutor$5.run(SingleThreadEventExecutor.java:1195)\n\tat io.netty.util.internal.ThreadExecutorMap$2.run(ThreadExecutorMap.java:74)\n\tat io.netty.util.concurrent.FastThreadLocalRunnable.run(FastThreadLocalRunnable.java:30)\n\tat java.lang.Thread.run(Thread.java:1564)\n"}}
[2026-06-14T09:27:13.214Z] [ALL] 06-14 14:57:10.289  1486  1556 D PowerManagerService: displayReady: false groupId=0
[2026-06-14T09:27:13.216Z] [ALL] 06-14 14:57:10.290  1486  1556 D DisplayPowerController[0]: animateScreenStateChange: target=ON, mIsEnabled=true
[2026-06-14T09:27:13.218Z] [ALL] 06-14 14:57:10.292  1486  1556 D PowerManagerService: displayReady: true groupId=0
[2026-06-14T09:27:13.251Z] [ALL] 06-14 14:57:10.325  1486  1556 D DisplayManagerService: handleBrightnessAnimation: started=false
[2026-06-14T09:27:13.254Z] [ALL] 06-14 14:57:10.326  1486  1556 D RefreshRateTokenController: Removing refreshRateToken={ RefreshRateToken[->PassiveModeToken:BrightnessAnim, acquire at 180044408 (307 ms ago)},
[2026-06-14T09:27:13.254Z] [ALL] 06-14 14:57:10.326  1486  1556 D RefreshRateTokenController:     caller=com.android.server.display.mode.RefreshRateToken.release:5 com.android.server.display.DisplayManagerService$$ExternalSyntheticLambda0.accept:427 com.android.server.display.DisplayPowerController$3.run:24 android.os.Handler.handleCallback:1070 android.os.Handler.dispatchMessage:125 
[2026-06-14T09:27:13.311Z] [ALL] 06-14 14:57:10.384  2059  3664 D IpClient/wlan0: interfaceLinkStateChanged: ifindex 32 up
[2026-06-14T09:27:13.402Z] [ALL] 06-14 14:57:10.475  1486  1780 D UsbStatsMonitor: 0 0 0 0 0 0 0 0 0 0 0 0 7 0 0 0 0 0 0 0 0 0 0 0 0 0 0 0 0 0 0 0 0 0 0 0 0 0 0 0 0 0 0 0 0 0 0 0 0 0 0 0 0 0 132418136703002
[2026-06-14T09:27:13.415Z] [ALL] 06-14 14:57:10.491  1486  1556 D PowerManagerService: displayReady: false groupId=0
[2026-06-14T09:27:13.417Z] [ALL] 06-14 14:57:10.493  1486  1556 D DisplayPowerController[0]: animateScreenStateChange: target=ON, mIsEnabled=true
[2026-06-14T09:27:13.421Z] [ALL] 06-14 14:57:10.496  1486  1556 D PowerManagerService: displayReady: true groupId=0
[2026-06-14T09:27:13.620Z] [ALL] 06-14 14:57:10.693  1486  1556 D PowerManagerService: displayReady: false groupId=0
[2026-06-14T09:27:13.623Z] [ALL] 06-14 14:57:10.694  1486  1556 D DisplayPowerController[0]: animateScreenStateChange: target=ON, mIsEnabled=true
[2026-06-14T09:27:13.623Z] [ALL] 06-14 14:57:10.695  1486  1556 D PowerManagerService: displayReady: true groupId=0
[2026-06-14T09:27:13.638Z] [ALL] 06-14 14:57:10.713  5776  5834 I appium  : channel read: POST /session/f5a9b506-d393-4b48-a69f-3151b1cdcacc/element
[2026-06-14T09:27:13.638Z] [ALL] 06-14 14:57:10.713  5776  5834 I appium  : FindElement command
[2026-06-14T09:27:13.648Z] [ALL] 06-14 14:57:10.714  5776  5834 I appium  : method: 'xpath', selector: '//*[@resource-id="otp_input_field" or @content-desc="otp_input_field"]'
[2026-06-14T09:27:13.648Z] [ALL] 06-14 14:57:10.715  5776  5834 I appium  : Waiting up to 10000ms for the device to idle
[2026-06-14T09:27:13.653Z] [ALL] 06-14 14:57:10.717  5776  5834 I appium  : The following attributes will be included to the page source: [resource-id, content-desc]
[2026-06-14T09:27:13.830Z] [ALL] 06-14 14:57:10.895  1486  1556 D PowerManagerService: displayReady: false groupId=0
[2026-06-14T09:27:13.835Z] [ALL] 06-14 14:57:10.897  1486  1556 D DisplayPowerController[0]: animateScreenStateChange: target=ON, mIsEnabled=true
[2026-06-14T09:27:13.837Z] [ALL] 06-14 14:57:10.899  1486  1556 D PowerManagerService: displayReady: true groupId=0
[2026-06-14T09:27:13.905Z] [ALL] 06-14 14:57:10.968  1486  1858 D SemWifiEleStateTracker: Pressure Diff: -0.002319336
[2026-06-14T09:27:13.905Z] [ALL] 06-14 14:57:10.968  1486  1858 D SemWifiEleStateTracker: Barometer value: Prev 998.1067 Current 998.1044 mSmallBaroDetected : false
[2026-06-14T09:27:13.907Z] [ALL] 06-14 14:57:10.970  2228  3094 I TUIThread: epol_call: EPOLL_SKIP
[2026-06-14T09:27:13.907Z] [ALL] 06-14 14:57:10.974  5776  5834 I appium  : Took 0ms to retrieve 0 matches for '//*[@resource-id="otp_input_field" or @content-desc="otp_input_field"]' XPath2 query
[2026-06-14T09:27:13.909Z] [ALL] 06-14 14:57:10.976  5776  5834 I appium  : AppiumResponse: {"sessionId":"f5a9b506-d393-4b48-a69f-3151b1cdcacc","value":{"error":"no such element","message":"An element could not be located on the page using the given search parameters","stacktrace":"io.appium.uiautomator2.common.exceptions.ElementNotFoundException: An element could not be located on the page using the given search parameters\n\tat io.appium.uiautomator2.utils.ElementLocationHelpers.findElement(ElementLocationHelpers.java:153)\n\tat io.appium.uiautomator2.handler.FindElement.safeHandle(FindElement.java:60)\n\tat io.appium.uiautomator2.handler.request.SafeRequestHandler.handle(SafeRequestHandler.java:59)\n\tat io.appium.uiautomator2.server.AppiumServlet.handleRequest(AppiumServlet.java:267)\n\tat io.appium.uiautomator2.server.AppiumServlet.handleHttpRequest(AppiumServlet.java:261)\n\tat io.appium.uiautomator2.http.ServerHandler.channelRead(ServerHandler.java:77)\n\tat io.netty.channel.AbstractChannelHandlerContext.fireChannelRead(AbstractChannelHandlerContext.java:357)\n\tat io.netty.handler.codec.MessageToMessageDecoder.channelRead(MessageToMessageDecoder.java:107)\n\tat io.netty.channel.AbstractChannelHandlerContext.fireChannelRead(AbstractChannelHandlerContext.java:357)\n\tat io.netty.channel.CombinedChannelDuplexHandler$DelegatingChannelHandlerContext.fireChannelRead(CombinedChannelDuplexHandler.java:434)\n\tat io.netty.handler.codec.ByteToMessageDecoder.fireChannelRead(ByteToMessageDecoder.java:361)\n\tat io.netty.handler.codec.ByteToMessageDecoder.channelRead(ByteToMessageDecoder.java:325)\n\tat io.netty.channel.CombinedChannelDuplexHandler.channelRead(CombinedChannelDuplexHandler.java:249)\n\tat io.netty.channel.AbstractChannelHandlerContext.fireChannelRead(AbstractChannelHandlerContext.java:355)\n\tat io.netty.handler.timeout.IdleStateHandler.channelRead(IdleStateHandler.java:288)\n\tat io.netty.channel.AbstractChannelHandlerContext.fireChannelRead(AbstractChannelHandlerContext.java:355)\n\tat io.netty.channel.DefaultChannelPipeline$HeadContext.channelRead(DefaultChannelPipeline.java:1429)\n\tat io.netty.channel.DefaultChannelPipeline.fireChannelRead(DefaultChannelPipeline.java:918)\n\tat io.netty.channel.nio.AbstractNioByteChannel$NioByteUnsafe.read(AbstractNioByteChannel.java:176)\n\tat io.netty.channel.nio.AbstractNioChannel$AbstractNioUnsafe.handle(AbstractNioChannel.java:445)\n\tat io.netty.channel.nio.NioIoHandler$DefaultNioRegistration.handle(NioIoHandler.java:388)\n\tat io.netty.channel.nio.NioIoHandler.processSelectedKey(NioIoHandler.java:596)\n\tat io.netty.channel.nio.NioIoHandler.processSelectedKeysOptimized(NioIoHandler.java:571)\n\tat io.netty.channel.nio.NioIoHandler.processSelectedKeys(NioIoHandler.java:512)\n\tat io.netty.channel.nio.NioIoHandler.run(NioIoHandler.java:484)\n\tat io.netty.channel.SingleThreadIoEventLoop.runIo(SingleThreadIoEventLoop.java:225)\n\tat io.netty.channel.SingleThreadIoEventLoop.run(SingleThreadIoEventLoop.java:196)\n\tat io.netty.util.concurrent.SingleThreadEventExecutor$5.run(SingleThreadEventExecutor.java:1195)\n\tat io.netty.util.internal.ThreadExecutorMap$2.run(ThreadExecutorMap.java:74)\n\tat io.netty.util.concurrent.FastThreadLocalRunnable.run(FastThreadLocalRunnable.java:30)\n\tat java.lang.Thread.run(Thread.java:1564)\n"}}
[2026-06-14T09:27:14.036Z] [ALL] 06-14 14:57:11.099  1486  1556 D PowerManagerService: displayReady: false groupId=0
[2026-06-14T09:27:14.036Z] [ALL] 06-14 14:57:11.100  1486  1556 D DisplayPowerController[0]: animateScreenStateChange: target=ON, mIsEnabled=true
[2026-06-14T09:27:14.049Z] [ALL] 06-14 14:57:11.101  1486  1556 D PowerManagerService: displayReady: true groupId=0
[2026-06-14T09:27:14.132Z] [ALL] 06-14 14:57:11.199  5776  5834 I appium  : channel read: POST /session/f5a9b506-d393-4b48-a69f-3151b1cdcacc/element
[2026-06-14T09:27:14.132Z] [ALL] 06-14 14:57:11.199  5776  5834 I appium  : FindElement command
[2026-06-14T09:27:14.136Z] [ALL] 06-14 14:57:11.201  5776  5834 I appium  : method: 'xpath', selector: '//*[@resource-id="otp_input_field" or @content-desc="otp_input_field"]'
[2026-06-14T09:27:14.136Z] [ALL] 06-14 14:57:11.201  5776  5834 I appium  : Waiting up to 10000ms for the device to idle
[2026-06-14T09:27:14.138Z] [ALL] 06-14 14:57:11.203  5776  5834 I appium  : The following attributes will be included to the page source: [resource-id, content-desc]
[2026-06-14T09:27:14.238Z] [ALL] 06-14 14:57:11.300  1486  1556 D PowerManagerService: [api] BrightnessLimitRunnable done
[2026-06-14T09:27:14.372Z] [ALL] 06-14 14:57:11.439  3653  3653 I wpa_supplicant: Heartbeat 5774
[2026-06-14T09:27:14.409Z] [ALL] 06-14 14:57:11.475  5776  5834 I appium  : Took 0ms to retrieve 0 matches for '//*[@resource-id="otp_input_field" or @content-desc="otp_input_field"]' XPath2 query
[2026-06-14T09:27:14.411Z] [ALL] 06-14 14:57:11.476  5776  5834 I appium  : AppiumResponse: {"sessionId":"f5a9b506-d393-4b48-a69f-3151b1cdcacc","value":{"error":"no such element","message":"An element could not be located on the page using the given search parameters","stacktrace":"io.appium.uiautomator2.common.exceptions.ElementNotFoundException: An element could not be located on the page using the given search parameters\n\tat io.appium.uiautomator2.utils.ElementLocationHelpers.findElement(ElementLocationHelpers.java:153)\n\tat io.appium.uiautomator2.handler.FindElement.safeHandle(FindElement.java:60)\n\tat io.appium.uiautomator2.handler.request.SafeRequestHandler.handle(SafeRequestHandler.java:59)\n\tat io.appium.uiautomator2.server.AppiumServlet.handleRequest(AppiumServlet.java:267)\n\tat io.appium.uiautomator2.server.AppiumServlet.handleHttpRequest(AppiumServlet.java:261)\n\tat io.appium.uiautomator2.http.ServerHandler.channelRead(ServerHandler.java:77)\n\tat io.netty.channel.AbstractChannelHandlerContext.fireChannelRead(AbstractChannelHandlerContext.java:357)\n\tat io.netty.handler.codec.MessageToMessageDecoder.channelRead(MessageToMessageDecoder.java:107)\n\tat io.netty.channel.AbstractChannelHandlerContext.fireChannelRead(AbstractChannelHandlerContext.java:357)\n\tat io.netty.channel.CombinedChannelDuplexHandler$DelegatingChannelHandlerContext.fireChannelRead(CombinedChannelDuplexHandler.java:434)\n\tat io.netty.handler.codec.ByteToMessageDecoder.fireChannelRead(ByteToMessageDecoder.java:361)\n\tat io.netty.handler.codec.ByteToMessageDecoder.channelRead(ByteToMessageDecoder.java:325)\n\tat io.netty.channel.CombinedChannelDuplexHandler.channelRead(CombinedChannelDuplexHandler.java:249)\n\tat io.netty.channel.AbstractChannelHandlerContext.fireChannelRead(AbstractChannelHandlerContext.java:355)\n\tat io.netty.handler.timeout.IdleStateHandler.channelRead(IdleStateHandler.java:288)\n\tat io.netty.channel.AbstractChannelHandlerContext.fireChannelRead(AbstractChannelHandlerContext.java:355)\n\tat io.netty.channel.DefaultChannelPipeline$HeadContext.channelRead(DefaultChannelPipeline.java:1429)\n\tat io.netty.channel.DefaultChannelPipeline.fireChannelRead(DefaultChannelPipeline.java:918)\n\tat io.netty.channel.nio.AbstractNioByteChannel$NioByteUnsafe.read(AbstractNioByteChannel.java:176)\n\tat io.netty.channel.nio.AbstractNioChannel$AbstractNioUnsafe.handle(AbstractNioChannel.java:445)\n\tat io.netty.channel.nio.NioIoHandler$DefaultNioRegistration.handle(NioIoHandler.java:388)\n\tat io.netty.channel.nio.NioIoHandler.processSelectedKey(NioIoHandler.java:596)\n\tat io.netty.channel.nio.NioIoHandler.processSelectedKeysOptimized(NioIoHandler.java:571)\n\tat io.netty.channel.nio.NioIoHandler.processSelectedKeys(NioIoHandler.java:512)\n\tat io.netty.channel.nio.NioIoHandler.run(NioIoHandler.java:484)\n\tat io.netty.channel.SingleThreadIoEventLoop.runIo(SingleThreadIoEventLoop.java:225)\n\tat io.netty.channel.SingleThreadIoEventLoop.run(SingleThreadIoEventLoop.java:196)\n\tat io.netty.util.concurrent.SingleThreadEventExecutor$5.run(SingleThreadEventExecutor.java:1195)\n\tat io.netty.util.internal.ThreadExecutorMap$2.run(ThreadExecutorMap.java:74)\n\tat io.netty.util.concurrent.FastThreadLocalRunnable.run(FastThreadLocalRunnable.java:30)\n\tat java.lang.Thread.run(Thread.java:1564)\n"}}
[2026-06-14T09:27:14.428Z] [ALL] 06-14 14:57:11.493  5776  5834 I appium  : channel read: POST /session/f5a9b506-d393-4b48-a69f-3151b1cdcacc/element
[2026-06-14T09:27:14.428Z] [ALL] 06-14 14:57:11.494  5776  5834 I appium  : FindElement command
[2026-06-14T09:27:14.428Z] [ALL] 06-14 14:57:11.495  5776  5834 I appium  : method: 'xpath', selector: '//*[@resource-id="otp_input_field" or @content-desc="otp_input_field"]'
[2026-06-14T09:27:14.428Z] [ALL] 06-14 14:57:11.495  5776  5834 I appium  : Waiting up to 10000ms for the device to idle
[2026-06-14T09:27:14.431Z] [ALL] 06-14 14:57:11.496  5776  5834 I appium  : The following attributes will be included to the page source: [resource-id, content-desc]
[2026-06-14T09:27:14.541Z] [ALL] 06-14 14:57:11.608  5776  5834 I appium  : Took 0ms to retrieve 0 matches for '//*[@resource-id="otp_input_field" or @content-desc="otp_input_field"]' XPath2 query
[2026-06-14T09:27:14.543Z] [ALL] 06-14 14:57:11.609  5776  5834 I appium  : AppiumResponse: {"sessionId":"f5a9b506-d393-4b48-a69f-3151b1cdcacc","value":{"error":"no such element","message":"An element could not be located on the page using the given search parameters","stacktrace":"io.appium.uiautomator2.common.exceptions.ElementNotFoundException: An element could not be located on the page using the given search parameters\n\tat io.appium.uiautomator2.utils.ElementLocationHelpers.findElement(ElementLocationHelpers.java:153)\n\tat io.appium.uiautomator2.handler.FindElement.safeHandle(FindElement.java:60)\n\tat io.appium.uiautomator2.handler.request.SafeRequestHandler.handle(SafeRequestHandler.java:59)\n\tat io.appium.uiautomator2.server.AppiumServlet.handleRequest(AppiumServlet.java:267)\n\tat io.appium.uiautomator2.server.AppiumServlet.handleHttpRequest(AppiumServlet.java:261)\n\tat io.appium.uiautomator2.http.ServerHandler.channelRead(ServerHandler.java:77)\n\tat io.netty.channel.AbstractChannelHandlerContext.fireChannelRead(AbstractChannelHandlerContext.java:357)\n\tat io.netty.handler.codec.MessageToMessageDecoder.channelRead(MessageToMessageDecoder.java:107)\n\tat io.netty.channel.AbstractChannelHandlerContext.fireChannelRead(AbstractChannelHandlerContext.java:357)\n\tat io.netty.channel.CombinedChannelDuplexHandler$DelegatingChannelHandlerContext.fireChannelRead(CombinedChannelDuplexHandler.java:434)\n\tat io.netty.handler.codec.ByteToMessageDecoder.fireChannelRead(ByteToMessageDecoder.java:361)\n\tat io.netty.handler.codec.ByteToMessageDecoder.channelRead(ByteToMessageDecoder.java:325)\n\tat io.netty.channel.CombinedChannelDuplexHandler.channelRead(CombinedChannelDuplexHandler.java:249)\n\tat io.netty.channel.AbstractChannelHandlerContext.fireChannelRead(AbstractChannelHandlerContext.java:355)\n\tat io.netty.handler.timeout.IdleStateHandler.channelRead(IdleStateHandler.java:288)\n\tat io.netty.channel.AbstractChannelHandlerContext.fireChannelRead(AbstractChannelHandlerContext.java:355)\n\tat io.netty.channel.DefaultChannelPipeline$HeadContext.channelRead(DefaultChannelPipeline.java:1429)\n\tat io.netty.channel.DefaultChannelPipeline.fireChannelRead(DefaultChannelPipeline.java:918)\n\tat io.netty.channel.nio.AbstractNioByteChannel$NioByteUnsafe.read(AbstractNioByteChannel.java:176)\n\tat io.netty.channel.nio.AbstractNioChannel$AbstractNioUnsafe.handle(AbstractNioChannel.java:445)\n\tat io.netty.channel.nio.NioIoHandler$DefaultNioRegistration.handle(NioIoHandler.java:388)\n\tat io.netty.channel.nio.NioIoHandler.processSelectedKey(NioIoHandler.java:596)\n\tat io.netty.channel.nio.NioIoHandler.processSelectedKeysOptimized(NioIoHandler.java:571)\n\tat io.netty.channel.nio.NioIoHandler.processSelectedKeys(NioIoHandler.java:512)\n\tat io.netty.channel.nio.NioIoHandler.run(NioIoHandler.java:484)\n\tat io.netty.channel.SingleThreadIoEventLoop.runIo(SingleThreadIoEventLoop.java:225)\n\tat io.netty.channel.SingleThreadIoEventLoop.run(SingleThreadIoEventLoop.java:196)\n\tat io.netty.util.concurrent.SingleThreadEventExecutor$5.run(SingleThreadEventExecutor.java:1195)\n\tat io.netty.util.internal.ThreadExecutorMap$2.run(ThreadExecutorMap.java:74)\n\tat io.netty.util.concurrent.FastThreadLocalRunnable.run(FastThreadLocalRunnable.java:30)\n\tat java.lang.Thread.run(Thread.java:1564)\n"}}
[2026-06-14T09:27:14.695Z] [ALL] 06-14 14:57:11.759  4132  4132 I SDHMS:LOAD: type: LoadsFreqs, value: 18:0:0:576000:576000:576000:660479:1824000:576000:0:0:0
[2026-06-14T09:27:14.747Z] [ALL] 06-14 14:57:11.808  1486  1828 I SemWifiServiceDetector: Service det. suspended: T / T / 19967
[2026-06-14T09:27:14.880Z] [ALL] 06-14 14:57:11.946  1486  1729 D WifiStaIfaceHidlImpl: getCachedScanData is not implemented by HIDL
[2026-06-14T09:27:14.884Z] [ALL] 06-14 14:57:11.950  1486  3494 D SemWifiUsabilityStatsMonitor: onWifiUsabilityStats - seqNum 22747, isSameBssidAndFreq true
[2026-06-14T09:27:14.886Z] [ALL] 06-14 14:57:11.951  2072  2072 I EPDG-0 [WifiProfiler]: handleWifiRssiIntent, rssi=-52
[2026-06-14T09:27:14.886Z] [ALL] 06-14 14:57:11.951  2072  2072 I EPDG-0 [WifiProfiler]: isProfiling, hash=189204772, started=true
[2026-06-14T09:27:14.886Z] [ALL] 06-14 14:57:11.952  2072  2072 I EPDG-0 [LogMetrics]: set, type=WIFI_RSSI_LAST, value=-52
[2026-06-14T09:27:14.886Z] [ALL] 06-14 14:57:11.952  2072  2072 I EPDG-0 [WifiProfiler]: isProfiling, hash=189204772, started=true
[2026-06-14T09:27:14.886Z] [ALL] 06-14 14:57:11.953  2072  2072 I EPDG-0 [WifiProfiler]: Rssi : -52 highrange : -75 lowrange : -85 mIsRssiInHystersis : false
[2026-06-14T09:27:14.886Z] [ALL] 06-14 14:57:11.953  2072  2072 I EPDG-0 [WifiProfiler]: Rssi : -52 highrange : -75 lowrange : -85 mIsRssiInHystersis : false
[2026-06-14T09:27:14.886Z] [ALL] 06-14 14:57:11.954  2072  2072 I EPDG-0 [Subscription]: isEpdgAvailable, IwlanPsState=2/2
[2026-06-14T09:27:14.886Z] [ALL] 06-14 14:57:11.954  2072  2072 I EPDG-0 [WifiProfiler]: getHandoverThresholdMet: value is: false
[2026-06-14T09:27:15.067Z] [ALL] 06-14 14:57:12.133  5776  5834 I appium  : channel read: POST /session/f5a9b506-d393-4b48-a69f-3151b1cdcacc/element
[2026-06-14T09:27:15.070Z] [ALL] 06-14 14:57:12.134  5776  5834 I appium  : FindElement command
[2026-06-14T09:27:15.070Z] [ALL] 06-14 14:57:12.135  5776  5834 I appium  : method: 'xpath', selector: '//*[@resource-id="otp_input_field" or @content-desc="otp_input_field"]'
[2026-06-14T09:27:15.070Z] [ALL] 06-14 14:57:12.135  5776  5834 I appium  : Waiting up to 10000ms for the device to idle
[2026-06-14T09:27:15.070Z] [ALL] 06-14 14:57:12.136  5776  5834 I appium  : The following attributes will be included to the page source: [resource-id, content-desc]
[2026-06-14T09:27:15.298Z] [ALL] 06-14 14:57:12.364  5776  5834 I appium  : Took 0ms to retrieve 0 matches for '//*[@resource-id="otp_input_field" or @content-desc="otp_input_field"]' XPath2 query
[2026-06-14T09:27:15.304Z] [ALL] 06-14 14:57:12.366  5776  5834 I appium  : AppiumResponse: {"sessionId":"f5a9b506-d393-4b48-a69f-3151b1cdcacc","value":{"error":"no such element","message":"An element could not be located on the page using the given search parameters","stacktrace":"io.appium.uiautomator2.common.exceptions.ElementNotFoundException: An element could not be located on the page using the given search parameters\n\tat io.appium.uiautomator2.utils.ElementLocationHelpers.findElement(ElementLocationHelpers.java:153)\n\tat io.appium.uiautomator2.handler.FindElement.safeHandle(FindElement.java:60)\n\tat io.appium.uiautomator2.handler.request.SafeRequestHandler.handle(SafeRequestHandler.java:59)\n\tat io.appium.uiautomator2.server.AppiumServlet.handleRequest(AppiumServlet.java:267)\n\tat io.appium.uiautomator2.server.AppiumServlet.handleHttpRequest(AppiumServlet.java:261)\n\tat io.appium.uiautomator2.http.ServerHandler.channelRead(ServerHandler.java:77)\n\tat io.netty.channel.AbstractChannelHandlerContext.fireChannelRead(AbstractChannelHandlerContext.java:357)\n\tat io.netty.handler.codec.MessageToMessageDecoder.channelRead(MessageToMessageDecoder.java:107)\n\tat io.netty.channel.AbstractChannelHandlerContext.fireChannelRead(AbstractChannelHandlerContext.java:357)\n\tat io.netty.channel.CombinedChannelDuplexHandler$DelegatingChannelHandlerContext.fireChannelRead(CombinedChannelDuplexHandler.java:434)\n\tat io.netty.handler.codec.ByteToMessageDecoder.fireChannelRead(ByteToMessageDecoder.java:361)\n\tat io.netty.handler.codec.ByteToMessageDecoder.channelRead(ByteToMessageDecoder.java:325)\n\tat io.netty.channel.CombinedChannelDuplexHandler.channelRead(CombinedChannelDuplexHandler.java:249)\n\tat io.netty.channel.AbstractChannelHandlerContext.fireChannelRead(AbstractChannelHandlerContext.java:355)\n\tat io.netty.handler.timeout.IdleStateHandler.channelRead(IdleStateHandler.java:288)\n\tat io.netty.channel.AbstractChannelHandlerContext.fireChannelRead(AbstractChannelHandlerContext.java:355)\n\tat io.netty.channel.DefaultChannelPipeline$HeadContext.channelRead(DefaultChannelPipeline.java:1429)\n\tat io.netty.channel.DefaultChannelPipeline.fireChannelRead(DefaultChannelPipeline.java:918)\n\tat io.netty.channel.nio.AbstractNioByteChannel$NioByteUnsafe.read(AbstractNioByteChannel.java:176)\n\tat io.netty.channel.nio.AbstractNioChannel$AbstractNioUnsafe.handle(AbstractNioChannel.java:445)\n\tat io.netty.channel.nio.NioIoHandler$DefaultNioRegistration.handle(NioIoHandler.java:388)\n\tat io.netty.channel.nio.NioIoHandler.processSelectedKey(NioIoHandler.java:596)\n\tat io.netty.channel.nio.NioIoHandler.processSelectedKeysOptimized(NioIoHandler.java:571)\n\tat io.netty.channel.nio.NioIoHandler.processSelectedKeys(NioIoHandler.java:512)\n\tat io.netty.channel.nio.NioIoHandler.run(NioIoHandler.java:484)\n\tat io.netty.channel.SingleThreadIoEventLoop.runIo(SingleThreadIoEventLoop.java:225)\n\tat io.netty.channel.SingleThreadIoEventLoop.run(SingleThreadIoEventLoop.java:196)\n\tat io.netty.util.concurrent.SingleThreadEventExecutor$5.run(SingleThreadEventExecutor.java:1195)\n\tat io.netty.util.internal.ThreadExecutorMap$2.run(ThreadExecutorMap.java:74)\n\tat io.netty.util.concurrent.FastThreadLocalRunnable.run(FastThreadLocalRunnable.java:30)\n\tat java.lang.Thread.run(Thread.java:1564)\n"}}
[2026-06-14T09:27:15.564Z] [ALL] 06-14 14:57:12.629  4132  5524 I SDHMS:x : SIOP:: AP:404 BAT:388 USB:369 CHG:405 PA:410 CP:407 WIFI:401 BLK:0 SUBBAT:0 LRPTHM:393 SKIN:378 SKINF:370 SKINB:378 LRP:378 LRP2:378 LRF2:370 LRB2:378 AP2:377 CHG2:365 MEM2:375 WIFI2:378 SPK2:354 VAP02:421 VWIFI:413 AVGCUR:0 AVGSYS:351 POWER:0
[2026-06-14T09:27:15.576Z] [ALL] 06-14 14:57:12.642  1486  1486 D SemWifiP2pGoPowerSave: GopsReceiver : received : com.samsung.intent.action.CHECK_SIOP_LEVEL
[2026-06-14T09:27:15.580Z] [ALL] 06-14 14:57:12.646  1486  1486 I SemWifiP2pGoPowerSave: siop_level = 0
[2026-06-14T09:27:15.587Z] [ALL] 06-14 14:57:12.653  1067  1067 D SensorsFlicker: Als_common::setDelay, handle : 1 time : 10000000ns
[2026-06-14T09:27:15.591Z] [ALL] 06-14 14:57:12.657  1067  1067 D SensorsFlicker: Als_common::enable, handle : 1, mode : 1, en : 1
[2026-06-14T09:27:15.593Z] [ALL] 06-14 14:57:12.658  1067  1067 D SensorsFlicker: Als_common::sendCommand, send enable command
[2026-06-14T09:27:15.631Z] [ALL] 06-14 14:57:12.697  1149  1149 I SurfaceFlinger: SFWD update time=180047086403199
[2026-06-14T09:27:15.658Z] [ALL] 06-14 14:57:12.723  1486  4292 D SemContextService: lock : registerCallback
[2026-06-14T09:27:15.661Z] [ALL] 06-14 14:57:12.725  1486  4292 W CAE     : registerCallback(ContextAwareService.java:188) - [regi 01] Mutex is locked for TEST_FLAT_MOTION
[2026-06-14T09:27:15.661Z] [ALL] 06-14 14:57:12.727  1486  4292 W CAE     : registerCallback(ContextAwareService.java:195) - [regi 04]  com.samsung.android.contextaware.ContextAwareManager$CaListenerDelegate@3bca55e
[2026-06-14T09:27:15.664Z] [ALL] 06-14 14:57:12.728  1486  4292 W CAE     : getListener(ListenerListManager.java:127) - [getListener1]  com.samsung.android.contextaware.ContextAwareManager$CaListenerDelegate@3bca55e
[2026-06-14T09:27:15.668Z] [ALL] 06-14 14:57:12.728  1486  4292 W CAE     : getListener(ListenerListManager.java:128) - [getListener2]  com.samsung.android.contextaware.manager.ContextAwareService$Listener@6a02e99
[2026-06-14T09:27:15.671Z] [ALL] 06-14 14:57:12.729  1486  4292 V CAE     : start(ContextProvider.java:128)
[2026-06-14T09:27:15.671Z] [ALL] 06-14 14:57:12.731  1486  4292 V CAE     : clear(TestFlatMotionRunner.java:126)
[2026-06-14T09:27:15.671Z] [ALL] 06-14 14:57:12.731  1486  4292 V CAE     : enable(TestFlatMotionRunner.java:102)
[2026-06-14T09:27:15.671Z] [ALL] 06-14 14:57:12.732  1486  1720 D SensorService: setSContextDataLocked ints length 2 , byte length 4
[2026-06-14T09:27:15.671Z] [ALL] 06-14 14:57:12.733  1486  1720 D SensorService: setSContextDataLocked 17b1
[2026-06-14T09:27:15.671Z] [ALL] 06-14 14:57:12.733  1067  1067 I SensorsHub: SContextSensor::injecet_sensor_data
[2026-06-14T09:27:15.672Z] [ALL] 06-14 14:57:12.733  1067  1067 D SensorsHub: b1 17 00 00  
[2026-06-14T09:27:15.674Z] [ALL] 06-14 14:57:12.733  1067  1067 D SensorsHub: inject_scontext_data: New ssp_data_injection_fd(31)
[2026-06-14T09:27:15.674Z] [ALL] 06-14 14:57:12.733  1067  1067 D SensorsHub: SContext Data Injection return 64
[2026-06-14T09:27:15.674Z] [ALL] 06-14 14:57:12.735  1486  4292 D CAE     : getFaultDetectionResult(TestFlatMotionRunner.java:139) - true
[2026-06-14T09:27:15.674Z] [ALL] 06-14 14:57:12.736  1486  4292 I CAE     : notifyCmdProcessResultObserver(ContextProvider.java:627) - CheckResult = 0, Cause = Success
[2026-06-14T09:27:15.682Z] [ALL] 06-14 14:57:12.741  1486  4292 D CAE     : doCommendProcess(ContextAwareService.java:396) - complete notify the operation result.
[2026-06-14T09:27:15.685Z] [ALL] 06-14 14:57:12.743  1486  4292 I CAE     : displayUsedCountForService(ContextAwareService.java:460) - totalCnt = 1, serviceCount = 1, subCollectionCount = 0
[2026-06-14T09:27:15.685Z] [ALL] 06-14 14:57:12.744  1486  4292 D CAE     : showListenerList(ContextAwareService.java:325) - ===== Context Aware Service List =====
[2026-06-14T09:27:15.685Z] [ALL] 06-14 14:57:12.744  1486  4292 I CAE     : showListenerList(ContextAwareService.java:334) - Listener : com.samsung.android.contextaware.manager.ContextAwareService$Listener@6a02e99, Service : ACTIVITY_TRACKER_INTERRUPT(1)
[2026-06-14T09:27:15.685Z] [ALL] 06-14 14:57:12.745  1486  4292 I CAE     : showListenerList(ContextAwareService.java:334) - Listener : com.samsung.android.contextaware.manager.ContextAwareService$Listener@6a02e99, Service : ACTIVITY_TRACKER_CURRENT_INFO(1)
[2026-06-14T09:27:15.685Z] [ALL] 06-14 14:57:12.745  1486  4292 I CAE     : showListenerList(ContextAwareService.java:334) - Listener : com.samsung.android.contextaware.manager.ContextAwareService$Listener@6a02e99, Service : ACTIVITY_TRACKER_BATCH(1)
[2026-06-14T09:27:15.685Z] [ALL] 06-14 14:57:12.745  1486  4292 I CAE     : showListenerList(ContextAwareService.java:334) - Listener : com.samsung.android.contextaware.manager.ContextAwareService$Listener@6a02e99, Service : PEDOMETER(1)
[2026-06-14T09:27:15.685Z] [ALL] 06-14 14:57:12.746  1486  4292 I CAE     : showListenerList(ContextAwareService.java:334) - Listener : com.samsung.android.contextaware.manager.ContextAwareService$Listener@6a02e99, Service : SLOCATION_RUNNER(1)
[2026-06-14T09:27:15.687Z] [ALL] 06-14 14:57:12.746  1486  4292 I CAE     : showListenerList(ContextAwareService.java:334) - Listener : com.samsung.android.contextaware.manager.ContextAwareService$Listener@6a02e99, Service : FREE_FALL_DETECTION(1)
[2026-06-14T09:27:15.687Z] [ALL] 06-14 14:57:12.747  1486  4292 I CAE     : showListenerList(ContextAwareService.java:334) - Listener : com.samsung.android.contextaware.manager.ContextAwareService$Listener@6a02e99, Service : TEST_FLAT_MOTION(1)
[2026-06-14T09:27:15.687Z] [ALL] 06-14 14:57:12.747  1486  4292 I CAE     : showListenerList(ContextAwareService.java:334) - Listener : com.samsung.android.contextaware.manager.ContextAwareService$Listener@6a02e99, Service : PEDOMETER_CURRENT_INFO(1)
[2026-06-14T09:27:15.687Z] [ALL] 06-14 14:57:12.747  1486  4292 I CAE     : showListenerList(ContextAwareService.java:334) - Listener : com.samsung.android.contextaware.manager.ContextAwareService$Listener@6a02e99, Service : ACTIVITY_TRACKER(1)
[2026-06-14T09:27:15.687Z] [ALL] 06-14 14:57:12.748  1486  4292 W CAE     : registerCallback(ContextAwareService.java:209) - [regi 02] Mutex is unlocked for TEST_FLAT_MOTION
[2026-06-14T09:27:15.687Z] [ALL] 06-14 14:57:12.748  1486  4292 E SemContext.CaeProvider: setAttribute() : attribute is null!
[2026-06-14T09:27:15.687Z] [ALL] 06-14 14:57:12.748  1486  4292 D SemContextService: 	.registerCallback : 7, client= com.sec.android.sdhms
[2026-06-14T09:27:15.687Z] [ALL] 06-14 14:57:12.748  1486  4292 D SemContextService: unlock : registerCallback
[2026-06-14T09:27:15.704Z] [ALL] 06-14 14:57:12.766  1269  1269 I GNSS_2_1: Gnss::injectLocation: Called
[2026-06-14T09:27:15.704Z] [ALL] 06-14 14:57:12.767  1269  1269 I GNSS_2_0: GNSSInjectLocation: Called
[2026-06-14T09:27:15.705Z] [ALL] 06-14 14:57:12.768  1269  1269 I GNSS_2_1: Gnss::injectLocation: Returned
[2026-06-14T09:27:15.706Z] [ALL] 06-14 14:57:12.771  1486  3015 D ActivityManager: Received BROADCAST intent 0x8be60fd Key{broadcastIntent pkg=com.samsung.android.mcfds intent=act=com.samsung.android.ce.sensor.location.PASSIVE_INTENT xflg=0x4 pkg=com.samsung.android.mcfds flags=0x2000000 u=0} requestCode=20247613 sent=0 from uid 1000
[2026-06-14T09:27:15.719Z] [ALL] 06-14 14:57:12.782   553   568 I [CE]_ContextEngineReceiver: onReceive - action: com.samsung.android.ce.sensor.location.PASSIVE_INTENT
[2026-06-14T09:27:15.722Z] [ALL] 06-14 14:57:12.784   553   568 I [CE]_SLocationManager: onReceive - [Passive Location] 20247613
[2026-06-14T09:27:15.723Z] [ALL] 06-14 14:57:12.787  1486  2138 D SLocation: PositionManager - Passive handleLocationChanged [N, A : 100.00, T : 1781429232759, ET : 257128381, h : 14/15]
[2026-06-14T09:27:15.723Z] [ALL] 06-14 14:57:12.788  1486  2138 W SLocation: GeopointGeofenceManger - refresh wifi to receive loc
[2026-06-14T09:27:15.723Z] [ALL] 06-14 14:57:12.788  1486  2138 D SLocation: GeopointGeofenceManger - Location reported : fix method = 4 / 100.0
[2026-06-14T09:27:15.723Z] [ALL] 06-14 14:57:12.788  1486  2138 D SLocation: LocationBuffer - receivedLocation - op[interval(min 60000, max 300000), waitTime 36000000, numOfUpdates 20, minDistance 200.0]dist : 0.0 diffTime : 50122 filtered Location
[2026-06-14T09:27:15.723Z] [ALL] 06-14 14:57:12.788  1486  2138 D SLocation: BatchManager - received batch location buffered = false
[2026-06-14T09:27:15.723Z] [ALL] 06-14 14:57:12.789  1486  2138 D SLocation: LastLocations - update latest location [N, A : 100.00, T : 1781429232759, ET : 257128381, h : 14/15]
[2026-06-14T09:27:15.723Z] [ALL] 06-14 14:57:12.790  1486  2138 D SLocation: ARDistanceLibManager - request distance diff to AR Distance Library
[2026-06-14T09:27:15.723Z] [ALL] 06-14 14:57:12.790  1486  2138 D SLocation: SLocationCoreSem - send to coreSem, packet length : 1 / [34]
[2026-06-14T09:27:15.723Z] [ALL] 06-14 14:57:12.790  1486  2138 D SemContextLocationCoreAttribute: setAttribute() mode : 0 action : 23
[2026-06-14T09:27:15.723Z] [ALL] 06-14 14:57:12.790  1486  2138 D SemContextService: lock : changeParameters
[2026-06-14T09:27:15.723Z] [ALL] 06-14 14:57:12.790  1486  2138 D SemContext.CaeProvider.LocationCoreImpl: setAttribute() mode : 0 action : 23
[2026-06-14T09:27:15.729Z] [ALL] 06-14 14:57:12.791  1486  2408 E SensorService: BigData:Pakage) 5 already enabled. 
[2026-06-14T09:27:15.729Z] [ALL] 06-14 14:57:12.791  1486  2138 W CAE     : setCAProperty(ContextAwareService.java:509) - [setProperty 01] Mutex is locked for SLOCATION_RUNNER
[2026-06-14T09:27:15.729Z] [ALL] 06-14 14:57:12.791  1486  2138 I CAE     : setPropertyValue(SLocationRunner.java:116) - SLocationRunner setProperty header : 34, len : 1
[2026-06-14T09:27:15.729Z] [ALL] 06-14 14:57:12.792  1486  1720 D SensorService: setSContextDataLocked ints length 2 , byte length 4
[2026-06-14T09:27:15.729Z] [ALL] 06-14 14:57:12.792  1486  1720 D SensorService: setSContextDataLocked 223717c1
[2026-06-14T09:27:15.729Z] [ALL] 06-14 14:57:12.792  1067  1067 I SensorsHub: SContextSensor::injecet_sensor_data
[2026-06-14T09:27:15.729Z] [ALL] 06-14 14:57:12.792  1067  1067 D SensorsHub: c1 17 37 22  
[2026-06-14T09:27:15.731Z] [ALL] 06-14 14:57:12.792  1067  1067 D SensorsHub: inject_scontext_data: New ssp_data_injection_fd(31)
[2026-06-14T09:27:15.731Z] [ALL] 06-14 14:57:12.792  1067  1067 D SensorsHub: SContext Data Injection return 64
[2026-06-14T09:27:15.731Z] [ALL] 06-14 14:57:12.793  1486  2138 W CAE     : setCAProperty(ContextAwareService.java:515) - [setProperty 02] Mutex is unlocked for SLOCATION_RUNNER
[2026-06-14T09:27:15.731Z] [ALL] 06-14 14:57:12.794  1486  2138 D SemContextService: unlock : changeParameters
[2026-06-14T09:27:15.731Z] [ALL] 06-14 14:57:12.794  1486  2138 D SemContextManager:   .changeParameters : listener = X.k@8cad1db, service=SLocation Core
[2026-06-14T09:27:15.731Z] [ALL] 06-14 14:57:12.794  1067  1177 I SensorsHub: context 38 0 37 1,1,55,0,33,33,0,0,0,0,24,184,220,148,248,14,122,0,7,195,254,104,47,180,69,192,0,0,0,25,1,252,178,144,0,0,20,248, 257128415328777
[2026-06-14T09:27:15.737Z] [ALL] 06-14 14:57:12.794  1486  2138 D SLocation: SLocationCoreSem - send to coreSem, packet length : 23 / [2, 7, 195, 249, 88, 47, 180, 81, 70, 0, 0, 0, 100, 2, 0, 0, 1, 158, 197, 116, 228, 119, 0]
[2026-06-14T09:27:15.737Z] [ALL] 06-14 14:57:12.794  1067  1177 I SensorsHub: context 10 0 9 1,1,55,0,5,2,34,0,0,0, 257128415414754
[2026-06-14T09:27:15.737Z] [ALL] 06-14 14:57:12.794  1486  2138 D SemContextLocationCoreAttribute: setAttribute() mode : 0 action : 23
[2026-06-14T09:27:15.737Z] [ALL] 06-14 14:57:12.794  1486  2138 D SemContextService: lock : changeParameters
[2026-06-14T09:27:15.737Z] [ALL] 06-14 14:57:12.794  1486  2138 D SemContext.CaeProvider.LocationCoreImpl: setAttribute() mode : 0 action : 23
[2026-06-14T09:27:15.737Z] [ALL] 06-14 14:57:12.795  1486  2138 W CAE     : setCAProperty(ContextAwareService.java:509) - [setProperty 01] Mutex is locked for SLOCATION_RUNNER
[2026-06-14T09:27:15.737Z] [ALL] 06-14 14:57:12.795  1486  1718 D CAE     : onGetSensorHubData(SensorHubParserProvider.java:92) - onGetSensorHubData Event [event buffer len :38], AP_WAKEUP
[2026-06-14T09:27:15.737Z] [ALL] 06-14 14:57:12.796  1486  1718 I CAE     : parse(SensorHubParserProvider.java:188) - buffer size = 38
[2026-06-14T09:27:15.737Z] [ALL] 06-14 14:57:12.796  1486  2138 I CAE     : setPropertyValue(SLocationRunner.java:116) - SLocationRunner setProperty header : 2, len : 23
[2026-06-14T09:27:15.737Z] [ALL] 06-14 14:57:12.796  1486  1718 I CAE     : parse(SensorHubParserProvider.java:199) - 1, 1, 55, 0, 33, 33, 0, 0, 0, 0, 24, -72, -36, -108, -8, 14, 122, 0, 7, -61, -2, 104, 47, -76, 69, -64, 0, 0, 0, 25, 1, -4, -78, -112, 0, 0, 20, -8,
[2026-06-14T09:27:15.737Z] [ALL] 06-14 14:57:12.796  1486  1718 I CAE     : parse(SLocationRunner.java:88) - SLocationRunner parse start : 3
[2026-06-14T09:27:15.737Z] [ALL] 06-14 14:57:12.797  1486  1718 D CAE     : display(ContextProvider.java:375) - ================= SLOCATION_RUNNER =================
[2026-06-14T09:27:15.737Z] [ALL] 06-14 14:57:12.797  1486  1720 D SensorService: setSContextDataLocked ints length 8 , byte length 26
[2026-06-14T09:27:15.737Z] [ALL] 06-14 14:57:12.797  1486  1720 D SensorService: setSContextDataLocked 23717c1
[2026-06-14T09:27:15.737Z] [ALL] 06-14 14:57:12.797  1067  1067 I SensorsHub: SContextSensor::injecet_sensor_data
[2026-06-14T09:27:15.737Z] [ALL] 06-14 14:57:12.797  1067  1067 D SensorsHub: c1 17 37 02 07 c3 f9 58 2f b4 51 46 00 00 00 64  
[2026-06-14T09:27:15.737Z] [ALL] 06-14 14:57:12.797  1067  1067 D SensorsHub: 02 00 00 01 9e c5 74 e4 77 00  
[2026-06-14T09:27:15.737Z] [ALL] 06-14 14:57:12.797  1067  1067 D SensorsHub: inject_scontext_data: New ssp_data_injection_fd(31)
[2026-06-14T09:27:15.737Z] [ALL] 06-14 14:57:12.798  1067  1067 D SensorsHub: SContext Data Injection return 64
[2026-06-14T09:27:15.737Z] [ALL] 06-14 14:57:12.798  1067  1177 I SensorsHub: context 10 0 9 1,1,55,0,5,2,2,0,0,0, 257128420791629
[2026-06-14T09:27:15.737Z] [ALL] 06-14 14:57:12.797  1486  1718 I CAE     : display(ContextProvider.java:391) - ExtraDataArray=[1, 1, 55, 0, 33, 33, 0, 0, 0, 0, 24, -72, -36, -108, -8, 14, 122, 0, 7, -61, -2, 104, 47, -76, 69, -64, 0, 0, 0, 25, 1, -4, -78, -112, 0, 0, 20, -8]
[2026-06-14T09:27:15.737Z] [ALL] 06-14 14:57:12.799  1486  1718 I CAE     : parse(SLocationRunner.java:96) - SLocationRunner parse end:38
[2026-06-14T09:27:15.737Z] [ALL] 06-14 14:57:12.799  1486  1718 D CAE     : onGetSensorHubData(SensorHubParserProvider.java:92) - onGetSensorHubData Event [event buffer len :10], AP_WAKEUP
[2026-06-14T09:27:15.737Z] [ALL] 06-14 14:57:12.799  1486  1718 I CAE     : parse(SensorHubParserProvider.java:188) - buffer size = 10
[2026-06-14T09:27:15.737Z] [ALL] 06-14 14:57:12.799  1486  1718 I CAE     : parse(SensorHubParserProvider.java:199) - 1, 1, 55, 0, 5, 2, 34, 0, 0, 0,
[2026-06-14T09:27:15.737Z] [ALL] 06-14 14:57:12.799  1486  1718 I CAE     : parse(SLocationRunner.java:88) - SLocationRunner parse start : 3
[2026-06-14T09:27:15.739Z] [ALL] 06-14 14:57:12.800  1486  1718 D CAE     : display(ContextProvider.java:375) - ================= SLOCATION_RUNNER =================
[2026-06-14T09:27:15.739Z] [ALL] 06-14 14:57:12.801  1486  1718 I CAE     : display(ContextProvider.java:391) - ExtraDataArray=[1, 1, 55, 0, 5, 2, 34, 0, 0, 0]
[2026-06-14T09:27:15.739Z] [ALL] 06-14 14:57:12.801  1486  1718 I CAE     : parse(SLocationRunner.java:96) - SLocationRunner parse end:10
[2026-06-14T09:27:15.739Z] [ALL] 06-14 14:57:12.801  1486  1715 D SemContextService: Service.updateContext() : service = SLocation Core
[2026-06-14T09:27:15.739Z] [ALL] 06-14 14:57:12.801  1486  1718 D CAE     : onGetSensorHubData(SensorHubParserProvider.java:92) - onGetSensorHubData Event [event buffer len :10], AP_WAKEUP
[2026-06-14T09:27:15.739Z] [ALL] 06-14 14:57:12.801   553   568 I [CE]_ActivityDataManagerImpl: loadState - StayInfo loaded
[2026-06-14T09:27:15.739Z] [ALL] 06-14 14:57:12.801  1486  1718 I CAE     : parse(SensorHubParserProvider.java:188) - buffer size = 10
[2026-06-14T09:27:15.739Z] [ALL] 06-14 14:57:12.801  1486  1718 I CAE     : parse(SensorHubParserProvider.java:199) - 1, 1, 55, 0, 5, 2, 2, 0, 0, 0,
[2026-06-14T09:27:15.739Z] [ALL] 06-14 14:57:12.801  1486  1715 D SemContextService: Service.updateContext() : service = SLocation Core
[2026-06-14T09:27:15.739Z] [ALL] 06-14 14:57:12.801  1486  1718 I CAE     : parse(SLocationRunner.java:88) - SLocationRunner parse start : 3
[2026-06-14T09:27:15.739Z] [ALL] 06-14 14:57:12.801  1486  1486 D SemContextManager: onSemContextChanged() : event = SLocation Core
[2026-06-14T09:27:15.739Z] [ALL] 06-14 14:57:12.802  1486  1718 D CAE     : display(ContextProvider.java:375) - ================= SLOCATION_RUNNER =================
[2026-06-14T09:27:15.739Z] [ALL] 06-14 14:57:12.802  1486  2138 W CAE     : setCAProperty(ContextAwareService.java:515) - [setProperty 02] Mutex is unlocked for SLOCATION_RUNNER
[2026-06-14T09:27:15.739Z] [ALL] 06-14 14:57:12.802  1486  1486 D SLocation: SensorHubWrapper - SemContextChanged type = 47, packet received
[2026-06-14T09:27:15.739Z] [ALL] 06-14 14:57:12.802  1486  1718 I CAE     : display(ContextProvider.java:391) - ExtraDataArray=[1, 1, 55, 0, 5, 2, 2, 0, 0, 0]
[2026-06-14T09:27:15.739Z] [ALL] 06-14 14:57:12.802  1486  1486 D SemContextManager: onSemContextChanged() : event = SLocation Core
[2026-06-14T09:27:15.739Z] [ALL] 06-14 14:57:12.802  1486  1486 D SLocation: SensorHubWrapper - SemContextChanged type = 47, packet received
[2026-06-14T09:27:15.739Z] [ALL] 06-14 14:57:12.802  1486  2138 D SemContextService: unlock : changeParameters
[2026-06-14T09:27:15.739Z] [ALL] 06-14 14:57:12.802  1486  2138 D SemContextManager:   .changeParameters : listener = X.k@8cad1db, service=SLocation Core
[2026-06-14T09:27:15.739Z] [ALL] 06-14 14:57:12.802  1486  1718 I CAE     : parse(SLocationRunner.java:96) - SLocationRunner parse end:10
[2026-06-14T09:27:15.739Z] [ALL] 06-14 14:57:12.803  1486  2138 D SLocation: ReceiverPair - ignore direction of location due to wifi, id = 2, reason = 400
[2026-06-14T09:27:15.740Z] [ALL] 06-14 14:57:12.803  1486  1715 D SemContextService: Service.updateContext() : service = SLocation Core
[2026-06-14T09:27:15.740Z] [ALL] 06-14 14:57:12.804  1486  1486 D SemContextManager: onSemContextChanged() : event = SLocation Core
[2026-06-14T09:27:15.740Z] [ALL] 06-14 14:57:12.804  1486  1486 D SLocation: SensorHubWrapper - SemContextChanged type = 47, packet received
[2026-06-14T09:27:15.742Z] [ALL] 06-14 14:57:12.805  1486  3015 E AppOps  : Bad call made by uid 1001. Package "com.android.phone" does not belong to uid 10098.
[2026-06-14T09:27:15.742Z] [ALL] 06-14 14:57:12.805  1486  2138 D SLocation: AlarmManagerWrapper - next alarm time : 260728410 (WK)
[2026-06-14T09:27:15.742Z] [ALL] 06-14 14:57:12.805  1486  3015 E AppOps  : Cannot noteOperation
[2026-06-14T09:27:15.742Z] [ALL] 06-14 14:57:12.805  1486  3015 E AppOps  : java.lang.SecurityException: Specified package "com.android.phone" under uid 10098 but it is not
[2026-06-14T09:27:15.742Z] [ALL] 06-14 14:57:12.805  1486  3015 E AppOps  : 	at com.android.server.appop.AppOpsService.verifyAndGetBypass(qb/109687721 9f5f0f7065b3ad23ed9d502775af0c1cea666b12fbbf7805224931a8c35b7b9d:63)
[2026-06-14T09:27:15.742Z] [ALL] 06-14 14:57:12.805  1486  3015 E AppOps  : 	at com.android.server.appop.AppOpsService.noteOperationUnchecked(qb/109687721 9f5f0f7065b3ad23ed9d502775af0c1cea666b12fbbf7805224931a8c35b7b9d:65)
[2026-06-14T09:27:15.742Z] [ALL] 06-14 14:57:12.805  1486  3015 E AppOps  : 	at com.android.server.appop.AppOpsService.-$$Nest$mnoteOperationImpl(qb/109687721 9f5f0f7065b3ad23ed9d502775af0c1cea666b12fbbf7805224931a8c35b7b9d:89)
[2026-06-14T09:27:15.742Z] [ALL] 06-14 14:57:12.805  1486  3015 E AppOps  : 	at com.android.server.appop.AppOpsService$CheckOpsDelegateDispatcher$$ExternalSyntheticLambda4.apply(qb/109687721 9f5f0f7065b3ad23ed9d502775af0c1cea666b12fbbf7805224931a8c35b7b9d:65)
[2026-06-14T09:27:15.742Z] [ALL] 06-14 14:57:12.805  1486  3015 E AppOps  : 	at com.android.server.policy.AppOpsPolicy.noteOperation(qb/109687721 9f5f0f7065b3ad23ed9d502775af0c1cea666b12fbbf7805224931a8c35b7b9d:35)
[2026-06-14T09:27:15.742Z] [ALL] 06-14 14:57:12.805  1486  3015 E AppOps  : 	at com.android.server.appop.AppOpsService$CheckOpsDelegateDispatcher.noteOperation(qb/109687721 9f5f0f7065b3ad23ed9d502775af0c1cea666b12fbbf7805224931a8c35b7b9d:66)
[2026-06-14T09:27:15.742Z] [ALL] 06-14 14:57:12.805  1486  3015 E AppOps  : 	at com.android.server.appop.AppOpsService.noteOperation(qb/109687721 9f5f0f7065b3ad23ed9d502775af0c1cea666b12fbbf7805224931a8c35b7b9d:20)
[2026-06-14T09:27:15.742Z] [ALL] 06-14 14:57:12.805  1486  3015 E AppOps  : 	at com.android.internal.app.IAppOpsService$Stub.onTransact(IAppOpsService.java:592)
[2026-06-14T09:27:15.742Z] [ALL] 06-14 14:57:12.805  1486  3015 E AppOps  : 	at android.os.Binder.execTransactInternal(Binder.java:1514)
[2026-06-14T09:27:15.742Z] [ALL] 06-14 14:57:12.805  1486  3015 E AppOps  : 	at android.os.Binder.execTransact(Binder.java:1454)
[2026-06-14T09:27:15.742Z] [ALL] 06-14 14:57:12.806  4132  4387 I n2      : limitCPUFreq:: freq = 2515000
[2026-06-14T09:27:15.742Z] [ALL] 06-14 14:57:12.806  4132  4387 I SemDvfsHyPerManager: acquire hyper - SIOP_ARM_MAX/4132@3, type = 301993986
[2026-06-14T09:27:15.742Z] [ALL] 06-14 14:57:12.806  1486  2138 D SLocation: GeofenceCoreManager - received Extra Data from core, len : 33
[2026-06-14T09:27:15.742Z] [ALL] 06-14 14:57:12.806  1486  2138 D SLocation: ARDistanceGetARDistance - convertSensorHubTimeToElapsedTime 1781414403827895622
[2026-06-14T09:27:15.744Z] [ALL] 06-14 14:57:12.806  1486  2138 D SLocation: ARDistanceGetARDistance - invalid location time from core pvt 1781414403827895622, do not use distance info
[2026-06-14T09:27:15.744Z] [ALL] 06-14 14:57:12.806  1486  2138 D SLocation: CommonCoreManager - received Extra Data from core, len : 33
[2026-06-14T09:27:15.744Z] [ALL] 06-14 14:57:12.806  1486  2138 D SLocation: GeofenceCoreManager - received Extra Data from core, len : 5
[2026-06-14T09:27:15.744Z] [ALL] 06-14 14:57:12.806  1486  2138 D SLocation: GeofenceCoreManager - handleCommandCallback - UNKNOWN_CALLBACK 34 SUCCESS
[2026-06-14T09:27:15.744Z] [ALL] 06-14 14:57:12.806  1486  2138 D SLocation: ARDistanceLibManager - command callback received - CURRENT_LOCATION_REQUEST_DISTANCE ERROR CODE : ERROR_NONE
[2026-06-14T09:27:15.744Z] [ALL] 06-14 14:57:12.806  1486  2138 D SLocation: CommonCoreManager - received Extra Data from core, len : 5
[2026-06-14T09:27:15.744Z] [ALL] 06-14 14:57:12.806  1486  2138 D SLocation: GeofenceCoreManager - received Extra Data from core, len : 5
[2026-06-14T09:27:15.744Z] [ALL] 06-14 14:57:12.806  1075  1175 I HYPER-HAL: [RequestManager.cpp]acquire(): Acquired ID : 8551183  [4132 / 3]    HINT :      list : [CPUMaxFreq / 2515000] 
[2026-06-14T09:27:15.744Z] [ALL] 06-14 14:57:12.806  1486  2138 D SLocation: GeofenceCoreManager - handleCommandCallback - UNKNOWN_CALLBACK 2 SUCCESS
[2026-06-14T09:27:15.744Z] [ALL] 06-14 14:57:12.807  1486  2138 D SLocation: CommonCoreManager - received Extra Data from core, len : 5
[2026-06-14T09:27:15.744Z] [ALL] 06-14 14:57:12.807  1486  2138 D SLocation: CommonCoreManager - handleCommandCallback - FUNC_TYPE : SET_LOCATION  ERROR_CODE : ERROR_NONE
[2026-06-14T09:27:15.744Z] [ALL] 06-14 14:57:12.806   553   568 I [CE]_ActivityDataManagerImpl: Scan receiver - Stay detected - start time : 1781416092813, end time : 1781429232801, timestamp : 1781429232801
[2026-06-14T09:27:15.744Z] [ALL] 06-14 14:57:12.810   553   568 I [CE]_RealtimeMovingContextProvider: onReceive - Not started
[2026-06-14T09:27:15.781Z] [ALL] 06-14 14:57:12.848  1486  1753 W DeviceStorageMonitorService: updateBroadcasts(/data) oldLevel:0, newLevel:0, seq:1
[2026-06-14T09:27:15.785Z] [ALL] 06-14 14:57:12.849  1486  1753 D DeviceStorageMonitorService: Available File Node Number is [12202016]
[2026-06-14T09:27:15.785Z] [ALL] 06-14 14:57:12.849  1486  1753 W DeviceStorageMonitorService: updateBroadcasts_filenode(/data) fn_oldLevel:0, fn_newLevel:0, seq:1
[2026-06-14T09:27:15.785Z] [ALL] 06-14 14:57:12.849  1067  1067 D SensorsFlicker: Als_common::setDelay, handle : 1 time : 10000000ns
[2026-06-14T09:27:15.787Z] [ALL] 06-14 14:57:12.852  1067  1067 D SensorsFlicker: Als_common::enable, handle : 1, mode : 1, en : 0
[2026-06-14T09:27:15.787Z] [ALL] 06-14 14:57:12.852  1067  1067 D SensorsFlicker: Als_common::sendCommand, send disable command
[2026-06-14T09:27:15.823Z] [ALL] 06-14 14:57:12.888  1067  1187 D SensorsFlicker: Als_common::readEvents, enabled : 1, data : -1.000000, 0.000000, 0.000000, 0.000000, 0.000000, 0.000000, 0.000000
[2026-06-14T09:27:15.830Z] [ALL] 06-14 14:57:12.897  5776  5834 I appium  : channel read: POST /session/f5a9b506-d393-4b48-a69f-3151b1cdcacc/element
[2026-06-14T09:27:15.832Z] [ALL] 06-14 14:57:12.898  5776  5834 I appium  : FindElement command
[2026-06-14T09:27:15.832Z] [ALL] 06-14 14:57:12.899  5776  5834 I appium  : method: 'xpath', selector: '//*[@resource-id="otp_input_field" or @content-desc="otp_input_field"]'
[2026-06-14T09:27:15.832Z] [ALL] 06-14 14:57:12.899  5776  5834 I appium  : Waiting up to 10000ms for the device to idle
[2026-06-14T09:27:15.836Z] [ALL] 06-14 14:57:12.903  5776  5834 I appium  : The following attributes will be included to the page source: [resource-id, content-desc]
[2026-06-14T09:27:15.909Z] [ALL] 06-14 14:57:12.975  1486  1858 D SemWifiEleStateTracker: Pressure Diff: -0.0020751953
[2026-06-14T09:27:15.909Z] [ALL] 06-14 14:57:12.976  1486  1858 D SemWifiEleStateTracker: Barometer value: Prev 998.1044 Current 998.1023 mSmallBaroDetected : false
[2026-06-14T09:27:15.959Z] [ALL] 06-14 14:57:13.025   747   747 D io_stats: !@   8,0 r 79570313 1569788373 w 12655907 207313484 d 4206646 258477248 f 0 1104903 iot 28643808 0 th 0 0 0 pt 0 inp 0 0 180047.414
[2026-06-14T09:27:16.066Z] [ALL] 06-14 14:57:13.131  5776  5834 I appium  : Took 0ms to retrieve 0 matches for '//*[@resource-id="otp_input_field" or @content-desc="otp_input_field"]' XPath2 query
[2026-06-14T09:27:16.073Z] [ALL] 06-14 14:57:13.133  5776  5834 I appium  : AppiumResponse: {"sessionId":"f5a9b506-d393-4b48-a69f-3151b1cdcacc","value":{"error":"no such element","message":"An element could not be located on the page using the given search parameters","stacktrace":"io.appium.uiautomator2.common.exceptions.ElementNotFoundException: An element could not be located on the page using the given search parameters\n\tat io.appium.uiautomator2.utils.ElementLocationHelpers.findElement(ElementLocationHelpers.java:153)\n\tat io.appium.uiautomator2.handler.FindElement.safeHandle(FindElement.java:60)\n\tat io.appium.uiautomator2.handler.request.SafeRequestHandler.handle(SafeRequestHandler.java:59)\n\tat io.appium.uiautomator2.server.AppiumServlet.handleRequest(AppiumServlet.java:267)\n\tat io.appium.uiautomator2.server.AppiumServlet.handleHttpRequest(AppiumServlet.java:261)\n\tat io.appium.uiautomator2.http.ServerHandler.channelRead(ServerHandler.java:77)\n\tat io.netty.channel.AbstractChannelHandlerContext.fireChannelRead(AbstractChannelHandlerContext.java:357)\n\tat io.netty.handler.codec.MessageToMessageDecoder.channelRead(MessageToMessageDecoder.java:107)\n\tat io.netty.channel.AbstractChannelHandlerContext.fireChannelRead(AbstractChannelHandlerContext.java:357)\n\tat io.netty.channel.CombinedChannelDuplexHandler$DelegatingChannelHandlerContext.fireChannelRead(CombinedChannelDuplexHandler.java:434)\n\tat io.netty.handler.codec.ByteToMessageDecoder.fireChannelRead(ByteToMessageDecoder.java:361)\n\tat io.netty.handler.codec.ByteToMessageDecoder.channelRead(ByteToMessageDecoder.java:325)\n\tat io.netty.channel.CombinedChannelDuplexHandler.channelRead(CombinedChannelDuplexHandler.java:249)\n\tat io.netty.channel.AbstractChannelHandlerContext.fireChannelRead(AbstractChannelHandlerContext.java:355)\n\tat io.netty.handler.timeout.IdleStateHandler.channelRead(IdleStateHandler.java:288)\n\tat io.netty.channel.AbstractChannelHandlerContext.fireChannelRead(AbstractChannelHandlerContext.java:355)\n\tat io.netty.channel.DefaultChannelPipeline$HeadContext.channelRead(DefaultChannelPipeline.java:1429)\n\tat io.netty.channel.DefaultChannelPipeline.fireChannelRead(DefaultChannelPipeline.java:918)\n\tat io.netty.channel.nio.AbstractNioByteChannel$NioByteUnsafe.read(AbstractNioByteChannel.java:176)\n\tat io.netty.channel.nio.AbstractNioChannel$AbstractNioUnsafe.handle(AbstractNioChannel.java:445)\n\tat io.netty.channel.nio.NioIoHandler$DefaultNioRegistration.handle(NioIoHandler.java:388)\n\tat io.netty.channel.nio.NioIoHandler.processSelectedKey(NioIoHandler.java:596)\n\tat io.netty.channel.nio.NioIoHandler.processSelectedKeysOptimized(NioIoHandler.java:571)\n\tat io.netty.channel.nio.NioIoHandler.processSelectedKeys(NioIoHandler.java:512)\n\tat io.netty.channel.nio.NioIoHandler.run(NioIoHandler.java:484)\n\tat io.netty.channel.SingleThreadIoEventLoop.runIo(SingleThreadIoEventLoop.java:225)\n\tat io.netty.channel.SingleThreadIoEventLoop.run(SingleThreadIoEventLoop.java:196)\n\tat io.netty.util.concurrent.SingleThreadEventExecutor$5.run(SingleThreadEventExecutor.java:1195)\n\tat io.netty.util.internal.ThreadExecutorMap$2.run(ThreadExecutorMap.java:74)\n\tat io.netty.util.concurrent.FastThreadLocalRunnable.run(FastThreadLocalRunnable.java:30)\n\tat java.lang.Thread.run(Thread.java:1564)\n"}}
[2026-06-14T09:27:16.208Z] [ALL] 06-14 14:57:13.272  1486  7177 D WifiConnectivityMonitor.DnsThread:  [|204]
[2026-06-14T09:27:16.209Z] [ALL] 06-14 14:57:13.274  1486  1860 D WifiConnectivityMonitor.NetworkStatsAnalyzer: DNS resultType : 0, responseTime : 204
[2026-06-14T09:27:16.209Z] [ALL] 06-14 14:57:13.274  1486  1858 D OpenNetworkQos[4.00]: updateBssidLatestDnsResultType - result: 0
[2026-06-14T09:27:16.209Z] [ALL] 06-14 14:57:13.275  1486  1858 D OpenNetworkQos[4.00]: updateBssidNoInternet: mBssidNoInternet = false
[2026-06-14T09:27:16.209Z] [ALL] 06-14 14:57:13.275  1486  1858 D OpenNetworkQos[4.00]: getOpenNetworkQosNoInternetStatus: false
[2026-06-14T09:27:16.209Z] [ALL] 06-14 14:57:13.275  1486  1858 D OpenNetworkQos[4.00]: getOpenNetworkQosScores: 26 26 30 
[2026-06-14T09:27:16.209Z] [ALL] 06-14 14:57:13.275  1486  1858 I WifiProfileShare: network QoS data was changed (internet), updateQoSData networkType: true, qosData: false
[2026-06-14T09:27:16.211Z] [ALL] 06-14 14:57:13.276  1486  3127 V WifiProfileShare.Caster: update wips network, size: 0
[2026-06-14T09:27:16.211Z] [ALL] 06-14 14:57:13.276  1486  3127 D WifiProfileShare: nearby scanning settings run
[2026-06-14T09:27:16.211Z] [ALL] 06-14 14:57:13.277  1486  3127 D WifiProfileShare: network score provider settings enabled
[2026-06-14T09:27:16.211Z] [ALL] 06-14 14:57:13.277  1486  3127 D OpenNetworkQos[4.00]: getOpenNetworkQosScores: 26 26 30 
[2026-06-14T09:27:16.211Z] [ALL] 06-14 14:57:13.277  1486  3127 D OpenNetworkQos[4.00]: getOpenNetworkQosNoInternetStatus: false
[2026-06-14T09:27:16.213Z] [ALL] 06-14 14:57:13.277  1486  3127 I WifiProfileShare.Caster: current network type: 0, score: [26, 26, 30]
[2026-06-14T09:27:16.213Z] [ALL] 06-14 14:57:13.280  1486  3127 V WifiProfileShare.Cache: update network score 14:33:75:**:**:cb
[2026-06-14T09:27:16.216Z] [ALL] 06-14 14:57:13.281  1486  3127 D WifiProfileShare.ScanMatcher: getMcfDataList size:2
[2026-06-14T09:27:16.216Z] [ALL] 06-14 14:57:13.282  1486  3127 I WifiProfileShare.Caster: qos data was updated , before:type:QOS, pBssid:4a:79:df, qosData:7c after:type:QOS, pBssid:4a:79:df, qosData:7c
[2026-06-14T09:27:16.219Z] [ALL] 06-14 14:57:13.285  1486  3127 I [MCFSDK_android_1.3.7026]_4_McfCasterImpl: isNetworkEnabled - type : 1 ret : true
[2026-06-14T09:27:16.219Z] [ALL] 06-14 14:57:13.285  1486  3127 D WifiProfileShare.McfCast: -ME--- mIsNetworkEnabled :true
[2026-06-14T09:27:16.219Z] [ALL] 06-14 14:57:13.285  1486  3127 D WifiProfileShare.McfCast: updateQoSData ignored, same contents
[2026-06-14T09:27:16.219Z] [ALL] 06-14 14:57:13.285  1486  3127 D WifiProfileShare.MCF: success update QosData !
[2026-06-14T09:27:16.220Z] [ALL] 06-14 14:57:13.286  1486  3127 I [MCFSDK_android_1.3.7026]_4_McfCasterImpl: isNetworkEnabled - type : 1 ret : true
[2026-06-14T09:27:16.220Z] [ALL] 06-14 14:57:13.287  1486  3127 D WifiProfileShare.McfCast: -ME--- mIsNetworkEnabled :true
[2026-06-14T09:27:16.220Z] [ALL] 06-14 14:57:13.287  1486  3127 D WifiProfileShare.McfCast: -ME--- updatePasswordDate pwdData size:2
[2026-06-14T09:27:16.220Z] [ALL] 06-14 14:57:13.288  1486  2138 D SLocation: WifiBssidMonitor - requestRefresh
[2026-06-14T09:27:16.222Z] [ALL] 06-14 14:57:13.289  1486  2138 W SLocation: WifiBssidMonitor - connected wifi : (14:33:75:**:**:ca/766)
[2026-06-14T09:27:16.454Z] [ALL] 06-14 14:57:13.516  1067  1177 I SensorsHub: context 4 0 3 1,1,23,1, 257129136596434
[2026-06-14T09:27:16.456Z] [ALL] 06-14 14:57:13.519  1486  1718 D CAE     : onGetSensorHubData(SensorHubParserProvider.java:92) - onGetSensorHubData Event [event buffer len :4], AP_WAKEUP
[2026-06-14T09:27:16.457Z] [ALL] 06-14 14:57:13.519  1486  1718 I CAE     : parse(SensorHubParserProvider.java:188) - buffer size = 4
[2026-06-14T09:27:16.457Z] [ALL] 06-14 14:57:13.519  1486  1718 I CAE     : parse(SensorHubParserProvider.java:199) - 1, 1, 23, 1,
[2026-06-14T09:27:16.457Z] [ALL] 06-14 14:57:13.520  1486  1718 D CAE     : display(ContextProvider.java:375) - ================= TEST_FLAT_MOTION =================
[2026-06-14T09:27:16.457Z] [ALL] 06-14 14:57:13.520  1486  1718 I CAE     : display(ContextProvider.java:391) - Action=[1]
[2026-06-14T09:27:16.461Z] [ALL] 06-14 14:57:13.526  1486  3015 D SemContextService: lock : unregisterCallback
[2026-06-14T09:27:16.461Z] [ALL] 06-14 14:57:13.526  1486  3015 D SemContextService: Service.removeListenerLocked() : listener = com.samsung.android.hardware.context.SemContextService$Listener@37a1021, service = Device Position, used = 0
[2026-06-14T09:27:16.461Z] [ALL] 06-14 14:57:13.527  1486  3015 W CAE     : unregisterCallback(ContextAwareService.java:230) - [unregi 01] Mutex is locked for TEST_FLAT_MOTION
[2026-06-14T09:27:16.463Z] [ALL] 06-14 14:57:13.527  1486  3015 W CAE     : getListener(ListenerListManager.java:127) - [getListener1]  com.samsung.android.contextaware.ContextAwareManager$CaListenerDelegate@3bca55e
[2026-06-14T09:27:16.463Z] [ALL] 06-14 14:57:13.528  1486  3015 W CAE     : getListener(ListenerListManager.java:128) - [getListener2]  com.samsung.android.contextaware.manager.ContextAwareService$Listener@6a02e99
[2026-06-14T09:27:16.463Z] [ALL] 06-14 14:57:13.528  1486  3015 V CAE     : stop(ContextProvider.java:155)
[2026-06-14T09:27:16.463Z] [ALL] 06-14 14:57:13.529  1486  3015 V CAE     : clear(TestFlatMotionRunner.java:126)
[2026-06-14T09:27:16.463Z] [ALL] 06-14 14:57:13.529  1486  3015 V CAE     : disable(TestFlatMotionRunner.java:115)
[2026-06-14T09:27:16.467Z] [ALL] 06-14 14:57:13.531  1486  1720 D SensorService: setSContextDataLocked ints length 2 , byte length 4
[2026-06-14T09:27:16.467Z] [ALL] 06-14 14:57:13.531  1486  1720 D SensorService: setSContextDataLocked 17b2
[2026-06-14T09:27:16.467Z] [ALL] 06-14 14:57:13.531  1067  1067 I SensorsHub: SContextSensor::injecet_sensor_data
[2026-06-14T09:27:16.467Z] [ALL] 06-14 14:57:13.531  1067  1067 D SensorsHub: b2 17 00 00  
[2026-06-14T09:27:16.467Z] [ALL] 06-14 14:57:13.531  1067  1067 D SensorsHub: inject_scontext_data: New ssp_data_injection_fd(31)
[2026-06-14T09:27:16.467Z] [ALL] 06-14 14:57:13.532  1067  1067 D SensorsHub: SContext Data Injection return 64
[2026-06-14T09:27:16.470Z] [ALL] 06-14 14:57:13.533  1486  3015 D CAE     : getFaultDetectionResult(TestFlatMotionRunner.java:139) - true
[2026-06-14T09:27:16.470Z] [ALL] 06-14 14:57:13.533  1486  3015 I CAE     : notifyCmdProcessResultObserver(ContextProvider.java:627) - CheckResult = 0, Cause = Success
[2026-06-14T09:27:16.470Z] [ALL] 06-14 14:57:13.535  1486  1715 D SemContextService: Service.updateContext() : service = Device Position
[2026-06-14T09:27:16.470Z] [ALL] 06-14 14:57:13.537  1486  3015 D CAE     : doCommendProcess(ContextAwareService.java:396) - complete notify the operation result.
[2026-06-14T09:27:16.472Z] [ALL] 06-14 14:57:13.538  1486  3015 I CAE     : displayUsedCountForService(ContextAwareService.java:460) - totalCnt = 0, serviceCount = 0, subCollectionCount = 0
[2026-06-14T09:27:16.472Z] [ALL] 06-14 14:57:13.539  1486  3015 D CAE     : showListenerList(ContextAwareService.java:325) - ===== Context Aware Service List =====
[2026-06-14T09:27:16.475Z] [ALL] 06-14 14:57:13.540  1486  3015 I CAE     : showListenerList(ContextAwareService.java:334) - Listener : com.samsung.android.contextaware.manager.ContextAwareService$Listener@6a02e99, Service : ACTIVITY_TRACKER_INTERRUPT(1)
[2026-06-14T09:27:16.475Z] [ALL] 06-14 14:57:13.540  1486  3015 I CAE     : showListenerList(ContextAwareService.java:334) - Listener : com.samsung.android.contextaware.manager.ContextAwareService$Listener@6a02e99, Service : ACTIVITY_TRACKER_CURRENT_INFO(1)
[2026-06-14T09:27:16.478Z] [ALL] 06-14 14:57:13.540  1486  3015 I CAE     : showListenerList(ContextAwareService.java:334) - Listener : com.samsung.android.contextaware.manager.ContextAwareService$Listener@6a02e99, Service : ACTIVITY_TRACKER_BATCH(1)
[2026-06-14T09:27:16.478Z] [ALL] 06-14 14:57:13.541  1486  3015 I CAE     : showListenerList(ContextAwareService.java:334) - Listener : com.samsung.android.contextaware.manager.ContextAwareService$Listener@6a02e99, Service : PEDOMETER(1)
[2026-06-14T09:27:16.480Z] [ALL] 06-14 14:57:13.541  1486  3015 I CAE     : showListenerList(ContextAwareService.java:334) - Listener : com.samsung.android.contextaware.manager.ContextAwareService$Listener@6a02e99, Service : SLOCATION_RUNNER(1)
[2026-06-14T09:27:16.480Z] [ALL] 06-14 14:57:13.542  1486  3015 I CAE     : showListenerList(ContextAwareService.java:334) - Listener : com.samsung.android.contextaware.manager.ContextAwareService$Listener@6a02e99, Service : FREE_FALL_DETECTION(1)
[2026-06-14T09:27:16.480Z] [ALL] 06-14 14:57:13.542  1486  3015 I CAE     : showListenerList(ContextAwareService.java:334) - Listener : com.samsung.android.contextaware.manager.ContextAwareService$Listener@6a02e99, Service : PEDOMETER_CURRENT_INFO(1)
[2026-06-14T09:27:16.480Z] [ALL] 06-14 14:57:13.543  1486  3015 I CAE     : showListenerList(ContextAwareService.java:334) - Listener : com.samsung.android.contextaware.manager.ContextAwareService$Listener@6a02e99, Service : ACTIVITY_TRACKER(1)
[2026-06-14T09:27:16.484Z] [ALL] 06-14 14:57:13.543  1486  3015 W CAE     : unregisterCallback(ContextAwareService.java:251) - [unregi 02] Mutex is unlocked for TEST_FLAT_MOTION
[2026-06-14T09:27:16.484Z] [ALL] 06-14 14:57:13.543  1486  3015 D SemContextService: 	.unregisterCallback : 7, client= com.sec.android.sdhms
[2026-06-14T09:27:16.484Z] [ALL] 06-14 14:57:13.543  1486  3015 D SemContextService: unlock : unregisterCallback
[2026-06-14T09:27:16.484Z] [ALL] 06-14 14:57:13.546  1067  1067 I SensorsHub: batch: handle=5 period=200000000 timeout=0
[2026-06-14T09:27:16.487Z] [ALL] 06-14 14:57:13.552  1486  3015 E SensorService: BigData:Pakage) 5 already disabled. 
[2026-06-14T09:27:16.487Z] [ALL] 06-14 14:57:13.552  1067  1067 I SensorsHub: batch: handle=5 period=200000000 timeout=0
[2026-06-14T09:27:16.592Z] [ALL] 06-14 14:57:13.658  5776  5834 I appium  : channel read: POST /session/f5a9b506-d393-4b48-a69f-3151b1cdcacc/element
[2026-06-14T09:27:16.592Z] [ALL] 06-14 14:57:13.659  5776  5834 I appium  : FindElement command
[2026-06-14T09:27:16.595Z] [ALL] 06-14 14:57:13.660  5776  5834 I appium  : method: 'xpath', selector: '//*[@resource-id="otp_input_field" or @content-desc="otp_input_field"]'
[2026-06-14T09:27:16.595Z] [ALL] 06-14 14:57:13.660  5776  5834 I appium  : Waiting up to 10000ms for the device to idle
[2026-06-14T09:27:16.595Z] [ALL] 06-14 14:57:13.661  5776  5834 I appium  : The following attributes will be included to the page source: [resource-id, content-desc]
[2026-06-14T09:27:16.599Z] [ALL] 06-14 14:57:13.666  5776  5789 I tomator2.server: Method exceeds compiler instruction limit: 19260 in java_cup.runtime.Symbol org.eclipse.wst.xml.xpath2.processor.internal.CUP$XPathCup$actions.CUP$XPathCup$do_action(int, java_cup.runtime.lr_parser, java.util.Stack, int)
[2026-06-14T09:27:16.874Z] [ALL] 06-14 14:57:13.940  5776  5834 I appium  : Took 0ms to retrieve 0 matches for '//*[@resource-id="otp_input_field" or @content-desc="otp_input_field"]' XPath2 query
[2026-06-14T09:27:16.877Z] [ALL] 06-14 14:57:13.941  5776  5834 I appium  : AppiumResponse: {"sessionId":"f5a9b506-d393-4b48-a69f-3151b1cdcacc","value":{"error":"no such element","message":"An element could not be located on the page using the given search parameters","stacktrace":"io.appium.uiautomator2.common.exceptions.ElementNotFoundException: An element could not be located on the page using the given search parameters\n\tat io.appium.uiautomator2.utils.ElementLocationHelpers.findElement(ElementLocationHelpers.java:153)\n\tat io.appium.uiautomator2.handler.FindElement.safeHandle(FindElement.java:60)\n\tat io.appium.uiautomator2.handler.request.SafeRequestHandler.handle(SafeRequestHandler.java:59)\n\tat io.appium.uiautomator2.server.AppiumServlet.handleRequest(AppiumServlet.java:267)\n\tat io.appium.uiautomator2.server.AppiumServlet.handleHttpRequest(AppiumServlet.java:261)\n\tat io.appium.uiautomator2.http.ServerHandler.channelRead(ServerHandler.java:77)\n\tat io.netty.channel.AbstractChannelHandlerContext.fireChannelRead(AbstractChannelHandlerContext.java:357)\n\tat io.netty.handler.codec.MessageToMessageDecoder.channelRead(MessageToMessageDecoder.java:107)\n\tat io.netty.channel.AbstractChannelHandlerContext.fireChannelRead(AbstractChannelHandlerContext.java:357)\n\tat io.netty.channel.CombinedChannelDuplexHandler$DelegatingChannelHandlerContext.fireChannelRead(CombinedChannelDuplexHandler.java:434)\n\tat io.netty.handler.codec.ByteToMessageDecoder.fireChannelRead(ByteToMessageDecoder.java:361)\n\tat io.netty.handler.codec.ByteToMessageDecoder.channelRead(ByteToMessageDecoder.java:325)\n\tat io.netty.channel.CombinedChannelDuplexHandler.channelRead(CombinedChannelDuplexHandler.java:249)\n\tat io.netty.channel.AbstractChannelHandlerContext.fireChannelRead(AbstractChannelHandlerContext.java:355)\n\tat io.netty.handler.timeout.IdleStateHandler.channelRead(IdleStateHandler.java:288)\n\tat io.netty.channel.AbstractChannelHandlerContext.fireChannelRead(AbstractChannelHandlerContext.java:355)\n\tat io.netty.channel.DefaultChannelPipeline$HeadContext.channelRead(DefaultChannelPipeline.java:1429)\n\tat io.netty.channel.DefaultChannelPipeline.fireChannelRead(DefaultChannelPipeline.java:918)\n\tat io.netty.channel.nio.AbstractNioByteChannel$NioByteUnsafe.read(AbstractNioByteChannel.java:176)\n\tat io.netty.channel.nio.AbstractNioChannel$AbstractNioUnsafe.handle(AbstractNioChannel.java:445)\n\tat io.netty.channel.nio.NioIoHandler$DefaultNioRegistration.handle(NioIoHandler.java:388)\n\tat io.netty.channel.nio.NioIoHandler.processSelectedKey(NioIoHandler.java:596)\n\tat io.netty.channel.nio.NioIoHandler.processSelectedKeysOptimized(NioIoHandler.java:571)\n\tat io.netty.channel.nio.NioIoHandler.processSelectedKeys(NioIoHandler.java:512)\n\tat io.netty.channel.nio.NioIoHandler.run(NioIoHandler.java:484)\n\tat io.netty.channel.SingleThreadIoEventLoop.runIo(SingleThreadIoEventLoop.java:225)\n\tat io.netty.channel.SingleThreadIoEventLoop.run(SingleThreadIoEventLoop.java:196)\n\tat io.netty.util.concurrent.SingleThreadEventExecutor$5.run(SingleThreadEventExecutor.java:1195)\n\tat io.netty.util.internal.ThreadExecutorMap$2.run(ThreadExecutorMap.java:74)\n\tat io.netty.util.concurrent.FastThreadLocalRunnable.run(FastThreadLocalRunnable.java:30)\n\tat java.lang.Thread.run(Thread.java:1564)\n"}}
[2026-06-14T09:27:17.231Z] [ALL] 06-14 14:57:14.295  1486  2138 D SLocation: AgingAccuracy - no response from core, get max distance
[2026-06-14T09:27:17.235Z] [ALL] 06-14 14:57:14.297  1486  2138 D SLocation: FilteredLastLocation - notify all last locations, loc : 2
[2026-06-14T09:27:17.411Z] [ALL] 06-14 14:57:14.461  5776  5834 I appium  : channel read: POST /session/f5a9b506-d393-4b48-a69f-3151b1cdcacc/element
[2026-06-14T09:27:17.411Z] [ALL] 06-14 14:57:14.462  5776  5834 I appium  : FindElement command
[2026-06-14T09:27:17.413Z] [ALL] 06-14 14:57:14.463  5776  5834 I appium  : method: 'xpath', selector: '//*[@resource-id="otp_input_field" or @content-desc="otp_input_field"]'
[2026-06-14T09:27:17.413Z] [ALL] 06-14 14:57:14.463  5776  5834 I appium  : Waiting up to 10000ms for the device to idle
[2026-06-14T09:27:17.413Z] [ALL] 06-14 14:57:14.465  5776  5834 I appium  : The following attributes will be included to the page source: [resource-id, content-desc]
[2026-06-14T09:27:17.642Z] [ALL] 06-14 14:57:14.708  5776  5834 I appium  : Took 0ms to retrieve 0 matches for '//*[@resource-id="otp_input_field" or @content-desc="otp_input_field"]' XPath2 query
[2026-06-14T09:27:17.645Z] [ALL] 06-14 14:57:14.709  5776  5834 I appium  : AppiumResponse: {"sessionId":"f5a9b506-d393-4b48-a69f-3151b1cdcacc","value":{"error":"no such element","message":"An element could not be located on the page using the given search parameters","stacktrace":"io.appium.uiautomator2.common.exceptions.ElementNotFoundException: An element could not be located on the page using the given search parameters\n\tat io.appium.uiautomator2.utils.ElementLocationHelpers.findElement(ElementLocationHelpers.java:153)\n\tat io.appium.uiautomator2.handler.FindElement.safeHandle(FindElement.java:60)\n\tat io.appium.uiautomator2.handler.request.SafeRequestHandler.handle(SafeRequestHandler.java:59)\n\tat io.appium.uiautomator2.server.AppiumServlet.handleRequest(AppiumServlet.java:267)\n\tat io.appium.uiautomator2.server.AppiumServlet.handleHttpRequest(AppiumServlet.java:261)\n\tat io.appium.uiautomator2.http.ServerHandler.channelRead(ServerHandler.java:77)\n\tat io.netty.channel.AbstractChannelHandlerContext.fireChannelRead(AbstractChannelHandlerContext.java:357)\n\tat io.netty.handler.codec.MessageToMessageDecoder.channelRead(MessageToMessageDecoder.java:107)\n\tat io.netty.channel.AbstractChannelHandlerContext.fireChannelRead(AbstractChannelHandlerContext.java:357)\n\tat io.netty.channel.CombinedChannelDuplexHandler$DelegatingChannelHandlerContext.fireChannelRead(CombinedChannelDuplexHandler.java:434)\n\tat io.netty.handler.codec.ByteToMessageDecoder.fireChannelRead(ByteToMessageDecoder.java:361)\n\tat io.netty.handler.codec.ByteToMessageDecoder.channelRead(ByteToMessageDecoder.java:325)\n\tat io.netty.channel.CombinedChannelDuplexHandler.channelRead(CombinedChannelDuplexHandler.java:249)\n\tat io.netty.channel.AbstractChannelHandlerContext.fireChannelRead(AbstractChannelHandlerContext.java:355)\n\tat io.netty.handler.timeout.IdleStateHandler.channelRead(IdleStateHandler.java:288)\n\tat io.netty.channel.AbstractChannelHandlerContext.fireChannelRead(AbstractChannelHandlerContext.java:355)\n\tat io.netty.channel.DefaultChannelPipeline$HeadContext.channelRead(DefaultChannelPipeline.java:1429)\n\tat io.netty.channel.DefaultChannelPipeline.fireChannelRead(DefaultChannelPipeline.java:918)\n\tat io.netty.channel.nio.AbstractNioByteChannel$NioByteUnsafe.read(AbstractNioByteChannel.java:176)\n\tat io.netty.channel.nio.AbstractNioChannel$AbstractNioUnsafe.handle(AbstractNioChannel.java:445)\n\tat io.netty.channel.nio.NioIoHandler$DefaultNioRegistration.handle(NioIoHandler.java:388)\n\tat io.netty.channel.nio.NioIoHandler.processSelectedKey(NioIoHandler.java:596)\n\tat io.netty.channel.nio.NioIoHandler.processSelectedKeysOptimized(NioIoHandler.java:571)\n\tat io.netty.channel.nio.NioIoHandler.processSelectedKeys(NioIoHandler.java:512)\n\tat io.netty.channel.nio.NioIoHandler.run(NioIoHandler.java:484)\n\tat io.netty.channel.SingleThreadIoEventLoop.runIo(SingleThreadIoEventLoop.java:225)\n\tat io.netty.channel.SingleThreadIoEventLoop.run(SingleThreadIoEventLoop.java:196)\n\tat io.netty.util.concurrent.SingleThreadEventExecutor$5.run(SingleThreadEventExecutor.java:1195)\n\tat io.netty.util.internal.ThreadExecutorMap$2.run(ThreadExecutorMap.java:74)\n\tat io.netty.util.concurrent.FastThreadLocalRunnable.run(FastThreadLocalRunnable.java:30)\n\tat java.lang.Thread.run(Thread.java:1564)\n"}}
[2026-06-14T09:27:17.747Z] [ALL] 06-14 14:57:14.814  1486  1828 I SemWifiServiceDetector: Service det. resumed: T / T / 19967
[2026-06-14T09:27:17.871Z] [ALL] 06-14 14:57:14.937  1486  1655 D ActivityManager: Received BROADCAST intent 0xd64e1b2 Key{broadcastIntent pkg=android intent=act=com.android.server.audio.action.CHECK_MUSIC_ACTIVE xflg=0x4 flags=0x4000000 u=0} requestCode=1 sent=0 from uid 1000
[2026-06-14T09:27:17.885Z] [ALL] 06-14 14:57:14.942  1486  1526 D ActivityManager: sync unfroze 30539 com.android.settings for 10
[2026-06-14T09:27:17.885Z] [ALL] 06-14 14:57:14.944  1486  1526 D ActivityManager: sync unfroze 6654 com.samsung.SMT for 10
[2026-06-14T09:27:17.905Z] [ALL] 06-14 14:57:14.969  1486  1729 D WifiStaIfaceHidlImpl: getCachedScanData is not implemented by HIDL
[2026-06-14T09:27:17.936Z] [ALL] 06-14 14:57:15.000  2072  2072 I EPDG-0 [WifiProfiler]: handleWifiRssiIntent, rssi=-51
[2026-06-14T09:27:17.936Z] [ALL] 06-14 14:57:15.000  2072  2072 I EPDG-0 [WifiProfiler]: isProfiling, hash=189204772, started=true
[2026-06-14T09:27:17.936Z] [ALL] 06-14 14:57:15.001  2072  2072 I EPDG-0 [LogMetrics]: set, type=WIFI_RSSI_LAST, value=-51
[2026-06-14T09:27:17.936Z] [ALL] 06-14 14:57:15.001  2072  2072 I EPDG-0 [WifiProfiler]: isProfiling, hash=189204772, started=true
[2026-06-14T09:27:17.939Z] [ALL] 06-14 14:57:15.001  1486  3494 D SemWifiUsabilityStatsMonitor: onWifiUsabilityStats - seqNum 22748, isSameBssidAndFreq true
[2026-06-14T09:27:17.939Z] [ALL] 06-14 14:57:15.002  2072  2072 I EPDG-0 [WifiProfiler]: Rssi : -51 highrange : -75 lowrange : -85 mIsRssiInHystersis : false
[2026-06-14T09:27:17.939Z] [ALL] 06-14 14:57:15.003  2072  2072 I EPDG-0 [WifiProfiler]: Rssi : -51 highrange : -75 lowrange : -85 mIsRssiInHystersis : false
[2026-06-14T09:27:17.939Z] [ALL] 06-14 14:57:15.003  2072  2072 I EPDG-0 [Subscription]: isEpdgAvailable, IwlanPsState=2/2
[2026-06-14T09:27:17.939Z] [ALL] 06-14 14:57:15.003  2072  2072 I EPDG-0 [WifiProfiler]: getHandoverThresholdMet: value is: false
[2026-06-14T09:27:17.956Z] [ALL] 06-14 14:57:15.023  1486  1858 D SemWifiEleStateTracker: Pressure Diff: 0.0025024414
[2026-06-14T09:27:17.957Z] [ALL] 06-14 14:57:15.023  1486  1858 D SemWifiEleStateTracker: Barometer value: Prev 998.1023 Current 998.1048 mSmallBaroDetected : false
[2026-06-14T09:27:17.962Z] [ALL] 06-14 14:57:15.028   747   747 D io_stats: !@ Read_top(KB): .sec.imsservice(2217) 176 sung.android.ce(553) 24
[2026-06-14T09:27:17.962Z] [ALL] 06-14 14:57:15.028   747   747 D io_stats: !@ Write_top(KB): kworker/u16:0(5575) 644
[2026-06-14T09:27:18.161Z] [ALL] 06-14 14:57:15.228  5776  5834 I appium  : channel read: POST /session/f5a9b506-d393-4b48-a69f-3151b1cdcacc/element
[2026-06-14T09:27:18.161Z] [ALL] 06-14 14:57:15.229  5776  5834 I appium  : FindElement command
[2026-06-14T09:27:18.163Z] [ALL] 06-14 14:57:15.229  5776  5834 I appium  : method: 'xpath', selector: '//*[@resource-id="otp_input_field" or @content-desc="otp_input_field"]'
[2026-06-14T09:27:18.163Z] [ALL] 06-14 14:57:15.229  5776  5834 I appium  : Waiting up to 10000ms for the device to idle
[2026-06-14T09:27:18.165Z] [ALL] 06-14 14:57:15.231  5776  5834 I appium  : The following attributes will be included to the page source: [resource-id, content-desc]
[2026-06-14T09:27:18.248Z] [ALL] 06-14 14:57:15.311  1486  3107 I NSLocationMonitor: getGPSUsingApps() called
[2026-06-14T09:27:18.248Z] [ALL] 06-14 14:57:15.312  3066  3089 I NSLocationManager_FLP: getGPSUsingApps, No change
[2026-06-14T09:27:18.272Z] [ALL] 06-14 14:57:15.333  1486  3107 D FreecessHandler: skipping freeze com.truecaller(10274) result : 2
[2026-06-14T09:27:18.317Z] [ALL] 06-14 14:57:15.382  5776  5834 I appium  : Took 0ms to retrieve 0 matches for '//*[@resource-id="otp_input_field" or @content-desc="otp_input_field"]' XPath2 query
[2026-06-14T09:27:18.324Z] [ALL] 06-14 14:57:15.384  5776  5834 I appium  : AppiumResponse: {"sessionId":"f5a9b506-d393-4b48-a69f-3151b1cdcacc","value":{"error":"no such element","message":"An element could not be located on the page using the given search parameters","stacktrace":"io.appium.uiautomator2.common.exceptions.ElementNotFoundException: An element could not be located on the page using the given search parameters\n\tat io.appium.uiautomator2.utils.ElementLocationHelpers.findElement(ElementLocationHelpers.java:153)\n\tat io.appium.uiautomator2.handler.FindElement.safeHandle(FindElement.java:60)\n\tat io.appium.uiautomator2.handler.request.SafeRequestHandler.handle(SafeRequestHandler.java:59)\n\tat io.appium.uiautomator2.server.AppiumServlet.handleRequest(AppiumServlet.java:267)\n\tat io.appium.uiautomator2.server.AppiumServlet.handleHttpRequest(AppiumServlet.java:261)\n\tat io.appium.uiautomator2.http.ServerHandler.channelRead(ServerHandler.java:77)\n\tat io.netty.channel.AbstractChannelHandlerContext.fireChannelRead(AbstractChannelHandlerContext.java:357)\n\tat io.netty.handler.codec.MessageToMessageDecoder.channelRead(MessageToMessageDecoder.java:107)\n\tat io.netty.channel.AbstractChannelHandlerContext.fireChannelRead(AbstractChannelHandlerContext.java:357)\n\tat io.netty.channel.CombinedChannelDuplexHandler$DelegatingChannelHandlerContext.fireChannelRead(CombinedChannelDuplexHandler.java:434)\n\tat io.netty.handler.codec.ByteToMessageDecoder.fireChannelRead(ByteToMessageDecoder.java:361)\n\tat io.netty.handler.codec.ByteToMessageDecoder.channelRead(ByteToMessageDecoder.java:325)\n\tat io.netty.channel.CombinedChannelDuplexHandler.channelRead(CombinedChannelDuplexHandler.java:249)\n\tat io.netty.channel.AbstractChannelHandlerContext.fireChannelRead(AbstractChannelHandlerContext.java:355)\n\tat io.netty.handler.timeout.IdleStateHandler.channelRead(IdleStateHandler.java:288)\n\tat io.netty.channel.AbstractChannelHandlerContext.fireChannelRead(AbstractChannelHandlerContext.java:355)\n\tat io.netty.channel.DefaultChannelPipeline$HeadContext.channelRead(DefaultChannelPipeline.java:1429)\n\tat io.netty.channel.DefaultChannelPipeline.fireChannelRead(DefaultChannelPipeline.java:918)\n\tat io.netty.channel.nio.AbstractNioByteChannel$NioByteUnsafe.read(AbstractNioByteChannel.java:176)\n\tat io.netty.channel.nio.AbstractNioChannel$AbstractNioUnsafe.handle(AbstractNioChannel.java:445)\n\tat io.netty.channel.nio.NioIoHandler$DefaultNioRegistration.handle(NioIoHandler.java:388)\n\tat io.netty.channel.nio.NioIoHandler.processSelectedKey(NioIoHandler.java:596)\n\tat io.netty.channel.nio.NioIoHandler.processSelectedKeysOptimized(NioIoHandler.java:571)\n\tat io.netty.channel.nio.NioIoHandler.processSelectedKeys(NioIoHandler.java:512)\n\tat io.netty.channel.nio.NioIoHandler.run(NioIoHandler.java:484)\n\tat io.netty.channel.SingleThreadIoEventLoop.runIo(SingleThreadIoEventLoop.java:225)\n\tat io.netty.channel.SingleThreadIoEventLoop.run(SingleThreadIoEventLoop.java:196)\n\tat io.netty.util.concurrent.SingleThreadEventExecutor$5.run(SingleThreadEventExecutor.java:1195)\n\tat io.netty.util.internal.ThreadExecutorMap$2.run(ThreadExecutorMap.java:74)\n\tat io.netty.util.concurrent.FastThreadLocalRunnable.run(FastThreadLocalRunnable.java:30)\n\tat java.lang.Thread.run(Thread.java:1564)\n"}}
[2026-06-14T09:27:18.857Z] [ALL] 06-14 14:57:15.918  5776  5834 I appium  : channel read: POST /session/f5a9b506-d393-4b48-a69f-3151b1cdcacc/element
[2026-06-14T09:27:18.857Z] [ALL] 06-14 14:57:15.918  5776  5834 I appium  : FindElement command
[2026-06-14T09:27:18.861Z] [ALL] 06-14 14:57:15.920  5776  5834 I appium  : method: 'xpath', selector: '//*[@resource-id="otp_input_field" or @content-desc="otp_input_field"]'
[2026-06-14T09:27:18.861Z] [ALL] 06-14 14:57:15.920  5776  5834 I appium  : Waiting up to 10000ms for the device to idle
[2026-06-14T09:27:18.861Z] [ALL] 06-14 14:57:15.921  5776  5834 I appium  : The following attributes will be included to the page source: [resource-id, content-desc]
[2026-06-14T09:27:19.121Z] [ALL] 06-14 14:57:16.187  5776  5834 I appium  : Took 0ms to retrieve 0 matches for '//*[@resource-id="otp_input_field" or @content-desc="otp_input_field"]' XPath2 query
[2026-06-14T09:27:19.124Z] [ALL] 06-14 14:57:16.188  5776  5834 I appium  : AppiumResponse: {"sessionId":"f5a9b506-d393-4b48-a69f-3151b1cdcacc","value":{"error":"no such element","message":"An element could not be located on the page using the given search parameters","stacktrace":"io.appium.uiautomator2.common.exceptions.ElementNotFoundException: An element could not be located on the page using the given search parameters\n\tat io.appium.uiautomator2.utils.ElementLocationHelpers.findElement(ElementLocationHelpers.java:153)\n\tat io.appium.uiautomator2.handler.FindElement.safeHandle(FindElement.java:60)\n\tat io.appium.uiautomator2.handler.request.SafeRequestHandler.handle(SafeRequestHandler.java:59)\n\tat io.appium.uiautomator2.server.AppiumServlet.handleRequest(AppiumServlet.java:267)\n\tat io.appium.uiautomator2.server.AppiumServlet.handleHttpRequest(AppiumServlet.java:261)\n\tat io.appium.uiautomator2.http.ServerHandler.channelRead(ServerHandler.java:77)\n\tat io.netty.channel.AbstractChannelHandlerContext.fireChannelRead(AbstractChannelHandlerContext.java:357)\n\tat io.netty.handler.codec.MessageToMessageDecoder.channelRead(MessageToMessageDecoder.java:107)\n\tat io.netty.channel.AbstractChannelHandlerContext.fireChannelRead(AbstractChannelHandlerContext.java:357)\n\tat io.netty.channel.CombinedChannelDuplexHandler$DelegatingChannelHandlerContext.fireChannelRead(CombinedChannelDuplexHandler.java:434)\n\tat io.netty.handler.codec.ByteToMessageDecoder.fireChannelRead(ByteToMessageDecoder.java:361)\n\tat io.netty.handler.codec.ByteToMessageDecoder.channelRead(ByteToMessageDecoder.java:325)\n\tat io.netty.channel.CombinedChannelDuplexHandler.channelRead(CombinedChannelDuplexHandler.java:249)\n\tat io.netty.channel.AbstractChannelHandlerContext.fireChannelRead(AbstractChannelHandlerContext.java:355)\n\tat io.netty.handler.timeout.IdleStateHandler.channelRead(IdleStateHandler.java:288)\n\tat io.netty.channel.AbstractChannelHandlerContext.fireChannelRead(AbstractChannelHandlerContext.java:355)\n\tat io.netty.channel.DefaultChannelPipeline$HeadContext.channelRead(DefaultChannelPipeline.java:1429)\n\tat io.netty.channel.DefaultChannelPipeline.fireChannelRead(DefaultChannelPipeline.java:918)\n\tat io.netty.channel.nio.AbstractNioByteChannel$NioByteUnsafe.read(AbstractNioByteChannel.java:176)\n\tat io.netty.channel.nio.AbstractNioChannel$AbstractNioUnsafe.handle(AbstractNioChannel.java:445)\n\tat io.netty.channel.nio.NioIoHandler$DefaultNioRegistration.handle(NioIoHandler.java:388)\n\tat io.netty.channel.nio.NioIoHandler.processSelectedKey(NioIoHandler.java:596)\n\tat io.netty.channel.nio.NioIoHandler.processSelectedKeysOptimized(NioIoHandler.java:571)\n\tat io.netty.channel.nio.NioIoHandler.processSelectedKeys(NioIoHandler.java:512)\n\tat io.netty.channel.nio.NioIoHandler.run(NioIoHandler.java:484)\n\tat io.netty.channel.SingleThreadIoEventLoop.runIo(SingleThreadIoEventLoop.java:225)\n\tat io.netty.channel.SingleThreadIoEventLoop.run(SingleThreadIoEventLoop.java:196)\n\tat io.netty.util.concurrent.SingleThreadEventExecutor$5.run(SingleThreadEventExecutor.java:1195)\n\tat io.netty.util.internal.ThreadExecutorMap$2.run(ThreadExecutorMap.java:74)\n\tat io.netty.util.concurrent.FastThreadLocalRunnable.run(FastThreadLocalRunnable.java:30)\n\tat java.lang.Thread.run(Thread.java:1564)\n"}}
[2026-06-14T09:27:19.441Z] [ALL] 06-14 14:57:16.506  5776  5834 I appium  : channel read: POST /session/f5a9b506-d393-4b48-a69f-3151b1cdcacc/element
[2026-06-14T09:27:19.441Z] [ALL] 06-14 14:57:16.506  5776  5834 I appium  : FindElement command
[2026-06-14T09:27:19.444Z] [ALL] 06-14 14:57:16.507  5776  5834 I appium  : method: 'xpath', selector: '//*[@resource-id="otp_input_field" or @content-desc="otp_input_field"]'
[2026-06-14T09:27:19.444Z] [ALL] 06-14 14:57:16.508  5776  5834 I appium  : Waiting up to 10000ms for the device to idle
[2026-06-14T09:27:19.444Z] [ALL] 06-14 14:57:16.509  5776  5834 I appium  : The following attributes will be included to the page source: [resource-id, content-desc]
[2026-06-14T09:27:19.686Z] [ALL] 06-14 14:57:16.752  5776  5834 I appium  : Took 0ms to retrieve 0 matches for '//*[@resource-id="otp_input_field" or @content-desc="otp_input_field"]' XPath2 query
[2026-06-14T09:27:19.691Z] [ALL] 06-14 14:57:16.754  5776  5834 I appium  : AppiumResponse: {"sessionId":"f5a9b506-d393-4b48-a69f-3151b1cdcacc","value":{"error":"no such element","message":"An element could not be located on the page using the given search parameters","stacktrace":"io.appium.uiautomator2.common.exceptions.ElementNotFoundException: An element could not be located on the page using the given search parameters\n\tat io.appium.uiautomator2.utils.ElementLocationHelpers.findElement(ElementLocationHelpers.java:153)\n\tat io.appium.uiautomator2.handler.FindElement.safeHandle(FindElement.java:60)\n\tat io.appium.uiautomator2.handler.request.SafeRequestHandler.handle(SafeRequestHandler.java:59)\n\tat io.appium.uiautomator2.server.AppiumServlet.handleRequest(AppiumServlet.java:267)\n\tat io.appium.uiautomator2.server.AppiumServlet.handleHttpRequest(AppiumServlet.java:261)\n\tat io.appium.uiautomator2.http.ServerHandler.channelRead(ServerHandler.java:77)\n\tat io.netty.channel.AbstractChannelHandlerContext.fireChannelRead(AbstractChannelHandlerContext.java:357)\n\tat io.netty.handler.codec.MessageToMessageDecoder.channelRead(MessageToMessageDecoder.java:107)\n\tat io.netty.channel.AbstractChannelHandlerContext.fireChannelRead(AbstractChannelHandlerContext.java:357)\n\tat io.netty.channel.CombinedChannelDuplexHandler$DelegatingChannelHandlerContext.fireChannelRead(CombinedChannelDuplexHandler.java:434)\n\tat io.netty.handler.codec.ByteToMessageDecoder.fireChannelRead(ByteToMessageDecoder.java:361)\n\tat io.netty.handler.codec.ByteToMessageDecoder.channelRead(ByteToMessageDecoder.java:325)\n\tat io.netty.channel.CombinedChannelDuplexHandler.channelRead(CombinedChannelDuplexHandler.java:249)\n\tat io.netty.channel.AbstractChannelHandlerContext.fireChannelRead(AbstractChannelHandlerContext.java:355)\n\tat io.netty.handler.timeout.IdleStateHandler.channelRead(IdleStateHandler.java:288)\n\tat io.netty.channel.AbstractChannelHandlerContext.fireChannelRead(AbstractChannelHandlerContext.java:355)\n\tat io.netty.channel.DefaultChannelPipeline$HeadContext.channelRead(DefaultChannelPipeline.java:1429)\n\tat io.netty.channel.DefaultChannelPipeline.fireChannelRead(DefaultChannelPipeline.java:918)\n\tat io.netty.channel.nio.AbstractNioByteChannel$NioByteUnsafe.read(AbstractNioByteChannel.java:176)\n\tat io.netty.channel.nio.AbstractNioChannel$AbstractNioUnsafe.handle(AbstractNioChannel.java:445)\n\tat io.netty.channel.nio.NioIoHandler$DefaultNioRegistration.handle(NioIoHandler.java:388)\n\tat io.netty.channel.nio.NioIoHandler.processSelectedKey(NioIoHandler.java:596)\n\tat io.netty.channel.nio.NioIoHandler.processSelectedKeysOptimized(NioIoHandler.java:571)\n\tat io.netty.channel.nio.NioIoHandler.processSelectedKeys(NioIoHandler.java:512)\n\tat io.netty.channel.nio.NioIoHandler.run(NioIoHandler.java:484)\n\tat io.netty.channel.SingleThreadIoEventLoop.runIo(SingleThreadIoEventLoop.java:225)\n\tat io.netty.channel.SingleThreadIoEventLoop.run(SingleThreadIoEventLoop.java:196)\n\tat io.netty.util.concurrent.SingleThreadEventExecutor$5.run(SingleThreadEventExecutor.java:1195)\n\tat io.netty.util.internal.ThreadExecutorMap$2.run(ThreadExecutorMap.java:74)\n\tat io.netty.util.concurrent.FastThreadLocalRunnable.run(FastThreadLocalRunnable.java:30)\n\tat java.lang.Thread.run(Thread.java:1564)\n"}}
[2026-06-14T09:27:19.714Z] [ALL] 06-14 14:57:16.781  5776  5834 I appium  : channel read: POST /session/f5a9b506-d393-4b48-a69f-3151b1cdcacc/element
[2026-06-14T09:27:19.716Z] [ALL] 06-14 14:57:16.782  5776  5834 I appium  : FindElement command
[2026-06-14T09:27:19.716Z] [ALL] 06-14 14:57:16.783  5776  5834 I appium  : method: 'xpath', selector: '//*[@resource-id="otp_input_field" or @content-desc="otp_input_field"]'
[2026-06-14T09:27:19.716Z] [ALL] 06-14 14:57:16.783  5776  5834 I appium  : Waiting up to 10000ms for the device to idle
[2026-06-14T09:27:19.719Z] [ALL] 06-14 14:57:16.784  5776  5834 I appium  : The following attributes will be included to the page source: [resource-id, content-desc]
[2026-06-14T09:27:19.854Z] [ALL] 06-14 14:57:16.919  5776  5834 I appium  : Took 0ms to retrieve 0 matches for '//*[@resource-id="otp_input_field" or @content-desc="otp_input_field"]' XPath2 query
[2026-06-14T09:27:19.857Z] [ALL] 06-14 14:57:16.920  5776  5834 I appium  : AppiumResponse: {"sessionId":"f5a9b506-d393-4b48-a69f-3151b1cdcacc","value":{"error":"no such element","message":"An element could not be located on the page using the given search parameters","stacktrace":"io.appium.uiautomator2.common.exceptions.ElementNotFoundException: An element could not be located on the page using the given search parameters\n\tat io.appium.uiautomator2.utils.ElementLocationHelpers.findElement(ElementLocationHelpers.java:153)\n\tat io.appium.uiautomator2.handler.FindElement.safeHandle(FindElement.java:60)\n\tat io.appium.uiautomator2.handler.request.SafeRequestHandler.handle(SafeRequestHandler.java:59)\n\tat io.appium.uiautomator2.server.AppiumServlet.handleRequest(AppiumServlet.java:267)\n\tat io.appium.uiautomator2.server.AppiumServlet.handleHttpRequest(AppiumServlet.java:261)\n\tat io.appium.uiautomator2.http.ServerHandler.channelRead(ServerHandler.java:77)\n\tat io.netty.channel.AbstractChannelHandlerContext.fireChannelRead(AbstractChannelHandlerContext.java:357)\n\tat io.netty.handler.codec.MessageToMessageDecoder.channelRead(MessageToMessageDecoder.java:107)\n\tat io.netty.channel.AbstractChannelHandlerContext.fireChannelRead(AbstractChannelHandlerContext.java:357)\n\tat io.netty.channel.CombinedChannelDuplexHandler$DelegatingChannelHandlerContext.fireChannelRead(CombinedChannelDuplexHandler.java:434)\n\tat io.netty.handler.codec.ByteToMessageDecoder.fireChannelRead(ByteToMessageDecoder.java:361)\n\tat io.netty.handler.codec.ByteToMessageDecoder.channelRead(ByteToMessageDecoder.java:325)\n\tat io.netty.channel.CombinedChannelDuplexHandler.channelRead(CombinedChannelDuplexHandler.java:249)\n\tat io.netty.channel.AbstractChannelHandlerContext.fireChannelRead(AbstractChannelHandlerContext.java:355)\n\tat io.netty.handler.timeout.IdleStateHandler.channelRead(IdleStateHandler.java:288)\n\tat io.netty.channel.AbstractChannelHandlerContext.fireChannelRead(AbstractChannelHandlerContext.java:355)\n\tat io.netty.channel.DefaultChannelPipeline$HeadContext.channelRead(DefaultChannelPipeline.java:1429)\n\tat io.netty.channel.DefaultChannelPipeline.fireChannelRead(DefaultChannelPipeline.java:918)\n\tat io.netty.channel.nio.AbstractNioByteChannel$NioByteUnsafe.read(AbstractNioByteChannel.java:176)\n\tat io.netty.channel.nio.AbstractNioChannel$AbstractNioUnsafe.handle(AbstractNioChannel.java:445)\n\tat io.netty.channel.nio.NioIoHandler$DefaultNioRegistration.handle(NioIoHandler.java:388)\n\tat io.netty.channel.nio.NioIoHandler.processSelectedKey(NioIoHandler.java:596)\n\tat io.netty.channel.nio.NioIoHandler.processSelectedKeysOptimized(NioIoHandler.java:571)\n\tat io.netty.channel.nio.NioIoHandler.processSelectedKeys(NioIoHandler.java:512)\n\tat io.netty.channel.nio.NioIoHandler.run(NioIoHandler.java:484)\n\tat io.netty.channel.SingleThreadIoEventLoop.runIo(SingleThreadIoEventLoop.java:225)\n\tat io.netty.channel.SingleThreadIoEventLoop.run(SingleThreadIoEventLoop.java:196)\n\tat io.netty.util.concurrent.SingleThreadEventExecutor$5.run(SingleThreadEventExecutor.java:1195)\n\tat io.netty.util.internal.ThreadExecutorMap$2.run(ThreadExecutorMap.java:74)\n\tat io.netty.util.concurrent.FastThreadLocalRunnable.run(FastThreadLocalRunnable.java:30)\n\tat java.lang.Thread.run(Thread.java:1564)\n"}}
[2026-06-14T09:27:19.971Z] [ALL] 06-14 14:57:17.033   747   747 D io_stats: !@   8,0 r 79570313 1569788373 w 12655924 207314732 d 4206646 258477248 f 0 1104903 iot 28643820 0 th 0 0 0 pt 0 inp 0 0 180051.422
[2026-06-14T09:27:19.991Z] [ALL] 06-14 14:57:17.057  1486  1858 D SemWifiEleStateTracker: Pressure Diff: 0.0079956055
[2026-06-14T09:27:19.991Z] [ALL] 06-14 14:57:17.057  1486  1858 D SemWifiEleStateTracker: Barometer value: Prev 998.1048 Current 998.1128 mSmallBaroDetected : false
[2026-06-14T09:27:20.383Z] [ALL] 06-14 14:57:17.449  5776  5834 I appium  : channel read: POST /session/f5a9b506-d393-4b48-a69f-3151b1cdcacc/element
[2026-06-14T09:27:20.386Z] [ALL] 06-14 14:57:17.450  5776  5834 I appium  : FindElement command
[2026-06-14T09:27:20.386Z] [ALL] 06-14 14:57:17.451  5776  5834 I appium  : method: 'xpath', selector: '//*[@resource-id="otp_input_field" or @content-desc="otp_input_field"]'
[2026-06-14T09:27:20.386Z] [ALL] 06-14 14:57:17.451  5776  5834 I appium  : Waiting up to 10000ms for the device to idle
[2026-06-14T09:27:20.386Z] [ALL] 06-14 14:57:17.453  5776  5834 I appium  : The following attributes will be included to the page source: [resource-id, content-desc]
[2026-06-14T09:27:20.391Z] [ALL] 06-14 14:57:17.458  5776  5789 I tomator2.server: Method exceeds compiler instruction limit: 19260 in java_cup.runtime.Symbol org.eclipse.wst.xml.xpath2.processor.internal.CUP$XPathCup$actions.CUP$XPathCup$do_action(int, java_cup.runtime.lr_parser, java.util.Stack, int)
[2026-06-14T09:27:20.672Z] [ALL] 06-14 14:57:17.740  5776  5834 I appium  : Took 0ms to retrieve 0 matches for '//*[@resource-id="otp_input_field" or @content-desc="otp_input_field"]' XPath2 query
[2026-06-14T09:27:20.674Z] [ALL] 06-14 14:57:17.741  5776  5834 I appium  : AppiumResponse: {"sessionId":"f5a9b506-d393-4b48-a69f-3151b1cdcacc","value":{"error":"no such element","message":"An element could not be located on the page using the given search parameters","stacktrace":"io.appium.uiautomator2.common.exceptions.ElementNotFoundException: An element could not be located on the page using the given search parameters\n\tat io.appium.uiautomator2.utils.ElementLocationHelpers.findElement(ElementLocationHelpers.java:153)\n\tat io.appium.uiautomator2.handler.FindElement.safeHandle(FindElement.java:60)\n\tat io.appium.uiautomator2.handler.request.SafeRequestHandler.handle(SafeRequestHandler.java:59)\n\tat io.appium.uiautomator2.server.AppiumServlet.handleRequest(AppiumServlet.java:267)\n\tat io.appium.uiautomator2.server.AppiumServlet.handleHttpRequest(AppiumServlet.java:261)\n\tat io.appium.uiautomator2.http.ServerHandler.channelRead(ServerHandler.java:77)\n\tat io.netty.channel.AbstractChannelHandlerContext.fireChannelRead(AbstractChannelHandlerContext.java:357)\n\tat io.netty.handler.codec.MessageToMessageDecoder.channelRead(MessageToMessageDecoder.java:107)\n\tat io.netty.channel.AbstractChannelHandlerContext.fireChannelRead(AbstractChannelHandlerContext.java:357)\n\tat io.netty.channel.CombinedChannelDuplexHandler$DelegatingChannelHandlerContext.fireChannelRead(CombinedChannelDuplexHandler.java:434)\n\tat io.netty.handler.codec.ByteToMessageDecoder.fireChannelRead(ByteToMessageDecoder.java:361)\n\tat io.netty.handler.codec.ByteToMessageDecoder.channelRead(ByteToMessageDecoder.java:325)\n\tat io.netty.channel.CombinedChannelDuplexHandler.channelRead(CombinedChannelDuplexHandler.java:249)\n\tat io.netty.channel.AbstractChannelHandlerContext.fireChannelRead(AbstractChannelHandlerContext.java:355)\n\tat io.netty.handler.timeout.IdleStateHandler.channelRead(IdleStateHandler.java:288)\n\tat io.netty.channel.AbstractChannelHandlerContext.fireChannelRead(AbstractChannelHandlerContext.java:355)\n\tat io.netty.channel.DefaultChannelPipeline$HeadContext.channelRead(DefaultChannelPipeline.java:1429)\n\tat io.netty.channel.DefaultChannelPipeline.fireChannelRead(DefaultChannelPipeline.java:918)\n\tat io.netty.channel.nio.AbstractNioByteChannel$NioByteUnsafe.read(AbstractNioByteChannel.java:176)\n\tat io.netty.channel.nio.AbstractNioChannel$AbstractNioUnsafe.handle(AbstractNioChannel.java:445)\n\tat io.netty.channel.nio.NioIoHandler$DefaultNioRegistration.handle(NioIoHandler.java:388)\n\tat io.netty.channel.nio.NioIoHandler.processSelectedKey(NioIoHandler.java:596)\n\tat io.netty.channel.nio.NioIoHandler.processSelectedKeysOptimized(NioIoHandler.java:571)\n\tat io.netty.channel.nio.NioIoHandler.processSelectedKeys(NioIoHandler.java:512)\n\tat io.netty.channel.nio.NioIoHandler.run(NioIoHandler.java:484)\n\tat io.netty.channel.SingleThreadIoEventLoop.runIo(SingleThreadIoEventLoop.java:225)\n\tat io.netty.channel.SingleThreadIoEventLoop.run(SingleThreadIoEventLoop.java:196)\n\tat io.netty.util.concurrent.SingleThreadEventExecutor$5.run(SingleThreadEventExecutor.java:1195)\n\tat io.netty.util.internal.ThreadExecutorMap$2.run(ThreadExecutorMap.java:74)\n\tat io.netty.util.concurrent.FastThreadLocalRunnable.run(FastThreadLocalRunnable.java:30)\n\tat java.lang.Thread.run(Thread.java:1564)\n"}}
[2026-06-14T09:27:20.760Z] [ALL] 06-14 14:57:17.826  1486  1828 I SemWifiServiceDetector: Service det. suspended: T / T / 19967
[2026-06-14T09:27:20.960Z] [ALL] 06-14 14:57:18.025  1486  1729 D WifiStaIfaceHidlImpl: getCachedScanData is not implemented by HIDL
[2026-06-14T09:27:20.970Z] [ALL] 06-14 14:57:18.035  1486  3494 D SemWifiUsabilityStatsMonitor: onWifiUsabilityStats - seqNum 22749, isSameBssidAndFreq true
[2026-06-14T09:27:20.973Z] [ALL] 06-14 14:57:18.036  2072  2072 I EPDG-0 [WifiProfiler]: handleWifiRssiIntent, rssi=-53
[2026-06-14T09:27:20.973Z] [ALL] 06-14 14:57:18.037  2072  2072 I EPDG-0 [WifiProfiler]: isProfiling, hash=189204772, started=true
[2026-06-14T09:27:20.973Z] [ALL] 06-14 14:57:18.037  2072  2072 I EPDG-0 [LogMetrics]: set, type=WIFI_RSSI_LAST, value=-53
[2026-06-14T09:27:20.973Z] [ALL] 06-14 14:57:18.038  2072  2072 I EPDG-0 [WifiProfiler]: isProfiling, hash=189204772, started=true
[2026-06-14T09:27:20.973Z] [ALL] 06-14 14:57:18.040  2072  2072 I EPDG-0 [WifiProfiler]: Rssi : -53 highrange : -75 lowrange : -85 mIsRssiInHystersis : false
[2026-06-14T09:27:20.973Z] [ALL] 06-14 14:57:18.040  2072  2072 I EPDG-0 [WifiProfiler]: Rssi : -53 highrange : -75 lowrange : -85 mIsRssiInHystersis : false
[2026-06-14T09:27:20.973Z] [ALL] 06-14 14:57:18.040  2072  2072 I EPDG-0 [Subscription]: isEpdgAvailable, IwlanPsState=2/2
[2026-06-14T09:27:20.973Z] [ALL] 06-14 14:57:18.040  2072  2072 I EPDG-0 [WifiProfiler]: getHandoverThresholdMet: value is: false
[2026-06-14T09:27:21.189Z] [ALL] 06-14 14:57:18.256  5776  5834 I appium  : channel read: POST /session/f5a9b506-d393-4b48-a69f-3151b1cdcacc/element
[2026-06-14T09:27:21.191Z] [ALL] 06-14 14:57:18.256  5776  5834 I appium  : FindElement command
[2026-06-14T09:27:21.191Z] [ALL] 06-14 14:57:18.257  5776  5834 I appium  : method: 'xpath', selector: '//*[@resource-id="otp_input_field" or @content-desc="otp_input_field"]'
[2026-06-14T09:27:21.191Z] [ALL] 06-14 14:57:18.257  5776  5834 I appium  : Waiting up to 10000ms for the device to idle
[2026-06-14T09:27:21.191Z] [ALL] 06-14 14:57:18.258  5776  5834 I appium  : The following attributes will be included to the page source: [resource-id, content-desc]
[2026-06-14T09:27:21.226Z] [ALL] 06-14 14:57:18.293  5776  5834 I appium  : Took 0ms to retrieve 0 matches for '//*[@resource-id="otp_input_field" or @content-desc="otp_input_field"]' XPath2 query
[2026-06-14T09:27:21.229Z] [ALL] 06-14 14:57:18.294  5776  5834 I appium  : AppiumResponse: {"sessionId":"f5a9b506-d393-4b48-a69f-3151b1cdcacc","value":{"error":"no such element","message":"An element could not be located on the page using the given search parameters","stacktrace":"io.appium.uiautomator2.common.exceptions.ElementNotFoundException: An element could not be located on the page using the given search parameters\n\tat io.appium.uiautomator2.utils.ElementLocationHelpers.findElement(ElementLocationHelpers.java:153)\n\tat io.appium.uiautomator2.handler.FindElement.safeHandle(FindElement.java:60)\n\tat io.appium.uiautomator2.handler.request.SafeRequestHandler.handle(SafeRequestHandler.java:59)\n\tat io.appium.uiautomator2.server.AppiumServlet.handleRequest(AppiumServlet.java:267)\n\tat io.appium.uiautomator2.server.AppiumServlet.handleHttpRequest(AppiumServlet.java:261)\n\tat io.appium.uiautomator2.http.ServerHandler.channelRead(ServerHandler.java:77)\n\tat io.netty.channel.AbstractChannelHandlerContext.fireChannelRead(AbstractChannelHandlerContext.java:357)\n\tat io.netty.handler.codec.MessageToMessageDecoder.channelRead(MessageToMessageDecoder.java:107)\n\tat io.netty.channel.AbstractChannelHandlerContext.fireChannelRead(AbstractChannelHandlerContext.java:357)\n\tat io.netty.channel.CombinedChannelDuplexHandler$DelegatingChannelHandlerContext.fireChannelRead(CombinedChannelDuplexHandler.java:434)\n\tat io.netty.handler.codec.ByteToMessageDecoder.fireChannelRead(ByteToMessageDecoder.java:361)\n\tat io.netty.handler.codec.ByteToMessageDecoder.channelRead(ByteToMessageDecoder.java:325)\n\tat io.netty.channel.CombinedChannelDuplexHandler.channelRead(CombinedChannelDuplexHandler.java:249)\n\tat io.netty.channel.AbstractChannelHandlerContext.fireChannelRead(AbstractChannelHandlerContext.java:355)\n\tat io.netty.handler.timeout.IdleStateHandler.channelRead(IdleStateHandler.java:288)\n\tat io.netty.channel.AbstractChannelHandlerContext.fireChannelRead(AbstractChannelHandlerContext.java:355)\n\tat io.netty.channel.DefaultChannelPipeline$HeadContext.channelRead(DefaultChannelPipeline.java:1429)\n\tat io.netty.channel.DefaultChannelPipeline.fireChannelRead(DefaultChannelPipeline.java:918)\n\tat io.netty.channel.nio.AbstractNioByteChannel$NioByteUnsafe.read(AbstractNioByteChannel.java:176)\n\tat io.netty.channel.nio.AbstractNioChannel$AbstractNioUnsafe.handle(AbstractNioChannel.java:445)\n\tat io.netty.channel.nio.NioIoHandler$DefaultNioRegistration.handle(NioIoHandler.java:388)\n\tat io.netty.channel.nio.NioIoHandler.processSelectedKey(NioIoHandler.java:596)\n\tat io.netty.channel.nio.NioIoHandler.processSelectedKeysOptimized(NioIoHandler.java:571)\n\tat io.netty.channel.nio.NioIoHandler.processSelectedKeys(NioIoHandler.java:512)\n\tat io.netty.channel.nio.NioIoHandler.run(NioIoHandler.java:484)\n\tat io.netty.channel.SingleThreadIoEventLoop.runIo(SingleThreadIoEventLoop.java:225)\n\tat io.netty.channel.SingleThreadIoEventLoop.run(SingleThreadIoEventLoop.java:196)\n\tat io.netty.util.concurrent.SingleThreadEventExecutor$5.run(SingleThreadEventExecutor.java:1195)\n\tat io.netty.util.internal.ThreadExecutorMap$2.run(ThreadExecutorMap.java:74)\n\tat io.netty.util.concurrent.FastThreadLocalRunnable.run(FastThreadLocalRunnable.java:30)\n\tat java.lang.Thread.run(Thread.java:1564)\n"}}
[2026-06-14T09:27:21.249Z] [ALL] 06-14 14:57:18.316  1486  3015 D PowerManagerService: [api] setMasterBrightnessLimit : lowerLimit : -1  upperLimit : 503  mMasterBrightnessLimitPeriod : 200 (uid: 1000 pid: 4132)
[2026-06-14T09:27:21.253Z] [ALL] 06-14 14:57:18.316  1486  1556 D PowerManagerService: [api] BrightnessLimitRunnable done
[2026-06-14T09:27:21.547Z] [ALL] 06-14 14:57:18.612  1486  1500 I system_server: Background concurrent mark compact GC freed 44MB AllocSpace bytes, 181(4120KB) LOS objects, 23% free, 154MB/202MB, paused 1.588ms,11.099ms total 431.336ms
[2026-06-14T09:27:21.748Z] [ALL] 06-14 14:57:18.814  5776  5834 I appium  : channel read: POST /session/f5a9b506-d393-4b48-a69f-3151b1cdcacc/element
[2026-06-14T09:27:21.748Z] [ALL] 06-14 14:57:18.814  5776  5834 I appium  : FindElement command
[2026-06-14T09:27:21.754Z] [ALL] 06-14 14:57:18.816  5776  5834 I appium  : method: 'xpath', selector: '//*[@resource-id="otp_input_field" or @content-desc="otp_input_field"]'
[2026-06-14T09:27:21.754Z] [ALL] 06-14 14:57:18.816  5776  5834 I appium  : Waiting up to 10000ms for the device to idle
[2026-06-14T09:27:21.756Z] [ALL] 06-14 14:57:18.819  5776  5834 I appium  : The following attributes will be included to the page source: [resource-id, content-desc]
[2026-06-14T09:27:21.970Z] [ALL] 06-14 14:57:19.036   747   747 D io_stats: !@   8,0 r 79570326 1569788621 w 12655924 207314732 d 4206646 258477248 f 0 1104903 iot 28643836 0 th 0 0 0 pt 0 inp 0 0 180053.425
[2026-06-14T09:27:21.970Z] [ALL] 06-14 14:57:19.037   747   747 D io_stats: !@ Read_top(KB): rild(1271) 232 m.android.phone(1928) 16
[2026-06-14T09:27:21.970Z] [ALL] 06-14 14:57:19.037   747   747 D io_stats: !@ Write_top(KB): kworker/u16:2(15734) 1248
[2026-06-14T09:27:21.987Z] [ALL] 06-14 14:57:19.053  1486  1858 I SemWifiEleStateTracker: Ele Parameters BD : 7 13 13 13 13 13 MD : -118 -118 -118 -118 -118 -118 WD : -58 -51 -51 -52 -51 -53 GC : false false false false false false SC : false false false false false false SH : false false false false false false TB : false false false false false false
[2026-06-14T09:27:21.991Z] [ALL] 06-14 14:57:19.056  1486  1858 D SemWifiEleStateTracker: Pressure Diff: -0.009399414
[2026-06-14T09:27:21.994Z] [ALL] 06-14 14:57:19.060  1486  1858 D SemWifiEleStateTracker: Barometer value: Prev 998.1128 Current 998.1034 mSmallBaroDetected : false
[2026-06-14T09:27:22.031Z] [ALL] 06-14 14:57:19.098  5776  5834 I appium  : Took 0ms to retrieve 0 matches for '//*[@resource-id="otp_input_field" or @content-desc="otp_input_field"]' XPath2 query
[2026-06-14T09:27:22.038Z] [ALL] 06-14 14:57:19.099  5776  5834 I appium  : AppiumResponse: {"sessionId":"f5a9b506-d393-4b48-a69f-3151b1cdcacc","value":{"error":"no such element","message":"An element could not be located on the page using the given search parameters","stacktrace":"io.appium.uiautomator2.common.exceptions.ElementNotFoundException: An element could not be located on the page using the given search parameters\n\tat io.appium.uiautomator2.utils.ElementLocationHelpers.findElement(ElementLocationHelpers.java:153)\n\tat io.appium.uiautomator2.handler.FindElement.safeHandle(FindElement.java:60)\n\tat io.appium.uiautomator2.handler.request.SafeRequestHandler.handle(SafeRequestHandler.java:59)\n\tat io.appium.uiautomator2.server.AppiumServlet.handleRequest(AppiumServlet.java:267)\n\tat io.appium.uiautomator2.server.AppiumServlet.handleHttpRequest(AppiumServlet.java:261)\n\tat io.appium.uiautomator2.http.ServerHandler.channelRead(ServerHandler.java:77)\n\tat io.netty.channel.AbstractChannelHandlerContext.fireChannelRead(AbstractChannelHandlerContext.java:357)\n\tat io.netty.handler.codec.MessageToMessageDecoder.channelRead(MessageToMessageDecoder.java:107)\n\tat io.netty.channel.AbstractChannelHandlerContext.fireChannelRead(AbstractChannelHandlerContext.java:357)\n\tat io.netty.channel.CombinedChannelDuplexHandler$DelegatingChannelHandlerContext.fireChannelRead(CombinedChannelDuplexHandler.java:434)\n\tat io.netty.handler.codec.ByteToMessageDecoder.fireChannelRead(ByteToMessageDecoder.java:361)\n\tat io.netty.handler.codec.ByteToMessageDecoder.channelRead(ByteToMessageDecoder.java:325)\n\tat io.netty.channel.CombinedChannelDuplexHandler.channelRead(CombinedChannelDuplexHandler.java:249)\n\tat io.netty.channel.AbstractChannelHandlerContext.fireChannelRead(AbstractChannelHandlerContext.java:355)\n\tat io.netty.handler.timeout.IdleStateHandler.channelRead(IdleStateHandler.java:288)\n\tat io.netty.channel.AbstractChannelHandlerContext.fireChannelRead(AbstractChannelHandlerContext.java:355)\n\tat io.netty.channel.DefaultChannelPipeline$HeadContext.channelRead(DefaultChannelPipeline.java:1429)\n\tat io.netty.channel.DefaultChannelPipeline.fireChannelRead(DefaultChannelPipeline.java:918)\n\tat io.netty.channel.nio.AbstractNioByteChannel$NioByteUnsafe.read(AbstractNioByteChannel.java:176)\n\tat io.netty.channel.nio.AbstractNioChannel$AbstractNioUnsafe.handle(AbstractNioChannel.java:445)\n\tat io.netty.channel.nio.NioIoHandler$DefaultNioRegistration.handle(NioIoHandler.java:388)\n\tat io.netty.channel.nio.NioIoHandler.processSelectedKey(NioIoHandler.java:596)\n\tat io.netty.channel.nio.NioIoHandler.processSelectedKeysOptimized(NioIoHandler.java:571)\n\tat io.netty.channel.nio.NioIoHandler.processSelectedKeys(NioIoHandler.java:512)\n\tat io.netty.channel.nio.NioIoHandler.run(NioIoHandler.java:484)\n\tat io.netty.channel.SingleThreadIoEventLoop.runIo(SingleThreadIoEventLoop.java:225)\n\tat io.netty.channel.SingleThreadIoEventLoop.run(SingleThreadIoEventLoop.java:196)\n\tat io.netty.util.concurrent.SingleThreadEventExecutor$5.run(SingleThreadEventExecutor.java:1195)\n\tat io.netty.util.internal.ThreadExecutorMap$2.run(ThreadExecutorMap.java:74)\n\tat io.netty.util.concurrent.FastThreadLocalRunnable.run(FastThreadLocalRunnable.java:30)\n\tat java.lang.Thread.run(Thread.java:1564)\n"}}
[2026-06-14T09:27:22.150Z] [ALL] 06-14 14:57:19.215  1486  1860 D WifiConnectivityMonitor.NetworkStatsAnalyzer: Backhaul result - RSSI:-53, CE:17, PE:18, TI:27, PTI:27, TW:6, PTW:8, Tx:116, Rx:123, TxS:80, RxS:79, RESULT:true, IC:0, ICT:5, WC:0, WCT:5, R:0, RC:0, IE:0, EC:0
[2026-06-14T09:27:22.562Z] [ALL] 06-14 14:57:19.628  5776  5834 I appium  : channel read: POST /session/f5a9b506-d393-4b48-a69f-3151b1cdcacc/element
[2026-06-14T09:27:22.562Z] [ALL] 06-14 14:57:19.629  5776  5834 I appium  : FindElement command
[2026-06-14T09:27:22.563Z] [ALL] 06-14 14:57:19.630  5776  5834 I appium  : method: 'xpath', selector: '//*[@resource-id="otp_input_field" or @content-desc="otp_input_field"]'
[2026-06-14T09:27:22.563Z] [ALL] 06-14 14:57:19.630  5776  5834 I appium  : Waiting up to 10000ms for the device to idle
[2026-06-14T09:27:22.566Z] [ALL] 06-14 14:57:19.633  5776  5834 I appium  : The following attributes will be included to the page source: [resource-id, content-desc]
[2026-06-14T09:27:22.724Z] [ALL] 06-14 14:57:19.792  5776  5834 I appium  : Took 0ms to retrieve 0 matches for '//*[@resource-id="otp_input_field" or @content-desc="otp_input_field"]' XPath2 query
[2026-06-14T09:27:22.727Z] [ALL] 06-14 14:57:19.793  5776  5834 I appium  : AppiumResponse: {"sessionId":"f5a9b506-d393-4b48-a69f-3151b1cdcacc","value":{"error":"no such element","message":"An element could not be located on the page using the given search parameters","stacktrace":"io.appium.uiautomator2.common.exceptions.ElementNotFoundException: An element could not be located on the page using the given search parameters\n\tat io.appium.uiautomator2.utils.ElementLocationHelpers.findElement(ElementLocationHelpers.java:153)\n\tat io.appium.uiautomator2.handler.FindElement.safeHandle(FindElement.java:60)\n\tat io.appium.uiautomator2.handler.request.SafeRequestHandler.handle(SafeRequestHandler.java:59)\n\tat io.appium.uiautomator2.server.AppiumServlet.handleRequest(AppiumServlet.java:267)\n\tat io.appium.uiautomator2.server.AppiumServlet.handleHttpRequest(AppiumServlet.java:261)\n\tat io.appium.uiautomator2.http.ServerHandler.channelRead(ServerHandler.java:77)\n\tat io.netty.channel.AbstractChannelHandlerContext.fireChannelRead(AbstractChannelHandlerContext.java:357)\n\tat io.netty.handler.codec.MessageToMessageDecoder.channelRead(MessageToMessageDecoder.java:107)\n\tat io.netty.channel.AbstractChannelHandlerContext.fireChannelRead(AbstractChannelHandlerContext.java:357)\n\tat io.netty.channel.CombinedChannelDuplexHandler$DelegatingChannelHandlerContext.fireChannelRead(CombinedChannelDuplexHandler.java:434)\n\tat io.netty.handler.codec.ByteToMessageDecoder.fireChannelRead(ByteToMessageDecoder.java:361)\n\tat io.netty.handler.codec.ByteToMessageDecoder.channelRead(ByteToMessageDecoder.java:325)\n\tat io.netty.channel.CombinedChannelDuplexHandler.channelRead(CombinedChannelDuplexHandler.java:249)\n\tat io.netty.channel.AbstractChannelHandlerContext.fireChannelRead(AbstractChannelHandlerContext.java:355)\n\tat io.netty.handler.timeout.IdleStateHandler.channelRead(IdleStateHandler.java:288)\n\tat io.netty.channel.AbstractChannelHandlerContext.fireChannelRead(AbstractChannelHandlerContext.java:355)\n\tat io.netty.channel.DefaultChannelPipeline$HeadContext.channelRead(DefaultChannelPipeline.java:1429)\n\tat io.netty.channel.DefaultChannelPipeline.fireChannelRead(DefaultChannelPipeline.java:918)\n\tat io.netty.channel.nio.AbstractNioByteChannel$NioByteUnsafe.read(AbstractNioByteChannel.java:176)\n\tat io.netty.channel.nio.AbstractNioChannel$AbstractNioUnsafe.handle(AbstractNioChannel.java:445)\n\tat io.netty.channel.nio.NioIoHandler$DefaultNioRegistration.handle(NioIoHandler.java:388)\n\tat io.netty.channel.nio.NioIoHandler.processSelectedKey(NioIoHandler.java:596)\n\tat io.netty.channel.nio.NioIoHandler.processSelectedKeysOptimized(NioIoHandler.java:571)\n\tat io.netty.channel.nio.NioIoHandler.processSelectedKeys(NioIoHandler.java:512)\n\tat io.netty.channel.nio.NioIoHandler.run(NioIoHandler.java:484)\n\tat io.netty.channel.SingleThreadIoEventLoop.runIo(SingleThreadIoEventLoop.java:225)\n\tat io.netty.channel.SingleThreadIoEventLoop.run(SingleThreadIoEventLoop.java:196)\n\tat io.netty.util.concurrent.SingleThreadEventExecutor$5.run(SingleThreadEventExecutor.java:1195)\n\tat io.netty.util.internal.ThreadExecutorMap$2.run(ThreadExecutorMap.java:74)\n\tat io.netty.util.concurrent.FastThreadLocalRunnable.run(FastThreadLocalRunnable.java:30)\n\tat java.lang.Thread.run(Thread.java:1564)\n"}}
[2026-06-14T09:27:22.940Z] [ALL] 06-14 14:57:20.004  1486  1556 D PowerManagerService: abuse wakelock package : io.appium.uiautomator2.server
[2026-06-14T09:27:22.942Z] [ALL] 06-14 14:57:20.007  1486  1556 D EdgeLightingManager: hideForWakeLock is no more used
[2026-06-14T09:27:22.942Z] [ALL] 06-14 14:57:20.008  1486  1556 D PowerManagerService: UserActivityState : 2 -> 4 groupId=0
[2026-06-14T09:27:22.944Z] [ALL] 06-14 14:57:20.010  1486  1556 I PowerManagerService: [PWL] On : 175560638 (4493761 ms ago)
[2026-06-14T09:27:22.944Z] [ALL] 06-14 14:57:20.010  1486  1556 I PowerManagerService: [PWL]  mStayOn: true  mWakeLockSummary & WAKE_LOCK_STAY_AWAKE: 0  mUserActivitySummary: 0x4
[2026-06-14T09:27:22.957Z] [ALL] 06-14 14:57:20.024  1486  1486 I MdnieScenarioControlService: action  :  com.samsung.server.PowerManagerService.action.USER_ACTIVITY
[2026-06-14T09:27:23.077Z] [ALL] 06-14 14:57:20.144 23046 29613 W FlurryAgent: Analytics report sent with error https://data.flurry.com/v1/flr.do
[2026-06-14T09:27:23.103Z] [ALL] 06-14 14:57:20.169  1486  1881 D NetdEventListenerService: DNS Requested by 204, 10400(com.ezt.pdfreader.pdfviewer), SUCCESS, 18ms
[2026-06-14T09:27:23.258Z] [ALL] 06-14 14:57:20.317  5776  5834 I appium  : channel read: POST /session/f5a9b506-d393-4b48-a69f-3151b1cdcacc/element
[2026-06-14T09:27:23.300Z] [ALL] 06-14 14:57:20.318  5776  5834 I appium  : FindElement command
[2026-06-14T09:27:23.300Z] [ALL] 06-14 14:57:20.319  5776  5834 I appium  : method: 'xpath', selector: '//*[@resource-id="otp_input_field" or @content-desc="otp_input_field"]'
[2026-06-14T09:27:23.300Z] [ALL] 06-14 14:57:20.319  5776  5834 I appium  : Waiting up to 10000ms for the device to idle
[2026-06-14T09:27:23.300Z] [ALL] 06-14 14:57:20.320  5776  5834 I appium  : The following attributes will be included to the page source: [resource-id, content-desc]
[2026-06-14T09:27:23.528Z] [ALL] 06-14 14:57:20.594  5776  5834 I appium  : Took 0ms to retrieve 0 matches for '//*[@resource-id="otp_input_field" or @content-desc="otp_input_field"]' XPath2 query
[2026-06-14T09:27:23.533Z] [ALL] 06-14 14:57:20.596  5776  5834 I appium  : AppiumResponse: {"sessionId":"f5a9b506-d393-4b48-a69f-3151b1cdcacc","value":{"error":"no such element","message":"An element could not be located on the page using the given search parameters","stacktrace":"io.appium.uiautomator2.common.exceptions.ElementNotFoundException: An element could not be located on the page using the given search parameters\n\tat io.appium.uiautomator2.utils.ElementLocationHelpers.findElement(ElementLocationHelpers.java:153)\n\tat io.appium.uiautomator2.handler.FindElement.safeHandle(FindElement.java:60)\n\tat io.appium.uiautomator2.handler.request.SafeRequestHandler.handle(SafeRequestHandler.java:59)\n\tat io.appium.uiautomator2.server.AppiumServlet.handleRequest(AppiumServlet.java:267)\n\tat io.appium.uiautomator2.server.AppiumServlet.handleHttpRequest(AppiumServlet.java:261)\n\tat io.appium.uiautomator2.http.ServerHandler.channelRead(ServerHandler.java:77)\n\tat io.netty.channel.AbstractChannelHandlerContext.fireChannelRead(AbstractChannelHandlerContext.java:357)\n\tat io.netty.handler.codec.MessageToMessageDecoder.channelRead(MessageToMessageDecoder.java:107)\n\tat io.netty.channel.AbstractChannelHandlerContext.fireChannelRead(AbstractChannelHandlerContext.java:357)\n\tat io.netty.channel.CombinedChannelDuplexHandler$DelegatingChannelHandlerContext.fireChannelRead(CombinedChannelDuplexHandler.java:434)\n\tat io.netty.handler.codec.ByteToMessageDecoder.fireChannelRead(ByteToMessageDecoder.java:361)\n\tat io.netty.handler.codec.ByteToMessageDecoder.channelRead(ByteToMessageDecoder.java:325)\n\tat io.netty.channel.CombinedChannelDuplexHandler.channelRead(CombinedChannelDuplexHandler.java:249)\n\tat io.netty.channel.AbstractChannelHandlerContext.fireChannelRead(AbstractChannelHandlerContext.java:355)\n\tat io.netty.handler.timeout.IdleStateHandler.channelRead(IdleStateHandler.java:288)\n\tat io.netty.channel.AbstractChannelHandlerContext.fireChannelRead(AbstractChannelHandlerContext.java:355)\n\tat io.netty.channel.DefaultChannelPipeline$HeadContext.channelRead(DefaultChannelPipeline.java:1429)\n\tat io.netty.channel.DefaultChannelPipeline.fireChannelRead(DefaultChannelPipeline.java:918)\n\tat io.netty.channel.nio.AbstractNioByteChannel$NioByteUnsafe.read(AbstractNioByteChannel.java:176)\n\tat io.netty.channel.nio.AbstractNioChannel$AbstractNioUnsafe.handle(AbstractNioChannel.java:445)\n\tat io.netty.channel.nio.NioIoHandler$DefaultNioRegistration.handle(NioIoHandler.java:388)\n\tat io.netty.channel.nio.NioIoHandler.processSelectedKey(NioIoHandler.java:596)\n\tat io.netty.channel.nio.NioIoHandler.processSelectedKeysOptimized(NioIoHandler.java:571)\n\tat io.netty.channel.nio.NioIoHandler.processSelectedKeys(NioIoHandler.java:512)\n\tat io.netty.channel.nio.NioIoHandler.run(NioIoHandler.java:484)\n\tat io.netty.channel.SingleThreadIoEventLoop.runIo(SingleThreadIoEventLoop.java:225)\n\tat io.netty.channel.SingleThreadIoEventLoop.run(SingleThreadIoEventLoop.java:196)\n\tat io.netty.util.concurrent.SingleThreadEventExecutor$5.run(SingleThreadEventExecutor.java:1195)\n\tat io.netty.util.internal.ThreadExecutorMap$2.run(ThreadExecutorMap.java:74)\n\tat io.netty.util.concurrent.FastThreadLocalRunnable.run(FastThreadLocalRunnable.java:30)\n\tat java.lang.Thread.run(Thread.java:1564)\n"}}
[2026-06-14T09:27:23.770Z] [ALL] 06-14 14:57:20.836  1486  1828 I SemWifiServiceDetector: Service det. resumed: T / T / 19967
[2026-06-14T09:27:23.810Z] [ALL] 06-14 14:57:20.877  1928  2036 D SatelliteController: isInCarrierRoamingNbIotNtn: satellite is disabled
[2026-06-14T09:27:23.819Z] [ALL] 06-14 14:57:20.878  1928  2036 D SatelliteController: getCarrierRoamingNtnConnectType: Falling back to global carrier config connect type: 0
[2026-06-14T09:27:23.821Z] [ALL] 06-14 14:57:20.878  1928  2036 D SatelliteController: updateLastNotifiedCarrierRoamingNtnSignalStrengthAndNotify(3)
[2026-06-14T09:27:23.821Z] [ALL] 06-14 14:57:20.878  1928  2036 D SatelliteController: updateLastNotifiedCarrierRoamingNtnSignalStrengthAndNotify(3) lastNotifiedSignalStrength level: 0
[2026-06-14T09:27:23.821Z] [ALL] 06-14 14:57:20.878  1928  2036 D SatelliteController: updateLastNotifiedCarrierRoamingNtnSignalStrengthAndNotify(3) currSignalStrength level: 0
[2026-06-14T09:27:23.821Z] [ALL] 06-14 14:57:20.881  2112  2393 D MobileSignalTransitionManager: updateSignalTransition
[2026-06-14T09:27:23.821Z] [ALL] 06-14 14:57:20.882  2112  2396 D MobileSignalTransitionManager: updateSignalTransition
[2026-06-14T09:27:23.821Z] [ALL] 06-14 14:57:20.883  1928  2036 D SatelliteController: isInCarrierRoamingNbIotNtn: satellite is disabled
[2026-06-14T09:27:23.821Z] [ALL] 06-14 14:57:20.883  1928  2036 D SatelliteController: getCarrierRoamingNtnConnectType: Falling back to global carrier config connect type: 0
[2026-06-14T09:27:23.821Z] [ALL] 06-14 14:57:20.884  1928  2036 D SatelliteController: updateLastNotifiedCarrierRoamingNtnSignalStrengthAndNotify(3)
[2026-06-14T09:27:23.821Z] [ALL] 06-14 14:57:20.884  1928  2036 D SatelliteController: updateLastNotifiedCarrierRoamingNtnSignalStrengthAndNotify(3) lastNotifiedSignalStrength level: 0
[2026-06-14T09:27:23.821Z] [ALL] 06-14 14:57:20.884  1928  2036 D SatelliteController: updateLastNotifiedCarrierRoamingNtnSignalStrengthAndNotify(3) currSignalStrength level: 0
[2026-06-14T09:27:23.821Z] [ALL] 06-14 14:57:20.885  2619  2727 I HoneySpace.StatusIconTracker: invokeEvent() called with: event = Mobile(bundle=Bundle[mParcelledData.dataSize=256])
[2026-06-14T09:27:23.821Z] [ALL] 06-14 14:57:20.888  1149  1280 I SurfaceFlinger: Current= 60, Period= 60, hwcPeriod= 60
[2026-06-14T09:27:23.843Z] [ALL] 06-14 14:57:20.910  1149  1317 D SurfaceFlinger: setDesiredMode 4633128672291736000 {mode={fps=120.00 Hz, modePtr={id=0, vsyncRate=120.00 Hz, peakRefreshRate=120.00 Hz}}, emitEvent=false, force=false}
[2026-06-14T09:27:23.852Z] [ALL] 06-14 14:57:20.917  1149  1149 I SurfaceFlinger: StatusBar$_2112#94 voted NoVote (0.00 Hz)
[2026-06-14T09:27:23.852Z] [ALL] 06-14 14:57:20.917  1149  1149 I SurfaceFlinger: No layers with votes - choose 120.00 Hz
[2026-06-14T09:27:23.852Z] [ALL] 06-14 14:57:20.918  1149  1149 D SurfaceFlinger: initiateModeChange 4633128672291736000 {mode={fps=120.00 Hz, modePtr={id=0, vsyncRate=120.00 Hz, peakRefreshRate=120.00 Hz}}, emitEvent=false, force=false}
[2026-06-14T09:27:23.856Z] [ALL] 06-14 14:57:20.918  1149  1149 I SurfaceFlinger: [4633128672291736000] ActiveConfigToHWC, ID : 3
[2026-06-14T09:27:23.856Z] [ALL] 06-14 14:57:20.920  1062 15192 D display : setActiveConfigWithConstraints:: PrimaryDisplay config(3)
[2026-06-14T09:27:23.856Z] [ALL] 06-14 14:57:20.921  1062 15192 I display : Current VRR MODE is 3
[2026-06-14T09:27:23.856Z] [ALL] 06-14 14:57:20.921  1062 15192 I display : setActiveConfigWithConstraints:: HFR match - config: 3, base: 3, try: 1
[2026-06-14T09:27:23.856Z] [ALL] 06-14 14:57:20.921  1062 15192 I display : setActiveConfigWithConstraints::update 1080x2340@120hs
[2026-06-14T09:27:23.856Z] [ALL] 06-14 14:57:20.921  1062 15192 I display : commit modeset : 1080x2340@120hs
[2026-06-14T09:27:23.875Z] [ALL] 06-14 14:57:20.940  1062 15192 W display : deliverWinConfigData:: commit modeset time (19 ms)
[2026-06-14T09:27:23.880Z] [ALL] 06-14 14:57:20.943  1062  1159 I display : [compareVsyncPeriod] set the lowest(mode:0) vsync 83 of display(0)
[2026-06-14T09:27:23.880Z] [ALL] 06-14 14:57:20.943  1062  1159 I display : getFpsForPerformance, performance table found using table(key:120, cpu:255)
[2026-06-14T09:27:23.880Z] [ALL] 06-14 14:57:20.943  1062  1159 I display : Set m2mMPP capacity(4) for fps(120)
[2026-06-14T09:27:23.880Z] [ALL] 06-14 14:57:20.943  1062  1159 I display : getFpsForPerformance, performance table found using table(key:120, cpu:255)
[2026-06-14T09:27:23.880Z] [ALL] 06-14 14:57:20.943  1062  1159 I display : Set Affinity config for fps(120) : cpuIDs : 255
[2026-06-14T09:27:23.880Z] [ALL] 06-14 14:57:20.943  1062  1159 I display : Set Affinity CPU ID : 0
[2026-06-14T09:27:23.880Z] [ALL] 06-14 14:57:20.943  1062  1159 I display : Set Affinity CPU ID : 1
[2026-06-14T09:27:23.880Z] [ALL] 06-14 14:57:20.943  1062  1159 I display : Set Affinity CPU ID : 2
[2026-06-14T09:27:23.880Z] [ALL] 06-14 14:57:20.943  1062  1159 I display : Set Affinity CPU ID : 3
[2026-06-14T09:27:23.880Z] [ALL] 06-14 14:57:20.943  1062  1159 I display : Set Affinity CPU ID : 4
[2026-06-14T09:27:23.880Z] [ALL] 06-14 14:57:20.943  1062  1159 I display : Set Affinity CPU ID : 5
[2026-06-14T09:27:23.880Z] [ALL] 06-14 14:57:20.944  1062  1159 I display : Set Affinity CPU ID : 6
[2026-06-14T09:27:23.880Z] [ALL] 06-14 14:57:20.944  1062  1159 I display : Set Affinity CPU ID : 7
[2026-06-14T09:27:23.880Z] [ALL] 06-14 14:57:20.944  1062  1159 I display : Set affinity HWC : 1062
[2026-06-14T09:27:23.885Z] [ALL] 06-14 14:57:20.944  1062  1159 I display : CPU set : Cluster(0), min_clock(0)
[2026-06-14T09:27:23.885Z] [ALL] 06-14 14:57:20.945  1062  1159 I display : CPU set : Cluster(1), min_clock(0)
[2026-06-14T09:27:23.885Z] [ALL] 06-14 14:57:20.945  1062  1159 I display : CPU set : Cluster(2), min_clock(0)
[2026-06-14T09:27:23.885Z] [ALL] 06-14 14:57:20.945  1149  1149 I SurfaceFlinger: finalizeDisplayModeChange 4633128672291736000
[2026-06-14T09:27:23.885Z] [ALL] 06-14 14:57:20.946  1149  1280 I SurfaceFlinger: Current= 60, Period= 120, hwcPeriod= 120
[2026-06-14T09:27:23.912Z] [ALL] 06-14 14:57:20.978  2228  3094 I TUIThread: epol_call: EPOLL_SKIP
[2026-06-14T09:27:23.972Z] [ALL] 06-14 14:57:21.038   747   747 D io_stats: !@   8,0 r 79570332 1569788645 w 12655924 207314732 d 4206646 258477248 f 0 1104903 iot 28643856 0 th 0 0 0 pt 0 inp 0 0 180055.427
[2026-06-14T09:27:23.984Z] [ALL] 06-14 14:57:21.049  1486  1729 D WifiStaIfaceHidlImpl: getCachedScanData is not implemented by HIDL
[2026-06-14T09:27:23.990Z] [ALL] 06-14 14:57:21.056  1486  3494 D SemWifiUsabilityStatsMonitor: onWifiUsabilityStats - seqNum 22750, isSameBssidAndFreq true
[2026-06-14T09:27:24.001Z] [ALL] 06-14 14:57:21.065  2072  2072 I EPDG-0 [WifiProfiler]: handleWifiRssiIntent, rssi=-51
[2026-06-14T09:27:24.005Z] [ALL] 06-14 14:57:21.066  2072  2072 I EPDG-0 [WifiProfiler]: isProfiling, hash=189204772, started=true
[2026-06-14T09:27:24.005Z] [ALL] 06-14 14:57:21.066  1486  1858 I SemWifiEleStateTracker: Ele Parameters BD : 13 13 13 13 13 13 MD : -118 -118 -118 -118 -118 -118 WD : -51 -51 -52 -51 -53 -53 GC : false false false false false false SC : false false false false false false SH : false false false false false false TB : false false false false false false
[2026-06-14T09:27:24.005Z] [ALL] 06-14 14:57:21.066  1486  1858 I SemWifiEleStateTracker: Monitoring finished by expiration count
[2026-06-14T09:27:24.005Z] [ALL] 06-14 14:57:21.066  1486  1858 I SemWifiEleStateTracker: mMonitorEnabled false
[2026-06-14T09:27:24.005Z] [ALL] 06-14 14:57:21.066  1486  1830 I SemWifiLinkQualityMonitor: Link stat: 1269 / 367 / 1.13 (70) / 104 / -51.0 || 100.0 : 104.00 / 0.5 : 0.89 / 0.55 : 0.29 / B (G) || 75790cca2437: 0.178 / 44.889 / N / V || N N / 0 0 / N 2.0 / N -1 0.000 0.000 / N / X 0 / 180055446 0 0 || 2026-06-14 14:57:20  / 0: 0 0 0 0 0 0 / 0: 0 0 0 0 0 0 / 0: 0 0 0 0 0 0
[2026-06-14T09:27:24.005Z] [ALL] 06-14 14:57:21.067  1067  1067 I SensorsHub: activate: handle 6 enable 0
[2026-06-14T09:27:24.005Z] [ALL] 06-14 14:57:21.069  2072  2072 I EPDG-0 [LogMetrics]: set, type=WIFI_RSSI_LAST, value=-51
[2026-06-14T09:27:24.005Z] [ALL] 06-14 14:57:21.069  1067  1067 I SensorsHub: type : 6, enable : 0
[2026-06-14T09:27:24.005Z] [ALL] 06-14 14:57:21.069  2072  2072 I EPDG-0 [WifiProfiler]: isProfiling, hash=189204772, started=true
[2026-06-14T09:27:24.005Z] [ALL] 06-14 14:57:21.070  1486  1858 D SensorManager: unregisterListener :: com.samsung.android.server.wifi.wcm.SemWifiEleStateTracker$BarometerReader@7d1a4bf
[2026-06-14T09:27:24.005Z] [ALL] 06-14 14:57:21.070  1486  1858 D SemWifiEleStateTracker: Stop Reading Baro
[2026-06-14T09:27:24.005Z] [ALL] 06-14 14:57:21.071  1486  1858 I WifiConnectivityMonitor: determineMode : MODE_AGG_BY_SWITCH_TO_MOBILE_DATA_OPTION
[2026-06-14T09:27:24.005Z] [ALL] 06-14 14:57:21.071  2072  2072 I EPDG-0 [WifiProfiler]: Rssi : -51 highrange : -75 lowrange : -85 mIsRssiInHystersis : false
[2026-06-14T09:27:24.007Z] [ALL] 06-14 14:57:21.072  2072  2072 I EPDG-0 [WifiProfiler]: Rssi : -51 highrange : -75 lowrange : -85 mIsRssiInHystersis : false
[2026-06-14T09:27:24.007Z] [ALL] 06-14 14:57:21.072  2072  2072 I EPDG-0 [Subscription]: isEpdgAvailable, IwlanPsState=2/2
[2026-06-14T09:27:24.007Z] [ALL] 06-14 14:57:21.072  2072  2072 I EPDG-0 [WifiProfiler]: getHandoverThresholdMet: value is: false
[2026-06-14T09:27:24.063Z] [ALL] 06-14 14:57:21.129  5776  5834 I appium  : channel read: POST /session/f5a9b506-d393-4b48-a69f-3151b1cdcacc/element
[2026-06-14T09:27:24.063Z] [ALL] 06-14 14:57:21.130  5776  5834 I appium  : FindElement command
[2026-06-14T09:27:24.064Z] [ALL] 06-14 14:57:21.131  5776  5834 I appium  : method: 'xpath', selector: '//*[@resource-id="otp_input_field" or @content-desc="otp_input_field"]'
[2026-06-14T09:27:24.064Z] [ALL] 06-14 14:57:21.131  5776  5834 I appium  : Waiting up to 10000ms for the device to idle
[2026-06-14T09:27:24.097Z] [ALL] 06-14 14:57:21.161  1149  1317 D SurfaceFlinger: setDesiredMode 4633128672291736000 {mode={fps=60.00 Hz, modePtr={id=1, vsyncRate=60.00 Hz, peakRefreshRate=60.00 Hz}}, emitEvent=false, force=false}
[2026-06-14T09:27:24.103Z] [ALL] 06-14 14:57:21.166  1149  1149 I SurfaceFlinger: StatusBar$_2112#94 voted NoVote (0.00 Hz)
[2026-06-14T09:27:24.103Z] [ALL] 06-14 14:57:21.166  1149  1149 I SurfaceFlinger: IdleFps - choose 60.00 Hz
[2026-06-14T09:27:24.103Z] [ALL] 06-14 14:57:21.168  1149  1149 D SurfaceFlinger: initiateModeChange 4633128672291736000 {mode={fps=60.00 Hz, modePtr={id=1, vsyncRate=60.00 Hz, peakRefreshRate=60.00 Hz}}, emitEvent=false, force=false}
[2026-06-14T09:27:24.111Z] [ALL] 06-14 14:57:21.168  1149  1149 I SurfaceFlinger: [4633128672291736000] ActiveConfigToHWC, ID : 4
[2026-06-14T09:27:24.111Z] [ALL] 06-14 14:57:21.171  1149  1280 I SurfaceFlinger: Current= 120, Period= 60, hwcPeriod= 120
[2026-06-14T09:27:24.111Z] [ALL] 06-14 14:57:21.174  1062 15192 D display : setActiveConfigWithConstraints:: PrimaryDisplay config(4)
[2026-06-14T09:27:24.111Z] [ALL] 06-14 14:57:21.174  1062 15192 I display : Current VRR MODE is 3
[2026-06-14T09:27:24.111Z] [ALL] 06-14 14:57:21.174  1062 15192 I display : setActiveConfigWithConstraints:: HFR match - config: 5, base: 4, try: 0
[2026-06-14T09:27:24.111Z] [ALL] 06-14 14:57:21.174  1062 15192 I display : setActiveConfigWithConstraints::update 1080x2340@60phs
[2026-06-14T09:27:24.111Z] [ALL] 06-14 14:57:21.175  1062 15192 I display : commit modeset : 1080x2340@60phs
[2026-06-14T09:27:24.133Z] [ALL] 06-14 14:57:21.191  1062 15192 W display : deliverWinConfigData:: commit modeset time (15 ms)
[2026-06-14T09:27:24.145Z] [ALL] 06-14 14:57:21.196  1149  1149 D SurfaceFlinger: GPIS:: requestGpisForSFSluggish
[2026-06-14T09:27:24.145Z] [ALL] 06-14 14:57:21.196  1149  1149 I SurfaceFlinger: finalizeDisplayModeChange 4633128672291736000
[2026-06-14T09:27:24.145Z] [ALL] 06-14 14:57:21.208  1062  1159 I display : [compareVsyncPeriod] set the lowest(mode:0) vsync 166 of display(0)
[2026-06-14T09:27:24.145Z] [ALL] 06-14 14:57:21.208  1062  1159 I display : getFpsForPerformance, performance table found using table(key:60, cpu:255)
[2026-06-14T09:27:24.145Z] [ALL] 06-14 14:57:21.208  1062  1159 I display : Set m2mMPP capacity(8) for fps(60)
[2026-06-14T09:27:24.145Z] [ALL] 06-14 14:57:21.208  1062  1159 I display : getFpsForPerformance, performance table found using table(key:60, cpu:255)
[2026-06-14T09:27:24.145Z] [ALL] 06-14 14:57:21.208  1062  1159 I display : Set Affinity config for fps(60) : cpuIDs : 255
[2026-06-14T09:27:24.145Z] [ALL] 06-14 14:57:21.208  1062  1159 I display : Set Affinity CPU ID : 0
[2026-06-14T09:27:24.145Z] [ALL] 06-14 14:57:21.208  1062  1159 I display : Set Affinity CPU ID : 1
[2026-06-14T09:27:24.145Z] [ALL] 06-14 14:57:21.208  1062  1159 I display : Set Affinity CPU ID : 2
[2026-06-14T09:27:24.145Z] [ALL] 06-14 14:57:21.208  1062  1159 I display : Set Affinity CPU ID : 3
[2026-06-14T09:27:24.145Z] [ALL] 06-14 14:57:21.208  1062  1159 I display : Set Affinity CPU ID : 4
[2026-06-14T09:27:24.146Z] [ALL] 06-14 14:57:21.208  1062  1159 I display : Set Affinity CPU ID : 5
[2026-06-14T09:27:24.146Z] [ALL] 06-14 14:57:21.208  1062  1159 I display : Set Affinity CPU ID : 6
[2026-06-14T09:27:24.146Z] [ALL] 06-14 14:57:21.208  1062  1159 I display : Set Affinity CPU ID : 7
[2026-06-14T09:27:24.146Z] [ALL] 06-14 14:57:21.208  1062  1159 I display : Set affinity HWC : 1062
[2026-06-14T09:27:24.146Z] [ALL] 06-14 14:57:21.208  1062  1159 I display : CPU set : Cluster(0), min_clock(0)
[2026-06-14T09:27:24.146Z] [ALL] 06-14 14:57:21.208  1062  1159 I display : CPU set : Cluster(1), min_clock(0)
[2026-06-14T09:27:24.146Z] [ALL] 06-14 14:57:21.208  1062  1159 I display : CPU set : Cluster(2), min_clock(0)
[2026-06-14T09:27:24.146Z] [ALL] 06-14 14:57:21.209  1149  1280 I SurfaceFlinger: Current= 120, Period= 60, hwcPeriod= 60
[2026-06-14T09:27:24.277Z] [ALL] 06-14 14:57:21.343  1486  3107 I NSLocationMonitor: getGPSUsingApps() called
[2026-06-14T09:27:24.279Z] [ALL] 06-14 14:57:21.345  3066  3089 I NSLocationManager_FLP: getGPSUsingApps, No change
[2026-06-14T09:27:24.285Z] [ALL] 06-14 14:57:21.352  1486  3107 W Binder  : Outgoing transactions from this process must be FLAG_ONEWAY
[2026-06-14T09:27:24.285Z] [ALL] 06-14 14:57:21.352  1486  3107 W Binder  : java.lang.Throwable
[2026-06-14T09:27:24.285Z] [ALL] 06-14 14:57:21.352  1486  3107 W Binder  : 	at android.os.BinderProxy.transact(BinderProxy.java:575)
[2026-06-14T09:27:24.285Z] [ALL] 06-14 14:57:21.352  1486  3107 W Binder  : 	at android.bluetooth.IBluetoothGatt$Stub$Proxy.getAdvertisingSetUids(IBluetoothGatt.java:992)
[2026-06-14T09:27:24.285Z] [ALL] 06-14 14:57:21.352  1486  3107 W Binder  : 	at android.bluetooth.BluetoothAdapter.getAdvertisingSetUids(BluetoothAdapter.java:1995)
[2026-06-14T09:27:24.285Z] [ALL] 06-14 14:57:21.352  1486  3107 W Binder  : 	at android.bluetooth.BluetoothAdapter.getHWUsingApps(BluetoothAdapter.java:2266)
[2026-06-14T09:27:24.285Z] [ALL] 06-14 14:57:21.352  1486  3107 W Binder  : 	at com.android.server.am.mars.filter.filter.BlueToothConnectedFilter.updateBTUsingPackages(qb/109687721 9f5f0f7065b3ad23ed9d502775af0c1cea666b12fbbf7805224931a8c35b7b9d:22)
[2026-06-14T09:27:24.285Z] [ALL] 06-14 14:57:21.352  1486  3107 W Binder  : 	at com.android.server.am.FreecessController.freeze(qb/109687721 9f5f0f7065b3ad23ed9d502775af0c1cea666b12fbbf7805224931a8c35b7b9d:126)
[2026-06-14T09:27:24.285Z] [ALL] 06-14 14:57:21.352  1486  3107 W Binder  : 	at com.android.server.am.FreecessHandler$MainHandler.handleLcdOnFreeze(qb/109687721 9f5f0f7065b3ad23ed9d502775af0c1cea666b12fbbf7805224931a8c35b7b9d:55)
[2026-06-14T09:27:24.285Z] [ALL] 06-14 14:57:21.352  1486  3107 W Binder  : 	at com.android.server.am.FreecessHandler$MainHandler.handleMessage(qb/109687721 9f5f0f7065b3ad23ed9d502775af0c1cea666b12fbbf7805224931a8c35b7b9d:1686)
[2026-06-14T09:27:24.285Z] [ALL] 06-14 14:57:21.352  1486  3107 W Binder  : 	at android.os.Handler.dispatchMessage(Handler.java:132)
[2026-06-14T09:27:24.285Z] [ALL] 06-14 14:57:21.352  1486  3107 W Binder  : 	at android.os.Looper.dispatchMessage(Looper.java:358)
[2026-06-14T09:27:24.285Z] [ALL] 06-14 14:57:21.352  1486  3107 W Binder  : 	at android.os.Looper.loopOnce(Looper.java:288)
[2026-06-14T09:27:24.285Z] [ALL] 06-14 14:57:21.352  1486  3107 W Binder  : 	at android.os.Looper.loop(Looper.java:392)
[2026-06-14T09:27:24.285Z] [ALL] 06-14 14:57:21.352  1486  3107 W Binder  : 	at android.os.HandlerThread.run(HandlerThread.java:139)
[2026-06-14T09:27:24.303Z] [ALL] 06-14 14:57:21.367  1486  3107 D FreecessHandler: skipping freeze com.truecaller(10274) result : 2
[2026-06-14T09:27:24.332Z] [ALL] 06-14 14:57:21.398  5776  5834 I appium  : The following attributes will be included to the page source: [resource-id, content-desc]
[2026-06-14T09:27:24.381Z] [ALL] 06-14 14:57:21.447  3653  3653 I wpa_supplicant: Heartbeat 5775
[2026-06-14T09:27:24.529Z] [ALL] 06-14 14:57:21.595  5776  5834 I appium  : Took 0ms to retrieve 0 matches for '//*[@resource-id="otp_input_field" or @content-desc="otp_input_field"]' XPath2 query
[2026-06-14T09:27:24.534Z] [ALL] 06-14 14:57:21.596  5776  5834 I appium  : AppiumResponse: {"sessionId":"f5a9b506-d393-4b48-a69f-3151b1cdcacc","value":{"error":"no such element","message":"An element could not be located on the page using the given search parameters","stacktrace":"io.appium.uiautomator2.common.exceptions.ElementNotFoundException: An element could not be located on the page using the given search parameters\n\tat io.appium.uiautomator2.utils.ElementLocationHelpers.findElement(ElementLocationHelpers.java:153)\n\tat io.appium.uiautomator2.handler.FindElement.safeHandle(FindElement.java:60)\n\tat io.appium.uiautomator2.handler.request.SafeRequestHandler.handle(SafeRequestHandler.java:59)\n\tat io.appium.uiautomator2.server.AppiumServlet.handleRequest(AppiumServlet.java:267)\n\tat io.appium.uiautomator2.server.AppiumServlet.handleHttpRequest(AppiumServlet.java:261)\n\tat io.appium.uiautomator2.http.ServerHandler.channelRead(ServerHandler.java:77)\n\tat io.netty.channel.AbstractChannelHandlerContext.fireChannelRead(AbstractChannelHandlerContext.java:357)\n\tat io.netty.handler.codec.MessageToMessageDecoder.channelRead(MessageToMessageDecoder.java:107)\n\tat io.netty.channel.AbstractChannelHandlerContext.fireChannelRead(AbstractChannelHandlerContext.java:357)\n\tat io.netty.channel.CombinedChannelDuplexHandler$DelegatingChannelHandlerContext.fireChannelRead(CombinedChannelDuplexHandler.java:434)\n\tat io.netty.handler.codec.ByteToMessageDecoder.fireChannelRead(ByteToMessageDecoder.java:361)\n\tat io.netty.handler.codec.ByteToMessageDecoder.channelRead(ByteToMessageDecoder.java:325)\n\tat io.netty.channel.CombinedChannelDuplexHandler.channelRead(CombinedChannelDuplexHandler.java:249)\n\tat io.netty.channel.AbstractChannelHandlerContext.fireChannelRead(AbstractChannelHandlerContext.java:355)\n\tat io.netty.handler.timeout.IdleStateHandler.channelRead(IdleStateHandler.java:288)\n\tat io.netty.channel.AbstractChannelHandlerContext.fireChannelRead(AbstractChannelHandlerContext.java:355)\n\tat io.netty.channel.DefaultChannelPipeline$HeadContext.channelRead(DefaultChannelPipeline.java:1429)\n\tat io.netty.channel.DefaultChannelPipeline.fireChannelRead(DefaultChannelPipeline.java:918)\n\tat io.netty.channel.nio.AbstractNioByteChannel$NioByteUnsafe.read(AbstractNioByteChannel.java:176)\n\tat io.netty.channel.nio.AbstractNioChannel$AbstractNioUnsafe.handle(AbstractNioChannel.java:445)\n\tat io.netty.channel.nio.NioIoHandler$DefaultNioRegistration.handle(NioIoHandler.java:388)\n\tat io.netty.channel.nio.NioIoHandler.processSelectedKey(NioIoHandler.java:596)\n\tat io.netty.channel.nio.NioIoHandler.processSelectedKeysOptimized(NioIoHandler.java:571)\n\tat io.netty.channel.nio.NioIoHandler.processSelectedKeys(NioIoHandler.java:512)\n\tat io.netty.channel.nio.NioIoHandler.run(NioIoHandler.java:484)\n\tat io.netty.channel.SingleThreadIoEventLoop.runIo(SingleThreadIoEventLoop.java:225)\n\tat io.netty.channel.SingleThreadIoEventLoop.run(SingleThreadIoEventLoop.java:196)\n\tat io.netty.util.concurrent.SingleThreadEventExecutor$5.run(SingleThreadEventExecutor.java:1195)\n\tat io.netty.util.internal.ThreadExecutorMap$2.run(ThreadExecutorMap.java:74)\n\tat io.netty.util.concurrent.FastThreadLocalRunnable.run(FastThreadLocalRunnable.java:30)\n\tat java.lang.Thread.run(Thread.java:1564)\n"}}
[2026-06-14T09:27:24.728Z] [ALL] 06-14 14:57:21.793  5776  5834 I appium  : channel read: POST /session/f5a9b506-d393-4b48-a69f-3151b1cdcacc/element
[2026-06-14T09:27:24.728Z] [ALL] 06-14 14:57:21.793  5776  5834 I appium  : FindElement command
[2026-06-14T09:27:24.755Z] [ALL] 06-14 14:57:21.794  5776  5834 I appium  : method: 'xpath', selector: '//*[@resource-id="otp_input_field" or @content-desc="otp_input_field"]'
[2026-06-14T09:27:24.755Z] [ALL] 06-14 14:57:21.795  5776  5834 I appium  : Waiting up to 10000ms for the device to idle
[2026-06-14T09:27:24.755Z] [ALL] 06-14 14:57:21.796  5776  5834 I appium  : The following attributes will be included to the page source: [resource-id, content-desc]
[2026-06-14T09:27:24.863Z] [ALL] 06-14 14:57:21.929  4132  4132 I SDHMS:LOAD: type: LoadsFreqs, value: 14:0:0:576000:576000:576000:801399:2515000:576000:6:303:0
[2026-06-14T09:27:24.989Z] [ALL] 06-14 14:57:22.055  5776  5834 I appium  : Took 0ms to retrieve 0 matches for '//*[@resource-id="otp_input_field" or @content-desc="otp_input_field"]' XPath2 query
[2026-06-14T09:27:24.994Z] [ALL] 06-14 14:57:22.057  5776  5834 I appium  : AppiumResponse: {"sessionId":"f5a9b506-d393-4b48-a69f-3151b1cdcacc","value":{"error":"no such element","message":"An element could not be located on the page using the given search parameters","stacktrace":"io.appium.uiautomator2.common.exceptions.ElementNotFoundException: An element could not be located on the page using the given search parameters\n\tat io.appium.uiautomator2.utils.ElementLocationHelpers.findElement(ElementLocationHelpers.java:153)\n\tat io.appium.uiautomator2.handler.FindElement.safeHandle(FindElement.java:60)\n\tat io.appium.uiautomator2.handler.request.SafeRequestHandler.handle(SafeRequestHandler.java:59)\n\tat io.appium.uiautomator2.server.AppiumServlet.handleRequest(AppiumServlet.java:267)\n\tat io.appium.uiautomator2.server.AppiumServlet.handleHttpRequest(AppiumServlet.java:261)\n\tat io.appium.uiautomator2.http.ServerHandler.channelRead(ServerHandler.java:77)\n\tat io.netty.channel.AbstractChannelHandlerContext.fireChannelRead(AbstractChannelHandlerContext.java:357)\n\tat io.netty.handler.codec.MessageToMessageDecoder.channelRead(MessageToMessageDecoder.java:107)\n\tat io.netty.channel.AbstractChannelHandlerContext.fireChannelRead(AbstractChannelHandlerContext.java:357)\n\tat io.netty.channel.CombinedChannelDuplexHandler$DelegatingChannelHandlerContext.fireChannelRead(CombinedChannelDuplexHandler.java:434)\n\tat io.netty.handler.codec.ByteToMessageDecoder.fireChannelRead(ByteToMessageDecoder.java:361)\n\tat io.netty.handler.codec.ByteToMessageDecoder.channelRead(ByteToMessageDecoder.java:325)\n\tat io.netty.channel.CombinedChannelDuplexHandler.channelRead(CombinedChannelDuplexHandler.java:249)\n\tat io.netty.channel.AbstractChannelHandlerContext.fireChannelRead(AbstractChannelHandlerContext.java:355)\n\tat io.netty.handler.timeout.IdleStateHandler.channelRead(IdleStateHandler.java:288)\n\tat io.netty.channel.AbstractChannelHandlerContext.fireChannelRead(AbstractChannelHandlerContext.java:355)\n\tat io.netty.channel.DefaultChannelPipeline$HeadContext.channelRead(DefaultChannelPipeline.java:1429)\n\tat io.netty.channel.DefaultChannelPipeline.fireChannelRead(DefaultChannelPipeline.java:918)\n\tat io.netty.channel.nio.AbstractNioByteChannel$NioByteUnsafe.read(AbstractNioByteChannel.java:176)\n\tat io.netty.channel.nio.AbstractNioChannel$AbstractNioUnsafe.handle(AbstractNioChannel.java:445)\n\tat io.netty.channel.nio.NioIoHandler$DefaultNioRegistration.handle(NioIoHandler.java:388)\n\tat io.netty.channel.nio.NioIoHandler.processSelectedKey(NioIoHandler.java:596)\n\tat io.netty.channel.nio.NioIoHandler.processSelectedKeysOptimized(NioIoHandler.java:571)\n\tat io.netty.channel.nio.NioIoHandler.processSelectedKeys(NioIoHandler.java:512)\n\tat io.netty.channel.nio.NioIoHandler.run(NioIoHandler.java:484)\n\tat io.netty.channel.SingleThreadIoEventLoop.runIo(SingleThreadIoEventLoop.java:225)\n\tat io.netty.channel.SingleThreadIoEventLoop.run(SingleThreadIoEventLoop.java:196)\n\tat io.netty.util.concurrent.SingleThreadEventExecutor$5.run(SingleThreadEventExecutor.java:1195)\n\tat io.netty.util.internal.ThreadExecutorMap$2.run(ThreadExecutorMap.java:74)\n\tat io.netty.util.concurrent.FastThreadLocalRunnable.run(FastThreadLocalRunnable.java:30)\n\tat java.lang.Thread.run(Thread.java:1564)\n"}}
[2026-06-14T09:27:25.019Z] [ALL] 06-14 14:57:22.082  5776  5834 I appium  : channel read: POST /session/f5a9b506-d393-4b48-a69f-3151b1cdcacc/element
[2026-06-14T09:27:25.019Z] [ALL] 06-14 14:57:22.083  5776  5834 I appium  : FindElement command
[2026-06-14T09:27:25.021Z] [ALL] 06-14 14:57:22.085  5776  5834 I appium  : method: 'xpath', selector: '//*[@resource-id="otp_input_field" or @content-desc="otp_input_field"]'
[2026-06-14T09:27:25.021Z] [ALL] 06-14 14:57:22.085  5776  5834 I appium  : Waiting up to 10000ms for the device to idle
[2026-06-14T09:27:25.021Z] [ALL] 06-14 14:57:22.086  5776  5834 I appium  : The following attributes will be included to the page source: [resource-id, content-desc]
[2026-06-14T09:27:25.024Z] [ALL] 06-14 14:57:22.092  5776  5789 I tomator2.server: Method exceeds compiler instruction limit: 19260 in java_cup.runtime.Symbol org.eclipse.wst.xml.xpath2.processor.internal.CUP$XPathCup$actions.CUP$XPathCup$do_action(int, java_cup.runtime.lr_parser, java.util.Stack, int)
[2026-06-14T09:27:25.165Z] [ALL] 06-14 14:57:22.231  5776  5834 I appium  : Took 0ms to retrieve 0 matches for '//*[@resource-id="otp_input_field" or @content-desc="otp_input_field"]' XPath2 query
[2026-06-14T09:27:25.173Z] [ALL] 06-14 14:57:22.233  5776  5834 I appium  : AppiumResponse: {"sessionId":"f5a9b506-d393-4b48-a69f-3151b1cdcacc","value":{"error":"no such element","message":"An element could not be located on the page using the given search parameters","stacktrace":"io.appium.uiautomator2.common.exceptions.ElementNotFoundException: An element could not be located on the page using the given search parameters\n\tat io.appium.uiautomator2.utils.ElementLocationHelpers.findElement(ElementLocationHelpers.java:153)\n\tat io.appium.uiautomator2.handler.FindElement.safeHandle(FindElement.java:60)\n\tat io.appium.uiautomator2.handler.request.SafeRequestHandler.handle(SafeRequestHandler.java:59)\n\tat io.appium.uiautomator2.server.AppiumServlet.handleRequest(AppiumServlet.java:267)\n\tat io.appium.uiautomator2.server.AppiumServlet.handleHttpRequest(AppiumServlet.java:261)\n\tat io.appium.uiautomator2.http.ServerHandler.channelRead(ServerHandler.java:77)\n\tat io.netty.channel.AbstractChannelHandlerContext.fireChannelRead(AbstractChannelHandlerContext.java:357)\n\tat io.netty.handler.codec.MessageToMessageDecoder.channelRead(MessageToMessageDecoder.java:107)\n\tat io.netty.channel.AbstractChannelHandlerContext.fireChannelRead(AbstractChannelHandlerContext.java:357)\n\tat io.netty.channel.CombinedChannelDuplexHandler$DelegatingChannelHandlerContext.fireChannelRead(CombinedChannelDuplexHandler.java:434)\n\tat io.netty.handler.codec.ByteToMessageDecoder.fireChannelRead(ByteToMessageDecoder.java:361)\n\tat io.netty.handler.codec.ByteToMessageDecoder.channelRead(ByteToMessageDecoder.java:325)\n\tat io.netty.channel.CombinedChannelDuplexHandler.channelRead(CombinedChannelDuplexHandler.java:249)\n\tat io.netty.channel.AbstractChannelHandlerContext.fireChannelRead(AbstractChannelHandlerContext.java:355)\n\tat io.netty.handler.timeout.IdleStateHandler.channelRead(IdleStateHandler.java:288)\n\tat io.netty.channel.AbstractChannelHandlerContext.fireChannelRead(AbstractChannelHandlerContext.java:355)\n\tat io.netty.channel.DefaultChannelPipeline$HeadContext.channelRead(DefaultChannelPipeline.java:1429)\n\tat io.netty.channel.DefaultChannelPipeline.fireChannelRead(DefaultChannelPipeline.java:918)\n\tat io.netty.channel.nio.AbstractNioByteChannel$NioByteUnsafe.read(AbstractNioByteChannel.java:176)\n\tat io.netty.channel.nio.AbstractNioChannel$AbstractNioUnsafe.handle(AbstractNioChannel.java:445)\n\tat io.netty.channel.nio.NioIoHandler$DefaultNioRegistration.handle(NioIoHandler.java:388)\n\tat io.netty.channel.nio.NioIoHandler.processSelectedKey(NioIoHandler.java:596)\n\tat io.netty.channel.nio.NioIoHandler.processSelectedKeysOptimized(NioIoHandler.java:571)\n\tat io.netty.channel.nio.NioIoHandler.processSelectedKeys(NioIoHandler.java:512)\n\tat io.netty.channel.nio.NioIoHandler.run(NioIoHandler.java:484)\n\tat io.netty.channel.SingleThreadIoEventLoop.runIo(SingleThreadIoEventLoop.java:225)\n\tat io.netty.channel.SingleThreadIoEventLoop.run(SingleThreadIoEventLoop.java:196)\n\tat io.netty.util.concurrent.SingleThreadEventExecutor$5.run(SingleThreadEventExecutor.java:1195)\n\tat io.netty.util.internal.ThreadExecutorMap$2.run(ThreadExecutorMap.java:74)\n\tat io.netty.util.concurrent.FastThreadLocalRunnable.run(FastThreadLocalRunnable.java:30)\n\tat java.lang.Thread.run(Thread.java:1564)\n"}}
[2026-06-14T09:27:25.570Z] [ALL] 06-14 14:57:22.635  4132  5524 I SDHMS:x : SIOP:: AP:405 BAT:388 USB:369 CHG:404 PA:411 CP:406 WIFI:403 BLK:0 SUBBAT:0 LRPTHM:392 SKIN:377 SKINF:369 SKINB:377 LRP:377 LRP2:377 LRF2:369 LRB2:377 AP2:376 CHG2:365 MEM2:374 WIFI2:377 SPK2:354 VAP02:418 VWIFI:412 AVGCUR:2 AVGSYS:351 POWER:8
[2026-06-14T09:27:25.579Z] [ALL] 06-14 14:57:22.644  4132  4387 I n2      : limitCPUFreq:: freq = 2611000
[2026-06-14T09:27:25.582Z] [ALL] 06-14 14:57:22.646  4132  4387 I SemDvfsHyPerManager: acquire hyper - SIOP_ARM_MAX/4132@3, type = 301993986
[2026-06-14T09:27:25.585Z] [ALL] 06-14 14:57:22.648  1075  1175 I HYPER-HAL: [RequestManager.cpp]acquire(): Acquired ID : 8551183  [4132 / 3]    HINT :      list : [CPUMaxFreq / 2611000] 
[2026-06-14T09:27:25.719Z] [ALL] 06-14 14:57:22.765  5776  5834 I appium  : channel read: POST /session/f5a9b506-d393-4b48-a69f-3151b1cdcacc/element
[2026-06-14T09:27:25.721Z] [ALL] 06-14 14:57:22.766  5776  5834 I appium  : FindElement command
[2026-06-14T09:27:25.721Z] [ALL] 06-14 14:57:22.767  5776  5834 I appium  : method: 'xpath', selector: '//*[@resource-id="otp_input_field" or @content-desc="otp_input_field"]'
[2026-06-14T09:27:25.721Z] [ALL] 06-14 14:57:22.768  5776  5834 I appium  : Waiting up to 10000ms for the device to idle
[2026-06-14T09:27:25.721Z] [ALL] 06-14 14:57:22.769  5776  5834 I appium  : The following attributes will be included to the page source: [resource-id, content-desc]
[2026-06-14T09:27:25.721Z] [ALL] 06-14 14:57:22.786  1149  1280 I SurfaceFlinger: Current= 60, Period= 60, hwcPeriod= 60
[2026-06-14T09:27:25.921Z] [ALL] 06-14 14:57:22.988  5776  5834 I appium  : Took 0ms to retrieve 0 matches for '//*[@resource-id="otp_input_field" or @content-desc="otp_input_field"]' XPath2 query
[2026-06-14T09:27:25.925Z] [ALL] 06-14 14:57:22.989  5776  5834 I appium  : AppiumResponse: {"sessionId":"f5a9b506-d393-4b48-a69f-3151b1cdcacc","value":{"error":"no such element","message":"An element could not be located on the page using the given search parameters","stacktrace":"io.appium.uiautomator2.common.exceptions.ElementNotFoundException: An element could not be located on the page using the given search parameters\n\tat io.appium.uiautomator2.utils.ElementLocationHelpers.findElement(ElementLocationHelpers.java:153)\n\tat io.appium.uiautomator2.handler.FindElement.safeHandle(FindElement.java:60)\n\tat io.appium.uiautomator2.handler.request.SafeRequestHandler.handle(SafeRequestHandler.java:59)\n\tat io.appium.uiautomator2.server.AppiumServlet.handleRequest(AppiumServlet.java:267)\n\tat io.appium.uiautomator2.server.AppiumServlet.handleHttpRequest(AppiumServlet.java:261)\n\tat io.appium.uiautomator2.http.ServerHandler.channelRead(ServerHandler.java:77)\n\tat io.netty.channel.AbstractChannelHandlerContext.fireChannelRead(AbstractChannelHandlerContext.java:357)\n\tat io.netty.handler.codec.MessageToMessageDecoder.channelRead(MessageToMessageDecoder.java:107)\n\tat io.netty.channel.AbstractChannelHandlerContext.fireChannelRead(AbstractChannelHandlerContext.java:357)\n\tat io.netty.channel.CombinedChannelDuplexHandler$DelegatingChannelHandlerContext.fireChannelRead(CombinedChannelDuplexHandler.java:434)\n\tat io.netty.handler.codec.ByteToMessageDecoder.fireChannelRead(ByteToMessageDecoder.java:361)\n\tat io.netty.handler.codec.ByteToMessageDecoder.channelRead(ByteToMessageDecoder.java:325)\n\tat io.netty.channel.CombinedChannelDuplexHandler.channelRead(CombinedChannelDuplexHandler.java:249)\n\tat io.netty.channel.AbstractChannelHandlerContext.fireChannelRead(AbstractChannelHandlerContext.java:355)\n\tat io.netty.handler.timeout.IdleStateHandler.channelRead(IdleStateHandler.java:288)\n\tat io.netty.channel.AbstractChannelHandlerContext.fireChannelRead(AbstractChannelHandlerContext.java:355)\n\tat io.netty.channel.DefaultChannelPipeline$HeadContext.channelRead(DefaultChannelPipeline.java:1429)\n\tat io.netty.channel.DefaultChannelPipeline.fireChannelRead(DefaultChannelPipeline.java:918)\n\tat io.netty.channel.nio.AbstractNioByteChannel$NioByteUnsafe.read(AbstractNioByteChannel.java:176)\n\tat io.netty.channel.nio.AbstractNioChannel$AbstractNioUnsafe.handle(AbstractNioChannel.java:445)\n\tat io.netty.channel.nio.NioIoHandler$DefaultNioRegistration.handle(NioIoHandler.java:388)\n\tat io.netty.channel.nio.NioIoHandler.processSelectedKey(NioIoHandler.java:596)\n\tat io.netty.channel.nio.NioIoHandler.processSelectedKeysOptimized(NioIoHandler.java:571)\n\tat io.netty.channel.nio.NioIoHandler.processSelectedKeys(NioIoHandler.java:512)\n\tat io.netty.channel.nio.NioIoHandler.run(NioIoHandler.java:484)\n\tat io.netty.channel.SingleThreadIoEventLoop.runIo(SingleThreadIoEventLoop.java:225)\n\tat io.netty.channel.SingleThreadIoEventLoop.run(SingleThreadIoEventLoop.java:196)\n\tat io.netty.util.concurrent.SingleThreadEventExecutor$5.run(SingleThreadEventExecutor.java:1195)\n\tat io.netty.util.internal.ThreadExecutorMap$2.run(ThreadExecutorMap.java:74)\n\tat io.netty.util.concurrent.FastThreadLocalRunnable.run(FastThreadLocalRunnable.java:30)\n\tat java.lang.Thread.run(Thread.java:1564)\n"}}
[2026-06-14T09:27:25.976Z] [ALL] 06-14 14:57:23.040   747   747 D io_stats: !@   8,0 r 79570343 1569788833 w 12656055 207316548 d 4206712 258478924 f 0 1104926 iot 28643932 0 th 0 0 0 pt 0 inp 0 0 180057.429
[2026-06-14T09:27:25.976Z] [ALL] 06-14 14:57:23.041   747   747 D io_stats: !@ Read_top(KB): .gms.persistent(5214) 188 system_server(1486) 16 eader.pdfviewer(23046) 8
[2026-06-14T09:27:25.976Z] [ALL] 06-14 14:57:23.041   747   747 D io_stats: !@ Write_top(KB): kworker/u16:0(5575) 1284 f2fs_ckpt-254:5(789) 152
[2026-06-14T09:27:26.172Z] [ALL] 06-14 14:57:23.239  1111  1162 D HeatmapThread: Updated plugType via uevent: 0
[2026-06-14T09:27:26.189Z] [ALL] 06-14 14:57:23.247  1063  1142 E BatteryDump: !@new_battery_dump : 4287,-2,1000,2000,100,385,369,404,385,0,382,379,0,Full,NO_CHARGING,None,Good,PDIC,0,Normal,0,0,9180,0x8000,0x10010000,0x0,0,0,0000,0000,00000000,0,0,0,0,890,4288,9703,970,0,
[2026-06-14T09:27:26.197Z] [ALL] 06-14 14:57:23.259  1063  1063 I android.hardware.health@2.1-service-samsung: updateLrpSysfs: write: 377
[2026-06-14T09:27:26.197Z] [ALL] 06-14 14:57:23.263  1486  7792 V [SS]SleepChargingTimeController: [isActivated]mSleepChargingStatus isNowSessionTime False => false
[2026-06-14T09:27:26.453Z] [ALL] 06-14 14:57:23.517  5776  5834 I appium  : channel read: POST /session/f5a9b506-d393-4b48-a69f-3151b1cdcacc/element
[2026-06-14T09:27:26.454Z] [ALL] 06-14 14:57:23.518  5776  5834 I appium  : FindElement command
[2026-06-14T09:27:26.454Z] [ALL] 06-14 14:57:23.519  5776  5834 I appium  : method: 'xpath', selector: '//*[@resource-id="otp_input_field" or @content-desc="otp_input_field"]'
[2026-06-14T09:27:26.454Z] [ALL] 06-14 14:57:23.519  5776  5834 I appium  : Waiting up to 10000ms for the device to idle
[2026-06-14T09:27:26.454Z] [ALL] 06-14 14:57:23.521  5776  5834 I appium  : The following attributes will be included to the page source: [resource-id, content-desc]
[2026-06-14T09:27:26.681Z] [ALL] 06-14 14:57:23.748  5776  5834 I appium  : Took 0ms to retrieve 0 matches for '//*[@resource-id="otp_input_field" or @content-desc="otp_input_field"]' XPath2 query
[2026-06-14T09:27:26.690Z] [ALL] 06-14 14:57:23.749  5776  5834 I appium  : AppiumResponse: {"sessionId":"f5a9b506-d393-4b48-a69f-3151b1cdcacc","value":{"error":"no such element","message":"An element could not be located on the page using the given search parameters","stacktrace":"io.appium.uiautomator2.common.exceptions.ElementNotFoundException: An element could not be located on the page using the given search parameters\n\tat io.appium.uiautomator2.utils.ElementLocationHelpers.findElement(ElementLocationHelpers.java:153)\n\tat io.appium.uiautomator2.handler.FindElement.safeHandle(FindElement.java:60)\n\tat io.appium.uiautomator2.handler.request.SafeRequestHandler.handle(SafeRequestHandler.java:59)\n\tat io.appium.uiautomator2.server.AppiumServlet.handleRequest(AppiumServlet.java:267)\n\tat io.appium.uiautomator2.server.AppiumServlet.handleHttpRequest(AppiumServlet.java:261)\n\tat io.appium.uiautomator2.http.ServerHandler.channelRead(ServerHandler.java:77)\n\tat io.netty.channel.AbstractChannelHandlerContext.fireChannelRead(AbstractChannelHandlerContext.java:357)\n\tat io.netty.handler.codec.MessageToMessageDecoder.channelRead(MessageToMessageDecoder.java:107)\n\tat io.netty.channel.AbstractChannelHandlerContext.fireChannelRead(AbstractChannelHandlerContext.java:357)\n\tat io.netty.channel.CombinedChannelDuplexHandler$DelegatingChannelHandlerContext.fireChannelRead(CombinedChannelDuplexHandler.java:434)\n\tat io.netty.handler.codec.ByteToMessageDecoder.fireChannelRead(ByteToMessageDecoder.java:361)\n\tat io.netty.handler.codec.ByteToMessageDecoder.channelRead(ByteToMessageDecoder.java:325)\n\tat io.netty.channel.CombinedChannelDuplexHandler.channelRead(CombinedChannelDuplexHandler.java:249)\n\tat io.netty.channel.AbstractChannelHandlerContext.fireChannelRead(AbstractChannelHandlerContext.java:355)\n\tat io.netty.handler.timeout.IdleStateHandler.channelRead(IdleStateHandler.java:288)\n\tat io.netty.channel.AbstractChannelHandlerContext.fireChannelRead(AbstractChannelHandlerContext.java:355)\n\tat io.netty.channel.DefaultChannelPipeline$HeadContext.channelRead(DefaultChannelPipeline.java:1429)\n\tat io.netty.channel.DefaultChannelPipeline.fireChannelRead(DefaultChannelPipeline.java:918)\n\tat io.netty.channel.nio.AbstractNioByteChannel$NioByteUnsafe.read(AbstractNioByteChannel.java:176)\n\tat io.netty.channel.nio.AbstractNioChannel$AbstractNioUnsafe.handle(AbstractNioChannel.java:445)\n\tat io.netty.channel.nio.NioIoHandler$DefaultNioRegistration.handle(NioIoHandler.java:388)\n\tat io.netty.channel.nio.NioIoHandler.processSelectedKey(NioIoHandler.java:596)\n\tat io.netty.channel.nio.NioIoHandler.processSelectedKeysOptimized(NioIoHandler.java:571)\n\tat io.netty.channel.nio.NioIoHandler.processSelectedKeys(NioIoHandler.java:512)\n\tat io.netty.channel.nio.NioIoHandler.run(NioIoHandler.java:484)\n\tat io.netty.channel.SingleThreadIoEventLoop.runIo(SingleThreadIoEventLoop.java:225)\n\tat io.netty.channel.SingleThreadIoEventLoop.run(SingleThreadIoEventLoop.java:196)\n\tat io.netty.util.concurrent.SingleThreadEventExecutor$5.run(SingleThreadEventExecutor.java:1195)\n\tat io.netty.util.internal.ThreadExecutorMap$2.run(ThreadExecutorMap.java:74)\n\tat io.netty.util.concurrent.FastThreadLocalRunnable.run(FastThreadLocalRunnable.java:30)\n\tat java.lang.Thread.run(Thread.java:1564)\n"}}
[2026-06-14T09:27:27.011Z] [ALL] 06-14 14:57:24.076  1486  1729 D WifiStaIfaceHidlImpl: getCachedScanData is not implemented by HIDL
[2026-06-14T09:27:27.021Z] [ALL] 06-14 14:57:24.087  1486  3494 D SemWifiUsabilityStatsMonitor: onWifiUsabilityStats - seqNum 22751, isSameBssidAndFreq true
[2026-06-14T09:27:27.028Z] [ALL] 06-14 14:57:24.095  2072  2072 I EPDG-0 [WifiProfiler]: handleWifiRssiIntent, rssi=-53
[2026-06-14T09:27:27.034Z] [ALL] 06-14 14:57:24.099  2072  2072 I EPDG-0 [WifiProfiler]: isProfiling, hash=189204772, started=true
[2026-06-14T09:27:27.040Z] [ALL] 06-14 14:57:24.106  2072  2072 I EPDG-0 [LogMetrics]: set, type=WIFI_RSSI_LAST, value=-53
[2026-06-14T09:27:27.042Z] [ALL] 06-14 14:57:24.109  2072  2072 I EPDG-0 [WifiProfiler]: isProfiling, hash=189204772, started=true
[2026-06-14T09:27:27.044Z] [ALL] 06-14 14:57:24.110  2072  2072 I EPDG-0 [WifiProfiler]: Rssi : -53 highrange : -75 lowrange : -85 mIsRssiInHystersis : false
[2026-06-14T09:27:27.044Z] [ALL] 06-14 14:57:24.110  2072  2072 I EPDG-0 [WifiProfiler]: Rssi : -53 highrange : -75 lowrange : -85 mIsRssiInHystersis : false
[2026-06-14T09:27:27.044Z] [ALL] 06-14 14:57:24.110  2072  2072 I EPDG-0 [Subscription]: isEpdgAvailable, IwlanPsState=2/2
[2026-06-14T09:27:27.044Z] [ALL] 06-14 14:57:24.110  2072  2072 I EPDG-0 [WifiProfiler]: getHandoverThresholdMet: value is: false
[2026-06-14T09:27:27.215Z] [ALL] 06-14 14:57:24.281  5776  5834 I appium  : channel read: POST /session/f5a9b506-d393-4b48-a69f-3151b1cdcacc/element
[2026-06-14T09:27:27.219Z] [ALL] 06-14 14:57:24.282  5776  5834 I appium  : FindElement command
[2026-06-14T09:27:27.219Z] [ALL] 06-14 14:57:24.283  5776  5834 I appium  : method: 'xpath', selector: '//*[@resource-id="otp_input_field" or @content-desc="otp_input_field"]'
[2026-06-14T09:27:27.219Z] [ALL] 06-14 14:57:24.283  5776  5834 I appium  : Waiting up to 10000ms for the device to idle
[2026-06-14T09:27:27.219Z] [ALL] 06-14 14:57:24.284  5776  5834 I appium  : The following attributes will be included to the page source: [resource-id, content-desc]
[2026-06-14T09:27:27.472Z] [ALL] 06-14 14:57:24.539  5776  5834 I appium  : Took 0ms to retrieve 0 matches for '//*[@resource-id="otp_input_field" or @content-desc="otp_input_field"]' XPath2 query
[2026-06-14T09:27:27.476Z] [ALL] 06-14 14:57:24.540  5776  5834 I appium  : AppiumResponse: {"sessionId":"f5a9b506-d393-4b48-a69f-3151b1cdcacc","value":{"error":"no such element","message":"An element could not be located on the page using the given search parameters","stacktrace":"io.appium.uiautomator2.common.exceptions.ElementNotFoundException: An element could not be located on the page using the given search parameters\n\tat io.appium.uiautomator2.utils.ElementLocationHelpers.findElement(ElementLocationHelpers.java:153)\n\tat io.appium.uiautomator2.handler.FindElement.safeHandle(FindElement.java:60)\n\tat io.appium.uiautomator2.handler.request.SafeRequestHandler.handle(SafeRequestHandler.java:59)\n\tat io.appium.uiautomator2.server.AppiumServlet.handleRequest(AppiumServlet.java:267)\n\tat io.appium.uiautomator2.server.AppiumServlet.handleHttpRequest(AppiumServlet.java:261)\n\tat io.appium.uiautomator2.http.ServerHandler.channelRead(ServerHandler.java:77)\n\tat io.netty.channel.AbstractChannelHandlerContext.fireChannelRead(AbstractChannelHandlerContext.java:357)\n\tat io.netty.handler.codec.MessageToMessageDecoder.channelRead(MessageToMessageDecoder.java:107)\n\tat io.netty.channel.AbstractChannelHandlerContext.fireChannelRead(AbstractChannelHandlerContext.java:357)\n\tat io.netty.channel.CombinedChannelDuplexHandler$DelegatingChannelHandlerContext.fireChannelRead(CombinedChannelDuplexHandler.java:434)\n\tat io.netty.handler.codec.ByteToMessageDecoder.fireChannelRead(ByteToMessageDecoder.java:361)\n\tat io.netty.handler.codec.ByteToMessageDecoder.channelRead(ByteToMessageDecoder.java:325)\n\tat io.netty.channel.CombinedChannelDuplexHandler.channelRead(CombinedChannelDuplexHandler.java:249)\n\tat io.netty.channel.AbstractChannelHandlerContext.fireChannelRead(AbstractChannelHandlerContext.java:355)\n\tat io.netty.handler.timeout.IdleStateHandler.channelRead(IdleStateHandler.java:288)\n\tat io.netty.channel.AbstractChannelHandlerContext.fireChannelRead(AbstractChannelHandlerContext.java:355)\n\tat io.netty.channel.DefaultChannelPipeline$HeadContext.channelRead(DefaultChannelPipeline.java:1429)\n\tat io.netty.channel.DefaultChannelPipeline.fireChannelRead(DefaultChannelPipeline.java:918)\n\tat io.netty.channel.nio.AbstractNioByteChannel$NioByteUnsafe.read(AbstractNioByteChannel.java:176)\n\tat io.netty.channel.nio.AbstractNioChannel$AbstractNioUnsafe.handle(AbstractNioChannel.java:445)\n\tat io.netty.channel.nio.NioIoHandler$DefaultNioRegistration.handle(NioIoHandler.java:388)\n\tat io.netty.channel.nio.NioIoHandler.processSelectedKey(NioIoHandler.java:596)\n\tat io.netty.channel.nio.NioIoHandler.processSelectedKeysOptimized(NioIoHandler.java:571)\n\tat io.netty.channel.nio.NioIoHandler.processSelectedKeys(NioIoHandler.java:512)\n\tat io.netty.channel.nio.NioIoHandler.run(NioIoHandler.java:484)\n\tat io.netty.channel.SingleThreadIoEventLoop.runIo(SingleThreadIoEventLoop.java:225)\n\tat io.netty.channel.SingleThreadIoEventLoop.run(SingleThreadIoEventLoop.java:196)\n\tat io.netty.util.concurrent.SingleThreadEventExecutor$5.run(SingleThreadEventExecutor.java:1195)\n\tat io.netty.util.internal.ThreadExecutorMap$2.run(ThreadExecutorMap.java:74)\n\tat io.netty.util.concurrent.FastThreadLocalRunnable.run(FastThreadLocalRunnable.java:30)\n\tat java.lang.Thread.run(Thread.java:1564)\n"}}
[2026-06-14T09:27:27.893Z] [ALL] 06-14 14:57:24.959  1149  1280 I SurfaceFlinger: Current= 60, Period= 60, hwcPeriod= 60
[2026-06-14T09:27:27.984Z] [ALL] 06-14 14:57:25.043   747   747 D io_stats: !@   8,0 r 79570343 1569788833 w 12656057 207316556 d 4206712 258478924 f 0 1104926 iot 28643940 0 th 0 0 0 pt 0 inp 0 0 180059.432
[2026-06-14T09:27:28.000Z] [ALL] 06-14 14:57:25.063  5776  5834 I appium  : channel read: POST /session/f5a9b506-d393-4b48-a69f-3151b1cdcacc/element
[2026-06-14T09:27:28.008Z] [ALL] 06-14 14:57:25.064  5776  5834 I appium  : FindElement command
[2026-06-14T09:27:28.009Z] [ALL] 06-14 14:57:25.065  5776  5834 I appium  : method: 'xpath', selector: '//*[@resource-id="otp_input_field" or @content-desc="otp_input_field"]'
[2026-06-14T09:27:28.009Z] [ALL] 06-14 14:57:25.065  5776  5834 I appium  : Waiting up to 10000ms for the device to idle
[2026-06-14T09:27:28.009Z] [ALL] 06-14 14:57:25.067  5776  5834 I appium  : The following attributes will be included to the page source: [resource-id, content-desc]
[2026-06-14T09:27:28.261Z] [ALL] 06-14 14:57:25.328  5776  5834 I appium  : Took 0ms to retrieve 0 matches for '//*[@resource-id="otp_input_field" or @content-desc="otp_input_field"]' XPath2 query
[2026-06-14T09:27:28.263Z] [ALL] 06-14 14:57:25.329  5776  5834 I appium  : AppiumResponse: {"sessionId":"f5a9b506-d393-4b48-a69f-3151b1cdcacc","value":{"error":"no such element","message":"An element could not be located on the page using the given search parameters","stacktrace":"io.appium.uiautomator2.common.exceptions.ElementNotFoundException: An element could not be located on the page using the given search parameters\n\tat io.appium.uiautomator2.utils.ElementLocationHelpers.findElement(ElementLocationHelpers.java:153)\n\tat io.appium.uiautomator2.handler.FindElement.safeHandle(FindElement.java:60)\n\tat io.appium.uiautomator2.handler.request.SafeRequestHandler.handle(SafeRequestHandler.java:59)\n\tat io.appium.uiautomator2.server.AppiumServlet.handleRequest(AppiumServlet.java:267)\n\tat io.appium.uiautomator2.server.AppiumServlet.handleHttpRequest(AppiumServlet.java:261)\n\tat io.appium.uiautomator2.http.ServerHandler.channelRead(ServerHandler.java:77)\n\tat io.netty.channel.AbstractChannelHandlerContext.fireChannelRead(AbstractChannelHandlerContext.java:357)\n\tat io.netty.handler.codec.MessageToMessageDecoder.channelRead(MessageToMessageDecoder.java:107)\n\tat io.netty.channel.AbstractChannelHandlerContext.fireChannelRead(AbstractChannelHandlerContext.java:357)\n\tat io.netty.channel.CombinedChannelDuplexHandler$DelegatingChannelHandlerContext.fireChannelRead(CombinedChannelDuplexHandler.java:434)\n\tat io.netty.handler.codec.ByteToMessageDecoder.fireChannelRead(ByteToMessageDecoder.java:361)\n\tat io.netty.handler.codec.ByteToMessageDecoder.channelRead(ByteToMessageDecoder.java:325)\n\tat io.netty.channel.CombinedChannelDuplexHandler.channelRead(CombinedChannelDuplexHandler.java:249)\n\tat io.netty.channel.AbstractChannelHandlerContext.fireChannelRead(AbstractChannelHandlerContext.java:355)\n\tat io.netty.handler.timeout.IdleStateHandler.channelRead(IdleStateHandler.java:288)\n\tat io.netty.channel.AbstractChannelHandlerContext.fireChannelRead(AbstractChannelHandlerContext.java:355)\n\tat io.netty.channel.DefaultChannelPipeline$HeadContext.channelRead(DefaultChannelPipeline.java:1429)\n\tat io.netty.channel.DefaultChannelPipeline.fireChannelRead(DefaultChannelPipeline.java:918)\n\tat io.netty.channel.nio.AbstractNioByteChannel$NioByteUnsafe.read(AbstractNioByteChannel.java:176)\n\tat io.netty.channel.nio.AbstractNioChannel$AbstractNioUnsafe.handle(AbstractNioChannel.java:445)\n\tat io.netty.channel.nio.NioIoHandler$DefaultNioRegistration.handle(NioIoHandler.java:388)\n\tat io.netty.channel.nio.NioIoHandler.processSelectedKey(NioIoHandler.java:596)\n\tat io.netty.channel.nio.NioIoHandler.processSelectedKeysOptimized(NioIoHandler.java:571)\n\tat io.netty.channel.nio.NioIoHandler.processSelectedKeys(NioIoHandler.java:512)\n\tat io.netty.channel.nio.NioIoHandler.run(NioIoHandler.java:484)\n\tat io.netty.channel.SingleThreadIoEventLoop.runIo(SingleThreadIoEventLoop.java:225)\n\tat io.netty.channel.SingleThreadIoEventLoop.run(SingleThreadIoEventLoop.java:196)\n\tat io.netty.util.concurrent.SingleThreadEventExecutor$5.run(SingleThreadEventExecutor.java:1195)\n\tat io.netty.util.internal.ThreadExecutorMap$2.run(ThreadExecutorMap.java:74)\n\tat io.netty.util.concurrent.FastThreadLocalRunnable.run(FastThreadLocalRunnable.java:30)\n\tat java.lang.Thread.run(Thread.java:1564)\n"}}
[2026-06-14T09:27:28.798Z] [ALL] 06-14 14:57:25.866  5776  5834 I appium  : channel read: POST /session/f5a9b506-d393-4b48-a69f-3151b1cdcacc/element
[2026-06-14T09:27:28.803Z] [ALL] 06-14 14:57:25.866  5776  5834 I appium  : FindElement command
[2026-06-14T09:27:28.803Z] [ALL] 06-14 14:57:25.868  5776  5834 I appium  : method: 'xpath', selector: '//*[@resource-id="otp_input_field" or @content-desc="otp_input_field"]'
[2026-06-14T09:27:28.803Z] [ALL] 06-14 14:57:25.868  5776  5834 I appium  : Waiting up to 10000ms for the device to idle
[2026-06-14T09:27:28.804Z] [ALL] 06-14 14:57:25.869  5776  5834 I appium  : The following attributes will be included to the page source: [resource-id, content-desc]
[2026-06-14T09:27:29.065Z] [ALL] 06-14 14:57:26.132  5776  5834 I appium  : Took 0ms to retrieve 0 matches for '//*[@resource-id="otp_input_field" or @content-desc="otp_input_field"]' XPath2 query
[2026-06-14T09:27:29.071Z] [ALL] 06-14 14:57:26.133  5776  5834 I appium  : AppiumResponse: {"sessionId":"f5a9b506-d393-4b48-a69f-3151b1cdcacc","value":{"error":"no such element","message":"An element could not be located on the page using the given search parameters","stacktrace":"io.appium.uiautomator2.common.exceptions.ElementNotFoundException: An element could not be located on the page using the given search parameters\n\tat io.appium.uiautomator2.utils.ElementLocationHelpers.findElement(ElementLocationHelpers.java:153)\n\tat io.appium.uiautomator2.handler.FindElement.safeHandle(FindElement.java:60)\n\tat io.appium.uiautomator2.handler.request.SafeRequestHandler.handle(SafeRequestHandler.java:59)\n\tat io.appium.uiautomator2.server.AppiumServlet.handleRequest(AppiumServlet.java:267)\n\tat io.appium.uiautomator2.server.AppiumServlet.handleHttpRequest(AppiumServlet.java:261)\n\tat io.appium.uiautomator2.http.ServerHandler.channelRead(ServerHandler.java:77)\n\tat io.netty.channel.AbstractChannelHandlerContext.fireChannelRead(AbstractChannelHandlerContext.java:357)\n\tat io.netty.handler.codec.MessageToMessageDecoder.channelRead(MessageToMessageDecoder.java:107)\n\tat io.netty.channel.AbstractChannelHandlerContext.fireChannelRead(AbstractChannelHandlerContext.java:357)\n\tat io.netty.channel.CombinedChannelDuplexHandler$DelegatingChannelHandlerContext.fireChannelRead(CombinedChannelDuplexHandler.java:434)\n\tat io.netty.handler.codec.ByteToMessageDecoder.fireChannelRead(ByteToMessageDecoder.java:361)\n\tat io.netty.handler.codec.ByteToMessageDecoder.channelRead(ByteToMessageDecoder.java:325)\n\tat io.netty.channel.CombinedChannelDuplexHandler.channelRead(CombinedChannelDuplexHandler.java:249)\n\tat io.netty.channel.AbstractChannelHandlerContext.fireChannelRead(AbstractChannelHandlerContext.java:355)\n\tat io.netty.handler.timeout.IdleStateHandler.channelRead(IdleStateHandler.java:288)\n\tat io.netty.channel.AbstractChannelHandlerContext.fireChannelRead(AbstractChannelHandlerContext.java:355)\n\tat io.netty.channel.DefaultChannelPipeline$HeadContext.channelRead(DefaultChannelPipeline.java:1429)\n\tat io.netty.channel.DefaultChannelPipeline.fireChannelRead(DefaultChannelPipeline.java:918)\n\tat io.netty.channel.nio.AbstractNioByteChannel$NioByteUnsafe.read(AbstractNioByteChannel.java:176)\n\tat io.netty.channel.nio.AbstractNioChannel$AbstractNioUnsafe.handle(AbstractNioChannel.java:445)\n\tat io.netty.channel.nio.NioIoHandler$DefaultNioRegistration.handle(NioIoHandler.java:388)\n\tat io.netty.channel.nio.NioIoHandler.processSelectedKey(NioIoHandler.java:596)\n\tat io.netty.channel.nio.NioIoHandler.processSelectedKeysOptimized(NioIoHandler.java:571)\n\tat io.netty.channel.nio.NioIoHandler.processSelectedKeys(NioIoHandler.java:512)\n\tat io.netty.channel.nio.NioIoHandler.run(NioIoHandler.java:484)\n\tat io.netty.channel.SingleThreadIoEventLoop.runIo(SingleThreadIoEventLoop.java:225)\n\tat io.netty.channel.SingleThreadIoEventLoop.run(SingleThreadIoEventLoop.java:196)\n\tat io.netty.util.concurrent.SingleThreadEventExecutor$5.run(SingleThreadEventExecutor.java:1195)\n\tat io.netty.util.internal.ThreadExecutorMap$2.run(ThreadExecutorMap.java:74)\n\tat io.netty.util.concurrent.FastThreadLocalRunnable.run(FastThreadLocalRunnable.java:30)\n\tat java.lang.Thread.run(Thread.java:1564)\n"}}
[2026-06-14T09:27:29.614Z] [ALL] 06-14 14:57:26.666  5776  5834 I appium  : channel read: POST /session/f5a9b506-d393-4b48-a69f-3151b1cdcacc/element
[2026-06-14T09:27:29.614Z] [ALL] 06-14 14:57:26.667  5776  5834 I appium  : FindElement command
[2026-06-14T09:27:29.623Z] [ALL] 06-14 14:57:26.668  5776  5834 I appium  : method: 'xpath', selector: '//*[@resource-id="otp_input_field" or @content-desc="otp_input_field"]'
[2026-06-14T09:27:29.623Z] [ALL] 06-14 14:57:26.668  5776  5834 I appium  : Waiting up to 10000ms for the device to idle
[2026-06-14T09:27:29.623Z] [ALL] 06-14 14:57:26.670  5776  5834 I appium  : The following attributes will be included to the page source: [resource-id, content-desc]
[2026-06-14T09:27:29.623Z] [ALL] 06-14 14:57:26.675  5776  5789 I tomator2.server: Method exceeds compiler instruction limit: 19260 in java_cup.runtime.Symbol org.eclipse.wst.xml.xpath2.processor.internal.CUP$XPathCup$actions.CUP$XPathCup$do_action(int, java_cup.runtime.lr_parser, java.util.Stack, int)
[2026-06-14T09:27:29.781Z] [ALL] 06-14 14:57:26.847  1486  1828 I SemWifiServiceDetector: Service det. suspended: T / T / 19967
[2026-06-14T09:27:29.870Z] [ALL] 06-14 14:57:26.935  5776  5834 I appium  : Took 0ms to retrieve 0 matches for '//*[@resource-id="otp_input_field" or @content-desc="otp_input_field"]' XPath2 query
[2026-06-14T09:27:29.874Z] [ALL] 06-14 14:57:26.936  5776  5834 I appium  : AppiumResponse: {"sessionId":"f5a9b506-d393-4b48-a69f-3151b1cdcacc","value":{"error":"no such element","message":"An element could not be located on the page using the given search parameters","stacktrace":"io.appium.uiautomator2.common.exceptions.ElementNotFoundException: An element could not be located on the page using the given search parameters\n\tat io.appium.uiautomator2.utils.ElementLocationHelpers.findElement(ElementLocationHelpers.java:153)\n\tat io.appium.uiautomator2.handler.FindElement.safeHandle(FindElement.java:60)\n\tat io.appium.uiautomator2.handler.request.SafeRequestHandler.handle(SafeRequestHandler.java:59)\n\tat io.appium.uiautomator2.server.AppiumServlet.handleRequest(AppiumServlet.java:267)\n\tat io.appium.uiautomator2.server.AppiumServlet.handleHttpRequest(AppiumServlet.java:261)\n\tat io.appium.uiautomator2.http.ServerHandler.channelRead(ServerHandler.java:77)\n\tat io.netty.channel.AbstractChannelHandlerContext.fireChannelRead(AbstractChannelHandlerContext.java:357)\n\tat io.netty.handler.codec.MessageToMessageDecoder.channelRead(MessageToMessageDecoder.java:107)\n\tat io.netty.channel.AbstractChannelHandlerContext.fireChannelRead(AbstractChannelHandlerContext.java:357)\n\tat io.netty.channel.CombinedChannelDuplexHandler$DelegatingChannelHandlerContext.fireChannelRead(CombinedChannelDuplexHandler.java:434)\n\tat io.netty.handler.codec.ByteToMessageDecoder.fireChannelRead(ByteToMessageDecoder.java:361)\n\tat io.netty.handler.codec.ByteToMessageDecoder.channelRead(ByteToMessageDecoder.java:325)\n\tat io.netty.channel.CombinedChannelDuplexHandler.channelRead(CombinedChannelDuplexHandler.java:249)\n\tat io.netty.channel.AbstractChannelHandlerContext.fireChannelRead(AbstractChannelHandlerContext.java:355)\n\tat io.netty.handler.timeout.IdleStateHandler.channelRead(IdleStateHandler.java:288)\n\tat io.netty.channel.AbstractChannelHandlerContext.fireChannelRead(AbstractChannelHandlerContext.java:355)\n\tat io.netty.channel.DefaultChannelPipeline$HeadContext.channelRead(DefaultChannelPipeline.java:1429)\n\tat io.netty.channel.DefaultChannelPipeline.fireChannelRead(DefaultChannelPipeline.java:918)\n\tat io.netty.channel.nio.AbstractNioByteChannel$NioByteUnsafe.read(AbstractNioByteChannel.java:176)\n\tat io.netty.channel.nio.AbstractNioChannel$AbstractNioUnsafe.handle(AbstractNioChannel.java:445)\n\tat io.netty.channel.nio.NioIoHandler$DefaultNioRegistration.handle(NioIoHandler.java:388)\n\tat io.netty.channel.nio.NioIoHandler.processSelectedKey(NioIoHandler.java:596)\n\tat io.netty.channel.nio.NioIoHandler.processSelectedKeysOptimized(NioIoHandler.java:571)\n\tat io.netty.channel.nio.NioIoHandler.processSelectedKeys(NioIoHandler.java:512)\n\tat io.netty.channel.nio.NioIoHandler.run(NioIoHandler.java:484)\n\tat io.netty.channel.SingleThreadIoEventLoop.runIo(SingleThreadIoEventLoop.java:225)\n\tat io.netty.channel.SingleThreadIoEventLoop.run(SingleThreadIoEventLoop.java:196)\n\tat io.netty.util.concurrent.SingleThreadEventExecutor$5.run(SingleThreadEventExecutor.java:1195)\n\tat io.netty.util.internal.ThreadExecutorMap$2.run(ThreadExecutorMap.java:74)\n\tat io.netty.util.concurrent.FastThreadLocalRunnable.run(FastThreadLocalRunnable.java:30)\n\tat java.lang.Thread.run(Thread.java:1564)\n"}}
[2026-06-14T09:27:29.986Z] [ALL] 06-14 14:57:27.045   747   747 D io_stats: !@   8,0 r 79570343 1569788833 w 12656065 207317500 d 4206712 258478924 f 0 1104926 iot 28643956 0 th 0 0 0 pt 0 inp 0 0 180061.435
[2026-06-14T09:27:29.986Z] [ALL] 06-14 14:57:27.046   747   747 D io_stats: !@ Write_top(KB): kworker/u16:4(31690) 936 .gms.persistent(32138) 8 android.hardwar(1063) 8
[2026-06-14T09:27:30.036Z] [ALL] 06-14 14:57:27.101  5776  5834 I appium  : channel read: POST /session/f5a9b506-d393-4b48-a69f-3151b1cdcacc/element
[2026-06-14T09:27:30.038Z] [ALL] 06-14 14:57:27.102  5776  5834 I appium  : FindElement command
[2026-06-14T09:27:30.038Z] [ALL] 06-14 14:57:27.103  5776  5834 I appium  : method: 'xpath', selector: '//*[@resource-id="otp_input_field" or @content-desc="otp_input_field"]'
[2026-06-14T09:27:30.038Z] [ALL] 06-14 14:57:27.103  5776  5834 I appium  : Waiting up to 10000ms for the device to idle
[2026-06-14T09:27:30.038Z] [ALL] 06-14 14:57:27.104  5776  5834 I appium  : The following attributes will be included to the page source: [resource-id, content-desc]
[2026-06-14T09:27:30.040Z] [ALL] 06-14 14:57:27.108  1486  1729 D WifiStaIfaceHidlImpl: getCachedScanData is not implemented by HIDL
[2026-06-14T09:27:30.051Z] [ALL] 06-14 14:57:27.116  2072  2072 I EPDG-0 [WifiProfiler]: handleWifiRssiIntent, rssi=-52
[2026-06-14T09:27:30.051Z] [ALL] 06-14 14:57:27.116  2072  2072 I EPDG-0 [WifiProfiler]: isProfiling, hash=189204772, started=true
[2026-06-14T09:27:30.051Z] [ALL] 06-14 14:57:27.116  2072  2072 I EPDG-0 [LogMetrics]: set, type=WIFI_RSSI_LAST, value=-52
[2026-06-14T09:27:30.051Z] [ALL] 06-14 14:57:27.116  1486  3494 D SemWifiUsabilityStatsMonitor: onWifiUsabilityStats - seqNum 22752, isSameBssidAndFreq true
[2026-06-14T09:27:30.051Z] [ALL] 06-14 14:57:27.117  2072  2072 I EPDG-0 [WifiProfiler]: isProfiling, hash=189204772, started=true
[2026-06-14T09:27:30.054Z] [ALL] 06-14 14:57:27.118  2072  2072 I EPDG-0 [WifiProfiler]: Rssi : -52 highrange : -75 lowrange : -85 mIsRssiInHystersis : false
[2026-06-14T09:27:30.054Z] [ALL] 06-14 14:57:27.118  2072  2072 I EPDG-0 [WifiProfiler]: Rssi : -52 highrange : -75 lowrange : -85 mIsRssiInHystersis : false
[2026-06-14T09:27:30.054Z] [ALL] 06-14 14:57:27.118  2072  2072 I EPDG-0 [Subscription]: isEpdgAvailable, IwlanPsState=2/2
[2026-06-14T09:27:30.054Z] [ALL] 06-14 14:57:27.118  2072  2072 I EPDG-0 [WifiProfiler]: getHandoverThresholdMet: value is: false
[2026-06-14T09:27:30.308Z] [ALL] 06-14 14:57:27.375  1486  3107 I NSLocationMonitor: getGPSUsingApps() called
[2026-06-14T09:27:30.310Z] [ALL] 06-14 14:57:27.376  3066  3089 I NSLocationManager_FLP: getGPSUsingApps, No change
[2026-06-14T09:27:30.319Z] [ALL] 06-14 14:57:27.385  1486  3107 D FreecessHandler: skipping freeze com.truecaller(10274) result : 2
[2026-06-14T09:27:30.334Z] [ALL] 06-14 14:57:27.399  5776  5834 I appium  : Took 0ms to retrieve 0 matches for '//*[@resource-id="otp_input_field" or @content-desc="otp_input_field"]' XPath2 query
[2026-06-14T09:27:30.342Z] [ALL] 06-14 14:57:27.401  5776  5834 I appium  : AppiumResponse: {"sessionId":"f5a9b506-d393-4b48-a69f-3151b1cdcacc","value":{"error":"no such element","message":"An element could not be located on the page using the given search parameters","stacktrace":"io.appium.uiautomator2.common.exceptions.ElementNotFoundException: An element could not be located on the page using the given search parameters\n\tat io.appium.uiautomator2.utils.ElementLocationHelpers.findElement(ElementLocationHelpers.java:153)\n\tat io.appium.uiautomator2.handler.FindElement.safeHandle(FindElement.java:60)\n\tat io.appium.uiautomator2.handler.request.SafeRequestHandler.handle(SafeRequestHandler.java:59)\n\tat io.appium.uiautomator2.server.AppiumServlet.handleRequest(AppiumServlet.java:267)\n\tat io.appium.uiautomator2.server.AppiumServlet.handleHttpRequest(AppiumServlet.java:261)\n\tat io.appium.uiautomator2.http.ServerHandler.channelRead(ServerHandler.java:77)\n\tat io.netty.channel.AbstractChannelHandlerContext.fireChannelRead(AbstractChannelHandlerContext.java:357)\n\tat io.netty.handler.codec.MessageToMessageDecoder.channelRead(MessageToMessageDecoder.java:107)\n\tat io.netty.channel.AbstractChannelHandlerContext.fireChannelRead(AbstractChannelHandlerContext.java:357)\n\tat io.netty.channel.CombinedChannelDuplexHandler$DelegatingChannelHandlerContext.fireChannelRead(CombinedChannelDuplexHandler.java:434)\n\tat io.netty.handler.codec.ByteToMessageDecoder.fireChannelRead(ByteToMessageDecoder.java:361)\n\tat io.netty.handler.codec.ByteToMessageDecoder.channelRead(ByteToMessageDecoder.java:325)\n\tat io.netty.channel.CombinedChannelDuplexHandler.channelRead(CombinedChannelDuplexHandler.java:249)\n\tat io.netty.channel.AbstractChannelHandlerContext.fireChannelRead(AbstractChannelHandlerContext.java:355)\n\tat io.netty.handler.timeout.IdleStateHandler.channelRead(IdleStateHandler.java:288)\n\tat io.netty.channel.AbstractChannelHandlerContext.fireChannelRead(AbstractChannelHandlerContext.java:355)\n\tat io.netty.channel.DefaultChannelPipeline$HeadContext.channelRead(DefaultChannelPipeline.java:1429)\n\tat io.netty.channel.DefaultChannelPipeline.fireChannelRead(DefaultChannelPipeline.java:918)\n\tat io.netty.channel.nio.AbstractNioByteChannel$NioByteUnsafe.read(AbstractNioByteChannel.java:176)\n\tat io.netty.channel.nio.AbstractNioChannel$AbstractNioUnsafe.handle(AbstractNioChannel.java:445)\n\tat io.netty.channel.nio.NioIoHandler$DefaultNioRegistration.handle(NioIoHandler.java:388)\n\tat io.netty.channel.nio.NioIoHandler.processSelectedKey(NioIoHandler.java:596)\n\tat io.netty.channel.nio.NioIoHandler.processSelectedKeysOptimized(NioIoHandler.java:571)\n\tat io.netty.channel.nio.NioIoHandler.processSelectedKeys(NioIoHandler.java:512)\n\tat io.netty.channel.nio.NioIoHandler.run(NioIoHandler.java:484)\n\tat io.netty.channel.SingleThreadIoEventLoop.runIo(SingleThreadIoEventLoop.java:225)\n\tat io.netty.channel.SingleThreadIoEventLoop.run(SingleThreadIoEventLoop.java:196)\n\tat io.netty.util.concurrent.SingleThreadEventExecutor$5.run(SingleThreadEventExecutor.java:1195)\n\tat io.netty.util.internal.ThreadExecutorMap$2.run(ThreadExecutorMap.java:74)\n\tat io.netty.util.concurrent.FastThreadLocalRunnable.run(FastThreadLocalRunnable.java:30)\n\tat java.lang.Thread.run(Thread.java:1564)\n"}}
[2026-06-14T09:27:30.357Z] [ALL] 06-14 14:57:27.420  5776  5834 I appium  : channel read: GET /session/f5a9b506-d393-4b48-a69f-3151b1cdcacc/screenshot
[2026-06-14T09:27:30.379Z] [ALL] 06-14 14:57:27.421  5776  5834 I appium  : CaptureScreenshot command
[2026-06-14T09:27:30.453Z] [ALL] 06-14 14:57:27.516  7229  7229 W libbinder.BackendUnifiedServiceManager: Thread Pool max thread count is 0. Cannot cache binder as linkToDeath cannot be implemented. serviceName: SurfaceFlingerAIDL
[2026-06-14T09:27:30.453Z] [ALL] 06-14 14:57:27.517  7229  7229 W libbinder.BpBinder: Linking to death on android.gui.ISurfaceComposer but there are no threads (yet?) listening to incoming transactions. See ProcessState::startThreadPool and ProcessState::setThreadPoolMaxThreadCount. Generally you should setup the binder threadpool before other initialization steps.
[2026-06-14T09:27:30.456Z] [ALL] 06-14 14:57:27.519  7229  7229 W libbinder.BackendUnifiedServiceManager: Thread Pool max thread count is 0. Cannot cache binder as linkToDeath cannot be implemented. serviceName: edmnativehelper
[2026-06-14T09:27:30.456Z] [ALL] 06-14 14:57:27.519  1486  2408 I EDMNativeHelperService: isScreenCaptureEnabled
[2026-06-14T09:27:30.456Z] [ALL] 06-14 14:57:27.520  1486  2408 D RestrictionPolicy: isScreenCaptureEnabled : ret=true userId=0
[2026-06-14T09:27:30.456Z] [ALL] 06-14 14:57:27.520  7229  7229 W libbinder.ProcessState: Extra binder thread started, but 0 threads requested. Do not use *startThreadPool when zero threads are requested.
[2026-06-14T09:27:30.456Z] [ALL] 06-14 14:57:27.520  7229  7229 I SurfaceComposerClient: captureDisplay:Display-4633128672291736000
[2026-06-14T09:27:30.458Z] [ALL] 06-14 14:57:27.524  1149  1661 I SurfaceFlinger: Capture layer list: 	 com.safebank.ai/com.safebank.ai.MainActivity$_6589#104560(preserveDisplayColors:0)
[2026-06-14T09:27:30.458Z] [ALL] 06-14 14:57:27.524  1149  1661 I SurfaceFlinger: Capture layer list: 	 StatusBar$_2112#94(preserveDisplayColors:0)
[2026-06-14T09:27:30.458Z] [ALL] 06-14 14:57:27.524  1149  1661 I SurfaceFlinger: Capture layer list: 	 com.sec.android.app.launcher/com.samsung.app.honeyspace.edge.edgepanel.app.CocktailBarService$_2619#103972(preserveDisplayColors:0)
[2026-06-14T09:27:30.458Z] [ALL] 06-14 14:57:27.524  1149  1661 I SurfaceFlinger: Capture layer list: 	 NavigationBar0$_2112#90(preserveDisplayColors:0)
[2026-06-14T09:27:30.461Z] [ALL] 06-14 14:57:27.527  1149  1201 D SurfaceFlinger: [SEC_SF_EFFECTS] drawLayersInternal,1348, Rendering layer ScreenCaptureFillLayer at index 0
[2026-06-14T09:27:30.461Z] [ALL] 06-14 14:57:27.527  1149  1201 D SurfaceFlinger: [SEC_SF_EFFECTS] drawLayersInternal,1348, Rendering layer com.safebank.ai/com.safebank.ai.MainActivity$_6589#104560 at index 1
[2026-06-14T09:27:30.461Z] [ALL] 06-14 14:57:27.527  1149  1201 D SurfaceFlinger: [SEC_SF_EFFECTS] drawLayersInternal,1348, Rendering layer StatusBar$_2112#94 at index 2
[2026-06-14T09:27:30.461Z] [ALL] 06-14 14:57:27.527  1149  1201 D SurfaceFlinger: [SEC_SF_EFFECTS] drawLayersInternal,1348, Rendering layer com.sec.android.app.launcher/com.samsung.app.honeyspace.edge.edgepanel.app.CocktailBarService$_2619#103972 at index 3
[2026-06-14T09:27:30.461Z] [ALL] 06-14 14:57:27.527  1149  1201 D SurfaceFlinger: [SEC_SF_EFFECTS] drawLayersInternal,1348, Rendering layer NavigationBar0$_2112#90 at index 4
[2026-06-14T09:27:30.487Z] [ALL] 06-14 14:57:27.550  7229  7232 I screencap: [HIDL_FETCH_IMapper] android.hardware.graphics.mapper@4.0: Loaded Mapper successfully.
[2026-06-14T09:27:30.683Z] [ALL] 06-14 14:57:27.749  5776  5834 I appium  : AppiumResponse: {"sessionId":"f5a9b506-d393-4b48-a69f-3151b1cdcacc","value":"iVBORw0KGgoAAAANSUhEUgAABDgAAAkkCAYAAAD508+vAAAABHNCSVQICAgIfAhkiAAAAAFzUkdCAK7OHOkAACAASURBVHic7N11fFPn/gfwz0lSF9pCaXH34TbYcGfAXJkLd+7+u+NO71yZb3fuDBiw4lLctUOKthRoKVCXNE1yfn80J42cWJuTnJTP+3XHbY4+eZKenud7nuf7CPoqUQQRERERERERUQjTBLsARERERER…