[2026-06-14T09:32:00.153Z] [ALL] 06-14 15:01:57.211 11661 11661 W libbinder.BackendUnifiedServiceManager: Thread Pool max thread count is 0. Cannot cache binder as linkToDeath cannot be implemented. serviceName: window
[2026-06-14T09:32:00.249Z] [ALL] 06-14 15:01:57.306 10725 10763 I appium  : channel read: POST /session/e97b7abb-6aa8-4e9c-b8b4-b3047c3ed272/element
[2026-06-14T09:32:00.249Z] [ALL] 06-14 15:01:57.307 10725 10763 I appium  : FindElement command
[2026-06-14T09:32:00.262Z] [ALL] 06-14 15:01:57.309 10725 10763 I appium  : method: 'xpath', selector: '//*[@text="Use Email OTP instead" or @text="Use Password instead" or contains(@text, "OTP") or contains(@text, "Password instead") or contains(@text, "ఓటిపి") or contains(@text, "பயன்படுத்து") or contains(@text, "उपयोग") or contains(@text, "వాడండి")]'
[2026-06-14T09:32:00.262Z] [ALL] 06-14 15:01:57.309 10725 10763 I appium  : Waiting up to 10000ms for the device to idle
[2026-06-14T09:32:00.262Z] [ALL] 06-14 15:01:57.313 10725 10763 I appium  : The following attributes will be included to the page source: [text]
[2026-06-14T09:32:00.262Z] [ALL] 06-14 15:01:57.319 10725 10729 I tomator2.server: Method exceeds compiler instruction limit: 19260 in java_cup.runtime.Symbol org.eclipse.wst.xml.xpath2.processor.internal.CUP$XPathCup$actions.CUP$XPathCup$do_action(int, java_cup.runtime.lr_parser, java.util.Stack, int)
[2026-06-14T09:32:00.405Z] [ALL] 06-14 15:01:57.420  1486  1556 D PowerManagerService: abuse wakelock package : io.appium.uiautomator2.server
[2026-06-14T09:32:00.415Z] [ALL] 06-14 15:01:57.423  1486  1556 D EdgeLightingManager: hideForWakeLock is no more used
[2026-06-14T09:32:00.415Z] [ALL] 06-14 15:01:57.425  1486  1556 D PowerManagerService: UserActivityState : 1 -> 2 groupId=0
[2026-06-14T09:32:00.415Z] [ALL] 06-14 15:01:57.427  1486  1556 D PowerManagerService: displayReady: false groupId=0
[2026-06-14T09:32:00.415Z] [ALL] 06-14 15:01:57.428  1486  1556 D DisplayPowerController[0]: animateScreenStateChange: target=ON, mIsEnabled=true
[2026-06-14T09:32:00.415Z] [ALL] 06-14 15:01:57.429  1486  1556 W DisplayPowerController[0]: Animating brightness: target=12(0.05), rate=0.706, reason=manual[31] -> dim[12]
[2026-06-14T09:32:00.415Z] [ALL] 06-14 15:01:57.432  1149  1280 I SurfaceFlinger: Current= 60, Period= 60, hwcPeriod= 60
[2026-06-14T09:32:00.416Z] [ALL] 06-14 15:01:57.432  1486  1556 D DisplayManagerService: handleBrightnessAnimation: started=true
[2026-06-14T09:32:00.416Z] [ALL] 06-14 15:01:57.433  1486  1556 D RefreshRateTokenController: Adding refreshRateToken={ RefreshRateToken[->PassiveModeToken:BrightnessAnim, acquire at 180331822 (now)},
[2026-06-14T09:32:00.416Z] [ALL] 06-14 15:01:57.433  1486  1556 D RefreshRateTokenController:     caller=com.android.server.display.mode.RefreshRateController.createPassiveModeToken:33 com.android.server.display.DisplayManagerService$$ExternalSyntheticLambda0.accept:387 com.android.server.display.DisplayPowerController.animateScreenBrightness:256 com.android.server.display.DisplayPowerController.updatePowerStateInternal:2570 com.android.server.display.DisplayPowerController.updatePowerState:9 
[2026-06-14T09:32:00.416Z] [ALL] 06-14 15:01:57.440  1486  1486 I MdnieScenarioControlService: action  :  com.samsung.server.PowerManagerService.action.USER_ACTIVITY
[2026-06-14T09:32:00.416Z] [ALL] 06-14 15:01:57.441  1486  1556 D DisplayPowerController[0]: saveBrightnessInfo: brt:0.12085039 adjBrt:0.047058824 min:0.0 max:1.0 hbm:0 tp:1.0 throttler:0 isAnimating:true
[2026-06-14T09:32:00.416Z] [ALL] 06-14 15:01:57.442  1486  1556 V DisplayPowerController[0]: Brightness [0.047058824] reason changing to: 'manual [ dim ]', previous reason: 'manual'.
[2026-06-14T09:32:00.416Z] [ALL] 06-14 15:01:57.442  1486  1556 I DisplayPowerController[0]: BrightnessEvent: brt=0.047058824(38.0%), nits=11.368, lux=-1.0, reason=manual [ dim ], strat=FallbackBrightnessStrategy, state=ON, stateReason=KEY, policy=DIM, flags=, initBrt=0.12085039, rcmdBrt=NaN, preBrt=NaN, preLux=0.0, wasShortTermModelActive=false, autoBrightness=false (default), unclampedBrt=0.12085039, hbmMax=1.0, hbmMode=off, thrmMax=1.0, rbcStrength=-1, powerFactor=1.0, physDisp=Built-in Screen(local:4633128672291736000), logicalId=0, slowChange=false, rampSpeed=0.7058823
[2026-06-14T09:32:00.416Z] [ALL] 06-14 15:01:57.443  1486  1556 D PowerManagerService: displayReady: true groupId=0
[2026-06-14T09:32:00.416Z] [ALL] 06-14 15:01:57.445  1486  1880 D HdrSolution_HdrDisplayNitMapper: updataTargetNit--------------mLightSensorData: 111.0, scaleRatio: 6.09, target: 32.831->200
[2026-06-14T09:32:00.416Z] [ALL] 06-14 15:01:57.446  1486  1880 D BrightnessHandler: inject brightness = 30.0, Brightness: 0.11633016
[2026-06-14T09:32:00.416Z] [ALL] 06-14 15:01:57.447  1067  1067 I SensorsHub: LightSensor::injectSensorData: brightness 30
[2026-06-14T09:32:00.416Z] [ALL] 06-14 15:01:57.448  1486  1517 D BrightnessSynchronizer: onDisplayChanged() : displayId=0
[2026-06-14T09:32:00.416Z] [ALL] 06-14 15:01:57.450  1486  1880 D BrightnessHandler: inject brightness = 30.0, Brightness: 0.11633016
[2026-06-14T09:32:00.416Z] [ALL] 06-14 15:01:57.450  1067  1067 I SensorsHub: LightSensor::injectSensorData: brightness 30
[2026-06-14T09:32:00.416Z] [ALL] 06-14 15:01:57.451  1486  1880 D LocalDisplayAdapter: surface lcd : 30(0.059), 30(0.059), main +
[2026-06-14T09:32:00.416Z] [ALL] 06-14 15:01:57.452  1486  1517 D BrightnessSynchronizer: updateScreenBrightness: displayId=0 type=2 mPreferredSettingValue=0.12085039(31) currentBrightnessInt=31 currentBrightnessIntFromFloat=31(0.12085039)
[2026-06-14T09:32:00.416Z] [ALL] 06-14 15:01:57.452  2112  2112 D SecBrightnessController: updateSlider() - BrightnessDialog resetTimer()
[2026-06-14T09:32:00.416Z] [ALL] 06-14 15:01:57.462  1062 15192 I display : HWC brightness (0.058975, 30)
[2026-06-14T09:32:00.416Z] [ALL] 06-14 15:01:57.463  1486  1880 D LocalDisplayAdapter: surface lcd : 30(0.059), 30(0.059), main -
[2026-06-14T09:32:00.416Z] [ALL] 06-14 15:01:57.471  1486  1880 D HdrSolution_HdrDisplayNitMapper: updataTargetNit--------------mLightSensorData: 111.0, scaleRatio: 7.98, target: 25.068->200
[2026-06-14T09:32:00.416Z] [ALL] 06-14 15:01:57.472  1486  1880 D BrightnessHandler: inject brightness = 24.0, Brightness: 0.09375972
[2026-06-14T09:32:00.416Z] [ALL] 06-14 15:01:57.473  1067  1067 I SensorsHub: LightSensor::injectSensorData: brightness 24
[2026-06-14T09:32:00.416Z] [ALL] 06-14 15:01:57.475  1486  1880 D BrightnessHandler: inject brightness = 24.0, Brightness: 0.09375972
[2026-06-14T09:32:00.416Z] [ALL] 06-14 15:01:57.476  1067  1067 I SensorsHub: LightSensor::injectSensorData: brightness 24
[2026-06-14T09:32:00.416Z] [ALL] 06-14 15:01:57.477  1486  1880 D LocalDisplayAdapter: surface lcd : 24(0.048), 24(0.048), main +
[2026-06-14T09:32:00.419Z] [ALL] 06-14 15:01:57.485  1062 15192 I display : HWC brightness (0.047532, 24)
[2026-06-14T09:32:00.419Z] [ALL] 06-14 15:01:57.486  1486  1880 D LocalDisplayAdapter: surface lcd : 24(0.048), 24(0.048), main -
[2026-06-14T09:32:00.419Z] [ALL] 06-14 15:01:57.489  1486  1880 D HdrSolution_HdrDisplayNitMapper: updataTargetNit--------------mLightSensorData: 111.0, scaleRatio: 9.35, target: 21.392->200
[2026-06-14T09:32:00.419Z] [ALL] 06-14 15:01:57.490  1486  1880 D BrightnessHandler: inject brightness = 21.0, Brightness: 0.08199502
[2026-06-14T09:32:00.419Z] [ALL] 06-14 15:01:57.490  1067  1067 I SensorsHub: LightSensor::injectSensorData: brightness 21
[2026-06-14T09:32:00.424Z] [ALL] 06-14 15:01:57.491  1486  1880 D BrightnessHandler: inject brightness = 21.0, Brightness: 0.08199502
[2026-06-14T09:32:00.424Z] [ALL] 06-14 15:01:57.491  1067  1067 I SensorsHub: LightSensor::injectSensorData: brightness 21
[2026-06-14T09:32:00.424Z] [ALL] 06-14 15:01:57.492  1486  1880 D LocalDisplayAdapter: surface lcd : 21(0.042), 21(0.042), main +
[2026-06-14T09:32:00.428Z] [ALL] 06-14 15:01:57.500  1062 15192 I display : HWC brightness (0.041568, 21)
[2026-06-14T09:32:00.429Z] [ALL] 06-14 15:01:57.500  1486  1880 D LocalDisplayAdapter: surface lcd : 21(0.042), 21(0.042), main -
[2026-06-14T09:32:00.429Z] [ALL] 06-14 15:01:57.503  1486  1880 D HdrSolution_HdrDisplayNitMapper: updataTargetNit--------------mLightSensorData: 111.0, scaleRatio: 11.19, target: 17.87->200
[2026-06-14T09:32:00.433Z] [ALL] 06-14 15:01:57.504  1486  1880 D BrightnessHandler: inject brightness = 18.0, Brightness: 0.07023031
[2026-06-14T09:32:00.433Z] [ALL] 06-14 15:01:57.505  1067  1067 I SensorsHub: LightSensor::injectSensorData: brightness 18
[2026-06-14T09:32:00.434Z] [ALL] 06-14 15:01:57.505  1486  1880 D BrightnessHandler: inject brightness = 18.0, Brightness: 0.07023031
[2026-06-14T09:32:00.434Z] [ALL] 06-14 15:01:57.506  1067  1067 I SensorsHub: LightSensor::injectSensorData: brightness 18
[2026-06-14T09:32:00.434Z] [ALL] 06-14 15:01:57.506 10725 10763 I appium  : Took 0ms to retrieve 1 matches for '//*[@text="Use Email OTP instead" or @text="Use Password instead" or contains(@text, "OTP") or contains(@text, "Password instead") or contains(@text, "ఓటిపి") or contains(@text, "பயன்படுத்து") or contains(@text, "उपयोग") or contains(@text, "వాడండి")]' XPath2 query
[2026-06-14T09:32:00.434Z] [ALL] 06-14 15:01:57.507  1486  1880 D LocalDisplayAdapter: surface lcd : 18(0.036), 18(0.036), main +
[2026-06-14T09:32:00.443Z] [ALL] 06-14 15:01:57.508 10725 10763 I appium  : AppiumResponse: {"sessionId":"e97b7abb-6aa8-4e9c-b8b4-b3047c3ed272","value":{"ELEMENT":"00000000-0000-0138-0000-005500000004","element-6066-11e4-a52e-4f735466cecf":"00000000-0000-0138-0000-005500000004"}}
[2026-06-14T09:32:00.451Z] [ALL] 06-14 15:01:57.515  1062 15192 I display : HWC brightness (0.035604, 18)
[2026-06-14T09:32:00.451Z] [ALL] 06-14 15:01:57.516  1486  1880 D LocalDisplayAdapter: surface lcd : 18(0.036), 18(0.036), main -
[2026-06-14T09:32:00.457Z] [ALL] 06-14 15:01:57.520  1486  1880 D HdrSolution_HdrDisplayNitMapper: updataTargetNit--------------mLightSensorData: 111.0, scaleRatio: 13.77, target: 14.521->200
[2026-06-14T09:32:00.457Z] [ALL] 06-14 15:01:57.521  1486  1880 D BrightnessHandler: inject brightness = 15.0, Brightness: 0.058465607
[2026-06-14T09:32:00.457Z] [ALL] 06-14 15:01:57.521  1067  1067 I SensorsHub: LightSensor::injectSensorData: brightness 15
[2026-06-14T09:32:00.457Z] [ALL] 06-14 15:01:57.522  1486  1880 D BrightnessHandler: inject brightness = 15.0, Brightness: 0.058465607
[2026-06-14T09:32:00.457Z] [ALL] 06-14 15:01:57.522  1067  1067 I SensorsHub: LightSensor::injectSensorData: brightness 15
[2026-06-14T09:32:00.457Z] [ALL] 06-14 15:01:57.523  1486  1880 D LocalDisplayAdapter: surface lcd : 15(0.030), 15(0.030), main +
[2026-06-14T09:32:00.459Z] [ALL] 06-14 15:01:57.531  1062 15192 I display : HWC brightness (0.029640, 15)
[2026-06-14T09:32:00.459Z] [ALL] 06-14 15:01:57.532  1486  1880 D LocalDisplayAdapter: surface lcd : 15(0.030), 15(0.030), main -
[2026-06-14T09:32:00.459Z] [ALL] 06-14 15:01:57.532 10725 10763 I appium  : channel read: GET /session/e97b7abb-6aa8-4e9c-b8b4-b3047c3ed272/element/00000000-0000-0138-0000-005500000004/attribute/displayed
[2026-06-14T09:32:00.459Z] [ALL] 06-14 15:01:57.532 10725 10763 I appium  : GetElementAttribute command
[2026-06-14T09:32:00.468Z] [ALL] 06-14 15:01:57.536  1486  1556 D DisplayPowerController[0]: animateScreenStateChange: target=ON, mIsEnabled=true
[2026-06-14T09:32:00.482Z] [ALL] 06-14 15:01:57.538  1486  1880 D HdrSolution_HdrDisplayNitMapper: updataTargetNit--------------mLightSensorData: 111.0, scaleRatio: 17.59, target: 11.368->200
[2026-06-14T09:32:00.482Z] [ALL] 06-14 15:01:57.539  1486  1880 D BrightnessHandler: inject brightness = 12.0, Brightness: 0.047058824
[2026-06-14T09:32:00.482Z] [ALL] 06-14 15:01:57.540  1067  1067 I SensorsHub: LightSensor::injectSensorData: brightness 12
[2026-06-14T09:32:00.482Z] [ALL] 06-14 15:01:57.541  1486  1880 D BrightnessHandler: inject brightness = 12.0, Brightness: 0.047058824
[2026-06-14T09:32:00.482Z] [ALL] 06-14 15:01:57.542 10725 10763 I appium  : AppiumResponse: {"sessionId":"e97b7abb-6aa8-4e9c-b8b4-b3047c3ed272","value":"true"}
[2026-06-14T09:32:00.482Z] [ALL] 06-14 15:01:57.542  1067  1067 I SensorsHub: LightSensor::injectSensorData: brightness 12
[2026-06-14T09:32:00.493Z] [ALL] 06-14 15:01:57.543  1486  1556 D DisplayPowerController[0]: saveBrightnessInfo: brt:0.12085039 adjBrt:0.047058824 min:0.0 max:1.0 hbm:0 tp:1.0 throttler:0 isAnimating:false
[2026-06-14T09:32:00.493Z] [ALL] 06-14 15:01:57.544  1486  1880 D LocalDisplayAdapter: surface lcd : 12(0.024), 12(0.024), main +
[2026-06-14T09:32:00.493Z] [ALL] 06-14 15:01:57.546  1486  1517 D BrightnessSynchronizer: onDisplayChanged() : displayId=0
[2026-06-14T09:32:00.493Z] [ALL] 06-14 15:01:57.547  1486  1517 D BrightnessSynchronizer: updateScreenBrightness: displayId=0 type=2 mPreferredSettingValue=0.12085039(31) currentBrightnessInt=31 currentBrightnessIntFromFloat=31(0.12085039)
[2026-06-14T09:32:00.493Z] [ALL] 06-14 15:01:57.548  2112  2112 D SecBrightnessController: updateSlider() - BrightnessDialog resetTimer()
[2026-06-14T09:32:00.493Z] [ALL] 06-14 15:01:57.552  1062 15192 I display : HWC brightness (0.023857, 12)
[2026-06-14T09:32:00.493Z] [ALL] 06-14 15:01:57.553  1486  1880 D LocalDisplayAdapter: surface lcd : 12(0.024), 12(0.024), main -
[2026-06-14T09:32:00.504Z] [ALL] 06-14 15:01:57.560 10725 10763 I appium  : channel read: POST /session/e97b7abb-6aa8-4e9c-b8b4-b3047c3ed272/element/00000000-0000-0138-0000-005500000004/click
[2026-06-14T09:32:00.504Z] [ALL] 06-14 15:01:57.561 10725 10763 I appium  : Click command
[2026-06-14T09:32:00.520Z] [ALL] 06-14 15:01:57.573  1149  1317 D SurfaceFlinger: setDesiredMode 4633128672291736000 {mode={fps=120.00 Hz, modePtr={id=0, vsyncRate=120.00 Hz, peakRefreshRate=120.00 Hz}}, emitEvent=false, force=false}
[2026-06-14T09:32:00.520Z] [ALL] 06-14 15:01:57.576  1149  1149 I SurfaceFlinger: SFWD update time=180331966312848
[2026-06-14T09:32:00.520Z] [ALL] 06-14 15:01:57.579  1149  1149 I SurfaceFlinger: No layers with votes - choose 120.00 Hz
[2026-06-14T09:32:00.531Z] [ALL] 06-14 15:01:57.580  1149  1149 D SurfaceFlinger: initiateModeChange 4633128672291736000 {mode={fps=120.00 Hz, modePtr={id=0, vsyncRate=120.00 Hz, peakRefreshRate=120.00 Hz}}, emitEvent=false, force=false}
[2026-06-14T09:32:00.531Z] [ALL] 06-14 15:01:57.580  1149  1149 I SurfaceFlinger: [4633128672291736000] ActiveConfigToHWC, ID : 3
[2026-06-14T09:32:00.531Z] [ALL] 06-14 15:01:57.583  1062 15192 D display : setActiveConfigWithConstraints:: PrimaryDisplay config(3)
[2026-06-14T09:32:00.531Z] [ALL] 06-14 15:01:57.583  1062 15192 I display : Current VRR MODE is 3
[2026-06-14T09:32:00.531Z] [ALL] 06-14 15:01:57.583  1062 15192 I display : setActiveConfigWithConstraints:: HFR match - config: 3, base: 3, try: 1
[2026-06-14T09:32:00.531Z] [ALL] 06-14 15:01:57.583  1062 15192 I display : setActiveConfigWithConstraints::update 1080x2340@120hs
[2026-06-14T09:32:00.531Z] [ALL] 06-14 15:01:57.584  1062 15192 I display : commit modeset : 1080x2340@120hs
[2026-06-14T09:32:00.531Z] [ALL] 06-14 15:01:57.587  1486  1517 D RefreshRateModeManager: updateFlickerRefreshRateVotes: brt=12, lux=213.0
[2026-06-14T09:32:00.542Z] [ALL] 06-14 15:01:57.601  1062 15192 W display : deliverWinConfigData:: commit modeset time (17 ms)
[2026-06-14T09:32:00.552Z] [ALL] 06-14 15:01:57.604  1062  1159 I display : [compareVsyncPeriod] set the lowest(mode:0) vsync 83 of display(0)
[2026-06-14T09:32:00.552Z] [ALL] 06-14 15:01:57.604  1062  1159 I display : getFpsForPerformance, performance table found using table(key:120, cpu:255)
[2026-06-14T09:32:00.552Z] [ALL] 06-14 15:01:57.605  1062  1159 I display : Set m2mMPP capacity(4) for fps(120)
[2026-06-14T09:32:00.552Z] [ALL] 06-14 15:01:57.605  1062  1159 I display : getFpsForPerformance, performance table found using table(key:120, cpu:255)
[2026-06-14T09:32:00.552Z] [ALL] 06-14 15:01:57.605  1062  1159 I display : Set Affinity config for fps(120) : cpuIDs : 255
[2026-06-14T09:32:00.552Z] [ALL] 06-14 15:01:57.605  1062  1159 I display : Set Affinity CPU ID : 0
[2026-06-14T09:32:00.552Z] [ALL] 06-14 15:01:57.605  1062  1159 I display : Set Affinity CPU ID : 1
[2026-06-14T09:32:00.552Z] [ALL] 06-14 15:01:57.605  1062  1159 I display : Set Affinity CPU ID : 2
[2026-06-14T09:32:00.552Z] [ALL] 06-14 15:01:57.605  1062  1159 I display : Set Affinity CPU ID : 3
[2026-06-14T09:32:00.552Z] [ALL] 06-14 15:01:57.605  1062  1159 I display : Set Affinity CPU ID : 4
[2026-06-14T09:32:00.552Z] [ALL] 06-14 15:01:57.605  1149  1149 I SurfaceFlinger: finalizeDisplayModeChange 4633128672291736000
[2026-06-14T09:32:00.552Z] [ALL] 06-14 15:01:57.605  1062  1159 I display : Set Affinity CPU ID : 5
[2026-06-14T09:32:00.552Z] [ALL] 06-14 15:01:57.605  1062  1159 I display : Set Affinity CPU ID : 6
[2026-06-14T09:32:00.552Z] [ALL] 06-14 15:01:57.605  1062  1159 I display : Set Affinity CPU ID : 7
[2026-06-14T09:32:00.552Z] [ALL] 06-14 15:01:57.605  1062  1159 I display : Set affinity HWC : 1062
[2026-06-14T09:32:00.552Z] [ALL] 06-14 15:01:57.606  1062  1159 I display : CPU set : Cluster(0), min_clock(0)
[2026-06-14T09:32:00.552Z] [ALL] 06-14 15:01:57.606  1062  1159 I display : CPU set : Cluster(1), min_clock(0)
[2026-06-14T09:32:00.552Z] [ALL] 06-14 15:01:57.606  1062  1159 I display : CPU set : Cluster(2), min_clock(0)
[2026-06-14T09:32:00.552Z] [ALL] 06-14 15:01:57.608  1149  1280 I SurfaceFlinger: Current= 60, Period= 120, hwcPeriod= 120
[2026-06-14T09:32:00.552Z] [ALL] 06-14 15:01:57.608  1486  3016 D InputDispatcher: Inject motion (10713/2000): action=0x0, time=180331958000000, f=0x0, d=0 dsdx=1.000000 dtdx=0.000000
[2026-06-14T09:32:00.557Z] [ALL] 06-14 15:01:57.609  1486  1665 I InputDispatcher: Delivering touch to (2112): action: 0x4, f=0x0, d=0, '1dcab54', t=1 
[2026-06-14T09:32:00.557Z] [ALL] 06-14 15:01:57.609  1486  1665 I InputDispatcher: Delivering touch to (11061): action: 0x0, f=0x0, d=0, 'b24f455', t=1 
[2026-06-14T09:32:00.557Z] [ALL] 06-14 15:01:57.610  1486  1665 D PowerManagerService: [api] userActivityFromNative : touch displayId=0 eventTime=180331958
[2026-06-14T09:32:00.557Z] [ALL] 06-14 15:01:57.610 11061 11061 I VRI[MainActivity]@99da679: ViewPostIme pointer 0
[2026-06-14T09:32:00.557Z] [ALL] 06-14 15:01:57.611  1486  1665 D PowerManagerService: clear abuse wakelock
[2026-06-14T09:32:00.557Z] [ALL] 06-14 15:01:57.611  1486  1665 D PowerManagerService: UserActivityStateListenerState: 1
[2026-06-14T09:32:00.557Z] [ALL] 06-14 15:01:57.611  1486  1665 D PowerManagerService: UserActivityState : 2 -> 1 groupId=0
[2026-06-14T09:32:00.557Z] [ALL] 06-14 15:01:57.612  1486  1665 D PowerManagerService: displayReady: false groupId=0
[2026-06-14T09:32:00.557Z] [ALL] 06-14 15:01:57.613  1486  1556 D DisplayPowerController[0]: animateScreenStateChange: target=ON, mIsEnabled=true
[2026-06-14T09:32:00.557Z] [ALL] 06-14 15:01:57.613  1486  1556 W DisplayPowerController[0]: Animating brightness: target=31(0.12), rate=1.973, reason=manual[31]
[2026-06-14T09:32:00.557Z] [ALL] 06-14 15:01:57.615  1486  1515 I GestureDetector: obtain mCurrentDownEvent. id: -299927254 caller: com.android.server.wm.SystemGesturesPointerEventListener.onPointerEvent:17 com.android.server.wm.PointerEventDispatcher.onInputEvent:51 android.view.InputEventReceiver.dispatchInputEvent:369 
[2026-06-14T09:32:00.557Z] [ALL] 06-14 15:01:57.615  2619  2619 I HoneySpace.InputConsumerFactory: checkMultiFingerGesture: returning NO_OP - gesture disabled or blocked
[2026-06-14T09:32:00.557Z] [ALL] 06-14 15:01:57.615  2619  2619 I HoneySpace.GestureInputHandler: inputConsumers = [com.honeyspace.gesture.inputconsumer.InputConsumer$Companion$NO_OP$1@b9cdf5b]
[2026-06-14T09:32:00.557Z] [ALL] 06-14 15:01:57.616  1486  3016 D InputDispatcher: Inject motion (10713/2000): action=0x1, time=180332004000000, f=0x0, d=0 dsdx=1.000000 dtdx=0.000000
[2026-06-14T09:32:00.558Z] [ALL] 06-14 15:01:57.616  2619  2619 I HoneySpace.InputSession: inputConsumers = NO_OP
[2026-06-14T09:32:00.558Z] [ALL] 06-14 15:01:57.616 11061 11061 I VRI[MainActivity]@99da679: call setFrameRateCategory for touch hint category=high hint, reason=touch, vri=VRI[MainActivity]@99da679
[2026-06-14T09:32:00.558Z] [ALL] 06-14 15:01:57.616  2619  2619 I HoneySpace.InputSession: open
[2026-06-14T09:32:00.558Z] [ALL] 06-14 15:01:57.618  1149  1149 I SurfaceFlinger: [com.safebank.ai/com.safebank.ai.MainActivity$_11061#104622] setFrameRateCategory: HighHint
[2026-06-14T09:32:00.558Z] [ALL] 06-14 15:01:57.619  1486  1665 I InputDispatcher: Delivering touch to (11061): action: 0x1, f=0x0, d=0, 'b24f455', t=1 
[2026-06-14T09:32:00.558Z] [ALL] 06-14 15:01:57.620 11061 11061 I VRI[MainActivity]@99da679: ViewPostIme pointer 1
[2026-06-14T09:32:00.558Z] [ALL] 06-14 15:01:57.620  4132  4132 I SemDvfsHyPerManager: acquire hyper - TABoost/4132@29, type = -999
[2026-06-14T09:32:00.558Z] [ALL] 06-14 15:01:57.621  2619  2619 I HoneySpace.GestureInputHandler: reset
[2026-06-14T09:32:00.558Z] [ALL] 06-14 15:01:57.621  2619  2619 I HoneySpace.InputSession: close
[2026-06-14T09:32:00.558Z] [ALL] 06-14 15:01:57.621  1075  1175 I HYPER-HAL: [RequestManager.cpp]acquire(): Acquired ID : 8659070  [4132 / 29]    HINT :      list : [TABoost / 1] [TIMEOUT / 1500] 
[2026-06-14T09:32:00.558Z] [ALL] 06-14 15:01:57.623  1486  1515 I GestureDetector: obtain mCurrentDownEvent. id: -299927254 caller: com.android.server.wm.SystemPerformancePointerEventListener.onPointerEvent:13 com.android.server.wm.PointerEventDispatcher.onInputEvent:51 android.view.InputEventReceiver.dispatchInputEvent:369 
[2026-06-14T09:32:00.558Z] [ALL] 06-14 15:01:57.624  1486  1515 I GestureDetector: obtain mCurrentMotionEventRaw. action: 1 id: -1020897512
[2026-06-14T09:32:00.558Z] [ALL] 06-14 15:01:57.624  1486  1515 I GestureDetector: obtain mCurrentMotionEventRaw. action: 1 id: -1020897512
[2026-06-14T09:32:00.558Z] [ALL] 06-14 15:01:57.625  1486  1486 I MdnieScenarioControlService: action  :  com.samsung.server.PowerManagerService.action.USER_ACTIVITY
[2026-06-14T09:32:00.558Z] [ALL] 06-14 15:01:57.625  1486  1556 D DisplayPowerController[0]: putAutoBrightnessTransitionTime: transitionTime=37
[2026-06-14T09:32:00.558Z] [ALL] 06-14 15:01:57.625  1486  1486 D PowerManagerService: [api] setScreenDimDurationOverrideFromSqdInternal: mScreenDimDurationOverrideFromSQD: -1
[2026-06-14T09:32:00.558Z] [ALL] 06-14 15:01:57.626  1486  1556 D SettingsProvider: PUT_ret(/system/auto_brightness_transition_time), callingPackage:android
[2026-06-14T09:32:00.558Z] [ALL] 06-14 15:01:57.626  1486  1556 D DisplayPowerController[0]: saveBrightnessInfo: brt:0.12085039 adjBrt:0.12085039 min:0.0 max:1.0 hbm:0 tp:1.0 throttler:0 isAnimating:true
[2026-06-14T09:32:00.558Z] [ALL] 06-14 15:01:57.626  1486  1556 V DisplayPowerController[0]: Brightness [0.12085039] reason changing to: 'manual', previous reason: 'manual [ dim ]'.
[2026-06-14T09:32:00.558Z] [ALL] 06-14 15:01:57.626  1486  1556 I DisplayPowerController[0]: BrightnessEvent: brt=0.12085039(59.0%), nits=33.926178, lux=-1.0, reason=manual, strat=FallbackBrightnessStrategy, state=ON, stateReason=KEY, policy=BRIGHT, flags=, initBrt=0.047058824, rcmdBrt=NaN, preBrt=NaN, preLux=0.0, wasShortTermModelActive=false, autoBrightness=false (default), unclampedBrt=0.12085039, hbmMax=1.0, hbmMode=off, thrmMax=1.0, rbcStrength=-1, powerFactor=1.0, physDisp=Built-in Screen(local:4633128672291736000), logicalId=0, slowChange=false, rampSpeed=1.972549
[2026-06-14T09:32:00.558Z] [ALL] 06-14 15:01:57.626  1486  1517 D RefreshRateModeManager: updateFlickerRefreshRateVotes: brt=12, lux=162.0
[2026-06-14T09:32:00.558Z] [ALL] 06-14 15:01:57.627  1486  1556 D PowerManagerService: displayReady: true groupId=0
[2026-06-14T09:32:00.561Z] [ALL] 06-14 15:01:57.628 10725 10763 W GestureController: Gestures took longer than expected (59ms >> 8ms), device might be in a busy state.
[2026-06-14T09:32:00.561Z] [ALL] 06-14 15:01:57.628 10725 10763 I appium  : Waiting up to 10000ms for the device to idle
[2026-06-14T09:32:00.561Z] [ALL] 06-14 15:01:57.629  1486  1880 D HdrSolution_HdrDisplayNitMapper: updataTargetNit--------------mLightSensorData: 111.0, scaleRatio: 11.19, target: 17.87->200
[2026-06-14T09:32:00.561Z] [ALL] 06-14 15:01:57.630  2112  2112 D BrightnessControllerObserver: BrightnessObserver.onChange() : auto_brightness_transition_time
[2026-06-14T09:32:00.561Z] [ALL] 06-14 15:01:57.630 10725 10763 I appium  : AppiumResponse: {"sessionId":"e97b7abb-6aa8-4e9c-b8b4-b3047c3ed272","value":null}
[2026-06-14T09:32:00.561Z] [ALL] 06-14 15:01:57.632  1486  1880 D BrightnessHandler: inject brightness = 18.0, Brightness: 0.071119525
[2026-06-14T09:32:00.561Z] [ALL] 06-14 15:01:57.633  1067  1067 I SensorsHub: LightSensor::injectSensorData: brightness 18
[2026-06-14T09:32:00.564Z] [ALL] 06-14 15:01:57.634  1486  1880 D BrightnessHandler: inject brightness = 18.0, Brightness: 0.071119525
[2026-06-14T09:32:00.564Z] [ALL] 06-14 15:01:57.634  1067  1067 I SensorsHub: LightSensor::injectSensorData: brightness 18
[2026-06-14T09:32:00.564Z] [ALL] 06-14 15:01:57.635  1486  1880 D LocalDisplayAdapter: surface lcd : 18(0.036), 18(0.036), main +
[2026-06-14T09:32:00.572Z] [ALL] 06-14 15:01:57.637  1486  1517 D BrightnessSynchronizer: onDisplayChanged() : displayId=0
[2026-06-14T09:32:00.572Z] [ALL] 06-14 15:01:57.638  1486  1517 D BrightnessSynchronizer: updateScreenBrightness: displayId=0 type=2 mPreferredSettingValue=0.12085039(31) currentBrightnessInt=31 currentBrightnessIntFromFloat=31(0.12085039)
[2026-06-14T09:32:00.572Z] [ALL] 06-14 15:01:57.639  2112  2112 D SecBrightnessController: updateSlider() - BrightnessDialog resetTimer()
[2026-06-14T09:32:00.576Z] [ALL] 06-14 15:01:57.643  1062 15192 I display : HWC brightness (0.036055, 18)
[2026-06-14T09:32:00.576Z] [ALL] 06-14 15:01:57.644  1486  1880 D LocalDisplayAdapter: surface lcd : 18(0.036), 18(0.036), main -
[2026-06-14T09:32:00.576Z] [ALL] 06-14 15:01:57.645  1486  1880 D HdrSolution_HdrDisplayNitMapper: updataTargetNit--------------mLightSensorData: 111.0, scaleRatio: 6.92, target: 28.884->200
[2026-06-14T09:32:00.576Z] [ALL] 06-14 15:01:57.646  1486  1880 D BrightnessHandler: inject brightness = 27.0, Brightness: 0.10399534
[2026-06-14T09:32:00.576Z] [ALL] 06-14 15:01:57.647  1067  1067 I SensorsHub: LightSensor::injectSensorData: brightness 27
[2026-06-14T09:32:00.576Z] [ALL] 06-14 15:01:57.647  1486  1880 D BrightnessHandler: inject brightness = 27.0, Brightness: 0.10399534
[2026-06-14T09:32:00.576Z] [ALL] 06-14 15:01:57.647  1067  1067 I SensorsHub: LightSensor::injectSensorData: brightness 27
[2026-06-14T09:32:00.578Z] [ALL] 06-14 15:01:57.648  1486  1880 D LocalDisplayAdapter: surface lcd : 27(0.053), 27(0.053), main +
[2026-06-14T09:32:00.578Z] [ALL] 06-14 15:01:57.649 10725 10763 I appium  : channel read: POST /session/e97b7abb-6aa8-4e9c-b8b4-b3047c3ed272/element
[2026-06-14T09:32:00.578Z] [ALL] 06-14 15:01:57.650 10725 10763 I appium  : FindElement command
[2026-06-14T09:32:00.580Z] [ALL] 06-14 15:01:57.652 10725 10763 I appium  : method: '-android uiautomator', selector: 'new UiSelector().className("android.widget.EditText").instance(0)'
[2026-06-14T09:32:00.580Z] [ALL] 06-14 15:01:57.652 10725 10763 I appium  : Waiting up to 10000ms for the device to idle
[2026-06-14T09:32:00.603Z] [ALL] 06-14 15:01:57.656  1062 15192 I display : HWC brightness (0.052721, 27)
[2026-06-14T09:32:00.603Z] [ALL] 06-14 15:01:57.657  1486  1880 D LocalDisplayAdapter: surface lcd : 27(0.053), 27(0.053), main -
[2026-06-14T09:32:00.625Z] [ALL] 06-14 15:01:57.658  1486  1880 D HdrSolution_HdrDisplayNitMapper: updataTargetNit--------------mLightSensorData: 111.0, scaleRatio: 5.85, target: 34.173->200
[2026-06-14T09:32:00.625Z] [ALL] 06-14 15:01:57.660  1486  1556 D DisplayPowerController[0]: animateScreenStateChange: target=ON, mIsEnabled=true
[2026-06-14T09:32:00.625Z] [ALL] 06-14 15:01:57.661  1486  1880 D BrightnessHandler: inject brightness = 31.0, Brightness: 0.12043324
[2026-06-14T09:32:00.625Z] [ALL] 06-14 15:01:57.661  1486  1556 D DisplayPowerController[0]: putAutoBrightnessTransitionTime: transitionTime=0
[2026-06-14T09:32:00.625Z] [ALL] 06-14 15:01:57.662  1067  1067 I SensorsHub: LightSensor::injectSensorData: brightness 31
[2026-06-14T09:32:00.625Z] [ALL] 06-14 15:01:57.662  1486  1556 D SettingsProvider: PUT_ret(/system/auto_brightness_transition_time), callingPackage:android
[2026-06-14T09:32:00.625Z] [ALL] 06-14 15:01:57.663  1486  1880 D BrightnessHandler: inject brightness = 31.0, Brightness: 0.12043324
[2026-06-14T09:32:00.625Z] [ALL] 06-14 15:01:57.664  2112  2112 D BrightnessControllerObserver: BrightnessObserver.onChange() : auto_brightness_transition_time
[2026-06-14T09:32:00.625Z] [ALL] 06-14 15:01:57.664  1067  1067 I SensorsHub: LightSensor::injectSensorData: brightness 31
[2026-06-14T09:32:00.625Z] [ALL] 06-14 15:01:57.665  1486  1880 D LocalDisplayAdapter: surface lcd : 31(0.061), 31(0.061), main +
[2026-06-14T09:32:00.626Z] [ALL] 06-14 15:01:57.665  1486  1556 D DisplayPowerController[0]: saveBrightnessInfo: brt:0.12085039 adjBrt:0.12085039 min:0.0 max:1.0 hbm:0 tp:1.0 throttler:0 isAnimating:false
[2026-06-14T09:32:00.626Z] [ALL] 06-14 15:01:57.667  1486  1517 D BrightnessSynchronizer: onDisplayChanged() : displayId=0
[2026-06-14T09:32:00.626Z] [ALL] 06-14 15:01:57.667  1486  1517 D BrightnessSynchronizer: updateScreenBrightness: displayId=0 type=2 mPreferredSettingValue=0.12085039(31) currentBrightnessInt=31 currentBrightnessIntFromFloat=31(0.12085039)
[2026-06-14T09:32:00.626Z] [ALL] 06-14 15:01:57.669  2112  2112 D SecBrightnessController: updateSlider() - BrightnessDialog resetTimer()
[2026-06-14T09:32:00.626Z] [ALL] 06-14 15:01:57.673  1062 15192 I display : HWC brightness (0.061055, 31)
[2026-06-14T09:32:00.626Z] [ALL] 06-14 15:01:57.674  1486  1880 D LocalDisplayAdapter: surface lcd : 31(0.061), 31(0.061), main -
[2026-06-14T09:32:00.626Z] [ALL] 06-14 15:01:57.675  1486  1880 D HdrSolution_HdrDisplayNitMapper: updataTargetNit--------------mLightSensorData: 111.0, scaleRatio: 5.85, target: 34.173->200
[2026-06-14T09:32:00.626Z] [ALL] 06-14 15:01:57.677  1486  1880 D BrightnessHandler: inject brightness = 31.0, Brightness: 0.12085039
[2026-06-14T09:32:00.626Z] [ALL] 06-14 15:01:57.678  1067  1067 I SensorsHub: LightSensor::injectSensorData: brightness 31
[2026-06-14T09:32:00.626Z] [ALL] 06-14 15:01:57.678  1486  1880 D BrightnessHandler: inject brightness = 31.0, Brightness: 0.12085039
[2026-06-14T09:32:00.626Z] [ALL] 06-14 15:01:57.679  1067  1067 I SensorsHub: LightSensor::injectSensorData: brightness 31
[2026-06-14T09:32:00.626Z] [ALL] 06-14 15:01:57.680  1486  1880 D LocalDisplayAdapter: surface lcd : 31(0.061), 31(0.061), main +
[2026-06-14T09:32:00.669Z] [ALL] 06-14 15:01:57.688  1062 15192 I display : HWC brightness (0.061266, 31)
[2026-06-14T09:32:00.669Z] [ALL] 06-14 15:01:57.688  1486  1880 D LocalDisplayAdapter: surface lcd : 31(0.061), 31(0.061), main -
[2026-06-14T09:32:00.669Z] [ALL] 06-14 15:01:57.696 10725 10763 I QueryController: Matched selector: UiSelector[CLASS=android.widget.EditText, INSTANCE=0] <<==>> [android.view.accessibility.AccessibilityNodeInfo@8f05; boundsInParent: Rect(0, 0 - 0, 0); boundsInScreen: Rect(113, 1090 - 967, 1248); boundsInWindow: Rect(113, 1090 - 967, 1248); packageName: com.safebank.ai; className: android.widget.EditText; text: invalidemail; error: null; maxTextLength: -1; stateDescription: null; contentDescription: null; tooltipText: null; containerTitle: null; viewIdResName: null; uniqueId: null; checkable: false; checked: false; focusable: true; focused: false; selected: false; clickable: true; longClickable: true; contextClickable: false; enabled: true; password: false; scrollable: false; granularScrollingSupported: false; importantForAccessibility: true; visible: true; actions: [AccessibilityAction: ACTION_FOCUS - null, AccessibilityAction: ACTION_NEXT_AT_MOVEMENT_GRANULARITY - null, AccessibilityAction: ACTION_PREVIOUS_AT_MOVEMENT_GRANULARITY - null, AccessibilityAction: ACTION_ACCESSIBILITY_FOCUS - null, AccessibilityAction: ACTION_CLICK - null, AccessibilityAction: ACTION_LONG_CLICK - null, AccessibilityAction: ACTION_SET_TEXT - null, AccessibilityAction: ACTION_IME_ENTER - null, AccessibilityAction: ACTION_SET_SELECTION - null]; isTextSelectable: false]
[2026-06-14T09:32:00.669Z] [ALL] 06-14 15:01:57.698 10725 10763 I appium  : AppiumResponse: {"sessionId":"e97b7abb-6aa8-4e9c-b8b4-b3047c3ed272","value":{"ELEMENT":"00000000-0000-0138-0000-005600000004","element-6066-11e4-a52e-4f735466cecf":"00000000-0000-0138-0000-005600000004"}}
[2026-06-14T09:32:00.712Z] [ALL] 06-14 15:01:57.742 10725 10763 I appium  : channel read: GET /session/e97b7abb-6aa8-4e9c-b8b4-b3047c3ed272/element/00000000-0000-0138-0000-005600000004/attribute/displayed
[2026-06-14T09:32:00.727Z] [ALL] 06-14 15:01:57.745 10725 10763 I appium  : GetElementAttribute command
[2026-06-14T09:32:00.727Z] [ALL] 06-14 15:01:57.754 10725 10763 I QueryController: Matched selector: UiSelector[CLASS=android.widget.EditText, INSTANCE=0] <<==>> [android.view.accessibility.AccessibilityNodeInfo@8f05; boundsInParent: Rect(0, 0 - 0, 0); boundsInScreen: Rect(113, 1090 - 967, 1248); boundsInWindow: Rect(113, 1090 - 967, 1248); packageName: com.safebank.ai; className: android.widget.EditText; text: invalidemail; error: null; maxTextLength: -1; stateDescription: null; contentDescription: null; tooltipText: null; containerTitle: null; viewIdResName: null; uniqueId: null; checkable: false; checked: false; focusable: true; focused: false; selected: false; clickable: true; longClickable: true; contextClickable: false; enabled: true; password: false; scrollable: false; granularScrollingSupported: false; importantForAccessibility: true; visible: true; actions: [AccessibilityAction: ACTION_FOCUS - null, AccessibilityAction: ACTION_NEXT_AT_MOVEMENT_GRANULARITY - null, AccessibilityAction: ACTION_PREVIOUS_AT_MOVEMENT_GRANULARITY - null, AccessibilityAction: ACTION_ACCESSIBILITY_FOCUS - null, AccessibilityAction: ACTION_CLICK - null, AccessibilityAction: ACTION_LONG_CLICK - null, AccessibilityAction: ACTION_SET_TEXT - null, AccessibilityAction: ACTION_IME_ENTER - null, AccessibilityAction: ACTION_SET_SELECTION - null]; isTextSelectable: false]
[2026-06-14T09:32:00.727Z] [ALL] 06-14 15:01:57.755 10725 10763 D UiObject: Waiting 0ms for UiSelector[CLASS=android.widget.EditText, INSTANCE=0].
[2026-06-14T09:32:00.727Z] [ALL] 06-14 15:01:57.763 10725 10763 I QueryController: Matched selector: UiSelector[CLASS=android.widget.EditText, INSTANCE=0] <<==>> [android.view.accessibility.AccessibilityNodeInfo@8f05; boundsInParent: Rect(0, 0 - 0, 0); boundsInScreen: Rect(113, 1090 - 967, 1248); boundsInWindow: Rect(113, 1090 - 967, 1248); packageName: com.safebank.ai; className: android.widget.EditText; text: invalidemail; error: null; maxTextLength: -1; stateDescription: null; contentDescription: null; tooltipText: null; containerTitle: null; viewIdResName: null; uniqueId: null; checkable: false; checked: false; focusable: true; focused: false; selected: false; clickable: true; longClickable: true; contextClickable: false; enabled: true; password: false; scrollable: false; granularScrollingSupported: false; importantForAccessibility: true; visible: true; actions: [AccessibilityAction: ACTION_FOCUS - null, AccessibilityAction: ACTION_NEXT_AT_MOVEMENT_GRANULARITY - null, AccessibilityAction: ACTION_PREVIOUS_AT_MOVEMENT_GRANULARITY - null, AccessibilityAction: ACTION_ACCESSIBILITY_FOCUS - null, AccessibilityAction: ACTION_CLICK - null, AccessibilityAction: ACTION_LONG_CLICK - null, AccessibilityAction: ACTION_SET_TEXT - null, AccessibilityAction: ACTION_IME_ENTER - null, AccessibilityAction: ACTION_SET_SELECTION - null]; isTextSelectable: false]
[2026-06-14T09:32:00.727Z] [ALL] 06-14 15:01:57.769 10725 10763 I QueryController: Matched selector: UiSelector[CLASS=android.widget.EditText, INSTANCE=0] <<==>> [android.view.accessibility.AccessibilityNodeInfo@8f05; boundsInParent: Rect(0, 0 - 0, 0); boundsInScreen: Rect(113, 1090 - 967, 1248); boundsInWindow: Rect(113, 1090 - 967, 1248); packageName: com.safebank.ai; className: android.widget.EditText; text: invalidemail; error: null; maxTextLength: -1; stateDescription: null; contentDescription: null; tooltipText: null; containerTitle: null; viewIdResName: null; uniqueId: null; checkable: false; checked: false; focusable: true; focused: false; selected: false; clickable: true; longClickable: true; contextClickable: false; enabled: true; password: false; scrollable: false; granularScrollingSupported: false; importantForAccessibility: true; visible: true; actions: [AccessibilityAction: ACTION_FOCUS - null, AccessibilityAction: ACTION_NEXT_AT_MOVEMENT_GRANULARITY - null, AccessibilityAction: ACTION_PREVIOUS_AT_MOVEMENT_GRANULARITY - null, AccessibilityAction: ACTION_ACCESSIBILITY_FOCUS - null, AccessibilityAction: ACTION_CLICK - null, AccessibilityAction: ACTION_LONG_CLICK - null, AccessibilityAction: ACTION_SET_TEXT - null, AccessibilityAction: ACTION_IME_ENTER - null, AccessibilityAction: ACTION_SET_SELECTION - null]; isTextSelectable: false]
[2026-06-14T09:32:00.727Z] [ALL] 06-14 15:01:57.771 10725 10763 I appium  : AppiumResponse: {"sessionId":"e97b7abb-6aa8-4e9c-b8b4-b3047c3ed272","value":"true"}
[2026-06-14T09:32:00.747Z] [ALL] 06-14 15:01:57.812 10725 10763 I appium  : channel read: POST /session/e97b7abb-6aa8-4e9c-b8b4-b3047c3ed272/element/00000000-0000-0138-0000-005600000004/clear
[2026-06-14T09:32:00.756Z] [ALL] 06-14 15:01:57.815 10725 10763 I appium  : Clear command
[2026-06-14T09:32:00.764Z] [ALL] 06-14 15:01:57.823 10725 10763 I QueryController: Matched selector: UiSelector[CLASS=android.widget.EditText, INSTANCE=0] <<==>> [android.view.accessibility.AccessibilityNodeInfo@8f05; boundsInParent: Rect(0, 0 - 0, 0); boundsInScreen: Rect(113, 1090 - 967, 1248); boundsInWindow: Rect(113, 1090 - 967, 1248); packageName: com.safebank.ai; className: android.widget.EditText; text: invalidemail; error: null; maxTextLength: -1; stateDescription: null; contentDescription: null; tooltipText: null; containerTitle: null; viewIdResName: null; uniqueId: null; checkable: false; checked: false; focusable: true; focused: false; selected: false; clickable: true; longClickable: true; contextClickable: false; enabled: true; password: false; scrollable: false; granularScrollingSupported: false; importantForAccessibility: true; visible: true; actions: [AccessibilityAction: ACTION_FOCUS - null, AccessibilityAction: ACTION_NEXT_AT_MOVEMENT_GRANULARITY - null, AccessibilityAction: ACTION_PREVIOUS_AT_MOVEMENT_GRANULARITY - null, AccessibilityAction: ACTION_ACCESSIBILITY_FOCUS - null, AccessibilityAction: ACTION_CLICK - null, AccessibilityAction: ACTION_LONG_CLICK - null, AccessibilityAction: ACTION_SET_TEXT - null, AccessibilityAction: ACTION_IME_ENTER - null, AccessibilityAction: ACTION_SET_SELECTION - null]; isTextSelectable: false]
[2026-06-14T09:32:00.775Z] [ALL] 06-14 15:01:57.839 10725 10763 I QueryController: Matched selector: UiSelector[CLASS=android.widget.EditText, INSTANCE=0] <<==>> [android.view.accessibility.AccessibilityNodeInfo@8f05; boundsInParent: Rect(0, 0 - 0, 0); boundsInScreen: Rect(113, 1090 - 967, 1248); boundsInWindow: Rect(113, 1090 - 967, 1248); packageName: com.safebank.ai; className: android.widget.EditText; text: invalidemail; error: null; maxTextLength: -1; stateDescription: null; contentDescription: null; tooltipText: null; containerTitle: null; viewIdResName: null; uniqueId: null; checkable: false; checked: false; focusable: true; focused: false; selected: false; clickable: true; longClickable: true; contextClickable: false; enabled: true; password: false; scrollable: false; granularScrollingSupported: false; importantForAccessibility: true; visible: true; actions: [AccessibilityAction: ACTION_FOCUS - null, AccessibilityAction: ACTION_NEXT_AT_MOVEMENT_GRANULARITY - null, AccessibilityAction: ACTION_PREVIOUS_AT_MOVEMENT_GRANULARITY - null, AccessibilityAction: ACTION_ACCESSIBILITY_FOCUS - null, AccessibilityAction: ACTION_CLICK - null, AccessibilityAction: ACTION_LONG_CLICK - null, AccessibilityAction: ACTION_SET_TEXT - null, AccessibilityAction: ACTION_IME_ENTER - null, AccessibilityAction: ACTION_SET_SELECTION - null]; isTextSelectable: false]
[2026-06-14T09:32:00.775Z] [ALL] 06-14 15:01:57.839 10725 10763 D UiObject: Setting text to ''.
[2026-06-14T09:32:00.789Z] [ALL] 06-14 15:01:57.840  1486  3016 D PowerManagerService: [api] userActivity : accessibility (uid: 1000 pid: 1486) <- performAccessibilityAction() in com.android.server.accessibility.AbstractAccessibilityServiceConnection:220 displayId=0 eventTime=180332229
[2026-06-14T09:32:00.789Z] [ALL] 06-14 15:01:57.849 10725 10763 I appium  : AppiumResponse: {"sessionId":"e97b7abb-6aa8-4e9c-b8b4-b3047c3ed272","value":null}
[2026-06-14T09:32:00.797Z] [ALL] 06-14 15:01:57.860  1486  1556 D DisplayManagerService: handleBrightnessAnimation: started=false
[2026-06-14T09:32:00.797Z] [ALL] 06-14 15:01:57.861  1486  1556 D RefreshRateTokenController: Removing refreshRateToken={ RefreshRateToken[->PassiveModeToken:BrightnessAnim, acquire at 180331822 (428 ms ago)},
[2026-06-14T09:32:00.797Z] [ALL] 06-14 15:01:57.861  1486  1556 D RefreshRateTokenController:     caller=com.android.server.display.mode.RefreshRateToken.release:5 com.android.server.display.DisplayManagerService$$ExternalSyntheticLambda0.accept:427 com.android.server.display.DisplayPowerController$3.run:24 android.os.Handler.handleCallback:1070 android.os.Handler.dispatchMessage:125 
[2026-06-14T09:32:00.818Z] [ALL] 06-14 15:01:57.889 10725 10763 I appium  : channel read: POST /session/e97b7abb-6aa8-4e9c-b8b4-b3047c3ed272/element/00000000-0000-0138-0000-005600000004/clear
[2026-06-14T09:32:00.850Z] [ALL] 06-14 15:01:57.892 10725 10763 I appium  : Clear command
[2026-06-14T09:32:00.868Z] [ALL] 06-14 15:01:57.901 10725 10763 I QueryController: Matched selector: UiSelector[CLASS=android.widget.EditText, INSTANCE=0] <<==>> [android.view.accessibility.AccessibilityNodeInfo@8f05; boundsInParent: Rect(0, 0 - 0, 0); boundsInScreen: Rect(113, 1090 - 967, 1248); boundsInWindow: Rect(113, 1090 - 967, 1248); packageName: com.safebank.ai; className: android.widget.EditText; text: invalidemail; error: null; maxTextLength: -1; stateDescription: null; contentDescription: null; tooltipText: null; containerTitle: null; viewIdResName: null; uniqueId: null; checkable: false; checked: false; focusable: true; focused: false; selected: false; clickable: true; longClickable: true; contextClickable: false; enabled: true; password: false; scrollable: false; granularScrollingSupported: false; importantForAccessibility: true; visible: true; actions: [AccessibilityAction: ACTION_FOCUS - null, AccessibilityAction: ACTION_NEXT_AT_MOVEMENT_GRANULARITY - null, AccessibilityAction: ACTION_PREVIOUS_AT_MOVEMENT_GRANULARITY - null, AccessibilityAction: ACTION_ACCESSIBILITY_FOCUS - null, AccessibilityAction: ACTION_CLICK - null, AccessibilityAction: ACTION_LONG_CLICK - null, AccessibilityAction: ACTION_SET_TEXT - null, AccessibilityAction: ACTION_IME_ENTER - null, AccessibilityAction: ACTION_SET_SELECTION - null]; isTextSelectable: false]
[2026-06-14T09:32:00.868Z] [ALL] 06-14 15:01:57.909 10725 10763 I QueryController: Matched selector: UiSelector[CLASS=android.widget.EditText, INSTANCE=0] <<==>> [android.view.accessibility.AccessibilityNodeInfo@8f05; boundsInParent: Rect(0, 0 - 0, 0); boundsInScreen: Rect(113, 1090 - 967, 1248); boundsInWindow: Rect(113, 1090 - 967, 1248); packageName: com.safebank.ai; className: android.widget.EditText; text: invalidemail; error: null; maxTextLength: -1; stateDescription: null; contentDescription: null; tooltipText: null; containerTitle: null; viewIdResName: null; uniqueId: null; checkable: false; checked: false; focusable: true; focused: false; selected: false; clickable: true; longClickable: true; contextClickable: false; enabled: true; password: false; scrollable: false; granularScrollingSupported: false; importantForAccessibility: true; visible: true; actions: [AccessibilityAction: ACTION_FOCUS - null, AccessibilityAction: ACTION_NEXT_AT_MOVEMENT_GRANULARITY - null, AccessibilityAction: ACTION_PREVIOUS_AT_MOVEMENT_GRANULARITY - null, AccessibilityAction: ACTION_ACCESSIBILITY_FOCUS - null, AccessibilityAction: ACTION_CLICK - null, AccessibilityAction: ACTION_LONG_CLICK - null, AccessibilityAction: ACTION_SET_TEXT - null, AccessibilityAction: ACTION_IME_ENTER - null, AccessibilityAction: ACTION_SET_SELECTION - null]; isTextSelectable: false]
[2026-06-14T09:32:00.868Z] [ALL] 06-14 15:01:57.909 10725 10763 D UiObject: Setting text to ''.
[2026-06-14T09:32:00.868Z] [ALL] 06-14 15:01:57.914  1486  1515 I GestureDetector: handleMessage TAP
[2026-06-14T09:32:00.868Z] [ALL] 06-14 15:01:57.923  1486  1486 I GestureDetector: handleMessage TAP
[2026-06-14T09:32:00.898Z] [ALL] 06-14 15:01:57.941 10725 10763 I appium  : AppiumResponse: {"sessionId":"e97b7abb-6aa8-4e9c-b8b4-b3047c3ed272","value":null}
[2026-06-14T09:32:00.941Z] [ALL] 06-14 15:01:58.008 10725 10763 I appium  : channel read: POST /session/e97b7abb-6aa8-4e9c-b8b4-b3047c3ed272/element/00000000-0000-0138-0000-005600000004/value
[2026-06-14T09:32:00.958Z] [ALL] 06-14 15:01:58.012 10725 10763 I appium  : SendKeysToElement command
[2026-06-14T09:32:00.983Z] [ALL] 06-14 15:01:58.023 10725 10763 I QueryController: Matched selector: UiSelector[CLASS=android.widget.EditText, INSTANCE=0] <<==>> [android.view.accessibility.AccessibilityNodeInfo@8f05; boundsInParent: Rect(0, 0 - 0, 0); boundsInScreen: Rect(113, 1090 - 967, 1248); boundsInWindow: Rect(113, 1090 - 967, 1248); packageName: com.safebank.ai; className: android.widget.EditText; text: invalidemail; error: null; maxTextLength: -1; stateDescription: null; contentDescription: null; tooltipText: null; containerTitle: null; viewIdResName: null; uniqueId: null; checkable: false; checked: false; focusable: true; focused: false; selected: false; clickable: true; longClickable: true; contextClickable: false; enabled: true; password: false; scrollable: false; granularScrollingSupported: false; importantForAccessibility: true; visible: true; actions: [AccessibilityAction: ACTION_FOCUS - null, AccessibilityAction: ACTION_NEXT_AT_MOVEMENT_GRANULARITY - null, AccessibilityAction: ACTION_PREVIOUS_AT_MOVEMENT_GRANULARITY - null, AccessibilityAction: ACTION_ACCESSIBILITY_FOCUS - null, AccessibilityAction: ACTION_CLICK - null, AccessibilityAction: ACTION_LONG_CLICK - null, AccessibilityAction: ACTION_SET_TEXT - null, AccessibilityAction: ACTION_IME_ENTER - null, AccessibilityAction: ACTION_SET_SELECTION - null]; isTextSelectable: false]
[2026-06-14T09:32:01.018Z] [ALL] 06-14 15:01:58.040 10725 10763 I QueryController: Matched selector: UiSelector[CLASS=android.widget.EditText, INSTANCE=0] <<==>> [android.view.accessibility.AccessibilityNodeInfo@8f05; boundsInParent: Rect(0, 0 - 0, 0); boundsInScreen: Rect(113, 1090 - 967, 1249); boundsInWindow: Rect(113, 1090 - 967, 1249); packageName: com.safebank.ai; className: android.widget.EditText; text: ; error: null; maxTextLength: -1; stateDescription: null; contentDescription: null; tooltipText: null; containerTitle: null; viewIdResName: null; uniqueId: null; checkable: false; checked: false; focusable: true; focused: false; selected: false; clickable: true; longClickable: true; contextClickable: false; enabled: true; password: false; scrollable: false; granularScrollingSupported: false; importantForAccessibility: true; visible: true; actions: [AccessibilityAction: ACTION_FOCUS - null, AccessibilityAction: ACTION_ACCESSIBILITY_FOCUS - null, AccessibilityAction: ACTION_CLICK - null, AccessibilityAction: ACTION_LONG_CLICK - null, AccessibilityAction: ACTION_SET_TEXT - null, AccessibilityAction: ACTION_IME_ENTER - null]; isTextSelectable: false]
[2026-06-14T09:32:01.018Z] [ALL] 06-14 15:01:58.053 10725 10763 I QueryController: Matched selector: UiSelector[CLASS=android.widget.EditText, INSTANCE=0] <<==>> [android.view.accessibility.AccessibilityNodeInfo@8f05; boundsInParent: Rect(0, 0 - 0, 0); boundsInScreen: Rect(113, 1090 - 967, 1249); boundsInWindow: Rect(113, 1090 - 967, 1249); packageName: com.safebank.ai; className: android.widget.EditText; text: ; error: null; maxTextLength: -1; stateDescription: null; contentDescription: null; tooltipText: null; containerTitle: null; viewIdResName: null; uniqueId: null; checkable: false; checked: false; focusable: true; focused: false; selected: false; clickable: true; longClickable: true; contextClickable: false; enabled: true; password: false; scrollable: false; granularScrollingSupported: false; importantForAccessibility: true; visible: true; actions: [AccessibilityAction: ACTION_FOCUS - null, AccessibilityAction: ACTION_ACCESSIBILITY_FOCUS - null, AccessibilityAction: ACTION_CLICK - null, AccessibilityAction: ACTION_LONG_CLICK - null, AccessibilityAction: ACTION_SET_TEXT - null, AccessibilityAction: ACTION_IME_ENTER - null]; isTextSelectable: false]
[2026-06-14T09:32:01.085Z] [ALL] 06-14 15:01:58.063 10725 10763 I QueryController: Matched selector: UiSelector[CLASS=android.widget.EditText, INSTANCE=0] <<==>> [android.view.accessibility.AccessibilityNodeInfo@8f05; boundsInParent: Rect(0, 0 - 0, 0); boundsInScreen: Rect(113, 1090 - 967, 1248); boundsInWindow: Rect(113, 1090 - 967, 1248); packageName: com.safebank.ai; className: android.widget.EditText; text: ; error: null; maxTextLength: -1; stateDescription: null; contentDescription: null; tooltipText: null; containerTitle: null; viewIdResName: null; uniqueId: null; checkable: false; checked: false; focusable: true; focused: false; selected: false; clickable: true; longClickable: true; contextClickable: false; enabled: true; password: false; scrollable: false; granularScrollingSupported: false; importantForAccessibility: true; visible: true; actions: [AccessibilityAction: ACTION_FOCUS - null, AccessibilityAction: ACTION_ACCESSIBILITY_FOCUS - null, AccessibilityAction: ACTION_CLICK - null, AccessibilityAction: ACTION_LONG_CLICK - null, AccessibilityAction: ACTION_SET_TEXT - null, AccessibilityAction: ACTION_IME_ENTER - null]; isTextSelectable: false]
[2026-06-14T09:32:01.085Z] [ALL] 06-14 15:01:58.069 10725 10763 I appium  : AppiumResponse: {"sessionId":"e97b7abb-6aa8-4e9c-b8b4-b3047c3ed272","value":null}
[2026-06-14T09:32:01.097Z] [ALL] 06-14 15:01:58.160 10725 10763 I appium  : channel read: POST /session/e97b7abb-6aa8-4e9c-b8b4-b3047c3ed272/element
[2026-06-14T09:32:01.099Z] [ALL] 06-14 15:01:58.162 10725 10763 I appium  : FindElement command
[2026-06-14T09:32:01.099Z] [ALL] 06-14 15:01:58.165 10725 10763 I appium  : method: 'xpath', selector: '//*[@resource-id="login_submit_btn" or @content-desc="login_submit_btn" or @text="Login" or @text="LOGIN" or contains(@text, "OTP") or contains(@text, "Verify") or contains(@text, "Sign Up") or contains(@text, "ధృవీకరించండి") or contains(@text, "लॉगिन") or contains(@text, "உள்நுழை")]'
[2026-06-14T09:32:01.099Z] [ALL] 06-14 15:01:58.166 10725 10763 I appium  : Waiting up to 10000ms for the device to idle
[2026-06-14T09:32:01.099Z] [ALL] 06-14 15:01:58.170 10725 10763 I appium  : The following attributes will be included to the page source: [resource-id, text, content-desc]
[2026-06-14T09:32:01.132Z] [ALL] 06-14 15:01:58.194 10725 10729 I tomator2.server: Method exceeds compiler instruction limit: 19260 in java_cup.runtime.Symbol org.eclipse.wst.xml.xpath2.processor.internal.CUP$XPathCup$actions.CUP$XPathCup$do_action(int, java_cup.runtime.lr_parser, java.util.Stack, int)
[2026-06-14T09:32:01.233Z] [ALL] 06-14 15:01:58.304 10725 10763 I appium  : Took 0ms to retrieve 1 matches for '//*[@resource-id="login_submit_btn" or @content-desc="login_submit_btn" or @text="Login" or @text="LOGIN" or contains(@text, "OTP") or contains(@text, "Verify") or contains(@text, "Sign Up") or contains(@text, "ధృవీకరించండి") or contains(@text, "लॉगिन") or contains(@text, "உள்நுழை")]' XPath2 query
[2026-06-14T09:32:01.247Z] [ALL] 06-14 15:01:58.306 10725 10763 I appium  : AppiumResponse: {"sessionId":"e97b7abb-6aa8-4e9c-b8b4-b3047c3ed272","value":{"ELEMENT":"00000000-0000-0138-0000-005500000004","element-6066-11e4-a52e-4f735466cecf":"00000000-0000-0138-0000-005500000004"}}
[2026-06-14T09:32:01.334Z] [ALL] 06-14 15:01:58.339 10725 10763 I appium  : channel read: GET /session/e97b7abb-6aa8-4e9c-b8b4-b3047c3ed272/element/00000000-0000-0138-0000-005500000004/attribute/displayed
[2026-06-14T09:32:01.352Z] [ALL] 06-14 15:01:58.340 10725 10763 I appium  : GetElementAttribute command
[2026-06-14T09:32:01.352Z] [ALL] 06-14 15:01:58.350 10725 10763 I appium  : AppiumResponse: {"sessionId":"e97b7abb-6aa8-4e9c-b8b4-b3047c3ed272","value":"true"}
[2026-06-14T09:32:01.412Z] [ALL] 06-14 15:01:58.429 10725 10763 I appium  : channel read: POST /session/e97b7abb-6aa8-4e9c-b8b4-b3047c3ed272/element/00000000-0000-0138-0000-005500000004/click
[2026-06-14T09:32:01.484Z] [ALL] 06-14 15:01:58.429 10725 10763 I appium  : Click command
[2026-06-14T09:32:01.484Z] [ALL] 06-14 15:01:58.452  1486  4292 D InputDispatcher: Inject motion (10713/2000): action=0x0, time=180332826000000, f=0x0, d=0 dsdx=1.000000 dtdx=0.000000
[2026-06-14T09:32:01.484Z] [ALL] 06-14 15:01:58.455  1486  1665 I InputDispatcher: Delivering touch to (2112): action: 0x4, f=0x0, d=0, '1dcab54', t=1 
[2026-06-14T09:32:01.484Z] [ALL] 06-14 15:01:58.456  1486  1665 I InputDispatcher: Delivering touch to (11061): action: 0x0, f=0x0, d=0, 'b24f455', t=1 
[2026-06-14T09:32:01.484Z] [ALL] 06-14 15:01:58.457 11061 11061 I VRI[MainActivity]@99da679: ViewPostIme pointer 0
[2026-06-14T09:32:01.484Z] [ALL] 06-14 15:01:58.459  1486  1515 I GestureDetector: obtain mCurrentDownEvent. id: -138567727 caller: com.android.server.wm.SystemGesturesPointerEventListener.onPointerEvent:17 com.android.server.wm.PointerEventDispatcher.onInputEvent:51 android.view.InputEventReceiver.dispatchInputEvent:369 
[2026-06-14T09:32:01.484Z] [ALL] 06-14 15:01:58.461  1486  3107 I NSLocationMonitor: getGPSUsingApps() called
[2026-06-14T09:32:01.484Z] [ALL] 06-14 15:01:58.463  4132  4132 I SemDvfsHyPerManager: acquire hyper - TABoost/4132@29, type = -999
[2026-06-14T09:32:01.484Z] [ALL] 06-14 15:01:58.464  2619  2619 I HoneySpace.InputConsumerFactory: checkMultiFingerGesture: returning NO_OP - gesture disabled or blocked
[2026-06-14T09:32:01.484Z] [ALL] 06-14 15:01:58.464  2619  2619 I HoneySpace.GestureInputHandler: inputConsumers = [com.honeyspace.gesture.inputconsumer.InputConsumer$Companion$NO_OP$1@b9cdf5b]
[2026-06-14T09:32:01.484Z] [ALL] 06-14 15:01:58.464  2619  2619 I HoneySpace.InputSession: inputConsumers = NO_OP
[2026-06-14T09:32:01.484Z] [ALL] 06-14 15:01:58.465  1486  1515 I GestureDetector: obtain mCurrentDownEvent. id: -138567727 caller: com.android.server.wm.SystemPerformancePointerEventListener.onPointerEvent:13 com.android.server.wm.PointerEventDispatcher.onInputEvent:51 android.view.InputEventReceiver.dispatchInputEvent:369 
[2026-06-14T09:32:01.484Z] [ALL] 06-14 15:01:58.466  1075  1175 I HYPER-HAL: [RequestManager.cpp]acquire(): Acquired ID : 8659070  [4132 / 29]    HINT :      list : [TABoost / 1] [TIMEOUT / 1500] 
[2026-06-14T09:32:01.484Z] [ALL] 06-14 15:01:58.467  3066  3089 I NSLocationManager_FLP: getGPSUsingApps, No change
[2026-06-14T09:32:01.484Z] [ALL] 06-14 15:01:58.469  2619  2619 I HoneySpace.InputSession: open
[2026-06-14T09:32:01.484Z] [ALL] 06-14 15:01:58.471  1486  2073 D InputDispatcher: Inject motion (10713/2000): action=0x1, time=180332858000000, f=0x0, d=0 dsdx=1.000000 dtdx=0.000000
[2026-06-14T09:32:01.484Z] [ALL] 06-14 15:01:58.471  1486  1665 I InputDispatcher: Delivering touch to (11061): action: 0x1, f=0x0, d=0, 'b24f455', t=1 
[2026-06-14T09:32:01.484Z] [ALL] 06-14 15:01:58.472 11061 11061 I VRI[MainActivity]@99da679: ViewPostIme pointer 1
[2026-06-14T09:32:01.484Z] [ALL] 06-14 15:01:58.474  1486  1515 I GestureDetector: obtain mCurrentMotionEventRaw. action: 1 id: -42967527
[2026-06-14T09:32:01.484Z] [ALL] 06-14 15:01:58.474  1486  1515 I GestureDetector: obtain mCurrentMotionEventRaw. action: 1 id: -42967527
[2026-06-14T09:32:01.484Z] [ALL] 06-14 15:01:58.480  2619  2619 I HoneySpace.GestureInputHandler: reset
[2026-06-14T09:32:01.484Z] [ALL] 06-14 15:01:58.481  2619  2619 I HoneySpace.InputSession: close
[2026-06-14T09:32:01.484Z] [ALL] 06-14 15:01:58.487  1486  3107 D FreecessHandler: skipping freeze com.truecaller(10274) result : 2
[2026-06-14T09:32:01.583Z] [ALL] 06-14 15:01:58.496 10725 10763 W GestureController: Gestures took longer than expected (59ms >> 8ms), device might be in a busy state.
[2026-06-14T09:32:01.583Z] [ALL] 06-14 15:01:58.496 10725 10763 I appium  : Waiting up to 10000ms for the device to idle
[2026-06-14T09:32:01.583Z] [ALL] 06-14 15:01:58.499 10725 10763 I appium  : AppiumResponse: {"sessionId":"e97b7abb-6aa8-4e9c-b8b4-b3047c3ed272","value":null}
[2026-06-14T09:32:01.619Z] [ALL] 06-14 15:01:58.623 10725 10763 I appium  : channel read: POST /session/e97b7abb-6aa8-4e9c-b8b4-b3047c3ed272/element
[2026-06-14T09:32:01.619Z] [ALL] 06-14 15:01:58.627 10725 10763 I appium  : FindElement command
[2026-06-14T09:32:01.619Z] [ALL] 06-14 15:01:58.631 10725 10763 I appium  : method: 'xpath', selector: '//*[@resource-id="login_submit_btn" or @content-desc="login_submit_btn" or @text="Login" or @text="LOGIN" or contains(@text, "OTP") or contains(@text, "Verify") or contains(@text, "Sign Up") or contains(@text, "ధృవీకరించండి") or contains(@text, "लॉगिन") or contains(@text, "உள்நுழை")]'
[2026-06-14T09:32:01.619Z] [ALL] 06-14 15:01:58.631 10725 10763 I appium  : Waiting up to 10000ms for the device to idle
[2026-06-14T09:32:01.619Z] [ALL] 06-14 15:01:58.640 10725 10763 I appium  : The following attributes will be included to the page source: [resource-id, text, content-desc]
[2026-06-14T09:32:01.648Z] [ALL] 06-14 15:01:58.669 10725 10729 I tomator2.server: Method exceeds compiler instruction limit: 19260 in java_cup.runtime.Symbol org.eclipse.wst.xml.xpath2.processor.internal.CUP$XPathCup$actions.CUP$XPathCup$do_action(int, java_cup.runtime.lr_parser, java.util.Stack, int)
[2026-06-14T09:32:01.711Z] [ALL] 06-14 15:01:58.705  7917  7917 I DWBDigitalWellbeingAppl: onTrimMemory(): level = 40
[2026-06-14T09:32:01.711Z] [ALL] 06-14 15:01:58.706  7917  7974 I DWBLocalPkgRepositoryIm: clearCache
[2026-06-14T09:32:01.711Z] [ALL] 06-14 15:01:58.706  7917  7974 I DWBCacheFlow: clear : lock before
[2026-06-14T09:32:01.711Z] [ALL] 06-14 15:01:58.706  7917  7974 I DWBCacheFlow: clear : lock start
[2026-06-14T09:32:01.711Z] [ALL] 06-14 15:01:58.706  7917  7974 I DWBCacheFlow: clear : lock end and subscriptionCount : 0
[2026-06-14T09:32:01.781Z] [ALL] 06-14 15:01:58.759  1149  1322 D SurfaceFlinger: setDesiredMode 4633128672291736000 {mode={fps=60.00 Hz, modePtr={id=1, vsyncRate=60.00 Hz, peakRefreshRate=60.00 Hz}}, emitEvent=false, force=false}
[2026-06-14T09:32:01.781Z] [ALL] 06-14 15:01:58.761  1486  1515 I GestureDetector: handleMessage TAP
[2026-06-14T09:32:01.781Z] [ALL] 06-14 15:01:58.762  1149  1149 I SurfaceFlinger: com.safebank.ai/com.safebank.ai.MainActivity$_11061#104622 voted ExplicitCategory with category: HighHint
[2026-06-14T09:32:01.781Z] [ALL] 06-14 15:01:58.762  1149  1149 I SurfaceFlinger: IdleFps - choose 60.00 Hz
[2026-06-14T09:32:01.781Z] [ALL] 06-14 15:01:58.763  1149  1149 D SurfaceFlinger: initiateModeChange 4633128672291736000 {mode={fps=60.00 Hz, modePtr={id=1, vsyncRate=60.00 Hz, peakRefreshRate=60.00 Hz}}, emitEvent=false, force=false}
[2026-06-14T09:32:01.781Z] [ALL] 06-14 15:01:58.764  1149  1149 I SurfaceFlinger: [4633128672291736000] ActiveConfigToHWC, ID : 4
[2026-06-14T09:32:01.781Z] [ALL] 06-14 15:01:58.767  1062 15192 D display : setActiveConfigWithConstraints:: PrimaryDisplay config(4)
[2026-06-14T09:32:01.781Z] [ALL] 06-14 15:01:58.767  1062 15192 I display : Current VRR MODE is 3
[2026-06-14T09:32:01.781Z] [ALL] 06-14 15:01:58.767  1062 15192 I display : setActiveConfigWithConstraints:: HFR match - config: 5, base: 4, try: 0
[2026-06-14T09:32:01.781Z] [ALL] 06-14 15:01:58.767  1062 15192 I display : setActiveConfigWithConstraints::update 1080x2340@60phs
[2026-06-14T09:32:01.782Z] [ALL] 06-14 15:01:58.768  1062 15192 I display : commit modeset : 1080x2340@60phs
[2026-06-14T09:32:01.782Z] [ALL] 06-14 15:01:58.770  1486  1486 I GestureDetector: handleMessage TAP
[2026-06-14T09:32:01.850Z] [ALL] 06-14 15:01:58.784  1062 15192 W display : deliverWinConfigData:: commit modeset time (16 ms)
[2026-06-14T09:32:01.850Z] [ALL] 06-14 15:01:58.787  1149  1149 D SurfaceFlinger: GPIS:: requestGpisForSFSluggish
[2026-06-14T09:32:01.850Z] [ALL] 06-14 15:01:58.787  1062  1159 I display : [compareVsyncPeriod] set the lowest(mode:0) vsync 166 of display(0)
[2026-06-14T09:32:01.850Z] [ALL] 06-14 15:01:58.787  1062  1159 I display : getFpsForPerformance, performance table found using table(key:60, cpu:255)
[2026-06-14T09:32:01.850Z] [ALL] 06-14 15:01:58.787  1062  1159 I display : Set m2mMPP capacity(8) for fps(60)
[2026-06-14T09:32:01.850Z] [ALL] 06-14 15:01:58.787  1062  1159 I display : getFpsForPerformance, performance table found using table(key:60, cpu:255)
[2026-06-14T09:32:01.850Z] [ALL] 06-14 15:01:58.787  1062  1159 I display : Set Affinity config for fps(60) : cpuIDs : 255
[2026-06-14T09:32:01.850Z] [ALL] 06-14 15:01:58.787  1062  1159 I display : Set Affinity CPU ID : 0
[2026-06-14T09:32:01.850Z] [ALL] 06-14 15:01:58.787  1062  1159 I display : Set Affinity CPU ID : 1
[2026-06-14T09:32:01.850Z] [ALL] 06-14 15:01:58.787  1062  1159 I display : Set Affinity CPU ID : 2
[2026-06-14T09:32:01.850Z] [ALL] 06-14 15:01:58.787  1062  1159 I display : Set Affinity CPU ID : 3
[2026-06-14T09:32:01.850Z] [ALL] 06-14 15:01:58.787  1062  1159 I display : Set Affinity CPU ID : 4
[2026-06-14T09:32:01.850Z] [ALL] 06-14 15:01:58.787  1062  1159 I display : Set Affinity CPU ID : 5
[2026-06-14T09:32:01.850Z] [ALL] 06-14 15:01:58.787  1062  1159 I display : Set Affinity CPU ID : 6
[2026-06-14T09:32:01.850Z] [ALL] 06-14 15:01:58.787  1062  1159 I display : Set Affinity CPU ID : 7
[2026-06-14T09:32:01.850Z] [ALL] 06-14 15:01:58.787  1062  1159 I display : Set affinity HWC : 1062
[2026-06-14T09:32:01.850Z] [ALL] 06-14 15:01:58.788  1062  1159 I display : CPU set : Cluster(0), min_clock(0)
[2026-06-14T09:32:01.850Z] [ALL] 06-14 15:01:58.788  1062  1159 I display : CPU set : Cluster(1), min_clock(0)
[2026-06-14T09:32:01.850Z] [ALL] 06-14 15:01:58.788  1062  1159 I display : CPU set : Cluster(2), min_clock(0)
[2026-06-14T09:32:01.850Z] [ALL] 06-14 15:01:58.791  1149  1149 I SurfaceFlinger: finalizeDisplayModeChange 4633128672291736000
[2026-06-14T09:32:01.850Z] [ALL] 06-14 15:01:58.802  1149  1280 I SurfaceFlinger: Current= 120, Period= 60, hwcPeriod= 60
[2026-06-14T09:32:01.909Z] [ALL] 06-14 15:01:58.905 10725 10763 I appium  : Took 0ms to retrieve 1 matches for '//*[@resource-id="login_submit_btn" or @content-desc="login_submit_btn" or @text="Login" or @text="LOGIN" or contains(@text, "OTP") or contains(@text, "Verify") or contains(@text, "Sign Up") or contains(@text, "ధృవీకరించండి") or contains(@text, "लॉगिन") or contains(@text, "உள்நுழை")]' XPath2 query
[2026-06-14T09:32:01.909Z] [ALL] 06-14 15:01:58.907 10725 10763 I appium  : AppiumResponse: {"sessionId":"e97b7abb-6aa8-4e9c-b8b4-b3047c3ed272","value":{"ELEMENT":"00000000-0000-0138-0000-005500000004","element-6066-11e4-a52e-4f735466cecf":"00000000-0000-0138-0000-005500000004"}}
[2026-06-14T09:32:01.973Z] [ALL] 06-14 15:01:58.977 10725 10763 I appium  : channel read: GET /session/e97b7abb-6aa8-4e9c-b8b4-b3047c3ed272/element/00000000-0000-0138-0000-005500000004/attribute/displayed
[2026-06-14T09:32:01.973Z] [ALL] 06-14 15:01:58.977 10725 10763 I appium  : GetElementAttribute command
[2026-06-14T09:32:02.064Z] [ALL] 06-14 15:01:58.989 10725 10763 I appium  : AppiumResponse: {"sessionId":"e97b7abb-6aa8-4e9c-b8b4-b3047c3ed272","value":"true"}
[2026-06-14T09:32:02.115Z] [ALL] 06-14 15:01:59.084 10725 10763 I appium  : channel read: POST /session/e97b7abb-6aa8-4e9c-b8b4-b3047c3ed272/element/00000000-0000-0138-0000-005500000004/click
[2026-06-14T09:32:02.115Z] [ALL] 06-14 15:01:59.085 10725 10763 I appium  : Click command
[2026-06-14T09:32:02.115Z] [ALL] 06-14 15:01:59.103  1149  1317 D SurfaceFlinger: setDesiredMode 4633128672291736000 {mode={fps=120.00 Hz, modePtr={id=0, vsyncRate=120.00 Hz, peakRefreshRate=120.00 Hz}}, emitEvent=false, force=false}
[2026-06-14T09:32:02.115Z] [ALL] 06-14 15:01:59.105  1149  1280 I SurfaceFlinger: Current= 60, Period= 120, hwcPeriod= 60
[2026-06-14T09:32:02.115Z] [ALL] 06-14 15:01:59.111  1149  1149 I SurfaceFlinger: com.safebank.ai/com.safebank.ai.MainActivity$_11061#104622 voted ExplicitCategory with category: HighHint
[2026-06-14T09:32:02.115Z] [ALL] 06-14 15:01:59.111  1149  1149 I SurfaceFlinger: Touch Control - choose 120.00 Hz
[2026-06-14T09:32:02.115Z] [ALL] 06-14 15:01:59.111  1149  1149 D SurfaceFlinger: initiateModeChange 4633128672291736000 {mode={fps=120.00 Hz, modePtr={id=0, vsyncRate=120.00 Hz, peakRefreshRate=120.00 Hz}}, emitEvent=false, force=false}
[2026-06-14T09:32:02.115Z] [ALL] 06-14 15:01:59.111  1149  1149 I SurfaceFlinger: [4633128672291736000] ActiveConfigToHWC, ID : 3
[2026-06-14T09:32:02.115Z] [ALL] 06-14 15:01:59.113  1062 15192 D display : setActiveConfigWithConstraints:: PrimaryDisplay config(3)
[2026-06-14T09:32:02.115Z] [ALL] 06-14 15:01:59.113  1062 15192 I display : Current VRR MODE is 3
[2026-06-14T09:32:02.115Z] [ALL] 06-14 15:01:59.113  1062 15192 I display : setActiveConfigWithConstraints:: HFR match - config: 3, base: 3, try: 1
[2026-06-14T09:32:02.115Z] [ALL] 06-14 15:01:59.113  1062 15192 I display : setActiveConfigWithConstraints::update 1080x2340@120hs
[2026-06-14T09:32:02.115Z] [ALL] 06-14 15:01:59.113  1062 15192 I display : commit modeset : 1080x2340@120hs
[2026-06-14T09:32:02.115Z] [ALL] 06-14 15:01:59.136  1062 15192 W display : deliverWinConfigData:: commit modeset time (22 ms)
[2026-06-14T09:32:02.115Z] [ALL] 06-14 15:01:59.137  1062  1159 I display : [compareVsyncPeriod] set the lowest(mode:0) vsync 83 of display(0)
[2026-06-14T09:32:02.115Z] [ALL] 06-14 15:01:59.137  1062  1159 I display : getFpsForPerformance, performance table found using table(key:120, cpu:255)
[2026-06-14T09:32:02.115Z] [ALL] 06-14 15:01:59.137  1062  1159 I display : Set m2mMPP capacity(4) for fps(120)
[2026-06-14T09:32:02.115Z] [ALL] 06-14 15:01:59.137  1062  1159 I display : getFpsForPerformance, performance table found using table(key:120, cpu:255)
[2026-06-14T09:32:02.115Z] [ALL] 06-14 15:01:59.137  1062  1159 I display : Set Affinity config for fps(120) : cpuIDs : 255
[2026-06-14T09:32:02.115Z] [ALL] 06-14 15:01:59.137  1062  1159 I display : Set Affinity CPU ID : 0
[2026-06-14T09:32:02.115Z] [ALL] 06-14 15:01:59.137  1062  1159 I display : Set Affinity CPU ID : 1
[2026-06-14T09:32:02.115Z] [ALL] 06-14 15:01:59.137  1062  1159 I display : Set Affinity CPU ID : 2
[2026-06-14T09:32:02.115Z] [ALL] 06-14 15:01:59.137  1062  1159 I display : Set Affinity CPU ID : 3
[2026-06-14T09:32:02.115Z] [ALL] 06-14 15:01:59.137  1062  1159 I display : Set Affinity CPU ID : 4
[2026-06-14T09:32:02.115Z] [ALL] 06-14 15:01:59.137  1062  1159 I display : Set Affinity CPU ID : 5
[2026-06-14T09:32:02.115Z] [ALL] 06-14 15:01:59.137  1062  1159 I display : Set Affinity CPU ID : 6
[2026-06-14T09:32:02.115Z] [ALL] 06-14 15:01:59.137  1062  1159 I display : Set Affinity CPU ID : 7
[2026-06-14T09:32:02.115Z] [ALL] 06-14 15:01:59.137  1062  1159 I display : Set affinity HWC : 1062
[2026-06-14T09:32:02.115Z] [ALL] 06-14 15:01:59.137  1062  1159 I display : CPU set : Cluster(0), min_clock(0)
[2026-06-14T09:32:02.115Z] [ALL] 06-14 15:01:59.137  1062  1159 I display : CPU set : Cluster(1), min_clock(0)
[2026-06-14T09:32:02.115Z] [ALL] 06-14 15:01:59.137  1062  1159 I display : CPU set : Cluster(2), min_clock(0)
[2026-06-14T09:32:02.115Z] [ALL] 06-14 15:01:59.138  1149  1149 I SurfaceFlinger: finalizeDisplayModeChange 4633128672291736000
[2026-06-14T09:32:02.115Z] [ALL] 06-14 15:01:59.138  1149  1280 I SurfaceFlinger: Current= 60, Period= 120, hwcPeriod= 120
[2026-06-14T09:32:02.133Z] [ALL] 06-14 15:01:59.145  1486  4292 D InputDispatcher: Inject motion (10713/2000): action=0x0, time=180333485000000, f=0x0, d=0 dsdx=1.000000 dtdx=0.000000
[2026-06-14T09:32:02.133Z] [ALL] 06-14 15:01:59.146  1486  1665 I InputDispatcher: Delivering touch to (2112): action: 0x4, f=0x0, d=0, '1dcab54', t=1 
[2026-06-14T09:32:02.133Z] [ALL] 06-14 15:01:59.146  1486  1665 I InputDispatcher: Delivering touch to (11061): action: 0x0, f=0x0, d=0, 'b24f455', t=1 
[2026-06-14T09:32:02.133Z] [ALL] 06-14 15:01:59.147  1486  1665 D PowerManagerService: [api] userActivityFromNative : touch displayId=0 eventTime=180333485
[2026-06-14T09:32:02.133Z] [ALL] 06-14 15:01:59.148 11061 11061 I VRI[MainActivity]@99da679: ViewPostIme pointer 0
[2026-06-14T09:32:02.133Z] [ALL] 06-14 15:01:59.152  2619  2619 I HoneySpace.InputConsumerFactory: checkMultiFingerGesture: returning NO_OP - gesture disabled or blocked
[2026-06-14T09:32:02.133Z] [ALL] 06-14 15:01:59.152  4132  4132 I SemDvfsHyPerManager: acquire hyper - TABoost/4132@29, type = -999
[2026-06-14T09:32:02.133Z] [ALL] 06-14 15:01:59.152  2619  2619 I HoneySpace.GestureInputHandler: inputConsumers = [com.honeyspace.gesture.inputconsumer.InputConsumer$Companion$NO_OP$1@b9cdf5b]
[2026-06-14T09:32:02.133Z] [ALL] 06-14 15:01:59.152  1075  1175 I HYPER-HAL: [RequestManager.cpp]acquire(): Acquired ID : 8659070  [4132 / 29]    HINT :      list : [TABoost / 1] [TIMEOUT / 1500] 
[2026-06-14T09:32:02.133Z] [ALL] 06-14 15:01:59.153  2619  2619 I HoneySpace.InputSession: inputConsumers = NO_OP
[2026-06-14T09:32:02.133Z] [ALL] 06-14 15:01:59.153  2619  2619 I HoneySpace.InputSession: open
[2026-06-14T09:32:02.133Z] [ALL] 06-14 15:01:59.155  1486  1515 I GestureDetector: obtain mCurrentDownEvent. id: -593004666 caller: com.android.server.wm.SystemGesturesPointerEventListener.onPointerEvent:17 com.android.server.wm.PointerEventDispatcher.onInputEvent:51 android.view.InputEventReceiver.dispatchInputEvent:369 
[2026-06-14T09:32:02.133Z] [ALL] 06-14 15:01:59.156  1486  1515 I GestureDetector: obtain mCurrentDownEvent. id: -593004666 caller: com.android.server.wm.SystemPerformancePointerEventListener.onPointerEvent:13 com.android.server.wm.PointerEventDispatcher.onInputEvent:51 android.view.InputEventReceiver.dispatchInputEvent:369 
[2026-06-14T09:32:02.133Z] [ALL] 06-14 15:01:59.158  1486  4292 D InputDispatcher: Inject motion (10713/2000): action=0x1, time=180333544000000, f=0x0, d=0 dsdx=1.000000 dtdx=0.000000
[2026-06-14T09:32:02.133Z] [ALL] 06-14 15:01:59.159  1486  1665 I InputDispatcher: Delivering touch to (11061): action: 0x1, f=0x0, d=0, 'b24f455', t=1 
[2026-06-14T09:32:02.133Z] [ALL] 06-14 15:01:59.159 11061 11061 I VRI[MainActivity]@99da679: ViewPostIme pointer 1
[2026-06-14T09:32:02.133Z] [ALL] 06-14 15:01:59.159  1486  1515 I GestureDetector: obtain mCurrentMotionEventRaw. action: 1 id: -534444788
[2026-06-14T09:32:02.133Z] [ALL] 06-14 15:01:59.165  2619  2619 I HoneySpace.GestureInputHandler: reset
[2026-06-14T09:32:02.133Z] [ALL] 06-14 15:01:59.166  1486  1515 I GestureDetector: obtain mCurrentMotionEventRaw. action: 1 id: -534444788
[2026-06-14T09:32:02.133Z] [ALL] 06-14 15:01:59.168  2619  2619 I HoneySpace.InputSession: close
[2026-06-14T09:32:02.133Z] [ALL] 06-14 15:01:59.177 10725 10763 W GestureController: Gestures took longer than expected (81ms >> 8ms), device might be in a busy state.
[2026-06-14T09:32:02.133Z] [ALL] 06-14 15:01:59.178 10725 10763 I appium  : Waiting up to 10000ms for the device to idle
[2026-06-14T09:32:02.133Z] [ALL] 06-14 15:01:59.180 10725 10763 I appium  : AppiumResponse: {"sessionId":"e97b7abb-6aa8-4e9c-b8b4-b3047c3ed272","value":null}
[2026-06-14T09:32:02.156Z] [ALL] 06-14 15:01:59.215 10725 10763 I appium  : channel read: POST /session/e97b7abb-6aa8-4e9c-b8b4-b3047c3ed272/element
[2026-06-14T09:32:02.164Z] [ALL] 06-14 15:01:59.219 10725 10763 I appium  : FindElement command
[2026-06-14T09:32:02.164Z] [ALL] 06-14 15:01:59.223 10725 10763 I appium  : method: 'xpath', selector: '//*[@text[contains(.,"Invalid") or contains(.,"empty") or contains(.,"Required") or contains(.,"error") or contains(.,"Error") or contains(.,"Incorrect") or contains(.,"Please") or contains(.,"enter") or contains(.,"Failed") or contains(.,"failed") or contains(.,"Sync")]]'
[2026-06-14T09:32:02.164Z] [ALL] 06-14 15:01:59.224 10725 10763 I appium  : Waiting up to 10000ms for the device to idle
[2026-06-14T09:32:02.178Z] [ALL] 06-14 15:01:59.232 10725 10763 I appium  : The following attributes will be included to the page source: [text]
[2026-06-14T09:32:02.201Z] [ALL] 06-14 15:01:59.267 10725 10729 I tomator2.server: Method exceeds compiler instruction limit: 19260 in java_cup.runtime.Symbol org.eclipse.wst.xml.xpath2.processor.internal.CUP$XPathCup$actions.CUP$XPathCup$do_action(int, java_cup.runtime.lr_parser, java.util.Stack, int)
[2026-06-14T09:32:02.282Z] [ALL] 06-14 15:01:59.317   747   747 D io_stats: !@   8,0 r 79732150 1572374705 w 12669703 207588600 d 4210505 258730260 f 0 1106415 iot 28679984 0 th 0 0 0 pt 0 inp 0 0 180333.706
[2026-06-14T09:32:02.309Z] [ALL] 06-14 15:01:59.320   747   747 D io_stats: !@ Write_top(KB): system_server(1486) 112
[2026-06-14T09:32:02.331Z] [ALL] 06-14 15:01:59.382  1486  1860 D WifiConnectivityMonitor.NetworkStatsAnalyzer: Backhaul result - RSSI:-54, CE:19, PE:19, TI:27, PTI:27, TW:0, PTW:0, Tx:256, Rx:270, TxS:105, RxS:107, RESULT:true, IC:0, ICT:5, WC:0, WCT:5, R:0, RC:0, IE:0, EC:0
[2026-06-14T09:32:02.346Z] [ALL] 06-14 15:01:59.410 10725 10763 I appium  : Took 0ms to retrieve 0 matches for '//*[@text[contains(.,"Invalid") or contains(.,"empty") or contains(.,"Required") or contains(.,"error") or contains(.,"Error") or contains(.,"Incorrect") or contains(.,"Please") or contains(.,"enter") or contains(.,"Failed") or contains(.,"failed") or contains(.,"Sync")]]' XPath2 query
[2026-06-14T09:32:02.381Z] [ALL] 06-14 15:01:59.412 10725 10763 I appium  : AppiumResponse: {"sessionId":"e97b7abb-6aa8-4e9c-b8b4-b3047c3ed272","value":{"error":"no such element","message":"An element could not be located on the page using the given search parameters","stacktrace":"io.appium.uiautomator2.common.exceptions.ElementNotFoundException: An element could not be located on the page using the given search parameters\n\tat io.appium.uiautomator2.utils.ElementLocationHelpers.findElement(ElementLocationHelpers.java:153)\n\tat io.appium.uiautomator2.handler.FindElement.safeHandle(FindElement.java:60)\n\tat io.appium.uiautomator2.handler.request.SafeRequestHandler.handle(SafeRequestHandler.java:59)\n\tat io.appium.uiautomator2.server.AppiumServlet.handleRequest(AppiumServlet.java:267)\n\tat io.appium.uiautomator2.server.AppiumServlet.handleHttpRequest(AppiumServlet.java:261)\n\tat io.appium.uiautomator2.http.ServerHandler.channelRead(ServerHandler.java:77)\n\tat io.netty.channel.AbstractChannelHandlerContext.fireChannelRead(AbstractChannelHandlerContext.java:357)\n\tat io.netty.handler.codec.MessageToMessageDecoder.channelRead(MessageToMessageDecoder.java:107)\n\tat io.netty.channel.AbstractChannelHandlerContext.fireChannelRead(AbstractChannelHandlerContext.java:357)\n\tat io.netty.channel.CombinedChannelDuplexHandler$DelegatingChannelHandlerContext.fireChannelRead(CombinedChannelDuplexHandler.java:434)\n\tat io.netty.handler.codec.ByteToMessageDecoder.fireChannelRead(ByteToMessageDecoder.java:361)\n\tat io.netty.handler.codec.ByteToMessageDecoder.channelRead(ByteToMessageDecoder.java:325)\n\tat io.netty.channel.CombinedChannelDuplexHandler.channelRead(CombinedChannelDuplexHandler.java:249)\n\tat io.netty.channel.AbstractChannelHandlerContext.fireChannelRead(AbstractChannelHandlerContext.java:355)\n\tat io.netty.handler.timeout.IdleStateHandler.channelRead(IdleStateHandler.java:288)\n\tat io.netty.channel.AbstractChannelHandlerContext.fireChannelRead(AbstractChannelHandlerContext.java:355)\n\tat io.netty.channel.DefaultChannelPipeline$HeadContext.channelRead(DefaultChannelPipeline.java:1429)\n\tat io.netty.channel.DefaultChannelPipeline.fireChannelRead(DefaultChannelPipeline.java:918)\n\tat io.netty.channel.nio.AbstractNioByteChannel$NioByteUnsafe.read(AbstractNioByteChannel.java:176)\n\tat io.netty.channel.nio.AbstractNioChannel$AbstractNioUnsafe.handle(AbstractNioChannel.java:445)\n\tat io.netty.channel.nio.NioIoHandler$DefaultNioRegistration.handle(NioIoHandler.java:388)\n\tat io.netty.channel.nio.NioIoHandler.processSelectedKey(NioIoHandler.java:596)\n\tat io.netty.channel.nio.NioIoHandler.processSelectedKeysOptimized(NioIoHandler.java:571)\n\tat io.netty.channel.nio.NioIoHandler.processSelectedKeys(NioIoHandler.java:512)\n\tat io.netty.channel.nio.NioIoHandler.run(NioIoHandler.java:484)\n\tat io.netty.channel.SingleThreadIoEventLoop.runIo(SingleThreadIoEventLoop.java:225)\n\tat io.netty.channel.SingleThreadIoEventLoop.run(SingleThreadIoEventLoop.java:196)\n\tat io.netty.util.concurrent.SingleThreadEventExecutor$5.run(SingleThreadEventExecutor.java:1195)\n\tat io.netty.util.internal.ThreadExecutorMap$2.run(ThreadExecutorMap.java:74)\n\tat io.netty.util.concurrent.FastThreadLocalRunnable.run(FastThreadLocalRunnable.java:30)\n\tat java.lang.Thread.run(Thread.java:1564)\n"}}
[2026-06-14T09:32:02.393Z] [ALL] 06-14 15:01:59.449  1149  1322 D SurfaceFlinger: setDesiredMode 4633128672291736000 {mode={fps=60.00 Hz, modePtr={id=1, vsyncRate=60.00 Hz, peakRefreshRate=60.00 Hz}}, emitEvent=false, force=false}
[2026-06-14T09:32:02.393Z] [ALL] 06-14 15:01:59.452  1149  1149 I SurfaceFlinger: com.safebank.ai/com.safebank.ai.MainActivity$_11061#104622 voted ExplicitCategory with category: HighHint
[2026-06-14T09:32:02.393Z] [ALL] 06-14 15:01:59.452  1149  1149 I SurfaceFlinger: IdleFps - choose 60.00 Hz
[2026-06-14T09:32:02.393Z] [ALL] 06-14 15:01:59.452  1149  1149 D SurfaceFlinger: initiateModeChange 4633128672291736000 {mode={fps=60.00 Hz, modePtr={id=1, vsyncRate=60.00 Hz, peakRefreshRate=60.00 Hz}}, emitEvent=false, force=false}
[2026-06-14T09:32:02.393Z] [ALL] 06-14 15:01:59.452  1149  1149 I SurfaceFlinger: [4633128672291736000] ActiveConfigToHWC, ID : 4
[2026-06-14T09:32:02.393Z] [ALL] 06-14 15:01:59.454  1149  1280 I SurfaceFlinger: Current= 120, Period= 60, hwcPeriod= 120
[2026-06-14T09:32:02.393Z] [ALL] 06-14 15:01:59.455  1062 15192 D display : setActiveConfigWithConstraints:: PrimaryDisplay config(4)
[2026-06-14T09:32:02.393Z] [ALL] 06-14 15:01:59.455  1062 15192 I display : Current VRR MODE is 3
[2026-06-14T09:32:02.393Z] [ALL] 06-14 15:01:59.455  1062 15192 I display : setActiveConfigWithConstraints:: HFR match - config: 5, base: 4, try: 0
[2026-06-14T09:32:02.393Z] [ALL] 06-14 15:01:59.455  1062 15192 I display : setActiveConfigWithConstraints::update 1080x2340@60phs
[2026-06-14T09:32:02.393Z] [ALL] 06-14 15:01:59.455  1062 15192 I display : commit modeset : 1080x2340@60phs
[2026-06-14T09:32:02.406Z] [ALL] 06-14 15:01:59.456  1486  1515 I GestureDetector: handleMessage TAP
[2026-06-14T09:32:02.406Z] [ALL] 06-14 15:01:59.461  1486  1486 I GestureDetector: handleMessage TAP
[2026-06-14T09:32:02.406Z] [ALL] 06-14 15:01:59.468  1062 15192 W display : deliverWinConfigData:: commit modeset time (13 ms)
[2026-06-14T09:32:02.406Z] [ALL] 06-14 15:01:59.469  1062  1159 I display : [compareVsyncPeriod] set the lowest(mode:0) vsync 166 of display(0)
[2026-06-14T09:32:02.406Z] [ALL] 06-14 15:01:59.469  1062  1159 I display : getFpsForPerformance, performance table found using table(key:60, cpu:255)
[2026-06-14T09:32:02.406Z] [ALL] 06-14 15:01:59.469  1062  1159 I display : Set m2mMPP capacity(8) for fps(60)
[2026-06-14T09:32:02.406Z] [ALL] 06-14 15:01:59.469  1062  1159 I display : getFpsForPerformance, performance table found using table(key:60, cpu:255)
[2026-06-14T09:32:02.406Z] [ALL] 06-14 15:01:59.469  1062  1159 I display : Set Affinity config for fps(60) : cpuIDs : 255
[2026-06-14T09:32:02.406Z] [ALL] 06-14 15:01:59.469  1062  1159 I display : Set Affinity CPU ID : 0
[2026-06-14T09:32:02.406Z] [ALL] 06-14 15:01:59.469  1062  1159 I display : Set Affinity CPU ID : 1
[2026-06-14T09:32:02.406Z] [ALL] 06-14 15:01:59.469  1062  1159 I display : Set Affinity CPU ID : 2
[2026-06-14T09:32:02.406Z] [ALL] 06-14 15:01:59.469  1062  1159 I display : Set Affinity CPU ID : 3
[2026-06-14T09:32:02.406Z] [ALL] 06-14 15:01:59.469  1062  1159 I display : Set Affinity CPU ID : 4
[2026-06-14T09:32:02.406Z] [ALL] 06-14 15:01:59.469  1062  1159 I display : Set Affinity CPU ID : 5
[2026-06-14T09:32:02.406Z] [ALL] 06-14 15:01:59.469  1062  1159 I display : Set Affinity CPU ID : 6
[2026-06-14T09:32:02.406Z] [ALL] 06-14 15:01:59.469  1062  1159 I display : Set Affinity CPU ID : 7
[2026-06-14T09:32:02.406Z] [ALL] 06-14 15:01:59.469  1062  1159 I display : Set affinity HWC : 1062
[2026-06-14T09:32:02.406Z] [ALL] 06-14 15:01:59.469  1062  1159 I display : CPU set : Cluster(0), min_clock(0)
[2026-06-14T09:32:02.406Z] [ALL] 06-14 15:01:59.469  1062  1159 I display : CPU set : Cluster(1), min_clock(0)
[2026-06-14T09:32:02.406Z] [ALL] 06-14 15:01:59.469  1062  1159 I display : CPU set : Cluster(2), min_clock(0)
[2026-06-14T09:32:02.406Z] [ALL] 06-14 15:01:59.470  1149  1280 I SurfaceFlinger: Current= 120, Period= 60, hwcPeriod= 60
[2026-06-14T09:32:02.406Z] [ALL] 06-14 15:01:59.471  1149  1149 I SurfaceFlinger: finalizeDisplayModeChange 4633128672291736000
[2026-06-14T09:32:02.713Z] [ALL] 06-14 15:01:59.767  1486  3016 D PowerManagerService: [api] setMasterBrightnessLimit : lowerLimit : -1  upperLimit : 503  mMasterBrightnessLimitPeriod : 200 (uid: 1000 pid: 4132)
[2026-06-14T09:32:02.718Z] [ALL] 06-14 15:01:59.770  1486  1556 D PowerManagerService: [api] BrightnessLimitRunnable done
[2026-06-14T09:32:02.744Z] [ALL] 06-14 15:01:59.808  1486  1729 D WifiStaIfaceHidlImpl: getCachedScanData is not implemented by HIDL
[2026-06-14T09:32:02.807Z] [ALL] 06-14 15:01:59.819  1486  3494 D SemWifiUsabilityStatsMonitor: onWifiUsabilityStats - seqNum 22842, isSameBssidAndFreq true
[2026-06-14T09:32:02.829Z] [ALL] 06-14 15:01:59.827  2072  2072 I EPDG-0 [WifiProfiler]: handleWifiRssiIntent, rssi=-42
[2026-06-14T09:32:02.829Z] [ALL] 06-14 15:01:59.827  2072  2072 I EPDG-0 [WifiProfiler]: isProfiling, hash=189204772, started=true
[2026-06-14T09:32:02.829Z] [ALL] 06-14 15:01:59.829  2072  2072 I EPDG-0 [LogMetrics]: set, type=WIFI_RSSI_LAST, value=-42
[2026-06-14T09:32:02.829Z] [ALL] 06-14 15:01:59.829  2072  2072 I EPDG-0 [WifiProfiler]: isProfiling, hash=189204772, started=true
[2026-06-14T09:32:02.829Z] [ALL] 06-14 15:01:59.831  2072  2072 I EPDG-0 [WifiProfiler]: Rssi : -42 highrange : -75 lowrange : -85 mIsRssiInHystersis : false
[2026-06-14T09:32:02.829Z] [ALL] 06-14 15:01:59.831  2072  2072 I EPDG-0 [WifiProfiler]: Rssi : -42 highrange : -75 lowrange : -85 mIsRssiInHystersis : false
[2026-06-14T09:32:02.829Z] [ALL] 06-14 15:01:59.832  2072  2072 I EPDG-0 [Subscription]: isEpdgAvailable, IwlanPsState=2/2
[2026-06-14T09:32:02.829Z] [ALL] 06-14 15:01:59.833  2072  2072 I EPDG-0 [WifiProfiler]: getHandoverThresholdMet: value is: false
[2026-06-14T09:32:02.829Z] [ALL] 06-14 15:01:59.867  1486  1753 W DeviceStorageMonitorService: updateBroadcasts(/data) oldLevel:0, newLevel:0, seq:1
[2026-06-14T09:32:02.829Z] [ALL] 06-14 15:01:59.871  1486  1753 D DeviceStorageMonitorService: Available File Node Number is [12201937]
[2026-06-14T09:32:02.829Z] [ALL] 06-14 15:01:59.872  1486  1753 W DeviceStorageMonitorService: updateBroadcasts_filenode(/data) fn_oldLevel:0, fn_newLevel:0, seq:1
[2026-06-14T09:32:02.927Z] [ALL] 06-14 15:01:59.956 10725 10763 I appium  : channel read: POST /session/e97b7abb-6aa8-4e9c-b8b4-b3047c3ed272/element
[2026-06-14T09:32:02.954Z] [ALL] 06-14 15:01:59.957 10725 10763 I appium  : FindElement command
[2026-06-14T09:32:02.954Z] [ALL] 06-14 15:01:59.958 10725 10763 I appium  : method: 'xpath', selector: '//*[@text[contains(.,"Invalid") or contains(.,"empty") or contains(.,"Required") or contains(.,"error") or contains(.,"Error") or contains(.,"Incorrect") or contains(.,"Please") or contains(.,"enter") or contains(.,"Failed") or contains(.,"failed") or contains(.,"Sync")]]'
[2026-06-14T09:32:02.954Z] [ALL] 06-14 15:01:59.958 10725 10763 I appium  : Waiting up to 10000ms for the device to idle
[2026-06-14T09:32:02.954Z] [ALL] 06-14 15:01:59.960 10725 10763 I appium  : The following attributes will be included to the page source: [text]
[2026-06-14T09:32:02.954Z] [ALL] 06-14 15:01:59.969 10725 10729 I tomator2.server: Method exceeds compiler instruction limit: 19260 in java_cup.runtime.Symbol org.eclipse.wst.xml.xpath2.processor.internal.CUP$XPathCup$actions.CUP$XPathCup$do_action(int, java_cup.runtime.lr_parser, java.util.Stack, int)
[2026-06-14T09:32:02.969Z] [ALL] 06-14 15:02:00.010  2112  2617 I DateTimeView: updateAll - getTimeFormat
[2026-06-14T09:32:02.969Z] [ALL] 06-14 15:02:00.017  2112  2112 D FaceWidgetPagesController: onTimeChanged()
[2026-06-14T09:32:02.969Z] [ALL] 06-14 15:02:00.018  2112  2617 D QSClockBellTower: onReceive(android.intent.action.TIME_TICK) mTimeZoneString:Asia/Kolkata
[2026-06-14T09:32:02.969Z] [ALL] 06-14 15:02:00.019  1486  1486 I EyeComfortSolutionService: action  :  android.intent.action.TIME_TICK
[2026-06-14T09:32:02.969Z] [ALL] 06-14 15:02:00.020  2112  2112 D QSClockBellTower: He is ready to ring the bell. (((QSClockBellSound - TimeText:3:02, TimeContentDescription:3:02 pm, DateText:Sun, 14 June, ShortDateText:Sun, 14 Jun, Demo:false)))
[2026-06-14T09:32:02.969Z] [ALL] 06-14 15:02:00.023  1149  1280 I SurfaceFlinger: Current= 60, Period= 60, hwcPeriod= 60
[2026-06-14T09:32:02.969Z] [ALL] 06-14 15:02:00.026  2112  2112 D QSClock : StatusBar clock=3:02 notifyTimeChanged(QSClockBellSound - TimeText:3:02, TimeContentDescription:3:02 pm, DateText:Sun, 14 June, ShortDateText:Sun, 14 Jun, Demo:false) clockVisibleByPolicy=true, clockVisibleByUser=true, visible=true, parent=android.widget.LinearLayout{479d080 V.E...... ......ID 0,0-78,63 #7e0a06b0 com.android.systemui:id/left_clock_container} caller=com.android.systemui.statusbar.phone.fragment.CollapsedStatusBarFragment.animateShow:66 com.android.systemui.statusbar.phone.fragment.CollapsedStatusBarFragment.updateStatusBarVisibilitiesInner:236 com.android.systemui.statusbar.phone.fragment.CollapsedStatusBarFragment$$ExternalSyntheticLambda0.run:18 com.android.systemui.statusbar.phone.fragment.CollapsedStatusBarFragmentExt.onKeyguardShowingChanged:10 com.android.systemui.statusbar.policy.KeyguardStateControllerImpl$$ExternalSyntheticLambda0.accept:24  
[2026-06-14T09:32:03.023Z] [ALL] 06-14 15:02:00.031  2112  2112 D QSClockBellTower: Everyone heard the bell. run(currentTime:1781429520018, getTime():Sun Jun 14 15:02:00 GMT+05:30 2026, getTimeZone():libcore.util.ZoneInfo[mDstSavings=0,mUseDst=false,mDelegate=[id="Asia/Kolkata",mRawOffset=19800000,mEarliestRawOffset=21208000,transitions=7]])
[2026-06-14T09:32:03.023Z] [ALL] 06-14 15:02:00.038  2112  2112 D {OngoingChipAdapter}: updateEnableMaxWidth : 369 -:> 364
[2026-06-14T09:32:03.023Z] [ALL] 06-14 15:02:00.038  2112  2112 I {OngoingActivityController}: sendChipInfoForAppExitAnimation check OA data
[2026-06-14T09:32:03.023Z] [ALL] 06-14 15:02:00.038  2112  2112 I {OngoingActivityController}: sendChipInfoForAppExitAnimation call chip list: []
[2026-06-14T09:32:03.023Z] [ALL] 06-14 15:02:00.038  2112  2112 I {OngoingActivityController}: sendChipInfoForAppExitAnimation onOngoingChipInfoChanged
[2026-06-14T09:32:03.023Z] [ALL] 06-14 15:02:00.039  2619  2826 I HoneySpace.OnGoingChip: onOngoingChipInfoChanged, size-0
[2026-06-14T09:32:03.040Z] [ALL] 06-14 15:02:00.048  2112  2112 W RefactorFlag: New code path expects SceneContainerFlag to be enabled.
[2026-06-14T09:32:03.040Z] [ALL] 06-14 15:02:00.054  1149  1317 D SurfaceFlinger: setDesiredMode 4633128672291736000 {mode={fps=120.00 Hz, modePtr={id=0, vsyncRate=120.00 Hz, peakRefreshRate=120.00 Hz}}, emitEvent=false, force=false}
[2026-06-14T09:32:03.040Z] [ALL] 06-14 15:02:00.060  1149  1149 I SurfaceFlinger: StatusBar$_2112#94 voted NoVote (0.00 Hz)
[2026-06-14T09:32:03.040Z] [ALL] 06-14 15:02:00.060  1149  1149 I SurfaceFlinger: com.safebank.ai/com.safebank.ai.MainActivity$_11061#104622 voted ExplicitCategory with category: HighHint
[2026-06-14T09:32:03.040Z] [ALL] 06-14 15:02:00.060  1149  1149 I SurfaceFlinger: Touch Control - choose 120.00 Hz
[2026-06-14T09:32:03.040Z] [ALL] 06-14 15:02:00.061  1149  1149 D SurfaceFlinger: initiateModeChange 4633128672291736000 {mode={fps=120.00 Hz, modePtr={id=0, vsyncRate=120.00 Hz, peakRefreshRate=120.00 Hz}}, emitEvent=false, force=false}
[2026-06-14T09:32:03.040Z] [ALL] 06-14 15:02:00.061  1149  1149 I SurfaceFlinger: [4633128672291736000] ActiveConfigToHWC, ID : 3
[2026-06-14T09:32:03.040Z] [ALL] 06-14 15:02:00.062  1062 15192 D display : setActiveConfigWithConstraints:: PrimaryDisplay config(3)
[2026-06-14T09:32:03.040Z] [ALL] 06-14 15:02:00.062  1062 15192 I display : Current VRR MODE is 3
[2026-06-14T09:32:03.040Z] [ALL] 06-14 15:02:00.062  1062 15192 I display : setActiveConfigWithConstraints:: HFR match - config: 3, base: 3, try: 1
[2026-06-14T09:32:03.040Z] [ALL] 06-14 15:02:00.062  1062 15192 I display : setActiveConfigWithConstraints::update 1080x2340@120hs
[2026-06-14T09:32:03.040Z] [ALL] 06-14 15:02:00.062  1062 15192 I display : commit modeset : 1080x2340@120hs
[2026-06-14T09:32:03.040Z] [ALL] 06-14 15:02:00.084  1062 15192 W display : deliverWinConfigData:: commit modeset time (21 ms)
[2026-06-14T09:32:03.040Z] [ALL] 06-14 15:02:00.085  1062  1159 I display : [compareVsyncPeriod] set the lowest(mode:0) vsync 83 of display(0)
[2026-06-14T09:32:03.040Z] [ALL] 06-14 15:02:00.085  1062  1159 I display : getFpsForPerformance, performance table found using table(key:120, cpu:255)
[2026-06-14T09:32:03.040Z] [ALL] 06-14 15:02:00.085  1062  1159 I display : Set m2mMPP capacity(4) for fps(120)
[2026-06-14T09:32:03.040Z] [ALL] 06-14 15:02:00.085  1062  1159 I display : getFpsForPerformance, performance table found using table(key:120, cpu:255)
[2026-06-14T09:32:03.040Z] [ALL] 06-14 15:02:00.085  1062  1159 I display : Set Affinity config for fps(120) : cpuIDs : 255
[2026-06-14T09:32:03.040Z] [ALL] 06-14 15:02:00.085  1062  1159 I display : Set Affinity CPU ID : 0
[2026-06-14T09:32:03.040Z] [ALL] 06-14 15:02:00.085  1062  1159 I display : Set Affinity CPU ID : 1
[2026-06-14T09:32:03.040Z] [ALL] 06-14 15:02:00.085  1062  1159 I display : Set Affinity CPU ID : 2
[2026-06-14T09:32:03.040Z] [ALL] 06-14 15:02:00.085  1062  1159 I display : Set Affinity CPU ID : 3
[2026-06-14T09:32:03.040Z] [ALL] 06-14 15:02:00.085  1062  1159 I display : Set Affinity CPU ID : 4
[2026-06-14T09:32:03.040Z] [ALL] 06-14 15:02:00.085  1062  1159 I display : Set Affinity CPU ID : 5
[2026-06-14T09:32:03.040Z] [ALL] 06-14 15:02:00.085  1062  1159 I display : Set Affinity CPU ID : 6
[2026-06-14T09:32:03.040Z] [ALL] 06-14 15:02:00.085  1062  1159 I display : Set Affinity CPU ID : 7
[2026-06-14T09:32:03.040Z] [ALL] 06-14 15:02:00.085  1062  1159 I display : Set affinity HWC : 1062
[2026-06-14T09:32:03.040Z] [ALL] 06-14 15:02:00.085  1062  1159 I display : CPU set : Cluster(0), min_clock(0)
[2026-06-14T09:32:03.040Z] [ALL] 06-14 15:02:00.085  1062  1159 I display : CPU set : Cluster(1), min_clock(0)
[2026-06-14T09:32:03.040Z] [ALL] 06-14 15:02:00.085  1062  1159 I display : CPU set : Cluster(2), min_clock(0)
[2026-06-14T09:32:03.040Z] [ALL] 06-14 15:02:00.085  1149  1280 I SurfaceFlinger: Current= 60, Period= 120, hwcPeriod= 120
[2026-06-14T09:32:03.040Z] [ALL] 06-14 15:02:00.085  1149  1149 I SurfaceFlinger: finalizeDisplayModeChange 4633128672291736000
[2026-06-14T09:32:03.092Z] [ALL] 06-14 15:02:00.157 10725 10763 I appium  : Took 0ms to retrieve 0 matches for '//*[@text[contains(.,"Invalid") or contains(.,"empty") or contains(.,"Required") or contains(.,"error") or contains(.,"Error") or contains(.,"Incorrect") or contains(.,"Please") or contains(.,"enter") or contains(.,"Failed") or contains(.,"failed") or contains(.,"Sync")]]' XPath2 query
[2026-06-14T09:32:03.109Z] [ALL] 06-14 15:02:00.158 10725 10763 I appium  : AppiumResponse: {"sessionId":"e97b7abb-6aa8-4e9c-b8b4-b3047c3ed272","value":{"error":"no such element","message":"An element could not be located on the page using the given search parameters","stacktrace":"io.appium.uiautomator2.common.exceptions.ElementNotFoundException: An element could not be located on the page using the given search parameters\n\tat io.appium.uiautomator2.utils.ElementLocationHelpers.findElement(ElementLocationHelpers.java:153)\n\tat io.appium.uiautomator2.handler.FindElement.safeHandle(FindElement.java:60)\n\tat io.appium.uiautomator2.handler.request.SafeRequestHandler.handle(SafeRequestHandler.java:59)\n\tat io.appium.uiautomator2.server.AppiumServlet.handleRequest(AppiumServlet.java:267)\n\tat io.appium.uiautomator2.server.AppiumServlet.handleHttpRequest(AppiumServlet.java:261)\n\tat io.appium.uiautomator2.http.ServerHandler.channelRead(ServerHandler.java:77)\n\tat io.netty.channel.AbstractChannelHandlerContext.fireChannelRead(AbstractChannelHandlerContext.java:357)\n\tat io.netty.handler.codec.MessageToMessageDecoder.channelRead(MessageToMessageDecoder.java:107)\n\tat io.netty.channel.AbstractChannelHandlerContext.fireChannelRead(AbstractChannelHandlerContext.java:357)\n\tat io.netty.channel.CombinedChannelDuplexHandler$DelegatingChannelHandlerContext.fireChannelRead(CombinedChannelDuplexHandler.java:434)\n\tat io.netty.handler.codec.ByteToMessageDecoder.fireChannelRead(ByteToMessageDecoder.java:361)\n\tat io.netty.handler.codec.ByteToMessageDecoder.channelRead(ByteToMessageDecoder.java:325)\n\tat io.netty.channel.CombinedChannelDuplexHandler.channelRead(CombinedChannelDuplexHandler.java:249)\n\tat io.netty.channel.AbstractChannelHandlerContext.fireChannelRead(AbstractChannelHandlerContext.java:355)\n\tat io.netty.handler.timeout.IdleStateHandler.channelRead(IdleStateHandler.java:288)\n\tat io.netty.channel.AbstractChannelHandlerContext.fireChannelRead(AbstractChannelHandlerContext.java:355)\n\tat io.netty.channel.DefaultChannelPipeline$HeadContext.channelRead(DefaultChannelPipeline.java:1429)\n\tat io.netty.channel.DefaultChannelPipeline.fireChannelRead(DefaultChannelPipeline.java:918)\n\tat io.netty.channel.nio.AbstractNioByteChannel$NioByteUnsafe.read(AbstractNioByteChannel.java:176)\n\tat io.netty.channel.nio.AbstractNioChannel$AbstractNioUnsafe.handle(AbstractNioChannel.java:445)\n\tat io.netty.channel.nio.NioIoHandler$DefaultNioRegistration.handle(NioIoHandler.java:388)\n\tat io.netty.channel.nio.NioIoHandler.processSelectedKey(NioIoHandler.java:596)\n\tat io.netty.channel.nio.NioIoHandler.processSelectedKeysOptimized(NioIoHandler.java:571)\n\tat io.netty.channel.nio.NioIoHandler.processSelectedKeys(NioIoHandler.java:512)\n\tat io.netty.channel.nio.NioIoHandler.run(NioIoHandler.java:484)\n\tat io.netty.channel.SingleThreadIoEventLoop.runIo(SingleThreadIoEventLoop.java:225)\n\tat io.netty.channel.SingleThreadIoEventLoop.run(SingleThreadIoEventLoop.java:196)\n\tat io.netty.util.concurrent.SingleThreadEventExecutor$5.run(SingleThreadEventExecutor.java:1195)\n\tat io.netty.util.internal.ThreadExecutorMap$2.run(ThreadExecutorMap.java:74)\n\tat io.netty.util.concurrent.FastThreadLocalRunnable.run(FastThreadLocalRunnable.java:30)\n\tat java.lang.Thread.run(Thread.java:1564)\n"}}
[2026-06-14T09:32:03.234Z] [ALL] 06-14 15:02:00.306  1149  1317 D SurfaceFlinger: setDesiredMode 4633128672291736000 {mode={fps=60.00 Hz, modePtr={id=1, vsyncRate=60.00 Hz, peakRefreshRate=60.00 Hz}}, emitEvent=false, force=false}
[2026-06-14T09:32:03.236Z] [ALL] 06-14 15:02:00.309  1149  1149 I SurfaceFlinger: StatusBar$_2112#94 voted NoVote (0.00 Hz)
[2026-06-14T09:32:03.236Z] [ALL] 06-14 15:02:00.309  1149  1149 I SurfaceFlinger: com.safebank.ai/com.safebank.ai.MainActivity$_11061#104622 voted ExplicitCategory with category: HighHint
[2026-06-14T09:32:03.236Z] [ALL] 06-14 15:02:00.309  1149  1149 I SurfaceFlinger: IdleFps - choose 60.00 Hz
[2026-06-14T09:32:03.239Z] [ALL] 06-14 15:02:00.309  1149  1149 D SurfaceFlinger: initiateModeChange 4633128672291736000 {mode={fps=60.00 Hz, modePtr={id=1, vsyncRate=60.00 Hz, peakRefreshRate=60.00 Hz}}, emitEvent=false, force=false}
[2026-06-14T09:32:03.239Z] [ALL] 06-14 15:02:00.310  1149  1149 I SurfaceFlinger: [4633128672291736000] ActiveConfigToHWC, ID : 4
[2026-06-14T09:32:03.239Z] [ALL] 06-14 15:02:00.310  1149  1280 I SurfaceFlinger: Current= 120, Period= 60, hwcPeriod= 120
[2026-06-14T09:32:03.241Z] [ALL] 06-14 15:02:00.311  1062 15192 D display : setActiveConfigWithConstraints:: PrimaryDisplay config(4)
[2026-06-14T09:32:03.241Z] [ALL] 06-14 15:02:00.311  1062 15192 I display : Current VRR MODE is 3
[2026-06-14T09:32:03.241Z] [ALL] 06-14 15:02:00.311  1062 15192 I display : setActiveConfigWithConstraints:: HFR match - config: 5, base: 4, try: 0
[2026-06-14T09:32:03.241Z] [ALL] 06-14 15:02:00.311  1062 15192 I display : setActiveConfigWithConstraints::update 1080x2340@60phs
[2026-06-14T09:32:03.241Z] [ALL] 06-14 15:02:00.312  1062 15192 I display : commit modeset : 1080x2340@60phs
[2026-06-14T09:32:03.255Z] [ALL] 06-14 15:02:00.326  1062 15192 W display : deliverWinConfigData:: commit modeset time (14 ms)
[2026-06-14T09:32:03.264Z] [ALL] 06-14 15:02:00.327  1062  1159 I display : [compareVsyncPeriod] set the lowest(mode:0) vsync 166 of display(0)
[2026-06-14T09:32:03.264Z] [ALL] 06-14 15:02:00.327  1062  1159 I display : getFpsForPerformance, performance table found using table(key:60, cpu:255)
[2026-06-14T09:32:03.264Z] [ALL] 06-14 15:02:00.327  1062  1159 I display : Set m2mMPP capacity(8) for fps(60)
[2026-06-14T09:32:03.264Z] [ALL] 06-14 15:02:00.327  1062  1159 I display : getFpsForPerformance, performance table found using table(key:60, cpu:255)
[2026-06-14T09:32:03.264Z] [ALL] 06-14 15:02:00.327  1062  1159 I display : Set Affinity config for fps(60) : cpuIDs : 255
[2026-06-14T09:32:03.264Z] [ALL] 06-14 15:02:00.327  1062  1159 I display : Set Affinity CPU ID : 0
[2026-06-14T09:32:03.264Z] [ALL] 06-14 15:02:00.327  1062  1159 I display : Set Affinity CPU ID : 1
[2026-06-14T09:32:03.264Z] [ALL] 06-14 15:02:00.327  1062  1159 I display : Set Affinity CPU ID : 2
[2026-06-14T09:32:03.264Z] [ALL] 06-14 15:02:00.327  1062  1159 I display : Set Affinity CPU ID : 3
[2026-06-14T09:32:03.264Z] [ALL] 06-14 15:02:00.327  1062  1159 I display : Set Affinity CPU ID : 4
[2026-06-14T09:32:03.264Z] [ALL] 06-14 15:02:00.327  1062  1159 I display : Set Affinity CPU ID : 5
[2026-06-14T09:32:03.264Z] [ALL] 06-14 15:02:00.327  1062  1159 I display : Set Affinity CPU ID : 6
[2026-06-14T09:32:03.264Z] [ALL] 06-14 15:02:00.327  1062  1159 I display : Set Affinity CPU ID : 7
[2026-06-14T09:32:03.264Z] [ALL] 06-14 15:02:00.327  1062  1159 I display : Set affinity HWC : 1062
[2026-06-14T09:32:03.264Z] [ALL] 06-14 15:02:00.327  1149  1149 D SurfaceFlinger: GPIS:: requestGpisForSFSluggish
[2026-06-14T09:32:03.264Z] [ALL] 06-14 15:02:00.327  1149  1149 I SurfaceFlinger: finalizeDisplayModeChange 4633128672291736000
[2026-06-14T09:32:03.264Z] [ALL] 06-14 15:02:00.327  1062  1159 I display : CPU set : Cluster(0), min_clock(0)
[2026-06-14T09:32:03.264Z] [ALL] 06-14 15:02:00.327  1062  1159 I display : CPU set : Cluster(1), min_clock(0)
[2026-06-14T09:32:03.264Z] [ALL] 06-14 15:02:00.327  1062  1159 I display : CPU set : Cluster(2), min_clock(0)
[2026-06-14T09:32:03.264Z] [ALL] 06-14 15:02:00.328  1149  1280 I SurfaceFlinger: Current= 120, Period= 60, hwcPeriod= 60
[2026-06-14T09:32:03.453Z] [ALL] 06-14 15:02:00.497  1486  1828 I SemWifiServiceDetector: Service det. suspended: T / T / 19967
[2026-06-14T09:32:03.614Z] [ALL] 06-14 15:02:00.653  1075 11670 I HYPER-HAL: [RequestManager.cpp]releaseLocked(): Released ID : 8659070
[2026-06-14T09:32:03.624Z] [ALL] 06-14 15:02:00.694 10725 10763 I appium  : channel read: POST /session/e97b7abb-6aa8-4e9c-b8b4-b3047c3ed272/element
[2026-06-14T09:32:03.629Z] [ALL] 06-14 15:02:00.694 10725 10763 I appium  : FindElement command
[2026-06-14T09:32:03.629Z] [ALL] 06-14 15:02:00.695 10725 10763 I appium  : method: 'xpath', selector: '//*[@text[contains(.,"Invalid") or contains(.,"empty") or contains(.,"Required") or contains(.,"error") or contains(.,"Error") or contains(.,"Incorrect") or contains(.,"Please") or contains(.,"enter") or contains(.,"Failed") or contains(.,"failed") or contains(.,"Sync")]]'
[2026-06-14T09:32:03.629Z] [ALL] 06-14 15:02:00.696 10725 10763 I appium  : Waiting up to 10000ms for the device to idle
[2026-06-14T09:32:03.629Z] [ALL] 06-14 15:02:00.697 10725 10763 I appium  : The following attributes will be included to the page source: [text]
[2026-06-14T09:32:03.898Z] [ALL] 06-14 15:02:00.970 10725 10763 I appium  : Took 0ms to retrieve 0 matches for '//*[@text[contains(.,"Invalid") or contains(.,"empty") or contains(.,"Required") or contains(.,"error") or contains(.,"Error") or contains(.,"Incorrect") or contains(.,"Please") or contains(.,"enter") or contains(.,"Failed") or contains(.,"failed") or contains(.,"Sync")]]' XPath2 query
[2026-06-14T09:32:03.901Z] [ALL] 06-14 15:02:00.971 10725 10763 I appium  : AppiumResponse: {"sessionId":"e97b7abb-6aa8-4e9c-b8b4-b3047c3ed272","value":{"error":"no such element","message":"An element could not be located on the page using the given search parameters","stacktrace":"io.appium.uiautomator2.common.exceptions.ElementNotFoundException: An element could not be located on the page using the given search parameters\n\tat io.appium.uiautomator2.utils.ElementLocationHelpers.findElement(ElementLocationHelpers.java:153)\n\tat io.appium.uiautomator2.handler.FindElement.safeHandle(FindElement.java:60)\n\tat io.appium.uiautomator2.handler.request.SafeRequestHandler.handle(SafeRequestHandler.java:59)\n\tat io.appium.uiautomator2.server.AppiumServlet.handleRequest(AppiumServlet.java:267)\n\tat io.appium.uiautomator2.server.AppiumServlet.handleHttpRequest(AppiumServlet.java:261)\n\tat io.appium.uiautomator2.http.ServerHandler.channelRead(ServerHandler.java:77)\n\tat io.netty.channel.AbstractChannelHandlerContext.fireChannelRead(AbstractChannelHandlerContext.java:357)\n\tat io.netty.handler.codec.MessageToMessageDecoder.channelRead(MessageToMessageDecoder.java:107)\n\tat io.netty.channel.AbstractChannelHandlerContext.fireChannelRead(AbstractChannelHandlerContext.java:357)\n\tat io.netty.channel.CombinedChannelDuplexHandler$DelegatingChannelHandlerContext.fireChannelRead(CombinedChannelDuplexHandler.java:434)\n\tat io.netty.handler.codec.ByteToMessageDecoder.fireChannelRead(ByteToMessageDecoder.java:361)\n\tat io.netty.handler.codec.ByteToMessageDecoder.channelRead(ByteToMessageDecoder.java:325)\n\tat io.netty.channel.CombinedChannelDuplexHandler.channelRead(CombinedChannelDuplexHandler.java:249)\n\tat io.netty.channel.AbstractChannelHandlerContext.fireChannelRead(AbstractChannelHandlerContext.java:355)\n\tat io.netty.handler.timeout.IdleStateHandler.channelRead(IdleStateHandler.java:288)\n\tat io.netty.channel.AbstractChannelHandlerContext.fireChannelRead(AbstractChannelHandlerContext.java:355)\n\tat io.netty.channel.DefaultChannelPipeline$HeadContext.channelRead(DefaultChannelPipeline.java:1429)\n\tat io.netty.channel.DefaultChannelPipeline.fireChannelRead(DefaultChannelPipeline.java:918)\n\tat io.netty.channel.nio.AbstractNioByteChannel$NioByteUnsafe.read(AbstractNioByteChannel.java:176)\n\tat io.netty.channel.nio.AbstractNioChannel$AbstractNioUnsafe.handle(AbstractNioChannel.java:445)\n\tat io.netty.channel.nio.NioIoHandler$DefaultNioRegistration.handle(NioIoHandler.java:388)\n\tat io.netty.channel.nio.NioIoHandler.processSelectedKey(NioIoHandler.java:596)\n\tat io.netty.channel.nio.NioIoHandler.processSelectedKeysOptimized(NioIoHandler.java:571)\n\tat io.netty.channel.nio.NioIoHandler.processSelectedKeys(NioIoHandler.java:512)\n\tat io.netty.channel.nio.NioIoHandler.run(NioIoHandler.java:484)\n\tat io.netty.channel.SingleThreadIoEventLoop.runIo(SingleThreadIoEventLoop.java:225)\n\tat io.netty.channel.SingleThreadIoEventLoop.run(SingleThreadIoEventLoop.java:196)\n\tat io.netty.util.concurrent.SingleThreadEventExecutor$5.run(SingleThreadEventExecutor.java:1195)\n\tat io.netty.util.internal.ThreadExecutorMap$2.run(ThreadExecutorMap.java:74)\n\tat io.netty.util.concurrent.FastThreadLocalRunnable.run(FastThreadLocalRunnable.java:30)\n\tat java.lang.Thread.run(Thread.java:1564)\n"}}
[2026-06-14T09:32:04.266Z] [ALL] 06-14 15:02:01.251  2228  3094 I TUIThread: epol_call: EPOLL_SKIP
[2026-06-14T09:32:04.279Z] [ALL] 06-14 15:02:01.321   747   747 D io_stats: !@   8,0 r 79732150 1572374705 w 12669707 207589264 d 4210505 258730260 f 0 1106415 iot 28679988 0 th 0 0 0 pt 0 inp 0 0 180335.710
[2026-06-14T09:32:04.418Z] [ALL] 06-14 15:02:01.489 10725 10763 I appium  : channel read: POST /session/e97b7abb-6aa8-4e9c-b8b4-b3047c3ed272/element
[2026-06-14T09:32:04.429Z] [ALL] 06-14 15:02:01.490 10725 10763 I appium  : FindElement command
[2026-06-14T09:32:04.429Z] [ALL] 06-14 15:02:01.491 10725 10763 I appium  : method: 'xpath', selector: '//*[@text[contains(.,"Invalid") or contains(.,"empty") or contains(.,"Required") or contains(.,"error") or contains(.,"Error") or contains(.,"Incorrect") or contains(.,"Please") or contains(.,"enter") or contains(.,"Failed") or contains(.,"failed") or contains(.,"Sync")]]'
[2026-06-14T09:32:04.429Z] [ALL] 06-14 15:02:01.491 10725 10763 I appium  : Waiting up to 10000ms for the device to idle
[2026-06-14T09:32:04.429Z] [ALL] 06-14 15:02:01.492 10725 10763 I appium  : The following attributes will be included to the page source: [text]
[2026-06-14T09:32:04.440Z] [ALL] 06-14 15:02:01.497 10725 10729 I tomator2.server: Method exceeds compiler instruction limit: 19260 in java_cup.runtime.Symbol org.eclipse.wst.xml.xpath2.processor.internal.CUP$XPathCup$actions.CUP$XPathCup$do_action(int, java_cup.runtime.lr_parser, java.util.Stack, int)
[2026-06-14T09:32:04.580Z] [ALL] 06-14 15:02:01.651  3653  3653 I wpa_supplicant: Heartbeat 5803
[2026-06-14T09:32:04.695Z] [ALL] 06-14 15:02:01.766 10725 10763 I appium  : Took 0ms to retrieve 0 matches for '//*[@text[contains(.,"Invalid") or contains(.,"empty") or contains(.,"Required") or contains(.,"error") or contains(.,"Error") or contains(.,"Incorrect") or contains(.,"Please") or contains(.,"enter") or contains(.,"Failed") or contains(.,"failed") or contains(.,"Sync")]]' XPath2 query
[2026-06-14T09:32:04.700Z] [ALL] 06-14 15:02:01.768 10725 10763 I appium  : AppiumResponse: {"sessionId":"e97b7abb-6aa8-4e9c-b8b4-b3047c3ed272","value":{"error":"no such element","message":"An element could not be located on the page using the given search parameters","stacktrace":"io.appium.uiautomator2.common.exceptions.ElementNotFoundException: An element could not be located on the page using the given search parameters\n\tat io.appium.uiautomator2.utils.ElementLocationHelpers.findElement(ElementLocationHelpers.java:153)\n\tat io.appium.uiautomator2.handler.FindElement.safeHandle(FindElement.java:60)\n\tat io.appium.uiautomator2.handler.request.SafeRequestHandler.handle(SafeRequestHandler.java:59)\n\tat io.appium.uiautomator2.server.AppiumServlet.handleRequest(AppiumServlet.java:267)\n\tat io.appium.uiautomator2.server.AppiumServlet.handleHttpRequest(AppiumServlet.java:261)\n\tat io.appium.uiautomator2.http.ServerHandler.channelRead(ServerHandler.java:77)\n\tat io.netty.channel.AbstractChannelHandlerContext.fireChannelRead(AbstractChannelHandlerContext.java:357)\n\tat io.netty.handler.codec.MessageToMessageDecoder.channelRead(MessageToMessageDecoder.java:107)\n\tat io.netty.channel.AbstractChannelHandlerContext.fireChannelRead(AbstractChannelHandlerContext.java:357)\n\tat io.netty.channel.CombinedChannelDuplexHandler$DelegatingChannelHandlerContext.fireChannelRead(CombinedChannelDuplexHandler.java:434)\n\tat io.netty.handler.codec.ByteToMessageDecoder.fireChannelRead(ByteToMessageDecoder.java:361)\n\tat io.netty.handler.codec.ByteToMessageDecoder.channelRead(ByteToMessageDecoder.java:325)\n\tat io.netty.channel.CombinedChannelDuplexHandler.channelRead(CombinedChannelDuplexHandler.java:249)\n\tat io.netty.channel.AbstractChannelHandlerContext.fireChannelRead(AbstractChannelHandlerContext.java:355)\n\tat io.netty.handler.timeout.IdleStateHandler.channelRead(IdleStateHandler.java:288)\n\tat io.netty.channel.AbstractChannelHandlerContext.fireChannelRead(AbstractChannelHandlerContext.java:355)\n\tat io.netty.channel.DefaultChannelPipeline$HeadContext.channelRead(DefaultChannelPipeline.java:1429)\n\tat io.netty.channel.DefaultChannelPipeline.fireChannelRead(DefaultChannelPipeline.java:918)\n\tat io.netty.channel.nio.AbstractNioByteChannel$NioByteUnsafe.read(AbstractNioByteChannel.java:176)\n\tat io.netty.channel.nio.AbstractNioChannel$AbstractNioUnsafe.handle(AbstractNioChannel.java:445)\n\tat io.netty.channel.nio.NioIoHandler$DefaultNioRegistration.handle(NioIoHandler.java:388)\n\tat io.netty.channel.nio.NioIoHandler.processSelectedKey(NioIoHandler.java:596)\n\tat io.netty.channel.nio.NioIoHandler.processSelectedKeysOptimized(NioIoHandler.java:571)\n\tat io.netty.channel.nio.NioIoHandler.processSelectedKeys(NioIoHandler.java:512)\n\tat io.netty.channel.nio.NioIoHandler.run(NioIoHandler.java:484)\n\tat io.netty.channel.SingleThreadIoEventLoop.runIo(SingleThreadIoEventLoop.java:225)\n\tat io.netty.channel.SingleThreadIoEventLoop.run(SingleThreadIoEventLoop.java:196)\n\tat io.netty.util.concurrent.SingleThreadEventExecutor$5.run(SingleThreadEventExecutor.java:1195)\n\tat io.netty.util.internal.ThreadExecutorMap$2.run(ThreadExecutorMap.java:74)\n\tat io.netty.util.concurrent.FastThreadLocalRunnable.run(FastThreadLocalRunnable.java:30)\n\tat java.lang.Thread.run(Thread.java:1564)\n"}}
[2026-06-14T09:32:05.110Z] [ALL] 06-14 15:02:02.151  1486  1556 D PowerManagerService: UserActivityStateListenerState: 0
[2026-06-14T09:32:05.114Z] [ALL] 06-14 15:02:02.166 11061 11061 I VRI[MainActivity]@99da679: call setFrameRateCategory for touch hint category=no preference, reason=boost timeout, vri=VRI[MainActivity]@99da679
[2026-06-14T09:32:05.114Z] [ALL] 06-14 15:02:02.172  1149  1280 I SurfaceFlinger: Current= 60, Period= 60, hwcPeriod= 60
[2026-06-14T09:32:05.114Z] [ALL] 06-14 15:02:02.177  1149  1149 I SurfaceFlinger: [com.safebank.ai/com.safebank.ai.MainActivity$_11061#104622] setFrameRateCategory: NoPreference
[2026-06-14T09:32:05.227Z] [ALL] 06-14 15:02:02.297 10725 10763 I appium  : channel read: POST /session/e97b7abb-6aa8-4e9c-b8b4-b3047c3ed272/element
[2026-06-14T09:32:05.227Z] [ALL] 06-14 15:02:02.297 10725 10763 I appium  : FindElement command
[2026-06-14T09:32:05.235Z] [ALL] 06-14 15:02:02.298 10725 10763 I appium  : method: 'xpath', selector: '//*[@text[contains(.,"Invalid") or contains(.,"empty") or contains(.,"Required") or contains(.,"error") or contains(.,"Error") or contains(.,"Incorrect") or contains(.,"Please") or contains(.,"enter") or contains(.,"Failed") or contains(.,"failed") or contains(.,"Sync")]]'
[2026-06-14T09:32:05.235Z] [ALL] 06-14 15:02:02.299 10725 10763 I appium  : Waiting up to 10000ms for the device to idle
[2026-06-14T09:32:05.235Z] [ALL] 06-14 15:02:02.300 10725 10763 I appium  : The following attributes will be included to the page source: [text]
[2026-06-14T09:32:05.240Z] [ALL] 06-14 15:02:02.305 10725 10729 I tomator2.server: Method exceeds compiler instruction limit: 19260 in java_cup.runtime.Symbol org.eclipse.wst.xml.xpath2.processor.internal.CUP$XPathCup$actions.CUP$XPathCup$do_action(int, java_cup.runtime.lr_parser, java.util.Stack, int)
[2026-06-14T09:32:05.458Z] [ALL] 06-14 15:02:02.524 10725 10763 I appium  : Took 0ms to retrieve 0 matches for '//*[@text[contains(.,"Invalid") or contains(.,"empty") or contains(.,"Required") or contains(.,"error") or contains(.,"Error") or contains(.,"Incorrect") or contains(.,"Please") or contains(.,"enter") or contains(.,"Failed") or contains(.,"failed") or contains(.,"Sync")]]' XPath2 query
[2026-06-14T09:32:05.464Z] [ALL] 06-14 15:02:02.525 10725 10763 I appium  : AppiumResponse: {"sessionId":"e97b7abb-6aa8-4e9c-b8b4-b3047c3ed272","value":{"error":"no such element","message":"An element could not be located on the page using the given search parameters","stacktrace":"io.appium.uiautomator2.common.exceptions.ElementNotFoundException: An element could not be located on the page using the given search parameters\n\tat io.appium.uiautomator2.utils.ElementLocationHelpers.findElement(ElementLocationHelpers.java:153)\n\tat io.appium.uiautomator2.handler.FindElement.safeHandle(FindElement.java:60)\n\tat io.appium.uiautomator2.handler.request.SafeRequestHandler.handle(SafeRequestHandler.java:59)\n\tat io.appium.uiautomator2.server.AppiumServlet.handleRequest(AppiumServlet.java:267)\n\tat io.appium.uiautomator2.server.AppiumServlet.handleHttpRequest(AppiumServlet.java:261)\n\tat io.appium.uiautomator2.http.ServerHandler.channelRead(ServerHandler.java:77)\n\tat io.netty.channel.AbstractChannelHandlerContext.fireChannelRead(AbstractChannelHandlerContext.java:357)\n\tat io.netty.handler.codec.MessageToMessageDecoder.channelRead(MessageToMessageDecoder.java:107)\n\tat io.netty.channel.AbstractChannelHandlerContext.fireChannelRead(AbstractChannelHandlerContext.java:357)\n\tat io.netty.channel.CombinedChannelDuplexHandler$DelegatingChannelHandlerContext.fireChannelRead(CombinedChannelDuplexHandler.java:434)\n\tat io.netty.handler.codec.ByteToMessageDecoder.fireChannelRead(ByteToMessageDecoder.java:361)\n\tat io.netty.handler.codec.ByteToMessageDecoder.channelRead(ByteToMessageDecoder.java:325)\n\tat io.netty.channel.CombinedChannelDuplexHandler.channelRead(CombinedChannelDuplexHandler.java:249)\n\tat io.netty.channel.AbstractChannelHandlerContext.fireChannelRead(AbstractChannelHandlerContext.java:355)\n\tat io.netty.handler.timeout.IdleStateHandler.channelRead(IdleStateHandler.java:288)\n\tat io.netty.channel.AbstractChannelHandlerContext.fireChannelRead(AbstractChannelHandlerContext.java:355)\n\tat io.netty.channel.DefaultChannelPipeline$HeadContext.channelRead(DefaultChannelPipeline.java:1429)\n\tat io.netty.channel.DefaultChannelPipeline.fireChannelRead(DefaultChannelPipeline.java:918)\n\tat io.netty.channel.nio.AbstractNioByteChannel$NioByteUnsafe.read(AbstractNioByteChannel.java:176)\n\tat io.netty.channel.nio.AbstractNioChannel$AbstractNioUnsafe.handle(AbstractNioChannel.java:445)\n\tat io.netty.channel.nio.NioIoHandler$DefaultNioRegistration.handle(NioIoHandler.java:388)\n\tat io.netty.channel.nio.NioIoHandler.processSelectedKey(NioIoHandler.java:596)\n\tat io.netty.channel.nio.NioIoHandler.processSelectedKeysOptimized(NioIoHandler.java:571)\n\tat io.netty.channel.nio.NioIoHandler.processSelectedKeys(NioIoHandler.java:512)\n\tat io.netty.channel.nio.NioIoHandler.run(NioIoHandler.java:484)\n\tat io.netty.channel.SingleThreadIoEventLoop.runIo(SingleThreadIoEventLoop.java:225)\n\tat io.netty.channel.SingleThreadIoEventLoop.run(SingleThreadIoEventLoop.java:196)\n\tat io.netty.util.concurrent.SingleThreadEventExecutor$5.run(SingleThreadEventExecutor.java:1195)\n\tat io.netty.util.internal.ThreadExecutorMap$2.run(ThreadExecutorMap.java:74)\n\tat io.netty.util.concurrent.FastThreadLocalRunnable.run(FastThreadLocalRunnable.java:30)\n\tat java.lang.Thread.run(Thread.java:1564)\n"}}
[2026-06-14T09:32:05.578Z] [ALL] 06-14 15:02:02.647  4132  5524 I SDHMS:x : SIOP:: AP:405 BAT:388 USB:372 CHG:405 PA:412 CP:407 WIFI:402 BLK:0 SUBBAT:0 LRPTHM:394 SKIN:376 SKINF:370 SKINB:376 LRP:376 LRP2:376 LRF2:370 LRB2:376 AP2:375 CHG2:367 MEM2:374 WIFI2:376 SPK2:358 VAP02:412 VWIFI:413 AVGCUR:3 AVGSYS:370 POWER:12
[2026-06-14T09:32:05.793Z] [ALL] 06-14 15:02:02.863  1486  1729 D WifiStaIfaceHidlImpl: getCachedScanData is not implemented by HIDL
[2026-06-14T09:32:05.800Z] [ALL] 06-14 15:02:02.872  1486  3494 D SemWifiUsabilityStatsMonitor: onWifiUsabilityStats - seqNum 22843, isSameBssidAndFreq true
[2026-06-14T09:32:05.808Z] [ALL] 06-14 15:02:02.880  2072  2072 I EPDG-0 [WifiProfiler]: handleWifiRssiIntent, rssi=-53
[2026-06-14T09:32:05.811Z] [ALL] 06-14 15:02:02.884  2072  2072 I EPDG-0 [WifiProfiler]: isProfiling, hash=189204772, started=true
[2026-06-14T09:32:05.815Z] [ALL] 06-14 15:02:02.887  2072  2072 I EPDG-0 [LogMetrics]: set, type=WIFI_RSSI_LAST, value=-53
[2026-06-14T09:32:05.817Z] [ALL] 06-14 15:02:02.888  2072  2072 I EPDG-0 [WifiProfiler]: isProfiling, hash=189204772, started=true
[2026-06-14T09:32:05.822Z] [ALL] 06-14 15:02:02.894  2072  2072 I EPDG-0 [WifiProfiler]: Rssi : -53 highrange : -75 lowrange : -85 mIsRssiInHystersis : false
[2026-06-14T09:32:05.823Z] [ALL] 06-14 15:02:02.895  2072  2072 I EPDG-0 [WifiProfiler]: Rssi : -53 highrange : -75 lowrange : -85 mIsRssiInHystersis : false
[2026-06-14T09:32:05.825Z] [ALL] 06-14 15:02:02.895  2072  2072 I EPDG-0 [Subscription]: isEpdgAvailable, IwlanPsState=2/2
[2026-06-14T09:32:05.825Z] [ALL] 06-14 15:02:02.896  2072  2072 I EPDG-0 [WifiProfiler]: getHandoverThresholdMet: value is: false
[2026-06-14T09:32:05.998Z] [ALL] 06-14 15:02:03.057 10725 10763 I appium  : channel read: POST /session/e97b7abb-6aa8-4e9c-b8b4-b3047c3ed272/element
[2026-06-14T09:32:05.998Z] [ALL] 06-14 15:02:03.057 10725 10763 I appium  : FindElement command
[2026-06-14T09:32:06.010Z] [ALL] 06-14 15:02:03.058 10725 10763 I appium  : method: 'xpath', selector: '//*[@text[contains(.,"Invalid") or contains(.,"empty") or contains(.,"Required") or contains(.,"error") or contains(.,"Error") or contains(.,"Incorrect") or contains(.,"Please") or contains(.,"enter") or contains(.,"Failed") or contains(.,"failed") or contains(.,"Sync")]]'
[2026-06-14T09:32:06.010Z] [ALL] 06-14 15:02:03.058 10725 10763 I appium  : Waiting up to 10000ms for the device to idle
[2026-06-14T09:32:06.010Z] [ALL] 06-14 15:02:03.060 10725 10763 I appium  : The following attributes will be included to the page source: [text]
[2026-06-14T09:32:06.010Z] [ALL] 06-14 15:02:03.066 10725 10729 I tomator2.server: Method exceeds compiler instruction limit: 19260 in java_cup.runtime.Symbol org.eclipse.wst.xml.xpath2.processor.internal.CUP$XPathCup$actions.CUP$XPathCup$do_action(int, java_cup.runtime.lr_parser, java.util.Stack, int)
[2026-06-14T09:32:06.102Z] [ALL] 06-14 15:02:03.167 10725 10763 I appium  : Took 0ms to retrieve 0 matches for '//*[@text[contains(.,"Invalid") or contains(.,"empty") or contains(.,"Required") or contains(.,"error") or contains(.,"Error") or contains(.,"Incorrect") or contains(.,"Please") or contains(.,"enter") or contains(.,"Failed") or contains(.,"failed") or contains(.,"Sync")]]' XPath2 query
[2026-06-14T09:32:06.182Z] [ALL] 06-14 15:02:03.168 10725 10763 I appium  : AppiumResponse: {"sessionId":"e97b7abb-6aa8-4e9c-b8b4-b3047c3ed272","value":{"error":"no such element","message":"An element could not be located on the page using the given search parameters","stacktrace":"io.appium.uiautomator2.common.exceptions.ElementNotFoundException: An element could not be located on the page using the given search parameters\n\tat io.appium.uiautomator2.utils.ElementLocationHelpers.findElement(ElementLocationHelpers.java:153)\n\tat io.appium.uiautomator2.handler.FindElement.safeHandle(FindElement.java:60)\n\tat io.appium.uiautomator2.handler.request.SafeRequestHandler.handle(SafeRequestHandler.java:59)\n\tat io.appium.uiautomator2.server.AppiumServlet.handleRequest(AppiumServlet.java:267)\n\tat io.appium.uiautomator2.server.AppiumServlet.handleHttpRequest(AppiumServlet.java:261)\n\tat io.appium.uiautomator2.http.ServerHandler.channelRead(ServerHandler.java:77)\n\tat io.netty.channel.AbstractChannelHandlerContext.fireChannelRead(AbstractChannelHandlerContext.java:357)\n\tat io.netty.handler.codec.MessageToMessageDecoder.channelRead(MessageToMessageDecoder.java:107)\n\tat io.netty.channel.AbstractChannelHandlerContext.fireChannelRead(AbstractChannelHandlerContext.java:357)\n\tat io.netty.channel.CombinedChannelDuplexHandler$DelegatingChannelHandlerContext.fireChannelRead(CombinedChannelDuplexHandler.java:434)\n\tat io.netty.handler.codec.ByteToMessageDecoder.fireChannelRead(ByteToMessageDecoder.java:361)\n\tat io.netty.handler.codec.ByteToMessageDecoder.channelRead(ByteToMessageDecoder.java:325)\n\tat io.netty.channel.CombinedChannelDuplexHandler.channelRead(CombinedChannelDuplexHandler.java:249)\n\tat io.netty.channel.AbstractChannelHandlerContext.fireChannelRead(AbstractChannelHandlerContext.java:355)\n\tat io.netty.handler.timeout.IdleStateHandler.channelRead(IdleStateHandler.java:288)\n\tat io.netty.channel.AbstractChannelHandlerContext.fireChannelRead(AbstractChannelHandlerContext.java:355)\n\tat io.netty.channel.DefaultChannelPipeline$HeadContext.channelRead(DefaultChannelPipeline.java:1429)\n\tat io.netty.channel.DefaultChannelPipeline.fireChannelRead(DefaultChannelPipeline.java:918)\n\tat io.netty.channel.nio.AbstractNioByteChannel$NioByteUnsafe.read(AbstractNioByteChannel.java:176)\n\tat io.netty.channel.nio.AbstractNioChannel$AbstractNioUnsafe.handle(AbstractNioChannel.java:445)\n\tat io.netty.channel.nio.NioIoHandler$DefaultNioRegistration.handle(NioIoHandler.java:388)\n\tat io.netty.channel.nio.NioIoHandler.processSelectedKey(NioIoHandler.java:596)\n\tat io.netty.channel.nio.NioIoHandler.processSelectedKeysOptimized(NioIoHandler.java:571)\n\tat io.netty.channel.nio.NioIoHandler.processSelectedKeys(NioIoHandler.java:512)\n\tat io.netty.channel.nio.NioIoHandler.run(NioIoHandler.java:484)\n\tat io.netty.channel.SingleThreadIoEventLoop.runIo(SingleThreadIoEventLoop.java:225)\n\tat io.netty.channel.SingleThreadIoEventLoop.run(SingleThreadIoEventLoop.java:196)\n\tat io.netty.util.concurrent.SingleThreadEventExecutor$5.run(SingleThreadEventExecutor.java:1195)\n\tat io.netty.util.internal.ThreadExecutorMap$2.run(ThreadExecutorMap.java:74)\n\tat io.netty.util.concurrent.FastThreadLocalRunnable.run(FastThreadLocalRunnable.java:30)\n\tat java.lang.Thread.run(Thread.java:1564)\n"}}
[2026-06-14T09:32:06.250Z] [ALL] 06-14 15:02:03.322   747   747 D io_stats: !@   8,0 r 79732150 1572374705 w 12669724 207589320 d 4210505 258730260 f 0 1106419 iot 28680008 0 th 0 0 0 pt 0 inp 0 0 180337.711
[2026-06-14T09:32:06.251Z] [ALL] 06-14 15:02:03.323   747   747 D io_stats: !@ Write_top(KB): kworker/u16:2(15734) 664 appmanager:auth(9493) 24 soft.appmanager(9170) 16
[2026-06-14T09:32:06.433Z] [ALL] 06-14 15:02:03.503  1486  1828 I SemWifiServiceDetector: Service det. resumed: T / T / 19967
[2026-06-14T09:32:06.679Z] [ALL] 06-14 15:02:03.733 10725 10763 I appium  : channel read: POST /session/e97b7abb-6aa8-4e9c-b8b4-b3047c3ed272/element
[2026-06-14T09:32:06.695Z] [ALL] 06-14 15:02:03.734 10725 10763 I appium  : FindElement command
[2026-06-14T09:32:06.695Z] [ALL] 06-14 15:02:03.735 10725 10763 I appium  : method: 'xpath', selector: '//*[@text[contains(.,"Invalid") or contains(.,"empty") or contains(.,"Required") or contains(.,"error") or contains(.,"Error") or contains(.,"Incorrect") or contains(.,"Please") or contains(.,"enter") or contains(.,"Failed") or contains(.,"failed") or contains(.,"Sync")]]'
[2026-06-14T09:32:06.695Z] [ALL] 06-14 15:02:03.735 10725 10763 I appium  : Waiting up to 10000ms for the device to idle
[2026-06-14T09:32:06.695Z] [ALL] 06-14 15:02:03.737 10725 10763 I appium  : The following attributes will be included to the page source: [text]
[2026-06-14T09:32:06.695Z] [ALL] 06-14 15:02:03.742 10725 10729 I tomator2.server: Method exceeds compiler instruction limit: 19260 in java_cup.runtime.Symbol org.eclipse.wst.xml.xpath2.processor.internal.CUP$XPathCup$actions.CUP$XPathCup$do_action(int, java_cup.runtime.lr_parser, java.util.Stack, int)
[2026-06-14T09:32:06.901Z] [ALL] 06-14 15:02:03.968 10725 10763 I appium  : Took 0ms to retrieve 0 matches for '//*[@text[contains(.,"Invalid") or contains(.,"empty") or contains(.,"Required") or contains(.,"error") or contains(.,"Error") or contains(.,"Incorrect") or contains(.,"Please") or contains(.,"enter") or contains(.,"Failed") or contains(.,"failed") or contains(.,"Sync")]]' XPath2 query
[2026-06-14T09:32:06.913Z] [ALL] 06-14 15:02:03.970 10725 10763 I appium  : AppiumResponse: {"sessionId":"e97b7abb-6aa8-4e9c-b8b4-b3047c3ed272","value":{"error":"no such element","message":"An element could not be located on the page using the given search parameters","stacktrace":"io.appium.uiautomator2.common.exceptions.ElementNotFoundException: An element could not be located on the page using the given search parameters\n\tat io.appium.uiautomator2.utils.ElementLocationHelpers.findElement(ElementLocationHelpers.java:153)\n\tat io.appium.uiautomator2.handler.FindElement.safeHandle(FindElement.java:60)\n\tat io.appium.uiautomator2.handler.request.SafeRequestHandler.handle(SafeRequestHandler.java:59)\n\tat io.appium.uiautomator2.server.AppiumServlet.handleRequest(AppiumServlet.java:267)\n\tat io.appium.uiautomator2.server.AppiumServlet.handleHttpRequest(AppiumServlet.java:261)\n\tat io.appium.uiautomator2.http.ServerHandler.channelRead(ServerHandler.java:77)\n\tat io.netty.channel.AbstractChannelHandlerContext.fireChannelRead(AbstractChannelHandlerContext.java:357)\n\tat io.netty.handler.codec.MessageToMessageDecoder.channelRead(MessageToMessageDecoder.java:107)\n\tat io.netty.channel.AbstractChannelHandlerContext.fireChannelRead(AbstractChannelHandlerContext.java:357)\n\tat io.netty.channel.CombinedChannelDuplexHandler$DelegatingChannelHandlerContext.fireChannelRead(CombinedChannelDuplexHandler.java:434)\n\tat io.netty.handler.codec.ByteToMessageDecoder.fireChannelRead(ByteToMessageDecoder.java:361)\n\tat io.netty.handler.codec.ByteToMessageDecoder.channelRead(ByteToMessageDecoder.java:325)\n\tat io.netty.channel.CombinedChannelDuplexHandler.channelRead(CombinedChannelDuplexHandler.java:249)\n\tat io.netty.channel.AbstractChannelHandlerContext.fireChannelRead(AbstractChannelHandlerContext.java:355)\n\tat io.netty.handler.timeout.IdleStateHandler.channelRead(IdleStateHandler.java:288)\n\tat io.netty.channel.AbstractChannelHandlerContext.fireChannelRead(AbstractChannelHandlerContext.java:355)\n\tat io.netty.channel.DefaultChannelPipeline$HeadContext.channelRead(DefaultChannelPipeline.java:1429)\n\tat io.netty.channel.DefaultChannelPipeline.fireChannelRead(DefaultChannelPipeline.java:918)\n\tat io.netty.channel.nio.AbstractNioByteChannel$NioByteUnsafe.read(AbstractNioByteChannel.java:176)\n\tat io.netty.channel.nio.AbstractNioChannel$AbstractNioUnsafe.handle(AbstractNioChannel.java:445)\n\tat io.netty.channel.nio.NioIoHandler$DefaultNioRegistration.handle(NioIoHandler.java:388)\n\tat io.netty.channel.nio.NioIoHandler.processSelectedKey(NioIoHandler.java:596)\n\tat io.netty.channel.nio.NioIoHandler.processSelectedKeysOptimized(NioIoHandler.java:571)\n\tat io.netty.channel.nio.NioIoHandler.processSelectedKeys(NioIoHandler.java:512)\n\tat io.netty.channel.nio.NioIoHandler.run(NioIoHandler.java:484)\n\tat io.netty.channel.SingleThreadIoEventLoop.runIo(SingleThreadIoEventLoop.java:225)\n\tat io.netty.channel.SingleThreadIoEventLoop.run(SingleThreadIoEventLoop.java:196)\n\tat io.netty.util.concurrent.SingleThreadEventExecutor$5.run(SingleThreadEventExecutor.java:1195)\n\tat io.netty.util.internal.ThreadExecutorMap$2.run(ThreadExecutorMap.java:74)\n\tat io.netty.util.concurrent.FastThreadLocalRunnable.run(FastThreadLocalRunnable.java:30)\n\tat java.lang.Thread.run(Thread.java:1564)\n"}}
[2026-06-14T09:32:07.157Z] [ALL] 06-14 15:02:04.225 10725 10763 I appium  : channel read: POST /session/e97b7abb-6aa8-4e9c-b8b4-b3047c3ed272/element
[2026-06-14T09:32:07.169Z] [ALL] 06-14 15:02:04.226 10725 10763 I appium  : FindElement command
[2026-06-14T09:32:07.169Z] [ALL] 06-14 15:02:04.227 10725 10763 I appium  : method: 'xpath', selector: '//*[@text[contains(.,"Invalid") or contains(.,"empty") or contains(.,"Required") or contains(.,"error") or contains(.,"Error") or contains(.,"Incorrect") or contains(.,"Please") or contains(.,"enter") or contains(.,"Failed") or contains(.,"failed") or contains(.,"Sync")]]'
[2026-06-14T09:32:07.169Z] [ALL] 06-14 15:02:04.227 10725 10763 I appium  : Waiting up to 10000ms for the device to idle
[2026-06-14T09:32:07.169Z] [ALL] 06-14 15:02:04.229 10725 10763 I appium  : The following attributes will be included to the page source: [text]
[2026-06-14T09:32:07.182Z] [ALL] 06-14 15:02:04.235 10725 10729 I tomator2.server: Method exceeds compiler instruction limit: 19260 in java_cup.runtime.Symbol org.eclipse.wst.xml.xpath2.processor.internal.CUP$XPathCup$actions.CUP$XPathCup$do_action(int, java_cup.runtime.lr_parser, java.util.Stack, int)
[2026-06-14T09:32:07.420Z] [ALL] 06-14 15:02:04.490 10725 10763 I appium  : Took 0ms to retrieve 0 matches for '//*[@text[contains(.,"Invalid") or contains(.,"empty") or contains(.,"Required") or contains(.,"error") or contains(.,"Error") or contains(.,"Incorrect") or contains(.,"Please") or contains(.,"enter") or contains(.,"Failed") or contains(.,"failed") or contains(.,"Sync")]]' XPath2 query
[2026-06-14T09:32:07.427Z] [ALL] 06-14 15:02:04.492 10725 10763 I appium  : AppiumResponse: {"sessionId":"e97b7abb-6aa8-4e9c-b8b4-b3047c3ed272","value":{"error":"no such element","message":"An element could not be located on the page using the given search parameters","stacktrace":"io.appium.uiautomator2.common.exceptions.ElementNotFoundException: An element could not be located on the page using the given search parameters\n\tat io.appium.uiautomator2.utils.ElementLocationHelpers.findElement(ElementLocationHelpers.java:153)\n\tat io.appium.uiautomator2.handler.FindElement.safeHandle(FindElement.java:60)\n\tat io.appium.uiautomator2.handler.request.SafeRequestHandler.handle(SafeRequestHandler.java:59)\n\tat io.appium.uiautomator2.server.AppiumServlet.handleRequest(AppiumServlet.java:267)\n\tat io.appium.uiautomator2.server.AppiumServlet.handleHttpRequest(AppiumServlet.java:261)\n\tat io.appium.uiautomator2.http.ServerHandler.channelRead(ServerHandler.java:77)\n\tat io.netty.channel.AbstractChannelHandlerContext.fireChannelRead(AbstractChannelHandlerContext.java:357)\n\tat io.netty.handler.codec.MessageToMessageDecoder.channelRead(MessageToMessageDecoder.java:107)\n\tat io.netty.channel.AbstractChannelHandlerContext.fireChannelRead(AbstractChannelHandlerContext.java:357)\n\tat io.netty.channel.CombinedChannelDuplexHandler$DelegatingChannelHandlerContext.fireChannelRead(CombinedChannelDuplexHandler.java:434)\n\tat io.netty.handler.codec.ByteToMessageDecoder.fireChannelRead(ByteToMessageDecoder.java:361)\n\tat io.netty.handler.codec.ByteToMessageDecoder.channelRead(ByteToMessageDecoder.java:325)\n\tat io.netty.channel.CombinedChannelDuplexHandler.channelRead(CombinedChannelDuplexHandler.java:249)\n\tat io.netty.channel.AbstractChannelHandlerContext.fireChannelRead(AbstractChannelHandlerContext.java:355)\n\tat io.netty.handler.timeout.IdleStateHandler.channelRead(IdleStateHandler.java:288)\n\tat io.netty.channel.AbstractChannelHandlerContext.fireChannelRead(AbstractChannelHandlerContext.java:355)\n\tat io.netty.channel.DefaultChannelPipeline$HeadContext.channelRead(DefaultChannelPipeline.java:1429)\n\tat io.netty.channel.DefaultChannelPipeline.fireChannelRead(DefaultChannelPipeline.java:918)\n\tat io.netty.channel.nio.AbstractNioByteChannel$NioByteUnsafe.read(AbstractNioByteChannel.java:176)\n\tat io.netty.channel.nio.AbstractNioChannel$AbstractNioUnsafe.handle(AbstractNioChannel.java:445)\n\tat io.netty.channel.nio.NioIoHandler$DefaultNioRegistration.handle(NioIoHandler.java:388)\n\tat io.netty.channel.nio.NioIoHandler.processSelectedKey(NioIoHandler.java:596)\n\tat io.netty.channel.nio.NioIoHandler.processSelectedKeysOptimized(NioIoHandler.java:571)\n\tat io.netty.channel.nio.NioIoHandler.processSelectedKeys(NioIoHandler.java:512)\n\tat io.netty.channel.nio.NioIoHandler.run(NioIoHandler.java:484)\n\tat io.netty.channel.SingleThreadIoEventLoop.runIo(SingleThreadIoEventLoop.java:225)\n\tat io.netty.channel.SingleThreadIoEventLoop.run(SingleThreadIoEventLoop.java:196)\n\tat io.netty.util.concurrent.SingleThreadEventExecutor$5.run(SingleThreadEventExecutor.java:1195)\n\tat io.netty.util.internal.ThreadExecutorMap$2.run(ThreadExecutorMap.java:74)\n\tat io.netty.util.concurrent.FastThreadLocalRunnable.run(FastThreadLocalRunnable.java:30)\n\tat java.lang.Thread.run(Thread.java:1564)\n"}}
[2026-06-14T09:32:07.427Z] [ALL] 06-14 15:02:04.497  1486  3107 I NSLocationMonitor: getGPSUsingApps() called
[2026-06-14T09:32:07.427Z] [ALL] 06-14 15:02:04.498  3066  3089 I NSLocationManager_FLP: getGPSUsingApps, No change
[2026-06-14T09:32:07.446Z] [ALL] 06-14 15:02:04.512  1486  3107 D FreecessHandler: skipping freeze com.truecaller(10274) result : 2
[2026-06-14T09:32:07.451Z] [ALL] 06-14 15:02:04.516 10725 10763 I appium  : channel read: POST /session/e97b7abb-6aa8-4e9c-b8b4-b3047c3ed272/element
[2026-06-14T09:32:07.451Z] [ALL] 06-14 15:02:04.517 10725 10763 I appium  : FindElement command
[2026-06-14T09:32:07.451Z] [ALL] 06-14 15:02:04.518 10725 10763 I appium  : method: 'xpath', selector: '//*[@text[contains(.,"Invalid") or contains(.,"empty") or contains(.,"Required") or contains(.,"error") or contains(.,"Error") or contains(.,"Incorrect") or contains(.,"Please") or contains(.,"enter") or contains(.,"Failed") or contains(.,"failed") or contains(.,"Sync")]]'
[2026-06-14T09:32:07.451Z] [ALL] 06-14 15:02:04.518 10725 10763 I appium  : Waiting up to 10000ms for the device to idle
[2026-06-14T09:32:07.451Z] [ALL] 06-14 15:02:04.520 10725 10763 I appium  : The following attributes will be included to the page source: [text]
[2026-06-14T09:32:07.459Z] [ALL] 06-14 15:02:04.525 10725 10729 I tomator2.server: Method exceeds compiler instruction limit: 19260 in java_cup.runtime.Symbol org.eclipse.wst.xml.xpath2.processor.internal.CUP$XPathCup$actions.CUP$XPathCup$do_action(int, java_cup.runtime.lr_parser, java.util.Stack, int)
[2026-06-14T09:32:07.633Z] [ALL] 06-14 15:02:04.665 10725 10763 I appium  : Took 0ms to retrieve 0 matches for '//*[@text[contains(.,"Invalid") or contains(.,"empty") or contains(.,"Required") or contains(.,"error") or contains(.,"Error") or contains(.,"Incorrect") or contains(.,"Please") or contains(.,"enter") or contains(.,"Failed") or contains(.,"failed") or contains(.,"Sync")]]' XPath2 query
[2026-06-14T09:32:07.693Z] [ALL] 06-14 15:02:04.667 10725 10763 I appium  : AppiumResponse: {"sessionId":"e97b7abb-6aa8-4e9c-b8b4-b3047c3ed272","value":{"error":"no such element","message":"An element could not be located on the page using the given search parameters","stacktrace":"io.appium.uiautomator2.common.exceptions.ElementNotFoundException: An element could not be located on the page using the given search parameters\n\tat io.appium.uiautomator2.utils.ElementLocationHelpers.findElement(ElementLocationHelpers.java:153)\n\tat io.appium.uiautomator2.handler.FindElement.safeHandle(FindElement.java:60)\n\tat io.appium.uiautomator2.handler.request.SafeRequestHandler.handle(SafeRequestHandler.java:59)\n\tat io.appium.uiautomator2.server.AppiumServlet.handleRequest(AppiumServlet.java:267)\n\tat io.appium.uiautomator2.server.AppiumServlet.handleHttpRequest(AppiumServlet.java:261)\n\tat io.appium.uiautomator2.http.ServerHandler.channelRead(ServerHandler.java:77)\n\tat io.netty.channel.AbstractChannelHandlerContext.fireChannelRead(AbstractChannelHandlerContext.java:357)\n\tat io.netty.handler.codec.MessageToMessageDecoder.channelRead(MessageToMessageDecoder.java:107)\n\tat io.netty.channel.AbstractChannelHandlerContext.fireChannelRead(AbstractChannelHandlerContext.java:357)\n\tat io.netty.channel.CombinedChannelDuplexHandler$DelegatingChannelHandlerContext.fireChannelRead(CombinedChannelDuplexHandler.java:434)\n\tat io.netty.handler.codec.ByteToMessageDecoder.fireChannelRead(ByteToMessageDecoder.java:361)\n\tat io.netty.handler.codec.ByteToMessageDecoder.channelRead(ByteToMessageDecoder.java:325)\n\tat io.netty.channel.CombinedChannelDuplexHandler.channelRead(CombinedChannelDuplexHandler.java:249)\n\tat io.netty.channel.AbstractChannelHandlerContext.fireChannelRead(AbstractChannelHandlerContext.java:355)\n\tat io.netty.handler.timeout.IdleStateHandler.channelRead(IdleStateHandler.java:288)\n\tat io.netty.channel.AbstractChannelHandlerContext.fireChannelRead(AbstractChannelHandlerContext.java:355)\n\tat io.netty.channel.DefaultChannelPipeline$HeadContext.channelRead(DefaultChannelPipeline.java:1429)\n\tat io.netty.channel.DefaultChannelPipeline.fireChannelRead(DefaultChannelPipeline.java:918)\n\tat io.netty.channel.nio.AbstractNioByteChannel$NioByteUnsafe.read(AbstractNioByteChannel.java:176)\n\tat io.netty.channel.nio.AbstractNioChannel$AbstractNioUnsafe.handle(AbstractNioChannel.java:445)\n\tat io.netty.channel.nio.NioIoHandler$DefaultNioRegistration.handle(NioIoHandler.java:388)\n\tat io.netty.channel.nio.NioIoHandler.processSelectedKey(NioIoHandler.java:596)\n\tat io.netty.channel.nio.NioIoHandler.processSelectedKeysOptimized(NioIoHandler.java:571)\n\tat io.netty.channel.nio.NioIoHandler.processSelectedKeys(NioIoHandler.java:512)\n\tat io.netty.channel.nio.NioIoHandler.run(NioIoHandler.java:484)\n\tat io.netty.channel.SingleThreadIoEventLoop.runIo(SingleThreadIoEventLoop.java:225)\n\tat io.netty.channel.SingleThreadIoEventLoop.run(SingleThreadIoEventLoop.java:196)\n\tat io.netty.util.concurrent.SingleThreadEventExecutor$5.run(SingleThreadEventExecutor.java:1195)\n\tat io.netty.util.internal.ThreadExecutorMap$2.run(ThreadExecutorMap.java:74)\n\tat io.netty.util.concurrent.FastThreadLocalRunnable.run(FastThreadLocalRunnable.java:30)\n\tat java.lang.Thread.run(Thread.java:1564)\n"}}
[2026-06-14T09:32:07.709Z] [ALL] 06-14 15:02:04.755  1486  1856 D SemWifiSwitchForIndividualAppsService: isSkipNetworkCondition - result:2
[2026-06-14T09:32:08.218Z] [ALL] 06-14 15:02:05.264 10725 10763 I appium  : channel read: POST /session/e97b7abb-6aa8-4e9c-b8b4-b3047c3ed272/element
[2026-06-14T09:32:08.300Z] [ALL] 06-14 15:02:05.265 10725 10763 I appium  : FindElement command
[2026-06-14T09:32:08.300Z] [ALL] 06-14 15:02:05.266 10725 10763 I appium  : method: 'xpath', selector: '//*[@text[contains(.,"Invalid") or contains(.,"empty") or contains(.,"Required") or contains(.,"error") or contains(.,"Error") or contains(.,"Incorrect") or contains(.,"Please") or contains(.,"enter") or contains(.,"Failed") or contains(.,"failed") or contains(.,"Sync")]]'
[2026-06-14T09:32:08.300Z] [ALL] 06-14 15:02:05.266 10725 10763 I appium  : Waiting up to 10000ms for the device to idle
[2026-06-14T09:32:08.300Z] [ALL] 06-14 15:02:05.268 10725 10763 I appium  : The following attributes will be included to the page source: [text]
[2026-06-14T09:32:08.300Z] [ALL] 06-14 15:02:05.275 10725 10729 I tomator2.server: Method exceeds compiler instruction limit: 19260 in java_cup.runtime.Symbol org.eclipse.wst.xml.xpath2.processor.internal.CUP$XPathCup$actions.CUP$XPathCup$do_action(int, java_cup.runtime.lr_parser, java.util.Stack, int)
[2026-06-14T09:32:08.340Z] [ALL] 06-14 15:02:05.324   747   747 D io_stats: !@   8,0 r 79732150 1572374705 w 12669727 207589980 d 4210505 258730260 f 0 1106419 iot 28680016 0 th 0 0 0 pt 0 inp 0 0 180339.713
[2026-06-14T09:32:08.457Z] [ALL] 06-14 15:02:05.529 10725 10763 I appium  : Took 0ms to retrieve 0 matches for '//*[@text[contains(.,"Invalid") or contains(.,"empty") or contains(.,"Required") or contains(.,"error") or contains(.,"Error") or contains(.,"Incorrect") or contains(.,"Please") or contains(.,"enter") or contains(.,"Failed") or contains(.,"failed") or contains(.,"Sync")]]' XPath2 query
[2026-06-14T09:32:08.462Z] [ALL] 06-14 15:02:05.530 10725 10763 I appium  : AppiumResponse: {"sessionId":"e97b7abb-6aa8-4e9c-b8b4-b3047c3ed272","value":{"error":"no such element","message":"An element could not be located on the page using the given search parameters","stacktrace":"io.appium.uiautomator2.common.exceptions.ElementNotFoundException: An element could not be located on the page using the given search parameters\n\tat io.appium.uiautomator2.utils.ElementLocationHelpers.findElement(ElementLocationHelpers.java:153)\n\tat io.appium.uiautomator2.handler.FindElement.safeHandle(FindElement.java:60)\n\tat io.appium.uiautomator2.handler.request.SafeRequestHandler.handle(SafeRequestHandler.java:59)\n\tat io.appium.uiautomator2.server.AppiumServlet.handleRequest(AppiumServlet.java:267)\n\tat io.appium.uiautomator2.server.AppiumServlet.handleHttpRequest(AppiumServlet.java:261)\n\tat io.appium.uiautomator2.http.ServerHandler.channelRead(ServerHandler.java:77)\n\tat io.netty.channel.AbstractChannelHandlerContext.fireChannelRead(AbstractChannelHandlerContext.java:357)\n\tat io.netty.handler.codec.MessageToMessageDecoder.channelRead(MessageToMessageDecoder.java:107)\n\tat io.netty.channel.AbstractChannelHandlerContext.fireChannelRead(AbstractChannelHandlerContext.java:357)\n\tat io.netty.channel.CombinedChannelDuplexHandler$DelegatingChannelHandlerContext.fireChannelRead(CombinedChannelDuplexHandler.java:434)\n\tat io.netty.handler.codec.ByteToMessageDecoder.fireChannelRead(ByteToMessageDecoder.java:361)\n\tat io.netty.handler.codec.ByteToMessageDecoder.channelRead(ByteToMessageDecoder.java:325)\n\tat io.netty.channel.CombinedChannelDuplexHandler.channelRead(CombinedChannelDuplexHandler.java:249)\n\tat io.netty.channel.AbstractChannelHandlerContext.fireChannelRead(AbstractChannelHandlerContext.java:355)\n\tat io.netty.handler.timeout.IdleStateHandler.channelRead(IdleStateHandler.java:288)\n\tat io.netty.channel.AbstractChannelHandlerContext.fireChannelRead(AbstractChannelHandlerContext.java:355)\n\tat io.netty.channel.DefaultChannelPipeline$HeadContext.channelRead(DefaultChannelPipeline.java:1429)\n\tat io.netty.channel.DefaultChannelPipeline.fireChannelRead(DefaultChannelPipeline.java:918)\n\tat io.netty.channel.nio.AbstractNioByteChannel$NioByteUnsafe.read(AbstractNioByteChannel.java:176)\n\tat io.netty.channel.nio.AbstractNioChannel$AbstractNioUnsafe.handle(AbstractNioChannel.java:445)\n\tat io.netty.channel.nio.NioIoHandler$DefaultNioRegistration.handle(NioIoHandler.java:388)\n\tat io.netty.channel.nio.NioIoHandler.processSelectedKey(NioIoHandler.java:596)\n\tat io.netty.channel.nio.NioIoHandler.processSelectedKeysOptimized(NioIoHandler.java:571)\n\tat io.netty.channel.nio.NioIoHandler.processSelectedKeys(NioIoHandler.java:512)\n\tat io.netty.channel.nio.NioIoHandler.run(NioIoHandler.java:484)\n\tat io.netty.channel.SingleThreadIoEventLoop.runIo(SingleThreadIoEventLoop.java:225)\n\tat io.netty.channel.SingleThreadIoEventLoop.run(SingleThreadIoEventLoop.java:196)\n\tat io.netty.util.concurrent.SingleThreadEventExecutor$5.run(SingleThreadEventExecutor.java:1195)\n\tat io.netty.util.internal.ThreadExecutorMap$2.run(ThreadExecutorMap.java:74)\n\tat io.netty.util.concurrent.FastThreadLocalRunnable.run(FastThreadLocalRunnable.java:30)\n\tat java.lang.Thread.run(Thread.java:1564)\n"}}
[2026-06-14T09:32:08.846Z] [ALL] 06-14 15:02:05.899  1486  1729 D WifiStaIfaceHidlImpl: getCachedScanData is not implemented by HIDL
[2026-06-14T09:32:08.856Z] [ALL] 06-14 15:02:05.907  1486  3494 D SemWifiUsabilityStatsMonitor: onWifiUsabilityStats - seqNum 22844, isSameBssidAndFreq true
[2026-06-14T09:32:08.856Z] [ALL] 06-14 15:02:05.913  2072  2072 I EPDG-0 [WifiProfiler]: handleWifiRssiIntent, rssi=-52
[2026-06-14T09:32:08.856Z] [ALL] 06-14 15:02:05.913  2072  2072 I EPDG-0 [WifiProfiler]: isProfiling, hash=189204772, started=true
[2026-06-14T09:32:08.856Z] [ALL] 06-14 15:02:05.914  2072  2072 I EPDG-0 [LogMetrics]: set, type=WIFI_RSSI_LAST, value=-52
[2026-06-14T09:32:08.856Z] [ALL] 06-14 15:02:05.914  2072  2072 I EPDG-0 [WifiProfiler]: isProfiling, hash=189204772, started=true
[2026-06-14T09:32:08.856Z] [ALL] 06-14 15:02:05.916  2072  2072 I EPDG-0 [WifiProfiler]: Rssi : -52 highrange : -75 lowrange : -85 mIsRssiInHystersis : false
[2026-06-14T09:32:08.856Z] [ALL] 06-14 15:02:05.916  2072  2072 I EPDG-0 [WifiProfiler]: Rssi : -52 highrange : -75 lowrange : -85 mIsRssiInHystersis : false
[2026-06-14T09:32:08.856Z] [ALL] 06-14 15:02:05.916  2072  2072 I EPDG-0 [Subscription]: isEpdgAvailable, IwlanPsState=2/2
[2026-06-14T09:32:08.856Z] [ALL] 06-14 15:02:05.916  2072  2072 I EPDG-0 [WifiProfiler]: getHandoverThresholdMet: value is: false
[2026-06-14T09:32:08.944Z] [ALL] 06-14 15:02:06.013  4132  4132 I SDHMS:LOAD: type: LoadsFreqs, value: 18:2:0:695419:2803000:576000:737279:1824000:576000:36:303:0
[2026-06-14T09:32:09.018Z] [ALL] 06-14 15:02:06.056 10725 10763 I appium  : channel read: POST /session/e97b7abb-6aa8-4e9c-b8b4-b3047c3ed272/element
[2026-06-14T09:32:09.018Z] [ALL] 06-14 15:02:06.057 10725 10763 I appium  : FindElement command
[2026-06-14T09:32:09.065Z] [ALL] 06-14 15:02:06.058 10725 10763 I appium  : method: 'xpath', selector: '//*[@text[contains(.,"Invalid") or contains(.,"empty") or contains(.,"Required") or contains(.,"error") or contains(.,"Error") or contains(.,"Incorrect") or contains(.,"Please") or contains(.,"enter") or contains(.,"Failed") or contains(.,"failed") or contains(.,"Sync")]]'
[2026-06-14T09:32:09.065Z] [ALL] 06-14 15:02:06.058 10725 10763 I appium  : Waiting up to 10000ms for the device to idle
[2026-06-14T09:32:09.065Z] [ALL] 06-14 15:02:06.060 10725 10763 I appium  : The following attributes will be included to the page source: [text]
[2026-06-14T09:32:09.065Z] [ALL] 06-14 15:02:06.067 10725 10729 I tomator2.server: Method exceeds compiler instruction limit: 19260 in java_cup.runtime.Symbol org.eclipse.wst.xml.xpath2.processor.internal.CUP$XPathCup$actions.CUP$XPathCup$do_action(int, java_cup.runtime.lr_parser, java.util.Stack, int)
[2026-06-14T09:32:09.267Z] [ALL] 06-14 15:02:06.287 10725 10763 I appium  : Took 0ms to retrieve 0 matches for '//*[@text[contains(.,"Invalid") or contains(.,"empty") or contains(.,"Required") or contains(.,"error") or contains(.,"Error") or contains(.,"Incorrect") or contains(.,"Please") or contains(.,"enter") or contains(.,"Failed") or contains(.,"failed") or contains(.,"Sync")]]' XPath2 query
[2026-06-14T09:32:09.507Z] [ALL] 06-14 15:02:06.289 10725 10763 I appium  : AppiumResponse: {"sessionId":"e97b7abb-6aa8-4e9c-b8b4-b3047c3ed272","value":{"error":"no such element","message":"An element could not be located on the page using the given search parameters","stacktrace":"io.appium.uiautomator2.common.exceptions.ElementNotFoundException: An element could not be located on the page using the given search parameters\n\tat io.appium.uiautomator2.utils.ElementLocationHelpers.findElement(ElementLocationHelpers.java:153)\n\tat io.appium.uiautomator2.handler.FindElement.safeHandle(FindElement.java:60)\n\tat io.appium.uiautomator2.handler.request.SafeRequestHandler.handle(SafeRequestHandler.java:59)\n\tat io.appium.uiautomator2.server.AppiumServlet.handleRequest(AppiumServlet.java:267)\n\tat io.appium.uiautomator2.server.AppiumServlet.handleHttpRequest(AppiumServlet.java:261)\n\tat io.appium.uiautomator2.http.ServerHandler.channelRead(ServerHandler.java:77)\n\tat io.netty.channel.AbstractChannelHandlerContext.fireChannelRead(AbstractChannelHandlerContext.java:357)\n\tat io.netty.handler.codec.MessageToMessageDecoder.channelRead(MessageToMessageDecoder.java:107)\n\tat io.netty.channel.AbstractChannelHandlerContext.fireChannelRead(AbstractChannelHandlerContext.java:357)\n\tat io.netty.channel.CombinedChannelDuplexHandler$DelegatingChannelHandlerContext.fireChannelRead(CombinedChannelDuplexHandler.java:434)\n\tat io.netty.handler.codec.ByteToMessageDecoder.fireChannelRead(ByteToMessageDecoder.java:361)\n\tat io.netty.handler.codec.ByteToMessageDecoder.channelRead(ByteToMessageDecoder.java:325)\n\tat io.netty.channel.CombinedChannelDuplexHandler.channelRead(CombinedChannelDuplexHandler.java:249)\n\tat io.netty.channel.AbstractChannelHandlerContext.fireChannelRead(AbstractChannelHandlerContext.java:355)\n\tat io.netty.handler.timeout.IdleStateHandler.channelRead(IdleStateHandler.java:288)\n\tat io.netty.channel.AbstractChannelHandlerContext.fireChannelRead(AbstractChannelHandlerContext.java:355)\n\tat io.netty.channel.DefaultChannelPipeline$HeadContext.channelRead(DefaultChannelPipeline.java:1429)\n\tat io.netty.channel.DefaultChannelPipeline.fireChannelRead(DefaultChannelPipeline.java:918)\n\tat io.netty.channel.nio.AbstractNioByteChannel$NioByteUnsafe.read(AbstractNioByteChannel.java:176)\n\tat io.netty.channel.nio.AbstractNioChannel$AbstractNioUnsafe.handle(AbstractNioChannel.java:445)\n\tat io.netty.channel.nio.NioIoHandler$DefaultNioRegistration.handle(NioIoHandler.java:388)\n\tat io.netty.channel.nio.NioIoHandler.processSelectedKey(NioIoHandler.java:596)\n\tat io.netty.channel.nio.NioIoHandler.processSelectedKeysOptimized(NioIoHandler.java:571)\n\tat io.netty.channel.nio.NioIoHandler.processSelectedKeys(NioIoHandler.java:512)\n\tat io.netty.channel.nio.NioIoHandler.run(NioIoHandler.java:484)\n\tat io.netty.channel.SingleThreadIoEventLoop.runIo(SingleThreadIoEventLoop.java:225)\n\tat io.netty.channel.SingleThreadIoEventLoop.run(SingleThreadIoEventLoop.java:196)\n\tat io.netty.util.concurrent.SingleThreadEventExecutor$5.run(SingleThreadEventExecutor.java:1195)\n\tat io.netty.util.internal.ThreadExecutorMap$2.run(ThreadExecutorMap.java:74)\n\tat io.netty.util.concurrent.FastThreadLocalRunnable.run(FastThreadLocalRunnable.java:30)\n\tat java.lang.Thread.run(Thread.java:1564)\n"}}
[2026-06-14T09:32:09.542Z] [ALL] 06-14 15:02:06.508  1486  1828 I SemWifiServiceDetector: Service det. suspended: T / T / 19967
[2026-06-14T09:32:10.051Z] [ALL] 06-14 15:02:07.057 10725 10763 I appium  : channel read: POST /session/e97b7abb-6aa8-4e9c-b8b4-b3047c3ed272/element
[2026-06-14T09:32:10.051Z] [ALL] 06-14 15:02:07.058 10725 10763 I appium  : FindElement command
[2026-06-14T09:32:10.051Z] [ALL] 06-14 15:02:07.059 10725 10763 I appium  : method: 'xpath', selector: '//*[@text[contains(.,"Invalid") or contains(.,"empty") or contains(.,"Required") or contains(.,"error") or contains(.,"Error") or contains(.,"Incorrect") or contains(.,"Please") or contains(.,"enter") or contains(.,"Failed") or contains(.,"failed") or contains(.,"Sync")]]'
[2026-06-14T09:32:10.095Z] [ALL] 06-14 15:02:07.059 10725 10763 I appium  : Waiting up to 10000ms for the device to idle
[2026-06-14T09:32:10.095Z] [ALL] 06-14 15:02:07.061 10725 10763 I appium  : The following attributes will be included to the page source: [text]
[2026-06-14T09:32:10.095Z] [ALL] 06-14 15:02:07.067 10725 10729 I tomator2.server: Method exceeds compiler instruction limit: 19260 in java_cup.runtime.Symbol org.eclipse.wst.xml.xpath2.processor.internal.CUP$XPathCup$actions.CUP$XPathCup$do_action(int, java_cup.runtime.lr_parser, java.util.Stack, int)
[2026-06-14T09:32:10.227Z] [ALL] 06-14 15:02:07.290 10725 10763 I appium  : Took 0ms to retrieve 0 matches for '//*[@text[contains(.,"Invalid") or contains(.,"empty") or contains(.,"Required") or contains(.,"error") or contains(.,"Error") or contains(.,"Incorrect") or contains(.,"Please") or contains(.,"enter") or contains(.,"Failed") or contains(.,"failed") or contains(.,"Sync")]]' XPath2 query
[2026-06-14T09:32:10.250Z] [ALL] 06-14 15:02:07.292 10725 10763 I appium  : AppiumResponse: {"sessionId":"e97b7abb-6aa8-4e9c-b8b4-b3047c3ed272","value":{"error":"no such element","message":"An element could not be located on the page using the given search parameters","stacktrace":"io.appium.uiautomator2.common.exceptions.ElementNotFoundException: An element could not be located on the page using the given search parameters\n\tat io.appium.uiautomator2.utils.ElementLocationHelpers.findElement(ElementLocationHelpers.java:153)\n\tat io.appium.uiautomator2.handler.FindElement.safeHandle(FindElement.java:60)\n\tat io.appium.uiautomator2.handler.request.SafeRequestHandler.handle(SafeRequestHandler.java:59)\n\tat io.appium.uiautomator2.server.AppiumServlet.handleRequest(AppiumServlet.java:267)\n\tat io.appium.uiautomator2.server.AppiumServlet.handleHttpRequest(AppiumServlet.java:261)\n\tat io.appium.uiautomator2.http.ServerHandler.channelRead(ServerHandler.java:77)\n\tat io.netty.channel.AbstractChannelHandlerContext.fireChannelRead(AbstractChannelHandlerContext.java:357)\n\tat io.netty.handler.codec.MessageToMessageDecoder.channelRead(MessageToMessageDecoder.java:107)\n\tat io.netty.channel.AbstractChannelHandlerContext.fireChannelRead(AbstractChannelHandlerContext.java:357)\n\tat io.netty.channel.CombinedChannelDuplexHandler$DelegatingChannelHandlerContext.fireChannelRead(CombinedChannelDuplexHandler.java:434)\n\tat io.netty.handler.codec.ByteToMessageDecoder.fireChannelRead(ByteToMessageDecoder.java:361)\n\tat io.netty.handler.codec.ByteToMessageDecoder.channelRead(ByteToMessageDecoder.java:325)\n\tat io.netty.channel.CombinedChannelDuplexHandler.channelRead(CombinedChannelDuplexHandler.java:249)\n\tat io.netty.channel.AbstractChannelHandlerContext.fireChannelRead(AbstractChannelHandlerContext.java:355)\n\tat io.netty.handler.timeout.IdleStateHandler.channelRead(IdleStateHandler.java:288)\n\tat io.netty.channel.AbstractChannelHandlerContext.fireChannelRead(AbstractChannelHandlerContext.java:355)\n\tat io.netty.channel.DefaultChannelPipeline$HeadContext.channelRead(DefaultChannelPipeline.java:1429)\n\tat io.netty.channel.DefaultChannelPipeline.fireChannelRead(DefaultChannelPipeline.java:918)\n\tat io.netty.channel.nio.AbstractNioByteChannel$NioByteUnsafe.read(AbstractNioByteChannel.java:176)\n\tat io.netty.channel.nio.AbstractNioChannel$AbstractNioUnsafe.handle(AbstractNioChannel.java:445)\n\tat io.netty.channel.nio.NioIoHandler$DefaultNioRegistration.handle(NioIoHandler.java:388)\n\tat io.netty.channel.nio.NioIoHandler.processSelectedKey(NioIoHandler.java:596)\n\tat io.netty.channel.nio.NioIoHandler.processSelectedKeysOptimized(NioIoHandler.java:571)\n\tat io.netty.channel.nio.NioIoHandler.processSelectedKeys(NioIoHandler.java:512)\n\tat io.netty.channel.nio.NioIoHandler.run(NioIoHandler.java:484)\n\tat io.netty.channel.SingleThreadIoEventLoop.runIo(SingleThreadIoEventLoop.java:225)\n\tat io.netty.channel.SingleThreadIoEventLoop.run(SingleThreadIoEventLoop.java:196)\n\tat io.netty.util.concurrent.SingleThreadEventExecutor$5.run(SingleThreadEventExecutor.java:1195)\n\tat io.netty.util.internal.ThreadExecutorMap$2.run(ThreadExecutorMap.java:74)\n\tat io.netty.util.concurrent.FastThreadLocalRunnable.run(FastThreadLocalRunnable.java:30)\n\tat java.lang.Thread.run(Thread.java:1564)\n"}}
[2026-06-14T09:32:10.260Z] [ALL] 06-14 15:02:07.325   747   747 D io_stats: !@ Write_top(KB): kworker/u16:4(31690) 660
[2026-06-14T09:32:10.772Z] [ALL] 06-14 15:02:07.836 10725 10763 I appium  : channel read: POST /session/e97b7abb-6aa8-4e9c-b8b4-b3047c3ed272/element
[2026-06-14T09:32:10.772Z] [ALL] 06-14 15:02:07.837 10725 10763 I appium  : FindElement command
[2026-06-14T09:32:10.780Z] [ALL] 06-14 15:02:07.838 10725 10763 I appium  : method: 'xpath', selector: '//*[@text[contains(.,"Invalid") or contains(.,"empty") or contains(.,"Required") or contains(.,"error") or contains(.,"Error") or contains(.,"Incorrect") or contains(.,"Please") or contains(.,"enter") or contains(.,"Failed") or contains(.,"failed") or contains(.,"Sync")]]'
[2026-06-14T09:32:10.780Z] [ALL] 06-14 15:02:07.838 10725 10763 I appium  : Waiting up to 10000ms for the device to idle
[2026-06-14T09:32:10.780Z] [ALL] 06-14 15:02:07.840 10725 10763 I appium  : The following attributes will be included to the page source: [text]
[2026-06-14T09:32:10.780Z] [ALL] 06-14 15:02:07.847 10725 10729 I tomator2.server: Method exceeds compiler instruction limit: 19260 in java_cup.runtime.Symbol org.eclipse.wst.xml.xpath2.processor.internal.CUP$XPathCup$actions.CUP$XPathCup$do_action(int, java_cup.runtime.lr_parser, java.util.Stack, int)
[2026-06-14T09:32:10.997Z] [ALL] 06-14 15:02:08.039 10725 10763 I appium  : Took 0ms to retrieve 0 matches for '//*[@text[contains(.,"Invalid") or contains(.,"empty") or contains(.,"Required") or contains(.,"error") or contains(.,"Error") or contains(.,"Incorrect") or contains(.,"Please") or contains(.,"enter") or contains(.,"Failed") or contains(.,"failed") or contains(.,"Sync")]]' XPath2 query
[2026-06-14T09:32:11.061Z] [ALL] 06-14 15:02:08.041 10725 10763 I appium  : AppiumResponse: {"sessionId":"e97b7abb-6aa8-4e9c-b8b4-b3047c3ed272","value":{"error":"no such element","message":"An element could not be located on the page using the given search parameters","stacktrace":"io.appium.uiautomator2.common.exceptions.ElementNotFoundException: An element could not be located on the page using the given search parameters\n\tat io.appium.uiautomator2.utils.ElementLocationHelpers.findElement(ElementLocationHelpers.java:153)\n\tat io.appium.uiautomator2.handler.FindElement.safeHandle(FindElement.java:60)\n\tat io.appium.uiautomator2.handler.request.SafeRequestHandler.handle(SafeRequestHandler.java:59)\n\tat io.appium.uiautomator2.server.AppiumServlet.handleRequest(AppiumServlet.java:267)\n\tat io.appium.uiautomator2.server.AppiumServlet.handleHttpRequest(AppiumServlet.java:261)\n\tat io.appium.uiautomator2.http.ServerHandler.channelRead(ServerHandler.java:77)\n\tat io.netty.channel.AbstractChannelHandlerContext.fireChannelRead(AbstractChannelHandlerContext.java:357)\n\tat io.netty.handler.codec.MessageToMessageDecoder.channelRead(MessageToMessageDecoder.java:107)\n\tat io.netty.channel.AbstractChannelHandlerContext.fireChannelRead(AbstractChannelHandlerContext.java:357)\n\tat io.netty.channel.CombinedChannelDuplexHandler$DelegatingChannelHandlerContext.fireChannelRead(CombinedChannelDuplexHandler.java:434)\n\tat io.netty.handler.codec.ByteToMessageDecoder.fireChannelRead(ByteToMessageDecoder.java:361)\n\tat io.netty.handler.codec.ByteToMessageDecoder.channelRead(ByteToMessageDecoder.java:325)\n\tat io.netty.channel.CombinedChannelDuplexHandler.channelRead(CombinedChannelDuplexHandler.java:249)\n\tat io.netty.channel.AbstractChannelHandlerContext.fireChannelRead(AbstractChannelHandlerContext.java:355)\n\tat io.netty.handler.timeout.IdleStateHandler.channelRead(IdleStateHandler.java:288)\n\tat io.netty.channel.AbstractChannelHandlerContext.fireChannelRead(AbstractChannelHandlerContext.java:355)\n\tat io.netty.channel.DefaultChannelPipeline$HeadContext.channelRead(DefaultChannelPipeline.java:1429)\n\tat io.netty.channel.DefaultChannelPipeline.fireChannelRead(DefaultChannelPipeline.java:918)\n\tat io.netty.channel.nio.AbstractNioByteChannel$NioByteUnsafe.read(AbstractNioByteChannel.java:176)\n\tat io.netty.channel.nio.AbstractNioChannel$AbstractNioUnsafe.handle(AbstractNioChannel.java:445)\n\tat io.netty.channel.nio.NioIoHandler$DefaultNioRegistration.handle(NioIoHandler.java:388)\n\tat io.netty.channel.nio.NioIoHandler.processSelectedKey(NioIoHandler.java:596)\n\tat io.netty.channel.nio.NioIoHandler.processSelectedKeysOptimized(NioIoHandler.java:571)\n\tat io.netty.channel.nio.NioIoHandler.processSelectedKeys(NioIoHandler.java:512)\n\tat io.netty.channel.nio.NioIoHandler.run(NioIoHandler.java:484)\n\tat io.netty.channel.SingleThreadIoEventLoop.runIo(SingleThreadIoEventLoop.java:225)\n\tat io.netty.channel.SingleThreadIoEventLoop.run(SingleThreadIoEventLoop.java:196)\n\tat io.netty.util.concurrent.SingleThreadEventExecutor$5.run(SingleThreadEventExecutor.java:1195)\n\tat io.netty.util.internal.ThreadExecutorMap$2.run(ThreadExecutorMap.java:74)\n\tat io.netty.util.concurrent.FastThreadLocalRunnable.run(FastThreadLocalRunnable.java:30)\n\tat java.lang.Thread.run(Thread.java:1564)\n"}}
[2026-06-14T09:32:11.253Z] [ALL] 06-14 15:02:08.304  1486  1520 E Watchdog: !@Sync: 6006 heap(MB): 162 / 202 FD: 1388 Threads: 598 [2026-06-14 15:02:08.304]
[2026-06-14T09:32:11.600Z] [ALL] 06-14 15:02:08.649 10725 10763 I appium  : channel read: POST /session/e97b7abb-6aa8-4e9c-b8b4-b3047c3ed272/element
[2026-06-14T09:32:11.600Z] [ALL] 06-14 15:02:08.650 10725 10763 I appium  : FindElement command
[2026-06-14T09:32:11.622Z] [ALL] 06-14 15:02:08.651 10725 10763 I appium  : method: 'xpath', selector: '//*[@text[contains(.,"Invalid") or contains(.,"empty") or contains(.,"Required") or contains(.,"error") or contains(.,"Error") or contains(.,"Incorrect") or contains(.,"Please") or contains(.,"enter") or contains(.,"Failed") or contains(.,"failed") or contains(.,"Sync")]]'
[2026-06-14T09:32:11.622Z] [ALL] 06-14 15:02:08.651 10725 10763 I appium  : Waiting up to 10000ms for the device to idle
[2026-06-14T09:32:11.622Z] [ALL] 06-14 15:02:08.653 10725 10763 I appium  : The following attributes will be included to the page source: [text]
[2026-06-14T09:32:11.622Z] [ALL] 06-14 15:02:08.660 10725 10729 I tomator2.server: Method exceeds compiler instruction limit: 19260 in java_cup.runtime.Symbol org.eclipse.wst.xml.xpath2.processor.internal.CUP$XPathCup$actions.CUP$XPathCup$do_action(int, java_cup.runtime.lr_parser, java.util.Stack, int)
[2026-06-14T09:32:11.680Z] [ALL] 06-14 15:02:08.747  1486  1651 D ActivityManager: freezing 30539 com.android.settings
[2026-06-14T09:32:11.684Z] [ALL] 06-14 15:02:08.752  1486  1651 D ActivityManager: freezing 10028 com.samsung.SMT
[2026-06-14T09:32:11.686Z] [ALL] 06-14 15:02:08.755  1486  1651 D ActivityManager: freezing 7917 com.samsung.android.forest
[2026-06-14T09:32:11.712Z] [ALL] 06-14 15:02:08.783 10725 10763 I appium  : Took 0ms to retrieve 0 matches for '//*[@text[contains(.,"Invalid") or contains(.,"empty") or contains(.,"Required") or contains(.,"error") or contains(.,"Error") or contains(.,"Incorrect") or contains(.,"Please") or contains(.,"enter") or contains(.,"Failed") or contains(.,"failed") or contains(.,"Sync")]]' XPath2 query
[2026-06-14T09:32:11.724Z] [ALL] 06-14 15:02:08.785 10725 10763 I appium  : AppiumResponse: {"sessionId":"e97b7abb-6aa8-4e9c-b8b4-b3047c3ed272","value":{"error":"no such element","message":"An element could not be located on the page using the given search parameters","stacktrace":"io.appium.uiautomator2.common.exceptions.ElementNotFoundException: An element could not be located on the page using the given search parameters\n\tat io.appium.uiautomator2.utils.ElementLocationHelpers.findElement(ElementLocationHelpers.java:153)\n\tat io.appium.uiautomator2.handler.FindElement.safeHandle(FindElement.java:60)\n\tat io.appium.uiautomator2.handler.request.SafeRequestHandler.handle(SafeRequestHandler.java:59)\n\tat io.appium.uiautomator2.server.AppiumServlet.handleRequest(AppiumServlet.java:267)\n\tat io.appium.uiautomator2.server.AppiumServlet.handleHttpRequest(AppiumServlet.java:261)\n\tat io.appium.uiautomator2.http.ServerHandler.channelRead(ServerHandler.java:77)\n\tat io.netty.channel.AbstractChannelHandlerContext.fireChannelRead(AbstractChannelHandlerContext.java:357)\n\tat io.netty.handler.codec.MessageToMessageDecoder.channelRead(MessageToMessageDecoder.java:107)\n\tat io.netty.channel.AbstractChannelHandlerContext.fireChannelRead(AbstractChannelHandlerContext.java:357)\n\tat io.netty.channel.CombinedChannelDuplexHandler$DelegatingChannelHandlerContext.fireChannelRead(CombinedChannelDuplexHandler.java:434)\n\tat io.netty.handler.codec.ByteToMessageDecoder.fireChannelRead(ByteToMessageDecoder.java:361)\n\tat io.netty.handler.codec.ByteToMessageDecoder.channelRead(ByteToMessageDecoder.java:325)\n\tat io.netty.channel.CombinedChannelDuplexHandler.channelRead(CombinedChannelDuplexHandler.java:249)\n\tat io.netty.channel.AbstractChannelHandlerContext.fireChannelRead(AbstractChannelHandlerContext.java:355)\n\tat io.netty.handler.timeout.IdleStateHandler.channelRead(IdleStateHandler.java:288)\n\tat io.netty.channel.AbstractChannelHandlerContext.fireChannelRead(AbstractChannelHandlerContext.java:355)\n\tat io.netty.channel.DefaultChannelPipeline$HeadContext.channelRead(DefaultChannelPipeline.java:1429)\n\tat io.netty.channel.DefaultChannelPipeline.fireChannelRead(DefaultChannelPipeline.java:918)\n\tat io.netty.channel.nio.AbstractNioByteChannel$NioByteUnsafe.read(AbstractNioByteChannel.java:176)\n\tat io.netty.channel.nio.AbstractNioChannel$AbstractNioUnsafe.handle(AbstractNioChannel.java:445)\n\tat io.netty.channel.nio.NioIoHandler$DefaultNioRegistration.handle(NioIoHandler.java:388)\n\tat io.netty.channel.nio.NioIoHandler.processSelectedKey(NioIoHandler.java:596)\n\tat io.netty.channel.nio.NioIoHandler.processSelectedKeysOptimized(NioIoHandler.java:571)\n\tat io.netty.channel.nio.NioIoHandler.processSelectedKeys(NioIoHandler.java:512)\n\tat io.netty.channel.nio.NioIoHandler.run(NioIoHandler.java:484)\n\tat io.netty.channel.SingleThreadIoEventLoop.runIo(SingleThreadIoEventLoop.java:225)\n\tat io.netty.channel.SingleThreadIoEventLoop.run(SingleThreadIoEventLoop.java:196)\n\tat io.netty.util.concurrent.SingleThreadEventExecutor$5.run(SingleThreadEventExecutor.java:1195)\n\tat io.netty.util.internal.ThreadExecutorMap$2.run(ThreadExecutorMap.java:74)\n\tat io.netty.util.concurrent.FastThreadLocalRunnable.run(FastThreadLocalRunnable.java:30)\n\tat java.lang.Thread.run(Thread.java:1564)\n"}}
[2026-06-14T09:32:11.865Z] [ALL] 06-14 15:02:08.931  1486  1729 D WifiStaIfaceHidlImpl: getCachedScanData is not implemented by HIDL
[2026-06-14T09:32:11.878Z] [ALL] 06-14 15:02:08.940  1486  3494 D SemWifiUsabilityStatsMonitor: onWifiUsabilityStats - seqNum 22845, isSameBssidAndFreq true
[2026-06-14T09:32:11.890Z] [ALL] 06-14 15:02:08.946  2072  2072 I EPDG-0 [WifiProfiler]: handleWifiRssiIntent, rssi=-54
[2026-06-14T09:32:11.890Z] [ALL] 06-14 15:02:08.946  2072  2072 I EPDG-0 [WifiProfiler]: isProfiling, hash=189204772, started=true
[2026-06-14T09:32:11.890Z] [ALL] 06-14 15:02:08.946  2072  2072 I EPDG-0 [LogMetrics]: set, type=WIFI_RSSI_LAST, value=-54
[2026-06-14T09:32:11.890Z] [ALL] 06-14 15:02:08.946  2072  2072 I EPDG-0 [WifiProfiler]: isProfiling, hash=189204772, started=true
[2026-06-14T09:32:11.890Z] [ALL] 06-14 15:02:08.948  2072  2072 I EPDG-0 [WifiProfiler]: Rssi : -54 highrange : -75 lowrange : -85 mIsRssiInHystersis : false
[2026-06-14T09:32:11.890Z] [ALL] 06-14 15:02:08.948  2072  2072 I EPDG-0 [WifiProfiler]: Rssi : -54 highrange : -75 lowrange : -85 mIsRssiInHystersis : false
[2026-06-14T09:32:11.890Z] [ALL] 06-14 15:02:08.949  2072  2072 I EPDG-0 [Subscription]: isEpdgAvailable, IwlanPsState=2/2
[2026-06-14T09:32:11.890Z] [ALL] 06-14 15:02:08.949  2072  2072 I EPDG-0 [WifiProfiler]: getHandoverThresholdMet: value is: false
[2026-06-14T09:32:12.243Z] [ALL] 06-14 15:02:09.305 10725 10763 I appium  : channel read: POST /session/e97b7abb-6aa8-4e9c-b8b4-b3047c3ed272/element
[2026-06-14T09:32:12.243Z] [ALL] 06-14 15:02:09.305 10725 10763 I appium  : FindElement command
[2026-06-14T09:32:12.251Z] [ALL] 06-14 15:02:09.306 10725 10763 I appium  : method: 'xpath', selector: '//*[@text[contains(.,"Invalid") or contains(.,"empty") or contains(.,"Required") or contains(.,"error") or contains(.,"Error") or contains(.,"Incorrect") or contains(.,"Please") or contains(.,"enter") or contains(.,"Failed") or contains(.,"failed") or contains(.,"Sync")]]'
[2026-06-14T09:32:12.252Z] [ALL] 06-14 15:02:09.306 10725 10763 I appium  : Waiting up to 10000ms for the device to idle
[2026-06-14T09:32:12.252Z] [ALL] 06-14 15:02:09.308 10725 10763 I appium  : The following attributes will be included to the page source: [text]
[2026-06-14T09:32:12.252Z] [ALL] 06-14 15:02:09.315 10725 10729 I tomator2.server: Method exceeds compiler instruction limit: 19260 in java_cup.runtime.Symbol org.eclipse.wst.xml.xpath2.processor.internal.CUP$XPathCup$actions.CUP$XPathCup$do_action(int, java_cup.runtime.lr_parser, java.util.Stack, int)
[2026-06-14T09:32:12.331Z] [ALL] 06-14 15:02:09.390  1486  1860 D WifiConnectivityMonitor.NetworkStatsAnalyzer: Backhaul result - RSSI:-54, CE:19, PE:19, TI:27, PTI:27, TW:0, PTW:0, Tx:90, Rx:97, TxS:62, RxS:62, RESULT:true, IC:0, ICT:5, WC:0, WCT:5, R:0, RC:0, IE:0, EC:0
[2026-06-14T09:32:12.413Z] [ALL] 06-14 15:02:09.472 10725 10763 I appium  : Took 0ms to retrieve 0 matches for '//*[@text[contains(.,"Invalid") or contains(.,"empty") or contains(.,"Required") or contains(.,"error") or contains(.,"Error") or contains(.,"Incorrect") or contains(.,"Please") or contains(.,"enter") or contains(.,"Failed") or contains(.,"failed") or contains(.,"Sync")]]' XPath2 query
[2026-06-14T09:32:12.447Z] [ALL] 06-14 15:02:09.474 10725 10763 I appium  : AppiumResponse: {"sessionId":"e97b7abb-6aa8-4e9c-b8b4-b3047c3ed272","value":{"error":"no such element","message":"An element could not be located on the page using the given search parameters","stacktrace":"io.appium.uiautomator2.common.exceptions.ElementNotFoundException: An element could not be located on the page using the given search parameters\n\tat io.appium.uiautomator2.utils.ElementLocationHelpers.findElement(ElementLocationHelpers.java:153)\n\tat io.appium.uiautomator2.handler.FindElement.safeHandle(FindElement.java:60)\n\tat io.appium.uiautomator2.handler.request.SafeRequestHandler.handle(SafeRequestHandler.java:59)\n\tat io.appium.uiautomator2.server.AppiumServlet.handleRequest(AppiumServlet.java:267)\n\tat io.appium.uiautomator2.server.AppiumServlet.handleHttpRequest(AppiumServlet.java:261)\n\tat io.appium.uiautomator2.http.ServerHandler.channelRead(ServerHandler.java:77)\n\tat io.netty.channel.AbstractChannelHandlerContext.fireChannelRead(AbstractChannelHandlerContext.java:357)\n\tat io.netty.handler.codec.MessageToMessageDecoder.channelRead(MessageToMessageDecoder.java:107)\n\tat io.netty.channel.AbstractChannelHandlerContext.fireChannelRead(AbstractChannelHandlerContext.java:357)\n\tat io.netty.channel.CombinedChannelDuplexHandler$DelegatingChannelHandlerContext.fireChannelRead(CombinedChannelDuplexHandler.java:434)\n\tat io.netty.handler.codec.ByteToMessageDecoder.fireChannelRead(ByteToMessageDecoder.java:361)\n\tat io.netty.handler.codec.ByteToMessageDecoder.channelRead(ByteToMessageDecoder.java:325)\n\tat io.netty.channel.CombinedChannelDuplexHandler.channelRead(CombinedChannelDuplexHandler.java:249)\n\tat io.netty.channel.AbstractChannelHandlerContext.fireChannelRead(AbstractChannelHandlerContext.java:355)\n\tat io.netty.handler.timeout.IdleStateHandler.channelRead(IdleStateHandler.java:288)\n\tat io.netty.channel.AbstractChannelHandlerContext.fireChannelRead(AbstractChannelHandlerContext.java:355)\n\tat io.netty.channel.DefaultChannelPipeline$HeadContext.channelRead(DefaultChannelPipeline.java:1429)\n\tat io.netty.channel.DefaultChannelPipeline.fireChannelRead(DefaultChannelPipeline.java:918)\n\tat io.netty.channel.nio.AbstractNioByteChannel$NioByteUnsafe.read(AbstractNioByteChannel.java:176)\n\tat io.netty.channel.nio.AbstractNioChannel$AbstractNioUnsafe.handle(AbstractNioChannel.java:445)\n\tat io.netty.channel.nio.NioIoHandler$DefaultNioRegistration.handle(NioIoHandler.java:388)\n\tat io.netty.channel.nio.NioIoHandler.processSelectedKey(NioIoHandler.java:596)\n\tat io.netty.channel.nio.NioIoHandler.processSelectedKeysOptimized(NioIoHandler.java:571)\n\tat io.netty.channel.nio.NioIoHandler.processSelectedKeys(NioIoHandler.java:512)\n\tat io.netty.channel.nio.NioIoHandler.run(NioIoHandler.java:484)\n\tat io.netty.channel.SingleThreadIoEventLoop.runIo(SingleThreadIoEventLoop.java:225)\n\tat io.netty.channel.SingleThreadIoEventLoop.run(SingleThreadIoEventLoop.java:196)\n\tat io.netty.util.concurrent.SingleThreadEventExecutor$5.run(SingleThreadEventExecutor.java:1195)\n\tat io.netty.util.internal.ThreadExecutorMap$2.run(ThreadExecutorMap.java:74)\n\tat io.netty.util.concurrent.FastThreadLocalRunnable.run(FastThreadLocalRunnable.java:30)\n\tat java.lang.Thread.run(Thread.java:1564)\n"}}
[2026-06-14T09:32:12.463Z] [ALL] 06-14 15:02:09.514  1486  1828 I SemWifiServiceDetector: Service det. resumed: T / T / 19967
[2026-06-14T09:32:12.490Z] [ALL] 06-14 15:02:09.532 10725 10763 I appium  : channel read: POST /session/e97b7abb-6aa8-4e9c-b8b4-b3047c3ed272/element
[2026-06-14T09:32:12.490Z] [ALL] 06-14 15:02:09.533 10725 10763 I appium  : FindElement command
[2026-06-14T09:32:12.490Z] [ALL] 06-14 15:02:09.534 10725 10763 I appium  : method: 'xpath', selector: '//*[@text[contains(.,"Invalid") or contains(.,"empty") or contains(.,"Required") or contains(.,"error") or contains(.,"Error") or contains(.,"Incorrect") or contains(.,"Please") or contains(.,"enter") or contains(.,"Failed") or contains(.,"failed") or contains(.,"Sync")]]'
[2026-06-14T09:32:12.490Z] [ALL] 06-14 15:02:09.534 10725 10763 I appium  : Waiting up to 10000ms for the device to idle
[2026-06-14T09:32:12.490Z] [ALL] 06-14 15:02:09.535 10725 10763 I appium  : The following attributes will be included to the page source: [text]
[2026-06-14T09:32:12.510Z] [ALL] 06-14 15:02:09.543 10725 10729 I tomator2.server: Method exceeds compiler instruction limit: 19260 in java_cup.runtime.Symbol org.eclipse.wst.xml.xpath2.processor.internal.CUP$XPathCup$actions.CUP$XPathCup$do_action(int, java_cup.runtime.lr_parser, java.util.Stack, int)
[2026-06-14T09:32:12.611Z] [ALL] 06-14 15:02:09.660 10725 10763 I appium  : Took 0ms to retrieve 0 matches for '//*[@text[contains(.,"Invalid") or contains(.,"empty") or contains(.,"Required") or contains(.,"error") or contains(.,"Error") or contains(.,"Incorrect") or contains(.,"Please") or contains(.,"enter") or contains(.,"Failed") or contains(.,"failed") or contains(.,"Sync")]]' XPath2 query
[2026-06-14T09:32:12.636Z] [ALL] 06-14 15:02:09.662 10725 10763 I appium  : AppiumResponse: {"sessionId":"e97b7abb-6aa8-4e9c-b8b4-b3047c3ed272","value":{"error":"no such element","message":"An element could not be located on the page using the given search parameters","stacktrace":"io.appium.uiautomator2.common.exceptions.ElementNotFoundException: An element could not be located on the page using the given search parameters\n\tat io.appium.uiautomator2.utils.ElementLocationHelpers.findElement(ElementLocationHelpers.java:153)\n\tat io.appium.uiautomator2.handler.FindElement.safeHandle(FindElement.java:60)\n\tat io.appium.uiautomator2.handler.request.SafeRequestHandler.handle(SafeRequestHandler.java:59)\n\tat io.appium.uiautomator2.server.AppiumServlet.handleRequest(AppiumServlet.java:267)\n\tat io.appium.uiautomator2.server.AppiumServlet.handleHttpRequest(AppiumServlet.java:261)\n\tat io.appium.uiautomator2.http.ServerHandler.channelRead(ServerHandler.java:77)\n\tat io.netty.channel.AbstractChannelHandlerContext.fireChannelRead(AbstractChannelHandlerContext.java:357)\n\tat io.netty.handler.codec.MessageToMessageDecoder.channelRead(MessageToMessageDecoder.java:107)\n\tat io.netty.channel.AbstractChannelHandlerContext.fireChannelRead(AbstractChannelHandlerContext.java:357)\n\tat io.netty.channel.CombinedChannelDuplexHandler$DelegatingChannelHandlerContext.fireChannelRead(CombinedChannelDuplexHandler.java:434)\n\tat io.netty.handler.codec.ByteToMessageDecoder.fireChannelRead(ByteToMessageDecoder.java:361)\n\tat io.netty.handler.codec.ByteToMessageDecoder.channelRead(ByteToMessageDecoder.java:325)\n\tat io.netty.channel.CombinedChannelDuplexHandler.channelRead(CombinedChannelDuplexHandler.java:249)\n\tat io.netty.channel.AbstractChannelHandlerContext.fireChannelRead(AbstractChannelHandlerContext.java:355)\n\tat io.netty.handler.timeout.IdleStateHandler.channelRead(IdleStateHandler.java:288)\n\tat io.netty.channel.AbstractChannelHandlerContext.fireChannelRead(AbstractChannelHandlerContext.java:355)\n\tat io.netty.channel.DefaultChannelPipeline$HeadContext.channelRead(DefaultChannelPipeline.java:1429)\n\tat io.netty.channel.DefaultChannelPipeline.fireChannelRead(DefaultChannelPipeline.java:918)\n\tat io.netty.channel.nio.AbstractNioByteChannel$NioByteUnsafe.read(AbstractNioByteChannel.java:176)\n\tat io.netty.channel.nio.AbstractNioChannel$AbstractNioUnsafe.handle(AbstractNioChannel.java:445)\n\tat io.netty.channel.nio.NioIoHandler$DefaultNioRegistration.handle(NioIoHandler.java:388)\n\tat io.netty.channel.nio.NioIoHandler.processSelectedKey(NioIoHandler.java:596)\n\tat io.netty.channel.nio.NioIoHandler.processSelectedKeysOptimized(NioIoHandler.java:571)\n\tat io.netty.channel.nio.NioIoHandler.processSelectedKeys(NioIoHandler.java:512)\n\tat io.netty.channel.nio.NioIoHandler.run(NioIoHandler.java:484)\n\tat io.netty.channel.SingleThreadIoEventLoop.runIo(SingleThreadIoEventLoop.java:225)\n\tat io.netty.channel.SingleThreadIoEventLoop.run(SingleThreadIoEventLoop.java:196)\n\tat io.netty.util.concurrent.SingleThreadEventExecutor$5.run(SingleThreadEventExecutor.java:1195)\n\tat io.netty.util.internal.ThreadExecutorMap$2.run(ThreadExecutorMap.java:74)\n\tat io.netty.util.concurrent.FastThreadLocalRunnable.run(FastThreadLocalRunnable.java:30)\n\tat java.lang.Thread.run(Thread.java:1564)\n"}}
[2026-06-14T09:32:12.652Z] [ALL] 06-14 15:02:09.716 10725 10763 I appium  : channel read: GET /session/e97b7abb-6aa8-4e9c-b8b4-b3047c3ed272/screenshot
[2026-06-14T09:32:12.670Z] [ALL] 06-14 15:02:09.717 10725 10763 I appium  : CaptureScreenshot command
[2026-06-14T09:32:12.759Z] [ALL] 06-14 15:02:09.820  1486  3016 D PowerManagerService: [api] setMasterBrightnessLimit : lowerLimit : -1  upperLimit : 503  mMasterBrightnessLimitPeriod : 200 (uid: 1000 pid: 4132)
[2026-06-14T09:32:12.772Z] [ALL] 06-14 15:02:09.820  1486  1556 D PowerManagerService: [api] BrightnessLimitRunnable done
[2026-06-14T09:32:12.823Z] [ALL] 06-14 15:02:09.877 11711 11711 W libbinder.BackendUnifiedServiceManager: Thread Pool max thread count is 0. Cannot cache binder as linkToDeath cannot be implemented. serviceName: SurfaceFlingerAIDL
[2026-06-14T09:32:12.845Z] [ALL] 06-14 15:02:09.878 11711 11711 W libbinder.BpBinder: Linking to death on android.gui.ISurfaceComposer but there are no threads (yet?) listening to incoming transactions. See ProcessState::startThreadPool and ProcessState::setThreadPoolMaxThreadCount. Generally you should setup the binder threadpool before other initialization steps.
[2026-06-14T09:32:12.845Z] [ALL] 06-14 15:02:09.881 11711 11711 W libbinder.BackendUnifiedServiceManager: Thread Pool max thread count is 0. Cannot cache binder as linkToDeath cannot be implemented. serviceName: edmnativehelper
[2026-06-14T09:32:12.845Z] [ALL] 06-14 15:02:09.881  1486  3016 I EDMNativeHelperService: isScreenCaptureEnabled
[2026-06-14T09:32:12.845Z] [ALL] 06-14 15:02:09.881  1486  3016 D RestrictionPolicy: isScreenCaptureEnabled : ret=true userId=0
[2026-06-14T09:32:12.845Z] [ALL] 06-14 15:02:09.881 11711 11711 W libbinder.ProcessState: Extra binder thread started, but 0 threads requested. Do not use *startThreadPool when zero threads are requested.
[2026-06-14T09:32:12.845Z] [ALL] 06-14 15:02:09.881 11711 11711 I SurfaceComposerClient: captureDisplay:Display-4633128672291736000
[2026-06-14T09:32:12.845Z] [ALL] 06-14 15:02:09.884  1149  2943 I SurfaceFlinger: Capture layer list: 	 com.safebank.ai/com.safebank.ai.MainActivity$_11061#104622(preserveDisplayColors:0)
[2026-06-14T09:32:12.845Z] [ALL] 06-14 15:02:09.884  1149  2943 I SurfaceFlinger: Capture layer list: 	 StatusBar$_2112#94(preserveDisplayColors:0)
[2026-06-14T09:32:12.845Z] [ALL] 06-14 15:02:09.884  1149  2943 I SurfaceFlinger: Capture layer list: 	 com.sec.android.app.launcher/com.samsung.app.honeyspace.edge.edgepanel.app.CocktailBarService$_2619#103972(preserveDisplayColors:0)
[2026-06-14T09:32:12.845Z] [ALL] 06-14 15:02:09.884  1149  2943 I SurfaceFlinger: Capture layer list: 	 NavigationBar0$_2112#90(preserveDisplayColors:0)
[2026-06-14T09:32:12.845Z] [ALL] 06-14 15:02:09.887  1149  1201 D SurfaceFlinger: [SEC_SF_EFFECTS] drawLayersInternal,1348, Rendering layer ScreenCaptureFillLayer at index 0
[2026-06-14T09:32:12.845Z] [ALL] 06-14 15:02:09.887  1149  1201 D SurfaceFlinger: [SEC_SF_EFFECTS] drawLayersInternal,1348, Rendering layer com.safebank.ai/com.safebank.ai.MainActivity$_11061#104622 at index 1
[2026-06-14T09:32:12.845Z] [ALL] 06-14 15:02:09.887  1149  1201 D SurfaceFlinger: [SEC_SF_EFFECTS] drawLayersInternal,1348, Rendering layer StatusBar$_2112#94 at index 2
[2026-06-14T09:32:12.845Z] [ALL] 06-14 15:02:09.887  1149  1201 D SurfaceFlinger: [SEC_SF_EFFECTS] drawLayersInternal,1348, Rendering layer com.sec.android.app.launcher/com.samsung.app.honeyspace.edge.edgepanel.app.CocktailBarService$_2619#103972 at index 3
[2026-06-14T09:32:12.845Z] [ALL] 06-14 15:02:09.887  1149  1201 D SurfaceFlinger: [SEC_SF_EFFECTS] drawLayersInternal,1348, Rendering layer NavigationBar0$_2112#90 at index 4
[2026-06-14T09:32:12.852Z] [ALL] 06-14 15:02:09.910 11711 11714 I screencap: [HIDL_FETCH_IMapper] android.hardware.graphics.mapper@4.0: Loaded Mapper successfully.
[2026-06-14T09:32:13.089Z] [ALL] 06-14 15:02:10.109 10725 10763 I appium  : AppiumResponse: {"sessionId":"e97b7abb-6aa8-4e9c-b8b4-b3047c3ed272","value":"iVBORw0KGgoAAAANSUhEUgAABDgAAAkkCAYAAAD508+vAAAABHNCSVQICAgIfAhkiAAAAAFzUkdCAK7OHOkAACAASURBVHic7N11fBTX2gfw3+xuXAia4FK8xd3dobelXm6NttTd7225FfrWqVBvb/XSllJocYfgxV2CBwLB4mSTrM37x+5sVmbWspudTX7fz6WXHTlz9qyw55lzniOUlokiiIiIiIiIiIgimCbcFSAiIiI…