[2026-06-14T09:32:13.476Z] [ALL] 06-14 15:02:10.520  1486  3107 I NSLocationMonitor: getGPSUsingApps() called
[2026-06-14T09:32:13.505Z] [ALL] 06-14 15:02:10.523  3066  3089 I NSLocationManager_FLP: getGPSUsingApps, No change
[2026-06-14T09:32:13.506Z] [ALL] 06-14 15:02:10.543  1486  3107 D FreecessHandler: skipping freeze com.truecaller(10274) result : 2
[2026-06-14T09:32:13.530Z] [ALL] 06-14 15:02:10.590 11715 11715 W libbinder.BackendUnifiedServiceManager: Thread Pool max thread count is 0. Cannot cache binder as linkToDeath cannot be implemented. serviceName: window
[2026-06-14T09:32:13.606Z] [ALL] 06-14 15:02:10.677 10725 10763 I appium  : channel read: POST /session/e97b7abb-6aa8-4e9c-b8b4-b3047c3ed272/element
[2026-06-14T09:32:13.610Z] [ALL] 06-14 15:02:10.678 10725 10763 I appium  : FindElement command
[2026-06-14T09:32:13.610Z] [ALL] 06-14 15:02:10.679 10725 10763 I appium  : method: 'xpath', selector: '//*[@text="Use Email OTP instead" or @text="Use Password instead" or contains(@text, "OTP") or contains(@text, "Password instead") or contains(@text, "ఓటిపి") or contains(@text, "பயன்படுத்து") or contains(@text, "उपयोग") or contains(@text, "వాడండి")]'
[2026-06-14T09:32:13.610Z] [ALL] 06-14 15:02:10.680 10725 10763 I appium  : Waiting up to 10000ms for the device to idle
[2026-06-14T09:32:13.614Z] [ALL] 06-14 15:02:10.682 10725 10763 I appium  : The following attributes will be included to the page source: [text]
[2026-06-14T09:32:13.698Z] [ALL] 06-14 15:02:10.766  1486  1780 D UsbStatsMonitor: 0 0 0 0 0 0 0 0 0 0 0 0 7 0 0 0 0 0 0 0 0 0 0 0 0 0 0 0 0 0 0 0 0 0 0 0 0 0 0 0 0 0 0 0 0 0 0 0 0 0 0 0 0 0 132418136703002
[2026-06-14T09:32:13.872Z] [ALL] 06-14 15:02:10.942 10725 10763 I appium  : Took 0ms to retrieve 1 matches for '//*[@text="Use Email OTP instead" or @text="Use Password instead" or contains(@text, "OTP") or contains(@text, "Password instead") or contains(@text, "ఓటిపి") or contains(@text, "பயன்படுத்து") or contains(@text, "उपयोग") or contains(@text, "వాడండి")]' XPath2 query
[2026-06-14T09:32:13.876Z] [ALL] 06-14 15:02:10.945 10725 10763 I appium  : AppiumResponse: {"sessionId":"e97b7abb-6aa8-4e9c-b8b4-b3047c3ed272","value":{"ELEMENT":"00000000-0000-0138-0000-005500000004","element-6066-11e4-a52e-4f735466cecf":"00000000-0000-0138-0000-005500000004"}}
[2026-06-14T09:32:13.892Z] [ALL] 06-14 15:02:10.964 10725 10763 I appium  : channel read: GET /session/e97b7abb-6aa8-4e9c-b8b4-b3047c3ed272/element/00000000-0000-0138-0000-005500000004/attribute/displayed
[2026-06-14T09:32:13.894Z] [ALL] 06-14 15:02:10.965 10725 10763 I appium  : GetElementAttribute command
[2026-06-14T09:32:13.901Z] [ALL] 06-14 15:02:10.973 10725 10763 I appium  : AppiumResponse: {"sessionId":"e97b7abb-6aa8-4e9c-b8b4-b3047c3ed272","value":"true"}
[2026-06-14T09:32:13.933Z] [ALL] 06-14 15:02:10.999 10725 10763 I appium  : channel read: POST /session/e97b7abb-6aa8-4e9c-b8b4-b3047c3ed272/element/00000000-0000-0138-0000-005500000004/click
[2026-06-14T09:32:13.933Z] [ALL] 06-14 15:02:11.000 10725 10763 I appium  : Click command
[2026-06-14T09:32:13.946Z] [ALL] 06-14 15:02:11.013  1149  1317 D SurfaceFlinger: setDesiredMode 4633128672291736000 {mode={fps=120.00 Hz, modePtr={id=0, vsyncRate=120.00 Hz, peakRefreshRate=120.00 Hz}}, emitEvent=false, force=false}
[2026-06-14T09:32:13.958Z] [ALL] 06-14 15:02:11.014  1149  1280 I SurfaceFlinger: Current= 60, Period= 120, hwcPeriod= 60
[2026-06-14T09:32:13.958Z] [ALL] 06-14 15:02:11.018  1149  1149 I SurfaceFlinger: SFWD update time=180345407570035
[2026-06-14T09:32:13.958Z] [ALL] 06-14 15:02:11.019  1149  1149 I SurfaceFlinger: No layers with votes - choose 120.00 Hz
[2026-06-14T09:32:13.958Z] [ALL] 06-14 15:02:11.021  1149  1149 D SurfaceFlinger: initiateModeChange 4633128672291736000 {mode={fps=120.00 Hz, modePtr={id=0, vsyncRate=120.00 Hz, peakRefreshRate=120.00 Hz}}, emitEvent=false, force=false}
[2026-06-14T09:32:13.965Z] [ALL] 06-14 15:02:11.021  1149  1149 I SurfaceFlinger: [4633128672291736000] ActiveConfigToHWC, ID : 3
[2026-06-14T09:32:13.965Z] [ALL] 06-14 15:02:11.023  1062 15192 D display : setActiveConfigWithConstraints:: PrimaryDisplay config(3)
[2026-06-14T09:32:13.965Z] [ALL] 06-14 15:02:11.023  1062 15192 I display : Current VRR MODE is 3
[2026-06-14T09:32:13.965Z] [ALL] 06-14 15:02:11.023  1062 15192 I display : setActiveConfigWithConstraints:: HFR match - config: 3, base: 3, try: 1
[2026-06-14T09:32:13.965Z] [ALL] 06-14 15:02:11.023  1062 15192 I display : setActiveConfigWithConstraints::update 1080x2340@120hs
[2026-06-14T09:32:13.965Z] [ALL] 06-14 15:02:11.023  1062 15192 I display : commit modeset : 1080x2340@120hs
[2026-06-14T09:32:13.989Z] [ALL] 06-14 15:02:11.043  1062 15192 W display : deliverWinConfigData:: commit modeset time (19 ms)
[2026-06-14T09:32:13.997Z] [ALL] 06-14 15:02:11.047  1149  1149 I SurfaceFlinger: finalizeDisplayModeChange 4633128672291736000
[2026-06-14T09:32:13.997Z] [ALL] 06-14 15:02:11.050  1486  4292 D InputDispatcher: Inject motion (10713/2000): action=0x0, time=180345397000000, f=0x0, d=0 dsdx=1.000000 dtdx=0.000000
[2026-06-14T09:32:13.997Z] [ALL] 06-14 15:02:11.053  1486  1665 I InputDispatcher: Delivering touch to (2112): action: 0x4, f=0x0, d=0, '1dcab54', t=1 
[2026-06-14T09:32:13.997Z] [ALL] 06-14 15:02:11.054  1486  1665 I InputDispatcher: Delivering touch to (11061): action: 0x0, f=0x0, d=0, 'b24f455', t=1 
[2026-06-14T09:32:13.997Z] [ALL] 06-14 15:02:11.055 11061 11061 I VRI[MainActivity]@99da679: ViewPostIme pointer 0
[2026-06-14T09:32:13.997Z] [ALL] 06-14 15:02:11.056  1486  1665 D PowerManagerService: [api] userActivityFromNative : touch displayId=0 eventTime=180345397
[2026-06-14T09:32:13.997Z] [ALL] 06-14 15:02:11.057  1486  1665 D PowerManagerService: UserActivityStateListenerState: 1
[2026-06-14T09:32:13.997Z] [ALL] 06-14 15:02:11.062  1486  1515 I GestureDetector: obtain mCurrentDownEvent. id: -340328582 caller: com.android.server.wm.SystemGesturesPointerEventListener.onPointerEvent:17 com.android.server.wm.PointerEventDispatcher.onInputEvent:51 android.view.InputEventReceiver.dispatchInputEvent:369 
[2026-06-14T09:32:13.997Z] [ALL] 06-14 15:02:11.063 11061 11061 I VRI[MainActivity]@99da679: call setFrameRateCategory for touch hint category=high hint, reason=touch, vri=VRI[MainActivity]@99da679
[2026-06-14T09:32:13.997Z] [ALL] 06-14 15:02:11.064  2619  2619 I HoneySpace.InputConsumerFactory: checkMultiFingerGesture: returning NO_OP - gesture disabled or blocked
[2026-06-14T09:32:13.997Z] [ALL] 06-14 15:02:11.064  2619  2619 I HoneySpace.GestureInputHandler: inputConsumers = [com.honeyspace.gesture.inputconsumer.InputConsumer$Companion$NO_OP$1@b9cdf5b]
[2026-06-14T09:32:13.997Z] [ALL] 06-14 15:02:11.064  2619  2619 I HoneySpace.InputSession: inputConsumers = NO_OP
[2026-06-14T09:32:13.997Z] [ALL] 06-14 15:02:11.065  2619  2619 I HoneySpace.InputSession: open
[2026-06-14T09:32:14.009Z] [ALL] 06-14 15:02:11.067  4132  4132 I SemDvfsHyPerManager: acquire hyper - TABoost/4132@29, type = -999
[2026-06-14T09:32:14.009Z] [ALL] 06-14 15:02:11.068  1486  1515 I GestureDetector: obtain mCurrentDownEvent. id: -340328582 caller: com.android.server.wm.SystemPerformancePointerEventListener.onPointerEvent:13 com.android.server.wm.PointerEventDispatcher.onInputEvent:51 android.view.InputEventReceiver.dispatchInputEvent:369 
[2026-06-14T09:32:14.009Z] [ALL] 06-14 15:02:11.068  1149  1149 I SurfaceFlinger: [com.safebank.ai/com.safebank.ai.MainActivity$_11061#104622] setFrameRateCategory: HighHint
[2026-06-14T09:32:14.009Z] [ALL] 06-14 15:02:11.068  1075  1175 I HYPER-HAL: [RequestManager.cpp]acquire(): Acquired ID : 8659070  [4132 / 29]    HINT :      list : [TABoost / 1] [TIMEOUT / 1500] 
[2026-06-14T09:32:14.009Z] [ALL] 06-14 15:02:11.069  1486  4292 D InputDispatcher: Inject motion (10713/2000): action=0x1, time=180345456000000, f=0x0, d=0 dsdx=1.000000 dtdx=0.000000
[2026-06-14T09:32:14.009Z] [ALL] 06-14 15:02:11.069  1062  1159 I display : [compareVsyncPeriod] set the lowest(mode:0) vsync 83 of display(0)
[2026-06-14T09:32:14.009Z] [ALL] 06-14 15:02:11.069  1062  1159 I display : getFpsForPerformance, performance table found using table(key:120, cpu:255)
[2026-06-14T09:32:14.009Z] [ALL] 06-14 15:02:11.069  1062  1159 I display : Set m2mMPP capacity(4) for fps(120)
[2026-06-14T09:32:14.009Z] [ALL] 06-14 15:02:11.069  1062  1159 I display : getFpsForPerformance, performance table found using table(key:120, cpu:255)
[2026-06-14T09:32:14.009Z] [ALL] 06-14 15:02:11.069  1486  1665 I InputDispatcher: Delivering touch to (11061): action: 0x1, f=0x0, d=0, 'b24f455', t=1 
[2026-06-14T09:32:14.009Z] [ALL] 06-14 15:02:11.070 11061 11061 I VRI[MainActivity]@99da679: ViewPostIme pointer 1
[2026-06-14T09:32:14.009Z] [ALL] 06-14 15:02:11.071  1062  1159 I display : Set Affinity config for fps(120) : cpuIDs : 255
[2026-06-14T09:32:14.009Z] [ALL] 06-14 15:02:11.071  2619  2619 I HoneySpace.GestureInputHandler: reset
[2026-06-14T09:32:14.009Z] [ALL] 06-14 15:02:11.071  2619  2619 I HoneySpace.InputSession: close
[2026-06-14T09:32:14.009Z] [ALL] 06-14 15:02:11.071  1062  1159 I display : Set Affinity CPU ID : 0
[2026-06-14T09:32:14.009Z] [ALL] 06-14 15:02:11.071  1062  1159 I display : Set Affinity CPU ID : 1
[2026-06-14T09:32:14.009Z] [ALL] 06-14 15:02:11.071  1062  1159 I display : Set Affinity CPU ID : 2
[2026-06-14T09:32:14.009Z] [ALL] 06-14 15:02:11.072  1062  1159 I display : Set Affinity CPU ID : 3
[2026-06-14T09:32:14.009Z] [ALL] 06-14 15:02:11.072  1062  1159 I display : Set Affinity CPU ID : 4
[2026-06-14T09:32:14.009Z] [ALL] 06-14 15:02:11.072  1486  1515 I GestureDetector: obtain mCurrentMotionEventRaw. action: 1 id: -525706328
[2026-06-14T09:32:14.009Z] [ALL] 06-14 15:02:11.072  1062  1159 I display : Set Affinity CPU ID : 5
[2026-06-14T09:32:14.009Z] [ALL] 06-14 15:02:11.072  1062  1159 I display : Set Affinity CPU ID : 6
[2026-06-14T09:32:14.009Z] [ALL] 06-14 15:02:11.072  1062  1159 I display : Set Affinity CPU ID : 7
[2026-06-14T09:32:14.009Z] [ALL] 06-14 15:02:11.072  1062  1159 I display : Set affinity HWC : 1062
[2026-06-14T09:32:14.009Z] [ALL] 06-14 15:02:11.072  1486  1515 I GestureDetector: obtain mCurrentMotionEventRaw. action: 1 id: -525706328
[2026-06-14T09:32:14.019Z] [ALL] 06-14 15:02:11.073  1062  1159 I display : CPU set : Cluster(0), min_clock(0)
[2026-06-14T09:32:14.020Z] [ALL] 06-14 15:02:11.073  1062  1159 I display : CPU set : Cluster(1), min_clock(0)
[2026-06-14T09:32:14.020Z] [ALL] 06-14 15:02:11.073  1062  1159 I display : CPU set : Cluster(2), min_clock(0)
[2026-06-14T09:32:14.020Z] [ALL] 06-14 15:02:11.073  1149  1280 I SurfaceFlinger: Current= 60, Period= 120, hwcPeriod= 120
[2026-06-14T09:32:14.035Z] [ALL] 06-14 15:02:11.086 10725 10763 W GestureController: Gestures took longer than expected (78ms >> 8ms), device might be in a busy state.
[2026-06-14T09:32:14.035Z] [ALL] 06-14 15:02:11.086 10725 10763 I appium  : Waiting up to 10000ms for the device to idle
[2026-06-14T09:32:14.035Z] [ALL] 06-14 15:02:11.088 10725 10763 I appium  : AppiumResponse: {"sessionId":"e97b7abb-6aa8-4e9c-b8b4-b3047c3ed272","value":null}
[2026-06-14T09:32:14.043Z] [ALL] 06-14 15:02:11.117 10725 10763 I appium  : channel read: POST /session/e97b7abb-6aa8-4e9c-b8b4-b3047c3ed272/element
[2026-06-14T09:32:14.046Z] [ALL] 06-14 15:02:11.118 10725 10763 I appium  : FindElement command
[2026-06-14T09:32:14.048Z] [ALL] 06-14 15:02:11.119 10725 10763 I appium  : method: '-android uiautomator', selector: 'new UiSelector().className("android.widget.EditText").instance(0)'
[2026-06-14T09:32:14.048Z] [ALL] 06-14 15:02:11.120 10725 10763 I appium  : Waiting up to 10000ms for the device to idle
[2026-06-14T09:32:14.123Z] [ALL] 06-14 15:02:11.193 10725 10763 I QueryController: Matched selector: UiSelector[CLASS=android.widget.EditText, INSTANCE=0] <<==>> [android.view.accessibility.AccessibilityNodeInfo@8f05; boundsInParent: Rect(0, 0 - 0, 0); boundsInScreen: Rect(113, 1090 - 967, 1248); boundsInWindow: Rect(113, 1090 - 967, 1248); packageName: com.safebank.ai; className: android.widget.EditText; text: testotp@safebank.ai; error: null; maxTextLength: -1; stateDescription: null; contentDescription: null; tooltipText: null; containerTitle: null; viewIdResName: null; uniqueId: null; checkable: false; checked: false; focusable: true; focused: false; selected: false; clickable: true; longClickable: true; contextClickable: false; enabled: true; password: false; scrollable: false; granularScrollingSupported: false; importantForAccessibility: true; visible: true; actions: [AccessibilityAction: ACTION_FOCUS - null, AccessibilityAction: ACTION_NEXT_AT_MOVEMENT_GRANULARITY - null, AccessibilityAction: ACTION_PREVIOUS_AT_MOVEMENT_GRANULARITY - null, AccessibilityAction: ACTION_ACCESSIBILITY_FOCUS - null, AccessibilityAction: ACTION_CLICK - null, AccessibilityAction: ACTION_LONG_CLICK - null, AccessibilityAction: ACTION_SET_TEXT - null, AccessibilityAction: ACTION_IME_ENTER - null, AccessibilityAction: ACTION_SET_SELECTION - null]; isTextSelectable: false]
[2026-06-14T09:32:14.129Z] [ALL] 06-14 15:02:11.200 10725 10763 I appium  : AppiumResponse: {"sessionId":"e97b7abb-6aa8-4e9c-b8b4-b3047c3ed272","value":{"ELEMENT":"00000000-0000-0138-0000-005600000004","element-6066-11e4-a52e-4f735466cecf":"00000000-0000-0138-0000-005600000004"}}
[2026-06-14T09:32:14.305Z] [ALL] 06-14 15:02:11.237 10725 10763 I appium  : channel read: GET /session/e97b7abb-6aa8-4e9c-b8b4-b3047c3ed272/element/00000000-0000-0138-0000-005600000004/attribute/displayed
[2026-06-14T09:32:14.390Z] [ALL] 06-14 15:02:11.241 10725 10763 I appium  : GetElementAttribute command
[2026-06-14T09:32:14.390Z] [ALL] 06-14 15:02:11.252 10725 10763 I QueryController: Matched selector: UiSelector[CLASS=android.widget.EditText, INSTANCE=0] <<==>> [android.view.accessibility.AccessibilityNodeInfo@8f05; boundsInParent: Rect(0, 0 - 0, 0); boundsInScreen: Rect(113, 1090 - 967, 1248); boundsInWindow: Rect(113, 1090 - 967, 1248); packageName: com.safebank.ai; className: android.widget.EditText; text: testotp@safebank.ai; error: null; maxTextLength: -1; stateDescription: null; contentDescription: null; tooltipText: null; containerTitle: null; viewIdResName: null; uniqueId: null; checkable: false; checked: false; focusable: true; focused: false; selected: false; clickable: true; longClickable: true; contextClickable: false; enabled: true; password: false; scrollable: false; granularScrollingSupported: false; importantForAccessibility: true; visible: true; actions: [AccessibilityAction: ACTION_FOCUS - null, AccessibilityAction: ACTION_NEXT_AT_MOVEMENT_GRANULARITY - null, AccessibilityAction: ACTION_PREVIOUS_AT_MOVEMENT_GRANULARITY - null, AccessibilityAction: ACTION_ACCESSIBILITY_FOCUS - null, AccessibilityAction: ACTION_CLICK - null, AccessibilityAction: ACTION_LONG_CLICK - null, AccessibilityAction: ACTION_SET_TEXT - null, AccessibilityAction: ACTION_IME_ENTER - null, AccessibilityAction: ACTION_SET_SELECTION - null]; isTextSelectable: false]
[2026-06-14T09:32:14.390Z] [ALL] 06-14 15:02:11.253 10725 10763 D UiObject: Waiting 0ms for UiSelector[CLASS=android.widget.EditText, INSTANCE=0].
[2026-06-14T09:32:14.390Z] [ALL] 06-14 15:02:11.258  2228  3094 I TUIThread: epol_call: EPOLL_SKIP
[2026-06-14T09:32:14.390Z] [ALL] 06-14 15:02:11.265 10725 10763 I QueryController: Matched selector: UiSelector[CLASS=android.widget.EditText, INSTANCE=0] <<==>> [android.view.accessibility.AccessibilityNodeInfo@8f05; boundsInParent: Rect(0, 0 - 0, 0); boundsInScreen: Rect(113, 1090 - 967, 1248); boundsInWindow: Rect(113, 1090 - 967, 1248); packageName: com.safebank.ai; className: android.widget.EditText; text: testotp@safebank.ai; error: null; maxTextLength: -1; stateDescription: null; contentDescription: null; tooltipText: null; containerTitle: null; viewIdResName: null; uniqueId: null; checkable: false; checked: false; focusable: true; focused: false; selected: false; clickable: true; longClickable: true; contextClickable: false; enabled: true; password: false; scrollable: false; granularScrollingSupported: false; importantForAccessibility: true; visible: true; actions: [AccessibilityAction: ACTION_FOCUS - null, AccessibilityAction: ACTION_NEXT_AT_MOVEMENT_GRANULARITY - null, AccessibilityAction: ACTION_PREVIOUS_AT_MOVEMENT_GRANULARITY - null, AccessibilityAction: ACTION_ACCESSIBILITY_FOCUS - null, AccessibilityAction: ACTION_CLICK - null, AccessibilityAction: ACTION_LONG_CLICK - null, AccessibilityAction: ACTION_SET_TEXT - null, AccessibilityAction: ACTION_IME_ENTER - null, AccessibilityAction: ACTION_SET_SELECTION - null]; isTextSelectable: false]
[2026-06-14T09:32:14.390Z] [ALL] 06-14 15:02:11.275 10725 10763 I QueryController: Matched selector: UiSelector[CLASS=android.widget.EditText, INSTANCE=0] <<==>> [android.view.accessibility.AccessibilityNodeInfo@8f05; boundsInParent: Rect(0, 0 - 0, 0); boundsInScreen: Rect(113, 1090 - 967, 1248); boundsInWindow: Rect(113, 1090 - 967, 1248); packageName: com.safebank.ai; className: android.widget.EditText; text: testotp@safebank.ai; error: null; maxTextLength: -1; stateDescription: null; contentDescription: null; tooltipText: null; containerTitle: null; viewIdResName: null; uniqueId: null; checkable: false; checked: false; focusable: true; focused: false; selected: false; clickable: true; longClickable: true; contextClickable: false; enabled: true; password: false; scrollable: false; granularScrollingSupported: false; importantForAccessibility: true; visible: true; actions: [AccessibilityAction: ACTION_FOCUS - null, AccessibilityAction: ACTION_NEXT_AT_MOVEMENT_GRANULARITY - null, AccessibilityAction: ACTION_PREVIOUS_AT_MOVEMENT_GRANULARITY - null, AccessibilityAction: ACTION_ACCESSIBILITY_FOCUS - null, AccessibilityAction: ACTION_CLICK - null, AccessibilityAction: ACTION_LONG_CLICK - null, AccessibilityAction: ACTION_SET_TEXT - null, AccessibilityAction: ACTION_IME_ENTER - null, AccessibilityAction: ACTION_SET_SELECTION - null]; isTextSelectable: false]
[2026-06-14T09:32:14.390Z] [ALL] 06-14 15:02:11.278 10725 10763 I appium  : AppiumResponse: {"sessionId":"e97b7abb-6aa8-4e9c-b8b4-b3047c3ed272","value":"true"}
[2026-06-14T09:32:14.390Z] [ALL] 06-14 15:02:11.327   747   747 D io_stats: !@   8,0 r 79732150 1572374705 w 12669797 207590908 d 4210557 258731016 f 0 1106433 iot 28680052 0 th 0 0 0 pt 0 inp 0 0 180345.716
[2026-06-14T09:32:14.390Z] [ALL] 06-14 15:02:11.327   747   747 D io_stats: !@ Write_top(KB): kworker/u16:4(31690) 648 f2fs_ckpt-254:5(789) 80
[2026-06-14T09:32:14.390Z] [ALL] 06-14 15:02:11.360  1149  1322 D SurfaceFlinger: setDesiredMode 4633128672291736000 {mode={fps=60.00 Hz, modePtr={id=1, vsyncRate=60.00 Hz, peakRefreshRate=60.00 Hz}}, emitEvent=false, force=false}
[2026-06-14T09:32:14.390Z] [ALL] 06-14 15:02:11.363  1486  1515 I GestureDetector: handleMessage TAP
[2026-06-14T09:32:14.390Z] [ALL] 06-14 15:02:11.364  1149  1149 I SurfaceFlinger: com.safebank.ai/com.safebank.ai.MainActivity$_11061#104622 voted ExplicitCategory with category: HighHint
[2026-06-14T09:32:14.390Z] [ALL] 06-14 15:02:11.365  1149  1149 I SurfaceFlinger: IdleFps - choose 60.00 Hz
[2026-06-14T09:32:14.390Z] [ALL] 06-14 15:02:11.366  1149  1149 D SurfaceFlinger: initiateModeChange 4633128672291736000 {mode={fps=60.00 Hz, modePtr={id=1, vsyncRate=60.00 Hz, peakRefreshRate=60.00 Hz}}, emitEvent=false, force=false}
[2026-06-14T09:32:14.390Z] [ALL] 06-14 15:02:11.366  1149  1149 I SurfaceFlinger: [4633128672291736000] ActiveConfigToHWC, ID : 4
[2026-06-14T09:32:14.390Z] [ALL] 06-14 15:02:11.368  1149  1280 I SurfaceFlinger: Current= 120, Period= 60, hwcPeriod= 120
[2026-06-14T09:32:14.390Z] [ALL] 06-14 15:02:11.368  1486  1486 I GestureDetector: handleMessage TAP
[2026-06-14T09:32:14.390Z] [ALL] 06-14 15:02:11.369  1149  1280 I SurfaceFlinger: Current= 120, Period= 60, hwcPeriod= 120
[2026-06-14T09:32:14.390Z] [ALL] 06-14 15:02:11.370  1062 15192 D display : setActiveConfigWithConstraints:: PrimaryDisplay config(4)
[2026-06-14T09:32:14.390Z] [ALL] 06-14 15:02:11.370  1062 15192 I display : Current VRR MODE is 3
[2026-06-14T09:32:14.390Z] [ALL] 06-14 15:02:11.370  1062 15192 I display : setActiveConfigWithConstraints:: HFR match - config: 5, base: 4, try: 0
[2026-06-14T09:32:14.390Z] [ALL] 06-14 15:02:11.370  1062 15192 I display : setActiveConfigWithConstraints::update 1080x2340@60phs
[2026-06-14T09:32:14.390Z] [ALL] 06-14 15:02:11.370  1062 15192 I display : commit modeset : 1080x2340@60phs
[2026-06-14T09:32:14.443Z] [ALL] 06-14 15:02:11.385  1062 15192 W display : deliverWinConfigData:: commit modeset time (14 ms)
[2026-06-14T09:32:14.443Z] [ALL] 06-14 15:02:11.387  1062  1159 I display : [compareVsyncPeriod] set the lowest(mode:0) vsync 166 of display(0)
[2026-06-14T09:32:14.443Z] [ALL] 06-14 15:02:11.387  1062  1159 I display : getFpsForPerformance, performance table found using table(key:60, cpu:255)
[2026-06-14T09:32:14.443Z] [ALL] 06-14 15:02:11.387  1062  1159 I display : Set m2mMPP capacity(8) for fps(60)
[2026-06-14T09:32:14.443Z] [ALL] 06-14 15:02:11.387  1062  1159 I display : getFpsForPerformance, performance table found using table(key:60, cpu:255)
[2026-06-14T09:32:14.443Z] [ALL] 06-14 15:02:11.388  1062  1159 I display : Set Affinity config for fps(60) : cpuIDs : 255
[2026-06-14T09:32:14.443Z] [ALL] 06-14 15:02:11.388  1062  1159 I display : Set Affinity CPU ID : 0
[2026-06-14T09:32:14.443Z] [ALL] 06-14 15:02:11.388  1062  1159 I display : Set Affinity CPU ID : 1
[2026-06-14T09:32:14.443Z] [ALL] 06-14 15:02:11.388  1062  1159 I display : Set Affinity CPU ID : 2
[2026-06-14T09:32:14.443Z] [ALL] 06-14 15:02:11.388  1062  1159 I display : Set Affinity CPU ID : 3
[2026-06-14T09:32:14.443Z] [ALL] 06-14 15:02:11.388  1062  1159 I display : Set Affinity CPU ID : 4
[2026-06-14T09:32:14.443Z] [ALL] 06-14 15:02:11.388  1062  1159 I display : Set Affinity CPU ID : 5
[2026-06-14T09:32:14.443Z] [ALL] 06-14 15:02:11.388  1062  1159 I display : Set Affinity CPU ID : 6
[2026-06-14T09:32:14.443Z] [ALL] 06-14 15:02:11.388  1062  1159 I display : Set Affinity CPU ID : 7
[2026-06-14T09:32:14.443Z] [ALL] 06-14 15:02:11.388  1062  1159 I display : Set affinity HWC : 1062
[2026-06-14T09:32:14.443Z] [ALL] 06-14 15:02:11.389  1062  1159 I display : CPU set : Cluster(0), min_clock(0)
[2026-06-14T09:32:14.443Z] [ALL] 06-14 15:02:11.389  1062  1159 I display : CPU set : Cluster(1), min_clock(0)
[2026-06-14T09:32:14.443Z] [ALL] 06-14 15:02:11.389  1062  1159 I display : CPU set : Cluster(2), min_clock(0)
[2026-06-14T09:32:14.443Z] [ALL] 06-14 15:02:11.390  1149  1280 I SurfaceFlinger: Current= 120, Period= 60, hwcPeriod= 60
[2026-06-14T09:32:14.443Z] [ALL] 06-14 15:02:11.391  1149  1149 D SurfaceFlinger: GPIS:: requestGpisForSFSluggish
[2026-06-14T09:32:14.443Z] [ALL] 06-14 15:02:11.392  1149  1149 I SurfaceFlinger: finalizeDisplayModeChange 4633128672291736000
[2026-06-14T09:32:14.443Z] [ALL] 06-14 15:02:11.438  1928  2036 D SatelliteController: isInCarrierRoamingNbIotNtn: satellite is disabled
[2026-06-14T09:32:14.443Z] [ALL] 06-14 15:02:11.440  1928  2036 D SatelliteController: getCarrierRoamingNtnConnectType: Falling back to global carrier config connect type: 0
[2026-06-14T09:32:14.443Z] [ALL] 06-14 15:02:11.442  1928  2036 D SatelliteController: updateLastNotifiedCarrierRoamingNtnSignalStrengthAndNotify(3)
[2026-06-14T09:32:14.443Z] [ALL] 06-14 15:02:11.443  1928  2036 D SatelliteController: updateLastNotifiedCarrierRoamingNtnSignalStrengthAndNotify(3) lastNotifiedSignalStrength level: 0
[2026-06-14T09:32:14.443Z] [ALL] 06-14 15:02:11.448  1928  2036 D SatelliteController: updateLastNotifiedCarrierRoamingNtnSignalStrengthAndNotify(3) currSignalStrength level: 0
[2026-06-14T09:32:14.443Z] [ALL] 06-14 15:02:11.451  2112  2392 D MobileSignalTransitionManager: updateSignalTransition
[2026-06-14T09:32:14.443Z] [ALL] 06-14 15:02:11.453  2112  2392 D MobileSignalTransitionManager: updateSignalTransition
[2026-06-14T09:32:14.443Z] [ALL] 06-14 15:02:11.456  1928  2036 D SatelliteController: isInCarrierRoamingNbIotNtn: satellite is disabled
[2026-06-14T09:32:14.443Z] [ALL] 06-14 15:02:11.457  1928  2036 D SatelliteController: getCarrierRoamingNtnConnectType: Falling back to global carrier config connect type: 0
[2026-06-14T09:32:14.443Z] [ALL] 06-14 15:02:11.459 10725 10763 I appium  : channel read: POST /session/e97b7abb-6aa8-4e9c-b8b4-b3047c3ed272/element/00000000-0000-0138-0000-005600000004/clear
[2026-06-14T09:32:14.443Z] [ALL] 06-14 15:02:11.462 10725 10763 I appium  : Clear command
[2026-06-14T09:32:14.443Z] [ALL] 06-14 15:02:11.464  2619  2727 I HoneySpace.StatusIconTracker: invokeEvent() called with: event = Mobile(bundle=Bundle[mParcelledData.dataSize=256])
[2026-06-14T09:32:14.508Z] [ALL] 06-14 15:02:11.467  1928  2036 D SatelliteController: updateLastNotifiedCarrierRoamingNtnSignalStrengthAndNotify(3)
[2026-06-14T09:32:14.508Z] [ALL] 06-14 15:02:11.467  1928  2036 D SatelliteController: updateLastNotifiedCarrierRoamingNtnSignalStrengthAndNotify(3) lastNotifiedSignalStrength level: 0
[2026-06-14T09:32:14.508Z] [ALL] 06-14 15:02:11.467  1928  2036 D SatelliteController: updateLastNotifiedCarrierRoamingNtnSignalStrengthAndNotify(3) currSignalStrength level: 0
[2026-06-14T09:32:14.508Z] [ALL] 06-14 15:02:11.471 10725 10763 I QueryController: Matched selector: UiSelector[CLASS=android.widget.EditText, INSTANCE=0] <<==>> [android.view.accessibility.AccessibilityNodeInfo@8f05; boundsInParent: Rect(0, 0 - 0, 0); boundsInScreen: Rect(113, 1090 - 967, 1248); boundsInWindow: Rect(113, 1090 - 967, 1248); packageName: com.safebank.ai; className: android.widget.EditText; text: testotp@safebank.ai; error: null; maxTextLength: -1; stateDescription: null; contentDescription: null; tooltipText: null; containerTitle: null; viewIdResName: null; uniqueId: null; checkable: false; checked: false; focusable: true; focused: false; selected: false; clickable: true; longClickable: true; contextClickable: false; enabled: true; password: false; scrollable: false; granularScrollingSupported: false; importantForAccessibility: true; visible: true; actions: [AccessibilityAction: ACTION_FOCUS - null, AccessibilityAction: ACTION_NEXT_AT_MOVEMENT_GRANULARITY - null, AccessibilityAction: ACTION_PREVIOUS_AT_MOVEMENT_GRANULARITY - null, AccessibilityAction: ACTION_ACCESSIBILITY_FOCUS - null, AccessibilityAction: ACTION_CLICK - null, AccessibilityAction: ACTION_LONG_CLICK - null, AccessibilityAction: ACTION_SET_TEXT - null, AccessibilityAction: ACTION_IME_ENTER - null, AccessibilityAction: ACTION_SET_SELECTION - null]; isTextSelectable: false]
[2026-06-14T09:32:14.508Z] [ALL] 06-14 15:02:11.484 10725 10763 I QueryController: Matched selector: UiSelector[CLASS=android.widget.EditText, INSTANCE=0] <<==>> [android.view.accessibility.AccessibilityNodeInfo@8f05; boundsInParent: Rect(0, 0 - 0, 0); boundsInScreen: Rect(113, 1090 - 967, 1248); boundsInWindow: Rect(113, 1090 - 967, 1248); packageName: com.safebank.ai; className: android.widget.EditText; text: testotp@safebank.ai; error: null; maxTextLength: -1; stateDescription: null; contentDescription: null; tooltipText: null; containerTitle: null; viewIdResName: null; uniqueId: null; checkable: false; checked: false; focusable: true; focused: false; selected: false; clickable: true; longClickable: true; contextClickable: false; enabled: true; password: false; scrollable: false; granularScrollingSupported: false; importantForAccessibility: true; visible: true; actions: [AccessibilityAction: ACTION_FOCUS - null, AccessibilityAction: ACTION_NEXT_AT_MOVEMENT_GRANULARITY - null, AccessibilityAction: ACTION_PREVIOUS_AT_MOVEMENT_GRANULARITY - null, AccessibilityAction: ACTION_ACCESSIBILITY_FOCUS - null, AccessibilityAction: ACTION_CLICK - null, AccessibilityAction: ACTION_LONG_CLICK - null, AccessibilityAction: ACTION_SET_TEXT - null, AccessibilityAction: ACTION_IME_ENTER - null, AccessibilityAction: ACTION_SET_SELECTION - null]; isTextSelectable: false]
[2026-06-14T09:32:14.508Z] [ALL] 06-14 15:02:11.484 10725 10763 D UiObject: Setting text to ''.
[2026-06-14T09:32:14.508Z] [ALL] 06-14 15:02:11.486  1486  4292 D PowerManagerService: [api] userActivity : accessibility (uid: 1000 pid: 1486) <- performAccessibilityAction() in com.android.server.accessibility.AbstractAccessibilityServiceConnection:220 displayId=0 eventTime=180345875
[2026-06-14T09:32:14.508Z] [ALL] 06-14 15:02:11.487  1149  1317 D SurfaceFlinger: setDesiredMode 4633128672291736000 {mode={fps=120.00 Hz, modePtr={id=0, vsyncRate=120.00 Hz, peakRefreshRate=120.00 Hz}}, emitEvent=false, force=false}
[2026-06-14T09:32:14.508Z] [ALL] 06-14 15:02:11.494  1149  1149 I SurfaceFlinger: StatusBar$_2112#94 voted NoVote (0.00 Hz)
[2026-06-14T09:32:14.508Z] [ALL] 06-14 15:02:11.494  1149  1149 I SurfaceFlinger: com.safebank.ai/com.safebank.ai.MainActivity$_11061#104622 voted ExplicitCategory with category: HighHint
[2026-06-14T09:32:14.508Z] [ALL] 06-14 15:02:11.494  1149  1149 I SurfaceFlinger: Touch Control - choose 120.00 Hz
[2026-06-14T09:32:14.508Z] [ALL] 06-14 15:02:11.494  1149  1149 D SurfaceFlinger: initiateModeChange 4633128672291736000 {mode={fps=120.00 Hz, modePtr={id=0, vsyncRate=120.00 Hz, peakRefreshRate=120.00 Hz}}, emitEvent=false, force=false}
[2026-06-14T09:32:14.508Z] [ALL] 06-14 15:02:11.494  1149  1149 I SurfaceFlinger: [4633128672291736000] ActiveConfigToHWC, ID : 3
[2026-06-14T09:32:14.508Z] [ALL] 06-14 15:02:11.495 10725 10763 I appium  : AppiumResponse: {"sessionId":"e97b7abb-6aa8-4e9c-b8b4-b3047c3ed272","value":null}
[2026-06-14T09:32:14.508Z] [ALL] 06-14 15:02:11.496  1062 15192 D display : setActiveConfigWithConstraints:: PrimaryDisplay config(3)
[2026-06-14T09:32:14.508Z] [ALL] 06-14 15:02:11.496  1062 15192 I display : Current VRR MODE is 3
[2026-06-14T09:32:14.508Z] [ALL] 06-14 15:02:11.496  1062 15192 I display : setActiveConfigWithConstraints:: HFR match - config: 3, base: 3, try: 1
[2026-06-14T09:32:14.508Z] [ALL] 06-14 15:02:11.496  1062 15192 I display : setActiveConfigWithConstraints::update 1080x2340@120hs
[2026-06-14T09:32:14.508Z] [ALL] 06-14 15:02:11.496  1062 15192 I display : commit modeset : 1080x2340@120hs
[2026-06-14T09:32:14.841Z] [ALL] 06-14 15:02:11.518  1062 15192 W display : deliverWinConfigData:: commit modeset time (22 ms)
[2026-06-14T09:32:14.842Z] [ALL] 06-14 15:02:11.520  1149  1149 I SurfaceFlinger: finalizeDisplayModeChange 4633128672291736000
[2026-06-14T09:32:14.842Z] [ALL] 06-14 15:02:11.529  1062  1159 I display : [compareVsyncPeriod] set the lowest(mode:0) vsync 83 of display(0)
[2026-06-14T09:32:14.842Z] [ALL] 06-14 15:02:11.529  1062  1159 I display : getFpsForPerformance, performance table found using table(key:120, cpu:255)
[2026-06-14T09:32:14.842Z] [ALL] 06-14 15:02:11.529  1062  1159 I display : Set m2mMPP capacity(4) for fps(120)
[2026-06-14T09:32:14.842Z] [ALL] 06-14 15:02:11.529  1062  1159 I display : getFpsForPerformance, performance table found using table(key:120, cpu:255)
[2026-06-14T09:32:14.842Z] [ALL] 06-14 15:02:11.529  1062  1159 I display : Set Affinity config for fps(120) : cpuIDs : 255
[2026-06-14T09:32:14.842Z] [ALL] 06-14 15:02:11.529  1062  1159 I display : Set Affinity CPU ID : 0
[2026-06-14T09:32:14.842Z] [ALL] 06-14 15:02:11.529  1062  1159 I display : Set Affinity CPU ID : 1
[2026-06-14T09:32:14.842Z] [ALL] 06-14 15:02:11.529  1062  1159 I display : Set Affinity CPU ID : 2
[2026-06-14T09:32:14.842Z] [ALL] 06-14 15:02:11.529  1062  1159 I display : Set Affinity CPU ID : 3
[2026-06-14T09:32:14.842Z] [ALL] 06-14 15:02:11.529  1062  1159 I display : Set Affinity CPU ID : 4
[2026-06-14T09:32:14.842Z] [ALL] 06-14 15:02:11.529  1062  1159 I display : Set Affinity CPU ID : 5
[2026-06-14T09:32:14.842Z] [ALL] 06-14 15:02:11.529  1062  1159 I display : Set Affinity CPU ID : 6
[2026-06-14T09:32:14.842Z] [ALL] 06-14 15:02:11.529  1062  1159 I display : Set Affinity CPU ID : 7
[2026-06-14T09:32:14.842Z] [ALL] 06-14 15:02:11.529  1062  1159 I display : Set affinity HWC : 1062
[2026-06-14T09:32:14.842Z] [ALL] 06-14 15:02:11.529  1062  1159 I display : CPU set : Cluster(0), min_clock(0)
[2026-06-14T09:32:14.842Z] [ALL] 06-14 15:02:11.529  1062  1159 I display : CPU set : Cluster(1), min_clock(0)
[2026-06-14T09:32:14.842Z] [ALL] 06-14 15:02:11.529  1062  1159 I display : CPU set : Cluster(2), min_clock(0)
[2026-06-14T09:32:14.842Z] [ALL] 06-14 15:02:11.529  1149  1280 I SurfaceFlinger: Current= 60, Period= 120, hwcPeriod= 120
[2026-06-14T09:32:14.842Z] [ALL] 06-14 15:02:11.557 10725 10763 I appium  : channel read: POST /session/e97b7abb-6aa8-4e9c-b8b4-b3047c3ed272/element/00000000-0000-0138-0000-005600000004/clear
[2026-06-14T09:32:14.842Z] [ALL] 06-14 15:02:11.560 10725 10763 I appium  : Clear command
[2026-06-14T09:32:14.867Z] [ALL] 06-14 15:02:11.658  3653  3653 I wpa_supplicant: Heartbeat 5804
[2026-06-14T09:32:14.912Z] [ALL] 06-14 15:02:11.966  1486  1729 D WifiStaIfaceHidlImpl: getCachedScanData is not implemented by HIDL
[2026-06-14T09:32:14.943Z] [ALL] 06-14 15:02:11.978  2072  2072 I EPDG-0 [WifiProfiler]: handleWifiRssiIntent, rssi=-55
[2026-06-14T09:32:14.943Z] [ALL] 06-14 15:02:11.978  2072  2072 I EPDG-0 [WifiProfiler]: isProfiling, hash=189204772, started=true
[2026-06-14T09:32:14.943Z] [ALL] 06-14 15:02:11.980  2072  2072 I EPDG-0 [LogMetrics]: set, type=WIFI_RSSI_LAST, value=-55
[2026-06-14T09:32:14.943Z] [ALL] 06-14 15:02:11.980  2072  2072 I EPDG-0 [WifiProfiler]: isProfiling, hash=189204772, started=true
[2026-06-14T09:32:14.943Z] [ALL] 06-14 15:02:11.979  1486  3494 D SemWifiUsabilityStatsMonitor: onWifiUsabilityStats - seqNum 22846, isSameBssidAndFreq true
[2026-06-14T09:32:14.943Z] [ALL] 06-14 15:02:11.984  2072  2072 I EPDG-0 [WifiProfiler]: Rssi : -55 highrange : -75 lowrange : -85 mIsRssiInHystersis : false
[2026-06-14T09:32:14.943Z] [ALL] 06-14 15:02:11.984  2072  2072 I EPDG-0 [WifiProfiler]: Rssi : -55 highrange : -75 lowrange : -85 mIsRssiInHystersis : false
[2026-06-14T09:32:14.943Z] [ALL] 06-14 15:02:11.984  2072  2072 I EPDG-0 [Subscription]: isEpdgAvailable, IwlanPsState=2/2
[2026-06-14T09:32:14.943Z] [ALL] 06-14 15:02:11.984  2072  2072 I EPDG-0 [WifiProfiler]: getHandoverThresholdMet: value is: false
[2026-06-14T09:32:14.943Z] [ALL] 06-14 15:02:11.985  1149  1317 D SurfaceFlinger: setDesiredMode 4633128672291736000 {mode={fps=60.00 Hz, modePtr={id=1, vsyncRate=60.00 Hz, peakRefreshRate=60.00 Hz}}, emitEvent=false, force=false}
[2026-06-14T09:32:14.943Z] [ALL] 06-14 15:02:11.985  1149  1149 I SurfaceFlinger: StatusBar$_2112#94 voted NoVote (0.00 Hz)
[2026-06-14T09:32:14.943Z] [ALL] 06-14 15:02:11.986  1149  1149 I SurfaceFlinger: com.safebank.ai/com.safebank.ai.MainActivity$_11061#104622 voted ExplicitCategory with category: HighHint
[2026-06-14T09:32:14.943Z] [ALL] 06-14 15:02:11.986  1149  1149 I SurfaceFlinger: IdleFps - choose 60.00 Hz
[2026-06-14T09:32:14.943Z] [ALL] 06-14 15:02:11.986  1149  1149 D SurfaceFlinger: initiateModeChange 4633128672291736000 {mode={fps=60.00 Hz, modePtr={id=1, vsyncRate=60.00 Hz, peakRefreshRate=60.00 Hz}}, emitEvent=false, force=false}
[2026-06-14T09:32:14.943Z] [ALL] 06-14 15:02:11.986  1149  1149 I SurfaceFlinger: [4633128672291736000] ActiveConfigToHWC, ID : 4
[2026-06-14T09:32:14.943Z] [ALL] 06-14 15:02:11.986  1149  1280 I SurfaceFlinger: Current= 120, Period= 60, hwcPeriod= 120
[2026-06-14T09:32:14.943Z] [ALL] 06-14 15:02:11.987 10725 10763 I QueryController: Matched selector: UiSelector[CLASS=android.widget.EditText, INSTANCE=0] <<==>> [android.view.accessibility.AccessibilityNodeInfo@8f05; boundsInParent: Rect(0, 0 - 0, 0); boundsInScreen: Rect(113, 1090 - 967, 1248); boundsInWindow: Rect(113, 1090 - 967, 1248); packageName: com.safebank.ai; className: android.widget.EditText; text: testotp@safebank.ai; error: null; maxTextLength: -1; stateDescription: null; contentDescription: null; tooltipText: null; containerTitle: null; viewIdResName: null; uniqueId: null; checkable: false; checked: false; focusable: true; focused: false; selected: false; clickable: true; longClickable: true; contextClickable: false; enabled: true; password: false; scrollable: false; granularScrollingSupported: false; importantForAccessibility: true; visible: true; actions: [AccessibilityAction: ACTION_FOCUS - null, AccessibilityAction: ACTION_NEXT_AT_MOVEMENT_GRANULARITY - null, AccessibilityAction: ACTION_PREVIOUS_AT_MOVEMENT_GRANULARITY - null, AccessibilityAction: ACTION_ACCESSIBILITY_FOCUS - null, AccessibilityAction: ACTION_CLICK - null, AccessibilityAction: ACTION_LONG_CLICK - null, AccessibilityAction: ACTION_SET_TEXT - null, AccessibilityAction: ACTION_IME_ENTER - null, AccessibilityAction: ACTION_SET_SELECTION - null]; isTextSelectable: false]
[2026-06-14T09:32:14.983Z] [ALL] 06-14 15:02:11.991 10725 10763 I QueryController: Matched selector: UiSelector[CLASS=android.widget.EditText, INSTANCE=0] <<==>> [android.view.accessibility.AccessibilityNodeInfo@8f05; boundsInParent: Rect(0, 0 - 0, 0); boundsInScreen: Rect(113, 1090 - 967, 1248); boundsInWindow: Rect(113, 1090 - 967, 1248); packageName: com.safebank.ai; className: android.widget.EditText; text: testotp@safebank.ai; error: null; maxTextLength: -1; stateDescription: null; contentDescription: null; tooltipText: null; containerTitle: null; viewIdResName: null; uniqueId: null; checkable: false; checked: false; focusable: true; focused: false; selected: false; clickable: true; longClickable: true; contextClickable: false; enabled: true; password: false; scrollable: false; granularScrollingSupported: false; importantForAccessibility: true; visible: true; actions: [AccessibilityAction: ACTION_FOCUS - null, AccessibilityAction: ACTION_NEXT_AT_MOVEMENT_GRANULARITY - null, AccessibilityAction: ACTION_PREVIOUS_AT_MOVEMENT_GRANULARITY - null, AccessibilityAction: ACTION_ACCESSIBILITY_FOCUS - null, AccessibilityAction: ACTION_CLICK - null, AccessibilityAction: ACTION_LONG_CLICK - null, AccessibilityAction: ACTION_SET_TEXT - null, AccessibilityAction: ACTION_IME_ENTER - null, AccessibilityAction: ACTION_SET_SELECTION - null]; isTextSelectable: false]
[2026-06-14T09:32:14.983Z] [ALL] 06-14 15:02:11.991 10725 10763 D UiObject: Setting text to ''.
[2026-06-14T09:32:14.983Z] [ALL] 06-14 15:02:11.993  1062 15192 D display : setActiveConfigWithConstraints:: PrimaryDisplay config(4)
[2026-06-14T09:32:14.983Z] [ALL] 06-14 15:02:11.993  1062 15192 I display : Current VRR MODE is 3
[2026-06-14T09:32:14.983Z] [ALL] 06-14 15:02:11.993  1062 15192 I display : setActiveConfigWithConstraints:: HFR match - config: 5, base: 4, try: 0
[2026-06-14T09:32:14.983Z] [ALL] 06-14 15:02:11.993  1062 15192 I display : setActiveConfigWithConstraints::update 1080x2340@60phs
[2026-06-14T09:32:14.983Z] [ALL] 06-14 15:02:11.993  1149  1280 I SurfaceFlinger: Current= 120, Period= 60, hwcPeriod= 120
[2026-06-14T09:32:14.983Z] [ALL] 06-14 15:02:11.994  1062 15192 I display : commit modeset : 1080x2340@60phs
[2026-06-14T09:32:14.983Z] [ALL] 06-14 15:02:12.001 10725 10763 I appium  : AppiumResponse: {"sessionId":"e97b7abb-6aa8-4e9c-b8b4-b3047c3ed272","value":null}
[2026-06-14T09:32:14.983Z] [ALL] 06-14 15:02:12.008  1149  1317 D SurfaceFlinger: setDesiredMode 4633128672291736000 {mode={fps=120.00 Hz, modePtr={id=0, vsyncRate=120.00 Hz, peakRefreshRate=120.00 Hz}}, emitEvent=false, force=false}
[2026-06-14T09:32:14.983Z] [ALL] 06-14 15:02:12.009  1062 15192 W display : deliverWinConfigData:: commit modeset time (15 ms)
[2026-06-14T09:32:14.983Z] [ALL] 06-14 15:02:12.010  1062  1159 I display : [compareVsyncPeriod] set the lowest(mode:0) vsync 166 of display(0)
[2026-06-14T09:32:14.983Z] [ALL] 06-14 15:02:12.010  1062  1159 I display : getFpsForPerformance, performance table found using table(key:60, cpu:255)
[2026-06-14T09:32:14.983Z] [ALL] 06-14 15:02:12.010  1062  1159 I display : Set m2mMPP capacity(8) for fps(60)
[2026-06-14T09:32:14.983Z] [ALL] 06-14 15:02:12.010  1062  1159 I display : getFpsForPerformance, performance table found using table(key:60, cpu:255)
[2026-06-14T09:32:14.983Z] [ALL] 06-14 15:02:12.010  1062  1159 I display : Set Affinity config for fps(60) : cpuIDs : 255
[2026-06-14T09:32:14.983Z] [ALL] 06-14 15:02:12.010  1062  1159 I display : Set Affinity CPU ID : 0
[2026-06-14T09:32:14.983Z] [ALL] 06-14 15:02:12.010  1062  1159 I display : Set Affinity CPU ID : 1
[2026-06-14T09:32:14.983Z] [ALL] 06-14 15:02:12.010  1062  1159 I display : Set Affinity CPU ID : 2
[2026-06-14T09:32:14.983Z] [ALL] 06-14 15:02:12.010  1062  1159 I display : Set Affinity CPU ID : 3
[2026-06-14T09:32:14.983Z] [ALL] 06-14 15:02:12.010  1062  1159 I display : Set Affinity CPU ID : 4
[2026-06-14T09:32:14.983Z] [ALL] 06-14 15:02:12.010  1062  1159 I display : Set Affinity CPU ID : 5
[2026-06-14T09:32:14.983Z] [ALL] 06-14 15:02:12.010  1062  1159 I display : Set Affinity CPU ID : 6
[2026-06-14T09:32:14.983Z] [ALL] 06-14 15:02:12.010  1062  1159 I display : Set Affinity CPU ID : 7
[2026-06-14T09:32:14.983Z] [ALL] 06-14 15:02:12.010  1062  1159 I display : Set affinity HWC : 1062
[2026-06-14T09:32:14.983Z] [ALL] 06-14 15:02:12.010  1062  1159 I display : CPU set : Cluster(0), min_clock(0)
[2026-06-14T09:32:14.983Z] [ALL] 06-14 15:02:12.010  1149  1149 I SurfaceFlinger: finalizeDisplayModeChange 4633128672291736000
[2026-06-14T09:32:14.983Z] [ALL] 06-14 15:02:12.010  1062  1159 I display : CPU set : Cluster(1), min_clock(0)
[2026-06-14T09:32:14.983Z] [ALL] 06-14 15:02:12.010  1062  1159 I display : CPU set : Cluster(2), min_clock(0)
[2026-06-14T09:32:14.983Z] [ALL] 06-14 15:02:12.010  1149  1149 I SurfaceFlinger: StatusBar$_2112#94 voted NoVote (0.00 Hz)
[2026-06-14T09:32:14.983Z] [ALL] 06-14 15:02:12.010  1149  1149 I SurfaceFlinger: com.safebank.ai/com.safebank.ai.MainActivity$_11061#104622 voted ExplicitCategory with category: HighHint
[2026-06-14T09:32:14.983Z] [ALL] 06-14 15:02:12.010  1149  1149 I SurfaceFlinger: Touch Boost [late] - choose 120.00 Hz
[2026-06-14T09:32:14.983Z] [ALL] 06-14 15:02:12.011  1149  1149 D SurfaceFlinger: initiateModeChange 4633128672291736000 {mode={fps=120.00 Hz, modePtr={id=0, vsyncRate=120.00 Hz, peakRefreshRate=120.00 Hz}}, emitEvent=false, force=false}
[2026-06-14T09:32:14.983Z] [ALL] 06-14 15:02:12.011  1149  1149 I SurfaceFlinger: [4633128672291736000] ActiveConfigToHWC, ID : 3
[2026-06-14T09:32:14.983Z] [ALL] 06-14 15:02:12.012  1149  1280 I SurfaceFlinger: Current= 120, Period= 60, hwcPeriod= 60
[2026-06-14T09:32:14.983Z] [ALL] 06-14 15:02:12.018  1062 15192 D display : setActiveConfigWithConstraints:: PrimaryDisplay config(3)
[2026-06-14T09:32:14.983Z] [ALL] 06-14 15:02:12.018  1062 15192 I display : Current VRR MODE is 3
[2026-06-14T09:32:14.983Z] [ALL] 06-14 15:02:12.018  1062 15192 I display : setActiveConfigWithConstraints:: HFR match - config: 3, base: 3, try: 1
[2026-06-14T09:32:14.983Z] [ALL] 06-14 15:02:12.018  1062 15192 I display : setActiveConfigWithConstraints::update 1080x2340@120hs
[2026-06-14T09:32:15.025Z] [ALL] 06-14 15:02:12.026  1062 15192 I display : commit modeset : 1080x2340@120hs
[2026-06-14T09:32:15.025Z] [ALL] 06-14 15:02:12.043  1062 15192 W display : deliverWinConfigData:: commit modeset time (17 ms)
[2026-06-14T09:32:15.025Z] [ALL] 06-14 15:02:12.044  1062  1159 I display : [compareVsyncPeriod] set the lowest(mode:0) vsync 83 of display(0)
[2026-06-14T09:32:15.025Z] [ALL] 06-14 15:02:12.044  1062  1159 I display : getFpsForPerformance, performance table found using table(key:120, cpu:255)
[2026-06-14T09:32:15.025Z] [ALL] 06-14 15:02:12.044  1062  1159 I display : Set m2mMPP capacity(4) for fps(120)
[2026-06-14T09:32:15.025Z] [ALL] 06-14 15:02:12.044  1062  1159 I display : getFpsForPerformance, performance table found using table(key:120, cpu:255)
[2026-06-14T09:32:15.025Z] [ALL] 06-14 15:02:12.044  1062  1159 I display : Set Affinity config for fps(120) : cpuIDs : 255
[2026-06-14T09:32:15.025Z] [ALL] 06-14 15:02:12.044  1062  1159 I display : Set Affinity CPU ID : 0
[2026-06-14T09:32:15.025Z] [ALL] 06-14 15:02:12.044  1062  1159 I display : Set Affinity CPU ID : 1
[2026-06-14T09:32:15.025Z] [ALL] 06-14 15:02:12.044  1062  1159 I display : Set Affinity CPU ID : 2
[2026-06-14T09:32:15.025Z] [ALL] 06-14 15:02:12.044  1062  1159 I display : Set Affinity CPU ID : 3
[2026-06-14T09:32:15.025Z] [ALL] 06-14 15:02:12.044  1062  1159 I display : Set Affinity CPU ID : 4
[2026-06-14T09:32:15.025Z] [ALL] 06-14 15:02:12.044  1062  1159 I display : Set Affinity CPU ID : 5
[2026-06-14T09:32:15.025Z] [ALL] 06-14 15:02:12.044  1062  1159 I display : Set Affinity CPU ID : 6
[2026-06-14T09:32:15.025Z] [ALL] 06-14 15:02:12.044  1062  1159 I display : Set Affinity CPU ID : 7
[2026-06-14T09:32:15.025Z] [ALL] 06-14 15:02:12.044  1062  1159 I display : Set affinity HWC : 1062
[2026-06-14T09:32:15.025Z] [ALL] 06-14 15:02:12.045  1062  1159 I display : CPU set : Cluster(0), min_clock(0)
[2026-06-14T09:32:15.025Z] [ALL] 06-14 15:02:12.045  1062  1159 I display : CPU set : Cluster(1), min_clock(0)
[2026-06-14T09:32:15.025Z] [ALL] 06-14 15:02:12.045  1062  1159 I display : CPU set : Cluster(2), min_clock(0)
[2026-06-14T09:32:15.025Z] [ALL] 06-14 15:02:12.045  1149  1149 I SurfaceFlinger: finalizeDisplayModeChange 4633128672291736000
[2026-06-14T09:32:15.025Z] [ALL] 06-14 15:02:12.053  1149  1280 I SurfaceFlinger: Current= 60, Period= 120, hwcPeriod= 120
[2026-06-14T09:32:15.050Z] [ALL] 06-14 15:02:12.064 10725 10763 I appium  : channel read: POST /session/e97b7abb-6aa8-4e9c-b8b4-b3047c3ed272/element/00000000-0000-0138-0000-005600000004/value
[2026-06-14T09:32:15.050Z] [ALL] 06-14 15:02:12.068 10725 10763 I appium  : SendKeysToElement command
[2026-06-14T09:32:15.050Z] [ALL] 06-14 15:02:12.075 10725 10763 I QueryController: Matched selector: UiSelector[CLASS=android.widget.EditText, INSTANCE=0] <<==>> [android.view.accessibility.AccessibilityNodeInfo@8f05; boundsInParent: Rect(0, 0 - 0, 0); boundsInScreen: Rect(113, 1090 - 967, 1248); boundsInWindow: Rect(113, 1090 - 967, 1248); packageName: com.safebank.ai; className: android.widget.EditText; text: testotp@safebank.ai; error: null; maxTextLength: -1; stateDescription: null; contentDescription: null; tooltipText: null; containerTitle: null; viewIdResName: null; uniqueId: null; checkable: false; checked: false; focusable: true; focused: false; selected: false; clickable: true; longClickable: true; contextClickable: false; enabled: true; password: false; scrollable: false; granularScrollingSupported: false; importantForAccessibility: true; visible: true; actions: [AccessibilityAction: ACTION_FOCUS - null, AccessibilityAction: ACTION_NEXT_AT_MOVEMENT_GRANULARITY - null, AccessibilityAction: ACTION_PREVIOUS_AT_MOVEMENT_GRANULARITY - null, AccessibilityAction: ACTION_ACCESSIBILITY_FOCUS - null, AccessibilityAction: ACTION_CLICK - null, AccessibilityAction: ACTION_LONG_CLICK - null, AccessibilityAction: ACTION_SET_TEXT - null, AccessibilityAction: ACTION_IME_ENTER - null, AccessibilityAction: ACTION_SET_SELECTION - null]; isTextSelectable: false]
[2026-06-14T09:32:15.050Z] [ALL] 06-14 15:02:12.086 10725 10763 I QueryController: Matched selector: UiSelector[CLASS=android.widget.EditText, INSTANCE=0] <<==>> [android.view.accessibility.AccessibilityNodeInfo@8f05; boundsInParent: Rect(0, 0 - 0, 0); boundsInScreen: Rect(113, 1090 - 967, 1248); boundsInWindow: Rect(113, 1090 - 967, 1248); packageName: com.safebank.ai; className: android.widget.EditText; text: ; error: null; maxTextLength: -1; stateDescription: null; contentDescription: null; tooltipText: null; containerTitle: null; viewIdResName: null; uniqueId: null; checkable: false; checked: false; focusable: true; focused: false; selected: false; clickable: true; longClickable: true; contextClickable: false; enabled: true; password: false; scrollable: false; granularScrollingSupported: false; importantForAccessibility: true; visible: true; actions: [AccessibilityAction: ACTION_FOCUS - null, AccessibilityAction: ACTION_ACCESSIBILITY_FOCUS - null, AccessibilityAction: ACTION_CLICK - null, AccessibilityAction: ACTION_LONG_CLICK - null, AccessibilityAction: ACTION_SET_TEXT - null, AccessibilityAction: ACTION_IME_ENTER - null]; isTextSelectable: false]
[2026-06-14T09:32:15.050Z] [ALL] 06-14 15:02:12.094 10725 10763 I QueryController: Matched selector: UiSelector[CLASS=android.widget.EditText, INSTANCE=0] <<==>> [android.view.accessibility.AccessibilityNodeInfo@8f05; boundsInParent: Rect(0, 0 - 0, 0); boundsInScreen: Rect(113, 1090 - 967, 1248); boundsInWindow: Rect(113, 1090 - 967, 1248); packageName: com.safebank.ai; className: android.widget.EditText; text: ; error: null; maxTextLength: -1; stateDescription: null; contentDescription: null; tooltipText: null; containerTitle: null; viewIdResName: null; uniqueId: null; checkable: false; checked: false; focusable: true; focused: false; selected: false; clickable: true; longClickable: true; contextClickable: false; enabled: true; password: false; scrollable: false; granularScrollingSupported: false; importantForAccessibility: true; visible: true; actions: [AccessibilityAction: ACTION_FOCUS - null, AccessibilityAction: ACTION_ACCESSIBILITY_FOCUS - null, AccessibilityAction: ACTION_CLICK - null, AccessibilityAction: ACTION_LONG_CLICK - null, AccessibilityAction: ACTION_SET_TEXT - null, AccessibilityAction: ACTION_IME_ENTER - null]; isTextSelectable: false]
[2026-06-14T09:32:15.128Z] [ALL] 06-14 15:02:12.109 10725 10763 I QueryController: Matched selector: UiSelector[CLASS=android.widget.EditText, INSTANCE=0] <<==>> [android.view.accessibility.AccessibilityNodeInfo@8f05; boundsInParent: Rect(0, 0 - 0, 0); boundsInScreen: Rect(113, 1090 - 967, 1248); boundsInWindow: Rect(113, 1090 - 967, 1248); packageName: com.safebank.ai; className: android.widget.EditText; text: ; error: null; maxTextLength: -1; stateDescription: null; contentDescription: null; tooltipText: null; containerTitle: null; viewIdResName: null; uniqueId: null; checkable: false; checked: false; focusable: true; focused: false; selected: false; clickable: true; longClickable: true; contextClickable: false; enabled: true; password: false; scrollable: false; granularScrollingSupported: false; importantForAccessibility: true; visible: true; actions: [AccessibilityAction: ACTION_FOCUS - null, AccessibilityAction: ACTION_ACCESSIBILITY_FOCUS - null, AccessibilityAction: ACTION_CLICK - null, AccessibilityAction: ACTION_LONG_CLICK - null, AccessibilityAction: ACTION_SET_TEXT - null, AccessibilityAction: ACTION_IME_ENTER - null]; isTextSelectable: false]
[2026-06-14T09:32:15.128Z] [ALL] 06-14 15:02:12.119 10725 10763 I appium  : AppiumResponse: {"sessionId":"e97b7abb-6aa8-4e9c-b8b4-b3047c3ed272","value":null}
[2026-06-14T09:32:15.164Z] [ALL] 06-14 15:02:12.201  2059  3664 D IpClient/wlan0: interfaceLinkStateChanged: ifindex 32 up
[2026-06-14T09:32:15.182Z] [ALL] 06-14 15:02:12.213 10725 10763 I appium  : channel read: POST /session/e97b7abb-6aa8-4e9c-b8b4-b3047c3ed272/element
[2026-06-14T09:32:15.182Z] [ALL] 06-14 15:02:12.216 10725 10763 I appium  : FindElement command
[2026-06-14T09:32:15.182Z] [ALL] 06-14 15:02:12.219 10725 10763 I appium  : method: 'xpath', selector: '//*[@resource-id="login_submit_btn" or @content-desc="login_submit_btn" or @text="Login" or @text="LOGIN" or contains(@text, "OTP") or contains(@text, "Verify") or contains(@text, "Sign Up") or contains(@text, "ధృవీకరించండి") or contains(@text, "लॉगिन") or contains(@text, "உள்நுழை")]'
[2026-06-14T09:32:15.182Z] [ALL] 06-14 15:02:12.219 10725 10763 I appium  : Waiting up to 10000ms for the device to idle
[2026-06-14T09:32:15.182Z] [ALL] 06-14 15:02:12.223 10725 10763 I appium  : The following attributes will be included to the page source: [resource-id, text, content-desc]
[2026-06-14T09:32:15.182Z] [ALL] 06-14 15:02:12.240 10725 10729 I tomator2.server: Method exceeds compiler instruction limit: 19260 in java_cup.runtime.Symbol org.eclipse.wst.xml.xpath2.processor.internal.CUP$XPathCup$actions.CUP$XPathCup$do_action(int, java_cup.runtime.lr_parser, java.util.Stack, int)
[2026-06-14T09:32:15.357Z] [ALL] 06-14 15:02:12.391 10725 10763 I appium  : Took 0ms to retrieve 1 matches for '//*[@resource-id="login_submit_btn" or @content-desc="login_submit_btn" or @text="Login" or @text="LOGIN" or contains(@text, "OTP") or contains(@text, "Verify") or contains(@text, "Sign Up") or contains(@text, "ధృవీకరించండి") or contains(@text, "लॉगिन") or contains(@text, "உள்நுழை")]' XPath2 query
[2026-06-14T09:32:15.411Z] [ALL] 06-14 15:02:12.393 10725 10763 I appium  : AppiumResponse: {"sessionId":"e97b7abb-6aa8-4e9c-b8b4-b3047c3ed272","value":{"ELEMENT":"00000000-0000-0138-0000-005500000004","element-6066-11e4-a52e-4f735466cecf":"00000000-0000-0138-0000-005500000004"}}
[2026-06-14T09:32:15.544Z] [ALL] 06-14 15:02:12.472 10725 10763 I appium  : channel read: GET /session/e97b7abb-6aa8-4e9c-b8b4-b3047c3ed272/element/00000000-0000-0138-0000-005500000004/attribute/displayed
[2026-06-14T09:32:15.544Z] [ALL] 06-14 15:02:12.472 10725 10763 I appium  : GetElementAttribute command
[2026-06-14T09:32:15.544Z] [ALL] 06-14 15:02:12.479 10725 10763 I appium  : AppiumResponse: {"sessionId":"e97b7abb-6aa8-4e9c-b8b4-b3047c3ed272","value":"true"}
[2026-06-14T09:32:15.586Z] [ALL] 06-14 15:02:12.523  1486  1828 I SemWifiServiceDetector: Service det. suspended: T / T / 19967
[2026-06-14T09:32:15.586Z] [ALL] 06-14 15:02:12.569  1149  1317 D SurfaceFlinger: setDesiredMode 4633128672291736000 {mode={fps=60.00 Hz, modePtr={id=1, vsyncRate=60.00 Hz, peakRefreshRate=60.00 Hz}}, emitEvent=false, force=false}
[2026-06-14T09:32:15.586Z] [ALL] 06-14 15:02:12.570  1075 11718 I HYPER-HAL: [RequestManager.cpp]releaseLocked(): Released ID : 8659070
[2026-06-14T09:32:15.586Z] [ALL] 06-14 15:02:12.571  1149  1149 I SurfaceFlinger: StatusBar$_2112#94 voted NoVote (0.00 Hz)
[2026-06-14T09:32:15.586Z] [ALL] 06-14 15:02:12.571  1149  1149 I SurfaceFlinger: com.safebank.ai/com.safebank.ai.MainActivity$_11061#104622 voted ExplicitCategory with category: HighHint
[2026-06-14T09:32:15.586Z] [ALL] 06-14 15:02:12.571  1149  1149 I SurfaceFlinger: IdleFps - choose 60.00 Hz
[2026-06-14T09:32:15.586Z] [ALL] 06-14 15:02:12.572  1149  1149 D SurfaceFlinger: initiateModeChange 4633128672291736000 {mode={fps=60.00 Hz, modePtr={id=1, vsyncRate=60.00 Hz, peakRefreshRate=60.00 Hz}}, emitEvent=false, force=false}
[2026-06-14T09:32:15.586Z] [ALL] 06-14 15:02:12.572  1149  1149 I SurfaceFlinger: [4633128672291736000] ActiveConfigToHWC, ID : 4
[2026-06-14T09:32:15.586Z] [ALL] 06-14 15:02:12.573  1149  1280 I SurfaceFlinger: Current= 120, Period= 60, hwcPeriod= 120
[2026-06-14T09:32:15.586Z] [ALL] 06-14 15:02:12.576  1149  1280 I SurfaceFlinger: Current= 120, Period= 60, hwcPeriod= 120
[2026-06-14T09:32:15.586Z] [ALL] 06-14 15:02:12.576  1062 15192 D display : setActiveConfigWithConstraints:: PrimaryDisplay config(4)
[2026-06-14T09:32:15.586Z] [ALL] 06-14 15:02:12.576  1062 15192 I display : Current VRR MODE is 3
[2026-06-14T09:32:15.586Z] [ALL] 06-14 15:02:12.576  1062 15192 I display : setActiveConfigWithConstraints:: HFR match - config: 5, base: 4, try: 0
[2026-06-14T09:32:15.586Z] [ALL] 06-14 15:02:12.576  1062 15192 I display : setActiveConfigWithConstraints::update 1080x2340@60phs
[2026-06-14T09:32:15.586Z] [ALL] 06-14 15:02:12.577  1062 15192 I display : commit modeset : 1080x2340@60phs
[2026-06-14T09:32:15.586Z] [ALL] 06-14 15:02:12.593  1062 15192 W display : deliverWinConfigData:: commit modeset time (16 ms)
[2026-06-14T09:32:15.586Z] [ALL] 06-14 15:02:12.594  1062  1159 I display : [compareVsyncPeriod] set the lowest(mode:0) vsync 166 of display(0)
[2026-06-14T09:32:15.586Z] [ALL] 06-14 15:02:12.594  1062  1159 I display : getFpsForPerformance, performance table found using table(key:60, cpu:255)
[2026-06-14T09:32:15.586Z] [ALL] 06-14 15:02:12.594  1062  1159 I display : Set m2mMPP capacity(8) for fps(60)
[2026-06-14T09:32:15.586Z] [ALL] 06-14 15:02:12.594  1062  1159 I display : getFpsForPerformance, performance table found using table(key:60, cpu:255)
[2026-06-14T09:32:15.586Z] [ALL] 06-14 15:02:12.594  1062  1159 I display : Set Affinity config for fps(60) : cpuIDs : 255
[2026-06-14T09:32:15.586Z] [ALL] 06-14 15:02:12.594  1062  1159 I display : Set Affinity CPU ID : 0
[2026-06-14T09:32:15.586Z] [ALL] 06-14 15:02:12.594  1062  1159 I display : Set Affinity CPU ID : 1
[2026-06-14T09:32:15.586Z] [ALL] 06-14 15:02:12.594  1062  1159 I display : Set Affinity CPU ID : 2
[2026-06-14T09:32:15.586Z] [ALL] 06-14 15:02:12.594  1062  1159 I display : Set Affinity CPU ID : 3
[2026-06-14T09:32:15.586Z] [ALL] 06-14 15:02:12.594  1062  1159 I display : Set Affinity CPU ID : 4
[2026-06-14T09:32:15.586Z] [ALL] 06-14 15:02:12.594  1062  1159 I display : Set Affinity CPU ID : 5
[2026-06-14T09:32:15.586Z] [ALL] 06-14 15:02:12.594  1062  1159 I display : Set Affinity CPU ID : 6
[2026-06-14T09:32:15.586Z] [ALL] 06-14 15:02:12.594  1062  1159 I display : Set Affinity CPU ID : 7
[2026-06-14T09:32:15.586Z] [ALL] 06-14 15:02:12.594  1062  1159 I display : Set affinity HWC : 1062
[2026-06-14T09:32:15.586Z] [ALL] 06-14 15:02:12.594  1062  1159 I display : CPU set : Cluster(0), min_clock(0)
[2026-06-14T09:32:15.586Z] [ALL] 06-14 15:02:12.594  1062  1159 I display : CPU set : Cluster(1), min_clock(0)
[2026-06-14T09:32:15.586Z] [ALL] 06-14 15:02:12.594  1062  1159 I display : CPU set : Cluster(2), min_clock(0)
[2026-06-14T09:32:15.586Z] [ALL] 06-14 15:02:12.595  1149  1149 D SurfaceFlinger: GPIS:: requestGpisForSFSluggish
[2026-06-14T09:32:15.586Z] [ALL] 06-14 15:02:12.595  1149  1149 I SurfaceFlinger: finalizeDisplayModeChange 4633128672291736000
[2026-06-14T09:32:15.586Z] [ALL] 06-14 15:02:12.595  1149  1280 I SurfaceFlinger: Current= 120, Period= 60, hwcPeriod= 60
[2026-06-14T09:32:15.586Z] [ALL] 06-14 15:02:12.614 10725 10763 I appium  : channel read: POST /session/e97b7abb-6aa8-4e9c-b8b4-b3047c3ed272/element/00000000-0000-0138-0000-005500000004/click
[2026-06-14T09:32:15.586Z] [ALL] 06-14 15:02:12.615 10725 10763 I appium  : Click command
[2026-06-14T09:32:15.618Z] [ALL] 06-14 15:02:12.626  1149  1317 D SurfaceFlinger: setDesiredMode 4633128672291736000 {mode={fps=120.00 Hz, modePtr={id=0, vsyncRate=120.00 Hz, peakRefreshRate=120.00 Hz}}, emitEvent=false, force=false}
[2026-06-14T09:32:15.618Z] [ALL] 06-14 15:02:12.627  1149  1149 I SurfaceFlinger: StatusBar$_2112#94 voted NoVote (0.00 Hz)
[2026-06-14T09:32:15.618Z] [ALL] 06-14 15:02:12.627  1149  1149 I SurfaceFlinger: com.safebank.ai/com.safebank.ai.MainActivity$_11061#104622 voted ExplicitCategory with category: HighHint
[2026-06-14T09:32:15.618Z] [ALL] 06-14 15:02:12.627  1149  1149 I SurfaceFlinger: Touch Boost [late] - choose 120.00 Hz
[2026-06-14T09:32:15.618Z] [ALL] 06-14 15:02:12.627  1149  1149 D SurfaceFlinger: initiateModeChange 4633128672291736000 {mode={fps=120.00 Hz, modePtr={id=0, vsyncRate=120.00 Hz, peakRefreshRate=120.00 Hz}}, emitEvent=false, force=false}
[2026-06-14T09:32:15.618Z] [ALL] 06-14 15:02:12.627  1149  1149 I SurfaceFlinger: [4633128672291736000] ActiveConfigToHWC, ID : 3
[2026-06-14T09:32:15.618Z] [ALL] 06-14 15:02:12.628  1149  1280 I SurfaceFlinger: Current= 60, Period= 120, hwcPeriod= 60
[2026-06-14T09:32:15.618Z] [ALL] 06-14 15:02:12.629  1062 15192 D display : setActiveConfigWithConstraints:: PrimaryDisplay config(3)
[2026-06-14T09:32:15.618Z] [ALL] 06-14 15:02:12.629  1062 15192 I display : Current VRR MODE is 3
[2026-06-14T09:32:15.618Z] [ALL] 06-14 15:02:12.629  1062 15192 I display : setActiveConfigWithConstraints:: HFR match - config: 3, base: 3, try: 1
[2026-06-14T09:32:15.618Z] [ALL] 06-14 15:02:12.629  1062 15192 I display : setActiveConfigWithConstraints::update 1080x2340@120hs
[2026-06-14T09:32:15.618Z] [ALL] 06-14 15:02:12.629  1062 15192 I display : commit modeset : 1080x2340@120hs
[2026-06-14T09:32:15.618Z] [ALL] 06-14 15:02:12.642  1062 15192 W display : deliverWinConfigData:: commit modeset time (13 ms)
[2026-06-14T09:32:15.618Z] [ALL] 06-14 15:02:12.643  1062  1159 I display : [compareVsyncPeriod] set the lowest(mode:0) vsync 83 of display(0)
[2026-06-14T09:32:15.618Z] [ALL] 06-14 15:02:12.643  1062  1159 I display : getFpsForPerformance, performance table found using table(key:120, cpu:255)
[2026-06-14T09:32:15.618Z] [ALL] 06-14 15:02:12.643  1062  1159 I display : Set m2mMPP capacity(4) for fps(120)
[2026-06-14T09:32:15.618Z] [ALL] 06-14 15:02:12.643  1062  1159 I display : getFpsForPerformance, performance table found using table(key:120, cpu:255)
[2026-06-14T09:32:15.618Z] [ALL] 06-14 15:02:12.643  1062  1159 I display : Set Affinity config for fps(120) : cpuIDs : 255
[2026-06-14T09:32:15.618Z] [ALL] 06-14 15:02:12.643  1062  1159 I display : Set Affinity CPU ID : 0
[2026-06-14T09:32:15.618Z] [ALL] 06-14 15:02:12.643  1062  1159 I display : Set Affinity CPU ID : 1
[2026-06-14T09:32:15.618Z] [ALL] 06-14 15:02:12.643  1062  1159 I display : Set Affinity CPU ID : 2
[2026-06-14T09:32:15.618Z] [ALL] 06-14 15:02:12.643  1062  1159 I display : Set Affinity CPU ID : 3
[2026-06-14T09:32:15.618Z] [ALL] 06-14 15:02:12.643  1062  1159 I display : Set Affinity CPU ID : 4
[2026-06-14T09:32:15.618Z] [ALL] 06-14 15:02:12.643  1062  1159 I display : Set Affinity CPU ID : 5
[2026-06-14T09:32:15.618Z] [ALL] 06-14 15:02:12.643  1062  1159 I display : Set Affinity CPU ID : 6
[2026-06-14T09:32:15.618Z] [ALL] 06-14 15:02:12.643  1062  1159 I display : Set Affinity CPU ID : 7
[2026-06-14T09:32:15.618Z] [ALL] 06-14 15:02:12.643  1062  1159 I display : Set affinity HWC : 1062
[2026-06-14T09:32:15.618Z] [ALL] 06-14 15:02:12.644  1062  1159 I display : CPU set : Cluster(0), min_clock(0)
[2026-06-14T09:32:15.618Z] [ALL] 06-14 15:02:12.644  1062  1159 I display : CPU set : Cluster(1), min_clock(0)
[2026-06-14T09:32:15.618Z] [ALL] 06-14 15:02:12.644  1062  1159 I display : CPU set : Cluster(2), min_clock(0)
[2026-06-14T09:32:15.618Z] [ALL] 06-14 15:02:12.644  1149  1280 I SurfaceFlinger: Current= 60, Period= 120, hwcPeriod= 120
[2026-06-14T09:32:15.618Z] [ALL] 06-14 15:02:12.646  1486  2866 D InputDispatcher: Inject motion (10713/2000): action=0x0, time=180347012000000, f=0x0, d=0 dsdx=1.000000 dtdx=0.000000
[2026-06-14T09:32:15.618Z] [ALL] 06-14 15:02:12.647  1486  1665 I InputDispatcher: Delivering touch to (2112): action: 0x4, f=0x0, d=0, '1dcab54', t=1 
[2026-06-14T09:32:15.618Z] [ALL] 06-14 15:02:12.648  1486  1665 I InputDispatcher: Delivering touch to (11061): action: 0x0, f=0x0, d=0, 'b24f455', t=1 
[2026-06-14T09:32:15.618Z] [ALL] 06-14 15:02:12.648 11061 11061 I VRI[MainActivity]@99da679: ViewPostIme pointer 0
[2026-06-14T09:32:15.618Z] [ALL] 06-14 15:02:12.648  1486  1665 D PowerManagerService: [api] userActivityFromNative : touch displayId=0 eventTime=180347012
[2026-06-14T09:32:15.618Z] [ALL] 06-14 15:02:12.650  1486  1515 I GestureDetector: obtain mCurrentDownEvent. id: -988551945 caller: com.android.server.wm.SystemGesturesPointerEventListener.onPointerEvent:17 com.android.server.wm.PointerEventDispatcher.onInputEvent:51 android.view.InputEventReceiver.dispatchInputEvent:369 
[2026-06-14T09:32:15.618Z] [ALL] 06-14 15:02:12.650  4132  4132 I SemDvfsHyPerManager: acquire hyper - TABoost/4132@29, type = -999
[2026-06-14T09:32:15.618Z] [ALL] 06-14 15:02:12.650  1486  1515 I GestureDetector: obtain mCurrentDownEvent. id: -988551945 caller: com.android.server.wm.SystemPerformancePointerEventListener.onPointerEvent:13 com.android.server.wm.PointerEventDispatcher.onInputEvent:51 android.view.InputEventReceiver.dispatchInputEvent:369 
[2026-06-14T09:32:15.618Z] [ALL] 06-14 15:02:12.651  1075  1175 I HYPER-HAL: [RequestManager.cpp]acquire(): Acquired ID : 8659070  [4132 / 29]    HINT :      list : [TABoost / 1] [TIMEOUT / 1500] 
[2026-06-14T09:32:15.618Z] [ALL] 06-14 15:02:12.651  1149  1149 I SurfaceFlinger: finalizeDisplayModeChange 4633128672291736000
[2026-06-14T09:32:15.618Z] [ALL] 06-14 15:02:12.652  2619  2619 I HoneySpace.InputConsumerFactory: checkMultiFingerGesture: returning NO_OP - gesture disabled or blocked
[2026-06-14T09:32:15.618Z] [ALL] 06-14 15:02:12.652  2619  2619 I HoneySpace.GestureInputHandler: inputConsumers = [com.honeyspace.gesture.inputconsumer.InputConsumer$Companion$NO_OP$1@b9cdf5b]
[2026-06-14T09:32:15.618Z] [ALL] 06-14 15:02:12.652  2619  2619 I HoneySpace.InputSession: inputConsumers = NO_OP
[2026-06-14T09:32:15.618Z] [ALL] 06-14 15:02:12.653  2619  2619 I HoneySpace.InputSession: open
[2026-06-14T09:32:15.618Z] [ALL] 06-14 15:02:12.654  1486  3016 D InputDispatcher: Inject motion (10713/2000): action=0x1, time=180347042000000, f=0x0, d=0 dsdx=1.000000 dtdx=0.000000
[2026-06-14T09:32:15.618Z] [ALL] 06-14 15:02:12.655  1486  1665 I InputDispatcher: Delivering touch to (11061): action: 0x1, f=0x0, d=0, 'b24f455', t=1 
[2026-06-14T09:32:15.618Z] [ALL] 06-14 15:02:12.655  4132  5524 I SDHMS:x : SIOP:: AP:407 BAT:388 USB:372 CHG:404 PA:413 CP:405 WIFI:399 BLK:0 SUBBAT:0 LRPTHM:393 SKIN:376 SKINF:370 SKINB:376 LRP:376 LRP2:376 LRF2:370 LRB2:376 AP2:375 CHG2:366 MEM2:373 WIFI2:376 SPK2:357 VAP02:411 VWIFI:411 AVGCUR:3 AVGSYS:341 POWER:12
[2026-06-14T09:32:15.618Z] [ALL] 06-14 15:02:12.656 11061 11061 I VRI[MainActivity]@99da679: ViewPostIme pointer 1
[2026-06-14T09:32:15.618Z] [ALL] 06-14 15:02:12.658  2619  2619 I HoneySpace.GestureInputHandler: reset
[2026-06-14T09:32:15.618Z] [ALL] 06-14 15:02:12.658  1486  1515 I GestureDetector: obtain mCurrentMotionEventRaw. action: 1 id: -894012826
[2026-06-14T09:32:15.618Z] [ALL] 06-14 15:02:12.658  2619  2619 I HoneySpace.InputSession: close
[2026-06-14T09:32:15.618Z] [ALL] 06-14 15:02:12.658  1486  1515 I GestureDetector: obtain mCurrentMotionEventRaw. action: 1 id: -894012826
[2026-06-14T09:32:15.700Z] [ALL] 06-14 15:02:12.666 10725 10763 W GestureController: Gestures took longer than expected (43ms >> 8ms), device might be in a busy state.
[2026-06-14T09:32:15.700Z] [ALL] 06-14 15:02:12.667 10725 10763 I appium  : Waiting up to 10000ms for the device to idle
[2026-06-14T09:32:15.700Z] [ALL] 06-14 15:02:12.669 10725 10763 I appium  : AppiumResponse: {"sessionId":"e97b7abb-6aa8-4e9c-b8b4-b3047c3ed272","value":null}
[2026-06-14T09:32:15.750Z] [ALL] 06-14 15:02:12.769 10725 10763 I appium  : channel read: POST /session/e97b7abb-6aa8-4e9c-b8b4-b3047c3ed272/element
[2026-06-14T09:32:15.750Z] [ALL] 06-14 15:02:12.773 10725 10763 I appium  : FindElement command
[2026-06-14T09:32:15.762Z] [ALL] 06-14 15:02:12.778 10725 10763 I appium  : method: 'xpath', selector: '//*[@resource-id="otp_input_field" or @content-desc="otp_input_field"]'
[2026-06-14T09:32:15.762Z] [ALL] 06-14 15:02:12.779 10725 10763 I appium  : Waiting up to 10000ms for the device to idle
[2026-06-14T09:32:15.762Z] [ALL] 06-14 15:02:12.785 10725 10763 I appium  : The following attributes will be included to the page source: [resource-id, content-desc]
[2026-06-14T09:32:15.884Z] [ALL] 06-14 15:02:12.949  1149  1322 D SurfaceFlinger: setDesiredMode 4633128672291736000 {mode={fps=60.00 Hz, modePtr={id=1, vsyncRate=60.00 Hz, peakRefreshRate=60.00 Hz}}, emitEvent=false, force=false}
[2026-06-14T09:32:15.884Z] [ALL] 06-14 15:02:12.950  1149  1149 I SurfaceFlinger: com.safebank.ai/com.safebank.ai.MainActivity$_11061#104622 voted ExplicitCategory with category: HighHint
[2026-06-14T09:32:15.884Z] [ALL] 06-14 15:02:12.950  1149  1149 I SurfaceFlinger: IdleFps - choose 60.00 Hz
[2026-06-14T09:32:15.884Z] [ALL] 06-14 15:02:12.951  1149  1149 D SurfaceFlinger: initiateModeChange 4633128672291736000 {mode={fps=60.00 Hz, modePtr={id=1, vsyncRate=60.00 Hz, peakRefreshRate=60.00 Hz}}, emitEvent=false, force=false}
[2026-06-14T09:32:15.884Z] [ALL] 06-14 15:02:12.951  1149  1149 I SurfaceFlinger: [4633128672291736000] ActiveConfigToHWC, ID : 4
[2026-06-14T09:32:15.884Z] [ALL] 06-14 15:02:12.951  1486  1515 I GestureDetector: handleMessage TAP
[2026-06-14T09:32:15.884Z] [ALL] 06-14 15:02:12.952  1149  1280 I SurfaceFlinger: Current= 120, Period= 60, hwcPeriod= 120
[2026-06-14T09:32:15.884Z] [ALL] 06-14 15:02:12.952  1149  1280 I SurfaceFlinger: Current= 120, Period= 60, hwcPeriod= 120
[2026-06-14T09:32:15.884Z] [ALL] 06-14 15:02:12.952  1486  1486 I GestureDetector: handleMessage TAP
[2026-06-14T09:32:15.884Z] [ALL] 06-14 15:02:12.953  1062 15192 D display : setActiveConfigWithConstraints:: PrimaryDisplay config(4)
[2026-06-14T09:32:15.884Z] [ALL] 06-14 15:02:12.953  1062 15192 I display : Current VRR MODE is 3
[2026-06-14T09:32:15.884Z] [ALL] 06-14 15:02:12.953  1062 15192 I display : setActiveConfigWithConstraints:: HFR match - config: 5, base: 4, try: 0
[2026-06-14T09:32:15.884Z] [ALL] 06-14 15:02:12.953  1062 15192 I display : setActiveConfigWithConstraints::update 1080x2340@60phs
[2026-06-14T09:32:15.884Z] [ALL] 06-14 15:02:12.953  1062 15192 I display : commit modeset : 1080x2340@60phs
[2026-06-14T09:32:15.895Z] [ALL] 06-14 15:02:12.967  1062 15192 W display : deliverWinConfigData:: commit modeset time (14 ms)
[2026-06-14T09:32:15.897Z] [ALL] 06-14 15:02:12.968  1062  1159 I display : [compareVsyncPeriod] set the lowest(mode:0) vsync 166 of display(0)
[2026-06-14T09:32:15.897Z] [ALL] 06-14 15:02:12.969  1062  1159 I display : getFpsForPerformance, performance table found using table(key:60, cpu:255)
[2026-06-14T09:32:15.897Z] [ALL] 06-14 15:02:12.969  1062  1159 I display : Set m2mMPP capacity(8) for fps(60)
[2026-06-14T09:32:15.897Z] [ALL] 06-14 15:02:12.969  1062  1159 I display : getFpsForPerformance, performance table found using table(key:60, cpu:255)
[2026-06-14T09:32:15.897Z] [ALL] 06-14 15:02:12.969  1062  1159 I display : Set Affinity config for fps(60) : cpuIDs : 255
[2026-06-14T09:32:15.897Z] [ALL] 06-14 15:02:12.969  1062  1159 I display : Set Affinity CPU ID : 0
[2026-06-14T09:32:15.897Z] [ALL] 06-14 15:02:12.969  1062  1159 I display : Set Affinity CPU ID : 1
[2026-06-14T09:32:15.897Z] [ALL] 06-14 15:02:12.969  1062  1159 I display : Set Affinity CPU ID : 2
[2026-06-14T09:32:15.897Z] [ALL] 06-14 15:02:12.969  1062  1159 I display : Set Affinity CPU ID : 3
[2026-06-14T09:32:15.897Z] [ALL] 06-14 15:02:12.969  1062  1159 I display : Set Affinity CPU ID : 4
[2026-06-14T09:32:15.897Z] [ALL] 06-14 15:02:12.969  1062  1159 I display : Set Affinity CPU ID : 5
[2026-06-14T09:32:15.897Z] [ALL] 06-14 15:02:12.969  1062  1159 I display : Set Affinity CPU ID : 6
[2026-06-14T09:32:15.897Z] [ALL] 06-14 15:02:12.969  1062  1159 I display : Set Affinity CPU ID : 7
[2026-06-14T09:32:15.897Z] [ALL] 06-14 15:02:12.969  1062  1159 I display : Set affinity HWC : 1062
[2026-06-14T09:32:15.897Z] [ALL] 06-14 15:02:12.969  1062  1159 I display : CPU set : Cluster(0), min_clock(0)
[2026-06-14T09:32:15.897Z] [ALL] 06-14 15:02:12.969  1062  1159 I display : CPU set : Cluster(1), min_clock(0)
[2026-06-14T09:32:15.897Z] [ALL] 06-14 15:02:12.969  1062  1159 I display : CPU set : Cluster(2), min_clock(0)
[2026-06-14T09:32:15.897Z] [ALL] 06-14 15:02:12.969  1149  1149 I SurfaceFlinger: finalizeDisplayModeChange 4633128672291736000
[2026-06-14T09:32:15.897Z] [ALL] 06-14 15:02:12.969  1149  1280 I SurfaceFlinger: Current= 120, Period= 60, hwcPeriod= 60
[2026-06-14T09:32:15.980Z] [ALL] 06-14 15:02:13.016 10725 10763 I appium  : Took 0ms to retrieve 0 matches for '//*[@resource-id="otp_input_field" or @content-desc="otp_input_field"]' XPath2 query
[2026-06-14T09:32:16.034Z] [ALL] 06-14 15:02:13.017 10725 10763 I appium  : AppiumResponse: {"sessionId":"e97b7abb-6aa8-4e9c-b8b4-b3047c3ed272","value":{"error":"no such element","message":"An element could not be located on the page using the given search parameters","stacktrace":"io.appium.uiautomator2.common.exceptions.ElementNotFoundException: An element could not be located on the page using the given search parameters\n\tat io.appium.uiautomator2.utils.ElementLocationHelpers.findElement(ElementLocationHelpers.java:153)\n\tat io.appium.uiautomator2.handler.FindElement.safeHandle(FindElement.java:60)\n\tat io.appium.uiautomator2.handler.request.SafeRequestHandler.handle(SafeRequestHandler.java:59)\n\tat io.appium.uiautomator2.server.AppiumServlet.handleRequest(AppiumServlet.java:267)\n\tat io.appium.uiautomator2.server.AppiumServlet.handleHttpRequest(AppiumServlet.java:261)\n\tat io.appium.uiautomator2.http.ServerHandler.channelRead(ServerHandler.java:77)\n\tat io.netty.channel.AbstractChannelHandlerContext.fireChannelRead(AbstractChannelHandlerContext.java:357)\n\tat io.netty.handler.codec.MessageToMessageDecoder.channelRead(MessageToMessageDecoder.java:107)\n\tat io.netty.channel.AbstractChannelHandlerContext.fireChannelRead(AbstractChannelHandlerContext.java:357)\n\tat io.netty.channel.CombinedChannelDuplexHandler$DelegatingChannelHandlerContext.fireChannelRead(CombinedChannelDuplexHandler.java:434)\n\tat io.netty.handler.codec.ByteToMessageDecoder.fireChannelRead(ByteToMessageDecoder.java:361)\n\tat io.netty.handler.codec.ByteToMessageDecoder.channelRead(ByteToMessageDecoder.java:325)\n\tat io.netty.channel.CombinedChannelDuplexHandler.channelRead(CombinedChannelDuplexHandler.java:249)\n\tat io.netty.channel.AbstractChannelHandlerContext.fireChannelRead(AbstractChannelHandlerContext.java:355)\n\tat io.netty.handler.timeout.IdleStateHandler.channelRead(IdleStateHandler.java:288)\n\tat io.netty.channel.AbstractChannelHandlerContext.fireChannelRead(AbstractChannelHandlerContext.java:355)\n\tat io.netty.channel.DefaultChannelPipeline$HeadContext.channelRead(DefaultChannelPipeline.java:1429)\n\tat io.netty.channel.DefaultChannelPipeline.fireChannelRead(DefaultChannelPipeline.java:918)\n\tat io.netty.channel.nio.AbstractNioByteChannel$NioByteUnsafe.read(AbstractNioByteChannel.java:176)\n\tat io.netty.channel.nio.AbstractNioChannel$AbstractNioUnsafe.handle(AbstractNioChannel.java:445)\n\tat io.netty.channel.nio.NioIoHandler$DefaultNioRegistration.handle(NioIoHandler.java:388)\n\tat io.netty.channel.nio.NioIoHandler.processSelectedKey(NioIoHandler.java:596)\n\tat io.netty.channel.nio.NioIoHandler.processSelectedKeysOptimized(NioIoHandler.java:571)\n\tat io.netty.channel.nio.NioIoHandler.processSelectedKeys(NioIoHandler.java:512)\n\tat io.netty.channel.nio.NioIoHandler.run(NioIoHandler.java:484)\n\tat io.netty.channel.SingleThreadIoEventLoop.runIo(SingleThreadIoEventLoop.java:225)\n\tat io.netty.channel.SingleThreadIoEventLoop.run(SingleThreadIoEventLoop.java:196)\n\tat io.netty.util.concurrent.SingleThreadEventExecutor$5.run(SingleThreadEventExecutor.java:1195)\n\tat io.netty.util.internal.ThreadExecutorMap$2.run(ThreadExecutorMap.java:74)\n\tat io.netty.util.concurrent.FastThreadLocalRunnable.run(FastThreadLocalRunnable.java:30)\n\tat java.lang.Thread.run(Thread.java:1564)\n"}}
[2026-06-14T09:32:16.277Z] [ALL] 06-14 15:02:13.330   747   747 D io_stats: !@   8,0 r 79732154 1572374765 w 12669813 207590956 d 4210557 258731016 f 0 1106437 iot 28680088 0 th 0 0 0 pt 0 inp 0 0 180347.719
[2026-06-14T09:32:16.523Z] [ALL] 06-14 15:02:13.596 10725 10763 I appium  : channel read: POST /session/e97b7abb-6aa8-4e9c-b8b4-b3047c3ed272/element
[2026-06-14T09:32:16.529Z] [ALL] 06-14 15:02:13.597 10725 10763 I appium  : FindElement command
[2026-06-14T09:32:16.529Z] [ALL] 06-14 15:02:13.598 10725 10763 I appium  : method: 'xpath', selector: '//*[@resource-id="otp_input_field" or @content-desc="otp_input_field"]'
[2026-06-14T09:32:16.529Z] [ALL] 06-14 15:02:13.598 10725 10763 I appium  : Waiting up to 10000ms for the device to idle
[2026-06-14T09:32:16.529Z] [ALL] 06-14 15:02:13.600 10725 10763 I appium  : The following attributes will be included to the page source: [resource-id, content-desc]
[2026-06-14T09:32:16.777Z] [ALL] 06-14 15:02:13.835 10725 10763 I appium  : Took 0ms to retrieve 0 matches for '//*[@resource-id="otp_input_field" or @content-desc="otp_input_field"]' XPath2 query
[2026-06-14T09:32:16.806Z] [ALL] 06-14 15:02:13.836 10725 10763 I appium  : AppiumResponse: {"sessionId":"e97b7abb-6aa8-4e9c-b8b4-b3047c3ed272","value":{"error":"no such element","message":"An element could not be located on the page using the given search parameters","stacktrace":"io.appium.uiautomator2.common.exceptions.ElementNotFoundException: An element could not be located on the page using the given search parameters\n\tat io.appium.uiautomator2.utils.ElementLocationHelpers.findElement(ElementLocationHelpers.java:153)\n\tat io.appium.uiautomator2.handler.FindElement.safeHandle(FindElement.java:60)\n\tat io.appium.uiautomator2.handler.request.SafeRequestHandler.handle(SafeRequestHandler.java:59)\n\tat io.appium.uiautomator2.server.AppiumServlet.handleRequest(AppiumServlet.java:267)\n\tat io.appium.uiautomator2.server.AppiumServlet.handleHttpRequest(AppiumServlet.java:261)\n\tat io.appium.uiautomator2.http.ServerHandler.channelRead(ServerHandler.java:77)\n\tat io.netty.channel.AbstractChannelHandlerContext.fireChannelRead(AbstractChannelHandlerContext.java:357)\n\tat io.netty.handler.codec.MessageToMessageDecoder.channelRead(MessageToMessageDecoder.java:107)\n\tat io.netty.channel.AbstractChannelHandlerContext.fireChannelRead(AbstractChannelHandlerContext.java:357)\n\tat io.netty.channel.CombinedChannelDuplexHandler$DelegatingChannelHandlerContext.fireChannelRead(CombinedChannelDuplexHandler.java:434)\n\tat io.netty.handler.codec.ByteToMessageDecoder.fireChannelRead(ByteToMessageDecoder.java:361)\n\tat io.netty.handler.codec.ByteToMessageDecoder.channelRead(ByteToMessageDecoder.java:325)\n\tat io.netty.channel.CombinedChannelDuplexHandler.channelRead(CombinedChannelDuplexHandler.java:249)\n\tat io.netty.channel.AbstractChannelHandlerContext.fireChannelRead(AbstractChannelHandlerContext.java:355)\n\tat io.netty.handler.timeout.IdleStateHandler.channelRead(IdleStateHandler.java:288)\n\tat io.netty.channel.AbstractChannelHandlerContext.fireChannelRead(AbstractChannelHandlerContext.java:355)\n\tat io.netty.channel.DefaultChannelPipeline$HeadContext.channelRead(DefaultChannelPipeline.java:1429)\n\tat io.netty.channel.DefaultChannelPipeline.fireChannelRead(DefaultChannelPipeline.java:918)\n\tat io.netty.channel.nio.AbstractNioByteChannel$NioByteUnsafe.read(AbstractNioByteChannel.java:176)\n\tat io.netty.channel.nio.AbstractNioChannel$AbstractNioUnsafe.handle(AbstractNioChannel.java:445)\n\tat io.netty.channel.nio.NioIoHandler$DefaultNioRegistration.handle(NioIoHandler.java:388)\n\tat io.netty.channel.nio.NioIoHandler.processSelectedKey(NioIoHandler.java:596)\n\tat io.netty.channel.nio.NioIoHandler.processSelectedKeysOptimized(NioIoHandler.java:571)\n\tat io.netty.channel.nio.NioIoHandler.processSelectedKeys(NioIoHandler.java:512)\n\tat io.netty.channel.nio.NioIoHandler.run(NioIoHandler.java:484)\n\tat io.netty.channel.SingleThreadIoEventLoop.runIo(SingleThreadIoEventLoop.java:225)\n\tat io.netty.channel.SingleThreadIoEventLoop.run(SingleThreadIoEventLoop.java:196)\n\tat io.netty.util.concurrent.SingleThreadEventExecutor$5.run(SingleThreadEventExecutor.java:1195)\n\tat io.netty.util.internal.ThreadExecutorMap$2.run(ThreadExecutorMap.java:74)\n\tat io.netty.util.concurrent.FastThreadLocalRunnable.run(FastThreadLocalRunnable.java:30)\n\tat java.lang.Thread.run(Thread.java:1564)\n"}}
[2026-06-14T09:32:17.095Z] [ALL] 06-14 15:02:14.153  1075 11765 I HYPER-HAL: [RequestManager.cpp]releaseLocked(): Released ID : 8659070
[2026-06-14T09:32:17.342Z] [ALL] 06-14 15:02:14.380 10725 10763 I appium  : channel read: POST /session/e97b7abb-6aa8-4e9c-b8b4-b3047c3ed272/element
[2026-06-14T09:32:17.342Z] [ALL] 06-14 15:02:14.381 10725 10763 I appium  : FindElement command
[2026-06-14T09:32:17.390Z] [ALL] 06-14 15:02:14.382 10725 10763 I appium  : method: 'xpath', selector: '//*[@resource-id="otp_input_field" or @content-desc="otp_input_field"]'
[2026-06-14T09:32:17.390Z] [ALL] 06-14 15:02:14.382 10725 10763 I appium  : Waiting up to 10000ms for the device to idle
[2026-06-14T09:32:17.390Z] [ALL] 06-14 15:02:14.384 10725 10763 I appium  : The following attributes will be included to the page source: [resource-id, content-desc]
[2026-06-14T09:32:17.390Z] [ALL] 06-14 15:02:14.389 10725 10729 I tomator2.server: Method exceeds compiler instruction limit: 19260 in java_cup.runtime.Symbol org.eclipse.wst.xml.xpath2.processor.internal.CUP$XPathCup$actions.CUP$XPathCup$do_action(int, java_cup.runtime.lr_parser, java.util.Stack, int)
[2026-06-14T09:32:17.642Z] [ALL] 06-14 15:02:14.598 10725 10763 I appium  : Took 0ms to retrieve 0 matches for '//*[@resource-id="otp_input_field" or @content-desc="otp_input_field"]' XPath2 query
[2026-06-14T09:32:17.862Z] [ALL] 06-14 15:02:14.600 10725 10763 I appium  : AppiumResponse: {"sessionId":"e97b7abb-6aa8-4e9c-b8b4-b3047c3ed272","value":{"error":"no such element","message":"An element could not be located on the page using the given search parameters","stacktrace":"io.appium.uiautomator2.common.exceptions.ElementNotFoundException: An element could not be located on the page using the given search parameters\n\tat io.appium.uiautomator2.utils.ElementLocationHelpers.findElement(ElementLocationHelpers.java:153)\n\tat io.appium.uiautomator2.handler.FindElement.safeHandle(FindElement.java:60)\n\tat io.appium.uiautomator2.handler.request.SafeRequestHandler.handle(SafeRequestHandler.java:59)\n\tat io.appium.uiautomator2.server.AppiumServlet.handleRequest(AppiumServlet.java:267)\n\tat io.appium.uiautomator2.server.AppiumServlet.handleHttpRequest(AppiumServlet.java:261)\n\tat io.appium.uiautomator2.http.ServerHandler.channelRead(ServerHandler.java:77)\n\tat io.netty.channel.AbstractChannelHandlerContext.fireChannelRead(AbstractChannelHandlerContext.java:357)\n\tat io.netty.handler.codec.MessageToMessageDecoder.channelRead(MessageToMessageDecoder.java:107)\n\tat io.netty.channel.AbstractChannelHandlerContext.fireChannelRead(AbstractChannelHandlerContext.java:357)\n\tat io.netty.channel.CombinedChannelDuplexHandler$DelegatingChannelHandlerContext.fireChannelRead(CombinedChannelDuplexHandler.java:434)\n\tat io.netty.handler.codec.ByteToMessageDecoder.fireChannelRead(ByteToMessageDecoder.java:361)\n\tat io.netty.handler.codec.ByteToMessageDecoder.channelRead(ByteToMessageDecoder.java:325)\n\tat io.netty.channel.CombinedChannelDuplexHandler.channelRead(CombinedChannelDuplexHandler.java:249)\n\tat io.netty.channel.AbstractChannelHandlerContext.fireChannelRead(AbstractChannelHandlerContext.java:355)\n\tat io.netty.handler.timeout.IdleStateHandler.channelRead(IdleStateHandler.java:288)\n\tat io.netty.channel.AbstractChannelHandlerContext.fireChannelRead(AbstractChannelHandlerContext.java:355)\n\tat io.netty.channel.DefaultChannelPipeline$HeadContext.channelRead(DefaultChannelPipeline.java:1429)\n\tat io.netty.channel.DefaultChannelPipeline.fireChannelRead(DefaultChannelPipeline.java:918)\n\tat io.netty.channel.nio.AbstractNioByteChannel$NioByteUnsafe.read(AbstractNioByteChannel.java:176)\n\tat io.netty.channel.nio.AbstractNioChannel$AbstractNioUnsafe.handle(AbstractNioChannel.java:445)\n\tat io.netty.channel.nio.NioIoHandler$DefaultNioRegistration.handle(NioIoHandler.java:388)\n\tat io.netty.channel.nio.NioIoHandler.processSelectedKey(NioIoHandler.java:596)\n\tat io.netty.channel.nio.NioIoHandler.processSelectedKeysOptimized(NioIoHandler.java:571)\n\tat io.netty.channel.nio.NioIoHandler.processSelectedKeys(NioIoHandler.java:512)\n\tat io.netty.channel.nio.NioIoHandler.run(NioIoHandler.java:484)\n\tat io.netty.channel.SingleThreadIoEventLoop.runIo(SingleThreadIoEventLoop.java:225)\n\tat io.netty.channel.SingleThreadIoEventLoop.run(SingleThreadIoEventLoop.java:196)\n\tat io.netty.util.concurrent.SingleThreadEventExecutor$5.run(SingleThreadEventExecutor.java:1195)\n\tat io.netty.util.internal.ThreadExecutorMap$2.run(ThreadExecutorMap.java:74)\n\tat io.netty.util.concurrent.FastThreadLocalRunnable.run(FastThreadLocalRunnable.java:30)\n\tat java.lang.Thread.run(Thread.java:1564)\n"}}
[2026-06-14T09:32:18.031Z] [ALL] 06-14 15:02:14.989  1486  1729 D WifiStaIfaceHidlImpl: getCachedScanData is not implemented by HIDL
[2026-06-14T09:32:18.054Z] [ALL] 06-14 15:02:14.997  1486  3494 D SemWifiUsabilityStatsMonitor: onWifiUsabilityStats - seqNum 22847, isSameBssidAndFreq true
[2026-06-14T09:32:18.054Z] [ALL] 06-14 15:02:14.997  2072  2072 I EPDG-0 [WifiProfiler]: handleWifiRssiIntent, rssi=-60
[2026-06-14T09:32:18.054Z] [ALL] 06-14 15:02:14.997  2072  2072 I EPDG-0 [WifiProfiler]: isProfiling, hash=189204772, started=true
[2026-06-14T09:32:18.054Z] [ALL] 06-14 15:02:14.998  2072  2072 I EPDG-0 [LogMetrics]: set, type=WIFI_RSSI_LAST, value=-60
[2026-06-14T09:32:18.054Z] [ALL] 06-14 15:02:14.998  2072  2072 I EPDG-0 [WifiProfiler]: isProfiling, hash=189204772, started=true
[2026-06-14T09:32:18.054Z] [ALL] 06-14 15:02:15.000  2072  2072 I EPDG-0 [WifiProfiler]: Rssi : -60 highrange : -75 lowrange : -85 mIsRssiInHystersis : false
[2026-06-14T09:32:18.054Z] [ALL] 06-14 15:02:15.000  2072  2072 I EPDG-0 [WifiProfiler]: Rssi : -60 highrange : -75 lowrange : -85 mIsRssiInHystersis : false
[2026-06-14T09:32:18.054Z] [ALL] 06-14 15:02:15.000  2072  2072 I EPDG-0 [Subscription]: isEpdgAvailable, IwlanPsState=2/2
[2026-06-14T09:32:18.054Z] [ALL] 06-14 15:02:15.000  2072  2072 I EPDG-0 [WifiProfiler]: getHandoverThresholdMet: value is: false
[2026-06-14T09:32:18.262Z] [ALL] 06-14 15:02:15.332   747   747 D io_stats: !@ Read_top(KB): ndroid.systemui(2112) 60
[2026-06-14T09:32:18.262Z] [ALL] 06-14 15:02:15.332   747   747 D io_stats: !@ Write_top(KB): appmanager:auth(9493) 16 soft.appmanager(9170) 16
[2026-06-14T09:32:18.511Z] [ALL] 06-14 15:02:15.533  1486  1828 I SemWifiServiceDetector: Service det. resumed: T / T / 19967
[2026-06-14T09:32:18.699Z] [ALL] 06-14 15:02:15.593 10725 10763 I appium  : channel read: POST /session/e97b7abb-6aa8-4e9c-b8b4-b3047c3ed272/element
[2026-06-14T09:32:18.768Z] [ALL] 06-14 15:02:15.593 10725 10763 I appium  : FindElement command
[2026-06-14T09:32:18.768Z] [ALL] 06-14 15:02:15.594 10725 10763 I appium  : method: 'xpath', selector: '//*[@resource-id="otp_input_field" or @content-desc="otp_input_field"]'
[2026-06-14T09:32:18.768Z] [ALL] 06-14 15:02:15.595 10725 10763 I appium  : Waiting up to 10000ms for the device to idle
[2026-06-14T09:32:18.768Z] [ALL] 06-14 15:02:15.596 10725 10763 I appium  : The following attributes will be included to the page source: [resource-id, content-desc]
[2026-06-14T09:32:18.768Z] [ALL] 06-14 15:02:15.650  1486  1556 D PowerManagerService: UserActivityStateListenerState: 0
[2026-06-14T09:32:18.768Z] [ALL] 06-14 15:02:15.661 11061 11061 I VRI[MainActivity]@99da679: call setFrameRateCategory for touch hint category=no preference, reason=boost timeout, vri=VRI[MainActivity]@99da679
[2026-06-14T09:32:18.768Z] [ALL] 06-14 15:02:15.667  1149  1280 I SurfaceFlinger: Current= 60, Period= 60, hwcPeriod= 60
[2026-06-14T09:32:18.768Z] [ALL] 06-14 15:02:15.668  1149  1149 I SurfaceFlinger: [com.safebank.ai/com.safebank.ai.MainActivity$_11061#104622] setFrameRateCategory: NoPreference
[2026-06-14T09:32:18.926Z] [ALL] 06-14 15:02:15.797 10725 10763 I appium  : Took 0ms to retrieve 0 matches for '//*[@resource-id="otp_input_field" or @content-desc="otp_input_field"]' XPath2 query
[2026-06-14T09:32:18.926Z] [ALL] 06-14 15:02:15.799 10725 10763 I appium  : AppiumResponse: {"sessionId":"e97b7abb-6aa8-4e9c-b8b4-b3047c3ed272","value":{"error":"no such element","message":"An element could not be located on the page using the given search parameters","stacktrace":"io.appium.uiautomator2.common.exceptions.ElementNotFoundException: An element could not be located on the page using the given search parameters\n\tat io.appium.uiautomator2.utils.ElementLocationHelpers.findElement(ElementLocationHelpers.java:153)\n\tat io.appium.uiautomator2.handler.FindElement.safeHandle(FindElement.java:60)\n\tat io.appium.uiautomator2.handler.request.SafeRequestHandler.handle(SafeRequestHandler.java:59)\n\tat io.appium.uiautomator2.server.AppiumServlet.handleRequest(AppiumServlet.java:267)\n\tat io.appium.uiautomator2.server.AppiumServlet.handleHttpRequest(AppiumServlet.java:261)\n\tat io.appium.uiautomator2.http.ServerHandler.channelRead(ServerHandler.java:77)\n\tat io.netty.channel.AbstractChannelHandlerContext.fireChannelRead(AbstractChannelHandlerContext.java:357)\n\tat io.netty.handler.codec.MessageToMessageDecoder.channelRead(MessageToMessageDecoder.java:107)\n\tat io.netty.channel.AbstractChannelHandlerContext.fireChannelRead(AbstractChannelHandlerContext.java:357)\n\tat io.netty.channel.CombinedChannelDuplexHandler$DelegatingChannelHandlerContext.fireChannelRead(CombinedChannelDuplexHandler.java:434)\n\tat io.netty.handler.codec.ByteToMessageDecoder.fireChannelRead(ByteToMessageDecoder.java:361)\n\tat io.netty.handler.codec.ByteToMessageDecoder.channelRead(ByteToMessageDecoder.java:325)\n\tat io.netty.channel.CombinedChannelDuplexHandler.channelRead(CombinedChannelDuplexHandler.java:249)\n\tat io.netty.channel.AbstractChannelHandlerContext.fireChannelRead(AbstractChannelHandlerContext.java:355)\n\tat io.netty.handler.timeout.IdleStateHandler.channelRead(IdleStateHandler.java:288)\n\tat io.netty.channel.AbstractChannelHandlerContext.fireChannelRead(AbstractChannelHandlerContext.java:355)\n\tat io.netty.channel.DefaultChannelPipeline$HeadContext.channelRead(DefaultChannelPipeline.java:1429)\n\tat io.netty.channel.DefaultChannelPipeline.fireChannelRead(DefaultChannelPipeline.java:918)\n\tat io.netty.channel.nio.AbstractNioByteChannel$NioByteUnsafe.read(AbstractNioByteChannel.java:176)\n\tat io.netty.channel.nio.AbstractNioChannel$AbstractNioUnsafe.handle(AbstractNioChannel.java:445)\n\tat io.netty.channel.nio.NioIoHandler$DefaultNioRegistration.handle(NioIoHandler.java:388)\n\tat io.netty.channel.nio.NioIoHandler.processSelectedKey(NioIoHandler.java:596)\n\tat io.netty.channel.nio.NioIoHandler.processSelectedKeysOptimized(NioIoHandler.java:571)\n\tat io.netty.channel.nio.NioIoHandler.processSelectedKeys(NioIoHandler.java:512)\n\tat io.netty.channel.nio.NioIoHandler.run(NioIoHandler.java:484)\n\tat io.netty.channel.SingleThreadIoEventLoop.runIo(SingleThreadIoEventLoop.java:225)\n\tat io.netty.channel.SingleThreadIoEventLoop.run(SingleThreadIoEventLoop.java:196)\n\tat io.netty.util.concurrent.SingleThreadEventExecutor$5.run(SingleThreadEventExecutor.java:1195)\n\tat io.netty.util.internal.ThreadExecutorMap$2.run(ThreadExecutorMap.java:74)\n\tat io.netty.util.concurrent.FastThreadLocalRunnable.run(FastThreadLocalRunnable.java:30)\n\tat java.lang.Thread.run(Thread.java:1564)\n"}}
[2026-06-14T09:32:19.029Z] [ALL] 06-14 15:02:15.999  1486  1856 D SemWifiSwitchForIndividualAppsService: isSkipNetworkCondition - result:2
[2026-06-14T09:32:19.212Z] [ALL] 06-14 15:02:16.151  4132  4132 I SDHMS:LOAD: type: LoadsFreqs, value: 17:1:0:716539:2803000:576000:673919:2112000:576000:30:303:0
[2026-06-14T09:32:19.536Z] [ALL] 06-14 15:02:16.504 10725 10763 I appium  : channel read: POST /session/e97b7abb-6aa8-4e9c-b8b4-b3047c3ed272/element
[2026-06-14T09:32:19.536Z] [ALL] 06-14 15:02:16.505 10725 10763 I appium  : FindElement command
[2026-06-14T09:32:19.566Z] [ALL] 06-14 15:02:16.506 10725 10763 I appium  : method: 'xpath', selector: '//*[@resource-id="otp_input_field" or @content-desc="otp_input_field"]'
[2026-06-14T09:32:19.566Z] [ALL] 06-14 15:02:16.506 10725 10763 I appium  : Waiting up to 10000ms for the device to idle
[2026-06-14T09:32:19.566Z] [ALL] 06-14 15:02:16.508 10725 10763 I appium  : The following attributes will be included to the page source: [resource-id, content-desc]
[2026-06-14T09:32:19.566Z] [ALL] 06-14 15:02:16.548  1486  3107 I NSLocationMonitor: getGPSUsingApps() called
[2026-06-14T09:32:19.566Z] [ALL] 06-14 15:02:16.550  3066  3089 I NSLocationManager_FLP: getGPSUsingApps, No change
[2026-06-14T09:32:19.566Z] [ALL] 06-14 15:02:16.571  1486  3107 D FreecessHandler: skipping freeze com.truecaller(10274) result : 2
[2026-06-14T09:32:19.735Z] [ALL] 06-14 15:02:16.767 10725 10763 I appium  : Took 0ms to retrieve 0 matches for '//*[@resource-id="otp_input_field" or @content-desc="otp_input_field"]' XPath2 query
[2026-06-14T09:32:19.832Z] [ALL] 06-14 15:02:16.770 10725 10763 I appium  : AppiumResponse: {"sessionId":"e97b7abb-6aa8-4e9c-b8b4-b3047c3ed272","value":{"error":"no such element","message":"An element could not be located on the page using the given search parameters","stacktrace":"io.appium.uiautomator2.common.exceptions.ElementNotFoundException: An element could not be located on the page using the given search parameters\n\tat io.appium.uiautomator2.utils.ElementLocationHelpers.findElement(ElementLocationHelpers.java:153)\n\tat io.appium.uiautomator2.handler.FindElement.safeHandle(FindElement.java:60)\n\tat io.appium.uiautomator2.handler.request.SafeRequestHandler.handle(SafeRequestHandler.java:59)\n\tat io.appium.uiautomator2.server.AppiumServlet.handleRequest(AppiumServlet.java:267)\n\tat io.appium.uiautomator2.server.AppiumServlet.handleHttpRequest(AppiumServlet.java:261)\n\tat io.appium.uiautomator2.http.ServerHandler.channelRead(ServerHandler.java:77)\n\tat io.netty.channel.AbstractChannelHandlerContext.fireChannelRead(AbstractChannelHandlerContext.java:357)\n\tat io.netty.handler.codec.MessageToMessageDecoder.channelRead(MessageToMessageDecoder.java:107)\n\tat io.netty.channel.AbstractChannelHandlerContext.fireChannelRead(AbstractChannelHandlerContext.java:357)\n\tat io.netty.channel.CombinedChannelDuplexHandler$DelegatingChannelHandlerContext.fireChannelRead(CombinedChannelDuplexHandler.java:434)\n\tat io.netty.handler.codec.ByteToMessageDecoder.fireChannelRead(ByteToMessageDecoder.java:361)\n\tat io.netty.handler.codec.ByteToMessageDecoder.channelRead(ByteToMessageDecoder.java:325)\n\tat io.netty.channel.CombinedChannelDuplexHandler.channelRead(CombinedChannelDuplexHandler.java:249)\n\tat io.netty.channel.AbstractChannelHandlerContext.fireChannelRead(AbstractChannelHandlerContext.java:355)\n\tat io.netty.handler.timeout.IdleStateHandler.channelRead(IdleStateHandler.java:288)\n\tat io.netty.channel.AbstractChannelHandlerContext.fireChannelRead(AbstractChannelHandlerContext.java:355)\n\tat io.netty.channel.DefaultChannelPipeline$HeadContext.channelRead(DefaultChannelPipeline.java:1429)\n\tat io.netty.channel.DefaultChannelPipeline.fireChannelRead(DefaultChannelPipeline.java:918)\n\tat io.netty.channel.nio.AbstractNioByteChannel$NioByteUnsafe.read(AbstractNioByteChannel.java:176)\n\tat io.netty.channel.nio.AbstractNioChannel$AbstractNioUnsafe.handle(AbstractNioChannel.java:445)\n\tat io.netty.channel.nio.NioIoHandler$DefaultNioRegistration.handle(NioIoHandler.java:388)\n\tat io.netty.channel.nio.NioIoHandler.processSelectedKey(NioIoHandler.java:596)\n\tat io.netty.channel.nio.NioIoHandler.processSelectedKeysOptimized(NioIoHandler.java:571)\n\tat io.netty.channel.nio.NioIoHandler.processSelectedKeys(NioIoHandler.java:512)\n\tat io.netty.channel.nio.NioIoHandler.run(NioIoHandler.java:484)\n\tat io.netty.channel.SingleThreadIoEventLoop.runIo(SingleThreadIoEventLoop.java:225)\n\tat io.netty.channel.SingleThreadIoEventLoop.run(SingleThreadIoEventLoop.java:196)\n\tat io.netty.util.concurrent.SingleThreadEventExecutor$5.run(SingleThreadEventExecutor.java:1195)\n\tat io.netty.util.internal.ThreadExecutorMap$2.run(ThreadExecutorMap.java:74)\n\tat io.netty.util.concurrent.FastThreadLocalRunnable.run(FastThreadLocalRunnable.java:30)\n\tat java.lang.Thread.run(Thread.java:1564)\n"}}
[2026-06-14T09:32:20.297Z] [ALL] 06-14 15:02:17.333   747   747 D io_stats: !@   8,0 r 79732158 1572374781 w 12669816 207591360 d 4210557 258731016 f 0 1106437 iot 28680108 0 th 0 0 0 pt 0 inp 0 0 180351.722
[2026-06-14T09:32:20.360Z] [ALL] 06-14 15:02:17.373 10725 10763 I appium  : channel read: POST /session/e97b7abb-6aa8-4e9c-b8b4-b3047c3ed272/element
[2026-06-14T09:32:20.381Z] [ALL] 06-14 15:02:17.373 10725 10763 I appium  : FindElement command
[2026-06-14T09:32:20.381Z] [ALL] 06-14 15:02:17.375 10725 10763 I appium  : method: 'xpath', selector: '//*[@resource-id="otp_input_field" or @content-desc="otp_input_field"]'
[2026-06-14T09:32:20.381Z] [ALL] 06-14 15:02:17.375 10725 10763 I appium  : Waiting up to 10000ms for the device to idle
[2026-06-14T09:32:20.381Z] [ALL] 06-14 15:02:17.376 10725 10763 I appium  : The following attributes will be included to the page source: [resource-id, content-desc]
[2026-06-14T09:32:20.572Z] [ALL] 06-14 15:02:17.635 10725 10763 I appium  : Took 0ms to retrieve 0 matches for '//*[@resource-id="otp_input_field" or @content-desc="otp_input_field"]' XPath2 query
[2026-06-14T09:32:20.618Z] [ALL] 06-14 15:02:17.637 10725 10763 I appium  : AppiumResponse: {"sessionId":"e97b7abb-6aa8-4e9c-b8b4-b3047c3ed272","value":{"error":"no such element","message":"An element could not be located on the page using the given search parameters","stacktrace":"io.appium.uiautomator2.common.exceptions.ElementNotFoundException: An element could not be located on the page using the given search parameters\n\tat io.appium.uiautomator2.utils.ElementLocationHelpers.findElement(ElementLocationHelpers.java:153)\n\tat io.appium.uiautomator2.handler.FindElement.safeHandle(FindElement.java:60)\n\tat io.appium.uiautomator2.handler.request.SafeRequestHandler.handle(SafeRequestHandler.java:59)\n\tat io.appium.uiautomator2.server.AppiumServlet.handleRequest(AppiumServlet.java:267)\n\tat io.appium.uiautomator2.server.AppiumServlet.handleHttpRequest(AppiumServlet.java:261)\n\tat io.appium.uiautomator2.http.ServerHandler.channelRead(ServerHandler.java:77)\n\tat io.netty.channel.AbstractChannelHandlerContext.fireChannelRead(AbstractChannelHandlerContext.java:357)\n\tat io.netty.handler.codec.MessageToMessageDecoder.channelRead(MessageToMessageDecoder.java:107)\n\tat io.netty.channel.AbstractChannelHandlerContext.fireChannelRead(AbstractChannelHandlerContext.java:357)\n\tat io.netty.channel.CombinedChannelDuplexHandler$DelegatingChannelHandlerContext.fireChannelRead(CombinedChannelDuplexHandler.java:434)\n\tat io.netty.handler.codec.ByteToMessageDecoder.fireChannelRead(ByteToMessageDecoder.java:361)\n\tat io.netty.handler.codec.ByteToMessageDecoder.channelRead(ByteToMessageDecoder.java:325)\n\tat io.netty.channel.CombinedChannelDuplexHandler.channelRead(CombinedChannelDuplexHandler.java:249)\n\tat io.netty.channel.AbstractChannelHandlerContext.fireChannelRead(AbstractChannelHandlerContext.java:355)\n\tat io.netty.handler.timeout.IdleStateHandler.channelRead(IdleStateHandler.java:288)\n\tat io.netty.channel.AbstractChannelHandlerContext.fireChannelRead(AbstractChannelHandlerContext.java:355)\n\tat io.netty.channel.DefaultChannelPipeline$HeadContext.channelRead(DefaultChannelPipeline.java:1429)\n\tat io.netty.channel.DefaultChannelPipeline.fireChannelRead(DefaultChannelPipeline.java:918)\n\tat io.netty.channel.nio.AbstractNioByteChannel$NioByteUnsafe.read(AbstractNioByteChannel.java:176)\n\tat io.netty.channel.nio.AbstractNioChannel$AbstractNioUnsafe.handle(AbstractNioChannel.java:445)\n\tat io.netty.channel.nio.NioIoHandler$DefaultNioRegistration.handle(NioIoHandler.java:388)\n\tat io.netty.channel.nio.NioIoHandler.processSelectedKey(NioIoHandler.java:596)\n\tat io.netty.channel.nio.NioIoHandler.processSelectedKeysOptimized(NioIoHandler.java:571)\n\tat io.netty.channel.nio.NioIoHandler.processSelectedKeys(NioIoHandler.java:512)\n\tat io.netty.channel.nio.NioIoHandler.run(NioIoHandler.java:484)\n\tat io.netty.channel.SingleThreadIoEventLoop.runIo(SingleThreadIoEventLoop.java:225)\n\tat io.netty.channel.SingleThreadIoEventLoop.run(SingleThreadIoEventLoop.java:196)\n\tat io.netty.util.concurrent.SingleThreadEventExecutor$5.run(SingleThreadEventExecutor.java:1195)\n\tat io.netty.util.internal.ThreadExecutorMap$2.run(ThreadExecutorMap.java:74)\n\tat io.netty.util.concurrent.FastThreadLocalRunnable.run(FastThreadLocalRunnable.java:30)\n\tat java.lang.Thread.run(Thread.java:1564)\n"}}
[2026-06-14T09:32:20.724Z] [ALL] 06-14 15:02:17.772 10725 10763 I appium  : channel read: POST /session/e97b7abb-6aa8-4e9c-b8b4-b3047c3ed272/element
[2026-06-14T09:32:20.724Z] [ALL] 06-14 15:02:17.773 10725 10763 I appium  : FindElement command
[2026-06-14T09:32:20.742Z] [ALL] 06-14 15:02:17.774 10725 10763 I appium  : method: 'xpath', selector: '//*[@resource-id="otp_input_field" or @content-desc="otp_input_field"]'
[2026-06-14T09:32:20.742Z] [ALL] 06-14 15:02:17.774 10725 10763 I appium  : Waiting up to 10000ms for the device to idle
[2026-06-14T09:32:20.742Z] [ALL] 06-14 15:02:17.775 10725 10763 I appium  : The following attributes will be included to the page source: [resource-id, content-desc]
[2026-06-14T09:32:20.962Z] [ALL] 06-14 15:02:18.012  1486  1729 D WifiStaIfaceHidlImpl: getCachedScanData is not implemented by HIDL
[2026-06-14T09:32:21.006Z] [ALL] 06-14 15:02:18.019  1486  3494 D SemWifiUsabilityStatsMonitor: onWifiUsabilityStats - seqNum 22848, isSameBssidAndFreq true
[2026-06-14T09:32:21.006Z] [ALL] 06-14 15:02:18.020  2072  2072 I EPDG-0 [WifiProfiler]: handleWifiRssiIntent, rssi=-54
[2026-06-14T09:32:21.006Z] [ALL] 06-14 15:02:18.020  2072  2072 I EPDG-0 [WifiProfiler]: isProfiling, hash=189204772, started=true
[2026-06-14T09:32:21.006Z] [ALL] 06-14 15:02:18.020  2072  2072 I EPDG-0 [LogMetrics]: set, type=WIFI_RSSI_LAST, value=-54
[2026-06-14T09:32:21.006Z] [ALL] 06-14 15:02:18.020  2072  2072 I EPDG-0 [WifiProfiler]: isProfiling, hash=189204772, started=true
[2026-06-14T09:32:21.006Z] [ALL] 06-14 15:02:18.022  2072  2072 I EPDG-0 [WifiProfiler]: Rssi : -54 highrange : -75 lowrange : -85 mIsRssiInHystersis : false
[2026-06-14T09:32:21.006Z] [ALL] 06-14 15:02:18.022  2072  2072 I EPDG-0 [WifiProfiler]: Rssi : -54 highrange : -75 lowrange : -85 mIsRssiInHystersis : false
[2026-06-14T09:32:21.006Z] [ALL] 06-14 15:02:18.022  2072  2072 I EPDG-0 [Subscription]: isEpdgAvailable, IwlanPsState=2/2
[2026-06-14T09:32:21.006Z] [ALL] 06-14 15:02:18.022  2072  2072 I EPDG-0 [WifiProfiler]: getHandoverThresholdMet: value is: false
[2026-06-14T09:32:21.006Z] [ALL] 06-14 15:02:18.029 10725 10763 I appium  : Took 0ms to retrieve 0 matches for '//*[@resource-id="otp_input_field" or @content-desc="otp_input_field"]' XPath2 query
[2026-06-14T09:32:21.006Z] [ALL] 06-14 15:02:18.031 10725 10763 I appium  : AppiumResponse: {"sessionId":"e97b7abb-6aa8-4e9c-b8b4-b3047c3ed272","value":{"error":"no such element","message":"An element could not be located on the page using the given search parameters","stacktrace":"io.appium.uiautomator2.common.exceptions.ElementNotFoundException: An element could not be located on the page using the given search parameters\n\tat io.appium.uiautomator2.utils.ElementLocationHelpers.findElement(ElementLocationHelpers.java:153)\n\tat io.appium.uiautomator2.handler.FindElement.safeHandle(FindElement.java:60)\n\tat io.appium.uiautomator2.handler.request.SafeRequestHandler.handle(SafeRequestHandler.java:59)\n\tat io.appium.uiautomator2.server.AppiumServlet.handleRequest(AppiumServlet.java:267)\n\tat io.appium.uiautomator2.server.AppiumServlet.handleHttpRequest(AppiumServlet.java:261)\n\tat io.appium.uiautomator2.http.ServerHandler.channelRead(ServerHandler.java:77)\n\tat io.netty.channel.AbstractChannelHandlerContext.fireChannelRead(AbstractChannelHandlerContext.java:357)\n\tat io.netty.handler.codec.MessageToMessageDecoder.channelRead(MessageToMessageDecoder.java:107)\n\tat io.netty.channel.AbstractChannelHandlerContext.fireChannelRead(AbstractChannelHandlerContext.java:357)\n\tat io.netty.channel.CombinedChannelDuplexHandler$DelegatingChannelHandlerContext.fireChannelRead(CombinedChannelDuplexHandler.java:434)\n\tat io.netty.handler.codec.ByteToMessageDecoder.fireChannelRead(ByteToMessageDecoder.java:361)\n\tat io.netty.handler.codec.ByteToMessageDecoder.channelRead(ByteToMessageDecoder.java:325)\n\tat io.netty.channel.CombinedChannelDuplexHandler.channelRead(CombinedChannelDuplexHandler.java:249)\n\tat io.netty.channel.AbstractChannelHandlerContext.fireChannelRead(AbstractChannelHandlerContext.java:355)\n\tat io.netty.handler.timeout.IdleStateHandler.channelRead(IdleStateHandler.java:288)\n\tat io.netty.channel.AbstractChannelHandlerContext.fireChannelRead(AbstractChannelHandlerContext.java:355)\n\tat io.netty.channel.DefaultChannelPipeline$HeadContext.channelRead(DefaultChannelPipeline.java:1429)\n\tat io.netty.channel.DefaultChannelPipeline.fireChannelRead(DefaultChannelPipeline.java:918)\n\tat io.netty.channel.nio.AbstractNioByteChannel$NioByteUnsafe.read(AbstractNioByteChannel.java:176)\n\tat io.netty.channel.nio.AbstractNioChannel$AbstractNioUnsafe.handle(AbstractNioChannel.java:445)\n\tat io.netty.channel.nio.NioIoHandler$DefaultNioRegistration.handle(NioIoHandler.java:388)\n\tat io.netty.channel.nio.NioIoHandler.processSelectedKey(NioIoHandler.java:596)\n\tat io.netty.channel.nio.NioIoHandler.processSelectedKeysOptimized(NioIoHandler.java:571)\n\tat io.netty.channel.nio.NioIoHandler.processSelectedKeys(NioIoHandler.java:512)\n\tat io.netty.channel.nio.NioIoHandler.run(NioIoHandler.java:484)\n\tat io.netty.channel.SingleThreadIoEventLoop.runIo(SingleThreadIoEventLoop.java:225)\n\tat io.netty.channel.SingleThreadIoEventLoop.run(SingleThreadIoEventLoop.java:196)\n\tat io.netty.util.concurrent.SingleThreadEventExecutor$5.run(SingleThreadEventExecutor.java:1195)\n\tat io.netty.util.internal.ThreadExecutorMap$2.run(ThreadExecutorMap.java:74)\n\tat io.netty.util.concurrent.FastThreadLocalRunnable.run(FastThreadLocalRunnable.java:30)\n\tat java.lang.Thread.run(Thread.java:1564)\n"}}
[2026-06-14T09:32:21.006Z] [ALL] 06-14 15:02:18.036  2619  2727 I HoneySpace.StatusIconTracker: invokeEvent() called with: event = Wifi(visible=true, resId=2114459827, activityId=2114459831)
[2026-06-14T09:32:21.029Z] [ALL] 06-14 15:02:18.051  1149  1280 I SurfaceFlinger: Current= 60, Period= 60, hwcPeriod= 60
[2026-06-14T09:32:21.029Z] [ALL] 06-14 15:02:18.057  1149  1317 D SurfaceFlinger: setDesiredMode 4633128672291736000 {mode={fps=120.00 Hz, modePtr={id=0, vsyncRate=120.00 Hz, peakRefreshRate=120.00 Hz}}, emitEvent=false, force=false}
[2026-06-14T09:32:21.029Z] [ALL] 06-14 15:02:18.060  1149  1149 I SurfaceFlinger: No layers with votes - choose 120.00 Hz
[2026-06-14T09:32:21.029Z] [ALL] 06-14 15:02:18.060  1149  1149 D SurfaceFlinger: initiateModeChange 4633128672291736000 {mode={fps=120.00 Hz, modePtr={id=0, vsyncRate=120.00 Hz, peakRefreshRate=120.00 Hz}}, emitEvent=false, force=false}
[2026-06-14T09:32:21.029Z] [ALL] 06-14 15:02:18.060  1149  1149 I SurfaceFlinger: [4633128672291736000] ActiveConfigToHWC, ID : 3
[2026-06-14T09:32:21.030Z] [ALL] 06-14 15:02:18.062  1062 15192 D display : setActiveConfigWithConstraints:: PrimaryDisplay config(3)
[2026-06-14T09:32:21.030Z] [ALL] 06-14 15:02:18.062  1062 15192 I display : Current VRR MODE is 3
[2026-06-14T09:32:21.030Z] [ALL] 06-14 15:02:18.062  1062 15192 I display : setActiveConfigWithConstraints:: HFR match - config: 3, base: 3, try: 1
[2026-06-14T09:32:21.030Z] [ALL] 06-14 15:02:18.062  1062 15192 I display : setActiveConfigWithConstraints::update 1080x2340@120hs
[2026-06-14T09:32:21.030Z] [ALL] 06-14 15:02:18.063  1062 15192 I display : commit modeset : 1080x2340@120hs
[2026-06-14T09:32:21.030Z] [ALL] 06-14 15:02:18.076 10725 10763 I appium  : channel read: POST /session/e97b7abb-6aa8-4e9c-b8b4-b3047c3ed272/element
[2026-06-14T09:32:21.030Z] [ALL] 06-14 15:02:18.077 10725 10763 I appium  : FindElement command
[2026-06-14T09:32:21.030Z] [ALL] 06-14 15:02:18.078 10725 10763 I appium  : method: 'xpath', selector: '//*[@resource-id="otp_input_field" or @content-desc="otp_input_field"]'
[2026-06-14T09:32:21.030Z] [ALL] 06-14 15:02:18.078 10725 10763 I appium  : Waiting up to 10000ms for the device to idle
[2026-06-14T09:32:21.030Z] [ALL] 06-14 15:02:18.080 10725 10763 I appium  : The following attributes will be included to the page source: [resource-id, content-desc]
[2026-06-14T09:32:21.052Z] [ALL] 06-14 15:02:18.084  1062 15192 W display : deliverWinConfigData:: commit modeset time (20 ms)
[2026-06-14T09:32:21.052Z] [ALL] 06-14 15:02:18.085  1062  1159 I display : [compareVsyncPeriod] set the lowest(mode:0) vsync 83 of display(0)
[2026-06-14T09:32:21.052Z] [ALL] 06-14 15:02:18.085  1062  1159 I display : getFpsForPerformance, performance table found using table(key:120, cpu:255)
[2026-06-14T09:32:21.052Z] [ALL] 06-14 15:02:18.085  1062  1159 I display : Set m2mMPP capacity(4) for fps(120)
[2026-06-14T09:32:21.052Z] [ALL] 06-14 15:02:18.085  1062  1159 I display : getFpsForPerformance, performance table found using table(key:120, cpu:255)
[2026-06-14T09:32:21.052Z] [ALL] 06-14 15:02:18.085  1062  1159 I display : Set Affinity config for fps(120) : cpuIDs : 255
[2026-06-14T09:32:21.052Z] [ALL] 06-14 15:02:18.085  1062  1159 I display : Set Affinity CPU ID : 0
[2026-06-14T09:32:21.052Z] [ALL] 06-14 15:02:18.085  1062  1159 I display : Set Affinity CPU ID : 1
[2026-06-14T09:32:21.052Z] [ALL] 06-14 15:02:18.086  1062  1159 I display : Set Affinity CPU ID : 2
[2026-06-14T09:32:21.052Z] [ALL] 06-14 15:02:18.086  1062  1159 I display : Set Affinity CPU ID : 3
[2026-06-14T09:32:21.052Z] [ALL] 06-14 15:02:18.086  1062  1159 I display : Set Affinity CPU ID : 4
[2026-06-14T09:32:21.052Z] [ALL] 06-14 15:02:18.086  1062  1159 I display : Set Affinity CPU ID : 5
[2026-06-14T09:32:21.052Z] [ALL] 06-14 15:02:18.086  1062  1159 I display : Set Affinity CPU ID : 6
[2026-06-14T09:32:21.052Z] [ALL] 06-14 15:02:18.086  1062  1159 I display : Set Affinity CPU ID : 7
[2026-06-14T09:32:21.052Z] [ALL] 06-14 15:02:18.086  1062  1159 I display : Set affinity HWC : 1062
[2026-06-14T09:32:21.052Z] [ALL] 06-14 15:02:18.086  1062  1159 I display : CPU set : Cluster(0), min_clock(0)
[2026-06-14T09:32:21.052Z] [ALL] 06-14 15:02:18.086  1062  1159 I display : CPU set : Cluster(1), min_clock(0)
[2026-06-14T09:32:21.052Z] [ALL] 06-14 15:02:18.086  1062  1159 I display : CPU set : Cluster(2), min_clock(0)
[2026-06-14T09:32:21.052Z] [ALL] 06-14 15:02:18.087  1149  1280 I SurfaceFlinger: Current= 60, Period= 120, hwcPeriod= 120
[2026-06-14T09:32:21.052Z] [ALL] 06-14 15:02:18.088  1149  1149 I SurfaceFlinger: finalizeDisplayModeChange 4633128672291736000
[2026-06-14T09:32:21.256Z] [ALL] 06-14 15:02:18.310  1149  1317 D SurfaceFlinger: setDesiredMode 4633128672291736000 {mode={fps=60.00 Hz, modePtr={id=1, vsyncRate=60.00 Hz, peakRefreshRate=60.00 Hz}}, emitEvent=false, force=false}
[2026-06-14T09:32:21.289Z] [ALL] 06-14 15:02:18.312  1149  1149 I SurfaceFlinger: StatusBar$_2112#94 voted NoVote (0.00 Hz)
[2026-06-14T09:32:21.289Z] [ALL] 06-14 15:02:18.312  1149  1149 I SurfaceFlinger: IdleFps - choose 60.00 Hz
[2026-06-14T09:32:21.289Z] [ALL] 06-14 15:02:18.313  1149  1149 D SurfaceFlinger: initiateModeChange 4633128672291736000 {mode={fps=60.00 Hz, modePtr={id=1, vsyncRate=60.00 Hz, peakRefreshRate=60.00 Hz}}, emitEvent=false, force=false}
[2026-06-14T09:32:21.289Z] [ALL] 06-14 15:02:18.313  1149  1149 I SurfaceFlinger: [4633128672291736000] ActiveConfigToHWC, ID : 4
[2026-06-14T09:32:21.289Z] [ALL] 06-14 15:02:18.314  1149  1280 I SurfaceFlinger: Current= 120, Period= 60, hwcPeriod= 120
[2026-06-14T09:32:21.289Z] [ALL] 06-14 15:02:18.317  1149  1280 I SurfaceFlinger: Current= 120, Period= 60, hwcPeriod= 120
[2026-06-14T09:32:21.289Z] [ALL] 06-14 15:02:18.317  1062 15192 D display : setActiveConfigWithConstraints:: PrimaryDisplay config(4)
[2026-06-14T09:32:21.289Z] [ALL] 06-14 15:02:18.317  1062 15192 I display : Current VRR MODE is 3
[2026-06-14T09:32:21.289Z] [ALL] 06-14 15:02:18.317  1062 15192 I display : setActiveConfigWithConstraints:: HFR match - config: 5, base: 4, try: 0
[2026-06-14T09:32:21.289Z] [ALL] 06-14 15:02:18.317  1062 15192 I display : setActiveConfigWithConstraints::update 1080x2340@60phs
[2026-06-14T09:32:21.289Z] [ALL] 06-14 15:02:18.317  1062 15192 I display : commit modeset : 1080x2340@60phs
[2026-06-14T09:32:21.289Z] [ALL] 06-14 15:02:18.318 10725 10763 I appium  : Took 0ms to retrieve 0 matches for '//*[@resource-id="otp_input_field" or @content-desc="otp_input_field"]' XPath2 query
[2026-06-14T09:32:21.289Z] [ALL] 06-14 15:02:18.319 10725 10763 I appium  : AppiumResponse: {"sessionId":"e97b7abb-6aa8-4e9c-b8b4-b3047c3ed272","value":{"error":"no such element","message":"An element could not be located on the page using the given search parameters","stacktrace":"io.appium.uiautomator2.common.exceptions.ElementNotFoundException: An element could not be located on the page using the given search parameters\n\tat io.appium.uiautomator2.utils.ElementLocationHelpers.findElement(ElementLocationHelpers.java:153)\n\tat io.appium.uiautomator2.handler.FindElement.safeHandle(FindElement.java:60)\n\tat io.appium.uiautomator2.handler.request.SafeRequestHandler.handle(SafeRequestHandler.java:59)\n\tat io.appium.uiautomator2.server.AppiumServlet.handleRequest(AppiumServlet.java:267)\n\tat io.appium.uiautomator2.server.AppiumServlet.handleHttpRequest(AppiumServlet.java:261)\n\tat io.appium.uiautomator2.http.ServerHandler.channelRead(ServerHandler.java:77)\n\tat io.netty.channel.AbstractChannelHandlerContext.fireChannelRead(AbstractChannelHandlerContext.java:357)\n\tat io.netty.handler.codec.MessageToMessageDecoder.channelRead(MessageToMessageDecoder.java:107)\n\tat io.netty.channel.AbstractChannelHandlerContext.fireChannelRead(AbstractChannelHandlerContext.java:357)\n\tat io.netty.channel.CombinedChannelDuplexHandler$DelegatingChannelHandlerContext.fireChannelRead(CombinedChannelDuplexHandler.java:434)\n\tat io.netty.handler.codec.ByteToMessageDecoder.fireChannelRead(ByteToMessageDecoder.java:361)\n\tat io.netty.handler.codec.ByteToMessageDecoder.channelRead(ByteToMessageDecoder.java:325)\n\tat io.netty.channel.CombinedChannelDuplexHandler.channelRead(CombinedChannelDuplexHandler.java:249)\n\tat io.netty.channel.AbstractChannelHandlerContext.fireChannelRead(AbstractChannelHandlerContext.java:355)\n\tat io.netty.handler.timeout.IdleStateHandler.channelRead(IdleStateHandler.java:288)\n\tat io.netty.channel.AbstractChannelHandlerContext.fireChannelRead(AbstractChannelHandlerContext.java:355)\n\tat io.netty.channel.DefaultChannelPipeline$HeadContext.channelRead(DefaultChannelPipeline.java:1429)\n\tat io.netty.channel.DefaultChannelPipeline.fireChannelRead(DefaultChannelPipeline.java:918)\n\tat io.netty.channel.nio.AbstractNioByteChannel$NioByteUnsafe.read(AbstractNioByteChannel.java:176)\n\tat io.netty.channel.nio.AbstractNioChannel$AbstractNioUnsafe.handle(AbstractNioChannel.java:445)\n\tat io.netty.channel.nio.NioIoHandler$DefaultNioRegistration.handle(NioIoHandler.java:388)\n\tat io.netty.channel.nio.NioIoHandler.processSelectedKey(NioIoHandler.java:596)\n\tat io.netty.channel.nio.NioIoHandler.processSelectedKeysOptimized(NioIoHandler.java:571)\n\tat io.netty.channel.nio.NioIoHandler.processSelectedKeys(NioIoHandler.java:512)\n\tat io.netty.channel.nio.NioIoHandler.run(NioIoHandler.java:484)\n\tat io.netty.channel.SingleThreadIoEventLoop.runIo(SingleThreadIoEventLoop.java:225)\n\tat io.netty.channel.SingleThreadIoEventLoop.run(SingleThreadIoEventLoop.java:196)\n\tat io.netty.util.concurrent.SingleThreadEventExecutor$5.run(SingleThreadEventExecutor.java:1195)\n\tat io.netty.util.internal.ThreadExecutorMap$2.run(ThreadExecutorMap.java:74)\n\tat io.netty.util.concurrent.FastThreadLocalRunnable.run(FastThreadLocalRunnable.java:30)\n\tat java.lang.Thread.run(Thread.java:1564)\n"}}
[2026-06-14T09:32:21.289Z] [ALL] 06-14 15:02:18.334  1062 15192 W display : deliverWinConfigData:: commit modeset time (16 ms)
[2026-06-14T09:32:21.305Z] [ALL] 06-14 15:02:18.335  1062  1159 I display : [compareVsyncPeriod] set the lowest(mode:0) vsync 166 of display(0)
[2026-06-14T09:32:21.305Z] [ALL] 06-14 15:02:18.335  1062  1159 I display : getFpsForPerformance, performance table found using table(key:60, cpu:255)
[2026-06-14T09:32:21.305Z] [ALL] 06-14 15:02:18.335  1062  1159 I display : Set m2mMPP capacity(8) for fps(60)
[2026-06-14T09:32:21.305Z] [ALL] 06-14 15:02:18.335  1062  1159 I display : getFpsForPerformance, performance table found using table(key:60, cpu:255)
[2026-06-14T09:32:21.305Z] [ALL] 06-14 15:02:18.335  1062  1159 I display : Set Affinity config for fps(60) : cpuIDs : 255
[2026-06-14T09:32:21.305Z] [ALL] 06-14 15:02:18.335  1062  1159 I display : Set Affinity CPU ID : 0
[2026-06-14T09:32:21.305Z] [ALL] 06-14 15:02:18.335  1062  1159 I display : Set Affinity CPU ID : 1
[2026-06-14T09:32:21.305Z] [ALL] 06-14 15:02:18.335  1062  1159 I display : Set Affinity CPU ID : 2
[2026-06-14T09:32:21.305Z] [ALL] 06-14 15:02:18.335  1062  1159 I display : Set Affinity CPU ID : 3
[2026-06-14T09:32:21.305Z] [ALL] 06-14 15:02:18.335  1062  1159 I display : Set Affinity CPU ID : 4
[2026-06-14T09:32:21.305Z] [ALL] 06-14 15:02:18.335  1062  1159 I display : Set Affinity CPU ID : 5
[2026-06-14T09:32:21.305Z] [ALL] 06-14 15:02:18.335  1062  1159 I display : Set Affinity CPU ID : 6
[2026-06-14T09:32:21.305Z] [ALL] 06-14 15:02:18.335  1062  1159 I display : Set Affinity CPU ID : 7
[2026-06-14T09:32:21.305Z] [ALL] 06-14 15:02:18.335  1062  1159 I display : Set affinity HWC : 1062
[2026-06-14T09:32:21.305Z] [ALL] 06-14 15:02:18.335  1062  1159 I display : CPU set : Cluster(0), min_clock(0)
[2026-06-14T09:32:21.305Z] [ALL] 06-14 15:02:18.335  1062  1159 I display : CPU set : Cluster(1), min_clock(0)
[2026-06-14T09:32:21.305Z] [ALL] 06-14 15:02:18.335  1062  1159 I display : CPU set : Cluster(2), min_clock(0)
[2026-06-14T09:32:21.305Z] [ALL] 06-14 15:02:18.336  1149  1280 I SurfaceFlinger: Current= 120, Period= 60, hwcPeriod= 60
[2026-06-14T09:32:21.305Z] [ALL] 06-14 15:02:18.337  1149  1149 D SurfaceFlinger: GPIS:: requestGpisForSFSluggish
[2026-06-14T09:32:21.305Z] [ALL] 06-14 15:02:18.337  1149  1149 I SurfaceFlinger: finalizeDisplayModeChange 4633128672291736000
[2026-06-14T09:32:21.479Z] [ALL] 06-14 15:02:18.539  1486  1828 I SemWifiServiceDetector: Service det. suspended: T / T / 19967
[2026-06-14T09:32:21.856Z] [ALL] 06-14 15:02:18.869 10725 10763 I appium  : channel read: POST /session/e97b7abb-6aa8-4e9c-b8b4-b3047c3ed272/element
[2026-06-14T09:32:21.872Z] [ALL] 06-14 15:02:18.870 10725 10763 I appium  : FindElement command
[2026-06-14T09:32:21.872Z] [ALL] 06-14 15:02:18.871 10725 10763 I appium  : method: 'xpath', selector: '//*[@resource-id="otp_input_field" or @content-desc="otp_input_field"]'
[2026-06-14T09:32:21.872Z] [ALL] 06-14 15:02:18.871 10725 10763 I appium  : Waiting up to 10000ms for the device to idle
[2026-06-14T09:32:21.872Z] [ALL] 06-14 15:02:18.873 10725 10763 I appium  : The following attributes will be included to the page source: [resource-id, content-desc]
[2026-06-14T09:32:21.872Z] [ALL] 06-14 15:02:18.879 10725 10729 I tomator2.server: Method exceeds compiler instruction limit: 19260 in java_cup.runtime.Symbol org.eclipse.wst.xml.xpath2.processor.internal.CUP$XPathCup$actions.CUP$XPathCup$do_action(int, java_cup.runtime.lr_parser, java.util.Stack, int)
[2026-06-14T09:32:22.315Z] [ALL] 06-14 15:02:19.113 10725 10763 I appium  : Took 0ms to retrieve 0 matches for '//*[@resource-id="otp_input_field" or @content-desc="otp_input_field"]' XPath2 query
[2026-06-14T09:32:22.448Z] [ALL] 06-14 15:02:19.114 10725 10763 I appium  : AppiumResponse: {"sessionId":"e97b7abb-6aa8-4e9c-b8b4-b3047c3ed272","value":{"error":"no such element","message":"An element could not be located on the page using the given search parameters","stacktrace":"io.appium.uiautomator2.common.exceptions.ElementNotFoundException: An element could not be located on the page using the given search parameters\n\tat io.appium.uiautomator2.utils.ElementLocationHelpers.findElement(ElementLocationHelpers.java:153)\n\tat io.appium.uiautomator2.handler.FindElement.safeHandle(FindElement.java:60)\n\tat io.appium.uiautomator2.handler.request.SafeRequestHandler.handle(SafeRequestHandler.java:59)\n\tat io.appium.uiautomator2.server.AppiumServlet.handleRequest(AppiumServlet.java:267)\n\tat io.appium.uiautomator2.server.AppiumServlet.handleHttpRequest(AppiumServlet.java:261)\n\tat io.appium.uiautomator2.http.ServerHandler.channelRead(ServerHandler.java:77)\n\tat io.netty.channel.AbstractChannelHandlerContext.fireChannelRead(AbstractChannelHandlerContext.java:357)\n\tat io.netty.handler.codec.MessageToMessageDecoder.channelRead(MessageToMessageDecoder.java:107)\n\tat io.netty.channel.AbstractChannelHandlerContext.fireChannelRead(AbstractChannelHandlerContext.java:357)\n\tat io.netty.channel.CombinedChannelDuplexHandler$DelegatingChannelHandlerContext.fireChannelRead(CombinedChannelDuplexHandler.java:434)\n\tat io.netty.handler.codec.ByteToMessageDecoder.fireChannelRead(ByteToMessageDecoder.java:361)\n\tat io.netty.handler.codec.ByteToMessageDecoder.channelRead(ByteToMessageDecoder.java:325)\n\tat io.netty.channel.CombinedChannelDuplexHandler.channelRead(CombinedChannelDuplexHandler.java:249)\n\tat io.netty.channel.AbstractChannelHandlerContext.fireChannelRead(AbstractChannelHandlerContext.java:355)\n\tat io.netty.handler.timeout.IdleStateHandler.channelRead(IdleStateHandler.java:288)\n\tat io.netty.channel.AbstractChannelHandlerContext.fireChannelRead(AbstractChannelHandlerContext.java:355)\n\tat io.netty.channel.DefaultChannelPipeline$HeadContext.channelRead(DefaultChannelPipeline.java:1429)\n\tat io.netty.channel.DefaultChannelPipeline.fireChannelRead(DefaultChannelPipeline.java:918)\n\tat io.netty.channel.nio.AbstractNioByteChannel$NioByteUnsafe.read(AbstractNioByteChannel.java:176)\n\tat io.netty.channel.nio.AbstractNioChannel$AbstractNioUnsafe.handle(AbstractNioChannel.java:445)\n\tat io.netty.channel.nio.NioIoHandler$DefaultNioRegistration.handle(NioIoHandler.java:388)\n\tat io.netty.channel.nio.NioIoHandler.processSelectedKey(NioIoHandler.java:596)\n\tat io.netty.channel.nio.NioIoHandler.processSelectedKeysOptimized(NioIoHandler.java:571)\n\tat io.netty.channel.nio.NioIoHandler.processSelectedKeys(NioIoHandler.java:512)\n\tat io.netty.channel.nio.NioIoHandler.run(NioIoHandler.java:484)\n\tat io.netty.channel.SingleThreadIoEventLoop.runIo(SingleThreadIoEventLoop.java:225)\n\tat io.netty.channel.SingleThreadIoEventLoop.run(SingleThreadIoEventLoop.java:196)\n\tat io.netty.util.concurrent.SingleThreadEventExecutor$5.run(SingleThreadEventExecutor.java:1195)\n\tat io.netty.util.internal.ThreadExecutorMap$2.run(ThreadExecutorMap.java:74)\n\tat io.netty.util.concurrent.FastThreadLocalRunnable.run(FastThreadLocalRunnable.java:30)\n\tat java.lang.Thread.run(Thread.java:1564)\n"}}
[2026-06-14T09:32:22.448Z] [ALL] 06-14 15:02:19.335   747   747 D io_stats: !@   8,0 r 79732179 1572375041 w 12669816 207591360 d 4210557 258731016 f 0 1106437 iot 28680124 0 th 0 0 0 pt 0 inp 0 0 180353.724
[2026-06-14T09:32:22.448Z] [ALL] 06-14 15:02:19.335   747   747 D io_stats: !@ Read_top(KB): ndroid.systemui(2112) 140 id.app.launcher(2619) 120 system_server(1486) 16
[2026-06-14T09:32:22.448Z] [ALL] 06-14 15:02:19.336   747   747 D io_stats: !@ Write_top(KB): kworker/u16:4(31690) 404
[2026-06-14T09:32:22.448Z] [ALL] 06-14 15:02:19.398  1486  1860 D WifiConnectivityMonitor.NetworkStatsAnalyzer: Backhaul result - RSSI:-53, CE:19, PE:19, TI:27, PTI:27, TW:0, PTW:0, Tx:247, Rx:254, TxS:95, RxS:95, RESULT:true, IC:0, ICT:5, WC:0, WCT:5, R:0, RC:0, IE:0, EC:0
[2026-06-14T09:32:22.801Z] [ALL] 06-14 15:02:19.873  1486  2866 D PowerManagerService: [api] setMasterBrightnessLimit : lowerLimit : -1  upperLimit : 503  mMasterBrightnessLimitPeriod : 200 (uid: 1000 pid: 4132)
[2026-06-14T09:32:22.801Z] [ALL] 06-14 15:02:19.874  1486  1556 D PowerManagerService: [api] BrightnessLimitRunnable done
[2026-06-14T09:32:22.846Z] [ALL] 06-14 15:02:19.905 10725 10763 I appium  : channel read: POST /session/e97b7abb-6aa8-4e9c-b8b4-b3047c3ed272/element
[2026-06-14T09:32:22.846Z] [ALL] 06-14 15:02:19.906 10725 10763 I appium  : FindElement command
[2026-06-14T09:32:22.864Z] [ALL] 06-14 15:02:19.907 10725 10763 I appium  : method: 'xpath', selector: '//*[@resource-id="otp_input_field" or @content-desc="otp_input_field"]'
[2026-06-14T09:32:22.864Z] [ALL] 06-14 15:02:19.907 10725 10763 I appium  : Waiting up to 10000ms for the device to idle
[2026-06-14T09:32:22.864Z] [ALL] 06-14 15:02:19.908 10725 10763 I appium  : The following attributes will be included to the page source: [resource-id, content-desc]
[2026-06-14T09:32:22.936Z] [ALL] 06-14 15:02:19.987 10725 10763 I appium  : Took 0ms to retrieve 0 matches for '//*[@resource-id="otp_input_field" or @content-desc="otp_input_field"]' XPath2 query
[2026-06-14T09:32:22.981Z] [ALL] 06-14 15:02:19.989 10725 10763 I appium  : AppiumResponse: {"sessionId":"e97b7abb-6aa8-4e9c-b8b4-b3047c3ed272","value":{"error":"no such element","message":"An element could not be located on the page using the given search parameters","stacktrace":"io.appium.uiautomator2.common.exceptions.ElementNotFoundException: An element could not be located on the page using the given search parameters\n\tat io.appium.uiautomator2.utils.ElementLocationHelpers.findElement(ElementLocationHelpers.java:153)\n\tat io.appium.uiautomator2.handler.FindElement.safeHandle(FindElement.java:60)\n\tat io.appium.uiautomator2.handler.request.SafeRequestHandler.handle(SafeRequestHandler.java:59)\n\tat io.appium.uiautomator2.server.AppiumServlet.handleRequest(AppiumServlet.java:267)\n\tat io.appium.uiautomator2.server.AppiumServlet.handleHttpRequest(AppiumServlet.java:261)\n\tat io.appium.uiautomator2.http.ServerHandler.channelRead(ServerHandler.java:77)\n\tat io.netty.channel.AbstractChannelHandlerContext.fireChannelRead(AbstractChannelHandlerContext.java:357)\n\tat io.netty.handler.codec.MessageToMessageDecoder.channelRead(MessageToMessageDecoder.java:107)\n\tat io.netty.channel.AbstractChannelHandlerContext.fireChannelRead(AbstractChannelHandlerContext.java:357)\n\tat io.netty.channel.CombinedChannelDuplexHandler$DelegatingChannelHandlerContext.fireChannelRead(CombinedChannelDuplexHandler.java:434)\n\tat io.netty.handler.codec.ByteToMessageDecoder.fireChannelRead(ByteToMessageDecoder.java:361)\n\tat io.netty.handler.codec.ByteToMessageDecoder.channelRead(ByteToMessageDecoder.java:325)\n\tat io.netty.channel.CombinedChannelDuplexHandler.channelRead(CombinedChannelDuplexHandler.java:249)\n\tat io.netty.channel.AbstractChannelHandlerContext.fireChannelRead(AbstractChannelHandlerContext.java:355)\n\tat io.netty.handler.timeout.IdleStateHandler.channelRead(IdleStateHandler.java:288)\n\tat io.netty.channel.AbstractChannelHandlerContext.fireChannelRead(AbstractChannelHandlerContext.java:355)\n\tat io.netty.channel.DefaultChannelPipeline$HeadContext.channelRead(DefaultChannelPipeline.java:1429)\n\tat io.netty.channel.DefaultChannelPipeline.fireChannelRead(DefaultChannelPipeline.java:918)\n\tat io.netty.channel.nio.AbstractNioByteChannel$NioByteUnsafe.read(AbstractNioByteChannel.java:176)\n\tat io.netty.channel.nio.AbstractNioChannel$AbstractNioUnsafe.handle(AbstractNioChannel.java:445)\n\tat io.netty.channel.nio.NioIoHandler$DefaultNioRegistration.handle(NioIoHandler.java:388)\n\tat io.netty.channel.nio.NioIoHandler.processSelectedKey(NioIoHandler.java:596)\n\tat io.netty.channel.nio.NioIoHandler.processSelectedKeysOptimized(NioIoHandler.java:571)\n\tat io.netty.channel.nio.NioIoHandler.processSelectedKeys(NioIoHandler.java:512)\n\tat io.netty.channel.nio.NioIoHandler.run(NioIoHandler.java:484)\n\tat io.netty.channel.SingleThreadIoEventLoop.runIo(SingleThreadIoEventLoop.java:225)\n\tat io.netty.channel.SingleThreadIoEventLoop.run(SingleThreadIoEventLoop.java:196)\n\tat io.netty.util.concurrent.SingleThreadEventExecutor$5.run(SingleThreadEventExecutor.java:1195)\n\tat io.netty.util.internal.ThreadExecutorMap$2.run(ThreadExecutorMap.java:74)\n\tat io.netty.util.concurrent.FastThreadLocalRunnable.run(FastThreadLocalRunnable.java:30)\n\tat java.lang.Thread.run(Thread.java:1564)\n"}}
[2026-06-14T09:32:23.528Z] [ALL] 06-14 15:02:20.557 10725 10763 I appium  : channel read: POST /session/e97b7abb-6aa8-4e9c-b8b4-b3047c3ed272/element
[2026-06-14T09:32:23.564Z] [ALL] 06-14 15:02:20.558 10725 10763 I appium  : FindElement command
[2026-06-14T09:32:23.564Z] [ALL] 06-14 15:02:20.559 10725 10763 I appium  : method: 'xpath', selector: '//*[@resource-id="otp_input_field" or @content-desc="otp_input_field"]'
[2026-06-14T09:32:23.564Z] [ALL] 06-14 15:02:20.559 10725 10763 I appium  : Waiting up to 10000ms for the device to idle
[2026-06-14T09:32:23.564Z] [ALL] 06-14 15:02:20.560 10725 10763 I appium  : The following attributes will be included to the page source: [resource-id, content-desc]
[2026-06-14T09:32:23.737Z] [ALL] 06-14 15:02:20.803 10725 10763 I appium  : Took 0ms to retrieve 0 matches for '//*[@resource-id="otp_input_field" or @content-desc="otp_input_field"]' XPath2 query
[2026-06-14T09:32:23.737Z] [ALL] 06-14 15:02:20.805 10725 10763 I appium  : AppiumResponse: {"sessionId":"e97b7abb-6aa8-4e9c-b8b4-b3047c3ed272","value":{"error":"no such element","message":"An element could not be located on the page using the given search parameters","stacktrace":"io.appium.uiautomator2.common.exceptions.ElementNotFoundException: An element could not be located on the page using the given search parameters\n\tat io.appium.uiautomator2.utils.ElementLocationHelpers.findElement(ElementLocationHelpers.java:153)\n\tat io.appium.uiautomator2.handler.FindElement.safeHandle(FindElement.java:60)\n\tat io.appium.uiautomator2.handler.request.SafeRequestHandler.handle(SafeRequestHandler.java:59)\n\tat io.appium.uiautomator2.server.AppiumServlet.handleRequest(AppiumServlet.java:267)\n\tat io.appium.uiautomator2.server.AppiumServlet.handleHttpRequest(AppiumServlet.java:261)\n\tat io.appium.uiautomator2.http.ServerHandler.channelRead(ServerHandler.java:77)\n\tat io.netty.channel.AbstractChannelHandlerContext.fireChannelRead(AbstractChannelHandlerContext.java:357)\n\tat io.netty.handler.codec.MessageToMessageDecoder.channelRead(MessageToMessageDecoder.java:107)\n\tat io.netty.channel.AbstractChannelHandlerContext.fireChannelRead(AbstractChannelHandlerContext.java:357)\n\tat io.netty.channel.CombinedChannelDuplexHandler$DelegatingChannelHandlerContext.fireChannelRead(CombinedChannelDuplexHandler.java:434)\n\tat io.netty.handler.codec.ByteToMessageDecoder.fireChannelRead(ByteToMessageDecoder.java:361)\n\tat io.netty.handler.codec.ByteToMessageDecoder.channelRead(ByteToMessageDecoder.java:325)\n\tat io.netty.channel.CombinedChannelDuplexHandler.channelRead(CombinedChannelDuplexHandler.java:249)\n\tat io.netty.channel.AbstractChannelHandlerContext.fireChannelRead(AbstractChannelHandlerContext.java:355)\n\tat io.netty.handler.timeout.IdleStateHandler.channelRead(IdleStateHandler.java:288)\n\tat io.netty.channel.AbstractChannelHandlerContext.fireChannelRead(AbstractChannelHandlerContext.java:355)\n\tat io.netty.channel.DefaultChannelPipeline$HeadContext.channelRead(DefaultChannelPipeline.java:1429)\n\tat io.netty.channel.DefaultChannelPipeline.fireChannelRead(DefaultChannelPipeline.java:918)\n\tat io.netty.channel.nio.AbstractNioByteChannel$NioByteUnsafe.read(AbstractNioByteChannel.java:176)\n\tat io.netty.channel.nio.AbstractNioChannel$AbstractNioUnsafe.handle(AbstractNioChannel.java:445)\n\tat io.netty.channel.nio.NioIoHandler$DefaultNioRegistration.handle(NioIoHandler.java:388)\n\tat io.netty.channel.nio.NioIoHandler.processSelectedKey(NioIoHandler.java:596)\n\tat io.netty.channel.nio.NioIoHandler.processSelectedKeysOptimized(NioIoHandler.java:571)\n\tat io.netty.channel.nio.NioIoHandler.processSelectedKeys(NioIoHandler.java:512)\n\tat io.netty.channel.nio.NioIoHandler.run(NioIoHandler.java:484)\n\tat io.netty.channel.SingleThreadIoEventLoop.runIo(SingleThreadIoEventLoop.java:225)\n\tat io.netty.channel.SingleThreadIoEventLoop.run(SingleThreadIoEventLoop.java:196)\n\tat io.netty.util.concurrent.SingleThreadEventExecutor$5.run(SingleThreadEventExecutor.java:1195)\n\tat io.netty.util.internal.ThreadExecutorMap$2.run(ThreadExecutorMap.java:74)\n\tat io.netty.util.concurrent.FastThreadLocalRunnable.run(FastThreadLocalRunnable.java:30)\n\tat java.lang.Thread.run(Thread.java:1564)\n"}}
[2026-06-14T09:32:23.994Z] [ALL] 06-14 15:02:21.045  1486  1729 D WifiStaIfaceHidlImpl: getCachedScanData is not implemented by HIDL
[2026-06-14T09:32:24.016Z] [ALL] 06-14 15:02:21.050  1486  3494 D SemWifiUsabilityStatsMonitor: onWifiUsabilityStats - seqNum 22849, isSameBssidAndFreq true
[2026-06-14T09:32:24.016Z] [ALL] 06-14 15:02:21.055  2619  2727 I HoneySpace.StatusIconTracker: invokeEvent() called with: event = Wifi(visible=true, resId=2114459827, activityId=2114459832)
[2026-06-14T09:32:24.016Z] [ALL] 06-14 15:02:21.061  2072  2072 I EPDG-0 [WifiProfiler]: handleWifiRssiIntent, rssi=-55
[2026-06-14T09:32:24.016Z] [ALL] 06-14 15:02:21.061  2072  2072 I EPDG-0 [WifiProfiler]: isProfiling, hash=189204772, started=true
[2026-06-14T09:32:24.016Z] [ALL] 06-14 15:02:21.062  2072  2072 I EPDG-0 [LogMetrics]: set, type=WIFI_RSSI_LAST, value=-55
[2026-06-14T09:32:24.016Z] [ALL] 06-14 15:02:21.062  2072  2072 I EPDG-0 [WifiProfiler]: isProfiling, hash=189204772, started=true
[2026-06-14T09:32:24.016Z] [ALL] 06-14 15:02:21.065  2072  2072 I EPDG-0 [WifiProfiler]: Rssi : -55 highrange : -75 lowrange : -85 mIsRssiInHystersis : false
[2026-06-14T09:32:24.016Z] [ALL] 06-14 15:02:21.065  2072  2072 I EPDG-0 [WifiProfiler]: Rssi : -55 highrange : -75 lowrange : -85 mIsRssiInHystersis : false
[2026-06-14T09:32:24.016Z] [ALL] 06-14 15:02:21.065  2072  2072 I EPDG-0 [Subscription]: isEpdgAvailable, IwlanPsState=2/2
[2026-06-14T09:32:24.016Z] [ALL] 06-14 15:02:21.065  2072  2072 I EPDG-0 [WifiProfiler]: getHandoverThresholdMet: value is: false
[2026-06-14T09:32:24.016Z] [ALL] 06-14 15:02:21.068  1149  1280 I SurfaceFlinger: Current= 60, Period= 60, hwcPeriod= 60
[2026-06-14T09:32:24.024Z] [ALL] 06-14 15:02:21.078  1149  1317 D SurfaceFlinger: setDesiredMode 4633128672291736000 {mode={fps=120.00 Hz, modePtr={id=0, vsyncRate=120.00 Hz, peakRefreshRate=120.00 Hz}}, emitEvent=false, force=false}
[2026-06-14T09:32:24.024Z] [ALL] 06-14 15:02:21.085  1149  1280 I SurfaceFlinger: Current= 60, Period= 120, hwcPeriod= 60
[2026-06-14T09:32:24.030Z] [ALL] 06-14 15:02:21.092  1149  1149 I SurfaceFlinger: SFWD update time=180355481540113
[2026-06-14T09:32:24.030Z] [ALL] 06-14 15:02:21.095  1149  1149 I SurfaceFlinger: StatusBar$_2112#94 voted NoVote (0.00 Hz)
[2026-06-14T09:32:24.030Z] [ALL] 06-14 15:02:21.095  1149  1149 I SurfaceFlinger: No layers with votes - choose 120.00 Hz
[2026-06-14T09:32:24.030Z] [ALL] 06-14 15:02:21.096  1149  1149 D SurfaceFlinger: initiateModeChange 4633128672291736000 {mode={fps=120.00 Hz, modePtr={id=0, vsyncRate=120.00 Hz, peakRefreshRate=120.00 Hz}}, emitEvent=false, force=false}
[2026-06-14T09:32:24.030Z] [ALL] 06-14 15:02:21.096  1149  1149 I SurfaceFlinger: [4633128672291736000] ActiveConfigToHWC, ID : 3
[2026-06-14T09:32:24.032Z] [ALL] 06-14 15:02:21.099  1062 15192 D display : setActiveConfigWithConstraints:: PrimaryDisplay config(3)
[2026-06-14T09:32:24.032Z] [ALL] 06-14 15:02:21.099  1062 15192 I display : Current VRR MODE is 3
[2026-06-14T09:32:24.032Z] [ALL] 06-14 15:02:21.099  1062 15192 I display : setActiveConfigWithConstraints:: HFR match - config: 3, base: 3, try: 1
[2026-06-14T09:32:24.032Z] [ALL] 06-14 15:02:21.099  1062 15192 I display : setActiveConfigWithConstraints::update 1080x2340@120hs
[2026-06-14T09:32:24.032Z] [ALL] 06-14 15:02:21.100  1062 15192 I display : commit modeset : 1080x2340@120hs
[2026-06-14T09:32:24.125Z] [ALL] 06-14 15:02:21.116  1062 15192 W display : deliverWinConfigData:: commit modeset time (16 ms)
[2026-06-14T09:32:24.125Z] [ALL] 06-14 15:02:21.120  1149  1149 I SurfaceFlinger: finalizeDisplayModeChange 4633128672291736000
[2026-06-14T09:32:24.159Z] [ALL] 06-14 15:02:21.128  1062  1159 I display : [compareVsyncPeriod] set the lowest(mode:0) vsync 83 of display(0)
[2026-06-14T09:32:24.159Z] [ALL] 06-14 15:02:21.133  1062  1159 I display : getFpsForPerformance, performance table found using table(key:120, cpu:255)
[2026-06-14T09:32:24.159Z] [ALL] 06-14 15:02:21.134  1062  1159 I display : Set m2mMPP capacity(4) for fps(120)
[2026-06-14T09:32:24.159Z] [ALL] 06-14 15:02:21.134  1062  1159 I display : getFpsForPerformance, performance table found using table(key:120, cpu:255)
[2026-06-14T09:32:24.159Z] [ALL] 06-14 15:02:21.134  1062  1159 I display : Set Affinity config for fps(120) : cpuIDs : 255
[2026-06-14T09:32:24.159Z] [ALL] 06-14 15:02:21.134  1062  1159 I display : Set Affinity CPU ID : 0
[2026-06-14T09:32:24.159Z] [ALL] 06-14 15:02:21.134  1062  1159 I display : Set Affinity CPU ID : 1
[2026-06-14T09:32:24.159Z] [ALL] 06-14 15:02:21.134  1062  1159 I display : Set Affinity CPU ID : 2
[2026-06-14T09:32:24.159Z] [ALL] 06-14 15:02:21.134  1062  1159 I display : Set Affinity CPU ID : 3
[2026-06-14T09:32:24.159Z] [ALL] 06-14 15:02:21.134  1062  1159 I display : Set Affinity CPU ID : 4
[2026-06-14T09:32:24.159Z] [ALL] 06-14 15:02:21.134  1062  1159 I display : Set Affinity CPU ID : 5
[2026-06-14T09:32:24.159Z] [ALL] 06-14 15:02:21.134  1062  1159 I display : Set Affinity CPU ID : 6
[2026-06-14T09:32:24.159Z] [ALL] 06-14 15:02:21.134  1062  1159 I display : Set Affinity CPU ID : 7
[2026-06-14T09:32:24.159Z] [ALL] 06-14 15:02:21.134  1062  1159 I display : Set affinity HWC : 1062
[2026-06-14T09:32:24.159Z] [ALL] 06-14 15:02:21.135  1062  1159 I display : CPU set : Cluster(0), min_clock(0)
[2026-06-14T09:32:24.159Z] [ALL] 06-14 15:02:21.135  1062  1159 I display : CPU set : Cluster(1), min_clock(0)
[2026-06-14T09:32:24.159Z] [ALL] 06-14 15:02:21.135  1062  1159 I display : CPU set : Cluster(2), min_clock(0)
[2026-06-14T09:32:24.159Z] [ALL] 06-14 15:02:21.136  1149  1280 I SurfaceFlinger: Current= 60, Period= 120, hwcPeriod= 120
[2026-06-14T09:32:24.258Z] [ALL] 06-14 15:02:21.267  2228  3094 I TUIThread: epol_call: EPOLL_SKIP
[2026-06-14T09:32:24.410Z] [ALL] 06-14 15:02:21.330  1149  1317 D SurfaceFlinger: setDesiredMode 4633128672291736000 {mode={fps=60.00 Hz, modePtr={id=1, vsyncRate=60.00 Hz, peakRefreshRate=60.00 Hz}}, emitEvent=false, force=false}
[2026-06-14T09:32:24.410Z] [ALL] 06-14 15:02:21.334  1149  1280 I SurfaceFlinger: Current= 120, Period= 60, hwcPeriod= 120
[2026-06-14T09:32:24.410Z] [ALL] 06-14 15:02:21.335  1149  1149 I SurfaceFlinger: StatusBar$_2112#94 voted NoVote (0.00 Hz)
[2026-06-14T09:32:24.410Z] [ALL] 06-14 15:02:21.335  1149  1149 I SurfaceFlinger: IdleFps - choose 60.00 Hz
[2026-06-14T09:32:24.516Z] [ALL] 06-14 15:02:21.335  1149  1149 D SurfaceFlinger: initiateModeChange 4633128672291736000 {mode={fps=60.00 Hz, modePtr={id=1, vsyncRate=60.00 Hz, peakRefreshRate=60.00 Hz}}, emitEvent=false, force=false}
[2026-06-14T09:32:24.516Z] [ALL] 06-14 15:02:21.335  1149  1149 I SurfaceFlinger: [4633128672291736000] ActiveConfigToHWC, ID : 4
[2026-06-14T09:32:24.516Z] [ALL] 06-14 15:02:21.336   747   747 D io_stats: !@   8,0 r 79732179 1572375041 w 12669819 207591512 d 4210557 258731016 f 0 1106437 iot 28680128 0 th 0 0 0 pt 0 inp 0 0 180355.726
[2026-06-14T09:32:24.516Z] [ALL] 06-14 15:02:21.337  1062 15192 D display : setActiveConfigWithConstraints:: PrimaryDisplay config(4)
[2026-06-14T09:32:24.516Z] [ALL] 06-14 15:02:21.337  1062 15192 I display : Current VRR MODE is 3
[2026-06-14T09:32:24.516Z] [ALL] 06-14 15:02:21.337  1062 15192 I display : setActiveConfigWithConstraints:: HFR match - config: 5, base: 4, try: 0
[2026-06-14T09:32:24.516Z] [ALL] 06-14 15:02:21.337  1062 15192 I display : setActiveConfigWithConstraints::update 1080x2340@60phs
[2026-06-14T09:32:24.516Z] [ALL] 06-14 15:02:21.337  1062 15192 I display : commit modeset : 1080x2340@60phs
[2026-06-14T09:32:24.516Z] [ALL] 06-14 15:02:21.341 10725 10763 I appium  : channel read: POST /session/e97b7abb-6aa8-4e9c-b8b4-b3047c3ed272/element
[2026-06-14T09:32:24.516Z] [ALL] 06-14 15:02:21.342 10725 10763 I appium  : FindElement command
[2026-06-14T09:32:24.516Z] [ALL] 06-14 15:02:21.343 10725 10763 I appium  : method: 'xpath', selector: '//*[@resource-id="otp_input_field" or @content-desc="otp_input_field"]'
[2026-06-14T09:32:24.516Z] [ALL] 06-14 15:02:21.343 10725 10763 I appium  : Waiting up to 10000ms for the device to idle
[2026-06-14T09:32:24.516Z] [ALL] 06-14 15:02:21.345 10725 10763 I appium  : The following attributes will be included to the page source: [resource-id, content-desc]
[2026-06-14T09:32:24.516Z] [ALL] 06-14 15:02:21.350  1062 15192 W display : deliverWinConfigData:: commit modeset time (12 ms)
[2026-06-14T09:32:24.516Z] [ALL] 06-14 15:02:21.353  1062  1159 I display : [compareVsyncPeriod] set the lowest(mode:0) vsync 166 of display(0)
[2026-06-14T09:32:24.516Z] [ALL] 06-14 15:02:21.353  1062  1159 I display : getFpsForPerformance, performance table found using table(key:60, cpu:255)
[2026-06-14T09:32:24.516Z] [ALL] 06-14 15:02:21.353  1062  1159 I display : Set m2mMPP capacity(8) for fps(60)
[2026-06-14T09:32:24.516Z] [ALL] 06-14 15:02:21.353  1062  1159 I display : getFpsForPerformance, performance table found using table(key:60, cpu:255)
[2026-06-14T09:32:24.516Z] [ALL] 06-14 15:02:21.353  1062  1159 I display : Set Affinity config for fps(60) : cpuIDs : 255
[2026-06-14T09:32:24.516Z] [ALL] 06-14 15:02:21.353  1062  1159 I display : Set Affinity CPU ID : 0
[2026-06-14T09:32:24.516Z] [ALL] 06-14 15:02:21.353  1062  1159 I display : Set Affinity CPU ID : 1
[2026-06-14T09:32:24.516Z] [ALL] 06-14 15:02:21.353  1062  1159 I display : Set Affinity CPU ID : 2
[2026-06-14T09:32:24.516Z] [ALL] 06-14 15:02:21.353  1062  1159 I display : Set Affinity CPU ID : 3
[2026-06-14T09:32:24.516Z] [ALL] 06-14 15:02:21.353  1062  1159 I display : Set Affinity CPU ID : 4
[2026-06-14T09:32:24.516Z] [ALL] 06-14 15:02:21.353  1062  1159 I display : Set Affinity CPU ID : 5
[2026-06-14T09:32:24.516Z] [ALL] 06-14 15:02:21.353  1062  1159 I display : Set Affinity CPU ID : 6
[2026-06-14T09:32:24.516Z] [ALL] 06-14 15:02:21.353  1062  1159 I display : Set Affinity CPU ID : 7
[2026-06-14T09:32:24.516Z] [ALL] 06-14 15:02:21.353  1149  1149 D SurfaceFlinger: GPIS:: requestGpisForSFSluggish
[2026-06-14T09:32:24.516Z] [ALL] 06-14 15:02:21.354  1149  1149 I SurfaceFlinger: finalizeDisplayModeChange 4633128672291736000
[2026-06-14T09:32:24.516Z] [ALL] 06-14 15:02:21.353  1062  1159 I display : Set affinity HWC : 1062
[2026-06-14T09:32:24.516Z] [ALL] 06-14 15:02:21.357  1062  1159 I display : CPU set : Cluster(0), min_clock(0)
[2026-06-14T09:32:24.516Z] [ALL] 06-14 15:02:21.357  1062  1159 I display : CPU set : Cluster(1), min_clock(0)
[2026-06-14T09:32:24.516Z] [ALL] 06-14 15:02:21.357  1062  1159 I display : CPU set : Cluster(2), min_clock(0)
[2026-06-14T09:32:24.516Z] [ALL] 06-14 15:02:21.357  1149  1280 I SurfaceFlinger: Current= 120, Period= 60, hwcPeriod= 60
[2026-06-14T09:32:24.745Z] [ALL] 06-14 15:02:21.568 10725 10763 I appium  : Took 0ms to retrieve 0 matches for '//*[@resource-id="otp_input_field" or @content-desc="otp_input_field"]' XPath2 query
[2026-06-14T09:32:24.746Z] [ALL] 06-14 15:02:21.569 10725 10763 I appium  : AppiumResponse: {"sessionId":"e97b7abb-6aa8-4e9c-b8b4-b3047c3ed272","value":{"error":"no such element","message":"An element could not be located on the page using the given search parameters","stacktrace":"io.appium.uiautomator2.common.exceptions.ElementNotFoundException: An element could not be located on the page using the given search parameters\n\tat io.appium.uiautomator2.utils.ElementLocationHelpers.findElement(ElementLocationHelpers.java:153)\n\tat io.appium.uiautomator2.handler.FindElement.safeHandle(FindElement.java:60)\n\tat io.appium.uiautomator2.handler.request.SafeRequestHandler.handle(SafeRequestHandler.java:59)\n\tat io.appium.uiautomator2.server.AppiumServlet.handleRequest(AppiumServlet.java:267)\n\tat io.appium.uiautomator2.server.AppiumServlet.handleHttpRequest(AppiumServlet.java:261)\n\tat io.appium.uiautomator2.http.ServerHandler.channelRead(ServerHandler.java:77)\n\tat io.netty.channel.AbstractChannelHandlerContext.fireChannelRead(AbstractChannelHandlerContext.java:357)\n\tat io.netty.handler.codec.MessageToMessageDecoder.channelRead(MessageToMessageDecoder.java:107)\n\tat io.netty.channel.AbstractChannelHandlerContext.fireChannelRead(AbstractChannelHandlerContext.java:357)\n\tat io.netty.channel.CombinedChannelDuplexHandler$DelegatingChannelHandlerContext.fireChannelRead(CombinedChannelDuplexHandler.java:434)\n\tat io.netty.handler.codec.ByteToMessageDecoder.fireChannelRead(ByteToMessageDecoder.java:361)\n\tat io.netty.handler.codec.ByteToMessageDecoder.channelRead(ByteToMessageDecoder.java:325)\n\tat io.netty.channel.CombinedChannelDuplexHandler.channelRead(CombinedChannelDuplexHandler.java:249)\n\tat io.netty.channel.AbstractChannelHandlerContext.fireChannelRead(AbstractChannelHandlerContext.java:355)\n\tat io.netty.handler.timeout.IdleStateHandler.channelRead(IdleStateHandler.java:288)\n\tat io.netty.channel.AbstractChannelHandlerContext.fireChannelRead(AbstractChannelHandlerContext.java:355)\n\tat io.netty.channel.DefaultChannelPipeline$HeadContext.channelRead(DefaultChannelPipeline.java:1429)\n\tat io.netty.channel.DefaultChannelPipeline.fireChannelRead(DefaultChannelPipeline.java:918)\n\tat io.netty.channel.nio.AbstractNioByteChannel$NioByteUnsafe.read(AbstractNioByteChannel.java:176)\n\tat io.netty.channel.nio.AbstractNioChannel$AbstractNioUnsafe.handle(AbstractNioChannel.java:445)\n\tat io.netty.channel.nio.NioIoHandler$DefaultNioRegistration.handle(NioIoHandler.java:388)\n\tat io.netty.channel.nio.NioIoHandler.processSelectedKey(NioIoHandler.java:596)\n\tat io.netty.channel.nio.NioIoHandler.processSelectedKeysOptimized(NioIoHandler.java:571)\n\tat io.netty.channel.nio.NioIoHandler.processSelectedKeys(NioIoHandler.java:512)\n\tat io.netty.channel.nio.NioIoHandler.run(NioIoHandler.java:484)\n\tat io.netty.channel.SingleThreadIoEventLoop.runIo(SingleThreadIoEventLoop.java:225)\n\tat io.netty.channel.SingleThreadIoEventLoop.run(SingleThreadIoEventLoop.java:196)\n\tat io.netty.util.concurrent.SingleThreadEventExecutor$5.run(SingleThreadEventExecutor.java:1195)\n\tat io.netty.util.internal.ThreadExecutorMap$2.run(ThreadExecutorMap.java:74)\n\tat io.netty.util.concurrent.FastThreadLocalRunnable.run(FastThreadLocalRunnable.java:30)\n\tat java.lang.Thread.run(Thread.java:1564)\n"}}
[2026-06-14T09:32:24.792Z] [ALL] 06-14 15:02:21.667  3653  3653 I wpa_supplicant: Heartbeat 5805
[2026-06-14T09:32:24.792Z] [ALL] 06-14 15:02:21.689  1928  2036 D SatelliteController: isInCarrierRoamingNbIotNtn: satellite is disabled
[2026-06-14T09:32:24.792Z] [ALL] 06-14 15:02:21.690  1928  2036 D SatelliteController: getCarrierRoamingNtnConnectType: Falling back to global carrier config connect type: 0
[2026-06-14T09:32:24.792Z] [ALL] 06-14 15:02:21.691  2112  2404 D MobileSignalTransitionManager: updateSignalTransition
[2026-06-14T09:32:24.792Z] [ALL] 06-14 15:02:21.692  2112  2403 D MobileSignalTransitionManager: updateSignalTransition
[2026-06-14T09:32:24.792Z] [ALL] 06-14 15:02:21.696  2619  2727 I HoneySpace.StatusIconTracker: invokeEvent() called with: event = Mobile(bundle=Bundle[mParcelledData.dataSize=256])
[2026-06-14T09:32:24.792Z] [ALL] 06-14 15:02:21.701  1928  2036 D SatelliteController: updateLastNotifiedCarrierRoamingNtnSignalStrengthAndNotify(3)
[2026-06-14T09:32:24.792Z] [ALL] 06-14 15:02:21.702  1928  2036 D SatelliteController: updateLastNotifiedCarrierRoamingNtnSignalStrengthAndNotify(3) lastNotifiedSignalStrength level: 0
[2026-06-14T09:32:24.792Z] [ALL] 06-14 15:02:21.702  1928  2036 D SatelliteController: updateLastNotifiedCarrierRoamingNtnSignalStrengthAndNotify(3) currSignalStrength level: 0
[2026-06-14T09:32:24.792Z] [ALL] 06-14 15:02:21.702  1928  2036 D SatelliteController: isInCarrierRoamingNbIotNtn: satellite is disabled
[2026-06-14T09:32:24.792Z] [ALL] 06-14 15:02:21.703  1928  2036 D SatelliteController: getCarrierRoamingNtnConnectType: Falling back to global carrier config connect type: 0
[2026-06-14T09:32:24.792Z] [ALL] 06-14 15:02:21.704  1928  2036 D SatelliteController: updateLastNotifiedCarrierRoamingNtnSignalStrengthAndNotify(3)
[2026-06-14T09:32:24.792Z] [ALL] 06-14 15:02:21.704  1928  2036 D SatelliteController: updateLastNotifiedCarrierRoamingNtnSignalStrengthAndNotify(3) lastNotifiedSignalStrength level: 0
[2026-06-14T09:32:24.792Z] [ALL] 06-14 15:02:21.704  1928  2036 D SatelliteController: updateLastNotifiedCarrierRoamingNtnSignalStrengthAndNotify(3) currSignalStrength level: 0
[2026-06-14T09:32:24.792Z] [ALL] 06-14 15:02:21.717  1149  1317 D SurfaceFlinger: setDesiredMode 4633128672291736000 {mode={fps=120.00 Hz, modePtr={id=0, vsyncRate=120.00 Hz, peakRefreshRate=120.00 Hz}}, emitEvent=false, force=false}
[2026-06-14T09:32:24.792Z] [ALL] 06-14 15:02:21.719  1149  1280 I SurfaceFlinger: Current= 60, Period= 120, hwcPeriod= 60
[2026-06-14T09:32:24.792Z] [ALL] 06-14 15:02:21.726  1149  1149 I SurfaceFlinger: StatusBar$_2112#94 voted NoVote (0.00 Hz)
[2026-06-14T09:32:24.792Z] [ALL] 06-14 15:02:21.726  1149  1149 I SurfaceFlinger: No layers with votes - choose 120.00 Hz
[2026-06-14T09:32:24.792Z] [ALL] 06-14 15:02:21.726  1149  1149 D SurfaceFlinger: initiateModeChange 4633128672291736000 {mode={fps=120.00 Hz, modePtr={id=0, vsyncRate=120.00 Hz, peakRefreshRate=120.00 Hz}}, emitEvent=false, force=false}
[2026-06-14T09:32:24.792Z] [ALL] 06-14 15:02:21.726  1149  1149 I SurfaceFlinger: [4633128672291736000] ActiveConfigToHWC, ID : 3
[2026-06-14T09:32:24.792Z] [ALL] 06-14 15:02:21.728  1062 15192 D display : setActiveConfigWithConstraints:: PrimaryDisplay config(3)
[2026-06-14T09:32:24.792Z] [ALL] 06-14 15:02:21.728  1062 15192 I display : Current VRR MODE is 3
[2026-06-14T09:32:24.792Z] [ALL] 06-14 15:02:21.728  1062 15192 I display : setActiveConfigWithConstraints:: HFR match - config: 3, base: 3, try: 1
[2026-06-14T09:32:24.792Z] [ALL] 06-14 15:02:21.729  1062 15192 I display : setActiveConfigWithConstraints::update 1080x2340@120hs
[2026-06-14T09:32:24.792Z] [ALL] 06-14 15:02:21.729  1062 15192 I display : commit modeset : 1080x2340@120hs
[2026-06-14T09:32:24.792Z] [ALL] 06-14 15:02:21.751  1062 15192 W display : deliverWinConfigData:: commit modeset time (22 ms)
[2026-06-14T09:32:24.792Z] [ALL] 06-14 15:02:21.752  1062  1159 I display : [compareVsyncPeriod] set the lowest(mode:0) vsync 83 of display(0)
[2026-06-14T09:32:24.792Z] [ALL] 06-14 15:02:21.752  1062  1159 I display : getFpsForPerformance, performance table found using table(key:120, cpu:255)
[2026-06-14T09:32:24.792Z] [ALL] 06-14 15:02:21.752  1062  1159 I display : Set m2mMPP capacity(4) for fps(120)
[2026-06-14T09:32:24.792Z] [ALL] 06-14 15:02:21.752  1062  1159 I display : getFpsForPerformance, performance table found using table(key:120, cpu:255)
[2026-06-14T09:32:24.792Z] [ALL] 06-14 15:02:21.752  1062  1159 I display : Set Affinity config for fps(120) : cpuIDs : 255
[2026-06-14T09:32:24.792Z] [ALL] 06-14 15:02:21.752  1062  1159 I display : Set Affinity CPU ID : 0
[2026-06-14T09:32:24.792Z] [ALL] 06-14 15:02:21.752  1062  1159 I display : Set Affinity CPU ID : 1
[2026-06-14T09:32:24.792Z] [ALL] 06-14 15:02:21.752  1062  1159 I display : Set Affinity CPU ID : 2
[2026-06-14T09:32:24.792Z] [ALL] 06-14 15:02:21.752  1062  1159 I display : Set Affinity CPU ID : 3
[2026-06-14T09:32:24.792Z] [ALL] 06-14 15:02:21.752  1062  1159 I display : Set Affinity CPU ID : 4
[2026-06-14T09:32:24.792Z] [ALL] 06-14 15:02:21.752  1062  1159 I display : Set Affinity CPU ID : 5
[2026-06-14T09:32:24.792Z] [ALL] 06-14 15:02:21.752  1062  1159 I display : Set Affinity CPU ID : 6
[2026-06-14T09:32:24.792Z] [ALL] 06-14 15:02:21.752  1062  1159 I display : Set Affinity CPU ID : 7
[2026-06-14T09:32:24.792Z] [ALL] 06-14 15:02:21.752  1062  1159 I display : Set affinity HWC : 1062
[2026-06-14T09:32:24.792Z] [ALL] 06-14 15:02:21.752  1062  1159 I display : CPU set : Cluster(0), min_clock(0)
[2026-06-14T09:32:24.792Z] [ALL] 06-14 15:02:21.752  1062  1159 I display : CPU set : Cluster(1), min_clock(0)
[2026-06-14T09:32:24.792Z] [ALL] 06-14 15:02:21.752  1062  1159 I display : CPU set : Cluster(2), min_clock(0)
[2026-06-14T09:32:24.792Z] [ALL] 06-14 15:02:21.753  1149  1149 I SurfaceFlinger: finalizeDisplayModeChange 4633128672291736000
[2026-06-14T09:32:24.792Z] [ALL] 06-14 15:02:21.754  1149  1280 I SurfaceFlinger: Current= 60, Period= 120, hwcPeriod= 120
[2026-06-14T09:32:24.923Z] [ALL] 06-14 15:02:21.968  1149  1317 D SurfaceFlinger: setDesiredMode 4633128672291736000 {mode={fps=60.00 Hz, modePtr={id=1, vsyncRate=60.00 Hz, peakRefreshRate=60.00 Hz}}, emitEvent=false, force=false}
[2026-06-14T09:32:24.940Z] [ALL] 06-14 15:02:21.971  1149  1149 I SurfaceFlinger: StatusBar$_2112#94 voted NoVote (0.00 Hz)
[2026-06-14T09:32:24.940Z] [ALL] 06-14 15:02:21.971  1149  1149 I SurfaceFlinger: IdleFps - choose 60.00 Hz
[2026-06-14T09:32:24.940Z] [ALL] 06-14 15:02:21.971  1149  1149 D SurfaceFlinger: initiateModeChange 4633128672291736000 {mode={fps=60.00 Hz, modePtr={id=1, vsyncRate=60.00 Hz, peakRefreshRate=60.00 Hz}}, emitEvent=false, force=false}
[2026-06-14T09:32:24.940Z] [ALL] 06-14 15:02:21.971  1149  1149 I SurfaceFlinger: [4633128672291736000] ActiveConfigToHWC, ID : 4
[2026-06-14T09:32:24.940Z] [ALL] 06-14 15:02:21.973  1149  1280 I SurfaceFlinger: Current= 120, Period= 60, hwcPeriod= 120
[2026-06-14T09:32:24.940Z] [ALL] 06-14 15:02:21.975  1149  1280 I SurfaceFlinger: Current= 120, Period= 60, hwcPeriod= 120
[2026-06-14T09:32:24.940Z] [ALL] 06-14 15:02:21.976  1062 15192 D display : setActiveConfigWithConstraints:: PrimaryDisplay config(4)
[2026-06-14T09:32:24.940Z] [ALL] 06-14 15:02:21.976  1062 15192 I display : Current VRR MODE is 3
[2026-06-14T09:32:24.940Z] [ALL] 06-14 15:02:21.976  1062 15192 I display : setActiveConfigWithConstraints:: HFR match - config: 5, base: 4, try: 0
[2026-06-14T09:32:24.940Z] [ALL] 06-14 15:02:21.976  1062 15192 I display : setActiveConfigWithConstraints::update 1080x2340@60phs
[2026-06-14T09:32:24.940Z] [ALL] 06-14 15:02:21.976  1062 15192 I display : commit modeset : 1080x2340@60phs
[2026-06-14T09:32:24.940Z] [ALL] 06-14 15:02:21.992  1062 15192 W display : deliverWinConfigData:: commit modeset time (16 ms)
[2026-06-14T09:32:24.940Z] [ALL] 06-14 15:02:21.993  1062  1159 I display : [compareVsyncPeriod] set the lowest(mode:0) vsync 166 of display(0)
[2026-06-14T09:32:24.940Z] [ALL] 06-14 15:02:21.993  1062  1159 I display : getFpsForPerformance, performance table found using table(key:60, cpu:255)
[2026-06-14T09:32:24.940Z] [ALL] 06-14 15:02:21.993  1062  1159 I display : Set m2mMPP capacity(8) for fps(60)
[2026-06-14T09:32:24.940Z] [ALL] 06-14 15:02:21.993  1062  1159 I display : getFpsForPerformance, performance table found using table(key:60, cpu:255)
[2026-06-14T09:32:24.940Z] [ALL] 06-14 15:02:21.993  1062  1159 I display : Set Affinity config for fps(60) : cpuIDs : 255
[2026-06-14T09:32:24.940Z] [ALL] 06-14 15:02:21.993  1062  1159 I display : Set Affinity CPU ID : 0
[2026-06-14T09:32:24.940Z] [ALL] 06-14 15:02:21.993  1062  1159 I display : Set Affinity CPU ID : 1
[2026-06-14T09:32:24.940Z] [ALL] 06-14 15:02:21.993  1062  1159 I display : Set Affinity CPU ID : 2
[2026-06-14T09:32:24.940Z] [ALL] 06-14 15:02:21.993  1062  1159 I display : Set Affinity CPU ID : 3
[2026-06-14T09:32:24.940Z] [ALL] 06-14 15:02:21.993  1062  1159 I display : Set Affinity CPU ID : 4
[2026-06-14T09:32:24.940Z] [ALL] 06-14 15:02:21.993  1062  1159 I display : Set Affinity CPU ID : 5
[2026-06-14T09:32:24.940Z] [ALL] 06-14 15:02:21.993  1062  1159 I display : Set Affinity CPU ID : 6
[2026-06-14T09:32:24.940Z] [ALL] 06-14 15:02:21.993  1062  1159 I display : Set Affinity CPU ID : 7
[2026-06-14T09:32:24.940Z] [ALL] 06-14 15:02:21.993  1062  1159 I display : Set affinity HWC : 1062
[2026-06-14T09:32:24.940Z] [ALL] 06-14 15:02:21.994  1062  1159 I display : CPU set : Cluster(0), min_clock(0)
[2026-06-14T09:32:24.940Z] [ALL] 06-14 15:02:21.994  1062  1159 I display : CPU set : Cluster(1), min_clock(0)
[2026-06-14T09:32:24.940Z] [ALL] 06-14 15:02:21.994  1062  1159 I display : CPU set : Cluster(2), min_clock(0)
[2026-06-14T09:32:24.940Z] [ALL] 06-14 15:02:21.994  1149  1149 I SurfaceFlinger: finalizeDisplayModeChange 4633128672291736000
[2026-06-14T09:32:24.940Z] [ALL] 06-14 15:02:21.994  1149  1280 I SurfaceFlinger: Current= 120, Period= 60, hwcPeriod= 60
[2026-06-14T09:32:25.102Z] [ALL] 06-14 15:02:22.152  1486  1856 D SemWifiSwitchForIndividualAppsService: isSkipNetworkCondition - result:2
[2026-06-14T09:32:25.162Z] [ALL] 06-14 15:02:22.201 10725 10763 I appium  : channel read: POST /session/e97b7abb-6aa8-4e9c-b8b4-b3047c3ed272/element
[2026-06-14T09:32:25.162Z] [ALL] 06-14 15:02:22.201 10725 10763 I appium  : FindElement command
[2026-06-14T09:32:25.192Z] [ALL] 06-14 15:02:22.203 10725 10763 I appium  : method: 'xpath', selector: '//*[@resource-id="otp_input_field" or @content-desc="otp_input_field"]'
[2026-06-14T09:32:25.192Z] [ALL] 06-14 15:02:22.203 10725 10763 I appium  : Waiting up to 10000ms for the device to idle
[2026-06-14T09:32:25.192Z] [ALL] 06-14 15:02:22.211 10725 10763 I appium  : The following attributes will be included to the page source: [resource-id, content-desc]
[2026-06-14T09:32:25.417Z] [ALL] 06-14 15:02:22.483 10725 10763 I appium  : Took 0ms to retrieve 0 matches for '//*[@resource-id="otp_input_field" or @content-desc="otp_input_field"]' XPath2 query
[2026-06-14T09:32:25.474Z] [ALL] 06-14 15:02:22.484 10725 10763 I appium  : AppiumResponse: {"sessionId":"e97b7abb-6aa8-4e9c-b8b4-b3047c3ed272","value":{"error":"no such element","message":"An element could not be located on the page using the given search parameters","stacktrace":"io.appium.uiautomator2.common.exceptions.ElementNotFoundException: An element could not be located on the page using the given search parameters\n\tat io.appium.uiautomator2.utils.ElementLocationHelpers.findElement(ElementLocationHelpers.java:153)\n\tat io.appium.uiautomator2.handler.FindElement.safeHandle(FindElement.java:60)\n\tat io.appium.uiautomator2.handler.request.SafeRequestHandler.handle(SafeRequestHandler.java:59)\n\tat io.appium.uiautomator2.server.AppiumServlet.handleRequest(AppiumServlet.java:267)\n\tat io.appium.uiautomator2.server.AppiumServlet.handleHttpRequest(AppiumServlet.java:261)\n\tat io.appium.uiautomator2.http.ServerHandler.channelRead(ServerHandler.java:77)\n\tat io.netty.channel.AbstractChannelHandlerContext.fireChannelRead(AbstractChannelHandlerContext.java:357)\n\tat io.netty.handler.codec.MessageToMessageDecoder.channelRead(MessageToMessageDecoder.java:107)\n\tat io.netty.channel.AbstractChannelHandlerContext.fireChannelRead(AbstractChannelHandlerContext.java:357)\n\tat io.netty.channel.CombinedChannelDuplexHandler$DelegatingChannelHandlerContext.fireChannelRead(CombinedChannelDuplexHandler.java:434)\n\tat io.netty.handler.codec.ByteToMessageDecoder.fireChannelRead(ByteToMessageDecoder.java:361)\n\tat io.netty.handler.codec.ByteToMessageDecoder.channelRead(ByteToMessageDecoder.java:325)\n\tat io.netty.channel.CombinedChannelDuplexHandler.channelRead(CombinedChannelDuplexHandler.java:249)\n\tat io.netty.channel.AbstractChannelHandlerContext.fireChannelRead(AbstractChannelHandlerContext.java:355)\n\tat io.netty.handler.timeout.IdleStateHandler.channelRead(IdleStateHandler.java:288)\n\tat io.netty.channel.AbstractChannelHandlerContext.fireChannelRead(AbstractChannelHandlerContext.java:355)\n\tat io.netty.channel.DefaultChannelPipeline$HeadContext.channelRead(DefaultChannelPipeline.java:1429)\n\tat io.netty.channel.DefaultChannelPipeline.fireChannelRead(DefaultChannelPipeline.java:918)\n\tat io.netty.channel.nio.AbstractNioByteChannel$NioByteUnsafe.read(AbstractNioByteChannel.java:176)\n\tat io.netty.channel.nio.AbstractNioChannel$AbstractNioUnsafe.handle(AbstractNioChannel.java:445)\n\tat io.netty.channel.nio.NioIoHandler$DefaultNioRegistration.handle(NioIoHandler.java:388)\n\tat io.netty.channel.nio.NioIoHandler.processSelectedKey(NioIoHandler.java:596)\n\tat io.netty.channel.nio.NioIoHandler.processSelectedKeysOptimized(NioIoHandler.java:571)\n\tat io.netty.channel.nio.NioIoHandler.processSelectedKeys(NioIoHandler.java:512)\n\tat io.netty.channel.nio.NioIoHandler.run(NioIoHandler.java:484)\n\tat io.netty.channel.SingleThreadIoEventLoop.runIo(SingleThreadIoEventLoop.java:225)\n\tat io.netty.channel.SingleThreadIoEventLoop.run(SingleThreadIoEventLoop.java:196)\n\tat io.netty.util.concurrent.SingleThreadEventExecutor$5.run(SingleThreadEventExecutor.java:1195)\n\tat io.netty.util.internal.ThreadExecutorMap$2.run(ThreadExecutorMap.java:74)\n\tat io.netty.util.concurrent.FastThreadLocalRunnable.run(FastThreadLocalRunnable.java:30)\n\tat java.lang.Thread.run(Thread.java:1564)\n"}}
[2026-06-14T09:32:25.553Z] [ALL] 06-14 15:02:22.579  1486  3107 I NSLocationMonitor: getGPSUsingApps() called
[2026-06-14T09:32:25.595Z] [ALL] 06-14 15:02:22.580  3066  3089 I NSLocationManager_FLP: getGPSUsingApps, No change
[2026-06-14T09:32:25.595Z] [ALL] 06-14 15:02:22.599  1486  3107 D FreecessHandler: skipping freeze com.truecaller(10274) result : 2
[2026-06-14T09:32:25.619Z] [ALL] 06-14 15:02:22.649  4132  5524 I SDHMS:x : SIOP:: AP:400 BAT:388 USB:372 CHG:402 PA:407 CP:403 WIFI:397 BLK:0 SUBBAT:0 LRPTHM:392 SKIN:375 SKINF:369 SKINB:375 LRP:375 LRP2:375 LRF2:369 LRB2:375 AP2:374 CHG2:366 MEM2:373 WIFI2:375 SPK2:357 VAP02:409 VWIFI:410 AVGCUR:3 AVGSYS:332 POWER:12
[2026-06-14T09:32:25.783Z] [ALL] 06-14 15:02:22.780  1067  1177 I SensorsHub: context 9 0 8 1,1,55,0,4,3,2,0,0, 257438401429246
[2026-06-14T09:32:25.824Z] [ALL] 06-14 15:02:22.780  1067  1177 I SensorsHub: context 16 0 15 1,1,55,0,11,5,1,6,0,0,0,10,2,1,70,112, 257438401637059
[2026-06-14T09:32:25.824Z] [ALL] 06-14 15:02:22.783  1486  1718 D CAE     : onGetSensorHubData(SensorHubParserProvider.java:92) - onGetSensorHubData Event [event buffer len :9], AP_WAKEUP
[2026-06-14T09:32:25.824Z] [ALL] 06-14 15:02:22.784  1486  1718 I CAE     : parse(SensorHubParserProvider.java:188) - buffer size = 9
[2026-06-14T09:32:25.824Z] [ALL] 06-14 15:02:22.785  1486  1718 I CAE     : parse(SensorHubParserProvider.java:199) - 1, 1, 55, 0, 4, 3, 2, 0, 0,
[2026-06-14T09:32:25.824Z] [ALL] 06-14 15:02:22.785  1486  1718 I CAE     : parse(SLocationRunner.java:88) - SLocationRunner parse start : 3
[2026-06-14T09:32:25.824Z] [ALL] 06-14 15:02:22.785  1486  1718 D CAE     : display(ContextProvider.java:375) - ================= SLOCATION_RUNNER =================
[2026-06-14T09:32:25.824Z] [ALL] 06-14 15:02:22.786  1486  1718 I CAE     : display(ContextProvider.java:391) - ExtraDataArray=[1, 1, 55, 0, 4, 3, 2, 0, 0]
[2026-06-14T09:32:25.824Z] [ALL] 06-14 15:02:22.786  1486  1718 I CAE     : parse(SLocationRunner.java:96) - SLocationRunner parse end:9
[2026-06-14T09:32:25.824Z] [ALL] 06-14 15:02:22.787  1486  1718 D CAE     : onGetSensorHubData(SensorHubParserProvider.java:92) - onGetSensorHubData Event [event buffer len :16], AP_WAKEUP
[2026-06-14T09:32:25.824Z] [ALL] 06-14 15:02:22.787  1486  1718 I CAE     : parse(SensorHubParserProvider.java:188) - buffer size = 16
[2026-06-14T09:32:25.824Z] [ALL] 06-14 15:02:22.787  1486  1718 I CAE     : parse(SensorHubParserProvider.java:199) - 1, 1, 55, 0, 11, 5, 1, 6, 0, 0, 0, 10, 2, 1, 70, 112,
[2026-06-14T09:32:25.824Z] [ALL] 06-14 15:02:22.787  1486  1715 D SemContextService: Service.updateContext() : service = SLocation Core
[2026-06-14T09:32:25.824Z] [ALL] 06-14 15:02:22.788  1486  1718 I CAE     : parse(SLocationRunner.java:88) - SLocationRunner parse start : 3
[2026-06-14T09:32:25.824Z] [ALL] 06-14 15:02:22.788  1486  1718 D CAE     : display(ContextProvider.java:375) - ================= SLOCATION_RUNNER =================
[2026-06-14T09:32:25.824Z] [ALL] 06-14 15:02:22.788  1486  1718 I CAE     : display(ContextProvider.java:391) - ExtraDataArray=[1, 1, 55, 0, 11, 5, 1, 6, 0, 0, 0, 10, 2, 1, 70, 112]
[2026-06-14T09:32:25.824Z] [ALL] 06-14 15:02:22.789  1486  1486 D SemContextManager: onSemContextChanged() : event = SLocation Core
[2026-06-14T09:32:25.824Z] [ALL] 06-14 15:02:22.789  1486  1718 I CAE     : parse(SLocationRunner.java:96) - SLocationRunner parse end:16
[2026-06-14T09:32:25.824Z] [ALL] 06-14 15:02:22.789  1486  1486 D SLocation: SensorHubWrapper - SemContextChanged type = 47, packet received
[2026-06-14T09:32:25.824Z] [ALL] 06-14 15:02:22.789  1486  1715 D SemContextService: Service.updateContext() : service = SLocation Core
[2026-06-14T09:32:25.824Z] [ALL] 06-14 15:02:22.790  1486  2138 D SLocation: GeofenceCoreManager - received Extra Data from core, len : 4
[2026-06-14T09:32:25.824Z] [ALL] 06-14 15:02:22.790  1486  2138 D SLocation: GeopointLastLocation - last location time exceed threshold 59980 / 30000
[2026-06-14T09:32:25.824Z] [ALL] 06-14 15:02:22.790  1486  2138 D SLocation: GeopointGeofenceManger - getLastLocation is abnormal!
[2026-06-14T09:32:25.824Z] [ALL] 06-14 15:02:22.790  1486  2138 D SLocation: LocationProviderStatus - try to update provider status (GPS/NLP)
[2026-06-14T09:32:25.824Z] [ALL] 06-14 15:02:22.791  1486  2138 D SLocation: LocationProviderStatus - set isGpsOn : true, isNlpOn : true
[2026-06-14T09:32:25.824Z] [ALL] 06-14 15:02:22.791  1486  2138 D SLocation: LocationProviderStatus - gps & nlp status not changed
[2026-06-14T09:32:25.824Z] [ALL] 06-14 15:02:22.791  1486  2138 D SLocation: PositionManager - requestLocationUpdates(SGEOFENCE) : NETWORK_PROVIDER
[2026-06-14T09:32:25.824Z] [ALL] 06-14 15:02:22.791  1486  2138 D SLocation: network_Manager - requestUpdate
[2026-06-14T09:32:25.824Z] [ALL] 06-14 15:02:22.795  1486  2138 D LocationManagerService: network provider added registration from 1000/android[SLocationService]/E186D5C9 -> Request[@0 BALANCED, WorkSource{1000 android}]
[2026-06-14T09:32:25.824Z] [ALL] 06-14 15:02:22.796  1486  1486 D SemContextManager: onSemContextChanged() : event = SLocation Core
[2026-06-14T09:32:25.824Z] [ALL] 06-14 15:02:22.797  1486  1486 D SLocation: SensorHubWrapper - SemContextChanged type = 47, packet received
[2026-06-14T09:32:25.824Z] [ALL] 06-14 15:02:22.797  1486  2138 I NSLocationProviderHelper: updateRequestInfo, uid=1000
[2026-06-14T09:32:25.824Z] [ALL] 06-14 15:02:22.798  1486  2138 D LocationManagerService: network provider request changed to ProviderRequest[@0, WorkSource{1000 android}]
[2026-06-14T09:32:25.824Z] [ALL] 06-14 15:02:22.802  1486  2138 D SLocation: LocationProviderStatus - try to update provider status (GPS/NLP)
[2026-06-14T09:32:25.824Z] [ALL] 06-14 15:02:22.802  1486  2138 D SLocation: LocationProviderStatus - set isGpsOn : true, isNlpOn : true
[2026-06-14T09:32:25.824Z] [ALL] 06-14 15:02:22.802  1486  2138 D SLocation: LocationProviderStatus - gps & nlp status not changed
[2026-06-14T09:32:25.824Z] [ALL] 06-14 15:02:22.803  1486  2138 D SLocation: PositionManager - requestLocationUpdates(SGEOFENCE) : FUSED_PROVIDER
[2026-06-14T09:32:25.824Z] [ALL] 06-14 15:02:22.803  1486  2138 D SLocation: fused_Manager - requestUpdate
[2026-06-14T09:32:25.824Z] [ALL] 06-14 15:02:22.806  1486  2138 D LocationManagerService: fused provider added registration from 1000/android[SLocationService]/85BB7C38 -> Request[@0 BALANCED, WorkSource{1000 android}]
[2026-06-14T09:32:25.824Z] [ALL] 06-14 15:02:22.807  1486  2138 I NSLocationProviderHelper: updateRequestInfo, uid=1000
[2026-06-14T09:32:25.824Z] [ALL] 06-14 15:02:22.808  1486  2138 D LocationManagerService: fused provider request changed to ProviderRequest[@0, WorkSource{1000 android}]
[2026-06-14T09:32:25.824Z] [ALL] 06-14 15:02:22.810  1486  2138 D SLocation: BatchCoreManager - request NLP for batch from core
[2026-06-14T09:32:25.824Z] [ALL] 06-14 15:02:22.810  1486  2138 D SLocation: BatchManager - request NLP for batch
[2026-06-14T09:32:25.824Z] [ALL] 06-14 15:02:22.811  1486  2138 D SLocation: LocationProviderStatus - try to update provider status (GPS/NLP)
[2026-06-14T09:32:25.824Z] [ALL] 06-14 15:02:22.811  1486  2138 D SLocation: LocationProviderStatus - set isGpsOn : true, isNlpOn : true
[2026-06-14T09:32:25.824Z] [ALL] 06-14 15:02:22.811  1486  2138 D SLocation: LocationProviderStatus - gps & nlp status not changed
[2026-06-14T09:32:25.824Z] [ALL] 06-14 15:02:22.811  1486  2138 D SLocation: PositionManager - requestLocationUpdates(BATCH_LOCATION) : NETWORK_PROVIDER
[2026-06-14T09:32:25.824Z] [ALL] 06-14 15:02:22.811  1486  2138 D SLocation: network_Manager - requestUpdate - already running
[2026-06-14T09:32:25.824Z] [ALL] 06-14 15:02:22.811  1486  2138 D SLocation: LocationProviderStatus - try to update provider status (GPS/NLP)
[2026-06-14T09:32:25.824Z] [ALL] 06-14 15:02:22.811  1486  2138 D SLocation: LocationProviderStatus - set isGpsOn : true, isNlpOn : true
[2026-06-14T09:32:25.824Z] [ALL] 06-14 15:02:22.811  1486  2138 D SLocation: LocationProviderStatus - gps & nlp status not changed
[2026-06-14T09:32:25.824Z] [ALL] 06-14 15:02:22.811  1486  2138 D SLocation: PositionManager - requestLocationUpdates(BATCH_LOCATION) : FUSED_PROVIDER
[2026-06-14T09:32:25.824Z] [ALL] 06-14 15:02:22.811  1486  2138 D SLocation: fused_Manager - requestUpdate - already running
[2026-06-14T09:32:25.824Z] [ALL] 06-14 15:02:22.811  1486  2138 D SLocation: CommonCoreManager - received Extra Data from core, len : 4
[2026-06-14T09:32:25.824Z] [ALL] 06-14 15:02:22.812  1486  2138 D SLocation: GeofenceCoreManager - received Extra Data from core, len : 11
[2026-06-14T09:32:25.824Z] [ALL] 06-14 15:02:22.812  1486  2138 D SLocation: CommonCoreManager - received Extra Data from core, len : 11
[2026-06-14T09:32:25.824Z] [ALL] 06-14 15:02:22.818  3066  3129 I RequestManager_FLP: request from system, change packageName by tag from system to system(SLocationService)
[2026-06-14T09:32:25.824Z] [ALL] 06-14 15:02:22.818  3066  3129 E RequestManager_FLP: [LocationManager] Location request E186D5C9(Listener) network interval=0ms (min=0ms) from system(SLocationService) (1000_FINE_unknown_false_foreground)
[2026-06-14T09:32:25.824Z] [ALL] 06-14 15:02:22.820  3066  3129 I RequestManager_FLP: request from system, change packageName by tag from system to system(SLocationService)
[2026-06-14T09:32:25.824Z] [ALL] 06-14 15:02:22.820  3066  3129 E RequestManager_FLP: [LocationManager] Location request 85BB7C38(Listener) fused interval=0ms (min=0ms) from system(SLocationService) (1000_FINE_unknown_false_foreground)
[2026-06-14T09:32:25.824Z] [ALL] 06-14 15:02:22.829  1269  1269 I GNSS_2_1: Gnss::injectLocation: Called
[2026-06-14T09:32:25.824Z] [ALL] 06-14 15:02:22.829  1269  1269 I GNSS_2_0: GNSSInjectLocation: Called
[2026-06-14T09:32:25.824Z] [ALL] 06-14 15:02:22.830  1269  1269 I GNSS_2_1: Gnss::injectLocation: Returned
[2026-06-14T09:32:25.824Z] [ALL] 06-14 15:02:22.832  1262  2991 D GNSS    : LAL_GetMemorySizeKB: fileNo=35
[2026-06-14T09:32:25.824Z] [ALL] 06-14 15:02:22.838  5214 11155 I FusedLocation: (REDACTED) stationary throttling engaged @%s
[2026-06-14T09:32:25.824Z] [ALL] 06-14 15:02:22.840 31535 31592 I Rubin   : [2543] Z5.a.onLocationChanged(Unknown Source) : Passive location updated
[2026-06-14T09:32:25.824Z] [ALL] 06-14 15:02:22.841 31535 31656 I Rubin   : [2549] com.samsung.android.rubin.inferenceengine.contextanalytics.engine.loggers.LocationLogger.flush(Unknown Source) : flush
[2026-06-14T09:32:25.824Z] [ALL] 06-14 15:02:22.846  1486  2866 D ActivityManager: Received BROADCAST intent 0x8be60fd Key{broadcastIntent pkg=com.samsung.android.mcfds intent=act=com.samsung.android.ce.sensor.location.PASSIVE_INTENT xflg=0x4 pkg=com.samsung.android.mcfds flags=0x2000000 u=0} requestCode=20247613 sent=0 from uid 1000
[2026-06-14T09:32:25.824Z] [ALL] 06-14 15:02:22.848  1486  2138 D SLocation: PositionManager - Active handleLocationChanged [N, A : 100.00, T : 1781429542824, ET : 257438446, h : 14/15]
[2026-06-14T09:32:25.824Z] [ALL] 06-14 15:02:22.849  1486  2138 D SLocation: network_Manager - removeUpdates
[2026-06-14T09:32:25.824Z] [ALL] 06-14 15:02:22.849  1486  2138 I NSLocationProviderHelper: updateRemoveInfo, uid=1000
[2026-06-14T09:32:25.824Z] [ALL] 06-14 15:02:22.849  1486  2138 D LocationManagerService: network provider removed registration from 1000/android[SLocationService]/E186D5C9
[2026-06-14T09:32:25.824Z] [ALL] 06-14 15:02:22.849  1486  2138 D LocationManagerService: network provider request changed to ProviderRequest[@+6h0m0s0ms, LOW_POWER, WorkSource{10252 com.google.android.as, 15010252 com.google.android.as}]
[2026-06-14T09:32:25.824Z] [ALL] 06-14 15:02:22.850  1486  2138 D SLocation: fused_Manager - removeUpdates
[2026-06-14T09:32:25.824Z] [ALL] 06-14 15:02:22.850  1486  2138 I NSLocationProviderHelper: updateRemoveInfo, uid=1000
[2026-06-14T09:32:25.824Z] [ALL] 06-14 15:02:22.850  1486  2138 D LocationManagerService: fused provider removed registration from 1000/android[SLocationService]/85BB7C38
[2026-06-14T09:32:25.824Z] [ALL] 06-14 15:02:22.851  1486  2138 D LocationManagerService: fused provider request changed to ProviderRequest[OFF]
[2026-06-14T09:32:25.824Z] [ALL] 06-14 15:02:22.852  1486  2138 D SLocation: PositionManager - block duplicate location
[2026-06-14T09:32:25.824Z] [ALL] 06-14 15:02:22.852  1486  2138 W SLocation: GeopointGeofenceManger - refresh wifi to receive loc
[2026-06-14T09:32:25.824Z] [ALL] 06-14 15:02:22.852  1486  2138 D SLocation: GeopointGeofenceManger - Location reported : fix method = 2 / 100.0
[2026-06-14T09:32:25.824Z] [ALL] 06-14 15:02:22.853  1486  2138 D SLocation: LocationBuffer - receivedLocation - op[interval(min 60000, max 300000), waitTime 36000000, numOfUpdates 20, minDistance 200.0]dist : 0.0 diffTime : 60013 accept time condition
[2026-06-14T09:32:25.824Z] [ALL] 06-14 15:02:22.853  1486  2138 D SLocation: LocationBuffer - input buffer, size : 3
[2026-06-14T09:32:25.824Z] [ALL] 06-14 15:02:22.853  1486  2138 D SLocation: BatchManager - received batch location buffered = true
[2026-06-14T09:32:25.824Z] [ALL] 06-14 15:02:22.853  1486  2138 D SLocation: LastLocations - update latest location [N, A : 100.00, T : 1781429542824, ET : 257438446, h : 14/15]
[2026-06-14T09:32:25.824Z] [ALL] 06-14 15:02:22.854  1486  2138 D SLocation: ARDistanceLibManager - request distance diff to AR Distance Library
[2026-06-14T09:32:25.824Z] [ALL] 06-14 15:02:22.854  1486  2138 D SLocation: SLocationCoreSem - send to coreSem, packet length : 1 / [34]
[2026-06-14T09:32:25.824Z] [ALL] 06-14 15:02:22.854  1486  2138 D SemContextLocationCoreAttribute: setAttribute() mode : 0 action : 23
[2026-06-14T09:32:25.824Z] [ALL] 06-14 15:02:22.854  1486  2138 D SemContextService: lock : changeParameters
[2026-06-14T09:32:25.824Z] [ALL] 06-14 15:02:22.854  1486  2138 D SemContext.CaeProvider.LocationCoreImpl: setAttribute() mode : 0 action : 23
[2026-06-14T09:32:25.824Z] [ALL] 06-14 15:02:22.854  1486  2138 W CAE     : setCAProperty(ContextAwareService.java:509) - [setProperty 01] Mutex is locked for SLOCATION_RUNNER
[2026-06-14T09:32:25.824Z] [ALL] 06-14 15:02:22.855  1486  2138 I CAE     : setPropertyValue(SLocationRunner.java:116) - SLocationRunner setProperty header : 34, len : 1
[2026-06-14T09:32:25.836Z] [ALL] 06-14 15:02:22.856  1486  1720 D SensorService: setSContextDataLocked ints length 2 , byte length 4
[2026-06-14T09:32:25.836Z] [ALL] 06-14 15:02:22.856  1486  1720 D SensorService: setSContextDataLocked 223717c1
[2026-06-14T09:32:25.836Z] [ALL] 06-14 15:02:22.857  1067  1067 I SensorsHub: SContextSensor::injecet_sensor_data
[2026-06-14T09:32:25.836Z] [ALL] 06-14 15:02:22.857  1067  1067 D SensorsHub: c1 17 37 22  
[2026-06-14T09:32:25.836Z] [ALL] 06-14 15:02:22.857  1067  1067 D SensorsHub: inject_scontext_data: New ssp_data_injection_fd(31)
[2026-06-14T09:32:25.836Z] [ALL] 06-14 15:02:22.858  1067  1067 D SensorsHub: SContext Data Injection return 64
[2026-06-14T09:32:25.836Z] [ALL] 06-14 15:02:22.859  1067  1177 I SensorsHub: context 38 0 37 1,1,55,0,33,33,0,0,0,0,24,184,220,148,248,14,122,0,7,195,254,104,47,180,69,192,0,0,0,25,2,0,115,128,0,0,20,248, 257438480737567
[2026-06-14T09:32:25.836Z] [ALL] 06-14 15:02:22.859  1067  1177 I SensorsHub: context 10 0 9 1,1,55,0,5,2,34,0,0,0, 257438480838152
[2026-06-14T09:32:25.836Z] [ALL] 06-14 15:02:22.861  1486  2138 W CAE     : setCAProperty(ContextAwareService.java:515) - [setProperty 02] Mutex is unlocked for SLOCATION_RUNNER
[2026-06-14T09:32:25.836Z] [ALL] 06-14 15:02:22.861  1486  2138 D SemContextService: unlock : changeParameters
[2026-06-14T09:32:25.836Z] [ALL] 06-14 15:02:22.861  1486  2138 D SemContextManager:   .changeParameters : listener = X.k@8cad1db, service=SLocation Core
[2026-06-14T09:32:25.836Z] [ALL] 06-14 15:02:22.861  1486  2138 D SLocation: SLocationCoreSem - send to coreSem, packet length : 23 / [2, 7, 195, 249, 39, 47, 180, 80, 246, 0, 0, 0, 100, 2, 0, 0, 1, 158, 197, 121, 159, 168, 0]
[2026-06-14T09:32:25.836Z] [ALL] 06-14 15:02:22.861  1486  2138 D SemContextLocationCoreAttribute: setAttribute() mode : 0 action : 23
[2026-06-14T09:32:25.836Z] [ALL] 06-14 15:02:22.861  1486  2138 D SemContextService: lock : changeParameters
[2026-06-14T09:32:25.836Z] [ALL] 06-14 15:02:22.862  1486  2138 D SemContext.CaeProvider.LocationCoreImpl: setAttribute() mode : 0 action : 23
[2026-06-14T09:32:25.836Z] [ALL] 06-14 15:02:22.862  3066  3129 E RequestManager_FLP: [LocationManager] Location remove E186D5C9 from system
[2026-06-14T09:32:25.836Z] [ALL] 06-14 15:02:22.862  3066  3129 I LocationRequestData_FLP: Remove in requestInfoList, E186D5C9 / ListSize[network]=2
[2026-06-14T09:32:25.836Z] [ALL] 06-14 15:02:22.862  1486  2138 W CAE     : setCAProperty(ContextAwareService.java:509) - [setProperty 01] Mutex is locked for SLOCATION_RUNNER
[2026-06-14T09:32:25.836Z] [ALL] 06-14 15:02:22.862  1486  2138 I CAE     : setPropertyValue(SLocationRunner.java:116) - SLocationRunner setProperty header : 2, len : 23
[2026-06-14T09:32:25.836Z] [ALL] 06-14 15:02:22.863 11207 11224 I [CE]_ContextEngineReceiver: onReceive - action: com.samsung.android.ce.sensor.location.PASSIVE_INTENT
[2026-06-14T09:32:25.836Z] [ALL] 06-14 15:02:22.863  1486  1718 D CAE     : onGetSensorHubData(SensorHubParserProvider.java:92) - onGetSensorHubData Event [event buffer len :38], AP_WAKEUP
[2026-06-14T09:32:25.836Z] [ALL] 06-14 15:02:22.864  1486  1718 I CAE     : parse(SensorHubParserProvider.java:188) - buffer size = 38
[2026-06-14T09:32:25.836Z] [ALL] 06-14 15:02:22.864  1486  1718 I CAE     : parse(SensorHubParserProvider.java:199) - 1, 1, 55, 0, 33, 33, 0, 0, 0, 0, 24, -72, -36, -108, -8, 14, 122, 0, 7, -61, -2, 104, 47, -76, 69, -64, 0, 0, 0, 25, 2, 0, 115, -128, 0, 0, 20, -8,
[2026-06-14T09:32:25.836Z] [ALL] 06-14 15:02:22.864 11207 11224 I [CE]_SLocationManager: onReceive - [Passive Location] 20247613
[2026-06-14T09:32:25.836Z] [ALL] 06-14 15:02:22.864  1486  1718 I CAE     : parse(SLocationRunner.java:88) - SLocationRunner parse start : 3
[2026-06-14T09:32:25.837Z] [ALL] 06-14 15:02:22.864  1486  1718 D CAE     : display(ContextProvider.java:375) - ================= SLOCATION_RUNNER =================
[2026-06-14T09:32:25.837Z] [ALL] 06-14 15:02:22.864  1486  1718 I CAE     : display(ContextProvider.java:391) - ExtraDataArray=[1, 1, 55, 0, 33, 33, 0, 0, 0, 0, 24, -72, -36, -108, -8, 14, 122, 0, 7, -61, -2, 104, 47, -76, 69, -64, 0, 0, 0, 25, 2, 0, 115, -128, 0, 0, 20, -8]
[2026-06-14T09:32:25.837Z] [ALL] 06-14 15:02:22.865  1486  1720 D SensorService: setSContextDataLocked ints length 8 , byte length 26
[2026-06-14T09:32:25.837Z] [ALL] 06-14 15:02:22.865  1486  1720 D SensorService: setSContextDataLocked 23717c1
[2026-06-14T09:32:25.837Z] [ALL] 06-14 15:02:22.865  1486  1718 I CAE     : parse(SLocationRunner.java:96) - SLocationRunner parse end:38
[2026-06-14T09:32:25.837Z] [ALL] 06-14 15:02:22.865  1067  1067 I SensorsHub: SContextSensor::injecet_sensor_data
[2026-06-14T09:32:25.837Z] [ALL] 06-14 15:02:22.865  1486  1718 D CAE     : onGetSensorHubData(SensorHubParserProvider.java:92) - onGetSensorHubData Event [event buffer len :10], AP_WAKEUP
[2026-06-14T09:32:25.837Z] [ALL] 06-14 15:02:22.865  1067  1067 D SensorsHub: c1 17 37 02 07 c3 f9 27 2f b4 50 f6 00 00 00 64  
[2026-06-14T09:32:25.837Z] [ALL] 06-14 15:02:22.865  1067  1067 D SensorsHub: 02 00 00 01 9e c5 79 9f a8 00  
[2026-06-14T09:32:25.837Z] [ALL] 06-14 15:02:22.865  1067  1067 D SensorsHub: inject_scontext_data: New ssp_data_injection_fd(31)
[2026-06-14T09:32:25.837Z] [ALL] 06-14 15:02:22.865  1486  1718 I CAE     : parse(SensorHubParserProvider.java:188) - buffer size = 10
[2026-06-14T09:32:25.837Z] [ALL] 06-14 15:02:22.865  1067  1067 D SensorsHub: SContext Data Injection return 64
[2026-06-14T09:32:25.837Z] [ALL] 06-14 15:02:22.865  1486  1718 I CAE     : parse(SensorHubParserProvider.java:199) - 1, 1, 55, 0, 5, 2, 34, 0, 0, 0,
[2026-06-14T09:32:25.837Z] [ALL] 06-14 15:02:22.865  1486  1718 I CAE     : parse(SLocationRunner.java:88) - SLocationRunner parse start : 3
[2026-06-14T09:32:25.837Z] [ALL] 06-14 15:02:22.865  3066  3129 E RequestManager_FLP: [LocationManager] Location remove 85BB7C38 from system
[2026-06-14T09:32:25.837Z] [ALL] 06-14 15:02:22.865  1067  1177 I SensorsHub: context 10 0 9 1,1,55,0,5,2,2,0,0,0, 257438488021395
[2026-06-14T09:32:25.837Z] [ALL] 06-14 15:02:22.866  3066  3129 I LocationRequestData_FLP: Remove in requestInfoList, 85BB7C38 / ListSize[fused]=0
[2026-06-14T09:32:25.837Z] [ALL] 06-14 15:02:22.866  1486  1718 D CAE     : display(ContextProvider.java:375) - ================= SLOCATION_RUNNER =================
[2026-06-14T09:32:25.837Z] [ALL] 06-14 15:02:22.866  1486  1718 I CAE     : display(ContextProvider.java:391) - ExtraDataArray=[1, 1, 55, 0, 5, 2, 34, 0, 0, 0]
[2026-06-14T09:32:25.837Z] [ALL] 06-14 15:02:22.866  1486  1718 I CAE     : parse(SLocationRunner.java:96) - SLocationRunner parse end:10
[2026-06-14T09:32:25.837Z] [ALL] 06-14 15:02:22.867  1486  2138 W CAE     : setCAProperty(ContextAwareService.java:515) - [setProperty 02] Mutex is unlocked for SLOCATION_RUNNER
[2026-06-14T09:32:25.837Z] [ALL] 06-14 15:02:22.867  1486  2138 D SemContextService: unlock : changeParameters
[2026-06-14T09:32:25.837Z] [ALL] 06-14 15:02:22.867  1486  2138 D SemContextManager:   .changeParameters : listener = X.k@8cad1db, service=SLocation Core
[2026-06-14T09:32:25.837Z] [ALL] 06-14 15:02:22.867  1486  2138 D SLocation: ReceiverPair - ignore direction of location due to wifi, id = 2, reason = 400
[2026-06-14T09:32:25.837Z] [ALL] 06-14 15:02:22.867  1486  1715 D SemContextService: Service.updateContext() : service = SLocation Core
[2026-06-14T09:32:25.837Z] [ALL] 06-14 15:02:22.867  1486  1715 D SemContextService: Service.updateContext() : service = SLocation Core
[2026-06-14T09:32:25.837Z] [ALL] 06-14 15:02:22.868  1486  1718 D CAE     : onGetSensorHubData(SensorHubParserProvider.java:92) - onGetSensorHubData Event [event buffer len :10], AP_WAKEUP
[2026-06-14T09:32:25.837Z] [ALL] 06-14 15:02:22.868  1486  1718 I CAE     : parse(SensorHubParserProvider.java:188) - buffer size = 10
[2026-06-14T09:32:25.837Z] [ALL] 06-14 15:02:22.868  1486  1718 I CAE     : parse(SensorHubParserProvider.java:199) - 1, 1, 55, 0, 5, 2, 2, 0, 0, 0,
[2026-06-14T09:32:25.837Z] [ALL] 06-14 15:02:22.869  1486  1718 I CAE     : parse(SLocationRunner.java:88) - SLocationRunner parse start : 3
[2026-06-14T09:32:25.837Z] [ALL] 06-14 15:02:22.870  1486  1718 D CAE     : display(ContextProvider.java:375) - ================= SLOCATION_RUNNER =================
[2026-06-14T09:32:25.837Z] [ALL] 06-14 15:02:22.870  1486  1718 I CAE     : display(ContextProvider.java:391) - ExtraDataArray=[1, 1, 55, 0, 5, 2, 2, 0, 0, 0]
[2026-06-14T09:32:25.837Z] [ALL] 06-14 15:02:22.870  1486  1718 I CAE     : parse(SLocationRunner.java:96) - SLocationRunner parse end:10
[2026-06-14T09:32:25.837Z] [ALL] 06-14 15:02:22.870  1486  2138 D SLocation: AlarmManagerWrapper - next alarm time : 261038475 (WK)
[2026-06-14T09:32:25.837Z] [ALL] 06-14 15:02:22.870  1486  1486 D SemContextManager: onSemContextChanged() : event = SLocation Core
[2026-06-14T09:32:25.837Z] [ALL] 06-14 15:02:22.871  1486  1486 D SLocation: SensorHubWrapper - SemContextChanged type = 47, packet received
[2026-06-14T09:32:25.837Z] [ALL] 06-14 15:02:22.871  1486  1715 D SemContextService: Service.updateContext() : service = SLocation Core
[2026-06-14T09:32:25.837Z] [ALL] 06-14 15:02:22.871  1486  1486 D SemContextManager: onSemContextChanged() : event = SLocation Core
[2026-06-14T09:32:25.837Z] [ALL] 06-14 15:02:22.871  1486  1486 D SLocation: SensorHubWrapper - SemContextChanged type = 47, packet received
[2026-06-14T09:32:25.837Z] [ALL] 06-14 15:02:22.871  1486  1486 D SemContextManager: onSemContextChanged() : event = SLocation Core
[2026-06-14T09:32:25.837Z] [ALL] 06-14 15:02:22.871  1486  1486 D SLocation: SensorHubWrapper - SemContextChanged type = 47, packet received
[2026-06-14T09:32:25.837Z] [ALL] 06-14 15:02:22.872  1486  2138 D SLocation: GeofenceCoreManager - received Extra Data from core, len : 33
[2026-06-14T09:32:25.837Z] [ALL] 06-14 15:02:22.872  1486  2138 D SLocation: ARDistanceGetARDistance - convertSensorHubTimeToElapsedTime 1781414403827895622
[2026-06-14T09:32:25.837Z] [ALL] 06-14 15:02:22.872  1486  2138 D SLocation: ARDistanceGetARDistance - invalid location time from core pvt 1781414403827895622, do not use distance info
[2026-06-14T09:32:25.837Z] [ALL] 06-14 15:02:22.872  1486  2138 D SLocation: CommonCoreManager - received Extra Data from core, len : 33
[2026-06-14T09:32:25.837Z] [ALL] 06-14 15:02:22.872  1486  2138 D SLocation: GeofenceCoreManager - received Extra Data from core, len : 5
[2026-06-14T09:32:25.837Z] [ALL] 06-14 15:02:22.872  1486  2138 D SLocation: GeofenceCoreManager - handleCommandCallback - UNKNOWN_CALLBACK 34 SUCCESS
[2026-06-14T09:32:25.837Z] [ALL] 06-14 15:02:22.872  1486  2138 D SLocation: ARDistanceLibManager - command callback received - CURRENT_LOCATION_REQUEST_DISTANCE ERROR CODE : ERROR_NONE
[2026-06-14T09:32:25.837Z] [ALL] 06-14 15:02:22.872  1486  2138 D SLocation: CommonCoreManager - received Extra Data from core, len : 5
[2026-06-14T09:32:25.837Z] [ALL] 06-14 15:02:22.872  1486  2138 D SLocation: GeofenceCoreManager - received Extra Data from core, len : 5
[2026-06-14T09:32:25.837Z] [ALL] 06-14 15:02:22.872  1486  2138 D SLocation: GeofenceCoreManager - handleCommandCallback - UNKNOWN_CALLBACK 2 SUCCESS
[2026-06-14T09:32:25.837Z] [ALL] 06-14 15:02:22.872  5214 11814 I FusedLocation: (REDACTED) stationary throttling engaged @%s
[2026-06-14T09:32:25.837Z] [ALL] 06-14 15:02:22.872  1486  2138 D SLocation: CommonCoreManager - received Extra Data from core, len : 5
[2026-06-14T09:32:25.837Z] [ALL] 06-14 15:02:22.872  1486  2138 D SLocation: CommonCoreManager - handleCommandCallback - FUNC_TYPE : SET_LOCATION  ERROR_CODE : ERROR_NONE
[2026-06-14T09:32:25.837Z] [ALL] 06-14 15:02:22.874 11207 11224 I [CE]_PrimaryLocationManager: checkInStayDurationNow - In CSD now? Y / In ASD now? Y
[2026-06-14T09:32:25.837Z] [ALL] 06-14 15:02:22.874 11207 11224 I [CE]_PrimaryLocationManager: onNewLocation - State: 4 / 4
[2026-06-14T09:32:25.837Z] [ALL] 06-14 15:02:22.875 11207 11224 I [CE]_PrimaryAreaManager: onNewlocation - State: 4 / 4
[2026-06-14T09:32:25.837Z] [ALL] 06-14 15:02:22.876 11207 11224 I [CE]_ActivityDataManagerImpl: loadState - StayInfo loaded
[2026-06-14T09:32:25.837Z] [ALL] 06-14 15:02:22.878  1486  2182 E AppOps  : Bad call made by uid 1001. Package "com.android.phone" does not belong to uid 10098.
[2026-06-14T09:32:25.837Z] [ALL] 06-14 15:02:22.878  1486  2182 E AppOps  : Cannot noteOperation
[2026-06-14T09:32:25.837Z] [ALL] 06-14 15:02:22.878  1486  2182 E AppOps  : java.lang.SecurityException: Specified package "com.android.phone" under uid 10098 but it is not
[2026-06-14T09:32:25.837Z] [ALL] 06-14 15:02:22.878  1486  2182 E AppOps  : 	at com.android.server.appop.AppOpsService.verifyAndGetBypass(qb/109687721 9f5f0f7065b3ad23ed9d502775af0c1cea666b12fbbf7805224931a8c35b7b9d:63)
[2026-06-14T09:32:25.837Z] [ALL] 06-14 15:02:22.878  1486  2182 E AppOps  : 	at com.android.server.appop.AppOpsService.noteOperationUnchecked(qb/109687721 9f5f0f7065b3ad23ed9d502775af0c1cea666b12fbbf7805224931a8c35b7b9d:65)
[2026-06-14T09:32:25.837Z] [ALL] 06-14 15:02:22.878  1486  2182 E AppOps  : 	at com.android.server.appop.AppOpsService.-$$Nest$mnoteOperationImpl(qb/109687721 9f5f0f7065b3ad23ed9d502775af0c1cea666b12fbbf7805224931a8c35b7b9d:89)
[2026-06-14T09:32:25.837Z] [ALL] 06-14 15:02:22.878  1486  2182 E AppOps  : 	at com.android.server.appop.AppOpsService$CheckOpsDelegateDispatcher$$ExternalSyntheticLambda4.apply(qb/109687721 9f5f0f7065b3ad23ed9d502775af0c1cea666b12fbbf7805224931a8c35b7b9d:65)
[2026-06-14T09:32:25.837Z] [ALL] 06-14 15:02:22.878  1486  2182 E AppOps  : 	at com.android.server.policy.AppOpsPolicy.noteOperation(qb/109687721 9f5f0f7065b3ad23ed9d502775af0c1cea666b12fbbf7805224931a8c35b7b9d:35)
[2026-06-14T09:32:25.837Z] [ALL] 06-14 15:02:22.878  1486  2182 E AppOps  : 	at com.android.server.appop.AppOpsService$CheckOpsDelegateDispatcher.noteOperation(qb/109687721 9f5f0f7065b3ad23ed9d502775af0c1cea666b12fbbf7805224931a8c35b7b9d:66)
[2026-06-14T09:32:25.837Z] [ALL] 06-14 15:02:22.878  1486  2182 E AppOps  : 	at com.android.server.appop.AppOpsService.noteOperation(qb/109687721 9f5f0f7065b3ad23ed9d502775af0c1cea666b12fbbf7805224931a8c35b7b9d:20)
[2026-06-14T09:32:25.837Z] [ALL] 06-14 15:02:22.878  1486  2182 E AppOps  : 	at com.android.internal.app.IAppOpsService$Stub.onTransact(IAppOpsService.java:592)
[2026-06-14T09:32:25.837Z] [ALL] 06-14 15:02:22.878  1486  2182 E AppOps  : 	at android.os.Binder.execTransactInternal(Binder.java:1514)
[2026-06-14T09:32:25.837Z] [ALL] 06-14 15:02:22.878  1486  2182 E AppOps  : 	at android.os.Binder.execTransact(Binder.java:1454)
[2026-06-14T09:32:25.837Z] [ALL] 06-14 15:02:22.879 11207 11224 I [CE]_ActivityDataManagerImpl: Scan receiver - Stay detected - start time : 1781416092813, end time : 1781429542876, timestamp : 1781429542876
[2026-06-14T09:32:25.837Z] [ALL] 06-14 15:02:22.882 11207 11224 I [CE]_RealtimeMovingContextProvider: onReceive - Not started
[2026-06-14T09:32:25.837Z] [ALL] 06-14 15:02:22.883  5214 29716 I FusedLocation: (REDACTED) location delivery to %s blocked - too close
[2026-06-14T09:32:25.837Z] [ALL] 06-14 15:02:22.884  5214 29716 I FusedLocation: (REDACTED) location delivery to %s blocked - too close
[2026-06-14T09:32:25.837Z] [ALL] 06-14 15:02:22.886 19756 19756 D LocationTracker: Got a location update from Play Services
[2026-06-14T09:32:25.837Z] [ALL] 06-14 15:02:22.888  3066  3129 I GmsPassiveListener_FLP: onGmsLocationChanged, provider=fused / speed=0.0 / time=1781429542880 / elapsed=257438502824168
[2026-06-14T09:32:25.837Z] [ALL] 06-14 15:02:22.889  5214 29716 I FusedLocation: (REDACTED) location delivery to %s blocked - too close
[2026-06-14T09:32:25.837Z] [ALL] 06-14 15:02:22.889  5214 29716 I FusedLocation: (REDACTED) location delivery to %s blocked - too close
[2026-06-14T09:32:25.837Z] [ALL] 06-14 15:02:22.891  1486  2138 D SLocation: PositionManager - Passive handleLocationChanged [F, A : 100.00, T : 1781429542880, ET : 257438502, h : 14/15]
[2026-06-14T09:32:25.837Z] [ALL] 06-14 15:02:22.892  1486  2138 D SLocation: PositionManager - receive fused location
[2026-06-14T09:32:25.837Z] [ALL] 06-14 15:02:22.892  1486  2138 D SLocation: DuplicateLocationChecker_GeofenceLocationFilter - fused is duplicated last network location
[2026-06-14T09:32:25.837Z] [ALL] 06-14 15:02:22.892  1486  2138 D SLocation: DuplicateLocationChecker_BatchManager - fused is duplicated last network location
[2026-06-14T09:32:25.837Z] [ALL] 06-14 15:02:22.892  1486  2138 D SLocation: DuplicateLocationChecker_FilteredLastLocation - fused is duplicated last network location
[2026-06-14T09:32:25.837Z] [ALL] 06-14 15:02:22.900  1486  2158 D ActivityManager: Received SERVICE intent 0xfb17ab2 Key{startService pkg=com.google.android.gms/current_semantic_location intent=act=com.google.android.gms.semanticlocation.ACTION_LOCATION xflg=0x4 cmp=com.google.android.gms/.semanticlocation.service.SemanticLocationService flags=0x2000000 u=0} requestCode=0 from uid 10262
[2026-06-14T09:32:25.882Z] [ALL] 06-14 15:02:22.906  5214  5214 D BoundBrokerSvc: onRebind: Intent { act=com.google.android.gms.auth.aang.events.services.START dat=chimera-action:/... xflg=0x4 cmp=com.google.android.gms/.chimera.PersistentApiService }
[2026-06-14T09:32:25.899Z] [ALL] 06-14 15:02:22.939  5214 11501 I TFLite-in-PlayServices: Created interpreter.
[2026-06-14T09:32:25.899Z] [ALL] 06-14 15:02:22.947  5214 11501 I TFLite-in-PlayServices: Created interpreter.
[2026-06-14T09:32:25.899Z] [ALL] 06-14 15:02:22.953  5214 11501 I SemanticLocation: (REDACTED) [Inferrer] %s%s
[2026-06-14T09:32:26.002Z] [ALL] 06-14 15:02:23.046 10725 10763 I appium  : channel read: POST /session/e97b7abb-6aa8-4e9c-b8b4-b3047c3ed272/element
[2026-06-14T09:32:26.002Z] [ALL] 06-14 15:02:23.046 10725 10763 I appium  : FindElement command
[2026-06-14T09:32:26.015Z] [ALL] 06-14 15:02:23.048 10725 10763 I appium  : method: 'xpath', selector: '//*[@resource-id="otp_input_field" or @content-desc="otp_input_field"]'
[2026-06-14T09:32:26.015Z] [ALL] 06-14 15:02:23.048 10725 10763 I appium  : Waiting up to 10000ms for the device to idle
[2026-06-14T09:32:26.015Z] [ALL] 06-14 15:02:23.049 10725 10763 I appium  : The following attributes will be included to the page source: [resource-id, content-desc]
[2026-06-14T09:32:26.271Z] [ALL] 06-14 15:02:23.336 10725 10763 I appium  : Took 0ms to retrieve 0 matches for '//*[@resource-id="otp_input_field" or @content-desc="otp_input_field"]' XPath2 query
[2026-06-14T09:32:26.291Z] [ALL] 06-14 15:02:23.337 10725 10763 I appium  : AppiumResponse: {"sessionId":"e97b7abb-6aa8-4e9c-b8b4-b3047c3ed272","value":{"error":"no such element","message":"An element could not be located on the page using the given search parameters","stacktrace":"io.appium.uiautomator2.common.exceptions.ElementNotFoundException: An element could not be located on the page using the given search parameters\n\tat io.appium.uiautomator2.utils.ElementLocationHelpers.findElement(ElementLocationHelpers.java:153)\n\tat io.appium.uiautomator2.handler.FindElement.safeHandle(FindElement.java:60)\n\tat io.appium.uiautomator2.handler.request.SafeRequestHandler.handle(SafeRequestHandler.java:59)\n\tat io.appium.uiautomator2.server.AppiumServlet.handleRequest(AppiumServlet.java:267)\n\tat io.appium.uiautomator2.server.AppiumServlet.handleHttpRequest(AppiumServlet.java:261)\n\tat io.appium.uiautomator2.http.ServerHandler.channelRead(ServerHandler.java:77)\n\tat io.netty.channel.AbstractChannelHandlerContext.fireChannelRead(AbstractChannelHandlerContext.java:357)\n\tat io.netty.handler.codec.MessageToMessageDecoder.channelRead(MessageToMessageDecoder.java:107)\n\tat io.netty.channel.AbstractChannelHandlerContext.fireChannelRead(AbstractChannelHandlerContext.java:357)\n\tat io.netty.channel.CombinedChannelDuplexHandler$DelegatingChannelHandlerContext.fireChannelRead(CombinedChannelDuplexHandler.java:434)\n\tat io.netty.handler.codec.ByteToMessageDecoder.fireChannelRead(ByteToMessageDecoder.java:361)\n\tat io.netty.handler.codec.ByteToMessageDecoder.channelRead(ByteToMessageDecoder.java:325)\n\tat io.netty.channel.CombinedChannelDuplexHandler.channelRead(CombinedChannelDuplexHandler.java:249)\n\tat io.netty.channel.AbstractChannelHandlerContext.fireChannelRead(AbstractChannelHandlerContext.java:355)\n\tat io.netty.handler.timeout.IdleStateHandler.channelRead(IdleStateHandler.java:288)\n\tat io.netty.channel.AbstractChannelHandlerContext.fireChannelRead(AbstractChannelHandlerContext.java:355)\n\tat io.netty.channel.DefaultChannelPipeline$HeadContext.channelRead(DefaultChannelPipeline.java:1429)\n\tat io.netty.channel.DefaultChannelPipeline.fireChannelRead(DefaultChannelPipeline.java:918)\n\tat io.netty.channel.nio.AbstractNioByteChannel$NioByteUnsafe.read(AbstractNioByteChannel.java:176)\n\tat io.netty.channel.nio.AbstractNioChannel$AbstractNioUnsafe.handle(AbstractNioChannel.java:445)\n\tat io.netty.channel.nio.NioIoHandler$DefaultNioRegistration.handle(NioIoHandler.java:388)\n\tat io.netty.channel.nio.NioIoHandler.processSelectedKey(NioIoHandler.java:596)\n\tat io.netty.channel.nio.NioIoHandler.processSelectedKeysOptimized(NioIoHandler.java:571)\n\tat io.netty.channel.nio.NioIoHandler.processSelectedKeys(NioIoHandler.java:512)\n\tat io.netty.channel.nio.NioIoHandler.run(NioIoHandler.java:484)\n\tat io.netty.channel.SingleThreadIoEventLoop.runIo(SingleThreadIoEventLoop.java:225)\n\tat io.netty.channel.SingleThreadIoEventLoop.run(SingleThreadIoEventLoop.java:196)\n\tat io.netty.util.concurrent.SingleThreadEventExecutor$5.run(SingleThreadEventExecutor.java:1195)\n\tat io.netty.util.internal.ThreadExecutorMap$2.run(ThreadExecutorMap.java:74)\n\tat io.netty.util.concurrent.FastThreadLocalRunnable.run(FastThreadLocalRunnable.java:30)\n\tat java.lang.Thread.run(Thread.java:1564)\n"}}
[2026-06-14T09:32:26.291Z] [ALL] 06-14 15:02:23.337   747   747 D io_stats: !@   8,0 r 79732184 1572375821 w 12669842 207591584 d 4210557 258731016 f 0 1106442 iot 28680176 0 th 0 0 0 pt 0 inp 0 0 180357.726
[2026-06-14T09:32:26.291Z] [ALL] 06-14 15:02:23.337   747   747 D io_stats: !@ Read_top(KB): loop50(3116) 768 .gms.persistent(5214) 8 sung.android.ce(11207) 4
[2026-06-14T09:32:26.291Z] [ALL] 06-14 15:02:23.337   747   747 D io_stats: !@ Write_top(KB): kworker/u16:2(15734) 152 droid.rubin.app(31535) 20 appmanager:auth(9493) 16
[2026-06-14T09:32:26.301Z] [ALL] 06-14 15:02:23.354  1486  2138 D SLocation: WifiBssidMonitor - requestRefresh
[2026-06-14T09:32:26.301Z] [ALL] 06-14 15:02:23.355  1486  2138 W SLocation: WifiBssidMonitor - connected wifi : (14:33:75:**:**:ca/766)
[2026-06-14T09:32:26.323Z] [ALL] 06-14 15:02:23.388 10725 10763 I appium  : channel read: POST /session/e97b7abb-6aa8-4e9c-b8b4-b3047c3ed272/element
[2026-06-14T09:32:26.338Z] [ALL] 06-14 15:02:23.389 10725 10763 I appium  : FindElement command
[2026-06-14T09:32:26.338Z] [ALL] 06-14 15:02:23.390 10725 10763 I appium  : method: 'xpath', selector: '//*[@resource-id="otp_input_field" or @content-desc="otp_input_field"]'
[2026-06-14T09:32:26.338Z] [ALL] 06-14 15:02:23.390 10725 10763 I appium  : Waiting up to 10000ms for the device to idle
[2026-06-14T09:32:26.338Z] [ALL] 06-14 15:02:23.392 10725 10763 I appium  : The following attributes will be included to the page source: [resource-id, content-desc]
[2026-06-14T09:32:26.563Z] [ALL] 06-14 15:02:23.613 10725 10763 I appium  : Took 0ms to retrieve 0 matches for '//*[@resource-id="otp_input_field" or @content-desc="otp_input_field"]' XPath2 query
[2026-06-14T09:32:26.627Z] [ALL] 06-14 15:02:23.615 10725 10763 I appium  : AppiumResponse: {"sessionId":"e97b7abb-6aa8-4e9c-b8b4-b3047c3ed272","value":{"error":"no such element","message":"An element could not be located on the page using the given search parameters","stacktrace":"io.appium.uiautomator2.common.exceptions.ElementNotFoundException: An element could not be located on the page using the given search parameters\n\tat io.appium.uiautomator2.utils.ElementLocationHelpers.findElement(ElementLocationHelpers.java:153)\n\tat io.appium.uiautomator2.handler.FindElement.safeHandle(FindElement.java:60)\n\tat io.appium.uiautomator2.handler.request.SafeRequestHandler.handle(SafeRequestHandler.java:59)\n\tat io.appium.uiautomator2.server.AppiumServlet.handleRequest(AppiumServlet.java:267)\n\tat io.appium.uiautomator2.server.AppiumServlet.handleHttpRequest(AppiumServlet.java:261)\n\tat io.appium.uiautomator2.http.ServerHandler.channelRead(ServerHandler.java:77)\n\tat io.netty.channel.AbstractChannelHandlerContext.fireChannelRead(AbstractChannelHandlerContext.java:357)\n\tat io.netty.handler.codec.MessageToMessageDecoder.channelRead(MessageToMessageDecoder.java:107)\n\tat io.netty.channel.AbstractChannelHandlerContext.fireChannelRead(AbstractChannelHandlerContext.java:357)\n\tat io.netty.channel.CombinedChannelDuplexHandler$DelegatingChannelHandlerContext.fireChannelRead(CombinedChannelDuplexHandler.java:434)\n\tat io.netty.handler.codec.ByteToMessageDecoder.fireChannelRead(ByteToMessageDecoder.java:361)\n\tat io.netty.handler.codec.ByteToMessageDecoder.channelRead(ByteToMessageDecoder.java:325)\n\tat io.netty.channel.CombinedChannelDuplexHandler.channelRead(CombinedChannelDuplexHandler.java:249)\n\tat io.netty.channel.AbstractChannelHandlerContext.fireChannelRead(AbstractChannelHandlerContext.java:355)\n\tat io.netty.handler.timeout.IdleStateHandler.channelRead(IdleStateHandler.java:288)\n\tat io.netty.channel.AbstractChannelHandlerContext.fireChannelRead(AbstractChannelHandlerContext.java:355)\n\tat io.netty.channel.DefaultChannelPipeline$HeadContext.channelRead(DefaultChannelPipeline.java:1429)\n\tat io.netty.channel.DefaultChannelPipeline.fireChannelRead(DefaultChannelPipeline.java:918)\n\tat io.netty.channel.nio.AbstractNioByteChannel$NioByteUnsafe.read(AbstractNioByteChannel.java:176)\n\tat io.netty.channel.nio.AbstractNioChannel$AbstractNioUnsafe.handle(AbstractNioChannel.java:445)\n\tat io.netty.channel.nio.NioIoHandler$DefaultNioRegistration.handle(NioIoHandler.java:388)\n\tat io.netty.channel.nio.NioIoHandler.processSelectedKey(NioIoHandler.java:596)\n\tat io.netty.channel.nio.NioIoHandler.processSelectedKeysOptimized(NioIoHandler.java:571)\n\tat io.netty.channel.nio.NioIoHandler.processSelectedKeys(NioIoHandler.java:512)\n\tat io.netty.channel.nio.NioIoHandler.run(NioIoHandler.java:484)\n\tat io.netty.channel.SingleThreadIoEventLoop.runIo(SingleThreadIoEventLoop.java:225)\n\tat io.netty.channel.SingleThreadIoEventLoop.run(SingleThreadIoEventLoop.java:196)\n\tat io.netty.util.concurrent.SingleThreadEventExecutor$5.run(SingleThreadEventExecutor.java:1195)\n\tat io.netty.util.internal.ThreadExecutorMap$2.run(ThreadExecutorMap.java:74)\n\tat io.netty.util.concurrent.FastThreadLocalRunnable.run(FastThreadLocalRunnable.java:30)\n\tat java.lang.Thread.run(Thread.java:1564)\n"}}
[2026-06-14T09:32:26.869Z] [ALL] 06-14 15:02:23.915  5214  5214 D BoundBrokerSvc: onRebind: Intent { act=com.google.android.gms.libs.gmscorelogger.service.START dat=chimera-action:/... xflg=0x4 cmp=com.google.android.gms/.chimera.PersistentDirectBootAwareApiService }
[2026-06-14T09:32:27.047Z] [ALL] 06-14 15:02:24.073  1486  1729 D WifiStaIfaceHidlImpl: getCachedScanData is not implemented by HIDL
[2026-06-14T09:32:27.072Z] [ALL] 06-14 15:02:24.085  1486  3494 D SemWifiUsabilityStatsMonitor: onWifiUsabilityStats - seqNum 22850, isSameBssidAndFreq true
[2026-06-14T09:32:27.072Z] [ALL] 06-14 15:02:24.090  2619  2727 I HoneySpace.StatusIconTracker: invokeEvent() called with: event = Wifi(visible=true, resId=2114459827, activityId=2114459831)
[2026-06-14T09:32:27.072Z] [ALL] 06-14 15:02:24.099  2072  2072 I EPDG-0 [WifiProfiler]: handleWifiRssiIntent, rssi=-63
[2026-06-14T09:32:27.072Z] [ALL] 06-14 15:02:24.100  2072  2072 I EPDG-0 [WifiProfiler]: isProfiling, hash=189204772, started=true
[2026-06-14T09:32:27.072Z] [ALL] 06-14 15:02:24.101  2072  2072 I EPDG-0 [LogMetrics]: set, type=WIFI_RSSI_LAST, value=-63
[2026-06-14T09:32:27.072Z] [ALL] 06-14 15:02:24.101  2072  2072 I EPDG-0 [WifiProfiler]: isProfiling, hash=189204772, started=true
[2026-06-14T09:32:27.072Z] [ALL] 06-14 15:02:24.104  2072  2072 I EPDG-0 [WifiProfiler]: Rssi : -63 highrange : -75 lowrange : -85 mIsRssiInHystersis : false
[2026-06-14T09:32:27.072Z] [ALL] 06-14 15:02:24.105  2072  2072 I EPDG-0 [WifiProfiler]: Rssi : -63 highrange : -75 lowrange : -85 mIsRssiInHystersis : false
[2026-06-14T09:32:27.072Z] [ALL] 06-14 15:02:24.106  2072  2072 I EPDG-0 [Subscription]: isEpdgAvailable, IwlanPsState=2/2
[2026-06-14T09:32:27.072Z] [ALL] 06-14 15:02:24.106  2072  2072 I EPDG-0 [WifiProfiler]: getHandoverThresholdMet: value is: false
[2026-06-14T09:32:27.072Z] [ALL] 06-14 15:02:24.116  1149  1317 D SurfaceFlinger: setDesiredMode 4633128672291736000 {mode={fps=120.00 Hz, modePtr={id=0, vsyncRate=120.00 Hz, peakRefreshRate=120.00 Hz}}, emitEvent=false, force=false}
[2026-06-14T09:32:27.094Z] [ALL] 06-14 15:02:24.126  1149  1280 I SurfaceFlinger: Current= 60, Period= 120, hwcPeriod= 60
[2026-06-14T09:32:27.094Z] [ALL] 06-14 15:02:24.136  1149  1149 I SurfaceFlinger: StatusBar$_2112#94 voted NoVote (0.00 Hz)
[2026-06-14T09:32:27.094Z] [ALL] 06-14 15:02:24.136  1149  1149 I SurfaceFlinger: No layers with votes - choose 120.00 Hz
[2026-06-14T09:32:27.094Z] [ALL] 06-14 15:02:24.137  1149  1149 D SurfaceFlinger: initiateModeChange 4633128672291736000 {mode={fps=120.00 Hz, modePtr={id=0, vsyncRate=120.00 Hz, peakRefreshRate=120.00 Hz}}, emitEvent=false, force=false}
[2026-06-14T09:32:27.094Z] [ALL] 06-14 15:02:24.138  1149  1149 I SurfaceFlinger: [4633128672291736000] ActiveConfigToHWC, ID : 3
[2026-06-14T09:32:27.094Z] [ALL] 06-14 15:02:24.141  1062 15192 D display : setActiveConfigWithConstraints:: PrimaryDisplay config(3)
[2026-06-14T09:32:27.094Z] [ALL] 06-14 15:02:24.141  1062 15192 I display : Current VRR MODE is 3
[2026-06-14T09:32:27.094Z] [ALL] 06-14 15:02:24.141  1062 15192 I display : setActiveConfigWithConstraints:: HFR match - config: 3, base: 3, try: 1
[2026-06-14T09:32:27.094Z] [ALL] 06-14 15:02:24.141  1062 15192 I display : setActiveConfigWithConstraints::update 1080x2340@120hs
[2026-06-14T09:32:27.094Z] [ALL] 06-14 15:02:24.142  1062 15192 I display : commit modeset : 1080x2340@120hs
[2026-06-14T09:32:27.122Z] [ALL] 06-14 15:02:24.158  1062 15192 W display : deliverWinConfigData:: commit modeset time (16 ms)
[2026-06-14T09:32:27.122Z] [ALL] 06-14 15:02:24.161  1149  1149 I SurfaceFlinger: finalizeDisplayModeChange 4633128672291736000
[2026-06-14T09:32:27.122Z] [ALL] 06-14 15:02:24.164  1062  1159 I display : [compareVsyncPeriod] set the lowest(mode:0) vsync 83 of display(0)
[2026-06-14T09:32:27.122Z] [ALL] 06-14 15:02:24.165  1062  1159 I display : getFpsForPerformance, performance table found using table(key:120, cpu:255)
[2026-06-14T09:32:27.145Z] [ALL] 06-14 15:02:24.165  1062  1159 I display : Set m2mMPP capacity(4) for fps(120)
[2026-06-14T09:32:27.145Z] [ALL] 06-14 15:02:24.165  1062  1159 I display : getFpsForPerformance, performance table found using table(key:120, cpu:255)
[2026-06-14T09:32:27.145Z] [ALL] 06-14 15:02:24.165  1062  1159 I display : Set Affinity config for fps(120) : cpuIDs : 255
[2026-06-14T09:32:27.145Z] [ALL] 06-14 15:02:24.165  1062  1159 I display : Set Affinity CPU ID : 0
[2026-06-14T09:32:27.145Z] [ALL] 06-14 15:02:24.165  1062  1159 I display : Set Affinity CPU ID : 1
[2026-06-14T09:32:27.145Z] [ALL] 06-14 15:02:24.166  1062  1159 I display : Set Affinity CPU ID : 2
[2026-06-14T09:32:27.145Z] [ALL] 06-14 15:02:24.166  1062  1159 I display : Set Affinity CPU ID : 3
[2026-06-14T09:32:27.145Z] [ALL] 06-14 15:02:24.166  1062  1159 I display : Set Affinity CPU ID : 4
[2026-06-14T09:32:27.145Z] [ALL] 06-14 15:02:24.166  1062  1159 I display : Set Affinity CPU ID : 5
[2026-06-14T09:32:27.145Z] [ALL] 06-14 15:02:24.166  1062  1159 I display : Set Affinity CPU ID : 6
[2026-06-14T09:32:27.145Z] [ALL] 06-14 15:02:24.166  1062  1159 I display : Set Affinity CPU ID : 7
[2026-06-14T09:32:27.145Z] [ALL] 06-14 15:02:24.166  1062  1159 I display : Set affinity HWC : 1062
[2026-06-14T09:32:27.145Z] [ALL] 06-14 15:02:24.167  1062  1159 I display : CPU set : Cluster(0), min_clock(0)
[2026-06-14T09:32:27.145Z] [ALL] 06-14 15:02:24.167  1062  1159 I display : CPU set : Cluster(1), min_clock(0)
[2026-06-14T09:32:27.145Z] [ALL] 06-14 15:02:24.167  1062  1159 I display : CPU set : Cluster(2), min_clock(0)
[2026-06-14T09:32:27.145Z] [ALL] 06-14 15:02:24.168  1149  1280 I SurfaceFlinger: Current= 60, Period= 120, hwcPeriod= 120
[2026-06-14T09:32:27.145Z] [ALL] 06-14 15:02:24.182 10725 10763 I appium  : channel read: POST /session/e97b7abb-6aa8-4e9c-b8b4-b3047c3ed272/element
[2026-06-14T09:32:27.145Z] [ALL] 06-14 15:02:24.182 10725 10763 I appium  : FindElement command
[2026-06-14T09:32:27.145Z] [ALL] 06-14 15:02:24.184 10725 10763 I appium  : method: 'xpath', selector: '//*[@resource-id="otp_input_field" or @content-desc="otp_input_field"]'
[2026-06-14T09:32:27.145Z] [ALL] 06-14 15:02:24.184 10725 10763 I appium  : Waiting up to 10000ms for the device to idle
[2026-06-14T09:32:27.145Z] [ALL] 06-14 15:02:24.185 10725 10763 I appium  : The following attributes will be included to the page source: [resource-id, content-desc]
[2026-06-14T09:32:27.145Z] [ALL] 06-14 15:02:24.189  1486  1856 D SemWifiSwitchForIndividualAppsService: isSkipNetworkCondition - result:2
[2026-06-14T09:32:27.145Z] [ALL] 06-14 15:02:24.191 10725 10729 I tomator2.server: Method exceeds compiler instruction limit: 19260 in java_cup.runtime.Symbol org.eclipse.wst.xml.xpath2.processor.internal.CUP$XPathCup$actions.CUP$XPathCup$do_action(int, java_cup.runtime.lr_parser, java.util.Stack, int)
[2026-06-14T09:32:27.283Z] [ALL] 06-14 15:02:24.356 10725 10763 I appium  : Took 0ms to retrieve 0 matches for '//*[@resource-id="otp_input_field" or @content-desc="otp_input_field"]' XPath2 query
[2026-06-14T09:32:27.292Z] [ALL] 06-14 15:02:24.357 10725 10763 I appium  : AppiumResponse: {"sessionId":"e97b7abb-6aa8-4e9c-b8b4-b3047c3ed272","value":{"error":"no such element","message":"An element could not be located on the page using the given search parameters","stacktrace":"io.appium.uiautomator2.common.exceptions.ElementNotFoundException: An element could not be located on the page using the given search parameters\n\tat io.appium.uiautomator2.utils.ElementLocationHelpers.findElement(ElementLocationHelpers.java:153)\n\tat io.appium.uiautomator2.handler.FindElement.safeHandle(FindElement.java:60)\n\tat io.appium.uiautomator2.handler.request.SafeRequestHandler.handle(SafeRequestHandler.java:59)\n\tat io.appium.uiautomator2.server.AppiumServlet.handleRequest(AppiumServlet.java:267)\n\tat io.appium.uiautomator2.server.AppiumServlet.handleHttpRequest(AppiumServlet.java:261)\n\tat io.appium.uiautomator2.http.ServerHandler.channelRead(ServerHandler.java:77)\n\tat io.netty.channel.AbstractChannelHandlerContext.fireChannelRead(AbstractChannelHandlerContext.java:357)\n\tat io.netty.handler.codec.MessageToMessageDecoder.channelRead(MessageToMessageDecoder.java:107)\n\tat io.netty.channel.AbstractChannelHandlerContext.fireChannelRead(AbstractChannelHandlerContext.java:357)\n\tat io.netty.channel.CombinedChannelDuplexHandler$DelegatingChannelHandlerContext.fireChannelRead(CombinedChannelDuplexHandler.java:434)\n\tat io.netty.handler.codec.ByteToMessageDecoder.fireChannelRead(ByteToMessageDecoder.java:361)\n\tat io.netty.handler.codec.ByteToMessageDecoder.channelRead(ByteToMessageDecoder.java:325)\n\tat io.netty.channel.CombinedChannelDuplexHandler.channelRead(CombinedChannelDuplexHandler.java:249)\n\tat io.netty.channel.AbstractChannelHandlerContext.fireChannelRead(AbstractChannelHandlerContext.java:355)\n\tat io.netty.handler.timeout.IdleStateHandler.channelRead(IdleStateHandler.java:288)\n\tat io.netty.channel.AbstractChannelHandlerContext.fireChannelRead(AbstractChannelHandlerContext.java:355)\n\tat io.netty.channel.DefaultChannelPipeline$HeadContext.channelRead(DefaultChannelPipeline.java:1429)\n\tat io.netty.channel.DefaultChannelPipeline.fireChannelRead(DefaultChannelPipeline.java:918)\n\tat io.netty.channel.nio.AbstractNioByteChannel$NioByteUnsafe.read(AbstractNioByteChannel.java:176)\n\tat io.netty.channel.nio.AbstractNioChannel$AbstractNioUnsafe.handle(AbstractNioChannel.java:445)\n\tat io.netty.channel.nio.NioIoHandler$DefaultNioRegistration.handle(NioIoHandler.java:388)\n\tat io.netty.channel.nio.NioIoHandler.processSelectedKey(NioIoHandler.java:596)\n\tat io.netty.channel.nio.NioIoHandler.processSelectedKeysOptimized(NioIoHandler.java:571)\n\tat io.netty.channel.nio.NioIoHandler.processSelectedKeys(NioIoHandler.java:512)\n\tat io.netty.channel.nio.NioIoHandler.run(NioIoHandler.java:484)\n\tat io.netty.channel.SingleThreadIoEventLoop.runIo(SingleThreadIoEventLoop.java:225)\n\tat io.netty.channel.SingleThreadIoEventLoop.run(SingleThreadIoEventLoop.java:196)\n\tat io.netty.util.concurrent.SingleThreadEventExecutor$5.run(SingleThreadEventExecutor.java:1195)\n\tat io.netty.util.internal.ThreadExecutorMap$2.run(ThreadExecutorMap.java:74)\n\tat io.netty.util.concurrent.FastThreadLocalRunnable.run(FastThreadLocalRunnable.java:30)\n\tat java.lang.Thread.run(Thread.java:1564)\n"}}
[2026-06-14T09:32:27.294Z] [ALL] 06-14 15:02:24.362  1486  2138 D SLocation: AgingAccuracy - no response from core, get max distance
[2026-06-14T09:32:27.294Z] [ALL] 06-14 15:02:24.363  1486  2138 D SLocation: FilteredLastLocation - notify all last locations, loc : 2
[2026-06-14T09:32:27.300Z] [ALL] 06-14 15:02:24.368  1149  1317 D SurfaceFlinger: setDesiredMode 4633128672291736000 {mode={fps=60.00 Hz, modePtr={id=1, vsyncRate=60.00 Hz, peakRefreshRate=60.00 Hz}}, emitEvent=false, force=false}
[2026-06-14T09:32:27.306Z] [ALL] 06-14 15:02:24.371  1149  1149 I SurfaceFlinger: StatusBar$_2112#94 voted NoVote (0.00 Hz)
[2026-06-14T09:32:27.306Z] [ALL] 06-14 15:02:24.371  1149  1149 I SurfaceFlinger: IdleFps - choose 60.00 Hz
[2026-06-14T09:32:27.306Z] [ALL] 06-14 15:02:24.372  1149  1149 D SurfaceFlinger: initiateModeChange 4633128672291736000 {mode={fps=60.00 Hz, modePtr={id=1, vsyncRate=60.00 Hz, peakRefreshRate=60.00 Hz}}, emitEvent=false, force=false}
[2026-06-14T09:32:27.306Z] [ALL] 06-14 15:02:24.372  1149  1149 I SurfaceFlinger: [4633128672291736000] ActiveConfigToHWC, ID : 4
[2026-06-14T09:32:27.306Z] [ALL] 06-14 15:02:24.374  1149  1280 I SurfaceFlinger: Current= 120, Period= 60, hwcPeriod= 120
[2026-06-14T09:32:27.309Z] [ALL] 06-14 15:02:24.376  1062 15192 D display : setActiveConfigWithConstraints:: PrimaryDisplay config(4)
[2026-06-14T09:32:27.309Z] [ALL] 06-14 15:02:24.376  1062 15192 I display : Current VRR MODE is 3
[2026-06-14T09:32:27.309Z] [ALL] 06-14 15:02:24.376  1062 15192 I display : setActiveConfigWithConstraints:: HFR match - config: 5, base: 4, try: 0
[2026-06-14T09:32:27.309Z] [ALL] 06-14 15:02:24.376  1062 15192 I display : setActiveConfigWithConstraints::update 1080x2340@60phs
[2026-06-14T09:32:27.309Z] [ALL] 06-14 15:02:24.376  1062 15192 I display : commit modeset : 1080x2340@60phs
[2026-06-14T09:32:27.309Z] [ALL] 06-14 15:02:24.379  1149  1280 I SurfaceFlinger: Current= 120, Period= 60, hwcPeriod= 120
[2026-06-14T09:32:27.318Z] [ALL] 06-14 15:02:24.391  1062 15192 W display : deliverWinConfigData:: commit modeset time (15 ms)
[2026-06-14T09:32:27.325Z] [ALL] 06-14 15:02:24.394  1149  1149 D SurfaceFlinger: GPIS:: requestGpisForSFSluggish
[2026-06-14T09:32:27.325Z] [ALL] 06-14 15:02:24.394  1149  1149 I SurfaceFlinger: finalizeDisplayModeChange 4633128672291736000
[2026-06-14T09:32:27.328Z] [ALL] 06-14 15:02:24.398  1062  1159 I display : [compareVsyncPeriod] set the lowest(mode:0) vsync 166 of display(0)
[2026-06-14T09:32:27.328Z] [ALL] 06-14 15:02:24.398  1062  1159 I display : getFpsForPerformance, performance table found using table(key:60, cpu:255)
[2026-06-14T09:32:27.328Z] [ALL] 06-14 15:02:24.398  1062  1159 I display : Set m2mMPP capacity(8) for fps(60)
[2026-06-14T09:32:27.328Z] [ALL] 06-14 15:02:24.398  1062  1159 I display : getFpsForPerformance, performance table found using table(key:60, cpu:255)
[2026-06-14T09:32:27.328Z] [ALL] 06-14 15:02:24.398  1062  1159 I display : Set Affinity config for fps(60) : cpuIDs : 255
[2026-06-14T09:32:27.328Z] [ALL] 06-14 15:02:24.398  1062  1159 I display : Set Affinity CPU ID : 0
[2026-06-14T09:32:27.328Z] [ALL] 06-14 15:02:24.398  1062  1159 I display : Set Affinity CPU ID : 1
[2026-06-14T09:32:27.328Z] [ALL] 06-14 15:02:24.398  1062  1159 I display : Set Affinity CPU ID : 2
[2026-06-14T09:32:27.328Z] [ALL] 06-14 15:02:24.398  1062  1159 I display : Set Affinity CPU ID : 3
[2026-06-14T09:32:27.328Z] [ALL] 06-14 15:02:24.398  1062  1159 I display : Set Affinity CPU ID : 4
[2026-06-14T09:32:27.328Z] [ALL] 06-14 15:02:24.398  1062  1159 I display : Set Affinity CPU ID : 5
[2026-06-14T09:32:27.328Z] [ALL] 06-14 15:02:24.398  1062  1159 I display : Set Affinity CPU ID : 6
[2026-06-14T09:32:27.328Z] [ALL] 06-14 15:02:24.398  1062  1159 I display : Set Affinity CPU ID : 7
[2026-06-14T09:32:27.328Z] [ALL] 06-14 15:02:24.398  1062  1159 I display : Set affinity HWC : 1062
[2026-06-14T09:32:27.328Z] [ALL] 06-14 15:02:24.399  1062  1159 I display : CPU set : Cluster(0), min_clock(0)
[2026-06-14T09:32:27.328Z] [ALL] 06-14 15:02:24.399  1062  1159 I display : CPU set : Cluster(1), min_clock(0)
[2026-06-14T09:32:27.328Z] [ALL] 06-14 15:02:24.399  1062  1159 I display : CPU set : Cluster(2), min_clock(0)
[2026-06-14T09:32:27.328Z] [ALL] 06-14 15:02:24.399  1149  1280 I SurfaceFlinger: Current= 120, Period= 60, hwcPeriod= 60
[2026-06-14T09:32:27.874Z] [ALL] 06-14 15:02:24.937 10725 10763 I appium  : channel read: POST /session/e97b7abb-6aa8-4e9c-b8b4-b3047c3ed272/element
[2026-06-14T09:32:27.874Z] [ALL] 06-14 15:02:24.938 10725 10763 I appium  : FindElement command
[2026-06-14T09:32:27.893Z] [ALL] 06-14 15:02:24.939 10725 10763 I appium  : method: 'xpath', selector: '//*[@resource-id="otp_input_field" or @content-desc="otp_input_field"]'
[2026-06-14T09:32:27.893Z] [ALL] 06-14 15:02:24.939 10725 10763 I appium  : Waiting up to 10000ms for the device to idle
[2026-06-14T09:32:27.893Z] [ALL] 06-14 15:02:24.941 10725 10763 I appium  : The following attributes will be included to the page source: [resource-id, content-desc]
[2026-06-14T09:32:28.136Z] [ALL] 06-14 15:02:25.168 10725 10763 I appium  : Took 0ms to retrieve 0 matches for '//*[@resource-id="otp_input_field" or @content-desc="otp_input_field"]' XPath2 query
[2026-06-14T09:32:28.241Z] [ALL] 06-14 15:02:25.169 10725 10763 I appium  : AppiumResponse: {"sessionId":"e97b7abb-6aa8-4e9c-b8b4-b3047c3ed272","value":{"error":"no such element","message":"An element could not be located on the page using the given search parameters","stacktrace":"io.appium.uiautomator2.common.exceptions.ElementNotFoundException: An element could not be located on the page using the given search parameters\n\tat io.appium.uiautomator2.utils.ElementLocationHelpers.findElement(ElementLocationHelpers.java:153)\n\tat io.appium.uiautomator2.handler.FindElement.safeHandle(FindElement.java:60)\n\tat io.appium.uiautomator2.handler.request.SafeRequestHandler.handle(SafeRequestHandler.java:59)\n\tat io.appium.uiautomator2.server.AppiumServlet.handleRequest(AppiumServlet.java:267)\n\tat io.appium.uiautomator2.server.AppiumServlet.handleHttpRequest(AppiumServlet.java:261)\n\tat io.appium.uiautomator2.http.ServerHandler.channelRead(ServerHandler.java:77)\n\tat io.netty.channel.AbstractChannelHandlerContext.fireChannelRead(AbstractChannelHandlerContext.java:357)\n\tat io.netty.handler.codec.MessageToMessageDecoder.channelRead(MessageToMessageDecoder.java:107)\n\tat io.netty.channel.AbstractChannelHandlerContext.fireChannelRead(AbstractChannelHandlerContext.java:357)\n\tat io.netty.channel.CombinedChannelDuplexHandler$DelegatingChannelHandlerContext.fireChannelRead(CombinedChannelDuplexHandler.java:434)\n\tat io.netty.handler.codec.ByteToMessageDecoder.fireChannelRead(ByteToMessageDecoder.java:361)\n\tat io.netty.handler.codec.ByteToMessageDecoder.channelRead(ByteToMessageDecoder.java:325)\n\tat io.netty.channel.CombinedChannelDuplexHandler.channelRead(CombinedChannelDuplexHandler.java:249)\n\tat io.netty.channel.AbstractChannelHandlerContext.fireChannelRead(AbstractChannelHandlerContext.java:355)\n\tat io.netty.handler.timeout.IdleStateHandler.channelRead(IdleStateHandler.java:288)\n\tat io.netty.channel.AbstractChannelHandlerContext.fireChannelRead(AbstractChannelHandlerContext.java:355)\n\tat io.netty.channel.DefaultChannelPipeline$HeadContext.channelRead(DefaultChannelPipeline.java:1429)\n\tat io.netty.channel.DefaultChannelPipeline.fireChannelRead(DefaultChannelPipeline.java:918)\n\tat io.netty.channel.nio.AbstractNioByteChannel$NioByteUnsafe.read(AbstractNioByteChannel.java:176)\n\tat io.netty.channel.nio.AbstractNioChannel$AbstractNioUnsafe.handle(AbstractNioChannel.java:445)\n\tat io.netty.channel.nio.NioIoHandler$DefaultNioRegistration.handle(NioIoHandler.java:388)\n\tat io.netty.channel.nio.NioIoHandler.processSelectedKey(NioIoHandler.java:596)\n\tat io.netty.channel.nio.NioIoHandler.processSelectedKeysOptimized(NioIoHandler.java:571)\n\tat io.netty.channel.nio.NioIoHandler.processSelectedKeys(NioIoHandler.java:512)\n\tat io.netty.channel.nio.NioIoHandler.run(NioIoHandler.java:484)\n\tat io.netty.channel.SingleThreadIoEventLoop.runIo(SingleThreadIoEventLoop.java:225)\n\tat io.netty.channel.SingleThreadIoEventLoop.run(SingleThreadIoEventLoop.java:196)\n\tat io.netty.util.concurrent.SingleThreadEventExecutor$5.run(SingleThreadEventExecutor.java:1195)\n\tat io.netty.util.internal.ThreadExecutorMap$2.run(ThreadExecutorMap.java:74)\n\tat io.netty.util.concurrent.FastThreadLocalRunnable.run(FastThreadLocalRunnable.java:30)\n\tat java.lang.Thread.run(Thread.java:1564)\n"}}
[2026-06-14T09:32:28.241Z] [ALL] 06-14 15:02:25.176  1111  1162 D HeatmapThread: Updated plugType via uevent: 0
[2026-06-14T09:32:28.241Z] [ALL] 06-14 15:02:25.179  1063  1142 E BatteryDump: !@new_battery_dump : 4286,15,1000,2000,99,387,372,402,387,0,377,378,0,Full,NO_CHARGING,None,Good,PDIC,0,Normal,0,0,9180,0x8000,0x10010000,0x0,0,0,0000,0000,00000000,0,0,0,0,890,4287,9691,970,0,
[2026-06-14T09:32:28.241Z] [ALL] 06-14 15:02:25.185  1063  1063 I android.hardware.health@2.1-service-samsung: updateLrpSysfs: write: 375
[2026-06-14T09:32:28.241Z] [ALL] 06-14 15:02:25.187  1486  7792 V [SS]SleepChargingTimeController: [isActivated]mSleepChargingStatus isNowSessionTime False => false
[2026-06-14T09:32:28.297Z] [ALL] 06-14 15:02:25.340   747   747 D io_stats: !@   8,0 r 79732184 1572375821 w 12669844 207591592 d 4210557 258731016 f 0 1106442 iot 28680184 0 th 0 0 0 pt 0 inp 0 0 180359.729
[2026-06-14T09:32:28.712Z] [ALL] 06-14 15:02:25.784 10725 10763 I appium  : channel read: POST /session/e97b7abb-6aa8-4e9c-b8b4-b3047c3ed272/element
[2026-06-14T09:32:28.712Z] [ALL] 06-14 15:02:25.785 10725 10763 I appium  : FindElement command
[2026-06-14T09:32:28.715Z] [ALL] 06-14 15:02:25.786 10725 10763 I appium  : method: 'xpath', selector: '//*[@resource-id="otp_input_field" or @content-desc="otp_input_field"]'
[2026-06-14T09:32:28.715Z] [ALL] 06-14 15:02:25.786 10725 10763 I appium  : Waiting up to 10000ms for the device to idle
[2026-06-14T09:32:28.715Z] [ALL] 06-14 15:02:25.788 10725 10763 I appium  : The following attributes will be included to the page source: [resource-id, content-desc]
[2026-06-14T09:32:28.889Z] [ALL] 06-14 15:02:25.958  1486 11835 D WifiConnectivityMonitor.DnsThread:  [|205]
[2026-06-14T09:32:28.889Z] [ALL] 06-14 15:02:25.959  1486  1860 D WifiConnectivityMonitor.NetworkStatsAnalyzer: DNS resultType : 0, responseTime : 205
[2026-06-14T09:32:28.894Z] [ALL] 06-14 15:02:25.961  1486  1858 D OpenNetworkQos[4.00]: updateBssidLatestDnsResultType - result: 0
[2026-06-14T09:32:28.894Z] [ALL] 06-14 15:02:25.961  1486  1858 D OpenNetworkQos[4.00]: updateBssidNoInternet: mBssidNoInternet = false
[2026-06-14T09:32:28.894Z] [ALL] 06-14 15:02:25.961  1486  1858 D OpenNetworkQos[4.00]: getOpenNetworkQosNoInternetStatus: false
[2026-06-14T09:32:28.894Z] [ALL] 06-14 15:02:25.961  1486  1858 D OpenNetworkQos[4.00]: getOpenNetworkQosScores: 26 26 30 
[2026-06-14T09:32:28.894Z] [ALL] 06-14 15:02:25.961  1486  1858 I WifiProfileShare: network QoS data was changed (internet), updateQoSData networkType: true, qosData: false
[2026-06-14T09:32:28.894Z] [ALL] 06-14 15:02:25.962  1486  3127 V WifiProfileShare.Caster: update wips network, size: 0
[2026-06-14T09:32:28.894Z] [ALL] 06-14 15:02:25.962  1486  3127 D WifiProfileShare: nearby scanning settings run
[2026-06-14T09:32:28.894Z] [ALL] 06-14 15:02:25.963  1486  3127 D WifiProfileShare: network score provider settings enabled
[2026-06-14T09:32:28.894Z] [ALL] 06-14 15:02:25.963  1486  3127 D OpenNetworkQos[4.00]: getOpenNetworkQosScores: 26 26 30 
[2026-06-14T09:32:28.894Z] [ALL] 06-14 15:02:25.963  1486  3127 D OpenNetworkQos[4.00]: getOpenNetworkQosNoInternetStatus: false
[2026-06-14T09:32:28.894Z] [ALL] 06-14 15:02:25.963  1486  3127 I WifiProfileShare.Caster: current network type: 0, score: [26, 26, 30]
[2026-06-14T09:32:28.900Z] [ALL] 06-14 15:02:25.967  1486  3127 V WifiProfileShare.Cache: update network score 14:33:75:**:**:cb
[2026-06-14T09:32:28.900Z] [ALL] 06-14 15:02:25.968  1486  3127 D WifiProfileShare.ScanMatcher: getMcfDataList size:2
[2026-06-14T09:32:28.900Z] [ALL] 06-14 15:02:25.969  1486  3127 I WifiProfileShare.Caster: qos data was updated , before:type:QOS, pBssid:4a:79:df, qosData:7c after:type:QOS, pBssid:4a:79:df, qosData:7c
[2026-06-14T09:32:28.907Z] [ALL] 06-14 15:02:25.973  1486  3127 I [MCFSDK_android_1.3.7026]_4_McfCasterImpl: isNetworkEnabled - type : 1 ret : true
[2026-06-14T09:32:28.907Z] [ALL] 06-14 15:02:25.974  1486  3127 D WifiProfileShare.McfCast: -ME--- mIsNetworkEnabled :true
[2026-06-14T09:32:28.907Z] [ALL] 06-14 15:02:25.975  1486  3127 D WifiProfileShare.McfCast: updateQoSData ignored, same contents
[2026-06-14T09:32:28.907Z] [ALL] 06-14 15:02:25.975  1486  3127 D WifiProfileShare.MCF: success update QosData !
[2026-06-14T09:32:28.907Z] [ALL] 06-14 15:02:25.976  1486  3127 I [MCFSDK_android_1.3.7026]_4_McfCasterImpl: isNetworkEnabled - type : 1 ret : true
[2026-06-14T09:32:28.907Z] [ALL] 06-14 15:02:25.976  1486  3127 D WifiProfileShare.McfCast: -ME--- mIsNetworkEnabled :true
[2026-06-14T09:32:28.907Z] [ALL] 06-14 15:02:25.976  1486  3127 D WifiProfileShare.McfCast: -ME--- updatePasswordDate pwdData size:2
[2026-06-14T09:32:28.953Z] [ALL] 06-14 15:02:26.023 10725 10763 I appium  : Took 0ms to retrieve 0 matches for '//*[@resource-id="otp_input_field" or @content-desc="otp_input_field"]' XPath2 query
[2026-06-14T09:32:28.970Z] [ALL] 06-14 15:02:26.025 10725 10763 I appium  : AppiumResponse: {"sessionId":"e97b7abb-6aa8-4e9c-b8b4-b3047c3ed272","value":{"error":"no such element","message":"An element could not be located on the page using the given search parameters","stacktrace":"io.appium.uiautomator2.common.exceptions.ElementNotFoundException: An element could not be located on the page using the given search parameters\n\tat io.appium.uiautomator2.utils.ElementLocationHelpers.findElement(ElementLocationHelpers.java:153)\n\tat io.appium.uiautomator2.handler.FindElement.safeHandle(FindElement.java:60)\n\tat io.appium.uiautomator2.handler.request.SafeRequestHandler.handle(SafeRequestHandler.java:59)\n\tat io.appium.uiautomator2.server.AppiumServlet.handleRequest(AppiumServlet.java:267)\n\tat io.appium.uiautomator2.server.AppiumServlet.handleHttpRequest(AppiumServlet.java:261)\n\tat io.appium.uiautomator2.http.ServerHandler.channelRead(ServerHandler.java:77)\n\tat io.netty.channel.AbstractChannelHandlerContext.fireChannelRead(AbstractChannelHandlerContext.java:357)\n\tat io.netty.handler.codec.MessageToMessageDecoder.channelRead(MessageToMessageDecoder.java:107)\n\tat io.netty.channel.AbstractChannelHandlerContext.fireChannelRead(AbstractChannelHandlerContext.java:357)\n\tat io.netty.channel.CombinedChannelDuplexHandler$DelegatingChannelHandlerContext.fireChannelRead(CombinedChannelDuplexHandler.java:434)\n\tat io.netty.handler.codec.ByteToMessageDecoder.fireChannelRead(ByteToMessageDecoder.java:361)\n\tat io.netty.handler.codec.ByteToMessageDecoder.channelRead(ByteToMessageDecoder.java:325)\n\tat io.netty.channel.CombinedChannelDuplexHandler.channelRead(CombinedChannelDuplexHandler.java:249)\n\tat io.netty.channel.AbstractChannelHandlerContext.fireChannelRead(AbstractChannelHandlerContext.java:355)\n\tat io.netty.handler.timeout.IdleStateHandler.channelRead(IdleStateHandler.java:288)\n\tat io.netty.channel.AbstractChannelHandlerContext.fireChannelRead(AbstractChannelHandlerContext.java:355)\n\tat io.netty.channel.DefaultChannelPipeline$HeadContext.channelRead(DefaultChannelPipeline.java:1429)\n\tat io.netty.channel.DefaultChannelPipeline.fireChannelRead(DefaultChannelPipeline.java:918)\n\tat io.netty.channel.nio.AbstractNioByteChannel$NioByteUnsafe.read(AbstractNioByteChannel.java:176)\n\tat io.netty.channel.nio.AbstractNioChannel$AbstractNioUnsafe.handle(AbstractNioChannel.java:445)\n\tat io.netty.channel.nio.NioIoHandler$DefaultNioRegistration.handle(NioIoHandler.java:388)\n\tat io.netty.channel.nio.NioIoHandler.processSelectedKey(NioIoHandler.java:596)\n\tat io.netty.channel.nio.NioIoHandler.processSelectedKeysOptimized(NioIoHandler.java:571)\n\tat io.netty.channel.nio.NioIoHandler.processSelectedKeys(NioIoHandler.java:512)\n\tat io.netty.channel.nio.NioIoHandler.run(NioIoHandler.java:484)\n\tat io.netty.channel.SingleThreadIoEventLoop.runIo(SingleThreadIoEventLoop.java:225)\n\tat io.netty.channel.SingleThreadIoEventLoop.run(SingleThreadIoEventLoop.java:196)\n\tat io.netty.util.concurrent.SingleThreadEventExecutor$5.run(SingleThreadEventExecutor.java:1195)\n\tat io.netty.util.internal.ThreadExecutorMap$2.run(ThreadExecutorMap.java:74)\n\tat io.netty.util.concurrent.FastThreadLocalRunnable.run(FastThreadLocalRunnable.java:30)\n\tat java.lang.Thread.run(Thread.java:1564)\n"}}
[2026-06-14T09:32:29.159Z] [ALL] 06-14 15:02:26.229  1486  1856 D SemWifiSwitchForIndividualAppsService: isSkipNetworkCondition - result:2
[2026-06-14T09:32:29.219Z] [ALL] 06-14 15:02:26.285  4132  4132 I SDHMS:LOAD: type: LoadsFreqs, value: 14:0:0:576000:576000:576000:656640:1632000:576000:30:303:0
[2026-06-14T09:32:29.484Z] [ALL] 06-14 15:02:26.558 10725 10763 I appium  : channel read: POST /session/e97b7abb-6aa8-4e9c-b8b4-b3047c3ed272/element
[2026-06-14T09:32:29.488Z] [ALL] 06-14 15:02:26.559 10725 10763 I appium  : FindElement command
[2026-06-14T09:32:29.488Z] [ALL] 06-14 15:02:26.560 10725 10763 I appium  : method: 'xpath', selector: '//*[@resource-id="otp_input_field" or @content-desc="otp_input_field"]'
[2026-06-14T09:32:29.488Z] [ALL] 06-14 15:02:26.560 10725 10763 I appium  : Waiting up to 10000ms for the device to idle
[2026-06-14T09:32:29.491Z] [ALL] 06-14 15:02:26.562 10725 10763 I appium  : The following attributes will be included to the page source: [resource-id, content-desc]
[2026-06-14T09:32:29.711Z] [ALL] 06-14 15:02:26.785 10725 10763 I appium  : Took 0ms to retrieve 0 matches for '//*[@resource-id="otp_input_field" or @content-desc="otp_input_field"]' XPath2 query
[2026-06-14T09:32:29.715Z] [ALL] 06-14 15:02:26.786 10725 10763 I appium  : AppiumResponse: {"sessionId":"e97b7abb-6aa8-4e9c-b8b4-b3047c3ed272","value":{"error":"no such element","message":"An element could not be located on the page using the given search parameters","stacktrace":"io.appium.uiautomator2.common.exceptions.ElementNotFoundException: An element could not be located on the page using the given search parameters\n\tat io.appium.uiautomator2.utils.ElementLocationHelpers.findElement(ElementLocationHelpers.java:153)\n\tat io.appium.uiautomator2.handler.FindElement.safeHandle(FindElement.java:60)\n\tat io.appium.uiautomator2.handler.request.SafeRequestHandler.handle(SafeRequestHandler.java:59)\n\tat io.appium.uiautomator2.server.AppiumServlet.handleRequest(AppiumServlet.java:267)\n\tat io.appium.uiautomator2.server.AppiumServlet.handleHttpRequest(AppiumServlet.java:261)\n\tat io.appium.uiautomator2.http.ServerHandler.channelRead(ServerHandler.java:77)\n\tat io.netty.channel.AbstractChannelHandlerContext.fireChannelRead(AbstractChannelHandlerContext.java:357)\n\tat io.netty.handler.codec.MessageToMessageDecoder.channelRead(MessageToMessageDecoder.java:107)\n\tat io.netty.channel.AbstractChannelHandlerContext.fireChannelRead(AbstractChannelHandlerContext.java:357)\n\tat io.netty.channel.CombinedChannelDuplexHandler$DelegatingChannelHandlerContext.fireChannelRead(CombinedChannelDuplexHandler.java:434)\n\tat io.netty.handler.codec.ByteToMessageDecoder.fireChannelRead(ByteToMessageDecoder.java:361)\n\tat io.netty.handler.codec.ByteToMessageDecoder.channelRead(ByteToMessageDecoder.java:325)\n\tat io.netty.channel.CombinedChannelDuplexHandler.channelRead(CombinedChannelDuplexHandler.java:249)\n\tat io.netty.channel.AbstractChannelHandlerContext.fireChannelRead(AbstractChannelHandlerContext.java:355)\n\tat io.netty.handler.timeout.IdleStateHandler.channelRead(IdleStateHandler.java:288)\n\tat io.netty.channel.AbstractChannelHandlerContext.fireChannelRead(AbstractChannelHandlerContext.java:355)\n\tat io.netty.channel.DefaultChannelPipeline$HeadContext.channelRead(DefaultChannelPipeline.java:1429)\n\tat io.netty.channel.DefaultChannelPipeline.fireChannelRead(DefaultChannelPipeline.java:918)\n\tat io.netty.channel.nio.AbstractNioByteChannel$NioByteUnsafe.read(AbstractNioByteChannel.java:176)\n\tat io.netty.channel.nio.AbstractNioChannel$AbstractNioUnsafe.handle(AbstractNioChannel.java:445)\n\tat io.netty.channel.nio.NioIoHandler$DefaultNioRegistration.handle(NioIoHandler.java:388)\n\tat io.netty.channel.nio.NioIoHandler.processSelectedKey(NioIoHandler.java:596)\n\tat io.netty.channel.nio.NioIoHandler.processSelectedKeysOptimized(NioIoHandler.java:571)\n\tat io.netty.channel.nio.NioIoHandler.processSelectedKeys(NioIoHandler.java:512)\n\tat io.netty.channel.nio.NioIoHandler.run(NioIoHandler.java:484)\n\tat io.netty.channel.SingleThreadIoEventLoop.runIo(SingleThreadIoEventLoop.java:225)\n\tat io.netty.channel.SingleThreadIoEventLoop.run(SingleThreadIoEventLoop.java:196)\n\tat io.netty.util.concurrent.SingleThreadEventExecutor$5.run(SingleThreadEventExecutor.java:1195)\n\tat io.netty.util.internal.ThreadExecutorMap$2.run(ThreadExecutorMap.java:74)\n\tat io.netty.util.concurrent.FastThreadLocalRunnable.run(FastThreadLocalRunnable.java:30)\n\tat java.lang.Thread.run(Thread.java:1564)\n"}}
[2026-06-14T09:32:29.725Z] [ALL] 06-14 15:02:26.799  1928  2036 D SatelliteController: isInCarrierRoamingNbIotNtn: satellite is disabled
[2026-06-14T09:32:29.735Z] [ALL] 06-14 15:02:26.807  2112  2403 D MobileSignalTransitionManager: updateSignalTransition
[2026-06-14T09:32:29.738Z] [ALL] 06-14 15:02:26.808  2112  2404 D MobileSignalTransitionManager: updateSignalTransition
[2026-06-14T09:32:29.739Z] [ALL] 06-14 15:02:26.809  1928  2036 D SatelliteController: getCarrierRoamingNtnConnectType: Falling back to global carrier config connect type: 0
[2026-06-14T09:32:29.739Z] [ALL] 06-14 15:02:26.809  1928  2036 D SatelliteController: updateLastNotifiedCarrierRoamingNtnSignalStrengthAndNotify(3)
[2026-06-14T09:32:29.744Z] [ALL] 06-14 15:02:26.810  1928  2036 D SatelliteController: updateLastNotifiedCarrierRoamingNtnSignalStrengthAndNotify(3) lastNotifiedSignalStrength level: 0
[2026-06-14T09:32:29.744Z] [ALL] 06-14 15:02:26.810  1928  2036 D SatelliteController: updateLastNotifiedCarrierRoamingNtnSignalStrengthAndNotify(3) currSignalStrength level: 0
[2026-06-14T09:32:29.746Z] [ALL] 06-14 15:02:26.815  1149  1280 I SurfaceFlinger: Current= 60, Period= 60, hwcPeriod= 60
[2026-06-14T09:32:29.746Z] [ALL] 06-14 15:02:26.817  2619  2727 I HoneySpace.StatusIconTracker: invokeEvent() called with: event = Mobile(bundle=Bundle[mParcelledData.dataSize=256])
[2026-06-14T09:32:29.746Z] [ALL] 06-14 15:02:26.817  1928  2036 D SatelliteController: isInCarrierRoamingNbIotNtn: satellite is disabled
[2026-06-14T09:32:29.746Z] [ALL] 06-14 15:02:26.818  1928  2036 D SatelliteController: getCarrierRoamingNtnConnectType: Falling back to global carrier config connect type: 0
[2026-06-14T09:32:29.746Z] [ALL] 06-14 15:02:26.819  1928  2036 D SatelliteController: updateLastNotifiedCarrierRoamingNtnSignalStrengthAndNotify(3)
[2026-06-14T09:32:29.746Z] [ALL] 06-14 15:02:26.819  1928  2036 D SatelliteController: updateLastNotifiedCarrierRoamingNtnSignalStrengthAndNotify(3) lastNotifiedSignalStrength level: 0
[2026-06-14T09:32:29.747Z] [ALL] 06-14 15:02:26.819  1928  2036 D SatelliteController: updateLastNotifiedCarrierRoamingNtnSignalStrengthAndNotify(3) currSignalStrength level: 0
[2026-06-14T09:32:29.775Z] [ALL] 06-14 15:02:26.844  1149  1317 D SurfaceFlinger: setDesiredMode 4633128672291736000 {mode={fps=120.00 Hz, modePtr={id=0, vsyncRate=120.00 Hz, peakRefreshRate=120.00 Hz}}, emitEvent=false, force=false}
[2026-06-14T09:32:29.783Z] [ALL] 06-14 15:02:26.852  1149  1149 I SurfaceFlinger: StatusBar$_2112#94 voted NoVote (0.00 Hz)
[2026-06-14T09:32:29.783Z] [ALL] 06-14 15:02:26.852  1149  1149 I SurfaceFlinger: No layers with votes - choose 120.00 Hz
[2026-06-14T09:32:29.791Z] [ALL] 06-14 15:02:26.853  1149  1149 D SurfaceFlinger: initiateModeChange 4633128672291736000 {mode={fps=120.00 Hz, modePtr={id=0, vsyncRate=120.00 Hz, peakRefreshRate=120.00 Hz}}, emitEvent=false, force=false}
[2026-06-14T09:32:29.791Z] [ALL] 06-14 15:02:26.854  1149  1149 I SurfaceFlinger: [4633128672291736000] ActiveConfigToHWC, ID : 3
[2026-06-14T09:32:29.791Z] [ALL] 06-14 15:02:26.857  1062 15192 D display : setActiveConfigWithConstraints:: PrimaryDisplay config(3)
[2026-06-14T09:32:29.791Z] [ALL] 06-14 15:02:26.858  1062 15192 I display : Current VRR MODE is 3
[2026-06-14T09:32:29.791Z] [ALL] 06-14 15:02:26.858  1062 15192 I display : setActiveConfigWithConstraints:: HFR match - config: 3, base: 3, try: 1
[2026-06-14T09:32:29.791Z] [ALL] 06-14 15:02:26.858  1062 15192 I display : setActiveConfigWithConstraints::update 1080x2340@120hs
[2026-06-14T09:32:29.791Z] [ALL] 06-14 15:02:26.858  1062 15192 I display : commit modeset : 1080x2340@120hs
[2026-06-14T09:32:29.813Z] [ALL] 06-14 15:02:26.875  1062 15192 W display : deliverWinConfigData:: commit modeset time (16 ms)
[2026-06-14T09:32:29.813Z] [ALL] 06-14 15:02:26.877  1062  1159 I display : [compareVsyncPeriod] set the lowest(mode:0) vsync 83 of display(0)
[2026-06-14T09:32:29.813Z] [ALL] 06-14 15:02:26.877  1062  1159 I display : getFpsForPerformance, performance table found using table(key:120, cpu:255)
[2026-06-14T09:32:29.813Z] [ALL] 06-14 15:02:26.877  1062  1159 I display : Set m2mMPP capacity(4) for fps(120)
[2026-06-14T09:32:29.813Z] [ALL] 06-14 15:02:26.877  1062  1159 I display : getFpsForPerformance, performance table found using table(key:120, cpu:255)
[2026-06-14T09:32:29.813Z] [ALL] 06-14 15:02:26.877  1062  1159 I display : Set Affinity config for fps(120) : cpuIDs : 255
[2026-06-14T09:32:29.813Z] [ALL] 06-14 15:02:26.877  1062  1159 I display : Set Affinity CPU ID : 0
[2026-06-14T09:32:29.845Z] [ALL] 06-14 15:02:26.877  1062  1159 I display : Set Affinity CPU ID : 1
[2026-06-14T09:32:29.845Z] [ALL] 06-14 15:02:26.878  1062  1159 I display : Set Affinity CPU ID : 2
[2026-06-14T09:32:29.845Z] [ALL] 06-14 15:02:26.878  1062  1159 I display : Set Affinity CPU ID : 3
[2026-06-14T09:32:29.845Z] [ALL] 06-14 15:02:26.878  1062  1159 I display : Set Affinity CPU ID : 4
[2026-06-14T09:32:29.845Z] [ALL] 06-14 15:02:26.878  1062  1159 I display : Set Affinity CPU ID : 5
[2026-06-14T09:32:29.845Z] [ALL] 06-14 15:02:26.878  1062  1159 I display : Set Affinity CPU ID : 6
[2026-06-14T09:32:29.845Z] [ALL] 06-14 15:02:26.878  1062  1159 I display : Set Affinity CPU ID : 7
[2026-06-14T09:32:29.845Z] [ALL] 06-14 15:02:26.878  1062  1159 I display : Set affinity HWC : 1062
[2026-06-14T09:32:29.845Z] [ALL] 06-14 15:02:26.879  1062  1159 I display : CPU set : Cluster(0), min_clock(0)
[2026-06-14T09:32:29.845Z] [ALL] 06-14 15:02:26.879  1062  1159 I display : CPU set : Cluster(1), min_clock(0)
[2026-06-14T09:32:29.845Z] [ALL] 06-14 15:02:26.879  1062  1159 I display : CPU set : Cluster(2), min_clock(0)
[2026-06-14T09:32:29.845Z] [ALL] 06-14 15:02:26.880  1149  1280 I SurfaceFlinger: Current= 60, Period= 120, hwcPeriod= 120
[2026-06-14T09:32:29.845Z] [ALL] 06-14 15:02:26.881  1149  1149 I SurfaceFlinger: finalizeDisplayModeChange 4633128672291736000
[2026-06-14T09:32:30.025Z] [ALL] 06-14 15:02:27.096  1149  1317 D SurfaceFlinger: setDesiredMode 4633128672291736000 {mode={fps=60.00 Hz, modePtr={id=1, vsyncRate=60.00 Hz, peakRefreshRate=60.00 Hz}}, emitEvent=false, force=false}
[2026-06-14T09:32:30.039Z] [ALL] 06-14 15:02:27.101  1149  1149 I SurfaceFlinger: StatusBar$_2112#94 voted NoVote (0.00 Hz)
[2026-06-14T09:32:30.039Z] [ALL] 06-14 15:02:27.101  1149  1149 I SurfaceFlinger: IdleFps - choose 60.00 Hz
[2026-06-14T09:32:30.041Z] [ALL] 06-14 15:02:27.102  1149  1149 D SurfaceFlinger: initiateModeChange 4633128672291736000 {mode={fps=60.00 Hz, modePtr={id=1, vsyncRate=60.00 Hz, peakRefreshRate=60.00 Hz}}, emitEvent=false, force=false}
[2026-06-14T09:32:30.041Z] [ALL] 06-14 15:02:27.102  1149  1149 I SurfaceFlinger: [4633128672291736000] ActiveConfigToHWC, ID : 4
[2026-06-14T09:32:30.041Z] [ALL] 06-14 15:02:27.104  1149  1280 I SurfaceFlinger: Current= 120, Period= 60, hwcPeriod= 120
[2026-06-14T09:32:30.041Z] [ALL] 06-14 15:02:27.104  1062 15192 D display : setActiveConfigWithConstraints:: PrimaryDisplay config(4)
[2026-06-14T09:32:30.041Z] [ALL] 06-14 15:02:27.104  1062 15192 I display : Current VRR MODE is 3
[2026-06-14T09:32:30.041Z] [ALL] 06-14 15:02:27.105  1062 15192 I display : setActiveConfigWithConstraints:: HFR match - config: 5, base: 4, try: 0
[2026-06-14T09:32:30.041Z] [ALL] 06-14 15:02:27.105  1062 15192 I display : setActiveConfigWithConstraints::update 1080x2340@60phs
[2026-06-14T09:32:30.041Z] [ALL] 06-14 15:02:27.105  1062 15192 I display : commit modeset : 1080x2340@60phs
[2026-06-14T09:32:30.044Z] [ALL] 06-14 15:02:27.115  1486  1729 D WifiStaIfaceHidlImpl: getCachedScanData is not implemented by HIDL
[2026-06-14T09:32:30.060Z] [ALL] 06-14 15:02:27.125  1486  3494 D SemWifiUsabilityStatsMonitor: onWifiUsabilityStats - seqNum 22851, isSameBssidAndFreq true
[2026-06-14T09:32:30.069Z] [ALL] 06-14 15:02:27.128  2072  2072 I EPDG-0 [WifiProfiler]: handleWifiRssiIntent, rssi=-55
[2026-06-14T09:32:30.069Z] [ALL] 06-14 15:02:27.128  2072  2072 I EPDG-0 [WifiProfiler]: isProfiling, hash=189204772, started=true
[2026-06-14T09:32:30.069Z] [ALL] 06-14 15:02:27.128  2072  2072 I EPDG-0 [LogMetrics]: set, type=WIFI_RSSI_LAST, value=-55
[2026-06-14T09:32:30.069Z] [ALL] 06-14 15:02:27.129  2072  2072 I EPDG-0 [WifiProfiler]: isProfiling, hash=189204772, started=true
[2026-06-14T09:32:30.069Z] [ALL] 06-14 15:02:27.130  2072  2072 I EPDG-0 [WifiProfiler]: Rssi : -55 highrange : -75 lowrange : -85 mIsRssiInHystersis : false
[2026-06-14T09:32:30.069Z] [ALL] 06-14 15:02:27.130  2072  2072 I EPDG-0 [WifiProfiler]: Rssi : -55 highrange : -75 lowrange : -85 mIsRssiInHystersis : false
[2026-06-14T09:32:30.069Z] [ALL] 06-14 15:02:27.130  2072  2072 I EPDG-0 [Subscription]: isEpdgAvailable, IwlanPsState=2/2
[2026-06-14T09:32:30.069Z] [ALL] 06-14 15:02:27.130  2072  2072 I EPDG-0 [WifiProfiler]: getHandoverThresholdMet: value is: false
[2026-06-14T09:32:30.069Z] [ALL] 06-14 15:02:27.132  1062 15192 W display : deliverWinConfigData:: commit modeset time (27 ms)
[2026-06-14T09:32:30.069Z] [ALL] 06-14 15:02:27.134  1149  1149 D SurfaceFlinger: GPIS:: requestGpisForSFSluggish
[2026-06-14T09:32:30.069Z] [ALL] 06-14 15:02:27.135  1149  1149 I SurfaceFlinger: finalizeDisplayModeChange 4633128672291736000
[2026-06-14T09:32:30.069Z] [ALL] 06-14 15:02:27.135  1062  1159 I display : [compareVsyncPeriod] set the lowest(mode:0) vsync 166 of display(0)
[2026-06-14T09:32:30.069Z] [ALL] 06-14 15:02:27.135  1062  1159 I display : getFpsForPerformance, performance table found using table(key:60, cpu:255)
[2026-06-14T09:32:30.069Z] [ALL] 06-14 15:02:27.136  1062  1159 I display : Set m2mMPP capacity(8) for fps(60)
[2026-06-14T09:32:30.069Z] [ALL] 06-14 15:02:27.136  1062  1159 I display : getFpsForPerformance, performance table found using table(key:60, cpu:255)
[2026-06-14T09:32:30.069Z] [ALL] 06-14 15:02:27.136  1062  1159 I display : Set Affinity config for fps(60) : cpuIDs : 255
[2026-06-14T09:32:30.069Z] [ALL] 06-14 15:02:27.136  1062  1159 I display : Set Affinity CPU ID : 0
[2026-06-14T09:32:30.069Z] [ALL] 06-14 15:02:27.136  1062  1159 I display : Set Affinity CPU ID : 1
[2026-06-14T09:32:30.069Z] [ALL] 06-14 15:02:27.136  1062  1159 I display : Set Affinity CPU ID : 2
[2026-06-14T09:32:30.069Z] [ALL] 06-14 15:02:27.136  1062  1159 I display : Set Affinity CPU ID : 3
[2026-06-14T09:32:30.069Z] [ALL] 06-14 15:02:27.136  1062  1159 I display : Set Affinity CPU ID : 4
[2026-06-14T09:32:30.069Z] [ALL] 06-14 15:02:27.136  1062  1159 I display : Set Affinity CPU ID : 5
[2026-06-14T09:32:30.069Z] [ALL] 06-14 15:02:27.136  1062  1159 I display : Set Affinity CPU ID : 6
[2026-06-14T09:32:30.069Z] [ALL] 06-14 15:02:27.136  1062  1159 I display : Set Affinity CPU ID : 7
[2026-06-14T09:32:30.069Z] [ALL] 06-14 15:02:27.136  1062  1159 I display : Set affinity HWC : 1062
[2026-06-14T09:32:30.069Z] [ALL] 06-14 15:02:27.137  1062  1159 I display : CPU set : Cluster(0), min_clock(0)
[2026-06-14T09:32:30.078Z] [ALL] 06-14 15:02:27.137  1062  1159 I display : CPU set : Cluster(1), min_clock(0)
[2026-06-14T09:32:30.078Z] [ALL] 06-14 15:02:27.137  1062  1159 I display : CPU set : Cluster(2), min_clock(0)
[2026-06-14T09:32:30.078Z] [ALL] 06-14 15:02:27.138  1149  1280 I SurfaceFlinger: Current= 120, Period= 60, hwcPeriod= 60
[2026-06-14T09:32:30.078Z] [ALL] 06-14 15:02:27.138  2619  2727 I HoneySpace.StatusIconTracker: invokeEvent() called with: event = Wifi(visible=true, resId=2114459827, activityId=2114459832)
[2026-06-14T09:32:30.083Z] [ALL] 06-14 15:02:27.149  1149  1317 D SurfaceFlinger: setDesiredMode 4633128672291736000 {mode={fps=120.00 Hz, modePtr={id=0, vsyncRate=120.00 Hz, peakRefreshRate=120.00 Hz}}, emitEvent=false, force=false}
[2026-06-14T09:32:30.083Z] [ALL] 06-14 15:02:27.151  1149  1280 I SurfaceFlinger: Current= 60, Period= 120, hwcPeriod= 60
[2026-06-14T09:32:30.083Z] [ALL] 06-14 15:02:27.152  1149  1149 I SurfaceFlinger: StatusBar$_2112#94 voted NoVote (0.00 Hz)
[2026-06-14T09:32:30.083Z] [ALL] 06-14 15:02:27.152  1149  1149 I SurfaceFlinger: No layers with votes - choose 120.00 Hz
[2026-06-14T09:32:30.083Z] [ALL] 06-14 15:02:27.153  1149  1149 D SurfaceFlinger: initiateModeChange 4633128672291736000 {mode={fps=120.00 Hz, modePtr={id=0, vsyncRate=120.00 Hz, peakRefreshRate=120.00 Hz}}, emitEvent=false, force=false}
[2026-06-14T09:32:30.083Z] [ALL] 06-14 15:02:27.153  1149  1149 I SurfaceFlinger: [4633128672291736000] ActiveConfigToHWC, ID : 3
[2026-06-14T09:32:30.083Z] [ALL] 06-14 15:02:27.154  1062 15192 D display : setActiveConfigWithConstraints:: PrimaryDisplay config(3)
[2026-06-14T09:32:30.083Z] [ALL] 06-14 15:02:27.154  1062 15192 I display : Current VRR MODE is 3
[2026-06-14T09:32:30.083Z] [ALL] 06-14 15:02:27.154  1062 15192 I display : setActiveConfigWithConstraints:: HFR match - config: 3, base: 3, try: 1
[2026-06-14T09:32:30.083Z] [ALL] 06-14 15:02:27.154  1062 15192 I display : setActiveConfigWithConstraints::update 1080x2340@120hs
[2026-06-14T09:32:30.093Z] [ALL] 06-14 15:02:27.166  1062 15192 I display : commit modeset : 1080x2340@120hs
[2026-06-14T09:32:30.111Z] [ALL] 06-14 15:02:27.183  1062 15192 W display : deliverWinConfigData:: commit modeset time (17 ms)
[2026-06-14T09:32:30.113Z] [ALL] 06-14 15:02:27.185  1062  1159 I display : [compareVsyncPeriod] set the lowest(mode:0) vsync 83 of display(0)
[2026-06-14T09:32:30.113Z] [ALL] 06-14 15:02:27.185  1062  1159 I display : getFpsForPerformance, performance table found using table(key:120, cpu:255)
[2026-06-14T09:32:30.113Z] [ALL] 06-14 15:02:27.185  1062  1159 I display : Set m2mMPP capacity(4) for fps(120)
[2026-06-14T09:32:30.113Z] [ALL] 06-14 15:02:27.185  1062  1159 I display : getFpsForPerformance, performance table found using table(key:120, cpu:255)
[2026-06-14T09:32:30.113Z] [ALL] 06-14 15:02:27.185  1062  1159 I display : Set Affinity config for fps(120) : cpuIDs : 255
[2026-06-14T09:32:30.113Z] [ALL] 06-14 15:02:27.185  1062  1159 I display : Set Affinity CPU ID : 0
[2026-06-14T09:32:30.113Z] [ALL] 06-14 15:02:27.185  1062  1159 I display : Set Affinity CPU ID : 1
[2026-06-14T09:32:30.113Z] [ALL] 06-14 15:02:27.185  1062  1159 I display : Set Affinity CPU ID : 2
[2026-06-14T09:32:30.113Z] [ALL] 06-14 15:02:27.185  1149  1149 I SurfaceFlinger: finalizeDisplayModeChange 4633128672291736000
[2026-06-14T09:32:30.113Z] [ALL] 06-14 15:02:27.185  1062  1159 I display : Set Affinity CPU ID : 3
[2026-06-14T09:32:30.113Z] [ALL] 06-14 15:02:27.185  1062  1159 I display : Set Affinity CPU ID : 4
[2026-06-14T09:32:30.113Z] [ALL] 06-14 15:02:27.185  1062  1159 I display : Set Affinity CPU ID : 5
[2026-06-14T09:32:30.113Z] [ALL] 06-14 15:02:27.185  1062  1159 I display : Set Affinity CPU ID : 6
[2026-06-14T09:32:30.113Z] [ALL] 06-14 15:02:27.185  1062  1159 I display : Set Affinity CPU ID : 7
[2026-06-14T09:32:30.113Z] [ALL] 06-14 15:02:27.185  1062  1159 I display : Set affinity HWC : 1062
[2026-06-14T09:32:30.113Z] [ALL] 06-14 15:02:27.185  1062  1159 I display : CPU set : Cluster(0), min_clock(0)
[2026-06-14T09:32:30.113Z] [ALL] 06-14 15:02:27.185  1062  1159 I display : CPU set : Cluster(1), min_clock(0)
[2026-06-14T09:32:30.113Z] [ALL] 06-14 15:02:27.185  1062  1159 I display : CPU set : Cluster(2), min_clock(0)
[2026-06-14T09:32:30.113Z] [ALL] 06-14 15:02:27.186  1149  1280 I SurfaceFlinger: Current= 60, Period= 120, hwcPeriod= 120
[2026-06-14T09:32:30.242Z] [ALL] 06-14 15:02:27.310 10725 10763 I appium  : channel read: POST /session/e97b7abb-6aa8-4e9c-b8b4-b3047c3ed272/element
[2026-06-14T09:32:30.242Z] [ALL] 06-14 15:02:27.310 10725 10763 I appium  : FindElement command
[2026-06-14T09:32:30.247Z] [ALL] 06-14 15:02:27.311 10725 10763 I appium  : method: 'xpath', selector: '//*[@resource-id="otp_input_field" or @content-desc="otp_input_field"]'
[2026-06-14T09:32:30.247Z] [ALL] 06-14 15:02:27.312 10725 10763 I appium  : Waiting up to 10000ms for the device to idle
[2026-06-14T09:32:30.267Z] [ALL] 06-14 15:02:27.331 10725 10763 I appium  : The following attributes will be included to the page source: [resource-id, content-desc]
[2026-06-14T09:32:30.276Z] [ALL] 06-14 15:02:27.341   747   747 D io_stats: !@   8,0 r 79732184 1572375821 w 12669862 207592592 d 4210557 258731016 f 0 1106442 iot 28680196 0 th 0 0 0 pt 0 inp 0 0 180361.730
[2026-06-14T09:32:30.276Z] [ALL] 06-14 15:02:27.341   747   747 D io_stats: !@ Write_top(KB): kworker/u16:4(31690) 1000 android.hardwar(1063) 8
[2026-06-14T09:32:30.335Z] [ALL] 06-14 15:02:27.402  1149  1317 D SurfaceFlinger: setDesiredMode 4633128672291736000 {mode={fps=60.00 Hz, modePtr={id=1, vsyncRate=60.00 Hz, peakRefreshRate=60.00 Hz}}, emitEvent=false, force=false}
[2026-06-14T09:32:30.343Z] [ALL] 06-14 15:02:27.404  1149  1149 I SurfaceFlinger: StatusBar$_2112#94 voted NoVote (0.00 Hz)
[2026-06-14T09:32:30.343Z] [ALL] 06-14 15:02:27.404  1149  1149 I SurfaceFlinger: IdleFps - choose 60.00 Hz
[2026-06-14T09:32:30.343Z] [ALL] 06-14 15:02:27.405  1149  1149 D SurfaceFlinger: initiateModeChange 4633128672291736000 {mode={fps=60.00 Hz, modePtr={id=1, vsyncRate=60.00 Hz, peakRefreshRate=60.00 Hz}}, emitEvent=false, force=false}
[2026-06-14T09:32:30.343Z] [ALL] 06-14 15:02:27.405  1149  1149 I SurfaceFlinger: [4633128672291736000] ActiveConfigToHWC, ID : 4
[2026-06-14T09:32:30.343Z] [ALL] 06-14 15:02:27.406  1149  1280 I SurfaceFlinger: Current= 120, Period= 60, hwcPeriod= 120
[2026-06-14T09:32:30.343Z] [ALL] 06-14 15:02:27.408  1149  1280 I SurfaceFlinger: Current= 120, Period= 60, hwcPeriod= 120
[2026-06-14T09:32:30.343Z] [ALL] 06-14 15:02:27.408  1062 15192 D display : setActiveConfigWithConstraints:: PrimaryDisplay config(4)
[2026-06-14T09:32:30.343Z] [ALL] 06-14 15:02:27.408  1062 15192 I display : Current VRR MODE is 3
[2026-06-14T09:32:30.343Z] [ALL] 06-14 15:02:27.408  1062 15192 I display : setActiveConfigWithConstraints:: HFR match - config: 5, base: 4, try: 0
[2026-06-14T09:32:30.343Z] [ALL] 06-14 15:02:27.408  1062 15192 I display : setActiveConfigWithConstraints::update 1080x2340@60phs
[2026-06-14T09:32:30.343Z] [ALL] 06-14 15:02:27.409  1062 15192 I display : commit modeset : 1080x2340@60phs
[2026-06-14T09:32:30.358Z] [ALL] 06-14 15:02:27.424  1062 15192 W display : deliverWinConfigData:: commit modeset time (15 ms)
[2026-06-14T09:32:30.358Z] [ALL] 06-14 15:02:27.425  1062  1159 I display : [compareVsyncPeriod] set the lowest(mode:0) vsync 166 of display(0)
[2026-06-14T09:32:30.358Z] [ALL] 06-14 15:02:27.425  1062  1159 I display : getFpsForPerformance, performance table found using table(key:60, cpu:255)
[2026-06-14T09:32:30.358Z] [ALL] 06-14 15:02:27.425  1062  1159 I display : Set m2mMPP capacity(8) for fps(60)
[2026-06-14T09:32:30.358Z] [ALL] 06-14 15:02:27.425  1062  1159 I display : getFpsForPerformance, performance table found using table(key:60, cpu:255)
[2026-06-14T09:32:30.358Z] [ALL] 06-14 15:02:27.425  1062  1159 I display : Set Affinity config for fps(60) : cpuIDs : 255
[2026-06-14T09:32:30.358Z] [ALL] 06-14 15:02:27.425  1062  1159 I display : Set Affinity CPU ID : 0
[2026-06-14T09:32:30.358Z] [ALL] 06-14 15:02:27.425  1062  1159 I display : Set Affinity CPU ID : 1
[2026-06-14T09:32:30.358Z] [ALL] 06-14 15:02:27.425  1062  1159 I display : Set Affinity CPU ID : 2
[2026-06-14T09:32:30.358Z] [ALL] 06-14 15:02:27.425  1062  1159 I display : Set Affinity CPU ID : 3
[2026-06-14T09:32:30.358Z] [ALL] 06-14 15:02:27.425  1062  1159 I display : Set Affinity CPU ID : 4
[2026-06-14T09:32:30.358Z] [ALL] 06-14 15:02:27.425  1062  1159 I display : Set Affinity CPU ID : 5
[2026-06-14T09:32:30.358Z] [ALL] 06-14 15:02:27.425  1062  1159 I display : Set Affinity CPU ID : 6
[2026-06-14T09:32:30.358Z] [ALL] 06-14 15:02:27.425  1062  1159 I display : Set Affinity CPU ID : 7
[2026-06-14T09:32:30.358Z] [ALL] 06-14 15:02:27.425  1062  1159 I display : Set affinity HWC : 1062
[2026-06-14T09:32:30.358Z] [ALL] 06-14 15:02:27.426  1062  1159 I display : CPU set : Cluster(0), min_clock(0)
[2026-06-14T09:32:30.358Z] [ALL] 06-14 15:02:27.426  1062  1159 I display : CPU set : Cluster(1), min_clock(0)
[2026-06-14T09:32:30.358Z] [ALL] 06-14 15:02:27.426  1062  1159 I display : CPU set : Cluster(2), min_clock(0)
[2026-06-14T09:32:30.358Z] [ALL] 06-14 15:02:27.426  1149  1149 I SurfaceFlinger: finalizeDisplayModeChange 4633128672291736000
[2026-06-14T09:32:30.358Z] [ALL] 06-14 15:02:27.426  1149  1280 I SurfaceFlinger: Current= 120, Period= 60, hwcPeriod= 60
[2026-06-14T09:32:30.501Z] [ALL] 06-14 15:02:27.558  1486  1828 I SemWifiServiceDetector: Service det. resumed: T / T / 19967
[2026-06-14T09:32:30.536Z] [ALL] 06-14 15:02:27.586 10725 10763 I appium  : Took 0ms to retrieve 0 matches for '//*[@resource-id="otp_input_field" or @content-desc="otp_input_field"]' XPath2 query
[2026-06-14T09:32:30.599Z] [ALL] 06-14 15:02:27.588 10725 10763 I appium  : AppiumResponse: {"sessionId":"e97b7abb-6aa8-4e9c-b8b4-b3047c3ed272","value":{"error":"no such element","message":"An element could not be located on the page using the given search parameters","stacktrace":"io.appium.uiautomator2.common.exceptions.ElementNotFoundException: An element could not be located on the page using the given search parameters\n\tat io.appium.uiautomator2.utils.ElementLocationHelpers.findElement(ElementLocationHelpers.java:153)\n\tat io.appium.uiautomator2.handler.FindElement.safeHandle(FindElement.java:60)\n\tat io.appium.uiautomator2.handler.request.SafeRequestHandler.handle(SafeRequestHandler.java:59)\n\tat io.appium.uiautomator2.server.AppiumServlet.handleRequest(AppiumServlet.java:267)\n\tat io.appium.uiautomator2.server.AppiumServlet.handleHttpRequest(AppiumServlet.java:261)\n\tat io.appium.uiautomator2.http.ServerHandler.channelRead(ServerHandler.java:77)\n\tat io.netty.channel.AbstractChannelHandlerContext.fireChannelRead(AbstractChannelHandlerContext.java:357)\n\tat io.netty.handler.codec.MessageToMessageDecoder.channelRead(MessageToMessageDecoder.java:107)\n\tat io.netty.channel.AbstractChannelHandlerContext.fireChannelRead(AbstractChannelHandlerContext.java:357)\n\tat io.netty.channel.CombinedChannelDuplexHandler$DelegatingChannelHandlerContext.fireChannelRead(CombinedChannelDuplexHandler.java:434)\n\tat io.netty.handler.codec.ByteToMessageDecoder.fireChannelRead(ByteToMessageDecoder.java:361)\n\tat io.netty.handler.codec.ByteToMessageDecoder.channelRead(ByteToMessageDecoder.java:325)\n\tat io.netty.channel.CombinedChannelDuplexHandler.channelRead(CombinedChannelDuplexHandler.java:249)\n\tat io.netty.channel.AbstractChannelHandlerContext.fireChannelRead(AbstractChannelHandlerContext.java:355)\n\tat io.netty.handler.timeout.IdleStateHandler.channelRead(IdleStateHandler.java:288)\n\tat io.netty.channel.AbstractChannelHandlerContext.fireChannelRead(AbstractChannelHandlerContext.java:355)\n\tat io.netty.channel.DefaultChannelPipeline$HeadContext.channelRead(DefaultChannelPipeline.java:1429)\n\tat io.netty.channel.DefaultChannelPipeline.fireChannelRead(DefaultChannelPipeline.java:918)\n\tat io.netty.channel.nio.AbstractNioByteChannel$NioByteUnsafe.read(AbstractNioByteChannel.java:176)\n\tat io.netty.channel.nio.AbstractNioChannel$AbstractNioUnsafe.handle(AbstractNioChannel.java:445)\n\tat io.netty.channel.nio.NioIoHandler$DefaultNioRegistration.handle(NioIoHandler.java:388)\n\tat io.netty.channel.nio.NioIoHandler.processSelectedKey(NioIoHandler.java:596)\n\tat io.netty.channel.nio.NioIoHandler.processSelectedKeysOptimized(NioIoHandler.java:571)\n\tat io.netty.channel.nio.NioIoHandler.processSelectedKeys(NioIoHandler.java:512)\n\tat io.netty.channel.nio.NioIoHandler.run(NioIoHandler.java:484)\n\tat io.netty.channel.SingleThreadIoEventLoop.runIo(SingleThreadIoEventLoop.java:225)\n\tat io.netty.channel.SingleThreadIoEventLoop.run(SingleThreadIoEventLoop.java:196)\n\tat io.netty.util.concurrent.SingleThreadEventExecutor$5.run(SingleThreadEventExecutor.java:1195)\n\tat io.netty.util.internal.ThreadExecutorMap$2.run(ThreadExecutorMap.java:74)\n\tat io.netty.util.concurrent.FastThreadLocalRunnable.run(FastThreadLocalRunnable.java:30)\n\tat java.lang.Thread.run(Thread.java:1564)\n"}}
[2026-06-14T09:32:30.927Z] [ALL] 06-14 15:02:27.885  1486  1655 D ActivityManager: Received BROADCAST intent 0x224314d Key{broadcastIntent pkg=android intent=act=com.android.server.action.NETWORK_STATS_POLL xflg=0x4 flags=0x4000000 u=0} requestCode=0 sent=0 from uid 1000
[2026-06-14T09:32:30.938Z] [ALL] 06-14 15:02:27.886  1486  1655 D ActivityManager: Received BROADCAST intent 0x487bbe0 Key{broadcastIntent pkg=com.sec.android.sdhms intent=act=com.sec.android.alarm.refresh.battery_stats xflg=0x4 flags=0x4000000 u=0} requestCode=0 sent=0 from uid 1000
[2026-06-14T09:32:30.938Z] [ALL] 06-14 15:02:27.894  4132  5529 I SDHMS:d : Start
[2026-06-14T09:32:30.938Z] [ALL] 06-14 15:02:27.904  5214 11821 I CastDatabase: Saving the database
[2026-06-14T09:32:30.938Z] [ALL] 06-14 15:02:27.929  5214 11821 I SQLiteCastStore: [CastNetworkInfo] saved: 1, skipped: 0, [CastDeviceInfo]: saved 1, skipped 0, [ProbedNetworks]: saved 0, skipped: 0, [ProbedSocketAddress]: saved 1, skipped: 0, [Network-Device pairs]: saved: 1
[2026-06-14T09:32:30.938Z] [ALL] 06-14 15:02:27.954  1928  2652 D PhoneInterfaceManager: setDataEnabledForReason() Reason=1 Pid=1486 App=system
[2026-06-14T09:32:31.011Z] [ALL] 06-14 15:02:28.040  1928  2035 D Am      : Broadcasting: Intent { act=com.samsung.intent.action.BIG_DATA_INFO (has extras) }
[2026-06-14T09:32:31.033Z] [ALL] 06-14 15:02:28.046  1486  1756 I NSLocationMonitor: Broadcast receiver, action=com.samsung.intent.action.BIG_DATA_INFO
[2026-06-14T09:32:31.033Z] [ALL] 06-14 15:02:28.050  1928  1928 D SemBigDataInfoController: Intent: com.samsung.intent.action.BIG_DATA_INFO
[2026-06-14T09:32:31.033Z] [ALL] 06-14 15:02:28.050  1928  1928 D SemBigDataInfoController: BIG_DATA insertLog slot: 0, feature: CMAI
[2026-06-14T09:32:31.033Z] [ALL] 06-14 15:02:28.051  1486  2866 D TelephonyManager: requestModemActivityInfo: Sending result to app: ModemActivityInfo{ mTimestamp=257443670 mSleepTimeMs=202748014 mIdleTimeMs=6361914 mActivityStatsTechSpecificInfo=[{mRat=UNKNOWN,mFrequencyRange=UNKNOWN,mTxTimeMs[]=[176075, 101077, 243323, 156347, 1828369],mRxTimeMs=95074189}]}
[2026-06-14T09:32:31.033Z] [ALL] 06-14 15:02:28.057  1928  1928 D SemBigDataInfoController: Intent: com.samsung.intent.action.BIG_DATA_INFO
[2026-06-14T09:32:31.033Z] [ALL] 06-14 15:02:28.069  1928  2652 D Am      : Broadcast completed: result=0
[2026-06-14T09:32:31.062Z] [ALL] 06-14 15:02:28.102  1486  1538 E BluetoothPowerStatsCollector: Cannot acquire BluetoothActivityEnergyInfo
[2026-06-14T09:32:31.062Z] [ALL] 06-14 15:02:28.102  1486  1538 E BluetoothPowerStatsCollector: java.util.concurrent.ExecutionException: java.lang.RuntimeException: error: 11
[2026-06-14T09:32:31.062Z] [ALL] 06-14 15:02:28.102  1486  1538 E BluetoothPowerStatsCollector: 	at java.util.concurrent.CompletableFuture.reportGet(CompletableFuture.java:372)
[2026-06-14T09:32:31.062Z] [ALL] 06-14 15:02:28.102  1486  1538 E BluetoothPowerStatsCollector: 	at java.util.concurrent.CompletableFuture.get(CompletableFuture.java:2072)
[2026-06-14T09:32:31.062Z] [ALL] 06-14 15:02:28.102  1486  1538 E BluetoothPowerStatsCollector: 	at com.android.server.power.stats.BluetoothPowerStatsCollector.collectStats(qb/109687721 9f5f0f7065b3ad23ed9d502775af0c1cea666b12fbbf7805224931a8c35b7b9d:209)
[2026-06-14T09:32:31.062Z] [ALL] 06-14 15:02:28.102  1486  1538 E BluetoothPowerStatsCollector: 	at com.android.server.power.stats.PowerStatsCollector$$ExternalSyntheticLambda0.run(qb/109687721 9f5f0f7065b3ad23ed9d502775af0c1cea666b12fbbf7805224931a8c35b7b9d:48)
[2026-06-14T09:32:31.062Z] [ALL] 06-14 15:02:28.102  1486  1538 E BluetoothPowerStatsCollector: 	at android.os.Handler.handleCallback(Handler.java:1070)
[2026-06-14T09:32:31.062Z] [ALL] 06-14 15:02:28.102  1486  1538 E BluetoothPowerStatsCollector: 	at android.os.Handler.dispatchMessage(Handler.java:125)
[2026-06-14T09:32:31.062Z] [ALL] 06-14 15:02:28.102  1486  1538 E BluetoothPowerStatsCollector: 	at android.os.Looper.dispatchMessage(Looper.java:358)
[2026-06-14T09:32:31.062Z] [ALL] 06-14 15:02:28.102  1486  1538 E BluetoothPowerStatsCollector: 	at android.os.Looper.loopOnce(Looper.java:288)
[2026-06-14T09:32:31.062Z] [ALL] 06-14 15:02:28.102  1486  1538 E BluetoothPowerStatsCollector: 	at android.os.Looper.loop(Looper.java:392)
[2026-06-14T09:32:31.062Z] [ALL] 06-14 15:02:28.102  1486  1538 E BluetoothPowerStatsCollector: 	at android.os.HandlerThread.run(HandlerThread.java:139)
[2026-06-14T09:32:31.062Z] [ALL] 06-14 15:02:28.102  1486  1538 E BluetoothPowerStatsCollector: Caused by: java.lang.RuntimeException: error: 11
[2026-06-14T09:32:31.062Z] [ALL] 06-14 15:02:28.102  1486  1538 E BluetoothPowerStatsCollector: 	at com.android.server.power.stats.BluetoothPowerStatsCollector$1.onBluetoothActivityEnergyInfoError(qb/109687721 9f5f0f7065b3ad23ed9d502775af0c1cea666b12fbbf7805224931a8c35b7b9d:12)
[2026-06-14T09:32:31.062Z] [ALL] 06-14 15:02:28.102  1486  1538 E BluetoothPowerStatsCollector: 	at android.bluetooth.BluetoothAdapter$OnBluetoothActivityEnergyInfoProxy.lambda$onBluetoothActivityEnergyInfoAvailable$0(BluetoothAdapter.java:1251)
[2026-06-14T09:32:31.062Z] [ALL] 06-14 15:02:28.102  1486  1538 E BluetoothPowerStatsCollector: 	at android.bluetooth.BluetoothAdapter$OnBluetoothActivityEnergyInfoProxy.$r8$lambda$ks_hN9Vo_x2Jp1k5f-s67WiAd4A(Unknown Source:0)
[2026-06-14T09:32:31.062Z] [ALL] 06-14 15:02:28.102  1486  1538 E BluetoothPowerStatsCollector: 	at android.bluetooth.BluetoothAdapter$OnBluetoothActivityEnergyInfoProxy$$ExternalSyntheticLambda0.run(D8$$SyntheticClass:0)
[2026-06-14T09:32:31.062Z] [ALL] 06-14 15:02:28.102  1486  1538 E BluetoothPowerStatsCollector: 	at android.bluetooth.BluetoothUtils.lambda$executeFromBinder$0(BluetoothUtils.java:346)
[2026-06-14T09:32:31.062Z] [ALL] 06-14 15:02:28.102  1486  1538 E BluetoothPowerStatsCollector: 	at android.bluetooth.BluetoothUtils$$ExternalSyntheticLambda1.run(D8$$SyntheticClass:0)
[2026-06-14T09:32:31.062Z] [ALL] 06-14 15:02:28.102  1486  1538 E BluetoothPowerStatsCollector: 	at com.android.server.SystemServerInitThreadPool$$ExternalSyntheticLambda0.execute(qb/109687721 9f5f0f7065b3ad23ed9d502775af0c1cea666b12fbbf7805224931a8c35b7b9d:1)
[2026-06-14T09:32:31.062Z] [ALL] 06-14 15:02:28.102  1486  1538 E BluetoothPowerStatsCollector: 	at android.bluetooth.BluetoothUtils.executeFromBinder(BluetoothUtils.java:346)
[2026-06-14T09:32:31.062Z] [ALL] 06-14 15:02:28.102  1486  1538 E BluetoothPowerStatsCollector: 	at android.bluetooth.BluetoothAdapter$OnBluetoothActivityEnergyInfoProxy.onBluetoothActivityEnergyInfoAvailable(BluetoothAdapter.java:1249)
[2026-06-14T09:32:31.062Z] [ALL] 06-14 15:02:28.102  1486  1538 E BluetoothPowerStatsCollector: 	at android.bluetooth.IBluetoothActivityEnergyInfoListener$Stub.onTransact(IBluetoothActivityEnergyInfoListener.java:98)
[2026-06-14T09:32:31.062Z] [ALL] 06-14 15:02:28.102  1486  1538 E BluetoothPowerStatsCollector: 	at android.os.Binder.execTransactInternal(Binder.java:1514)
[2026-06-14T09:32:31.062Z] [ALL] 06-14 15:02:28.102  1486  1538 E BluetoothPowerStatsCollector: 	at android.os.Binder.execTransact(Binder.java:1454)
[2026-06-14T09:32:31.062Z] [ALL] 06-14 15:02:28.104  1486  1538 D BatteryStatsImpl: SemModemActivityInfo{ SleepTimeMs=322372 IdleTimeMs=0 mNr=MobileActivity{ txTimeMs[]=[0, 0, 0, 0, 0] rxTimeMs=17600 txBytes=0 rxBytes=0 } mLc=MobileActivity{ txTimeMs[]=[0, 0, 0, 0, 0] rxTimeMs=32481 txBytes=0 rxBytes=0 } }
[2026-06-14T09:32:31.062Z] [ALL] 06-14 15:02:28.105  1486  1538 D BatteryExternalStatsWorker: update stats : get-stats (127)
[2026-06-14T09:32:31.062Z] [ALL] 06-14 15:02:28.105  1486  1538 D BatteryExternalStatsWorker: Fetch WiFi data
[2026-06-14T09:32:31.062Z] [ALL] 06-14 15:02:28.105  1486  1538 D BatteryExternalStatsWorker: Update Rail Energy data
[2026-06-14T09:32:31.071Z] [ALL] 06-14 15:02:28.121  1486  1729 D WifiStaIfaceHidlImpl: getCachedScanData is not implemented by HIDL
[2026-06-14T09:32:31.085Z] [ALL] 06-14 15:02:28.153  1486  1538 D BatteryExternalStatsWorker: Update CPU state
[2026-06-14T09:32:31.100Z] [ALL] 06-14 15:02:28.159   763 17213 W android.system.suspend-service: getWakeLockStats +
[2026-06-14T09:32:31.100Z] [ALL] 06-14 15:02:28.159   763 17213 I android.system.suspend-service: name: PowerManagerService.Display, isActive: 1, LC: 180362548, AC: 1, AT: 4801899, TT: 90643207
[2026-06-14T09:32:31.100Z] [ALL] 06-14 15:02:28.159   763 17213 I android.system.suspend-service: name: PowerManager.SuspendLockout, isActive: 1, LC: 180362548, AC: 1, AT: 4801902, TT: 90218842
[2026-06-14T09:32:31.108Z] [ALL] 06-14 15:02:28.167  1486  2184 D NetdEventListenerService: CSC Feature value: true
[2026-06-14T09:32:31.108Z] [ALL] 06-14 15:02:28.167  1486  2184 D NetdEventListenerService: CSC Feature value: true
[2026-06-14T09:32:31.108Z] [ALL] 06-14 15:02:28.167   763 17213 I android.system.suspend-service: Could not open wakeup38/name for wakeup38: Original kwl [Path]=../../devices/platform/acpm_mfd_bus@15960000/i2c-16/16-001f/wakeup/wakeup38
[2026-06-14T09:32:31.108Z] [ALL] 06-14 15:02:28.168 10725 10763 I appium  : channel read: POST /session/e97b7abb-6aa8-4e9c-b8b4-b3047c3ed272/element
[2026-06-14T09:32:31.108Z] [ALL] 06-14 15:02:28.169 10725 10763 I appium  : FindElement command
[2026-06-14T09:32:31.108Z] [ALL] 06-14 15:02:28.170 10725 10763 I appium  : method: 'xpath', selector: '//*[@resource-id="otp_input_field" or @content-desc="otp_input_field"]'
[2026-06-14T09:32:31.108Z] [ALL] 06-14 15:02:28.171 10725 10763 I appium  : Waiting up to 10000ms for the device to idle
[2026-06-14T09:32:31.108Z] [ALL] 06-14 15:02:28.172 10725 10763 I appium  : The following attributes will be included to the page source: [resource-id, content-desc]
[2026-06-14T09:32:31.108Z] [ALL] 06-14 15:02:28.174   763 17213 I android.system.suspend-service: Could not open wakeup94/name for wakeup94: Original kwl [Path]=../../devices/platform/14f00000.hsi2c/i2c-10/10-0066/max77705-charger/power_supply/max77705-otg/wakeup94
[2026-06-14T09:32:31.114Z] [ALL] 06-14 15:02:28.184   763 17213 I android.system.suspend-service: Could not open wakeup92/name for wakeup92: Original kwl [Path]=../../devices/platform/14f00000.hsi2c/i2c-10/10-0066/max77705-charger/wakeup/wakeup92
[2026-06-14T09:32:31.119Z] [ALL] 06-14 15:02:28.191   763 17213 I android.system.suspend-service: Could not open wakeup124/name for wakeup124: Original kwl [Path]=../../devices/platform/14f00000.hsi2c/i2c-10/10-0066/max77705-fuelgauge/wakeup/wakeup124
[2026-06-14T09:32:31.127Z] [ALL] 06-14 15:02:28.198   763 17213 I android.system.suspend-service: Could not open wakeup44/name for wakeup44: Original kwl [Path]=../../devices/platform/acpm_mfd_bus@15960000/i2c-16/16-001f/s2mps25-rtc/wakeup/wakeup44
[2026-06-14T09:32:31.135Z] [ALL] 06-14 15:02:28.204   763 17213 I android.system.suspend-service: Could not open wakeup132/name for wakeup132: Original kwl [Path]=../../devices/platform/samsung_mobile_device/samsung_mobile_device:etspi-spi@0/wakeup/wakeup132
[2026-06-14T09:32:31.142Z] [ALL] 06-14 15:02:28.208   763 17213 I android.system.suspend-service: Could not open wakeup90/name for wakeup90: Original kwl [Path]=../../devices/platform/14f00000.hsi2c/i2c-10/10-0066/max77705-charger/wakeup/wakeup90
[2026-06-14T09:32:31.150Z] [ALL] 06-14 15:02:28.213   763 17213 I android.system.suspend-service: Could not open wakeup89/name for wakeup89: Original kwl [Path]=../../devices/platform/14f00000.hsi2c/i2c-10/10-0066/max77705-charger/wakeup/wakeup89
[2026-06-14T09:32:31.150Z] [ALL] 06-14 15:02:28.217   763 17213 I android.system.suspend-service: Could not open wakeup120/name for wakeup120: Original kwl [Path]=../../devices/platform/14f00000.hsi2c/i2c-10/10-005d/power_supply/pca9482-charger/wakeup120
[2026-06-14T09:32:31.158Z] [ALL] 06-14 15:02:28.221   763 17213 I android.system.suspend-service: Could not open wakeup40/name for wakeup40: Original kwl [Path]=../../devices/platform/acpm_mfd_bus@15961000/i2c-17/17-002f/wakeup/wakeup40
[2026-06-14T09:32:31.158Z] [ALL] 06-14 15:02:28.225   763 17213 I android.system.suspend-service: Could not open wakeup87/name for wakeup87: Original kwl [Path]=../../devices/platform/14f00000.hsi2c/i2c-10/10-0066/max77705-usbc/wakeup/wakeup87
[2026-06-14T09:32:31.164Z] [ALL] 06-14 15:02:28.229   763 17213 I android.system.suspend-service: Could not open wakeup95/name for wakeup95: Original kwl [Path]=../../devices/platform/14f00000.hsi2c/i2c-10/10-0066/max77705-charger/wakeup/wakeup95
[2026-06-14T09:32:31.164Z] [ALL] 06-14 15:02:28.234   763 17213 I android.system.suspend-service: Could not open wakeup37/name for wakeup37: Original kwl [Path]=../../devices/platform/acpm_mfd_bus@15960000/i2c-16/16-001f/s2mps25-power-keys/wakeup/wakeup37
[2026-06-14T09:32:31.170Z] [ALL] 06-14 15:02:28.237   763 17213 I android.system.suspend-service: Could not open wakeup93/name for wakeup93: Original kwl [Path]=../../devices/platform/14f00000.hsi2c/i2c-10/10-0066/max77705-charger/power_supply/max77705-charger/wakeup93
[2026-06-14T09:32:31.174Z] [ALL] 06-14 15:02:28.241   763 17213 I android.system.suspend-service: Could not open wakeup45/name for wakeup45: Original kwl [Path]=../../devices/platform/acpm_mfd_bus@15960000/i2c-16/16-001f/s2mps25-rtc/rtc/rtc0/alarmtimer.0.auto/wakeup/wakeup45
[2026-06-14T09:32:31.174Z] [ALL] 06-14 15:02:28.245   763 17213 I android.system.suspend-service: Could not open wakeup91/name for wakeup91: Original kwl [Path]=../../devices/platform/14f00000.hsi2c/i2c-10/10-0066/max77705-charger/wakeup/wakeup91
[2026-06-14T09:32:31.179Z] [ALL] 06-14 15:02:28.248   763 17213 I android.system.suspend-service: Could not open wakeup123/name for wakeup123: Original kwl [Path]=../../devices/platform/14f00000.hsi2c/i2c-10/10-0066/max77705-fuelgauge/power_supply/max77705-fuelgauge/wakeup123
[2026-06-14T09:32:31.186Z] [ALL] 06-14 15:02:28.254   763 17213 I android.system.suspend-service: Could not open wakeup41/name for wakeup41: Original kwl [Path]=../../devices/platform/acpm_mfd_bus@15962000/i2c-18/18-003f/wakeup/wakeup41
[2026-06-14T09:32:31.192Z] [ALL] 06-14 15:02:28.256   763 17213 I android.system.suspend-service: Could not open wakeup88/name for wakeup88: Original kwl [Path]=../../devices/platform/14f00000.hsi2c/i2c-10/10-0066/max77705-usbc/wakeup/wakeup88
[2026-06-14T09:32:31.192Z] [ALL] 06-14 15:02:28.257   763 17213 W android.system.suspend-service: getWakeLockStats -
[2026-06-14T09:32:31.192Z] [ALL] 06-14 15:02:28.259  1486  1538 D BatteryExternalStatsWorker: Update Kernel wakelock & memory state
[2026-06-14T09:32:31.192Z] [ALL] 06-14 15:02:28.260  1486  1538 D BatteryExternalStatsWorker: Update RPM state
[2026-06-14T09:32:31.192Z] [ALL] 06-14 15:02:28.260  1486  1538 D BatteryExternalStatsWorker: mStats lock released
[2026-06-14T09:32:31.198Z] [ALL] 06-14 15:02:28.266  1486  1538 D BatteryExternalStatsWorker: Update wifi state
[2026-06-14T09:32:31.198Z] [ALL] 06-14 15:02:28.266  1486  1538 D BatteryExternalStatsWorker: done updateExternalStatsLocked
[2026-06-14T09:32:31.208Z] [ALL] 06-14 15:02:28.278  1486  2182 D TelephonyManager: requestModemActivityInfo: Sending result to app: ModemActivityInfo{ mTimestamp=257443898 mSleepTimeMs=202748014 mIdleTimeMs=6361914 mActivityStatsTechSpecificInfo=[{mRat=UNKNOWN,mFrequencyRange=UNKNOWN,mTxTimeMs[]=[176075, 101077, 243323, 156347, 1828369],mRxTimeMs=95074553}]}
[2026-06-14T09:32:31.216Z] [ALL] 06-14 15:02:28.284  1928  2035 D Am      : Broadcasting: Intent { act=com.samsung.intent.action.BIG_DATA_INFO (has extras) }
[2026-06-14T09:32:31.229Z] [ALL] 06-14 15:02:28.294  1486  1756 I NSLocationMonitor: Broadcast receiver, action=com.samsung.intent.action.BIG_DATA_INFO
[2026-06-14T09:32:31.235Z] [ALL] 06-14 15:02:28.297  1486  2184 D TelephonyManager: requestModemActivityInfo: Sending result to app: ModemActivityInfo{ mTimestamp=257443916 mSleepTimeMs=202748014 mIdleTimeMs=6361914 mActivityStatsTechSpecificInfo=[{mRat=UNKNOWN,mFrequencyRange=UNKNOWN,mTxTimeMs[]=[176075, 101077, 243323, 156347, 1828369],mRxTimeMs=95074570}]}
[2026-06-14T09:32:31.235Z] [ALL] 06-14 15:02:28.298  1928  1928 D SemBigDataInfoController: Intent: com.samsung.intent.action.BIG_DATA_INFO
[2026-06-14T09:32:31.235Z] [ALL] 06-14 15:02:28.298  1928  1928 D SemBigDataInfoController: BIG_DATA insertLog slot: 0, feature: CMAI
[2026-06-14T09:32:31.235Z] [ALL] 06-14 15:02:28.301  1928  1928 D SemBigDataInfoController: Intent: com.samsung.intent.action.BIG_DATA_INFO
[2026-06-14T09:32:31.235Z] [ALL] 06-14 15:02:28.305  1928  2035 D Am      : Broadcasting: Intent { act=com.samsung.intent.action.BIG_DATA_INFO (has extras) }
[2026-06-14T09:32:31.242Z] [ALL] 06-14 15:02:28.308  1928  2652 D Am      : Broadcast completed: result=0
[2026-06-14T09:32:31.248Z] [ALL] 06-14 15:02:28.313  1486  1756 I NSLocationMonitor: Broadcast receiver, action=com.samsung.intent.action.BIG_DATA_INFO
[2026-06-14T09:32:31.248Z] [ALL] 06-14 15:02:28.315  1928  1928 D SemBigDataInfoController: Intent: com.samsung.intent.action.BIG_DATA_INFO
[2026-06-14T09:32:31.248Z] [ALL] 06-14 15:02:28.315  1928  1928 D SemBigDataInfoController: BIG_DATA insertLog slot: 0, feature: CMAI
[2026-06-14T09:32:31.248Z] [ALL] 06-14 15:02:28.318  1928  1928 D SemBigDataInfoController: Intent: com.samsung.intent.action.BIG_DATA_INFO
[2026-06-14T09:32:31.255Z] [ALL] 06-14 15:02:28.320  1486  1538 E BluetoothPowerStatsCollector: Cannot acquire BluetoothActivityEnergyInfo
[2026-06-14T09:32:31.255Z] [ALL] 06-14 15:02:28.320  1486  1538 E BluetoothPowerStatsCollector: java.util.concurrent.ExecutionException: java.lang.RuntimeException: error: 11
[2026-06-14T09:32:31.255Z] [ALL] 06-14 15:02:28.320  1486  1538 E BluetoothPowerStatsCollector: 	at java.util.concurrent.CompletableFuture.reportGet(CompletableFuture.java:372)
[2026-06-14T09:32:31.255Z] [ALL] 06-14 15:02:28.320  1486  1538 E BluetoothPowerStatsCollector: 	at java.util.concurrent.CompletableFuture.get(CompletableFuture.java:2072)
[2026-06-14T09:32:31.255Z] [ALL] 06-14 15:02:28.320  1486  1538 E BluetoothPowerStatsCollector: 	at com.android.server.power.stats.BluetoothPowerStatsCollector.collectStats(qb/109687721 9f5f0f7065b3ad23ed9d502775af0c1cea666b12fbbf7805224931a8c35b7b9d:209)
[2026-06-14T09:32:31.255Z] [ALL] 06-14 15:02:28.320  1486  1538 E BluetoothPowerStatsCollector: 	at com.android.server.power.stats.PowerStatsCollector$$ExternalSyntheticLambda0.run(qb/109687721 9f5f0f7065b3ad23ed9d502775af0c1cea666b12fbbf7805224931a8c35b7b9d:48)
[2026-06-14T09:32:31.255Z] [ALL] 06-14 15:02:28.320  1486  1538 E BluetoothPowerStatsCollector: 	at android.os.Handler.handleCallback(Handler.java:1070)
[2026-06-14T09:32:31.255Z] [ALL] 06-14 15:02:28.320  1486  1538 E BluetoothPowerStatsCollector: 	at android.os.Handler.dispatchMessage(Handler.java:125)
[2026-06-14T09:32:31.255Z] [ALL] 06-14 15:02:28.320  1486  1538 E BluetoothPowerStatsCollector: 	at android.os.Looper.dispatchMessage(Looper.java:358)
[2026-06-14T09:32:31.255Z] [ALL] 06-14 15:02:28.320  1486  1538 E BluetoothPowerStatsCollector: 	at android.os.Looper.loopOnce(Looper.java:288)
[2026-06-14T09:32:31.255Z] [ALL] 06-14 15:02:28.320  1486  1538 E BluetoothPowerStatsCollector: 	at android.os.Looper.loop(Looper.java:392)
[2026-06-14T09:32:31.255Z] [ALL] 06-14 15:02:28.320  1486  1538 E BluetoothPowerStatsCollector: 	at android.os.HandlerThread.run(HandlerThread.java:139)
[2026-06-14T09:32:31.255Z] [ALL] 06-14 15:02:28.320  1486  1538 E BluetoothPowerStatsCollector: Caused by: java.lang.RuntimeException: error: 11
[2026-06-14T09:32:31.255Z] [ALL] 06-14 15:02:28.320  1486  1538 E BluetoothPowerStatsCollector: 	at com.android.server.power.stats.BluetoothPowerStatsCollector$1.onBluetoothActivityEnergyInfoError(qb/109687721 9f5f0f7065b3ad23ed9d502775af0c1cea666b12fbbf7805224931a8c35b7b9d:12)
[2026-06-14T09:32:31.256Z] [ALL] 06-14 15:02:28.320  1486  1538 E BluetoothPowerStatsCollector: 	at android.bluetooth.BluetoothAdapter$OnBluetoothActivityEnergyInfoProxy.lambda$onBluetoothActivityEnergyInfoAvailable$0(BluetoothAdapter.java:1251)
[2026-06-14T09:32:31.256Z] [ALL] 06-14 15:02:28.320  1486  1538 E BluetoothPowerStatsCollector: 	at android.bluetooth.BluetoothAdapter$OnBluetoothActivityEnergyInfoProxy.$r8$lambda$ks_hN9Vo_x2Jp1k5f-s67WiAd4A(Unknown Source:0)
[2026-06-14T09:32:31.256Z] [ALL] 06-14 15:02:28.320  1486  1538 E BluetoothPowerStatsCollector: 	at android.bluetooth.BluetoothAdapter$OnBluetoothActivityEnergyInfoProxy$$ExternalSyntheticLambda0.run(D8$$SyntheticClass:0)
[2026-06-14T09:32:31.256Z] [ALL] 06-14 15:02:28.320  1486  1538 E BluetoothPowerStatsCollector: 	at android.bluetooth.BluetoothUtils.lambda$executeFromBinder$0(BluetoothUtils.java:346)
[2026-06-14T09:32:31.256Z] [ALL] 06-14 15:02:28.320  1486  1538 E BluetoothPowerStatsCollector: 	at android.bluetooth.BluetoothUtils$$ExternalSyntheticLambda1.run(D8$$SyntheticClass:0)
[2026-06-14T09:32:31.256Z] [ALL] 06-14 15:02:28.320  1486  1538 E BluetoothPowerStatsCollector: 	at com.android.server.SystemServerInitThreadPool$$ExternalSyntheticLambda0.execute(qb/109687721 9f5f0f7065b3ad23ed9d502775af0c1cea666b12fbbf7805224931a8c35b7b9d:1)
[2026-06-14T09:32:31.256Z] [ALL] 06-14 15:02:28.320  1486  1538 E BluetoothPowerStatsCollector: 	at android.bluetooth.BluetoothUtils.executeFromBinder(BluetoothUtils.java:346)
[2026-06-14T09:32:31.256Z] [ALL] 06-14 15:02:28.320  1486  1538 E BluetoothPowerStatsCollector: 	at android.bluetooth.BluetoothAdapter$OnBluetoothActivityEnergyInfoProxy.onBluetoothActivityEnergyInfoAvailable(BluetoothAdapter.java:1249)
[2026-06-14T09:32:31.256Z] [ALL] 06-14 15:02:28.320  1486  1538 E BluetoothPowerStatsCollector: 	at android.bluetooth.IBluetoothActivityEnergyInfoListener$Stub.onTransact(IBluetoothActivityEnergyInfoListener.java:98)
[2026-06-14T09:32:31.256Z] [ALL] 06-14 15:02:28.320  1486  1538 E BluetoothPowerStatsCollector: 	at android.os.Binder.execTransactInternal(Binder.java:1514)
[2026-06-14T09:32:31.256Z] [ALL] 06-14 15:02:28.320  1486  1538 E BluetoothPowerStatsCollector: 	at android.os.Binder.execTransact(Binder.java:1454)
[2026-06-14T09:32:31.256Z] [ALL] 06-14 15:02:28.322  1486  1538 D BatteryStatsImpl: SemModemActivityInfo{ SleepTimeMs=0 IdleTimeMs=0 mNr=MobileActivity{ txTimeMs[]=[0, 0, 0, 0, 0] rxTimeMs=150 txBytes=0 rxBytes=0 } mLc=MobileActivity{ txTimeMs[]=[0, 0, 0, 0, 0] rxTimeMs=214 txBytes=0 rxBytes=0 } }
[2026-06-14T09:32:31.256Z] [ALL] 06-14 15:02:28.323  1928  2652 D Am      : Broadcast completed: result=0
[2026-06-14T09:32:31.256Z] [ALL] 06-14 15:02:28.323  1486  1538 D BatteryStatsImpl: SemModemActivityInfo{ SleepTimeMs=0 IdleTimeMs=0 mNr=MobileActivity{ txTimeMs[]=[0, 0, 0, 0, 0] rxTimeMs=0 txBytes=0 rxBytes=0 } mLc=MobileActivity{ txTimeMs[]=[0, 0, 0, 0, 0] rxTimeMs=17 txBytes=0 rxBytes=0 } }
[2026-06-14T09:32:31.262Z] [ALL] 06-14 15:02:28.326 10725 10763 I appium  : Took 0ms to retrieve 0 matches for '//*[@resource-id="otp_input_field" or @content-desc="otp_input_field"]' XPath2 query
[2026-06-14T09:32:31.262Z] [ALL] 06-14 15:02:28.328 10725 10763 I appium  : AppiumResponse: {"sessionId":"e97b7abb-6aa8-4e9c-b8b4-b3047c3ed272","value":{"error":"no such element","message":"An element could not be located on the page using the given search parameters","stacktrace":"io.appium.uiautomator2.common.exceptions.ElementNotFoundException: An element could not be located on the page using the given search parameters\n\tat io.appium.uiautomator2.utils.ElementLocationHelpers.findElement(ElementLocationHelpers.java:153)\n\tat io.appium.uiautomator2.handler.FindElement.safeHandle(FindElement.java:60)\n\tat io.appium.uiautomator2.handler.request.SafeRequestHandler.handle(SafeRequestHandler.java:59)\n\tat io.appium.uiautomator2.server.AppiumServlet.handleRequest(AppiumServlet.java:267)\n\tat io.appium.uiautomator2.server.AppiumServlet.handleHttpRequest(AppiumServlet.java:261)\n\tat io.appium.uiautomator2.http.ServerHandler.channelRead(ServerHandler.java:77)\n\tat io.netty.channel.AbstractChannelHandlerContext.fireChannelRead(AbstractChannelHandlerContext.java:357)\n\tat io.netty.handler.codec.MessageToMessageDecoder.channelRead(MessageToMessageDecoder.java:107)\n\tat io.netty.channel.AbstractChannelHandlerContext.fireChannelRead(AbstractChannelHandlerContext.java:357)\n\tat io.netty.channel.CombinedChannelDuplexHandler$DelegatingChannelHandlerContext.fireChannelRead(CombinedChannelDuplexHandler.java:434)\n\tat io.netty.handler.codec.ByteToMessageDecoder.fireChannelRead(ByteToMessageDecoder.java:361)\n\tat io.netty.handler.codec.ByteToMessageDecoder.channelRead(ByteToMessageDecoder.java:325)\n\tat io.netty.channel.CombinedChannelDuplexHandler.channelRead(CombinedChannelDuplexHandler.java:249)\n\tat io.netty.channel.AbstractChannelHandlerContext.fireChannelRead(AbstractChannelHandlerContext.java:355)\n\tat io.netty.handler.timeout.IdleStateHandler.channelRead(IdleStateHandler.java:288)\n\tat io.netty.channel.AbstractChannelHandlerContext.fireChannelRead(AbstractChannelHandlerContext.java:355)\n\tat io.netty.channel.DefaultChannelPipeline$HeadContext.channelRead(DefaultChannelPipeline.java:1429)\n\tat io.netty.channel.DefaultChannelPipeline.fireChannelRead(DefaultChannelPipeline.java:918)\n\tat io.netty.channel.nio.AbstractNioByteChannel$NioByteUnsafe.read(AbstractNioByteChannel.java:176)\n\tat io.netty.channel.nio.AbstractNioChannel$AbstractNioUnsafe.handle(AbstractNioChannel.java:445)\n\tat io.netty.channel.nio.NioIoHandler$DefaultNioRegistration.handle(NioIoHandler.java:388)\n\tat io.netty.channel.nio.NioIoHandler.processSelectedKey(NioIoHandler.java:596)\n\tat io.netty.channel.nio.NioIoHandler.processSelectedKeysOptimized(NioIoHandler.java:571)\n\tat io.netty.channel.nio.NioIoHandler.processSelectedKeys(NioIoHandler.java:512)\n\tat io.netty.channel.nio.NioIoHandler.run(NioIoHandler.java:484)\n\tat io.netty.channel.SingleThreadIoEventLoop.runIo(SingleThreadIoEventLoop.java:225)\n\tat io.netty.channel.SingleThreadIoEventLoop.run(SingleThreadIoEventLoop.java:196)\n\tat io.netty.util.concurrent.SingleThreadEventExecutor$5.run(SingleThreadEventExecutor.java:1195)\n\tat io.netty.util.internal.ThreadExecutorMap$2.run(ThreadExecutorMap.java:74)\n\tat io.netty.util.concurrent.FastThreadLocalRunnable.run(FastThreadLocalRunnable.java:30)\n\tat java.lang.Thread.run(Thread.java:1564)\n"}}
[2026-06-14T09:32:31.330Z] [ALL] 06-14 15:02:28.387  4132  5529 I SDHMS:d : End
[2026-06-14T09:32:31.351Z] [ALL] 06-14 15:02:28.390  4132  5529 I SDHMS:y : Polling event handleUpdatedDeltaLocked will starts.
[2026-06-14T09:32:31.351Z] [ALL] 06-14 15:02:28.391  4132  5529 I SDHMS:y : handleUpdatedDeltaLocked : 2026-06-14 14:50:35.706 ~ 2026-06-14 15:02:28.391   reason=POLLING
[2026-06-14T09:32:31.351Z] [ALL] 06-14 15:02:28.391  4132  5529 I SDHMS:y : Polling event handleUpdatedDeltaLocked finished.
[2026-06-14T09:32:31.351Z] [ALL] 06-14 15:02:28.396 10725 10763 I appium  : channel read: POST /session/e97b7abb-6aa8-4e9c-b8b4-b3047c3ed272/element
[2026-06-14T09:32:31.351Z] [ALL] 06-14 15:02:28.397 10725 10763 I appium  : FindElement command
[2026-06-14T09:32:31.351Z] [ALL] 06-14 15:02:28.398 10725 10763 I appium  : method: 'xpath', selector: '//*[@resource-id="otp_input_field" or @content-desc="otp_input_field"]'
[2026-06-14T09:32:31.351Z] [ALL] 06-14 15:02:28.398 10725 10763 I appium  : Waiting up to 10000ms for the device to idle
[2026-06-14T09:32:31.351Z] [ALL] 06-14 15:02:28.399 10725 10763 I appium  : The following attributes will be included to the page source: [resource-id, content-desc]
[2026-06-14T09:32:31.351Z] [ALL] 06-14 15:02:28.402 10725 10729 I tomator2.server: Method exceeds compiler instruction limit: 19260 in java_cup.runtime.Symbol org.eclipse.wst.xml.xpath2.processor.internal.CUP$XPathCup$actions.CUP$XPathCup$do_action(int, java_cup.runtime.lr_parser, java.util.Stack, int)
[2026-06-14T09:32:31.396Z] [ALL] 06-14 15:02:28.462 10725 10763 I appium  : Took 0ms to retrieve 0 matches for '//*[@resource-id="otp_input_field" or @content-desc="otp_input_field"]' XPath2 query
[2026-06-14T09:32:31.419Z] [ALL] 06-14 15:02:28.464 10725 10763 I appium  : AppiumResponse: {"sessionId":"e97b7abb-6aa8-4e9c-b8b4-b3047c3ed272","value":{"error":"no such element","message":"An element could not be located on the page using the given search parameters","stacktrace":"io.appium.uiautomator2.common.exceptions.ElementNotFoundException: An element could not be located on the page using the given search parameters\n\tat io.appium.uiautomator2.utils.ElementLocationHelpers.findElement(ElementLocationHelpers.java:153)\n\tat io.appium.uiautomator2.handler.FindElement.safeHandle(FindElement.java:60)\n\tat io.appium.uiautomator2.handler.request.SafeRequestHandler.handle(SafeRequestHandler.java:59)\n\tat io.appium.uiautomator2.server.AppiumServlet.handleRequest(AppiumServlet.java:267)\n\tat io.appium.uiautomator2.server.AppiumServlet.handleHttpRequest(AppiumServlet.java:261)\n\tat io.appium.uiautomator2.http.ServerHandler.channelRead(ServerHandler.java:77)\n\tat io.netty.channel.AbstractChannelHandlerContext.fireChannelRead(AbstractChannelHandlerContext.java:357)\n\tat io.netty.handler.codec.MessageToMessageDecoder.channelRead(MessageToMessageDecoder.java:107)\n\tat io.netty.channel.AbstractChannelHandlerContext.fireChannelRead(AbstractChannelHandlerContext.java:357)\n\tat io.netty.channel.CombinedChannelDuplexHandler$DelegatingChannelHandlerContext.fireChannelRead(CombinedChannelDuplexHandler.java:434)\n\tat io.netty.handler.codec.ByteToMessageDecoder.fireChannelRead(ByteToMessageDecoder.java:361)\n\tat io.netty.handler.codec.ByteToMessageDecoder.channelRead(ByteToMessageDecoder.java:325)\n\tat io.netty.channel.CombinedChannelDuplexHandler.channelRead(CombinedChannelDuplexHandler.java:249)\n\tat io.netty.channel.AbstractChannelHandlerContext.fireChannelRead(AbstractChannelHandlerContext.java:355)\n\tat io.netty.handler.timeout.IdleStateHandler.channelRead(IdleStateHandler.java:288)\n\tat io.netty.channel.AbstractChannelHandlerContext.fireChannelRead(AbstractChannelHandlerContext.java:355)\n\tat io.netty.channel.DefaultChannelPipeline$HeadContext.channelRead(DefaultChannelPipeline.java:1429)\n\tat io.netty.channel.DefaultChannelPipeline.fireChannelRead(DefaultChannelPipeline.java:918)\n\tat io.netty.channel.nio.AbstractNioByteChannel$NioByteUnsafe.read(AbstractNioByteChannel.java:176)\n\tat io.netty.channel.nio.AbstractNioChannel$AbstractNioUnsafe.handle(AbstractNioChannel.java:445)\n\tat io.netty.channel.nio.NioIoHandler$DefaultNioRegistration.handle(NioIoHandler.java:388)\n\tat io.netty.channel.nio.NioIoHandler.processSelectedKey(NioIoHandler.java:596)\n\tat io.netty.channel.nio.NioIoHandler.processSelectedKeysOptimized(NioIoHandler.java:571)\n\tat io.netty.channel.nio.NioIoHandler.processSelectedKeys(NioIoHandler.java:512)\n\tat io.netty.channel.nio.NioIoHandler.run(NioIoHandler.java:484)\n\tat io.netty.channel.SingleThreadIoEventLoop.runIo(SingleThreadIoEventLoop.java:225)\n\tat io.netty.channel.SingleThreadIoEventLoop.run(SingleThreadIoEventLoop.java:196)\n\tat io.netty.util.concurrent.SingleThreadEventExecutor$5.run(SingleThreadEventExecutor.java:1195)\n\tat io.netty.util.internal.ThreadExecutorMap$2.run(ThreadExecutorMap.java:74)\n\tat io.netty.util.concurrent.FastThreadLocalRunnable.run(FastThreadLocalRunnable.java:30)\n\tat java.lang.Thread.run(Thread.java:1564)\n"}}
[2026-06-14T09:32:31.431Z] [ALL] 06-14 15:02:28.493 10725 10763 I appium  : channel read: GET /session/e97b7abb-6aa8-4e9c-b8b4-b3047c3ed272/screenshot
[2026-06-14T09:32:31.431Z] [ALL] 06-14 15:02:28.493 10725 10763 I appium  : CaptureScreenshot command
[2026-06-14T09:32:31.547Z] [ALL] 06-14 15:02:28.570  4132  4387 I SDHMS:PowerAnomaly:Gatherer:BatteryStats: BarTender addStats To DB (51 ms) ExtDB (44 ms)
[2026-06-14T09:32:31.547Z] [ALL] 06-14 15:02:28.570  4132  4387 I SDHMS:PowerAnomaly:Gatherer:BatteryStats:  BatteryStats refreshed (95 ms) analyzed (85 ms)
[2026-06-14T09:32:31.552Z] [ALL] 06-14 15:02:28.603  1486  3107 I NSLocationMonitor: getGPSUsingApps() called
[2026-06-14T09:32:31.552Z] [ALL] 06-14 15:02:28.604  3066  3089 I NSLocationManager_FLP: getGPSUsingApps, No change
[2026-06-14T09:32:31.552Z] [ALL] 06-14 15:02:28.613  1486  3107 D FreecessHandler: skipping freeze com.truecaller(10274) result : 2
[2026-06-14T09:32:31.552Z] [ALL] 06-14 15:02:28.616 11864 11864 W libbinder.BackendUnifiedServiceManager: Thread Pool max thread count is 0. Cannot cache binder as linkToDeath cannot be implemented. serviceName: SurfaceFlingerAIDL
[2026-06-14T09:32:31.552Z] [ALL] 06-14 15:02:28.617 11864 11864 W libbinder.BpBinder: Linking to death on android.gui.ISurfaceComposer but there are no threads (yet?) listening to incoming transactions. See ProcessState::startThreadPool and ProcessState::setThreadPoolMaxThreadCount. Generally you should setup the binder threadpool before other initialization steps.
[2026-06-14T09:32:31.552Z] [ALL] 06-14 15:02:28.618 11864 11864 W libbinder.BackendUnifiedServiceManager: Thread Pool max thread count is 0. Cannot cache binder as linkToDeath cannot be implemented. serviceName: edmnativehelper
[2026-06-14T09:32:31.552Z] [ALL] 06-14 15:02:28.619  1486  2158 I EDMNativeHelperService: isScreenCaptureEnabled
[2026-06-14T09:32:31.552Z] [ALL] 06-14 15:02:28.620  1486  2158 D RestrictionPolicy: isScreenCaptureEnabled : ret=true userId=0
[2026-06-14T09:32:31.552Z] [ALL] 06-14 15:02:28.620 11864 11864 W libbinder.ProcessState: Extra binder thread started, but 0 threads requested. Do not use *startThreadPool when zero threads are requested.
[2026-06-14T09:32:31.552Z] [ALL] 06-14 15:02:28.620 11864 11864 I SurfaceComposerClient: captureDisplay:Display-4633128672291736000
[2026-06-14T09:32:31.552Z] [ALL] 06-14 15:02:28.623  1149  2943 I SurfaceFlinger: Capture layer list: 	 com.safebank.ai/com.safebank.ai.MainActivity$_11061#104622(preserveDisplayColors:0)
[2026-06-14T09:32:31.552Z] [ALL] 06-14 15:02:28.623  1149  2943 I SurfaceFlinger: Capture layer list: 	 StatusBar$_2112#94(preserveDisplayColors:0)
[2026-06-14T09:32:31.552Z] [ALL] 06-14 15:02:28.623  1149  2943 I SurfaceFlinger: Capture layer list: 	 com.sec.android.app.launcher/com.samsung.app.honeyspace.edge.edgepanel.app.CocktailBarService$_2619#103972(preserveDisplayColors:0)
[2026-06-14T09:32:31.552Z] [ALL] 06-14 15:02:28.623  1149  2943 I SurfaceFlinger: Capture layer list: 	 NavigationBar0$_2112#90(preserveDisplayColors:0)
[2026-06-14T09:32:31.558Z] [ALL] 06-14 15:02:28.624  1149  1201 D SurfaceFlinger: [SEC_SF_EFFECTS] drawLayersInternal,1348, Rendering layer ScreenCaptureFillLayer at index 0
[2026-06-14T09:32:31.558Z] [ALL] 06-14 15:02:28.624  1149  1201 D SurfaceFlinger: [SEC_SF_EFFECTS] drawLayersInternal,1348, Rendering layer com.safebank.ai/com.safebank.ai.MainActivity$_11061#104622 at index 1
[2026-06-14T09:32:31.558Z] [ALL] 06-14 15:02:28.625  1149  1201 D SurfaceFlinger: [SEC_SF_EFFECTS] drawLayersInternal,1348, Rendering layer StatusBar$_2112#94 at index 2
[2026-06-14T09:32:31.558Z] [ALL] 06-14 15:02:28.625  1149  1201 D SurfaceFlinger: [SEC_SF_EFFECTS] drawLayersInternal,1348, Rendering layer com.sec.android.app.launcher/com.samsung.app.honeyspace.edge.edgepanel.app.CocktailBarService$_2619#103972 at index 3
[2026-06-14T09:32:31.558Z] [ALL] 06-14 15:02:28.625  1149  1201 D SurfaceFlinger: [SEC_SF_EFFECTS] drawLayersInternal,1348, Rendering layer NavigationBar0$_2112#90 at index 4
[2026-06-14T09:32:31.572Z] [ALL] 06-14 15:02:28.644 11864 11867 I screencap: [HIDL_FETCH_IMapper] android.hardware.graphics.mapper@4.0: Loaded Mapper successfully.
[2026-06-14T09:32:31.780Z] [ALL] 06-14 15:02:28.840 10725 10763 I appium  : AppiumResponse: {"sessionId":"e97b7abb-6aa8-4e9c-b8b4-b3047c3ed272","value":"iVBORw0KGgoAAAANSUhEUgAABDgAAAkkCAYAAAD508+vAAAABHNCSVQICAgIfAhkiAAAAAFzUkdCAK7OHOkAACAASURBVHic7N11fBtH2gfw30oyQxy0w8zMzEy9NuXmSmmbclOGuzZXSN9y2jTl9oqXtmmatAGHwWFmdNiJE4fMsWyL9v1DWlmwQkvWyv59P5dctDA7GkE1z848I5SUiiKIiIiIiIiIiMKYKtQVICIiIiI…