[2026-06-13T06:59:03.931Z] [ALL] 06-13 12:29:01.529 20565 20565 I adbd    : adbd service requested 'shell,v2,raw:dumpsys window displays'
[2026-06-13T06:59:03.932Z] [ALL] 06-13 12:29:01.531  1695  2752 I OplusHansManager : uid=10349, pkg=io.appium.uiautomator2.server can transition from M to F
[2026-06-13T06:59:03.932Z] [ALL] 06-13 12:29:01.531  1695  2752 I OplusHansManager : uid=10349, pkg=io.appium.uiautomator2.server F enter(), M stay=1
[2026-06-13T06:59:03.932Z] [ALL] 06-13 12:29:01.539  1695  2752 I OplusHansManager : freeze uid: 10349 io.appium.uiautomator2.server pids: [12537] scene: LcdOn
[2026-06-13T06:59:03.932Z] [ALL] 06-13 12:29:01.540  7763 13029 D IHansComunication: HansComunication::addUid-- 10349, persistent--0
[2026-06-13T06:59:03.932Z] [ALL] 06-13 12:29:01.541  7763 13029 D IHansComunication: HANS sendMessageToKernel: threadId = 536992353456, netLinkSetup = 1, type = PKG, targetUid = 10349, pkgCmd = ADD_ONE_UID
[2026-06-13T06:59:04.040Z] [ALL] 06-13 12:29:01.681   891   978 W AString : ctor got NULL, using empty string instead
[2026-06-13T06:59:04.042Z] [ALL] 06-13 12:29:01.681   891   978 I sensors-hal-SensorSavedChannel: [8970,-28032,4545]==>gyro_bias.json
[2026-06-13T06:59:04.109Z] [ALL] 06-13 12:29:01.710 20565 20565 I adbd    : adbd service requested 'shell,v2,raw:dumpsys input_method'
[2026-06-13T06:59:04.153Z] [ALL] 06-13 12:29:01.744  1695  4788 D OplusInputMethodUtil: imms dynamicallyConfigDebugByDumpArgs []
[2026-06-13T06:59:04.153Z] [ALL] 06-13 12:29:01.747   934   934 D vendor.oplus.hardware.charger@1.0-service: getPsyUsbType type: USB, ret_value = 3
[2026-06-13T06:59:04.153Z] [ALL] 06-13 12:29:01.747   934   934 D vendor.oplus.hardware.charger@1.0-service: getPsyUsbType type: USB is usb charging.
[2026-06-13T06:59:04.188Z] [ALL] 06-13 12:29:01.752 26745 26745 D OplusInputMethodUtil: imm dynamicallyConfigDebugByDumpArgs []
[2026-06-13T06:59:04.188Z] [ALL] 06-13 12:29:01.755   934   934 D vendor.oplus.hardware.charger@1.0-service: getPsyUsbType type: USB, ret_value = 3
[2026-06-13T06:59:04.188Z] [ALL] 06-13 12:29:01.755   934   934 D vendor.oplus.hardware.charger@1.0-service: getPsyUsbType type: USB is usb charging.
[2026-06-13T06:59:04.188Z] [ALL] 06-13 12:29:01.765 28481 28481 D OplusInputMethodUtil: ims dynamicallyConfigDebugByDumpArgs []
[2026-06-13T06:59:04.328Z] [ALL] 06-13 12:29:01.929 28481 28481 I BaseKeyboardSizeHelper: BaseKeyboardSizeHelper.calculateMaxKeyboardBodyHeight():73 leave 273 height for app when ime window height:2252, header height:112 and isFullscreenMode:false, so the max keyboard body height is:1867
[2026-06-13T06:59:04.362Z] [ALL] 06-13 12:29:01.933 28481 28481 I BaseKeyboardSizeHelper: BaseKeyboardSizeHelper.calculateMaxKeyboardBodyHeight():73 leave 273 height for app when ime window height:2252, header height:112 and isFullscreenMode:false, so the max keyboard body height is:1867
[2026-06-13T06:59:04.362Z] [ALL] 06-13 12:29:01.935 28481 28481 I BaseKeyboardSizeHelper: BaseKeyboardSizeHelper.calculateMaxKeyboardBodyHeight():73 leave 273 height for app when ime window height:2252, header height:112 and isFullscreenMode:false, so the max keyboard body height is:1867
[2026-06-13T06:59:04.362Z] [ALL] 06-13 12:29:01.965 28481 28492 W putmethod.latin: Reducing the number of considered missed Gc histogram windows from 200 to 100
[2026-06-13T06:59:04.737Z] [ALL] 06-13 12:29:02.340 28481 28481 I BaseKeyboardSizeHelper: BaseKeyboardSizeHelper.calculateMaxKeyboardBodyHeight():73 leave 273 height for app when ime window height:2252, header height:112 and isFullscreenMode:false, so the max keyboard body height is:1867
[2026-06-13T06:59:04.737Z] [ALL] 06-13 12:29:02.342 28481 28481 I BaseKeyboardSizeHelper: BaseKeyboardSizeHelper.calculateMaxKeyboardBodyHeight():73 leave 273 height for app when ime window height:2252, header height:112 and isFullscreenMode:false, so the max keyboard body height is:1867
[2026-06-13T06:59:04.737Z] [ALL] 06-13 12:29:02.343 28481 28481 I BaseKeyboardSizeHelper: BaseKeyboardSizeHelper.calculateMaxKeyboardBodyHeight():73 leave 273 height for app when ime window height:2252, header height:112 and isFullscreenMode:false, so the max keyboard body height is:1867
[2026-06-13T06:59:04.823Z] [ALL] 06-13 12:29:02.454  1000  1546 D SurfaceFlinger: kickIdle 2393, 2366, 34, 0
[2026-06-13T06:59:04.823Z] [ALL] 06-13 12:29:02.455   882   975 E hwcomposer: [DRMDEV] DRM_IOCTL_MTK_KICK_IDLE failed, drm_id_crtc: 64, error: -1  
[2026-06-13T06:59:04.904Z] [ALL] 06-13 12:29:02.542  7763 13029 D IHansComunication: HANS sendMessageToKernel: threadId = 536992353456, netLinkSetup = 1, type = FROZEN_TRANS, targetUid = 10349, pkgCmd = PKG_CMD_MAX
[2026-06-13T06:59:05.340Z] [ALL] 06-13 12:29:02.974 22664 12681 I NearbyMediums: Found Fast Ble Advertisements :
[2026-06-13T06:59:05.340Z] [ALL] 06-13 12:29:02.974 22664 12681 I NearbyMediums: BleAdvertisement { version=2, socketVersion=2, isFast=true, serviceIdHash=null, data=[ 0x23 0x30 0x42 0x56 0x57 0x11 0x32 0xd8 0xf4 0x67 0xd8 0x2c 0x6a 0xa7 0x5d 0xa7 0xf9 0x84 0x8c 0xc4 0xcb 0x5e 0x15 ], deviceToken=[ 0xfa 0xac ], rxAdvertisement=null } : 1 times.
[2026-06-13T06:59:05.340Z] [ALL] 06-13 12:29:02.974 22664 12681 I NearbyMediums: BleAdvertisement { version=2, socketVersion=2, isFast=true, serviceIdHash=null, data=[ 0x23 0x54 0x36 0x46 0x49 0x11 0x32 0x4e 0x8b 0x0e 0x8c 0x29 0x67 0xc6 0x53 0xd6 0x9d 0xe5 0xd4 0xc5 0xeb 0x2d 0xea ], deviceToken=[ 0x03 0x7f ], rxAdvertisement=null } : 1 times.
[2026-06-13T06:59:05.340Z] [ALL] 06-13 12:29:02.974 22664 12681 I NearbyMediums: BleAdvertisement { version=2, socketVersion=2, isFast=true, serviceIdHash=null, data=[ 0x23 0x57 0x44 0x4f 0x32 0x11 0x16 0x2c 0xdd 0x5b 0x0b 0xea 0xcb 0x3a 0x55 0x2d 0x8e 0xa6 0x25 0xa8 0x20 0x8a 0xcf ], deviceToken=[ 0x9d 0x3f ], rxAdvertisement=null } : 1 times.
[2026-06-13T06:59:05.340Z] [ALL] 06-13 12:29:02.974 22664 12681 I NearbyMediums: Total 3 fast advertisements from 3 unique advertisers.
[2026-06-13T06:59:05.435Z] [ALL] 06-13 12:29:02.975 22664 12681 I NearbyMediums: Current Tracked Scanning Clients are : {NearbyConnections.EnvironmentMonitor, NearbySharing}
[2026-06-13T06:59:05.483Z] [ALL] 06-13 12:29:02.979 22664 12643 I NearbyConnections: Processing lost BlePeripheral BlePeripheral{advertisement=BleAdvertisement { version=2, socketVersion=2, isFast=true, serviceIdHash=null, data=[ 0x23 0x52 0x43 0x54 0x48 0x11 0x32 0x98 0x0c 0x03 0x47 0xc8 0x80 0xaa 0x4c 0xd9 0x10 0x4e 0x43 0x2b 0x88 0xdf 0xe6 ], deviceToken=[ 0xb5 0x21 ], rxAdvertisement=null }, dctAdvertisement=null, address=null, psm=0, deviceToken=<ByteString@445f571 size=2 contents="\265!">, isSecondProfile=false, rxInstantConnectionAdv=null}.
[2026-06-13T06:59:05.483Z] [ALL] 06-13 12:29:02.980 22664 12643 I NearbyConnections: Processing lost BlePeripheral BlePeripheral{advertisement=BleAdvertisement { version=2, socketVersion=2, isFast=true, serviceIdHash=null, data=[ 0x23 0x46 0x41 0x55 0x44 0x11 0x16 0xea 0x4d 0x1e 0x41 0xfc 0x1f 0x24 0xd6 0x55 0xc3 0x60 0xf0 0x08 0xfa 0xec 0x94 ], deviceToken=[ 0x43 0x9b ], rxAdvertisement=null }, dctAdvertisement=null, address=null, psm=0, deviceToken=<ByteString@db5bbd7 size=2 contents="C\233">, isSecondProfile=false, rxInstantConnectionAdv=null}.
[2026-06-13T06:59:05.483Z] [ALL] 06-13 12:29:02.980 22664 12643 I NearbyConnections: Lost BleEndpoint for BlePeripheral BlePeripheral{advertisement=BleAdvertisement { version=2, socketVersion=2, isFast=true, serviceIdHash=null, data=[ 0x23 0x46 0x41 0x55 0x44 0x11 0x16 0xea 0x4d 0x1e 0x41 0xfc 0x1f 0x24 0xd6 0x55 0xc3 0x60 0xf0 0x08 0xfa 0xec 0x94 ], deviceToken=[ 0x43 0x9b ], rxAdvertisement=null }, dctAdvertisement=null, address=null, psm=0, deviceToken=<ByteString@db5bbd7 size=2 contents="C\233">, isSecondProfile=false, rxInstantConnectionAdv=null} (with EndpointId FAUD and EndpointInfo [ 0x16 0xea 0x4d 0x1e 0x41 0xfc 0x1f 0x24 0xd6 0x55 0xc3 0x60 0xf0 0x08 0xfa 0xec 0x94 ]).
[2026-06-13T06:59:05.483Z] [ALL] 06-13 12:29:02.981 22664 12643 I NearbyConnections: ClientProxy(135143596) reporting onEndpointLost(FAUD)
[2026-06-13T06:59:05.483Z] [ALL] 06-13 12:29:02.985 22664 12643 I NearbySharing: NearbySharing Internal event EndpointLost(endpointId=FAUD)
[2026-06-13T06:59:05.588Z] [ALL] 06-13 12:29:03.223  2536 27711 D IpClient/wlan0: interfaceLinkStateChanged: ifindex 34 up
[2026-06-13T06:59:05.588Z] [ALL] 06-13 12:29:03.224  2536 27711 D IpClient/wlan0: addressUpdated: 2401:4900:ca8d:86a7:88b3:858b:e3e5:ff83/64 on ifindex 34 flags 0x00000001 scope 0
[2026-06-13T06:59:05.588Z] [ALL] 06-13 12:29:03.225  2536 27711 W AlarmManager: Unrecognized alarm listener com.android.networkstack.android.net.ip.IpClientLinkObserver$Dhcp6PdPreferredPrefixAlarmListener@b00326c
[2026-06-13T06:59:05.986Z] [ALL] 06-13 12:29:03.596   858  5601 E TetherController: property_get sys.radio.data.modem_share_flag return 0, 1!
[2026-06-13T06:59:06.199Z] [ALL] 06-13 12:29:03.830   924   930 E PerformanceService: storage_feature: open /sys/devices/platform/soc/112b0000.ufshci//virtualtlcbuff fail
[2026-06-13T06:59:06.427Z] [ALL] 06-13 12:29:04.062   934   934 D vendor.oplus.hardware.charger@1.0-service: getChargerControl:
[2026-06-13T06:59:06.690Z] [ALL] 06-13 12:29:04.262   858  5601 E netd    : dispachCmd:oplusGetRtt
[2026-06-13T06:59:06.690Z] [ALL] 06-13 12:29:04.263   858  5601 E netd    : handleGetRttCmd: netId = 204, uid = 10246
[2026-06-13T06:59:06.690Z] [ALL] 06-13 12:29:04.266   858  5601 E netd    : dispachCmd cmd:oplusGetRtt  result:0
[2026-06-13T06:59:06.690Z] [ALL] 06-13 12:29:04.267   858 28068 E netd    : dispachCmd:oplusGetRtt
[2026-06-13T06:59:06.690Z] [ALL] 06-13 12:29:04.267   858 28068 E netd    : handleGetRttCmd: netId = 206, uid = 10246
[2026-06-13T06:59:06.690Z] [ALL] 06-13 12:29:04.273  7763  7793 E IHansComunication: HANS printMessageBody: RCV message: type = 0,port = 86870,caller_pid = 1695,caller_uid = 1000,target_pid = 12537,target_uid = 10349,pkg_cmd = -1,rpc = android.accessibilityservice.IAccessibilityServiceClient/2
[2026-06-13T06:59:06.690Z] [ALL] 06-13 12:29:04.273   858 28068 E netd    : dispachCmd cmd:oplusGetRtt  result:0
[2026-06-13T06:59:06.690Z] [ALL] 06-13 12:29:04.276  1695  2144 D OplusWifiConnect2: clientModeManager == null, getOplusSta2ConnectionInfo null
[2026-06-13T06:59:06.690Z] [ALL] 06-13 12:29:04.277  1695  2771 I OplusHansManager : unfreeze uid: 10349 io.appium.uiautomator2.server pids: [12537] reason: AsyncBinder scene: LcdOn
[2026-06-13T06:59:06.690Z] [ALL] 06-13 12:29:04.277  1695  2148 D WN_S    : isCellQualityGood is false, curscore =111, no need to switch lte
[2026-06-13T06:59:06.690Z] [ALL] 06-13 12:29:04.278  1695  2752 I OplusHansManager : uid=10349, pkg=io.appium.uiautomator2.server, transition from F to Middle, reason=AsyncBinder
[2026-06-13T06:59:06.690Z] [ALL] 06-13 12:29:04.278  1695  2752 I OplusHansManager : uid=10349, pkg=io.appium.uiautomator2.server F exit(), F stay=2, reason=AsyncBinder
[2026-06-13T06:59:06.751Z] [ALL] 06-13 12:29:04.280 12537 12597 I appium  : channel read: GET /session/273ed46f-871b-4040-88b6-5aabd7acc7b5/window/current/size
[2026-06-13T06:59:06.751Z] [ALL] 06-13 12:29:04.281 12537 12597 I appium  : GetDeviceSize command
[2026-06-13T06:59:06.751Z] [ALL] 06-13 12:29:04.281 12537 12597 I appium  : Get window size of the device
[2026-06-13T06:59:06.751Z] [ALL] 06-13 12:29:04.283 12537 12597 I appium  : AppiumResponse: {"sessionId":"273ed46f-871b-4040-88b6-5aabd7acc7b5","value":{"height":2400,"width":1080}}
[2026-06-13T06:59:06.751Z] [ALL] 06-13 12:29:04.304  1000  1546 D SurfaceFlinger: kickIdle 1850, 1806, 35, 0
[2026-06-13T06:59:06.751Z] [ALL] 06-13 12:29:04.305   882   975 E hwcomposer: [DRMDEV] DRM_IOCTL_MTK_KICK_IDLE failed, drm_id_crtc: 64, error: -1  
[2026-06-13T06:59:06.751Z] [ALL] 06-13 12:29:04.330 12537 12597 I appium  : channel read: POST /session/273ed46f-871b-4040-88b6-5aabd7acc7b5/actions
[2026-06-13T06:59:06.751Z] [ALL] 06-13 12:29:04.332 12537 12597 I appium  : W3CActions command
[2026-06-13T06:59:06.810Z] [ALL] 06-13 12:29:04.382  1000  1193 D VRR [OTI]: handleIdle from 1 to 0
[2026-06-13T06:59:06.810Z] [ALL] 06-13 12:29:04.382  1000  1193 D VRR [OTI-HW]: isStateReady 0
[2026-06-13T06:59:06.810Z] [ALL] 06-13 12:29:04.382  1000  1193 D VRR [OTI-HW]: rate range: min {id=0, hwcId=0, resolution=1080x2400, refreshRate=60.00 Hz, dpi=409.43x409.13, group=0} cur {id=0, hwcId=0, resolution=1080x2400, refreshRate=60.00 Hz, dpi=409.43x409.13, group=0} max {id=0, hwcId=0, resolution=1080x2400, refreshRate=60.00 Hz, dpi=409.43x409.13, group=0}
[2026-06-13T06:59:06.810Z] [ALL] 06-13 12:29:04.382  1000  1193 D VRR [OTI-HW]: keep rate.
[2026-06-13T06:59:06.810Z] [ALL] 06-13 12:29:04.382  1695  2495 I mtkpower_client: perf_lock_rel, hdl:36032, tid:2495
[2026-06-13T06:59:06.810Z] [ALL] 06-13 12:29:04.382 26745 26745 D VRI[GrantPermissionsActivity]: handleWindowFocusChanged mWindowFocusChanged false mUpcomingWindowFocus true mAdded true
[2026-06-13T06:59:06.810Z] [ALL] 06-13 12:29:04.383  1695  2113 D PowerManagerService: userActivityNoUpdateLocked: groupId=0, eventTime=119545681, event=2, flags=0x0, uid=1000
[2026-06-13T06:59:06.810Z] [ALL] 06-13 12:29:04.383  2376  3194 D NoBackGesture: Start gesture: 
[2026-06-13T06:59:06.810Z] [ALL] 06-13 12:29:04.383  2376  3194 D NoBackGesture: Not in side gesture area
[2026-06-13T06:59:06.810Z] [ALL] 06-13 12:29:04.384  1695  2495 I mtkpower_client: perf_lock_acq, hdl:36032, dur:0, num:8, tid:2495
[2026-06-13T06:59:06.810Z] [ALL] 06-13 12:29:04.384   901   965 I libPowerHal: [perfLockRel] hdl:36032, idx:0
[2026-06-13T06:59:06.810Z] [ALL] 06-13 12:29:04.384  1695  2261 D OGG_Detector: D:done mCurrStatus: 0
[2026-06-13T06:59:06.810Z] [ALL] 06-13 12:29:04.385   901   965 I libPowerHal: system_server: hard user limit set cpu freq: -1 -1 -1 -1
[2026-06-13T06:59:06.810Z] [ALL] 06-13 12:29:04.385   901   965 I libPowerHal: [PD] system_server update cmd:2004100 param:0
[2026-06-13T06:59:06.810Z] [ALL] 06-13 12:29:04.387  1695  2495 I mtkpower_client: ret_hdl:36034
[2026-06-13T06:59:06.810Z] [ALL] 06-13 12:29:04.388   901   965 I libPowerHal: system_server: hard user limit set cpu freq: -1 1903000 -1 1900000
[2026-06-13T06:59:06.810Z] [ALL] 06-13 12:29:04.390 12537 12597 I appium  : [119545681 (success)] Synthesized: MotionEvent { action=ACTION_DOWN, actionButton=0, id[0]=0, x[0]=540.0, y[0]=1920.0, toolType[0]=TOOL_TYPE_FINGER, buttonState=0, classification=NONE, metaState=0, flags=0x0, edgeFlags=0x0, pointerCount=1, historySize=0, eventTime=119545681, downTime=119545679, deviceId=0, source=0x1002, displayId=0, eventId=-1033194394 }
[2026-06-13T06:59:06.810Z] [ALL] 06-13 12:29:04.391 12537 12597 I appium  : The event has been delayed for 34ms
[2026-06-13T06:59:06.872Z] [ALL] 06-13 12:29:04.410 26745 26745 D VRI[GrantPermissionsActivity]: handleWindowFocusChanged mWindowFocusChanged false mUpcomingWindowFocus true mAdded true
[2026-06-13T06:59:06.872Z] [ALL] 06-13 12:29:04.413 12537 12597 I appium  : [119545716 (success)] Synthesized: MotionEvent { action=ACTION_MOVE, actionButton=0, id[0]=0, x[0]=540.0, y[0]=1920.0, toolType[0]=TOOL_TYPE_FINGER, buttonState=0, classification=NONE, metaState=0, flags=0x0, edgeFlags=0x0, pointerCount=1, historySize=0, eventTime=119545716, downTime=119545679, deviceId=0, source=0x1002, displayId=0, eventId=-413333712 }
[2026-06-13T06:59:06.872Z] [ALL] 06-13 12:29:04.413 12537 12597 I appium  : The event has been delayed for 21ms
[2026-06-13T06:59:06.872Z] [ALL] 06-13 12:29:04.427 26745 26745 D VRI[GrantPermissionsActivity]: handleWindowFocusChanged mWindowFocusChanged false mUpcomingWindowFocus true mAdded true
[2026-06-13T06:59:06.872Z] [ALL] 06-13 12:29:04.430 12537 12597 I appium  : [119545737 (success)] Synthesized: MotionEvent { action=ACTION_MOVE, actionButton=0, id[0]=0, x[0]=540.0, y[0]=1861.2245, toolType[0]=TOOL_TYPE_FINGER, buttonState=0, classification=NONE, metaState=0, flags=0x0, edgeFlags=0x0, pointerCount=1, historySize=0, eventTime=119545737, downTime=119545679, deviceId=0, source=0x1002, displayId=0, eventId=-167929113 }
[2026-06-13T06:59:06.872Z] [ALL] 06-13 12:29:04.431  1695  2495 I mtkpower_client: perf_lock_rel, hdl:36034, tid:2495
[2026-06-13T06:59:06.872Z] [ALL] 06-13 12:29:04.432  1695  2495 I mtkpower_client: perf_lock_acq, hdl:36034, dur:0, num:8, tid:2495
[2026-06-13T06:59:06.872Z] [ALL] 06-13 12:29:04.432   901   920 I mtkpower@impl: [check_work_req] i:0, msg:1 hdl:36034, wait
[2026-06-13T06:59:06.872Z] [ALL] 06-13 12:29:04.432   901   965 I libPowerHal: [perfLockRel] hdl:36034, idx:0
[2026-06-13T06:59:06.872Z] [ALL] 06-13 12:29:04.432   901   965 I libPowerHal: system_server: hard user limit set cpu freq: -1 -1 -1 -1
[2026-06-13T06:59:06.872Z] [ALL] 06-13 12:29:04.433   901   965 I libPowerHal: [PD] system_server update cmd:2004100 param:0
[2026-06-13T06:59:06.872Z] [ALL] 06-13 12:29:04.434  1695  2495 I mtkpower_client: ret_hdl:36035
[2026-06-13T06:59:06.872Z] [ALL] 06-13 12:29:04.435   901   965 I libPowerHal: system_server: hard user limit set cpu freq: -1 1903000 -1 1900000
[2026-06-13T06:59:06.872Z] [ALL] 06-13 12:29:04.444 26745 26745 D VRI[GrantPermissionsActivity]: handleWindowFocusChanged mWindowFocusChanged false mUpcomingWindowFocus true mAdded true
[2026-06-13T06:59:06.872Z] [ALL] 06-13 12:29:04.445 12537 12597 I appium  : [119545754 (success)] Synthesized: MotionEvent { action=ACTION_MOVE, actionButton=0, id[0]=0, x[0]=540.0, y[0]=1831.8368, toolType[0]=TOOL_TYPE_FINGER, buttonState=0, classification=NONE, metaState=0, flags=0x0, edgeFlags=0x0, pointerCount=1, historySize=0, eventTime=119545754, downTime=119545679, deviceId=0, source=0x1002, displayId=0, eventId=-197798632 }
[2026-06-13T06:59:06.947Z] [ALL] 06-13 12:29:04.457 26745 26745 D VRI[GrantPermissionsActivity]: handleWindowFocusChanged mWindowFocusChanged false mUpcomingWindowFocus true mAdded true
[2026-06-13T06:59:06.947Z] [ALL] 06-13 12:29:04.459 12537 12597 I appium  : [119545770 (success)] Synthesized: MotionEvent { action=ACTION_MOVE, actionButton=0, id[0]=0, x[0]=540.0, y[0]=1802.449, toolType[0]=TOOL_TYPE_FINGER, buttonState=0, classification=NONE, metaState=0, flags=0x0, edgeFlags=0x0, pointerCount=1, historySize=0, eventTime=119545770, downTime=119545679, deviceId=0, source=0x1002, displayId=0, eventId=-822898068 }
[2026-06-13T06:59:06.947Z] [ALL] 06-13 12:29:04.463  1695  2113 D PowerManagerService: userActivityNoUpdateLocked: groupId=0, eventTime=119545784, event=2, flags=0x0, uid=1000
[2026-06-13T06:59:06.947Z] [ALL] 06-13 12:29:04.474 26745 26745 D VRI[GrantPermissionsActivity]: handleWindowFocusChanged mWindowFocusChanged false mUpcomingWindowFocus true mAdded true
[2026-06-13T06:59:06.947Z] [ALL] 06-13 12:29:04.476 12537 12597 I appium  : [119545784 (success)] Synthesized: MotionEvent { action=ACTION_MOVE, actionButton=0, id[0]=0, x[0]=540.0, y[0]=1773.0613, toolType[0]=TOOL_TYPE_FINGER, buttonState=0, classification=NONE, metaState=0, flags=0x0, edgeFlags=0x0, pointerCount=1, historySize=0, eventTime=119545784, downTime=119545679, deviceId=0, source=0x1002, displayId=0, eventId=-835647350 }
[2026-06-13T06:59:06.947Z] [ALL] 06-13 12:29:04.490 26745 26745 D VRI[GrantPermissionsActivity]: handleWindowFocusChanged mWindowFocusChanged false mUpcomingWindowFocus true mAdded true
[2026-06-13T06:59:06.947Z] [ALL] 06-13 12:29:04.493 12537 12597 I appium  : [119545801 (success)] Synthesized: MotionEvent { action=ACTION_MOVE, actionButton=0, id[0]=0, x[0]=540.0, y[0]=1743.6735, toolType[0]=TOOL_TYPE_FINGER, buttonState=0, classification=NONE, metaState=0, flags=0x0, edgeFlags=0x0, pointerCount=1, historySize=0, eventTime=119545801, downTime=119545679, deviceId=0, source=0x1002, displayId=0, eventId=-408401825 }
[2026-06-13T06:59:06.947Z] [ALL] 06-13 12:29:04.507 26745 26745 D VRI[GrantPermissionsActivity]: handleWindowFocusChanged mWindowFocusChanged false mUpcomingWindowFocus true mAdded true
[2026-06-13T06:59:06.947Z] [ALL] 06-13 12:29:04.509 12537 12597 I appium  : [119545820 (success)] Synthesized: MotionEvent { action=ACTION_MOVE, actionButton=0, id[0]=0, x[0]=540.0, y[0]=1714.2858, toolType[0]=TOOL_TYPE_FINGER, buttonState=0, classification=NONE, metaState=0, flags=0x0, edgeFlags=0x0, pointerCount=1, historySize=0, eventTime=119545820, downTime=119545679, deviceId=0, source=0x1002, displayId=0, eventId=-335178669 }
[2026-06-13T06:59:06.985Z] [ALL] 06-13 12:29:04.523 26745 26745 D VRI[GrantPermissionsActivity]: handleWindowFocusChanged mWindowFocusChanged false mUpcomingWindowFocus true mAdded true
[2026-06-13T06:59:06.985Z] [ALL] 06-13 12:29:04.524 12537 12597 I appium  : [119545840 (success)] Synthesized: MotionEvent { action=ACTION_MOVE, actionButton=0, id[0]=0, x[0]=540.0, y[0]=1684.898, toolType[0]=TOOL_TYPE_FINGER, buttonState=0, classification=NONE, metaState=0, flags=0x0, edgeFlags=0x0, pointerCount=1, historySize=0, eventTime=119545840, downTime=119545679, deviceId=0, source=0x1002, displayId=0, eventId=-575766531 }
[2026-06-13T06:59:06.985Z] [ALL] 06-13 12:29:04.556 26745 26745 D VRI[GrantPermissionsActivity]: handleWindowFocusChanged mWindowFocusChanged false mUpcomingWindowFocus true mAdded true
[2026-06-13T06:59:06.985Z] [ALL] 06-13 12:29:04.561 12537 12597 I appium  : [119545860 (success)] Synthesized: MotionEvent { action=ACTION_MOVE, actionButton=0, id[0]=0, x[0]=540.0, y[0]=1655.5103, toolType[0]=TOOL_TYPE_FINGER, buttonState=0, classification=NONE, metaState=0, flags=0x0, edgeFlags=0x0, pointerCount=1, historySize=0, eventTime=119545860, downTime=119545679, deviceId=0, source=0x1002, displayId=0, eventId=-209648603 }
[2026-06-13T06:59:06.985Z] [ALL] 06-13 12:29:04.562 12537 12597 I appium  : The event has been delayed for 26ms
[2026-06-13T06:59:06.985Z] [ALL] 06-13 12:29:04.568  1695  2113 D PowerManagerService: userActivityNoUpdateLocked: groupId=0, eventTime=119545887, event=2, flags=0x0, uid=1000
[2026-06-13T06:59:06.985Z] [ALL] 06-13 12:29:04.571  1000  1064 D SurfaceFlinger: kickIdle 266, 179, 35, 0
[2026-06-13T06:59:06.985Z] [ALL] 06-13 12:29:04.571   882   975 E hwcomposer: [DRMDEV] DRM_IOCTL_MTK_KICK_IDLE failed, drm_id_crtc: 64, error: -1  
[2026-06-13T06:59:06.985Z] [ALL] 06-13 12:29:04.572 26745 26745 D VRI[GrantPermissionsActivity]: handleWindowFocusChanged mWindowFocusChanged false mUpcomingWindowFocus true mAdded true
[2026-06-13T06:59:06.985Z] [ALL] 06-13 12:29:04.576 12537 12597 I appium  : [119545887 (success)] Synthesized: MotionEvent { action=ACTION_MOVE, actionButton=0, id[0]=0, x[0]=540.0, y[0]=1626.1224, toolType[0]=TOOL_TYPE_FINGER, buttonState=0, classification=NONE, metaState=0, flags=0x0, edgeFlags=0x0, pointerCount=1, historySize=0, eventTime=119545887, downTime=119545679, deviceId=0, source=0x1002, displayId=0, eventId=-938578303 }
[2026-06-13T06:59:06.985Z] [ALL] 06-13 12:29:04.588 26745 26745 D VRI[GrantPermissionsActivity]: handleWindowFocusChanged mWindowFocusChanged false mUpcomingWindowFocus true mAdded true
[2026-06-13T06:59:07.026Z] [ALL] 06-13 12:29:04.590 12537 12597 I appium  : [119545902 (success)] Synthesized: MotionEvent { action=ACTION_MOVE, actionButton=0, id[0]=0, x[0]=540.0, y[0]=1596.7347, toolType[0]=TOOL_TYPE_FINGER, buttonState=0, classification=NONE, metaState=0, flags=0x0, edgeFlags=0x0, pointerCount=1, historySize=0, eventTime=119545902, downTime=119545679, deviceId=0, source=0x1002, displayId=0, eventId=-510744929 }
[2026-06-13T06:59:07.026Z] [ALL] 06-13 12:29:04.605 26745 26745 D VRI[GrantPermissionsActivity]: handleWindowFocusChanged mWindowFocusChanged false mUpcomingWindowFocus true mAdded true
[2026-06-13T06:59:07.026Z] [ALL] 06-13 12:29:04.607 12537 12597 I appium  : [119545920 (success)] Synthesized: MotionEvent { action=ACTION_MOVE, actionButton=0, id[0]=0, x[0]=540.0, y[0]=1567.3469, toolType[0]=TOOL_TYPE_FINGER, buttonState=0, classification=NONE, metaState=0, flags=0x0, edgeFlags=0x0, pointerCount=1, historySize=0, eventTime=119545920, downTime=119545679, deviceId=0, source=0x1002, displayId=0, eventId=-591990899 }
[2026-06-13T06:59:07.026Z] [ALL] 06-13 12:29:04.621 26745 26745 D VRI[GrantPermissionsActivity]: handleWindowFocusChanged mWindowFocusChanged false mUpcomingWindowFocus true mAdded true
[2026-06-13T06:59:07.057Z] [ALL] 06-13 12:29:04.622 12537 12597 I appium  : [119545940 (success)] Synthesized: MotionEvent { action=ACTION_MOVE, actionButton=0, id[0]=0, x[0]=540.0, y[0]=1537.9592, toolType[0]=TOOL_TYPE_FINGER, buttonState=0, classification=NONE, metaState=0, flags=0x0, edgeFlags=0x0, pointerCount=1, historySize=0, eventTime=119545940, downTime=119545679, deviceId=0, source=0x1002, displayId=0, eventId=-647657912 }
[2026-06-13T06:59:07.057Z] [ALL] 06-13 12:29:04.654 26745 26745 D VRI[GrantPermissionsActivity]: handleWindowFocusChanged mWindowFocusChanged false mUpcomingWindowFocus true mAdded true
[2026-06-13T06:59:07.057Z] [ALL] 06-13 12:29:04.657 12537 12597 I appium  : [119545961 (success)] Synthesized: MotionEvent { action=ACTION_MOVE, actionButton=0, id[0]=0, x[0]=540.0, y[0]=1508.5714, toolType[0]=TOOL_TYPE_FINGER, buttonState=0, classification=NONE, metaState=0, flags=0x0, edgeFlags=0x0, pointerCount=1, historySize=0, eventTime=119545961, downTime=119545679, deviceId=0, source=0x1002, displayId=0, eventId=-645565171 }
[2026-06-13T06:59:07.087Z] [ALL] 06-13 12:29:04.670 26745 26745 D VRI[GrantPermissionsActivity]: handleWindowFocusChanged mWindowFocusChanged false mUpcomingWindowFocus true mAdded true
[2026-06-13T06:59:07.087Z] [ALL] 06-13 12:29:04.673 12537 12597 I appium  : [119545982 (success)] Synthesized: MotionEvent { action=ACTION_MOVE, actionButton=0, id[0]=0, x[0]=540.0, y[0]=1479.1837, toolType[0]=TOOL_TYPE_FINGER, buttonState=0, classification=NONE, metaState=0, flags=0x0, edgeFlags=0x0, pointerCount=1, historySize=0, eventTime=119545982, downTime=119545679, deviceId=0, source=0x1002, displayId=0, eventId=-414337593 }
[2026-06-13T06:59:07.087Z] [ALL] 06-13 12:29:04.680  1695  2113 D PowerManagerService: userActivityNoUpdateLocked: groupId=0, eventTime=119546000, event=2, flags=0x0, uid=1000
[2026-06-13T06:59:07.087Z] [ALL] 06-13 12:29:04.686 26745 26745 D VRI[GrantPermissionsActivity]: handleWindowFocusChanged mWindowFocusChanged false mUpcomingWindowFocus true mAdded true
[2026-06-13T06:59:07.087Z] [ALL] 06-13 12:29:04.688 12537 12597 I appium  : [119546000 (success)] Synthesized: MotionEvent { action=ACTION_MOVE, actionButton=0, id[0]=0, x[0]=540.0, y[0]=1449.7959, toolType[0]=TOOL_TYPE_FINGER, buttonState=0, classification=NONE, metaState=0, flags=0x0, edgeFlags=0x0, pointerCount=1, historySize=0, eventTime=119546000, downTime=119545679, deviceId=0, source=0x1002, displayId=0, eventId=-154769721 }
[2026-06-13T06:59:07.116Z] [ALL] 06-13 12:29:04.702 26745 26745 D VRI[GrantPermissionsActivity]: handleWindowFocusChanged mWindowFocusChanged false mUpcomingWindowFocus true mAdded true
[2026-06-13T06:59:07.116Z] [ALL] 06-13 12:29:04.705 12537 12597 I appium  : [119546020 (success)] Synthesized: MotionEvent { action=ACTION_MOVE, actionButton=0, id[0]=0, x[0]=540.0, y[0]=1420.4082, toolType[0]=TOOL_TYPE_FINGER, buttonState=0, classification=NONE, metaState=0, flags=0x0, edgeFlags=0x0, pointerCount=1, historySize=0, eventTime=119546020, downTime=119545679, deviceId=0, source=0x1002, displayId=0, eventId=-688068678 }
[2026-06-13T06:59:07.161Z] [ALL] 06-13 12:29:04.735 26745 26745 D VRI[GrantPermissionsActivity]: handleWindowFocusChanged mWindowFocusChanged false mUpcomingWindowFocus true mAdded true
[2026-06-13T06:59:07.161Z] [ALL] 06-13 12:29:04.738 12537 12597 I appium  : [119546040 (success)] Synthesized: MotionEvent { action=ACTION_MOVE, actionButton=0, id[0]=0, x[0]=540.0, y[0]=1391.0205, toolType[0]=TOOL_TYPE_FINGER, buttonState=0, classification=NONE, metaState=0, flags=0x0, edgeFlags=0x0, pointerCount=1, historySize=0, eventTime=119546040, downTime=119545679, deviceId=0, source=0x1002, displayId=0, eventId=-237105530 }
[2026-06-13T06:59:07.161Z] [ALL] 06-13 12:29:04.738 12537 12597 I appium  : The event has been delayed for 22ms
[2026-06-13T06:59:07.161Z] [ALL] 06-13 12:29:04.752 26745 26745 D VRI[GrantPermissionsActivity]: handleWindowFocusChanged mWindowFocusChanged false mUpcomingWindowFocus true mAdded true
[2026-06-13T06:59:07.161Z] [ALL] 06-13 12:29:04.755 12537 12597 I appium  : [119546063 (success)] Synthesized: MotionEvent { action=ACTION_MOVE, actionButton=0, id[0]=0, x[0]=540.0, y[0]=1361.6327, toolType[0]=TOOL_TYPE_FINGER, buttonState=0, classification=NONE, metaState=0, flags=0x0, edgeFlags=0x0, pointerCount=1, historySize=0, eventTime=119546063, downTime=119545679, deviceId=0, source=0x1002, displayId=0, eventId=-688069759 }
[2026-06-13T06:59:07.196Z] [ALL] 06-13 12:29:04.768 26745 26745 D VRI[GrantPermissionsActivity]: handleWindowFocusChanged mWindowFocusChanged false mUpcomingWindowFocus true mAdded true
[2026-06-13T06:59:07.196Z] [ALL] 06-13 12:29:04.770 12537 12597 I appium  : [119546080 (success)] Synthesized: MotionEvent { action=ACTION_MOVE, actionButton=0, id[0]=0, x[0]=540.0, y[0]=1332.2449, toolType[0]=TOOL_TYPE_FINGER, buttonState=0, classification=NONE, metaState=0, flags=0x0, edgeFlags=0x0, pointerCount=1, historySize=0, eventTime=119546080, downTime=119545679, deviceId=0, source=0x1002, displayId=0, eventId=-294419106 }
[2026-06-13T06:59:07.196Z] [ALL] 06-13 12:29:04.781  1695  2113 D PowerManagerService: userActivityNoUpdateLocked: groupId=0, eventTime=119546101, event=2, flags=0x0, uid=1000
[2026-06-13T06:59:07.196Z] [ALL] 06-13 12:29:04.784 26745 26745 D VRI[GrantPermissionsActivity]: handleWindowFocusChanged mWindowFocusChanged false mUpcomingWindowFocus true mAdded true
[2026-06-13T06:59:07.196Z] [ALL] 06-13 12:29:04.787 12537 12597 I appium  : [119546101 (success)] Synthesized: MotionEvent { action=ACTION_MOVE, actionButton=0, id[0]=0, x[0]=540.0, y[0]=1302.8572, toolType[0]=TOOL_TYPE_FINGER, buttonState=0, classification=NONE, metaState=0, flags=0x0, edgeFlags=0x0, pointerCount=1, historySize=0, eventTime=119546101, downTime=119545679, deviceId=0, source=0x1002, displayId=0, eventId=-383117847 }
[2026-06-13T06:59:07.226Z] [ALL] 06-13 12:29:04.800 26745 26745 D VRI[GrantPermissionsActivity]: handleWindowFocusChanged mWindowFocusChanged false mUpcomingWindowFocus true mAdded true
[2026-06-13T06:59:07.226Z] [ALL] 06-13 12:29:04.803 12537 12597 I appium  : [119546120 (success)] Synthesized: MotionEvent { action=ACTION_MOVE, actionButton=0, id[0]=0, x[0]=540.0, y[0]=1273.4695, toolType[0]=TOOL_TYPE_FINGER, buttonState=0, classification=NONE, metaState=0, flags=0x0, edgeFlags=0x0, pointerCount=1, historySize=0, eventTime=119546120, downTime=119545679, deviceId=0, source=0x1002, displayId=0, eventId=-350828220 }
[2026-06-13T06:59:07.253Z] [ALL] 06-13 12:29:04.833 26745 26745 D VRI[GrantPermissionsActivity]: handleWindowFocusChanged mWindowFocusChanged false mUpcomingWindowFocus true mAdded true
[2026-06-13T06:59:07.253Z] [ALL] 06-13 12:29:04.837 12537 12597 I appium  : [119546140 (success)] Synthesized: MotionEvent { action=ACTION_MOVE, actionButton=0, id[0]=0, x[0]=540.0, y[0]=1244.0817, toolType[0]=TOOL_TYPE_FINGER, buttonState=0, classification=NONE, metaState=0, flags=0x0, edgeFlags=0x0, pointerCount=1, historySize=0, eventTime=119546140, downTime=119545679, deviceId=0, source=0x1002, displayId=0, eventId=-703125437 }
[2026-06-13T06:59:07.253Z] [ALL] 06-13 12:29:04.838 12537 12597 I appium  : The event has been delayed for 22ms
[2026-06-13T06:59:07.253Z] [ALL] 06-13 12:29:04.850 26745 26745 D VRI[GrantPermissionsActivity]: handleWindowFocusChanged mWindowFocusChanged false mUpcomingWindowFocus true mAdded true
[2026-06-13T06:59:07.253Z] [ALL] 06-13 12:29:04.854 12537 12597 I appium  : [119546163 (success)] Synthesized: MotionEvent { action=ACTION_MOVE, actionButton=0, id[0]=0, x[0]=540.0, y[0]=1214.6938, toolType[0]=TOOL_TYPE_FINGER, buttonState=0, classification=NONE, metaState=0, flags=0x0, edgeFlags=0x0, pointerCount=1, historySize=0, eventTime=119546163, downTime=119545679, deviceId=0, source=0x1002, displayId=0, eventId=-80330739 }
[2026-06-13T06:59:07.287Z] [ALL] 06-13 12:29:04.866 26745 26745 D VRI[GrantPermissionsActivity]: handleWindowFocusChanged mWindowFocusChanged false mUpcomingWindowFocus true mAdded true
[2026-06-13T06:59:07.287Z] [ALL] 06-13 12:29:04.869 12537 12597 I appium  : [119546181 (success)] Synthesized: MotionEvent { action=ACTION_MOVE, actionButton=0, id[0]=0, x[0]=540.0, y[0]=1185.3062, toolType[0]=TOOL_TYPE_FINGER, buttonState=0, classification=NONE, metaState=0, flags=0x0, edgeFlags=0x0, pointerCount=1, historySize=0, eventTime=119546181, downTime=119545679, deviceId=0, source=0x1002, displayId=0, eventId=-136453786 }
[2026-06-13T06:59:07.287Z] [ALL] 06-13 12:29:04.882  1695  2113 D PowerManagerService: userActivityNoUpdateLocked: groupId=0, eventTime=119546201, event=2, flags=0x0, uid=1000
[2026-06-13T06:59:07.287Z] [ALL] 06-13 12:29:04.883 26745 26745 D VRI[GrantPermissionsActivity]: handleWindowFocusChanged mWindowFocusChanged false mUpcomingWindowFocus true mAdded true
[2026-06-13T06:59:07.287Z] [ALL] 06-13 12:29:04.885 12537 12597 I appium  : [119546201 (success)] Synthesized: MotionEvent { action=ACTION_MOVE, actionButton=0, id[0]=0, x[0]=540.0, y[0]=1155.9185, toolType[0]=TOOL_TYPE_FINGER, buttonState=0, classification=NONE, metaState=0, flags=0x0, edgeFlags=0x0, pointerCount=1, historySize=0, eventTime=119546201, downTime=119545679, deviceId=0, source=0x1002, displayId=0, eventId=-471659046 }
[2026-06-13T06:59:07.324Z] [ALL] 06-13 12:29:04.915 26745 26745 D VRI[GrantPermissionsActivity]: handleWindowFocusChanged mWindowFocusChanged false mUpcomingWindowFocus true mAdded true
[2026-06-13T06:59:07.324Z] [ALL] 06-13 12:29:04.917  2744  2744 D OplusTelephonyController: onSignalStrengthChanged: SignalStrength=SignalStrength:{mCdma=CellSignalStrengthCdma: cdmaDbm=2147483647 cdmaEcio=2147483647 evdoDbm=2147483647 evdoEcio=2147483647 evdoSnr=2147483647 level=0,mGsm=CellSignalStrengthGsm: rssi=2147483647 ber=2147483647 mTa=2147483647 mLevel=0,mWcdma=CellSignalStrengthWcdma: ss=2147483647 ber=2147483647 rscp=2147483647 ecno=2147483647 level=0,mTdscdma=CellSignalStrengthTdscdma: rssi=2147483647 ber=2147483647 rscp=2147483647 level=0,mLte=CellSignalStrengthLte: rssi=2147483647 rsrp=2147483647 rsrq=2147483647 rssnr=2147483647 cqiTableIndex=2147483647 cqi=2147483647 ta=2147483647 level=0 parametersUseForLevel=0,mNr=CellSignalStrengthNr:{ csiRsrp = 2147483647 csiRsrq = 2147483647 csiCqiTableIndex = 2147483647 csiCqiReport = [] ssRsrp = -87 ssRsrq = -7 ssSinr = 17 level = 2 parametersUseForLevel = 0 },primary=CellSignalStrengthNr}, phoneId=0, mMtkLevel=0, mMtkRsrpOnly=false, mMtkLteRsrpThreshold=null, mMtkLteRssnrThreshold=null
[2026-06-13T06:59:07.324Z] [ALL] 06-13 12:29:04.918 12537 12597 I appium  : [119546221 (success)] Synthesized: MotionEvent { action=ACTION_MOVE, actionButton=0, id[0]=0, x[0]=540.0, y[0]=1126.5306, toolType[0]=TOOL_TYPE_FINGER, buttonState=0, classification=NONE, metaState=0, flags=0x0, edgeFlags=0x0, pointerCount=1, historySize=0, eventTime=119546221, downTime=119545679, deviceId=0, source=0x1002, displayId=0, eventId=-301673824 }
[2026-06-13T06:59:07.324Z] [ALL] 06-13 12:29:04.918 12537 12597 I appium  : The event has been delayed for 21ms
[2026-06-13T06:59:07.324Z] [ALL] 06-13 12:29:04.931 26745 26745 D VRI[GrantPermissionsActivity]: handleWindowFocusChanged mWindowFocusChanged false mUpcomingWindowFocus true mAdded true
[2026-06-13T06:59:07.354Z] [ALL] 06-13 12:29:04.934 12537 12597 I appium  : [119546243 (success)] Synthesized: MotionEvent { action=ACTION_MOVE, actionButton=0, id[0]=0, x[0]=540.0, y[0]=1097.1428, toolType[0]=TOOL_TYPE_FINGER, buttonState=0, classification=NONE, metaState=0, flags=0x0, edgeFlags=0x0, pointerCount=1, historySize=0, eventTime=119546243, downTime=119545679, deviceId=0, source=0x1002, displayId=0, eventId=-378454446 }
[2026-06-13T06:59:07.354Z] [ALL] 06-13 12:29:04.947 26745 26745 D VRI[GrantPermissionsActivity]: handleWindowFocusChanged mWindowFocusChanged false mUpcomingWindowFocus true mAdded true
[2026-06-13T06:59:07.354Z] [ALL] 06-13 12:29:04.950  1000  1064 D SurfaceFlinger: kickIdle 378, 362, 34, 0
[2026-06-13T06:59:07.354Z] [ALL] 06-13 12:29:04.950   882   975 E hwcomposer: [DRMDEV] DRM_IOCTL_MTK_KICK_IDLE failed, drm_id_crtc: 64, error: -1  
[2026-06-13T06:59:07.354Z] [ALL] 06-13 12:29:04.951 12537 12597 I appium  : [119546260 (success)] Synthesized: MotionEvent { action=ACTION_MOVE, actionButton=0, id[0]=0, x[0]=540.0, y[0]=1067.7551, toolType[0]=TOOL_TYPE_FINGER, buttonState=0, classification=NONE, metaState=0, flags=0x0, edgeFlags=0x0, pointerCount=1, historySize=0, eventTime=119546260, downTime=119545679, deviceId=0, source=0x1002, displayId=0, eventId=-462846224 }
[2026-06-13T06:59:07.392Z] [ALL] 06-13 12:29:04.964 26745 26745 D VRI[GrantPermissionsActivity]: handleWindowFocusChanged mWindowFocusChanged false mUpcomingWindowFocus true mAdded true
[2026-06-13T06:59:07.392Z] [ALL] 06-13 12:29:04.967 12537 12597 I appium  : [119546280 (success)] Synthesized: MotionEvent { action=ACTION_MOVE, actionButton=0, id[0]=0, x[0]=540.0, y[0]=1038.3674, toolType[0]=TOOL_TYPE_FINGER, buttonState=0, classification=NONE, metaState=0, flags=0x0, edgeFlags=0x0, pointerCount=1, historySize=0, eventTime=119546280, downTime=119545679, deviceId=0, source=0x1002, displayId=0, eventId=-867511290 }
[2026-06-13T06:59:07.392Z] [ALL] 06-13 12:29:04.980 26745 26745 D VRI[GrantPermissionsActivity]: handleWindowFocusChanged mWindowFocusChanged false mUpcomingWindowFocus true mAdded true
[2026-06-13T06:59:07.392Z] [ALL] 06-13 12:29:04.983 12537 12597 I appium  : [119546300 (success)] Synthesized: MotionEvent { action=ACTION_MOVE, actionButton=0, id[0]=0, x[0]=540.0, y[0]=1008.9796, toolType[0]=TOOL_TYPE_FINGER, buttonState=0, classification=NONE, metaState=0, flags=0x0, edgeFlags=0x0, pointerCount=1, historySize=0, eventTime=119546300, downTime=119545679, deviceId=0, source=0x1002, displayId=0, eventId=-765615610 }
[2026-06-13T06:59:07.424Z] [ALL] 06-13 12:29:05.000  1695  2113 D PowerManagerService: userActivityNoUpdateLocked: groupId=0, eventTime=119546320, event=2, flags=0x0, uid=1000
[2026-06-13T06:59:07.424Z] [ALL] 06-13 12:29:05.013 26745 26745 D VRI[GrantPermissionsActivity]: handleWindowFocusChanged mWindowFocusChanged false mUpcomingWindowFocus true mAdded true
[2026-06-13T06:59:07.424Z] [ALL] 06-13 12:29:05.015 12537 12597 I appium  : [119546320 (success)] Synthesized: MotionEvent { action=ACTION_MOVE, actionButton=0, id[0]=0, x[0]=540.0, y[0]=979.59186, toolType[0]=TOOL_TYPE_FINGER, buttonState=0, classification=NONE, metaState=0, flags=0x0, edgeFlags=0x0, pointerCount=1, historySize=0, eventTime=119546320, downTime=119545679, deviceId=0, source=0x1002, displayId=0, eventId=-1013485667 }
[2026-06-13T06:59:07.457Z] [ALL] 06-13 12:29:05.029 26745 26745 D VRI[GrantPermissionsActivity]: handleWindowFocusChanged mWindowFocusChanged false mUpcomingWindowFocus true mAdded true
[2026-06-13T06:59:07.457Z] [ALL] 06-13 12:29:05.032 12537 12597 I appium  : [119546341 (success)] Synthesized: MotionEvent { action=ACTION_MOVE, actionButton=0, id[0]=0, x[0]=540.0, y[0]=950.2041, toolType[0]=TOOL_TYPE_FINGER, buttonState=0, classification=NONE, metaState=0, flags=0x0, edgeFlags=0x0, pointerCount=1, historySize=0, eventTime=119546341, downTime=119545679, deviceId=0, source=0x1002, displayId=0, eventId=-242582499 }
[2026-06-13T06:59:07.457Z] [ALL] 06-13 12:29:05.045 26745 26745 D VRI[GrantPermissionsActivity]: handleWindowFocusChanged mWindowFocusChanged false mUpcomingWindowFocus true mAdded true
[2026-06-13T06:59:07.457Z] [ALL] 06-13 12:29:05.048 12537 12597 I appium  : [119546361 (success)] Synthesized: MotionEvent { action=ACTION_MOVE, actionButton=0, id[0]=0, x[0]=540.0, y[0]=920.81635, toolType[0]=TOOL_TYPE_FINGER, buttonState=0, classification=NONE, metaState=0, flags=0x0, edgeFlags=0x0, pointerCount=1, historySize=0, eventTime=119546361, downTime=119545679, deviceId=0, source=0x1002, displayId=0, eventId=-874190943 }
[2026-06-13T06:59:07.457Z] [ALL] 06-13 12:29:05.062 26745 26745 D VRI[GrantPermissionsActivity]: handleWindowFocusChanged mWindowFocusChanged false mUpcomingWindowFocus true mAdded true
[2026-06-13T06:59:07.457Z] [ALL] 06-13 12:29:05.064 12537 12597 I appium  : [119546380 (success)] Synthesized: MotionEvent { action=ACTION_MOVE, actionButton=0, id[0]=0, x[0]=540.0, y[0]=891.4286, toolType[0]=TOOL_TYPE_FINGER, buttonState=0, classification=NONE, metaState=0, flags=0x0, edgeFlags=0x0, pointerCount=1, historySize=0, eventTime=119546380, downTime=119545679, deviceId=0, source=0x1002, displayId=0, eventId=-760318186 }
[2026-06-13T06:59:07.486Z] [ALL] 06-13 12:29:05.095 26745 26745 D VRI[GrantPermissionsActivity]: handleWindowFocusChanged mWindowFocusChanged false mUpcomingWindowFocus true mAdded true
[2026-06-13T06:59:07.522Z] [ALL] 06-13 12:29:05.098 12537 12597 I appium  : [119546401 (success)] Synthesized: MotionEvent { action=ACTION_MOVE, actionButton=0, id[0]=0, x[0]=540.0, y[0]=862.0409, toolType[0]=TOOL_TYPE_FINGER, buttonState=0, classification=NONE, metaState=0, flags=0x0, edgeFlags=0x0, pointerCount=1, historySize=0, eventTime=119546401, downTime=119545679, deviceId=0, source=0x1002, displayId=0, eventId=-687365052 }
[2026-06-13T06:59:07.522Z] [ALL] 06-13 12:29:05.099 12537 12597 I appium  : The event has been delayed for 22ms
[2026-06-13T06:59:07.522Z] [ALL] 06-13 12:29:05.104  1695  2113 D PowerManagerService: userActivityNoUpdateLocked: groupId=0, eventTime=119546424, event=2, flags=0x0, uid=1000
[2026-06-13T06:59:07.522Z] [ALL] 06-13 12:29:05.111 26745 26745 D VRI[GrantPermissionsActivity]: handleWindowFocusChanged mWindowFocusChanged false mUpcomingWindowFocus true mAdded true
[2026-06-13T06:59:07.522Z] [ALL] 06-13 12:29:05.114  1284  1284 I thermal_repeater: [recvMdThermalInfo] ret=33, strLen=127,  4, 47, -50, -28457, 32767, 14084
[2026-06-13T06:59:07.522Z] [ALL] 06-13 12:29:05.115 12537 12597 I appium  : [119546424 (success)] Synthesized: MotionEvent { action=ACTION_MOVE, actionButton=0, id[0]=0, x[0]=540.0, y[0]=832.6531, toolType[0]=TOOL_TYPE_FINGER, buttonState=0, classification=NONE, metaState=0, flags=0x0, edgeFlags=0x0, pointerCount=1, historySize=0, eventTime=119546424, downTime=119545679, deviceId=0, source=0x1002, displayId=0, eventId=-83042970 }
[2026-06-13T06:59:07.555Z] [ALL] 06-13 12:29:05.127 26745 26745 D VRI[GrantPermissionsActivity]: handleWindowFocusChanged mWindowFocusChanged false mUpcomingWindowFocus true mAdded true
[2026-06-13T06:59:07.555Z] [ALL] 06-13 12:29:05.130 12537 12597 I appium  : [119546441 (success)] Synthesized: MotionEvent { action=ACTION_MOVE, actionButton=0, id[0]=0, x[0]=540.0, y[0]=803.2654, toolType[0]=TOOL_TYPE_FINGER, buttonState=0, classification=NONE, metaState=0, flags=0x0, edgeFlags=0x0, pointerCount=1, historySize=0, eventTime=119546441, downTime=119545679, deviceId=0, source=0x1002, displayId=0, eventId=-390874243 }
[2026-06-13T06:59:07.555Z] [ALL] 06-13 12:29:05.145 26745 26745 D VRI[GrantPermissionsActivity]: handleWindowFocusChanged mWindowFocusChanged false mUpcomingWindowFocus true mAdded true
[2026-06-13T06:59:07.585Z] [ALL] 06-13 12:29:05.149 12537 12597 I appium  : [119546461 (success)] Synthesized: MotionEvent { action=ACTION_MOVE, actionButton=0, id[0]=0, x[0]=540.0, y[0]=773.87756, toolType[0]=TOOL_TYPE_FINGER, buttonState=0, classification=NONE, metaState=0, flags=0x0, edgeFlags=0x0, pointerCount=1, historySize=0, eventTime=119546461, downTime=119545679, deviceId=0, source=0x1002, displayId=0, eventId=-964795460 }
[2026-06-13T06:59:07.585Z] [ALL] 06-13 12:29:05.161 26745 26745 D VRI[GrantPermissionsActivity]: handleWindowFocusChanged mWindowFocusChanged false mUpcomingWindowFocus true mAdded true
[2026-06-13T06:59:07.585Z] [ALL] 06-13 12:29:05.163 12537 12597 I appium  : [119546480 (success)] Synthesized: MotionEvent { action=ACTION_MOVE, actionButton=0, id[0]=0, x[0]=540.0, y[0]=744.48987, toolType[0]=TOOL_TYPE_FINGER, buttonState=0, classification=NONE, metaState=0, flags=0x0, edgeFlags=0x0, pointerCount=1, historySize=0, eventTime=119546480, downTime=119545679, deviceId=0, source=0x1002, displayId=0, eventId=-1011789351 }
[2026-06-13T06:59:07.585Z] [ALL] 06-13 12:29:05.193 26745 26745 D VRI[GrantPermissionsActivity]: handleWindowFocusChanged mWindowFocusChanged false mUpcomingWindowFocus true mAdded true
[2026-06-13T06:59:07.613Z] [ALL] 06-13 12:29:05.195 12537 12597 I appium  : [119546501 (success)] Synthesized: MotionEvent { action=ACTION_MOVE, actionButton=0, id[0]=0, x[0]=540.0, y[0]=715.10205, toolType[0]=TOOL_TYPE_FINGER, buttonState=0, classification=NONE, metaState=0, flags=0x0, edgeFlags=0x0, pointerCount=1, historySize=0, eventTime=119546501, downTime=119545679, deviceId=0, source=0x1002, displayId=0, eventId=-315616436 }
[2026-06-13T06:59:07.613Z] [ALL] 06-13 12:29:05.209 26745 26745 D VRI[GrantPermissionsActivity]: handleWindowFocusChanged mWindowFocusChanged false mUpcomingWindowFocus true mAdded true
[2026-06-13T06:59:07.613Z] [ALL] 06-13 12:29:05.212 12537 12597 I appium  : [119546521 (success)] Synthesized: MotionEvent { action=ACTION_MOVE, actionButton=0, id[0]=0, x[0]=540.0, y[0]=685.71436, toolType[0]=TOOL_TYPE_FINGER, buttonState=0, classification=NONE, metaState=0, flags=0x0, edgeFlags=0x0, pointerCount=1, historySize=0, eventTime=119546521, downTime=119545679, deviceId=0, source=0x1002, displayId=0, eventId=-33630667 }
[2026-06-13T06:59:07.637Z] [ALL] 06-13 12:29:05.221  1695  2113 D PowerManagerService: userActivityNoUpdateLocked: groupId=0, eventTime=119546541, event=2, flags=0x0, uid=1000
[2026-06-13T06:59:07.637Z] [ALL] 06-13 12:29:05.226 26745 26745 D VRI[GrantPermissionsActivity]: handleWindowFocusChanged mWindowFocusChanged false mUpcomingWindowFocus true mAdded true
[2026-06-13T06:59:07.637Z] [ALL] 06-13 12:29:05.229 12537 12597 I appium  : [119546541 (success)] Synthesized: MotionEvent { action=ACTION_MOVE, actionButton=0, id[0]=0, x[0]=540.0, y[0]=656.32654, toolType[0]=TOOL_TYPE_FINGER, buttonState=0, classification=NONE, metaState=0, flags=0x0, edgeFlags=0x0, pointerCount=1, historySize=0, eventTime=119546541, downTime=119545679, deviceId=0, source=0x1002, displayId=0, eventId=-247684175 }
[2026-06-13T06:59:07.637Z] [ALL] 06-13 12:29:05.241 26745 26745 D VRI[GrantPermissionsActivity]: handleWindowFocusChanged mWindowFocusChanged false mUpcomingWindowFocus true mAdded true
[2026-06-13T06:59:07.637Z] [ALL] 06-13 12:29:05.245 12537 12597 I appium  : [119546561 (success)] Synthesized: MotionEvent { action=ACTION_MOVE, actionButton=0, id[0]=0, x[0]=540.0, y[0]=626.93884, toolType[0]=TOOL_TYPE_FINGER, buttonState=0, classification=NONE, metaState=0, flags=0x0, edgeFlags=0x0, pointerCount=1, historySize=0, eventTime=119546561, downTime=119545679, deviceId=0, source=0x1002, displayId=0, eventId=-306905951 }
[2026-06-13T06:59:07.664Z] [ALL] 06-13 12:29:05.274 26745 26745 D VRI[GrantPermissionsActivity]: handleWindowFocusChanged mWindowFocusChanged false mUpcomingWindowFocus true mAdded true
[2026-06-13T06:59:07.664Z] [ALL] 06-13 12:29:05.278 12537 12597 I appium  : [119546581 (success)] Synthesized: MotionEvent { action=ACTION_MOVE, actionButton=0, id[0]=0, x[0]=540.0, y[0]=597.551, toolType[0]=TOOL_TYPE_FINGER, buttonState=0, classification=NONE, metaState=0, flags=0x0, edgeFlags=0x0, pointerCount=1, historySize=0, eventTime=119546581, downTime=119545679, deviceId=0, source=0x1002, displayId=0, eventId=-532101888 }
[2026-06-13T06:59:07.698Z] [ALL] 06-13 12:29:05.279 12537 12597 I appium  : The event has been delayed for 21ms
[2026-06-13T06:59:07.698Z] [ALL] 06-13 12:29:05.290 26745 26745 D VRI[GrantPermissionsActivity]: handleWindowFocusChanged mWindowFocusChanged false mUpcomingWindowFocus true mAdded true
[2026-06-13T06:59:07.698Z] [ALL] 06-13 12:29:05.294 12537 12597 I appium  : [119546604 (success)] Synthesized: MotionEvent { action=ACTION_MOVE, actionButton=0, id[0]=0, x[0]=540.0, y[0]=568.1633, toolType[0]=TOOL_TYPE_FINGER, buttonState=0, classification=NONE, metaState=0, flags=0x0, edgeFlags=0x0, pointerCount=1, historySize=0, eventTime=119546604, downTime=119545679, deviceId=0, source=0x1002, displayId=0, eventId=-813116368 }
[2026-06-13T06:59:07.728Z] [ALL] 06-13 12:29:05.307 26745 26745 D VRI[GrantPermissionsActivity]: handleWindowFocusChanged mWindowFocusChanged false mUpcomingWindowFocus true mAdded true
[2026-06-13T06:59:07.728Z] [ALL] 06-13 12:29:05.310 12537 12597 I appium  : [119546622 (success)] Synthesized: MotionEvent { action=ACTION_MOVE, actionButton=0, id[0]=0, x[0]=540.0, y[0]=538.7755, toolType[0]=TOOL_TYPE_FINGER, buttonState=0, classification=NONE, metaState=0, flags=0x0, edgeFlags=0x0, pointerCount=1, historySize=0, eventTime=119546622, downTime=119545679, deviceId=0, source=0x1002, displayId=0, eventId=-227675944 }
[2026-06-13T06:59:07.728Z] [ALL] 06-13 12:29:05.322  1695  2113 D PowerManagerService: userActivityNoUpdateLocked: groupId=0, eventTime=119546641, event=2, flags=0x0, uid=1000
[2026-06-13T06:59:07.728Z] [ALL] 06-13 12:29:05.323 26745 26745 D VRI[GrantPermissionsActivity]: handleWindowFocusChanged mWindowFocusChanged false mUpcomingWindowFocus true mAdded true
[2026-06-13T06:59:07.728Z] [ALL] 06-13 12:29:05.326 12537 12597 I appium  : [119546641 (success)] Synthesized: MotionEvent { action=ACTION_MOVE, actionButton=0, id[0]=0, x[0]=540.0, y[0]=509.38782, toolType[0]=TOOL_TYPE_FINGER, buttonState=0, classification=NONE, metaState=0, flags=0x0, edgeFlags=0x0, pointerCount=1, historySize=0, eventTime=119546641, downTime=119545679, deviceId=0, source=0x1002, displayId=0, eventId=-658798100 }
[2026-06-13T06:59:07.746Z] [ALL] 06-13 12:29:05.356 26745 26745 D VRI[GrantPermissionsActivity]: handleWindowFocusChanged mWindowFocusChanged false mUpcomingWindowFocus true mAdded true
[2026-06-13T06:59:07.746Z] [ALL] 06-13 12:29:05.360 12537 12597 I appium  : [119546660 (success)] Synthesized: MotionEvent { action=ACTION_MOVE, actionButton=0, id[0]=0, x[0]=540.0, y[0]=480.0, toolType[0]=TOOL_TYPE_FINGER, buttonState=0, classification=NONE, metaState=0, flags=0x0, edgeFlags=0x0, pointerCount=1, historySize=0, eventTime=119546660, downTime=119545679, deviceId=0, source=0x1002, displayId=0, eventId=-98664643 }
[2026-06-13T06:59:07.746Z] [ALL] 06-13 12:29:05.360 12537 12597 I appium  : The event has been delayed for 24ms
[2026-06-13T06:59:07.776Z] [ALL] 06-13 12:29:05.367   901   965 I libPowerHal: [perfLockRel] hdl:36033, idx:4
[2026-06-13T06:59:07.806Z] [ALL] 06-13 12:29:05.368   901   965 I libPowerHal: [PD] MTKPOWER_HINT_APP_TOUCH update cmd:3408600 param:0
[2026-06-13T06:59:07.806Z] [ALL] 06-13 12:29:05.368 26745 26745 D VRI[GrantPermissionsActivity]: handleWindowFocusChanged mWindowFocusChanged false mUpcomingWindowFocus true mAdded true
[2026-06-13T06:59:07.806Z] [ALL] 06-13 12:29:05.372  1695  2495 I mtkpower_client: perf_lock_rel, hdl:36035, tid:2495
[2026-06-13T06:59:07.806Z] [ALL] 06-13 12:29:05.372  1695  2495 I mtkpower_client: perf_lock_acq, hdl:36035, dur:0, num:8, tid:2495
[2026-06-13T06:59:07.806Z] [ALL] 06-13 12:29:05.373   901   965 I libPowerHal: [perfLockRel] hdl:36035, idx:0
[2026-06-13T06:59:07.806Z] [ALL] 06-13 12:29:05.373   901   965 I libPowerHal: system_server: hard user limit set cpu freq: -1 -1 -1 -1
[2026-06-13T06:59:07.806Z] [ALL] 06-13 12:29:05.374   901   965 I libPowerHal: [PD] system_server update cmd:2004100 param:0
[2026-06-13T06:59:07.806Z] [ALL] 06-13 12:29:05.375  1695  2495 I mtkpower_client: ret_hdl:36036
[2026-06-13T06:59:07.806Z] [ALL] 06-13 12:29:05.376   901   965 I libPowerHal: system_server: hard user limit set cpu freq: -1 1903000 -1 1900000
[2026-06-13T06:59:07.806Z] [ALL] 06-13 12:29:05.380  1695  2495 I mtkpower_client: perf_lock_rel, hdl:36036, tid:2495
[2026-06-13T06:59:07.806Z] [ALL] 06-13 12:29:05.380  1695  2495 I mtkpower_client: perf_lock_acq, hdl:36036, dur:0, num:12, tid:2495
[2026-06-13T06:59:07.806Z] [ALL] 06-13 12:29:05.381   901   920 I mtkpower@impl: [check_work_req] i:0, msg:1 hdl:36036, wait
[2026-06-13T06:59:07.806Z] [ALL] 06-13 12:29:05.381   901   965 I libPowerHal: [perfLockRel] hdl:36036, idx:0
[2026-06-13T06:59:07.806Z] [ALL] 06-13 12:29:05.381   901   965 I libPowerHal: system_server: hard user limit set cpu freq: -1 -1 -1 -1
[2026-06-13T06:59:07.806Z] [ALL] 06-13 12:29:05.381   901   965 I libPowerHal: [PD] system_server update cmd:2004100 param:0
[2026-06-13T06:59:07.806Z] [ALL] 06-13 12:29:05.383  1695  2495 I mtkpower_client: ret_hdl:36037
[2026-06-13T06:59:07.806Z] [ALL] 06-13 12:29:05.384   901   965 I libPowerHal: system_server: cpu_ctrl set cpu freq: 1407000 -1 1300000 -1
[2026-06-13T06:59:07.806Z] [ALL] 06-13 12:29:05.384   901   965 I libPowerHal: system_server: hard user limit set cpu freq: -1 1903000 -1 1900000
[2026-06-13T06:59:07.806Z] [ALL] 06-13 12:29:05.389 12537 12597 I appium  : [119546686 (success)] Synthesized: MotionEvent { action=ACTION_UP, actionButton=0, id[0]=0, x[0]=540.0, y[0]=480.0, toolType[0]=TOOL_TYPE_FINGER, buttonState=0, classification=NONE, metaState=0, flags=0x0, edgeFlags=0x0, pointerCount=1, historySize=0, eventTime=119546686, downTime=119545679, deviceId=0, source=0x1002, displayId=0, eventId=-256624124 }
[2026-06-13T06:59:07.806Z] [ALL] 06-13 12:29:05.389 12537 12597 I appium  : The event has been delayed for 27ms
[2026-06-13T06:59:07.806Z] [ALL] 06-13 12:29:05.391 12537 12597 I appium  : AppiumResponse: {"sessionId":"273ed46f-871b-4040-88b6-5aabd7acc7b5","value":null}
[2026-06-13T06:59:07.974Z] [ALL] 06-13 12:29:05.603  1695  2495 I mtkpower_client: perf_lock_rel, hdl:36037, tid:2495
[2026-06-13T06:59:07.974Z] [ALL] 06-13 12:29:05.603  1695  2495 I mtkpower_client: perf_lock_acq, hdl:36037, dur:0, num:8, tid:2495
[2026-06-13T06:59:07.974Z] [ALL] 06-13 12:29:05.603   901   965 I libPowerHal: [perfLockRel] hdl:36037, idx:0
[2026-06-13T06:59:07.974Z] [ALL] 06-13 12:29:05.604   901   965 I libPowerHal: system_server: cpu_ctrl set cpu freq: -1 -1 -1 -1
[2026-06-13T06:59:07.974Z] [ALL] 06-13 12:29:05.604   901   965 I libPowerHal: system_server: hard user limit set cpu freq: -1 -1 -1 -1
[2026-06-13T06:59:07.974Z] [ALL] 06-13 12:29:05.604   901   965 I libPowerHal: [PD] system_server update cmd:2004100 param:0
[2026-06-13T06:59:07.974Z] [ALL] 06-13 12:29:05.605  1695  2495 I mtkpower_client: ret_hdl:36038
[2026-06-13T06:59:08.039Z] [ALL] 06-13 12:29:05.605   901   965 I libPowerHal: system_server: hard user limit set cpu freq: -1 1903000 -1 1900000
[2026-06-13T06:59:08.147Z] [ALL] 06-13 12:29:05.786  1695  2752 I OplusHansManager : uid=10349, pkg=io.appium.uiautomator2.server can transition from M to F
[2026-06-13T06:59:08.147Z] [ALL] 06-13 12:29:05.787  1695  2752 I OplusHansManager : uid=10349, pkg=io.appium.uiautomator2.server F enter(), M stay=1
[2026-06-13T06:59:08.147Z] [ALL] 06-13 12:29:05.790  1695  2752 I OplusHansManager : freeze uid: 10349 io.appium.uiautomator2.server pids: [12537] scene: LcdOn
[2026-06-13T06:59:08.203Z] [ALL] 06-13 12:29:05.791  7763 13029 D IHansComunication: HansComunication::addUid-- 10349, persistent--0
[2026-06-13T06:59:08.203Z] [ALL] 06-13 12:29:05.791  7763 13029 D IHansComunication: HANS sendMessageToKernel: threadId = 536992353456, netLinkSetup = 1, type = PKG, targetUid = 10349, pkgCmd = ADD_ONE_UID
[2026-06-13T06:59:08.637Z] [ALL] 06-13 12:29:06.279  1695  4592 D UsageStatsService: User[0] type=0 b=1781333809300 e=1781333946278 cb=1781262759833 ce=1781333922305 disk=0 all=7
[2026-06-13T06:59:09.157Z] [ALL] 06-13 12:29:06.794  7763 13029 D IHansComunication: HANS sendMessageToKernel: threadId = 536992353456, netLinkSetup = 1, type = FROZEN_TRANS, targetUid = 10349, pkgCmd = PKG_CMD_MAX
[2026-06-13T06:59:09.232Z] [ALL] 06-13 12:29:06.867 22664 23102 I NearbyDiscovery: (REDACTED) BloomFilterAdvManager: Detected bloom filter but too far away, ignoring. %sm, %s
[2026-06-13T06:59:09.270Z] [ALL] 06-13 12:29:06.883 22664 23102 I NearbyDiscovery: (REDACTED) BloomFilterAdvManager: Detected bloom filter but too far away, ignoring. %sm, %s
[2026-06-13T06:59:09.303Z] [ALL] 06-13 12:29:06.899  1695  2752 I OplusHansManager : uid=10375, pkg=com.mpokket.app can transition from M to F
[2026-06-13T06:59:09.303Z] [ALL] 06-13 12:29:06.899  1695  2752 I OplusHansManager : uid=10375, pkg=com.mpokket.app F enter(), M stay=10
[2026-06-13T06:59:09.303Z] [ALL] 06-13 12:29:06.911  1695  2752 I OplusHansManager : freeze uid: 10375 com.mpokket.app pids: [9202, 9491] IsolatedUid: [99214] scene: LcdOn
[2026-06-13T06:59:09.328Z] [ALL] 06-13 12:29:06.912  7763 13029 D IHansComunication: HansComunication::addUid-- 10375, persistent--0
[2026-06-13T06:59:09.328Z] [ALL] 06-13 12:29:06.912  7763 13029 D IHansComunication: HANS sendMessageToKernel: threadId = 536992353456, netLinkSetup = 1, type = PKG, targetUid = 10375, pkgCmd = ADD_ONE_UID
[2026-06-13T06:59:09.742Z] [ALL] 06-13 12:29:07.327   858 28068 E netd    : dispachCmd:oplusGetRtt
[2026-06-13T06:59:09.789Z] [ALL] 06-13 12:29:07.327   858 28068 E netd    : handleGetRttCmd: netId = 204, uid = 10246
[2026-06-13T06:59:09.789Z] [ALL] 06-13 12:29:07.331   858 28068 E netd    : dispachCmd cmd:oplusGetRtt  result:0
[2026-06-13T06:59:09.789Z] [ALL] 06-13 12:29:07.332   858  5601 E netd    : dispachCmd:oplusGetRtt
[2026-06-13T06:59:09.789Z] [ALL] 06-13 12:29:07.332   858  5601 E netd    : handleGetRttCmd: netId = 206, uid = 10246
[2026-06-13T06:59:09.789Z] [ALL] 06-13 12:29:07.335   858  5601 E netd    : dispachCmd cmd:oplusGetRtt  result:0
[2026-06-13T06:59:09.789Z] [ALL] 06-13 12:29:07.347  1695  2144 D OplusWifiConnect2: clientModeManager == null, getOplusSta2ConnectionInfo null
[2026-06-13T06:59:09.789Z] [ALL] 06-13 12:29:07.349  1695  2148 D WN_S    : isCellQualityGood is false, curscore =112, no need to switch lte
[2026-06-13T06:59:09.823Z] [ALL] 06-13 12:29:07.405  1695  1711 W System  : A resource failed to call release. 
[2026-06-13T06:59:09.823Z] [ALL] 06-13 12:29:07.406  1695  1711 W System  : A resource failed to call release. 
[2026-06-13T06:59:09.823Z] [ALL] 06-13 12:29:07.406  1695  1711 W System  : A resource failed to call release. 
[2026-06-13T06:59:09.823Z] [ALL] 06-13 12:29:07.406  1695  1711 W System  : A resource failed to call release. 
[2026-06-13T06:59:09.823Z] [ALL] 06-13 12:29:07.406  1695  1711 W System  : A resource failed to call release. 
[2026-06-13T06:59:09.823Z] [ALL] 06-13 12:29:07.406  1695  1711 W System  : A resource failed to call release. 
[2026-06-13T06:59:09.823Z] [ALL] 06-13 12:29:07.406  1695  1711 W System  : A resource failed to call release. 
[2026-06-13T06:59:09.823Z] [ALL] 06-13 12:29:07.406  1695  1711 W System  : A resource failed to call release. 
[2026-06-13T06:59:09.823Z] [ALL] 06-13 12:29:07.406  1695  1711 W System  : A resource failed to call release. 
[2026-06-13T06:59:09.823Z] [ALL] 06-13 12:29:07.407  1695  1711 W System  : A resource failed to call release. 
[2026-06-13T06:59:09.872Z] [ALL] 06-13 12:29:07.482  1695  1730 D AES     : AEEIOCTL_GET/SET_SF_STATE IOCTL,cmd= 1074294797, lParam=0. 
[2026-06-13T06:59:09.872Z] [ALL] 06-13 12:29:07.483  1695  1730 D AES     : AEEIOCTL_RT_MON_Kick IOCTL,cmd= 2147774474, lParam=300. 
[2026-06-13T06:59:10.045Z] [ALL] 06-13 12:29:07.673   934   934 D vendor.oplus.hardware.charger@1.0-service: getPsyUsbType type: USB, ret_value = 3
[2026-06-13T06:59:10.045Z] [ALL] 06-13 12:29:07.673   934   934 D vendor.oplus.hardware.charger@1.0-service: getPsyUsbType type: USB is usb charging.
[2026-06-13T06:59:10.115Z] [ALL] 06-13 12:29:07.686   934   934 D vendor.oplus.hardware.charger@1.0-service: getPsyUsbType type: USB, ret_value = 3
[2026-06-13T06:59:10.115Z] [ALL] 06-13 12:29:07.686   934   934 D vendor.oplus.hardware.charger@1.0-service: getPsyUsbType type: USB is usb charging.
[2026-06-13T06:59:10.274Z] [ALL] 06-13 12:29:07.912  7763 13029 D IHansComunication: HANS sendMessageToKernel: threadId = 536992353456, netLinkSetup = 1, type = FROZEN_TRANS, targetUid = 10375, pkgCmd = PKG_CMD_MAX
[2026-06-13T06:59:10.462Z] [ALL] 06-13 12:29:08.076 13599 14405 D ScreenStatusProducer: Current queue status: isIdle = true, isPolling = true
[2026-06-13T06:59:11.021Z] [ALL] 06-13 12:29:08.625   858  5601 E TetherController: property_get sys.radio.data.modem_share_flag return 0, 1!
[2026-06-13T06:59:11.189Z] [ALL] 06-13 12:29:08.829   924   930 E PerformanceService: storage_feature: open /sys/devices/platform/soc/112b0000.ufshci//virtualtlcbuff fail
[2026-06-13T06:59:11.401Z] [ALL] 06-13 12:29:09.021 13599 13803 D ScreenStatusProducer: Current queue status: isIdle = true, isPolling = true
[2026-06-13T06:59:11.447Z] [ALL] 06-13 12:29:09.066   934   934 D vendor.oplus.hardware.charger@1.0-service: getChargerControl:
[2026-06-13T06:59:11.554Z] [ALL] 06-13 12:29:09.120  2376  2376 D OplusPrivacyDotViewController: scheduleUpdate: 
[2026-06-13T06:59:11.554Z] [ALL] 06-13 12:29:09.120  2376  3236 D OplusPrivacyDotViewController: processNextViewState: 
[2026-06-13T06:59:11.554Z] [ALL] 06-13 12:29:09.121  2376  3236 D OplusPrivacyDotViewController: resolveState ViewState(systemPrivacyEventIsActive=false, shadeExpanded=false, qsExpanded=false, rtl=false, rotation=0, height=10, x=41, y=67, cornerIndex=1, designatedCorner=android.widget.FrameLayout{2bc44b7 G.E...... ......ID 0,0-10,10 #7f0b0488 app:id/icons_container viewInfo = }, contentDescription=null, chipAnimationStart=false, preDraw=false) shouldShowDot false
[2026-06-13T06:59:11.554Z] [ALL] 06-13 12:29:09.121  2376  3236 D OplusPrivacyDotViewController: updatePosition:41:67
[2026-06-13T06:59:11.554Z] [ALL] 06-13 12:29:09.121  7763  7793 E IHansComunication: HANS printMessageBody: RCV message: type = 0,port = 86870,caller_pid = 1695,caller_uid = 1000,target_pid = 12537,target_uid = 10349,pkg_cmd = -1,rpc = android.accessibilityservice.IAccessibilityServiceClient/2
[2026-06-13T06:59:11.554Z] [ALL] 06-13 12:29:09.121  2376  3236 D OplusPrivacyDotViewController: updatePosition:41:67
[2026-06-13T06:59:11.554Z] [ALL] 06-13 12:29:09.125  1695  2771 I OplusHansManager : unfreeze uid: 10349 io.appium.uiautomator2.server pids: [12537] reason: AsyncBinder scene: LcdOn
[2026-06-13T06:59:11.554Z] [ALL] 06-13 12:29:09.126  1695  2752 I OplusHansManager : uid=10349, pkg=io.appium.uiautomator2.server, transition from F to Middle, reason=AsyncBinder
[2026-06-13T06:59:11.554Z] [ALL] 06-13 12:29:09.126  1695  2752 I OplusHansManager : uid=10349, pkg=io.appium.uiautomator2.server F exit(), F stay=3, reason=AsyncBinder
[2026-06-13T06:59:11.554Z] [ALL] 06-13 12:29:09.139  1695  4790 V WindowManager: Relayout Window{6dbc26a u0 OplusPrivacyIconTopLeft}: viewVisibility=8, oldvis=8, req=10x10
[2026-06-13T06:59:11.554Z] [ALL] 06-13 12:29:09.146  1000  1547 D SurfaceFlinger: kickIdle 4196, 3743, 35, 0
[2026-06-13T06:59:11.554Z] [ALL] 06-13 12:29:09.147 12537 12597 I appium  : channel read: POST /session/273ed46f-871b-4040-88b6-5aabd7acc7b5/element
[2026-06-13T06:59:11.554Z] [ALL] 06-13 12:29:09.147   882   975 E hwcomposer: [DRMDEV] DRM_IOCTL_MTK_KICK_IDLE failed, drm_id_crtc: 64, error: -1  
[2026-06-13T06:59:11.596Z] [ALL] 06-13 12:29:09.151 12537 12597 I appium  : FindElement command
[2026-06-13T06:59:11.596Z] [ALL] 06-13 12:29:09.158 12537 12597 I appium  : method: 'xpath', selector: '//*[@resource-id="demo_guest_login_btn" or @content-desc="demo_guest_login_btn" or contains(@text, "Demo Mode") or contains(@text, "Offline Demo")]'
[2026-06-13T06:59:11.596Z] [ALL] 06-13 12:29:09.159 12537 12597 I appium  : Waiting up to 10000ms for the device to idle
[2026-06-13T06:59:11.596Z] [ALL] 06-13 12:29:09.172  1695  4786 V WindowManager: Relayout Window{369d750 u0 OplusPrivacyIconTopRight}: viewVisibility=8, oldvis=8, req=10x10
[2026-06-13T06:59:11.732Z] [ALL] 06-13 12:29:09.368  1000  1193 D VRR [OTI]: handleIdle from 0 to 1
[2026-06-13T06:59:11.750Z] [ALL] 06-13 12:29:09.369  1000  1193 D VRR [OTI-HW]: isStateReady 0
[2026-06-13T06:59:11.750Z] [ALL] 06-13 12:29:09.369  1000  1193 D VRR [OTI-HW]: rate range: min {id=0, hwcId=0, resolution=1080x2400, refreshRate=60.00 Hz, dpi=409.43x409.13, group=0} cur {id=0, hwcId=0, resolution=1080x2400, refreshRate=60.00 Hz, dpi=409.43x409.13, group=0} max {id=0, hwcId=0, resolution=1080x2400, refreshRate=60.00 Hz, dpi=409.43x409.13, group=0}
[2026-06-13T06:59:11.750Z] [ALL] 06-13 12:29:09.369  1000  1193 D VRR [OTI-HW]: keep rate.
[2026-06-13T06:59:11.989Z] [ALL] 06-13 12:29:09.627 12537 12597 I appium  : The following attributes will be included to the page source: [content-desc, text, resource-id]
[2026-06-13T06:59:12.085Z] [ALL] 06-13 12:29:09.716  1000  1547 D SurfaceFlinger: kickIdle 569, 513, 35, 0
[2026-06-13T06:59:12.085Z] [ALL] 06-13 12:29:09.717   882   975 E hwcomposer: [DRMDEV] DRM_IOCTL_MTK_KICK_IDLE failed, drm_id_crtc: 64, error: -1  
[2026-06-13T06:59:12.182Z] [ALL] 06-13 12:29:09.765 12537 12597 I appium  : Took 0ms to retrieve 0 matches for '//*[@resource-id="demo_guest_login_btn" or @content-desc="demo_guest_login_btn" or contains(@text, "Demo Mode") or contains(@text, "Offline Demo")]' XPath2 query
[2026-06-13T06:59:12.182Z] [ALL] 06-13 12:29:09.769 12537 12597 I appium  : AppiumResponse: {"sessionId":"273ed46f-871b-4040-88b6-5aabd7acc7b5","value":{"error":"no such element","message":"An element could not be located on the page using the given search parameters","stacktrace":"io.appium.uiautomator2.common.exceptions.ElementNotFoundException: An element could not be located on the page using the given search parameters\n\tat io.appium.uiautomator2.utils.ElementLocationHelpers.findElement(ElementLocationHelpers.java:153)\n\tat io.appium.uiautomator2.handler.FindElement.safeHandle(FindElement.java:60)\n\tat io.appium.uiautomator2.handler.request.SafeRequestHandler.handle(SafeRequestHandler.java:59)\n\tat io.appium.uiautomator2.server.AppiumServlet.handleRequest(AppiumServlet.java:267)\n\tat io.appium.uiautomator2.server.AppiumServlet.handleHttpRequest(AppiumServlet.java:261)\n\tat io.appium.uiautomator2.http.ServerHandler.channelRead(ServerHandler.java:77)\n\tat io.netty.channel.AbstractChannelHandlerContext.fireChannelRead(AbstractChannelHandlerContext.java:357)\n\tat io.netty.handler.codec.MessageToMessageDecoder.channelRead(MessageToMessageDecoder.java:107)\n\tat io.netty.channel.AbstractChannelHandlerContext.fireChannelRead(AbstractChannelHandlerContext.java:357)\n\tat io.netty.channel.CombinedChannelDuplexHandler$DelegatingChannelHandlerContext.fireChannelRead(CombinedChannelDuplexHandler.java:434)\n\tat io.netty.handler.codec.ByteToMessageDecoder.fireChannelRead(ByteToMessageDecoder.java:361)\n\tat io.netty.handler.codec.ByteToMessageDecoder.channelRead(ByteToMessageDecoder.java:325)\n\tat io.netty.channel.CombinedChannelDuplexHandler.channelRead(CombinedChannelDuplexHandler.java:249)\n\tat io.netty.channel.AbstractChannelHandlerContext.fireChannelRead(AbstractChannelHandlerContext.java:355)\n\tat io.netty.handler.timeout.IdleStateHandler.channelRead(IdleStateHandler.java:288)\n\tat io.netty.channel.AbstractChannelHandlerContext.fireChannelRead(AbstractChannelHandlerContext.java:355)\n\tat io.netty.channel.DefaultChannelPipeline$HeadContext.channelRead(DefaultChannelPipeline.java:1429)\n\tat io.netty.channel.DefaultChannelPipeline.fireChannelRead(DefaultChannelPipeline.java:918)\n\tat io.netty.channel.nio.AbstractNioByteChannel$NioByteUnsafe.read(AbstractNioByteChannel.java:176)\n\tat io.netty.channel.nio.AbstractNioChannel$AbstractNioUnsafe.handle(AbstractNioChannel.java:445)\n\tat io.netty.channel.nio.NioIoHandler$DefaultNioRegistration.handle(NioIoHandler.java:388)\n\tat io.netty.channel.nio.NioIoHandler.processSelectedKey(NioIoHandler.java:596)\n\tat io.netty.channel.nio.NioIoHandler.processSelectedKeysOptimized(NioIoHandler.java:571)\n\tat io.netty.channel.nio.NioIoHandler.processSelectedKeys(NioIoHandler.java:512)\n\tat io.netty.channel.nio.NioIoHandler.run(NioIoHandler.java:484)\n\tat io.netty.channel.SingleThreadIoEventLoop.runIo(SingleThreadIoEventLoop.java:225)\n\tat io.netty.channel.SingleThreadIoEventLoop.run(SingleThreadIoEventLoop.java:196)\n\tat io.netty.util.concurrent.SingleThreadEventExecutor$5.run(SingleThreadEventExecutor.java:1195)\n\tat io.netty.util.internal.ThreadExecutorMap$2.run(ThreadExecutorMap.java:74)\n\tat io.netty.util.concurrent.FastThreadLocalRunnable.run(FastThreadLocalRunnable.java:30)\n\tat java.lang.Thread.run(Thread.java:1572)\n"}}
[2026-06-13T06:59:12.319Z] [ALL] 06-13 12:29:09.951  2782  9792 D NetworkEvent: OplusNetworkEventCbProxy invoke.....onDnsEvent argslen:8
[2026-06-13T06:59:12.673Z] [ALL] 06-13 12:29:10.314 12537 12597 I appium  : channel read: POST /session/273ed46f-871b-4040-88b6-5aabd7acc7b5/element
[2026-06-13T06:59:12.673Z] [ALL] 06-13 12:29:10.316 12537 12597 I appium  : FindElement command
[2026-06-13T06:59:12.687Z] [ALL] 06-13 12:29:10.318 12537 12597 I appium  : method: 'xpath', selector: '//*[@resource-id="demo_guest_login_btn" or @content-desc="demo_guest_login_btn" or contains(@text, "Demo Mode") or contains(@text, "Offline Demo")]'
[2026-06-13T06:59:12.687Z] [ALL] 06-13 12:29:10.318 12537 12597 I appium  : Waiting up to 10000ms for the device to idle
[2026-06-13T06:59:12.699Z] [ALL] 06-13 12:29:10.322 12537 12597 I appium  : The following attributes will be included to the page source: [content-desc, text, resource-id]
[2026-06-13T06:59:12.748Z] [ALL] 06-13 12:29:10.386   858  5601 E netd    : dispachCmd:oplusGetRtt
[2026-06-13T06:59:12.798Z] [ALL] 06-13 12:29:10.386   858  5601 E netd    : handleGetRttCmd: netId = 204, uid = 10246
[2026-06-13T06:59:12.798Z] [ALL] 06-13 12:29:10.388   858  5601 E netd    : dispachCmd cmd:oplusGetRtt  result:0
[2026-06-13T06:59:12.826Z] [ALL] 06-13 12:29:10.389   858  5601 E netd    : dispachCmd:oplusGetRtt
[2026-06-13T06:59:12.826Z] [ALL] 06-13 12:29:10.389   858  5601 E netd    : handleGetRttCmd: netId = 206, uid = 10246
[2026-06-13T06:59:12.826Z] [ALL] 06-13 12:29:10.391   858  5601 E netd    : dispachCmd cmd:oplusGetRtt  result:0
[2026-06-13T06:59:12.826Z] [ALL] 06-13 12:29:10.393  1695  2144 D OplusWifiConnect2: clientModeManager == null, getOplusSta2ConnectionInfo null
[2026-06-13T06:59:12.826Z] [ALL] 06-13 12:29:10.394  1695  2148 D WN_S    : isCellQualityGood is false, curscore =112, no need to switch lte
[2026-06-13T06:59:12.826Z] [ALL] 06-13 12:29:10.401 12537 12597 I appium  : Took 0ms to retrieve 0 matches for '//*[@resource-id="demo_guest_login_btn" or @content-desc="demo_guest_login_btn" or contains(@text, "Demo Mode") or contains(@text, "Offline Demo")]' XPath2 query
[2026-06-13T06:59:12.826Z] [ALL] 06-13 12:29:10.404 12537 12597 I appium  : AppiumResponse: {"sessionId":"273ed46f-871b-4040-88b6-5aabd7acc7b5","value":{"error":"no such element","message":"An element could not be located on the page using the given search parameters","stacktrace":"io.appium.uiautomator2.common.exceptions.ElementNotFoundException: An element could not be located on the page using the given search parameters\n\tat io.appium.uiautomator2.utils.ElementLocationHelpers.findElement(ElementLocationHelpers.java:153)\n\tat io.appium.uiautomator2.handler.FindElement.safeHandle(FindElement.java:60)\n\tat io.appium.uiautomator2.handler.request.SafeRequestHandler.handle(SafeRequestHandler.java:59)\n\tat io.appium.uiautomator2.server.AppiumServlet.handleRequest(AppiumServlet.java:267)\n\tat io.appium.uiautomator2.server.AppiumServlet.handleHttpRequest(AppiumServlet.java:261)\n\tat io.appium.uiautomator2.http.ServerHandler.channelRead(ServerHandler.java:77)\n\tat io.netty.channel.AbstractChannelHandlerContext.fireChannelRead(AbstractChannelHandlerContext.java:357)\n\tat io.netty.handler.codec.MessageToMessageDecoder.channelRead(MessageToMessageDecoder.java:107)\n\tat io.netty.channel.AbstractChannelHandlerContext.fireChannelRead(AbstractChannelHandlerContext.java:357)\n\tat io.netty.channel.CombinedChannelDuplexHandler$DelegatingChannelHandlerContext.fireChannelRead(CombinedChannelDuplexHandler.java:434)\n\tat io.netty.handler.codec.ByteToMessageDecoder.fireChannelRead(ByteToMessageDecoder.java:361)\n\tat io.netty.handler.codec.ByteToMessageDecoder.channelRead(ByteToMessageDecoder.java:325)\n\tat io.netty.channel.CombinedChannelDuplexHandler.channelRead(CombinedChannelDuplexHandler.java:249)\n\tat io.netty.channel.AbstractChannelHandlerContext.fireChannelRead(AbstractChannelHandlerContext.java:355)\n\tat io.netty.handler.timeout.IdleStateHandler.channelRead(IdleStateHandler.java:288)\n\tat io.netty.channel.AbstractChannelHandlerContext.fireChannelRead(AbstractChannelHandlerContext.java:355)\n\tat io.netty.channel.DefaultChannelPipeline$HeadContext.channelRead(DefaultChannelPipeline.java:1429)\n\tat io.netty.channel.DefaultChannelPipeline.fireChannelRead(DefaultChannelPipeline.java:918)\n\tat io.netty.channel.nio.AbstractNioByteChannel$NioByteUnsafe.read(AbstractNioByteChannel.java:176)\n\tat io.netty.channel.nio.AbstractNioChannel$AbstractNioUnsafe.handle(AbstractNioChannel.java:445)\n\tat io.netty.channel.nio.NioIoHandler$DefaultNioRegistration.handle(NioIoHandler.java:388)\n\tat io.netty.channel.nio.NioIoHandler.processSelectedKey(NioIoHandler.java:596)\n\tat io.netty.channel.nio.NioIoHandler.processSelectedKeysOptimized(NioIoHandler.java:571)\n\tat io.netty.channel.nio.NioIoHandler.processSelectedKeys(NioIoHandler.java:512)\n\tat io.netty.channel.nio.NioIoHandler.run(NioIoHandler.java:484)\n\tat io.netty.channel.SingleThreadIoEventLoop.runIo(SingleThreadIoEventLoop.java:225)\n\tat io.netty.channel.SingleThreadIoEventLoop.run(SingleThreadIoEventLoop.java:196)\n\tat io.netty.util.concurrent.SingleThreadEventExecutor$5.run(SingleThreadEventExecutor.java:1195)\n\tat io.netty.util.internal.ThreadExecutorMap$2.run(ThreadExecutorMap.java:74)\n\tat io.netty.util.concurrent.FastThreadLocalRunnable.run(FastThreadLocalRunnable.java:30)\n\tat java.lang.Thread.run(Thread.java:1572)\n"}}
[2026-06-13T06:59:12.826Z] [ALL] 06-13 12:29:10.419  1000  1547 D SurfaceFlinger: kickIdle 702, 673, 34, 0
[2026-06-13T06:59:12.826Z] [ALL] 06-13 12:29:10.419   882   975 E hwcomposer: [DRMDEV] DRM_IOCTL_MTK_KICK_IDLE failed, drm_id_crtc: 64, error: -1  
[2026-06-13T06:59:12.996Z] [ALL] 06-13 12:29:10.634  1695  2752 I OplusHansManager : uid=10349, pkg=io.appium.uiautomator2.server can transition from M to F
[2026-06-13T06:59:13.012Z] [ALL] 06-13 12:29:10.635  1695  2752 I OplusHansManager : uid=10349, pkg=io.appium.uiautomator2.server F enter(), M stay=1
[2026-06-13T06:59:13.012Z] [ALL] 06-13 12:29:10.638  1695  2752 I OplusHansManager : freeze uid: 10349 io.appium.uiautomator2.server pids: [12537] scene: LcdOn
[2026-06-13T06:59:13.073Z] [ALL] 06-13 12:29:10.640  7763 13029 D IHansComunication: HansComunication::addUid-- 10349, persistent--0
[2026-06-13T06:59:13.073Z] [ALL] 06-13 12:29:10.640  7763 13029 D IHansComunication: HANS sendMessageToKernel: threadId = 536992353456, netLinkSetup = 1, type = PKG, targetUid = 10349, pkgCmd = ADD_ONE_UID
[2026-06-13T06:59:13.689Z] [ALL] 06-13 12:29:11.324  2744  2744 D OplusTelephonyController: onSignalStrengthChanged: SignalStrength=SignalStrength:{mCdma=CellSignalStrengthCdma: cdmaDbm=2147483647 cdmaEcio=2147483647 evdoDbm=2147483647 evdoEcio=2147483647 evdoSnr=2147483647 level=0,mGsm=CellSignalStrengthGsm: rssi=2147483647 ber=2147483647 mTa=2147483647 mLevel=0,mWcdma=CellSignalStrengthWcdma: ss=2147483647 ber=2147483647 rscp=2147483647 ecno=2147483647 level=0,mTdscdma=CellSignalStrengthTdscdma: rssi=2147483647 ber=2147483647 rscp=2147483647 level=0,mLte=CellSignalStrengthLte: rssi=2147483647 rsrp=2147483647 rsrq=2147483647 rssnr=2147483647 cqiTableIndex=2147483647 cqi=2147483647 ta=2147483647 level=0 parametersUseForLevel=0,mNr=CellSignalStrengthNr:{ csiRsrp = 2147483647 csiRsrq = 2147483647 csiCqiTableIndex = 2147483647 csiCqiReport = [] ssRsrp = -89 ssRsrq = -10 ssSinr = 13 level = 2 parametersUseForLevel = 0 },primary=CellSignalStrengthNr}, phoneId=0, mMtkLevel=0, mMtkRsrpOnly=false, mMtkLteRsrpThreshold=null, mMtkLteRssnrThreshold=null
[2026-06-13T06:59:13.746Z] [ALL] 06-13 12:29:11.353  1695  1725 D SensorService: onUidStateChanged uid = 10320, state = UID_STATE_IDLE
[2026-06-13T06:59:13.765Z] [ALL] 06-13 12:29:11.367  1000  1547 D SurfaceFlinger: kickIdle 948, 929, 35, 0
[2026-06-13T06:59:13.765Z] [ALL] 06-13 12:29:11.368   882   975 E hwcomposer: [DRMDEV] DRM_IOCTL_MTK_KICK_IDLE failed, drm_id_crtc: 64, error: -1  
[2026-06-13T06:59:14.001Z] [ALL] 06-13 12:29:11.640  7763 13029 D IHansComunication: HANS sendMessageToKernel: threadId = 536992353456, netLinkSetup = 1, type = FROZEN_TRANS, targetUid = 10349, pkgCmd = PKG_CMD_MAX
[2026-06-13T06:59:14.236Z] [ALL] 06-13 12:29:11.870   934   934 D vendor.oplus.hardware.charger@1.0-service: getPsyUsbType type: USB, ret_value = 3
[2026-06-13T06:59:14.264Z] [ALL] 06-13 12:29:11.870   934   934 D vendor.oplus.hardware.charger@1.0-service: getPsyUsbType type: USB is usb charging.
[2026-06-13T06:59:14.329Z] [ALL] 06-13 12:29:11.893  1695  2166 D OplusNetKit: in getLpByInterface name from LP: [ccmni1]
[2026-06-13T06:59:14.329Z] [ALL] 06-13 12:29:11.893  1695  2166 D OplusNetKit: in getLpByInterface name from LP: [ccmni2]
[2026-06-13T06:59:14.329Z] [ALL] 06-13 12:29:11.893  1695  2166 D OplusNetKit: in getLpByInterface name from LP: [wlan0]
[2026-06-13T06:59:14.329Z] [ALL] 06-13 12:29:11.893  1695  2166 D OplusNetKit: Route is ipv4 on wlan0 found, break
[2026-06-13T06:59:14.464Z] [ALL] 06-13 12:29:12.079  7763  7793 E IHansComunication: HANS printMessageBody: RCV message: type = 4,port = 86870,caller_pid = -1,caller_uid = -1,target_pid = -1,target_uid = 10375,pkg_cmd = -1,rpc = PKG/-1
[2026-06-13T06:59:14.477Z] [ALL] 06-13 12:29:12.080  1695  2166 D OplusNetRttKit: getIcmpEchoRtt each addr:172.20.10.1 Rtt: 171
[2026-06-13T06:59:14.517Z] [ALL] 06-13 12:29:12.093  1695  2771 I OplusHansManager : unfreeze uid: 10375 com.mpokket.app pids: [9202, 9491] reason: Packet scene: LcdOn
[2026-06-13T06:59:14.540Z] [ALL] 06-13 12:29:12.094  1695  2752 I OplusHansManager : uid=10375, pkg=com.mpokket.app, transition from F to Middle, reason=Packet
[2026-06-13T06:59:14.540Z] [ALL] 06-13 12:29:12.094  1695  2752 I OplusHansManager : uid=10375, pkg=com.mpokket.app F exit(), F stay=5, reason=Packet
[2026-06-13T06:59:14.540Z] [ALL] 06-13 12:29:12.098  1695  2166 D OplusNetRttKit: getIcmpEchoRtt each addr:172.20.10.1 Rtt: 17
[2026-06-13T06:59:14.540Z] [ALL] 06-13 12:29:12.104  1695  2166 D OplusNetRttKit: getIcmpEchoRtt each addr:172.20.10.1 Rtt: 5
[2026-06-13T06:59:14.540Z] [ALL] 06-13 12:29:12.104  1695  2166 D OplusNetRttKit: getIcmpEchoRtt addr:172.20.10.1 avgRtt: 64
[2026-06-13T06:59:14.584Z] [ALL] 06-13 12:29:12.214   891   978 W AString : ctor got NULL, using empty string instead
[2026-06-13T06:59:14.601Z] [ALL] 06-13 12:29:12.215   891   978 I sensors-hal-SensorSavedChannel: [8872,-28072,4650]==>gyro_bias.json
[2026-06-13T06:59:14.864Z] [ALL] 06-13 12:29:12.494   934   934 D vendor.oplus.hardware.charger@1.0-service: getPsyUsbType type: USB, ret_value = 3
[2026-06-13T06:59:14.880Z] [ALL] 06-13 12:29:12.495   934   934 D vendor.oplus.hardware.charger@1.0-service: getPsyUsbType type: USB is usb charging.
[2026-06-13T06:59:14.929Z] [ALL] 06-13 12:29:12.506   934   934 D vendor.oplus.hardware.charger@1.0-service: getPsyUsbType type: USB, ret_value = 3
[2026-06-13T06:59:14.929Z] [ALL] 06-13 12:29:12.506   934   934 D vendor.oplus.hardware.charger@1.0-service: getPsyUsbType type: USB is usb charging.
[2026-06-13T06:59:14.963Z] [ALL] 06-13 12:29:12.518 22664 12681 I NearbyConnections: Found BleAdvertisement [ 0x23 0x43 0x4b 0x42 0x32 0x11 0x16 0x83 0x8c 0xb9 0x24 0xb9 0xda 0xa8 0xef 0xc2 0x8a 0x3b 0x58 0xd0 0x02 0xce 0x99 ] (with EndpointId CKB2 and EndpointInfo [ 0x16 0x83 0x8c 0xb9 0x24 0xb9 0xda 0xa8 0xef 0xc2 0x8a 0x3b 0x58 0xd0 0x02 0xce 0x99 ])
[2026-06-13T06:59:14.963Z] [ALL] 06-13 12:29:12.522 22664 12681 I NearbyConnections: ClientProxy(135143596 0p:com.google.android.gms.nearby.sharing) reporting onEndpointFound(CKB2)
[2026-06-13T06:59:14.963Z] [ALL] 06-13 12:29:12.522 22664 12651 I NearbySharing: NearbySharing Internal event EndpointDiscovered(endpointId=CKB2)
[2026-06-13T06:59:14.963Z] [ALL] 06-13 12:29:12.523 22664 12681 I NearbyConnections: ClientProxy(135143596) reporting onEndpointDistanceChanged(CKB2, UNKNOWN)
[2026-06-13T06:59:15.390Z] [ALL] 06-13 12:29:12.983 22664 12697 I NearbyMediums: Found Fast Ble Advertisements :
[2026-06-13T06:59:15.390Z] [ALL] 06-13 12:29:12.983 22664 12697 I NearbyMediums: BleAdvertisement { version=2, socketVersion=2, isFast=true, serviceIdHash=null, data=[ 0x23 0x43 0x4b 0x42 0x32 0x11 0x16 0x83 0x8c 0xb9 0x24 0xb9 0xda 0xa8 0xef 0xc2 0x8a 0x3b 0x58 0xd0 0x02 0xce 0x99 ], deviceToken=[ 0x8f 0xac ], rxAdvertisement=null } : 1 times.
[2026-06-13T06:59:15.390Z] [ALL] 06-13 12:29:12.983 22664 12697 I NearbyMediums: Total 1 fast advertisements from 1 unique advertisers.
[2026-06-13T06:59:15.390Z] [ALL] 06-13 12:29:12.984 22664 12697 I NearbyMediums: Current Tracked Scanning Clients are : {NearbyConnections.EnvironmentMonitor, NearbySharing}
[2026-06-13T06:59:15.390Z] [ALL] 06-13 12:29:12.986 22664 12643 I NearbyConnections: Processing lost BlePeripheral BlePeripheral{advertisement=BleAdvertisement { version=2, socketVersion=2, isFast=true, serviceIdHash=null, data=[ 0x23 0x30 0x42 0x56 0x57 0x11 0x32 0xd8 0xf4 0x67 0xd8 0x2c 0x6a 0xa7 0x5d 0xa7 0xf9 0x84 0x8c 0xc4 0xcb 0x5e 0x15 ], deviceToken=[ 0xfa 0xac ], rxAdvertisement=null }, dctAdvertisement=null, address=null, psm=0, deviceToken=<ByteString@fa3c32e size=2 contents="\372\254">, isSecondProfile=false, rxInstantConnectionAdv=null}.
[2026-06-13T06:59:15.390Z] [ALL] 06-13 12:29:12.986 22664 12643 I NearbyConnections: Lost BleEndpoint for BlePeripheral BlePeripheral{advertisement=BleAdvertisement { version=2, socketVersion=2, isFast=true, serviceIdHash=null, data=[ 0x23 0x30 0x42 0x56 0x57 0x11 0x32 0xd8 0xf4 0x67 0xd8 0x2c 0x6a 0xa7 0x5d 0xa7 0xf9 0x84 0x8c 0xc4 0xcb 0x5e 0x15 ], deviceToken=[ 0xfa 0xac ], rxAdvertisement=null }, dctAdvertisement=null, address=null, psm=0, deviceToken=<ByteString@fa3c32e size=2 contents="\372\254">, isSecondProfile=false, rxInstantConnectionAdv=null} (with EndpointId 0BVW and EndpointInfo [ 0x32 0xd8 0xf4 0x67 0xd8 0x2c 0x6a 0xa7 0x5d 0xa7 0xf9 0x84 0x8c 0xc4 0xcb 0x5e 0x15 ]).
[2026-06-13T06:59:15.390Z] [ALL] 06-13 12:29:12.987 22664 12643 I NearbyConnections: ClientProxy(135143596) reporting onEndpointLost(0BVW)
[2026-06-13T06:59:15.445Z] [ALL] 06-13 12:29:12.988 22664 12643 I NearbyConnections: Processing lost BlePeripheral BlePeripheral{advertisement=BleAdvertisement { version=2, socketVersion=2, isFast=true, serviceIdHash=null, data=[ 0x23 0x54 0x36 0x46 0x49 0x11 0x32 0x4e 0x8b 0x0e 0x8c 0x29 0x67 0xc6 0x53 0xd6 0x9d 0xe5 0xd4 0xc5 0xeb 0x2d 0xea ], deviceToken=[ 0x03 0x7f ], rxAdvertisement=null }, dctAdvertisement=null, address=null, psm=0, deviceToken=<ByteString@1c64ecf size=2 contents="\003\177">, isSecondProfile=false, rxInstantConnectionAdv=null}.
[2026-06-13T06:59:15.445Z] [ALL] 06-13 12:29:12.988 22664 12643 I NearbyConnections: Lost BleEndpoint for BlePeripheral BlePeripheral{advertisement=BleAdvertisement { version=2, socketVersion=2, isFast=true, serviceIdHash=null, data=[ 0x23 0x54 0x36 0x46 0x49 0x11 0x32 0x4e 0x8b 0x0e 0x8c 0x29 0x67 0xc6 0x53 0xd6 0x9d 0xe5 0xd4 0xc5 0xeb 0x2d 0xea ], deviceToken=[ 0x03 0x7f ], rxAdvertisement=null }, dctAdvertisement=null, address=null, psm=0, deviceToken=<ByteString@1c64ecf size=2 contents="\003\177">, isSecondProfile=false, rxInstantConnectionAdv=null} (with EndpointId T6FI and EndpointInfo [ 0x32 0x4e 0x8b 0x0e 0x8c 0x29 0x67 0xc6 0x53 0xd6 0x9d 0xe5 0xd4 0xc5 0xeb 0x2d 0xea ]).
[2026-06-13T06:59:15.445Z] [ALL] 06-13 12:29:12.990 22664 12643 I NearbyConnections: ClientProxy(135143596) reporting onEndpointLost(T6FI)
[2026-06-13T06:59:15.476Z] [ALL] 06-13 12:29:12.990 22664 12643 I NearbyConnections: Processing lost BlePeripheral BlePeripheral{advertisement=BleAdvertisement { version=2, socketVersion=2, isFast=true, serviceIdHash=null, data=[ 0x23 0x57 0x44 0x4f 0x32 0x11 0x16 0x2c 0xdd 0x5b 0x0b 0xea 0xcb 0x3a 0x55 0x2d 0x8e 0xa6 0x25 0xa8 0x20 0x8a 0xcf ], deviceToken=[ 0x9d 0x3f ], rxAdvertisement=null }, dctAdvertisement=null, address=null, psm=0, deviceToken=<ByteString@8cd05c size=2 contents="\235?">, isSecondProfile=false, rxInstantConnectionAdv=null}.
[2026-06-13T06:59:15.476Z] [ALL] 06-13 12:29:12.990 22664 12643 I NearbyConnections: Lost BleEndpoint for BlePeripheral BlePeripheral{advertisement=BleAdvertisement { version=2, socketVersion=2, isFast=true, serviceIdHash=null, data=[ 0x23 0x57 0x44 0x4f 0x32 0x11 0x16 0x2c 0xdd 0x5b 0x0b 0xea 0xcb 0x3a 0x55 0x2d 0x8e 0xa6 0x25 0xa8 0x20 0x8a 0xcf ], deviceToken=[ 0x9d 0x3f ], rxAdvertisement=null }, dctAdvertisement=null, address=null, psm=0, deviceToken=<ByteString@8cd05c size=2 contents="\235?">, isSecondProfile=false, rxInstantConnectionAdv=null} (with EndpointId WDO2 and EndpointInfo [ 0x16 0x2c 0xdd 0x5b 0x0b 0xea 0xcb 0x3a 0x55 0x2d 0x8e 0xa6 0x25 0xa8 0x20 0x8a 0xcf ]).
[2026-06-13T06:59:15.476Z] [ALL] 06-13 12:29:12.991 22664 12651 I NearbySharing: NearbySharing Internal event EndpointLost(endpointId=0BVW)
[2026-06-13T06:59:15.476Z] [ALL] 06-13 12:29:12.992 22664 12643 I NearbyConnections: ClientProxy(135143596) reporting onEndpointLost(WDO2)
[2026-06-13T06:59:15.476Z] [ALL] 06-13 12:29:12.993 22664 12733 I NearbySharing: NearbySharing Internal event EndpointLost(endpointId=T6FI)
[2026-06-13T06:59:15.476Z] [ALL] 06-13 12:29:12.998 22664 12697 I NearbySharing: NearbySharing Internal event EndpointLost(endpointId=WDO2)
[2026-06-13T06:59:15.812Z] [ALL] 06-13 12:29:13.440   858  5601 E netd    : dispachCmd:oplusGetRtt
[2026-06-13T06:59:15.848Z] [ALL] 06-13 12:29:13.440   858  5601 E netd    : handleGetRttCmd: netId = 204, uid = 10246
[2026-06-13T06:59:15.848Z] [ALL] 06-13 12:29:13.443   858  5601 E netd    : dispachCmd cmd:oplusGetRtt  result:0
[2026-06-13T06:59:15.848Z] [ALL] 06-13 12:29:13.444   858 28068 E netd    : dispachCmd:oplusGetRtt
[2026-06-13T06:59:15.848Z] [ALL] 06-13 12:29:13.444   858 28068 E netd    : handleGetRttCmd: netId = 206, uid = 10246
[2026-06-13T06:59:15.848Z] [ALL] 06-13 12:29:13.447   858 28068 E netd    : dispachCmd cmd:oplusGetRtt  result:0
[2026-06-13T06:59:15.848Z] [ALL] 06-13 12:29:13.450  1695  2144 D OplusWifiConnect2: clientModeManager == null, getOplusSta2ConnectionInfo null
[2026-06-13T06:59:15.848Z] [ALL] 06-13 12:29:13.451  1695  2148 D WN_S    : isCellQualityGood is false, curscore =112, no need to switch lte
[2026-06-13T06:59:16.024Z] [ALL] 06-13 12:29:13.656   858 28068 E TetherController: property_get sys.radio.data.modem_share_flag return 0, 1!
[2026-06-13T06:59:16.199Z] [ALL] 06-13 12:29:13.830   924   930 E PerformanceService: storage_feature: open /sys/devices/platform/soc/112b0000.ufshci//virtualtlcbuff fail
[2026-06-13T06:59:16.443Z] [ALL] 06-13 12:29:14.068   934   934 D vendor.oplus.hardware.charger@1.0-service: getChargerControl:
[2026-06-13T06:59:16.787Z] [ALL] 06-13 12:29:14.417 22664 12643 I NearbyConnections: Found BleAdvertisement [ 0x23 0x57 0x44 0x4f 0x32 0x11 0x16 0x2c 0xdd 0x5b 0x0b 0xea 0xcb 0x3a 0x55 0x2d 0x8e 0xa6 0x25 0xa8 0x20 0x8a 0xcf ] (with EndpointId WDO2 and EndpointInfo [ 0x16 0x2c 0xdd 0x5b 0x0b 0xea 0xcb 0x3a 0x55 0x2d 0x8e 0xa6 0x25 0xa8 0x20 0x8a 0xcf ])
[2026-06-13T06:59:16.803Z] [ALL] 06-13 12:29:14.420 22664 12643 I NearbyConnections: ClientProxy(135143596 0p:com.google.android.gms.nearby.sharing) reporting onEndpointFound(WDO2)
[2026-06-13T06:59:16.804Z] [ALL] 06-13 12:29:14.420 22664 12643 I NearbyConnections: ClientProxy(135143596) reporting onEndpointDistanceChanged(WDO2, UNKNOWN)
[2026-06-13T06:59:16.804Z] [ALL] 06-13 12:29:14.421 22664 12681 I NearbySharing: NearbySharing Internal event EndpointDiscovered(endpointId=WDO2)
[2026-06-13T06:59:17.506Z] [ALL] 06-13 12:29:15.130  1284  1284 I thermal_repeater: [recvMdThermalInfo] ret=32, strLen=127,  4, 47, -50, -28457, 32767, 9373
[2026-06-13T06:59:17.562Z] [ALL] 06-13 12:29:15.170  2744  2744 D OplusTelephonyController: onSignalStrengthChanged: SignalStrength=SignalStrength:{mCdma=CellSignalStrengthCdma: cdmaDbm=2147483647 cdmaEcio=2147483647 evdoDbm=2147483647 evdoEcio=2147483647 evdoSnr=2147483647 level=0,mGsm=CellSignalStrengthGsm: rssi=2147483647 ber=2147483647 mTa=2147483647 mLevel=0,mWcdma=CellSignalStrengthWcdma: ss=2147483647 ber=2147483647 rscp=2147483647 ecno=2147483647 level=0,mTdscdma=CellSignalStrengthTdscdma: rssi=2147483647 ber=2147483647 rscp=2147483647 level=0,mLte=CellSignalStrengthLte: rssi=2147483647 rsrp=2147483647 rsrq=2147483647 rssnr=2147483647 cqiTableIndex=2147483647 cqi=2147483647 ta=2147483647 level=0 parametersUseForLevel=0,mNr=CellSignalStrengthNr:{ csiRsrp = 2147483647 csiRsrq = 2147483647 csiCqiTableIndex = 2147483647 csiCqiReport = [] ssRsrp = -98 ssRsrq = -8 ssSinr = 4 level = 1 parametersUseForLevel = 0 },primary=CellSignalStrengthNr}, phoneId=0, mMtkLevel=0, mMtkRsrpOnly=false, mMtkLteRsrpThreshold=null, mMtkLteRssnrThreshold=null
[2026-06-13T06:59:17.627Z] [ALL] 06-13 12:29:15.220  1000  1547 D SurfaceFlinger: kickIdle 3852, 3822, 35, 0
[2026-06-13T06:59:17.682Z] [ALL] 06-13 12:29:15.222   882   975 E hwcomposer: [DRMDEV] DRM_IOCTL_MTK_KICK_IDLE failed, drm_id_crtc: 64, error: -1  
[2026-06-13T06:59:17.682Z] [ALL] 06-13 12:29:15.228  1000  1703 D OplusHecate: pixels[1077,117]=0xff605d5a
[2026-06-13T06:59:18.955Z] [ALL] 06-13 12:29:16.499   858 28068 E netd    : dispachCmd:oplusGetRtt
[2026-06-13T06:59:18.956Z] [ALL] 06-13 12:29:16.499   858 28068 E netd    : handleGetRttCmd: netId = 204, uid = 10246
[2026-06-13T06:59:18.956Z] [ALL] 06-13 12:29:16.503   858 28068 E netd    : dispachCmd cmd:oplusGetRtt  result:0
[2026-06-13T06:59:18.956Z] [ALL] 06-13 12:29:16.504   858  5601 E netd    : dispachCmd:oplusGetRtt
[2026-06-13T06:59:18.956Z] [ALL] 06-13 12:29:16.504   858  5601 E netd    : handleGetRttCmd: netId = 206, uid = 10246
[2026-06-13T06:59:18.956Z] [ALL] 06-13 12:29:16.507   858  5601 E netd    : dispachCmd cmd:oplusGetRtt  result:0
[2026-06-13T06:59:18.956Z] [ALL] 06-13 12:29:16.510  1695  2144 D OplusWifiConnect2: clientModeManager == null, getOplusSta2ConnectionInfo null
[2026-06-13T06:59:18.956Z] [ALL] 06-13 12:29:16.510  1695  2148 D WN_S    : isCellQualityGood is false, curscore =112, no need to switch lte
[2026-06-13T06:59:20.096Z] [ALL] 06-13 12:29:17.694   934   934 D vendor.oplus.hardware.charger@1.0-service: getPsyUsbType type: USB, ret_value = 3
[2026-06-13T06:59:20.096Z] [ALL] 06-13 12:29:17.695   934   934 D vendor.oplus.hardware.charger@1.0-service: getPsyUsbType type: USB is usb charging.
[2026-06-13T06:59:20.130Z] [ALL] 06-13 12:29:17.712   934   934 D vendor.oplus.hardware.charger@1.0-service: getPsyUsbType type: USB, ret_value = 3
[2026-06-13T06:59:20.130Z] [ALL] 06-13 12:29:17.712   934   934 D vendor.oplus.hardware.charger@1.0-service: getPsyUsbType type: USB is usb charging.
[2026-06-13T06:59:20.233Z] [ALL] 06-13 12:29:17.836  1000  1547 D SurfaceFlinger: kickIdle 2615, 2587, 35, 0
[2026-06-13T06:59:20.233Z] [ALL] 06-13 12:29:17.836   882   975 E hwcomposer: [DRMDEV] DRM_IOCTL_MTK_KICK_IDLE failed, drm_id_crtc: 64, error: -1  
[2026-06-13T06:59:21.056Z] [ALL] 06-13 12:29:18.688   858  5601 E TetherController: property_get sys.radio.data.modem_share_flag return 0, 1!
[2026-06-13T06:59:21.210Z] [ALL] 06-13 12:29:18.829   924   930 E PerformanceService: storage_feature: open /sys/devices/platform/soc/112b0000.ufshci//virtualtlcbuff fail
[2026-06-13T06:59:21.393Z] [ALL] 06-13 12:29:19.006  2744  2744 D OplusTelephonyController: onSignalStrengthChanged: SignalStrength=SignalStrength:{mCdma=CellSignalStrengthCdma: cdmaDbm=2147483647 cdmaEcio=2147483647 evdoDbm=2147483647 evdoEcio=2147483647 evdoSnr=2147483647 level=0,mGsm=CellSignalStrengthGsm: rssi=2147483647 ber=2147483647 mTa=2147483647 mLevel=0,mWcdma=CellSignalStrengthWcdma: ss=2147483647 ber=2147483647 rscp=2147483647 ecno=2147483647 level=0,mTdscdma=CellSignalStrengthTdscdma: rssi=2147483647 ber=2147483647 rscp=2147483647 level=0,mLte=CellSignalStrengthLte: rssi=2147483647 rsrp=2147483647 rsrq=2147483647 rssnr=2147483647 cqiTableIndex=2147483647 cqi=2147483647 ta=2147483647 level=0 parametersUseForLevel=0,mNr=CellSignalStrengthNr:{ csiRsrp = 2147483647 csiRsrq = 2147483647 csiCqiTableIndex = 2147483647 csiCqiReport = [] ssRsrp = -83 ssRsrq = -3 ssSinr = 17 level = 2 parametersUseForLevel = 0 },primary=CellSignalStrengthNr}, phoneId=0, mMtkLevel=0, mMtkRsrpOnly=false, mMtkLteRsrpThreshold=null, mMtkLteRssnrThreshold=null
[2026-06-13T06:59:21.424Z] [ALL] 06-13 12:29:19.045  1000  1547 D SurfaceFlinger: kickIdle 1209, 1163, 35, 0
[2026-06-13T06:59:21.436Z] [ALL] 06-13 12:29:19.045   882   975 E hwcomposer: [DRMDEV] DRM_IOCTL_MTK_KICK_IDLE failed, drm_id_crtc: 64, error: -1  
[2026-06-13T06:59:21.457Z] [ALL] 06-13 12:29:19.070   934   934 D vendor.oplus.hardware.charger@1.0-service: getChargerControl:
[2026-06-13T06:59:21.781Z] [ALL] 06-13 12:29:19.411   875  3388 D [BT]    : mtk_bt_op: BT_VND_OP_LPM_WAKE_SET_STATE
[2026-06-13T06:59:21.973Z] [ALL] 06-13 12:29:19.563   858  5601 E netd    : dispachCmd:oplusGetRtt
[2026-06-13T06:59:21.973Z] [ALL] 06-13 12:29:19.563   858  5601 E netd    : handleGetRttCmd: netId = 204, uid = 10246
[2026-06-13T06:59:21.973Z] [ALL] 06-13 12:29:19.566   858  5601 E netd    : dispachCmd cmd:oplusGetRtt  result:0
[2026-06-13T06:59:22.026Z] [ALL] 06-13 12:29:19.567   858  5601 E netd    : dispachCmd:oplusGetRtt
[2026-06-13T06:59:22.026Z] [ALL] 06-13 12:29:19.568   858  5601 E netd    : handleGetRttCmd: netId = 206, uid = 10246
[2026-06-13T06:59:22.026Z] [ALL] 06-13 12:29:19.569  7763  7793 E IHansComunication: HANS printMessageBody: RCV message: type = 0,port = 86870,caller_pid = 1695,caller_uid = 1000,target_pid = 12537,target_uid = 10349,pkg_cmd = -1,rpc = android.accessibilityservice.IAccessibilityServiceClient/2
[2026-06-13T06:59:22.088Z] [ALL] 06-13 12:29:19.571   858  5601 E netd    : dispachCmd cmd:oplusGetRtt  result:0
[2026-06-13T06:59:22.088Z] [ALL] 06-13 12:29:19.575  1695  2771 I OplusHansManager : unfreeze uid: 10349 io.appium.uiautomator2.server pids: [12537] reason: AsyncBinder scene: LcdOn
[2026-06-13T06:59:22.088Z] [ALL] 06-13 12:29:19.577  1695  2752 I OplusHansManager : uid=10349, pkg=io.appium.uiautomator2.server, transition from F to Middle, reason=AsyncBinder
[2026-06-13T06:59:22.088Z] [ALL] 06-13 12:29:19.577  1695  2752 I OplusHansManager : uid=10349, pkg=io.appium.uiautomator2.server F exit(), F stay=8, reason=AsyncBinder
[2026-06-13T06:59:22.088Z] [ALL] 06-13 12:29:19.579 12537 12597 I appium  : channel read: POST /session/273ed46f-871b-4040-88b6-5aabd7acc7b5/element
[2026-06-13T06:59:22.088Z] [ALL] 06-13 12:29:19.579  1695  2144 D OplusWifiConnect2: clientModeManager == null, getOplusSta2ConnectionInfo null
[2026-06-13T06:59:22.088Z] [ALL] 06-13 12:29:19.580 12537 12597 I appium  : FindElement command
[2026-06-13T06:59:22.088Z] [ALL] 06-13 12:29:19.580  1695  2148 D WN_S    : isCellQualityGood is false, curscore =111, no need to switch lte
[2026-06-13T06:59:22.088Z] [ALL] 06-13 12:29:19.581 12537 12597 I appium  : method: 'xpath', selector: '//*[@resource-id="demo_guest_login_btn" or @content-desc="demo_guest_login_btn" or contains(@text, "Demo Mode") or contains(@text, "Offline Demo")]'
[2026-06-13T06:59:22.088Z] [ALL] 06-13 12:29:19.582 12537 12597 I appium  : Waiting up to 10000ms for the device to idle
[2026-06-13T06:59:22.088Z] [ALL] 06-13 12:29:19.585 12537 12597 I appium  : The following attributes will be included to the page source: [content-desc, text, resource-id]
[2026-06-13T06:59:22.088Z] [ALL] 06-13 12:29:19.595  1000  1547 D SurfaceFlinger: kickIdle 550, 530, 35, 0
[2026-06-13T06:59:22.088Z] [ALL] 06-13 12:29:19.596   882   975 E hwcomposer: [DRMDEV] DRM_IOCTL_MTK_KICK_IDLE failed, drm_id_crtc: 64, error: -1  
[2026-06-13T06:59:22.088Z] [ALL] 06-13 12:29:19.596 12537 12548 I tomator2.server: Method exceeds compiler instruction limit: 19260 in java_cup.runtime.Symbol org.eclipse.wst.xml.xpath2.processor.internal.CUP$XPathCup$actions.CUP$XPathCup$do_action(int, java_cup.runtime.lr_parser, java.util.Stack, int)
[2026-06-13T06:59:22.088Z] [ALL] 06-13 12:29:19.639  1695  1711 W System  : A resource failed to call release. 
[2026-06-13T06:59:22.088Z] [ALL] 06-13 12:29:19.639  1695  1711 W System  : A resource failed to call release. 
[2026-06-13T06:59:22.088Z] [ALL] 06-13 12:29:19.639  1695  1711 W System  : A resource failed to call release. 
[2026-06-13T06:59:22.088Z] [ALL] 06-13 12:29:19.639  1695  1711 W System  : A resource failed to call release. 
[2026-06-13T06:59:22.088Z] [ALL] 06-13 12:29:19.639  1695  1711 W System  : A resource failed to call release. 
[2026-06-13T06:59:22.088Z] [ALL] 06-13 12:29:19.639  1695  1711 W System  : A resource failed to call release. 
[2026-06-13T06:59:22.088Z] [ALL] 06-13 12:29:19.639 12537 12597 I appium  : Took 0ms to retrieve 0 matches for '//*[@resource-id="demo_guest_login_btn" or @content-desc="demo_guest_login_btn" or contains(@text, "Demo Mode") or contains(@text, "Offline Demo")]' XPath2 query
[2026-06-13T06:59:22.088Z] [ALL] 06-13 12:29:19.639  1695  1711 W System  : A resource failed to call release. 
[2026-06-13T06:59:22.088Z] [ALL] 06-13 12:29:19.639  1695  1711 W System  : A resource failed to call release. 
[2026-06-13T06:59:22.088Z] [ALL] 06-13 12:29:19.639  1695  1711 W System  : A resource failed to call release. 
[2026-06-13T06:59:22.088Z] [ALL] 06-13 12:29:19.639  1695  1711 W System  : A resource failed to call release. 
[2026-06-13T06:59:22.088Z] [ALL] 06-13 12:29:19.640  1695  1711 W System  : A resource failed to call release. 
[2026-06-13T06:59:22.088Z] [ALL] 06-13 12:29:19.640  1695  1711 W System  : A resource failed to call release. 
[2026-06-13T06:59:22.088Z] [ALL] 06-13 12:29:19.640  1695  1711 W System  : A resource failed to call release. 
[2026-06-13T06:59:22.088Z] [ALL] 06-13 12:29:19.640  1695  1711 W System  : A resource failed to call release. 
[2026-06-13T06:59:22.088Z] [ALL] 06-13 12:29:19.640  1695  1711 W System  : A resource failed to call release. 
[2026-06-13T06:59:22.088Z] [ALL] 06-13 12:29:19.641 12537 12597 I appium  : AppiumResponse: {"sessionId":"273ed46f-871b-4040-88b6-5aabd7acc7b5","value":{"error":"no such element","message":"An element could not be located on the page using the given search parameters","stacktrace":"io.appium.uiautomator2.common.exceptions.ElementNotFoundException: An element could not be located on the page using the given search parameters\n\tat io.appium.uiautomator2.utils.ElementLocationHelpers.findElement(ElementLocationHelpers.java:153)\n\tat io.appium.uiautomator2.handler.FindElement.safeHandle(FindElement.java:60)\n\tat io.appium.uiautomator2.handler.request.SafeRequestHandler.handle(SafeRequestHandler.java:59)\n\tat io.appium.uiautomator2.server.AppiumServlet.handleRequest(AppiumServlet.java:267)\n\tat io.appium.uiautomator2.server.AppiumServlet.handleHttpRequest(AppiumServlet.java:261)\n\tat io.appium.uiautomator2.http.ServerHandler.channelRead(ServerHandler.java:77)\n\tat io.netty.channel.AbstractChannelHandlerContext.fireChannelRead(AbstractChannelHandlerContext.java:357)\n\tat io.netty.handler.codec.MessageToMessageDecoder.channelRead(MessageToMessageDecoder.java:107)\n\tat io.netty.channel.AbstractChannelHandlerContext.fireChannelRead(AbstractChannelHandlerContext.java:357)\n\tat io.netty.channel.CombinedChannelDuplexHandler$DelegatingChannelHandlerContext.fireChannelRead(CombinedChannelDuplexHandler.java:434)\n\tat io.netty.handler.codec.ByteToMessageDecoder.fireChannelRead(ByteToMessageDecoder.java:361)\n\tat io.netty.handler.codec.ByteToMessageDecoder.channelRead(ByteToMessageDecoder.java:325)\n\tat io.netty.channel.CombinedChannelDuplexHandler.channelRead(CombinedChannelDuplexHandler.java:249)\n\tat io.netty.channel.AbstractChannelHandlerContext.fireChannelRead(AbstractChannelHandlerContext.java:355)\n\tat io.netty.handler.timeout.IdleStateHandler.channelRead(IdleStateHandler.java:288)\n\tat io.netty.channel.AbstractChannelHandlerContext.fireChannelRead(AbstractChannelHandlerContext.java:355)\n\tat io.netty.channel.DefaultChannelPipeline$HeadContext.channelRead(DefaultChannelPipeline.java:1429)\n\tat io.netty.channel.DefaultChannelPipeline.fireChannelRead(DefaultChannelPipeline.java:918)\n\tat io.netty.channel.nio.AbstractNioByteChannel$NioByteUnsafe.read(AbstractNioByteChannel.java:176)\n\tat io.netty.channel.nio.AbstractNioChannel$AbstractNioUnsafe.handle(AbstractNioChannel.java:445)\n\tat io.netty.channel.nio.NioIoHandler$DefaultNioRegistration.handle(NioIoHandler.java:388)\n\tat io.netty.channel.nio.NioIoHandler.processSelectedKey(NioIoHandler.java:596)\n\tat io.netty.channel.nio.NioIoHandler.processSelectedKeysOptimized(NioIoHandler.java:571)\n\tat io.netty.channel.nio.NioIoHandler.processSelectedKeys(NioIoHandler.java:512)\n\tat io.netty.channel.nio.NioIoHandler.run(NioIoHandler.java:484)\n\tat io.netty.channel.SingleThreadIoEventLoop.runIo(SingleThreadIoEventLoop.java:225)\n\tat io.netty.channel.SingleThreadIoEventLoop.run(SingleThreadIoEventLoop.java:196)\n\tat io.netty.util.concurrent.SingleThreadEventExecutor$5.run(SingleThreadEventExecutor.java:1195)\n\tat io.netty.util.internal.ThreadExecutorMap$2.run(ThreadExecutorMap.java:74)\n\tat io.netty.util.concurrent.FastThreadLocalRunnable.run(FastThreadLocalRunnable.java:30)\n\tat java.lang.Thread.run(Thread.java:1572)\n"}}
[2026-06-13T06:59:22.131Z] [ALL] 06-13 12:29:19.730 12537 12597 I appium  : channel read: POST /session/273ed46f-871b-4040-88b6-5aabd7acc7b5/element
[2026-06-13T06:59:22.168Z] [ALL] 06-13 12:29:19.731 12537 12597 I appium  : FindElement command
[2026-06-13T06:59:22.168Z] [ALL] 06-13 12:29:19.732 12537 12597 I appium  : method: 'xpath', selector: '//*[@resource-id="demo_guest_login_btn" or @content-desc="demo_guest_login_btn" or contains(@text, "Demo Mode") or contains(@text, "Offline Demo")]'
[2026-06-13T06:59:22.168Z] [ALL] 06-13 12:29:19.733 12537 12597 I appium  : Waiting up to 10000ms for the device to idle
[2026-06-13T06:59:22.168Z] [ALL] 06-13 12:29:19.738   891   978 W AString : ctor got NULL, using empty string instead
[2026-06-13T06:59:22.168Z] [ALL] 06-13 12:29:19.739   891   978 I sensors-hal-SensorSavedChannel: [8856,-27910,4596]==>gyro_bias.json
[2026-06-13T06:59:22.334Z] [ALL] 06-13 12:29:19.961  1000  1547 D SurfaceFlinger: kickIdle 365, 346, 35, 0
[2026-06-13T06:59:22.387Z] [ALL] 06-13 12:29:19.961   882   975 E hwcomposer: [DRMDEV] DRM_IOCTL_MTK_KICK_IDLE failed, drm_id_crtc: 64, error: -1  
[2026-06-13T06:59:22.538Z] [ALL] 06-13 12:29:20.166 22664 12681 I NearbyConnections: Found BleAdvertisement [ 0x23 0x54 0x36 0x46 0x49 0x11 0x32 0x4e 0x8b 0x0e 0x8c 0x29 0x67 0xc6 0x53 0xd6 0x9d 0xe5 0xd4 0xc5 0xeb 0x2d 0xea ] (with EndpointId T6FI and EndpointInfo [ 0x32 0x4e 0x8b 0x0e 0x8c 0x29 0x67 0xc6 0x53 0xd6 0x9d 0xe5 0xd4 0xc5 0xeb 0x2d 0xea ])
[2026-06-13T06:59:22.553Z] [ALL] 06-13 12:29:20.167 12537 12597 I appium  : The following attributes will be included to the page source: [content-desc, text, resource-id]
[2026-06-13T06:59:22.553Z] [ALL] 06-13 12:29:20.169 22664 12681 I NearbyConnections: ClientProxy(135143596 0p:com.google.android.gms.nearby.sharing) reporting onEndpointFound(T6FI)
[2026-06-13T06:59:22.553Z] [ALL] 06-13 12:29:20.169 22664 12733 I NearbySharing: NearbySharing Internal event EndpointDiscovered(endpointId=T6FI)
[2026-06-13T06:59:22.553Z] [ALL] 06-13 12:29:20.172 22664 12681 I NearbyConnections: ClientProxy(135143596) reporting onEndpointDistanceChanged(T6FI, UNKNOWN)
[2026-06-13T06:59:22.645Z] [ALL] 06-13 12:29:20.254 12537 12597 I appium  : Took 0ms to retrieve 0 matches for '//*[@resource-id="demo_guest_login_btn" or @content-desc="demo_guest_login_btn" or contains(@text, "Demo Mode") or contains(@text, "Offline Demo")]' XPath2 query
[2026-06-13T06:59:22.645Z] [ALL] 06-13 12:29:20.257 12537 12597 I appium  : AppiumResponse: {"sessionId":"273ed46f-871b-4040-88b6-5aabd7acc7b5","value":{"error":"no such element","message":"An element could not be located on the page using the given search parameters","stacktrace":"io.appium.uiautomator2.common.exceptions.ElementNotFoundException: An element could not be located on the page using the given search parameters\n\tat io.appium.uiautomator2.utils.ElementLocationHelpers.findElement(ElementLocationHelpers.java:153)\n\tat io.appium.uiautomator2.handler.FindElement.safeHandle(FindElement.java:60)\n\tat io.appium.uiautomator2.handler.request.SafeRequestHandler.handle(SafeRequestHandler.java:59)\n\tat io.appium.uiautomator2.server.AppiumServlet.handleRequest(AppiumServlet.java:267)\n\tat io.appium.uiautomator2.server.AppiumServlet.handleHttpRequest(AppiumServlet.java:261)\n\tat io.appium.uiautomator2.http.ServerHandler.channelRead(ServerHandler.java:77)\n\tat io.netty.channel.AbstractChannelHandlerContext.fireChannelRead(AbstractChannelHandlerContext.java:357)\n\tat io.netty.handler.codec.MessageToMessageDecoder.channelRead(MessageToMessageDecoder.java:107)\n\tat io.netty.channel.AbstractChannelHandlerContext.fireChannelRead(AbstractChannelHandlerContext.java:357)\n\tat io.netty.channel.CombinedChannelDuplexHandler$DelegatingChannelHandlerContext.fireChannelRead(CombinedChannelDuplexHandler.java:434)\n\tat io.netty.handler.codec.ByteToMessageDecoder.fireChannelRead(ByteToMessageDecoder.java:361)\n\tat io.netty.handler.codec.ByteToMessageDecoder.channelRead(ByteToMessageDecoder.java:325)\n\tat io.netty.channel.CombinedChannelDuplexHandler.channelRead(CombinedChannelDuplexHandler.java:249)\n\tat io.netty.channel.AbstractChannelHandlerContext.fireChannelRead(AbstractChannelHandlerContext.java:355)\n\tat io.netty.handler.timeout.IdleStateHandler.channelRead(IdleStateHandler.java:288)\n\tat io.netty.channel.AbstractChannelHandlerContext.fireChannelRead(AbstractChannelHandlerContext.java:355)\n\tat io.netty.channel.DefaultChannelPipeline$HeadContext.channelRead(DefaultChannelPipeline.java:1429)\n\tat io.netty.channel.DefaultChannelPipeline.fireChannelRead(DefaultChannelPipeline.java:918)\n\tat io.netty.channel.nio.AbstractNioByteChannel$NioByteUnsafe.read(AbstractNioByteChannel.java:176)\n\tat io.netty.channel.nio.AbstractNioChannel$AbstractNioUnsafe.handle(AbstractNioChannel.java:445)\n\tat io.netty.channel.nio.NioIoHandler$DefaultNioRegistration.handle(NioIoHandler.java:388)\n\tat io.netty.channel.nio.NioIoHandler.processSelectedKey(NioIoHandler.java:596)\n\tat io.netty.channel.nio.NioIoHandler.processSelectedKeysOptimized(NioIoHandler.java:571)\n\tat io.netty.channel.nio.NioIoHandler.processSelectedKeys(NioIoHandler.java:512)\n\tat io.netty.channel.nio.NioIoHandler.run(NioIoHandler.java:484)\n\tat io.netty.channel.SingleThreadIoEventLoop.runIo(SingleThreadIoEventLoop.java:225)\n\tat io.netty.channel.SingleThreadIoEventLoop.run(SingleThreadIoEventLoop.java:196)\n\tat io.netty.util.concurrent.SingleThreadEventExecutor$5.run(SingleThreadEventExecutor.java:1195)\n\tat io.netty.util.internal.ThreadExecutorMap$2.run(ThreadExecutorMap.java:74)\n\tat io.netty.util.concurrent.FastThreadLocalRunnable.run(FastThreadLocalRunnable.java:30)\n\tat java.lang.Thread.run(Thread.java:1572)\n"}}
[2026-06-13T06:59:23.229Z] [ALL] 06-13 12:29:20.812 12537 12597 I appium  : channel read: POST /session/273ed46f-871b-4040-88b6-5aabd7acc7b5/element
[2026-06-13T06:59:23.229Z] [ALL] 06-13 12:29:20.813 12537 12597 I appium  : FindElement command
[2026-06-13T06:59:23.229Z] [ALL] 06-13 12:29:20.816 12537 12597 I appium  : method: 'xpath', selector: '//*[@resource-id="demo_guest_login_btn" or @content-desc="demo_guest_login_btn" or contains(@text, "Demo Mode") or contains(@text, "Offline Demo")]'
[2026-06-13T06:59:23.229Z] [ALL] 06-13 12:29:20.816 12537 12597 I appium  : Waiting up to 10000ms for the device to idle
[2026-06-13T06:59:23.229Z] [ALL] 06-13 12:29:20.819 12537 12597 I appium  : The following attributes will be included to the page source: [content-desc, text, resource-id]
[2026-06-13T06:59:23.311Z] [ALL] 06-13 12:29:20.899 12537 12597 I appium  : Took 0ms to retrieve 0 matches for '//*[@resource-id="demo_guest_login_btn" or @content-desc="demo_guest_login_btn" or contains(@text, "Demo Mode") or contains(@text, "Offline Demo")]' XPath2 query
[2026-06-13T06:59:23.311Z] [ALL] 06-13 12:29:20.902 12537 12597 I appium  : AppiumResponse: {"sessionId":"273ed46f-871b-4040-88b6-5aabd7acc7b5","value":{"error":"no such element","message":"An element could not be located on the page using the given search parameters","stacktrace":"io.appium.uiautomator2.common.exceptions.ElementNotFoundException: An element could not be located on the page using the given search parameters\n\tat io.appium.uiautomator2.utils.ElementLocationHelpers.findElement(ElementLocationHelpers.java:153)\n\tat io.appium.uiautomator2.handler.FindElement.safeHandle(FindElement.java:60)\n\tat io.appium.uiautomator2.handler.request.SafeRequestHandler.handle(SafeRequestHandler.java:59)\n\tat io.appium.uiautomator2.server.AppiumServlet.handleRequest(AppiumServlet.java:267)\n\tat io.appium.uiautomator2.server.AppiumServlet.handleHttpRequest(AppiumServlet.java:261)\n\tat io.appium.uiautomator2.http.ServerHandler.channelRead(ServerHandler.java:77)\n\tat io.netty.channel.AbstractChannelHandlerContext.fireChannelRead(AbstractChannelHandlerContext.java:357)\n\tat io.netty.handler.codec.MessageToMessageDecoder.channelRead(MessageToMessageDecoder.java:107)\n\tat io.netty.channel.AbstractChannelHandlerContext.fireChannelRead(AbstractChannelHandlerContext.java:357)\n\tat io.netty.channel.CombinedChannelDuplexHandler$DelegatingChannelHandlerContext.fireChannelRead(CombinedChannelDuplexHandler.java:434)\n\tat io.netty.handler.codec.ByteToMessageDecoder.fireChannelRead(ByteToMessageDecoder.java:361)\n\tat io.netty.handler.codec.ByteToMessageDecoder.channelRead(ByteToMessageDecoder.java:325)\n\tat io.netty.channel.CombinedChannelDuplexHandler.channelRead(CombinedChannelDuplexHandler.java:249)\n\tat io.netty.channel.AbstractChannelHandlerContext.fireChannelRead(AbstractChannelHandlerContext.java:355)\n\tat io.netty.handler.timeout.IdleStateHandler.channelRead(IdleStateHandler.java:288)\n\tat io.netty.channel.AbstractChannelHandlerContext.fireChannelRead(AbstractChannelHandlerContext.java:355)\n\tat io.netty.channel.DefaultChannelPipeline$HeadContext.channelRead(DefaultChannelPipeline.java:1429)\n\tat io.netty.channel.DefaultChannelPipeline.fireChannelRead(DefaultChannelPipeline.java:918)\n\tat io.netty.channel.nio.AbstractNioByteChannel$NioByteUnsafe.read(AbstractNioByteChannel.java:176)\n\tat io.netty.channel.nio.AbstractNioChannel$AbstractNioUnsafe.handle(AbstractNioChannel.java:445)\n\tat io.netty.channel.nio.NioIoHandler$DefaultNioRegistration.handle(NioIoHandler.java:388)\n\tat io.netty.channel.nio.NioIoHandler.processSelectedKey(NioIoHandler.java:596)\n\tat io.netty.channel.nio.NioIoHandler.processSelectedKeysOptimized(NioIoHandler.java:571)\n\tat io.netty.channel.nio.NioIoHandler.processSelectedKeys(NioIoHandler.java:512)\n\tat io.netty.channel.nio.NioIoHandler.run(NioIoHandler.java:484)\n\tat io.netty.channel.SingleThreadIoEventLoop.runIo(SingleThreadIoEventLoop.java:225)\n\tat io.netty.channel.SingleThreadIoEventLoop.run(SingleThreadIoEventLoop.java:196)\n\tat io.netty.util.concurrent.SingleThreadEventExecutor$5.run(SingleThreadEventExecutor.java:1195)\n\tat io.netty.util.internal.ThreadExecutorMap$2.run(ThreadExecutorMap.java:74)\n\tat io.netty.util.concurrent.FastThreadLocalRunnable.run(FastThreadLocalRunnable.java:30)\n\tat java.lang.Thread.run(Thread.java:1572)\n"}}
[2026-06-13T06:59:23.470Z] [ALL] 06-13 12:29:21.086  1695  2752 I OplusHansManager : uid=10349, pkg=io.appium.uiautomator2.server can transition from M to F
[2026-06-13T06:59:23.470Z] [ALL] 06-13 12:29:21.087  1695  2752 I OplusHansManager : uid=10349, pkg=io.appium.uiautomator2.server F enter(), M stay=1
[2026-06-13T06:59:23.470Z] [ALL] 06-13 12:29:21.090  1695  2752 I OplusHansManager : freeze uid: 10349 io.appium.uiautomator2.server pids: [12537] scene: LcdOn
[2026-06-13T06:59:23.470Z] [ALL] 06-13 12:29:21.092  7763 13029 D IHansComunication: HansComunication::addUid-- 10349, persistent--0
[2026-06-13T06:59:23.470Z] [ALL] 06-13 12:29:21.092  7763 13029 D IHansComunication: HANS sendMessageToKernel: threadId = 536992353456, netLinkSetup = 1, type = PKG, targetUid = 10349, pkgCmd = ADD_ONE_UID
[2026-06-13T06:59:24.441Z] [ALL] 06-13 12:29:22.026 22664 12681 I NearbyMediums: This GATT advertisement BleAdvertisement { version=2, socketVersion=2, isFast=true, serviceIdHash=null, data=[ 0x23 0x34 0x48 0x36 0x33 0x11 0x32 0xb2 0xba 0x4a 0x58 0x11 0xa9 0x4a 0x39 0xf7 0x71 0x24 0xc3 0x48 0xa1 0x84 0x00 ], deviceToken=[ 0x09 0x6c ], rxAdvertisement=null } is a Fast Advertisement and matched UUID 0000fef3-0000-1000-8000-00805f9b34fb in fastAdvertisementServiceUuids map with serviceID NearbySharing
[2026-06-13T06:59:24.441Z] [ALL] 06-13 12:29:22.027 22664 12733 I NearbyConnections: Found BleAdvertisement [ 0x23 0x34 0x48 0x36 0x33 0x11 0x32 0xb2 0xba 0x4a 0x58 0x11 0xa9 0x4a 0x39 0xf7 0x71 0x24 0xc3 0x48 0xa1 0x84 0x00 ] (with EndpointId 4H63 and EndpointInfo [ 0x32 0xb2 0xba 0x4a 0x58 0x11 0xa9 0x4a 0x39 0xf7 0x71 0x24 0xc3 0x48 0xa1 0x84 0x00 ])
[2026-06-13T06:59:24.441Z] [ALL] 06-13 12:29:22.028 22664 12733 I NearbyConnections: ClientProxy(135143596 0p:com.google.android.gms.nearby.sharing) reporting onEndpointFound(4H63)
[2026-06-13T06:59:24.441Z] [ALL] 06-13 12:29:22.028 22664 12733 I NearbyConnections: ClientProxy(135143596) reporting onEndpointDistanceChanged(4H63, UNKNOWN)
[2026-06-13T06:59:24.441Z] [ALL] 06-13 12:29:22.030 22664 12733 I NearbySharing: NearbySharing Internal event EndpointDiscovered(endpointId=4H63)
[2026-06-13T06:59:24.475Z] [ALL] 06-13 12:29:22.086 22664 12697 I NearbyConnections: Found BleAdvertisement [ 0x23 0x46 0x41 0x55 0x44 0x11 0x16 0xea 0x4d 0x1e 0x41 0xfc 0x1f 0x24 0xd6 0x55 0xc3 0x60 0xf0 0x08 0xfa 0xec 0x94 ] (with EndpointId FAUD and EndpointInfo [ 0x16 0xea 0x4d 0x1e 0x41 0xfc 0x1f 0x24 0xd6 0x55 0xc3 0x60 0xf0 0x08 0xfa 0xec 0x94 ])
[2026-06-13T06:59:24.475Z] [ALL] 06-13 12:29:22.089 22664 12697 I NearbyConnections: ClientProxy(135143596 0p:com.google.android.gms.nearby.sharing) reporting onEndpointFound(FAUD)
[2026-06-13T06:59:24.475Z] [ALL] 06-13 12:29:22.089 22664 12697 I NearbyConnections: ClientProxy(135143596) reporting onEndpointDistanceChanged(FAUD, UNKNOWN)
[2026-06-13T06:59:24.475Z] [ALL] 06-13 12:29:22.090 22664 12651 I NearbySharing: NearbySharing Internal event EndpointDiscovered(endpointId=FAUD)
[2026-06-13T06:59:24.530Z] [ALL] 06-13 12:29:22.092  7763 13029 D IHansComunication: HANS sendMessageToKernel: threadId = 536992353456, netLinkSetup = 1, type = FROZEN_TRANS, targetUid = 10349, pkgCmd = PKG_CMD_MAX
[2026-06-13T06:59:24.530Z] [ALL] 06-13 12:29:22.101  1695  2752 I OplusHansManager : uid=10375, pkg=com.mpokket.app can transition from M to F
[2026-06-13T06:59:24.530Z] [ALL] 06-13 12:29:22.101  1695  2752 I OplusHansManager : uid=10375, pkg=com.mpokket.app F enter(), M stay=10
[2026-06-13T06:59:24.577Z] [ALL] 06-13 12:29:22.115  1695  2752 I OplusHansManager : freeze uid: 10375 com.mpokket.app pids: [9202, 9491] IsolatedUid: [99214] scene: LcdOn
[2026-06-13T06:59:24.577Z] [ALL] 06-13 12:29:22.117  7763 13029 D IHansComunication: HansComunication::addUid-- 10375, persistent--0
[2026-06-13T06:59:24.577Z] [ALL] 06-13 12:29:22.117  7763 13029 D IHansComunication: HANS sendMessageToKernel: threadId = 536992353456, netLinkSetup = 1, type = PKG, targetUid = 10375, pkgCmd = ADD_ONE_UID
[2026-06-13T06:59:25.068Z] [ALL] 06-13 12:29:22.621   858  5601 E netd    : dispachCmd:oplusGetRtt
[2026-06-13T06:59:25.068Z] [ALL] 06-13 12:29:22.622   858  5601 E netd    : handleGetRttCmd: netId = 204, uid = 10246
[2026-06-13T06:59:25.068Z] [ALL] 06-13 12:29:22.625   858  5601 E netd    : dispachCmd cmd:oplusGetRtt  result:0
[2026-06-13T06:59:25.068Z] [ALL] 06-13 12:29:22.626   858 28068 E netd    : dispachCmd:oplusGetRtt
[2026-06-13T06:59:25.068Z] [ALL] 06-13 12:29:22.626   858 28068 E netd    : handleGetRttCmd: netId = 206, uid = 10246
[2026-06-13T06:59:25.068Z] [ALL] 06-13 12:29:22.630   858 28068 E netd    : dispachCmd cmd:oplusGetRtt  result:0
[2026-06-13T06:59:25.068Z] [ALL] 06-13 12:29:22.635  1695  2144 D OplusWifiConnect2: clientModeManager == null, getOplusSta2ConnectionInfo null
[2026-06-13T06:59:25.117Z] [ALL] 06-13 12:29:22.636  1695  2148 D WN_S    : isCellQualityGood is false, curscore =111, no need to switch lte
[2026-06-13T06:59:25.133Z] [ALL] 06-13 12:29:22.741   934   934 D vendor.oplus.hardware.charger@1.0-service: getPsyUsbType type: USB, ret_value = 3
[2026-06-13T06:59:25.133Z] [ALL] 06-13 12:29:22.741   934   934 D vendor.oplus.hardware.charger@1.0-service: getPsyUsbType type: USB is usb charging.
[2026-06-13T06:59:25.157Z] [ALL] 06-13 12:29:22.768   934   934 D vendor.oplus.hardware.charger@1.0-service: getPsyUsbType type: USB, ret_value = 3
[2026-06-13T06:59:25.157Z] [ALL] 06-13 12:29:22.768   934   934 D vendor.oplus.hardware.charger@1.0-service: getPsyUsbType type: USB is usb charging.
[2026-06-13T06:59:25.207Z] [ALL] 06-13 12:29:22.794  7763  7793 E IHansComunication: HANS printMessageBody: RCV message: type = 4,port = 86870,caller_pid = -1,caller_uid = -1,target_pid = -1,target_uid = 10375,pkg_cmd = -1,rpc = PKG/-1
[2026-06-13T06:59:25.207Z] [ALL] 06-13 12:29:22.804  1695  2771 I OplusHansManager : unfreeze uid: 10375 com.mpokket.app pids: [9202, 9491] reason: Packet scene: LcdOn
[2026-06-13T06:59:25.207Z] [ALL] 06-13 12:29:22.804  1695  2752 I OplusHansManager : uid=10375, pkg=com.mpokket.app, transition from F to Middle, reason=Packet
[2026-06-13T06:59:25.207Z] [ALL] 06-13 12:29:22.804  1695  2752 I OplusHansManager : uid=10375, pkg=com.mpokket.app F exit(), F stay=0, reason=Packet
[2026-06-13T06:59:25.433Z] [ALL] 06-13 12:29:22.990 22664 12681 I NearbyMediums: Found Fast Ble Advertisements :
[2026-06-13T06:59:25.433Z] [ALL] 06-13 12:29:22.990 22664 12681 I NearbyMediums: BleAdvertisement { version=2, socketVersion=2, isFast=true, serviceIdHash=null, data=[ 0x23 0x54 0x36 0x46 0x49 0x11 0x32 0x4e 0x8b 0x0e 0x8c 0x29 0x67 0xc6 0x53 0xd6 0x9d 0xe5 0xd4 0xc5 0xeb 0x2d 0xea ], deviceToken=[ 0x03 0x7f ], rxAdvertisement=null } : 1 times.
[2026-06-13T06:59:25.433Z] [ALL] 06-13 12:29:22.990 22664 12681 I NearbyMediums: BleAdvertisement { version=2, socketVersion=2, isFast=true, serviceIdHash=null, data=[ 0x23 0x46 0x41 0x55 0x44 0x11 0x16 0xea 0x4d 0x1e 0x41 0xfc 0x1f 0x24 0xd6 0x55 0xc3 0x60 0xf0 0x08 0xfa 0xec 0x94 ], deviceToken=[ 0x43 0x9b ], rxAdvertisement=null } : 1 times.
[2026-06-13T06:59:25.433Z] [ALL] 06-13 12:29:22.990 22664 12681 I NearbyMediums: BleAdvertisement { version=2, socketVersion=2, isFast=true, serviceIdHash=null, data=[ 0x23 0x34 0x48 0x36 0x33 0x11 0x32 0xb2 0xba 0x4a 0x58 0x11 0xa9 0x4a 0x39 0xf7 0x71 0x24 0xc3 0x48 0xa1 0x84 0x00 ], deviceToken=[ 0x09 0x6c ], rxAdvertisement=null } : 1 times.
[2026-06-13T06:59:25.433Z] [ALL] 06-13 12:29:22.990 22664 12681 I NearbyMediums: BleAdvertisement { version=2, socketVersion=2, isFast=true, serviceIdHash=null, data=[ 0x23 0x57 0x44 0x4f 0x32 0x11 0x16 0x2c 0xdd 0x5b 0x0b 0xea 0xcb 0x3a 0x55 0x2d 0x8e 0xa6 0x25 0xa8 0x20 0x8a 0xcf ], deviceToken=[ 0x9d 0x3f ], rxAdvertisement=null } : 1 times.
[2026-06-13T06:59:25.433Z] [ALL] 06-13 12:29:22.990 22664 12681 I NearbyMediums: Total 4 fast advertisements from 4 unique advertisers.
[2026-06-13T06:59:25.433Z] [ALL] 06-13 12:29:22.991 22664 12681 I NearbyMediums: Current Tracked Scanning Clients are : {NearbyConnections.EnvironmentMonitor, NearbySharing}
[2026-06-13T06:59:25.433Z] [ALL] 06-13 12:29:22.993 22664 12651 I NearbyConnections: Processing lost BlePeripheral BlePeripheral{advertisement=BleAdvertisement { version=2, socketVersion=2, isFast=true, serviceIdHash=null, data=[ 0x23 0x43 0x4b 0x42 0x32 0x11 0x16 0x83 0x8c 0xb9 0x24 0xb9 0xda 0xa8 0xef 0xc2 0x8a 0x3b 0x58 0xd0 0x02 0xce 0x99 ], deviceToken=[ 0x8f 0xac ], rxAdvertisement=null }, dctAdvertisement=null, address=null, psm=0, deviceToken=<ByteString@99d53de size=2 contents="\217\254">, isSecondProfile=false, rxInstantConnectionAdv=null}.
[2026-06-13T06:59:25.433Z] [ALL] 06-13 12:29:22.993 22664 12651 I NearbyConnections: Lost BleEndpoint for BlePeripheral BlePeripheral{advertisement=BleAdvertisement { version=2, socketVersion=2, isFast=true, serviceIdHash=null, data=[ 0x23 0x43 0x4b 0x42 0x32 0x11 0x16 0x83 0x8c 0xb9 0x24 0xb9 0xda 0xa8 0xef 0xc2 0x8a 0x3b 0x58 0xd0 0x02 0xce 0x99 ], deviceToken=[ 0x8f 0xac ], rxAdvertisement=null }, dctAdvertisement=null, address=null, psm=0, deviceToken=<ByteString@99d53de size=2 contents="\217\254">, isSecondProfile=false, rxInstantConnectionAdv=null} (with EndpointId CKB2 and EndpointInfo [ 0x16 0x83 0x8c 0xb9 0x24 0xb9 0xda 0xa8 0xef 0xc2 0x8a 0x3b 0x58 0xd0 0x02 0xce 0x99 ]).
[2026-06-13T06:59:25.433Z] [ALL] 06-13 12:29:22.996 22664 12697 I NearbySharing: NearbySharing Internal event EndpointLost(endpointId=CKB2)
[2026-06-13T06:59:25.433Z] [ALL] 06-13 12:29:22.997 22664 12651 I NearbyConnections: ClientProxy(135143596) reporting onEndpointLost(CKB2)
[2026-06-13T06:59:25.516Z] [ALL] 06-13 12:29:23.117  7763 13029 D IHansComunication: HANS sendMessageToKernel: threadId = 536992353456, netLinkSetup = 1, type = FROZEN_TRANS, targetUid = 10375, pkgCmd = PKG_CMD_MAX
[2026-06-13T06:59:26.076Z] [ALL] 06-13 12:29:23.707   858 28068 E TetherController: property_get sys.radio.data.modem_share_flag return 0, 1!
[2026-06-13T06:59:26.207Z] [ALL] 06-13 12:29:23.832   924   930 E PerformanceService: storage_feature: open /sys/devices/platform/soc/112b0000.ufshci//virtualtlcbuff fail
[2026-06-13T06:59:26.356Z] [ALL] 06-13 12:29:23.918 22664 12643 I NearbyConnections: Found BleAdvertisement [ 0x23 0x30 0x42 0x56 0x57 0x11 0x32 0xd8 0xf4 0x67 0xd8 0x2c 0x6a 0xa7 0x5d 0xa7 0xf9 0x84 0x8c 0xc4 0xcb 0x5e 0x15 ] (with EndpointId 0BVW and EndpointInfo [ 0x32 0xd8 0xf4 0x67 0xd8 0x2c 0x6a 0xa7 0x5d 0xa7 0xf9 0x84 0x8c 0xc4 0xcb 0x5e 0x15 ])
[2026-06-13T06:59:26.368Z] [ALL] 06-13 12:29:23.920 22664 12643 I NearbyConnections: ClientProxy(135143596 0p:com.google.android.gms.nearby.sharing) reporting onEndpointFound(0BVW)
[2026-06-13T06:59:26.368Z] [ALL] 06-13 12:29:23.921 22664 12643 I NearbyConnections: ClientProxy(135143596) reporting onEndpointDistanceChanged(0BVW, UNKNOWN)
[2026-06-13T06:59:26.368Z] [ALL] 06-13 12:29:23.924 22664 12643 I NearbySharing: NearbySharing Internal event EndpointDiscovered(endpointId=0BVW)
[2026-06-13T06:59:26.439Z] [ALL] 06-13 12:29:24.071   934   934 D vendor.oplus.hardware.charger@1.0-service: getChargerControl:
[2026-06-13T06:59:26.439Z] [ALL] 06-13 12:29:24.074 10263 10536 I AiAiStatsd: No op: the most recent atoms from the date 2026-06-11 have been uploaded.
[2026-06-13T06:59:27.516Z] [ALL] 06-13 12:29:25.147  1284  1284 I thermal_repeater: [recvMdThermalInfo] ret=29, strLen=127,  4, 47, -50, -1, 32767, 14132
[2026-06-13T06:59:27.940Z] [ALL] 06-13 12:29:25.556 20565 20565 I adbd    : adbd service requested 'shell:getprop'
[2026-06-13T06:59:28.043Z] [ALL] 06-13 12:29:25.675   858 28068 E netd    : dispachCmd:oplusGetRtt
[2026-06-13T06:59:28.122Z] [ALL] 06-13 12:29:25.675   858 28068 E netd    : handleGetRttCmd: netId = 204, uid = 10246
[2026-06-13T06:59:28.122Z] [ALL] 06-13 12:29:25.678   858 28068 E netd    : dispachCmd cmd:oplusGetRtt  result:0
[2026-06-13T06:59:28.122Z] [ALL] 06-13 12:29:25.682   858 28068 E netd    : dispachCmd:oplusGetRtt
[2026-06-13T06:59:28.122Z] [ALL] 06-13 12:29:25.682   858 28068 E netd    : handleGetRttCmd: netId = 206, uid = 10246
[2026-06-13T06:59:28.122Z] [ALL] 06-13 12:29:25.686   858 28068 E netd    : dispachCmd cmd:oplusGetRtt  result:0
[2026-06-13T06:59:28.122Z] [ALL] 06-13 12:29:25.689  1695  2144 D OplusWifiConnect2: clientModeManager == null, getOplusSta2ConnectionInfo null
[2026-06-13T06:59:28.122Z] [ALL] 06-13 12:29:25.692  1695  2148 D WN_S    : isCellQualityGood is false, curscore =111, no need to switch lte
[2026-06-13T06:59:28.122Z] [ALL] 06-13 12:29:25.712  1000  1547 D SurfaceFlinger: kickIdle 5751, 5733, 35, 0
[2026-06-13T06:59:28.122Z] [ALL] 06-13 12:29:25.713   882   975 E hwcomposer: [DRMDEV] DRM_IOCTL_MTK_KICK_IDLE failed, drm_id_crtc: 64, error: -1  
[2026-06-13T06:59:28.184Z] [ALL] 06-13 12:29:25.782  7763  7793 E IHansComunication: HANS printMessageBody: RCV message: type = 0,port = 86870,caller_pid = 1695,caller_uid = 1000,target_pid = 12537,target_uid = 10349,pkg_cmd = -1,rpc = android.accessibilityservice.IAccessibilityServiceClient/2
[2026-06-13T06:59:28.184Z] [ALL] 06-13 12:29:25.787  1695  2771 I OplusHansManager : unfreeze uid: 10349 io.appium.uiautomator2.server pids: [12537] reason: AsyncBinder scene: LcdOn
[2026-06-13T06:59:28.184Z] [ALL] 06-13 12:29:25.790  1695  2752 I OplusHansManager : uid=10349, pkg=io.appium.uiautomator2.server, transition from F to Middle, reason=AsyncBinder
[2026-06-13T06:59:28.184Z] [ALL] 06-13 12:29:25.790  1695  2752 I OplusHansManager : uid=10349, pkg=io.appium.uiautomator2.server F exit(), F stay=4, reason=AsyncBinder
[2026-06-13T06:59:28.184Z] [ALL] 06-13 12:29:25.792 12537 12597 I appium  : channel read: POST /session/273ed46f-871b-4040-88b6-5aabd7acc7b5/element
[2026-06-13T06:59:28.184Z] [ALL] 06-13 12:29:25.793 12537 12597 I appium  : FindElement command
[2026-06-13T06:59:28.184Z] [ALL] 06-13 12:29:25.796 12537 12597 I appium  : method: 'xpath', selector: '//*[@resource-id="demo_guest_login_btn" or @content-desc="demo_guest_login_btn" or contains(@text, "Demo Mode") or contains(@text, "Offline Demo")]'
[2026-06-13T06:59:28.184Z] [ALL] 06-13 12:29:25.796 12537 12597 I appium  : Waiting up to 10000ms for the device to idle
[2026-06-13T06:59:28.650Z] [ALL] 06-13 12:29:26.282 12537 12597 I appium  : The following attributes will be included to the page source: [content-desc, text, resource-id]
[2026-06-13T06:59:28.717Z] [ALL] 06-13 12:29:26.295 12537 12548 I tomator2.server: Method exceeds compiler instruction limit: 19260 in java_cup.runtime.Symbol org.eclipse.wst.xml.xpath2.processor.internal.CUP$XPathCup$actions.CUP$XPathCup$do_action(int, java_cup.runtime.lr_parser, java.util.Stack, int)
[2026-06-13T06:59:28.735Z] [ALL] 06-13 12:29:26.365 12537 12597 I appium  : Took 0ms to retrieve 0 matches for '//*[@resource-id="demo_guest_login_btn" or @content-desc="demo_guest_login_btn" or contains(@text, "Demo Mode") or contains(@text, "Offline Demo")]' XPath2 query
[2026-06-13T06:59:28.781Z] [ALL] 06-13 12:29:26.369 12537 12597 I appium  : AppiumResponse: {"sessionId":"273ed46f-871b-4040-88b6-5aabd7acc7b5","value":{"error":"no such element","message":"An element could not be located on the page using the given search parameters","stacktrace":"io.appium.uiautomator2.common.exceptions.ElementNotFoundException: An element could not be located on the page using the given search parameters\n\tat io.appium.uiautomator2.utils.ElementLocationHelpers.findElement(ElementLocationHelpers.java:153)\n\tat io.appium.uiautomator2.handler.FindElement.safeHandle(FindElement.java:60)\n\tat io.appium.uiautomator2.handler.request.SafeRequestHandler.handle(SafeRequestHandler.java:59)\n\tat io.appium.uiautomator2.server.AppiumServlet.handleRequest(AppiumServlet.java:267)\n\tat io.appium.uiautomator2.server.AppiumServlet.handleHttpRequest(AppiumServlet.java:261)\n\tat io.appium.uiautomator2.http.ServerHandler.channelRead(ServerHandler.java:77)\n\tat io.netty.channel.AbstractChannelHandlerContext.fireChannelRead(AbstractChannelHandlerContext.java:357)\n\tat io.netty.handler.codec.MessageToMessageDecoder.channelRead(MessageToMessageDecoder.java:107)\n\tat io.netty.channel.AbstractChannelHandlerContext.fireChannelRead(AbstractChannelHandlerContext.java:357)\n\tat io.netty.channel.CombinedChannelDuplexHandler$DelegatingChannelHandlerContext.fireChannelRead(CombinedChannelDuplexHandler.java:434)\n\tat io.netty.handler.codec.ByteToMessageDecoder.fireChannelRead(ByteToMessageDecoder.java:361)\n\tat io.netty.handler.codec.ByteToMessageDecoder.channelRead(ByteToMessageDecoder.java:325)\n\tat io.netty.channel.CombinedChannelDuplexHandler.channelRead(CombinedChannelDuplexHandler.java:249)\n\tat io.netty.channel.AbstractChannelHandlerContext.fireChannelRead(AbstractChannelHandlerContext.java:355)\n\tat io.netty.handler.timeout.IdleStateHandler.channelRead(IdleStateHandler.java:288)\n\tat io.netty.channel.AbstractChannelHandlerContext.fireChannelRead(AbstractChannelHandlerContext.java:355)\n\tat io.netty.channel.DefaultChannelPipeline$HeadContext.channelRead(DefaultChannelPipeline.java:1429)\n\tat io.netty.channel.DefaultChannelPipeline.fireChannelRead(DefaultChannelPipeline.java:918)\n\tat io.netty.channel.nio.AbstractNioByteChannel$NioByteUnsafe.read(AbstractNioByteChannel.java:176)\n\tat io.netty.channel.nio.AbstractNioChannel$AbstractNioUnsafe.handle(AbstractNioChannel.java:445)\n\tat io.netty.channel.nio.NioIoHandler$DefaultNioRegistration.handle(NioIoHandler.java:388)\n\tat io.netty.channel.nio.NioIoHandler.processSelectedKey(NioIoHandler.java:596)\n\tat io.netty.channel.nio.NioIoHandler.processSelectedKeysOptimized(NioIoHandler.java:571)\n\tat io.netty.channel.nio.NioIoHandler.processSelectedKeys(NioIoHandler.java:512)\n\tat io.netty.channel.nio.NioIoHandler.run(NioIoHandler.java:484)\n\tat io.netty.channel.SingleThreadIoEventLoop.runIo(SingleThreadIoEventLoop.java:225)\n\tat io.netty.channel.SingleThreadIoEventLoop.run(SingleThreadIoEventLoop.java:196)\n\tat io.netty.util.concurrent.SingleThreadEventExecutor$5.run(SingleThreadEventExecutor.java:1195)\n\tat io.netty.util.internal.ThreadExecutorMap$2.run(ThreadExecutorMap.java:74)\n\tat io.netty.util.concurrent.FastThreadLocalRunnable.run(FastThreadLocalRunnable.java:30)\n\tat java.lang.Thread.run(Thread.java:1572)\n"}}
[2026-06-13T06:59:28.824Z] [ALL] 06-13 12:29:26.404 12537 12597 I appium  : channel read: POST /session/273ed46f-871b-4040-88b6-5aabd7acc7b5/element
[2026-06-13T06:59:28.824Z] [ALL] 06-13 12:29:26.405 12537 12597 I appium  : FindElement command
[2026-06-13T06:59:28.877Z] [ALL] 06-13 12:29:26.406 12537 12597 I appium  : method: 'xpath', selector: '//*[@resource-id="demo_guest_login_btn" or @content-desc="demo_guest_login_btn" or contains(@text, "Demo Mode") or contains(@text, "Offline Demo")]'
[2026-06-13T06:59:28.877Z] [ALL] 06-13 12:29:26.407 12537 12597 I appium  : Waiting up to 10000ms for the device to idle
[2026-06-13T06:59:28.877Z] [ALL] 06-13 12:29:26.409 12537 12597 I appium  : The following attributes will be included to the page source: [content-desc, text, resource-id]
[2026-06-13T06:59:28.946Z] [ALL] 06-13 12:29:26.478 12537 12597 I appium  : Took 0ms to retrieve 0 matches for '//*[@resource-id="demo_guest_login_btn" or @content-desc="demo_guest_login_btn" or contains(@text, "Demo Mode") or contains(@text, "Offline Demo")]' XPath2 query
[2026-06-13T06:59:28.946Z] [ALL] 06-13 12:29:26.481 12537 12597 I appium  : AppiumResponse: {"sessionId":"273ed46f-871b-4040-88b6-5aabd7acc7b5","value":{"error":"no such element","message":"An element could not be located on the page using the given search parameters","stacktrace":"io.appium.uiautomator2.common.exceptions.ElementNotFoundException: An element could not be located on the page using the given search parameters\n\tat io.appium.uiautomator2.utils.ElementLocationHelpers.findElement(ElementLocationHelpers.java:153)\n\tat io.appium.uiautomator2.handler.FindElement.safeHandle(FindElement.java:60)\n\tat io.appium.uiautomator2.handler.request.SafeRequestHandler.handle(SafeRequestHandler.java:59)\n\tat io.appium.uiautomator2.server.AppiumServlet.handleRequest(AppiumServlet.java:267)\n\tat io.appium.uiautomator2.server.AppiumServlet.handleHttpRequest(AppiumServlet.java:261)\n\tat io.appium.uiautomator2.http.ServerHandler.channelRead(ServerHandler.java:77)\n\tat io.netty.channel.AbstractChannelHandlerContext.fireChannelRead(AbstractChannelHandlerContext.java:357)\n\tat io.netty.handler.codec.MessageToMessageDecoder.channelRead(MessageToMessageDecoder.java:107)\n\tat io.netty.channel.AbstractChannelHandlerContext.fireChannelRead(AbstractChannelHandlerContext.java:357)\n\tat io.netty.channel.CombinedChannelDuplexHandler$DelegatingChannelHandlerContext.fireChannelRead(CombinedChannelDuplexHandler.java:434)\n\tat io.netty.handler.codec.ByteToMessageDecoder.fireChannelRead(ByteToMessageDecoder.java:361)\n\tat io.netty.handler.codec.ByteToMessageDecoder.channelRead(ByteToMessageDecoder.java:325)\n\tat io.netty.channel.CombinedChannelDuplexHandler.channelRead(CombinedChannelDuplexHandler.java:249)\n\tat io.netty.channel.AbstractChannelHandlerContext.fireChannelRead(AbstractChannelHandlerContext.java:355)\n\tat io.netty.handler.timeout.IdleStateHandler.channelRead(IdleStateHandler.java:288)\n\tat io.netty.channel.AbstractChannelHandlerContext.fireChannelRead(AbstractChannelHandlerContext.java:355)\n\tat io.netty.channel.DefaultChannelPipeline$HeadContext.channelRead(DefaultChannelPipeline.java:1429)\n\tat io.netty.channel.DefaultChannelPipeline.fireChannelRead(DefaultChannelPipeline.java:918)\n\tat io.netty.channel.nio.AbstractNioByteChannel$NioByteUnsafe.read(AbstractNioByteChannel.java:176)\n\tat io.netty.channel.nio.AbstractNioChannel$AbstractNioUnsafe.handle(AbstractNioChannel.java:445)\n\tat io.netty.channel.nio.NioIoHandler$DefaultNioRegistration.handle(NioIoHandler.java:388)\n\tat io.netty.channel.nio.NioIoHandler.processSelectedKey(NioIoHandler.java:596)\n\tat io.netty.channel.nio.NioIoHandler.processSelectedKeysOptimized(NioIoHandler.java:571)\n\tat io.netty.channel.nio.NioIoHandler.processSelectedKeys(NioIoHandler.java:512)\n\tat io.netty.channel.nio.NioIoHandler.run(NioIoHandler.java:484)\n\tat io.netty.channel.SingleThreadIoEventLoop.runIo(SingleThreadIoEventLoop.java:225)\n\tat io.netty.channel.SingleThreadIoEventLoop.run(SingleThreadIoEventLoop.java:196)\n\tat io.netty.util.concurrent.SingleThreadEventExecutor$5.run(SingleThreadEventExecutor.java:1195)\n\tat io.netty.util.internal.ThreadExecutorMap$2.run(ThreadExecutorMap.java:74)\n\tat io.netty.util.concurrent.FastThreadLocalRunnable.run(FastThreadLocalRunnable.java:30)\n\tat java.lang.Thread.run(Thread.java:1572)\n"}}
[2026-06-13T06:59:29.426Z] [ALL] 06-13 12:29:27.054 12537 12597 I appium  : channel read: POST /session/273ed46f-871b-4040-88b6-5aabd7acc7b5/element
[2026-06-13T06:59:29.452Z] [ALL] 06-13 12:29:27.055 12537 12597 I appium  : FindElement command
[2026-06-13T06:59:29.452Z] [ALL] 06-13 12:29:27.056 12537 12597 I appium  : method: 'xpath', selector: '//*[@resource-id="demo_guest_login_btn" or @content-desc="demo_guest_login_btn" or contains(@text, "Demo Mode") or contains(@text, "Offline Demo")]'
[2026-06-13T06:59:29.452Z] [ALL] 06-13 12:29:27.056 12537 12597 I appium  : Waiting up to 10000ms for the device to idle
[2026-06-13T06:59:29.452Z] [ALL] 06-13 12:29:27.058 12537 12597 I appium  : The following attributes will be included to the page source: [content-desc, text, resource-id]
[2026-06-13T06:59:29.533Z] [ALL] 06-13 12:29:27.131 12537 12597 I appium  : Took 0ms to retrieve 0 matches for '//*[@resource-id="demo_guest_login_btn" or @content-desc="demo_guest_login_btn" or contains(@text, "Demo Mode") or contains(@text, "Offline Demo")]' XPath2 query
[2026-06-13T06:59:29.533Z] [ALL] 06-13 12:29:27.134 12537 12597 I appium  : AppiumResponse: {"sessionId":"273ed46f-871b-4040-88b6-5aabd7acc7b5","value":{"error":"no such element","message":"An element could not be located on the page using the given search parameters","stacktrace":"io.appium.uiautomator2.common.exceptions.ElementNotFoundException: An element could not be located on the page using the given search parameters\n\tat io.appium.uiautomator2.utils.ElementLocationHelpers.findElement(ElementLocationHelpers.java:153)\n\tat io.appium.uiautomator2.handler.FindElement.safeHandle(FindElement.java:60)\n\tat io.appium.uiautomator2.handler.request.SafeRequestHandler.handle(SafeRequestHandler.java:59)\n\tat io.appium.uiautomator2.server.AppiumServlet.handleRequest(AppiumServlet.java:267)\n\tat io.appium.uiautomator2.server.AppiumServlet.handleHttpRequest(AppiumServlet.java:261)\n\tat io.appium.uiautomator2.http.ServerHandler.channelRead(ServerHandler.java:77)\n\tat io.netty.channel.AbstractChannelHandlerContext.fireChannelRead(AbstractChannelHandlerContext.java:357)\n\tat io.netty.handler.codec.MessageToMessageDecoder.channelRead(MessageToMessageDecoder.java:107)\n\tat io.netty.channel.AbstractChannelHandlerContext.fireChannelRead(AbstractChannelHandlerContext.java:357)\n\tat io.netty.channel.CombinedChannelDuplexHandler$DelegatingChannelHandlerContext.fireChannelRead(CombinedChannelDuplexHandler.java:434)\n\tat io.netty.handler.codec.ByteToMessageDecoder.fireChannelRead(ByteToMessageDecoder.java:361)\n\tat io.netty.handler.codec.ByteToMessageDecoder.channelRead(ByteToMessageDecoder.java:325)\n\tat io.netty.channel.CombinedChannelDuplexHandler.channelRead(CombinedChannelDuplexHandler.java:249)\n\tat io.netty.channel.AbstractChannelHandlerContext.fireChannelRead(AbstractChannelHandlerContext.java:355)\n\tat io.netty.handler.timeout.IdleStateHandler.channelRead(IdleStateHandler.java:288)\n\tat io.netty.channel.AbstractChannelHandlerContext.fireChannelRead(AbstractChannelHandlerContext.java:355)\n\tat io.netty.channel.DefaultChannelPipeline$HeadContext.channelRead(DefaultChannelPipeline.java:1429)\n\tat io.netty.channel.DefaultChannelPipeline.fireChannelRead(DefaultChannelPipeline.java:918)\n\tat io.netty.channel.nio.AbstractNioByteChannel$NioByteUnsafe.read(AbstractNioByteChannel.java:176)\n\tat io.netty.channel.nio.AbstractNioChannel$AbstractNioUnsafe.handle(AbstractNioChannel.java:445)\n\tat io.netty.channel.nio.NioIoHandler$DefaultNioRegistration.handle(NioIoHandler.java:388)\n\tat io.netty.channel.nio.NioIoHandler.processSelectedKey(NioIoHandler.java:596)\n\tat io.netty.channel.nio.NioIoHandler.processSelectedKeysOptimized(NioIoHandler.java:571)\n\tat io.netty.channel.nio.NioIoHandler.processSelectedKeys(NioIoHandler.java:512)\n\tat io.netty.channel.nio.NioIoHandler.run(NioIoHandler.java:484)\n\tat io.netty.channel.SingleThreadIoEventLoop.runIo(SingleThreadIoEventLoop.java:225)\n\tat io.netty.channel.SingleThreadIoEventLoop.run(SingleThreadIoEventLoop.java:196)\n\tat io.netty.util.concurrent.SingleThreadEventExecutor$5.run(SingleThreadEventExecutor.java:1195)\n\tat io.netty.util.internal.ThreadExecutorMap$2.run(ThreadExecutorMap.java:74)\n\tat io.netty.util.concurrent.FastThreadLocalRunnable.run(FastThreadLocalRunnable.java:30)\n\tat java.lang.Thread.run(Thread.java:1572)\n"}}
[2026-06-13T06:59:29.687Z] [ALL] 06-13 12:29:27.263   891   978 W AString : ctor got NULL, using empty string instead
[2026-06-13T06:59:29.687Z] [ALL] 06-13 12:29:27.264   891   978 I sensors-hal-SensorSavedChannel: [8840,-27887,4598]==>gyro_bias.json
[2026-06-13T06:59:29.708Z] [ALL] 06-13 12:29:27.299  1695  2752 I OplusHansManager : uid=10349, pkg=io.appium.uiautomator2.server can transition from M to F
[2026-06-13T06:59:29.708Z] [ALL] 06-13 12:29:27.300  1695  2752 I OplusHansManager : uid=10349, pkg=io.appium.uiautomator2.server F enter(), M stay=1
[2026-06-13T06:59:29.708Z] [ALL] 06-13 12:29:27.304  1695  2752 I OplusHansManager : freeze uid: 10349 io.appium.uiautomator2.server pids: [12537] scene: LcdOn
[2026-06-13T06:59:29.727Z] [ALL] 06-13 12:29:27.306  7763 13029 D IHansComunication: HansComunication::addUid-- 10349, persistent--0
[2026-06-13T06:59:29.727Z] [ALL] 06-13 12:29:27.306  7763 13029 D IHansComunication: HANS sendMessageToKernel: threadId = 536992353456, netLinkSetup = 1, type = PKG, targetUid = 10349, pkgCmd = ADD_ONE_UID
[2026-06-13T06:59:30.484Z] [ALL] 06-13 12:29:28.071  1000  1547 D SurfaceFlinger: kickIdle 2358, 2339, 35, 0
[2026-06-13T06:59:30.484Z] [ALL] 06-13 12:29:28.071   882   975 E hwcomposer: [DRMDEV] DRM_IOCTL_MTK_KICK_IDLE failed, drm_id_crtc: 64, error: -1  
[2026-06-13T06:59:30.675Z] [ALL] 06-13 12:29:28.306  7763 13029 D IHansComunication: HANS sendMessageToKernel: threadId = 536992353456, netLinkSetup = 1, type = FROZEN_TRANS, targetUid = 10349, pkgCmd = PKG_CMD_MAX
[2026-06-13T06:59:31.016Z] [ALL] 06-13 12:29:28.643   934   934 D vendor.oplus.hardware.charger@1.0-service: getPsyUsbType type: USB, ret_value = 3
[2026-06-13T06:59:31.016Z] [ALL] 06-13 12:29:28.643   934   934 D vendor.oplus.hardware.charger@1.0-service: getPsyUsbType type: USB is usb charging.
[2026-06-13T06:59:31.094Z] [ALL] 06-13 12:29:28.660   934   934 D vendor.oplus.hardware.charger@1.0-service: getPsyUsbType type: USB, ret_value = 3
[2026-06-13T06:59:31.130Z] [ALL] 06-13 12:29:28.661   934   934 D vendor.oplus.hardware.charger@1.0-service: getPsyUsbType type: USB is usb charging.
[2026-06-13T06:59:31.159Z] [ALL] 06-13 12:29:28.721   858 28068 E netd    : dispachCmd:oplusGetRtt
[2026-06-13T06:59:31.159Z] [ALL] 06-13 12:29:28.721   858 28068 E netd    : handleGetRttCmd: netId = 204, uid = 10246
[2026-06-13T06:59:31.159Z] [ALL] 06-13 12:29:28.728   858 28068 E netd    : dispachCmd cmd:oplusGetRtt  result:0
[2026-06-13T06:59:31.159Z] [ALL] 06-13 12:29:28.728   858  5601 E netd    : dispachCmd:oplusGetRtt
[2026-06-13T06:59:31.159Z] [ALL] 06-13 12:29:28.729   858  5601 E netd    : handleGetRttCmd: netId = 206, uid = 10246
[2026-06-13T06:59:31.159Z] [ALL] 06-13 12:29:28.732   858  5601 E netd    : dispachCmd cmd:oplusGetRtt  result:0
[2026-06-13T06:59:31.159Z] [ALL] 06-13 12:29:28.734   858 28068 E TetherController: property_get sys.radio.data.modem_share_flag return 0, 1!
[2026-06-13T06:59:31.159Z] [ALL] 06-13 12:29:28.735  1695  2144 D OplusWifiConnect2: clientModeManager == null, getOplusSta2ConnectionInfo null
[2026-06-13T06:59:31.159Z] [ALL] 06-13 12:29:28.737  1695  2148 D WN_S    : isCellQualityGood is false, curscore =110, no need to switch lte
[2026-06-13T06:59:31.195Z] [ALL] 06-13 12:29:28.829   924   930 E PerformanceService: storage_feature: open /sys/devices/platform/soc/112b0000.ufshci//virtualtlcbuff fail
[2026-06-13T06:59:31.448Z] [ALL] 06-13 12:29:29.079   934   934 D vendor.oplus.hardware.charger@1.0-service: getChargerControl:
[2026-06-13T06:59:31.835Z] [ALL] 06-13 12:29:29.462  1011  1028 D ccci_mdinit: (1):monitor_time_update_thread round:16628 ########
[2026-06-13T06:59:32.569Z] [ALL] 06-13 12:29:30.202  1000  1547 D SurfaceFlinger: kickIdle 2131, 2114, 35, 0
[2026-06-13T06:59:32.569Z] [ALL] 06-13 12:29:30.203   882   975 E hwcomposer: [DRMDEV] DRM_IOCTL_MTK_KICK_IDLE failed, drm_id_crtc: 64, error: -1  
[2026-06-13T06:59:34.224Z] [ALL] 06-13 12:29:31.801   858 28068 E netd    : dispachCmd:oplusGetRtt
[2026-06-13T06:59:34.224Z] [ALL] 06-13 12:29:31.801   858 28068 E netd    : handleGetRttCmd: netId = 204, uid = 10246
[2026-06-13T06:59:34.224Z] [ALL] 06-13 12:29:31.804   858 28068 E netd    : dispachCmd cmd:oplusGetRtt  result:0
[2026-06-13T06:59:34.224Z] [ALL] 06-13 12:29:31.805   858 28068 E netd    : dispachCmd:oplusGetRtt
[2026-06-13T06:59:34.224Z] [ALL] 06-13 12:29:31.805   858 28068 E netd    : handleGetRttCmd: netId = 206, uid = 10246
[2026-06-13T06:59:34.224Z] [ALL] 06-13 12:29:31.806  7763  7793 E IHansComunication: HANS printMessageBody: RCV message: type = 0,port = 86870,caller_pid = 1695,caller_uid = 1000,target_pid = 12537,target_uid = 10349,pkg_cmd = -1,rpc = android.accessibilityservice.IAccessibilityServiceClient/2
[2026-06-13T06:59:34.224Z] [ALL] 06-13 12:29:31.807   858 28068 E netd    : dispachCmd cmd:oplusGetRtt  result:0
[2026-06-13T06:59:34.224Z] [ALL] 06-13 12:29:31.807  2744  2744 D OplusTelephonyController: onSignalStrengthChanged: SignalStrength=SignalStrength:{mCdma=CellSignalStrengthCdma: cdmaDbm=2147483647 cdmaEcio=2147483647 evdoDbm=2147483647 evdoEcio=2147483647 evdoSnr=2147483647 level=0,mGsm=CellSignalStrengthGsm: rssi=2147483647 ber=2147483647 mTa=2147483647 mLevel=0,mWcdma=CellSignalStrengthWcdma: ss=2147483647 ber=2147483647 rscp=2147483647 ecno=2147483647 level=0,mTdscdma=CellSignalStrengthTdscdma: rssi=2147483647 ber=2147483647 rscp=2147483647 level=0,mLte=CellSignalStrengthLte: rssi=2147483647 rsrp=2147483647 rsrq=2147483647 rssnr=2147483647 cqiTableIndex=2147483647 cqi=2147483647 ta=2147483647 level=0 parametersUseForLevel=0,mNr=CellSignalStrengthNr:{ csiRsrp = 2147483647 csiRsrq = 2147483647 csiCqiTableIndex = 2147483647 csiCqiReport = [] ssRsrp = -86 ssRsrq = -7 ssSinr = 16 level = 2 parametersUseForLevel = 0 },primary=CellSignalStrengthNr}, phoneId=0, mMtkLevel=0, mMtkRsrpOnly=false, mMtkLteRsrpThreshold=null, mMtkLteRssnrThreshold=null
[2026-06-13T06:59:34.224Z] [ALL] 06-13 12:29:31.809  1695  2771 I OplusHansManager : unfreeze uid: 10349 io.appium.uiautomator2.server pids: [12537] reason: AsyncBinder scene: LcdOn
[2026-06-13T06:59:34.224Z] [ALL] 06-13 12:29:31.810  1695  2144 D OplusWifiConnect2: clientModeManager == null, getOplusSta2ConnectionInfo null
[2026-06-13T06:59:34.224Z] [ALL] 06-13 12:29:31.811  1695  2148 D WN_S    : isCellQualityGood is false, curscore =109, no need to switch lte
[2026-06-13T06:59:34.224Z] [ALL] 06-13 12:29:31.812  1695  2752 I OplusHansManager : uid=10349, pkg=io.appium.uiautomator2.server, transition from F to Middle, reason=AsyncBinder
[2026-06-13T06:59:34.224Z] [ALL] 06-13 12:29:31.812  1695  2752 I OplusHansManager : uid=10349, pkg=io.appium.uiautomator2.server F exit(), F stay=4, reason=AsyncBinder
[2026-06-13T06:59:34.224Z] [ALL] 06-13 12:29:31.814 12537 12597 I appium  : channel read: POST /session/273ed46f-871b-4040-88b6-5aabd7acc7b5/element
[2026-06-13T06:59:34.224Z] [ALL] 06-13 12:29:31.814 12537 12597 I appium  : FindElement command
[2026-06-13T06:59:34.224Z] [ALL] 06-13 12:29:31.816 12537 12597 I appium  : method: 'xpath', selector: '//*[@resource-id="demo_guest_login_btn" or @content-desc="demo_guest_login_btn" or contains(@text, "Demo Mode") or contains(@text, "Offline Demo")]'
[2026-06-13T06:59:34.224Z] [ALL] 06-13 12:29:31.816 12537 12597 I appium  : Waiting up to 10000ms for the device to idle
[2026-06-13T06:59:34.256Z] [ALL] 06-13 12:29:31.828  1000  1547 D SurfaceFlinger: kickIdle 1626, 1597, 35, 0
[2026-06-13T06:59:34.256Z] [ALL] 06-13 12:29:31.829   882   975 E hwcomposer: [DRMDEV] DRM_IOCTL_MTK_KICK_IDLE failed, drm_id_crtc: 64, error: -1  
[2026-06-13T06:59:34.256Z] [ALL] 06-13 12:29:31.852  1695  1711 W System  : A resource failed to call release. 
[2026-06-13T06:59:34.256Z] [ALL] 06-13 12:29:31.852  1695  1711 W System  : A resource failed to call release. 
[2026-06-13T06:59:34.256Z] [ALL] 06-13 12:29:31.852  1695  1711 W System  : A resource failed to call release. 
[2026-06-13T06:59:34.256Z] [ALL] 06-13 12:29:31.852  1695  1711 W System  : A resource failed to call release. 
[2026-06-13T06:59:34.256Z] [ALL] 06-13 12:29:31.852  1695  1711 W System  : A resource failed to call release. 
[2026-06-13T06:59:34.256Z] [ALL] 06-13 12:29:31.852  1695  1711 W System  : A resource failed to call release. 
[2026-06-13T06:59:34.256Z] [ALL] 06-13 12:29:31.852  1695  1711 W System  : A resource failed to call release. 
[2026-06-13T06:59:34.288Z] [ALL] 06-13 12:29:31.852  1695  1711 W System  : A resource failed to call release. 
[2026-06-13T06:59:34.288Z] [ALL] 06-13 12:29:31.852  1695  1711 W System  : A resource failed to call release. 
[2026-06-13T06:59:34.288Z] [ALL] 06-13 12:29:31.852  1695  1711 W System  : A resource failed to call release. 
[2026-06-13T06:59:34.771Z] [ALL] 06-13 12:29:32.405 12537 12597 I appium  : The following attributes will be included to the page source: [content-desc, text, resource-id]
[2026-06-13T06:59:34.830Z] [ALL] 06-13 12:29:32.420 12537 12548 I tomator2.server: Method exceeds compiler instruction limit: 19260 in java_cup.runtime.Symbol org.eclipse.wst.xml.xpath2.processor.internal.CUP$XPathCup$actions.CUP$XPathCup$do_action(int, java_cup.runtime.lr_parser, java.util.Stack, int)
[2026-06-13T06:59:34.860Z] [ALL] 06-13 12:29:32.492 12537 12597 I appium  : Took 0ms to retrieve 0 matches for '//*[@resource-id="demo_guest_login_btn" or @content-desc="demo_guest_login_btn" or contains(@text, "Demo Mode") or contains(@text, "Offline Demo")]' XPath2 query
[2026-06-13T06:59:34.860Z] [ALL] 06-13 12:29:32.495 12537 12597 I appium  : AppiumResponse: {"sessionId":"273ed46f-871b-4040-88b6-5aabd7acc7b5","value":{"error":"no such element","message":"An element could not be located on the page using the given search parameters","stacktrace":"io.appium.uiautomator2.common.exceptions.ElementNotFoundException: An element could not be located on the page using the given search parameters\n\tat io.appium.uiautomator2.utils.ElementLocationHelpers.findElement(ElementLocationHelpers.java:153)\n\tat io.appium.uiautomator2.handler.FindElement.safeHandle(FindElement.java:60)\n\tat io.appium.uiautomator2.handler.request.SafeRequestHandler.handle(SafeRequestHandler.java:59)\n\tat io.appium.uiautomator2.server.AppiumServlet.handleRequest(AppiumServlet.java:267)\n\tat io.appium.uiautomator2.server.AppiumServlet.handleHttpRequest(AppiumServlet.java:261)\n\tat io.appium.uiautomator2.http.ServerHandler.channelRead(ServerHandler.java:77)\n\tat io.netty.channel.AbstractChannelHandlerContext.fireChannelRead(AbstractChannelHandlerContext.java:357)\n\tat io.netty.handler.codec.MessageToMessageDecoder.channelRead(MessageToMessageDecoder.java:107)\n\tat io.netty.channel.AbstractChannelHandlerContext.fireChannelRead(AbstractChannelHandlerContext.java:357)\n\tat io.netty.channel.CombinedChannelDuplexHandler$DelegatingChannelHandlerContext.fireChannelRead(CombinedChannelDuplexHandler.java:434)\n\tat io.netty.handler.codec.ByteToMessageDecoder.fireChannelRead(ByteToMessageDecoder.java:361)\n\tat io.netty.handler.codec.ByteToMessageDecoder.channelRead(ByteToMessageDecoder.java:325)\n\tat io.netty.channel.CombinedChannelDuplexHandler.channelRead(CombinedChannelDuplexHandler.java:249)\n\tat io.netty.channel.AbstractChannelHandlerContext.fireChannelRead(AbstractChannelHandlerContext.java:355)\n\tat io.netty.handler.timeout.IdleStateHandler.channelRead(IdleStateHandler.java:288)\n\tat io.netty.channel.AbstractChannelHandlerContext.fireChannelRead(AbstractChannelHandlerContext.java:355)\n\tat io.netty.channel.DefaultChannelPipeline$HeadContext.channelRead(DefaultChannelPipeline.java:1429)\n\tat io.netty.channel.DefaultChannelPipeline.fireChannelRead(DefaultChannelPipeline.java:918)\n\tat io.netty.channel.nio.AbstractNioByteChannel$NioByteUnsafe.read(AbstractNioByteChannel.java:176)\n\tat io.netty.channel.nio.AbstractNioChannel$AbstractNioUnsafe.handle(AbstractNioChannel.java:445)\n\tat io.netty.channel.nio.NioIoHandler$DefaultNioRegistration.handle(NioIoHandler.java:388)\n\tat io.netty.channel.nio.NioIoHandler.processSelectedKey(NioIoHandler.java:596)\n\tat io.netty.channel.nio.NioIoHandler.processSelectedKeysOptimized(NioIoHandler.java:571)\n\tat io.netty.channel.nio.NioIoHandler.processSelectedKeys(NioIoHandler.java:512)\n\tat io.netty.channel.nio.NioIoHandler.run(NioIoHandler.java:484)\n\tat io.netty.channel.SingleThreadIoEventLoop.runIo(SingleThreadIoEventLoop.java:225)\n\tat io.netty.channel.SingleThreadIoEventLoop.run(SingleThreadIoEventLoop.java:196)\n\tat io.netty.util.concurrent.SingleThreadEventExecutor$5.run(SingleThreadEventExecutor.java:1195)\n\tat io.netty.util.internal.ThreadExecutorMap$2.run(ThreadExecutorMap.java:74)\n\tat io.netty.util.concurrent.FastThreadLocalRunnable.run(FastThreadLocalRunnable.java:30)\n\tat java.lang.Thread.run(Thread.java:1572)\n"}}
[2026-06-13T06:59:34.930Z] [ALL] 06-13 12:29:32.512 12537 12597 I appium  : channel read: GET /session/273ed46f-871b-4040-88b6-5aabd7acc7b5/screenshot
[2026-06-13T06:59:34.990Z] [ALL] 06-13 12:29:32.513 12537 12597 I appium  : CaptureScreenshot command
[2026-06-13T06:59:34.990Z] [ALL] 06-13 12:29:32.514 12537 12597 E tomator2.server: hiddenapi: Accessing hidden method Landroid/view/Display;->getAddress()Landroid/view/DisplayAddress; (runtime_flags=0, domain=platform, api=blocked) from Lio/appium/uiautomator2/utils/ReflectionUtils; (domain=app, TargetSdkVersion=34) using reflection: denied
[2026-06-13T06:59:34.990Z] [ALL] 06-13 12:29:32.516 12537 12597 E appium  : Unable to retrieve physicalDisplayId
[2026-06-13T06:59:34.990Z] [ALL] 06-13 12:29:32.516 12537 12597 E appium  : io.appium.uiautomator2.common.exceptions.UiAutomator2Exception: Cannot get method getAddress from class android.view.Display with parameter types []
[2026-06-13T06:59:34.990Z] [ALL] 06-13 12:29:32.516 12537 12597 E appium  : 	at io.appium.uiautomator2.utils.ReflectionUtils.getMethod(ReflectionUtils.java:97)
[2026-06-13T06:59:34.990Z] [ALL] 06-13 12:29:32.516 12537 12597 E appium  : 	at io.appium.uiautomator2.utils.DisplayIdHelper.tryGetUsingAddress(DisplayIdHelper.java:98)
[2026-06-13T06:59:34.990Z] [ALL] 06-13 12:29:32.516 12537 12597 E appium  : 	at io.appium.uiautomator2.utils.DisplayIdHelper.getPhysicalDisplayId(DisplayIdHelper.java:51)
[2026-06-13T06:59:34.990Z] [ALL] 06-13 12:29:32.516 12537 12597 E appium  : 	at io.appium.uiautomator2.utils.ScreenshotHelper.extractScreencapDisplayId(ScreenshotHelper.java:145)
[2026-06-13T06:59:34.990Z] [ALL] 06-13 12:29:32.516 12537 12597 E appium  : 	at io.appium.uiautomator2.utils.ScreenshotHelper.takeDeviceScreenshot(ScreenshotHelper.java:114)
[2026-06-13T06:59:34.990Z] [ALL] 06-13 12:29:32.516 12537 12597 E appium  : 	at io.appium.uiautomator2.utils.ScreenshotHelper.takeScreenshot(ScreenshotHelper.java:60)
[2026-06-13T06:59:34.990Z] [ALL] 06-13 12:29:32.516 12537 12597 E appium  : 	at io.appium.uiautomator2.utils.ScreenshotHelper.takeScreenshot(ScreenshotHelper.java:77)
[2026-06-13T06:59:34.990Z] [ALL] 06-13 12:29:32.516 12537 12597 E appium  : 	at io.appium.uiautomator2.handler.CaptureScreenshot.safeHandle(CaptureScreenshot.java:32)
[2026-06-13T06:59:34.990Z] [ALL] 06-13 12:29:32.516 12537 12597 E appium  : 	at io.appium.uiautomator2.handler.request.SafeRequestHandler.handle(SafeRequestHandler.java:59)
[2026-06-13T06:59:34.990Z] [ALL] 06-13 12:29:32.516 12537 12597 E appium  : 	at io.appium.uiautomator2.server.AppiumServlet.handleRequest(AppiumServlet.java:267)
[2026-06-13T06:59:34.990Z] [ALL] 06-13 12:29:32.516 12537 12597 E appium  : 	at io.appium.uiautomator2.server.AppiumServlet.handleHttpRequest(AppiumServlet.java:261)
[2026-06-13T06:59:34.990Z] [ALL] 06-13 12:29:32.516 12537 12597 E appium  : 	at io.appium.uiautomator2.http.ServerHandler.channelRead(ServerHandler.java:77)
[2026-06-13T06:59:34.990Z] [ALL] 06-13 12:29:32.516 12537 12597 E appium  : 	at io.netty.channel.AbstractChannelHandlerContext.fireChannelRead(AbstractChannelHandlerContext.java:357)
[2026-06-13T06:59:34.990Z] [ALL] 06-13 12:29:32.516 12537 12597 E appium  : 	at io.netty.handler.codec.MessageToMessageDecoder.channelRead(MessageToMessageDecoder.java:107)
[2026-06-13T06:59:34.990Z] [ALL] 06-13 12:29:32.516 12537 12597 E appium  : 	at io.netty.channel.AbstractChannelHandlerContext.fireChannelRead(AbstractChannelHandlerContext.java:357)
[2026-06-13T06:59:34.990Z] [ALL] 06-13 12:29:32.516 12537 12597 E appium  : 	at io.netty.channel.CombinedChannelDuplexHandler$DelegatingChannelHandlerContext.fireChannelRead(CombinedChannelDuplexHandler.java:434)
[2026-06-13T06:59:34.990Z] [ALL] 06-13 12:29:32.516 12537 12597 E appium  : 	at io.netty.handler.codec.ByteToMessageDecoder.fireChannelRead(ByteToMessageDecoder.java:361)
[2026-06-13T06:59:34.990Z] [ALL] 06-13 12:29:32.516 12537 12597 E appium  : 	at io.netty.handler.codec.ByteToMessageDecoder.channelRead(ByteToMessageDecoder.java:325)
[2026-06-13T06:59:34.990Z] [ALL] 06-13 12:29:32.516 12537 12597 E appium  : 	at io.netty.channel.CombinedChannelDuplexHandler.channelRead(CombinedChannelDuplexHandler.java:249)
[2026-06-13T06:59:34.990Z] [ALL] 06-13 12:29:32.516 12537 12597 E appium  : 	at io.netty.channel.AbstractChannelHandlerContext.fireChannelRead(AbstractChannelHandlerContext.java:355)
[2026-06-13T06:59:34.990Z] [ALL] 06-13 12:29:32.516 12537 12597 E appium  : 	at io.netty.handler.timeout.IdleStateHandler.channelRead(IdleStateHandler.java:288)
[2026-06-13T06:59:34.990Z] [ALL] 06-13 12:29:32.516 12537 12597 E appium  : 	at io.netty.channel.AbstractChannelHandlerContext.fireChannelRead(AbstractChannelHandlerContext.java:355)
[2026-06-13T06:59:34.990Z] [ALL] 06-13 12:29:32.516 12537 12597 E appium  : 	at io.netty.channel.DefaultChannelPipeline$HeadContext.channelRead(DefaultChannelPipeline.java:1429)
[2026-06-13T06:59:34.990Z] [ALL] 06-13 12:29:32.516 12537 12597 E appium  : 	at io.netty.channel.DefaultChannelPipeline.fireChannelRead(DefaultChannelPipeline.java:918)
[2026-06-13T06:59:34.990Z] [ALL] 06-13 12:29:32.516 12537 12597 E appium  : 	at io.netty.channel.nio.AbstractNioByteChannel$NioByteUnsafe.read(AbstractNioByteChannel.java:176)
[2026-06-13T06:59:34.990Z] [ALL] 06-13 12:29:32.516 12537 12597 E appium  : 	at io.netty.channel.nio.AbstractNioChannel$AbstractNioUnsafe.handle(AbstractNioChannel.java:445)
[2026-06-13T06:59:34.990Z] [ALL] 06-13 12:29:32.516 12537 12597 E appium  : 	at io.netty.channel.nio.NioIoHandler$DefaultNioRegistration.handle(NioIoHandler.java:388)
[2026-06-13T06:59:34.990Z] [ALL] 06-13 12:29:32.516 12537 12597 E appium  : 	at io.netty.channel.nio.NioIoHandler.processSelectedKey(NioIoHandler.java:596)
[2026-06-13T06:59:34.990Z] [ALL] 06-13 12:29:32.516 12537 12597 E appium  : 	at io.netty.channel.nio.NioIoHandler.processSelectedKeysOptimized(NioIoHandler.java:571)
[2026-06-13T06:59:34.990Z] [ALL] 06-13 12:29:32.516 12537 12597 E appium  : 	at io.netty.channel.nio.NioIoHandler.processSelectedKeys(NioIoHandler.java:512)
[2026-06-13T06:59:34.990Z] [ALL] 06-13 12:29:32.516 12537 12597 E appium  : 	at io.netty.channel.nio.NioIoHandler.run(NioIoHandler.java:484)
[2026-06-13T06:59:34.990Z] [ALL] 06-13 12:29:32.516 12537 12597 E appium  : 	at io.netty.channel.SingleThreadIoEventLoop.runIo(SingleThreadIoEventLoop.java:225)
[2026-06-13T06:59:34.990Z] [ALL] 06-13 12:29:32.516 12537 12597 E appium  : 	at io.netty.channel.SingleThreadIoEventLoop.run(SingleThreadIoEventLoop.java:196)
[2026-06-13T06:59:34.990Z] [ALL] 06-13 12:29:32.516 12537 12597 E appium  : 	at io.netty.util.concurrent.SingleThreadEventExecutor$5.run(SingleThreadEventExecutor.java:1195)
[2026-06-13T06:59:34.990Z] [ALL] 06-13 12:29:32.516 12537 12597 E appium  : 	at io.netty.util.internal.ThreadExecutorMap$2.run(ThreadExecutorMap.java:74)
[2026-06-13T06:59:34.990Z] [ALL] 06-13 12:29:32.516 12537 12597 E appium  : 	at io.netty.util.concurrent.FastThreadLocalRunnable.run(FastThreadLocalRunnable.java:30)
[2026-06-13T06:59:34.990Z] [ALL] 06-13 12:29:32.516 12537 12597 E appium  : 	at java.lang.Thread.run(Thread.java:1572)
[2026-06-13T06:59:34.990Z] [ALL] 06-13 12:29:32.516 12537 12597 E appium  : Caused by: java.lang.NoSuchMethodException: android.view.Display.getAddress []
[2026-06-13T06:59:34.990Z] [ALL] 06-13 12:29:32.516 12537 12597 E appium  : 	at java.lang.Class.getMethod(Class.java:2942)
[2026-06-13T06:59:34.990Z] [ALL] 06-13 12:29:32.516 12537 12597 E appium  : 	at java.lang.Class.getDeclaredMethod(Class.java:2921)
[2026-06-13T06:59:34.990Z] [ALL] 06-13 12:29:32.516 12537 12597 E appium  : 	at io.appium.uiautomator2.utils.ReflectionUtils.getMethod(ReflectionUtils.java:93)
[2026-06-13T06:59:34.990Z] [ALL] 06-13 12:29:32.516 12537 12597 E appium  : 	... 36 more
[2026-06-13T06:59:34.990Z] [ALL] 06-13 12:29:32.529  1000  1547 D OplusSurfaceFlinger: (dumpsys)pid=12745, uid=2000, calling dumpsys SF
[2026-06-13T06:59:35.018Z] [ALL] 06-13 12:29:32.624 12749 12749 D ExtensionsLoader: createInstance(64bit) : createExtendedFactory
[2026-06-13T06:59:35.018Z] [ALL] 06-13 12:29:32.625 12749 12749 D ExtensionsLoader: Opened libguiextimpl.so
[2026-06-13T06:59:35.063Z] [ALL] 06-13 12:29:32.637 12749 12749 D AVStageUtils: Opened liboplusavenhancements.so
[2026-06-13T06:59:35.063Z] [ALL] 06-13 12:29:32.637 12749 12749 D AVStageUtils: createInstance(64bit): createVendorAVUtils success!
[2026-06-13T06:59:35.063Z] [ALL] 06-13 12:29:32.637 12749 12749 D OplusUtils: OplusUtils [89]: 
[2026-06-13T06:59:35.063Z] [ALL] 06-13 12:29:32.638 12749 12749 D AVMediaServiceFactory: Opened liboplusavenhancements.so
[2026-06-13T06:59:35.122Z] [ALL] 06-13 12:29:32.638 12749 12749 D AVMediaServiceFactory: createInstance(64bit): createExtendedMediaServiceFactory success!
[2026-06-13T06:59:35.122Z] [ALL] 06-13 12:29:32.638 12749 12749 D AVNuFactory: Opened liboplusavenhancements.so
[2026-06-13T06:59:35.122Z] [ALL] 06-13 12:29:32.638 12749 12749 D AVNuFactory: createInstance(64bit): createExtendedNuFactory success!
[2026-06-13T06:59:35.122Z] [ALL] 06-13 12:29:32.639 12749 12749 D AVStageFactory: Opened liboplusavenhancements.so
[2026-06-13T06:59:35.122Z] [ALL] 06-13 12:29:32.639 12749 12749 D AVStageFactory: createInstance(64bit): createVendorAVFactory success!
[2026-06-13T06:59:35.122Z] [ALL] 06-13 12:29:32.639 12749 12749 D AVStageUtils: createInstance(64bit): createVendorAVUtils success!
[2026-06-13T06:59:35.122Z] [ALL] 06-13 12:29:32.639 12749 12749 D OplusUtils: OplusUtils [89]: 
[2026-06-13T06:59:35.122Z] [ALL] 06-13 12:29:32.639 12749 12749 D AVStageFactory: createInstance(64bit): createVendorAVFactory success!
[2026-06-13T06:59:35.122Z] [ALL] 06-13 12:29:32.639 12749 12749 D AVStageUtils: createInstance(64bit): createVendorAVUtils success!
[2026-06-13T06:59:35.122Z] [ALL] 06-13 12:29:32.639 12749 12749 D OplusUtils: OplusUtils [89]: 
[2026-06-13T06:59:35.122Z] [ALL] 06-13 12:29:32.639 12749 12749 D AVMediaServiceFactory: createInstance(64bit): createExtendedMediaServiceFactory success!
[2026-06-13T06:59:35.122Z] [ALL] 06-13 12:29:32.639 12749 12749 D AVNuFactory: createInstance(64bit): createExtendedNuFactory success!
[2026-06-13T06:59:35.122Z] [ALL] 06-13 12:29:32.639 12749 12749 D AVStageFactory: Opened liboplusavenhancements.so
[2026-06-13T06:59:35.122Z] [ALL] 06-13 12:29:32.639 12749 12749 D AVStageFactory: createInstance(64bit): createVendorAVFactory success!
[2026-06-13T06:59:35.122Z] [ALL] 06-13 12:29:32.639 12749 12749 D AVStageUtils: createInstance(64bit): createVendorAVUtils success!
[2026-06-13T06:59:35.122Z] [ALL] 06-13 12:29:32.639 12749 12749 D OplusUtils: OplusUtils [89]: 
[2026-06-13T06:59:35.122Z] [ALL] 06-13 12:29:32.640 12749 12749 E screencap: createInstance(64bit) : createExtendedFactory
[2026-06-13T06:59:35.122Z] [ALL] 06-13 12:29:32.642 12749 12749 E screencap: createInstance(64bit) : createExtendedFactory
[2026-06-13T06:59:35.122Z] [ALL] 06-13 12:29:32.642 12749 12749 E screencap: Opened libinputextensionsimpl.so
[2026-06-13T06:59:35.122Z] [ALL] 06-13 12:29:32.642 12749 12749 E screencap: Opened libinputextensionsimpl.so
[2026-06-13T06:59:35.122Z] [ALL] 06-13 12:29:32.642 12749 12749 E screencap: createInstance(64bit) : createExtendedFactory
[2026-06-13T06:59:35.122Z] [ALL] 06-13 12:29:32.642 12749 12749 E screencap: createInstance(64bit) : createExtendedFactory
[2026-06-13T06:59:35.122Z] [ALL] 06-13 12:29:32.642 12749 12749 E screencap: Opened libsensorextimpl.so
[2026-06-13T06:59:35.122Z] [ALL] 06-13 12:29:32.642 12749 12749 E screencap: Opened libsensorextimpl.so
[2026-06-13T06:59:35.122Z] [ALL] 06-13 12:29:32.644 12749 12749 W ProcessState: Extra binder thread started, but 0 threads requested. Do not use *startThreadPool when zero threads are requested.
[2026-06-13T06:59:35.122Z] [ALL] 06-13 12:29:32.687   600   600 I servicemanager: Could not find android.hardware.graphics.allocator.IAllocator/default in the VINTF manifest.
[2026-06-13T06:59:35.122Z] [ALL] 06-13 12:29:32.690 12749 12749 E ion     : ioctl c0044901 failed with code -1: Invalid argument
[2026-06-13T06:59:35.193Z] [ALL] 06-13 12:29:32.812  1695  2752 I OplusHansManager : uid=10375, pkg=com.mpokket.app can transition from M to F
[2026-06-13T06:59:35.232Z] [ALL] 06-13 12:29:32.813  1695  2752 I OplusHansManager : uid=10375, pkg=com.mpokket.app F enter(), M stay=10
[2026-06-13T06:59:35.232Z] [ALL] 06-13 12:29:32.825  1695  2752 I OplusHansManager : freeze uid: 10375 com.mpokket.app pids: [9202, 9491] IsolatedUid: [99214] scene: LcdOn
[2026-06-13T06:59:35.232Z] [ALL] 06-13 12:29:32.826  7763 13029 D IHansComunication: HansComunication::addUid-- 10375, persistent--0
[2026-06-13T06:59:35.232Z] [ALL] 06-13 12:29:32.827  7763 13029 D IHansComunication: HANS sendMessageToKernel: threadId = 536992353456, netLinkSetup = 1, type = PKG, targetUid = 10375, pkgCmd = ADD_ONE_UID
[2026-06-13T06:59:35.275Z] [ALL] 06-13 12:29:32.903 12749 12749 W RefBase : RefBase: Explicit destruction, weak count = 0 (in 0x7c6ef71f40). Use sp<> to manage this object.
[2026-06-13T06:59:35.303Z] [ALL] 06-13 12:29:32.908 12749 12749 D RefBase : #00 pc 00000000000efaa8  /apex/com.android.runtime/lib64/bionic/libc.so (__cxa_finalize+280)
[2026-06-13T06:59:35.303Z] [ALL] 06-13 12:29:32.908 12749 12749 D RefBase : #01 pc 00000000000e1948  /apex/com.android.runtime/lib64/bionic/libc.so (exit+24)
[2026-06-13T06:59:35.303Z] [ALL] 06-13 12:29:32.908 12749 12749 D RefBase : #02 pc 0000000000074dd4  /apex/com.android.runtime/lib64/bionic/libc.so (__libc_init+100)
[2026-06-13T06:59:35.381Z] [ALL] 06-13 12:29:32.993 22664 12643 I NearbyMediums: Found Fast Ble Advertisements :
[2026-06-13T06:59:35.381Z] [ALL] 06-13 12:29:32.993 22664 12643 I NearbyMediums: BleAdvertisement { version=2, socketVersion=2, isFast=true, serviceIdHash=null, data=[ 0x23 0x30 0x42 0x56 0x57 0x11 0x32 0xd8 0xf4 0x67 0xd8 0x2c 0x6a 0xa7 0x5d 0xa7 0xf9 0x84 0x8c 0xc4 0xcb 0x5e 0x15 ], deviceToken=[ 0xfa 0xac ], rxAdvertisement=null } : 1 times.
[2026-06-13T06:59:35.381Z] [ALL] 06-13 12:29:32.993 22664 12643 I NearbyMediums: BleAdvertisement { version=2, socketVersion=2, isFast=true, serviceIdHash=null, data=[ 0x23 0x54 0x36 0x46 0x49 0x11 0x32 0x4e 0x8b 0x0e 0x8c 0x29 0x67 0xc6 0x53 0xd6 0x9d 0xe5 0xd4 0xc5 0xeb 0x2d 0xea ], deviceToken=[ 0x03 0x7f ], rxAdvertisement=null } : 1 times.
[2026-06-13T06:59:35.381Z] [ALL] 06-13 12:29:32.993 22664 12643 I NearbyMediums: BleAdvertisement { version=2, socketVersion=2, isFast=true, serviceIdHash=null, data=[ 0x23 0x57 0x44 0x4f 0x32 0x11 0x16 0x2c 0xdd 0x5b 0x0b 0xea 0xcb 0x3a 0x55 0x2d 0x8e 0xa6 0x25 0xa8 0x20 0x8a 0xcf ], deviceToken=[ 0x9d 0x3f ], rxAdvertisement=null } : 1 times.
[2026-06-13T06:59:35.381Z] [ALL] 06-13 12:29:32.993 22664 12643 I NearbyMediums: Total 3 fast advertisements from 3 unique advertisers.
[2026-06-13T06:59:35.381Z] [ALL] 06-13 12:29:32.994 22664 12643 I NearbyMediums: Current Tracked Scanning Clients are : {NearbyConnections.EnvironmentMonitor, NearbySharing}
[2026-06-13T06:59:35.381Z] [ALL] 06-13 12:29:32.996 22664 12681 I NearbyConnections: Processing lost BlePeripheral BlePeripheral{advertisement=BleAdvertisement { version=2, socketVersion=2, isFast=true, serviceIdHash=null, data=[ 0x23 0x46 0x41 0x55 0x44 0x11 0x16 0xea 0x4d 0x1e 0x41 0xfc 0x1f 0x24 0xd6 0x55 0xc3 0x60 0xf0 0x08 0xfa 0xec 0x94 ], deviceToken=[ 0x43 0x9b ], rxAdvertisement=null }, dctAdvertisement=null, address=null, psm=0, deviceToken=<ByteString@b85f253 size=2 contents="C\233">, isSecondProfile=false, rxInstantConnectionAdv=null}.
[2026-06-13T06:59:35.381Z] [ALL] 06-13 12:29:32.996 22664 12681 I NearbyConnections: Lost BleEndpoint for BlePeripheral BlePeripheral{advertisement=BleAdvertisement { version=2, socketVersion=2, isFast=true, serviceIdHash=null, data=[ 0x23 0x46 0x41 0x55 0x44 0x11 0x16 0xea 0x4d 0x1e 0x41 0xfc 0x1f 0x24 0xd6 0x55 0xc3 0x60 0xf0 0x08 0xfa 0xec 0x94 ], deviceToken=[ 0x43 0x9b ], rxAdvertisement=null }, dctAdvertisement=null, address=null, psm=0, deviceToken=<ByteString@b85f253 size=2 contents="C\233">, isSecondProfile=false, rxInstantConnectionAdv=null} (with EndpointId FAUD and EndpointInfo [ 0x16 0xea 0x4d 0x1e 0x41 0xfc 0x1f 0x24 0xd6 0x55 0xc3 0x60 0xf0 0x08 0xfa 0xec 0x94 ]).
[2026-06-13T06:59:35.381Z] [ALL] 06-13 12:29:32.996 22664 12681 I NearbyConnections: ClientProxy(135143596) reporting onEndpointLost(FAUD)
[2026-06-13T06:59:35.381Z] [ALL] 06-13 12:29:32.997 22664 12681 I NearbyConnections: Processing lost BlePeripheral BlePeripheral{advertisement=BleAdvertisement { version=2, socketVersion=2, isFast=true, serviceIdHash=null, data=[ 0x23 0x34 0x48 0x36 0x33 0x11 0x32 0xb2 0xba 0x4a 0x58 0x11 0xa9 0x4a 0x39 0xf7 0x71 0x24 0xc3 0x48 0xa1 0x84 0x00 ], deviceToken=[ 0x09 0x6c ], rxAdvertisement=null }, dctAdvertisement=null, address=null, psm=0, deviceToken=<ByteString@70fa790 size=2 contents="\tl">, isSecondProfile=false, rxInstantConnectionAdv=null}.
[2026-06-13T06:59:35.381Z] [ALL] 06-13 12:29:32.997 22664 12681 I NearbyConnections: Lost BleEndpoint for BlePeripheral BlePeripheral{advertisement=BleAdvertisement { version=2, socketVersion=2, isFast=true, serviceIdHash=null, data=[ 0x23 0x34 0x48 0x36 0x33 0x11 0x32 0xb2 0xba 0x4a 0x58 0x11 0xa9 0x4a 0x39 0xf7 0x71 0x24 0xc3 0x48 0xa1 0x84 0x00 ], deviceToken=[ 0x09 0x6c ], rxAdvertisement=null }, dctAdvertisement=null, address=null, psm=0, deviceToken=<ByteString@70fa790 size=2 contents="\tl">, isSecondProfile=false, rxInstantConnectionAdv=null} (with EndpointId 4H63 and EndpointInfo [ 0x32 0xb2 0xba 0x4a 0x58 0x11 0xa9 0x4a 0x39 0xf7 0x71 0x24 0xc3 0x48 0xa1 0x84 0x00 ]).
[2026-06-13T06:59:35.427Z] [ALL] 06-13 12:29:32.997 22664 12681 I NearbyConnections: ClientProxy(135143596) reporting onEndpointLost(4H63)
[2026-06-13T06:59:35.427Z] [ALL] 06-13 12:29:33.003 22664 12651 I NearbySharing: NearbySharing Internal event EndpointLost(endpointId=FAUD)
[2026-06-13T06:59:35.427Z] [ALL] 06-13 12:29:33.003 22664 12681 I NearbySharing: NearbySharing Internal event EndpointLost(endpointId=4H63)
[2026-06-13T06:59:35.427Z] [ALL] 06-13 12:29:33.009 12537 12597 I appium  : AppiumResponse: {"sessionId":"273ed46f-871b-4040-88b6-5aabd7acc7b5","value":"iVBORw0KGgoAAAANSUhEUgAABDgAAAlgCAYAAABtGofVAAAAAXNSR0IArs4c6QAAAARzQklUCAgICHwIZIgAACAASURBVHic7N15QFvnnS/879GGJDaxGCNsbOQVHNsBJ3EDTpx6axO3SbO0ceLOUjtbE2fmnU7baW+nc+fO3JnO9O10Zu68TdppmzjpnSSOO7HTtLGT1EuSxuB4Ae/Y2CB2MCAkNkmAdM77hxZLSAJJSMA…