[2026-06-13T06:51:11.510Z] [ALL] 06-13 12:21:09.042  7392  7421 I appium  : AppiumResponse: {"sessionId":"5aec8cc7-6284-45d2-96ae-ee164da74bb0","value":"iVBORw0KGgoAAAANSUhEUgAABDgAAAlgCAYAAABtGofVAAAAAXNSR0IArs4c6QAAAARzQklUCAgICHwIZIgAACAASURBVHic7N13nNTU2gfwXzKzjWWXKr333hWkdxDpiBX1VbEhiBUrCna9eO3lWrChgoL03ov03ll6r0tbts5M8v4xk9kpmZ4p2f1972ev7ElycmYyO0menPMcISdXlkFEREREREREpGNitBtARERERER…
[2026-06-13T06:51:11.533Z] [ALL] 06-13 12:21:09.078  2376  2376 D OplusPrivacyDotViewController: scheduleUpdate: 
[2026-06-13T06:51:11.533Z] [ALL] 06-13 12:21:09.079  2376  3236 D OplusPrivacyDotViewController: processNextViewState: 
[2026-06-13T06:51:11.533Z] [ALL] 06-13 12:21:09.079  2376  3236 D OplusPrivacyDotViewController: resolveState ViewState(systemPrivacyEventIsActive=false, shadeExpanded=false, qsExpanded=false, rtl=false, rotation=0, height=10, x=45, y=67, cornerIndex=1, designatedCorner=android.widget.FrameLayout{2bc44b7 G.E...... ......ID 0,0-10,10 #7f0b0488 app:id/icons_container viewInfo = }, contentDescription=null, chipAnimationStart=false, preDraw=false) shouldShowDot false
[2026-06-13T06:51:11.533Z] [ALL] 06-13 12:21:09.079  2376  3236 D OplusPrivacyDotViewController: updatePosition:45:67
[2026-06-13T06:51:11.533Z] [ALL] 06-13 12:21:09.080  2376  3236 D OplusPrivacyDotViewController: updatePosition:45:67
[2026-06-13T06:51:11.533Z] [ALL] 06-13 12:21:09.095  1695  4560 V WindowManager: Relayout Window{6dbc26a u0 OplusPrivacyIconTopLeft}: viewVisibility=8, oldvis=8, req=10x10
[2026-06-13T06:51:11.565Z] [ALL] 06-13 12:21:09.101  1000  1064 D SurfaceFlinger: kickIdle 300, 275, 35, 0
[2026-06-13T06:51:11.565Z] [ALL] 06-13 12:21:09.101   882   882 E hwcomposer: [DRMDEV] DRM_IOCTL_MTK_KICK_IDLE failed, drm_id_crtc: 64, error: -1  
[2026-06-13T06:51:11.565Z] [ALL] 06-13 12:21:09.106  1695  4614 V WindowManager: Relayout Window{369d750 u0 OplusPrivacyIconTopRight}: viewVisibility=8, oldvis=8, req=10x10
[2026-06-13T06:51:11.622Z] [ALL] 06-13 12:21:09.199 20565 20565 I adbd    : adbd service requested 'shell,v2,raw:dumpsys window displays'
[2026-06-13T06:51:11.622Z] [ALL] 06-13 12:21:09.209  1695  2752 I OplusHansManager : uid=10349, pkg=io.appium.uiautomator2.server can transition from M to F
[2026-06-13T06:51:11.622Z] [ALL] 06-13 12:21:09.209  1695  2752 I OplusHansManager : uid=10349, pkg=io.appium.uiautomator2.server F enter(), M stay=1
[2026-06-13T06:51:11.622Z] [ALL] 06-13 12:21:09.213  1695  2752 I OplusHansManager : freeze uid: 10349 io.appium.uiautomator2.server pids: [7392] scene: LcdOn
[2026-06-13T06:51:11.622Z] [ALL] 06-13 12:21:09.214  7763 13029 D IHansComunication: HansComunication::addUid-- 10349, persistent--0
[2026-06-13T06:51:11.622Z] [ALL] 06-13 12:21:09.214  7763 13029 D IHansComunication: HANS sendMessageToKernel: threadId = 536992353456, netLinkSetup = 1, type = PKG, targetUid = 10349, pkgCmd = ADD_ONE_UID
[2026-06-13T06:51:11.681Z] [ALL] 06-13 12:21:09.304  4858  6124 D BluetoothAdapter: isLeEnabled(): ON
[2026-06-13T06:51:11.747Z] [ALL] 06-13 12:21:09.322  2655  3457 I AppScanStats: BLE_SCAN_RESULT_RECEIVED[7]reportBleScanResults=19
[2026-06-13T06:51:11.747Z] [ALL] 06-13 12:21:09.323  2655  3457 I AppScanStats: BLE_SCAN_STATE_CHANGED[7]reportBleScanStopped=false
[2026-06-13T06:51:11.747Z] [ALL] 06-13 12:21:09.325  2655  3457 D ActivityAttributionService: notifyActivityAttributionInfo UID=1002 packageName=com.android.bluetooth deviceAddress=no_active_device_address
[2026-06-13T06:51:11.747Z] [ALL] 06-13 12:21:09.324  2655  2655 I OplusCustomScanStrategy: msg.what = 11
[2026-06-13T06:51:11.789Z] [ALL] 06-13 12:21:09.331  2655  3457 I bt_btif : get_profile_interface: get_profile_interface: id = activity_attribution
[2026-06-13T06:51:11.789Z] [ALL] 06-13 12:21:09.331  2655  2655 I OplusCustomScanStrategy: msg.what = 6
[2026-06-13T06:51:11.789Z] [ALL] 06-13 12:21:09.340  2655  3457 E bt_stack: [ERROR:com_android_bluetooth_btservice_ActivityAttribution.cpp(172)] Failed to get ActivityAttribution Interface
[2026-06-13T06:51:11.789Z] [ALL] 06-13 12:21:09.348  4858  6124 I yAF.CORE.b: ScanMode(0) onStopped
[2026-06-13T06:51:11.789Z] [ALL] 06-13 12:21:09.350  4858  6403 I yAF.CORE.FastPairSeeker: EVENT_SCAN_STOP
[2026-06-13T06:51:11.789Z] [ALL] 06-13 12:21:09.355  2655  3416 I bt_stack: [INFO:gatt_api.cc(1045)] GATT_Deregister gatt_if=7
[2026-06-13T06:51:11.789Z] [ALL] 06-13 12:21:09.360  4858  6403 I yAF.APP.BaseScanner[scanTrack]: scanStopCallback scan inner: true
[2026-06-13T06:51:11.789Z] [ALL] 06-13 12:21:09.360  4858  6403 I yAF.APP.BaseScanner[scanTrack]: change ScannerState from_state: STATE_SCAN, to_state: STATE_STOP
[2026-06-13T06:51:11.816Z] [ALL] 06-13 12:21:09.360  4858  6403 I yAF.APP.ExpScannerImpl[scanTrack]: onScanStopped, inner: true
[2026-06-13T06:51:11.816Z] [ALL] 06-13 12:21:09.373  5742  5742 D OplusLog_Plugin: [OplusLog_IPeDiscoveryPlugin] onUnload()
[2026-06-13T06:51:11.816Z] [ALL] 06-13 12:21:09.373  5742  5742 D OplusLog_Plugin: [PencilDiscoveryManager] unRegisterReceiver
[2026-06-13T06:51:11.816Z] [ALL] 06-13 12:21:09.376  4858  6403 I Process : Sending signal. PID: 5742 SIG: 9
[2026-06-13T06:51:11.816Z] [ALL] 06-13 12:21:09.379  1695  4789 I OplusAppSwitchManagerService: appswitch unregisterAppSwitchObserver pkgName = com.heytap.accessory config = OplusAppSwitchConfig = {  mConfigs = {} observerFingerPrint = 197709491}
[2026-06-13T06:51:11.816Z] [ALL] 06-13 12:21:09.379  1695  4789 I OplusAppSwitchStateDispatcher: unregisterAppSwitchObserver ok, pkgName = com.heytap.accessory info = OplusAppSwitchRuleInfo = {  observer = null observerFingerPrint = 197709491}
[2026-06-13T06:51:11.816Z] [ALL] 06-13 12:21:09.405   859   859 I Zygote  : Process 5742 exited due to signal 9 (Killed)
[2026-06-13T06:51:11.842Z] [ALL] 06-13 12:21:09.409  1695  5825 W Process : Unable to open /proc/5742/status
[2026-06-13T06:51:11.842Z] [ALL] 06-13 12:21:09.410  1695  5825 I ActivityManager: Process com.heytap.accessory.Plugin (pid 5742) has died: fg  SVC 
[2026-06-13T06:51:11.842Z] [ALL] 06-13 12:21:09.411  1695  5825 D OplusUIFirst_FB: com.heytap.accessory remove pid: 5742
[2026-06-13T06:51:11.842Z] [ALL] 06-13 12:21:09.411  5147  5228 V DeepThinker: ProcessManager: onProcessDied pid:5742, uid:10175
[2026-06-13T06:51:11.842Z] [ALL] 06-13 12:21:09.412  1695  5825 I mtkpower_client: [Legacy][PowerHal_Wrap_notifyAppState] com.heytap.accessory/com.heytap.accessory pid=5742 state:3
[2026-06-13T06:51:11.842Z] [ALL] 06-13 12:21:09.412  1695  5825 I game_scn: collectForegroundAppList packName=com.heytap.accessory, actName=com.heytap.accessory, pid=5742, uid=10175, state:DEAD
[2026-06-13T06:51:11.842Z] [ALL] 06-13 12:21:09.412   901   965 D RilUtility: notify_rild_crash_pid_set certPid:-1, crash:5742, scn:0x0
[2026-06-13T06:51:11.842Z] [ALL] 06-13 12:21:09.415  1695  1769 I libprocessgroup: Successfully killed process cgroup uid 10175 pid 5742 in 0ms
[2026-06-13T06:51:11.842Z] [ALL] 06-13 12:21:09.435  7763  7793 E IHansComunication: HANS printMessageBody: RCV message: type = 0,port = 86870,caller_pid = 1129,caller_uid = 1047,target_pid = 6639,target_uid = 10354,pkg_cmd = -1,rpc = android.hardware.ICameraServiceListener/5
[2026-06-13T06:51:11.842Z] [ALL] 06-13 12:21:09.436  1695  2771 I OplusHansManager : unfreeze uid: 10354 com.myntra.android pids: [6639, 6801] reason: AsyncBinder scene: LcdOn
[2026-06-13T06:51:11.842Z] [ALL] 06-13 12:21:09.437  7763  7793 E IHansComunication: HANS printMessageBody: RCV message: type = 0,port = 86870,caller_pid = 1129,caller_uid = 1047,target_pid = 6639,target_uid = 10354,pkg_cmd = -1,rpc = android.hardware.ICameraServiceListener/5
[2026-06-13T06:51:11.842Z] [ALL] 06-13 12:21:09.437  1695  2752 I OplusHansManager : uid=10354, pkg=com.myntra.android, transition from F to Middle, reason=AsyncBinder
[2026-06-13T06:51:11.842Z] [ALL] 06-13 12:21:09.437  1695  2752 I OplusHansManager : uid=10354, pkg=com.myntra.android F exit(), F stay=4, reason=AsyncBinder
[2026-06-13T06:51:11.842Z] [ALL] 06-13 12:21:09.438  1695  2771 I OplusHansManager : forceUnfreezeByPid pid= 6639 reason= unfreezeForKernel: AsyncBinder
[2026-06-13T06:51:11.942Z] [ALL] 06-13 12:21:09.557  2376  2607 D ControlsListingControllerImpl: Subscribing callback, service count: 2
[2026-06-13T06:51:11.942Z] [ALL] 06-13 12:21:09.557  1695  4788 D LockSettingsService: [getStrongAuthForUser]  userId = 0
[2026-06-13T06:51:11.980Z] [ALL] 06-13 12:21:09.564  2376  2607 D ControlsListingControllerImpl: Unsubscribing callback
[2026-06-13T06:51:11.980Z] [ALL] 06-13 12:21:09.572  1695  4788 D OplusCustomizeConnectivityManagerService: getBluetoothPolicies 2
[2026-06-13T06:51:12.014Z] [ALL] 06-13 12:21:09.573  1695  4788 D OplusCustomizeConnectivityManagerService: getBluetoothPolicies 2
[2026-06-13T06:51:12.014Z] [ALL] 06-13 12:21:09.592  1000  1546 D SurfaceFlinger: kickIdle 491, 440, 35, 0
[2026-06-13T06:51:12.014Z] [ALL] 06-13 12:21:09.593   882   882 E hwcomposer: [DRMDEV] DRM_IOCTL_MTK_KICK_IDLE failed, drm_id_crtc: 64, error: -1  
[2026-06-13T06:51:12.608Z] [ALL] 06-13 12:21:10.215  7763 13029 D IHansComunication: HANS sendMessageToKernel: threadId = 536992353456, netLinkSetup = 1, type = FROZEN_TRANS, targetUid = 10349, pkgCmd = PKG_CMD_MAX
[2026-06-13T06:51:13.386Z] [ALL] 06-13 12:21:10.945  1695  2752 I OplusHansManager : uid=10354, pkg=com.myntra.android can transition from M to F
[2026-06-13T06:51:13.387Z] [ALL] 06-13 12:21:10.945  1695  2752 I OplusHansManager : uid=10354, pkg=com.myntra.android F enter(), M stay=1
[2026-06-13T06:51:13.387Z] [ALL] 06-13 12:21:10.954  1695  2752 I OplusHansManager : freeze uid: 10354 com.myntra.android pids: [6639, 6801] IsolatedUid: [99213] scene: LcdOn
[2026-06-13T06:51:13.387Z] [ALL] 06-13 12:21:10.956  7763 13029 D IHansComunication: HansComunication::addUid-- 10354, persistent--0
[2026-06-13T06:51:13.387Z] [ALL] 06-13 12:21:10.956  7763 13029 D IHansComunication: HANS sendMessageToKernel: threadId = 536992353456, netLinkSetup = 1, type = PKG, targetUid = 10354, pkgCmd = ADD_ONE_UID
[2026-06-13T06:51:13.441Z] [ALL] 06-13 12:21:11.064   858  5601 E TetherController: property_get sys.radio.data.modem_share_flag return 0, 1!
[2026-06-13T06:51:13.784Z] [ALL] 06-13 12:21:11.408   858  5601 E netd    : dispachCmd:oplusGetRtt
[2026-06-13T06:51:13.831Z] [ALL] 06-13 12:21:11.408   858  5601 E netd    : handleGetRttCmd: netId = 204, uid = 10355
[2026-06-13T06:51:13.831Z] [ALL] 06-13 12:21:11.411   858  5601 E netd    : dispachCmd cmd:oplusGetRtt  result:0
[2026-06-13T06:51:13.831Z] [ALL] 06-13 12:21:11.412   858 28068 E netd    : dispachCmd:oplusGetRtt
[2026-06-13T06:51:13.831Z] [ALL] 06-13 12:21:11.412   858 28068 E netd    : handleGetRttCmd: netId = 206, uid = 10355
[2026-06-13T06:51:13.831Z] [ALL] 06-13 12:21:11.414  7763  7793 E IHansComunication: HANS printMessageBody: RCV message: type = 0,port = 86870,caller_pid = 1695,caller_uid = 1000,target_pid = 7392,target_uid = 10349,pkg_cmd = -1,rpc = android.accessibilityservice.IAccessibilityServiceClient/2
[2026-06-13T06:51:13.831Z] [ALL] 06-13 12:21:11.415   858 28068 E netd    : dispachCmd cmd:oplusGetRtt  result:0
[2026-06-13T06:51:13.831Z] [ALL] 06-13 12:21:11.417  1695  2771 I OplusHansManager : unfreeze uid: 10349 io.appium.uiautomator2.server pids: [7392] reason: AsyncBinder scene: LcdOn
[2026-06-13T06:51:13.831Z] [ALL] 06-13 12:21:11.418  1695  2752 I OplusHansManager : uid=10349, pkg=io.appium.uiautomator2.server, transition from F to Middle, reason=AsyncBinder
[2026-06-13T06:51:13.831Z] [ALL] 06-13 12:21:11.418  1695  2752 I OplusHansManager : uid=10349, pkg=io.appium.uiautomator2.server F exit(), F stay=2, reason=AsyncBinder
[2026-06-13T06:51:13.831Z] [ALL] 06-13 12:21:11.419  1695  2144 D OplusWifiConnect2: clientModeManager == null, getOplusSta2ConnectionInfo null
[2026-06-13T06:51:13.831Z] [ALL] 06-13 12:21:11.420  7392  7421 I appium  : channel read: POST /session/5aec8cc7-6284-45d2-96ae-ee164da74bb0/element
[2026-06-13T06:51:13.831Z] [ALL] 06-13 12:21:11.421  7392  7421 I appium  : FindElement command
[2026-06-13T06:51:13.831Z] [ALL] 06-13 12:21:11.422  1695  2148 D WN_S    : isCellQualityGood is false, curscore =92, no need to switch lte
[2026-06-13T06:51:13.831Z] [ALL] 06-13 12:21:11.422  7392  7421 I appium  : method: 'xpath', selector: '//*[@resource-id="nav_item_profile" or @content-desc="nav_item_profile" or @text="Profile" or contains(@text, "Profile")]'
[2026-06-13T06:51:13.831Z] [ALL] 06-13 12:21:11.422  7392  7421 I appium  : Waiting up to 10000ms for the device to idle
[2026-06-13T06:51:13.871Z] [ALL] 06-13 12:21:11.434  1000  1546 D SurfaceFlinger: kickIdle 1842, 1826, 34, 0
[2026-06-13T06:51:13.871Z] [ALL] 06-13 12:21:11.435   882   882 E hwcomposer: [DRMDEV] DRM_IOCTL_MTK_KICK_IDLE failed, drm_id_crtc: 64, error: -1  
[2026-06-13T06:51:14.235Z] [ALL] 06-13 12:21:11.860  1695  2166 D OplusNetKit: in getLpByInterface name from LP: [ccmni1]
[2026-06-13T06:51:14.285Z] [ALL] 06-13 12:21:11.860  1695  2166 D OplusNetKit: in getLpByInterface name from LP: [ccmni2]
[2026-06-13T06:51:14.285Z] [ALL] 06-13 12:21:11.860  1695  2166 D OplusNetKit: in getLpByInterface name from LP: [wlan0]
[2026-06-13T06:51:14.285Z] [ALL] 06-13 12:21:11.860  1695  2166 D OplusNetKit: Route is ipv4 on wlan0 found, break
[2026-06-13T06:51:14.285Z] [ALL] 06-13 12:21:11.873   934   934 D vendor.oplus.hardware.charger@1.0-service: getPsyUsbType type: USB, ret_value = 3
[2026-06-13T06:51:14.285Z] [ALL] 06-13 12:21:11.873   934   934 D vendor.oplus.hardware.charger@1.0-service: getPsyUsbType type: USB is usb charging.
[2026-06-13T06:51:14.285Z] [ALL] 06-13 12:21:11.874  1695  1859 D OplusThermalStats: REPORT_UPDATE_CPU  ->  phoneTemp:430  preHeatThreshold:400
[2026-06-13T06:51:14.355Z] [ALL] 06-13 12:21:11.956  7763 13029 D IHansComunication: HANS sendMessageToKernel: threadId = 536992353456, netLinkSetup = 1, type = FROZEN_TRANS, targetUid = 10354, pkgCmd = PKG_CMD_MAX
[2026-06-13T06:51:14.355Z] [ALL] 06-13 12:21:11.956  1695  2166 D OplusNetRttKit: getIcmpEchoRtt each addr:172.20.10.1 Rtt: 81
[2026-06-13T06:51:14.405Z] [ALL] 06-13 12:21:11.965  1695  2166 D OplusNetRttKit: getIcmpEchoRtt each addr:172.20.10.1 Rtt: 9
[2026-06-13T06:51:14.405Z] [ALL] 06-13 12:21:11.969  1695  2166 D OplusNetRttKit: getIcmpEchoRtt each addr:172.20.10.1 Rtt: 4
[2026-06-13T06:51:14.405Z] [ALL] 06-13 12:21:11.969  1695  2166 D OplusNetRttKit: getIcmpEchoRtt addr:172.20.10.1 avgRtt: 31
[2026-06-13T06:51:14.436Z] [ALL] 06-13 12:21:12.010  7392  7421 I appium  : The following attributes will be included to the page source: [text, content-desc, resource-id]
[2026-06-13T06:51:14.520Z] [ALL] 06-13 12:21:12.140   891   978 W AString : ctor got NULL, using empty string instead
[2026-06-13T06:51:14.520Z] [ALL] 06-13 12:21:12.140   891   978 I sensors-hal-SensorSavedChannel: [8807,-27307,4393]==>gyro_bias.json
[2026-06-13T06:51:14.751Z] [ALL] 06-13 12:21:12.320  7392  7421 I appium  : Took 1ms to retrieve 1 matches for '//*[@resource-id="nav_item_profile" or @content-desc="nav_item_profile" or @text="Profile" or contains(@text, "Profile")]' XPath2 query
[2026-06-13T06:51:14.794Z] [ALL] 06-13 12:21:12.323  7392  7421 I appium  : AppiumResponse: {"sessionId":"5aec8cc7-6284-45d2-96ae-ee164da74bb0","value":{"ELEMENT":"00000000-0000-03b6-0000-003600000004","element-6066-11e4-a52e-4f735466cecf":"00000000-0000-03b6-0000-003600000004"}}
[2026-06-13T06:51:14.794Z] [ALL] 06-13 12:21:12.377  7392  7421 I appium  : channel read: GET /session/5aec8cc7-6284-45d2-96ae-ee164da74bb0/element/00000000-0000-03b6-0000-003600000004/attribute/displayed
[2026-06-13T06:51:14.794Z] [ALL] 06-13 12:21:12.377  7392  7421 I appium  : GetElementAttribute command
[2026-06-13T06:51:14.820Z] [ALL] 06-13 12:21:12.389  7392  7421 I appium  : AppiumResponse: {"sessionId":"5aec8cc7-6284-45d2-96ae-ee164da74bb0","value":"true"}
[2026-06-13T06:51:14.830Z] [ALL] 06-13 12:21:12.446  7392  7421 I appium  : channel read: POST /session/5aec8cc7-6284-45d2-96ae-ee164da74bb0/element/00000000-0000-03b6-0000-003600000004/click
[2026-06-13T06:51:14.830Z] [ALL] 06-13 12:21:12.447  7392  7421 I appium  : Click command
[2026-06-13T06:51:14.874Z] [ALL] 06-13 12:21:12.484  1000  1193 D VRR [OTI]: handleIdle from 1 to 0
[2026-06-13T06:51:14.910Z] [ALL] 06-13 12:21:12.484  1000  1193 D VRR [OTI-HW]: isStateReady 0
[2026-06-13T06:51:14.910Z] [ALL] 06-13 12:21:12.484  1000  1193 D VRR [OTI-HW]: rate range: min {id=0, hwcId=0, resolution=1080x2400, refreshRate=60.00 Hz, dpi=409.43x409.13, group=0} cur {id=0, hwcId=0, resolution=1080x2400, refreshRate=60.00 Hz, dpi=409.43x409.13, group=0} max {id=0, hwcId=0, resolution=1080x2400, refreshRate=60.00 Hz, dpi=409.43x409.13, group=0}
[2026-06-13T06:51:14.910Z] [ALL] 06-13 12:21:12.484  1000  1193 D VRR [OTI-HW]: keep rate.
[2026-06-13T06:51:14.910Z] [ALL] 06-13 12:21:12.484  1695  2113 D PowerManagerService: userActivityNoUpdateLocked: groupId=0, eventTime=119073784, event=2, flags=0x0, uid=1000
[2026-06-13T06:51:14.910Z] [ALL] 06-13 12:21:12.485 32174 32174 D VRI[MainActivity]: handleWindowFocusChanged mWindowFocusChanged false mUpcomingWindowFocus true mAdded true
[2026-06-13T06:51:14.910Z] [ALL] 06-13 12:21:12.485  1695  2495 I mtkpower_client: perf_lock_rel, hdl:36003, tid:2495
[2026-06-13T06:51:14.910Z] [ALL] 06-13 12:21:12.486  1695  2261 D OGG_Detector: D:done mCurrStatus: 0
[2026-06-13T06:51:14.910Z] [ALL] 06-13 12:21:12.487  2376  3194 D NoBackGesture: Start gesture: 
[2026-06-13T06:51:14.910Z] [ALL] 06-13 12:21:12.487  2376  3194 D NoBackGesture: Not in side gesture area
[2026-06-13T06:51:14.910Z] [ALL] 06-13 12:21:12.487  1695  2495 I mtkpower_client: perf_lock_acq, hdl:36003, dur:0, num:8, tid:2495
[2026-06-13T06:51:14.910Z] [ALL] 06-13 12:21:12.487   901   920 I mtkpower@impl: [check_work_req] i:1, msg:1 hdl:36003, wait
[2026-06-13T06:51:14.910Z] [ALL] 06-13 12:21:12.490   901   965 I libPowerHal: [perfLockRel] hdl:36003, idx:0
[2026-06-13T06:51:14.910Z] [ALL] 06-13 12:21:12.491   901   965 I libPowerHal: system_server: hard user limit set cpu freq: -1 -1 -1 -1
[2026-06-13T06:51:14.910Z] [ALL] 06-13 12:21:12.491   901   965 I libPowerHal: [PD] system_server update cmd:2004100 param:0
[2026-06-13T06:51:14.947Z] [ALL] 06-13 12:21:12.492  1695  2495 I mtkpower_client: ret_hdl:36005
[2026-06-13T06:51:14.947Z] [ALL] 06-13 12:21:12.492   901   965 I libPowerHal: system_server: hard user limit set cpu freq: -1 1903000 -1 1900000
[2026-06-13T06:51:14.947Z] [ALL] 06-13 12:21:12.496   901   965 I libPowerHal: [perfLockRel] hdl:36004, idx:4
[2026-06-13T06:51:14.947Z] [ALL] 06-13 12:21:12.497   901   965 I libPowerHal: [PD] MTKPOWER_HINT_APP_TOUCH update cmd:3408600 param:0
[2026-06-13T06:51:14.947Z] [ALL] 06-13 12:21:12.498   934   934 D vendor.oplus.hardware.charger@1.0-service: getPsyUsbType type: USB, ret_value = 3
[2026-06-13T06:51:14.947Z] [ALL] 06-13 12:21:12.498   934   934 D vendor.oplus.hardware.charger@1.0-service: getPsyUsbType type: USB is usb charging.
[2026-06-13T06:51:14.947Z] [ALL] 06-13 12:21:12.499 32174 32174 D VRI[MainActivity]: handleWindowFocusChanged mWindowFocusChanged false mUpcomingWindowFocus true mAdded true
[2026-06-13T06:51:14.947Z] [ALL] 06-13 12:21:12.509  7392  7421 W GestureController: Gestures took longer than expected (49ms >> 16ms), device might be in a busy state.
[2026-06-13T06:51:14.947Z] [ALL] 06-13 12:21:12.509  7392  7421 I appium  : Waiting up to 10000ms for the device to idle
[2026-06-13T06:51:14.947Z] [ALL] 06-13 12:21:12.510  7392  7421 I appium  : AppiumResponse: {"sessionId":"5aec8cc7-6284-45d2-96ae-ee164da74bb0","value":null}
[2026-06-13T06:51:14.947Z] [ALL] 06-13 12:21:12.513   934   934 D vendor.oplus.hardware.charger@1.0-service: getPsyUsbType type: USB, ret_value = 3
[2026-06-13T06:51:14.947Z] [ALL] 06-13 12:21:12.513   934   934 D vendor.oplus.hardware.charger@1.0-service: getPsyUsbType type: USB is usb charging.
[2026-06-13T06:51:14.972Z] [ALL] 06-13 12:21:12.557  7392  7421 I appium  : channel read: POST /session/5aec8cc7-6284-45d2-96ae-ee164da74bb0/element
[2026-06-13T06:51:14.972Z] [ALL] 06-13 12:21:12.559  7392  7421 I appium  : FindElement command
[2026-06-13T06:51:14.972Z] [ALL] 06-13 12:21:12.562  7392  7421 I appium  : method: 'xpath', selector: '//*[@text="Logout" or @text="LOGOUT" or contains(@text, "Logout")]'
[2026-06-13T06:51:14.972Z] [ALL] 06-13 12:21:12.563  7392  7421 I appium  : Waiting up to 10000ms for the device to idle
[2026-06-13T06:51:14.972Z] [ALL] 06-13 12:21:12.567  7392  7421 I appium  : The following attributes will be included to the page source: [text]
[2026-06-13T06:51:14.998Z] [ALL] 06-13 12:21:12.588  2744  2744 D OplusTelephonyController: onSignalStrengthChanged: SignalStrength=SignalStrength:{mCdma=CellSignalStrengthCdma: cdmaDbm=2147483647 cdmaEcio=2147483647 evdoDbm=2147483647 evdoEcio=2147483647 evdoSnr=2147483647 level=0,mGsm=CellSignalStrengthGsm: rssi=2147483647 ber=2147483647 mTa=2147483647 mLevel=0,mWcdma=CellSignalStrengthWcdma: ss=2147483647 ber=2147483647 rscp=2147483647 ecno=2147483647 level=0,mTdscdma=CellSignalStrengthTdscdma: rssi=2147483647 ber=2147483647 rscp=2147483647 level=0,mLte=CellSignalStrengthLte: rssi=2147483647 rsrp=2147483647 rsrq=2147483647 rssnr=2147483647 cqiTableIndex=2147483647 cqi=2147483647 ta=2147483647 level=0 parametersUseForLevel=0,mNr=CellSignalStrengthNr:{ csiRsrp = 2147483647 csiRsrq = 2147483647 csiCqiTableIndex = 2147483647 csiCqiReport = [] ssRsrp = -87 ssRsrq = -3 ssSinr = 16 level = 2 parametersUseForLevel = 0 },primary=CellSignalStrengthNr}, phoneId=0, mMtkLevel=0, mMtkRsrpOnly=false, mMtkLteRsrpThreshold=null, mMtkLteRssnrThreshold=null
[2026-06-13T06:51:15.121Z] [ALL] 06-13 12:21:12.725 22664  7870 I NearbyMediums: Found Fast Ble Advertisements :
[2026-06-13T06:51:15.121Z] [ALL] 06-13 12:21:12.725 22664  7870 I NearbyMediums: BleAdvertisement { version=2, socketVersion=2, isFast=true, serviceIdHash=null, data=[ 0x23 0x44 0x54 0x50 0x4e 0x11 0x32 0x72 0xf6 0x98 0x9c 0xea 0x7a 0x00 0x08 0xd3 0xa5 0x1d 0x60 0x54 0x6b 0x9e 0x2c ], deviceToken=[ 0x66 0xba ], rxAdvertisement=null } : 1 times.
[2026-06-13T06:51:15.121Z] [ALL] 06-13 12:21:12.725 22664  7870 I NearbyMediums: BleAdvertisement { version=2, socketVersion=2, isFast=true, serviceIdHash=null, data=[ 0x23 0x57 0x44 0x4f 0x32 0x11 0x16 0x2c 0xdd 0x5b 0x0b 0xea 0xcb 0x3a 0x55 0x2d 0x8e 0xa6 0x25 0xa8 0x20 0x8a 0xcf ], deviceToken=[ 0x9d 0x3f ], rxAdvertisement=null } : 1 times.
[2026-06-13T06:51:15.121Z] [ALL] 06-13 12:21:12.725 22664  7870 I NearbyMediums: Total 2 fast advertisements from 2 unique advertisers.
[2026-06-13T06:51:15.121Z] [ALL] 06-13 12:21:12.726 22664  7870 I NearbyMediums: Current Tracked Scanning Clients are : {NearbyConnections.EnvironmentMonitor, NearbySharing}
[2026-06-13T06:51:15.121Z] [ALL] 06-13 12:21:12.729 22664  6569 I NearbyConnections: Processing lost BlePeripheral BlePeripheral{advertisement=BleAdvertisement { version=2, socketVersion=2, isFast=true, serviceIdHash=null, data=[ 0x23 0x46 0x41 0x55 0x44 0x11 0x16 0xea 0x4d 0x1e 0x41 0xfc 0x1f 0x24 0xd6 0x55 0xc3 0x60 0xf0 0x08 0xfa 0xec 0x94 ], deviceToken=[ 0x43 0x9b ], rxAdvertisement=null }, dctAdvertisement=null, address=null, psm=0, deviceToken=<ByteString@96b1753 size=2 contents="C\233">, isSecondProfile=false, rxInstantConnectionAdv=null}.
[2026-06-13T06:51:15.121Z] [ALL] 06-13 12:21:12.730 22664  6569 I NearbyConnections: Lost BleEndpoint for BlePeripheral BlePeripheral{advertisement=BleAdvertisement { version=2, socketVersion=2, isFast=true, serviceIdHash=null, data=[ 0x23 0x46 0x41 0x55 0x44 0x11 0x16 0xea 0x4d 0x1e 0x41 0xfc 0x1f 0x24 0xd6 0x55 0xc3 0x60 0xf0 0x08 0xfa 0xec 0x94 ], deviceToken=[ 0x43 0x9b ], rxAdvertisement=null }, dctAdvertisement=null, address=null, psm=0, deviceToken=<ByteString@96b1753 size=2 contents="C\233">, isSecondProfile=false, rxInstantConnectionAdv=null} (with EndpointId FAUD and EndpointInfo [ 0x16 0xea 0x4d 0x1e 0x41 0xfc 0x1f 0x24 0xd6 0x55 0xc3 0x60 0xf0 0x08 0xfa 0xec 0x94 ]).
[2026-06-13T06:51:15.191Z] [ALL] 06-13 12:21:12.732 22664  6569 I NearbyConnections: ClientProxy(135143596) reporting onEndpointLost(FAUD)
[2026-06-13T06:51:15.191Z] [ALL] 06-13 12:21:12.732 22664  6569 I NearbyConnections: Processing lost BlePeripheral BlePeripheral{advertisement=BleAdvertisement { version=2, socketVersion=2, isFast=true, serviceIdHash=null, data=[ 0x23 0x53 0x45 0x37 0x5a 0x11 0x32 0x7b 0x52 0x33 0x59 0x04 0x4a 0x4b 0x7d 0x49 0x92 0x29 0x20 0x35 0x0d 0x83 0x58 ], deviceToken=[ 0xf0 0xd2 ], rxAdvertisement=null }, dctAdvertisement=null, address=null, psm=0, deviceToken=<ByteString@5569589 size=2 contents="\360\322">, isSecondProfile=false, rxInstantConnectionAdv=null}.
[2026-06-13T06:51:15.191Z] [ALL] 06-13 12:21:12.733 22664  6578 I NearbySharing: NearbySharing Internal event EndpointLost(endpointId=FAUD)
[2026-06-13T06:51:15.191Z] [ALL] 06-13 12:21:12.733 22664  6569 I NearbyConnections: Lost BleEndpoint for BlePeripheral BlePeripheral{advertisement=BleAdvertisement { version=2, socketVersion=2, isFast=true, serviceIdHash=null, data=[ 0x23 0x53 0x45 0x37 0x5a 0x11 0x32 0x7b 0x52 0x33 0x59 0x04 0x4a 0x4b 0x7d 0x49 0x92 0x29 0x20 0x35 0x0d 0x83 0x58 ], deviceToken=[ 0xf0 0xd2 ], rxAdvertisement=null }, dctAdvertisement=null, address=null, psm=0, deviceToken=<ByteString@5569589 size=2 contents="\360\322">, isSecondProfile=false, rxInstantConnectionAdv=null} (with EndpointId SE7Z and EndpointInfo [ 0x32 0x7b 0x52 0x33 0x59 0x04 0x4a 0x4b 0x7d 0x49 0x92 0x29 0x20 0x35 0x0d 0x83 0x58 ]).
[2026-06-13T06:51:15.191Z] [ALL] 06-13 12:21:12.736 22664  6569 I NearbyConnections: ClientProxy(135143596) reporting onEndpointLost(SE7Z)
[2026-06-13T06:51:15.191Z] [ALL] 06-13 12:21:12.736 22664  7869 I NearbySharing: NearbySharing Internal event EndpointLost(endpointId=SE7Z)
[2026-06-13T06:51:15.250Z] [ALL] 06-13 12:21:12.768  7392  7421 I appium  : Took 0ms to retrieve 0 matches for '//*[@text="Logout" or @text="LOGOUT" or contains(@text, "Logout")]' XPath2 query
[2026-06-13T06:51:15.250Z] [ALL] 06-13 12:21:12.771  7392  7421 I appium  : AppiumResponse: {"sessionId":"5aec8cc7-6284-45d2-96ae-ee164da74bb0","value":{"error":"no such element","message":"An element could not be located on the page using the given search parameters","stacktrace":"io.appium.uiautomator2.common.exceptions.ElementNotFoundException: An element could not be located on the page using the given search parameters\n\tat io.appium.uiautomator2.utils.ElementLocationHelpers.findElement(ElementLocationHelpers.java:153)\n\tat io.appium.uiautomator2.handler.FindElement.safeHandle(FindElement.java:60)\n\tat io.appium.uiautomator2.handler.request.SafeRequestHandler.handle(SafeRequestHandler.java:59)\n\tat io.appium.uiautomator2.server.AppiumServlet.handleRequest(AppiumServlet.java:267)\n\tat io.appium.uiautomator2.server.AppiumServlet.handleHttpRequest(AppiumServlet.java:261)\n\tat io.appium.uiautomator2.http.ServerHandler.channelRead(ServerHandler.java:77)\n\tat io.netty.channel.AbstractChannelHandlerContext.fireChannelRead(AbstractChannelHandlerContext.java:357)\n\tat io.netty.handler.codec.MessageToMessageDecoder.channelRead(MessageToMessageDecoder.java:107)\n\tat io.netty.channel.AbstractChannelHandlerContext.fireChannelRead(AbstractChannelHandlerContext.java:357)\n\tat io.netty.channel.CombinedChannelDuplexHandler$DelegatingChannelHandlerContext.fireChannelRead(CombinedChannelDuplexHandler.java:434)\n\tat io.netty.handler.codec.ByteToMessageDecoder.fireChannelRead(ByteToMessageDecoder.java:361)\n\tat io.netty.handler.codec.ByteToMessageDecoder.channelRead(ByteToMessageDecoder.java:325)\n\tat io.netty.channel.CombinedChannelDuplexHandler.channelRead(CombinedChannelDuplexHandler.java:249)\n\tat io.netty.channel.AbstractChannelHandlerContext.fireChannelRead(AbstractChannelHandlerContext.java:355)\n\tat io.netty.handler.timeout.IdleStateHandler.channelRead(IdleStateHandler.java:288)\n\tat io.netty.channel.AbstractChannelHandlerContext.fireChannelRead(AbstractChannelHandlerContext.java:355)\n\tat io.netty.channel.DefaultChannelPipeline$HeadContext.channelRead(DefaultChannelPipeline.java:1429)\n\tat io.netty.channel.DefaultChannelPipeline.fireChannelRead(DefaultChannelPipeline.java:918)\n\tat io.netty.channel.nio.AbstractNioByteChannel$NioByteUnsafe.read(AbstractNioByteChannel.java:176)\n\tat io.netty.channel.nio.AbstractNioChannel$AbstractNioUnsafe.handle(AbstractNioChannel.java:445)\n\tat io.netty.channel.nio.NioIoHandler$DefaultNioRegistration.handle(NioIoHandler.java:388)\n\tat io.netty.channel.nio.NioIoHandler.processSelectedKey(NioIoHandler.java:596)\n\tat io.netty.channel.nio.NioIoHandler.processSelectedKeysOptimized(NioIoHandler.java:571)\n\tat io.netty.channel.nio.NioIoHandler.processSelectedKeys(NioIoHandler.java:512)\n\tat io.netty.channel.nio.NioIoHandler.run(NioIoHandler.java:484)\n\tat io.netty.channel.SingleThreadIoEventLoop.runIo(SingleThreadIoEventLoop.java:225)\n\tat io.netty.channel.SingleThreadIoEventLoop.run(SingleThreadIoEventLoop.java:196)\n\tat io.netty.util.concurrent.SingleThreadEventExecutor$5.run(SingleThreadEventExecutor.java:1195)\n\tat io.netty.util.internal.ThreadExecutorMap$2.run(ThreadExecutorMap.java:74)\n\tat io.netty.util.concurrent.FastThreadLocalRunnable.run(FastThreadLocalRunnable.java:30)\n\tat java.lang.Thread.run(Thread.java:1572)\n"}}
[2026-06-13T06:51:15.309Z] [ALL] 06-13 12:21:12.927  1695  2752 I OplusHansManager : uid=10349, pkg=io.appium.uiautomator2.server can transition from M to F
[2026-06-13T06:51:15.309Z] [ALL] 06-13 12:21:12.927  1695  2752 I OplusHansManager : uid=10349, pkg=io.appium.uiautomator2.server F enter(), M stay=1
[2026-06-13T06:51:15.309Z] [ALL] 06-13 12:21:12.932  1695  2752 I OplusHansManager : freeze uid: 10349 io.appium.uiautomator2.server pids: [7392] scene: LcdOn
[2026-06-13T06:51:15.348Z] [ALL] 06-13 12:21:12.934  7763 13029 D IHansComunication: HansComunication::addUid-- 10349, persistent--0
[2026-06-13T06:51:15.348Z] [ALL] 06-13 12:21:12.935  7763 13029 D IHansComunication: HANS sendMessageToKernel: threadId = 536992353456, netLinkSetup = 1, type = PKG, targetUid = 10349, pkgCmd = ADD_ONE_UID
[2026-06-13T06:51:16.206Z] [ALL] 06-13 12:21:13.831   924   930 E PerformanceService: storage_feature: open /sys/devices/platform/soc/112b0000.ufshci//virtualtlcbuff fail
[2026-06-13T06:51:16.231Z] [ALL] 06-13 12:21:13.834   934   934 D vendor.oplus.hardware.charger@1.0-service: getChargerControl:
[2026-06-13T06:51:16.314Z] [ALL] 06-13 12:21:13.936  7763 13029 D IHansComunication: HANS sendMessageToKernel: threadId = 536992353456, netLinkSetup = 1, type = FROZEN_TRANS, targetUid = 10349, pkgCmd = PKG_CMD_MAX
[2026-06-13T06:51:16.757Z] [ALL] 06-13 12:21:14.382  1284  1284 I thermal_repeater: [recvMdThermalInfo] ret=29, strLen=127,  4, 46, -50, -1, 32767, 14132
[2026-06-13T06:51:16.832Z] [ALL] 06-13 12:21:14.456   858 28068 E netd    : dispachCmd:oplusGetRtt
[2026-06-13T06:51:16.832Z] [ALL] 06-13 12:21:14.457   858 28068 E netd    : handleGetRttCmd: netId = 204, uid = 10355
[2026-06-13T06:51:16.852Z] [ALL] 06-13 12:21:14.460   858 28068 E netd    : dispachCmd cmd:oplusGetRtt  result:0
[2026-06-13T06:51:16.887Z] [ALL] 06-13 12:21:14.460   858  5601 E netd    : dispachCmd:oplusGetRtt
[2026-06-13T06:51:16.887Z] [ALL] 06-13 12:21:14.461   858  5601 E netd    : handleGetRttCmd: netId = 206, uid = 10355
[2026-06-13T06:51:16.887Z] [ALL] 06-13 12:21:14.463   858  5601 E netd    : dispachCmd cmd:oplusGetRtt  result:0
[2026-06-13T06:51:16.887Z] [ALL] 06-13 12:21:14.466  1695  2144 D OplusWifiConnect2: clientModeManager == null, getOplusSta2ConnectionInfo null
[2026-06-13T06:51:16.887Z] [ALL] 06-13 12:21:14.469  1695  2148 D WN_S    : isCellQualityGood is false, curscore =94, no need to switch lte
[2026-06-13T06:51:16.887Z] [ALL] 06-13 12:21:14.489  1000  1064 D SurfaceFlinger: kickIdle 3054, 1439, 34, 0
[2026-06-13T06:51:16.887Z] [ALL] 06-13 12:21:14.489   882   882 E hwcomposer: [DRMDEV] DRM_IOCTL_MTK_KICK_IDLE failed, drm_id_crtc: 64, error: -1  
[2026-06-13T06:51:16.940Z] [ALL] 06-13 12:21:14.563  7763  7793 E IHansComunication: HANS printMessageBody: RCV message: type = 0,port = 86870,caller_pid = 1695,caller_uid = 1000,target_pid = 7392,target_uid = 10349,pkg_cmd = -1,rpc = android.accessibilityservice.IAccessibilityServiceClient/2
[2026-06-13T06:51:16.976Z] [ALL] 06-13 12:21:14.567  1695  2771 I OplusHansManager : unfreeze uid: 10349 io.appium.uiautomator2.server pids: [7392] reason: AsyncBinder scene: LcdOn
[2026-06-13T06:51:17.000Z] [ALL] 06-13 12:21:14.570  1695  2752 I OplusHansManager : uid=10349, pkg=io.appium.uiautomator2.server, transition from F to Middle, reason=AsyncBinder
[2026-06-13T06:51:17.000Z] [ALL] 06-13 12:21:14.570  7392  7421 I appium  : channel read: POST /session/5aec8cc7-6284-45d2-96ae-ee164da74bb0/element
[2026-06-13T06:51:17.000Z] [ALL] 06-13 12:21:14.570  1695  2752 I OplusHansManager : uid=10349, pkg=io.appium.uiautomator2.server F exit(), F stay=1, reason=AsyncBinder
[2026-06-13T06:51:17.000Z] [ALL] 06-13 12:21:14.571  7392  7421 I appium  : FindElement command
[2026-06-13T06:51:17.000Z] [ALL] 06-13 12:21:14.572  7392  7421 I appium  : method: 'xpath', selector: '//*[@text="Logout" or @text="LOGOUT" or contains(@text, "Logout")]'
[2026-06-13T06:51:17.000Z] [ALL] 06-13 12:21:14.572  7392  7421 I appium  : Waiting up to 10000ms for the device to idle
[2026-06-13T06:51:17.438Z] [ALL] 06-13 12:21:15.063  7392  7421 I appium  : The following attributes will be included to the page source: [text]
[2026-06-13T06:51:17.487Z] [ALL] 06-13 12:21:15.075  7392  7401 I tomator2.server: Method exceeds compiler instruction limit: 19260 in java_cup.runtime.Symbol org.eclipse.wst.xml.xpath2.processor.internal.CUP$XPathCup$actions.CUP$XPathCup$do_action(int, java_cup.runtime.lr_parser, java.util.Stack, int)
[2026-06-13T06:51:17.531Z] [ALL] 06-13 12:21:15.151  1000  1703 D OplusHecate: pixels[1077,117]=0xfff0e8e2
[2026-06-13T06:51:17.602Z] [ALL] 06-13 12:21:15.182  2744  2744 D OplusTelephonyController: onSignalStrengthChanged: SignalStrength=SignalStrength:{mCdma=CellSignalStrengthCdma: cdmaDbm=2147483647 cdmaEcio=2147483647 evdoDbm=2147483647 evdoEcio=2147483647 evdoSnr=2147483647 level=0,mGsm=CellSignalStrengthGsm: rssi=2147483647 ber=2147483647 mTa=2147483647 mLevel=0,mWcdma=CellSignalStrengthWcdma: ss=2147483647 ber=2147483647 rscp=2147483647 ecno=2147483647 level=0,mTdscdma=CellSignalStrengthTdscdma: rssi=2147483647 ber=2147483647 rscp=2147483647 level=0,mLte=CellSignalStrengthLte: rssi=2147483647 rsrp=2147483647 rsrq=2147483647 rssnr=2147483647 cqiTableIndex=2147483647 cqi=2147483647 ta=2147483647 level=0 parametersUseForLevel=0,mNr=CellSignalStrengthNr:{ csiRsrp = 2147483647 csiRsrq = 2147483647 csiCqiTableIndex = 2147483647 csiCqiReport = [] ssRsrp = -89 ssRsrq = -4 ssSinr = 13 level = 2 parametersUseForLevel = 0 },primary=CellSignalStrengthNr}, phoneId=0, mMtkLevel=0, mMtkRsrpOnly=false, mMtkLteRsrpThreshold=null, mMtkLteRssnrThreshold=null
[2026-06-13T06:51:17.623Z] [ALL] 06-13 12:21:15.218  1000  1064 D SurfaceFlinger: kickIdle 729, 703, 35, 0
[2026-06-13T06:51:17.623Z] [ALL] 06-13 12:21:15.218   882   882 E hwcomposer: [DRMDEV] DRM_IOCTL_MTK_KICK_IDLE failed, drm_id_crtc: 64, error: -1  
[2026-06-13T06:51:17.867Z] [ALL] 06-13 12:21:15.450  7392  7421 I appium  : Took 0ms to retrieve 0 matches for '//*[@text="Logout" or @text="LOGOUT" or contains(@text, "Logout")]' XPath2 query
[2026-06-13T06:51:17.867Z] [ALL] 06-13 12:21:15.453  7392  7421 I appium  : AppiumResponse: {"sessionId":"5aec8cc7-6284-45d2-96ae-ee164da74bb0","value":{"error":"no such element","message":"An element could not be located on the page using the given search parameters","stacktrace":"io.appium.uiautomator2.common.exceptions.ElementNotFoundException: An element could not be located on the page using the given search parameters\n\tat io.appium.uiautomator2.utils.ElementLocationHelpers.findElement(ElementLocationHelpers.java:153)\n\tat io.appium.uiautomator2.handler.FindElement.safeHandle(FindElement.java:60)\n\tat io.appium.uiautomator2.handler.request.SafeRequestHandler.handle(SafeRequestHandler.java:59)\n\tat io.appium.uiautomator2.server.AppiumServlet.handleRequest(AppiumServlet.java:267)\n\tat io.appium.uiautomator2.server.AppiumServlet.handleHttpRequest(AppiumServlet.java:261)\n\tat io.appium.uiautomator2.http.ServerHandler.channelRead(ServerHandler.java:77)\n\tat io.netty.channel.AbstractChannelHandlerContext.fireChannelRead(AbstractChannelHandlerContext.java:357)\n\tat io.netty.handler.codec.MessageToMessageDecoder.channelRead(MessageToMessageDecoder.java:107)\n\tat io.netty.channel.AbstractChannelHandlerContext.fireChannelRead(AbstractChannelHandlerContext.java:357)\n\tat io.netty.channel.CombinedChannelDuplexHandler$DelegatingChannelHandlerContext.fireChannelRead(CombinedChannelDuplexHandler.java:434)\n\tat io.netty.handler.codec.ByteToMessageDecoder.fireChannelRead(ByteToMessageDecoder.java:361)\n\tat io.netty.handler.codec.ByteToMessageDecoder.channelRead(ByteToMessageDecoder.java:325)\n\tat io.netty.channel.CombinedChannelDuplexHandler.channelRead(CombinedChannelDuplexHandler.java:249)\n\tat io.netty.channel.AbstractChannelHandlerContext.fireChannelRead(AbstractChannelHandlerContext.java:355)\n\tat io.netty.handler.timeout.IdleStateHandler.channelRead(IdleStateHandler.java:288)\n\tat io.netty.channel.AbstractChannelHandlerContext.fireChannelRead(AbstractChannelHandlerContext.java:355)\n\tat io.netty.channel.DefaultChannelPipeline$HeadContext.channelRead(DefaultChannelPipeline.java:1429)\n\tat io.netty.channel.DefaultChannelPipeline.fireChannelRead(DefaultChannelPipeline.java:918)\n\tat io.netty.channel.nio.AbstractNioByteChannel$NioByteUnsafe.read(AbstractNioByteChannel.java:176)\n\tat io.netty.channel.nio.AbstractNioChannel$AbstractNioUnsafe.handle(AbstractNioChannel.java:445)\n\tat io.netty.channel.nio.NioIoHandler$DefaultNioRegistration.handle(NioIoHandler.java:388)\n\tat io.netty.channel.nio.NioIoHandler.processSelectedKey(NioIoHandler.java:596)\n\tat io.netty.channel.nio.NioIoHandler.processSelectedKeysOptimized(NioIoHandler.java:571)\n\tat io.netty.channel.nio.NioIoHandler.processSelectedKeys(NioIoHandler.java:512)\n\tat io.netty.channel.nio.NioIoHandler.run(NioIoHandler.java:484)\n\tat io.netty.channel.SingleThreadIoEventLoop.runIo(SingleThreadIoEventLoop.java:225)\n\tat io.netty.channel.SingleThreadIoEventLoop.run(SingleThreadIoEventLoop.java:196)\n\tat io.netty.util.concurrent.SingleThreadEventExecutor$5.run(SingleThreadEventExecutor.java:1195)\n\tat io.netty.util.internal.ThreadExecutorMap$2.run(ThreadExecutorMap.java:74)\n\tat io.netty.util.concurrent.FastThreadLocalRunnable.run(FastThreadLocalRunnable.java:30)\n\tat java.lang.Thread.run(Thread.java:1572)\n"}}
[2026-06-13T06:51:18.400Z] [ALL] 06-13 12:21:15.977  7392  7421 I appium  : channel read: POST /session/5aec8cc7-6284-45d2-96ae-ee164da74bb0/element
[2026-06-13T06:51:18.400Z] [ALL] 06-13 12:21:15.979  7392  7421 I appium  : FindElement command
[2026-06-13T06:51:18.400Z] [ALL] 06-13 12:21:15.981  7392  7421 I appium  : method: 'xpath', selector: '//*[@text="Logout" or @text="LOGOUT" or contains(@text, "Logout")]'
[2026-06-13T06:51:18.400Z] [ALL] 06-13 12:21:15.982  7392  7421 I appium  : Waiting up to 10000ms for the device to idle
[2026-06-13T06:51:18.441Z] [ALL] 06-13 12:21:15.986  7392  7421 I appium  : The following attributes will be included to the page source: [text]
[2026-06-13T06:51:18.518Z] [ALL] 06-13 12:21:16.079  1695  2752 I OplusHansManager : uid=10349, pkg=io.appium.uiautomator2.server can transition from M to F
[2026-06-13T06:51:18.518Z] [ALL] 06-13 12:21:16.080  1695  2752 I OplusHansManager : uid=10349, pkg=io.appium.uiautomator2.server F enter(), M stay=1
[2026-06-13T06:51:18.518Z] [ALL] 06-13 12:21:16.085  7763  7793 E IHansComunication: HANS printMessageBody: RCV message: type = 0,port = 86870,caller_pid = 32174,caller_uid = 10355,target_pid = 7392,target_uid = 10349,pkg_cmd = -1,rpc = android.view.accessibility.IAccessibilityInteractionConnection/1
[2026-06-13T06:51:18.518Z] [ALL] 06-13 12:21:16.086  1695  2752 I OplusHansManager : freeze uid: 10349 io.appium.uiautomator2.server pids: [7392] scene: LcdOn
[2026-06-13T06:51:18.518Z] [ALL] 06-13 12:21:16.089  7763 13029 D IHansComunication: HansComunication::addUid-- 10349, persistent--0
[2026-06-13T06:51:18.518Z] [ALL] 06-13 12:21:16.089  7763 13029 D IHansComunication: HANS sendMessageToKernel: threadId = 536992353456, netLinkSetup = 1, type = PKG, targetUid = 10349, pkgCmd = ADD_ONE_UID
[2026-06-13T06:51:18.518Z] [ALL] 06-13 12:21:16.089   858  5601 E TetherController: property_get sys.radio.data.modem_share_flag return 0, 1!
[2026-06-13T06:51:18.518Z] [ALL] 06-13 12:21:16.089  1695  2771 I OplusHansManager : unfreeze uid: 10349 io.appium.uiautomator2.server pids: [7392] reason: AsyncBinder scene: LcdOn
[2026-06-13T06:51:18.518Z] [ALL] 06-13 12:21:16.090  1695  2752 I OplusHansManager : uid=10349, pkg=io.appium.uiautomator2.server, transition from F to Middle, reason=AsyncBinder
[2026-06-13T06:51:18.518Z] [ALL] 06-13 12:21:16.090  1695  2752 I OplusHansManager : uid=10349, pkg=io.appium.uiautomator2.server F exit(), F stay=0, reason=AsyncBinder
[2026-06-13T06:51:18.762Z] [ALL] 06-13 12:21:16.388  7392  7421 I appium  : Took 0ms to retrieve 0 matches for '//*[@text="Logout" or @text="LOGOUT" or contains(@text, "Logout")]' XPath2 query
[2026-06-13T06:51:18.834Z] [ALL] 06-13 12:21:16.393  7392  7421 I appium  : AppiumResponse: {"sessionId":"5aec8cc7-6284-45d2-96ae-ee164da74bb0","value":{"error":"no such element","message":"An element could not be located on the page using the given search parameters","stacktrace":"io.appium.uiautomator2.common.exceptions.ElementNotFoundException: An element could not be located on the page using the given search parameters\n\tat io.appium.uiautomator2.utils.ElementLocationHelpers.findElement(ElementLocationHelpers.java:153)\n\tat io.appium.uiautomator2.handler.FindElement.safeHandle(FindElement.java:60)\n\tat io.appium.uiautomator2.handler.request.SafeRequestHandler.handle(SafeRequestHandler.java:59)\n\tat io.appium.uiautomator2.server.AppiumServlet.handleRequest(AppiumServlet.java:267)\n\tat io.appium.uiautomator2.server.AppiumServlet.handleHttpRequest(AppiumServlet.java:261)\n\tat io.appium.uiautomator2.http.ServerHandler.channelRead(ServerHandler.java:77)\n\tat io.netty.channel.AbstractChannelHandlerContext.fireChannelRead(AbstractChannelHandlerContext.java:357)\n\tat io.netty.handler.codec.MessageToMessageDecoder.channelRead(MessageToMessageDecoder.java:107)\n\tat io.netty.channel.AbstractChannelHandlerContext.fireChannelRead(AbstractChannelHandlerContext.java:357)\n\tat io.netty.channel.CombinedChannelDuplexHandler$DelegatingChannelHandlerContext.fireChannelRead(CombinedChannelDuplexHandler.java:434)\n\tat io.netty.handler.codec.ByteToMessageDecoder.fireChannelRead(ByteToMessageDecoder.java:361)\n\tat io.netty.handler.codec.ByteToMessageDecoder.channelRead(ByteToMessageDecoder.java:325)\n\tat io.netty.channel.CombinedChannelDuplexHandler.channelRead(CombinedChannelDuplexHandler.java:249)\n\tat io.netty.channel.AbstractChannelHandlerContext.fireChannelRead(AbstractChannelHandlerContext.java:355)\n\tat io.netty.handler.timeout.IdleStateHandler.channelRead(IdleStateHandler.java:288)\n\tat io.netty.channel.AbstractChannelHandlerContext.fireChannelRead(AbstractChannelHandlerContext.java:355)\n\tat io.netty.channel.DefaultChannelPipeline$HeadContext.channelRead(DefaultChannelPipeline.java:1429)\n\tat io.netty.channel.DefaultChannelPipeline.fireChannelRead(DefaultChannelPipeline.java:918)\n\tat io.netty.channel.nio.AbstractNioByteChannel$NioByteUnsafe.read(AbstractNioByteChannel.java:176)\n\tat io.netty.channel.nio.AbstractNioChannel$AbstractNioUnsafe.handle(AbstractNioChannel.java:445)\n\tat io.netty.channel.nio.NioIoHandler$DefaultNioRegistration.handle(NioIoHandler.java:388)\n\tat io.netty.channel.nio.NioIoHandler.processSelectedKey(NioIoHandler.java:596)\n\tat io.netty.channel.nio.NioIoHandler.processSelectedKeysOptimized(NioIoHandler.java:571)\n\tat io.netty.channel.nio.NioIoHandler.processSelectedKeys(NioIoHandler.java:512)\n\tat io.netty.channel.nio.NioIoHandler.run(NioIoHandler.java:484)\n\tat io.netty.channel.SingleThreadIoEventLoop.runIo(SingleThreadIoEventLoop.java:225)\n\tat io.netty.channel.SingleThreadIoEventLoop.run(SingleThreadIoEventLoop.java:196)\n\tat io.netty.util.concurrent.SingleThreadEventExecutor$5.run(SingleThreadEventExecutor.java:1195)\n\tat io.netty.util.internal.ThreadExecutorMap$2.run(ThreadExecutorMap.java:74)\n\tat io.netty.util.concurrent.FastThreadLocalRunnable.run(FastThreadLocalRunnable.java:30)\n\tat java.lang.Thread.run(Thread.java:1572)\n"}}
[2026-06-13T06:51:18.888Z] [ALL] 06-13 12:21:16.495  1000  1193 D VRR [OTI]: handleIdle from 0 to 1
[2026-06-13T06:51:18.888Z] [ALL] 06-13 12:21:16.495  1000  1193 D VRR [OTI-HW]: isStateReady 0
[2026-06-13T06:51:18.928Z] [ALL] 06-13 12:21:16.496  1000  1193 D VRR [OTI-HW]: rate range: min {id=0, hwcId=0, resolution=1080x2400, refreshRate=60.00 Hz, dpi=409.43x409.13, group=0} cur {id=0, hwcId=0, resolution=1080x2400, refreshRate=60.00 Hz, dpi=409.43x409.13, group=0} max {id=0, hwcId=0, resolution=1080x2400, refreshRate=60.00 Hz, dpi=409.43x409.13, group=0}
[2026-06-13T06:51:18.928Z] [ALL] 06-13 12:21:16.496  1000  1193 D VRR [OTI-HW]: keep rate.
[2026-06-13T06:51:18.946Z] [ALL] 06-13 12:21:16.527  2782  2818 D NetworkEvent: OplusNetworkEventCbProxy invoke.....onDnsEvent argslen:8
[2026-06-13T06:51:18.946Z] [ALL] 06-13 12:21:16.534  2744 13686 D OplusCellularNetworkConfig: getDnsQueryPriority value=http://conn-service-in-03.allawnos.com/generate204
[2026-06-13T06:51:18.971Z] [ALL] 06-13 12:21:16.548  2782  2818 D NetworkEvent: OplusNetworkEventCbProxy invoke.....onDnsEvent argslen:8
[2026-06-13T06:51:18.991Z] [ALL] 06-13 12:21:16.567  1000  1064 D SurfaceFlinger: kickIdle 1349, 1332, 34, 0
[2026-06-13T06:51:18.991Z] [ALL] 06-13 12:21:16.568   882   882 E hwcomposer: [DRMDEV] DRM_IOCTL_MTK_KICK_IDLE failed, drm_id_crtc: 64, error: -1  
[2026-06-13T06:51:19.137Z] [ALL] 06-13 12:21:16.719  2676 12019 E OplusNetworkStackManager: callback len = 1
[2026-06-13T06:51:19.143Z] [ALL] 06-13 12:21:16.720  2782  2818 E OplusNetworkStackManager: callback len = 2
[2026-06-13T06:51:19.143Z] [ALL] 06-13 12:21:16.720  1695  4421 E OplusNetworkStackManager: callback len = 6
[2026-06-13T06:51:19.143Z] [ALL] 06-13 12:21:16.721  1695  4421 D OLK     : INetworkScoreCallback() networkId: 204 better = false, score = 90
[2026-06-13T06:51:19.143Z] [ALL] 06-13 12:21:16.721  2744  3266 E OplusNetworkStackManager: callback len = 1
[2026-06-13T06:51:19.442Z] [ALL] 06-13 12:21:16.932  7392  7421 I appium  : channel read: POST /session/5aec8cc7-6284-45d2-96ae-ee164da74bb0/element
[2026-06-13T06:51:19.442Z] [ALL] 06-13 12:21:16.933  7392  7421 I appium  : FindElement command
[2026-06-13T06:51:19.442Z] [ALL] 06-13 12:21:16.934  7392  7421 I appium  : method: 'xpath', selector: '//*[@text="Logout" or @text="LOGOUT" or contains(@text, "Logout")]'
[2026-06-13T06:51:19.442Z] [ALL] 06-13 12:21:16.934  7392  7421 I appium  : Waiting up to 10000ms for the device to idle
[2026-06-13T06:51:19.442Z] [ALL] 06-13 12:21:16.936  7392  7421 I appium  : The following attributes will be included to the page source: [text]
[2026-06-13T06:51:19.479Z] [ALL] 06-13 12:21:17.073  2676 12019 E OplusNetworkStackManager: callback len = 1
[2026-06-13T06:51:19.479Z] [ALL] 06-13 12:21:17.074  2782  2818 E OplusNetworkStackManager: callback len = 2
[2026-06-13T06:51:19.479Z] [ALL] 06-13 12:21:17.074  2744  3266 E OplusNetworkStackManager: callback len = 1
[2026-06-13T06:51:19.479Z] [ALL] 06-13 12:21:17.074  1695  4421 E OplusNetworkStackManager: callback len = 6
[2026-06-13T06:51:19.479Z] [ALL] 06-13 12:21:17.074  1695  4421 D OLK     : INetworkScoreCallback() networkId: 204 better = true, score = 100
[2026-06-13T06:51:19.537Z] [ALL] 06-13 12:21:17.088  7763 13029 D IHansComunication: HANS sendMessageToKernel: threadId = 536992353456, netLinkSetup = 1, type = FROZEN_TRANS, targetUid = 10349, pkgCmd = PKG_CMD_MAX
[2026-06-13T06:51:19.567Z] [ALL] 06-13 12:21:17.088  7763  7793 E IHansComunication: HANS printMessageBody: RCV message: type = 2,port = 86870,caller_pid = -1,caller_uid = -1,target_pid = -1,target_uid = 10349,pkg_cmd = -1,rpc = FROZEN_TRANS_THREAD/-1
[2026-06-13T06:51:19.682Z] [ALL] 06-13 12:21:17.282  7392  7421 I appium  : Took 0ms to retrieve 0 matches for '//*[@text="Logout" or @text="LOGOUT" or contains(@text, "Logout")]' XPath2 query
[2026-06-13T06:51:19.792Z] [ALL] 06-13 12:21:17.287  7392  7421 I appium  : AppiumResponse: {"sessionId":"5aec8cc7-6284-45d2-96ae-ee164da74bb0","value":{"error":"no such element","message":"An element could not be located on the page using the given search parameters","stacktrace":"io.appium.uiautomator2.common.exceptions.ElementNotFoundException: An element could not be located on the page using the given search parameters\n\tat io.appium.uiautomator2.utils.ElementLocationHelpers.findElement(ElementLocationHelpers.java:153)\n\tat io.appium.uiautomator2.handler.FindElement.safeHandle(FindElement.java:60)\n\tat io.appium.uiautomator2.handler.request.SafeRequestHandler.handle(SafeRequestHandler.java:59)\n\tat io.appium.uiautomator2.server.AppiumServlet.handleRequest(AppiumServlet.java:267)\n\tat io.appium.uiautomator2.server.AppiumServlet.handleHttpRequest(AppiumServlet.java:261)\n\tat io.appium.uiautomator2.http.ServerHandler.channelRead(ServerHandler.java:77)\n\tat io.netty.channel.AbstractChannelHandlerContext.fireChannelRead(AbstractChannelHandlerContext.java:357)\n\tat io.netty.handler.codec.MessageToMessageDecoder.channelRead(MessageToMessageDecoder.java:107)\n\tat io.netty.channel.AbstractChannelHandlerContext.fireChannelRead(AbstractChannelHandlerContext.java:357)\n\tat io.netty.channel.CombinedChannelDuplexHandler$DelegatingChannelHandlerContext.fireChannelRead(CombinedChannelDuplexHandler.java:434)\n\tat io.netty.handler.codec.ByteToMessageDecoder.fireChannelRead(ByteToMessageDecoder.java:361)\n\tat io.netty.handler.codec.ByteToMessageDecoder.channelRead(ByteToMessageDecoder.java:325)\n\tat io.netty.channel.CombinedChannelDuplexHandler.channelRead(CombinedChannelDuplexHandler.java:249)\n\tat io.netty.channel.AbstractChannelHandlerContext.fireChannelRead(AbstractChannelHandlerContext.java:355)\n\tat io.netty.handler.timeout.IdleStateHandler.channelRead(IdleStateHandler.java:288)\n\tat io.netty.channel.AbstractChannelHandlerContext.fireChannelRead(AbstractChannelHandlerContext.java:355)\n\tat io.netty.channel.DefaultChannelPipeline$HeadContext.channelRead(DefaultChannelPipeline.java:1429)\n\tat io.netty.channel.DefaultChannelPipeline.fireChannelRead(DefaultChannelPipeline.java:918)\n\tat io.netty.channel.nio.AbstractNioByteChannel$NioByteUnsafe.read(AbstractNioByteChannel.java:176)\n\tat io.netty.channel.nio.AbstractNioChannel$AbstractNioUnsafe.handle(AbstractNioChannel.java:445)\n\tat io.netty.channel.nio.NioIoHandler$DefaultNioRegistration.handle(NioIoHandler.java:388)\n\tat io.netty.channel.nio.NioIoHandler.processSelectedKey(NioIoHandler.java:596)\n\tat io.netty.channel.nio.NioIoHandler.processSelectedKeysOptimized(NioIoHandler.java:571)\n\tat io.netty.channel.nio.NioIoHandler.processSelectedKeys(NioIoHandler.java:512)\n\tat io.netty.channel.nio.NioIoHandler.run(NioIoHandler.java:484)\n\tat io.netty.channel.SingleThreadIoEventLoop.runIo(SingleThreadIoEventLoop.java:225)\n\tat io.netty.channel.SingleThreadIoEventLoop.run(SingleThreadIoEventLoop.java:196)\n\tat io.netty.util.concurrent.SingleThreadEventExecutor$5.run(SingleThreadEventExecutor.java:1195)\n\tat io.netty.util.internal.ThreadExecutorMap$2.run(ThreadExecutorMap.java:74)\n\tat io.netty.util.concurrent.FastThreadLocalRunnable.run(FastThreadLocalRunnable.java:30)\n\tat java.lang.Thread.run(Thread.java:1572)\n"}}
[2026-06-13T06:51:19.970Z] [ALL] 06-13 12:21:17.521   858  5601 E netd    : dispachCmd:oplusGetRtt
[2026-06-13T06:51:20.029Z] [ALL] 06-13 12:21:17.521   858  5601 E netd    : handleGetRttCmd: netId = 204, uid = 10355
[2026-06-13T06:51:20.029Z] [ALL] 06-13 12:21:17.525   858  5601 E netd    : dispachCmd cmd:oplusGetRtt  result:0
[2026-06-13T06:51:20.029Z] [ALL] 06-13 12:21:17.527   858 28068 E netd    : dispachCmd:oplusGetRtt
[2026-06-13T06:51:20.029Z] [ALL] 06-13 12:21:17.528   858 28068 E netd    : handleGetRttCmd: netId = 206, uid = 10355
[2026-06-13T06:51:20.029Z] [ALL] 06-13 12:21:17.530   858 28068 E netd    : dispachCmd cmd:oplusGetRtt  result:0
[2026-06-13T06:51:20.029Z] [ALL] 06-13 12:21:17.533  1695  2144 D OplusWifiConnect2: clientModeManager == null, getOplusSta2ConnectionInfo null
[2026-06-13T06:51:20.029Z] [ALL] 06-13 12:21:17.534  1695  2148 D WN_S    : isCellQualityGood is false, curscore =93, no need to switch lte
[2026-06-13T06:51:20.029Z] [ALL] 06-13 12:21:17.559  7392  7421 I appium  : channel read: POST /session/5aec8cc7-6284-45d2-96ae-ee164da74bb0/element
[2026-06-13T06:51:20.029Z] [ALL] 06-13 12:21:17.561  7392  7421 I appium  : FindElement command
[2026-06-13T06:51:20.029Z] [ALL] 06-13 12:21:17.563  7392  7421 I appium  : method: 'xpath', selector: '//*[@text="Logout" or @text="LOGOUT" or contains(@text, "Logout")]'
[2026-06-13T06:51:20.029Z] [ALL] 06-13 12:21:17.563  7392  7421 I appium  : Waiting up to 10000ms for the device to idle
[2026-06-13T06:51:20.029Z] [ALL] 06-13 12:21:17.566  7392  7421 I appium  : The following attributes will be included to the page source: [text]
[2026-06-13T06:51:20.029Z] [ALL] 06-13 12:21:17.596  1695  2752 I OplusHansManager : uid=10349, pkg=io.appium.uiautomator2.server can transition from M to F
[2026-06-13T06:51:20.029Z] [ALL] 06-13 12:21:17.596  1695  2752 I OplusHansManager : uid=10349, pkg=io.appium.uiautomator2.server F enter(), M stay=1
[2026-06-13T06:51:20.029Z] [ALL] 06-13 12:21:17.597  7763  7793 E IHansComunication: HANS printMessageBody: RCV message: type = 0,port = 86870,caller_pid = 32174,caller_uid = 10355,target_pid = 7392,target_uid = 10349,pkg_cmd = -1,rpc = android.view.accessibility.IAccessibilityInteractionConnection/1
[2026-06-13T06:51:20.029Z] [ALL] 06-13 12:21:17.598  1695  2752 I OplusHansManager : freeze uid: 10349 io.appium.uiautomator2.server pids: [7392] scene: LcdOn
[2026-06-13T06:51:20.074Z] [ALL] 06-13 12:21:17.599  7763 13029 D IHansComunication: HansComunication::addUid-- 10349, persistent--0
[2026-06-13T06:51:20.074Z] [ALL] 06-13 12:21:17.599  7763 13029 D IHansComunication: HANS sendMessageToKernel: threadId = 536992353456, netLinkSetup = 1, type = PKG, targetUid = 10349, pkgCmd = ADD_ONE_UID
[2026-06-13T06:51:20.074Z] [ALL] 06-13 12:21:17.601   934   934 D vendor.oplus.hardware.charger@1.0-service: getPsyUsbType type: USB, ret_value = 3
[2026-06-13T06:51:20.074Z] [ALL] 06-13 12:21:17.601   934   934 D vendor.oplus.hardware.charger@1.0-service: getPsyUsbType type: USB is usb charging.
[2026-06-13T06:51:20.074Z] [ALL] 06-13 12:21:17.601  1695  2771 I OplusHansManager : unfreeze uid: 10349 io.appium.uiautomator2.server pids: [7392] reason: AsyncBinder scene: LcdOn
[2026-06-13T06:51:20.074Z] [ALL] 06-13 12:21:17.602  1695  2752 I OplusHansManager : uid=10349, pkg=io.appium.uiautomator2.server, transition from F to Middle, reason=AsyncBinder
[2026-06-13T06:51:20.074Z] [ALL] 06-13 12:21:17.602  1695  2752 I OplusHansManager : uid=10349, pkg=io.appium.uiautomator2.server F exit(), F stay=0, reason=AsyncBinder
[2026-06-13T06:51:20.074Z] [ALL] 06-13 12:21:17.613   934   934 D vendor.oplus.hardware.charger@1.0-service: getPsyUsbType type: USB, ret_value = 3
[2026-06-13T06:51:20.074Z] [ALL] 06-13 12:21:17.613   934   934 D vendor.oplus.hardware.charger@1.0-service: getPsyUsbType type: USB is usb charging.
[2026-06-13T06:51:20.110Z] [ALL] 06-13 12:21:17.690  1695  2752 I OplusHansManager : uid=10356, pkg=com.jio.myjio can transition from M to F
[2026-06-13T06:51:20.110Z] [ALL] 06-13 12:21:17.690  1695  2752 I OplusHansManager : uid=10356, pkg=com.jio.myjio F enter(), M stay=10
[2026-06-13T06:51:20.110Z] [ALL] 06-13 12:21:17.700  1695  2752 I OplusHansManager : freeze uid: 10356 com.jio.myjio pids: [12319] scene: LcdOn
[2026-06-13T06:51:20.110Z] [ALL] 06-13 12:21:17.701  7763 13029 D IHansComunication: HansComunication::addUid-- 10356, persistent--0
[2026-06-13T06:51:20.110Z] [ALL] 06-13 12:21:17.701  7763 13029 D IHansComunication: HANS sendMessageToKernel: threadId = 536992353456, netLinkSetup = 1, type = PKG, targetUid = 10356, pkgCmd = ADD_ONE_UID
[2026-06-13T06:51:20.420Z] [ALL] 06-13 12:21:17.836  7392  7421 I appium  : Took 0ms to retrieve 0 matches for '//*[@text="Logout" or @text="LOGOUT" or contains(@text, "Logout")]' XPath2 query
[2026-06-13T06:51:20.420Z] [ALL] 06-13 12:21:17.839  7392  7421 I appium  : AppiumResponse: {"sessionId":"5aec8cc7-6284-45d2-96ae-ee164da74bb0","value":{"error":"no such element","message":"An element could not be located on the page using the given search parameters","stacktrace":"io.appium.uiautomator2.common.exceptions.ElementNotFoundException: An element could not be located on the page using the given search parameters\n\tat io.appium.uiautomator2.utils.ElementLocationHelpers.findElement(ElementLocationHelpers.java:153)\n\tat io.appium.uiautomator2.handler.FindElement.safeHandle(FindElement.java:60)\n\tat io.appium.uiautomator2.handler.request.SafeRequestHandler.handle(SafeRequestHandler.java:59)\n\tat io.appium.uiautomator2.server.AppiumServlet.handleRequest(AppiumServlet.java:267)\n\tat io.appium.uiautomator2.server.AppiumServlet.handleHttpRequest(AppiumServlet.java:261)\n\tat io.appium.uiautomator2.http.ServerHandler.channelRead(ServerHandler.java:77)\n\tat io.netty.channel.AbstractChannelHandlerContext.fireChannelRead(AbstractChannelHandlerContext.java:357)\n\tat io.netty.handler.codec.MessageToMessageDecoder.channelRead(MessageToMessageDecoder.java:107)\n\tat io.netty.channel.AbstractChannelHandlerContext.fireChannelRead(AbstractChannelHandlerContext.java:357)\n\tat io.netty.channel.CombinedChannelDuplexHandler$DelegatingChannelHandlerContext.fireChannelRead(CombinedChannelDuplexHandler.java:434)\n\tat io.netty.handler.codec.ByteToMessageDecoder.fireChannelRead(ByteToMessageDecoder.java:361)\n\tat io.netty.handler.codec.ByteToMessageDecoder.channelRead(ByteToMessageDecoder.java:325)\n\tat io.netty.channel.CombinedChannelDuplexHandler.channelRead(CombinedChannelDuplexHandler.java:249)\n\tat io.netty.channel.AbstractChannelHandlerContext.fireChannelRead(AbstractChannelHandlerContext.java:355)\n\tat io.netty.handler.timeout.IdleStateHandler.channelRead(IdleStateHandler.java:288)\n\tat io.netty.channel.AbstractChannelHandlerContext.fireChannelRead(AbstractChannelHandlerContext.java:355)\n\tat io.netty.channel.DefaultChannelPipeline$HeadContext.channelRead(DefaultChannelPipeline.java:1429)\n\tat io.netty.channel.DefaultChannelPipeline.fireChannelRead(DefaultChannelPipeline.java:918)\n\tat io.netty.channel.nio.AbstractNioByteChannel$NioByteUnsafe.read(AbstractNioByteChannel.java:176)\n\tat io.netty.channel.nio.AbstractNioChannel$AbstractNioUnsafe.handle(AbstractNioChannel.java:445)\n\tat io.netty.channel.nio.NioIoHandler$DefaultNioRegistration.handle(NioIoHandler.java:388)\n\tat io.netty.channel.nio.NioIoHandler.processSelectedKey(NioIoHandler.java:596)\n\tat io.netty.channel.nio.NioIoHandler.processSelectedKeysOptimized(NioIoHandler.java:571)\n\tat io.netty.channel.nio.NioIoHandler.processSelectedKeys(NioIoHandler.java:512)\n\tat io.netty.channel.nio.NioIoHandler.run(NioIoHandler.java:484)\n\tat io.netty.channel.SingleThreadIoEventLoop.runIo(SingleThreadIoEventLoop.java:225)\n\tat io.netty.channel.SingleThreadIoEventLoop.run(SingleThreadIoEventLoop.java:196)\n\tat io.netty.util.concurrent.SingleThreadEventExecutor$5.run(SingleThreadEventExecutor.java:1195)\n\tat io.netty.util.internal.ThreadExecutorMap$2.run(ThreadExecutorMap.java:74)\n\tat io.netty.util.concurrent.FastThreadLocalRunnable.run(FastThreadLocalRunnable.java:30)\n\tat java.lang.Thread.run(Thread.java:1572)\n"}}
[2026-06-13T06:51:20.459Z] [ALL] 06-13 12:21:18.011  7392  7421 I appium  : channel read: POST /session/5aec8cc7-6284-45d2-96ae-ee164da74bb0/element
[2026-06-13T06:51:20.459Z] [ALL] 06-13 12:21:18.013  7392  7421 I appium  : FindElement command
[2026-06-13T06:51:20.459Z] [ALL] 06-13 12:21:18.015  7392  7421 I appium  : method: 'xpath', selector: '//*[@text="Logout" or @text="LOGOUT" or contains(@text, "Logout")]'
[2026-06-13T06:51:20.459Z] [ALL] 06-13 12:21:18.016  7392  7421 I appium  : Waiting up to 10000ms for the device to idle
[2026-06-13T06:51:20.459Z] [ALL] 06-13 12:21:18.019  7392  7421 I appium  : The following attributes will be included to the page source: [text]
[2026-06-13T06:51:20.798Z] [ALL] 06-13 12:21:18.428  7392  7421 I appium  : Took 0ms to retrieve 0 matches for '//*[@text="Logout" or @text="LOGOUT" or contains(@text, "Logout")]' XPath2 query
[2026-06-13T06:51:20.834Z] [ALL] 06-13 12:21:18.432  7392  7421 I appium  : AppiumResponse: {"sessionId":"5aec8cc7-6284-45d2-96ae-ee164da74bb0","value":{"error":"no such element","message":"An element could not be located on the page using the given search parameters","stacktrace":"io.appium.uiautomator2.common.exceptions.ElementNotFoundException: An element could not be located on the page using the given search parameters\n\tat io.appium.uiautomator2.utils.ElementLocationHelpers.findElement(ElementLocationHelpers.java:153)\n\tat io.appium.uiautomator2.handler.FindElement.safeHandle(FindElement.java:60)\n\tat io.appium.uiautomator2.handler.request.SafeRequestHandler.handle(SafeRequestHandler.java:59)\n\tat io.appium.uiautomator2.server.AppiumServlet.handleRequest(AppiumServlet.java:267)\n\tat io.appium.uiautomator2.server.AppiumServlet.handleHttpRequest(AppiumServlet.java:261)\n\tat io.appium.uiautomator2.http.ServerHandler.channelRead(ServerHandler.java:77)\n\tat io.netty.channel.AbstractChannelHandlerContext.fireChannelRead(AbstractChannelHandlerContext.java:357)\n\tat io.netty.handler.codec.MessageToMessageDecoder.channelRead(MessageToMessageDecoder.java:107)\n\tat io.netty.channel.AbstractChannelHandlerContext.fireChannelRead(AbstractChannelHandlerContext.java:357)\n\tat io.netty.channel.CombinedChannelDuplexHandler$DelegatingChannelHandlerContext.fireChannelRead(CombinedChannelDuplexHandler.java:434)\n\tat io.netty.handler.codec.ByteToMessageDecoder.fireChannelRead(ByteToMessageDecoder.java:361)\n\tat io.netty.handler.codec.ByteToMessageDecoder.channelRead(ByteToMessageDecoder.java:325)\n\tat io.netty.channel.CombinedChannelDuplexHandler.channelRead(CombinedChannelDuplexHandler.java:249)\n\tat io.netty.channel.AbstractChannelHandlerContext.fireChannelRead(AbstractChannelHandlerContext.java:355)\n\tat io.netty.handler.timeout.IdleStateHandler.channelRead(IdleStateHandler.java:288)\n\tat io.netty.channel.AbstractChannelHandlerContext.fireChannelRead(AbstractChannelHandlerContext.java:355)\n\tat io.netty.channel.DefaultChannelPipeline$HeadContext.channelRead(DefaultChannelPipeline.java:1429)\n\tat io.netty.channel.DefaultChannelPipeline.fireChannelRead(DefaultChannelPipeline.java:918)\n\tat io.netty.channel.nio.AbstractNioByteChannel$NioByteUnsafe.read(AbstractNioByteChannel.java:176)\n\tat io.netty.channel.nio.AbstractNioChannel$AbstractNioUnsafe.handle(AbstractNioChannel.java:445)\n\tat io.netty.channel.nio.NioIoHandler$DefaultNioRegistration.handle(NioIoHandler.java:388)\n\tat io.netty.channel.nio.NioIoHandler.processSelectedKey(NioIoHandler.java:596)\n\tat io.netty.channel.nio.NioIoHandler.processSelectedKeysOptimized(NioIoHandler.java:571)\n\tat io.netty.channel.nio.NioIoHandler.processSelectedKeys(NioIoHandler.java:512)\n\tat io.netty.channel.nio.NioIoHandler.run(NioIoHandler.java:484)\n\tat io.netty.channel.SingleThreadIoEventLoop.runIo(SingleThreadIoEventLoop.java:225)\n\tat io.netty.channel.SingleThreadIoEventLoop.run(SingleThreadIoEventLoop.java:196)\n\tat io.netty.util.concurrent.SingleThreadEventExecutor$5.run(SingleThreadEventExecutor.java:1195)\n\tat io.netty.util.internal.ThreadExecutorMap$2.run(ThreadExecutorMap.java:74)\n\tat io.netty.util.concurrent.FastThreadLocalRunnable.run(FastThreadLocalRunnable.java:30)\n\tat java.lang.Thread.run(Thread.java:1572)\n"}}
[2026-06-13T06:51:20.980Z] [ALL] 06-13 12:21:18.601  7763 13029 D IHansComunication: HANS sendMessageToKernel: threadId = 536992353456, netLinkSetup = 1, type = FROZEN_TRANS, targetUid = 10349, pkgCmd = PKG_CMD_MAX
[2026-06-13T06:51:21.140Z] [ALL] 06-13 12:21:18.700  7763 13029 D IHansComunication: HANS sendMessageToKernel: threadId = 536992353456, netLinkSetup = 1, type = FROZEN_TRANS, targetUid = 10356, pkgCmd = PKG_CMD_MAX
[2026-06-13T06:51:21.409Z] [ALL] 06-13 12:21:18.829   924   930 E PerformanceService: storage_feature: open /sys/devices/platform/soc/112b0000.ufshci//virtualtlcbuff fail
[2026-06-13T06:51:21.445Z] [ALL] 06-13 12:21:18.838   934   934 D vendor.oplus.hardware.charger@1.0-service: getChargerControl:
[2026-06-13T06:51:21.445Z] [ALL] 06-13 12:21:19.026  7392  7421 I appium  : channel read: POST /session/5aec8cc7-6284-45d2-96ae-ee164da74bb0/element
[2026-06-13T06:51:21.445Z] [ALL] 06-13 12:21:19.027  7392  7421 I appium  : FindElement command
[2026-06-13T06:51:21.445Z] [ALL] 06-13 12:21:19.029  7392  7421 I appium  : method: 'xpath', selector: '//*[@text="Logout" or @text="LOGOUT" or contains(@text, "Logout")]'
[2026-06-13T06:51:21.445Z] [ALL] 06-13 12:21:19.029  7392  7421 I appium  : Waiting up to 10000ms for the device to idle
[2026-06-13T06:51:21.472Z] [ALL] 06-13 12:21:19.032  7392  7421 I appium  : The following attributes will be included to the page source: [text]
[2026-06-13T06:51:21.472Z] [ALL] 06-13 12:21:19.039  7392  7401 I tomator2.server: Method exceeds compiler instruction limit: 19260 in java_cup.runtime.Symbol org.eclipse.wst.xml.xpath2.processor.internal.CUP$XPathCup$actions.CUP$XPathCup$do_action(int, java_cup.runtime.lr_parser, java.util.Stack, int)
[2026-06-13T06:51:21.502Z] [ALL] 06-13 12:21:19.110  1695  2752 I OplusHansManager : uid=10349, pkg=io.appium.uiautomator2.server can transition from M to F
[2026-06-13T06:51:21.502Z] [ALL] 06-13 12:21:19.110  1695  2752 I OplusHansManager : uid=10349, pkg=io.appium.uiautomator2.server F enter(), M stay=1
[2026-06-13T06:51:21.534Z] [ALL] 06-13 12:21:19.114  1695  2752 I OplusHansManager : freeze uid: 10349 io.appium.uiautomator2.server pids: [7392] scene: LcdOn
[2026-06-13T06:51:21.534Z] [ALL] 06-13 12:21:19.116  7763  7793 E IHansComunication: HANS printMessageBody: RCV message: type = 0,port = 86870,caller_pid = 32174,caller_uid = 10355,target_pid = 7392,target_uid = 10349,pkg_cmd = -1,rpc = android.view.accessibility.IAccessibilityInteractionConnection/1
[2026-06-13T06:51:21.534Z] [ALL] 06-13 12:21:19.116  7763 13029 D IHansComunication: HansComunication::addUid-- 10349, persistent--0
[2026-06-13T06:51:21.534Z] [ALL] 06-13 12:21:19.116  7763 13029 D IHansComunication: HANS sendMessageToKernel: threadId = 536992353456, netLinkSetup = 1, type = PKG, targetUid = 10349, pkgCmd = ADD_ONE_UID
[2026-06-13T06:51:21.534Z] [ALL] 06-13 12:21:19.117  7763  7793 E IHansComunication: HANS printMessageBody: RCV message: type = 0,port = 86870,caller_pid = 32174,caller_uid = 10355,target_pid = 7392,target_uid = 10349,pkg_cmd = -1,rpc = android.view.accessibility.IAccessibilityInteractionConnection/3
[2026-06-13T06:51:21.534Z] [ALL] 06-13 12:21:19.119  1695  2771 I OplusHansManager : unfreeze uid: 10349 io.appium.uiautomator2.server pids: [7392] reason: AsyncBinder scene: LcdOn
[2026-06-13T06:51:21.534Z] [ALL] 06-13 12:21:19.120  1695  2752 I OplusHansManager : uid=10349, pkg=io.appium.uiautomator2.server, transition from F to Middle, reason=AsyncBinder
[2026-06-13T06:51:21.540Z] [ALL] 06-13 12:21:19.120  1695  2752 I OplusHansManager : uid=10349, pkg=io.appium.uiautomator2.server F exit(), F stay=0, reason=AsyncBinder
[2026-06-13T06:51:21.540Z] [ALL] 06-13 12:21:19.121  1695  2771 I OplusHansManager : forceUnfreezeByPid pid= 7392 reason= unfreezeForKernel: AsyncBinder
[2026-06-13T06:51:21.805Z] [ALL] 06-13 12:21:19.359  2536 27711 D IpClient/wlan0: interfaceLinkStateChanged: ifindex 34 up
[2026-06-13T06:51:21.805Z] [ALL] 06-13 12:21:19.376  7392  7421 I appium  : Took 0ms to retrieve 0 matches for '//*[@text="Logout" or @text="LOGOUT" or contains(@text, "Logout")]' XPath2 query
[2026-06-13T06:51:21.805Z] [ALL] 06-13 12:21:19.379  7392  7421 I appium  : AppiumResponse: {"sessionId":"5aec8cc7-6284-45d2-96ae-ee164da74bb0","value":{"error":"no such element","message":"An element could not be located on the page using the given search parameters","stacktrace":"io.appium.uiautomator2.common.exceptions.ElementNotFoundException: An element could not be located on the page using the given search parameters\n\tat io.appium.uiautomator2.utils.ElementLocationHelpers.findElement(ElementLocationHelpers.java:153)\n\tat io.appium.uiautomator2.handler.FindElement.safeHandle(FindElement.java:60)\n\tat io.appium.uiautomator2.handler.request.SafeRequestHandler.handle(SafeRequestHandler.java:59)\n\tat io.appium.uiautomator2.server.AppiumServlet.handleRequest(AppiumServlet.java:267)\n\tat io.appium.uiautomator2.server.AppiumServlet.handleHttpRequest(AppiumServlet.java:261)\n\tat io.appium.uiautomator2.http.ServerHandler.channelRead(ServerHandler.java:77)\n\tat io.netty.channel.AbstractChannelHandlerContext.fireChannelRead(AbstractChannelHandlerContext.java:357)\n\tat io.netty.handler.codec.MessageToMessageDecoder.channelRead(MessageToMessageDecoder.java:107)\n\tat io.netty.channel.AbstractChannelHandlerContext.fireChannelRead(AbstractChannelHandlerContext.java:357)\n\tat io.netty.channel.CombinedChannelDuplexHandler$DelegatingChannelHandlerContext.fireChannelRead(CombinedChannelDuplexHandler.java:434)\n\tat io.netty.handler.codec.ByteToMessageDecoder.fireChannelRead(ByteToMessageDecoder.java:361)\n\tat io.netty.handler.codec.ByteToMessageDecoder.channelRead(ByteToMessageDecoder.java:325)\n\tat io.netty.channel.CombinedChannelDuplexHandler.channelRead(CombinedChannelDuplexHandler.java:249)\n\tat io.netty.channel.AbstractChannelHandlerContext.fireChannelRead(AbstractChannelHandlerContext.java:355)\n\tat io.netty.handler.timeout.IdleStateHandler.channelRead(IdleStateHandler.java:288)\n\tat io.netty.channel.AbstractChannelHandlerContext.fireChannelRead(AbstractChannelHandlerContext.java:355)\n\tat io.netty.channel.DefaultChannelPipeline$HeadContext.channelRead(DefaultChannelPipeline.java:1429)\n\tat io.netty.channel.DefaultChannelPipeline.fireChannelRead(DefaultChannelPipeline.java:918)\n\tat io.netty.channel.nio.AbstractNioByteChannel$NioByteUnsafe.read(AbstractNioByteChannel.java:176)\n\tat io.netty.channel.nio.AbstractNioChannel$AbstractNioUnsafe.handle(AbstractNioChannel.java:445)\n\tat io.netty.channel.nio.NioIoHandler$DefaultNioRegistration.handle(NioIoHandler.java:388)\n\tat io.netty.channel.nio.NioIoHandler.processSelectedKey(NioIoHandler.java:596)\n\tat io.netty.channel.nio.NioIoHandler.processSelectedKeysOptimized(NioIoHandler.java:571)\n\tat io.netty.channel.nio.NioIoHandler.processSelectedKeys(NioIoHandler.java:512)\n\tat io.netty.channel.nio.NioIoHandler.run(NioIoHandler.java:484)\n\tat io.netty.channel.SingleThreadIoEventLoop.runIo(SingleThreadIoEventLoop.java:225)\n\tat io.netty.channel.SingleThreadIoEventLoop.run(SingleThreadIoEventLoop.java:196)\n\tat io.netty.util.concurrent.SingleThreadEventExecutor$5.run(SingleThreadEventExecutor.java:1195)\n\tat io.netty.util.internal.ThreadExecutorMap$2.run(ThreadExecutorMap.java:74)\n\tat io.netty.util.concurrent.FastThreadLocalRunnable.run(FastThreadLocalRunnable.java:30)\n\tat java.lang.Thread.run(Thread.java:1572)\n"}}
[2026-06-13T06:51:21.979Z] [ALL] 06-13 12:21:19.568  1000  1064 D SurfaceFlinger: kickIdle 3001, 2970, 35, 0
[2026-06-13T06:51:21.979Z] [ALL] 06-13 12:21:19.569   882   882 E hwcomposer: [DRMDEV] DRM_IOCTL_MTK_KICK_IDLE failed, drm_id_crtc: 64, error: -1  
[2026-06-13T06:51:22.006Z] [ALL] 06-13 12:21:19.590  1000  1000 I OplusPerfCount: The num of blur fliter in last 60989 ms is: 87
[2026-06-13T06:51:22.006Z] [ALL] 06-13 12:21:19.590  1000  1000 I Quality : SFJankCountInfo: 730;0;0-0-0-0-0-0-0-0-0-0;1-0-0-0-0-0-0-0-0-0;2-0-0-0-0-0-0-0-0-0;3-0-0-0-0-0-0-0-0-0;4-0-0-0-0-0-0-0-0-0;5-0-0-0-0-0-0-0-0-0;6-0-0-0-0-0-0-0-0-0;7-0-0-0-0-0-0-0-0-0;8-0-0-0-0-0-0-0-0-0;9-0-0-0-0-0-0-0-0-0;
[2026-06-13T06:51:22.006Z] [ALL] 06-13 12:21:19.591  1000  1000 I OplusPerfCount: The layer number in last 60989ms is: 4 layer, 731 time, 
[2026-06-13T06:51:22.042Z] [ALL] 06-13 12:21:19.664   891   978 W AString : ctor got NULL, using empty string instead
[2026-06-13T06:51:22.042Z] [ALL] 06-13 12:21:19.665   891   978 I sensors-hal-SensorSavedChannel: [8784,-27250,4366]==>gyro_bias.json
[2026-06-13T06:51:22.336Z] [ALL] 06-13 12:21:19.954  7392  7421 I appium  : channel read: POST /session/5aec8cc7-6284-45d2-96ae-ee164da74bb0/element
[2026-06-13T06:51:22.388Z] [ALL] 06-13 12:21:19.955  7392  7421 I appium  : FindElement command
[2026-06-13T06:51:22.388Z] [ALL] 06-13 12:21:19.956  7392  7421 I appium  : method: 'xpath', selector: '//*[@text="Logout" or @text="LOGOUT" or contains(@text, "Logout")]'
[2026-06-13T06:51:22.388Z] [ALL] 06-13 12:21:19.956  7392  7421 I appium  : Waiting up to 10000ms for the device to idle
[2026-06-13T06:51:22.388Z] [ALL] 06-13 12:21:19.959  7392  7421 I appium  : The following attributes will be included to the page source: [text]
[2026-06-13T06:51:22.497Z] [ALL] 06-13 12:21:20.116  7763 13029 D IHansComunication: HANS sendMessageToKernel: threadId = 536992353456, netLinkSetup = 1, type = FROZEN_TRANS, targetUid = 10349, pkgCmd = PKG_CMD_MAX
[2026-06-13T06:51:22.709Z] [ALL] 06-13 12:21:20.319  7392  7421 I appium  : Took 0ms to retrieve 0 matches for '//*[@text="Logout" or @text="LOGOUT" or contains(@text, "Logout")]' XPath2 query
[2026-06-13T06:51:22.735Z] [ALL] 06-13 12:21:20.322  7392  7421 I appium  : AppiumResponse: {"sessionId":"5aec8cc7-6284-45d2-96ae-ee164da74bb0","value":{"error":"no such element","message":"An element could not be located on the page using the given search parameters","stacktrace":"io.appium.uiautomator2.common.exceptions.ElementNotFoundException: An element could not be located on the page using the given search parameters\n\tat io.appium.uiautomator2.utils.ElementLocationHelpers.findElement(ElementLocationHelpers.java:153)\n\tat io.appium.uiautomator2.handler.FindElement.safeHandle(FindElement.java:60)\n\tat io.appium.uiautomator2.handler.request.SafeRequestHandler.handle(SafeRequestHandler.java:59)\n\tat io.appium.uiautomator2.server.AppiumServlet.handleRequest(AppiumServlet.java:267)\n\tat io.appium.uiautomator2.server.AppiumServlet.handleHttpRequest(AppiumServlet.java:261)\n\tat io.appium.uiautomator2.http.ServerHandler.channelRead(ServerHandler.java:77)\n\tat io.netty.channel.AbstractChannelHandlerContext.fireChannelRead(AbstractChannelHandlerContext.java:357)\n\tat io.netty.handler.codec.MessageToMessageDecoder.channelRead(MessageToMessageDecoder.java:107)\n\tat io.netty.channel.AbstractChannelHandlerContext.fireChannelRead(AbstractChannelHandlerContext.java:357)\n\tat io.netty.channel.CombinedChannelDuplexHandler$DelegatingChannelHandlerContext.fireChannelRead(CombinedChannelDuplexHandler.java:434)\n\tat io.netty.handler.codec.ByteToMessageDecoder.fireChannelRead(ByteToMessageDecoder.java:361)\n\tat io.netty.handler.codec.ByteToMessageDecoder.channelRead(ByteToMessageDecoder.java:325)\n\tat io.netty.channel.CombinedChannelDuplexHandler.channelRead(CombinedChannelDuplexHandler.java:249)\n\tat io.netty.channel.AbstractChannelHandlerContext.fireChannelRead(AbstractChannelHandlerContext.java:355)\n\tat io.netty.handler.timeout.IdleStateHandler.channelRead(IdleStateHandler.java:288)\n\tat io.netty.channel.AbstractChannelHandlerContext.fireChannelRead(AbstractChannelHandlerContext.java:355)\n\tat io.netty.channel.DefaultChannelPipeline$HeadContext.channelRead(DefaultChannelPipeline.java:1429)\n\tat io.netty.channel.DefaultChannelPipeline.fireChannelRead(DefaultChannelPipeline.java:918)\n\tat io.netty.channel.nio.AbstractNioByteChannel$NioByteUnsafe.read(AbstractNioByteChannel.java:176)\n\tat io.netty.channel.nio.AbstractNioChannel$AbstractNioUnsafe.handle(AbstractNioChannel.java:445)\n\tat io.netty.channel.nio.NioIoHandler$DefaultNioRegistration.handle(NioIoHandler.java:388)\n\tat io.netty.channel.nio.NioIoHandler.processSelectedKey(NioIoHandler.java:596)\n\tat io.netty.channel.nio.NioIoHandler.processSelectedKeysOptimized(NioIoHandler.java:571)\n\tat io.netty.channel.nio.NioIoHandler.processSelectedKeys(NioIoHandler.java:512)\n\tat io.netty.channel.nio.NioIoHandler.run(NioIoHandler.java:484)\n\tat io.netty.channel.SingleThreadIoEventLoop.runIo(SingleThreadIoEventLoop.java:225)\n\tat io.netty.channel.SingleThreadIoEventLoop.run(SingleThreadIoEventLoop.java:196)\n\tat io.netty.util.concurrent.SingleThreadEventExecutor$5.run(SingleThreadEventExecutor.java:1195)\n\tat io.netty.util.internal.ThreadExecutorMap$2.run(ThreadExecutorMap.java:74)\n\tat io.netty.util.concurrent.FastThreadLocalRunnable.run(FastThreadLocalRunnable.java:30)\n\tat java.lang.Thread.run(Thread.java:1572)\n"}}
[2026-06-13T06:51:23.008Z] [ALL] 06-13 12:21:20.578   858  5601 E netd    : dispachCmd:oplusGetRtt
[2026-06-13T06:51:23.062Z] [ALL] 06-13 12:21:20.578   858  5601 E netd    : handleGetRttCmd: netId = 204, uid = 10355
[2026-06-13T06:51:23.062Z] [ALL] 06-13 12:21:20.581   858  5601 E netd    : dispachCmd cmd:oplusGetRtt  result:0
[2026-06-13T06:51:23.062Z] [ALL] 06-13 12:21:20.582   858 28068 E netd    : dispachCmd:oplusGetRtt
[2026-06-13T06:51:23.062Z] [ALL] 06-13 12:21:20.582   858 28068 E netd    : handleGetRttCmd: netId = 206, uid = 10355
[2026-06-13T06:51:23.062Z] [ALL] 06-13 12:21:20.586   858 28068 E netd    : dispachCmd cmd:oplusGetRtt  result:0
[2026-06-13T06:51:23.062Z] [ALL] 06-13 12:21:20.589  1695  2144 D OplusWifiConnect2: clientModeManager == null, getOplusSta2ConnectionInfo null
[2026-06-13T06:51:23.062Z] [ALL] 06-13 12:21:20.589  1695  2148 D WN_S    : isCellQualityGood is false, curscore =93, no need to switch lte
[2026-06-13T06:51:23.062Z] [ALL] 06-13 12:21:20.629  1695  2752 I OplusHansManager : uid=10349, pkg=io.appium.uiautomator2.server can transition from M to F
[2026-06-13T06:51:23.062Z] [ALL] 06-13 12:21:20.629  1695  2752 I OplusHansManager : uid=10349, pkg=io.appium.uiautomator2.server F enter(), M stay=1
[2026-06-13T06:51:23.062Z] [ALL] 06-13 12:21:20.636  1695  2752 I OplusHansManager : freeze uid: 10349 io.appium.uiautomator2.server pids: [7392] scene: LcdOn
[2026-06-13T06:51:23.062Z] [ALL] 06-13 12:21:20.638  7763 13029 D IHansComunication: HansComunication::addUid-- 10349, persistent--0
[2026-06-13T06:51:23.062Z] [ALL] 06-13 12:21:20.638  7763 13029 D IHansComunication: HANS sendMessageToKernel: threadId = 536992353456, netLinkSetup = 1, type = PKG, targetUid = 10349, pkgCmd = ADD_ONE_UID
[2026-06-13T06:51:23.470Z] [ALL] 06-13 12:21:21.083  2782  3465 D AtCmdParser: parserAtcmdUrc can not find parser for +EPHYCONFIGN
[2026-06-13T06:51:23.470Z] [ALL] 06-13 12:21:21.086  2782  3867 D AtCmdParser: parserAtcmdUrc can not find parser for +EBARRING
[2026-06-13T06:51:23.509Z] [ALL] 06-13 12:21:21.112   858 28068 E TetherController: property_get sys.radio.data.modem_share_flag return 0, 1!
[2026-06-13T06:51:23.518Z] [ALL] 06-13 12:21:21.113  2782  3865 D AtCmdParser: parserAtcmdUrc can not find parser for +EREG
[2026-06-13T06:51:23.518Z] [ALL] 06-13 12:21:21.113  2782  3865 D AtCmdParser: parserAtcmdUrc can not find parser for +EGREG
[2026-06-13T06:51:23.587Z] [ALL] 06-13 12:21:21.205  2744  2744 D OplusNecManager: broadcastServiceStateChanged slotId:1oos:false
[2026-06-13T06:51:23.621Z] [ALL] 06-13 12:21:21.226  1695  1711 W System  : A resource failed to call release. 
[2026-06-13T06:51:23.660Z] [ALL] 06-13 12:21:21.226  1695  1711 W System  : A resource failed to call release. 
[2026-06-13T06:51:23.703Z] [ALL] 06-13 12:21:21.226  1695  1711 W System  : A resource failed to call release. 
[2026-06-13T06:51:23.703Z] [ALL] 06-13 12:21:21.226  1695  1711 W System  : A resource failed to call release. 
[2026-06-13T06:51:23.703Z] [ALL] 06-13 12:21:21.228  1695  1711 W System  : A resource failed to call release. 
[2026-06-13T06:51:23.703Z] [ALL] 06-13 12:21:21.228  1695  1711 W System  : A resource failed to call release. 
[2026-06-13T06:51:23.703Z] [ALL] 06-13 12:21:21.228  1695  1711 W System  : A resource failed to call release. 
[2026-06-13T06:51:23.703Z] [ALL] 06-13 12:21:21.228  1695  1711 W System  : A resource failed to call release. 
[2026-06-13T06:51:23.703Z] [ALL] 06-13 12:21:21.229  1695  1711 W System  : A resource failed to call release. 
[2026-06-13T06:51:23.703Z] [ALL] 06-13 12:21:21.229  1695  1711 W System  : A resource failed to call release. 
[2026-06-13T06:51:23.704Z] [ALL] 06-13 12:21:21.229  1695  1711 W System  : A resource failed to call release. 
[2026-06-13T06:51:23.704Z] [ALL] 06-13 12:21:21.229  1695  1711 W System  : A resource failed to call release. 
[2026-06-13T06:51:23.704Z] [ALL] 06-13 12:21:21.230  1695  1711 W System  : A resource failed to call release. 
[2026-06-13T06:51:23.704Z] [ALL] 06-13 12:21:21.230  1695  1711 W System  : A resource failed to call release. 
[2026-06-13T06:51:23.704Z] [ALL] 06-13 12:21:21.230  1695  1711 W System  : A resource failed to call release. 
[2026-06-13T06:51:23.704Z] [ALL] 06-13 12:21:21.230  1695  1711 W System  : A resource failed to call release. 
[2026-06-13T06:51:23.704Z] [ALL] 06-13 12:21:21.239  1695  1711 W System  : A resource failed to call release. 
[2026-06-13T06:51:23.704Z] [ALL] 06-13 12:21:21.240  1695  1711 W System  : A resource failed to call release. 
[2026-06-13T06:51:23.704Z] [ALL] 06-13 12:21:21.240  1695  1711 W System  : A resource failed to call release. 
[2026-06-13T06:51:23.704Z] [ALL] 06-13 12:21:21.240  1695  1711 W System  : A resource failed to call release. 
[2026-06-13T06:51:23.704Z] [ALL] 06-13 12:21:21.268  2704  2704 D PowerMitigationService:  onServiceStateChanged curRat = 18, slotId1
[2026-06-13T06:51:23.704Z] [ALL] 06-13 12:21:21.269  2704  2704 D PowerMitigationService: handleMessage: { when=-1ms what=12 arg1=1 target=y.b$b }
[2026-06-13T06:51:23.704Z] [ALL] 06-13 12:21:21.270  2782  3117 D cellularState[1]: handleMessage: E msg.what=4
[2026-06-13T06:51:23.704Z] [ALL] 06-13 12:21:21.270  2782  3117 D cellularState[1]: processMsg: NetworkSearchingState
[2026-06-13T06:51:23.704Z] [ALL] 06-13 12:21:21.270  2782  3117 D cellularState[1]: processMsg: SimReadyState
[2026-06-13T06:51:23.704Z] [ALL] 06-13 12:21:21.270  2782  3117 D cellularState[1]: processMsg: DefaultState
[2026-06-13T06:51:23.704Z] [ALL] 06-13 12:21:21.270  2782  3117 E cellularState[1]:  - unhandledMessage: msg.what=4
[2026-06-13T06:51:23.704Z] [ALL] 06-13 12:21:21.270  2782  3117 D cellularState[1]: handleMessage: X
[2026-06-13T06:51:23.704Z] [ALL] 06-13 12:21:21.270  1695  4421 W ContextImpl: Calling a method in the system process without a qualified user: android.app.ContextImpl.sendBroadcastMultiplePermissions:1234 com.android.server.TelephonyRegistry.broadcastServiceStateChanged:3149 com.android.server.TelephonyRegistry.notifyServiceStateForPhoneId:1665 com.android.internal.telephony.ITelephonyRegistry$Stub.onTransact:492 android.os.Binder.execTransactInternal:1331 
[2026-06-13T06:51:23.704Z] [ALL] 06-13 12:21:21.273  2744 13686 D PhoneInterfaceManager: [PhoneIntfMgr] QueryTelephonyChecker-getDataNetworkTypeForSubscriber: packageName = com.google.android.apps.messaging, isGrant = true
[2026-06-13T06:51:23.704Z] [ALL] 06-13 12:21:21.273  1695  4421 W ContextImpl: Calling a method in the system process without a qualified user: android.app.ContextImpl.sendBroadcastMultiplePermissions:1284 android.content.Context.sendBroadcastMultiplePermissions:2281 com.android.server.TelephonyRegistry.broadcastServiceStateChanged:3153 com.android.server.TelephonyRegistry.notifyServiceStateForPhoneId:1665 com.android.internal.telephony.ITelephonyRegistry$Stub.onTransact:492 
[2026-06-13T06:51:23.704Z] [ALL] 06-13 12:21:21.274  1695  1775 W BroadcastQueue: Permission Denial: receiving Intent { act=android.intent.action.SERVICE_STATE flg=0x1000010 (has extras) } to ProcessRecord{6f19b35 2376:com.android.systemui/u0a116} (pid=2376, uid=10116) requires android.permission.ACCESS_FINE_LOCATION due to sender android (uid 1001)
[2026-06-13T06:51:23.704Z] [ALL] 06-13 12:21:21.275  1695  4421 W ContextImpl: Calling a method in the system process without a qualified user: android.app.ContextImpl.sendBroadcastMultiplePermissions:1284 android.content.Context.sendBroadcastMultiplePermissions:2281 com.android.server.TelephonyRegistry.broadcastServiceStateChanged:3160 com.android.server.TelephonyRegistry.notifyServiceStateForPhoneId:1665 com.android.internal.telephony.ITelephonyRegistry$Stub.onTransact:492 
[2026-06-13T06:51:23.704Z] [ALL] 06-13 12:21:21.275  1695  1775 W BroadcastQueue: Permission Denial: receiving Intent { act=android.intent.action.SERVICE_STATE flg=0x1000010 (has extras) } to ProcessRecord{6f19b35 2376:com.android.systemui/u0a116} (pid=2376, uid=10116) requires android.permission.ACCESS_FINE_LOCATION due to sender android (uid 1001)
[2026-06-13T06:51:23.704Z] [ALL] 06-13 12:21:21.276  1695  1775 W BroadcastQueue: Appop Denial: receiving Intent { act=android.intent.action.SERVICE_STATE flg=0x1000010 (has extras) } to ProcessRecord{fb2fd67 1695:system/1000} (pid=1695, uid=1000) excludes appop android:read_phone_state due to sender android (uid 1001)
[2026-06-13T06:51:23.704Z] [ALL] 06-13 12:21:21.276  1695  1775 W BroadcastQueue: Appop Denial: receiving Intent { act=android.intent.action.SERVICE_STATE flg=0x1000010 (has extras) } to ProcessRecord{f0c7611 2744:com.android.phone/1001} (pid=2744, uid=1001) excludes appop android:read_phone_state due to sender android (uid 1001)
[2026-06-13T06:51:23.704Z] [ALL] 06-13 12:21:21.276  1695  1775 W BroadcastQueue: Permission Denial: receiving Intent { act=android.intent.action.SERVICE_STATE flg=0x1000010 (has extras) } to com.google.android.cellbroadcastreceiver/com.android.cellbroadcastreceiver.CellBroadcastReceiver requires android.permission.READ_PHONE_STATE due to sender android (uid 1001)
[2026-06-13T06:51:23.704Z] [ALL] 06-13 12:21:21.276  1695  1775 W BroadcastQueue: Permission Denial: receiving Intent { act=android.intent.action.SERVICE_STATE flg=0x1000010 (has extras) } to com.google.android.cellbroadcastreceiver/com.android.cellbroadcastreceiver.CellBroadcastReceiver requires android.permission.ACCESS_FINE_LOCATION due to sender android (uid 1001)
[2026-06-13T06:51:23.704Z] [ALL] 06-13 12:21:21.277  1695  4421 W ContextImpl: Calling a method in the system process without a qualified user: android.app.ContextImpl.sendBroadcastMultiplePermissions:1284 android.content.Context.sendBroadcastMultiplePermissions:2281 com.android.server.TelephonyRegistry.broadcastServiceStateChanged:3164 com.android.server.TelephonyRegistry.notifyServiceStateForPhoneId:1665 com.android.internal.telephony.ITelephonyRegistry$Stub.onTransact:492 
[2026-06-13T06:51:23.704Z] [ALL] 06-13 12:21:21.278  1695  1775 W BroadcastQueue: Appop Denial: receiving Intent { act=android.intent.action.SERVICE_STATE flg=0x1000010 (has extras) } to ProcessRecord{fb2fd67 1695:system/1000} (pid=1695, uid=1000) excludes appop android:fine_location due to sender android (uid 1001)
[2026-06-13T06:51:23.704Z] [ALL] 06-13 12:21:21.278  1695  1775 W BroadcastQueue: Appop Denial: receiving Intent { act=android.intent.action.SERVICE_STATE flg=0x1000010 (has extras) } to ProcessRecord{f0c7611 2744:com.android.phone/1001} (pid=2744, uid=1001) excludes appop android:fine_location due to sender android (uid 1001)
[2026-06-13T06:51:23.704Z] [ALL] 06-13 12:21:21.280  1695  1775 W BroadcastQueue: Permission Denial: receiving Intent { act=android.intent.action.SERVICE_STATE flg=0x1000010 (has extras) } to com.google.android.cellbroadcastreceiver/com.android.cellbroadcastreceiver.CellBroadcastReceiver requires android.permission.READ_PHONE_STATE due to sender android (uid 1001)
[2026-06-13T06:51:23.704Z] [ALL] 06-13 12:21:21.280  2376  2376 D KeyguardUpdateMonitor: slot id:0 subId:4
[2026-06-13T06:51:23.704Z] [ALL] 06-13 12:21:21.280  2376  2376 D KeyguardUpdateMonitor: is emergency: false
[2026-06-13T06:51:23.704Z] [ALL] 06-13 12:21:21.280  2376  2376 D KeyguardUpdateMonitor: voice state: 0
[2026-06-13T06:51:23.704Z] [ALL] 06-13 12:21:21.281  2744  9903 D PhoneInterfaceManager: [PhoneIntfMgr] QueryTelephonyChecker-getDataNetworkTypeForSubscriber: packageName = com.google.android.apps.messaging, isGrant = true
[2026-06-13T06:51:23.704Z] [ALL] 06-13 12:21:21.282  2376  2376 D KeyguardUpdateMonitor: slot id:1 subId:5
[2026-06-13T06:51:23.704Z] [ALL] 06-13 12:21:21.282  2376  2376 D KeyguardUpdateMonitor: is emergency: false
[2026-06-13T06:51:23.704Z] [ALL] 06-13 12:21:21.282  2376  2376 D KeyguardUpdateMonitor: voice state: 0
[2026-06-13T06:51:23.704Z] [ALL] 06-13 12:21:21.282  2376  2376 D KeyguardUpdateMonitor: is Emergency supported: false
[2026-06-13T06:51:23.704Z] [ALL] 06-13 12:21:21.282  2376  2376 D KeyguardUpdateMonitor: slot id:0 subId:4
[2026-06-13T06:51:23.704Z] [ALL] 06-13 12:21:21.282  2376  2376 D KeyguardUpdateMonitor: is emergency: false
[2026-06-13T06:51:23.704Z] [ALL] 06-13 12:21:21.282  2376  2376 D KeyguardUpdateMonitor: voice state: 0
[2026-06-13T06:51:23.704Z] [ALL] 06-13 12:21:21.282  2376  2376 D KeyguardUpdateMonitor: slot id:1 subId:5
[2026-06-13T06:51:23.704Z] [ALL] 06-13 12:21:21.282  2376  2376 D KeyguardUpdateMonitor: is emergency: false
[2026-06-13T06:51:23.704Z] [ALL] 06-13 12:21:21.282  2376  2376 D KeyguardUpdateMonitor: voice state: 0
[2026-06-13T06:51:23.704Z] [ALL] 06-13 12:21:21.282  2376  2376 D KeyguardUpdateMonitor: is Emergency supported: false
[2026-06-13T06:51:23.704Z] [ALL] 06-13 12:21:21.283  1695  1775 W BroadcastQueue: Appop Denial: receiving Intent { act=android.intent.action.SERVICE_STATE flg=0x1000010 (has extras) } to ProcessRecord{6f19b35 2376:com.android.systemui/u0a116} (pid=2376, uid=10116) excludes appop android:read_phone_state due to sender android (uid 1001)
[2026-06-13T06:51:23.704Z] [ALL] 06-13 12:21:21.283  1695  1775 W BroadcastQueue: Appop Denial: receiving Intent { act=android.intent.action.SERVICE_STATE flg=0x1000010 (has extras) } to ProcessRecord{fb2fd67 1695:system/1000} (pid=1695, uid=1000) excludes appop android:read_phone_state due to sender android (uid 1001)
[2026-06-13T06:51:23.704Z] [ALL] 06-13 12:21:21.283  1695  1775 W BroadcastQueue: Appop Denial: receiving Intent { act=android.intent.action.SERVICE_STATE flg=0x1000010 (has extras) } to ProcessRecord{f0c7611 2744:com.android.phone/1001} (pid=2744, uid=1001) excludes appop android:read_phone_state due to sender android (uid 1001)
[2026-06-13T06:51:23.704Z] [ALL] 06-13 12:21:21.285  2744  2744 D ServiceStateProvider: subId=5
[2026-06-13T06:51:23.755Z] [ALL] 06-13 12:21:21.291  2376  2376 D SimStateHelper: slot:0, lock state:Bundle[mParcelledData.dataSize=56]
[2026-06-13T06:51:23.755Z] [ALL] 06-13 12:21:21.293  2376  2376 D SimStateHelper: slot:1, lock state:Bundle[mParcelledData.dataSize=56]
[2026-06-13T06:51:23.755Z] [ALL] 06-13 12:21:21.293  2376  2376 D SimStateHelper: needDisableMenu: slot1State=0; slot2State=0
[2026-06-13T06:51:23.755Z] [ALL] 06-13 12:21:21.293  2376  2376 D SimStateHelper: needDisableMenu:false
[2026-06-13T06:51:23.755Z] [ALL] 06-13 12:21:21.293  7763  7793 E IHansComunication: HANS printMessageBody: RCV message: type = 0,port = 86870,caller_pid = 1129,caller_uid = 1047,target_pid = 6639,target_uid = 10354,pkg_cmd = -1,rpc = android.hardware.ICameraServiceListener/5
[2026-06-13T06:51:23.755Z] [ALL] 06-13 12:21:21.293  7763  7793 E IHansComunication: HANS printMessageBody: RCV message: type = 0,port = 86870,caller_pid = 1129,caller_uid = 1047,target_pid = 6639,target_uid = 10354,pkg_cmd = -1,rpc = android.hardware.ICameraServiceListener/5
[2026-06-13T06:51:23.755Z] [ALL] 06-13 12:21:21.294  2376  2376 D SimStateHelper: slot:0, lock state:Bundle[mParcelledData.dataSize=56]
[2026-06-13T06:51:23.755Z] [ALL] 06-13 12:21:21.296  1695  2771 I OplusHansManager : unfreeze uid: 10354 com.myntra.android pids: [6639, 6801] reason: AsyncBinder scene: LcdOn
[2026-06-13T06:51:23.755Z] [ALL] 06-13 12:21:21.297  1695  2771 I OplusHansManager : forceUnfreezeByPid pid= 6639 reason= unfreezeForKernel: AsyncBinder
[2026-06-13T06:51:23.755Z] [ALL] 06-13 12:21:21.298  1255  1255 D CellBroadcastReceiver: onReceive Intent { act=android.intent.action.SERVICE_STATE flg=0x1000010 cmp=com.google.android.cellbroadcastreceiver/com.android.cellbroadcastreceiver.CellBroadcastReceiver (has extras) }
[2026-06-13T06:51:23.755Z] [ALL] 06-13 12:21:21.299  1255  1255 D CellBroadcastReceiver: onServiceStateChanged, ss: 0
[2026-06-13T06:51:23.755Z] [ALL] 06-13 12:21:21.299  1255  1255 D CellBroadcastReceiver: networkOperator: 405869
[2026-06-13T06:51:23.755Z] [ALL] 06-13 12:21:21.299  1255  1255 D CellBroadcastReceiver: update supported roaming operator as 
[2026-06-13T06:51:23.755Z] [ALL] 06-13 12:21:21.300  1695  2752 I OplusHansManager : uid=10354, pkg=com.myntra.android, transition from F to Middle, reason=AsyncBinder
[2026-06-13T06:51:23.755Z] [ALL] 06-13 12:21:21.300  1695  2752 I OplusHansManager : uid=10354, pkg=com.myntra.android F exit(), F stay=10, reason=AsyncBinder
[2026-06-13T06:51:23.755Z] [ALL] 06-13 12:21:21.308  2376  2376 D SimStateHelper: slot:1, lock state:Bundle[mParcelledData.dataSize=56]
[2026-06-13T06:51:23.755Z] [ALL] 06-13 12:21:21.308  2376  2376 D SimStateHelper: needDisableMenu: slot1State=0; slot2State=0
[2026-06-13T06:51:23.755Z] [ALL] 06-13 12:21:21.308  2376  2376 D SimStateHelper: needDisableMenu:false
[2026-06-13T06:51:23.755Z] [ALL] 06-13 12:21:21.317  2782  3867 D AtCmdParser: parserAtcmdUrc can not find parser for +EPHYCONFIGN
[2026-06-13T06:51:23.755Z] [ALL] 06-13 12:21:21.331  2744  2744 D PhoneGlobals: SimSettingReceiver.onReceive, action=android.intent.action.SERVICE_STATE
[2026-06-13T06:51:23.755Z] [ALL] 06-13 12:21:21.332  2782  3465 D AtCmdParser: parserAtcmdUrc can not find parser for +EPHYCONFIG
[2026-06-13T06:51:23.755Z] [ALL] 06-13 12:21:21.332  2782  3465 D AtCmdParser: parserAtcmdUrc can not find parser for +EPHYCONFIGN
[2026-06-13T06:51:23.813Z] [ALL] 06-13 12:21:21.365  1000  1064 D SurfaceFlinger: kickIdle 1796, 1767, 35, 0
[2026-06-13T06:51:23.813Z] [ALL] 06-13 12:21:21.366   882   882 E hwcomposer: [DRMDEV] DRM_IOCTL_MTK_KICK_IDLE failed, drm_id_crtc: 64, error: -1  
[2026-06-13T06:51:23.937Z] [ALL] 06-13 12:21:21.559  2744  2744 D OplusTelephonyController: onSignalStrengthChanged: SignalStrength=SignalStrength:{mCdma=CellSignalStrengthCdma: cdmaDbm=2147483647 cdmaEcio=2147483647 evdoDbm=2147483647 evdoEcio=2147483647 evdoSnr=2147483647 level=0,mGsm=CellSignalStrengthGsm: rssi=2147483647 ber=2147483647 mTa=2147483647 mLevel=0,mWcdma=CellSignalStrengthWcdma: ss=2147483647 ber=2147483647 rscp=2147483647 ecno=2147483647 level=0,mTdscdma=CellSignalStrengthTdscdma: rssi=2147483647 ber=2147483647 rscp=2147483647 level=0,mLte=CellSignalStrengthLte: rssi=2147483647 rsrp=2147483647 rsrq=2147483647 rssnr=2147483647 cqiTableIndex=2147483647 cqi=2147483647 ta=2147483647 level=0 parametersUseForLevel=0,mNr=CellSignalStrengthNr:{ csiRsrp = 2147483647 csiRsrq = 2147483647 csiCqiTableIndex = 2147483647 csiCqiReport = [] ssRsrp = -89 ssRsrq = -10 ssSinr = 14 level = 2 parametersUseForLevel = 0 },primary=CellSignalStrengthNr}, phoneId=0, mMtkLevel=0, mMtkRsrpOnly=false, mMtkLteRsrpThreshold=null, mMtkLteRssnrThreshold=null
[2026-06-13T06:51:24.005Z] [ALL] 06-13 12:21:21.585  2782  3465 D AtCmdParser: parserAtcmdUrc can not find parser for +CIEV
[2026-06-13T06:51:24.056Z] [ALL] 06-13 12:21:21.600  1000  1064 D SurfaceFlinger: kickIdle 234, 218, 35, 0
[2026-06-13T06:51:24.056Z] [ALL] 06-13 12:21:21.600   882   882 E hwcomposer: [DRMDEV] DRM_IOCTL_MTK_KICK_IDLE failed, drm_id_crtc: 64, error: -1  
[2026-06-13T06:51:24.126Z] [ALL] 06-13 12:21:21.639  7763 13029 D IHansComunication: HANS sendMessageToKernel: threadId = 536992353456, netLinkSetup = 1, type = FROZEN_TRANS, targetUid = 10349, pkgCmd = PKG_CMD_MAX
[2026-06-13T06:51:24.827Z] [ALL] 06-13 12:21:22.446  2782  3865 D AtCmdParser: parserAtcmdUrc can not find parser for +EPHYCONFIGN
[2026-06-13T06:51:24.827Z] [ALL] 06-13 12:21:22.448  2782  3867 D AtCmdParser: parserAtcmdUrc can not find parser for +EPHYCONFIG
[2026-06-13T06:51:24.827Z] [ALL] 06-13 12:21:22.452  2782  3465 D AtCmdParser: parserAtcmdUrc can not find parser for +EPHYCONFIGN
[2026-06-13T06:51:25.175Z] [ALL] 06-13 12:21:22.734 22664  6578 I NearbyMediums: Found Fast Ble Advertisements :
[2026-06-13T06:51:25.175Z] [ALL] 06-13 12:21:22.734 22664  6578 I NearbyMediums: BleAdvertisement { version=2, socketVersion=2, isFast=true, serviceIdHash=null, data=[ 0x23 0x44 0x54 0x50 0x4e 0x11 0x32 0x72 0xf6 0x98 0x9c 0xea 0x7a 0x00 0x08 0xd3 0xa5 0x1d 0x60 0x54 0x6b 0x9e 0x2c ], deviceToken=[ 0x66 0xba ], rxAdvertisement=null } : 1 times.
[2026-06-13T06:51:25.175Z] [ALL] 06-13 12:21:22.734 22664  6578 I NearbyMediums: BleAdvertisement { version=2, socketVersion=2, isFast=true, serviceIdHash=null, data=[ 0x23 0x57 0x44 0x4f 0x32 0x11 0x16 0x2c 0xdd 0x5b 0x0b 0xea 0xcb 0x3a 0x55 0x2d 0x8e 0xa6 0x25 0xa8 0x20 0x8a 0xcf ], deviceToken=[ 0x9d 0x3f ], rxAdvertisement=null } : 1 times.
[2026-06-13T06:51:25.175Z] [ALL] 06-13 12:21:22.734 22664  6578 I NearbyMediums: Total 2 fast advertisements from 2 unique advertisers.
[2026-06-13T06:51:25.175Z] [ALL] 06-13 12:21:22.734 22664  6578 I NearbyMediums: Current Tracked Scanning Clients are : {NearbyConnections.EnvironmentMonitor, NearbySharing}
[2026-06-13T06:51:25.224Z] [ALL] 06-13 12:21:22.771   934   934 D vendor.oplus.hardware.charger@1.0-service: getPsyUsbType type: USB, ret_value = 3
[2026-06-13T06:51:25.224Z] [ALL] 06-13 12:21:22.771   934   934 D vendor.oplus.hardware.charger@1.0-service: getPsyUsbType type: USB is usb charging.
[2026-06-13T06:51:25.224Z] [ALL] 06-13 12:21:22.784   934   934 D vendor.oplus.hardware.charger@1.0-service: getPsyUsbType type: USB, ret_value = 3
[2026-06-13T06:51:25.224Z] [ALL] 06-13 12:21:22.784   934   934 D vendor.oplus.hardware.charger@1.0-service: getPsyUsbType type: USB is usb charging.
[2026-06-13T06:51:25.273Z] [ALL] 06-13 12:21:22.809  1695  2752 I OplusHansManager : uid=10354, pkg=com.myntra.android can transition from M to F
[2026-06-13T06:51:25.273Z] [ALL] 06-13 12:21:22.809  1695  2752 I OplusHansManager : uid=10354, pkg=com.myntra.android F enter(), M stay=1
[2026-06-13T06:51:25.273Z] [ALL] 06-13 12:21:22.827  1695  2752 I OplusHansManager : freeze uid: 10354 com.myntra.android pids: [6639, 6801] IsolatedUid: [99213] scene: LcdOn
[2026-06-13T06:51:25.273Z] [ALL] 06-13 12:21:22.828  7763 13029 D IHansComunication: HansComunication::addUid-- 10354, persistent--0
[2026-06-13T06:51:25.273Z] [ALL] 06-13 12:21:22.828  7763 13029 D IHansComunication: HANS sendMessageToKernel: threadId = 536992353456, netLinkSetup = 1, type = PKG, targetUid = 10354, pkgCmd = ADD_ONE_UID
[2026-06-13T06:51:26.027Z] [ALL] 06-13 12:21:23.639   858 28068 E netd    : dispachCmd:oplusGetRtt
[2026-06-13T06:51:26.027Z] [ALL] 06-13 12:21:23.639   858 28068 E netd    : handleGetRttCmd: netId = 204, uid = 10355
[2026-06-13T06:51:26.027Z] [ALL] 06-13 12:21:23.642   858 28068 E netd    : dispachCmd cmd:oplusGetRtt  result:0
[2026-06-13T06:51:26.027Z] [ALL] 06-13 12:21:23.643   858  5601 E netd    : dispachCmd:oplusGetRtt
[2026-06-13T06:51:26.027Z] [ALL] 06-13 12:21:23.643   858  5601 E netd    : handleGetRttCmd: netId = 206, uid = 10355
[2026-06-13T06:51:26.027Z] [ALL] 06-13 12:21:23.644  7763  7793 E IHansComunication: HANS printMessageBody: RCV message: type = 0,port = 86870,caller_pid = 1695,caller_uid = 1000,target_pid = 7392,target_uid = 10349,pkg_cmd = -1,rpc = android.accessibilityservice.IAccessibilityServiceClient/2
[2026-06-13T06:51:26.027Z] [ALL] 06-13 12:21:23.646   858  5601 E netd    : dispachCmd cmd:oplusGetRtt  result:0
[2026-06-13T06:51:26.027Z] [ALL] 06-13 12:21:23.648  1695  2771 I OplusHansManager : unfreeze uid: 10349 io.appium.uiautomator2.server pids: [7392] reason: AsyncBinder scene: LcdOn
[2026-06-13T06:51:26.027Z] [ALL] 06-13 12:21:23.649  1695  2752 I OplusHansManager : uid=10349, pkg=io.appium.uiautomator2.server, transition from F to Middle, reason=AsyncBinder
[2026-06-13T06:51:26.027Z] [ALL] 06-13 12:21:23.649  1695  2752 I OplusHansManager : uid=10349, pkg=io.appium.uiautomator2.server F exit(), F stay=3, reason=AsyncBinder
[2026-06-13T06:51:26.027Z] [ALL] 06-13 12:21:23.649  1695  2144 D OplusWifiConnect2: clientModeManager == null, getOplusSta2ConnectionInfo null
[2026-06-13T06:51:26.027Z] [ALL] 06-13 12:21:23.650  1695  2148 D WN_S    : isCellQualityGood is false, curscore =93, no need to switch lte
[2026-06-13T06:51:26.082Z] [ALL] 06-13 12:21:23.653  7392  7421 I appium  : channel read: POST /session/5aec8cc7-6284-45d2-96ae-ee164da74bb0/element
[2026-06-13T06:51:26.082Z] [ALL] 06-13 12:21:23.654  7392  7421 I appium  : FindElement command
[2026-06-13T06:51:26.107Z] [ALL] 06-13 12:21:23.656  7392  7421 I appium  : method: 'xpath', selector: '//*[@text="Logout" or @text="LOGOUT" or contains(@text, "Logout")]'
[2026-06-13T06:51:26.107Z] [ALL] 06-13 12:21:23.657  7392  7421 I appium  : Waiting up to 10000ms for the device to idle
[2026-06-13T06:51:26.107Z] [ALL] 06-13 12:21:23.666  1000  1064 D SurfaceFlinger: kickIdle 2065, 2037, 34, 0
[2026-06-13T06:51:26.107Z] [ALL] 06-13 12:21:23.666   882   882 E hwcomposer: [DRMDEV] DRM_IOCTL_MTK_KICK_IDLE failed, drm_id_crtc: 64, error: -1  
[2026-06-13T06:51:26.203Z] [ALL] 06-13 12:21:23.830   924   930 E PerformanceService: storage_feature: open /sys/devices/platform/soc/112b0000.ufshci//virtualtlcbuff fail
[2026-06-13T06:51:26.209Z] [ALL] 06-13 12:21:23.831  7763 13029 D IHansComunication: HANS sendMessageToKernel: threadId = 536992353456, netLinkSetup = 1, type = FROZEN_TRANS, targetUid = 10354, pkgCmd = PKG_CMD_MAX
[2026-06-13T06:51:26.249Z] [ALL] 06-13 12:21:23.840   934   934 D vendor.oplus.hardware.charger@1.0-service: getChargerControl:
[2026-06-13T06:51:26.625Z] [ALL] 06-13 12:21:24.246  7392  7421 I appium  : The following attributes will be included to the page source: [text]
[2026-06-13T06:51:26.821Z] [ALL] 06-13 12:21:24.397  1284  1284 I thermal_repeater: [recvMdThermalInfo] ret=32, strLen=127,  4, 46, -50, 10483, 32767, 14120
[2026-06-13T06:51:26.856Z] [ALL] 06-13 12:21:24.476  7392  7421 I appium  : Took 0ms to retrieve 0 matches for '//*[@text="Logout" or @text="LOGOUT" or contains(@text, "Logout")]' XPath2 query
[2026-06-13T06:51:26.914Z] [ALL] 06-13 12:21:24.479  7392  7421 I appium  : AppiumResponse: {"sessionId":"5aec8cc7-6284-45d2-96ae-ee164da74bb0","value":{"error":"no such element","message":"An element could not be located on the page using the given search parameters","stacktrace":"io.appium.uiautomator2.common.exceptions.ElementNotFoundException: An element could not be located on the page using the given search parameters\n\tat io.appium.uiautomator2.utils.ElementLocationHelpers.findElement(ElementLocationHelpers.java:153)\n\tat io.appium.uiautomator2.handler.FindElement.safeHandle(FindElement.java:60)\n\tat io.appium.uiautomator2.handler.request.SafeRequestHandler.handle(SafeRequestHandler.java:59)\n\tat io.appium.uiautomator2.server.AppiumServlet.handleRequest(AppiumServlet.java:267)\n\tat io.appium.uiautomator2.server.AppiumServlet.handleHttpRequest(AppiumServlet.java:261)\n\tat io.appium.uiautomator2.http.ServerHandler.channelRead(ServerHandler.java:77)\n\tat io.netty.channel.AbstractChannelHandlerContext.fireChannelRead(AbstractChannelHandlerContext.java:357)\n\tat io.netty.handler.codec.MessageToMessageDecoder.channelRead(MessageToMessageDecoder.java:107)\n\tat io.netty.channel.AbstractChannelHandlerContext.fireChannelRead(AbstractChannelHandlerContext.java:357)\n\tat io.netty.channel.CombinedChannelDuplexHandler$DelegatingChannelHandlerContext.fireChannelRead(CombinedChannelDuplexHandler.java:434)\n\tat io.netty.handler.codec.ByteToMessageDecoder.fireChannelRead(ByteToMessageDecoder.java:361)\n\tat io.netty.handler.codec.ByteToMessageDecoder.channelRead(ByteToMessageDecoder.java:325)\n\tat io.netty.channel.CombinedChannelDuplexHandler.channelRead(CombinedChannelDuplexHandler.java:249)\n\tat io.netty.channel.AbstractChannelHandlerContext.fireChannelRead(AbstractChannelHandlerContext.java:355)\n\tat io.netty.handler.timeout.IdleStateHandler.channelRead(IdleStateHandler.java:288)\n\tat io.netty.channel.AbstractChannelHandlerContext.fireChannelRead(AbstractChannelHandlerContext.java:355)\n\tat io.netty.channel.DefaultChannelPipeline$HeadContext.channelRead(DefaultChannelPipeline.java:1429)\n\tat io.netty.channel.DefaultChannelPipeline.fireChannelRead(DefaultChannelPipeline.java:918)\n\tat io.netty.channel.nio.AbstractNioByteChannel$NioByteUnsafe.read(AbstractNioByteChannel.java:176)\n\tat io.netty.channel.nio.AbstractNioChannel$AbstractNioUnsafe.handle(AbstractNioChannel.java:445)\n\tat io.netty.channel.nio.NioIoHandler$DefaultNioRegistration.handle(NioIoHandler.java:388)\n\tat io.netty.channel.nio.NioIoHandler.processSelectedKey(NioIoHandler.java:596)\n\tat io.netty.channel.nio.NioIoHandler.processSelectedKeysOptimized(NioIoHandler.java:571)\n\tat io.netty.channel.nio.NioIoHandler.processSelectedKeys(NioIoHandler.java:512)\n\tat io.netty.channel.nio.NioIoHandler.run(NioIoHandler.java:484)\n\tat io.netty.channel.SingleThreadIoEventLoop.runIo(SingleThreadIoEventLoop.java:225)\n\tat io.netty.channel.SingleThreadIoEventLoop.run(SingleThreadIoEventLoop.java:196)\n\tat io.netty.util.concurrent.SingleThreadEventExecutor$5.run(SingleThreadEventExecutor.java:1195)\n\tat io.netty.util.internal.ThreadExecutorMap$2.run(ThreadExecutorMap.java:74)\n\tat io.netty.util.concurrent.FastThreadLocalRunnable.run(FastThreadLocalRunnable.java:30)\n\tat java.lang.Thread.run(Thread.java:1572)\n"}}
[2026-06-13T06:51:26.914Z] [ALL] 06-13 12:21:24.510 20565 20565 I adbd    : adbd service requested 'shell:getprop'
[2026-06-13T06:51:26.914Z] [ALL] 06-13 12:21:24.517  7392  7421 I appium  : channel read: POST /session/5aec8cc7-6284-45d2-96ae-ee164da74bb0/element
[2026-06-13T06:51:26.914Z] [ALL] 06-13 12:21:24.518  7392  7421 I appium  : FindElement command
[2026-06-13T06:51:26.914Z] [ALL] 06-13 12:21:24.520  7392  7421 I appium  : method: 'xpath', selector: '//*[@text="Logout" or @text="LOGOUT" or contains(@text, "Logout")]'
[2026-06-13T06:51:26.914Z] [ALL] 06-13 12:21:24.521  7392  7421 I appium  : Waiting up to 10000ms for the device to idle
[2026-06-13T06:51:26.914Z] [ALL] 06-13 12:21:24.523  7392  7421 I appium  : The following attributes will be included to the page source: [text]
[2026-06-13T06:51:27.190Z] [ALL] 06-13 12:21:24.818  7392  7421 I appium  : Took 0ms to retrieve 0 matches for '//*[@text="Logout" or @text="LOGOUT" or contains(@text, "Logout")]' XPath2 query
[2026-06-13T06:51:27.257Z] [ALL] 06-13 12:21:24.822  7392  7421 I appium  : AppiumResponse: {"sessionId":"5aec8cc7-6284-45d2-96ae-ee164da74bb0","value":{"error":"no such element","message":"An element could not be located on the page using the given search parameters","stacktrace":"io.appium.uiautomator2.common.exceptions.ElementNotFoundException: An element could not be located on the page using the given search parameters\n\tat io.appium.uiautomator2.utils.ElementLocationHelpers.findElement(ElementLocationHelpers.java:153)\n\tat io.appium.uiautomator2.handler.FindElement.safeHandle(FindElement.java:60)\n\tat io.appium.uiautomator2.handler.request.SafeRequestHandler.handle(SafeRequestHandler.java:59)\n\tat io.appium.uiautomator2.server.AppiumServlet.handleRequest(AppiumServlet.java:267)\n\tat io.appium.uiautomator2.server.AppiumServlet.handleHttpRequest(AppiumServlet.java:261)\n\tat io.appium.uiautomator2.http.ServerHandler.channelRead(ServerHandler.java:77)\n\tat io.netty.channel.AbstractChannelHandlerContext.fireChannelRead(AbstractChannelHandlerContext.java:357)\n\tat io.netty.handler.codec.MessageToMessageDecoder.channelRead(MessageToMessageDecoder.java:107)\n\tat io.netty.channel.AbstractChannelHandlerContext.fireChannelRead(AbstractChannelHandlerContext.java:357)\n\tat io.netty.channel.CombinedChannelDuplexHandler$DelegatingChannelHandlerContext.fireChannelRead(CombinedChannelDuplexHandler.java:434)\n\tat io.netty.handler.codec.ByteToMessageDecoder.fireChannelRead(ByteToMessageDecoder.java:361)\n\tat io.netty.handler.codec.ByteToMessageDecoder.channelRead(ByteToMessageDecoder.java:325)\n\tat io.netty.channel.CombinedChannelDuplexHandler.channelRead(CombinedChannelDuplexHandler.java:249)\n\tat io.netty.channel.AbstractChannelHandlerContext.fireChannelRead(AbstractChannelHandlerContext.java:355)\n\tat io.netty.handler.timeout.IdleStateHandler.channelRead(IdleStateHandler.java:288)\n\tat io.netty.channel.AbstractChannelHandlerContext.fireChannelRead(AbstractChannelHandlerContext.java:355)\n\tat io.netty.channel.DefaultChannelPipeline$HeadContext.channelRead(DefaultChannelPipeline.java:1429)\n\tat io.netty.channel.DefaultChannelPipeline.fireChannelRead(DefaultChannelPipeline.java:918)\n\tat io.netty.channel.nio.AbstractNioByteChannel$NioByteUnsafe.read(AbstractNioByteChannel.java:176)\n\tat io.netty.channel.nio.AbstractNioChannel$AbstractNioUnsafe.handle(AbstractNioChannel.java:445)\n\tat io.netty.channel.nio.NioIoHandler$DefaultNioRegistration.handle(NioIoHandler.java:388)\n\tat io.netty.channel.nio.NioIoHandler.processSelectedKey(NioIoHandler.java:596)\n\tat io.netty.channel.nio.NioIoHandler.processSelectedKeysOptimized(NioIoHandler.java:571)\n\tat io.netty.channel.nio.NioIoHandler.processSelectedKeys(NioIoHandler.java:512)\n\tat io.netty.channel.nio.NioIoHandler.run(NioIoHandler.java:484)\n\tat io.netty.channel.SingleThreadIoEventLoop.runIo(SingleThreadIoEventLoop.java:225)\n\tat io.netty.channel.SingleThreadIoEventLoop.run(SingleThreadIoEventLoop.java:196)\n\tat io.netty.util.concurrent.SingleThreadEventExecutor$5.run(SingleThreadEventExecutor.java:1195)\n\tat io.netty.util.internal.ThreadExecutorMap$2.run(ThreadExecutorMap.java:74)\n\tat io.netty.util.concurrent.FastThreadLocalRunnable.run(FastThreadLocalRunnable.java:30)\n\tat java.lang.Thread.run(Thread.java:1572)\n"}}
[2026-06-13T06:51:27.537Z] [ALL] 06-13 12:21:25.158  1695  2752 I OplusHansManager : uid=10349, pkg=io.appium.uiautomator2.server can transition from M to F
[2026-06-13T06:51:27.537Z] [ALL] 06-13 12:21:25.160  1695  2752 I OplusHansManager : uid=10349, pkg=io.appium.uiautomator2.server F enter(), M stay=1
[2026-06-13T06:51:27.537Z] [ALL] 06-13 12:21:25.164  1695  2752 I OplusHansManager : freeze uid: 10349 io.appium.uiautomator2.server pids: [7392] scene: LcdOn
[2026-06-13T06:51:27.537Z] [ALL] 06-13 12:21:25.165  7763 13029 D IHansComunication: HansComunication::addUid-- 10349, persistent--0
[2026-06-13T06:51:27.537Z] [ALL] 06-13 12:21:25.165  7763 13029 D IHansComunication: HANS sendMessageToKernel: threadId = 536992353456, netLinkSetup = 1, type = PKG, targetUid = 10349, pkgCmd = ADD_ONE_UID
[2026-06-13T06:51:28.549Z] [ALL] 06-13 12:21:26.162   858 28068 E TetherController: property_get sys.radio.data.modem_share_flag return 0, 1!
[2026-06-13T06:51:28.549Z] [ALL] 06-13 12:21:26.166  7763 13029 D IHansComunication: HANS sendMessageToKernel: threadId = 536992353456, netLinkSetup = 1, type = FROZEN_TRANS, targetUid = 10349, pkgCmd = PKG_CMD_MAX
[2026-06-13T06:51:29.063Z] [ALL] 06-13 12:21:26.685  2744  2744 D OplusTelephonyController: onSignalStrengthChanged: SignalStrength=SignalStrength:{mCdma=CellSignalStrengthCdma: cdmaDbm=2147483647 cdmaEcio=2147483647 evdoDbm=2147483647 evdoEcio=2147483647 evdoSnr=2147483647 level=0,mGsm=CellSignalStrengthGsm: rssi=2147483647 ber=2147483647 mTa=2147483647 mLevel=0,mWcdma=CellSignalStrengthWcdma: ss=2147483647 ber=2147483647 rscp=2147483647 ecno=2147483647 level=0,mTdscdma=CellSignalStrengthTdscdma: rssi=2147483647 ber=2147483647 rscp=2147483647 level=0,mLte=CellSignalStrengthLte: rssi=2147483647 rsrp=2147483647 rsrq=2147483647 rssnr=2147483647 cqiTableIndex=2147483647 cqi=2147483647 ta=2147483647 level=0 parametersUseForLevel=0,mNr=CellSignalStrengthNr:{ csiRsrp = 2147483647 csiRsrq = 2147483647 csiCqiTableIndex = 2147483647 csiCqiReport = [] ssRsrp = -89 ssRsrq = -7 ssSinr = 13 level = 2 parametersUseForLevel = 0 },primary=CellSignalStrengthNr}, phoneId=0, mMtkLevel=0, mMtkRsrpOnly=false, mMtkLteRsrpThreshold=null, mMtkLteRssnrThreshold=null
[2026-06-13T06:51:29.212Z] [ALL] 06-13 12:21:26.686   858 28068 E netd    : dispachCmd:oplusGetRtt
[2026-06-13T06:51:29.212Z] [ALL] 06-13 12:21:26.686   858 28068 E netd    : handleGetRttCmd: netId = 204, uid = 10355
[2026-06-13T06:51:29.212Z] [ALL] 06-13 12:21:26.690   858 28068 E netd    : dispachCmd cmd:oplusGetRtt  result:0
[2026-06-13T06:51:29.247Z] [ALL] 06-13 12:21:26.691   858 28068 E netd    : dispachCmd:oplusGetRtt
[2026-06-13T06:51:29.247Z] [ALL] 06-13 12:21:26.692   858 28068 E netd    : handleGetRttCmd: netId = 206, uid = 10355
[2026-06-13T06:51:29.247Z] [ALL] 06-13 12:21:26.695   858 28068 E netd    : dispachCmd cmd:oplusGetRtt  result:0
[2026-06-13T06:51:29.247Z] [ALL] 06-13 12:21:26.701  1695  2144 D OplusWifiConnect2: clientModeManager == null, getOplusSta2ConnectionInfo null
[2026-06-13T06:51:29.247Z] [ALL] 06-13 12:21:26.702  1695  2148 D WN_S    : isCellQualityGood is false, curscore =93, no need to switch lte
[2026-06-13T06:51:29.247Z] [ALL] 06-13 12:21:26.722  1000  1064 D SurfaceFlinger: kickIdle 3056, 3040, 35, 0
[2026-06-13T06:51:29.247Z] [ALL] 06-13 12:21:26.723   882   882 E hwcomposer: [DRMDEV] DRM_IOCTL_MTK_KICK_IDLE failed, drm_id_crtc: 64, error: -1  
[2026-06-13T06:51:29.247Z] [ALL] 06-13 12:21:26.793  7763  7793 E IHansComunication: HANS printMessageBody: RCV message: type = 0,port = 86870,caller_pid = 1695,caller_uid = 1000,target_pid = 7392,target_uid = 10349,pkg_cmd = -1,rpc = android.accessibilityservice.IAccessibilityServiceClient/2
[2026-06-13T06:51:29.247Z] [ALL] 06-13 12:21:26.798  1695  2771 I OplusHansManager : unfreeze uid: 10349 io.appium.uiautomator2.server pids: [7392] reason: AsyncBinder scene: LcdOn
[2026-06-13T06:51:29.247Z] [ALL] 06-13 12:21:26.799  1695  2752 I OplusHansManager : uid=10349, pkg=io.appium.uiautomator2.server, transition from F to Middle, reason=AsyncBinder
[2026-06-13T06:51:29.247Z] [ALL] 06-13 12:21:26.800  1695  2752 I OplusHansManager : uid=10349, pkg=io.appium.uiautomator2.server F exit(), F stay=1, reason=AsyncBinder
[2026-06-13T06:51:29.247Z] [ALL] 06-13 12:21:26.802  7392  7421 I appium  : channel read: POST /session/5aec8cc7-6284-45d2-96ae-ee164da74bb0/element
[2026-06-13T06:51:29.247Z] [ALL] 06-13 12:21:26.803  7392  7421 I appium  : FindElement command
[2026-06-13T06:51:29.247Z] [ALL] 06-13 12:21:26.804  7392  7421 I appium  : method: 'xpath', selector: '//*[@text="Logout" or @text="LOGOUT" or contains(@text, "Logout")]'
[2026-06-13T06:51:29.247Z] [ALL] 06-13 12:21:26.804  7392  7421 I appium  : Waiting up to 10000ms for the device to idle
[2026-06-13T06:51:29.567Z] [ALL] 06-13 12:21:27.191   891   978 W AString : ctor got NULL, using empty string instead
[2026-06-13T06:51:29.567Z] [ALL] 06-13 12:21:27.192   891   978 I sensors-hal-SensorSavedChannel: [8804,-27293,4385]==>gyro_bias.json
[2026-06-13T06:51:29.692Z] [ALL] 06-13 12:21:27.293  7392  7421 I appium  : The following attributes will be included to the page source: [text]
[2026-06-13T06:51:29.777Z] [ALL] 06-13 12:21:27.304  7392  7401 I tomator2.server: Method exceeds compiler instruction limit: 19260 in java_cup.runtime.Symbol org.eclipse.wst.xml.xpath2.processor.internal.CUP$XPathCup$actions.CUP$XPathCup$do_action(int, java_cup.runtime.lr_parser, java.util.Stack, int)
[2026-06-13T06:51:29.810Z] [ALL] 06-13 12:21:27.355  2782  3867 D AtCmdParser: parserAtcmdUrc can not find parser for +EPHYCONFIGN
[2026-06-13T06:51:29.810Z] [ALL] 06-13 12:21:27.357  2782  3465 D AtCmdParser: parserAtcmdUrc can not find parser for +EPHYCONFIG
[2026-06-13T06:51:29.810Z] [ALL] 06-13 12:21:27.360  2782  3865 D AtCmdParser: parserAtcmdUrc can not find parser for +EPHYCONFIGN
[2026-06-13T06:51:29.840Z] [ALL] 06-13 12:21:27.374  2782  3867 D AtCmdParser: parserAtcmdUrc can not find parser for +EPHYCONFIGN
[2026-06-13T06:51:29.840Z] [ALL] 06-13 12:21:27.379  2782  3465 D AtCmdParser: parserAtcmdUrc can not find parser for +EBARRING
[2026-06-13T06:51:29.840Z] [ALL] 06-13 12:21:27.402  2782  3865 D AtCmdParser: parserAtcmdUrc can not find parser for +EREG
[2026-06-13T06:51:29.840Z] [ALL] 06-13 12:21:27.403  2782  3867 D AtCmdParser: parserAtcmdUrc can not find parser for +EGREG
[2026-06-13T06:51:29.880Z] [ALL] 06-13 12:21:27.497  2744  2744 D OplusNecManager: broadcastServiceStateChanged slotId:1oos:false
[2026-06-13T06:51:29.937Z] [ALL] 06-13 12:21:27.533  2704  2704 D PowerMitigationService:  onServiceStateChanged curRat = 18, slotId1
[2026-06-13T06:51:29.937Z] [ALL] 06-13 12:21:27.533  2704  2704 D PowerMitigationService: handleMessage: { when=0 what=12 arg1=1 target=y.b$b }
[2026-06-13T06:51:29.937Z] [ALL] 06-13 12:21:27.535  2782  3117 D cellularState[1]: handleMessage: E msg.what=4
[2026-06-13T06:51:29.937Z] [ALL] 06-13 12:21:27.535  2782  3117 D cellularState[1]: processMsg: NetworkSearchingState
[2026-06-13T06:51:29.937Z] [ALL] 06-13 12:21:27.535  2782  3117 D cellularState[1]: processMsg: SimReadyState
[2026-06-13T06:51:29.937Z] [ALL] 06-13 12:21:27.535  2782  3117 D cellularState[1]: processMsg: DefaultState
[2026-06-13T06:51:29.937Z] [ALL] 06-13 12:21:27.535  2782  3117 E cellularState[1]:  - unhandledMessage: msg.what=4
[2026-06-13T06:51:29.937Z] [ALL] 06-13 12:21:27.535  2782  3117 D cellularState[1]: handleMessage: X
[2026-06-13T06:51:29.937Z] [ALL] 06-13 12:21:27.537  1695  4614 W ContextImpl: Calling a method in the system process without a qualified user: android.app.ContextImpl.sendBroadcastMultiplePermissions:1234 com.android.server.TelephonyRegistry.broadcastServiceStateChanged:3149 com.android.server.TelephonyRegistry.notifyServiceStateForPhoneId:1665 com.android.internal.telephony.ITelephonyRegistry$Stub.onTransact:492 android.os.Binder.execTransactInternal:1331 
[2026-06-13T06:51:29.937Z] [ALL] 06-13 12:21:27.538  1695  4614 W ContextImpl: Calling a method in the system process without a qualified user: android.app.ContextImpl.sendBroadcastMultiplePermissions:1284 android.content.Context.sendBroadcastMultiplePermissions:2281 com.android.server.TelephonyRegistry.broadcastServiceStateChanged:3153 com.android.server.TelephonyRegistry.notifyServiceStateForPhoneId:1665 com.android.internal.telephony.ITelephonyRegistry$Stub.onTransact:492 
[2026-06-13T06:51:29.937Z] [ALL] 06-13 12:21:27.538  1695  1775 W BroadcastQueue: Permission Denial: receiving Intent { act=android.intent.action.SERVICE_STATE flg=0x1000010 (has extras) } to ProcessRecord{6f19b35 2376:com.android.systemui/u0a116} (pid=2376, uid=10116) requires android.permission.ACCESS_FINE_LOCATION due to sender android (uid 1001)
[2026-06-13T06:51:29.937Z] [ALL] 06-13 12:21:27.540  1695  1775 W BroadcastQueue: Permission Denial: receiving Intent { act=android.intent.action.SERVICE_STATE flg=0x1000010 (has extras) } to com.google.android.cellbroadcastreceiver/com.android.cellbroadcastreceiver.CellBroadcastReceiver requires android.permission.READ_PHONE_STATE due to sender android (uid 1001)
[2026-06-13T06:51:29.937Z] [ALL] 06-13 12:21:27.541  1695  1775 W BroadcastQueue: Permission Denial: receiving Intent { act=android.intent.action.SERVICE_STATE flg=0x1000010 (has extras) } to ProcessRecord{6f19b35 2376:com.android.systemui/u0a116} (pid=2376, uid=10116) requires android.permission.ACCESS_FINE_LOCATION due to sender android (uid 1001)
[2026-06-13T06:51:29.937Z] [ALL] 06-13 12:21:27.541  1695  4614 W ContextImpl: Calling a method in the system process without a qualified user: android.app.ContextImpl.sendBroadcastMultiplePermissions:1284 android.content.Context.sendBroadcastMultiplePermissions:2281 com.android.server.TelephonyRegistry.broadcastServiceStateChanged:3160 com.android.server.TelephonyRegistry.notifyServiceStateForPhoneId:1665 com.android.internal.telephony.ITelephonyRegistry$Stub.onTransact:492 
[2026-06-13T06:51:29.937Z] [ALL] 06-13 12:21:27.541  1695  1775 W BroadcastQueue: Appop Denial: receiving Intent { act=android.intent.action.SERVICE_STATE flg=0x1000010 (has extras) } to ProcessRecord{fb2fd67 1695:system/1000} (pid=1695, uid=1000) excludes appop android:read_phone_state due to sender android (uid 1001)
[2026-06-13T06:51:29.937Z] [ALL] 06-13 12:21:27.542  1695  1775 W BroadcastQueue: Appop Denial: receiving Intent { act=android.intent.action.SERVICE_STATE flg=0x1000010 (has extras) } to ProcessRecord{f0c7611 2744:com.android.phone/1001} (pid=2744, uid=1001) excludes appop android:read_phone_state due to sender android (uid 1001)
[2026-06-13T06:51:29.937Z] [ALL] 06-13 12:21:27.542  1695  1775 W BroadcastQueue: Permission Denial: receiving Intent { act=android.intent.action.SERVICE_STATE flg=0x1000010 (has extras) } to com.google.android.cellbroadcastreceiver/com.android.cellbroadcastreceiver.CellBroadcastReceiver requires android.permission.ACCESS_FINE_LOCATION due to sender android (uid 1001)
[2026-06-13T06:51:29.937Z] [ALL] 06-13 12:21:27.543  1695  4614 W ContextImpl: Calling a method in the system process without a qualified user: android.app.ContextImpl.sendBroadcastMultiplePermissions:1284 android.content.Context.sendBroadcastMultiplePermissions:2281 com.android.server.TelephonyRegistry.broadcastServiceStateChanged:3164 com.android.server.TelephonyRegistry.notifyServiceStateForPhoneId:1665 com.android.internal.telephony.ITelephonyRegistry$Stub.onTransact:492 
[2026-06-13T06:51:29.937Z] [ALL] 06-13 12:21:27.544  1695  1775 W BroadcastQueue: Appop Denial: receiving Intent { act=android.intent.action.SERVICE_STATE flg=0x1000010 (has extras) } to ProcessRecord{fb2fd67 1695:system/1000} (pid=1695, uid=1000) excludes appop android:fine_location due to sender android (uid 1001)
[2026-06-13T06:51:29.937Z] [ALL] 06-13 12:21:27.544  1695  1775 W BroadcastQueue: Appop Denial: receiving Intent { act=android.intent.action.SERVICE_STATE flg=0x1000010 (has extras) } to ProcessRecord{f0c7611 2744:com.android.phone/1001} (pid=2744, uid=1001) excludes appop android:fine_location due to sender android (uid 1001)
[2026-06-13T06:51:29.937Z] [ALL] 06-13 12:21:27.544  1695  1775 W BroadcastQueue: Permission Denial: receiving Intent { act=android.intent.action.SERVICE_STATE flg=0x1000010 (has extras) } to com.google.android.cellbroadcastreceiver/com.android.cellbroadcastreceiver.CellBroadcastReceiver requires android.permission.READ_PHONE_STATE due to sender android (uid 1001)
[2026-06-13T06:51:29.978Z] [ALL] 06-13 12:21:27.545  2376  2376 D KeyguardUpdateMonitor: slot id:0 subId:4
[2026-06-13T06:51:29.978Z] [ALL] 06-13 12:21:27.546  2376  2376 D KeyguardUpdateMonitor: is emergency: false
[2026-06-13T06:51:29.978Z] [ALL] 06-13 12:21:27.546  2376  2376 D KeyguardUpdateMonitor: voice state: 0
[2026-06-13T06:51:29.978Z] [ALL] 06-13 12:21:27.546  2376  2376 D KeyguardUpdateMonitor: slot id:1 subId:5
[2026-06-13T06:51:29.978Z] [ALL] 06-13 12:21:27.546  2376  2376 D KeyguardUpdateMonitor: is emergency: false
[2026-06-13T06:51:29.979Z] [ALL] 06-13 12:21:27.546  2376  2376 D KeyguardUpdateMonitor: voice state: 0
[2026-06-13T06:51:29.979Z] [ALL] 06-13 12:21:27.546  2376  2376 D KeyguardUpdateMonitor: is Emergency supported: false
[2026-06-13T06:51:29.979Z] [ALL] 06-13 12:21:27.546  2376  2376 D KeyguardUpdateMonitor: slot id:0 subId:4
[2026-06-13T06:51:29.979Z] [ALL] 06-13 12:21:27.546  2376  2376 D KeyguardUpdateMonitor: is emergency: false
[2026-06-13T06:51:30.018Z] [ALL] 06-13 12:21:27.546  2376  2376 D KeyguardUpdateMonitor: voice state: 0
[2026-06-13T06:51:30.018Z] [ALL] 06-13 12:21:27.547  2376  2376 D KeyguardUpdateMonitor: slot id:1 subId:5
[2026-06-13T06:51:30.018Z] [ALL] 06-13 12:21:27.547  2376  2376 D KeyguardUpdateMonitor: is emergency: false
[2026-06-13T06:51:30.018Z] [ALL] 06-13 12:21:27.547  2376  2376 D KeyguardUpdateMonitor: voice state: 0
[2026-06-13T06:51:30.018Z] [ALL] 06-13 12:21:27.547  2376  2376 D KeyguardUpdateMonitor: is Emergency supported: false
[2026-06-13T06:51:30.018Z] [ALL] 06-13 12:21:27.548  1695  1775 W BroadcastQueue: Appop Denial: receiving Intent { act=android.intent.action.SERVICE_STATE flg=0x1000010 (has extras) } to ProcessRecord{6f19b35 2376:com.android.systemui/u0a116} (pid=2376, uid=10116) excludes appop android:read_phone_state due to sender android (uid 1001)
[2026-06-13T06:51:30.018Z] [ALL] 06-13 12:21:27.548  1695  1775 W BroadcastQueue: Appop Denial: receiving Intent { act=android.intent.action.SERVICE_STATE flg=0x1000010 (has extras) } to ProcessRecord{fb2fd67 1695:system/1000} (pid=1695, uid=1000) excludes appop android:read_phone_state due to sender android (uid 1001)
[2026-06-13T06:51:30.018Z] [ALL] 06-13 12:21:27.548  1695  1775 W BroadcastQueue: Appop Denial: receiving Intent { act=android.intent.action.SERVICE_STATE flg=0x1000010 (has extras) } to ProcessRecord{f0c7611 2744:com.android.phone/1001} (pid=2744, uid=1001) excludes appop android:read_phone_state due to sender android (uid 1001)
[2026-06-13T06:51:30.018Z] [ALL] 06-13 12:21:27.551  2744  2744 D ServiceStateProvider: subId=5
[2026-06-13T06:51:30.018Z] [ALL] 06-13 12:21:27.555  2744  3266 D PhoneInterfaceManager: [PhoneIntfMgr] QueryTelephonyChecker-getDataNetworkTypeForSubscriber: packageName = com.google.android.apps.messaging, isGrant = true
[2026-06-13T06:51:30.018Z] [ALL] 06-13 12:21:27.558  2744  3522 D PhoneInterfaceManager: [PhoneIntfMgr] QueryTelephonyChecker-getDataNetworkTypeForSubscriber: packageName = com.google.android.apps.messaging, isGrant = true
[2026-06-13T06:51:30.018Z] [ALL] 06-13 12:21:27.563  2376  2376 D SimStateHelper: slot:0, lock state:Bundle[mParcelledData.dataSize=56]
[2026-06-13T06:51:30.018Z] [ALL] 06-13 12:21:27.566  1255  1255 D CellBroadcastReceiver: onReceive Intent { act=android.intent.action.SERVICE_STATE flg=0x1000010 cmp=com.google.android.cellbroadcastreceiver/com.android.cellbroadcastreceiver.CellBroadcastReceiver (has extras) }
[2026-06-13T06:51:30.018Z] [ALL] 06-13 12:21:27.566  7763  7793 E IHansComunication: HANS printMessageBody: RCV message: type = 0,port = 86870,caller_pid = 1129,caller_uid = 1047,target_pid = 6639,target_uid = 10354,pkg_cmd = -1,rpc = android.hardware.ICameraServiceListener/5
[2026-06-13T06:51:30.018Z] [ALL] 06-13 12:21:27.566  7763  7793 E IHansComunication: HANS printMessageBody: RCV message: type = 0,port = 86870,caller_pid = 1129,caller_uid = 1047,target_pid = 6639,target_uid = 10354,pkg_cmd = -1,rpc = android.hardware.ICameraServiceListener/5
[2026-06-13T06:51:30.018Z] [ALL] 06-13 12:21:27.566  2376  2376 D SimStateHelper: slot:1, lock state:Bundle[mParcelledData.dataSize=56]
[2026-06-13T06:51:30.018Z] [ALL] 06-13 12:21:27.566  2376  2376 D SimStateHelper: needDisableMenu: slot1State=0; slot2State=0
[2026-06-13T06:51:30.018Z] [ALL] 06-13 12:21:27.566  2376  2376 D SimStateHelper: needDisableMenu:false
[2026-06-13T06:51:30.018Z] [ALL] 06-13 12:21:27.567  1255  1255 D CellBroadcastReceiver: onServiceStateChanged, ss: 0
[2026-06-13T06:51:30.018Z] [ALL] 06-13 12:21:27.567  1255  1255 D CellBroadcastReceiver: networkOperator: 405869
[2026-06-13T06:51:30.018Z] [ALL] 06-13 12:21:27.568  1255  1255 D CellBroadcastReceiver: update supported roaming operator as 
[2026-06-13T06:51:30.018Z] [ALL] 06-13 12:21:27.568  2376  2376 D SimStateHelper: slot:0, lock state:Bundle[mParcelledData.dataSize=56]
[2026-06-13T06:51:30.018Z] [ALL] 06-13 12:21:27.570  1695  2771 I OplusHansManager : unfreeze uid: 10354 com.myntra.android pids: [6639, 6801] reason: AsyncBinder scene: LcdOn
[2026-06-13T06:51:30.018Z] [ALL] 06-13 12:21:27.571  1695  2752 I OplusHansManager : uid=10354, pkg=com.myntra.android, transition from F to Middle, reason=AsyncBinder
[2026-06-13T06:51:30.018Z] [ALL] 06-13 12:21:27.571  1695  2752 I OplusHansManager : uid=10354, pkg=com.myntra.android F exit(), F stay=4, reason=AsyncBinder
[2026-06-13T06:51:30.018Z] [ALL] 06-13 12:21:27.572  1695  2771 I OplusHansManager : forceUnfreezeByPid pid= 6639 reason= unfreezeForKernel: AsyncBinder
[2026-06-13T06:51:30.018Z] [ALL] 06-13 12:21:27.576  2376  2376 D SimStateHelper: slot:1, lock state:Bundle[mParcelledData.dataSize=56]
[2026-06-13T06:51:30.018Z] [ALL] 06-13 12:21:27.576  2376  2376 D SimStateHelper: needDisableMenu: slot1State=0; slot2State=0
[2026-06-13T06:51:30.018Z] [ALL] 06-13 12:21:27.576  2376  2376 D SimStateHelper: needDisableMenu:false
[2026-06-13T06:51:30.018Z] [ALL] 06-13 12:21:27.580  2744  2744 D PhoneGlobals: SimSettingReceiver.onReceive, action=android.intent.action.SERVICE_STATE
[2026-06-13T06:51:30.058Z] [ALL] 06-13 12:21:27.601  2782  3465 D AtCmdParser: parserAtcmdUrc can not find parser for +EPHYCONFIGN
[2026-06-13T06:51:30.058Z] [ALL] 06-13 12:21:27.601  2782  3465 D AtCmdParser: parserAtcmdUrc can not find parser for +EPHYCONFIG
[2026-06-13T06:51:30.058Z] [ALL] 06-13 12:21:27.601  2782  3865 D AtCmdParser: parserAtcmdUrc can not find parser for +EPHYCONFIGN
[2026-06-13T06:51:30.058Z] [ALL] 06-13 12:21:27.604  7392  7421 I appium  : Took 0ms to retrieve 0 matches for '//*[@text="Logout" or @text="LOGOUT" or contains(@text, "Logout")]' XPath2 query
[2026-06-13T06:51:30.058Z] [ALL] 06-13 12:21:27.606  7392  7421 I appium  : AppiumResponse: {"sessionId":"5aec8cc7-6284-45d2-96ae-ee164da74bb0","value":{"error":"no such element","message":"An element could not be located on the page using the given search parameters","stacktrace":"io.appium.uiautomator2.common.exceptions.ElementNotFoundException: An element could not be located on the page using the given search parameters\n\tat io.appium.uiautomator2.utils.ElementLocationHelpers.findElement(ElementLocationHelpers.java:153)\n\tat io.appium.uiautomator2.handler.FindElement.safeHandle(FindElement.java:60)\n\tat io.appium.uiautomator2.handler.request.SafeRequestHandler.handle(SafeRequestHandler.java:59)\n\tat io.appium.uiautomator2.server.AppiumServlet.handleRequest(AppiumServlet.java:267)\n\tat io.appium.uiautomator2.server.AppiumServlet.handleHttpRequest(AppiumServlet.java:261)\n\tat io.appium.uiautomator2.http.ServerHandler.channelRead(ServerHandler.java:77)\n\tat io.netty.channel.AbstractChannelHandlerContext.fireChannelRead(AbstractChannelHandlerContext.java:357)\n\tat io.netty.handler.codec.MessageToMessageDecoder.channelRead(MessageToMessageDecoder.java:107)\n\tat io.netty.channel.AbstractChannelHandlerContext.fireChannelRead(AbstractChannelHandlerContext.java:357)\n\tat io.netty.channel.CombinedChannelDuplexHandler$DelegatingChannelHandlerContext.fireChannelRead(CombinedChannelDuplexHandler.java:434)\n\tat io.netty.handler.codec.ByteToMessageDecoder.fireChannelRead(ByteToMessageDecoder.java:361)\n\tat io.netty.handler.codec.ByteToMessageDecoder.channelRead(ByteToMessageDecoder.java:325)\n\tat io.netty.channel.CombinedChannelDuplexHandler.channelRead(CombinedChannelDuplexHandler.java:249)\n\tat io.netty.channel.AbstractChannelHandlerContext.fireChannelRead(AbstractChannelHandlerContext.java:355)\n\tat io.netty.handler.timeout.IdleStateHandler.channelRead(IdleStateHandler.java:288)\n\tat io.netty.channel.AbstractChannelHandlerContext.fireChannelRead(AbstractChannelHandlerContext.java:355)\n\tat io.netty.channel.DefaultChannelPipeline$HeadContext.channelRead(DefaultChannelPipeline.java:1429)\n\tat io.netty.channel.DefaultChannelPipeline.fireChannelRead(DefaultChannelPipeline.java:918)\n\tat io.netty.channel.nio.AbstractNioByteChannel$NioByteUnsafe.read(AbstractNioByteChannel.java:176)\n\tat io.netty.channel.nio.AbstractNioChannel$AbstractNioUnsafe.handle(AbstractNioChannel.java:445)\n\tat io.netty.channel.nio.NioIoHandler$DefaultNioRegistration.handle(NioIoHandler.java:388)\n\tat io.netty.channel.nio.NioIoHandler.processSelectedKey(NioIoHandler.java:596)\n\tat io.netty.channel.nio.NioIoHandler.processSelectedKeysOptimized(NioIoHandler.java:571)\n\tat io.netty.channel.nio.NioIoHandler.processSelectedKeys(NioIoHandler.java:512)\n\tat io.netty.channel.nio.NioIoHandler.run(NioIoHandler.java:484)\n\tat io.netty.channel.SingleThreadIoEventLoop.runIo(SingleThreadIoEventLoop.java:225)\n\tat io.netty.channel.SingleThreadIoEventLoop.run(SingleThreadIoEventLoop.java:196)\n\tat io.netty.util.concurrent.SingleThreadEventExecutor$5.run(SingleThreadEventExecutor.java:1195)\n\tat io.netty.util.internal.ThreadExecutorMap$2.run(ThreadExecutorMap.java:74)\n\tat io.netty.util.concurrent.FastThreadLocalRunnable.run(FastThreadLocalRunnable.java:30)\n\tat java.lang.Thread.run(Thread.java:1572)\n"}}
[2026-06-13T06:51:30.058Z] [ALL] 06-13 12:21:27.647  1000  1064 D SurfaceFlinger: kickIdle 925, 882, 35, 0
[2026-06-13T06:51:30.058Z] [ALL] 06-13 12:21:27.648   882   882 E hwcomposer: [DRMDEV] DRM_IOCTL_MTK_KICK_IDLE failed, drm_id_crtc: 64, error: -1  
[2026-06-13T06:51:30.173Z] [ALL] 06-13 12:21:27.798 22664  7975 I NearbyConnections: Found BleAdvertisement [ 0x23 0x46 0x41 0x55 0x44 0x11 0x16 0xea 0x4d 0x1e 0x41 0xfc 0x1f 0x24 0xd6 0x55 0xc3 0x60 0xf0 0x08 0xfa 0xec 0x94 ] (with EndpointId FAUD and EndpointInfo [ 0x16 0xea 0x4d 0x1e 0x41 0xfc 0x1f 0x24 0xd6 0x55 0xc3 0x60 0xf0 0x08 0xfa 0xec 0x94 ])
[2026-06-13T06:51:30.173Z] [ALL] 06-13 12:21:27.801 22664  7975 I NearbyConnections: ClientProxy(135143596 0p:com.google.android.gms.nearby.sharing) reporting onEndpointFound(FAUD)
[2026-06-13T06:51:30.173Z] [ALL] 06-13 12:21:27.801 22664  7975 I NearbyConnections: ClientProxy(135143596) reporting onEndpointDistanceChanged(FAUD, UNKNOWN)
[2026-06-13T06:51:30.210Z] [ALL] 06-13 12:21:27.807 22664  7869 I NearbySharing: NearbySharing Internal event EndpointDiscovered(endpointId=FAUD)
[2026-06-13T06:51:30.360Z] [ALL] 06-13 12:21:27.985  2782  3865 D AtCmdParser: parserAtcmdUrc can not find parser for +CIEV
[2026-06-13T06:51:30.543Z] [ALL] 06-13 12:21:28.167  7392  7421 I appium  : channel read: POST /session/5aec8cc7-6284-45d2-96ae-ee164da74bb0/element
[2026-06-13T06:51:30.543Z] [ALL] 06-13 12:21:28.169  7392  7421 I appium  : FindElement command
[2026-06-13T06:51:30.609Z] [ALL] 06-13 12:21:28.172  7392  7421 I appium  : method: 'xpath', selector: '//*[@text="Logout" or @text="LOGOUT" or contains(@text, "Logout")]'
[2026-06-13T06:51:30.658Z] [ALL] 06-13 12:21:28.172  7392  7421 I appium  : Waiting up to 10000ms for the device to idle
[2026-06-13T06:51:30.658Z] [ALL] 06-13 12:21:28.175  7392  7421 I appium  : The following attributes will be included to the page source: [text]
[2026-06-13T06:51:30.688Z] [ALL] 06-13 12:21:28.308  1695  2752 I OplusHansManager : uid=10349, pkg=io.appium.uiautomator2.server can transition from M to F
[2026-06-13T06:51:30.692Z] [ALL] 06-13 12:21:28.308  1695  2752 I OplusHansManager : uid=10349, pkg=io.appium.uiautomator2.server F enter(), M stay=1
[2026-06-13T06:51:30.692Z] [ALL] 06-13 12:21:28.312  1695  2752 I OplusHansManager : freeze uid: 10349 io.appium.uiautomator2.server pids: [7392] scene: LcdOn
[2026-06-13T06:51:30.692Z] [ALL] 06-13 12:21:28.312  7763  7793 E IHansComunication: HANS printMessageBody: RCV message: type = 0,port = 86870,caller_pid = 32174,caller_uid = 10355,target_pid = 7392,target_uid = 10349,pkg_cmd = -1,rpc = android.view.accessibility.IAccessibilityInteractionConnection/3
[2026-06-13T06:51:30.692Z] [ALL] 06-13 12:21:28.314  7763 13029 D IHansComunication: HansComunication::addUid-- 10349, persistent--0
[2026-06-13T06:51:30.692Z] [ALL] 06-13 12:21:28.314  7763 13029 D IHansComunication: HANS sendMessageToKernel: threadId = 536992353456, netLinkSetup = 1, type = PKG, targetUid = 10349, pkgCmd = ADD_ONE_UID
[2026-06-13T06:51:30.692Z] [ALL] 06-13 12:21:28.317  1695  2771 I OplusHansManager : unfreeze uid: 10349 io.appium.uiautomator2.server pids: [7392] reason: AsyncBinder scene: LcdOn
[2026-06-13T06:51:30.692Z] [ALL] 06-13 12:21:28.317  1695  2752 I OplusHansManager : uid=10349, pkg=io.appium.uiautomator2.server, transition from F to Middle, reason=AsyncBinder
[2026-06-13T06:51:30.744Z] [ALL] 06-13 12:21:28.317  1695  2752 I OplusHansManager : uid=10349, pkg=io.appium.uiautomator2.server F exit(), F stay=0, reason=AsyncBinder
[2026-06-13T06:51:30.921Z] [ALL] 06-13 12:21:28.545  7392  7421 I appium  : Took 0ms to retrieve 0 matches for '//*[@text="Logout" or @text="LOGOUT" or contains(@text, "Logout")]' XPath2 query
[2026-06-13T06:51:30.996Z] [ALL] 06-13 12:21:28.548  7392  7421 I appium  : AppiumResponse: {"sessionId":"5aec8cc7-6284-45d2-96ae-ee164da74bb0","value":{"error":"no such element","message":"An element could not be located on the page using the given search parameters","stacktrace":"io.appium.uiautomator2.common.exceptions.ElementNotFoundException: An element could not be located on the page using the given search parameters\n\tat io.appium.uiautomator2.utils.ElementLocationHelpers.findElement(ElementLocationHelpers.java:153)\n\tat io.appium.uiautomator2.handler.FindElement.safeHandle(FindElement.java:60)\n\tat io.appium.uiautomator2.handler.request.SafeRequestHandler.handle(SafeRequestHandler.java:59)\n\tat io.appium.uiautomator2.server.AppiumServlet.handleRequest(AppiumServlet.java:267)\n\tat io.appium.uiautomator2.server.AppiumServlet.handleHttpRequest(AppiumServlet.java:261)\n\tat io.appium.uiautomator2.http.ServerHandler.channelRead(ServerHandler.java:77)\n\tat io.netty.channel.AbstractChannelHandlerContext.fireChannelRead(AbstractChannelHandlerContext.java:357)\n\tat io.netty.handler.codec.MessageToMessageDecoder.channelRead(MessageToMessageDecoder.java:107)\n\tat io.netty.channel.AbstractChannelHandlerContext.fireChannelRead(AbstractChannelHandlerContext.java:357)\n\tat io.netty.channel.CombinedChannelDuplexHandler$DelegatingChannelHandlerContext.fireChannelRead(CombinedChannelDuplexHandler.java:434)\n\tat io.netty.handler.codec.ByteToMessageDecoder.fireChannelRead(ByteToMessageDecoder.java:361)\n\tat io.netty.handler.codec.ByteToMessageDecoder.channelRead(ByteToMessageDecoder.java:325)\n\tat io.netty.channel.CombinedChannelDuplexHandler.channelRead(CombinedChannelDuplexHandler.java:249)\n\tat io.netty.channel.AbstractChannelHandlerContext.fireChannelRead(AbstractChannelHandlerContext.java:355)\n\tat io.netty.handler.timeout.IdleStateHandler.channelRead(IdleStateHandler.java:288)\n\tat io.netty.channel.AbstractChannelHandlerContext.fireChannelRead(AbstractChannelHandlerContext.java:355)\n\tat io.netty.channel.DefaultChannelPipeline$HeadContext.channelRead(DefaultChannelPipeline.java:1429)\n\tat io.netty.channel.DefaultChannelPipeline.fireChannelRead(DefaultChannelPipeline.java:918)\n\tat io.netty.channel.nio.AbstractNioByteChannel$NioByteUnsafe.read(AbstractNioByteChannel.java:176)\n\tat io.netty.channel.nio.AbstractNioChannel$AbstractNioUnsafe.handle(AbstractNioChannel.java:445)\n\tat io.netty.channel.nio.NioIoHandler$DefaultNioRegistration.handle(NioIoHandler.java:388)\n\tat io.netty.channel.nio.NioIoHandler.processSelectedKey(NioIoHandler.java:596)\n\tat io.netty.channel.nio.NioIoHandler.processSelectedKeysOptimized(NioIoHandler.java:571)\n\tat io.netty.channel.nio.NioIoHandler.processSelectedKeys(NioIoHandler.java:512)\n\tat io.netty.channel.nio.NioIoHandler.run(NioIoHandler.java:484)\n\tat io.netty.channel.SingleThreadIoEventLoop.runIo(SingleThreadIoEventLoop.java:225)\n\tat io.netty.channel.SingleThreadIoEventLoop.run(SingleThreadIoEventLoop.java:196)\n\tat io.netty.util.concurrent.SingleThreadEventExecutor$5.run(SingleThreadEventExecutor.java:1195)\n\tat io.netty.util.internal.ThreadExecutorMap$2.run(ThreadExecutorMap.java:74)\n\tat io.netty.util.concurrent.FastThreadLocalRunnable.run(FastThreadLocalRunnable.java:30)\n\tat java.lang.Thread.run(Thread.java:1572)\n"}}
[2026-06-13T06:51:31.012Z] [ALL] 06-13 12:21:28.635   934   934 D vendor.oplus.hardware.charger@1.0-service: getPsyUsbType type: USB, ret_value = 3
[2026-06-13T06:51:31.012Z] [ALL] 06-13 12:21:28.635   934   934 D vendor.oplus.hardware.charger@1.0-service: getPsyUsbType type: USB is usb charging.
[2026-06-13T06:51:31.050Z] [ALL] 06-13 12:21:28.650   934   934 D vendor.oplus.hardware.charger@1.0-service: getPsyUsbType type: USB, ret_value = 3
[2026-06-13T06:51:31.050Z] [ALL] 06-13 12:21:28.650   934   934 D vendor.oplus.hardware.charger@1.0-service: getPsyUsbType type: USB is usb charging.
[2026-06-13T06:51:31.306Z] [ALL] 06-13 12:21:28.830   924   930 E PerformanceService: storage_feature: open /sys/devices/platform/soc/112b0000.ufshci//virtualtlcbuff fail
[2026-06-13T06:51:31.306Z] [ALL] 06-13 12:21:28.843   934   934 D vendor.oplus.hardware.charger@1.0-service: getChargerControl:
[2026-06-13T06:51:31.362Z] [ALL] 06-13 12:21:28.846  2782  3867 D AtCmdParser: parserAtcmdUrc can not find parser for +EPHYCONFIGN
[2026-06-13T06:51:31.362Z] [ALL] 06-13 12:21:28.850  2782  3465 D AtCmdParser: parserAtcmdUrc can not find parser for +EPHYCONFIG
[2026-06-13T06:51:31.362Z] [ALL] 06-13 12:21:28.852  2782  3865 D AtCmdParser: parserAtcmdUrc can not find parser for +EPHYCONFIGN
[2026-06-13T06:51:31.362Z] [ALL] 06-13 12:21:28.881  7392  7418 I appium  : READER_IDLE: closing the channel
[2026-06-13T06:51:31.482Z] [ALL] 06-13 12:21:29.064  1011  1028 D ccci_mdinit: (1):monitor_time_update_thread round:16612 ########
[2026-06-13T06:51:31.482Z] [ALL] 06-13 12:21:29.075  1695  2752 I OplusHansManager : uid=10354, pkg=com.myntra.android can transition from M to F
[2026-06-13T06:51:31.482Z] [ALL] 06-13 12:21:29.075  1695  2752 I OplusHansManager : uid=10354, pkg=com.myntra.android F enter(), M stay=1
[2026-06-13T06:51:31.531Z] [ALL] 06-13 12:21:29.079  1695  2752 I OplusHansManager : freeze uid: 10354 com.myntra.android pids: [6639, 6801] IsolatedUid: [99213] scene: LcdOn
[2026-06-13T06:51:31.531Z] [ALL] 06-13 12:21:29.079  7763 13029 D IHansComunication: HansComunication::addUid-- 10354, persistent--0
[2026-06-13T06:51:31.531Z] [ALL] 06-13 12:21:29.079  7763 13029 D IHansComunication: HANS sendMessageToKernel: threadId = 536992353456, netLinkSetup = 1, type = PKG, targetUid = 10354, pkgCmd = ADD_ONE_UID
[2026-06-13T06:51:31.531Z] [ALL] 06-13 12:21:29.082  7392  7421 I appium  : channel read: POST /session/5aec8cc7-6284-45d2-96ae-ee164da74bb0/element
[2026-06-13T06:51:31.531Z] [ALL] 06-13 12:21:29.083  7392  7421 I appium  : FindElement command
[2026-06-13T06:51:31.531Z] [ALL] 06-13 12:21:29.086  7392  7421 I appium  : method: 'xpath', selector: '//*[@text="Logout" or @text="LOGOUT" or contains(@text, "Logout")]'
[2026-06-13T06:51:31.531Z] [ALL] 06-13 12:21:29.086  7392  7421 I appium  : Waiting up to 10000ms for the device to idle
[2026-06-13T06:51:31.531Z] [ALL] 06-13 12:21:29.089  7392  7421 I appium  : The following attributes will be included to the page source: [text]
[2026-06-13T06:51:31.564Z] [ALL] 06-13 12:21:29.172  7392  7419 I appium  : READER_IDLE: closing the channel
[2026-06-13T06:51:31.564Z] [ALL] 06-13 12:21:29.176  7392  7420 I appium  : READER_IDLE: closing the channel
[2026-06-13T06:51:31.781Z] [ALL] 06-13 12:21:29.370  7392  7421 I appium  : Took 0ms to retrieve 0 matches for '//*[@text="Logout" or @text="LOGOUT" or contains(@text, "Logout")]' XPath2 query
[2026-06-13T06:51:31.781Z] [ALL] 06-13 12:21:29.373  7392  7421 I appium  : AppiumResponse: {"sessionId":"5aec8cc7-6284-45d2-96ae-ee164da74bb0","value":{"error":"no such element","message":"An element could not be located on the page using the given search parameters","stacktrace":"io.appium.uiautomator2.common.exceptions.ElementNotFoundException: An element could not be located on the page using the given search parameters\n\tat io.appium.uiautomator2.utils.ElementLocationHelpers.findElement(ElementLocationHelpers.java:153)\n\tat io.appium.uiautomator2.handler.FindElement.safeHandle(FindElement.java:60)\n\tat io.appium.uiautomator2.handler.request.SafeRequestHandler.handle(SafeRequestHandler.java:59)\n\tat io.appium.uiautomator2.server.AppiumServlet.handleRequest(AppiumServlet.java:267)\n\tat io.appium.uiautomator2.server.AppiumServlet.handleHttpRequest(AppiumServlet.java:261)\n\tat io.appium.uiautomator2.http.ServerHandler.channelRead(ServerHandler.java:77)\n\tat io.netty.channel.AbstractChannelHandlerContext.fireChannelRead(AbstractChannelHandlerContext.java:357)\n\tat io.netty.handler.codec.MessageToMessageDecoder.channelRead(MessageToMessageDecoder.java:107)\n\tat io.netty.channel.AbstractChannelHandlerContext.fireChannelRead(AbstractChannelHandlerContext.java:357)\n\tat io.netty.channel.CombinedChannelDuplexHandler$DelegatingChannelHandlerContext.fireChannelRead(CombinedChannelDuplexHandler.java:434)\n\tat io.netty.handler.codec.ByteToMessageDecoder.fireChannelRead(ByteToMessageDecoder.java:361)\n\tat io.netty.handler.codec.ByteToMessageDecoder.channelRead(ByteToMessageDecoder.java:325)\n\tat io.netty.channel.CombinedChannelDuplexHandler.channelRead(CombinedChannelDuplexHandler.java:249)\n\tat io.netty.channel.AbstractChannelHandlerContext.fireChannelRead(AbstractChannelHandlerContext.java:355)\n\tat io.netty.handler.timeout.IdleStateHandler.channelRead(IdleStateHandler.java:288)\n\tat io.netty.channel.AbstractChannelHandlerContext.fireChannelRead(AbstractChannelHandlerContext.java:355)\n\tat io.netty.channel.DefaultChannelPipeline$HeadContext.channelRead(DefaultChannelPipeline.java:1429)\n\tat io.netty.channel.DefaultChannelPipeline.fireChannelRead(DefaultChannelPipeline.java:918)\n\tat io.netty.channel.nio.AbstractNioByteChannel$NioByteUnsafe.read(AbstractNioByteChannel.java:176)\n\tat io.netty.channel.nio.AbstractNioChannel$AbstractNioUnsafe.handle(AbstractNioChannel.java:445)\n\tat io.netty.channel.nio.NioIoHandler$DefaultNioRegistration.handle(NioIoHandler.java:388)\n\tat io.netty.channel.nio.NioIoHandler.processSelectedKey(NioIoHandler.java:596)\n\tat io.netty.channel.nio.NioIoHandler.processSelectedKeysOptimized(NioIoHandler.java:571)\n\tat io.netty.channel.nio.NioIoHandler.processSelectedKeys(NioIoHandler.java:512)\n\tat io.netty.channel.nio.NioIoHandler.run(NioIoHandler.java:484)\n\tat io.netty.channel.SingleThreadIoEventLoop.runIo(SingleThreadIoEventLoop.java:225)\n\tat io.netty.channel.SingleThreadIoEventLoop.run(SingleThreadIoEventLoop.java:196)\n\tat io.netty.util.concurrent.SingleThreadEventExecutor$5.run(SingleThreadEventExecutor.java:1195)\n\tat io.netty.util.internal.ThreadExecutorMap$2.run(ThreadExecutorMap.java:74)\n\tat io.netty.util.concurrent.FastThreadLocalRunnable.run(FastThreadLocalRunnable.java:30)\n\tat java.lang.Thread.run(Thread.java:1572)\n"}}
[2026-06-13T06:51:31.916Z] [ALL] 06-13 12:21:29.530  7392  7421 I appium  : channel read: POST /session/5aec8cc7-6284-45d2-96ae-ee164da74bb0/element
[2026-06-13T06:51:31.916Z] [ALL] 06-13 12:21:29.531  7392  7421 I appium  : FindElement command
[2026-06-13T06:51:31.916Z] [ALL] 06-13 12:21:29.533  7392  7421 I appium  : method: 'xpath', selector: '//*[@text="Logout" or @text="LOGOUT" or contains(@text, "Logout")]'
[2026-06-13T06:51:31.916Z] [ALL] 06-13 12:21:29.533  7392  7421 I appium  : Waiting up to 10000ms for the device to idle
[2026-06-13T06:51:31.957Z] [ALL] 06-13 12:21:29.535  7392  7421 I appium  : The following attributes will be included to the page source: [text]
[2026-06-13T06:51:32.067Z] [ALL] 06-13 12:21:29.670  6435  6455 I .oplus.onetrace: Waiting for a blocking GC ProfileSaver
[2026-06-13T06:51:32.104Z] [ALL] 06-13 12:21:29.708   858 28068 E netd    : dispachCmd:oplusGetRtt
[2026-06-13T06:51:32.136Z] [ALL] 06-13 12:21:29.708   858 28068 E netd    : handleGetRttCmd: netId = 204, uid = 10355
[2026-06-13T06:51:32.136Z] [ALL] 06-13 12:21:29.709   858 28068 E netd    : dispachCmd cmd:oplusGetRtt  result:0
[2026-06-13T06:51:32.136Z] [ALL] 06-13 12:21:29.711   858 28068 E netd    : dispachCmd:oplusGetRtt
[2026-06-13T06:51:32.136Z] [ALL] 06-13 12:21:29.711   858 28068 E netd    : handleGetRttCmd: netId = 206, uid = 10355
[2026-06-13T06:51:32.136Z] [ALL] 06-13 12:21:29.712   858 28068 E netd    : dispachCmd cmd:oplusGetRtt  result:0
[2026-06-13T06:51:32.136Z] [ALL] 06-13 12:21:29.719  1695  2144 D OplusWifiConnect2: clientModeManager == null, getOplusSta2ConnectionInfo null
[2026-06-13T06:51:32.136Z] [ALL] 06-13 12:21:29.720  1695  2148 D WN_S    : isCellQualityGood is false, curscore =93, no need to switch lte
[2026-06-13T06:51:32.136Z] [ALL] 06-13 12:21:29.724  1000  1064 D SurfaceFlinger: kickIdle 2076, 2058, 35, 0
[2026-06-13T06:51:32.136Z] [ALL] 06-13 12:21:29.724   882   882 E hwcomposer: [DRMDEV] DRM_IOCTL_MTK_KICK_IDLE failed, drm_id_crtc: 64, error: -1  
[2026-06-13T06:51:32.158Z] [ALL] 06-13 12:21:29.765  7392  7421 I appium  : Took 0ms to retrieve 0 matches for '//*[@text="Logout" or @text="LOGOUT" or contains(@text, "Logout")]' XPath2 query
[2026-06-13T06:51:32.158Z] [ALL] 06-13 12:21:29.768  7392  7421 I appium  : AppiumResponse: {"sessionId":"5aec8cc7-6284-45d2-96ae-ee164da74bb0","value":{"error":"no such element","message":"An element could not be located on the page using the given search parameters","stacktrace":"io.appium.uiautomator2.common.exceptions.ElementNotFoundException: An element could not be located on the page using the given search parameters\n\tat io.appium.uiautomator2.utils.ElementLocationHelpers.findElement(ElementLocationHelpers.java:153)\n\tat io.appium.uiautomator2.handler.FindElement.safeHandle(FindElement.java:60)\n\tat io.appium.uiautomator2.handler.request.SafeRequestHandler.handle(SafeRequestHandler.java:59)\n\tat io.appium.uiautomator2.server.AppiumServlet.handleRequest(AppiumServlet.java:267)\n\tat io.appium.uiautomator2.server.AppiumServlet.handleHttpRequest(AppiumServlet.java:261)\n\tat io.appium.uiautomator2.http.ServerHandler.channelRead(ServerHandler.java:77)\n\tat io.netty.channel.AbstractChannelHandlerContext.fireChannelRead(AbstractChannelHandlerContext.java:357)\n\tat io.netty.handler.codec.MessageToMessageDecoder.channelRead(MessageToMessageDecoder.java:107)\n\tat io.netty.channel.AbstractChannelHandlerContext.fireChannelRead(AbstractChannelHandlerContext.java:357)\n\tat io.netty.channel.CombinedChannelDuplexHandler$DelegatingChannelHandlerContext.fireChannelRead(CombinedChannelDuplexHandler.java:434)\n\tat io.netty.handler.codec.ByteToMessageDecoder.fireChannelRead(ByteToMessageDecoder.java:361)\n\tat io.netty.handler.codec.ByteToMessageDecoder.channelRead(ByteToMessageDecoder.java:325)\n\tat io.netty.channel.CombinedChannelDuplexHandler.channelRead(CombinedChannelDuplexHandler.java:249)\n\tat io.netty.channel.AbstractChannelHandlerContext.fireChannelRead(AbstractChannelHandlerContext.java:355)\n\tat io.netty.handler.timeout.IdleStateHandler.channelRead(IdleStateHandler.java:288)\n\tat io.netty.channel.AbstractChannelHandlerContext.fireChannelRead(AbstractChannelHandlerContext.java:355)\n\tat io.netty.channel.DefaultChannelPipeline$HeadContext.channelRead(DefaultChannelPipeline.java:1429)\n\tat io.netty.channel.DefaultChannelPipeline.fireChannelRead(DefaultChannelPipeline.java:918)\n\tat io.netty.channel.nio.AbstractNioByteChannel$NioByteUnsafe.read(AbstractNioByteChannel.java:176)\n\tat io.netty.channel.nio.AbstractNioChannel$AbstractNioUnsafe.handle(AbstractNioChannel.java:445)\n\tat io.netty.channel.nio.NioIoHandler$DefaultNioRegistration.handle(NioIoHandler.java:388)\n\tat io.netty.channel.nio.NioIoHandler.processSelectedKey(NioIoHandler.java:596)\n\tat io.netty.channel.nio.NioIoHandler.processSelectedKeysOptimized(NioIoHandler.java:571)\n\tat io.netty.channel.nio.NioIoHandler.processSelectedKeys(NioIoHandler.java:512)\n\tat io.netty.channel.nio.NioIoHandler.run(NioIoHandler.java:484)\n\tat io.netty.channel.SingleThreadIoEventLoop.runIo(SingleThreadIoEventLoop.java:225)\n\tat io.netty.channel.SingleThreadIoEventLoop.run(SingleThreadIoEventLoop.java:196)\n\tat io.netty.util.concurrent.SingleThreadEventExecutor$5.run(SingleThreadEventExecutor.java:1195)\n\tat io.netty.util.internal.ThreadExecutorMap$2.run(ThreadExecutorMap.java:74)\n\tat io.netty.util.concurrent.FastThreadLocalRunnable.run(FastThreadLocalRunnable.java:30)\n\tat java.lang.Thread.run(Thread.java:1572)\n"}}
[2026-06-13T06:51:32.198Z] [ALL] 06-13 12:21:29.802  7392  7421 I appium  : channel read: GET /session/5aec8cc7-6284-45d2-96ae-ee164da74bb0/screenshot
[2026-06-13T06:51:32.230Z] [ALL] 06-13 12:21:29.803  7392  7421 I appium  : CaptureScreenshot command
[2026-06-13T06:51:32.230Z] [ALL] 06-13 12:21:29.804  7392  7421 E tomator2.server: hiddenapi: Accessing hidden method Landroid/view/Display;->getAddress()Landroid/view/DisplayAddress; (runtime_flags=0, domain=platform, api=blocked) from Lio/appium/uiautomator2/utils/ReflectionUtils; (domain=app, TargetSdkVersion=34) using reflection: denied
[2026-06-13T06:51:32.230Z] [ALL] 06-13 12:21:29.805  7392  7421 E appium  : Unable to retrieve physicalDisplayId
[2026-06-13T06:51:32.230Z] [ALL] 06-13 12:21:29.805  7392  7421 E appium  : io.appium.uiautomator2.common.exceptions.UiAutomator2Exception: Cannot get method getAddress from class android.view.Display with parameter types []
[2026-06-13T06:51:32.230Z] [ALL] 06-13 12:21:29.805  7392  7421 E appium  : 	at io.appium.uiautomator2.utils.ReflectionUtils.getMethod(ReflectionUtils.java:97)
[2026-06-13T06:51:32.230Z] [ALL] 06-13 12:21:29.805  7392  7421 E appium  : 	at io.appium.uiautomator2.utils.DisplayIdHelper.tryGetUsingAddress(DisplayIdHelper.java:98)
[2026-06-13T06:51:32.230Z] [ALL] 06-13 12:21:29.805  7392  7421 E appium  : 	at io.appium.uiautomator2.utils.DisplayIdHelper.getPhysicalDisplayId(DisplayIdHelper.java:51)
[2026-06-13T06:51:32.230Z] [ALL] 06-13 12:21:29.805  7392  7421 E appium  : 	at io.appium.uiautomator2.utils.ScreenshotHelper.extractScreencapDisplayId(ScreenshotHelper.java:145)
[2026-06-13T06:51:32.230Z] [ALL] 06-13 12:21:29.805  7392  7421 E appium  : 	at io.appium.uiautomator2.utils.ScreenshotHelper.takeDeviceScreenshot(ScreenshotHelper.java:114)
[2026-06-13T06:51:32.230Z] [ALL] 06-13 12:21:29.805  7392  7421 E appium  : 	at io.appium.uiautomator2.utils.ScreenshotHelper.takeScreenshot(ScreenshotHelper.java:60)
[2026-06-13T06:51:32.230Z] [ALL] 06-13 12:21:29.805  7392  7421 E appium  : 	at io.appium.uiautomator2.utils.ScreenshotHelper.takeScreenshot(ScreenshotHelper.java:77)
[2026-06-13T06:51:32.230Z] [ALL] 06-13 12:21:29.805  7392  7421 E appium  : 	at io.appium.uiautomator2.handler.CaptureScreenshot.safeHandle(CaptureScreenshot.java:32)
[2026-06-13T06:51:32.230Z] [ALL] 06-13 12:21:29.805  7392  7421 E appium  : 	at io.appium.uiautomator2.handler.request.SafeRequestHandler.handle(SafeRequestHandler.java:59)
[2026-06-13T06:51:32.230Z] [ALL] 06-13 12:21:29.805  7392  7421 E appium  : 	at io.appium.uiautomator2.server.AppiumServlet.handleRequest(AppiumServlet.java:267)
[2026-06-13T06:51:32.230Z] [ALL] 06-13 12:21:29.805  7392  7421 E appium  : 	at io.appium.uiautomator2.server.AppiumServlet.handleHttpRequest(AppiumServlet.java:261)
[2026-06-13T06:51:32.230Z] [ALL] 06-13 12:21:29.805  7392  7421 E appium  : 	at io.appium.uiautomator2.http.ServerHandler.channelRead(ServerHandler.java:77)
[2026-06-13T06:51:32.230Z] [ALL] 06-13 12:21:29.805  7392  7421 E appium  : 	at io.netty.channel.AbstractChannelHandlerContext.fireChannelRead(AbstractChannelHandlerContext.java:357)
[2026-06-13T06:51:32.230Z] [ALL] 06-13 12:21:29.805  7392  7421 E appium  : 	at io.netty.handler.codec.MessageToMessageDecoder.channelRead(MessageToMessageDecoder.java:107)
[2026-06-13T06:51:32.230Z] [ALL] 06-13 12:21:29.805  7392  7421 E appium  : 	at io.netty.channel.AbstractChannelHandlerContext.fireChannelRead(AbstractChannelHandlerContext.java:357)
[2026-06-13T06:51:32.230Z] [ALL] 06-13 12:21:29.805  7392  7421 E appium  : 	at io.netty.channel.CombinedChannelDuplexHandler$DelegatingChannelHandlerContext.fireChannelRead(CombinedChannelDuplexHandler.java:434)
[2026-06-13T06:51:32.230Z] [ALL] 06-13 12:21:29.805  7392  7421 E appium  : 	at io.netty.handler.codec.ByteToMessageDecoder.fireChannelRead(ByteToMessageDecoder.java:361)
[2026-06-13T06:51:32.230Z] [ALL] 06-13 12:21:29.805  7392  7421 E appium  : 	at io.netty.handler.codec.ByteToMessageDecoder.channelRead(ByteToMessageDecoder.java:325)
[2026-06-13T06:51:32.230Z] [ALL] 06-13 12:21:29.805  7392  7421 E appium  : 	at io.netty.channel.CombinedChannelDuplexHandler.channelRead(CombinedChannelDuplexHandler.java:249)
[2026-06-13T06:51:32.230Z] [ALL] 06-13 12:21:29.805  7392  7421 E appium  : 	at io.netty.channel.AbstractChannelHandlerContext.fireChannelRead(AbstractChannelHandlerContext.java:355)
[2026-06-13T06:51:32.230Z] [ALL] 06-13 12:21:29.805  7392  7421 E appium  : 	at io.netty.handler.timeout.IdleStateHandler.channelRead(IdleStateHandler.java:288)
[2026-06-13T06:51:32.230Z] [ALL] 06-13 12:21:29.805  7392  7421 E appium  : 	at io.netty.channel.AbstractChannelHandlerContext.fireChannelRead(AbstractChannelHandlerContext.java:355)
[2026-06-13T06:51:32.230Z] [ALL] 06-13 12:21:29.805  7392  7421 E appium  : 	at io.netty.channel.DefaultChannelPipeline$HeadContext.channelRead(DefaultChannelPipeline.java:1429)
[2026-06-13T06:51:32.230Z] [ALL] 06-13 12:21:29.805  7392  7421 E appium  : 	at io.netty.channel.DefaultChannelPipeline.fireChannelRead(DefaultChannelPipeline.java:918)
[2026-06-13T06:51:32.230Z] [ALL] 06-13 12:21:29.805  7392  7421 E appium  : 	at io.netty.channel.nio.AbstractNioByteChannel$NioByteUnsafe.read(AbstractNioByteChannel.java:176)
[2026-06-13T06:51:32.230Z] [ALL] 06-13 12:21:29.805  7392  7421 E appium  : 	at io.netty.channel.nio.AbstractNioChannel$AbstractNioUnsafe.handle(AbstractNioChannel.java:445)
[2026-06-13T06:51:32.230Z] [ALL] 06-13 12:21:29.805  7392  7421 E appium  : 	at io.netty.channel.nio.NioIoHandler$DefaultNioRegistration.handle(NioIoHandler.java:388)
[2026-06-13T06:51:32.230Z] [ALL] 06-13 12:21:29.805  7392  7421 E appium  : 	at io.netty.channel.nio.NioIoHandler.processSelectedKey(NioIoHandler.java:596)
[2026-06-13T06:51:32.230Z] [ALL] 06-13 12:21:29.805  7392  7421 E appium  : 	at io.netty.channel.nio.NioIoHandler.processSelectedKeysOptimized(NioIoHandler.java:571)
[2026-06-13T06:51:32.230Z] [ALL] 06-13 12:21:29.805  7392  7421 E appium  : 	at io.netty.channel.nio.NioIoHandler.processSelectedKeys(NioIoHandler.java:512)
[2026-06-13T06:51:32.230Z] [ALL] 06-13 12:21:29.805  7392  7421 E appium  : 	at io.netty.channel.nio.NioIoHandler.run(NioIoHandler.java:484)
[2026-06-13T06:51:32.230Z] [ALL] 06-13 12:21:29.805  7392  7421 E appium  : 	at io.netty.channel.SingleThreadIoEventLoop.runIo(SingleThreadIoEventLoop.java:225)
[2026-06-13T06:51:32.230Z] [ALL] 06-13 12:21:29.805  7392  7421 E appium  : 	at io.netty.channel.SingleThreadIoEventLoop.run(SingleThreadIoEventLoop.java:196)
[2026-06-13T06:51:32.230Z] [ALL] 06-13 12:21:29.805  7392  7421 E appium  : 	at io.netty.util.concurrent.SingleThreadEventExecutor$5.run(SingleThreadEventExecutor.java:1195)
[2026-06-13T06:51:32.230Z] [ALL] 06-13 12:21:29.805  7392  7421 E appium  : 	at io.netty.util.internal.ThreadExecutorMap$2.run(ThreadExecutorMap.java:74)
[2026-06-13T06:51:32.230Z] [ALL] 06-13 12:21:29.805  7392  7421 E appium  : 	at io.netty.util.concurrent.FastThreadLocalRunnable.run(FastThreadLocalRunnable.java:30)
[2026-06-13T06:51:32.230Z] [ALL] 06-13 12:21:29.805  7392  7421 E appium  : 	at java.lang.Thread.run(Thread.java:1572)
[2026-06-13T06:51:32.230Z] [ALL] 06-13 12:21:29.805  7392  7421 E appium  : Caused by: java.lang.NoSuchMethodException: android.view.Display.getAddress []
[2026-06-13T06:51:32.230Z] [ALL] 06-13 12:21:29.805  7392  7421 E appium  : 	at java.lang.Class.getMethod(Class.java:2942)
[2026-06-13T06:51:32.230Z] [ALL] 06-13 12:21:29.805  7392  7421 E appium  : 	at java.lang.Class.getDeclaredMethod(Class.java:2921)
[2026-06-13T06:51:32.230Z] [ALL] 06-13 12:21:29.805  7392  7421 E appium  : 	at io.appium.uiautomator2.utils.ReflectionUtils.getMethod(ReflectionUtils.java:93)
[2026-06-13T06:51:32.230Z] [ALL] 06-13 12:21:29.805  7392  7421 E appium  : 	... 36 more
[2026-06-13T06:51:32.230Z] [ALL] 06-13 12:21:29.818  1000  1064 D OplusSurfaceFlinger: (dumpsys)pid=7994, uid=2000, calling dumpsys SF
[2026-06-13T06:51:32.231Z] [ALL] 06-13 12:21:29.821  1695  2752 I OplusHansManager : uid=10349, pkg=io.appium.uiautomator2.server can transition from M to F
[2026-06-13T06:51:32.231Z] [ALL] 06-13 12:21:29.821  1695  2752 I OplusHansManager : uid=10349, pkg=io.appium.uiautomator2.server F enter(), M stay=1
[2026-06-13T06:51:32.231Z] [ALL] 06-13 12:21:29.823  1695  2752 I OplusHansManager : freeze uid: 10349 io.appium.uiautomator2.server pids: [7392] scene: LcdOn
[2026-06-13T06:51:32.231Z] [ALL] 06-13 12:21:29.826  7763 13029 D IHansComunication: HansComunication::addUid-- 10349, persistent--0
[2026-06-13T06:51:32.231Z] [ALL] 06-13 12:21:29.826  7763 13029 D IHansComunication: HANS sendMessageToKernel: threadId = 536992353456, netLinkSetup = 1, type = PKG, targetUid = 10349, pkgCmd = ADD_ONE_UID
[2026-06-13T06:51:32.509Z] [ALL] 06-13 12:21:30.080  7763 13029 D IHansComunication: HANS sendMessageToKernel: threadId = 536992353456, netLinkSetup = 1, type = FROZEN_TRANS, targetUid = 10354, pkgCmd = PKG_CMD_MAX
[2026-06-13T06:51:33.238Z] [ALL] 06-13 12:21:30.829  7763 13029 D IHansComunication: HANS sendMessageToKernel: threadId = 536992353456, netLinkSetup = 1, type = FROZEN_TRANS, targetUid = 10349, pkgCmd = PKG_CMD_MAX
[2026-06-13T06:51:33.610Z] [ALL] 06-13 12:21:31.188   858 28068 E TetherController: property_get sys.radio.data.modem_share_flag return 0, 1!
[2026-06-13T06:51:35.122Z] [ALL] 06-13 12:21:32.743 22664  7975 I NearbyMediums: Found Fast Ble Advertisements :
[2026-06-13T06:51:35.122Z] [ALL] 06-13 12:21:32.743 22664  7975 I NearbyMediums: BleAdvertisement { version=2, socketVersion=2, isFast=true, serviceIdHash=null, data=[ 0x23 0x46 0x41 0x55 0x44 0x11 0x16 0xea 0x4d 0x1e 0x41 0xfc 0x1f 0x24 0xd6 0x55 0xc3 0x60 0xf0 0x08 0xfa 0xec 0x94 ], deviceToken=[ 0x43 0x9b ], rxAdvertisement=null } : 1 times.
[2026-06-13T06:51:35.122Z] [ALL] 06-13 12:21:32.743 22664  7975 I NearbyMediums: BleAdvertisement { version=2, socketVersion=2, isFast=true, serviceIdHash=null, data=[ 0x23 0x44 0x54 0x50 0x4e 0x11 0x32 0x72 0xf6 0x98 0x9c 0xea 0x7a 0x00 0x08 0xd3 0xa5 0x1d 0x60 0x54 0x6b 0x9e 0x2c ], deviceToken=[ 0x66 0xba ], rxAdvertisement=null } : 1 times.
[2026-06-13T06:51:35.122Z] [ALL] 06-13 12:21:32.743 22664  7975 I NearbyMediums: Total 2 fast advertisements from 2 unique advertisers.
[2026-06-13T06:51:35.181Z] [ALL] 06-13 12:21:32.744 22664  7975 I NearbyMediums: Current Tracked Scanning Clients are : {NearbyConnections.EnvironmentMonitor, NearbySharing}
[2026-06-13T06:51:35.181Z] [ALL] 06-13 12:21:32.747 22664  6578 I NearbyConnections: Processing lost BlePeripheral BlePeripheral{advertisement=BleAdvertisement { version=2, socketVersion=2, isFast=true, serviceIdHash=null, data=[ 0x23 0x57 0x44 0x4f 0x32 0x11 0x16 0x2c 0xdd 0x5b 0x0b 0xea 0xcb 0x3a 0x55 0x2d 0x8e 0xa6 0x25 0xa8 0x20 0x8a 0xcf ], deviceToken=[ 0x9d 0x3f ], rxAdvertisement=null }, dctAdvertisement=null, address=null, psm=0, deviceToken=<ByteString@8d1c8f2 size=2 contents="\235?">, isSecondProfile=false, rxInstantConnectionAdv=null}.
[2026-06-13T06:51:35.181Z] [ALL] 06-13 12:21:32.747 22664  6578 I NearbyConnections: Lost BleEndpoint for BlePeripheral BlePeripheral{advertisement=BleAdvertisement { version=2, socketVersion=2, isFast=true, serviceIdHash=null, data=[ 0x23 0x57 0x44 0x4f 0x32 0x11 0x16 0x2c 0xdd 0x5b 0x0b 0xea 0xcb 0x3a 0x55 0x2d 0x8e 0xa6 0x25 0xa8 0x20 0x8a 0xcf ], deviceToken=[ 0x9d 0x3f ], rxAdvertisement=null }, dctAdvertisement=null, address=null, psm=0, deviceToken=<ByteString@8d1c8f2 size=2 contents="\235?">, isSecondProfile=false, rxInstantConnectionAdv=null} (with EndpointId WDO2 and EndpointInfo [ 0x16 0x2c 0xdd 0x5b 0x0b 0xea 0xcb 0x3a 0x55 0x2d 0x8e 0xa6 0x25 0xa8 0x20 0x8a 0xcf ]).
[2026-06-13T06:51:35.181Z] [ALL] 06-13 12:21:32.748 22664  6578 I NearbyConnections: ClientProxy(135143596) reporting onEndpointLost(WDO2)
[2026-06-13T06:51:35.181Z] [ALL] 06-13 12:21:32.750  1000  1064 D SurfaceFlinger: kickIdle 3026, 3004, 35, 0
[2026-06-13T06:51:35.181Z] [ALL] 06-13 12:21:32.751   882   882 E hwcomposer: [DRMDEV] DRM_IOCTL_MTK_KICK_IDLE failed, drm_id_crtc: 64, error: -1  
[2026-06-13T06:51:35.212Z] [ALL] 06-13 12:21:32.770 22664  6578 I NearbySharing: NearbySharing Internal event EndpointLost(endpointId=WDO2)
[2026-06-13T06:51:35.212Z] [ALL] 06-13 12:21:32.774   858 28068 E netd    : dispachCmd:oplusGetRtt
[2026-06-13T06:51:35.212Z] [ALL] 06-13 12:21:32.775   858 28068 E netd    : handleGetRttCmd: netId = 204, uid = 10355
[2026-06-13T06:51:35.212Z] [ALL] 06-13 12:21:32.777   858 28068 E netd    : dispachCmd cmd:oplusGetRtt  result:0
[2026-06-13T06:51:35.212Z] [ALL] 06-13 12:21:32.778   858 28068 E netd    : dispachCmd:oplusGetRtt
[2026-06-13T06:51:35.212Z] [ALL] 06-13 12:21:32.778   858 28068 E netd    : handleGetRttCmd: netId = 206, uid = 10355
[2026-06-13T06:51:35.212Z] [ALL] 06-13 12:21:32.780   858 28068 E netd    : dispachCmd cmd:oplusGetRtt  result:0
[2026-06-13T06:51:35.212Z] [ALL] 06-13 12:21:32.782  1695  2144 D OplusWifiConnect2: clientModeManager == null, getOplusSta2ConnectionInfo null
[2026-06-13T06:51:35.212Z] [ALL] 06-13 12:21:32.783  1695  2148 D WN_S    : isCellQualityGood is false, curscore =93, no need to switch lte
[2026-06-13T06:51:35.460Z] [ALL] 06-13 12:21:33.081  2744  2744 D OplusTelephonyController: onSignalStrengthChanged: SignalStrength=SignalStrength:{mCdma=CellSignalStrengthCdma: cdmaDbm=2147483647 cdmaEcio=2147483647 evdoDbm=2147483647 evdoEcio=2147483647 evdoSnr=2147483647 level=0,mGsm=CellSignalStrengthGsm: rssi=2147483647 ber=2147483647 mTa=2147483647 mLevel=0,mWcdma=CellSignalStrengthWcdma: ss=2147483647 ber=2147483647 rscp=2147483647 ecno=2147483647 level=0,mTdscdma=CellSignalStrengthTdscdma: rssi=2147483647 ber=2147483647 rscp=2147483647 level=0,mLte=CellSignalStrengthLte: rssi=2147483647 rsrp=2147483647 rsrq=2147483647 rssnr=2147483647 cqiTableIndex=2147483647 cqi=2147483647 ta=2147483647 level=0 parametersUseForLevel=0,mNr=CellSignalStrengthNr:{ csiRsrp = 2147483647 csiRsrq = 2147483647 csiCqiTableIndex = 2147483647 csiCqiReport = [] ssRsrp = -88 ssRsrq = -3 ssSinr = 16 level = 2 parametersUseForLevel = 0 },primary=CellSignalStrengthNr}, phoneId=0, mMtkLevel=0, mMtkRsrpOnly=false, mMtkLteRsrpThreshold=null, mMtkLteRssnrThreshold=null
[2026-06-13T06:51:35.552Z] [ALL] 06-13 12:21:33.128  1000  1064 D SurfaceFlinger: kickIdle 378, 346, 35, 0
[2026-06-13T06:51:35.552Z] [ALL] 06-13 12:21:33.129   882   882 E hwcomposer: [DRMDEV] DRM_IOCTL_MTK_KICK_IDLE failed, drm_id_crtc: 64, error: -1  
[2026-06-13T06:51:35.855Z] [ALL] 06-13 12:21:33.437  1695  2752 I OplusHansManager : uid=10343, pkg=io.appium.settings cannot transition from R to M, importance=fg-service
[2026-06-13T06:51:36.134Z] [ALL] 06-13 12:21:33.752   934   934 D vendor.oplus.hardware.charger@1.0-service: getPsyUsbType type: USB, ret_value = 3
[2026-06-13T06:51:36.134Z] [ALL] 06-13 12:21:33.752   934   934 D vendor.oplus.hardware.charger@1.0-service: getPsyUsbType type: USB is usb charging.
[2026-06-13T06:51:36.149Z] [ALL] 06-13 12:21:33.765   934   934 D vendor.oplus.hardware.charger@1.0-service: getPsyUsbType type: USB, ret_value = 3
[2026-06-13T06:51:36.149Z] [ALL] 06-13 12:21:33.765   934   934 D vendor.oplus.hardware.charger@1.0-service: getPsyUsbType type: USB is usb charging.
[2026-06-13T06:51:36.208Z] [ALL] 06-13 12:21:33.829   924   930 E PerformanceService: storage_feature: open /sys/devices/platform/soc/112b0000.ufshci//virtualtlcbuff fail
[2026-06-13T06:51:36.264Z] [ALL] 06-13 12:21:33.846   934   934 D vendor.oplus.hardware.charger@1.0-service: getChargerControl:
[2026-06-13T06:51:36.791Z] [ALL] 06-13 12:21:34.414  1284  1284 I thermal_repeater: [recvMdThermalInfo] ret=33, strLen=127,  4, 45, -50, -28457, 32767, 14084
[2026-06-13T06:51:37.090Z] [ALL] 06-13 12:21:34.714   891   978 W AString : ctor got NULL, using empty string instead
[2026-06-13T06:51:37.114Z] [ALL] 06-13 12:21:34.714   891   978 I sensors-hal-SensorSavedChannel: [8805,-27444,4377]==>gyro_bias.json
[2026-06-13T06:51:38.206Z] [ALL] 06-13 12:21:35.828   858 28068 E netd    : dispachCmd:oplusGetRtt
[2026-06-13T06:51:38.243Z] [ALL] 06-13 12:21:35.828   858 28068 E netd    : handleGetRttCmd: netId = 204, uid = 10355
[2026-06-13T06:51:38.243Z] [ALL] 06-13 12:21:35.831   858 28068 E netd    : dispachCmd cmd:oplusGetRtt  result:0
[2026-06-13T06:51:38.253Z] [ALL] 06-13 12:21:35.832   858  5601 E netd    : dispachCmd:oplusGetRtt
[2026-06-13T06:51:38.253Z] [ALL] 06-13 12:21:35.832   858  5601 E netd    : handleGetRttCmd: netId = 206, uid = 10355
[2026-06-13T06:51:38.253Z] [ALL] 06-13 12:21:35.835   858  5601 E netd    : dispachCmd cmd:oplusGetRtt  result:0
[2026-06-13T06:51:38.253Z] [ALL] 06-13 12:21:35.838  1695  2144 D OplusWifiConnect2: clientModeManager == null, getOplusSta2ConnectionInfo null
[2026-06-13T06:51:38.253Z] [ALL] 06-13 12:21:35.840  1695  2148 D WN_S    : isCellQualityGood is false, curscore =92, no need to switch lte
[2026-06-13T06:51:38.599Z] [ALL] 06-13 12:21:36.220   858  5601 E TetherController: property_get sys.radio.data.modem_share_flag return 0, 1!
[2026-06-13T06:51:39.744Z] [ALL] 06-13 12:21:37.366 22664  6569 I NearbyConnections: Found BleAdvertisement [ 0x23 0x57 0x44 0x4f 0x32 0x11 0x16 0x2c 0xdd 0x5b 0x0b 0xea 0xcb 0x3a 0x55 0x2d 0x8e 0xa6 0x25 0xa8 0x20 0x8a 0xcf ] (with EndpointId WDO2 and EndpointInfo [ 0x16 0x2c 0xdd 0x5b 0x0b 0xea 0xcb 0x3a 0x55 0x2d 0x8e 0xa6 0x25 0xa8 0x20 0x8a 0xcf ])
[2026-06-13T06:51:39.799Z] [ALL] 06-13 12:21:37.376 22664  6569 I NearbyConnections: ClientProxy(135143596 0p:com.google.android.gms.nearby.sharing) reporting onEndpointFound(WDO2)
[2026-06-13T06:51:39.799Z] [ALL] 06-13 12:21:37.377 22664  7869 I NearbySharing: NearbySharing Internal event EndpointDiscovered(endpointId=WDO2)
[2026-06-13T06:51:39.799Z] [ALL] 06-13 12:21:37.377 22664  6569 I NearbyConnections: ClientProxy(135143596) reporting onEndpointDistanceChanged(WDO2, UNKNOWN)
[2026-06-13T06:51:39.831Z] [ALL] 06-13 12:21:37.452  1695  1730 D AES     : AEEIOCTL_GET/SET_SF_STATE IOCTL,cmd= 1074294797, lParam=0. 
[2026-06-13T06:51:39.847Z] [ALL] 06-13 12:21:37.452  1695  1730 D AES     : AEEIOCTL_RT_MON_Kick IOCTL,cmd= 2147774474, lParam=300. 
[2026-06-13T06:51:40.454Z] [ALL] 06-13 12:21:38.076 13599 14405 D ScreenStatusProducer: Current queue status: isIdle = true, isPolling = true
[2026-06-13T06:51:40.581Z] [ALL] 06-13 12:21:38.199  2744  2744 D OplusTelephonyController: onSignalStrengthChanged: SignalStrength=SignalStrength:{mCdma=CellSignalStrengthCdma: cdmaDbm=2147483647 cdmaEcio=2147483647 evdoDbm=2147483647 evdoEcio=2147483647 evdoSnr=2147483647 level=0,mGsm=CellSignalStrengthGsm: rssi=2147483647 ber=2147483647 mTa=2147483647 mLevel=0,mWcdma=CellSignalStrengthWcdma: ss=2147483647 ber=2147483647 rscp=2147483647 ecno=2147483647 level=0,mTdscdma=CellSignalStrengthTdscdma: rssi=2147483647 ber=2147483647 rscp=2147483647 level=0,mLte=CellSignalStrengthLte: rssi=2147483647 rsrp=2147483647 rsrq=2147483647 rssnr=2147483647 cqiTableIndex=2147483647 cqi=2147483647 ta=2147483647 level=0 parametersUseForLevel=0,mNr=CellSignalStrengthNr:{ csiRsrp = 2147483647 csiRsrq = 2147483647 csiCqiTableIndex = 2147483647 csiCqiReport = [] ssRsrp = -89 ssRsrq = -3 ssSinr = 16 level = 2 parametersUseForLevel = 0 },primary=CellSignalStrengthNr}, phoneId=0, mMtkLevel=0, mMtkRsrpOnly=false, mMtkLteRsrpThreshold=null, mMtkLteRssnrThreshold=null
[2026-06-13T06:51:40.674Z] [ALL] 06-13 12:21:38.232  1000  1064 D SurfaceFlinger: kickIdle 5104, 5074, 34, 0
[2026-06-13T06:51:40.674Z] [ALL] 06-13 12:21:38.233   882   882 E hwcomposer: [DRMDEV] DRM_IOCTL_MTK_KICK_IDLE failed, drm_id_crtc: 64, error: -1  
[2026-06-13T06:51:41.239Z] [ALL] 06-13 12:21:38.830   924   930 E PerformanceService: storage_feature: open /sys/devices/platform/soc/112b0000.ufshci//virtualtlcbuff fail
[2026-06-13T06:51:41.272Z] [ALL] 06-13 12:21:38.854   934   934 D vendor.oplus.hardware.charger@1.0-service: getChargerControl:
[2026-06-13T06:51:41.289Z] [ALL] 06-13 12:21:38.898   858  5601 E netd    : dispachCmd:oplusGetRtt
[2026-06-13T06:51:41.289Z] [ALL] 06-13 12:21:38.898   858  5601 E netd    : handleGetRttCmd: netId = 204, uid = 10355
[2026-06-13T06:51:41.312Z] [ALL] 06-13 12:21:38.901   858  5601 E netd    : dispachCmd cmd:oplusGetRtt  result:0
[2026-06-13T06:51:41.312Z] [ALL] 06-13 12:21:38.901   858  5601 E netd    : dispachCmd:oplusGetRtt
[2026-06-13T06:51:41.312Z] [ALL] 06-13 12:21:38.902   858  5601 E netd    : handleGetRttCmd: netId = 206, uid = 10355
[2026-06-13T06:51:41.312Z] [ALL] 06-13 12:21:38.904   858  5601 E netd    : dispachCmd cmd:oplusGetRtt  result:0
[2026-06-13T06:51:41.312Z] [ALL] 06-13 12:21:38.907  1695  2144 D OplusWifiConnect2: clientModeManager == null, getOplusSta2ConnectionInfo null
[2026-06-13T06:51:41.312Z] [ALL] 06-13 12:21:38.907  1695  2148 D WN_S    : isCellQualityGood is false, curscore =87, no need to switch lte
[2026-06-13T06:51:41.399Z] [ALL] 06-13 12:21:39.023 13599 13803 D ScreenStatusProducer: Current queue status: isIdle = true, isPolling = true
[2026-06-13T06:51:41.640Z] [ALL] 06-13 12:21:39.224   891   981 E VirtualSensors: pedo minute, step_count = 18284, report_count = 5500 move_statust = 0 ,time_gap = 0 , step_run_count = 0 , step_walk_count = 18284
[2026-06-13T06:51:41.640Z] [ALL] 06-13 12:21:39.224   891   981 E power   : ISystemSuspend::getService() failed.
[2026-06-13T06:51:41.640Z] [ALL] 06-13 12:21:39.224   891   981 E VirtualSensors: post_events : call
[2026-06-13T06:51:41.640Z] [ALL] 06-13 12:21:39.229  1695  2069 E AppOps  : attributionTag  not declared in manifest of com.oplus.exsystemservice
[2026-06-13T06:51:41.662Z] [ALL] 06-13 12:21:39.230  1695  2069 E AppOps  : attributionTag  not declared in manifest of com.oplus.exsystemservice
[2026-06-13T06:51:41.662Z] [ALL] 06-13 12:21:39.231  2328  2328 I StepApp_StepDataPreHandler: (main)onSensorChanged raw data: step=18284.0 state=0.0 minuteDelta=0.0 timestamp=330026366950142 steprun=0.0 stepwalk=18284.0 formatted data: step=18284 state=0 timestamp=330026366950142 time=1781333499221 steprun=0 stepwalk=18284
[2026-06-13T06:51:41.662Z] [ALL] 06-13 12:21:39.232  2328  4540 I StepApp_StepDataSaver: (StepDataDispatcher)getNewFixedOffsetStep type is STEP
[2026-06-13T06:51:41.662Z] [ALL] 06-13 12:21:39.233  2328  4540 I StepApp_StepDataSaver: (StepDataDispatcher)isRebootCountStep:false	 lastRealTimeStamp = 1781333400000	 bootTimestamp = 1781003472854	 mLastModifiedMinuteTime = 2026-06-13-12-20
[2026-06-13T06:51:41.687Z] [ALL] 06-13 12:21:39.233  2328  4540 I StepApp_StepDataSaver: (StepDataDispatcher)calOffSet:sensorStep = 18284	 lastModifiedStep = 18284	 offSet = 0
[2026-06-13T06:51:41.687Z] [ALL] 06-13 12:21:39.233  2328  4540 I StepApp_StepDataSaver: (StepDataDispatcher)getNewFixedOffsetStep type is RUN
[2026-06-13T06:51:41.687Z] [ALL] 06-13 12:21:39.233  2328  4540 I StepApp_StepDataSaver: (StepDataDispatcher)isRebootCountStep:false	 lastRealTimeStamp = 1781333400000	 bootTimestamp = 1781003472854	 mLastModifiedMinuteTime = 2026-06-13-12-20
[2026-06-13T06:51:41.687Z] [ALL] 06-13 12:21:39.233  2328  4540 I StepApp_StepDataSaver: (StepDataDispatcher)calOffSet:sensorStep = 0	 lastModifiedStep = 0	 offSet = 0
[2026-06-13T06:51:41.687Z] [ALL] 06-13 12:21:39.233  2328  4540 I StepApp_StepDataSaver: (StepDataDispatcher)getNewFixedOffsetStep type is WALK
[2026-06-13T06:51:41.687Z] [ALL] 06-13 12:21:39.234  2328  4540 I StepApp_StepDataSaver: (StepDataDispatcher)isRebootCountStep:false	 lastRealTimeStamp = 1781333400000	 bootTimestamp = 1781003472854	 mLastModifiedMinuteTime = 2026-06-13-12-20
[2026-06-13T06:51:41.687Z] [ALL] 06-13 12:21:39.234  2328  4540 I StepApp_StepDataSaver: (StepDataDispatcher)calOffSet:sensorStep = 18284	 lastModifiedStep = 18284	 offSet = 0
[2026-06-13T06:51:42.002Z] [ALL] 06-13 12:21:39.629   934   934 D vendor.oplus.hardware.charger@1.0-service: getPsyUsbType type: USB, ret_value = 3
[2026-06-13T06:51:42.071Z] [ALL] 06-13 12:21:39.629   934   934 D vendor.oplus.hardware.charger@1.0-service: getPsyUsbType type: USB is usb charging.
[2026-06-13T06:51:42.151Z] [ALL] 06-13 12:21:39.641   934   934 D vendor.oplus.hardware.charger@1.0-service: getPsyUsbType type: USB, ret_value = 3
[2026-06-13T06:51:42.151Z] [ALL] 06-13 12:21:39.641   934   934 D vendor.oplus.hardware.charger@1.0-service: getPsyUsbType type: USB is usb charging.
[2026-06-13T06:51:42.560Z] [ALL] 06-13 12:21:40.138  2536 27711 D IpClient/wlan0: interfaceLinkStateChanged: ifindex 34 up
[2026-06-13T06:51:42.560Z] [ALL] 06-13 12:21:40.142  2536 27711 D IpClient/wlan0: addressUpdated: 2401:4900:ca8d:86a7:88b3:858b:e3e5:ff83/64 on ifindex 34 flags 0x00000001 scope 0
[2026-06-13T06:51:42.560Z] [ALL] 06-13 12:21:40.142  2536 27711 W AlarmManager: Unrecognized alarm listener com.android.networkstack.android.net.ip.IpClientLinkObserver$Dhcp6PdPreferredPrefixAlarmListener@b00326c
[2026-06-13T06:51:43.314Z] [ALL] 06-13 12:21:40.882  1000  1064 D SurfaceFlinger: kickIdle 2649, 2617, 35, 0
[2026-06-13T06:51:43.314Z] [ALL] 06-13 12:21:40.883   882   882 E hwcomposer: [DRMDEV] DRM_IOCTL_MTK_KICK_IDLE failed, drm_id_crtc: 64, error: -1  
[2026-06-13T06:51:43.629Z] [ALL] 06-13 12:21:41.249   858  5601 E TetherController: property_get sys.radio.data.modem_share_flag return 0, 1!
[2026-06-13T06:51:44.040Z] [ALL] 06-13 12:21:41.666 22664  6569 I FusedLocation: (REDACTED) location delivery to %s blocked - too close
[2026-06-13T06:51:44.113Z] [ALL] 06-13 12:21:41.667 22664  6569 I FusedLocation: (REDACTED) location delivery to %s blocked - too fast
[2026-06-13T06:51:44.138Z] [ALL] 06-13 12:21:41.668  1695  4421 D LocationManagerService: incoming location from: fused
[2026-06-13T06:51:44.138Z] [ALL] 06-13 12:21:41.668  1695  4421 D LocationManagerService: incoming location from: fused
[2026-06-13T06:51:44.138Z] [ALL] 06-13 12:21:41.673 22664  6569 I FusedLocation: (REDACTED) location delivery to %s blocked - too close
[2026-06-13T06:51:44.138Z] [ALL] 06-13 12:21:41.676 22664  6569 I FusedLocation: (REDACTED) location delivery to %s blocked - too close
[2026-06-13T06:51:44.138Z] [ALL] 06-13 12:21:41.676 24312 24312 D LocationTracker: Got a location update from Play Services
[2026-06-13T06:51:44.359Z] [ALL] 06-13 12:21:41.966   858  5601 E netd    : dispachCmd:oplusGetRtt
[2026-06-13T06:51:44.359Z] [ALL] 06-13 12:21:41.966   858  5601 E netd    : handleGetRttCmd: netId = 204, uid = 10355
[2026-06-13T06:51:44.359Z] [ALL] 06-13 12:21:41.970   858  5601 E netd    : dispachCmd cmd:oplusGetRtt  result:0
[2026-06-13T06:51:44.359Z] [ALL] 06-13 12:21:41.970   858 28068 E netd    : dispachCmd:oplusGetRtt
[2026-06-13T06:51:44.359Z] [ALL] 06-13 12:21:41.970   858 28068 E netd    : handleGetRttCmd: netId = 206, uid = 10355
[2026-06-13T06:51:44.359Z] [ALL] 06-13 12:21:41.974   858 28068 E netd    : dispachCmd cmd:oplusGetRtt  result:0
[2026-06-13T06:51:44.359Z] [ALL] 06-13 12:21:41.977  1695  2144 D OplusWifiConnect2: clientModeManager == null, getOplusSta2ConnectionInfo null
[2026-06-13T06:51:44.359Z] [ALL] 06-13 12:21:41.977  1695  2148 D WN_S    : isCellQualityGood is false, curscore =83, no need to switch lte
[2026-06-13T06:51:44.387Z] [ALL] 06-13 12:21:41.993  1000  1064 D SurfaceFlinger: kickIdle 1111, 1078, 35, 0
[2026-06-13T06:51:44.388Z] [ALL] 06-13 12:21:41.994   882   882 E hwcomposer: [DRMDEV] DRM_IOCTL_MTK_KICK_IDLE failed, drm_id_crtc: 64, error: -1  
[2026-06-13T06:51:44.423Z] [ALL] 06-13 12:21:42.024  2744  2744 D OplusTelephonyController: onSignalStrengthChanged: SignalStrength=SignalStrength:{mCdma=CellSignalStrengthCdma: cdmaDbm=2147483647 cdmaEcio=2147483647 evdoDbm=2147483647 evdoEcio=2147483647 evdoSnr=2147483647 level=0,mGsm=CellSignalStrengthGsm: rssi=2147483647 ber=2147483647 mTa=2147483647 mLevel=0,mWcdma=CellSignalStrengthWcdma: ss=2147483647 ber=2147483647 rscp=2147483647 ecno=2147483647 level=0,mTdscdma=CellSignalStrengthTdscdma: rssi=2147483647 ber=2147483647 rscp=2147483647 level=0,mLte=CellSignalStrengthLte: rssi=2147483647 rsrp=2147483647 rsrq=2147483647 rssnr=2147483647 cqiTableIndex=2147483647 cqi=2147483647 ta=2147483647 level=0 parametersUseForLevel=0,mNr=CellSignalStrengthNr:{ csiRsrp = 2147483647 csiRsrq = 2147483647 csiCqiTableIndex = 2147483647 csiCqiReport = [] ssRsrp = -84 ssRsrq = -5 ssSinr = 19 level = 2 parametersUseForLevel = 0 },primary=CellSignalStrengthNr}, phoneId=0, mMtkLevel=0, mMtkRsrpOnly=false, mMtkLteRsrpThreshold=null, mMtkLteRssnrThreshold=null
[2026-06-13T06:51:44.455Z] [ALL] 06-13 12:21:42.066  1000  1064 D SurfaceFlinger: kickIdle 72, 46, 35, 0
[2026-06-13T06:51:44.480Z] [ALL] 06-13 12:21:42.066   882   882 E hwcomposer: [DRMDEV] DRM_IOCTL_MTK_KICK_IDLE failed, drm_id_crtc: 64, error: -1  
[2026-06-13T06:51:44.480Z] [ALL] 06-13 12:21:42.068  7763  7793 E IHansComunication: HANS printMessageBody: RCV message: type = 0,port = 86870,caller_pid = 1695,caller_uid = 1000,target_pid = 7392,target_uid = 10349,pkg_cmd = -1,rpc = android.accessibilityservice.IAccessibilityServiceClient/2
[2026-06-13T06:51:44.480Z] [ALL] 06-13 12:21:42.072  1695  2771 I OplusHansManager : unfreeze uid: 10349 io.appium.uiautomator2.server pids: [7392] reason: AsyncBinder scene: LcdOn
[2026-06-13T06:51:44.480Z] [ALL] 06-13 12:21:42.073  1695  2752 I OplusHansManager : uid=10349, pkg=io.appium.uiautomator2.server, transition from F to Middle, reason=AsyncBinder
[2026-06-13T06:51:44.480Z] [ALL] 06-13 12:21:42.073  1695  2752 I OplusHansManager : uid=10349, pkg=io.appium.uiautomator2.server F exit(), F stay=12, reason=AsyncBinder
[2026-06-13T06:51:44.531Z] [ALL] 06-13 12:21:42.157  8013  8013 D ExtensionsLoader: createInstance(64bit) : createExtendedFactory
[2026-06-13T06:51:44.531Z] [ALL] 06-13 12:21:42.157  8013  8013 D ExtensionsLoader: Opened libguiextimpl.so
[2026-06-13T06:51:44.577Z] [ALL] 06-13 12:21:42.170  8013  8013 D AVStageUtils: Opened liboplusavenhancements.so
[2026-06-13T06:51:44.577Z] [ALL] 06-13 12:21:42.170  8013  8013 D AVStageUtils: createInstance(64bit): createVendorAVUtils success!
[2026-06-13T06:51:44.577Z] [ALL] 06-13 12:21:42.170  8013  8013 D OplusUtils: OplusUtils [89]: 
[2026-06-13T06:51:44.577Z] [ALL] 06-13 12:21:42.171  8013  8013 D AVMediaServiceFactory: Opened liboplusavenhancements.so
[2026-06-13T06:51:44.577Z] [ALL] 06-13 12:21:42.171  8013  8013 D AVMediaServiceFactory: createInstance(64bit): createExtendedMediaServiceFactory success!
[2026-06-13T06:51:44.577Z] [ALL] 06-13 12:21:42.171  8013  8013 D AVNuFactory: Opened liboplusavenhancements.so
[2026-06-13T06:51:44.577Z] [ALL] 06-13 12:21:42.171  8013  8013 D AVNuFactory: createInstance(64bit): createExtendedNuFactory success!
[2026-06-13T06:51:44.577Z] [ALL] 06-13 12:21:42.172  8013  8013 D AVStageFactory: Opened liboplusavenhancements.so
[2026-06-13T06:51:44.577Z] [ALL] 06-13 12:21:42.172  8013  8013 D AVStageFactory: createInstance(64bit): createVendorAVFactory success!
[2026-06-13T06:51:44.577Z] [ALL] 06-13 12:21:42.172  8013  8013 D AVStageUtils: createInstance(64bit): createVendorAVUtils success!
[2026-06-13T06:51:44.577Z] [ALL] 06-13 12:21:42.172  8013  8013 D OplusUtils: OplusUtils [89]: 
[2026-06-13T06:51:44.577Z] [ALL] 06-13 12:21:42.172  8013  8013 D AVStageFactory: createInstance(64bit): createVendorAVFactory success!
[2026-06-13T06:51:44.577Z] [ALL] 06-13 12:21:42.172  8013  8013 D AVStageUtils: createInstance(64bit): createVendorAVUtils success!
[2026-06-13T06:51:44.577Z] [ALL] 06-13 12:21:42.172  8013  8013 D OplusUtils: OplusUtils [89]: 
[2026-06-13T06:51:44.577Z] [ALL] 06-13 12:21:42.172  8013  8013 D AVMediaServiceFactory: createInstance(64bit): createExtendedMediaServiceFactory success!
[2026-06-13T06:51:44.577Z] [ALL] 06-13 12:21:42.172  8013  8013 D AVNuFactory: createInstance(64bit): createExtendedNuFactory success!
[2026-06-13T06:51:44.622Z] [ALL] 06-13 12:21:42.172  8013  8013 D AVStageFactory: Opened liboplusavenhancements.so
[2026-06-13T06:51:44.622Z] [ALL] 06-13 12:21:42.172  8013  8013 D AVStageFactory: createInstance(64bit): createVendorAVFactory success!
[2026-06-13T06:51:44.622Z] [ALL] 06-13 12:21:42.172  8013  8013 D AVStageUtils: createInstance(64bit): createVendorAVUtils success!
[2026-06-13T06:51:44.622Z] [ALL] 06-13 12:21:42.172  8013  8013 D OplusUtils: OplusUtils [89]: 
[2026-06-13T06:51:44.622Z] [ALL] 06-13 12:21:42.173  8013  8013 E screencap: createInstance(64bit) : createExtendedFactory
[2026-06-13T06:51:44.622Z] [ALL] 06-13 12:21:42.174  8013  8013 E screencap: createInstance(64bit) : createExtendedFactory
[2026-06-13T06:51:44.622Z] [ALL] 06-13 12:21:42.175  8013  8013 E screencap: Opened libinputextensionsimpl.so
[2026-06-13T06:51:44.622Z] [ALL] 06-13 12:21:42.175  8013  8013 E screencap: Opened libinputextensionsimpl.so
[2026-06-13T06:51:44.622Z] [ALL] 06-13 12:21:42.175  8013  8013 E screencap: createInstance(64bit) : createExtendedFactory
[2026-06-13T06:51:44.622Z] [ALL] 06-13 12:21:42.175  8013  8013 E screencap: createInstance(64bit) : createExtendedFactory
[2026-06-13T06:51:44.622Z] [ALL] 06-13 12:21:42.175  8013  8013 E screencap: Opened libsensorextimpl.so
[2026-06-13T06:51:44.622Z] [ALL] 06-13 12:21:42.175  8013  8013 E screencap: Opened libsensorextimpl.so
[2026-06-13T06:51:44.622Z] [ALL] 06-13 12:21:42.186  8013  8013 W ProcessState: Extra binder thread started, but 0 threads requested. Do not use *startThreadPool when zero threads are requested.
[2026-06-13T06:51:44.672Z] [ALL] 06-13 12:21:42.223   600   600 I servicemanager: Could not find android.hardware.graphics.allocator.IAllocator/default in the VINTF manifest.
[2026-06-13T06:51:44.672Z] [ALL] 06-13 12:21:42.224  8013  8013 E ion     : ioctl c0044901 failed with code -1: Invalid argument
[2026-06-13T06:51:44.672Z] [ALL] 06-13 12:21:42.238   891   978 W AString : ctor got NULL, using empty string instead
[2026-06-13T06:51:44.672Z] [ALL] 06-13 12:21:42.238   891   978 I sensors-hal-SensorSavedChannel: [8829,-27387,4374]==>gyro_bias.json
[2026-06-13T06:51:44.853Z] [ALL] 06-13 12:21:42.429  8013  8013 W RefBase : RefBase: Explicit destruction, weak count = 0 (in 0x7e4dba1f40). Use sp<> to manage this object.