[2026-06-14T09:31:39.259Z] [ALL] 06-14 15:01:36.331 11609 11609 W libbinder.BackendUnifiedServiceManager: Thread Pool max thread count is 0. Cannot cache binder as linkToDeath cannot be implemented. serviceName: window
[2026-06-14T09:31:39.301Z] [ALL] 06-14 15:01:36.374 10725 10763 I appium  : channel read: POST /session/e97b7abb-6aa8-4e9c-b8b4-b3047c3ed272/element
[2026-06-14T09:31:39.302Z] [ALL] 06-14 15:01:36.376 10725 10763 I appium  : FindElement command
[2026-06-14T09:31:39.304Z] [ALL] 06-14 15:01:36.377 10725 10763 I appium  : method: 'xpath', selector: '//*[@text="Use Email OTP instead" or @text="Use Password instead" or contains(@text, "OTP") or contains(@text, "Password instead") or contains(@text, "ఓటిపి") or contains(@text, "பயன்படுத்து") or contains(@text, "उपयोग") or contains(@text, "వాడండి")]'
[2026-06-14T09:31:39.304Z] [ALL] 06-14 15:01:36.377 10725 10763 I appium  : Waiting up to 10000ms for the device to idle
[2026-06-14T09:31:39.308Z] [ALL] 06-14 15:01:36.380 10725 10763 I appium  : The following attributes will be included to the page source: [text]
[2026-06-14T09:31:39.370Z] [ALL] 06-14 15:01:36.435  1486  1828 I SemWifiServiceDetector: Service det. suspended: T / T / 19967
[2026-06-14T09:31:39.519Z] [ALL] 06-14 15:01:36.591 10725 10763 I appium  : Took 0ms to retrieve 1 matches for '//*[@text="Use Email OTP instead" or @text="Use Password instead" or contains(@text, "OTP") or contains(@text, "Password instead") or contains(@text, "ఓటిపి") or contains(@text, "பயன்படுத்து") or contains(@text, "उपयोग") or contains(@text, "వాడండి")]' XPath2 query
[2026-06-14T09:31:39.523Z] [ALL] 06-14 15:01:36.593 10725 10763 I appium  : AppiumResponse: {"sessionId":"e97b7abb-6aa8-4e9c-b8b4-b3047c3ed272","value":{"ELEMENT":"00000000-0000-0138-0000-005500000004","element-6066-11e4-a52e-4f735466cecf":"00000000-0000-0138-0000-005500000004"}}
[2026-06-14T09:31:39.540Z] [ALL] 06-14 15:01:36.612 10725 10763 I appium  : channel read: GET /session/e97b7abb-6aa8-4e9c-b8b4-b3047c3ed272/element/00000000-0000-0138-0000-005500000004/attribute/displayed
[2026-06-14T09:31:39.540Z] [ALL] 06-14 15:01:36.613 10725 10763 I appium  : GetElementAttribute command
[2026-06-14T09:31:39.559Z] [ALL] 06-14 15:01:36.620 10725 10763 I appium  : AppiumResponse: {"sessionId":"e97b7abb-6aa8-4e9c-b8b4-b3047c3ed272","value":"true"}
[2026-06-14T09:31:39.596Z] [ALL] 06-14 15:01:36.656 10725 10763 I appium  : channel read: POST /session/e97b7abb-6aa8-4e9c-b8b4-b3047c3ed272/element/00000000-0000-0138-0000-005500000004/click
[2026-06-14T09:31:39.598Z] [ALL] 06-14 15:01:36.656 10725 10763 I appium  : Click command
[2026-06-14T09:31:39.598Z] [ALL] 06-14 15:01:36.668  1149  1317 D SurfaceFlinger: setDesiredMode 4633128672291736000 {mode={fps=120.00 Hz, modePtr={id=0, vsyncRate=120.00 Hz, peakRefreshRate=120.00 Hz}}, emitEvent=false, force=false}
[2026-06-14T09:31:39.598Z] [ALL] 06-14 15:01:36.669  1149  1280 I SurfaceFlinger: Current= 60, Period= 120, hwcPeriod= 60
[2026-06-14T09:31:39.606Z] [ALL] 06-14 15:01:36.678  1149  1280 I SurfaceFlinger: Current= 60, Period= 120, hwcPeriod= 60
[2026-06-14T09:31:39.618Z] [ALL] 06-14 15:01:36.688  1149  1149 I SurfaceFlinger: No layers with votes - choose 120.00 Hz
[2026-06-14T09:31:39.624Z] [ALL] 06-14 15:01:36.690  1149  1149 D SurfaceFlinger: initiateModeChange 4633128672291736000 {mode={fps=120.00 Hz, modePtr={id=0, vsyncRate=120.00 Hz, peakRefreshRate=120.00 Hz}}, emitEvent=false, force=false}
[2026-06-14T09:31:39.624Z] [ALL] 06-14 15:01:36.690  1149  1149 I SurfaceFlinger: [4633128672291736000] ActiveConfigToHWC, ID : 3
[2026-06-14T09:31:39.626Z] [ALL] 06-14 15:01:36.694  1062 15192 D display : setActiveConfigWithConstraints:: PrimaryDisplay config(3)
[2026-06-14T09:31:39.626Z] [ALL] 06-14 15:01:36.694  1062 15192 I display : Current VRR MODE is 3
[2026-06-14T09:31:39.626Z] [ALL] 06-14 15:01:36.694  1062 15192 I display : setActiveConfigWithConstraints:: HFR match - config: 3, base: 3, try: 1
[2026-06-14T09:31:39.626Z] [ALL] 06-14 15:01:36.694  1062 15192 I display : setActiveConfigWithConstraints::update 1080x2340@120hs
[2026-06-14T09:31:39.626Z] [ALL] 06-14 15:01:36.695  1062 15192 I display : commit modeset : 1080x2340@120hs
[2026-06-14T09:31:39.647Z] [ALL] 06-14 15:01:36.710  1062 15192 W display : deliverWinConfigData:: commit modeset time (15 ms)
[2026-06-14T09:31:39.653Z] [ALL] 06-14 15:01:36.712  1062  1159 I display : [compareVsyncPeriod] set the lowest(mode:0) vsync 83 of display(0)
[2026-06-14T09:31:39.655Z] [ALL] 06-14 15:01:36.712  1062  1159 I display : getFpsForPerformance, performance table found using table(key:120, cpu:255)
[2026-06-14T09:31:39.655Z] [ALL] 06-14 15:01:36.712  1062  1159 I display : Set m2mMPP capacity(4) for fps(120)
[2026-06-14T09:31:39.658Z] [ALL] 06-14 15:01:36.712  1062  1159 I display : getFpsForPerformance, performance table found using table(key:120, cpu:255)
[2026-06-14T09:31:39.658Z] [ALL] 06-14 15:01:36.712  1062  1159 I display : Set Affinity config for fps(120) : cpuIDs : 255
[2026-06-14T09:31:39.658Z] [ALL] 06-14 15:01:36.712  1062  1159 I display : Set Affinity CPU ID : 0
[2026-06-14T09:31:39.658Z] [ALL] 06-14 15:01:36.712  1062  1159 I display : Set Affinity CPU ID : 1
[2026-06-14T09:31:39.658Z] [ALL] 06-14 15:01:36.712  1062  1159 I display : Set Affinity CPU ID : 2
[2026-06-14T09:31:39.658Z] [ALL] 06-14 15:01:36.712  1062  1159 I display : Set Affinity CPU ID : 3
[2026-06-14T09:31:39.658Z] [ALL] 06-14 15:01:36.712  1062  1159 I display : Set Affinity CPU ID : 4
[2026-06-14T09:31:39.658Z] [ALL] 06-14 15:01:36.713  1062  1159 I display : Set Affinity CPU ID : 5
[2026-06-14T09:31:39.658Z] [ALL] 06-14 15:01:36.713  1062  1159 I display : Set Affinity CPU ID : 6
[2026-06-14T09:31:39.658Z] [ALL] 06-14 15:01:36.713  1062  1159 I display : Set Affinity CPU ID : 7
[2026-06-14T09:31:39.658Z] [ALL] 06-14 15:01:36.713  1062  1159 I display : Set affinity HWC : 1062
[2026-06-14T09:31:39.658Z] [ALL] 06-14 15:01:36.713  1149  1149 I SurfaceFlinger: finalizeDisplayModeChange 4633128672291736000
[2026-06-14T09:31:39.658Z] [ALL] 06-14 15:01:36.715  1062  1159 I display : CPU set : Cluster(0), min_clock(0)
[2026-06-14T09:31:39.658Z] [ALL] 06-14 15:01:36.716  1062  1159 I display : CPU set : Cluster(1), min_clock(0)
[2026-06-14T09:31:39.658Z] [ALL] 06-14 15:01:36.716  1062  1159 I display : CPU set : Cluster(2), min_clock(0)
[2026-06-14T09:31:39.658Z] [ALL] 06-14 15:01:36.716  1149  1280 I SurfaceFlinger: Current= 60, Period= 120, hwcPeriod= 120
[2026-06-14T09:31:39.658Z] [ALL] 06-14 15:01:36.720  1486  2866 D InputDispatcher: Inject motion (10713/2000): action=0x0, time=180311053000000, f=0x0, d=0 dsdx=1.000000 dtdx=0.000000
[2026-06-14T09:31:39.658Z] [ALL] 06-14 15:01:36.721  1486  1665 I InputDispatcher: Delivering touch to (2112): action: 0x4, f=0x0, d=0, '1dcab54', t=1 
[2026-06-14T09:31:39.658Z] [ALL] 06-14 15:01:36.721  1486  1665 I InputDispatcher: Delivering touch to (11061): action: 0x0, f=0x0, d=0, 'b24f455', t=1 
[2026-06-14T09:31:39.658Z] [ALL] 06-14 15:01:36.721  1486  1665 D PowerManagerService: [api] userActivityFromNative : touch displayId=0 eventTime=180311053
[2026-06-14T09:31:39.658Z] [ALL] 06-14 15:01:36.722  1486  1665 D PowerManagerService: clear abuse wakelock
[2026-06-14T09:31:39.658Z] [ALL] 06-14 15:01:36.722  1486  1665 D PowerManagerService: UserActivityStateListenerState: 1
[2026-06-14T09:31:39.658Z] [ALL] 06-14 15:01:36.722  1486  1665 D PowerManagerService: UserActivityState : 2 -> 1 groupId=0
[2026-06-14T09:31:39.658Z] [ALL] 06-14 15:01:36.722 11061 11061 I VRI[MainActivity]@99da679: ViewPostIme pointer 0
[2026-06-14T09:31:39.658Z] [ALL] 06-14 15:01:36.722  1486  1665 D PowerManagerService: displayReady: false groupId=0
[2026-06-14T09:31:39.658Z] [ALL] 06-14 15:01:36.722  2619  2619 I HoneySpace.InputConsumerFactory: checkMultiFingerGesture: returning NO_OP - gesture disabled or blocked
[2026-06-14T09:31:39.658Z] [ALL] 06-14 15:01:36.723  2619  2619 I HoneySpace.GestureInputHandler: inputConsumers = [com.honeyspace.gesture.inputconsumer.InputConsumer$Companion$NO_OP$1@b9cdf5b]
[2026-06-14T09:31:39.658Z] [ALL] 06-14 15:01:36.723  2619  2619 I HoneySpace.InputSession: inputConsumers = NO_OP
[2026-06-14T09:31:39.658Z] [ALL] 06-14 15:01:36.723  2619  2619 I HoneySpace.InputSession: open
[2026-06-14T09:31:39.658Z] [ALL] 06-14 15:01:36.727  1486  2866 D InputDispatcher: Inject motion (10713/2000): action=0x1, time=180311115000000, f=0x0, d=0 dsdx=1.000000 dtdx=0.000000
[2026-06-14T09:31:39.658Z] [ALL] 06-14 15:01:36.727  1486  1665 I InputDispatcher: Delivering touch to (11061): action: 0x1, f=0x0, d=0, 'b24f455', t=1 
[2026-06-14T09:31:39.658Z] [ALL] 06-14 15:01:36.728 11061 11061 I VRI[MainActivity]@99da679: call setFrameRateCategory for touch hint category=high hint, reason=touch, vri=VRI[MainActivity]@99da679
[2026-06-14T09:31:39.658Z] [ALL] 06-14 15:01:36.728  1486  1556 D DisplayPowerController[0]: animateScreenStateChange: target=ON, mIsEnabled=true
[2026-06-14T09:31:39.658Z] [ALL] 06-14 15:01:36.729 11061 11061 I VRI[MainActivity]@99da679: ViewPostIme pointer 1
[2026-06-14T09:31:39.661Z] [ALL] 06-14 15:01:36.731  1486  1556 W DisplayPowerController[0]: Animating brightness: target=31(0.12), rate=1.973, reason=manual[31]
[2026-06-14T09:31:39.662Z] [ALL] 06-14 15:01:36.731  2619  2619 I HoneySpace.GestureInputHandler: reset
[2026-06-14T09:31:39.662Z] [ALL] 06-14 15:01:36.732  2619  2619 I HoneySpace.InputSession: close
[2026-06-14T09:31:39.662Z] [ALL] 06-14 15:01:36.732  1486  1556 D DisplayManagerService: handleBrightnessAnimation: started=true
[2026-06-14T09:31:39.662Z] [ALL] 06-14 15:01:36.732  1486  1515 I GestureDetector: obtain mCurrentDownEvent. id: -185161546 caller: com.android.server.wm.SystemGesturesPointerEventListener.onPointerEvent:17 com.android.server.wm.PointerEventDispatcher.onInputEvent:51 android.view.InputEventReceiver.dispatchInputEvent:369 
[2026-06-14T09:31:39.662Z] [ALL] 06-14 15:01:36.732  1486  1515 I GestureDetector: obtain mCurrentDownEvent. id: -185161546 caller: com.android.server.wm.SystemPerformancePointerEventListener.onPointerEvent:13 com.android.server.wm.PointerEventDispatcher.onInputEvent:51 android.view.InputEventReceiver.dispatchInputEvent:369 
[2026-06-14T09:31:39.662Z] [ALL] 06-14 15:01:36.733  1486  1515 I GestureDetector: obtain mCurrentMotionEventRaw. action: 1 id: -596487110
[2026-06-14T09:31:39.663Z] [ALL] 06-14 15:01:36.733  4132  4132 I SemDvfsHyPerManager: acquire hyper - TABoost/4132@29, type = -999
[2026-06-14T09:31:39.663Z] [ALL] 06-14 15:01:36.733  1486  1515 I GestureDetector: obtain mCurrentMotionEventRaw. action: 1 id: -596487110
[2026-06-14T09:31:39.663Z] [ALL] 06-14 15:01:36.734  1075  1175 I HYPER-HAL: [RequestManager.cpp]acquire(): Acquired ID : 8659070  [4132 / 29]    HINT :      list : [TABoost / 1] [TIMEOUT / 1500] 
[2026-06-14T09:31:39.663Z] [ALL] 06-14 15:01:36.734  1486  1556 D RefreshRateTokenController: Adding refreshRateToken={ RefreshRateToken[->PassiveModeToken:BrightnessAnim, acquire at 180311121 (2 ms ago)},
[2026-06-14T09:31:39.663Z] [ALL] 06-14 15:01:36.734  1486  1556 D RefreshRateTokenController:     caller=com.android.server.display.mode.RefreshRateController.createPassiveModeToken:33 com.android.server.display.DisplayManagerService$$ExternalSyntheticLambda0.accept:387 com.android.server.display.DisplayPowerController.animateScreenBrightness:256 com.android.server.display.DisplayPowerController.updatePowerStateInternal:2570 com.android.server.display.DisplayPowerController.updatePowerState:9 
[2026-06-14T09:31:39.663Z] [ALL] 06-14 15:01:36.735  1486  1486 I MdnieScenarioControlService: action  :  com.samsung.server.PowerManagerService.action.USER_ACTIVITY
[2026-06-14T09:31:39.663Z] [ALL] 06-14 15:01:36.735  1486  1486 D PowerManagerService: [api] setScreenDimDurationOverrideFromSqdInternal: mScreenDimDurationOverrideFromSQD: -1
[2026-06-14T09:31:39.663Z] [ALL] 06-14 15:01:36.736  1149  1149 I SurfaceFlinger: [com.safebank.ai/com.safebank.ai.MainActivity$_11061#104622] setFrameRateCategory: HighHint
[2026-06-14T09:31:39.666Z] [ALL] 06-14 15:01:36.739  1486  1556 D DisplayPowerController[0]: putAutoBrightnessTransitionTime: transitionTime=37
[2026-06-14T09:31:39.669Z] [ALL] 06-14 15:01:36.740  1486  1556 D SettingsProvider: PUT_ret(/system/auto_brightness_transition_time), callingPackage:android
[2026-06-14T09:31:39.669Z] [ALL] 06-14 15:01:36.740  1486  1556 D DisplayPowerController[0]: saveBrightnessInfo: brt:0.12085039 adjBrt:0.12085039 min:0.0 max:1.0 hbm:0 tp:1.0 throttler:0 isAnimating:true
[2026-06-14T09:31:39.669Z] [ALL] 06-14 15:01:36.740  1486  1556 V DisplayPowerController[0]: Brightness [0.12085039] reason changing to: 'manual', previous reason: 'manual [ dim ]'.
[2026-06-14T09:31:39.669Z] [ALL] 06-14 15:01:36.740  1486  1556 I DisplayPowerController[0]: BrightnessEvent: brt=0.12085039(59.0%), nits=33.926178, lux=-1.0, reason=manual, strat=FallbackBrightnessStrategy, state=ON, stateReason=KEY, policy=BRIGHT, flags=, initBrt=0.047058824, rcmdBrt=NaN, preBrt=NaN, preLux=0.0, wasShortTermModelActive=false, autoBrightness=false (default), unclampedBrt=0.12085039, hbmMax=1.0, hbmMode=off, thrmMax=1.0, rbcStrength=-1, powerFactor=1.0, physDisp=Built-in Screen(local:4633128672291736000), logicalId=0, slowChange=false, rampSpeed=1.972549
[2026-06-14T09:31:39.669Z] [ALL] 06-14 15:01:36.741  1486  1556 D PowerManagerService: displayReady: true groupId=0
[2026-06-14T09:31:39.671Z] [ALL] 06-14 15:01:36.743  1486  1880 D HdrSolution_HdrDisplayNitMapper: updataTargetNit--------------mLightSensorData: 111.0, scaleRatio: 14.87, target: 13.447->200
[2026-06-14T09:31:39.674Z] [ALL] 06-14 15:01:36.745  2112  2112 D BrightnessControllerObserver: BrightnessObserver.onChange() : auto_brightness_transition_time
[2026-06-14T09:31:39.674Z] [ALL] 06-14 15:01:36.747  1486  1880 D BrightnessHandler: inject brightness = 14.0, Brightness: 0.055382296
[2026-06-14T09:31:39.675Z] [ALL] 06-14 15:01:36.748  1067  1067 I SensorsHub: LightSensor::injectSensorData: brightness 14
[2026-06-14T09:31:39.675Z] [ALL] 06-14 15:01:36.749  1486  1517 D BrightnessSynchronizer: onDisplayChanged() : displayId=0
[2026-06-14T09:31:39.679Z] [ALL] 06-14 15:01:36.749  1486  1880 D BrightnessHandler: inject brightness = 14.0, Brightness: 0.055382296
[2026-06-14T09:31:39.679Z] [ALL] 06-14 15:01:36.750  1067  1067 I SensorsHub: LightSensor::injectSensorData: brightness 14
[2026-06-14T09:31:39.681Z] [ALL] 06-14 15:01:36.751  1486  1880 D LocalDisplayAdapter: surface lcd : 14(0.028), 14(0.028), main +
[2026-06-14T09:31:39.681Z] [ALL] 06-14 15:01:36.751  1486  1517 D BrightnessSynchronizer: updateScreenBrightness: displayId=0 type=2 mPreferredSettingValue=0.12085039(31) currentBrightnessInt=31 currentBrightnessIntFromFloat=31(0.12085039)
[2026-06-14T09:31:39.681Z] [ALL] 06-14 15:01:36.753  2112  2112 D SecBrightnessController: updateSlider() - BrightnessDialog resetTimer()
[2026-06-14T09:31:39.681Z] [ALL] 06-14 15:01:36.754 10725 10763 W GestureController: Gestures took longer than expected (90ms >> 8ms), device might be in a busy state.
[2026-06-14T09:31:39.682Z] [ALL] 06-14 15:01:36.754 10725 10763 I appium  : Waiting up to 10000ms for the device to idle
[2026-06-14T09:31:39.683Z] [ALL] 06-14 15:01:36.756 10725 10763 I appium  : AppiumResponse: {"sessionId":"e97b7abb-6aa8-4e9c-b8b4-b3047c3ed272","value":null}
[2026-06-14T09:31:39.694Z] [ALL] 06-14 15:01:36.765  1062 15192 I display : HWC brightness (0.028077, 14)
[2026-06-14T09:31:39.696Z] [ALL] 06-14 15:01:36.766  1486  1880 D LocalDisplayAdapter: surface lcd : 14(0.028), 14(0.028), main -
[2026-06-14T09:31:39.696Z] [ALL] 06-14 15:01:36.769  1486  1880 D HdrSolution_HdrDisplayNitMapper: updataTargetNit--------------mLightSensorData: 111.0, scaleRatio: 6.92, target: 28.884->200
[2026-06-14T09:31:39.698Z] [ALL] 06-14 15:01:36.769  1486  1880 D BrightnessHandler: inject brightness = 27.0, Brightness: 0.10457301
[2026-06-14T09:31:39.699Z] [ALL] 06-14 15:01:36.770  1486  1556 D DisplayPowerController[0]: animateScreenStateChange: target=ON, mIsEnabled=true
[2026-06-14T09:31:39.699Z] [ALL] 06-14 15:01:36.770  1067  1067 I SensorsHub: LightSensor::injectSensorData: brightness 27
[2026-06-14T09:31:39.699Z] [ALL] 06-14 15:01:36.771  1486  1556 D DisplayPowerController[0]: putAutoBrightnessTransitionTime: transitionTime=0
[2026-06-14T09:31:39.699Z] [ALL] 06-14 15:01:36.772  1486  1556 D SettingsProvider: PUT_ret(/system/auto_brightness_transition_time), callingPackage:android
[2026-06-14T09:31:39.699Z] [ALL] 06-14 15:01:36.772  1486  1880 D BrightnessHandler: inject brightness = 27.0, Brightness: 0.10457301
[2026-06-14T09:31:39.702Z] [ALL] 06-14 15:01:36.773  1067  1067 I SensorsHub: LightSensor::injectSensorData: brightness 27
[2026-06-14T09:31:39.702Z] [ALL] 06-14 15:01:36.774  1486  1556 D DisplayPowerController[0]: saveBrightnessInfo: brt:0.12085039 adjBrt:0.12085039 min:0.0 max:1.0 hbm:0 tp:1.0 throttler:0 isAnimating:false
[2026-06-14T09:31:39.704Z] [ALL] 06-14 15:01:36.774  1486  1880 D LocalDisplayAdapter: surface lcd : 27(0.053), 27(0.053), main +
[2026-06-14T09:31:39.704Z] [ALL] 06-14 15:01:36.776 10725 10763 I appium  : channel read: POST /session/e97b7abb-6aa8-4e9c-b8b4-b3047c3ed272/element
[2026-06-14T09:31:39.704Z] [ALL] 06-14 15:01:36.777  2112  2112 D BrightnessControllerObserver: BrightnessObserver.onChange() : auto_brightness_transition_time
[2026-06-14T09:31:39.704Z] [ALL] 06-14 15:01:36.777  1486  1517 D BrightnessSynchronizer: onDisplayChanged() : displayId=0
[2026-06-14T09:31:39.705Z] [ALL] 06-14 15:01:36.777 10725 10763 I appium  : FindElement command
[2026-06-14T09:31:39.705Z] [ALL] 06-14 15:01:36.778  1486  1517 D BrightnessSynchronizer: updateScreenBrightness: displayId=0 type=2 mPreferredSettingValue=0.12085039(31) currentBrightnessInt=31 currentBrightnessIntFromFloat=31(0.12085039)
[2026-06-14T09:31:39.707Z] [ALL] 06-14 15:01:36.780 10725 10763 I appium  : method: '-android uiautomator', selector: 'new UiSelector().className("android.widget.EditText").instance(0)'
[2026-06-14T09:31:39.707Z] [ALL] 06-14 15:01:36.780 10725 10763 I appium  : Waiting up to 10000ms for the device to idle
[2026-06-14T09:31:39.707Z] [ALL] 06-14 15:01:36.780  2112  2112 D SecBrightnessController: updateSlider() - BrightnessDialog resetTimer()
[2026-06-14T09:31:39.714Z] [ALL] 06-14 15:01:36.784  1062 15192 I display : HWC brightness (0.053014, 27)
[2026-06-14T09:31:39.716Z] [ALL] 06-14 15:01:36.785  1486  1880 D LocalDisplayAdapter: surface lcd : 27(0.053), 27(0.053), main -
[2026-06-14T09:31:39.716Z] [ALL] 06-14 15:01:36.787  1486  1880 D HdrSolution_HdrDisplayNitMapper: updataTargetNit--------------mLightSensorData: 111.0, scaleRatio: 5.85, target: 34.173->200
[2026-06-14T09:31:39.716Z] [ALL] 06-14 15:01:36.788  1486  1880 D BrightnessHandler: inject brightness = 31.0, Brightness: 0.12085039
[2026-06-14T09:31:39.718Z] [ALL] 06-14 15:01:36.789  1067  1067 I SensorsHub: LightSensor::injectSensorData: brightness 31
[2026-06-14T09:31:39.718Z] [ALL] 06-14 15:01:36.790  1486  1880 D BrightnessHandler: inject brightness = 31.0, Brightness: 0.12085039
[2026-06-14T09:31:39.718Z] [ALL] 06-14 15:01:36.791  1067  1067 I SensorsHub: LightSensor::injectSensorData: brightness 31
[2026-06-14T09:31:39.719Z] [ALL] 06-14 15:01:36.791  1486  1880 D LocalDisplayAdapter: surface lcd : 31(0.061), 31(0.061), main +
[2026-06-14T09:31:39.727Z] [ALL] 06-14 15:01:36.800  1062 15192 I display : HWC brightness (0.061266, 31)
[2026-06-14T09:31:39.729Z] [ALL] 06-14 15:01:36.800  1486  1880 D LocalDisplayAdapter: surface lcd : 31(0.061), 31(0.061), main -
[2026-06-14T09:31:39.754Z] [ALL] 06-14 15:01:36.827 10725 10763 I QueryController: Matched selector: UiSelector[CLASS=android.widget.EditText, INSTANCE=0] <<==>> [android.view.accessibility.AccessibilityNodeInfo@8f05; boundsInParent: Rect(0, 0 - 0, 0); boundsInScreen: Rect(113, 1090 - 967, 1248); boundsInWindow: Rect(113, 1090 - 967, 1248); packageName: com.safebank.ai; className: android.widget.EditText; text: testotp@safebank.ai; error: null; maxTextLength: -1; stateDescription: null; contentDescription: null; tooltipText: null; containerTitle: null; viewIdResName: null; uniqueId: null; checkable: false; checked: false; focusable: true; focused: false; selected: false; clickable: true; longClickable: true; contextClickable: false; enabled: true; password: false; scrollable: false; granularScrollingSupported: false; importantForAccessibility: true; visible: true; actions: [AccessibilityAction: ACTION_FOCUS - null, AccessibilityAction: ACTION_NEXT_AT_MOVEMENT_GRANULARITY - null, AccessibilityAction: ACTION_PREVIOUS_AT_MOVEMENT_GRANULARITY - null, AccessibilityAction: ACTION_ACCESSIBILITY_FOCUS - null, AccessibilityAction: ACTION_CLICK - null, AccessibilityAction: ACTION_LONG_CLICK - null, AccessibilityAction: ACTION_SET_TEXT - null, AccessibilityAction: ACTION_IME_ENTER - null, AccessibilityAction: ACTION_SET_SELECTION - null]; isTextSelectable: false]
[2026-06-14T09:31:39.758Z] [ALL] 06-14 15:01:36.831 10725 10763 I appium  : AppiumResponse: {"sessionId":"e97b7abb-6aa8-4e9c-b8b4-b3047c3ed272","value":{"ELEMENT":"00000000-0000-0138-0000-005600000004","element-6066-11e4-a52e-4f735466cecf":"00000000-0000-0138-0000-005600000004"}}
[2026-06-14T09:31:39.783Z] [ALL] 06-14 15:01:36.855 10725 10763 I appium  : channel read: GET /session/e97b7abb-6aa8-4e9c-b8b4-b3047c3ed272/element/00000000-0000-0138-0000-005600000004/attribute/displayed
[2026-06-14T09:31:39.784Z] [ALL] 06-14 15:01:36.858 10725 10763 I appium  : GetElementAttribute command
[2026-06-14T09:31:39.793Z] [ALL] 06-14 15:01:36.866 10725 10763 I QueryController: Matched selector: UiSelector[CLASS=android.widget.EditText, INSTANCE=0] <<==>> [android.view.accessibility.AccessibilityNodeInfo@8f05; boundsInParent: Rect(0, 0 - 0, 0); boundsInScreen: Rect(113, 1090 - 967, 1248); boundsInWindow: Rect(113, 1090 - 967, 1248); packageName: com.safebank.ai; className: android.widget.EditText; text: testotp@safebank.ai; error: null; maxTextLength: -1; stateDescription: null; contentDescription: null; tooltipText: null; containerTitle: null; viewIdResName: null; uniqueId: null; checkable: false; checked: false; focusable: true; focused: false; selected: false; clickable: true; longClickable: true; contextClickable: false; enabled: true; password: false; scrollable: false; granularScrollingSupported: false; importantForAccessibility: true; visible: true; actions: [AccessibilityAction: ACTION_FOCUS - null, AccessibilityAction: ACTION_NEXT_AT_MOVEMENT_GRANULARITY - null, AccessibilityAction: ACTION_PREVIOUS_AT_MOVEMENT_GRANULARITY - null, AccessibilityAction: ACTION_ACCESSIBILITY_FOCUS - null, AccessibilityAction: ACTION_CLICK - null, AccessibilityAction: ACTION_LONG_CLICK - null, AccessibilityAction: ACTION_SET_TEXT - null, AccessibilityAction: ACTION_IME_ENTER - null, AccessibilityAction: ACTION_SET_SELECTION - null]; isTextSelectable: false]
[2026-06-14T09:31:39.795Z] [ALL] 06-14 15:01:36.867 10725 10763 D UiObject: Waiting 0ms for UiSelector[CLASS=android.widget.EditText, INSTANCE=0].
[2026-06-14T09:31:39.806Z] [ALL] 06-14 15:01:36.879 10725 10763 I QueryController: Matched selector: UiSelector[CLASS=android.widget.EditText, INSTANCE=0] <<==>> [android.view.accessibility.AccessibilityNodeInfo@8f05; boundsInParent: Rect(0, 0 - 0, 0); boundsInScreen: Rect(113, 1090 - 967, 1248); boundsInWindow: Rect(113, 1090 - 967, 1248); packageName: com.safebank.ai; className: android.widget.EditText; text: testotp@safebank.ai; error: null; maxTextLength: -1; stateDescription: null; contentDescription: null; tooltipText: null; containerTitle: null; viewIdResName: null; uniqueId: null; checkable: false; checked: false; focusable: true; focused: false; selected: false; clickable: true; longClickable: true; contextClickable: false; enabled: true; password: false; scrollable: false; granularScrollingSupported: false; importantForAccessibility: true; visible: true; actions: [AccessibilityAction: ACTION_FOCUS - null, AccessibilityAction: ACTION_NEXT_AT_MOVEMENT_GRANULARITY - null, AccessibilityAction: ACTION_PREVIOUS_AT_MOVEMENT_GRANULARITY - null, AccessibilityAction: ACTION_ACCESSIBILITY_FOCUS - null, AccessibilityAction: ACTION_CLICK - null, AccessibilityAction: ACTION_LONG_CLICK - null, AccessibilityAction: ACTION_SET_TEXT - null, AccessibilityAction: ACTION_IME_ENTER - null, AccessibilityAction: ACTION_SET_SELECTION - null]; isTextSelectable: false]
[2026-06-14T09:31:39.814Z] [ALL] 06-14 15:01:36.887 10725 10763 I QueryController: Matched selector: UiSelector[CLASS=android.widget.EditText, INSTANCE=0] <<==>> [android.view.accessibility.AccessibilityNodeInfo@8f05; boundsInParent: Rect(0, 0 - 0, 0); boundsInScreen: Rect(113, 1090 - 967, 1248); boundsInWindow: Rect(113, 1090 - 967, 1248); packageName: com.safebank.ai; className: android.widget.EditText; text: testotp@safebank.ai; error: null; maxTextLength: -1; stateDescription: null; contentDescription: null; tooltipText: null; containerTitle: null; viewIdResName: null; uniqueId: null; checkable: false; checked: false; focusable: true; focused: false; selected: false; clickable: true; longClickable: true; contextClickable: false; enabled: true; password: false; scrollable: false; granularScrollingSupported: false; importantForAccessibility: true; visible: true; actions: [AccessibilityAction: ACTION_FOCUS - null, AccessibilityAction: ACTION_NEXT_AT_MOVEMENT_GRANULARITY - null, AccessibilityAction: ACTION_PREVIOUS_AT_MOVEMENT_GRANULARITY - null, AccessibilityAction: ACTION_ACCESSIBILITY_FOCUS - null, AccessibilityAction: ACTION_CLICK - null, AccessibilityAction: ACTION_LONG_CLICK - null, AccessibilityAction: ACTION_SET_TEXT - null, AccessibilityAction: ACTION_IME_ENTER - null, AccessibilityAction: ACTION_SET_SELECTION - null]; isTextSelectable: false]
[2026-06-14T09:31:39.817Z] [ALL] 06-14 15:01:36.890 10725 10763 I appium  : AppiumResponse: {"sessionId":"e97b7abb-6aa8-4e9c-b8b4-b3047c3ed272","value":"true"}
[2026-06-14T09:31:39.843Z] [ALL] 06-14 15:01:36.911 10725 10763 I appium  : channel read: POST /session/e97b7abb-6aa8-4e9c-b8b4-b3047c3ed272/element/00000000-0000-0138-0000-005600000004/clear
[2026-06-14T09:31:39.845Z] [ALL] 06-14 15:01:36.914 10725 10763 I appium  : Clear command
[2026-06-14T09:31:39.850Z] [ALL] 06-14 15:01:36.921 10725 10763 I QueryController: Matched selector: UiSelector[CLASS=android.widget.EditText, INSTANCE=0] <<==>> [android.view.accessibility.AccessibilityNodeInfo@8f05; boundsInParent: Rect(0, 0 - 0, 0); boundsInScreen: Rect(113, 1090 - 967, 1248); boundsInWindow: Rect(113, 1090 - 967, 1248); packageName: com.safebank.ai; className: android.widget.EditText; text: testotp@safebank.ai; error: null; maxTextLength: -1; stateDescription: null; contentDescription: null; tooltipText: null; containerTitle: null; viewIdResName: null; uniqueId: null; checkable: false; checked: false; focusable: true; focused: false; selected: false; clickable: true; longClickable: true; contextClickable: false; enabled: true; password: false; scrollable: false; granularScrollingSupported: false; importantForAccessibility: true; visible: true; actions: [AccessibilityAction: ACTION_FOCUS - null, AccessibilityAction: ACTION_NEXT_AT_MOVEMENT_GRANULARITY - null, AccessibilityAction: ACTION_PREVIOUS_AT_MOVEMENT_GRANULARITY - null, AccessibilityAction: ACTION_ACCESSIBILITY_FOCUS - null, AccessibilityAction: ACTION_CLICK - null, AccessibilityAction: ACTION_LONG_CLICK - null, AccessibilityAction: ACTION_SET_TEXT - null, AccessibilityAction: ACTION_IME_ENTER - null, AccessibilityAction: ACTION_SET_SELECTION - null]; isTextSelectable: false]
[2026-06-14T09:31:39.859Z] [ALL] 06-14 15:01:36.931 10725 10763 I QueryController: Matched selector: UiSelector[CLASS=android.widget.EditText, INSTANCE=0] <<==>> [android.view.accessibility.AccessibilityNodeInfo@8f05; boundsInParent: Rect(0, 0 - 0, 0); boundsInScreen: Rect(113, 1090 - 967, 1248); boundsInWindow: Rect(113, 1090 - 967, 1248); packageName: com.safebank.ai; className: android.widget.EditText; text: testotp@safebank.ai; error: null; maxTextLength: -1; stateDescription: null; contentDescription: null; tooltipText: null; containerTitle: null; viewIdResName: null; uniqueId: null; checkable: false; checked: false; focusable: true; focused: false; selected: false; clickable: true; longClickable: true; contextClickable: false; enabled: true; password: false; scrollable: false; granularScrollingSupported: false; importantForAccessibility: true; visible: true; actions: [AccessibilityAction: ACTION_FOCUS - null, AccessibilityAction: ACTION_NEXT_AT_MOVEMENT_GRANULARITY - null, AccessibilityAction: ACTION_PREVIOUS_AT_MOVEMENT_GRANULARITY - null, AccessibilityAction: ACTION_ACCESSIBILITY_FOCUS - null, AccessibilityAction: ACTION_CLICK - null, AccessibilityAction: ACTION_LONG_CLICK - null, AccessibilityAction: ACTION_SET_TEXT - null, AccessibilityAction: ACTION_IME_ENTER - null, AccessibilityAction: ACTION_SET_SELECTION - null]; isTextSelectable: false]
[2026-06-14T09:31:39.859Z] [ALL] 06-14 15:01:36.931 10725 10763 D UiObject: Setting text to ''.
[2026-06-14T09:31:39.861Z] [ALL] 06-14 15:01:36.932  1486  2158 D PowerManagerService: [api] userActivity : accessibility (uid: 1000 pid: 1486) <- performAccessibilityAction() in com.android.server.accessibility.AbstractAccessibilityServiceConnection:220 displayId=0 eventTime=180311321
[2026-06-14T09:31:39.866Z] [ALL] 06-14 15:01:36.939 10725 10763 I appium  : AppiumResponse: {"sessionId":"e97b7abb-6aa8-4e9c-b8b4-b3047c3ed272","value":null}
[2026-06-14T09:31:39.887Z] [ALL] 06-14 15:01:36.960 10725 10763 I appium  : channel read: POST /session/e97b7abb-6aa8-4e9c-b8b4-b3047c3ed272/element/00000000-0000-0138-0000-005600000004/clear
[2026-06-14T09:31:39.890Z] [ALL] 06-14 15:01:36.962 10725 10763 I appium  : Clear command
[2026-06-14T09:31:39.898Z] [ALL] 06-14 15:01:36.971  1486  1556 D DisplayManagerService: handleBrightnessAnimation: started=false
[2026-06-14T09:31:39.899Z] [ALL] 06-14 15:01:36.972  1486  1556 D RefreshRateTokenController: Removing refreshRateToken={ RefreshRateToken[->PassiveModeToken:BrightnessAnim, acquire at 180311121 (239 ms ago)},
[2026-06-14T09:31:39.899Z] [ALL] 06-14 15:01:36.972  1486  1556 D RefreshRateTokenController:     caller=com.android.server.display.mode.RefreshRateToken.release:5 com.android.server.display.DisplayManagerService$$ExternalSyntheticLambda0.accept:427 com.android.server.display.DisplayPowerController$3.run:24 android.os.Handler.handleCallback:1070 android.os.Handler.dispatchMessage:125 
[2026-06-14T09:31:39.915Z] [ALL] 06-14 15:01:36.988 10725 10763 I QueryController: Matched selector: UiSelector[CLASS=android.widget.EditText, INSTANCE=0] <<==>> [android.view.accessibility.AccessibilityNodeInfo@8f05; boundsInParent: Rect(0, 0 - 0, 0); boundsInScreen: Rect(113, 1090 - 967, 1248); boundsInWindow: Rect(113, 1090 - 967, 1248); packageName: com.safebank.ai; className: android.widget.EditText; text: testotp@safebank.ai; error: null; maxTextLength: -1; stateDescription: null; contentDescription: null; tooltipText: null; containerTitle: null; viewIdResName: null; uniqueId: null; checkable: false; checked: false; focusable: true; focused: false; selected: false; clickable: true; longClickable: true; contextClickable: false; enabled: true; password: false; scrollable: false; granularScrollingSupported: false; importantForAccessibility: true; visible: true; actions: [AccessibilityAction: ACTION_FOCUS - null, AccessibilityAction: ACTION_NEXT_AT_MOVEMENT_GRANULARITY - null, AccessibilityAction: ACTION_PREVIOUS_AT_MOVEMENT_GRANULARITY - null, AccessibilityAction: ACTION_ACCESSIBILITY_FOCUS - null, AccessibilityAction: ACTION_CLICK - null, AccessibilityAction: ACTION_LONG_CLICK - null, AccessibilityAction: ACTION_SET_TEXT - null, AccessibilityAction: ACTION_IME_ENTER - null, AccessibilityAction: ACTION_SET_SELECTION - null]; isTextSelectable: false]
[2026-06-14T09:31:39.920Z] [ALL] 06-14 15:01:36.992 10725 10763 I QueryController: Matched selector: UiSelector[CLASS=android.widget.EditText, INSTANCE=0] <<==>> [android.view.accessibility.AccessibilityNodeInfo@8f05; boundsInParent: Rect(0, 0 - 0, 0); boundsInScreen: Rect(113, 1090 - 967, 1248); boundsInWindow: Rect(113, 1090 - 967, 1248); packageName: com.safebank.ai; className: android.widget.EditText; text: testotp@safebank.ai; error: null; maxTextLength: -1; stateDescription: null; contentDescription: null; tooltipText: null; containerTitle: null; viewIdResName: null; uniqueId: null; checkable: false; checked: false; focusable: true; focused: false; selected: false; clickable: true; longClickable: true; contextClickable: false; enabled: true; password: false; scrollable: false; granularScrollingSupported: false; importantForAccessibility: true; visible: true; actions: [AccessibilityAction: ACTION_FOCUS - null, AccessibilityAction: ACTION_NEXT_AT_MOVEMENT_GRANULARITY - null, AccessibilityAction: ACTION_PREVIOUS_AT_MOVEMENT_GRANULARITY - null, AccessibilityAction: ACTION_ACCESSIBILITY_FOCUS - null, AccessibilityAction: ACTION_CLICK - null, AccessibilityAction: ACTION_LONG_CLICK - null, AccessibilityAction: ACTION_SET_TEXT - null, AccessibilityAction: ACTION_IME_ENTER - null, AccessibilityAction: ACTION_SET_SELECTION - null]; isTextSelectable: false]
[2026-06-14T09:31:39.920Z] [ALL] 06-14 15:01:36.992 10725 10763 D UiObject: Setting text to ''.
[2026-06-14T09:31:39.932Z] [ALL] 06-14 15:01:36.999 10725 10763 I appium  : AppiumResponse: {"sessionId":"e97b7abb-6aa8-4e9c-b8b4-b3047c3ed272","value":null}
[2026-06-14T09:31:39.954Z] [ALL] 06-14 15:01:37.022  1486  1515 I GestureDetector: handleMessage TAP
[2026-06-14T09:31:39.966Z] [ALL] 06-14 15:01:37.027 10725 10763 I appium  : channel read: POST /session/e97b7abb-6aa8-4e9c-b8b4-b3047c3ed272/element/00000000-0000-0138-0000-005600000004/value
[2026-06-14T09:31:39.971Z] [ALL] 06-14 15:01:37.030 10725 10763 I appium  : SendKeysToElement command
[2026-06-14T09:31:39.971Z] [ALL] 06-14 15:01:37.033  1486  1486 I GestureDetector: handleMessage TAP
[2026-06-14T09:31:39.978Z] [ALL] 06-14 15:01:37.050 10725 10763 I QueryController: Matched selector: UiSelector[CLASS=android.widget.EditText, INSTANCE=0] <<==>> [android.view.accessibility.AccessibilityNodeInfo@8f05; boundsInParent: Rect(0, 0 - 0, 0); boundsInScreen: Rect(113, 1090 - 967, 1248); boundsInWindow: Rect(113, 1090 - 967, 1248); packageName: com.safebank.ai; className: android.widget.EditText; text: testotp@safebank.ai; error: null; maxTextLength: -1; stateDescription: null; contentDescription: null; tooltipText: null; containerTitle: null; viewIdResName: null; uniqueId: null; checkable: false; checked: false; focusable: true; focused: false; selected: false; clickable: true; longClickable: true; contextClickable: false; enabled: true; password: false; scrollable: false; granularScrollingSupported: false; importantForAccessibility: true; visible: true; actions: [AccessibilityAction: ACTION_FOCUS - null, AccessibilityAction: ACTION_NEXT_AT_MOVEMENT_GRANULARITY - null, AccessibilityAction: ACTION_PREVIOUS_AT_MOVEMENT_GRANULARITY - null, AccessibilityAction: ACTION_ACCESSIBILITY_FOCUS - null, AccessibilityAction: ACTION_CLICK - null, AccessibilityAction: ACTION_LONG_CLICK - null, AccessibilityAction: ACTION_SET_TEXT - null, AccessibilityAction: ACTION_IME_ENTER - null, AccessibilityAction: ACTION_SET_SELECTION - null]; isTextSelectable: false]
[2026-06-14T09:31:39.993Z] [ALL] 06-14 15:01:37.062 10725 10763 I QueryController: Matched selector: UiSelector[CLASS=android.widget.EditText, INSTANCE=0] <<==>> [android.view.accessibility.AccessibilityNodeInfo@8f05; boundsInParent: Rect(0, 0 - 0, 0); boundsInScreen: Rect(113, 1090 - 967, 1254); boundsInWindow: Rect(113, 1090 - 967, 1254); packageName: com.safebank.ai; className: android.widget.EditText; text: ; error: null; maxTextLength: -1; stateDescription: null; contentDescription: null; tooltipText: null; containerTitle: null; viewIdResName: null; uniqueId: null; checkable: false; checked: false; focusable: true; focused: false; selected: false; clickable: true; longClickable: true; contextClickable: false; enabled: true; password: false; scrollable: false; granularScrollingSupported: false; importantForAccessibility: true; visible: true; actions: [AccessibilityAction: ACTION_FOCUS - null, AccessibilityAction: ACTION_ACCESSIBILITY_FOCUS - null, AccessibilityAction: ACTION_CLICK - null, AccessibilityAction: ACTION_LONG_CLICK - null, AccessibilityAction: ACTION_SET_TEXT - null, AccessibilityAction: ACTION_IME_ENTER - null]; isTextSelectable: false]
[2026-06-14T09:31:40.005Z] [ALL] 06-14 15:01:37.077 10725 10763 I QueryController: Matched selector: UiSelector[CLASS=android.widget.EditText, INSTANCE=0] <<==>> [android.view.accessibility.AccessibilityNodeInfo@8f05; boundsInParent: Rect(0, 0 - 0, 0); boundsInScreen: Rect(113, 1090 - 967, 1254); boundsInWindow: Rect(113, 1090 - 967, 1254); packageName: com.safebank.ai; className: android.widget.EditText; text: ; error: null; maxTextLength: -1; stateDescription: null; contentDescription: null; tooltipText: null; containerTitle: null; viewIdResName: null; uniqueId: null; checkable: false; checked: false; focusable: true; focused: false; selected: false; clickable: true; longClickable: true; contextClickable: false; enabled: true; password: false; scrollable: false; granularScrollingSupported: false; importantForAccessibility: true; visible: true; actions: [AccessibilityAction: ACTION_FOCUS - null, AccessibilityAction: ACTION_ACCESSIBILITY_FOCUS - null, AccessibilityAction: ACTION_CLICK - null, AccessibilityAction: ACTION_LONG_CLICK - null, AccessibilityAction: ACTION_SET_TEXT - null, AccessibilityAction: ACTION_IME_ENTER - null]; isTextSelectable: false]
[2026-06-14T09:31:40.019Z] [ALL] 06-14 15:01:37.084 10725 10763 I QueryController: Matched selector: UiSelector[CLASS=android.widget.EditText, INSTANCE=0] <<==>> [android.view.accessibility.AccessibilityNodeInfo@8f05; boundsInParent: Rect(0, 0 - 0, 0); boundsInScreen: Rect(113, 1090 - 967, 1254); boundsInWindow: Rect(113, 1090 - 967, 1254); packageName: com.safebank.ai; className: android.widget.EditText; text: ; error: null; maxTextLength: -1; stateDescription: null; contentDescription: null; tooltipText: null; containerTitle: null; viewIdResName: null; uniqueId: null; checkable: false; checked: false; focusable: true; focused: false; selected: false; clickable: true; longClickable: true; contextClickable: false; enabled: true; password: false; scrollable: false; granularScrollingSupported: false; importantForAccessibility: true; visible: true; actions: [AccessibilityAction: ACTION_FOCUS - null, AccessibilityAction: ACTION_ACCESSIBILITY_FOCUS - null, AccessibilityAction: ACTION_CLICK - null, AccessibilityAction: ACTION_LONG_CLICK - null, AccessibilityAction: ACTION_SET_TEXT - null, AccessibilityAction: ACTION_IME_ENTER - null]; isTextSelectable: false]
[2026-06-14T09:31:40.039Z] [ALL] 06-14 15:01:37.105 10725 10763 I appium  : AppiumResponse: {"sessionId":"e97b7abb-6aa8-4e9c-b8b4-b3047c3ed272","value":null}
[2026-06-14T09:31:40.060Z] [ALL] 06-14 15:01:37.132 10725 10763 I appium  : channel read: POST /session/e97b7abb-6aa8-4e9c-b8b4-b3047c3ed272/element
[2026-06-14T09:31:40.062Z] [ALL] 06-14 15:01:37.134 10725 10763 I appium  : FindElement command
[2026-06-14T09:31:40.065Z] [ALL] 06-14 15:01:37.136 10725 10763 I appium  : method: 'xpath', selector: '//*[@resource-id="login_submit_btn" or @content-desc="login_submit_btn" or @text="Login" or @text="LOGIN" or contains(@text, "OTP") or contains(@text, "Verify") or contains(@text, "Sign Up") or contains(@text, "ధృవీకరించండి") or contains(@text, "लॉगिन") or contains(@text, "உள்நுழை")]'
[2026-06-14T09:31:40.065Z] [ALL] 06-14 15:01:37.136 10725 10763 I appium  : Waiting up to 10000ms for the device to idle
[2026-06-14T09:31:40.066Z] [ALL] 06-14 15:01:37.140 10725 10763 I appium  : The following attributes will be included to the page source: [resource-id, text, content-desc]
[2026-06-14T09:31:40.075Z] [ALL] 06-14 15:01:37.146 10725 10729 I tomator2.server: Method exceeds compiler instruction limit: 19260 in java_cup.runtime.Symbol org.eclipse.wst.xml.xpath2.processor.internal.CUP$XPathCup$actions.CUP$XPathCup$do_action(int, java_cup.runtime.lr_parser, java.util.Stack, int)
[2026-06-14T09:31:40.226Z] [ALL] 06-14 15:01:37.298   747   747 D io_stats: !@   8,0 r 79731927 1572371093 w 12669603 207574364 d 4210505 258730260 f 0 1106405 iot 28679704 0 th 0 0 0 pt 0 inp 0 0 180311.687
[2026-06-14T09:31:40.270Z] [ALL] 06-14 15:01:37.342 10725 10763 I appium  : Took 0ms to retrieve 1 matches for '//*[@resource-id="login_submit_btn" or @content-desc="login_submit_btn" or @text="Login" or @text="LOGIN" or contains(@text, "OTP") or contains(@text, "Verify") or contains(@text, "Sign Up") or contains(@text, "ధృవీకరించండి") or contains(@text, "लॉगिन") or contains(@text, "உள்நுழை")]' XPath2 query
[2026-06-14T09:31:40.272Z] [ALL] 06-14 15:01:37.344 10725 10763 I appium  : AppiumResponse: {"sessionId":"e97b7abb-6aa8-4e9c-b8b4-b3047c3ed272","value":{"ELEMENT":"00000000-0000-0138-0000-005500000004","element-6066-11e4-a52e-4f735466cecf":"00000000-0000-0138-0000-005500000004"}}
[2026-06-14T09:31:40.292Z] [ALL] 06-14 15:01:37.365 10725 10763 I appium  : channel read: GET /session/e97b7abb-6aa8-4e9c-b8b4-b3047c3ed272/element/00000000-0000-0138-0000-005500000004/attribute/displayed
[2026-06-14T09:31:40.301Z] [ALL] 06-14 15:01:37.367 10725 10763 I appium  : GetElementAttribute command
[2026-06-14T09:31:40.304Z] [ALL] 06-14 15:01:37.376 10725 10763 I appium  : AppiumResponse: {"sessionId":"e97b7abb-6aa8-4e9c-b8b4-b3047c3ed272","value":"true"}
[2026-06-14T09:31:40.391Z] [ALL] 06-14 15:01:37.393 10725 10763 I appium  : channel read: POST /session/e97b7abb-6aa8-4e9c-b8b4-b3047c3ed272/element/00000000-0000-0138-0000-005500000004/click
[2026-06-14T09:31:40.421Z] [ALL] 06-14 15:01:37.395 10725 10763 I appium  : Click command
[2026-06-14T09:31:40.421Z] [ALL] 06-14 15:01:37.415  1486  2158 D InputDispatcher: Inject motion (10713/2000): action=0x0, time=180311794000000, f=0x0, d=0 dsdx=1.000000 dtdx=0.000000
[2026-06-14T09:31:40.421Z] [ALL] 06-14 15:01:37.416  1486  1665 I InputDispatcher: Delivering touch to (2112): action: 0x4, f=0x0, d=0, '1dcab54', t=1 
[2026-06-14T09:31:40.421Z] [ALL] 06-14 15:01:37.416  1486  1665 I InputDispatcher: Delivering touch to (11061): action: 0x0, f=0x0, d=0, 'b24f455', t=1 
[2026-06-14T09:31:40.421Z] [ALL] 06-14 15:01:37.417 11061 11061 I VRI[MainActivity]@99da679: ViewPostIme pointer 0
[2026-06-14T09:31:40.421Z] [ALL] 06-14 15:01:37.417  1486  1515 I GestureDetector: obtain mCurrentDownEvent. id: -579971390 caller: com.android.server.wm.SystemGesturesPointerEventListener.onPointerEvent:17 com.android.server.wm.PointerEventDispatcher.onInputEvent:51 android.view.InputEventReceiver.dispatchInputEvent:369 
[2026-06-14T09:31:40.421Z] [ALL] 06-14 15:01:37.417  1486  1515 I GestureDetector: obtain mCurrentDownEvent. id: -579971390 caller: com.android.server.wm.SystemPerformancePointerEventListener.onPointerEvent:13 com.android.server.wm.PointerEventDispatcher.onInputEvent:51 android.view.InputEventReceiver.dispatchInputEvent:369 
[2026-06-14T09:31:40.421Z] [ALL] 06-14 15:01:37.419  4132  4132 I SemDvfsHyPerManager: acquire hyper - TABoost/4132@29, type = -999
[2026-06-14T09:31:40.421Z] [ALL] 06-14 15:01:37.419  2619  2619 I HoneySpace.InputConsumerFactory: checkMultiFingerGesture: returning NO_OP - gesture disabled or blocked
[2026-06-14T09:31:40.421Z] [ALL] 06-14 15:01:37.420  2619  2619 I HoneySpace.GestureInputHandler: inputConsumers = [com.honeyspace.gesture.inputconsumer.InputConsumer$Companion$NO_OP$1@b9cdf5b]
[2026-06-14T09:31:40.421Z] [ALL] 06-14 15:01:37.420  1075  1175 I HYPER-HAL: [RequestManager.cpp]acquire(): Acquired ID : 8659070  [4132 / 29]    HINT :      list : [TABoost / 1] [TIMEOUT / 1500] 
[2026-06-14T09:31:40.421Z] [ALL] 06-14 15:01:37.420  2619  2619 I HoneySpace.InputSession: inputConsumers = NO_OP
[2026-06-14T09:31:40.421Z] [ALL] 06-14 15:01:37.421  2619  2619 I HoneySpace.InputSession: open
[2026-06-14T09:31:40.421Z] [ALL] 06-14 15:01:37.422  1486  2158 D InputDispatcher: Inject motion (10713/2000): action=0x1, time=180311810000000, f=0x0, d=0 dsdx=1.000000 dtdx=0.000000
[2026-06-14T09:31:40.422Z] [ALL] 06-14 15:01:37.422  1486  1665 I InputDispatcher: Delivering touch to (11061): action: 0x1, f=0x0, d=0, 'b24f455', t=1 
[2026-06-14T09:31:40.422Z] [ALL] 06-14 15:01:37.423  1486  1515 I GestureDetector: obtain mCurrentMotionEventRaw. action: 1 id: -301921743
[2026-06-14T09:31:40.422Z] [ALL] 06-14 15:01:37.423  1486  1515 I GestureDetector: obtain mCurrentMotionEventRaw. action: 1 id: -301921743
[2026-06-14T09:31:40.422Z] [ALL] 06-14 15:01:37.424 11061 11061 I VRI[MainActivity]@99da679: ViewPostIme pointer 1
[2026-06-14T09:31:40.422Z] [ALL] 06-14 15:01:37.424  2619  2619 I HoneySpace.GestureInputHandler: reset
[2026-06-14T09:31:40.422Z] [ALL] 06-14 15:01:37.424  2619  2619 I HoneySpace.InputSession: close
[2026-06-14T09:31:40.422Z] [ALL] 06-14 15:01:37.446 10725 10763 W GestureController: Gestures took longer than expected (41ms >> 8ms), device might be in a busy state.
[2026-06-14T09:31:40.422Z] [ALL] 06-14 15:01:37.446 10725 10763 I appium  : Waiting up to 10000ms for the device to idle
[2026-06-14T09:31:40.422Z] [ALL] 06-14 15:01:37.448 10725 10763 I appium  : AppiumResponse: {"sessionId":"e97b7abb-6aa8-4e9c-b8b4-b3047c3ed272","value":null}
[2026-06-14T09:31:40.459Z] [ALL] 06-14 15:01:37.498 10725 10763 I appium  : channel read: POST /session/e97b7abb-6aa8-4e9c-b8b4-b3047c3ed272/element
[2026-06-14T09:31:40.474Z] [ALL] 06-14 15:01:37.501 10725 10763 I appium  : FindElement command
[2026-06-14T09:31:40.474Z] [ALL] 06-14 15:01:37.504 10725 10763 I appium  : method: 'xpath', selector: '//*[@text[contains(.,"Invalid") or contains(.,"empty") or contains(.,"Required") or contains(.,"error") or contains(.,"Error") or contains(.,"Incorrect") or contains(.,"Please") or contains(.,"enter") or contains(.,"Failed") or contains(.,"failed") or contains(.,"Sync")]]'
[2026-06-14T09:31:40.474Z] [ALL] 06-14 15:01:37.504 10725 10763 I appium  : Waiting up to 10000ms for the device to idle
[2026-06-14T09:31:40.474Z] [ALL] 06-14 15:01:37.509 10725 10763 I appium  : The following attributes will be included to the page source: [text]
[2026-06-14T09:31:40.474Z] [ALL] 06-14 15:01:37.523 13415 13476 V CpEventLog(u150): [P] cp_state: [                 contacts = {contacts=0, raw_contacts=0, data=0, account={secphone(1)=0, sim(2)=0, sim2(3)=0, agg(4)=0, vnd.sec.contact.phone_personal(5)=0}, trash=0, trash_acc={}, trash_sync=0, database=contacts2.db} ]
[2026-06-14T09:31:40.474Z] [ALL] 06-14 15:01:37.523 13415 13476 V CpEventLog(u150): [P] cp_state: [               aggregated = {} ]
[2026-06-14T09:31:40.474Z] [ALL] 06-14 15:01:37.523 13415 13476 V CpEventLog(u150): [P] cp_state: [                  request = {} ]
[2026-06-14T09:31:40.474Z] [ALL] 06-14 15:01:37.523 13415 13476 V CpEventLog(u150): [P] cp_state: [                    calls = {types={}, database=calllog.db} ]
[2026-06-14T09:31:40.474Z] [ALL] 06-14 15:01:37.523 13415 13476 V CpEventLog(u150): [P] cp_state: [                  profile = {contacts=0, raw_contacts=0, data=0, account={secphone(1)=0, sim(2)=0, sim2(3)=0, agg(4)=0, vnd.sec.contact.phone_personal(5)=0}, trash=0, trash_acc={}, trash_sync=0, database=profile.db} ]
[2026-06-14T09:31:40.474Z] [ALL] 06-14 15:01:37.523 13415 13476 V CpEventLog(u150): [P] cp_state: [               sa_profile = {contacts=0, raw_contacts=0, data=0, account={secphone(1)=0, sim(2)=0, sim2(3)=0, agg(4)=0, vnd.sec.contact.phone_personal(5)=0}, trash=0, trash_acc={}, trash_sync=0, database=profile_sa.db} ]
[2026-06-14T09:31:40.474Z] [ALL] 06-14 15:01:37.523 13415 13476 V CpEventLog(u150): [P] cp_state: [                      etc = {binders=0, country_iso=IN, version=15.8.31, db_version=2008, db_size=0, db_wal_size=0, csc=/INS, sec_enabled=false, is_roaming=false} ]
[2026-06-14T09:31:40.474Z] [ALL] 06-14 15:01:37.523 13415 13476 V CpEventLog(u150): [P] cp_state: ------------------------------------------------------------------------------
[2026-06-14T09:31:40.474Z] [ALL] 06-14 15:01:37.530 10725 10729 I tomator2.server: Method exceeds compiler instruction limit: 19260 in java_cup.runtime.Symbol org.eclipse.wst.xml.xpath2.processor.internal.CUP$XPathCup$actions.CUP$XPathCup$do_action(int, java_cup.runtime.lr_parser, java.util.Stack, int)
[2026-06-14T09:31:40.612Z] [ALL] 06-14 15:01:37.674 10725 10763 I appium  : Took 0ms to retrieve 0 matches for '//*[@text[contains(.,"Invalid") or contains(.,"empty") or contains(.,"Required") or contains(.,"error") or contains(.,"Error") or contains(.,"Incorrect") or contains(.,"Please") or contains(.,"enter") or contains(.,"Failed") or contains(.,"failed") or contains(.,"Sync")]]' XPath2 query
[2026-06-14T09:31:40.631Z] [ALL] 06-14 15:01:37.675 10725 10763 I appium  : AppiumResponse: {"sessionId":"e97b7abb-6aa8-4e9c-b8b4-b3047c3ed272","value":{"error":"no such element","message":"An element could not be located on the page using the given search parameters","stacktrace":"io.appium.uiautomator2.common.exceptions.ElementNotFoundException: An element could not be located on the page using the given search parameters\n\tat io.appium.uiautomator2.utils.ElementLocationHelpers.findElement(ElementLocationHelpers.java:153)\n\tat io.appium.uiautomator2.handler.FindElement.safeHandle(FindElement.java:60)\n\tat io.appium.uiautomator2.handler.request.SafeRequestHandler.handle(SafeRequestHandler.java:59)\n\tat io.appium.uiautomator2.server.AppiumServlet.handleRequest(AppiumServlet.java:267)\n\tat io.appium.uiautomator2.server.AppiumServlet.handleHttpRequest(AppiumServlet.java:261)\n\tat io.appium.uiautomator2.http.ServerHandler.channelRead(ServerHandler.java:77)\n\tat io.netty.channel.AbstractChannelHandlerContext.fireChannelRead(AbstractChannelHandlerContext.java:357)\n\tat io.netty.handler.codec.MessageToMessageDecoder.channelRead(MessageToMessageDecoder.java:107)\n\tat io.netty.channel.AbstractChannelHandlerContext.fireChannelRead(AbstractChannelHandlerContext.java:357)\n\tat io.netty.channel.CombinedChannelDuplexHandler$DelegatingChannelHandlerContext.fireChannelRead(CombinedChannelDuplexHandler.java:434)\n\tat io.netty.handler.codec.ByteToMessageDecoder.fireChannelRead(ByteToMessageDecoder.java:361)\n\tat io.netty.handler.codec.ByteToMessageDecoder.channelRead(ByteToMessageDecoder.java:325)\n\tat io.netty.channel.CombinedChannelDuplexHandler.channelRead(CombinedChannelDuplexHandler.java:249)\n\tat io.netty.channel.AbstractChannelHandlerContext.fireChannelRead(AbstractChannelHandlerContext.java:355)\n\tat io.netty.handler.timeout.IdleStateHandler.channelRead(IdleStateHandler.java:288)\n\tat io.netty.channel.AbstractChannelHandlerContext.fireChannelRead(AbstractChannelHandlerContext.java:355)\n\tat io.netty.channel.DefaultChannelPipeline$HeadContext.channelRead(DefaultChannelPipeline.java:1429)\n\tat io.netty.channel.DefaultChannelPipeline.fireChannelRead(DefaultChannelPipeline.java:918)\n\tat io.netty.channel.nio.AbstractNioByteChannel$NioByteUnsafe.read(AbstractNioByteChannel.java:176)\n\tat io.netty.channel.nio.AbstractNioChannel$AbstractNioUnsafe.handle(AbstractNioChannel.java:445)\n\tat io.netty.channel.nio.NioIoHandler$DefaultNioRegistration.handle(NioIoHandler.java:388)\n\tat io.netty.channel.nio.NioIoHandler.processSelectedKey(NioIoHandler.java:596)\n\tat io.netty.channel.nio.NioIoHandler.processSelectedKeysOptimized(NioIoHandler.java:571)\n\tat io.netty.channel.nio.NioIoHandler.processSelectedKeys(NioIoHandler.java:512)\n\tat io.netty.channel.nio.NioIoHandler.run(NioIoHandler.java:484)\n\tat io.netty.channel.SingleThreadIoEventLoop.runIo(SingleThreadIoEventLoop.java:225)\n\tat io.netty.channel.SingleThreadIoEventLoop.run(SingleThreadIoEventLoop.java:196)\n\tat io.netty.util.concurrent.SingleThreadEventExecutor$5.run(SingleThreadEventExecutor.java:1195)\n\tat io.netty.util.internal.ThreadExecutorMap$2.run(ThreadExecutorMap.java:74)\n\tat io.netty.util.concurrent.FastThreadLocalRunnable.run(FastThreadLocalRunnable.java:30)\n\tat java.lang.Thread.run(Thread.java:1564)\n"}}
[2026-06-14T09:31:40.676Z] [ALL] 06-14 15:01:37.717  1486  1486 I GestureDetector: handleMessage TAP
[2026-06-14T09:31:40.719Z] [ALL] 06-14 15:01:37.718  1149  1322 D SurfaceFlinger: setDesiredMode 4633128672291736000 {mode={fps=60.00 Hz, modePtr={id=1, vsyncRate=60.00 Hz, peakRefreshRate=60.00 Hz}}, emitEvent=false, force=false}
[2026-06-14T09:31:40.719Z] [ALL] 06-14 15:01:37.722  1149  1149 I SurfaceFlinger: com.safebank.ai/com.safebank.ai.MainActivity$_11061#104622 voted ExplicitCategory with category: HighHint
[2026-06-14T09:31:40.719Z] [ALL] 06-14 15:01:37.722  1149  1149 I SurfaceFlinger: IdleFps - choose 60.00 Hz
[2026-06-14T09:31:40.719Z] [ALL] 06-14 15:01:37.724  1149  1149 D SurfaceFlinger: initiateModeChange 4633128672291736000 {mode={fps=60.00 Hz, modePtr={id=1, vsyncRate=60.00 Hz, peakRefreshRate=60.00 Hz}}, emitEvent=false, force=false}
[2026-06-14T09:31:40.719Z] [ALL] 06-14 15:01:37.724  1149  1149 I SurfaceFlinger: [4633128672291736000] ActiveConfigToHWC, ID : 4
[2026-06-14T09:31:40.719Z] [ALL] 06-14 15:01:37.728  1062 15192 D display : setActiveConfigWithConstraints:: PrimaryDisplay config(4)
[2026-06-14T09:31:40.719Z] [ALL] 06-14 15:01:37.728  1062 15192 I display : Current VRR MODE is 3
[2026-06-14T09:31:40.719Z] [ALL] 06-14 15:01:37.728  1062 15192 I display : setActiveConfigWithConstraints:: HFR match - config: 5, base: 4, try: 0
[2026-06-14T09:31:40.719Z] [ALL] 06-14 15:01:37.728  1062 15192 I display : setActiveConfigWithConstraints::update 1080x2340@60phs
[2026-06-14T09:31:40.719Z] [ALL] 06-14 15:01:37.729  1062 15192 I display : commit modeset : 1080x2340@60phs
[2026-06-14T09:31:40.719Z] [ALL] 06-14 15:01:37.730  1486  1515 I GestureDetector: handleMessage TAP
[2026-06-14T09:31:40.719Z] [ALL] 06-14 15:01:37.744  1062 15192 W display : deliverWinConfigData:: commit modeset time (14 ms)
[2026-06-14T09:31:40.719Z] [ALL] 06-14 15:01:37.747  1149  1149 D SurfaceFlinger: GPIS:: requestGpisForSFSluggish
[2026-06-14T09:31:40.719Z] [ALL] 06-14 15:01:37.747  1062  1159 I display : [compareVsyncPeriod] set the lowest(mode:0) vsync 166 of display(0)
[2026-06-14T09:31:40.719Z] [ALL] 06-14 15:01:37.748  1149  1149 I SurfaceFlinger: finalizeDisplayModeChange 4633128672291736000
[2026-06-14T09:31:40.719Z] [ALL] 06-14 15:01:37.751  1062  1159 I display : getFpsForPerformance, performance table found using table(key:60, cpu:255)
[2026-06-14T09:31:40.738Z] [ALL] 06-14 15:01:37.752  1062  1159 I display : Set m2mMPP capacity(8) for fps(60)
[2026-06-14T09:31:40.738Z] [ALL] 06-14 15:01:37.753  1062  1159 I display : getFpsForPerformance, performance table found using table(key:60, cpu:255)
[2026-06-14T09:31:40.738Z] [ALL] 06-14 15:01:37.753  1062  1159 I display : Set Affinity config for fps(60) : cpuIDs : 255
[2026-06-14T09:31:40.738Z] [ALL] 06-14 15:01:37.753  1062  1159 I display : Set Affinity CPU ID : 0
[2026-06-14T09:31:40.738Z] [ALL] 06-14 15:01:37.753  1062  1159 I display : Set Affinity CPU ID : 1
[2026-06-14T09:31:40.738Z] [ALL] 06-14 15:01:37.753  1062  1159 I display : Set Affinity CPU ID : 2
[2026-06-14T09:31:40.738Z] [ALL] 06-14 15:01:37.753  1062  1159 I display : Set Affinity CPU ID : 3
[2026-06-14T09:31:40.738Z] [ALL] 06-14 15:01:37.753  1062  1159 I display : Set Affinity CPU ID : 4
[2026-06-14T09:31:40.738Z] [ALL] 06-14 15:01:37.753  1062  1159 I display : Set Affinity CPU ID : 5
[2026-06-14T09:31:40.738Z] [ALL] 06-14 15:01:37.753  1062  1159 I display : Set Affinity CPU ID : 6
[2026-06-14T09:31:40.738Z] [ALL] 06-14 15:01:37.753  1062  1159 I display : Set Affinity CPU ID : 7
[2026-06-14T09:31:40.738Z] [ALL] 06-14 15:01:37.753  1062  1159 I display : Set affinity HWC : 1062
[2026-06-14T09:31:40.738Z] [ALL] 06-14 15:01:37.755  1062  1159 I display : CPU set : Cluster(0), min_clock(0)
[2026-06-14T09:31:40.738Z] [ALL] 06-14 15:01:37.755  1062  1159 I display : CPU set : Cluster(1), min_clock(0)
[2026-06-14T09:31:40.739Z] [ALL] 06-14 15:01:37.756  1062  1159 I display : CPU set : Cluster(2), min_clock(0)
[2026-06-14T09:31:40.739Z] [ALL] 06-14 15:01:37.757  1149  1280 I SurfaceFlinger: Current= 120, Period= 60, hwcPeriod= 60
[2026-06-14T09:31:40.886Z] [ALL] 06-14 15:01:37.955  5214  5214 D BoundBrokerSvc: onUnbind: Intent { act=com.google.android.gms.auth.aang.events.services.START dat=chimera-action:/... xflg=0x4 cmp=com.google.android.gms/.chimera.PersistentApiService }
[2026-06-14T09:31:41.111Z] [ALL] 06-14 15:01:38.166  1486  1856 D SemWifiSwitchForIndividualAppsService: isSkipNetworkCondition - result:2
[2026-06-14T09:31:41.145Z] [ALL] 06-14 15:01:38.217 10725 10763 I appium  : channel read: POST /session/e97b7abb-6aa8-4e9c-b8b4-b3047c3ed272/element
[2026-06-14T09:31:41.149Z] [ALL] 06-14 15:01:38.217 10725 10763 I appium  : FindElement command
[2026-06-14T09:31:41.149Z] [ALL] 06-14 15:01:38.219 10725 10763 I appium  : method: 'xpath', selector: '//*[@text[contains(.,"Invalid") or contains(.,"empty") or contains(.,"Required") or contains(.,"error") or contains(.,"Error") or contains(.,"Incorrect") or contains(.,"Please") or contains(.,"enter") or contains(.,"Failed") or contains(.,"failed") or contains(.,"Sync")]]'
[2026-06-14T09:31:41.149Z] [ALL] 06-14 15:01:38.219 10725 10763 I appium  : Waiting up to 10000ms for the device to idle
[2026-06-14T09:31:41.151Z] [ALL] 06-14 15:01:38.220 10725 10763 I appium  : The following attributes will be included to the page source: [text]
[2026-06-14T09:31:41.156Z] [ALL] 06-14 15:01:38.226 10725 10729 I tomator2.server: Method exceeds compiler instruction limit: 19260 in java_cup.runtime.Symbol org.eclipse.wst.xml.xpath2.processor.internal.CUP$XPathCup$actions.CUP$XPathCup$do_action(int, java_cup.runtime.lr_parser, java.util.Stack, int)
[2026-06-14T09:31:41.226Z] [ALL] 06-14 15:01:38.296  1486  1520 E Watchdog: !@Sync: 6005 heap(MB): 173 / 202 FD: 1388 Threads: 598 [2026-06-14 15:01:38.296]
[2026-06-14T09:31:41.384Z] [ALL] 06-14 15:01:38.453 10725 10763 I appium  : Took 0ms to retrieve 0 matches for '//*[@text[contains(.,"Invalid") or contains(.,"empty") or contains(.,"Required") or contains(.,"error") or contains(.,"Error") or contains(.,"Incorrect") or contains(.,"Please") or contains(.,"enter") or contains(.,"Failed") or contains(.,"failed") or contains(.,"Sync")]]' XPath2 query
[2026-06-14T09:31:41.387Z] [ALL] 06-14 15:01:38.454 10725 10763 I appium  : AppiumResponse: {"sessionId":"e97b7abb-6aa8-4e9c-b8b4-b3047c3ed272","value":{"error":"no such element","message":"An element could not be located on the page using the given search parameters","stacktrace":"io.appium.uiautomator2.common.exceptions.ElementNotFoundException: An element could not be located on the page using the given search parameters\n\tat io.appium.uiautomator2.utils.ElementLocationHelpers.findElement(ElementLocationHelpers.java:153)\n\tat io.appium.uiautomator2.handler.FindElement.safeHandle(FindElement.java:60)\n\tat io.appium.uiautomator2.handler.request.SafeRequestHandler.handle(SafeRequestHandler.java:59)\n\tat io.appium.uiautomator2.server.AppiumServlet.handleRequest(AppiumServlet.java:267)\n\tat io.appium.uiautomator2.server.AppiumServlet.handleHttpRequest(AppiumServlet.java:261)\n\tat io.appium.uiautomator2.http.ServerHandler.channelRead(ServerHandler.java:77)\n\tat io.netty.channel.AbstractChannelHandlerContext.fireChannelRead(AbstractChannelHandlerContext.java:357)\n\tat io.netty.handler.codec.MessageToMessageDecoder.channelRead(MessageToMessageDecoder.java:107)\n\tat io.netty.channel.AbstractChannelHandlerContext.fireChannelRead(AbstractChannelHandlerContext.java:357)\n\tat io.netty.channel.CombinedChannelDuplexHandler$DelegatingChannelHandlerContext.fireChannelRead(CombinedChannelDuplexHandler.java:434)\n\tat io.netty.handler.codec.ByteToMessageDecoder.fireChannelRead(ByteToMessageDecoder.java:361)\n\tat io.netty.handler.codec.ByteToMessageDecoder.channelRead(ByteToMessageDecoder.java:325)\n\tat io.netty.channel.CombinedChannelDuplexHandler.channelRead(CombinedChannelDuplexHandler.java:249)\n\tat io.netty.channel.AbstractChannelHandlerContext.fireChannelRead(AbstractChannelHandlerContext.java:355)\n\tat io.netty.handler.timeout.IdleStateHandler.channelRead(IdleStateHandler.java:288)\n\tat io.netty.channel.AbstractChannelHandlerContext.fireChannelRead(AbstractChannelHandlerContext.java:355)\n\tat io.netty.channel.DefaultChannelPipeline$HeadContext.channelRead(DefaultChannelPipeline.java:1429)\n\tat io.netty.channel.DefaultChannelPipeline.fireChannelRead(DefaultChannelPipeline.java:918)\n\tat io.netty.channel.nio.AbstractNioByteChannel$NioByteUnsafe.read(AbstractNioByteChannel.java:176)\n\tat io.netty.channel.nio.AbstractNioChannel$AbstractNioUnsafe.handle(AbstractNioChannel.java:445)\n\tat io.netty.channel.nio.NioIoHandler$DefaultNioRegistration.handle(NioIoHandler.java:388)\n\tat io.netty.channel.nio.NioIoHandler.processSelectedKey(NioIoHandler.java:596)\n\tat io.netty.channel.nio.NioIoHandler.processSelectedKeysOptimized(NioIoHandler.java:571)\n\tat io.netty.channel.nio.NioIoHandler.processSelectedKeys(NioIoHandler.java:512)\n\tat io.netty.channel.nio.NioIoHandler.run(NioIoHandler.java:484)\n\tat io.netty.channel.SingleThreadIoEventLoop.runIo(SingleThreadIoEventLoop.java:225)\n\tat io.netty.channel.SingleThreadIoEventLoop.run(SingleThreadIoEventLoop.java:196)\n\tat io.netty.util.concurrent.SingleThreadEventExecutor$5.run(SingleThreadEventExecutor.java:1195)\n\tat io.netty.util.internal.ThreadExecutorMap$2.run(ThreadExecutorMap.java:74)\n\tat io.netty.util.concurrent.FastThreadLocalRunnable.run(FastThreadLocalRunnable.java:30)\n\tat java.lang.Thread.run(Thread.java:1564)\n"}}
[2026-06-14T09:31:41.491Z] [ALL] 06-14 15:01:38.563  1486  1729 D WifiStaIfaceHidlImpl: getCachedScanData is not implemented by HIDL
[2026-06-14T09:31:41.501Z] [ALL] 06-14 15:01:38.573  1486  3494 D SemWifiUsabilityStatsMonitor: onWifiUsabilityStats - seqNum 22835, isSameBssidAndFreq true
[2026-06-14T09:31:41.510Z] [ALL] 06-14 15:01:38.581  2072  2072 I EPDG-0 [WifiProfiler]: handleWifiRssiIntent, rssi=-54
[2026-06-14T09:31:41.513Z] [ALL] 06-14 15:01:38.582  2072  2072 I EPDG-0 [WifiProfiler]: isProfiling, hash=189204772, started=true
[2026-06-14T09:31:41.516Z] [ALL] 06-14 15:01:38.587  2072  2072 I EPDG-0 [LogMetrics]: set, type=WIFI_RSSI_LAST, value=-54
[2026-06-14T09:31:41.516Z] [ALL] 06-14 15:01:38.588  2072  2072 I EPDG-0 [WifiProfiler]: isProfiling, hash=189204772, started=true
[2026-06-14T09:31:41.519Z] [ALL] 06-14 15:01:38.590  2072  2072 I EPDG-0 [WifiProfiler]: Rssi : -54 highrange : -75 lowrange : -85 mIsRssiInHystersis : false
[2026-06-14T09:31:41.519Z] [ALL] 06-14 15:01:38.590  2072  2072 I EPDG-0 [WifiProfiler]: Rssi : -54 highrange : -75 lowrange : -85 mIsRssiInHystersis : false
[2026-06-14T09:31:41.519Z] [ALL] 06-14 15:01:38.590  2072  2072 I EPDG-0 [Subscription]: isEpdgAvailable, IwlanPsState=2/2
[2026-06-14T09:31:41.521Z] [ALL] 06-14 15:01:38.591  2072  2072 I EPDG-0 [WifiProfiler]: getHandoverThresholdMet: value is: false
[2026-06-14T09:31:41.834Z] [ALL] 06-14 15:01:38.904  5214  5214 D BoundBrokerSvc: onUnbind: Intent { act=com.google.android.gms.libs.gmscorelogger.service.START dat=chimera-action:/... xflg=0x4 cmp=com.google.android.gms/.chimera.PersistentDirectBootAwareApiService }
[2026-06-14T09:31:41.849Z] [ALL] 06-14 15:01:38.921  1075 11620 I HYPER-HAL: [RequestManager.cpp]releaseLocked(): Released ID : 8659070
[2026-06-14T09:31:41.900Z] [ALL] 06-14 15:01:38.973 10725 10763 I appium  : channel read: POST /session/e97b7abb-6aa8-4e9c-b8b4-b3047c3ed272/element
[2026-06-14T09:31:41.902Z] [ALL] 06-14 15:01:38.973 10725 10763 I appium  : FindElement command
[2026-06-14T09:31:41.902Z] [ALL] 06-14 15:01:38.974 10725 10763 I appium  : method: 'xpath', selector: '//*[@text[contains(.,"Invalid") or contains(.,"empty") or contains(.,"Required") or contains(.,"error") or contains(.,"Error") or contains(.,"Incorrect") or contains(.,"Please") or contains(.,"enter") or contains(.,"Failed") or contains(.,"failed") or contains(.,"Sync")]]'
[2026-06-14T09:31:41.902Z] [ALL] 06-14 15:01:38.974 10725 10763 I appium  : Waiting up to 10000ms for the device to idle
[2026-06-14T09:31:41.907Z] [ALL] 06-14 15:01:38.976 10725 10763 I appium  : The following attributes will be included to the page source: [text]
[2026-06-14T09:31:41.910Z] [ALL] 06-14 15:01:38.982 10725 10729 I tomator2.server: Method exceeds compiler instruction limit: 19260 in java_cup.runtime.Symbol org.eclipse.wst.xml.xpath2.processor.internal.CUP$XPathCup$actions.CUP$XPathCup$do_action(int, java_cup.runtime.lr_parser, java.util.Stack, int)
[2026-06-14T09:31:42.158Z] [ALL] 06-14 15:01:39.230 10725 10763 I appium  : Took 0ms to retrieve 0 matches for '//*[@text[contains(.,"Invalid") or contains(.,"empty") or contains(.,"Required") or contains(.,"error") or contains(.,"Error") or contains(.,"Incorrect") or contains(.,"Please") or contains(.,"enter") or contains(.,"Failed") or contains(.,"failed") or contains(.,"Sync")]]' XPath2 query
[2026-06-14T09:31:42.162Z] [ALL] 06-14 15:01:39.232 10725 10763 I appium  : AppiumResponse: {"sessionId":"e97b7abb-6aa8-4e9c-b8b4-b3047c3ed272","value":{"error":"no such element","message":"An element could not be located on the page using the given search parameters","stacktrace":"io.appium.uiautomator2.common.exceptions.ElementNotFoundException: An element could not be located on the page using the given search parameters\n\tat io.appium.uiautomator2.utils.ElementLocationHelpers.findElement(ElementLocationHelpers.java:153)\n\tat io.appium.uiautomator2.handler.FindElement.safeHandle(FindElement.java:60)\n\tat io.appium.uiautomator2.handler.request.SafeRequestHandler.handle(SafeRequestHandler.java:59)\n\tat io.appium.uiautomator2.server.AppiumServlet.handleRequest(AppiumServlet.java:267)\n\tat io.appium.uiautomator2.server.AppiumServlet.handleHttpRequest(AppiumServlet.java:261)\n\tat io.appium.uiautomator2.http.ServerHandler.channelRead(ServerHandler.java:77)\n\tat io.netty.channel.AbstractChannelHandlerContext.fireChannelRead(AbstractChannelHandlerContext.java:357)\n\tat io.netty.handler.codec.MessageToMessageDecoder.channelRead(MessageToMessageDecoder.java:107)\n\tat io.netty.channel.AbstractChannelHandlerContext.fireChannelRead(AbstractChannelHandlerContext.java:357)\n\tat io.netty.channel.CombinedChannelDuplexHandler$DelegatingChannelHandlerContext.fireChannelRead(CombinedChannelDuplexHandler.java:434)\n\tat io.netty.handler.codec.ByteToMessageDecoder.fireChannelRead(ByteToMessageDecoder.java:361)\n\tat io.netty.handler.codec.ByteToMessageDecoder.channelRead(ByteToMessageDecoder.java:325)\n\tat io.netty.channel.CombinedChannelDuplexHandler.channelRead(CombinedChannelDuplexHandler.java:249)\n\tat io.netty.channel.AbstractChannelHandlerContext.fireChannelRead(AbstractChannelHandlerContext.java:355)\n\tat io.netty.handler.timeout.IdleStateHandler.channelRead(IdleStateHandler.java:288)\n\tat io.netty.channel.AbstractChannelHandlerContext.fireChannelRead(AbstractChannelHandlerContext.java:355)\n\tat io.netty.channel.DefaultChannelPipeline$HeadContext.channelRead(DefaultChannelPipeline.java:1429)\n\tat io.netty.channel.DefaultChannelPipeline.fireChannelRead(DefaultChannelPipeline.java:918)\n\tat io.netty.channel.nio.AbstractNioByteChannel$NioByteUnsafe.read(AbstractNioByteChannel.java:176)\n\tat io.netty.channel.nio.AbstractNioChannel$AbstractNioUnsafe.handle(AbstractNioChannel.java:445)\n\tat io.netty.channel.nio.NioIoHandler$DefaultNioRegistration.handle(NioIoHandler.java:388)\n\tat io.netty.channel.nio.NioIoHandler.processSelectedKey(NioIoHandler.java:596)\n\tat io.netty.channel.nio.NioIoHandler.processSelectedKeysOptimized(NioIoHandler.java:571)\n\tat io.netty.channel.nio.NioIoHandler.processSelectedKeys(NioIoHandler.java:512)\n\tat io.netty.channel.nio.NioIoHandler.run(NioIoHandler.java:484)\n\tat io.netty.channel.SingleThreadIoEventLoop.runIo(SingleThreadIoEventLoop.java:225)\n\tat io.netty.channel.SingleThreadIoEventLoop.run(SingleThreadIoEventLoop.java:196)\n\tat io.netty.util.concurrent.SingleThreadEventExecutor$5.run(SingleThreadEventExecutor.java:1195)\n\tat io.netty.util.internal.ThreadExecutorMap$2.run(ThreadExecutorMap.java:74)\n\tat io.netty.util.concurrent.FastThreadLocalRunnable.run(FastThreadLocalRunnable.java:30)\n\tat java.lang.Thread.run(Thread.java:1564)\n"}}
[2026-06-14T09:31:42.231Z] [ALL] 06-14 15:01:39.300   747   747 D io_stats: !@ Read_top(KB): gle.android.gms(20246) 624 system_server(1486) 16
[2026-06-14T09:31:42.235Z] [ALL] 06-14 15:01:39.300   747   747 D io_stats: !@ Write_top(KB): system_server(1486) 112
[2026-06-14T09:31:42.299Z] [ALL] 06-14 15:01:39.369  1486  1860 D WifiConnectivityMonitor.NetworkStatsAnalyzer: Backhaul result - RSSI:-54, CE:20, PE:20, TI:28, PTI:28, TW:1, PTW:4, Tx:262, Rx:284, TxS:105, RxS:105, RESULT:true, IC:0, ICT:5, WC:0, WCT:5, R:0, RC:0, IE:0, EC:0
[2026-06-14T09:31:42.372Z] [ALL] 06-14 15:01:39.438  1486  1828 I SemWifiServiceDetector: Service det. resumed: T / T / 19967
[2026-06-14T09:31:53.977Z] [ALL] 06-14 15:01:39.631 13389 13439 V CpEventLog(u0): [P] cp_state: [                 contacts = {contacts=470, raw_contacts=1124, data=5753, account={secphone(1)=4, secphone(2)=1, sim(4)=6, sim2(5)=0, agg(6)=0, samsung(7)=0, mobileservice(11)=0, google(15)=466, google(16)=0, whatsapp(17)=411, duo(21)=236, com.truecaller.account(22)=0, com.twitter.android.auth.login(26)=0, google(31)=0, com.microsoft.appmanager(60)=0, com.microsoft.msa.ltw(61)=0, www.instagram.com(82)=0, com.facebook.auth.login(83)=0, com.microsoft.office(85)=0, telegram(89)=0, com.adobe.creativesdk.foundation.auth.adobeID.DC(92)=0}, trash=2, trash_acc={google=2}, trash_sync=0, database=contacts2.db} ]
[2026-06-14T09:31:53.977Z] [ALL] 06-14 15:01:39.631 13389 13439 V CpEventLog(u0): [P] cp_state: [               aggregated = {[1,17,21]=2, [15,17,17,21]=6, [15,17,17]=5, [15,17,21,17]=1, [15,17,21]=208, [15,17]=172, [15,21]=13, [15,4]=6, [15]=53, [17,15]=1, [17,21,21,21]=1, [17,21]=2, [17]=1, [1]=2, [2,15]=1, [21]=1} ]
[2026-06-14T09:31:53.977Z] [ALL] 06-14 15:01:39.631 13389 13439 V CpEventLog(u0): [P] cp_state: [                  request = {} ]
[2026-06-14T09:31:53.977Z] [ALL] 06-14 15:01:39.631 13389 13439 V CpEventLog(u0): [P] cp_state: [                    calls = {types={[100]=8, [500]=1, [1000]=1252, [1150]=735, [1450]=1, [1800]=3}, database=calllog.db} ]
[2026-06-14T09:31:53.977Z] [ALL] 06-14 15:01:39.631 13389 13439 V CpEventLog(u0): [P] cp_state: [                  profile = {contacts=0, raw_contacts=0, data=0, account={secphone(1)=0, sim(3)=0, sim2(4)=0, agg(5)=0, samsung(6)=0, mobileservice(10)=0, google(14)=0, google(15)=0, whatsapp(16)=0, duo(20)=0, com.truecaller.account(21)=0, com.twitter.android.auth.login(25)=0, google(30)=0, com.microsoft.appmanager(59)=0, com.microsoft.msa.ltw(60)=0, www.instagram.com(81)=0, com.facebook.auth.login(82)=0, com.microsoft.office(84)=0, telegram(88)=0, com.adobe.creativesdk.foundation.auth.adobeID.DC(91)=0}, trash=0, trash_acc={}, trash_sync=0, database=profile.db} ]
[2026-06-14T09:31:53.977Z] [ALL] 06-14 15:01:39.631 13389 13439 V CpEventLog(u0): [P] cp_state: [               sa_profile = {contacts=1, raw_contacts=1, data=2, account={secphone(1)=1, sim(3)=0, sim2(4)=0, agg(5)=0, samsung(6)=0, mobileservice(10)=0, google(14)=0, google(15)=0, whatsapp(16)=0, duo(20)=0, com.truecaller.account(21)=0, com.twitter.android.auth.login(25)=0, google(30)=0, com.microsoft.appmanager(59)=0, com.microsoft.msa.ltw(60)=0, www.instagram.com(81)=0, com.facebook.auth.login(82)=0, com.microsoft.office(84)=0, telegram(88)=0, com.adobe.creativesdk.foundation.auth.adobeID.DC(91)=0}, trash=0, trash_acc={}, trash_sync=0, database=profile_sa.db} ]
[2026-06-14T09:31:53.977Z] [ALL] 06-14 15:01:39.631 13389 13439 V CpEventLog(u0): [P] cp_state: [                      etc = {binders=0, country_iso=IN, version=15.8.31, db_version=2008, db_size=5, db_wal_size=0, csc=/INS, sec_enabled=false, is_roaming=false} ]
[2026-06-14T09:31:53.977Z] [ALL] 06-14 15:01:39.631 13389 13439 V CpEventLog(u0): [P] cp_state: ------------------------------------------------------------------------------
[2026-06-14T09:31:54.050Z] [ALL] 06-14 15:01:39.654  1486  4292 D PowerManagerService: [api] setMasterBrightnessLimit : lowerLimit : -1  upperLimit : 503  mMasterBrightnessLimitPeriod : 200 (uid: 1000 pid: 4132)
[2026-06-14T09:31:54.050Z] [ALL] 06-14 15:01:39.656  1486  1556 D PowerManagerService: [api] BrightnessLimitRunnable done
[2026-06-14T09:31:54.050Z] [ALL] 06-14 15:01:40.391  1486  3107 I NSLocationMonitor: getGPSUsingApps() called
[2026-06-14T09:31:54.050Z] [ALL] 06-14 15:01:40.393  3066  3089 I NSLocationManager_FLP: getGPSUsingApps, No change
[2026-06-14T09:31:54.050Z] [ALL] 06-14 15:01:40.412  1486  3107 D FreecessHandler: skipping freeze com.truecaller(10274) result : 2
[2026-06-14T09:31:54.050Z] [ALL] 06-14 15:01:40.418  1486  1556 D PowerManagerService: UserActivityStateListenerState: 0
[2026-06-14T09:31:54.050Z] [ALL] 06-14 15:01:40.428 11061 11061 I VRI[MainActivity]@99da679: call setFrameRateCategory for touch hint category=no preference, reason=boost timeout, vri=VRI[MainActivity]@99da679
[2026-06-14T09:31:54.050Z] [ALL] 06-14 15:01:40.445  1149  1149 I SurfaceFlinger: [com.safebank.ai/com.safebank.ai.MainActivity$_11061#104622] setFrameRateCategory: NoPreference
[2026-06-14T09:31:54.050Z] [ALL] 06-14 15:01:40.448  1149  1280 I SurfaceFlinger: Current= 60, Period= 60, hwcPeriod= 60
[2026-06-14T09:31:54.050Z] [ALL] 06-14 15:01:41.229  2228  3094 I TUIThread: epol_call: EPOLL_SKIP
[2026-06-14T09:31:54.050Z] [ALL] 06-14 15:01:41.301   747   747 D io_stats: !@   8,0 r 79731927 1572371093 w 12669607 207575284 d 4210505 258730260 f 0 1106405 iot 28679716 0 th 0 0 0 pt 0 inp 0 0 180315.690
[2026-06-14T09:31:54.050Z] [ALL] 06-14 15:01:41.602  1486  1729 D WifiStaIfaceHidlImpl: getCachedScanData is not implemented by HIDL
[2026-06-14T09:31:54.050Z] [ALL] 06-14 15:01:41.615  2072  2072 I EPDG-0 [WifiProfiler]: handleWifiRssiIntent, rssi=-53
[2026-06-14T09:31:54.050Z] [ALL] 06-14 15:01:41.615  1486  3494 D SemWifiUsabilityStatsMonitor: onWifiUsabilityStats - seqNum 22836, isSameBssidAndFreq true
[2026-06-14T09:31:54.050Z] [ALL] 06-14 15:01:41.619  2072  2072 I EPDG-0 [WifiProfiler]: isProfiling, hash=189204772, started=true
[2026-06-14T09:31:54.050Z] [ALL] 06-14 15:01:41.620  2072  2072 I EPDG-0 [LogMetrics]: set, type=WIFI_RSSI_LAST, value=-53
[2026-06-14T09:31:54.050Z] [ALL] 06-14 15:01:41.620  2072  2072 I EPDG-0 [WifiProfiler]: isProfiling, hash=189204772, started=true
[2026-06-14T09:31:54.050Z] [ALL] 06-14 15:01:41.622  2072  2072 I EPDG-0 [WifiProfiler]: Rssi : -53 highrange : -75 lowrange : -85 mIsRssiInHystersis : false
[2026-06-14T09:31:54.050Z] [ALL] 06-14 15:01:41.623  2072  2072 I EPDG-0 [WifiProfiler]: Rssi : -53 highrange : -75 lowrange : -85 mIsRssiInHystersis : false
[2026-06-14T09:31:54.050Z] [ALL] 06-14 15:01:41.623  2072  2072 I EPDG-0 [Subscription]: isEpdgAvailable, IwlanPsState=2/2
[2026-06-14T09:31:54.050Z] [ALL] 06-14 15:01:41.623  2072  2072 I EPDG-0 [WifiProfiler]: getHandoverThresholdMet: value is: false
[2026-06-14T09:31:54.050Z] [ALL] 06-14 15:01:41.639  3653  3653 I wpa_supplicant: Heartbeat 5801
[2026-06-14T09:31:54.050Z] [ALL] 06-14 15:01:42.650  4132  5524 I SDHMS:x : SIOP:: AP:404 BAT:390 USB:372 CHG:405 PA:410 CP:407 WIFI:402 BLK:0 SUBBAT:0 LRPTHM:395 SKIN:378 SKINF:371 SKINB:378 LRP:378 LRP2:378 LRF2:371 LRB2:378 AP2:377 CHG2:368 MEM2:375 WIFI2:378 SPK2:358 VAP02:415 VWIFI:415 AVGCUR:3 AVGSYS:353 POWER:12
[2026-06-14T09:31:54.050Z] [ALL] 06-14 15:01:43.302   747   747 D io_stats: !@   8,0 r 79731927 1572371093 w 12669623 207575332 d 4210505 258730260 f 0 1106409 iot 28679736 0 th 0 0 0 pt 0 inp 0 0 180317.691
[2026-06-14T09:31:54.050Z] [ALL] 06-14 15:01:43.303   747   747 D io_stats: !@ Write_top(KB): kworker/u16:4(31690) 920 soft.appmanager(9170) 16 appmanager:auth(9493) 16
[2026-06-14T09:31:54.050Z] [ALL] 06-14 15:01:44.644  1486  1729 D WifiStaIfaceHidlImpl: getCachedScanData is not implemented by HIDL
[2026-06-14T09:31:54.050Z] [ALL] 06-14 15:01:44.655  2072  2072 I EPDG-0 [WifiProfiler]: handleWifiRssiIntent, rssi=-54
[2026-06-14T09:31:54.050Z] [ALL] 06-14 15:01:44.655  2072  2072 I EPDG-0 [WifiProfiler]: isProfiling, hash=189204772, started=true
[2026-06-14T09:31:54.050Z] [ALL] 06-14 15:01:44.656  2072  2072 I EPDG-0 [LogMetrics]: set, type=WIFI_RSSI_LAST, value=-54
[2026-06-14T09:31:54.050Z] [ALL] 06-14 15:01:44.656  2072  2072 I EPDG-0 [WifiProfiler]: isProfiling, hash=189204772, started=true
[2026-06-14T09:31:54.050Z] [ALL] 06-14 15:01:44.657  1486  3494 D SemWifiUsabilityStatsMonitor: onWifiUsabilityStats - seqNum 22837, isSameBssidAndFreq true
[2026-06-14T09:31:54.050Z] [ALL] 06-14 15:01:44.662  2072  2072 I EPDG-0 [WifiProfiler]: Rssi : -54 highrange : -75 lowrange : -85 mIsRssiInHystersis : false
[2026-06-14T09:31:54.050Z] [ALL] 06-14 15:01:44.662  2072  2072 I EPDG-0 [WifiProfiler]: Rssi : -54 highrange : -75 lowrange : -85 mIsRssiInHystersis : false
[2026-06-14T09:31:54.050Z] [ALL] 06-14 15:01:44.663  2072  2072 I EPDG-0 [Subscription]: isEpdgAvailable, IwlanPsState=2/2
[2026-06-14T09:31:54.050Z] [ALL] 06-14 15:01:44.665  2072  2072 I EPDG-0 [WifiProfiler]: getHandoverThresholdMet: value is: false
[2026-06-14T09:31:54.050Z] [ALL] 06-14 15:01:45.304   747   747 D io_stats: !@   8,0 r 79731927 1572371093 w 12669632 207575960 d 4210505 258730260 f 0 1106409 iot 28679744 0 th 0 0 0 pt 0 inp 0 0 180319.693
[2026-06-14T09:31:54.050Z] [ALL] 06-14 15:01:45.735  4132  4132 I SDHMS:LOAD: type: LoadsFreqs, value: 10:2:0:701559:2707000:576000:698880:1824000:576000:24:303:0
[2026-06-14T09:31:54.050Z] [ALL] 06-14 15:01:46.178 28086 28466 E adbd    : [server]: SSL_read failed [bytes_read=-1, io_error=SSL_ERROR_SYSCALL: 'Connection reset by peer']
[2026-06-14T09:31:54.050Z] [ALL] 06-14 15:01:46.179 28086 28466 I adbd    : host-22: connection terminated: read failed
[2026-06-14T09:31:54.050Z] [ALL] 06-14 15:01:46.181 28086 28086 I adbd    : ADB wifi device disconnected
[2026-06-14T09:31:54.050Z] [ALL] 06-14 15:01:46.188 28086 28090 I adbd    : adbd_auth: marking framework writable
[2026-06-14T09:31:54.050Z] [ALL] 06-14 15:01:46.188 28086 28090 I adbd    : adbd_auth: sending packet: WF
[2026-06-14T09:31:54.050Z] [ALL] 06-14 15:01:46.191  1486 22564 D AdbDebuggingManager: Recv packet: WF
[2026-06-14T09:31:54.050Z] [ALL] 06-14 15:01:46.193  1486 22564 D AdbDebuggingManager: Received WIFI TLS disconnect key message: QAAAAHu4QVJNmc4YS+0A6iBnLJzBnjM7wZGdISLrRMXefcxk1wXHEGp1JNJ8MGlpeFaFIxoztpwCqdpOzhUQ8SKqvOVppjwLW+b9zkorIDxH0KCqN/1YGgLUi560OMFsx2KNf/C+3gqiQaobs0MnaJorAsaV348m1Cl48xz9UYCJ9b/BVM+c5KwTDeqG6y5T3zCRkkIcM0BOF622d5ZpNhGH9BEra4G+l4u9XizqozSZRJrjQTs+azwWtawrDQJc7OQctVHsnkStDnChLauCMa8Xh1ISbVr3VqKxIwzdpLmdK1WME28Nafz4+qGRCMujkqDCpjVkbLlpkbWltYkNOBxKB72w8mO0Kh8JtJGpMH6H/ZzczqwkbDO4kbnw5kRtus0TtpfN9vnRIf/YVzOpanXH/g/Tq7HjpdfKh5D0gZvRm5EKIcwnIiUvDeV1kfRd2h0PZUZT7CbA7hbmtcWUaSww1+cc/cHpr4ufGgEMjpqHn5cOxnK/NLCTEB1MylaOQEPaU0l9zZYrZvVzlEjLUmHZzhuW0VuLCSgvnKzuVer7r2bevqRkGxUoz1v/kcUsoiPVKActpMuda8ky2utt4BzDOjlPPGoPRhV34mfYJtHFySVfLI25hQPoUNyBwvD8k87GQNu1rxrum546cPTZpeMyMvTR+oGuDil1ngcnYr487mhRz6GyRAEAAQA= Amulya@AMULYA
[2026-06-14T09:31:54.050Z] [ALL] 06-14 15:01:46.206  1486  1486 D EdgeLightingManager: hideForNotification : packageName = android
[2026-06-14T09:31:54.050Z] [ALL] 06-14 15:01:46.207  1486  1486 D EdgeLightingPolicyManager:NotificationGroup: remove : sbn : StatusBarNotification(pkg=android user=UserHandle{-1} id=62 tag=null key=-1|android|62|null|1000: Notification(channel=DEVELOPER_IMPORTANT shortcut=null contentView=null vibrate=null sound=null tick defaults=0 flags=ONGOING_EVENT|CAN_COLORIZE color=0xff888fa2 vis=PUBLIC semFlags=0x0 semPriority=0 semMissedCount=0 semScenarioType=0))
[2026-06-14T09:31:54.050Z] [ALL] 06-14 15:01:46.207  1486  1486 D EdgeLightingPolicyManager.NotificationGroup: group notification count : 10
[2026-06-14T09:31:54.050Z] [ALL] 06-14 15:01:46.207  1486  1486 D EdgeLightingManager: hideForNotification : isInteractive is true
[2026-06-14T09:31:54.050Z] [ALL] 06-14 15:01:46.245  1486  1486 D NotificationReminder: removeFromNotificationList record android
[2026-06-14T09:31:54.050Z] [ALL] 06-14 15:01:46.253  1486  1805 D BackgroundInstallControlService: Package event received: 0
[2026-06-14T09:31:54.050Z] [ALL] 06-14 15:01:46.261 19756 19756 D NLService: Successfully marked the removed notification identified by 62
[2026-06-14T09:31:54.050Z] [ALL] 06-14 15:01:46.262  2619  2619 I HoneySpace.NotificationListener: onNotificationRemoved sbn : StatusBarNotification(pkg=android user=UserHandle{-1} id=62 tag=null key=-1|android|62|null|1000: Notification(channel=DEVELOPER_IMPORTANT shortcut=null contentView=null vibrate=null sound=null tick defaults=0 flags=ONGOING_EVENT|CAN_COLORIZE color=0xff888fa2 vis=PUBLIC semFlags=0x0 semPriority=0 semMissedCount=0 semScenarioType=0)), reason : 8
[2026-06-14T09:31:54.050Z] [ALL] 06-14 15:01:46.262  2619  2825 I HoneySpace.NotificationListener: onNotificationRemoved android: -1|android|62|null|1000: 0
[2026-06-14T09:31:54.050Z] [ALL] 06-14 15:01:46.263  1486 21796 D PerProcessNandswap$NandswapHandler: nandswap start for non-activity com.sec.location.nsflp2(pid 3066) action:6 adj:100 type:2
[2026-06-14T09:31:54.050Z] [ALL] 06-14 15:01:46.263  1486  1805 D BackgroundInstallControlService: Package event received: 0
[2026-06-14T09:31:54.050Z] [ALL] 06-14 15:01:46.263  1486  1805 D BackgroundInstallControlService: Package event received: 0
[2026-06-14T09:31:54.050Z] [ALL] 06-14 15:01:46.265  1486  1805 D BackgroundInstallControlService: Package event received: 0
[2026-06-14T09:31:54.050Z] [ALL] 06-14 15:01:46.266  1149  1280 I SurfaceFlinger: Current= 60, Period= 60, hwcPeriod= 60
[2026-06-14T09:31:54.050Z] [ALL] 06-14 15:01:46.266  1486  1805 D BackgroundInstallControlService: Package event received: 0
[2026-06-14T09:31:54.050Z] [ALL] 06-14 15:01:46.267  1486  1805 D BackgroundInstallControlService: Package event received: 0
[2026-06-14T09:31:54.050Z] [ALL] 06-14 15:01:46.267  1486  1805 D BackgroundInstallControlService: Package event received: 0
[2026-06-14T09:31:54.050Z] [ALL] 06-14 15:01:46.268  1486  1805 D BackgroundInstallControlService: Package event received: 0
[2026-06-14T09:31:54.050Z] [ALL] 06-14 15:01:46.269  1486  1805 D BackgroundInstallControlService: Package event received: 0
[2026-06-14T09:31:54.050Z] [ALL] 06-14 15:01:46.270  2112  2112 D S.S.N.  : onEntryRemoved parent : -1|android|62|null|1000
[2026-06-14T09:31:54.050Z] [ALL] 06-14 15:01:46.270  2112  2112 D InsignificantCoordinator: onEntryRemoved :-1|android|62|null|1000 flags: 0 entrySize:0
[2026-06-14T09:31:54.050Z] [ALL] 06-14 15:01:46.271  1486  1805 D BackgroundInstallControlService: Package event received: 0
[2026-06-14T09:31:54.051Z] [ALL] 06-14 15:01:46.271  1486  1805 D BackgroundInstallControlService: Package event received: 0
[2026-06-14T09:31:54.051Z] [ALL] 06-14 15:01:46.272  1486  1805 D BackgroundInstallControlService: Package event received: 0
[2026-06-14T09:31:54.051Z] [ALL] 06-14 15:01:46.273  1486  1805 D BackgroundInstallControlService: Package event received: 0
[2026-06-14T09:31:54.051Z] [ALL] 06-14 15:01:46.274  1486  1805 D BackgroundInstallControlService: Package event received: 0
[2026-06-14T09:31:54.051Z] [ALL] 06-14 15:01:46.275  1486  1805 D BackgroundInstallControlService: Package event received: 0
[2026-06-14T09:31:54.051Z] [ALL] 06-14 15:01:46.275  1486  1805 D BackgroundInstallControlService: Package event received: 0
[2026-06-14T09:31:54.051Z] [ALL] 06-14 15:01:46.275  1486  1805 D BackgroundInstallControlService: Package event received: 0
[2026-06-14T09:31:54.051Z] [ALL] 06-14 15:01:46.297  2112  2112 D View    : semSetBlurInfo, blurInfo : null, com.android.systemui.statusbar.notification.row.NotificationBackgroundView{2a6a0bb V.ED..... ......ID 0,0-1020,209 #7e0a016c com.android.systemui:id/backgroundNormal}
[2026-06-14T09:31:54.051Z] [ALL] 06-14 15:01:46.304  1486 21796 D PerProcessNandswap$NandswapHandler: nandswap end for non-activity com.sec.location.nsflp2(pid 3066) ret:18569854976 adj:100
[2026-06-14T09:31:54.051Z] [ALL] 06-14 15:01:46.304  2112  2112 D View    : semSetBlurInfo, blurInfo : null, com.android.systemui.statusbar.notification.row.NotificationBackgroundView{2a6a0bb V.ED..... ......ID 0,0-1020,209 #7e0a016c com.android.systemui:id/backgroundNormal}
[2026-06-14T09:31:54.051Z] [ALL] 06-14 15:01:46.307  1486 21796 D PerProcessNandswap$NandswapHandler: nandswap start for non-activity com.google.android.googlequicksearchbox:interactor(pid 24867) action:6 adj:100 type:2
[2026-06-14T09:31:54.051Z] [ALL] 06-14 15:01:46.309  2112  2112 D StackScroller: generateRemoveAnimation -1|android|62|null|1000
[2026-06-14T09:31:54.051Z] [ALL] 06-14 15:01:46.309  2112  2112 D StackScroller: generateRemoveAnimation -1|android|62|null|1000 mIsExpanded false mAnimationsEnabled true
[2026-06-14T09:31:54.051Z] [ALL] 06-14 15:01:46.309  2112  2112 D StackScroller: onViewRemovedInternal remove child without animation -1|android|62|null|1000
[2026-06-14T09:31:54.051Z] [ALL] 06-14 15:01:46.312  2112  2112 D SubscreenNotificationListCoordinator: onAfterRenderList() isSubScreen = false, pluginLockMode = 0, doNotShowOnCover = false
[2026-06-14T09:31:54.051Z] [ALL] 06-14 15:01:46.312  2112  2112 I DateTimeView: getTimeFormat
[2026-06-14T09:31:54.051Z] [ALL] 06-14 15:01:46.314  2112  2112 I DateTimeView: getTimeFormat
[2026-06-14T09:31:54.051Z] [ALL] 06-14 15:01:46.318  2112  2112 W RefactorFlag: New code path expects SceneContainerFlag to be enabled.
[2026-06-14T09:31:54.051Z] [ALL] 06-14 15:01:46.320  2112  2112 I LockscreenNotificationIconsOnlyController: onNotificationInfoUpdated 0
[2026-06-14T09:31:54.051Z] [ALL] 06-14 15:01:46.320  2112  2112 I AODNotificationManager: updateNotification() 
[2026-06-14T09:31:54.051Z] [ALL] 06-14 15:01:46.323  2112  2112 D {OngoingChipAdapter}: updateVisibleIconCount: 8
[2026-06-14T09:31:54.051Z] [ALL] 06-14 15:01:46.337  2112  2112 I View    : setRequestedFrameRate frameRate=-2.0, this=StatusBarIconView(slot='android/0x3e' alpha=1.0 icon=StatusBarIcon(icon=Icon(typ=RESOURCE pkg=android id=0x01080c41) visible user=-1 ) visibleState=ICON iconColor=#edffffff staticDrawableColor=#edffffff decorColor=#edffffff animationStartColor=#0 currentSetColor=#edffffff notification=StatusBarNotification(pkg=android user=UserHandle{-1} id=62 tag=null key=-1|android|62|null|1000: Notification(channel=DEVELOPER_IMPORTANT shortcut=null contentView=null vibrate=null sound=null tick defaults=0 flags=ONGOING_EVENT|CAN_COLORIZE color=0xff888fa2 vis=PUBLIC semFlags=0x0 semPriority=0 semMissedCount=0 semScenarioType=0))), caller=com.android.systemui.statusbar.StatusBarIconView.onAttachedToWindow:6 android.view.View.dispatchAttachedToWindow:24715 android.view.ViewGroup.addTransientView:5259 com.android.systemui.statusbar.phone.NotificationIconContainer.onViewRemoved:102 android.view.ViewGroup.dispatchViewRemoved:5520 
[2026-06-14T09:31:54.051Z] [ALL] 06-14 15:01:46.342  2112  2112 I View    : setRequestedFrameRate frameRate=-2.0, this=StatusBarIconView(slot='android/0x3e' alpha=1.0 icon=StatusBarIcon(icon=Icon(typ=RESOURCE pkg=android id=0x01080c41) visible user=-1 ) visibleState=ICON iconColor=#fffafaff staticDrawableColor=#ffb9bec9 decorColor=#ff1b6cf7 animationStartColor=#0 currentSetColor=#fffafaff notification=StatusBarNotification(pkg=android user=UserHandle{-1} id=62 tag=null key=-1|android|62|null|1000: Notification(channel=DEVELOPER_IMPORTANT shortcut=null contentView=null vibrate=null sound=null tick defaults=0 flags=ONGOING_EVENT|CAN_COLORIZE color=0xff888fa2 vis=PUBLIC semFlags=0x0 semPriority=0 semMissedCount=0 semScenarioType=0))), caller=com.android.systemui.statusbar.StatusBarIconView.onAttachedToWindow:6 android.view.View.dispatchAttachedToWindow:24715 android.view.ViewGroup.addTransientView:5259 com.android.systemui.statusbar.phone.NotificationIconContainer.onViewRemoved:102 android.view.ViewGroup.dispatchViewRemoved:5520 
[2026-06-14T09:31:54.051Z] [ALL] 06-14 15:01:46.345  1486 21796 D PerProcessNandswap$NandswapHandler: nandswap end for non-activity com.google.android.googlequicksearchbox:interactor(pid 24867) ret:19918315520 adj:100
[2026-06-14T09:31:54.051Z] [ALL] 06-14 15:01:46.355  2112  2112 W RefactorFlag: New code path expects SceneContainerFlag to be enabled.
[2026-06-14T09:31:54.051Z] [ALL] 06-14 15:01:46.355  1149  1317 D SurfaceFlinger: setDesiredMode 4633128672291736000 {mode={fps=120.00 Hz, modePtr={id=0, vsyncRate=120.00 Hz, peakRefreshRate=120.00 Hz}}, emitEvent=false, force=false}
[2026-06-14T09:31:54.051Z] [ALL] 06-14 15:01:46.361  1149  1280 I SurfaceFlinger: Current= 60, Period= 120, hwcPeriod= 60
[2026-06-14T09:31:54.051Z] [ALL] 06-14 15:01:46.369  1149  1149 I SurfaceFlinger: SFWD update time=180320758396871
[2026-06-14T09:31:54.051Z] [ALL] 06-14 15:01:46.370  1149  1149 I SurfaceFlinger: StatusBar$_2112#94 voted NoVote (0.00 Hz)
[2026-06-14T09:31:54.051Z] [ALL] 06-14 15:01:46.370  1149  1149 I SurfaceFlinger: No layers with votes - choose 120.00 Hz
[2026-06-14T09:31:54.051Z] [ALL] 06-14 15:01:46.371  1149  1149 D SurfaceFlinger: initiateModeChange 4633128672291736000 {mode={fps=120.00 Hz, modePtr={id=0, vsyncRate=120.00 Hz, peakRefreshRate=120.00 Hz}}, emitEvent=false, force=false}
[2026-06-14T09:31:54.051Z] [ALL] 06-14 15:01:46.371  1149  1149 I SurfaceFlinger: [4633128672291736000] ActiveConfigToHWC, ID : 3
[2026-06-14T09:31:54.051Z] [ALL] 06-14 15:01:46.373  1062 15192 D display : setActiveConfigWithConstraints:: PrimaryDisplay config(3)
[2026-06-14T09:31:54.051Z] [ALL] 06-14 15:01:46.373  1062 15192 I display : Current VRR MODE is 3
[2026-06-14T09:31:54.051Z] [ALL] 06-14 15:01:46.373  1062 15192 I display : setActiveConfigWithConstraints:: HFR match - config: 3, base: 3, try: 1
[2026-06-14T09:31:54.051Z] [ALL] 06-14 15:01:46.373  1062 15192 I display : setActiveConfigWithConstraints::update 1080x2340@120hs
[2026-06-14T09:31:54.051Z] [ALL] 06-14 15:01:46.374  1062 15192 I display : commit modeset : 1080x2340@120hs
[2026-06-14T09:31:54.051Z] [ALL] 06-14 15:01:46.393  1062 15192 W display : deliverWinConfigData:: commit modeset time (19 ms)
[2026-06-14T09:31:54.051Z] [ALL] 06-14 15:01:46.395  1062  1159 I display : [compareVsyncPeriod] set the lowest(mode:0) vsync 83 of display(0)
[2026-06-14T09:31:54.051Z] [ALL] 06-14 15:01:46.395  1062  1159 I display : getFpsForPerformance, performance table found using table(key:120, cpu:255)
[2026-06-14T09:31:54.051Z] [ALL] 06-14 15:01:46.395  1062  1159 I display : Set m2mMPP capacity(4) for fps(120)
[2026-06-14T09:31:54.051Z] [ALL] 06-14 15:01:46.395  1062  1159 I display : getFpsForPerformance, performance table found using table(key:120, cpu:255)
[2026-06-14T09:31:54.051Z] [ALL] 06-14 15:01:46.395  1062  1159 I display : Set Affinity config for fps(120) : cpuIDs : 255
[2026-06-14T09:31:54.051Z] [ALL] 06-14 15:01:46.395  1062  1159 I display : Set Affinity CPU ID : 0
[2026-06-14T09:31:54.051Z] [ALL] 06-14 15:01:46.395  1062  1159 I display : Set Affinity CPU ID : 1
[2026-06-14T09:31:54.051Z] [ALL] 06-14 15:01:46.395  1062  1159 I display : Set Affinity CPU ID : 2
[2026-06-14T09:31:54.051Z] [ALL] 06-14 15:01:46.395  1062  1159 I display : Set Affinity CPU ID : 3
[2026-06-14T09:31:54.051Z] [ALL] 06-14 15:01:46.395  1062  1159 I display : Set Affinity CPU ID : 4
[2026-06-14T09:31:54.051Z] [ALL] 06-14 15:01:46.395  1062  1159 I display : Set Affinity CPU ID : 5
[2026-06-14T09:31:54.051Z] [ALL] 06-14 15:01:46.395  1062  1159 I display : Set Affinity CPU ID : 6
[2026-06-14T09:31:54.051Z] [ALL] 06-14 15:01:46.395  1062  1159 I display : Set Affinity CPU ID : 7
[2026-06-14T09:31:54.051Z] [ALL] 06-14 15:01:46.395  1062  1159 I display : Set affinity HWC : 1062
[2026-06-14T09:31:54.051Z] [ALL] 06-14 15:01:46.396  1149  1149 I SurfaceFlinger: finalizeDisplayModeChange 4633128672291736000
[2026-06-14T09:31:54.051Z] [ALL] 06-14 15:01:46.397  1062  1159 I display : CPU set : Cluster(0), min_clock(0)
[2026-06-14T09:31:54.051Z] [ALL] 06-14 15:01:46.397  1062  1159 I display : CPU set : Cluster(1), min_clock(0)
[2026-06-14T09:31:54.051Z] [ALL] 06-14 15:01:46.397  1062  1159 I display : CPU set : Cluster(2), min_clock(0)
[2026-06-14T09:31:54.051Z] [ALL] 06-14 15:01:46.399  1149  1280 I SurfaceFlinger: Current= 60, Period= 120, hwcPeriod= 120
[2026-06-14T09:31:54.051Z] [ALL] 06-14 15:01:46.419  1486  3107 I NSLocationMonitor: getGPSUsingApps() called
[2026-06-14T09:31:54.051Z] [ALL] 06-14 15:01:46.420  3066  3089 I NSLocationManager_FLP: getGPSUsingApps, No change
[2026-06-14T09:31:54.051Z] [ALL] 06-14 15:01:46.432  1486  3107 D FreecessHandler: skipping freeze com.truecaller(10274) result : 2
[2026-06-14T09:31:54.051Z] [ALL] 06-14 15:01:46.707  1149  1317 D SurfaceFlinger: setDesiredMode 4633128672291736000 {mode={fps=60.00 Hz, modePtr={id=1, vsyncRate=60.00 Hz, peakRefreshRate=60.00 Hz}}, emitEvent=false, force=false}
[2026-06-14T09:31:54.051Z] [ALL] 06-14 15:01:46.710  1149  1280 I SurfaceFlinger: Current= 120, Period= 60, hwcPeriod= 120
[2026-06-14T09:31:54.051Z] [ALL] 06-14 15:01:46.712  1149  1149 I SurfaceFlinger: StatusBar$_2112#94 voted NoVote (0.00 Hz)
[2026-06-14T09:31:54.051Z] [ALL] 06-14 15:01:46.712  1149  1149 I SurfaceFlinger: IdleFps - choose 60.00 Hz
[2026-06-14T09:31:54.051Z] [ALL] 06-14 15:01:46.713  1149  1149 D SurfaceFlinger: initiateModeChange 4633128672291736000 {mode={fps=60.00 Hz, modePtr={id=1, vsyncRate=60.00 Hz, peakRefreshRate=60.00 Hz}}, emitEvent=false, force=false}
[2026-06-14T09:31:54.051Z] [ALL] 06-14 15:01:46.713  1149  1149 I SurfaceFlinger: [4633128672291736000] ActiveConfigToHWC, ID : 4
[2026-06-14T09:31:54.051Z] [ALL] 06-14 15:01:46.717  1062 15192 D display : setActiveConfigWithConstraints:: PrimaryDisplay config(4)
[2026-06-14T09:31:54.051Z] [ALL] 06-14 15:01:46.717  1062 15192 I display : Current VRR MODE is 3
[2026-06-14T09:31:54.051Z] [ALL] 06-14 15:01:46.717  1062 15192 I display : setActiveConfigWithConstraints:: HFR match - config: 5, base: 4, try: 0
[2026-06-14T09:31:54.051Z] [ALL] 06-14 15:01:46.717  1062 15192 I display : setActiveConfigWithConstraints::update 1080x2340@60phs
[2026-06-14T09:31:54.051Z] [ALL] 06-14 15:01:46.718  1062 15192 I display : commit modeset : 1080x2340@60phs
[2026-06-14T09:31:54.051Z] [ALL] 06-14 15:01:46.735  1062 15192 W display : deliverWinConfigData:: commit modeset time (17 ms)
[2026-06-14T09:31:54.051Z] [ALL] 06-14 15:01:46.738  1149  1149 D SurfaceFlinger: GPIS:: requestGpisForSFSluggish
[2026-06-14T09:31:54.051Z] [ALL] 06-14 15:01:46.738  1149  1149 I SurfaceFlinger: finalizeDisplayModeChange 4633128672291736000
[2026-06-14T09:31:54.051Z] [ALL] 06-14 15:01:46.742  1062  1159 I display : [compareVsyncPeriod] set the lowest(mode:0) vsync 166 of display(0)
[2026-06-14T09:31:54.051Z] [ALL] 06-14 15:01:46.742  1062  1159 I display : getFpsForPerformance, performance table found using table(key:60, cpu:255)
[2026-06-14T09:31:54.051Z] [ALL] 06-14 15:01:46.742  1062  1159 I display : Set m2mMPP capacity(8) for fps(60)
[2026-06-14T09:31:54.051Z] [ALL] 06-14 15:01:46.742  1062  1159 I display : getFpsForPerformance, performance table found using table(key:60, cpu:255)
[2026-06-14T09:31:54.051Z] [ALL] 06-14 15:01:46.742  1062  1159 I display : Set Affinity config for fps(60) : cpuIDs : 255
[2026-06-14T09:31:54.051Z] [ALL] 06-14 15:01:46.742  1062  1159 I display : Set Affinity CPU ID : 0
[2026-06-14T09:31:54.051Z] [ALL] 06-14 15:01:46.743  1062  1159 I display : Set Affinity CPU ID : 1
[2026-06-14T09:31:54.051Z] [ALL] 06-14 15:01:46.743  1062  1159 I display : Set Affinity CPU ID : 2
[2026-06-14T09:31:54.051Z] [ALL] 06-14 15:01:46.743  1062  1159 I display : Set Affinity CPU ID : 3
[2026-06-14T09:31:54.051Z] [ALL] 06-14 15:01:46.743  1062  1159 I display : Set Affinity CPU ID : 4
[2026-06-14T09:31:54.051Z] [ALL] 06-14 15:01:46.743  1062  1159 I display : Set Affinity CPU ID : 5
[2026-06-14T09:31:54.051Z] [ALL] 06-14 15:01:46.743  1062  1159 I display : Set Affinity CPU ID : 6
[2026-06-14T09:31:54.051Z] [ALL] 06-14 15:01:46.743  1062  1159 I display : Set Affinity CPU ID : 7
[2026-06-14T09:31:54.051Z] [ALL] 06-14 15:01:46.743  1062  1159 I display : Set affinity HWC : 1062
[2026-06-14T09:31:54.051Z] [ALL] 06-14 15:01:46.744  1062  1159 I display : CPU set : Cluster(0), min_clock(0)
[2026-06-14T09:31:54.051Z] [ALL] 06-14 15:01:46.744  1062  1159 I display : CPU set : Cluster(1), min_clock(0)
[2026-06-14T09:31:54.051Z] [ALL] 06-14 15:01:46.744  1062  1159 I display : CPU set : Cluster(2), min_clock(0)
[2026-06-14T09:31:54.051Z] [ALL] 06-14 15:01:46.745  1149  1280 I SurfaceFlinger: Current= 120, Period= 60, hwcPeriod= 60
[2026-06-14T09:31:54.051Z] [ALL] 06-14 15:01:47.305   747   747 D io_stats: !@   8,0 r 79732130 1572374305 w 12669670 207586200 d 4210505 258730260 f 0 1106409 iot 28679868 0 th 0 0 0 pt 0 inp 0 0 180321.694
[2026-06-14T09:31:54.051Z] [ALL] 06-14 15:01:47.306   747   747 D io_stats: !@ Read_top(KB): ndroid.systemui(2112) 1628 loop19(913) 924 system_server(1486) 328
[2026-06-14T09:31:54.051Z] [ALL] 06-14 15:01:47.306   747   747 D io_stats: !@ Write_top(KB): loop50(3116) 10240 kworker/u16:2(15734) 628
[2026-06-14T09:31:54.051Z] [ALL] 06-14 15:01:47.679  1486  1729 D WifiStaIfaceHidlImpl: getCachedScanData is not implemented by HIDL
[2026-06-14T09:31:54.051Z] [ALL] 06-14 15:01:47.692  1486  3494 D SemWifiUsabilityStatsMonitor: onWifiUsabilityStats - seqNum 22838, isSameBssidAndFreq true
[2026-06-14T09:31:54.051Z] [ALL] 06-14 15:01:47.693  2072  2072 I EPDG-0 [WifiProfiler]: handleWifiRssiIntent, rssi=-56
[2026-06-14T09:31:54.051Z] [ALL] 06-14 15:01:47.694  2072  2072 I EPDG-0 [WifiProfiler]: isProfiling, hash=189204772, started=true
[2026-06-14T09:31:54.051Z] [ALL] 06-14 15:01:47.695  2072  2072 I EPDG-0 [LogMetrics]: set, type=WIFI_RSSI_LAST, value=-56
[2026-06-14T09:31:54.051Z] [ALL] 06-14 15:01:47.695  2072  2072 I EPDG-0 [WifiProfiler]: isProfiling, hash=189204772, started=true
[2026-06-14T09:31:54.051Z] [ALL] 06-14 15:01:47.698  2072  2072 I EPDG-0 [WifiProfiler]: Rssi : -56 highrange : -75 lowrange : -85 mIsRssiInHystersis : false
[2026-06-14T09:31:54.051Z] [ALL] 06-14 15:01:47.698  2072  2072 I EPDG-0 [WifiProfiler]: Rssi : -56 highrange : -75 lowrange : -85 mIsRssiInHystersis : false
[2026-06-14T09:31:54.051Z] [ALL] 06-14 15:01:47.698  2072  2072 I EPDG-0 [Subscription]: isEpdgAvailable, IwlanPsState=2/2
[2026-06-14T09:31:54.051Z] [ALL] 06-14 15:01:47.698  2072  2072 I EPDG-0 [WifiProfiler]: getHandoverThresholdMet: value is: false
[2026-06-14T09:31:54.051Z] [ALL] 06-14 15:01:48.412  1486  1856 D SemWifiSwitchForIndividualAppsService: isSkipNetworkCondition - result:2
[2026-06-14T09:31:54.051Z] [ALL] 06-14 15:01:48.677  1486  1655 D ActivityManager: Received BROADCAST intent 0x9458281 Key{broadcastIntent pkg=com.sec.epdg intent=act=com.sec.epdg.PERIODIC_DPD_TIMER_EXPIRED xflg=0x4 flags=0x4000000 u=-1} requestCode=1 sent=0 from uid 1000
[2026-06-14T09:31:54.051Z] [ALL] 06-14 15:01:48.687  1486  1526 D ActivityManager: sync unfroze 30539 com.android.settings for 10
[2026-06-14T09:31:54.051Z] [ALL] 06-14 15:01:48.690  1486  1526 D ActivityManager: sync unfroze 10028 com.samsung.SMT for 10
[2026-06-14T09:31:54.051Z] [ALL] 06-14 15:01:48.692  1486  1526 D ActivityManager: sync unfroze 7917 com.samsung.android.forest for 10
[2026-06-14T09:31:54.051Z] [ALL] 06-14 15:01:48.693  1486  1805 D BackgroundInstallControlService: Package event received: 0
[2026-06-14T09:31:54.051Z] [ALL] 06-14 15:01:48.701  2072  2791 I EPDG-0 [MainIntentReceiver]: received: com.sec.epdg.PERIODIC_DPD_TIMER_EXPIRED
[2026-06-14T09:31:54.051Z] [ALL] 06-14 15:01:48.701  2072  2791 I EPDG-0 [MainIntentReceiver]: handleIntentPeriodicDpdTimerExpired: ims
[2026-06-14T09:31:54.051Z] [ALL] 06-14 15:01:48.703  2072  2791 I EPDG-0 [MainIntentReceiver]: complete: com.sec.epdg.PERIODIC_DPD_TIMER_EXPIRED
[2026-06-14T09:31:54.051Z] [ALL] 06-14 15:01:48.704  2072  2791 I EPDG-0 [EpdgHandler]: Event received: PERIODIC_DPD_TIMER_EXPIRED cid - 0
[2026-06-14T09:31:54.051Z] [ALL] 06-14 15:01:48.712  2072  2791 I EPDG-0 [EpdgHandler]: handlePeriodicDpdTimerExpired: apnType=ims
[2026-06-14T09:31:54.051Z] [ALL] 06-14 15:01:48.712  2072  2791 I EPDG-0 [IPSecDataConnSM][1]: ConnectedState[i] Event: PERIODIC_DPD_TIMER_EXPIRED
[2026-06-14T09:31:54.051Z] [ALL] 06-14 15:01:48.713  2072  2791 I EPDG-0 [PeriodicDpd]: getDpdPendingIntentKey apntype : ims, key 1
[2026-06-14T09:31:54.051Z] [ALL] 06-14 15:01:48.715  2072  2791 I EPDG-0 [PeriodicDpd]: removePeriodicDpdPendingIntent apntype : ims, pIntent PendingIntent{5f2c13f: android.os.BinderProxy@33494e8}
[2026-06-14T09:31:54.051Z] [ALL] 06-14 15:01:48.716  2072  3280 E EPDG-x [IPSecAdapterForEris]: checkConnection cid (2 ) - timeout : 5
[2026-06-14T09:31:54.051Z] [ALL] 06-14 15:01:48.721  2072  2791 I EPDG-0 [Utils]: isAlwaysOnApn, apn=ims, true
[2026-06-14T09:31:54.051Z] [ALL] 06-14 15:01:48.722  2072  2791 I EPDG-0 [IPSecDataConnSM][1]: ConnectedState[i] SM start periodic DPD timer : 120 Seconds
[2026-06-14T09:31:54.051Z] [ALL] 06-14 15:01:48.727  2072  2791 I EPDG-0 [PeriodicDpd]: startTimerForPeriodicDpd: apnType is: ims dpdTimer is: 120000 alarmExpTime is: 257524349
[2026-06-14T09:31:54.051Z] [ALL] 06-14 15:01:48.728  2072  2791 I EPDG-0 [PeriodicDpd]: getDpdPendingIntentKey apntype : ims, key 1
[2026-06-14T09:31:54.051Z] [ALL] 06-14 15:01:48.728  2072  3280 I ErisClient -- ErisClient: checkConnection() [2:ims]
[2026-06-14T09:31:54.051Z] [ALL] 06-14 15:01:48.730  2072  3280 I ErisClient -- ErisClient: sendRequestToDaemon()
[2026-06-14T09:31:54.051Z] [ALL] 06-14 15:01:48.731  2072  3280 I ErisClient -- ErisClient: Write data to daemon
[2026-06-14T09:31:54.051Z] [ALL] 06-14 15:01:48.731  3285  3289 I eris    : 02[DMN] [eris_interface] handle_request - type = MSG_TYPE_CHECKCONN
[2026-06-14T09:31:54.051Z] [ALL] 06-14 15:01:48.731  3285  3289 I eris    : 02[IKE] sending DPD request
[2026-06-14T09:31:54.051Z] [ALL] 06-14 15:01:48.731  2072  2791 I EPDG-0 [PeriodicDpd]: getDpdPendingIntentKey apntype : ims, key 1
[2026-06-14T09:31:54.051Z] [ALL] 06-14 15:01:48.731  3285  3289 I eris    : 02[ENC] generating INFORMATIONAL request 107 [ ]
[2026-06-14T09:31:54.051Z] [ALL] 06-14 15:01:48.731  3285  3289 I eris    : 02[NET] sending packet: from 192.168.1.5[35506] to 49.44.190.250[4500] (76 bytes)
[2026-06-14T09:31:54.051Z] [ALL] 06-14 15:01:48.732  3285  3289 I eris    : 02[DMN] Search sub-string again
[2026-06-14T09:31:54.051Z] [ALL] 06-14 15:01:49.307   747   747 D io_stats: !@   8,0 r 79732131 1572374309 w 12669670 207586200 d 4210505 258730260 f 0 1106409 iot 28679876 0 th 0 0 0 pt 0 inp 0 0 180323.696
[2026-06-14T09:31:54.051Z] [ALL] 06-14 15:01:49.375  1486  1860 D WifiConnectivityMonitor.NetworkStatsAnalyzer: Backhaul result - RSSI:-60, CE:19, PE:20, TI:27, PTI:28, TW:0, PTW:1, Tx:29, Rx:43, TxS:28, RxS:29, RESULT:true, IC:0, ICT:5, WC:0, WCT:5, R:0, RC:0, IE:0, EC:0
[2026-06-14T09:31:54.051Z] [ALL] 06-14 15:01:49.435  1486  1856 D SemWifiSwitchForIndividualAppsService: isSkipNetworkCondition - result:2
[2026-06-14T09:31:54.051Z] [ALL] 06-14 15:01:49.650  3285  3303 I eris    : 08[NET] received packet: from 49.44.190.250[4500] to 192.168.1.5[35506] (76 bytes)
[2026-06-14T09:31:54.051Z] [ALL] 06-14 15:01:49.650  3285  3303 I eris    : 08[ENC] parsed INFORMATIONAL response 107 [ ]
[2026-06-14T09:31:54.051Z] [ALL] 06-14 15:01:49.651  3285  3303 I eris    : 08[DMN] update {event 3, error 0, ike_error 0} for conn[2]
[2026-06-14T09:31:54.051Z] [ALL] 06-14 15:01:49.652  3285  3303 I eris    : 08[DMN] [eris_interface] send_status 
[2026-06-14T09:31:54.051Z] [ALL] 06-14 15:01:49.654  2072  3282 I ErisClient -- ErisClient: getConnectionEventFromDaemonEvent()
[2026-06-14T09:31:54.051Z] [ALL] 06-14 15:01:49.654  2072  3282 I ErisClient -- ErisClient: parseDaemonResponse() {"msgType":4,"msgData":{"stateCode":3,"errorCode":0,"ikeErrorCode":0,"backoffTimer":-1,"cid":2,"mIkeSrcPort":35506}}
[2026-06-14T09:31:54.051Z] [ALL] 06-14 15:01:49.654  2072  3282 I ErisClient -- ErisClient: getErisErrorFromDaemonError()
[2026-06-14T09:31:54.051Z] [ALL] 06-14 15:01:49.655  2072  3282 I ErisClient -- ErisClient: BACKOFF_TIMER = -1s
[2026-06-14T09:31:54.051Z] [ALL] 06-14 15:01:49.655  2072  3282 I ErisClient -- ErisClient: sendConnectionReport() conn = [2:ims] event = EVENT_CONNECTION_ACTIVE error = ERIS_OK
[2026-06-14T09:31:54.051Z] [ALL] 06-14 15:01:49.655  2072  3282 I ErisClient -- ErisClient: interrupt connection cid: 2
[2026-06-14T09:31:54.051Z] [ALL] 06-14 15:01:49.657  2072  3280 I EPDG-x [IPSecAdapterForEris]: Retrieving context ID from the DataBase : [2:ims]
[2026-06-14T09:31:54.051Z] [ALL] 06-14 15:01:49.657  2072  3280 I EPDG-x [IPSecAdapterForEris]: onIpSecAdapterConnectionStatusChanged received : EVENT_CONNECTION_ACTIVE cid : 2
[2026-06-14T09:31:54.051Z] [ALL] 06-14 15:01:49.657  2072  3280 I EPDG-x [IPSecAdapterForEris]: checkConnection wake lock release : IPSEC_EVENT_CONNECTION_ACTIVE
[2026-06-14T09:31:54.051Z] [ALL] 06-14 15:01:49.659  2072  2791 I EPDG-0 [EpdgHandler]: Event received: DPD_SUCCESS cid - 2
[2026-06-14T09:31:54.051Z] [ALL] 06-14 15:01:49.659  2072 23510 I EPDG-0 [IPSecDataConnSMHelper]: Event received: DPD_SUCCESS
[2026-06-14T09:31:54.051Z] [ALL] 06-14 15:01:49.708  1486  2158 D PowerManagerService: [api] setMasterBrightnessLimit : lowerLimit : -1  upperLimit : 503  mMasterBrightnessLimitPeriod : 200 (uid: 1000 pid: 4132)
[2026-06-14T09:31:54.051Z] [ALL] 06-14 15:01:49.714  1486  1556 D PowerManagerService: [api] BrightnessLimitRunnable done
[2026-06-14T09:31:54.051Z] [ALL] 06-14 15:01:50.711  1486  1729 D WifiStaIfaceHidlImpl: getCachedScanData is not implemented by HIDL
[2026-06-14T09:31:54.051Z] [ALL] 06-14 15:01:50.719  1486  3494 D SemWifiUsabilityStatsMonitor: onWifiUsabilityStats - seqNum 22839, isSameBssidAndFreq true
[2026-06-14T09:31:54.051Z] [ALL] 06-14 15:01:50.817  2072  2072 I EPDG-0 [NetInterfaceEventObserver]: sendInternalMessage, not mobile, ignore
[2026-06-14T09:31:54.051Z] [ALL] 06-14 15:01:50.817  2072  2072 I EPDG-0 [NetInterfaceEventObserver]: sendInternalMessage, not mobile, ignore
[2026-06-14T09:31:54.051Z] [ALL] 06-14 15:01:50.818  2072  2791 I EPDG-0 [SmManager]: onNetInterfaceAddressUpdated, addr=xxxx.. , len=39 iface=wlan0 fqdnRetryCount=0
[2026-06-14T09:31:54.051Z] [ALL] 06-14 15:01:50.819  2072  2791 I EPDG-0 [SmManager]: onNetInterfaceAddressUpdated, addr=xxxx.. , len=39 iface=wlan0 fqdnRetryCount=0
[2026-06-14T09:31:54.051Z] [ALL] 06-14 15:01:50.820  2059  3664 D IpClient/wlan0: addressUpdated: 2401:4900:1f2c:629c:b840:ebff:fe48:392b/64 on ifindex 32 flags 0x00000100 scope 0
[2026-06-14T09:31:54.051Z] [ALL] 06-14 15:01:50.822  2059  3664 D IpClient/wlan0: addressUpdated: 2401:4900:1f2c:629c:6f28:faee:7067:99d3/64 on ifindex 32 flags 0x00000001 scope 0
[2026-06-14T09:31:54.051Z] [ALL] 06-14 15:01:50.822  2059  3664 W AlarmManager: Unrecognized alarm listener com.android.networkstack.android.net.ip.IpClientLinkObserver$Dhcp6PdPreferredPrefixAlarmListener@58df1fa
[2026-06-14T09:31:54.051Z] [ALL] 06-14 15:01:50.824  2059  3664 D ApfFilter: (wlan0): Adding RA fe80::1633:75ff:fe79:cc4 -> ff02::1 180s 2401:4900:1f2c:629c::/64 52056s/52056s DNS 40s 2401:4900:50:9::7c9 2401:4900:50:9::280 RIO 180s 2401:4900:1f2c:629c::/64 
[2026-06-14T09:31:54.051Z] [ALL] 06-14 15:01:51.033 10725 10763 I appium  : channel read: POST /session/e97b7abb-6aa8-4e9c-b8b4-b3047c3ed272/element
[2026-06-14T09:31:54.051Z] [ALL] 06-14 15:01:51.033 10725 10763 I appium  : FindElement command
[2026-06-14T09:31:54.051Z] [ALL] 06-14 15:01:51.034 10725 10763 I appium  : method: 'xpath', selector: '//*[@text[contains(.,"Invalid") or contains(.,"empty") or contains(.,"Required") or contains(.,"error") or contains(.,"Error") or contains(.,"Incorrect") or contains(.,"Please") or contains(.,"enter") or contains(.,"Failed") or contains(.,"failed") or contains(.,"Sync")]]'
[2026-06-14T09:31:54.051Z] [ALL] 06-14 15:01:51.035 10725 10763 I appium  : Waiting up to 10000ms for the device to idle
[2026-06-14T09:31:54.051Z] [ALL] 06-14 15:01:51.037 10725 10763 I appium  : The following attributes will be included to the page source: [text]
[2026-06-14T09:31:54.051Z] [ALL] 06-14 15:01:51.044 10725 10729 I tomator2.server: Method exceeds compiler instruction limit: 19260 in java_cup.runtime.Symbol org.eclipse.wst.xml.xpath2.processor.internal.CUP$XPathCup$actions.CUP$XPathCup$do_action(int, java_cup.runtime.lr_parser, java.util.Stack, int)
[2026-06-14T09:31:54.174Z] [ALL] 06-14 15:01:51.239  2228  3094 I TUIThread: epol_call: EPOLL_SKIP
[2026-06-14T09:31:54.185Z] [ALL] 06-14 15:01:51.253 10725 10763 I appium  : Took 0ms to retrieve 0 matches for '//*[@text[contains(.,"Invalid") or contains(.,"empty") or contains(.,"Required") or contains(.,"error") or contains(.,"Error") or contains(.,"Incorrect") or contains(.,"Please") or contains(.,"enter") or contains(.,"Failed") or contains(.,"failed") or contains(.,"Sync")]]' XPath2 query
[2026-06-14T09:31:54.194Z] [ALL] 06-14 15:01:51.255 10725 10763 I appium  : AppiumResponse: {"sessionId":"e97b7abb-6aa8-4e9c-b8b4-b3047c3ed272","value":{"error":"no such element","message":"An element could not be located on the page using the given search parameters","stacktrace":"io.appium.uiautomator2.common.exceptions.ElementNotFoundException: An element could not be located on the page using the given search parameters\n\tat io.appium.uiautomator2.utils.ElementLocationHelpers.findElement(ElementLocationHelpers.java:153)\n\tat io.appium.uiautomator2.handler.FindElement.safeHandle(FindElement.java:60)\n\tat io.appium.uiautomator2.handler.request.SafeRequestHandler.handle(SafeRequestHandler.java:59)\n\tat io.appium.uiautomator2.server.AppiumServlet.handleRequest(AppiumServlet.java:267)\n\tat io.appium.uiautomator2.server.AppiumServlet.handleHttpRequest(AppiumServlet.java:261)\n\tat io.appium.uiautomator2.http.ServerHandler.channelRead(ServerHandler.java:77)\n\tat io.netty.channel.AbstractChannelHandlerContext.fireChannelRead(AbstractChannelHandlerContext.java:357)\n\tat io.netty.handler.codec.MessageToMessageDecoder.channelRead(MessageToMessageDecoder.java:107)\n\tat io.netty.channel.AbstractChannelHandlerContext.fireChannelRead(AbstractChannelHandlerContext.java:357)\n\tat io.netty.channel.CombinedChannelDuplexHandler$DelegatingChannelHandlerContext.fireChannelRead(CombinedChannelDuplexHandler.java:434)\n\tat io.netty.handler.codec.ByteToMessageDecoder.fireChannelRead(ByteToMessageDecoder.java:361)\n\tat io.netty.handler.codec.ByteToMessageDecoder.channelRead(ByteToMessageDecoder.java:325)\n\tat io.netty.channel.CombinedChannelDuplexHandler.channelRead(CombinedChannelDuplexHandler.java:249)\n\tat io.netty.channel.AbstractChannelHandlerContext.fireChannelRead(AbstractChannelHandlerContext.java:355)\n\tat io.netty.handler.timeout.IdleStateHandler.channelRead(IdleStateHandler.java:288)\n\tat io.netty.channel.AbstractChannelHandlerContext.fireChannelRead(AbstractChannelHandlerContext.java:355)\n\tat io.netty.channel.DefaultChannelPipeline$HeadContext.channelRead(DefaultChannelPipeline.java:1429)\n\tat io.netty.channel.DefaultChannelPipeline.fireChannelRead(DefaultChannelPipeline.java:918)\n\tat io.netty.channel.nio.AbstractNioByteChannel$NioByteUnsafe.read(AbstractNioByteChannel.java:176)\n\tat io.netty.channel.nio.AbstractNioChannel$AbstractNioUnsafe.handle(AbstractNioChannel.java:445)\n\tat io.netty.channel.nio.NioIoHandler$DefaultNioRegistration.handle(NioIoHandler.java:388)\n\tat io.netty.channel.nio.NioIoHandler.processSelectedKey(NioIoHandler.java:596)\n\tat io.netty.channel.nio.NioIoHandler.processSelectedKeysOptimized(NioIoHandler.java:571)\n\tat io.netty.channel.nio.NioIoHandler.processSelectedKeys(NioIoHandler.java:512)\n\tat io.netty.channel.nio.NioIoHandler.run(NioIoHandler.java:484)\n\tat io.netty.channel.SingleThreadIoEventLoop.runIo(SingleThreadIoEventLoop.java:225)\n\tat io.netty.channel.SingleThreadIoEventLoop.run(SingleThreadIoEventLoop.java:196)\n\tat io.netty.util.concurrent.SingleThreadEventExecutor$5.run(SingleThreadEventExecutor.java:1195)\n\tat io.netty.util.internal.ThreadExecutorMap$2.run(ThreadExecutorMap.java:74)\n\tat io.netty.util.concurrent.FastThreadLocalRunnable.run(FastThreadLocalRunnable.java:30)\n\tat java.lang.Thread.run(Thread.java:1564)\n"}}
[2026-06-14T09:31:54.209Z] [ALL] 06-14 15:01:51.280 10725 10763 I appium  : channel read: POST /session/e97b7abb-6aa8-4e9c-b8b4-b3047c3ed272/element
[2026-06-14T09:31:54.214Z] [ALL] 06-14 15:01:51.281 10725 10763 I appium  : FindElement command
[2026-06-14T09:31:54.214Z] [ALL] 06-14 15:01:51.282 10725 10763 I appium  : method: 'xpath', selector: '//*[@text[contains(.,"Invalid") or contains(.,"empty") or contains(.,"Required") or contains(.,"error") or contains(.,"Error") or contains(.,"Incorrect") or contains(.,"Please") or contains(.,"enter") or contains(.,"Failed") or contains(.,"failed") or contains(.,"Sync")]]'
[2026-06-14T09:31:54.214Z] [ALL] 06-14 15:01:51.282 10725 10763 I appium  : Waiting up to 10000ms for the device to idle
[2026-06-14T09:31:54.214Z] [ALL] 06-14 15:01:51.284 10725 10763 I appium  : The following attributes will be included to the page source: [text]
[2026-06-14T09:31:54.221Z] [ALL] 06-14 15:01:51.291 10725 10729 I tomator2.server: Method exceeds compiler instruction limit: 19260 in java_cup.runtime.Symbol org.eclipse.wst.xml.xpath2.processor.internal.CUP$XPathCup$actions.CUP$XPathCup$do_action(int, java_cup.runtime.lr_parser, java.util.Stack, int)
[2026-06-14T09:31:54.237Z] [ALL] 06-14 15:01:51.309   747   747 D io_stats: !@   8,0 r 79732137 1572374557 w 12669672 207587112 d 4210505 258730260 f 0 1106409 iot 28679900 0 th 0 0 0 pt 0 inp 0 0 180325.698
[2026-06-14T09:31:54.239Z] [ALL] 06-14 15:01:51.310   747   747 D io_stats: !@ Read_top(KB): rild(1271) 248 system_server(1486) 4
[2026-06-14T09:31:54.239Z] [ALL] 06-14 15:01:51.310   747   747 D io_stats: !@ Write_top(KB): kworker/u16:2(15734) 912
[2026-06-14T09:31:54.332Z] [ALL] 06-14 15:01:51.402 10725 10763 I appium  : Took 0ms to retrieve 0 matches for '//*[@text[contains(.,"Invalid") or contains(.,"empty") or contains(.,"Required") or contains(.,"error") or contains(.,"Error") or contains(.,"Incorrect") or contains(.,"Please") or contains(.,"enter") or contains(.,"Failed") or contains(.,"failed") or contains(.,"Sync")]]' XPath2 query
[2026-06-14T09:31:54.340Z] [ALL] 06-14 15:01:51.403 10725 10763 I appium  : AppiumResponse: {"sessionId":"e97b7abb-6aa8-4e9c-b8b4-b3047c3ed272","value":{"error":"no such element","message":"An element could not be located on the page using the given search parameters","stacktrace":"io.appium.uiautomator2.common.exceptions.ElementNotFoundException: An element could not be located on the page using the given search parameters\n\tat io.appium.uiautomator2.utils.ElementLocationHelpers.findElement(ElementLocationHelpers.java:153)\n\tat io.appium.uiautomator2.handler.FindElement.safeHandle(FindElement.java:60)\n\tat io.appium.uiautomator2.handler.request.SafeRequestHandler.handle(SafeRequestHandler.java:59)\n\tat io.appium.uiautomator2.server.AppiumServlet.handleRequest(AppiumServlet.java:267)\n\tat io.appium.uiautomator2.server.AppiumServlet.handleHttpRequest(AppiumServlet.java:261)\n\tat io.appium.uiautomator2.http.ServerHandler.channelRead(ServerHandler.java:77)\n\tat io.netty.channel.AbstractChannelHandlerContext.fireChannelRead(AbstractChannelHandlerContext.java:357)\n\tat io.netty.handler.codec.MessageToMessageDecoder.channelRead(MessageToMessageDecoder.java:107)\n\tat io.netty.channel.AbstractChannelHandlerContext.fireChannelRead(AbstractChannelHandlerContext.java:357)\n\tat io.netty.channel.CombinedChannelDuplexHandler$DelegatingChannelHandlerContext.fireChannelRead(CombinedChannelDuplexHandler.java:434)\n\tat io.netty.handler.codec.ByteToMessageDecoder.fireChannelRead(ByteToMessageDecoder.java:361)\n\tat io.netty.handler.codec.ByteToMessageDecoder.channelRead(ByteToMessageDecoder.java:325)\n\tat io.netty.channel.CombinedChannelDuplexHandler.channelRead(CombinedChannelDuplexHandler.java:249)\n\tat io.netty.channel.AbstractChannelHandlerContext.fireChannelRead(AbstractChannelHandlerContext.java:355)\n\tat io.netty.handler.timeout.IdleStateHandler.channelRead(IdleStateHandler.java:288)\n\tat io.netty.channel.AbstractChannelHandlerContext.fireChannelRead(AbstractChannelHandlerContext.java:355)\n\tat io.netty.channel.DefaultChannelPipeline$HeadContext.channelRead(DefaultChannelPipeline.java:1429)\n\tat io.netty.channel.DefaultChannelPipeline.fireChannelRead(DefaultChannelPipeline.java:918)\n\tat io.netty.channel.nio.AbstractNioByteChannel$NioByteUnsafe.read(AbstractNioByteChannel.java:176)\n\tat io.netty.channel.nio.AbstractNioChannel$AbstractNioUnsafe.handle(AbstractNioChannel.java:445)\n\tat io.netty.channel.nio.NioIoHandler$DefaultNioRegistration.handle(NioIoHandler.java:388)\n\tat io.netty.channel.nio.NioIoHandler.processSelectedKey(NioIoHandler.java:596)\n\tat io.netty.channel.nio.NioIoHandler.processSelectedKeysOptimized(NioIoHandler.java:571)\n\tat io.netty.channel.nio.NioIoHandler.processSelectedKeys(NioIoHandler.java:512)\n\tat io.netty.channel.nio.NioIoHandler.run(NioIoHandler.java:484)\n\tat io.netty.channel.SingleThreadIoEventLoop.runIo(SingleThreadIoEventLoop.java:225)\n\tat io.netty.channel.SingleThreadIoEventLoop.run(SingleThreadIoEventLoop.java:196)\n\tat io.netty.util.concurrent.SingleThreadEventExecutor$5.run(SingleThreadEventExecutor.java:1195)\n\tat io.netty.util.internal.ThreadExecutorMap$2.run(ThreadExecutorMap.java:74)\n\tat io.netty.util.concurrent.FastThreadLocalRunnable.run(FastThreadLocalRunnable.java:30)\n\tat java.lang.Thread.run(Thread.java:1564)\n"}}
[2026-06-14T09:31:54.395Z] [ALL] 06-14 15:01:51.466  1486  1828 I SemWifiServiceDetector: Service det. suspended: T / T / 19967
[2026-06-14T09:31:54.397Z] [ALL] 06-14 15:01:51.470  1486  1856 D SemWifiSwitchForIndividualAppsService: isSkipNetworkCondition - result:2
[2026-06-14T09:31:54.579Z] [ALL] 06-14 15:01:51.643  3653  3653 I wpa_supplicant: Heartbeat 5802
[2026-06-14T09:31:54.857Z] [ALL] 06-14 15:01:51.929 10725 10763 I appium  : channel read: POST /session/e97b7abb-6aa8-4e9c-b8b4-b3047c3ed272/element
[2026-06-14T09:31:54.857Z] [ALL] 06-14 15:01:51.930 10725 10763 I appium  : FindElement command
[2026-06-14T09:31:54.859Z] [ALL] 06-14 15:01:51.931 10725 10763 I appium  : method: 'xpath', selector: '//*[@text[contains(.,"Invalid") or contains(.,"empty") or contains(.,"Required") or contains(.,"error") or contains(.,"Error") or contains(.,"Incorrect") or contains(.,"Please") or contains(.,"enter") or contains(.,"Failed") or contains(.,"failed") or contains(.,"Sync")]]'
[2026-06-14T09:31:54.859Z] [ALL] 06-14 15:01:51.931 10725 10763 I appium  : Waiting up to 10000ms for the device to idle
[2026-06-14T09:31:54.861Z] [ALL] 06-14 15:01:51.934 10725 10763 I appium  : The following attributes will be included to the page source: [text]
[2026-06-14T09:31:54.866Z] [ALL] 06-14 15:01:51.940 10725 10729 I tomator2.server: Method exceeds compiler instruction limit: 19260 in java_cup.runtime.Symbol org.eclipse.wst.xml.xpath2.processor.internal.CUP$XPathCup$actions.CUP$XPathCup$do_action(int, java_cup.runtime.lr_parser, java.util.Stack, int)
[2026-06-14T09:31:54.911Z] [ALL] 06-14 15:01:51.984 10725 10763 I appium  : Took 0ms to retrieve 0 matches for '//*[@text[contains(.,"Invalid") or contains(.,"empty") or contains(.,"Required") or contains(.,"error") or contains(.,"Error") or contains(.,"Incorrect") or contains(.,"Please") or contains(.,"enter") or contains(.,"Failed") or contains(.,"failed") or contains(.,"Sync")]]' XPath2 query
[2026-06-14T09:31:54.912Z] [ALL] 06-14 15:01:51.985 10725 10763 I appium  : AppiumResponse: {"sessionId":"e97b7abb-6aa8-4e9c-b8b4-b3047c3ed272","value":{"error":"no such element","message":"An element could not be located on the page using the given search parameters","stacktrace":"io.appium.uiautomator2.common.exceptions.ElementNotFoundException: An element could not be located on the page using the given search parameters\n\tat io.appium.uiautomator2.utils.ElementLocationHelpers.findElement(ElementLocationHelpers.java:153)\n\tat io.appium.uiautomator2.handler.FindElement.safeHandle(FindElement.java:60)\n\tat io.appium.uiautomator2.handler.request.SafeRequestHandler.handle(SafeRequestHandler.java:59)\n\tat io.appium.uiautomator2.server.AppiumServlet.handleRequest(AppiumServlet.java:267)\n\tat io.appium.uiautomator2.server.AppiumServlet.handleHttpRequest(AppiumServlet.java:261)\n\tat io.appium.uiautomator2.http.ServerHandler.channelRead(ServerHandler.java:77)\n\tat io.netty.channel.AbstractChannelHandlerContext.fireChannelRead(AbstractChannelHandlerContext.java:357)\n\tat io.netty.handler.codec.MessageToMessageDecoder.channelRead(MessageToMessageDecoder.java:107)\n\tat io.netty.channel.AbstractChannelHandlerContext.fireChannelRead(AbstractChannelHandlerContext.java:357)\n\tat io.netty.channel.CombinedChannelDuplexHandler$DelegatingChannelHandlerContext.fireChannelRead(CombinedChannelDuplexHandler.java:434)\n\tat io.netty.handler.codec.ByteToMessageDecoder.fireChannelRead(ByteToMessageDecoder.java:361)\n\tat io.netty.handler.codec.ByteToMessageDecoder.channelRead(ByteToMessageDecoder.java:325)\n\tat io.netty.channel.CombinedChannelDuplexHandler.channelRead(CombinedChannelDuplexHandler.java:249)\n\tat io.netty.channel.AbstractChannelHandlerContext.fireChannelRead(AbstractChannelHandlerContext.java:355)\n\tat io.netty.handler.timeout.IdleStateHandler.channelRead(IdleStateHandler.java:288)\n\tat io.netty.channel.AbstractChannelHandlerContext.fireChannelRead(AbstractChannelHandlerContext.java:355)\n\tat io.netty.channel.DefaultChannelPipeline$HeadContext.channelRead(DefaultChannelPipeline.java:1429)\n\tat io.netty.channel.DefaultChannelPipeline.fireChannelRead(DefaultChannelPipeline.java:918)\n\tat io.netty.channel.nio.AbstractNioByteChannel$NioByteUnsafe.read(AbstractNioByteChannel.java:176)\n\tat io.netty.channel.nio.AbstractNioChannel$AbstractNioUnsafe.handle(AbstractNioChannel.java:445)\n\tat io.netty.channel.nio.NioIoHandler$DefaultNioRegistration.handle(NioIoHandler.java:388)\n\tat io.netty.channel.nio.NioIoHandler.processSelectedKey(NioIoHandler.java:596)\n\tat io.netty.channel.nio.NioIoHandler.processSelectedKeysOptimized(NioIoHandler.java:571)\n\tat io.netty.channel.nio.NioIoHandler.processSelectedKeys(NioIoHandler.java:512)\n\tat io.netty.channel.nio.NioIoHandler.run(NioIoHandler.java:484)\n\tat io.netty.channel.SingleThreadIoEventLoop.runIo(SingleThreadIoEventLoop.java:225)\n\tat io.netty.channel.SingleThreadIoEventLoop.run(SingleThreadIoEventLoop.java:196)\n\tat io.netty.util.concurrent.SingleThreadEventExecutor$5.run(SingleThreadEventExecutor.java:1195)\n\tat io.netty.util.internal.ThreadExecutorMap$2.run(ThreadExecutorMap.java:74)\n\tat io.netty.util.concurrent.FastThreadLocalRunnable.run(FastThreadLocalRunnable.java:30)\n\tat java.lang.Thread.run(Thread.java:1564)\n"}}
[2026-06-14T09:31:55.071Z] [ALL] 06-14 15:01:52.140  1111  1161 D HeatmapThread: Heatmap batteryplugType : 0, batteryLevel : 0, batteryTemperature : 0
[2026-06-14T09:31:55.071Z] [ALL] 06-14 15:01:52.141  1111  1161 D HeatmapThread: Heatmap currtime: 29690491 , prevtime: 29690461 , plugstarttime: 35791394 , prevv_dsoh_update_time: 29686201
[2026-06-14T09:31:55.071Z] [ALL] 06-14 15:01:52.141  1111  1161 D HeatmapThread: Entered Update Heatmap 
[2026-06-14T09:31:55.074Z] [ALL] 06-14 15:01:52.142  1111  1161 E HeatmapThread: Could not open '/efs/FactoryApp/heatmap', errno = 13
[2026-06-14T09:31:55.074Z] [ALL] 06-14 15:01:52.142  1111  1161 D HeatmapThread: Heatmap efs Forced Reset
[2026-06-14T09:31:55.074Z] [ALL] 06-14 15:01:52.142  1111  1161 D HeatmapThread: Read Heatmap from efs is: 
[2026-06-14T09:31:55.074Z] [ALL] 06-14 15:01:52.142  1111  1161 D HeatmapThread: 0.000000 0.000000 0.000000 0.000000 0.000000 0.000000 0.000000 0.000000
[2026-06-14T09:31:55.074Z] [ALL] 06-14 15:01:52.142  1111  1161 D HeatmapThread: 0.000000 0.000000 0.000000 0.000000 0.000000 0.000000 0.000000 0.000000
[2026-06-14T09:31:55.074Z] [ALL] 06-14 15:01:52.142  1111  1161 D HeatmapThread: 0.000000 0.000000 0.000000 0.000000 0.000000 0.000000 0.000000 0.000000
[2026-06-14T09:31:55.074Z] [ALL] 06-14 15:01:52.143  1111  1161 D HeatmapThread: 0.000000 0.000000 0.000000 0.000000 0.000000 0.000000 0.000000 0.000000
[2026-06-14T09:31:55.074Z] [ALL] 06-14 15:01:52.143  1111  1161 D HeatmapThread: 0.000000 0.000000 0.000000 0.000000 0.000000 0.000000 0.000000 0.000000
[2026-06-14T09:31:55.074Z] [ALL] 06-14 15:01:52.143  1111  1161 D HeatmapThread: 0.000000 0.000000 0.000000 0.000000 0.000000 0.000000 0.000000 0.000000
[2026-06-14T09:31:55.074Z] [ALL] 06-14 15:01:52.143  1111  1161 D HeatmapThread: 0.000000 0.000000 0.000000 0.000000 0.000000 0.000000 0.000000 0.000000
[2026-06-14T09:31:55.074Z] [ALL] 06-14 15:01:52.143  1111  1161 D HeatmapThread: 0.000000 0.000000 0.000000 0.000000 0.000000 0.000000 0.000000 0.000000
[2026-06-14T09:31:55.074Z] [ALL] 06-14 15:01:52.143  1111  1161 D HeatmapThread: Heatmap Update currtime: 29690491, prevtime: 29690461, Polling time: 30.000000
[2026-06-14T09:31:55.074Z] [ALL] 06-14 15:01:52.143  1111  1161 D HeatmapThread: Heatmap old_battery_temperature: 0.000000, old_battery_percentage: 0.000000, curr_battery_temperature: 0.000000, curr_battery_percentage: 0.000000
[2026-06-14T09:31:55.074Z] [ALL] 06-14 15:01:52.143  1111  1161 D HeatmapThread: Updated Heatmap :
[2026-06-14T09:31:55.074Z] [ALL] 06-14 15:01:52.143  1111  1161 D HeatmapThread: 0.000000 0.000000 0.000000 0.000000 0.000000 0.000000 0.000000 0.000000
[2026-06-14T09:31:55.074Z] [ALL] 06-14 15:01:52.143  1111  1161 D HeatmapThread: 0.000000 0.000000 0.000000 0.000000 0.000000 0.000000 0.000000 0.000000
[2026-06-14T09:31:55.074Z] [ALL] 06-14 15:01:52.143  1111  1161 D HeatmapThread: 0.000000 0.000000 0.000000 0.000000 0.000000 0.000000 0.000000 0.000000
[2026-06-14T09:31:55.074Z] [ALL] 06-14 15:01:52.143  1111  1161 D HeatmapThread: 0.000000 0.000000 0.000000 0.000000 0.000000 0.000000 0.000000 0.000000
[2026-06-14T09:31:55.074Z] [ALL] 06-14 15:01:52.143  1111  1161 D HeatmapThread: 0.000000 0.000000 0.000000 0.000000 0.000000 0.000000 0.000000 0.000000
[2026-06-14T09:31:55.074Z] [ALL] 06-14 15:01:52.143  1111  1161 D HeatmapThread: 0.000000 0.000000 0.000000 0.000000 0.000000 0.000000 0.000000 0.000000
[2026-06-14T09:31:55.074Z] [ALL] 06-14 15:01:52.143  1111  1161 D HeatmapThread: 0.000000 0.000000 0.000000 0.000000 0.000000 0.000000 0.000000 0.000000
[2026-06-14T09:31:55.074Z] [ALL] 06-14 15:01:52.143  1111  1161 D HeatmapThread: 30.000000 0.000000 0.000000 0.000000 0.000000 0.000000 0.000000 0.000000
[2026-06-14T09:31:55.074Z] [ALL] 06-14 15:01:52.144  1111  1161 D HeatmapThread: Write Heatmap to efs is: 0 0 0 0 0 0 0 0 0 0 0 0 0 0 0 0 0 0 0 0 0 0 0 0 0 0 0 0 0 0 0 0 0 0 0 0 0 0 0 0 0 0 0 0 0 0 0 0 0 0 0 0 0 0 0 0 30 0 0 0 0 0 0 0 
[2026-06-14T09:31:55.074Z] [ALL] 06-14 15:01:52.144  1111  1161 E HeatmapThread: Could not open '/efs/FactoryApp/heatmap', errno = 13
[2026-06-14T09:31:55.074Z] [ALL] 06-14 15:01:52.144  1111  1161 D HeatmapThread: Heatmap Updated prevtime: 29690491
[2026-06-14T09:31:55.074Z] [ALL] 06-14 15:01:52.144  1111  1161 D HeatmapThread: Heatmap Updated Cycle Count: 0.000000
[2026-06-14T09:31:55.074Z] [ALL] 06-14 15:01:52.145  1111  1161 E HeatmapThread: Could not open '/efs/FactoryApp/heatmap_to_cycle', errno = 13
[2026-06-14T09:31:55.074Z] [ALL] 06-14 15:01:52.145  1111  1161 D HeatmapThread: Write Heatmap to sysfs is: 0 0 0 0 0 0 0 0 0 0 0 0 0 0 0 0 0 0 0 0 0 0 0 0 0 0 0 0 0 0 0 0 0 0 0 0 0 0 0 0 0 0 0 0 0 0 0 0 0 0 0 0 0 0 0 0 0 0 0 0 0 0 0 0 
[2026-06-14T09:31:55.074Z] [ALL] 06-14 15:01:52.145  1111  1161 E HeatmapThread: Could not open '/sys/class/power_supply/sec_auth/batt_heatmap', errno = 13
[2026-06-14T09:31:55.074Z] [ALL] 06-14 15:01:52.145  1111  1161 D HeatmapThread: Heatmap Updated prevtime: 29690491
[2026-06-14T09:31:55.074Z] [ALL] 06-14 15:01:52.145  1111  1161 E HeatmapThread: Could not open '/efs/FactoryApp/bsoh', errno = 13
[2026-06-14T09:31:55.299Z] [ALL] 06-14 15:01:52.371  1486  1500 I system_server: Background concurrent mark compact GC freed 35MB AllocSpace bytes, 257(5436KB) LOS objects, 23% free, 154MB/202MB, paused 1.481ms,10.420ms total 433.889ms
[2026-06-14T09:31:55.373Z] [ALL] 06-14 15:01:52.439  1486  3107 I NSLocationMonitor: getGPSUsingApps() called
[2026-06-14T09:31:55.378Z] [ALL] 06-14 15:01:52.441  3066  3089 I NSLocationManager_FLP: getGPSUsingApps, No change
[2026-06-14T09:31:55.378Z] [ALL] 06-14 15:01:52.447  1486  3107 W Binder  : Outgoing transactions from this process must be FLAG_ONEWAY
[2026-06-14T09:31:55.378Z] [ALL] 06-14 15:01:52.447  1486  3107 W Binder  : java.lang.Throwable
[2026-06-14T09:31:55.378Z] [ALL] 06-14 15:01:52.447  1486  3107 W Binder  : 	at android.os.BinderProxy.transact(BinderProxy.java:575)
[2026-06-14T09:31:55.378Z] [ALL] 06-14 15:01:52.447  1486  3107 W Binder  : 	at android.bluetooth.IBluetoothGatt$Stub$Proxy.getAdvertisingSetUids(IBluetoothGatt.java:992)
[2026-06-14T09:31:55.378Z] [ALL] 06-14 15:01:52.447  1486  3107 W Binder  : 	at android.bluetooth.BluetoothAdapter.getAdvertisingSetUids(BluetoothAdapter.java:1995)
[2026-06-14T09:31:55.378Z] [ALL] 06-14 15:01:52.447  1486  3107 W Binder  : 	at android.bluetooth.BluetoothAdapter.getHWUsingApps(BluetoothAdapter.java:2266)
[2026-06-14T09:31:55.378Z] [ALL] 06-14 15:01:52.447  1486  3107 W Binder  : 	at com.android.server.am.mars.filter.filter.BlueToothConnectedFilter.updateBTUsingPackages(qb/109687721 9f5f0f7065b3ad23ed9d502775af0c1cea666b12fbbf7805224931a8c35b7b9d:22)
[2026-06-14T09:31:55.378Z] [ALL] 06-14 15:01:52.447  1486  3107 W Binder  : 	at com.android.server.am.FreecessController.freeze(qb/109687721 9f5f0f7065b3ad23ed9d502775af0c1cea666b12fbbf7805224931a8c35b7b9d:126)
[2026-06-14T09:31:55.378Z] [ALL] 06-14 15:01:52.447  1486  3107 W Binder  : 	at com.android.server.am.FreecessHandler$MainHandler.handleLcdOnFreeze(qb/109687721 9f5f0f7065b3ad23ed9d502775af0c1cea666b12fbbf7805224931a8c35b7b9d:55)
[2026-06-14T09:31:55.378Z] [ALL] 06-14 15:01:52.447  1486  3107 W Binder  : 	at com.android.server.am.FreecessHandler$MainHandler.handleMessage(qb/109687721 9f5f0f7065b3ad23ed9d502775af0c1cea666b12fbbf7805224931a8c35b7b9d:1686)
[2026-06-14T09:31:55.378Z] [ALL] 06-14 15:01:52.447  1486  3107 W Binder  : 	at android.os.Handler.dispatchMessage(Handler.java:132)
[2026-06-14T09:31:55.378Z] [ALL] 06-14 15:01:52.447  1486  3107 W Binder  : 	at android.os.Looper.dispatchMessage(Looper.java:358)
[2026-06-14T09:31:55.378Z] [ALL] 06-14 15:01:52.447  1486  3107 W Binder  : 	at android.os.Looper.loopOnce(Looper.java:288)
[2026-06-14T09:31:55.378Z] [ALL] 06-14 15:01:52.447  1486  3107 W Binder  : 	at android.os.Looper.loop(Looper.java:392)
[2026-06-14T09:31:55.378Z] [ALL] 06-14 15:01:52.447  1486  3107 W Binder  : 	at android.os.HandlerThread.run(HandlerThread.java:139)
[2026-06-14T09:31:55.384Z] [ALL] 06-14 15:01:52.454  1486  3107 D FreecessHandler: skipping freeze com.truecaller(10274) result : 2
[2026-06-14T09:31:55.439Z] [ALL] 06-14 15:01:52.509 10725 10763 I appium  : channel read: POST /session/e97b7abb-6aa8-4e9c-b8b4-b3047c3ed272/element
[2026-06-14T09:31:55.444Z] [ALL] 06-14 15:01:52.510 10725 10763 I appium  : FindElement command
[2026-06-14T09:31:55.444Z] [ALL] 06-14 15:01:52.511 10725 10763 I appium  : method: 'xpath', selector: '//*[@text[contains(.,"Invalid") or contains(.,"empty") or contains(.,"Required") or contains(.,"error") or contains(.,"Error") or contains(.,"Incorrect") or contains(.,"Please") or contains(.,"enter") or contains(.,"Failed") or contains(.,"failed") or contains(.,"Sync")]]'
[2026-06-14T09:31:55.445Z] [ALL] 06-14 15:01:52.511 10725 10763 I appium  : Waiting up to 10000ms for the device to idle
[2026-06-14T09:31:55.445Z] [ALL] 06-14 15:01:52.512 10725 10763 I appium  : The following attributes will be included to the page source: [text]
[2026-06-14T09:31:55.448Z] [ALL] 06-14 15:01:52.518 10725 10729 I tomator2.server: Method exceeds compiler instruction limit: 19260 in java_cup.runtime.Symbol org.eclipse.wst.xml.xpath2.processor.internal.CUP$XPathCup$actions.CUP$XPathCup$do_action(int, java_cup.runtime.lr_parser, java.util.Stack, int)
[2026-06-14T09:31:55.533Z] [ALL] 06-14 15:01:52.606 10725 10763 I appium  : Took 0ms to retrieve 0 matches for '//*[@text[contains(.,"Invalid") or contains(.,"empty") or contains(.,"Required") or contains(.,"error") or contains(.,"Error") or contains(.,"Incorrect") or contains(.,"Please") or contains(.,"enter") or contains(.,"Failed") or contains(.,"failed") or contains(.,"Sync")]]' XPath2 query
[2026-06-14T09:31:55.534Z] [ALL] 06-14 15:01:52.608 10725 10763 I appium  : AppiumResponse: {"sessionId":"e97b7abb-6aa8-4e9c-b8b4-b3047c3ed272","value":{"error":"no such element","message":"An element could not be located on the page using the given search parameters","stacktrace":"io.appium.uiautomator2.common.exceptions.ElementNotFoundException: An element could not be located on the page using the given search parameters\n\tat io.appium.uiautomator2.utils.ElementLocationHelpers.findElement(ElementLocationHelpers.java:153)\n\tat io.appium.uiautomator2.handler.FindElement.safeHandle(FindElement.java:60)\n\tat io.appium.uiautomator2.handler.request.SafeRequestHandler.handle(SafeRequestHandler.java:59)\n\tat io.appium.uiautomator2.server.AppiumServlet.handleRequest(AppiumServlet.java:267)\n\tat io.appium.uiautomator2.server.AppiumServlet.handleHttpRequest(AppiumServlet.java:261)\n\tat io.appium.uiautomator2.http.ServerHandler.channelRead(ServerHandler.java:77)\n\tat io.netty.channel.AbstractChannelHandlerContext.fireChannelRead(AbstractChannelHandlerContext.java:357)\n\tat io.netty.handler.codec.MessageToMessageDecoder.channelRead(MessageToMessageDecoder.java:107)\n\tat io.netty.channel.AbstractChannelHandlerContext.fireChannelRead(AbstractChannelHandlerContext.java:357)\n\tat io.netty.channel.CombinedChannelDuplexHandler$DelegatingChannelHandlerContext.fireChannelRead(CombinedChannelDuplexHandler.java:434)\n\tat io.netty.handler.codec.ByteToMessageDecoder.fireChannelRead(ByteToMessageDecoder.java:361)\n\tat io.netty.handler.codec.ByteToMessageDecoder.channelRead(ByteToMessageDecoder.java:325)\n\tat io.netty.channel.CombinedChannelDuplexHandler.channelRead(CombinedChannelDuplexHandler.java:249)\n\tat io.netty.channel.AbstractChannelHandlerContext.fireChannelRead(AbstractChannelHandlerContext.java:355)\n\tat io.netty.handler.timeout.IdleStateHandler.channelRead(IdleStateHandler.java:288)\n\tat io.netty.channel.AbstractChannelHandlerContext.fireChannelRead(AbstractChannelHandlerContext.java:355)\n\tat io.netty.channel.DefaultChannelPipeline$HeadContext.channelRead(DefaultChannelPipeline.java:1429)\n\tat io.netty.channel.DefaultChannelPipeline.fireChannelRead(DefaultChannelPipeline.java:918)\n\tat io.netty.channel.nio.AbstractNioByteChannel$NioByteUnsafe.read(AbstractNioByteChannel.java:176)\n\tat io.netty.channel.nio.AbstractNioChannel$AbstractNioUnsafe.handle(AbstractNioChannel.java:445)\n\tat io.netty.channel.nio.NioIoHandler$DefaultNioRegistration.handle(NioIoHandler.java:388)\n\tat io.netty.channel.nio.NioIoHandler.processSelectedKey(NioIoHandler.java:596)\n\tat io.netty.channel.nio.NioIoHandler.processSelectedKeysOptimized(NioIoHandler.java:571)\n\tat io.netty.channel.nio.NioIoHandler.processSelectedKeys(NioIoHandler.java:512)\n\tat io.netty.channel.nio.NioIoHandler.run(NioIoHandler.java:484)\n\tat io.netty.channel.SingleThreadIoEventLoop.runIo(SingleThreadIoEventLoop.java:225)\n\tat io.netty.channel.SingleThreadIoEventLoop.run(SingleThreadIoEventLoop.java:196)\n\tat io.netty.util.concurrent.SingleThreadEventExecutor$5.run(SingleThreadEventExecutor.java:1195)\n\tat io.netty.util.internal.ThreadExecutorMap$2.run(ThreadExecutorMap.java:74)\n\tat io.netty.util.concurrent.FastThreadLocalRunnable.run(FastThreadLocalRunnable.java:30)\n\tat java.lang.Thread.run(Thread.java:1564)\n"}}
[2026-06-14T09:31:55.573Z] [ALL] 06-14 15:01:52.645  4132  5524 I SDHMS:x : SIOP:: AP:408 BAT:390 USB:372 CHG:404 PA:413 CP:406 WIFI:406 BLK:0 SUBBAT:0 LRPTHM:394 SKIN:377 SKINF:371 SKINB:377 LRP:377 LRP2:377 LRF2:371 LRB2:377 AP2:376 CHG2:367 MEM2:375 WIFI2:377 SPK2:358 VAP02:414 VWIFI:414 AVGCUR:3 AVGSYS:339 POWER:12
[2026-06-14T09:31:55.582Z] [ALL] 06-14 15:01:52.654  4132  4387 I n2      : limitCPUFreq:: freq = -1
[2026-06-14T09:31:55.590Z] [ALL] 06-14 15:01:52.662  1075  1175 I HYPER-HAL: [RequestManager.cpp]releaseLocked(): Released ID : 8551183
[2026-06-14T09:31:56.052Z] [ALL] 06-14 15:01:53.125 10725 10763 I appium  : channel read: POST /session/e97b7abb-6aa8-4e9c-b8b4-b3047c3ed272/element
[2026-06-14T09:31:56.055Z] [ALL] 06-14 15:01:53.126 10725 10763 I appium  : FindElement command
[2026-06-14T09:31:56.055Z] [ALL] 06-14 15:01:53.127 10725 10763 I appium  : method: 'xpath', selector: '//*[@text[contains(.,"Invalid") or contains(.,"empty") or contains(.,"Required") or contains(.,"error") or contains(.,"Error") or contains(.,"Incorrect") or contains(.,"Please") or contains(.,"enter") or contains(.,"Failed") or contains(.,"failed") or contains(.,"Sync")]]'
[2026-06-14T09:31:56.055Z] [ALL] 06-14 15:01:53.127 10725 10763 I appium  : Waiting up to 10000ms for the device to idle
[2026-06-14T09:31:56.057Z] [ALL] 06-14 15:01:53.129 10725 10763 I appium  : The following attributes will be included to the page source: [text]
[2026-06-14T09:31:56.062Z] [ALL] 06-14 15:01:53.136 10725 10729 I tomator2.server: Method exceeds compiler instruction limit: 19260 in java_cup.runtime.Symbol org.eclipse.wst.xml.xpath2.processor.internal.CUP$XPathCup$actions.CUP$XPathCup$do_action(int, java_cup.runtime.lr_parser, java.util.Stack, int)
[2026-06-14T09:31:56.240Z] [ALL] 06-14 15:01:53.311   747   747 D io_stats: !@   8,0 r 79732148 1572374697 w 12669688 207587160 d 4210505 258730260 f 0 1106413 iot 28679948 0 th 0 0 0 pt 0 inp 0 0 180327.700
[2026-06-14T09:31:56.343Z] [ALL] 06-14 15:01:53.417 10725 10763 I appium  : Took 0ms to retrieve 0 matches for '//*[@text[contains(.,"Invalid") or contains(.,"empty") or contains(.,"Required") or contains(.,"error") or contains(.,"Error") or contains(.,"Incorrect") or contains(.,"Please") or contains(.,"enter") or contains(.,"Failed") or contains(.,"failed") or contains(.,"Sync")]]' XPath2 query
[2026-06-14T09:31:56.345Z] [ALL] 06-14 15:01:53.418 10725 10763 I appium  : AppiumResponse: {"sessionId":"e97b7abb-6aa8-4e9c-b8b4-b3047c3ed272","value":{"error":"no such element","message":"An element could not be located on the page using the given search parameters","stacktrace":"io.appium.uiautomator2.common.exceptions.ElementNotFoundException: An element could not be located on the page using the given search parameters\n\tat io.appium.uiautomator2.utils.ElementLocationHelpers.findElement(ElementLocationHelpers.java:153)\n\tat io.appium.uiautomator2.handler.FindElement.safeHandle(FindElement.java:60)\n\tat io.appium.uiautomator2.handler.request.SafeRequestHandler.handle(SafeRequestHandler.java:59)\n\tat io.appium.uiautomator2.server.AppiumServlet.handleRequest(AppiumServlet.java:267)\n\tat io.appium.uiautomator2.server.AppiumServlet.handleHttpRequest(AppiumServlet.java:261)\n\tat io.appium.uiautomator2.http.ServerHandler.channelRead(ServerHandler.java:77)\n\tat io.netty.channel.AbstractChannelHandlerContext.fireChannelRead(AbstractChannelHandlerContext.java:357)\n\tat io.netty.handler.codec.MessageToMessageDecoder.channelRead(MessageToMessageDecoder.java:107)\n\tat io.netty.channel.AbstractChannelHandlerContext.fireChannelRead(AbstractChannelHandlerContext.java:357)\n\tat io.netty.channel.CombinedChannelDuplexHandler$DelegatingChannelHandlerContext.fireChannelRead(CombinedChannelDuplexHandler.java:434)\n\tat io.netty.handler.codec.ByteToMessageDecoder.fireChannelRead(ByteToMessageDecoder.java:361)\n\tat io.netty.handler.codec.ByteToMessageDecoder.channelRead(ByteToMessageDecoder.java:325)\n\tat io.netty.channel.CombinedChannelDuplexHandler.channelRead(CombinedChannelDuplexHandler.java:249)\n\tat io.netty.channel.AbstractChannelHandlerContext.fireChannelRead(AbstractChannelHandlerContext.java:355)\n\tat io.netty.handler.timeout.IdleStateHandler.channelRead(IdleStateHandler.java:288)\n\tat io.netty.channel.AbstractChannelHandlerContext.fireChannelRead(AbstractChannelHandlerContext.java:355)\n\tat io.netty.channel.DefaultChannelPipeline$HeadContext.channelRead(DefaultChannelPipeline.java:1429)\n\tat io.netty.channel.DefaultChannelPipeline.fireChannelRead(DefaultChannelPipeline.java:918)\n\tat io.netty.channel.nio.AbstractNioByteChannel$NioByteUnsafe.read(AbstractNioByteChannel.java:176)\n\tat io.netty.channel.nio.AbstractNioChannel$AbstractNioUnsafe.handle(AbstractNioChannel.java:445)\n\tat io.netty.channel.nio.NioIoHandler$DefaultNioRegistration.handle(NioIoHandler.java:388)\n\tat io.netty.channel.nio.NioIoHandler.processSelectedKey(NioIoHandler.java:596)\n\tat io.netty.channel.nio.NioIoHandler.processSelectedKeysOptimized(NioIoHandler.java:571)\n\tat io.netty.channel.nio.NioIoHandler.processSelectedKeys(NioIoHandler.java:512)\n\tat io.netty.channel.nio.NioIoHandler.run(NioIoHandler.java:484)\n\tat io.netty.channel.SingleThreadIoEventLoop.runIo(SingleThreadIoEventLoop.java:225)\n\tat io.netty.channel.SingleThreadIoEventLoop.run(SingleThreadIoEventLoop.java:196)\n\tat io.netty.util.concurrent.SingleThreadEventExecutor$5.run(SingleThreadEventExecutor.java:1195)\n\tat io.netty.util.internal.ThreadExecutorMap$2.run(ThreadExecutorMap.java:74)\n\tat io.netty.util.concurrent.FastThreadLocalRunnable.run(FastThreadLocalRunnable.java:30)\n\tat java.lang.Thread.run(Thread.java:1564)\n"}}
[2026-06-14T09:31:56.454Z] [ALL] 06-14 15:01:53.522  1486  1856 D SemWifiSwitchForIndividualAppsService: isSkipNetworkCondition - result:2
[2026-06-14T09:31:56.684Z] [ALL] 06-14 15:01:53.752  1486  1729 D WifiStaIfaceHidlImpl: getCachedScanData is not implemented by HIDL
[2026-06-14T09:31:56.698Z] [ALL] 06-14 15:01:53.763  1486  3494 D SemWifiUsabilityStatsMonitor: onWifiUsabilityStats - seqNum 22840, isSameBssidAndFreq true
[2026-06-14T09:31:56.708Z] [ALL] 06-14 15:01:53.775  2072  2072 I EPDG-0 [WifiProfiler]: handleWifiRssiIntent, rssi=-55
[2026-06-14T09:31:56.708Z] [ALL] 06-14 15:01:53.775  2072  2072 I EPDG-0 [WifiProfiler]: isProfiling, hash=189204772, started=true
[2026-06-14T09:31:56.708Z] [ALL] 06-14 15:01:53.776  2072  2072 I EPDG-0 [LogMetrics]: set, type=WIFI_RSSI_LAST, value=-55
[2026-06-14T09:31:56.708Z] [ALL] 06-14 15:01:53.776  2072  2072 I EPDG-0 [WifiProfiler]: isProfiling, hash=189204772, started=true
[2026-06-14T09:31:56.712Z] [ALL] 06-14 15:01:53.777  2072  2072 I EPDG-0 [WifiProfiler]: Rssi : -55 highrange : -75 lowrange : -85 mIsRssiInHystersis : false
[2026-06-14T09:31:56.713Z] [ALL] 06-14 15:01:53.777  2072  2072 I EPDG-0 [WifiProfiler]: Rssi : -55 highrange : -75 lowrange : -85 mIsRssiInHystersis : false
[2026-06-14T09:31:56.713Z] [ALL] 06-14 15:01:53.777  2072  2072 I EPDG-0 [Subscription]: isEpdgAvailable, IwlanPsState=2/2
[2026-06-14T09:31:56.713Z] [ALL] 06-14 15:01:53.777  2072  2072 I EPDG-0 [WifiProfiler]: getHandoverThresholdMet: value is: false
[2026-06-14T09:31:56.866Z] [ALL] 06-14 15:01:53.937 10725 10763 I appium  : channel read: POST /session/e97b7abb-6aa8-4e9c-b8b4-b3047c3ed272/element
[2026-06-14T09:31:56.866Z] [ALL] 06-14 15:01:53.938 10725 10763 I appium  : FindElement command
[2026-06-14T09:31:56.868Z] [ALL] 06-14 15:01:53.939 10725 10763 I appium  : method: 'xpath', selector: '//*[@text[contains(.,"Invalid") or contains(.,"empty") or contains(.,"Required") or contains(.,"error") or contains(.,"Error") or contains(.,"Incorrect") or contains(.,"Please") or contains(.,"enter") or contains(.,"Failed") or contains(.,"failed") or contains(.,"Sync")]]'
[2026-06-14T09:31:56.868Z] [ALL] 06-14 15:01:53.939 10725 10763 I appium  : Waiting up to 10000ms for the device to idle
[2026-06-14T09:31:56.869Z] [ALL] 06-14 15:01:53.941 10725 10763 I appium  : The following attributes will be included to the page source: [text]
[2026-06-14T09:31:56.876Z] [ALL] 06-14 15:01:53.949 10725 10729 I tomator2.server: Method exceeds compiler instruction limit: 19260 in java_cup.runtime.Symbol org.eclipse.wst.xml.xpath2.processor.internal.CUP$XPathCup$actions.CUP$XPathCup$do_action(int, java_cup.runtime.lr_parser, java.util.Stack, int)
[2026-06-14T09:31:57.121Z] [ALL] 06-14 15:01:54.194 10725 10763 I appium  : Took 0ms to retrieve 0 matches for '//*[@text[contains(.,"Invalid") or contains(.,"empty") or contains(.,"Required") or contains(.,"error") or contains(.,"Error") or contains(.,"Incorrect") or contains(.,"Please") or contains(.,"enter") or contains(.,"Failed") or contains(.,"failed") or contains(.,"Sync")]]' XPath2 query
[2026-06-14T09:31:57.123Z] [ALL] 06-14 15:01:54.196 10725 10763 I appium  : AppiumResponse: {"sessionId":"e97b7abb-6aa8-4e9c-b8b4-b3047c3ed272","value":{"error":"no such element","message":"An element could not be located on the page using the given search parameters","stacktrace":"io.appium.uiautomator2.common.exceptions.ElementNotFoundException: An element could not be located on the page using the given search parameters\n\tat io.appium.uiautomator2.utils.ElementLocationHelpers.findElement(ElementLocationHelpers.java:153)\n\tat io.appium.uiautomator2.handler.FindElement.safeHandle(FindElement.java:60)\n\tat io.appium.uiautomator2.handler.request.SafeRequestHandler.handle(SafeRequestHandler.java:59)\n\tat io.appium.uiautomator2.server.AppiumServlet.handleRequest(AppiumServlet.java:267)\n\tat io.appium.uiautomator2.server.AppiumServlet.handleHttpRequest(AppiumServlet.java:261)\n\tat io.appium.uiautomator2.http.ServerHandler.channelRead(ServerHandler.java:77)\n\tat io.netty.channel.AbstractChannelHandlerContext.fireChannelRead(AbstractChannelHandlerContext.java:357)\n\tat io.netty.handler.codec.MessageToMessageDecoder.channelRead(MessageToMessageDecoder.java:107)\n\tat io.netty.channel.AbstractChannelHandlerContext.fireChannelRead(AbstractChannelHandlerContext.java:357)\n\tat io.netty.channel.CombinedChannelDuplexHandler$DelegatingChannelHandlerContext.fireChannelRead(CombinedChannelDuplexHandler.java:434)\n\tat io.netty.handler.codec.ByteToMessageDecoder.fireChannelRead(ByteToMessageDecoder.java:361)\n\tat io.netty.handler.codec.ByteToMessageDecoder.channelRead(ByteToMessageDecoder.java:325)\n\tat io.netty.channel.CombinedChannelDuplexHandler.channelRead(CombinedChannelDuplexHandler.java:249)\n\tat io.netty.channel.AbstractChannelHandlerContext.fireChannelRead(AbstractChannelHandlerContext.java:355)\n\tat io.netty.handler.timeout.IdleStateHandler.channelRead(IdleStateHandler.java:288)\n\tat io.netty.channel.AbstractChannelHandlerContext.fireChannelRead(AbstractChannelHandlerContext.java:355)\n\tat io.netty.channel.DefaultChannelPipeline$HeadContext.channelRead(DefaultChannelPipeline.java:1429)\n\tat io.netty.channel.DefaultChannelPipeline.fireChannelRead(DefaultChannelPipeline.java:918)\n\tat io.netty.channel.nio.AbstractNioByteChannel$NioByteUnsafe.read(AbstractNioByteChannel.java:176)\n\tat io.netty.channel.nio.AbstractNioChannel$AbstractNioUnsafe.handle(AbstractNioChannel.java:445)\n\tat io.netty.channel.nio.NioIoHandler$DefaultNioRegistration.handle(NioIoHandler.java:388)\n\tat io.netty.channel.nio.NioIoHandler.processSelectedKey(NioIoHandler.java:596)\n\tat io.netty.channel.nio.NioIoHandler.processSelectedKeysOptimized(NioIoHandler.java:571)\n\tat io.netty.channel.nio.NioIoHandler.processSelectedKeys(NioIoHandler.java:512)\n\tat io.netty.channel.nio.NioIoHandler.run(NioIoHandler.java:484)\n\tat io.netty.channel.SingleThreadIoEventLoop.runIo(SingleThreadIoEventLoop.java:225)\n\tat io.netty.channel.SingleThreadIoEventLoop.run(SingleThreadIoEventLoop.java:196)\n\tat io.netty.util.concurrent.SingleThreadEventExecutor$5.run(SingleThreadEventExecutor.java:1195)\n\tat io.netty.util.internal.ThreadExecutorMap$2.run(ThreadExecutorMap.java:74)\n\tat io.netty.util.concurrent.FastThreadLocalRunnable.run(FastThreadLocalRunnable.java:30)\n\tat java.lang.Thread.run(Thread.java:1564)\n"}}
[2026-06-14T09:31:57.405Z] [ALL] 06-14 15:01:54.476  1486  1828 I SemWifiServiceDetector: Service det. resumed: T / T / 19967
[2026-06-14T09:31:57.652Z] [ALL] 06-14 15:01:54.724 10725 10763 I appium  : channel read: POST /session/e97b7abb-6aa8-4e9c-b8b4-b3047c3ed272/element
[2026-06-14T09:31:57.652Z] [ALL] 06-14 15:01:54.725 10725 10763 I appium  : FindElement command
[2026-06-14T09:31:57.654Z] [ALL] 06-14 15:01:54.726 10725 10763 I appium  : method: 'xpath', selector: '//*[@text[contains(.,"Invalid") or contains(.,"empty") or contains(.,"Required") or contains(.,"error") or contains(.,"Error") or contains(.,"Incorrect") or contains(.,"Please") or contains(.,"enter") or contains(.,"Failed") or contains(.,"failed") or contains(.,"Sync")]]'
[2026-06-14T09:31:57.654Z] [ALL] 06-14 15:01:54.726 10725 10763 I appium  : Waiting up to 10000ms for the device to idle
[2026-06-14T09:31:57.654Z] [ALL] 06-14 15:01:54.728 10725 10763 I appium  : The following attributes will be included to the page source: [text]
[2026-06-14T09:31:57.662Z] [ALL] 06-14 15:01:54.736 10725 10729 I tomator2.server: Method exceeds compiler instruction limit: 19260 in java_cup.runtime.Symbol org.eclipse.wst.xml.xpath2.processor.internal.CUP$XPathCup$actions.CUP$XPathCup$do_action(int, java_cup.runtime.lr_parser, java.util.Stack, int)
[2026-06-14T09:31:57.904Z] [ALL] 06-14 15:01:54.970 10725 10763 I appium  : Took 0ms to retrieve 0 matches for '//*[@text[contains(.,"Invalid") or contains(.,"empty") or contains(.,"Required") or contains(.,"error") or contains(.,"Error") or contains(.,"Incorrect") or contains(.,"Please") or contains(.,"enter") or contains(.,"Failed") or contains(.,"failed") or contains(.,"Sync")]]' XPath2 query
[2026-06-14T09:31:57.906Z] [ALL] 06-14 15:01:54.971 10725 10763 I appium  : AppiumResponse: {"sessionId":"e97b7abb-6aa8-4e9c-b8b4-b3047c3ed272","value":{"error":"no such element","message":"An element could not be located on the page using the given search parameters","stacktrace":"io.appium.uiautomator2.common.exceptions.ElementNotFoundException: An element could not be located on the page using the given search parameters\n\tat io.appium.uiautomator2.utils.ElementLocationHelpers.findElement(ElementLocationHelpers.java:153)\n\tat io.appium.uiautomator2.handler.FindElement.safeHandle(FindElement.java:60)\n\tat io.appium.uiautomator2.handler.request.SafeRequestHandler.handle(SafeRequestHandler.java:59)\n\tat io.appium.uiautomator2.server.AppiumServlet.handleRequest(AppiumServlet.java:267)\n\tat io.appium.uiautomator2.server.AppiumServlet.handleHttpRequest(AppiumServlet.java:261)\n\tat io.appium.uiautomator2.http.ServerHandler.channelRead(ServerHandler.java:77)\n\tat io.netty.channel.AbstractChannelHandlerContext.fireChannelRead(AbstractChannelHandlerContext.java:357)\n\tat io.netty.handler.codec.MessageToMessageDecoder.channelRead(MessageToMessageDecoder.java:107)\n\tat io.netty.channel.AbstractChannelHandlerContext.fireChannelRead(AbstractChannelHandlerContext.java:357)\n\tat io.netty.channel.CombinedChannelDuplexHandler$DelegatingChannelHandlerContext.fireChannelRead(CombinedChannelDuplexHandler.java:434)\n\tat io.netty.handler.codec.ByteToMessageDecoder.fireChannelRead(ByteToMessageDecoder.java:361)\n\tat io.netty.handler.codec.ByteToMessageDecoder.channelRead(ByteToMessageDecoder.java:325)\n\tat io.netty.channel.CombinedChannelDuplexHandler.channelRead(CombinedChannelDuplexHandler.java:249)\n\tat io.netty.channel.AbstractChannelHandlerContext.fireChannelRead(AbstractChannelHandlerContext.java:355)\n\tat io.netty.handler.timeout.IdleStateHandler.channelRead(IdleStateHandler.java:288)\n\tat io.netty.channel.AbstractChannelHandlerContext.fireChannelRead(AbstractChannelHandlerContext.java:355)\n\tat io.netty.channel.DefaultChannelPipeline$HeadContext.channelRead(DefaultChannelPipeline.java:1429)\n\tat io.netty.channel.DefaultChannelPipeline.fireChannelRead(DefaultChannelPipeline.java:918)\n\tat io.netty.channel.nio.AbstractNioByteChannel$NioByteUnsafe.read(AbstractNioByteChannel.java:176)\n\tat io.netty.channel.nio.AbstractNioChannel$AbstractNioUnsafe.handle(AbstractNioChannel.java:445)\n\tat io.netty.channel.nio.NioIoHandler$DefaultNioRegistration.handle(NioIoHandler.java:388)\n\tat io.netty.channel.nio.NioIoHandler.processSelectedKey(NioIoHandler.java:596)\n\tat io.netty.channel.nio.NioIoHandler.processSelectedKeysOptimized(NioIoHandler.java:571)\n\tat io.netty.channel.nio.NioIoHandler.processSelectedKeys(NioIoHandler.java:512)\n\tat io.netty.channel.nio.NioIoHandler.run(NioIoHandler.java:484)\n\tat io.netty.channel.SingleThreadIoEventLoop.runIo(SingleThreadIoEventLoop.java:225)\n\tat io.netty.channel.SingleThreadIoEventLoop.run(SingleThreadIoEventLoop.java:196)\n\tat io.netty.util.concurrent.SingleThreadEventExecutor$5.run(SingleThreadEventExecutor.java:1195)\n\tat io.netty.util.internal.ThreadExecutorMap$2.run(ThreadExecutorMap.java:74)\n\tat io.netty.util.concurrent.FastThreadLocalRunnable.run(FastThreadLocalRunnable.java:30)\n\tat java.lang.Thread.run(Thread.java:1564)\n"}}
[2026-06-14T09:31:57.907Z] [ALL] 06-14 15:01:54.972  1111  1162 D HeatmapThread: Updated plugType via uevent: 0
[2026-06-14T09:31:57.907Z] [ALL] 06-14 15:01:54.975  1063  1142 E BatteryDump: !@new_battery_dump : 4286,-4,1200,2000,99,388,373,404,388,0,379,378,0,Full,NO_CHARGING,None,Good,PDIC,0,Normal,0,0,9180,0x8000,0x10010000,0x0,0,0,0000,0000,00000000,0,0,0,0,890,4287,9691,970,0,
[2026-06-14T09:31:57.909Z] [ALL] 06-14 15:01:54.982  1063  1063 I android.hardware.health@2.1-service-samsung: updateLrpSysfs: write: 377
[2026-06-14T09:31:57.912Z] [ALL] 06-14 15:01:54.985  1486  7792 V [SS]SleepChargingTimeController: [isActivated]mSleepChargingStatus isNowSessionTime False => false
[2026-06-14T09:31:58.243Z] [ALL] 06-14 15:01:55.314   747   747 D io_stats: !@   8,0 r 79732150 1572374705 w 12669697 207588488 d 4210505 258730260 f 0 1106413 iot 28679972 0 th 0 0 0 pt 0 inp 0 0 180329.703
[2026-06-14T09:31:58.243Z] [ALL] 06-14 15:01:55.315   747   747 D io_stats: !@ Read_top(KB): system_server(1486) 76 loop43(940) 44 loop37(933) 20
[2026-06-14T09:31:58.246Z] [ALL] 06-14 15:01:55.315   747   747 D io_stats: !@ Write_top(KB): kworker/u16:2(15734) 1320 soft.appmanager(9170) 16 appmanager:auth(9493) 16
[2026-06-14T09:31:58.411Z] [ALL] 06-14 15:01:55.485 10725 10763 I appium  : channel read: POST /session/e97b7abb-6aa8-4e9c-b8b4-b3047c3ed272/element
[2026-06-14T09:31:58.413Z] [ALL] 06-14 15:01:55.486 10725 10763 I appium  : FindElement command
[2026-06-14T09:31:58.415Z] [ALL] 06-14 15:01:55.487 10725 10763 I appium  : method: 'xpath', selector: '//*[@text[contains(.,"Invalid") or contains(.,"empty") or contains(.,"Required") or contains(.,"error") or contains(.,"Error") or contains(.,"Incorrect") or contains(.,"Please") or contains(.,"enter") or contains(.,"Failed") or contains(.,"failed") or contains(.,"Sync")]]'
[2026-06-14T09:31:58.415Z] [ALL] 06-14 15:01:55.487 10725 10763 I appium  : Waiting up to 10000ms for the device to idle
[2026-06-14T09:31:58.417Z] [ALL] 06-14 15:01:55.489 10725 10763 I appium  : The following attributes will be included to the page source: [text]
[2026-06-14T09:31:58.487Z] [ALL] 06-14 15:01:55.559  1486  1856 D SemWifiSwitchForIndividualAppsService: isSkipNetworkCondition - result:2
[2026-06-14T09:31:58.647Z] [ALL] 06-14 15:01:55.718 10725 10763 I appium  : Took 0ms to retrieve 0 matches for '//*[@text[contains(.,"Invalid") or contains(.,"empty") or contains(.,"Required") or contains(.,"error") or contains(.,"Error") or contains(.,"Incorrect") or contains(.,"Please") or contains(.,"enter") or contains(.,"Failed") or contains(.,"failed") or contains(.,"Sync")]]' XPath2 query
[2026-06-14T09:31:58.650Z] [ALL] 06-14 15:01:55.720 10725 10763 I appium  : AppiumResponse: {"sessionId":"e97b7abb-6aa8-4e9c-b8b4-b3047c3ed272","value":{"error":"no such element","message":"An element could not be located on the page using the given search parameters","stacktrace":"io.appium.uiautomator2.common.exceptions.ElementNotFoundException: An element could not be located on the page using the given search parameters\n\tat io.appium.uiautomator2.utils.ElementLocationHelpers.findElement(ElementLocationHelpers.java:153)\n\tat io.appium.uiautomator2.handler.FindElement.safeHandle(FindElement.java:60)\n\tat io.appium.uiautomator2.handler.request.SafeRequestHandler.handle(SafeRequestHandler.java:59)\n\tat io.appium.uiautomator2.server.AppiumServlet.handleRequest(AppiumServlet.java:267)\n\tat io.appium.uiautomator2.server.AppiumServlet.handleHttpRequest(AppiumServlet.java:261)\n\tat io.appium.uiautomator2.http.ServerHandler.channelRead(ServerHandler.java:77)\n\tat io.netty.channel.AbstractChannelHandlerContext.fireChannelRead(AbstractChannelHandlerContext.java:357)\n\tat io.netty.handler.codec.MessageToMessageDecoder.channelRead(MessageToMessageDecoder.java:107)\n\tat io.netty.channel.AbstractChannelHandlerContext.fireChannelRead(AbstractChannelHandlerContext.java:357)\n\tat io.netty.channel.CombinedChannelDuplexHandler$DelegatingChannelHandlerContext.fireChannelRead(CombinedChannelDuplexHandler.java:434)\n\tat io.netty.handler.codec.ByteToMessageDecoder.fireChannelRead(ByteToMessageDecoder.java:361)\n\tat io.netty.handler.codec.ByteToMessageDecoder.channelRead(ByteToMessageDecoder.java:325)\n\tat io.netty.channel.CombinedChannelDuplexHandler.channelRead(CombinedChannelDuplexHandler.java:249)\n\tat io.netty.channel.AbstractChannelHandlerContext.fireChannelRead(AbstractChannelHandlerContext.java:355)\n\tat io.netty.handler.timeout.IdleStateHandler.channelRead(IdleStateHandler.java:288)\n\tat io.netty.channel.AbstractChannelHandlerContext.fireChannelRead(AbstractChannelHandlerContext.java:355)\n\tat io.netty.channel.DefaultChannelPipeline$HeadContext.channelRead(DefaultChannelPipeline.java:1429)\n\tat io.netty.channel.DefaultChannelPipeline.fireChannelRead(DefaultChannelPipeline.java:918)\n\tat io.netty.channel.nio.AbstractNioByteChannel$NioByteUnsafe.read(AbstractNioByteChannel.java:176)\n\tat io.netty.channel.nio.AbstractNioChannel$AbstractNioUnsafe.handle(AbstractNioChannel.java:445)\n\tat io.netty.channel.nio.NioIoHandler$DefaultNioRegistration.handle(NioIoHandler.java:388)\n\tat io.netty.channel.nio.NioIoHandler.processSelectedKey(NioIoHandler.java:596)\n\tat io.netty.channel.nio.NioIoHandler.processSelectedKeysOptimized(NioIoHandler.java:571)\n\tat io.netty.channel.nio.NioIoHandler.processSelectedKeys(NioIoHandler.java:512)\n\tat io.netty.channel.nio.NioIoHandler.run(NioIoHandler.java:484)\n\tat io.netty.channel.SingleThreadIoEventLoop.runIo(SingleThreadIoEventLoop.java:225)\n\tat io.netty.channel.SingleThreadIoEventLoop.run(SingleThreadIoEventLoop.java:196)\n\tat io.netty.util.concurrent.SingleThreadEventExecutor$5.run(SingleThreadEventExecutor.java:1195)\n\tat io.netty.util.internal.ThreadExecutorMap$2.run(ThreadExecutorMap.java:74)\n\tat io.netty.util.concurrent.FastThreadLocalRunnable.run(FastThreadLocalRunnable.java:30)\n\tat java.lang.Thread.run(Thread.java:1564)\n"}}
[2026-06-14T09:31:58.811Z] [ALL] 06-14 15:01:55.883  4132  4132 I SDHMS:LOAD: type: LoadsFreqs, value: 6:0:0:576000:576000:576000:791799:2515000:576000:0:0:0
[2026-06-14T09:31:58.837Z] [ALL] 06-14 15:01:55.909  1486 11656 D WifiConnectivityMonitor.DnsThread:  [|207]
[2026-06-14T09:31:58.839Z] [ALL] 06-14 15:01:55.911  1486  1860 D WifiConnectivityMonitor.NetworkStatsAnalyzer: DNS resultType : 0, responseTime : 207
[2026-06-14T09:31:58.839Z] [ALL] 06-14 15:01:55.912  1486  1858 D OpenNetworkQos[4.00]: updateBssidLatestDnsResultType - result: 0
[2026-06-14T09:31:58.840Z] [ALL] 06-14 15:01:55.913  1486  1858 D OpenNetworkQos[4.00]: updateBssidNoInternet: mBssidNoInternet = false
[2026-06-14T09:31:58.840Z] [ALL] 06-14 15:01:55.913  1486  1858 D OpenNetworkQos[4.00]: getOpenNetworkQosNoInternetStatus: false
[2026-06-14T09:31:58.840Z] [ALL] 06-14 15:01:55.913  1486  1858 D OpenNetworkQos[4.00]: getOpenNetworkQosScores: 26 26 30 
[2026-06-14T09:31:58.842Z] [ALL] 06-14 15:01:55.915  1486  1858 I WifiProfileShare: network QoS data was changed (internet), updateQoSData networkType: true, qosData: false
[2026-06-14T09:31:58.856Z] [ALL] 06-14 15:01:55.917  1486  3127 V WifiProfileShare.Caster: update wips network, size: 0
[2026-06-14T09:31:58.856Z] [ALL] 06-14 15:01:55.918  1486  3127 D WifiProfileShare: nearby scanning settings run
[2026-06-14T09:31:58.856Z] [ALL] 06-14 15:01:55.918  1486  3127 D WifiProfileShare: network score provider settings enabled
[2026-06-14T09:31:58.856Z] [ALL] 06-14 15:01:55.918  1486  3127 D OpenNetworkQos[4.00]: getOpenNetworkQosScores: 26 26 30 
[2026-06-14T09:31:58.856Z] [ALL] 06-14 15:01:55.918  1486  3127 D OpenNetworkQos[4.00]: getOpenNetworkQosNoInternetStatus: false
[2026-06-14T09:31:58.856Z] [ALL] 06-14 15:01:55.918  1486  3127 I WifiProfileShare.Caster: current network type: 0, score: [26, 26, 30]
[2026-06-14T09:31:58.856Z] [ALL] 06-14 15:01:55.920  1486  3127 V WifiProfileShare.Cache: update network score 14:33:75:**:**:cb
[2026-06-14T09:31:58.856Z] [ALL] 06-14 15:01:55.920  1486  3127 D WifiProfileShare.ScanMatcher: getMcfDataList size:2
[2026-06-14T09:31:58.856Z] [ALL] 06-14 15:01:55.921  1486  3127 I WifiProfileShare.Caster: qos data was updated , before:type:QOS, pBssid:4a:79:df, qosData:7c after:type:QOS, pBssid:4a:79:df, qosData:7c
[2026-06-14T09:31:58.856Z] [ALL] 06-14 15:01:55.923  1486  3127 I [MCFSDK_android_1.3.7026]_4_McfCasterImpl: isNetworkEnabled - type : 1 ret : true
[2026-06-14T09:31:58.856Z] [ALL] 06-14 15:01:55.923  1486  3127 D WifiProfileShare.McfCast: -ME--- mIsNetworkEnabled :true
[2026-06-14T09:31:58.856Z] [ALL] 06-14 15:01:55.923  1486  3127 D WifiProfileShare.McfCast: updateQoSData ignored, same contents
[2026-06-14T09:31:58.856Z] [ALL] 06-14 15:01:55.923  1486  3127 D WifiProfileShare.MCF: success update QosData !
[2026-06-14T09:31:58.856Z] [ALL] 06-14 15:01:55.924  1486  3127 I [MCFSDK_android_1.3.7026]_4_McfCasterImpl: isNetworkEnabled - type : 1 ret : true
[2026-06-14T09:31:58.856Z] [ALL] 06-14 15:01:55.924  1486  3127 D WifiProfileShare.McfCast: -ME--- mIsNetworkEnabled :true
[2026-06-14T09:31:58.856Z] [ALL] 06-14 15:01:55.924  1486  3127 D WifiProfileShare.McfCast: -ME--- updatePasswordDate pwdData size:2
[2026-06-14T09:31:59.180Z] [ALL] 06-14 15:01:56.252 10725 10763 I appium  : channel read: POST /session/e97b7abb-6aa8-4e9c-b8b4-b3047c3ed272/element
[2026-06-14T09:31:59.182Z] [ALL] 06-14 15:01:56.252 10725 10763 I appium  : FindElement command
[2026-06-14T09:31:59.182Z] [ALL] 06-14 15:01:56.253 10725 10763 I appium  : method: 'xpath', selector: '//*[@text[contains(.,"Invalid") or contains(.,"empty") or contains(.,"Required") or contains(.,"error") or contains(.,"Error") or contains(.,"Incorrect") or contains(.,"Please") or contains(.,"enter") or contains(.,"Failed") or contains(.,"failed") or contains(.,"Sync")]]'
[2026-06-14T09:31:59.182Z] [ALL] 06-14 15:01:56.253 10725 10763 I appium  : Waiting up to 10000ms for the device to idle
[2026-06-14T09:31:59.184Z] [ALL] 06-14 15:01:56.255 10725 10763 I appium  : The following attributes will be included to the page source: [text]
[2026-06-14T09:31:59.187Z] [ALL] 06-14 15:01:56.260 10725 10729 I tomator2.server: Method exceeds compiler instruction limit: 19260 in java_cup.runtime.Symbol org.eclipse.wst.xml.xpath2.processor.internal.CUP$XPathCup$actions.CUP$XPathCup$do_action(int, java_cup.runtime.lr_parser, java.util.Stack, int)
[2026-06-14T09:31:59.434Z] [ALL] 06-14 15:01:56.505 10725 10763 I appium  : Took 0ms to retrieve 0 matches for '//*[@text[contains(.,"Invalid") or contains(.,"empty") or contains(.,"Required") or contains(.,"error") or contains(.,"Error") or contains(.,"Incorrect") or contains(.,"Please") or contains(.,"enter") or contains(.,"Failed") or contains(.,"failed") or contains(.,"Sync")]]' XPath2 query
[2026-06-14T09:31:59.445Z] [ALL] 06-14 15:01:56.507 10725 10763 I appium  : AppiumResponse: {"sessionId":"e97b7abb-6aa8-4e9c-b8b4-b3047c3ed272","value":{"error":"no such element","message":"An element could not be located on the page using the given search parameters","stacktrace":"io.appium.uiautomator2.common.exceptions.ElementNotFoundException: An element could not be located on the page using the given search parameters\n\tat io.appium.uiautomator2.utils.ElementLocationHelpers.findElement(ElementLocationHelpers.java:153)\n\tat io.appium.uiautomator2.handler.FindElement.safeHandle(FindElement.java:60)\n\tat io.appium.uiautomator2.handler.request.SafeRequestHandler.handle(SafeRequestHandler.java:59)\n\tat io.appium.uiautomator2.server.AppiumServlet.handleRequest(AppiumServlet.java:267)\n\tat io.appium.uiautomator2.server.AppiumServlet.handleHttpRequest(AppiumServlet.java:261)\n\tat io.appium.uiautomator2.http.ServerHandler.channelRead(ServerHandler.java:77)\n\tat io.netty.channel.AbstractChannelHandlerContext.fireChannelRead(AbstractChannelHandlerContext.java:357)\n\tat io.netty.handler.codec.MessageToMessageDecoder.channelRead(MessageToMessageDecoder.java:107)\n\tat io.netty.channel.AbstractChannelHandlerContext.fireChannelRead(AbstractChannelHandlerContext.java:357)\n\tat io.netty.channel.CombinedChannelDuplexHandler$DelegatingChannelHandlerContext.fireChannelRead(CombinedChannelDuplexHandler.java:434)\n\tat io.netty.handler.codec.ByteToMessageDecoder.fireChannelRead(ByteToMessageDecoder.java:361)\n\tat io.netty.handler.codec.ByteToMessageDecoder.channelRead(ByteToMessageDecoder.java:325)\n\tat io.netty.channel.CombinedChannelDuplexHandler.channelRead(CombinedChannelDuplexHandler.java:249)\n\tat io.netty.channel.AbstractChannelHandlerContext.fireChannelRead(AbstractChannelHandlerContext.java:355)\n\tat io.netty.handler.timeout.IdleStateHandler.channelRead(IdleStateHandler.java:288)\n\tat io.netty.channel.AbstractChannelHandlerContext.fireChannelRead(AbstractChannelHandlerContext.java:355)\n\tat io.netty.channel.DefaultChannelPipeline$HeadContext.channelRead(DefaultChannelPipeline.java:1429)\n\tat io.netty.channel.DefaultChannelPipeline.fireChannelRead(DefaultChannelPipeline.java:918)\n\tat io.netty.channel.nio.AbstractNioByteChannel$NioByteUnsafe.read(AbstractNioByteChannel.java:176)\n\tat io.netty.channel.nio.AbstractNioChannel$AbstractNioUnsafe.handle(AbstractNioChannel.java:445)\n\tat io.netty.channel.nio.NioIoHandler$DefaultNioRegistration.handle(NioIoHandler.java:388)\n\tat io.netty.channel.nio.NioIoHandler.processSelectedKey(NioIoHandler.java:596)\n\tat io.netty.channel.nio.NioIoHandler.processSelectedKeysOptimized(NioIoHandler.java:571)\n\tat io.netty.channel.nio.NioIoHandler.processSelectedKeys(NioIoHandler.java:512)\n\tat io.netty.channel.nio.NioIoHandler.run(NioIoHandler.java:484)\n\tat io.netty.channel.SingleThreadIoEventLoop.runIo(SingleThreadIoEventLoop.java:225)\n\tat io.netty.channel.SingleThreadIoEventLoop.run(SingleThreadIoEventLoop.java:196)\n\tat io.netty.util.concurrent.SingleThreadEventExecutor$5.run(SingleThreadEventExecutor.java:1195)\n\tat io.netty.util.internal.ThreadExecutorMap$2.run(ThreadExecutorMap.java:74)\n\tat io.netty.util.concurrent.FastThreadLocalRunnable.run(FastThreadLocalRunnable.java:30)\n\tat java.lang.Thread.run(Thread.java:1564)\n"}}
[2026-06-14T09:31:59.489Z] [ALL] 06-14 15:01:56.560 10725 10763 I appium  : channel read: GET /session/e97b7abb-6aa8-4e9c-b8b4-b3047c3ed272/screenshot
[2026-06-14T09:31:59.492Z] [ALL] 06-14 15:01:56.560 10725 10763 I appium  : CaptureScreenshot command
[2026-06-14T09:31:59.501Z] [ALL] 06-14 15:01:56.573  1486  1856 D SemWifiSwitchForIndividualAppsService: isSkipNetworkCondition - result:2
[2026-06-14T09:31:59.646Z] [ALL] 06-14 15:01:56.717 11657 11657 W libbinder.BackendUnifiedServiceManager: Thread Pool max thread count is 0. Cannot cache binder as linkToDeath cannot be implemented. serviceName: SurfaceFlingerAIDL
[2026-06-14T09:31:59.647Z] [ALL] 06-14 15:01:56.719 11657 11657 W libbinder.BpBinder: Linking to death on android.gui.ISurfaceComposer but there are no threads (yet?) listening to incoming transactions. See ProcessState::startThreadPool and ProcessState::setThreadPoolMaxThreadCount. Generally you should setup the binder threadpool before other initialization steps.
[2026-06-14T09:31:59.648Z] [ALL] 06-14 15:01:56.721 11657 11657 W libbinder.BackendUnifiedServiceManager: Thread Pool max thread count is 0. Cannot cache binder as linkToDeath cannot be implemented. serviceName: edmnativehelper
[2026-06-14T09:31:59.648Z] [ALL] 06-14 15:01:56.721  1486  2158 I EDMNativeHelperService: isScreenCaptureEnabled
[2026-06-14T09:31:59.651Z] [ALL] 06-14 15:01:56.721  1486  2158 D RestrictionPolicy: isScreenCaptureEnabled : ret=true userId=0
[2026-06-14T09:31:59.651Z] [ALL] 06-14 15:01:56.721 11657 11657 W libbinder.ProcessState: Extra binder thread started, but 0 threads requested. Do not use *startThreadPool when zero threads are requested.
[2026-06-14T09:31:59.651Z] [ALL] 06-14 15:01:56.721 11657 11657 I SurfaceComposerClient: captureDisplay:Display-4633128672291736000
[2026-06-14T09:31:59.653Z] [ALL] 06-14 15:01:56.725  1149  2943 I SurfaceFlinger: Capture layer list: 	 com.safebank.ai/com.safebank.ai.MainActivity$_11061#104622(preserveDisplayColors:0)
[2026-06-14T09:31:59.653Z] [ALL] 06-14 15:01:56.725  1149  2943 I SurfaceFlinger: Capture layer list: 	 StatusBar$_2112#94(preserveDisplayColors:0)
[2026-06-14T09:31:59.653Z] [ALL] 06-14 15:01:56.725  1149  2943 I SurfaceFlinger: Capture layer list: 	 com.sec.android.app.launcher/com.samsung.app.honeyspace.edge.edgepanel.app.CocktailBarService$_2619#103972(preserveDisplayColors:0)
[2026-06-14T09:31:59.653Z] [ALL] 06-14 15:01:56.725  1149  2943 I SurfaceFlinger: Capture layer list: 	 NavigationBar0$_2112#90(preserveDisplayColors:0)
[2026-06-14T09:31:59.655Z] [ALL] 06-14 15:01:56.727  1149  1201 D SurfaceFlinger: [SEC_SF_EFFECTS] drawLayersInternal,1348, Rendering layer ScreenCaptureFillLayer at index 0
[2026-06-14T09:31:59.656Z] [ALL] 06-14 15:01:56.728  1149  1201 D SurfaceFlinger: [SEC_SF_EFFECTS] drawLayersInternal,1348, Rendering layer com.safebank.ai/com.safebank.ai.MainActivity$_11061#104622 at index 1
[2026-06-14T09:31:59.656Z] [ALL] 06-14 15:01:56.728  1149  1201 D SurfaceFlinger: [SEC_SF_EFFECTS] drawLayersInternal,1348, Rendering layer StatusBar$_2112#94 at index 2
[2026-06-14T09:31:59.656Z] [ALL] 06-14 15:01:56.728  1149  1201 D SurfaceFlinger: [SEC_SF_EFFECTS] drawLayersInternal,1348, Rendering layer com.sec.android.app.launcher/com.samsung.app.honeyspace.edge.edgepanel.app.CocktailBarService$_2619#103972 at index 3
[2026-06-14T09:31:59.656Z] [ALL] 06-14 15:01:56.728  1149  1201 D SurfaceFlinger: [SEC_SF_EFFECTS] drawLayersInternal,1348, Rendering layer NavigationBar0$_2112#90 at index 4
[2026-06-14T09:31:59.682Z] [ALL] 06-14 15:01:56.752 11657 11660 I screencap: [HIDL_FETCH_IMapper] android.hardware.graphics.mapper@4.0: Loaded Mapper successfully.
[2026-06-14T09:31:59.707Z] [ALL] 06-14 15:01:56.776  1486  1729 D WifiStaIfaceHidlImpl: getCachedScanData is not implemented by HIDL
[2026-06-14T09:31:59.711Z] [ALL] 06-14 15:01:56.781  1486  3494 D SemWifiUsabilityStatsMonitor: onWifiUsabilityStats - seqNum 22841, isSameBssidAndFreq true
[2026-06-14T09:31:59.711Z] [ALL] 06-14 15:01:56.782  2072  2072 I EPDG-0 [WifiProfiler]: handleWifiRssiIntent, rssi=-54
[2026-06-14T09:31:59.711Z] [ALL] 06-14 15:01:56.782  2072  2072 I EPDG-0 [WifiProfiler]: isProfiling, hash=189204772, started=true
[2026-06-14T09:31:59.711Z] [ALL] 06-14 15:01:56.783  2072  2072 I EPDG-0 [LogMetrics]: set, type=WIFI_RSSI_LAST, value=-54
[2026-06-14T09:31:59.711Z] [ALL] 06-14 15:01:56.783  2072  2072 I EPDG-0 [WifiProfiler]: isProfiling, hash=189204772, started=true
[2026-06-14T09:31:59.714Z] [ALL] 06-14 15:01:56.783  2072  2072 I EPDG-0 [WifiProfiler]: Rssi : -54 highrange : -75 lowrange : -85 mIsRssiInHystersis : false
[2026-06-14T09:31:59.714Z] [ALL] 06-14 15:01:56.784  2072  2072 I EPDG-0 [WifiProfiler]: Rssi : -54 highrange : -75 lowrange : -85 mIsRssiInHystersis : false
[2026-06-14T09:31:59.714Z] [ALL] 06-14 15:01:56.784  2072  2072 I EPDG-0 [Subscription]: isEpdgAvailable, IwlanPsState=2/2
[2026-06-14T09:31:59.714Z] [ALL] 06-14 15:01:56.784  2072  2072 I EPDG-0 [WifiProfiler]: getHandoverThresholdMet: value is: false
[2026-06-14T09:31:59.903Z] [ALL] 06-14 15:01:56.963 10725 10763 I appium  : AppiumResponse: {"sessionId":"e97b7abb-6aa8-4e9c-b8b4-b3047c3ed272","value":"iVBORw0KGgoAAAANSUhEUgAABDgAAAkkCAYAAAD508+vAAAABHNCSVQICAgIfAhkiAAAAAFzUkdCAK7OHOkAACAASURBVHic7N11fBzV2gfw3+xuXJpqUknd3d1duVCcXqxAcYrLvdCLlBcvlOJw0VuglBYqqUvq7pp62rSpxZNNsjbvH7uzWZm1ZDc7m/y+HxKyI2fOnpXOPHPOc4SSUlEEEREREREREVEIUwW7AkRERER…