[2026-06-13T06:35:18.714Z] [ALL] 06-13 12:05:16.268 13227 13408 I appium  : AppiumResponse: {"sessionId":"1d958382-6c27-4154-8ae4-4950394a5bc8","value":"iVBORw0KGgoAAAANSUhEUgAABDgAAAlgCAYAAABtGofVAAAAAXNSR0IArs4c6QAAAARzQklUCAgICHwIZIgAACAASURBVHic7N13nBNV2wbge5JsY9mlSu+9dwXpHUQ6YkX9VGwoYgUbCnZ98bXXV7EhgoL0Jr33Lm2BpXcWWJatSWa+P5LJJplJnyQ7u/flb2Uz5cxJJjvlmXOeI+TkShKIiIiIiIiIiHTMEO0KEBERERE…
[2026-06-13T06:35:18.800Z] [ALL] 06-13 12:05:16.354  1695  1711 W System  : A resource failed to call release. 
[2026-06-13T06:35:18.800Z] [ALL] 06-13 12:05:16.354  1695  1711 W System  : A resource failed to call release. 
[2026-06-13T06:35:18.800Z] [ALL] 06-13 12:05:16.354  1695  1711 W System  : A resource failed to call release. 
[2026-06-13T06:35:18.800Z] [ALL] 06-13 12:05:16.354  1695  1711 W System  : A resource failed to call release. 
[2026-06-13T06:35:18.800Z] [ALL] 06-13 12:05:16.355  1695  1711 W System  : A resource failed to call release. 
[2026-06-13T06:35:18.800Z] [ALL] 06-13 12:05:16.355  1695  1711 W System  : A resource failed to call release. 
[2026-06-13T06:35:18.800Z] [ALL] 06-13 12:05:16.355  1695  1711 W System  : A resource failed to call release. 
[2026-06-13T06:35:18.800Z] [ALL] 06-13 12:05:16.355  1695  1711 W System  : A resource failed to call release. 
[2026-06-13T06:35:18.829Z] [ALL] 06-13 12:05:16.404  2782  4225 D AtCmdParser: parserAtcmdUrc can not find parser for +EPHYCONFIGN
[2026-06-13T06:35:18.829Z] [ALL] 06-13 12:05:16.408  2782  4254 D AtCmdParser: parserAtcmdUrc can not find parser for +EPHYCONFIG
[2026-06-13T06:35:18.829Z] [ALL] 06-13 12:05:16.408  2782  4254 D AtCmdParser: parserAtcmdUrc can not find parser for +EPHYCONFIG
[2026-06-13T06:35:18.829Z] [ALL] 06-13 12:05:16.414  2782  4225 D AtCmdParser: parserAtcmdUrc can not find parser for +EPHYCONFIG
[2026-06-13T06:35:18.829Z] [ALL] 06-13 12:05:16.417  2782  4254 D AtCmdParser: parserAtcmdUrc can not find parser for +EPHYCONFIGN
[2026-06-13T06:35:18.851Z] [ALL] 06-13 12:05:16.440  1695  2752 I OplusHansManager : uid=10349, pkg=io.appium.uiautomator2.server can transition from M to F
[2026-06-13T06:35:18.875Z] [ALL] 06-13 12:05:16.440  1695  2752 I OplusHansManager : uid=10349, pkg=io.appium.uiautomator2.server F enter(), M stay=1
[2026-06-13T06:35:18.875Z] [ALL] 06-13 12:05:16.442  1695  2752 I OplusHansManager : freeze uid: 10349 io.appium.uiautomator2.server pids: [13227] scene: LcdOn
[2026-06-13T06:35:18.875Z] [ALL] 06-13 12:05:16.442  7763 13029 D IHansComunication: HansComunication::addUid-- 10349, persistent--0
[2026-06-13T06:35:18.875Z] [ALL] 06-13 12:05:16.442  7763 13029 D IHansComunication: HANS sendMessageToKernel: threadId = 536992353456, netLinkSetup = 1, type = PKG, targetUid = 10349, pkgCmd = ADD_ONE_UID
[2026-06-13T06:35:18.914Z] [ALL] 06-13 12:05:16.470  2744  2744 D OplusTelephonyController: onSignalStrengthChanged: SignalStrength=SignalStrength:{mCdma=CellSignalStrengthCdma: cdmaDbm=2147483647 cdmaEcio=2147483647 evdoDbm=2147483647 evdoEcio=2147483647 evdoSnr=2147483647 level=0,mGsm=CellSignalStrengthGsm: rssi=2147483647 ber=2147483647 mTa=2147483647 mLevel=0,mWcdma=CellSignalStrengthWcdma: ss=2147483647 ber=2147483647 rscp=2147483647 ecno=2147483647 level=0,mTdscdma=CellSignalStrengthTdscdma: rssi=2147483647 ber=2147483647 rscp=2147483647 level=0,mLte=CellSignalStrengthLte: rssi=2147483647 rsrp=2147483647 rsrq=2147483647 rssnr=2147483647 cqiTableIndex=2147483647 cqi=2147483647 ta=2147483647 level=0 parametersUseForLevel=0,mNr=CellSignalStrengthNr:{ csiRsrp = 2147483647 csiRsrq = 2147483647 csiCqiTableIndex = 2147483647 csiCqiReport = [] ssRsrp = -90 ssRsrq = -5 ssSinr = 13 level = 2 parametersUseForLevel = 0 },primary=CellSignalStrengthNr}, phoneId=0, mMtkLevel=0, mMtkRsrpOnly=false, mMtkLteRsrpThreshold=null, mMtkLteRssnrThreshold=null
[2026-06-13T06:35:18.961Z] [ALL] 06-13 12:05:16.491  1000  3424 D SurfaceFlinger: kickIdle 367, 344, 35, 0
[2026-06-13T06:35:18.961Z] [ALL] 06-13 12:05:16.491   882   882 E hwcomposer: [DRMDEV] DRM_IOCTL_MTK_KICK_IDLE failed, drm_id_crtc: 64, error: -1  
[2026-06-13T06:35:18.961Z] [ALL] 06-13 12:05:16.514   891   978 W AString : ctor got NULL, using empty string instead
[2026-06-13T06:35:18.961Z] [ALL] 06-13 12:05:16.514   891   978 I sensors-hal-SensorSavedChannel: [8872,-27415,4329]==>gyro_bias.json
[2026-06-13T06:35:19.007Z] [ALL] 06-13 12:05:16.533 20565 20565 I adbd    : adbd service requested 'shell,v2,raw:dumpsys window displays'
[2026-06-13T06:35:19.776Z] [ALL] 06-13 12:05:17.318   924  3217 E PerformanceService: storage_feature: open /sys/devices/platform/soc/112b0000.ufshci//virtualtlcbuff fail
[2026-06-13T06:35:19.776Z] [ALL] 06-13 12:05:17.323  2782  3865 D AtCmdParser: parserAtcmdUrc can not find parser for +EPHYCONFIGN
[2026-06-13T06:35:19.808Z] [ALL] 06-13 12:05:17.324  2782  3465 D AtCmdParser: parserAtcmdUrc can not find parser for +EPHYCONFIG
[2026-06-13T06:35:19.808Z] [ALL] 06-13 12:05:17.327  2782  3867 D AtCmdParser: parserAtcmdUrc can not find parser for +EPHYCONFIGN
[2026-06-13T06:35:19.827Z] [ALL] 06-13 12:05:17.429   934   934 D vendor.oplus.hardware.charger@1.0-service: getChargerControl:
[2026-06-13T06:35:19.873Z] [ALL] 06-13 12:05:17.443  7763 13029 D IHansComunication: HANS sendMessageToKernel: threadId = 536992353456, netLinkSetup = 1, type = FROZEN_TRANS, targetUid = 10349, pkgCmd = PKG_CMD_MAX
[2026-06-13T06:35:20.037Z] [ALL] 06-13 12:05:17.577 15996 15996 E Parcel  : Attempt to read from protected data in Parcel 0x7ff346da00
[2026-06-13T06:35:20.037Z] [ALL] 06-13 12:05:17.577 15996 15996 E Parcel  : Attempt to read from protected data in Parcel 0x7ff346da00
[2026-06-13T06:35:20.037Z] [ALL] 06-13 12:05:17.577 15996 15996 E Parcel  : Attempt to read from protected data in Parcel 0x7ff346da00
[2026-06-13T06:35:20.037Z] [ALL] 06-13 12:05:17.577 15996 15996 E Parcel  : Attempt to read from protected data in Parcel 0x7ff346da00
[2026-06-13T06:35:20.037Z] [ALL] 06-13 12:05:17.577 15996 15996 E Parcel  : Attempt to read from protected data in Parcel 0x7ff346da00
[2026-06-13T06:35:20.092Z] [ALL] 06-13 12:05:17.595  1695  2752 I OplusHansManager : uid=10354, pkg=com.myntra.android can transition from M to F
[2026-06-13T06:35:20.092Z] [ALL] 06-13 12:05:17.596  1695  2752 I OplusHansManager : uid=10354, pkg=com.myntra.android F enter(), M stay=1
[2026-06-13T06:35:20.092Z] [ALL] 06-13 12:05:17.601  1695  2752 I OplusHansManager : freeze uid: 10354 com.myntra.android pids: [24280, 24544] IsolatedUid: [99207] scene: LcdOn
[2026-06-13T06:35:20.092Z] [ALL] 06-13 12:05:17.602  7763 13029 D IHansComunication: HansComunication::addUid-- 10354, persistent--0
[2026-06-13T06:35:20.092Z] [ALL] 06-13 12:05:17.602  7763 13029 D IHansComunication: HANS sendMessageToKernel: threadId = 536992353456, netLinkSetup = 1, type = PKG, targetUid = 10354, pkgCmd = ADD_ONE_UID
[2026-06-13T06:35:20.092Z] [ALL] 06-13 12:05:17.604   934   934 D vendor.oplus.hardware.charger@1.0-service: getPsyUsbType type: USB, ret_value = 3
[2026-06-13T06:35:20.092Z] [ALL] 06-13 12:05:17.604   934   934 D vendor.oplus.hardware.charger@1.0-service: getPsyUsbType type: USB is usb charging.
[2026-06-13T06:35:20.092Z] [ALL] 06-13 12:05:17.610   934   934 D vendor.oplus.hardware.charger@1.0-service: getPsyUsbType type: USB, ret_value = 3
[2026-06-13T06:35:20.092Z] [ALL] 06-13 12:05:17.610   934   934 D vendor.oplus.hardware.charger@1.0-service: getPsyUsbType type: USB is usb charging.
[2026-06-13T06:35:20.131Z] [ALL] 06-13 12:05:17.677  1695  2752 I OplusHansManager : uid=10356, pkg=com.jio.myjio can transition from M to F
[2026-06-13T06:35:20.131Z] [ALL] 06-13 12:05:17.677  1695  2752 I OplusHansManager : uid=10356, pkg=com.jio.myjio F enter(), M stay=10
[2026-06-13T06:35:20.131Z] [ALL] 06-13 12:05:17.681  1695  2752 I OplusHansManager : freeze uid: 10356 com.jio.myjio pids: [12319] scene: LcdOn
[2026-06-13T06:35:20.131Z] [ALL] 06-13 12:05:17.682  7763 13029 D IHansComunication: HansComunication::addUid-- 10356, persistent--0
[2026-06-13T06:35:20.131Z] [ALL] 06-13 12:05:17.682  7763 13029 D IHansComunication: HANS sendMessageToKernel: threadId = 536992353456, netLinkSetup = 1, type = PKG, targetUid = 10356, pkgCmd = ADD_ONE_UID
[2026-06-13T06:35:20.131Z] [ALL] 06-13 12:05:17.683  1695  1725 D SensorService: onUidStateChanged uid = 10219, state = UID_STATE_IDLE
[2026-06-13T06:35:20.131Z] [ALL] 06-13 12:05:17.685  1695  2752 I OplusHansManager : uid=10041, pkg=com.dreamplug.androidapp can transition from M to F
[2026-06-13T06:35:20.131Z] [ALL] 06-13 12:05:17.685  1695  2752 I OplusHansManager : uid=10041, pkg=com.dreamplug.androidapp F enter(), M stay=10
[2026-06-13T06:35:20.131Z] [ALL] 06-13 12:05:17.687  1695  2752 I OplusHansManager : freeze uid: 10041 com.dreamplug.androidapp pids: [25856] scene: LcdOn
[2026-06-13T06:35:20.131Z] [ALL] 06-13 12:05:17.687  7763 13029 D IHansComunication: HansComunication::addUid-- 10041, persistent--0
[2026-06-13T06:35:20.131Z] [ALL] 06-13 12:05:17.687  7763 13029 D IHansComunication: HANS sendMessageToKernel: threadId = 536992353456, netLinkSetup = 1, type = PKG, targetUid = 10041, pkgCmd = ADD_ONE_UID
[2026-06-13T06:35:20.131Z] [ALL] 06-13 12:05:17.690  1695  2752 I OplusHansManager : uid=10375, pkg=com.mpokket.app can transition from M to F
[2026-06-13T06:35:20.131Z] [ALL] 06-13 12:05:17.690  1695  2752 I OplusHansManager : uid=10375, pkg=com.mpokket.app F enter(), M stay=10
[2026-06-13T06:35:20.131Z] [ALL] 06-13 12:05:17.696  1695  2752 I OplusHansManager : freeze uid: 10375 com.mpokket.app pids: [20213, 20627] IsolatedUid: [99210] scene: LcdOn
[2026-06-13T06:35:20.131Z] [ALL] 06-13 12:05:17.696  7763 13029 D IHansComunication: HansComunication::addUid-- 10375, persistent--0
[2026-06-13T06:35:20.131Z] [ALL] 06-13 12:05:17.696  7763 13029 D IHansComunication: HANS sendMessageToKernel: threadId = 536992353456, netLinkSetup = 1, type = PKG, targetUid = 10375, pkgCmd = ADD_ONE_UID
[2026-06-13T06:35:20.187Z] [ALL] 06-13 12:05:17.702  2744  2744 D OplusTelephonyController: onSignalStrengthChanged: SignalStrength=SignalStrength:{mCdma=CellSignalStrengthCdma: cdmaDbm=2147483647 cdmaEcio=2147483647 evdoDbm=2147483647 evdoEcio=2147483647 evdoSnr=2147483647 level=0,mGsm=CellSignalStrengthGsm: rssi=2147483647 ber=2147483647 mTa=2147483647 mLevel=0,mWcdma=CellSignalStrengthWcdma: ss=2147483647 ber=2147483647 rscp=2147483647 ecno=2147483647 level=0,mTdscdma=CellSignalStrengthTdscdma: rssi=2147483647 ber=2147483647 rscp=2147483647 level=0,mLte=CellSignalStrengthLte: rssi=2147483647 rsrp=2147483647 rsrq=2147483647 rssnr=2147483647 cqiTableIndex=2147483647 cqi=2147483647 ta=2147483647 level=0 parametersUseForLevel=0,mNr=CellSignalStrengthNr:{ csiRsrp = 2147483647 csiRsrq = 2147483647 csiCqiTableIndex = 2147483647 csiCqiReport = [] ssRsrp = -87 ssRsrq = -4 ssSinr = 15 level = 2 parametersUseForLevel = 0 },primary=CellSignalStrengthNr}, phoneId=0, mMtkLevel=0, mMtkRsrpOnly=false, mMtkLteRsrpThreshold=null, mMtkLteRssnrThreshold=null
[2026-06-13T06:35:20.187Z] [ALL] 06-13 12:05:17.723 16003 16003 E Parcel  : Attempt to read from protected data in Parcel 0x7fe1474c40
[2026-06-13T06:35:20.187Z] [ALL] 06-13 12:05:17.723 16003 16003 E Parcel  : Attempt to read from protected data in Parcel 0x7fe1474c40
[2026-06-13T06:35:20.187Z] [ALL] 06-13 12:05:17.723 16003 16003 E Parcel  : Attempt to read from protected data in Parcel 0x7fe1474c40
[2026-06-13T06:35:20.187Z] [ALL] 06-13 12:05:17.723 16003 16003 E Parcel  : Attempt to read from protected data in Parcel 0x7fe1474c40
[2026-06-13T06:35:20.187Z] [ALL] 06-13 12:05:17.723 16003 16003 E Parcel  : Attempt to read from protected data in Parcel 0x7fe1474c40
[2026-06-13T06:35:20.187Z] [ALL] 06-13 12:05:17.732  1000  3424 D SurfaceFlinger: kickIdle 1240, 1216, 34, 0
[2026-06-13T06:35:20.187Z] [ALL] 06-13 12:05:17.732   882   882 E hwcomposer: [DRMDEV] DRM_IOCTL_MTK_KICK_IDLE failed, drm_id_crtc: 64, error: -1  
[2026-06-13T06:35:20.240Z] [ALL] 06-13 12:05:17.786 16007 16007 E Parcel  : Attempt to read from protected data in Parcel 0x7fe07d3f60
[2026-06-13T06:35:20.240Z] [ALL] 06-13 12:05:17.786 16007 16007 E Parcel  : Attempt to read from protected data in Parcel 0x7fe07d3f60
[2026-06-13T06:35:20.240Z] [ALL] 06-13 12:05:17.786 16007 16007 E Parcel  : Attempt to read from protected data in Parcel 0x7fe07d3f60
[2026-06-13T06:35:20.240Z] [ALL] 06-13 12:05:17.786 16007 16007 E Parcel  : Attempt to read from protected data in Parcel 0x7fe07d3f60
[2026-06-13T06:35:20.240Z] [ALL] 06-13 12:05:17.786 16007 16007 E Parcel  : Attempt to read from protected data in Parcel 0x7fe07d3f60
[2026-06-13T06:35:20.289Z] [ALL] 06-13 12:05:17.843 16011 16011 E Parcel  : Attempt to read from protected data in Parcel 0x7fc0374920
[2026-06-13T06:35:20.289Z] [ALL] 06-13 12:05:17.843 16011 16011 E Parcel  : Attempt to read from protected data in Parcel 0x7fc0374920
[2026-06-13T06:35:20.289Z] [ALL] 06-13 12:05:17.843 16011 16011 E Parcel  : Attempt to read from protected data in Parcel 0x7fc0374920
[2026-06-13T06:35:20.289Z] [ALL] 06-13 12:05:17.843 16011 16011 E Parcel  : Attempt to read from protected data in Parcel 0x7fc0374920
[2026-06-13T06:35:20.289Z] [ALL] 06-13 12:05:17.843 16011 16011 E Parcel  : Attempt to read from protected data in Parcel 0x7fc0374920
[2026-06-13T06:35:20.353Z] [ALL] 06-13 12:05:17.920 16015 16015 E Parcel  : Attempt to read from protected data in Parcel 0x7fc71b7130
[2026-06-13T06:35:20.353Z] [ALL] 06-13 12:05:17.920 16015 16015 E Parcel  : Attempt to read from protected data in Parcel 0x7fc71b7130
[2026-06-13T06:35:20.353Z] [ALL] 06-13 12:05:17.920 16015 16015 E Parcel  : Attempt to read from protected data in Parcel 0x7fc71b7130
[2026-06-13T06:35:20.353Z] [ALL] 06-13 12:05:17.920 16015 16015 E Parcel  : Attempt to read from protected data in Parcel 0x7fc71b7130
[2026-06-13T06:35:20.353Z] [ALL] 06-13 12:05:17.920 16015 16015 E Parcel  : Attempt to read from protected data in Parcel 0x7fc71b7130
[2026-06-13T06:35:20.360Z] [ALL] 06-13 12:05:17.956   858 28068 E netd    : dispachCmd:oplusGetRtt
[2026-06-13T06:35:20.360Z] [ALL] 06-13 12:05:17.956   858 28068 E netd    : handleGetRttCmd: netId = 204, uid = 10352
[2026-06-13T06:35:20.360Z] [ALL] 06-13 12:05:17.958   858 28068 E netd    : dispachCmd cmd:oplusGetRtt  result:0
[2026-06-13T06:35:20.387Z] [ALL] 06-13 12:05:17.958   858 28068 E netd    : dispachCmd:oplusGetRtt
[2026-06-13T06:35:20.387Z] [ALL] 06-13 12:05:17.958   858 28068 E netd    : handleGetRttCmd: netId = 206, uid = 10352
[2026-06-13T06:35:20.387Z] [ALL] 06-13 12:05:17.959   858 28068 E netd    : dispachCmd cmd:oplusGetRtt  result:0
[2026-06-13T06:35:20.387Z] [ALL] 06-13 12:05:17.961  1695  2144 D OplusWifiConnect2: clientModeManager == null, getOplusSta2ConnectionInfo null
[2026-06-13T06:35:20.387Z] [ALL] 06-13 12:05:17.961  1695  2148 D WN_S    : isCellQualityGood is false, curscore =81, no need to switch lte
[2026-06-13T06:35:20.413Z] [ALL] 06-13 12:05:17.978  1000  3424 D SurfaceFlinger: kickIdle 246, 223, 35, 0
[2026-06-13T06:35:20.413Z] [ALL] 06-13 12:05:17.979   882   882 E hwcomposer: [DRMDEV] DRM_IOCTL_MTK_KICK_IDLE failed, drm_id_crtc: 64, error: -1  
[2026-06-13T06:35:20.413Z] [ALL] 06-13 12:05:17.983 16019 16019 E Parcel  : Attempt to read from protected data in Parcel 0x7fe84f4040
[2026-06-13T06:35:20.413Z] [ALL] 06-13 12:05:17.983 16019 16019 E Parcel  : Attempt to read from protected data in Parcel 0x7fe84f4040
[2026-06-13T06:35:20.414Z] [ALL] 06-13 12:05:17.983 16019 16019 E Parcel  : Attempt to read from protected data in Parcel 0x7fe84f4040
[2026-06-13T06:35:20.414Z] [ALL] 06-13 12:05:17.983 16019 16019 E Parcel  : Attempt to read from protected data in Parcel 0x7fe84f4040
[2026-06-13T06:35:20.414Z] [ALL] 06-13 12:05:17.983 16019 16019 E Parcel  : Attempt to read from protected data in Parcel 0x7fe84f4040
[2026-06-13T06:35:20.448Z] [ALL] 06-13 12:05:18.048 16023 16023 E Parcel  : Attempt to read from protected data in Parcel 0x7ff2ad4480
[2026-06-13T06:35:20.448Z] [ALL] 06-13 12:05:18.048 16023 16023 E Parcel  : Attempt to read from protected data in Parcel 0x7ff2ad4480
[2026-06-13T06:35:20.448Z] [ALL] 06-13 12:05:18.048 16023 16023 E Parcel  : Attempt to read from protected data in Parcel 0x7ff2ad4480
[2026-06-13T06:35:20.448Z] [ALL] 06-13 12:05:18.048 16023 16023 E Parcel  : Attempt to read from protected data in Parcel 0x7ff2ad4480
[2026-06-13T06:35:20.448Z] [ALL] 06-13 12:05:18.048 16023 16023 E Parcel  : Attempt to read from protected data in Parcel 0x7ff2ad4480
[2026-06-13T06:35:20.544Z] [ALL] 06-13 12:05:18.104 16027 16027 E Parcel  : Attempt to read from protected data in Parcel 0x7ff64978d0
[2026-06-13T06:35:20.545Z] [ALL] 06-13 12:05:18.105 16027 16027 E Parcel  : Attempt to read from protected data in Parcel 0x7ff64978d0
[2026-06-13T06:35:20.545Z] [ALL] 06-13 12:05:18.105 16027 16027 E Parcel  : Attempt to read from protected data in Parcel 0x7ff64978d0
[2026-06-13T06:35:20.545Z] [ALL] 06-13 12:05:18.105 16027 16027 E Parcel  : Attempt to read from protected data in Parcel 0x7ff64978d0
[2026-06-13T06:35:20.545Z] [ALL] 06-13 12:05:18.105 16027 16027 E Parcel  : Attempt to read from protected data in Parcel 0x7ff64978d0
[2026-06-13T06:35:20.568Z] [ALL] 06-13 12:05:18.168 16031 16031 E Parcel  : Attempt to read from protected data in Parcel 0x7ff1c17400
[2026-06-13T06:35:20.568Z] [ALL] 06-13 12:05:18.168 16031 16031 E Parcel  : Attempt to read from protected data in Parcel 0x7ff1c17400
[2026-06-13T06:35:20.614Z] [ALL] 06-13 12:05:18.168 16031 16031 E Parcel  : Attempt to read from protected data in Parcel 0x7ff1c17400
[2026-06-13T06:35:20.614Z] [ALL] 06-13 12:05:18.168 16031 16031 E Parcel  : Attempt to read from protected data in Parcel 0x7ff1c17400
[2026-06-13T06:35:20.657Z] [ALL] 06-13 12:05:18.168 16031 16031 E Parcel  : Attempt to read from protected data in Parcel 0x7ff1c17400
[2026-06-13T06:35:20.686Z] [ALL] 06-13 12:05:18.234 16035 16035 E Parcel  : Attempt to read from protected data in Parcel 0x7fd93ade10
[2026-06-13T06:35:20.686Z] [ALL] 06-13 12:05:18.235 16035 16035 E Parcel  : Attempt to read from protected data in Parcel 0x7fd93ade10
[2026-06-13T06:35:20.686Z] [ALL] 06-13 12:05:18.235 16035 16035 E Parcel  : Attempt to read from protected data in Parcel 0x7fd93ade10
[2026-06-13T06:35:20.686Z] [ALL] 06-13 12:05:18.235 16035 16035 E Parcel  : Attempt to read from protected data in Parcel 0x7fd93ade10
[2026-06-13T06:35:20.686Z] [ALL] 06-13 12:05:18.235 16035 16035 E Parcel  : Attempt to read from protected data in Parcel 0x7fd93ade10
[2026-06-13T06:35:20.702Z] [ALL] 06-13 12:05:18.297 16039 16039 E Parcel  : Attempt to read from protected data in Parcel 0x7fe3bdee50
[2026-06-13T06:35:20.702Z] [ALL] 06-13 12:05:18.297 16039 16039 E Parcel  : Attempt to read from protected data in Parcel 0x7fe3bdee50
[2026-06-13T06:35:20.702Z] [ALL] 06-13 12:05:18.297 16039 16039 E Parcel  : Attempt to read from protected data in Parcel 0x7fe3bdee50
[2026-06-13T06:35:20.702Z] [ALL] 06-13 12:05:18.297 16039 16039 E Parcel  : Attempt to read from protected data in Parcel 0x7fe3bdee50
[2026-06-13T06:35:20.702Z] [ALL] 06-13 12:05:18.297 16039 16039 E Parcel  : Attempt to read from protected data in Parcel 0x7fe3bdee50
[2026-06-13T06:35:20.766Z] [ALL] 06-13 12:05:18.357 16043 16043 E Parcel  : Attempt to read from protected data in Parcel 0x7fd10048e0
[2026-06-13T06:35:20.766Z] [ALL] 06-13 12:05:18.358 16043 16043 E Parcel  : Attempt to read from protected data in Parcel 0x7fd10048e0
[2026-06-13T06:35:20.766Z] [ALL] 06-13 12:05:18.358 16043 16043 E Parcel  : Attempt to read from protected data in Parcel 0x7fd10048e0
[2026-06-13T06:35:20.766Z] [ALL] 06-13 12:05:18.358 16043 16043 E Parcel  : Attempt to read from protected data in Parcel 0x7fd10048e0
[2026-06-13T06:35:20.766Z] [ALL] 06-13 12:05:18.358 16043 16043 E Parcel  : Attempt to read from protected data in Parcel 0x7fd10048e0
[2026-06-13T06:35:20.842Z] [ALL] 06-13 12:05:18.393  2782  3865 D AtCmdParser: parserAtcmdUrc can not find parser for +EPHYCONFIGN
[2026-06-13T06:35:20.842Z] [ALL] 06-13 12:05:18.394  2782  3465 D AtCmdParser: parserAtcmdUrc can not find parser for +EPHYCONFIG
[2026-06-13T06:35:20.842Z] [ALL] 06-13 12:05:18.396  2782  3867 D AtCmdParser: parserAtcmdUrc can not find parser for +EPHYCONFIGN
[2026-06-13T06:35:20.893Z] [ALL] 06-13 12:05:18.406  2782  3865 D AtCmdParser: parserAtcmdUrc can not find parser for +EPHYCONFIGN
[2026-06-13T06:35:20.893Z] [ALL] 06-13 12:05:18.409  2782  3465 D AtCmdParser: parserAtcmdUrc can not find parser for +EBARRING
[2026-06-13T06:35:20.893Z] [ALL] 06-13 12:05:18.423  2782  3867 D AtCmdParser: parserAtcmdUrc can not find parser for +EREG
[2026-06-13T06:35:20.893Z] [ALL] 06-13 12:05:18.423  2782  3867 D AtCmdParser: parserAtcmdUrc can not find parser for +EGREG
[2026-06-13T06:35:20.893Z] [ALL] 06-13 12:05:18.433 16047 16047 E Parcel  : Attempt to read from protected data in Parcel 0x7fff4fbc70
[2026-06-13T06:35:20.893Z] [ALL] 06-13 12:05:18.433 16047 16047 E Parcel  : Attempt to read from protected data in Parcel 0x7fff4fbc70
[2026-06-13T06:35:20.893Z] [ALL] 06-13 12:05:18.433 16047 16047 E Parcel  : Attempt to read from protected data in Parcel 0x7fff4fbc70
[2026-06-13T06:35:20.893Z] [ALL] 06-13 12:05:18.433 16047 16047 E Parcel  : Attempt to read from protected data in Parcel 0x7fff4fbc70
[2026-06-13T06:35:20.893Z] [ALL] 06-13 12:05:18.433 16047 16047 E Parcel  : Attempt to read from protected data in Parcel 0x7fff4fbc70
[2026-06-13T06:35:20.947Z] [ALL] 06-13 12:05:18.475  2744  2744 D OplusNecManager: broadcastServiceStateChanged slotId:1oos:false
[2026-06-13T06:35:21.003Z] [ALL] 06-13 12:05:18.494  2782  3117 D cellularState[1]: handleMessage: E msg.what=4
[2026-06-13T06:35:21.004Z] [ALL] 06-13 12:05:18.494  2782  3117 D cellularState[1]: processMsg: NetworkSearchingState
[2026-06-13T06:35:21.004Z] [ALL] 06-13 12:05:18.494  2782  3117 D cellularState[1]: processMsg: SimReadyState
[2026-06-13T06:35:21.004Z] [ALL] 06-13 12:05:18.494  2782  3117 D cellularState[1]: processMsg: DefaultState
[2026-06-13T06:35:21.004Z] [ALL] 06-13 12:05:18.494  2782  3117 E cellularState[1]:  - unhandledMessage: msg.what=4
[2026-06-13T06:35:21.004Z] [ALL] 06-13 12:05:18.494  2782  3117 D cellularState[1]: handleMessage: X
[2026-06-13T06:35:21.004Z] [ALL] 06-13 12:05:18.495  2704  2704 D PowerMitigationService:  onServiceStateChanged curRat = 18, slotId1
[2026-06-13T06:35:21.004Z] [ALL] 06-13 12:05:18.495  1695  2379 W ContextImpl: Calling a method in the system process without a qualified user: android.app.ContextImpl.sendBroadcastMultiplePermissions:1234 com.android.server.TelephonyRegistry.broadcastServiceStateChanged:3149 com.android.server.TelephonyRegistry.notifyServiceStateForPhoneId:1665 com.android.internal.telephony.ITelephonyRegistry$Stub.onTransact:492 android.os.Binder.execTransactInternal:1331 
[2026-06-13T06:35:21.004Z] [ALL] 06-13 12:05:18.495  2704  2704 D PowerMitigationService: handleMessage: { when=0 what=12 arg1=1 target=y.b$b }
[2026-06-13T06:35:21.004Z] [ALL] 06-13 12:05:18.496 16052 16052 E Parcel  : Attempt to read from protected data in Parcel 0x7fc483fb90
[2026-06-13T06:35:21.004Z] [ALL] 06-13 12:05:18.496 16052 16052 E Parcel  : Attempt to read from protected data in Parcel 0x7fc483fb90
[2026-06-13T06:35:21.004Z] [ALL] 06-13 12:05:18.496 16052 16052 E Parcel  : Attempt to read from protected data in Parcel 0x7fc483fb90
[2026-06-13T06:35:21.004Z] [ALL] 06-13 12:05:18.496 16052 16052 E Parcel  : Attempt to read from protected data in Parcel 0x7fc483fb90
[2026-06-13T06:35:21.004Z] [ALL] 06-13 12:05:18.496 16052 16052 E Parcel  : Attempt to read from protected data in Parcel 0x7fc483fb90
[2026-06-13T06:35:21.004Z] [ALL] 06-13 12:05:18.496  1695  1775 W BroadcastQueue: Permission Denial: receiving Intent { act=android.intent.action.SERVICE_STATE flg=0x1000010 (has extras) } to ProcessRecord{6f19b35 2376:com.android.systemui/u0a116} (pid=2376, uid=10116) requires android.permission.ACCESS_FINE_LOCATION due to sender android (uid 1001)
[2026-06-13T06:35:21.004Z] [ALL] 06-13 12:05:18.498  1695  1775 W BroadcastQueue: Permission Denial: receiving Intent { act=android.intent.action.SERVICE_STATE flg=0x1000010 (has extras) } to com.google.android.cellbroadcastreceiver/com.android.cellbroadcastreceiver.CellBroadcastReceiver requires android.permission.READ_PHONE_STATE due to sender android (uid 1001)
[2026-06-13T06:35:21.004Z] [ALL] 06-13 12:05:18.498  1695  2379 W ContextImpl: Calling a method in the system process without a qualified user: android.app.ContextImpl.sendBroadcastMultiplePermissions:1284 android.content.Context.sendBroadcastMultiplePermissions:2281 com.android.server.TelephonyRegistry.broadcastServiceStateChanged:3153 com.android.server.TelephonyRegistry.notifyServiceStateForPhoneId:1665 com.android.internal.telephony.ITelephonyRegistry$Stub.onTransact:492 
[2026-06-13T06:35:21.004Z] [ALL] 06-13 12:05:18.499  1695  1775 W BroadcastQueue: Permission Denial: receiving Intent { act=android.intent.action.SERVICE_STATE flg=0x1000010 (has extras) } to ProcessRecord{6f19b35 2376:com.android.systemui/u0a116} (pid=2376, uid=10116) requires android.permission.ACCESS_FINE_LOCATION due to sender android (uid 1001)
[2026-06-13T06:35:21.004Z] [ALL] 06-13 12:05:18.499  1695  1775 W BroadcastQueue: Appop Denial: receiving Intent { act=android.intent.action.SERVICE_STATE flg=0x1000010 (has extras) } to ProcessRecord{fb2fd67 1695:system/1000} (pid=1695, uid=1000) excludes appop android:read_phone_state due to sender android (uid 1001)
[2026-06-13T06:35:21.004Z] [ALL] 06-13 12:05:18.500  1695  2379 W ContextImpl: Calling a method in the system process without a qualified user: android.app.ContextImpl.sendBroadcastMultiplePermissions:1284 android.content.Context.sendBroadcastMultiplePermissions:2281 com.android.server.TelephonyRegistry.broadcastServiceStateChanged:3160 com.android.server.TelephonyRegistry.notifyServiceStateForPhoneId:1665 com.android.internal.telephony.ITelephonyRegistry$Stub.onTransact:492 
[2026-06-13T06:35:21.004Z] [ALL] 06-13 12:05:18.500  1695  1775 W BroadcastQueue: Appop Denial: receiving Intent { act=android.intent.action.SERVICE_STATE flg=0x1000010 (has extras) } to ProcessRecord{f0c7611 2744:com.android.phone/1001} (pid=2744, uid=1001) excludes appop android:read_phone_state due to sender android (uid 1001)
[2026-06-13T06:35:21.004Z] [ALL] 06-13 12:05:18.500  1695  1775 W BroadcastQueue: Permission Denial: receiving Intent { act=android.intent.action.SERVICE_STATE flg=0x1000010 (has extras) } to com.google.android.cellbroadcastreceiver/com.android.cellbroadcastreceiver.CellBroadcastReceiver requires android.permission.ACCESS_FINE_LOCATION due to sender android (uid 1001)
[2026-06-13T06:35:21.004Z] [ALL] 06-13 12:05:18.501  1695  2379 W ContextImpl: Calling a method in the system process without a qualified user: android.app.ContextImpl.sendBroadcastMultiplePermissions:1284 android.content.Context.sendBroadcastMultiplePermissions:2281 com.android.server.TelephonyRegistry.broadcastServiceStateChanged:3164 com.android.server.TelephonyRegistry.notifyServiceStateForPhoneId:1665 com.android.internal.telephony.ITelephonyRegistry$Stub.onTransact:492 
[2026-06-13T06:35:21.004Z] [ALL] 06-13 12:05:18.502  1695  1775 W BroadcastQueue: Appop Denial: receiving Intent { act=android.intent.action.SERVICE_STATE flg=0x1000010 (has extras) } to ProcessRecord{fb2fd67 1695:system/1000} (pid=1695, uid=1000) excludes appop android:fine_location due to sender android (uid 1001)
[2026-06-13T06:35:21.004Z] [ALL] 06-13 12:05:18.502  1695  1775 W BroadcastQueue: Appop Denial: receiving Intent { act=android.intent.action.SERVICE_STATE flg=0x1000010 (has extras) } to ProcessRecord{f0c7611 2744:com.android.phone/1001} (pid=2744, uid=1001) excludes appop android:fine_location due to sender android (uid 1001)
[2026-06-13T06:35:21.004Z] [ALL] 06-13 12:05:18.502  1695  1775 W BroadcastQueue: Permission Denial: receiving Intent { act=android.intent.action.SERVICE_STATE flg=0x1000010 (has extras) } to com.google.android.cellbroadcastreceiver/com.android.cellbroadcastreceiver.CellBroadcastReceiver requires android.permission.READ_PHONE_STATE due to sender android (uid 1001)
[2026-06-13T06:35:21.004Z] [ALL] 06-13 12:05:18.503  1695  1775 W BroadcastQueue: Appop Denial: receiving Intent { act=android.intent.action.SERVICE_STATE flg=0x1000010 (has extras) } to ProcessRecord{6f19b35 2376:com.android.systemui/u0a116} (pid=2376, uid=10116) excludes appop android:read_phone_state due to sender android (uid 1001)
[2026-06-13T06:35:21.004Z] [ALL] 06-13 12:05:18.503  1695  1775 W BroadcastQueue: Appop Denial: receiving Intent { act=android.intent.action.SERVICE_STATE flg=0x1000010 (has extras) } to ProcessRecord{fb2fd67 1695:system/1000} (pid=1695, uid=1000) excludes appop android:read_phone_state due to sender android (uid 1001)
[2026-06-13T06:35:21.004Z] [ALL] 06-13 12:05:18.504  2376  2376 D KeyguardUpdateMonitor: slot id:0 subId:4
[2026-06-13T06:35:21.004Z] [ALL] 06-13 12:05:18.504  2376  2376 D KeyguardUpdateMonitor: is emergency: false
[2026-06-13T06:35:21.004Z] [ALL] 06-13 12:05:18.504  2376  2376 D KeyguardUpdateMonitor: voice state: 0
[2026-06-13T06:35:21.004Z] [ALL] 06-13 12:05:18.505  2376  2376 D KeyguardUpdateMonitor: slot id:1 subId:5
[2026-06-13T06:35:21.004Z] [ALL] 06-13 12:05:18.505  2376  2376 D KeyguardUpdateMonitor: is emergency: false
[2026-06-13T06:35:21.004Z] [ALL] 06-13 12:05:18.505  2376  2376 D KeyguardUpdateMonitor: voice state: 0
[2026-06-13T06:35:21.004Z] [ALL] 06-13 12:05:18.505  2376  2376 D KeyguardUpdateMonitor: is Emergency supported: false
[2026-06-13T06:35:21.004Z] [ALL] 06-13 12:05:18.505  2376  2376 D KeyguardUpdateMonitor: slot id:0 subId:4
[2026-06-13T06:35:21.004Z] [ALL] 06-13 12:05:18.505  2376  2376 D KeyguardUpdateMonitor: is emergency: false
[2026-06-13T06:35:21.004Z] [ALL] 06-13 12:05:18.505  2376  2376 D KeyguardUpdateMonitor: voice state: 0
[2026-06-13T06:35:21.004Z] [ALL] 06-13 12:05:18.506  2376  2376 D KeyguardUpdateMonitor: slot id:1 subId:5
[2026-06-13T06:35:21.004Z] [ALL] 06-13 12:05:18.506  2376  2376 D KeyguardUpdateMonitor: is emergency: false
[2026-06-13T06:35:21.004Z] [ALL] 06-13 12:05:18.506  2376  2376 D KeyguardUpdateMonitor: voice state: 0
[2026-06-13T06:35:21.004Z] [ALL] 06-13 12:05:18.506  2376  2376 D KeyguardUpdateMonitor: is Emergency supported: false
[2026-06-13T06:35:21.004Z] [ALL] 06-13 12:05:18.506  2744  2744 D ServiceStateProvider: subId=5
[2026-06-13T06:35:21.004Z] [ALL] 06-13 12:05:18.507  1695  1775 W BroadcastQueue: Appop Denial: receiving Intent { act=android.intent.action.SERVICE_STATE flg=0x1000010 (has extras) } to ProcessRecord{f0c7611 2744:com.android.phone/1001} (pid=2744, uid=1001) excludes appop android:read_phone_state due to sender android (uid 1001)
[2026-06-13T06:35:21.004Z] [ALL] 06-13 12:05:18.510  2376  2376 D SimStateHelper: slot:0, lock state:Bundle[mParcelledData.dataSize=56]
[2026-06-13T06:35:21.004Z] [ALL] 06-13 12:05:18.510  2376  2376 D SimStateHelper: slot:1, lock state:Bundle[mParcelledData.dataSize=56]
[2026-06-13T06:35:21.004Z] [ALL] 06-13 12:05:18.510  2376  2376 D SimStateHelper: needDisableMenu: slot1State=0; slot2State=0
[2026-06-13T06:35:21.004Z] [ALL] 06-13 12:05:18.510  2376  2376 D SimStateHelper: needDisableMenu:false
[2026-06-13T06:35:21.004Z] [ALL] 06-13 12:05:18.511  2376  2376 D SimStateHelper: slot:0, lock state:Bundle[mParcelledData.dataSize=56]
[2026-06-13T06:35:21.004Z] [ALL] 06-13 12:05:18.513  2376  2376 D SimStateHelper: slot:1, lock state:Bundle[mParcelledData.dataSize=56]
[2026-06-13T06:35:21.004Z] [ALL] 06-13 12:05:18.513  2376  2376 D SimStateHelper: needDisableMenu: slot1State=0; slot2State=0
[2026-06-13T06:35:21.004Z] [ALL] 06-13 12:05:18.513  2376  2376 D SimStateHelper: needDisableMenu:false
[2026-06-13T06:35:21.004Z] [ALL] 06-13 12:05:18.518  1255  1255 D CellBroadcastReceiver: onReceive Intent { act=android.intent.action.SERVICE_STATE flg=0x1000010 cmp=com.google.android.cellbroadcastreceiver/com.android.cellbroadcastreceiver.CellBroadcastReceiver (has extras) }
[2026-06-13T06:35:21.004Z] [ALL] 06-13 12:05:18.520  1255  1255 D CellBroadcastReceiver: onServiceStateChanged, ss: 0
[2026-06-13T06:35:21.004Z] [ALL] 06-13 12:05:18.520  1255  1255 D CellBroadcastReceiver: networkOperator: 405869
[2026-06-13T06:35:21.004Z] [ALL] 06-13 12:05:18.520  1255  1255 D CellBroadcastReceiver: update supported roaming operator as 
[2026-06-13T06:35:21.004Z] [ALL] 06-13 12:05:18.520  7763  7793 E IHansComunication: HANS printMessageBody: RCV message: type = 0,port = 86870,caller_pid = 1129,caller_uid = 1047,target_pid = 24280,target_uid = 10354,pkg_cmd = -1,rpc = android.hardware.ICameraServiceListener/5
[2026-06-13T06:35:21.004Z] [ALL] 06-13 12:05:18.520  7763  7793 E IHansComunication: HANS printMessageBody: RCV message: type = 0,port = 86870,caller_pid = 1129,caller_uid = 1047,target_pid = 20213,target_uid = 10375,pkg_cmd = -1,rpc = android.hardware.ICameraServiceListener/5
[2026-06-13T06:35:21.004Z] [ALL] 06-13 12:05:18.520  7763  7793 E IHansComunication: HANS printMessageBody: RCV message: type = 0,port = 86870,caller_pid = 1129,caller_uid = 1047,target_pid = 24280,target_uid = 10354,pkg_cmd = -1,rpc = android.hardware.ICameraServiceListener/5
[2026-06-13T06:35:21.004Z] [ALL] 06-13 12:05:18.520  7763  7793 E IHansComunication: HANS printMessageBody: RCV message: type = 0,port = 86870,caller_pid = 1129,caller_uid = 1047,target_pid = 20213,target_uid = 10375,pkg_cmd = -1,rpc = android.hardware.ICameraServiceListener/5
[2026-06-13T06:35:21.004Z] [ALL] 06-13 12:05:18.523  1695  2771 I OplusHansManager : unfreeze uid: 10354 com.myntra.android pids: [24280, 24544] reason: AsyncBinder scene: LcdOn
[2026-06-13T06:35:21.062Z] [ALL] 06-13 12:05:18.523  1695  2752 I OplusHansManager : uid=10354, pkg=com.myntra.android, transition from F to Middle, reason=AsyncBinder
[2026-06-13T06:35:21.062Z] [ALL] 06-13 12:05:18.523  1695  2752 I OplusHansManager : uid=10354, pkg=com.myntra.android F exit(), F stay=0, reason=AsyncBinder
[2026-06-13T06:35:21.062Z] [ALL] 06-13 12:05:18.525  1695  2771 I OplusHansManager : unfreeze uid: 10375 com.mpokket.app pids: [20213, 20627] reason: AsyncBinder scene: LcdOn
[2026-06-13T06:35:21.062Z] [ALL] 06-13 12:05:18.525  1695  2752 I OplusHansManager : uid=10375, pkg=com.mpokket.app, transition from F to Middle, reason=AsyncBinder
[2026-06-13T06:35:21.062Z] [ALL] 06-13 12:05:18.525  1695  2752 I OplusHansManager : uid=10375, pkg=com.mpokket.app F exit(), F stay=0, reason=AsyncBinder
[2026-06-13T06:35:21.062Z] [ALL] 06-13 12:05:18.525  1695  2771 I OplusHansManager : forceUnfreezeByPid pid= 24280 reason= unfreezeForKernel: AsyncBinder
[2026-06-13T06:35:21.062Z] [ALL] 06-13 12:05:18.526  1695  2771 I OplusHansManager : forceUnfreezeByPid pid= 20213 reason= unfreezeForKernel: AsyncBinder
[2026-06-13T06:35:21.062Z] [ALL] 06-13 12:05:18.538  2744  2744 D PhoneGlobals: SimSettingReceiver.onReceive, action=android.intent.action.SERVICE_STATE
[2026-06-13T06:35:21.062Z] [ALL] 06-13 12:05:18.573 16056 16056 E Parcel  : Attempt to read from protected data in Parcel 0x7fce47b830
[2026-06-13T06:35:21.062Z] [ALL] 06-13 12:05:18.573 16056 16056 E Parcel  : Attempt to read from protected data in Parcel 0x7fce47b830
[2026-06-13T06:35:21.062Z] [ALL] 06-13 12:05:18.573 16056 16056 E Parcel  : Attempt to read from protected data in Parcel 0x7fce47b830
[2026-06-13T06:35:21.062Z] [ALL] 06-13 12:05:18.573 16056 16056 E Parcel  : Attempt to read from protected data in Parcel 0x7fce47b830
[2026-06-13T06:35:21.062Z] [ALL] 06-13 12:05:18.573 16056 16056 E Parcel  : Attempt to read from protected data in Parcel 0x7fce47b830
[2026-06-13T06:35:21.062Z] [ALL] 06-13 12:05:18.599  2782  3465 D AtCmdParser: parserAtcmdUrc can not find parser for +EPHYCONFIGN
[2026-06-13T06:35:21.062Z] [ALL] 06-13 12:05:18.600  2782  3865 D AtCmdParser: parserAtcmdUrc can not find parser for +EPHYCONFIG
[2026-06-13T06:35:21.062Z] [ALL] 06-13 12:05:18.601  2782  3867 D AtCmdParser: parserAtcmdUrc can not find parser for +EPHYCONFIGN
[2026-06-13T06:35:21.062Z] [ALL] 06-13 12:05:18.603  7763 13029 D IHansComunication: HANS sendMessageToKernel: threadId = 536992353456, netLinkSetup = 1, type = FROZEN_TRANS, targetUid = 10354, pkgCmd = PKG_CMD_MAX
[2026-06-13T06:35:21.108Z] [ALL] 06-13 12:05:18.632 16060 16060 E Parcel  : Attempt to read from protected data in Parcel 0x7fc39d98b0
[2026-06-13T06:35:21.108Z] [ALL] 06-13 12:05:18.632 16060 16060 E Parcel  : Attempt to read from protected data in Parcel 0x7fc39d98b0
[2026-06-13T06:35:21.108Z] [ALL] 06-13 12:05:18.632 16060 16060 E Parcel  : Attempt to read from protected data in Parcel 0x7fc39d98b0
[2026-06-13T06:35:21.108Z] [ALL] 06-13 12:05:18.632 16060 16060 E Parcel  : Attempt to read from protected data in Parcel 0x7fc39d98b0
[2026-06-13T06:35:21.108Z] [ALL] 06-13 12:05:18.632 16060 16060 E Parcel  : Attempt to read from protected data in Parcel 0x7fc39d98b0
[2026-06-13T06:35:21.151Z] [ALL] 06-13 12:05:18.682  7763 13029 D IHansComunication: HANS sendMessageToKernel: threadId = 536992353456, netLinkSetup = 1, type = FROZEN_TRANS, targetUid = 10356, pkgCmd = PKG_CMD_MAX
[2026-06-13T06:35:21.151Z] [ALL] 06-13 12:05:18.688  7763 13029 D IHansComunication: HANS sendMessageToKernel: threadId = 536992353456, netLinkSetup = 1, type = FROZEN_TRANS, targetUid = 10041, pkgCmd = PKG_CMD_MAX
[2026-06-13T06:35:21.186Z] [ALL] 06-13 12:05:18.696 16064 16064 E Parcel  : Attempt to read from protected data in Parcel 0x7ff0d33ba0
[2026-06-13T06:35:21.186Z] [ALL] 06-13 12:05:18.696 16064 16064 E Parcel  : Attempt to read from protected data in Parcel 0x7ff0d33ba0
[2026-06-13T06:35:21.186Z] [ALL] 06-13 12:05:18.696 16064 16064 E Parcel  : Attempt to read from protected data in Parcel 0x7ff0d33ba0
[2026-06-13T06:35:21.186Z] [ALL] 06-13 12:05:18.696 16064 16064 E Parcel  : Attempt to read from protected data in Parcel 0x7ff0d33ba0
[2026-06-13T06:35:21.186Z] [ALL] 06-13 12:05:18.696 16064 16064 E Parcel  : Attempt to read from protected data in Parcel 0x7ff0d33ba0
[2026-06-13T06:35:21.186Z] [ALL] 06-13 12:05:18.697  7763 13029 D IHansComunication: HANS sendMessageToKernel: threadId = 536992353456, netLinkSetup = 1, type = FROZEN_TRANS, targetUid = 10375, pkgCmd = PKG_CMD_MAX
[2026-06-13T06:35:21.218Z] [ALL] 06-13 12:05:18.758 16068 16068 E Parcel  : Attempt to read from protected data in Parcel 0x7fe33529e0
[2026-06-13T06:35:21.218Z] [ALL] 06-13 12:05:18.758 16068 16068 E Parcel  : Attempt to read from protected data in Parcel 0x7fe33529e0
[2026-06-13T06:35:21.218Z] [ALL] 06-13 12:05:18.758 16068 16068 E Parcel  : Attempt to read from protected data in Parcel 0x7fe33529e0
[2026-06-13T06:35:21.218Z] [ALL] 06-13 12:05:18.758 16068 16068 E Parcel  : Attempt to read from protected data in Parcel 0x7fe33529e0
[2026-06-13T06:35:21.218Z] [ALL] 06-13 12:05:18.758 16068 16068 E Parcel  : Attempt to read from protected data in Parcel 0x7fe33529e0
[2026-06-13T06:35:21.246Z] [ALL] 06-13 12:05:18.818 16072 16072 E Parcel  : Attempt to read from protected data in Parcel 0x7fe2d8c490
[2026-06-13T06:35:21.272Z] [ALL] 06-13 12:05:18.819 16072 16072 E Parcel  : Attempt to read from protected data in Parcel 0x7fe2d8c490
[2026-06-13T06:35:21.272Z] [ALL] 06-13 12:05:18.819 16072 16072 E Parcel  : Attempt to read from protected data in Parcel 0x7fe2d8c490
[2026-06-13T06:35:21.272Z] [ALL] 06-13 12:05:18.819 16072 16072 E Parcel  : Attempt to read from protected data in Parcel 0x7fe2d8c490
[2026-06-13T06:35:21.272Z] [ALL] 06-13 12:05:18.819 16072 16072 E Parcel  : Attempt to read from protected data in Parcel 0x7fe2d8c490
[2026-06-13T06:35:21.283Z] [ALL] 06-13 12:05:18.878 16076 16076 E Parcel  : Attempt to read from protected data in Parcel 0x7fe5639500
[2026-06-13T06:35:21.283Z] [ALL] 06-13 12:05:18.878 16076 16076 E Parcel  : Attempt to read from protected data in Parcel 0x7fe5639500
[2026-06-13T06:35:21.283Z] [ALL] 06-13 12:05:18.878 16076 16076 E Parcel  : Attempt to read from protected data in Parcel 0x7fe5639500
[2026-06-13T06:35:21.283Z] [ALL] 06-13 12:05:18.878 16076 16076 E Parcel  : Attempt to read from protected data in Parcel 0x7fe5639500
[2026-06-13T06:35:21.283Z] [ALL] 06-13 12:05:18.878 16076 16076 E Parcel  : Attempt to read from protected data in Parcel 0x7fe5639500
[2026-06-13T06:35:21.353Z] [ALL] 06-13 12:05:18.936 16081 16081 E Parcel  : Attempt to read from protected data in Parcel 0x7ff7dcd950
[2026-06-13T06:35:21.353Z] [ALL] 06-13 12:05:18.936 16081 16081 E Parcel  : Attempt to read from protected data in Parcel 0x7ff7dcd950
[2026-06-13T06:35:21.353Z] [ALL] 06-13 12:05:18.936 16081 16081 E Parcel  : Attempt to read from protected data in Parcel 0x7ff7dcd950
[2026-06-13T06:35:21.353Z] [ALL] 06-13 12:05:18.936 16081 16081 E Parcel  : Attempt to read from protected data in Parcel 0x7ff7dcd950
[2026-06-13T06:35:21.353Z] [ALL] 06-13 12:05:18.936 16081 16081 E Parcel  : Attempt to read from protected data in Parcel 0x7ff7dcd950
[2026-06-13T06:35:21.402Z] [ALL] 06-13 12:05:18.996 16085 16085 E Parcel  : Attempt to read from protected data in Parcel 0x7fe5699920
[2026-06-13T06:35:21.402Z] [ALL] 06-13 12:05:18.996 16085 16085 E Parcel  : Attempt to read from protected data in Parcel 0x7fe5699920
[2026-06-13T06:35:21.437Z] [ALL] 06-13 12:05:18.996 16085 16085 E Parcel  : Attempt to read from protected data in Parcel 0x7fe5699920
[2026-06-13T06:35:21.437Z] [ALL] 06-13 12:05:18.997 16085 16085 E Parcel  : Attempt to read from protected data in Parcel 0x7fe5699920
[2026-06-13T06:35:21.437Z] [ALL] 06-13 12:05:18.997 16085 16085 E Parcel  : Attempt to read from protected data in Parcel 0x7fe5699920
[2026-06-13T06:35:21.474Z] [ALL] 06-13 12:05:19.020  2782  3865 D AtCmdParser: parserAtcmdUrc can not find parser for +CIEV
[2026-06-13T06:35:21.515Z] [ALL] 06-13 12:05:19.056 16089 16089 E Parcel  : Attempt to read from protected data in Parcel 0x7fd5649ce0
[2026-06-13T06:35:21.515Z] [ALL] 06-13 12:05:19.056 16089 16089 E Parcel  : Attempt to read from protected data in Parcel 0x7fd5649ce0
[2026-06-13T06:35:21.515Z] [ALL] 06-13 12:05:19.056 16089 16089 E Parcel  : Attempt to read from protected data in Parcel 0x7fd5649ce0
[2026-06-13T06:35:21.515Z] [ALL] 06-13 12:05:19.056 16089 16089 E Parcel  : Attempt to read from protected data in Parcel 0x7fd5649ce0
[2026-06-13T06:35:21.515Z] [ALL] 06-13 12:05:19.056 16089 16089 E Parcel  : Attempt to read from protected data in Parcel 0x7fd5649ce0
[2026-06-13T06:35:21.534Z] [ALL] 06-13 12:05:19.120 16093 16093 E Parcel  : Attempt to read from protected data in Parcel 0x7fca7beb90
[2026-06-13T06:35:21.534Z] [ALL] 06-13 12:05:19.120 16093 16093 E Parcel  : Attempt to read from protected data in Parcel 0x7fca7beb90
[2026-06-13T06:35:21.534Z] [ALL] 06-13 12:05:19.120 16093 16093 E Parcel  : Attempt to read from protected data in Parcel 0x7fca7beb90
[2026-06-13T06:35:21.534Z] [ALL] 06-13 12:05:19.120 16093 16093 E Parcel  : Attempt to read from protected data in Parcel 0x7fca7beb90
[2026-06-13T06:35:21.534Z] [ALL] 06-13 12:05:19.120 16093 16093 E Parcel  : Attempt to read from protected data in Parcel 0x7fca7beb90
[2026-06-13T06:35:21.596Z] [ALL] 06-13 12:05:19.181 16099 16099 E Parcel  : Attempt to read from protected data in Parcel 0x7fceb80380
[2026-06-13T06:35:21.596Z] [ALL] 06-13 12:05:19.181 16099 16099 E Parcel  : Attempt to read from protected data in Parcel 0x7fceb80380
[2026-06-13T06:35:21.596Z] [ALL] 06-13 12:05:19.181 16099 16099 E Parcel  : Attempt to read from protected data in Parcel 0x7fceb80380
[2026-06-13T06:35:21.596Z] [ALL] 06-13 12:05:19.181 16099 16099 E Parcel  : Attempt to read from protected data in Parcel 0x7fceb80380
[2026-06-13T06:35:21.596Z] [ALL] 06-13 12:05:19.181 16099 16099 E Parcel  : Attempt to read from protected data in Parcel 0x7fceb80380
[2026-06-13T06:35:21.640Z] [ALL] 06-13 12:05:19.240 16103 16103 E Parcel  : Attempt to read from protected data in Parcel 0x7fd7dd7370
[2026-06-13T06:35:21.640Z] [ALL] 06-13 12:05:19.240 16103 16103 E Parcel  : Attempt to read from protected data in Parcel 0x7fd7dd7370
[2026-06-13T06:35:21.640Z] [ALL] 06-13 12:05:19.240 16103 16103 E Parcel  : Attempt to read from protected data in Parcel 0x7fd7dd7370
[2026-06-13T06:35:21.640Z] [ALL] 06-13 12:05:19.240 16103 16103 E Parcel  : Attempt to read from protected data in Parcel 0x7fd7dd7370
[2026-06-13T06:35:21.640Z] [ALL] 06-13 12:05:19.240 16103 16103 E Parcel  : Attempt to read from protected data in Parcel 0x7fd7dd7370
[2026-06-13T06:35:21.700Z] [ALL] 06-13 12:05:19.296 16107 16107 E Parcel  : Attempt to read from protected data in Parcel 0x7feea16ab0
[2026-06-13T06:35:21.700Z] [ALL] 06-13 12:05:19.296 16107 16107 E Parcel  : Attempt to read from protected data in Parcel 0x7feea16ab0
[2026-06-13T06:35:21.700Z] [ALL] 06-13 12:05:19.296 16107 16107 E Parcel  : Attempt to read from protected data in Parcel 0x7feea16ab0
[2026-06-13T06:35:21.700Z] [ALL] 06-13 12:05:19.296 16107 16107 E Parcel  : Attempt to read from protected data in Parcel 0x7feea16ab0
[2026-06-13T06:35:21.700Z] [ALL] 06-13 12:05:19.296 16107 16107 E Parcel  : Attempt to read from protected data in Parcel 0x7feea16ab0
[2026-06-13T06:35:21.784Z] [ALL] 06-13 12:05:19.350 16111 16111 E Parcel  : Attempt to read from protected data in Parcel 0x7fdbce5d60
[2026-06-13T06:35:21.814Z] [ALL] 06-13 12:05:19.350 16111 16111 E Parcel  : Attempt to read from protected data in Parcel 0x7fdbce5d60
[2026-06-13T06:35:21.814Z] [ALL] 06-13 12:05:19.350 16111 16111 E Parcel  : Attempt to read from protected data in Parcel 0x7fdbce5d60
[2026-06-13T06:35:21.814Z] [ALL] 06-13 12:05:19.350 16111 16111 E Parcel  : Attempt to read from protected data in Parcel 0x7fdbce5d60
[2026-06-13T06:35:21.814Z] [ALL] 06-13 12:05:19.350 16111 16111 E Parcel  : Attempt to read from protected data in Parcel 0x7fdbce5d60
[2026-06-13T06:35:21.843Z] [ALL] 06-13 12:05:19.408 16115 16115 E Parcel  : Attempt to read from protected data in Parcel 0x7ff1dfe5c0
[2026-06-13T06:35:21.843Z] [ALL] 06-13 12:05:19.408 16115 16115 E Parcel  : Attempt to read from protected data in Parcel 0x7ff1dfe5c0
[2026-06-13T06:35:21.843Z] [ALL] 06-13 12:05:19.408 16115 16115 E Parcel  : Attempt to read from protected data in Parcel 0x7ff1dfe5c0
[2026-06-13T06:35:21.843Z] [ALL] 06-13 12:05:19.408 16115 16115 E Parcel  : Attempt to read from protected data in Parcel 0x7ff1dfe5c0
[2026-06-13T06:35:21.843Z] [ALL] 06-13 12:05:19.408 16115 16115 E Parcel  : Attempt to read from protected data in Parcel 0x7ff1dfe5c0
[2026-06-13T06:35:21.863Z] [ALL] 06-13 12:05:19.467 16121 16121 E Parcel  : Attempt to read from protected data in Parcel 0x7fc6b13bb0
[2026-06-13T06:35:21.897Z] [ALL] 06-13 12:05:19.467 16121 16121 E Parcel  : Attempt to read from protected data in Parcel 0x7fc6b13bb0
[2026-06-13T06:35:21.897Z] [ALL] 06-13 12:05:19.467 16121 16121 E Parcel  : Attempt to read from protected data in Parcel 0x7fc6b13bb0
[2026-06-13T06:35:21.897Z] [ALL] 06-13 12:05:19.467 16121 16121 E Parcel  : Attempt to read from protected data in Parcel 0x7fc6b13bb0
[2026-06-13T06:35:21.897Z] [ALL] 06-13 12:05:19.467 16121 16121 E Parcel  : Attempt to read from protected data in Parcel 0x7fc6b13bb0
[2026-06-13T06:35:21.970Z] [ALL] 06-13 12:05:19.528 16125 16125 E Parcel  : Attempt to read from protected data in Parcel 0x7fedff75a0
[2026-06-13T06:35:21.976Z] [ALL] 06-13 12:05:19.528 16125 16125 E Parcel  : Attempt to read from protected data in Parcel 0x7fedff75a0
[2026-06-13T06:35:21.976Z] [ALL] 06-13 12:05:19.528 16125 16125 E Parcel  : Attempt to read from protected data in Parcel 0x7fedff75a0
[2026-06-13T06:35:21.976Z] [ALL] 06-13 12:05:19.528 16125 16125 E Parcel  : Attempt to read from protected data in Parcel 0x7fedff75a0
[2026-06-13T06:35:21.976Z] [ALL] 06-13 12:05:19.528 16125 16125 E Parcel  : Attempt to read from protected data in Parcel 0x7fedff75a0
[2026-06-13T06:35:21.989Z] [ALL] 06-13 12:05:19.585 16129 16129 E Parcel  : Attempt to read from protected data in Parcel 0x7fda8e96f0
[2026-06-13T06:35:21.989Z] [ALL] 06-13 12:05:19.585 16129 16129 E Parcel  : Attempt to read from protected data in Parcel 0x7fda8e96f0
[2026-06-13T06:35:21.989Z] [ALL] 06-13 12:05:19.585 16129 16129 E Parcel  : Attempt to read from protected data in Parcel 0x7fda8e96f0
[2026-06-13T06:35:21.990Z] [ALL] 06-13 12:05:19.585 16129 16129 E Parcel  : Attempt to read from protected data in Parcel 0x7fda8e96f0
[2026-06-13T06:35:21.990Z] [ALL] 06-13 12:05:19.585 16129 16129 E Parcel  : Attempt to read from protected data in Parcel 0x7fda8e96f0
[2026-06-13T06:35:22.051Z] [ALL] 06-13 12:05:19.645 16133 16133 E Parcel  : Attempt to read from protected data in Parcel 0x7fc8b4c520
[2026-06-13T06:35:22.051Z] [ALL] 06-13 12:05:19.645 16133 16133 E Parcel  : Attempt to read from protected data in Parcel 0x7fc8b4c520
[2026-06-13T06:35:22.051Z] [ALL] 06-13 12:05:19.645 16133 16133 E Parcel  : Attempt to read from protected data in Parcel 0x7fc8b4c520
[2026-06-13T06:35:22.051Z] [ALL] 06-13 12:05:19.645 16133 16133 E Parcel  : Attempt to read from protected data in Parcel 0x7fc8b4c520
[2026-06-13T06:35:22.051Z] [ALL] 06-13 12:05:19.645 16133 16133 E Parcel  : Attempt to read from protected data in Parcel 0x7fc8b4c520
[2026-06-13T06:35:22.101Z] [ALL] 06-13 12:05:19.703 16137 16137 E Parcel  : Attempt to read from protected data in Parcel 0x7fd173b600
[2026-06-13T06:35:22.101Z] [ALL] 06-13 12:05:19.703 16137 16137 E Parcel  : Attempt to read from protected data in Parcel 0x7fd173b600
[2026-06-13T06:35:22.101Z] [ALL] 06-13 12:05:19.703 16137 16137 E Parcel  : Attempt to read from protected data in Parcel 0x7fd173b600
[2026-06-13T06:35:22.101Z] [ALL] 06-13 12:05:19.703 16137 16137 E Parcel  : Attempt to read from protected data in Parcel 0x7fd173b600
[2026-06-13T06:35:22.101Z] [ALL] 06-13 12:05:19.703 16137 16137 E Parcel  : Attempt to read from protected data in Parcel 0x7fd173b600
[2026-06-13T06:35:22.164Z] [ALL] 06-13 12:05:19.762 16141 16141 E Parcel  : Attempt to read from protected data in Parcel 0x7fc5d37dd0
[2026-06-13T06:35:22.164Z] [ALL] 06-13 12:05:19.763 16141 16141 E Parcel  : Attempt to read from protected data in Parcel 0x7fc5d37dd0
[2026-06-13T06:35:22.164Z] [ALL] 06-13 12:05:19.763 16141 16141 E Parcel  : Attempt to read from protected data in Parcel 0x7fc5d37dd0
[2026-06-13T06:35:22.164Z] [ALL] 06-13 12:05:19.763 16141 16141 E Parcel  : Attempt to read from protected data in Parcel 0x7fc5d37dd0
[2026-06-13T06:35:22.164Z] [ALL] 06-13 12:05:19.763 16141 16141 E Parcel  : Attempt to read from protected data in Parcel 0x7fc5d37dd0
[2026-06-13T06:35:22.220Z] [ALL] 06-13 12:05:19.820 16145 16145 E Parcel  : Attempt to read from protected data in Parcel 0x7fdb843f00
[2026-06-13T06:35:22.220Z] [ALL] 06-13 12:05:19.820 16145 16145 E Parcel  : Attempt to read from protected data in Parcel 0x7fdb843f00
[2026-06-13T06:35:22.220Z] [ALL] 06-13 12:05:19.820 16145 16145 E Parcel  : Attempt to read from protected data in Parcel 0x7fdb843f00
[2026-06-13T06:35:22.220Z] [ALL] 06-13 12:05:19.820 16145 16145 E Parcel  : Attempt to read from protected data in Parcel 0x7fdb843f00
[2026-06-13T06:35:22.265Z] [ALL] 06-13 12:05:19.820 16145 16145 E Parcel  : Attempt to read from protected data in Parcel 0x7fdb843f00
[2026-06-13T06:35:22.287Z] [ALL] 06-13 12:05:19.878 16149 16149 E Parcel  : Attempt to read from protected data in Parcel 0x7fccf2b980
[2026-06-13T06:35:22.287Z] [ALL] 06-13 12:05:19.878 16149 16149 E Parcel  : Attempt to read from protected data in Parcel 0x7fccf2b980
[2026-06-13T06:35:22.287Z] [ALL] 06-13 12:05:19.878 16149 16149 E Parcel  : Attempt to read from protected data in Parcel 0x7fccf2b980
[2026-06-13T06:35:22.287Z] [ALL] 06-13 12:05:19.878 16149 16149 E Parcel  : Attempt to read from protected data in Parcel 0x7fccf2b980
[2026-06-13T06:35:22.287Z] [ALL] 06-13 12:05:19.878 16149 16149 E Parcel  : Attempt to read from protected data in Parcel 0x7fccf2b980
[2026-06-13T06:35:22.287Z] [ALL] 06-13 12:05:19.879  2782  3867 D AtCmdParser: parserAtcmdUrc can not find parser for +EPHYCONFIGN
[2026-06-13T06:35:22.331Z] [ALL] 06-13 12:05:19.883  2782  3465 D AtCmdParser: parserAtcmdUrc can not find parser for +EPHYCONFIG
[2026-06-13T06:35:22.331Z] [ALL] 06-13 12:05:19.883  2782  3865 D AtCmdParser: parserAtcmdUrc can not find parser for +EPHYCONFIGN
[2026-06-13T06:35:22.382Z] [ALL] 06-13 12:05:19.947 16153 16153 E Parcel  : Attempt to read from protected data in Parcel 0x7fc7717260
[2026-06-13T06:35:22.382Z] [ALL] 06-13 12:05:19.947 16153 16153 E Parcel  : Attempt to read from protected data in Parcel 0x7fc7717260
[2026-06-13T06:35:22.382Z] [ALL] 06-13 12:05:19.947 16153 16153 E Parcel  : Attempt to read from protected data in Parcel 0x7fc7717260
[2026-06-13T06:35:22.382Z] [ALL] 06-13 12:05:19.947 16153 16153 E Parcel  : Attempt to read from protected data in Parcel 0x7fc7717260
[2026-06-13T06:35:22.382Z] [ALL] 06-13 12:05:19.947 16153 16153 E Parcel  : Attempt to read from protected data in Parcel 0x7fc7717260
[2026-06-13T06:35:22.412Z] [ALL] 06-13 12:05:20.007 16157 16157 E Parcel  : Attempt to read from protected data in Parcel 0x7fce515de0
[2026-06-13T06:35:22.412Z] [ALL] 06-13 12:05:20.007 16157 16157 E Parcel  : Attempt to read from protected data in Parcel 0x7fce515de0
[2026-06-13T06:35:22.412Z] [ALL] 06-13 12:05:20.007 16157 16157 E Parcel  : Attempt to read from protected data in Parcel 0x7fce515de0
[2026-06-13T06:35:22.412Z] [ALL] 06-13 12:05:20.007 16157 16157 E Parcel  : Attempt to read from protected data in Parcel 0x7fce515de0
[2026-06-13T06:35:22.412Z] [ALL] 06-13 12:05:20.007 16157 16157 E Parcel  : Attempt to read from protected data in Parcel 0x7fce515de0
[2026-06-13T06:35:22.449Z] [ALL] 06-13 12:05:20.027  1695  2752 I OplusHansManager : uid=10354, pkg=com.myntra.android can transition from M to F
[2026-06-13T06:35:22.449Z] [ALL] 06-13 12:05:20.027  1695  2752 I OplusHansManager : uid=10354, pkg=com.myntra.android F enter(), M stay=1
[2026-06-13T06:35:22.449Z] [ALL] 06-13 12:05:20.029  1695  2752 I OplusHansManager : freeze uid: 10354 com.myntra.android pids: [24280, 24544] IsolatedUid: [99207] scene: LcdOn
[2026-06-13T06:35:22.484Z] [ALL] 06-13 12:05:20.030  7763 13029 D IHansComunication: HansComunication::addUid-- 10354, persistent--0
[2026-06-13T06:35:22.484Z] [ALL] 06-13 12:05:20.030  7763 13029 D IHansComunication: HANS sendMessageToKernel: threadId = 536992353456, netLinkSetup = 1, type = PKG, targetUid = 10354, pkgCmd = ADD_ONE_UID
[2026-06-13T06:35:22.484Z] [ALL] 06-13 12:05:20.031  1695  2752 I OplusHansManager : uid=10375, pkg=com.mpokket.app can transition from M to F
[2026-06-13T06:35:22.484Z] [ALL] 06-13 12:05:20.031  1695  2752 I OplusHansManager : uid=10375, pkg=com.mpokket.app F enter(), M stay=1
[2026-06-13T06:35:22.484Z] [ALL] 06-13 12:05:20.033  1695  2752 I OplusHansManager : freeze uid: 10375 com.mpokket.app pids: [20213, 20627] IsolatedUid: [99210] scene: LcdOn
[2026-06-13T06:35:22.484Z] [ALL] 06-13 12:05:20.033  7763 13029 D IHansComunication: HansComunication::addUid-- 10375, persistent--0
[2026-06-13T06:35:22.484Z] [ALL] 06-13 12:05:20.033  7763 13029 D IHansComunication: HANS sendMessageToKernel: threadId = 536992353456, netLinkSetup = 1, type = PKG, targetUid = 10375, pkgCmd = ADD_ONE_UID
[2026-06-13T06:35:22.509Z] [ALL] 06-13 12:05:20.064 16161 16161 E Parcel  : Attempt to read from protected data in Parcel 0x7fd13eab30
[2026-06-13T06:35:22.509Z] [ALL] 06-13 12:05:20.064 16161 16161 E Parcel  : Attempt to read from protected data in Parcel 0x7fd13eab30
[2026-06-13T06:35:22.509Z] [ALL] 06-13 12:05:20.064 16161 16161 E Parcel  : Attempt to read from protected data in Parcel 0x7fd13eab30
[2026-06-13T06:35:22.509Z] [ALL] 06-13 12:05:20.064 16161 16161 E Parcel  : Attempt to read from protected data in Parcel 0x7fd13eab30
[2026-06-13T06:35:22.509Z] [ALL] 06-13 12:05:20.064 16161 16161 E Parcel  : Attempt to read from protected data in Parcel 0x7fd13eab30
[2026-06-13T06:35:22.534Z] [ALL] 06-13 12:05:20.087  1695  1711 W System  : A resource failed to call release. 
[2026-06-13T06:35:22.534Z] [ALL] 06-13 12:05:20.087  1695  1711 W System  : A resource failed to call release. 
[2026-06-13T06:35:22.534Z] [ALL] 06-13 12:05:20.087  1695  1711 W System  : A resource failed to call release. 
[2026-06-13T06:35:22.534Z] [ALL] 06-13 12:05:20.087  1695  1711 W System  : A resource failed to call release. 
[2026-06-13T06:35:22.562Z] [ALL] 06-13 12:05:20.134 16165 16165 E Parcel  : Attempt to read from protected data in Parcel 0x7fe752e680
[2026-06-13T06:35:22.562Z] [ALL] 06-13 12:05:20.134 16165 16165 E Parcel  : Attempt to read from protected data in Parcel 0x7fe752e680
[2026-06-13T06:35:22.562Z] [ALL] 06-13 12:05:20.134 16165 16165 E Parcel  : Attempt to read from protected data in Parcel 0x7fe752e680
[2026-06-13T06:35:22.562Z] [ALL] 06-13 12:05:20.134 16165 16165 E Parcel  : Attempt to read from protected data in Parcel 0x7fe752e680
[2026-06-13T06:35:22.562Z] [ALL] 06-13 12:05:20.134 16165 16165 E Parcel  : Attempt to read from protected data in Parcel 0x7fe752e680
[2026-06-13T06:35:22.597Z] [ALL] 06-13 12:05:20.193 16169 16169 E Parcel  : Attempt to read from protected data in Parcel 0x7fd2297bf0
[2026-06-13T06:35:22.597Z] [ALL] 06-13 12:05:20.193 16169 16169 E Parcel  : Attempt to read from protected data in Parcel 0x7fd2297bf0
[2026-06-13T06:35:22.597Z] [ALL] 06-13 12:05:20.193 16169 16169 E Parcel  : Attempt to read from protected data in Parcel 0x7fd2297bf0
[2026-06-13T06:35:22.597Z] [ALL] 06-13 12:05:20.193 16169 16169 E Parcel  : Attempt to read from protected data in Parcel 0x7fd2297bf0
[2026-06-13T06:35:22.597Z] [ALL] 06-13 12:05:20.193 16169 16169 E Parcel  : Attempt to read from protected data in Parcel 0x7fd2297bf0
[2026-06-13T06:35:22.647Z] [ALL] 06-13 12:05:20.250 16173 16173 E Parcel  : Attempt to read from protected data in Parcel 0x7fd2074040
[2026-06-13T06:35:22.647Z] [ALL] 06-13 12:05:20.250 16173 16173 E Parcel  : Attempt to read from protected data in Parcel 0x7fd2074040
[2026-06-13T06:35:22.685Z] [ALL] 06-13 12:05:20.250 16173 16173 E Parcel  : Attempt to read from protected data in Parcel 0x7fd2074040
[2026-06-13T06:35:22.687Z] [ALL] 06-13 12:05:20.250 16173 16173 E Parcel  : Attempt to read from protected data in Parcel 0x7fd2074040
[2026-06-13T06:35:22.687Z] [ALL] 06-13 12:05:20.250 16173 16173 E Parcel  : Attempt to read from protected data in Parcel 0x7fd2074040
[2026-06-13T06:35:22.720Z] [ALL] 06-13 12:05:20.318 16178 16178 E Parcel  : Attempt to read from protected data in Parcel 0x7ffab5b5d0
[2026-06-13T06:35:22.753Z] [ALL] 06-13 12:05:20.318 16178 16178 E Parcel  : Attempt to read from protected data in Parcel 0x7ffab5b5d0
[2026-06-13T06:35:22.759Z] [ALL] 06-13 12:05:20.318 16178 16178 E Parcel  : Attempt to read from protected data in Parcel 0x7ffab5b5d0
[2026-06-13T06:35:22.759Z] [ALL] 06-13 12:05:20.318 16178 16178 E Parcel  : Attempt to read from protected data in Parcel 0x7ffab5b5d0
[2026-06-13T06:35:22.759Z] [ALL] 06-13 12:05:20.318 16178 16178 E Parcel  : Attempt to read from protected data in Parcel 0x7ffab5b5d0
[2026-06-13T06:35:22.781Z] [ALL] 06-13 12:05:20.374 16182 16182 E Parcel  : Attempt to read from protected data in Parcel 0x7fd29680a0
[2026-06-13T06:35:22.781Z] [ALL] 06-13 12:05:20.375 16182 16182 E Parcel  : Attempt to read from protected data in Parcel 0x7fd29680a0
[2026-06-13T06:35:22.781Z] [ALL] 06-13 12:05:20.375 16182 16182 E Parcel  : Attempt to read from protected data in Parcel 0x7fd29680a0
[2026-06-13T06:35:22.781Z] [ALL] 06-13 12:05:20.375 16182 16182 E Parcel  : Attempt to read from protected data in Parcel 0x7fd29680a0
[2026-06-13T06:35:22.797Z] [ALL] 06-13 12:05:20.375 16182 16182 E Parcel  : Attempt to read from protected data in Parcel 0x7fd29680a0
[2026-06-13T06:35:22.843Z] [ALL] 06-13 12:05:20.435 16186 16186 E Parcel  : Attempt to read from protected data in Parcel 0x7ff5b84390
[2026-06-13T06:35:22.843Z] [ALL] 06-13 12:05:20.436 16186 16186 E Parcel  : Attempt to read from protected data in Parcel 0x7ff5b84390
[2026-06-13T06:35:22.859Z] [ALL] 06-13 12:05:20.436 16186 16186 E Parcel  : Attempt to read from protected data in Parcel 0x7ff5b84390
[2026-06-13T06:35:22.859Z] [ALL] 06-13 12:05:20.436 16186 16186 E Parcel  : Attempt to read from protected data in Parcel 0x7ff5b84390
[2026-06-13T06:35:22.859Z] [ALL] 06-13 12:05:20.436 16186 16186 E Parcel  : Attempt to read from protected data in Parcel 0x7ff5b84390
[2026-06-13T06:35:22.926Z] [ALL] 06-13 12:05:20.504 16190 16190 E Parcel  : Attempt to read from protected data in Parcel 0x7fc7f8bf30
[2026-06-13T06:35:22.926Z] [ALL] 06-13 12:05:20.504 16190 16190 E Parcel  : Attempt to read from protected data in Parcel 0x7fc7f8bf30
[2026-06-13T06:35:22.926Z] [ALL] 06-13 12:05:20.505 16190 16190 E Parcel  : Attempt to read from protected data in Parcel 0x7fc7f8bf30
[2026-06-13T06:35:22.926Z] [ALL] 06-13 12:05:20.505 16190 16190 E Parcel  : Attempt to read from protected data in Parcel 0x7fc7f8bf30
[2026-06-13T06:35:22.926Z] [ALL] 06-13 12:05:20.505 16190 16190 E Parcel  : Attempt to read from protected data in Parcel 0x7fc7f8bf30
[2026-06-13T06:35:22.959Z] [ALL] 06-13 12:05:20.559 16194 16194 E Parcel  : Attempt to read from protected data in Parcel 0x7fcc6058a0
[2026-06-13T06:35:22.959Z] [ALL] 06-13 12:05:20.559 16194 16194 E Parcel  : Attempt to read from protected data in Parcel 0x7fcc6058a0
[2026-06-13T06:35:22.959Z] [ALL] 06-13 12:05:20.559 16194 16194 E Parcel  : Attempt to read from protected data in Parcel 0x7fcc6058a0
[2026-06-13T06:35:22.959Z] [ALL] 06-13 12:05:20.559 16194 16194 E Parcel  : Attempt to read from protected data in Parcel 0x7fcc6058a0
[2026-06-13T06:35:22.959Z] [ALL] 06-13 12:05:20.559 16194 16194 E Parcel  : Attempt to read from protected data in Parcel 0x7fcc6058a0
[2026-06-13T06:35:23.041Z] [ALL] 06-13 12:05:20.635 16198 16198 E Parcel  : Attempt to read from protected data in Parcel 0x7ff4b09e10
[2026-06-13T06:35:23.041Z] [ALL] 06-13 12:05:20.635 16198 16198 E Parcel  : Attempt to read from protected data in Parcel 0x7ff4b09e10
[2026-06-13T06:35:23.041Z] [ALL] 06-13 12:05:20.635 16198 16198 E Parcel  : Attempt to read from protected data in Parcel 0x7ff4b09e10
[2026-06-13T06:35:23.041Z] [ALL] 06-13 12:05:20.635 16198 16198 E Parcel  : Attempt to read from protected data in Parcel 0x7ff4b09e10
[2026-06-13T06:35:23.041Z] [ALL] 06-13 12:05:20.635 16198 16198 E Parcel  : Attempt to read from protected data in Parcel 0x7ff4b09e10
[2026-06-13T06:35:23.116Z] [ALL] 06-13 12:05:20.695 16202 16202 E Parcel  : Attempt to read from protected data in Parcel 0x7ffea798e0
[2026-06-13T06:35:23.116Z] [ALL] 06-13 12:05:20.695 16202 16202 E Parcel  : Attempt to read from protected data in Parcel 0x7ffea798e0
[2026-06-13T06:35:23.116Z] [ALL] 06-13 12:05:20.695 16202 16202 E Parcel  : Attempt to read from protected data in Parcel 0x7ffea798e0
[2026-06-13T06:35:23.116Z] [ALL] 06-13 12:05:20.695 16202 16202 E Parcel  : Attempt to read from protected data in Parcel 0x7ffea798e0
[2026-06-13T06:35:23.116Z] [ALL] 06-13 12:05:20.695 16202 16202 E Parcel  : Attempt to read from protected data in Parcel 0x7ffea798e0
[2026-06-13T06:35:23.167Z] [ALL] 06-13 12:05:20.755 16206 16206 E Parcel  : Attempt to read from protected data in Parcel 0x7fed469830
[2026-06-13T06:35:23.167Z] [ALL] 06-13 12:05:20.755 16206 16206 E Parcel  : Attempt to read from protected data in Parcel 0x7fed469830
[2026-06-13T06:35:23.167Z] [ALL] 06-13 12:05:20.756 16206 16206 E Parcel  : Attempt to read from protected data in Parcel 0x7fed469830
[2026-06-13T06:35:23.167Z] [ALL] 06-13 12:05:20.756 16206 16206 E Parcel  : Attempt to read from protected data in Parcel 0x7fed469830
[2026-06-13T06:35:23.167Z] [ALL] 06-13 12:05:20.756 16206 16206 E Parcel  : Attempt to read from protected data in Parcel 0x7fed469830
[2026-06-13T06:35:23.223Z] [ALL] 06-13 12:05:20.814 16211 16211 E Parcel  : Attempt to read from protected data in Parcel 0x7fc6c9e630
[2026-06-13T06:35:23.223Z] [ALL] 06-13 12:05:20.814 16211 16211 E Parcel  : Attempt to read from protected data in Parcel 0x7fc6c9e630
[2026-06-13T06:35:23.223Z] [ALL] 06-13 12:05:20.814 16211 16211 E Parcel  : Attempt to read from protected data in Parcel 0x7fc6c9e630
[2026-06-13T06:35:23.223Z] [ALL] 06-13 12:05:20.814 16211 16211 E Parcel  : Attempt to read from protected data in Parcel 0x7fc6c9e630
[2026-06-13T06:35:23.223Z] [ALL] 06-13 12:05:20.814 16211 16211 E Parcel  : Attempt to read from protected data in Parcel 0x7fc6c9e630
[2026-06-13T06:35:23.293Z] [ALL] 06-13 12:05:20.875 16215 16215 E Parcel  : Attempt to read from protected data in Parcel 0x7fc2647180
[2026-06-13T06:35:23.293Z] [ALL] 06-13 12:05:20.875 16215 16215 E Parcel  : Attempt to read from protected data in Parcel 0x7fc2647180
[2026-06-13T06:35:23.293Z] [ALL] 06-13 12:05:20.875 16215 16215 E Parcel  : Attempt to read from protected data in Parcel 0x7fc2647180
[2026-06-13T06:35:23.293Z] [ALL] 06-13 12:05:20.875 16215 16215 E Parcel  : Attempt to read from protected data in Parcel 0x7fc2647180
[2026-06-13T06:35:23.293Z] [ALL] 06-13 12:05:20.875 16215 16215 E Parcel  : Attempt to read from protected data in Parcel 0x7fc2647180
[2026-06-13T06:35:23.436Z] [ALL] 06-13 12:05:21.010   858 28068 E netd    : dispachCmd:oplusGetRtt
[2026-06-13T06:35:23.436Z] [ALL] 06-13 12:05:21.010   858 28068 E netd    : handleGetRttCmd: netId = 204, uid = 10352
[2026-06-13T06:35:23.436Z] [ALL] 06-13 12:05:21.014   858 28068 E netd    : dispachCmd cmd:oplusGetRtt  result:0
[2026-06-13T06:35:23.436Z] [ALL] 06-13 12:05:21.015   858  5601 E netd    : dispachCmd:oplusGetRtt
[2026-06-13T06:35:23.436Z] [ALL] 06-13 12:05:21.015   858  5601 E netd    : handleGetRttCmd: netId = 206, uid = 10352
[2026-06-13T06:35:23.436Z] [ALL] 06-13 12:05:21.018   858  5601 E netd    : dispachCmd cmd:oplusGetRtt  result:0
[2026-06-13T06:35:23.477Z] [ALL] 06-13 12:05:21.025  1695  2144 D OplusWifiConnect2: clientModeManager == null, getOplusSta2ConnectionInfo null
[2026-06-13T06:35:23.477Z] [ALL] 06-13 12:05:21.025  1695  2148 D WN_S    : isCellQualityGood is false, curscore =80, no need to switch lte
[2026-06-13T06:35:23.503Z] [ALL] 06-13 12:05:21.030  7763 13029 D IHansComunication: HANS sendMessageToKernel: threadId = 536992353456, netLinkSetup = 1, type = FROZEN_TRANS, targetUid = 10354, pkgCmd = PKG_CMD_MAX
[2026-06-13T06:35:23.503Z] [ALL] 06-13 12:05:21.033  7763 13029 D IHansComunication: HANS sendMessageToKernel: threadId = 536992353456, netLinkSetup = 1, type = FROZEN_TRANS, targetUid = 10375, pkgCmd = PKG_CMD_MAX
[2026-06-13T06:35:23.602Z] [ALL] 06-13 12:05:21.187   858  5601 E TetherController: property_get sys.radio.data.modem_share_flag return 0, 1!
[2026-06-13T06:35:23.954Z] [ALL] 06-13 12:05:21.554 16219 16219 W libc    : Access denied finding property "persist.adb.tls_server.enable"
[2026-06-13T06:35:24.081Z] [ALL] 06-13 12:05:21.643  7763  7793 E IHansComunication: HANS printMessageBody: RCV message: type = 0,port = 86870,caller_pid = 1129,caller_uid = 1047,target_pid = 24280,target_uid = 10354,pkg_cmd = -1,rpc = android.hardware.ICameraServiceListener/5
[2026-06-13T06:35:24.081Z] [ALL] 06-13 12:05:21.643  7763  7793 E IHansComunication: HANS printMessageBody: RCV message: type = 0,port = 86870,caller_pid = 1129,caller_uid = 1047,target_pid = 20213,target_uid = 10375,pkg_cmd = -1,rpc = android.hardware.ICameraServiceListener/5
[2026-06-13T06:35:24.081Z] [ALL] 06-13 12:05:21.643  7763  7793 E IHansComunication: HANS printMessageBody: RCV message: type = 0,port = 86870,caller_pid = 1129,caller_uid = 1047,target_pid = 24280,target_uid = 10354,pkg_cmd = -1,rpc = android.hardware.ICameraServiceListener/5
[2026-06-13T06:35:24.081Z] [ALL] 06-13 12:05:21.643  7763  7793 E IHansComunication: HANS printMessageBody: RCV message: type = 0,port = 86870,caller_pid = 1129,caller_uid = 1047,target_pid = 20213,target_uid = 10375,pkg_cmd = -1,rpc = android.hardware.ICameraServiceListener/5
[2026-06-13T06:35:24.081Z] [ALL] 06-13 12:05:21.643  7763  7793 E IHansComunication: HANS printMessageBody: RCV message: type = 0,port = 86870,caller_pid = 1129,caller_uid = 1047,target_pid = 24280,target_uid = 10354,pkg_cmd = -1,rpc = android.hardware.ICameraServiceListener/5
[2026-06-13T06:35:24.081Z] [ALL] 06-13 12:05:21.643  7763  7793 E IHansComunication: HANS printMessageBody: RCV message: type = 0,port = 86870,caller_pid = 1129,caller_uid = 1047,target_pid = 20213,target_uid = 10375,pkg_cmd = -1,rpc = android.hardware.ICameraServiceListener/5
[2026-06-13T06:35:24.081Z] [ALL] 06-13 12:05:21.646  1695  2771 I OplusHansManager : unfreeze uid: 10354 com.myntra.android pids: [24280, 24544] reason: AsyncBinder scene: LcdOn
[2026-06-13T06:35:24.081Z] [ALL] 06-13 12:05:21.647  1695  2752 I OplusHansManager : uid=10354, pkg=com.myntra.android, transition from F to Middle, reason=AsyncBinder
[2026-06-13T06:35:24.081Z] [ALL] 06-13 12:05:21.647  1695  2752 I OplusHansManager : uid=10354, pkg=com.myntra.android F exit(), F stay=1, reason=AsyncBinder
[2026-06-13T06:35:24.081Z] [ALL] 06-13 12:05:21.649  1695  2771 I OplusHansManager : unfreeze uid: 10375 com.mpokket.app pids: [20213, 20627] reason: AsyncBinder scene: LcdOn
[2026-06-13T06:35:24.081Z] [ALL] 06-13 12:05:21.650  1695  2771 I OplusHansManager : forceUnfreezeByPid pid= 24280 reason= unfreezeForKernel: AsyncBinder
[2026-06-13T06:35:24.081Z] [ALL] 06-13 12:05:21.650  1695  2771 I OplusHansManager : forceUnfreezeByPid pid= 20213 reason= unfreezeForKernel: AsyncBinder
[2026-06-13T06:35:24.081Z] [ALL] 06-13 12:05:21.650  1695  2771 I OplusHansManager : forceUnfreezeByPid pid= 24280 reason= unfreezeForKernel: AsyncBinder
[2026-06-13T06:35:24.081Z] [ALL] 06-13 12:05:21.651  1695  2771 I OplusHansManager : forceUnfreezeByPid pid= 20213 reason= unfreezeForKernel: AsyncBinder
[2026-06-13T06:35:24.081Z] [ALL] 06-13 12:05:21.651  1695  2752 I OplusHansManager : uid=10375, pkg=com.mpokket.app, transition from F to Middle, reason=AsyncBinder
[2026-06-13T06:35:24.081Z] [ALL] 06-13 12:05:21.651  1695  2752 I OplusHansManager : uid=10375, pkg=com.mpokket.app F exit(), F stay=1, reason=AsyncBinder
[2026-06-13T06:35:24.081Z] [ALL] 06-13 12:05:21.654  1000  3424 D SurfaceFlinger: kickIdle 3675, 3653, 34, 0
[2026-06-13T06:35:24.081Z] [ALL] 06-13 12:05:21.654   882   882 E hwcomposer: [DRMDEV] DRM_IOCTL_MTK_KICK_IDLE failed, drm_id_crtc: 64, error: -1  
[2026-06-13T06:35:24.701Z] [ALL] 06-13 12:05:22.300 22664  4292 I NearbyMediums: No BLE Fast/GATT advertisements found in the latest cycle.
[2026-06-13T06:35:24.710Z] [ALL] 06-13 12:05:22.300 22664  4292 I NearbyMediums: Current Tracked Scanning Clients are : {NearbyConnections.EnvironmentMonitor, NearbySharing}
[2026-06-13T06:35:24.777Z] [ALL] 06-13 12:05:22.320   924  3217 E PerformanceService: storage_feature: open /sys/devices/platform/soc/112b0000.ufshci//virtualtlcbuff fail
[2026-06-13T06:35:24.829Z] [ALL] 06-13 12:05:22.430   934   934 D vendor.oplus.hardware.charger@1.0-service: getChargerControl:
[2026-06-13T06:35:24.966Z] [ALL] 06-13 12:05:22.546 20565 20565 I adbd    : adbd service requested 'shell:getprop'
[2026-06-13T06:35:25.158Z] [ALL] 06-13 12:05:22.739   934   934 D vendor.oplus.hardware.charger@1.0-service: getPsyUsbType type: USB, ret_value = 3
[2026-06-13T06:35:25.158Z] [ALL] 06-13 12:05:22.739   934   934 D vendor.oplus.hardware.charger@1.0-service: getPsyUsbType type: USB is usb charging.
[2026-06-13T06:35:25.220Z] [ALL] 06-13 12:05:22.765   934   934 D vendor.oplus.hardware.charger@1.0-service: getPsyUsbType type: USB, ret_value = 3
[2026-06-13T06:35:25.220Z] [ALL] 06-13 12:05:22.765   934   934 D vendor.oplus.hardware.charger@1.0-service: getPsyUsbType type: USB is usb charging.
[2026-06-13T06:35:25.391Z] [ALL] 06-13 12:05:22.926 13618 13736 D ServiceLifeManager: acquire: OditServiceInit
[2026-06-13T06:35:25.391Z] [ALL] 06-13 12:05:22.928 13618 13736 D ServiceLifeManager: acquire: OidtHandler
[2026-06-13T06:35:25.391Z] [ALL] 06-13 12:05:22.928 13618 13736 D ServiceLifeManager: release: OditServiceInit sActiveService:2
[2026-06-13T06:35:25.446Z] [ALL] 06-13 12:05:22.928 13618 13736 D ServiceLifeManager: sActiveService:1 sIsActive:false
[2026-06-13T06:35:25.446Z] [ALL] 06-13 12:05:22.928 13618 13736 D ServiceLifeManager: final sActiveService:1 sIsActive:false
[2026-06-13T06:35:25.446Z] [ALL] 06-13 12:05:22.951  1284  1284 I thermal_repeater: [recvMdThermalInfo] ret=33, strLen=127,  4, 46, -50, -28457, 32767, 14084
[2026-06-13T06:35:25.473Z] [ALL] 06-13 12:05:23.047  1695  2352 D OplusAppListInterceptManager: shouldFilterTask
[2026-06-13T06:35:25.473Z] [ALL] 06-13 12:05:23.048  1695  2352 D OplusAppListInterceptManager: shouldFilterTask::packageName = com.safebank.ai
[2026-06-13T06:35:25.473Z] [ALL] 06-13 12:05:23.048  1695  2352 D OplusAppListInterceptManager: shouldFilterTask
[2026-06-13T06:35:25.473Z] [ALL] 06-13 12:05:23.048  1695  2352 D OplusAppListInterceptManager: shouldFilterTask::packageName = com.aistudio.emergencydetector.bypcrw
[2026-06-13T06:35:25.473Z] [ALL] 06-13 12:05:23.048  1695  2352 D OplusAppListInterceptManager: shouldFilterTask
[2026-06-13T06:35:25.473Z] [ALL] 06-13 12:05:23.048  1695  2352 D OplusAppListInterceptManager: shouldFilterTask::packageName = com.whatsapp
[2026-06-13T06:35:25.473Z] [ALL] 06-13 12:05:23.049  1695  2352 D OplusAppListInterceptManager: shouldFilterTask
[2026-06-13T06:35:25.473Z] [ALL] 06-13 12:05:23.049  1695  2352 D OplusAppListInterceptManager: shouldFilterTask::packageName = com.google.android.apps.messaging
[2026-06-13T06:35:25.473Z] [ALL] 06-13 12:05:23.049  1695  2352 D OplusAppListInterceptManager: shouldFilterTask
[2026-06-13T06:35:25.473Z] [ALL] 06-13 12:05:23.049  1695  2352 D OplusAppListInterceptManager: shouldFilterTask::packageName = com.jio.myjio
[2026-06-13T06:35:25.473Z] [ALL] 06-13 12:05:23.049  1695  2352 D OplusAppListInterceptManager: shouldFilterTask
[2026-06-13T06:35:25.473Z] [ALL] 06-13 12:05:23.049  1695  2352 D OplusAppListInterceptManager: shouldFilterTask::packageName = com.oppo.quicksearchbox
[2026-06-13T06:35:25.526Z] [ALL] 06-13 12:05:23.053  4650  4650 W GuardElfCpu: type=1400 audit(0.0:13767): avc: denied { search } for name="20565" dev="proc" ino=18043247 scontext=u:r:system_app:s0 tcontext=u:r:adbd:s0 tclass=dir permissive=0
[2026-06-13T06:35:25.526Z] [ALL] 06-13 12:05:23.057  4650  4650 W GuardElfCpu: type=1400 audit(0.0:13768): avc: denied { read } for name="status" dev="proc" ino=18131917 scontext=u:r:system_app:s0 tcontext=u:r:logd:s0 tclass=file permissive=0
[2026-06-13T06:35:25.526Z] [ALL] 06-13 12:05:23.057  4650  4650 W GuardElfCpu: type=1400 audit(0.0:13769): avc: denied { read } for name="status" dev="proc" ino=18056538 scontext=u:r:system_app:s0 tcontext=u:r:kernel:s0 tclass=file permissive=0
[2026-06-13T06:35:25.526Z] [ALL] 06-13 12:05:23.057  4650  4650 W GuardElfCpu: type=1400 audit(0.0:13770): avc: denied { read } for name="status" dev="proc" ino=18056450 scontext=u:r:system_app:s0 tcontext=u:r:kernel:s0 tclass=file permissive=0
[2026-06-13T06:35:25.627Z] [ALL] 06-13 12:05:23.156  1695  2752 I OplusHansManager : uid=10354, pkg=com.myntra.android can transition from M to F
[2026-06-13T06:35:25.627Z] [ALL] 06-13 12:05:23.156  1695  2752 I OplusHansManager : uid=10354, pkg=com.myntra.android F enter(), M stay=1
[2026-06-13T06:35:25.627Z] [ALL] 06-13 12:05:23.166  1695  2752 I OplusHansManager : freeze uid: 10354 com.myntra.android pids: [24280, 24544] IsolatedUid: [99207] scene: LcdOn
[2026-06-13T06:35:25.627Z] [ALL] 06-13 12:05:23.168  7763 13029 D IHansComunication: HansComunication::addUid-- 10354, persistent--0
[2026-06-13T06:35:25.627Z] [ALL] 06-13 12:05:23.168  7763 13029 D IHansComunication: HANS sendMessageToKernel: threadId = 536992353456, netLinkSetup = 1, type = PKG, targetUid = 10354, pkgCmd = ADD_ONE_UID
[2026-06-13T06:35:25.627Z] [ALL] 06-13 12:05:23.172  1695  2752 I OplusHansManager : uid=10375, pkg=com.mpokket.app can transition from M to F
[2026-06-13T06:35:25.627Z] [ALL] 06-13 12:05:23.172  1695  2752 I OplusHansManager : uid=10375, pkg=com.mpokket.app F enter(), M stay=1
[2026-06-13T06:35:25.627Z] [ALL] 06-13 12:05:23.185  1695  2752 I OplusHansManager : freeze uid: 10375 com.mpokket.app pids: [20213, 20627] IsolatedUid: [99210] scene: LcdOn
[2026-06-13T06:35:25.627Z] [ALL] 06-13 12:05:23.191  7763 13029 D IHansComunication: HansComunication::addUid-- 10375, persistent--0
[2026-06-13T06:35:25.627Z] [ALL] 06-13 12:05:23.191  7763 13029 D IHansComunication: HANS sendMessageToKernel: threadId = 536992353456, netLinkSetup = 1, type = PKG, targetUid = 10375, pkgCmd = ADD_ONE_UID
[2026-06-13T06:35:26.469Z] [ALL] 06-13 12:05:24.038   891   978 W AString : ctor got NULL, using empty string instead
[2026-06-13T06:35:26.469Z] [ALL] 06-13 12:05:24.039   891   978 I sensors-hal-SensorSavedChannel: [8943,-27400,4348]==>gyro_bias.json
[2026-06-13T06:35:26.497Z] [ALL] 06-13 12:05:24.067   858  5601 E netd    : dispachCmd:oplusGetRtt
[2026-06-13T06:35:26.497Z] [ALL] 06-13 12:05:24.067   858  5601 E netd    : handleGetRttCmd: netId = 204, uid = 10352
[2026-06-13T06:35:26.497Z] [ALL] 06-13 12:05:24.071   858  5601 E netd    : dispachCmd cmd:oplusGetRtt  result:0
[2026-06-13T06:35:26.497Z] [ALL] 06-13 12:05:24.072   858 28068 E netd    : dispachCmd:oplusGetRtt
[2026-06-13T06:35:26.497Z] [ALL] 06-13 12:05:24.072   858 28068 E netd    : handleGetRttCmd: netId = 206, uid = 10352
[2026-06-13T06:35:26.530Z] [ALL] 06-13 12:05:24.075   858 28068 E netd    : dispachCmd cmd:oplusGetRtt  result:0
[2026-06-13T06:35:26.530Z] [ALL] 06-13 12:05:24.077  1695  2144 D OplusWifiConnect2: clientModeManager == null, getOplusSta2ConnectionInfo null
[2026-06-13T06:35:26.530Z] [ALL] 06-13 12:05:24.078  1695  2148 D WN_S    : isCellQualityGood is false, curscore =79, no need to switch lte
[2026-06-13T06:35:26.530Z] [ALL] 06-13 12:05:24.110  1000  3424 D SurfaceFlinger: kickIdle 2455, 2390, 35, 0
[2026-06-13T06:35:26.530Z] [ALL] 06-13 12:05:24.110   882   882 E hwcomposer: [DRMDEV] DRM_IOCTL_MTK_KICK_IDLE failed, drm_id_crtc: 64, error: -1  
[2026-06-13T06:35:26.579Z] [ALL] 06-13 12:05:24.168  7763 13029 D IHansComunication: HANS sendMessageToKernel: threadId = 536992353456, netLinkSetup = 1, type = FROZEN_TRANS, targetUid = 10354, pkgCmd = PKG_CMD_MAX
[2026-06-13T06:35:26.612Z] [ALL] 06-13 12:05:24.186  7763 13029 D IHansComunication: HANS sendMessageToKernel: threadId = 536992353456, netLinkSetup = 1, type = FROZEN_TRANS, targetUid = 10375, pkgCmd = PKG_CMD_MAX
[2026-06-13T06:35:28.659Z] [ALL] 06-13 12:05:26.212   858  5601 E TetherController: property_get sys.radio.data.modem_share_flag return 0, 1!
[2026-06-13T06:35:28.842Z] [ALL] 06-13 12:05:26.445 16239 16239 E Parcel  : Attempt to read from protected data in Parcel 0x7fd574a570
[2026-06-13T06:35:28.842Z] [ALL] 06-13 12:05:26.445 16239 16239 E Parcel  : Attempt to read from protected data in Parcel 0x7fd574a570
[2026-06-13T06:35:28.842Z] [ALL] 06-13 12:05:26.445 16239 16239 E Parcel  : Attempt to read from protected data in Parcel 0x7fd574a570
[2026-06-13T06:35:28.842Z] [ALL] 06-13 12:05:26.445 16239 16239 E Parcel  : Attempt to read from protected data in Parcel 0x7fd574a570
[2026-06-13T06:35:28.891Z] [ALL] 06-13 12:05:26.445 16239 16239 E Parcel  : Attempt to read from protected data in Parcel 0x7fd574a570
[2026-06-13T06:35:28.978Z] [ALL] 06-13 12:05:26.578 16246 16246 E Parcel  : Attempt to read from protected data in Parcel 0x7fc4221280
[2026-06-13T06:35:29.016Z] [ALL] 06-13 12:05:26.578 16246 16246 E Parcel  : Attempt to read from protected data in Parcel 0x7fc4221280
[2026-06-13T06:35:29.016Z] [ALL] 06-13 12:05:26.578 16246 16246 E Parcel  : Attempt to read from protected data in Parcel 0x7fc4221280
[2026-06-13T06:35:29.055Z] [ALL] 06-13 12:05:26.578 16246 16246 E Parcel  : Attempt to read from protected data in Parcel 0x7fc4221280
[2026-06-13T06:35:29.055Z] [ALL] 06-13 12:05:26.578 16246 16246 E Parcel  : Attempt to read from protected data in Parcel 0x7fc4221280
[2026-06-13T06:35:29.083Z] [ALL] 06-13 12:05:26.639 16250 16250 E Parcel  : Attempt to read from protected data in Parcel 0x7fcd5b0170
[2026-06-13T06:35:29.083Z] [ALL] 06-13 12:05:26.639 16250 16250 E Parcel  : Attempt to read from protected data in Parcel 0x7fcd5b0170
[2026-06-13T06:35:29.083Z] [ALL] 06-13 12:05:26.639 16250 16250 E Parcel  : Attempt to read from protected data in Parcel 0x7fcd5b0170
[2026-06-13T06:35:29.083Z] [ALL] 06-13 12:05:26.639 16250 16250 E Parcel  : Attempt to read from protected data in Parcel 0x7fcd5b0170
[2026-06-13T06:35:29.083Z] [ALL] 06-13 12:05:26.639 16250 16250 E Parcel  : Attempt to read from protected data in Parcel 0x7fcd5b0170
[2026-06-13T06:35:29.137Z] [ALL] 06-13 12:05:26.701 16254 16254 E Parcel  : Attempt to read from protected data in Parcel 0x7fcb58de40
[2026-06-13T06:35:29.137Z] [ALL] 06-13 12:05:26.701 16254 16254 E Parcel  : Attempt to read from protected data in Parcel 0x7fcb58de40
[2026-06-13T06:35:29.137Z] [ALL] 06-13 12:05:26.701 16254 16254 E Parcel  : Attempt to read from protected data in Parcel 0x7fcb58de40
[2026-06-13T06:35:29.137Z] [ALL] 06-13 12:05:26.701 16254 16254 E Parcel  : Attempt to read from protected data in Parcel 0x7fcb58de40
[2026-06-13T06:35:29.137Z] [ALL] 06-13 12:05:26.701 16254 16254 E Parcel  : Attempt to read from protected data in Parcel 0x7fcb58de40
[2026-06-13T06:35:29.163Z] [ALL] 06-13 12:05:26.760 16259 16259 E Parcel  : Attempt to read from protected data in Parcel 0x7fc6a5a3f0
[2026-06-13T06:35:29.205Z] [ALL] 06-13 12:05:26.760 16259 16259 E Parcel  : Attempt to read from protected data in Parcel 0x7fc6a5a3f0
[2026-06-13T06:35:29.205Z] [ALL] 06-13 12:05:26.760 16259 16259 E Parcel  : Attempt to read from protected data in Parcel 0x7fc6a5a3f0
[2026-06-13T06:35:29.205Z] [ALL] 06-13 12:05:26.760 16259 16259 E Parcel  : Attempt to read from protected data in Parcel 0x7fc6a5a3f0
[2026-06-13T06:35:29.205Z] [ALL] 06-13 12:05:26.760 16259 16259 E Parcel  : Attempt to read from protected data in Parcel 0x7fc6a5a3f0
[2026-06-13T06:35:29.239Z] [ALL] 06-13 12:05:26.775  1000  3424 D SurfaceFlinger: kickIdle 2665, 2644, 35, 0
[2026-06-13T06:35:29.239Z] [ALL] 06-13 12:05:26.776   882   882 E hwcomposer: [DRMDEV] DRM_IOCTL_MTK_KICK_IDLE failed, drm_id_crtc: 64, error: -1  
[2026-06-13T06:35:29.269Z] [ALL] 06-13 12:05:26.819 16264 16264 E Parcel  : Attempt to read from protected data in Parcel 0x7fff894c40
[2026-06-13T06:35:29.269Z] [ALL] 06-13 12:05:26.819 16264 16264 E Parcel  : Attempt to read from protected data in Parcel 0x7fff894c40
[2026-06-13T06:35:29.269Z] [ALL] 06-13 12:05:26.819 16264 16264 E Parcel  : Attempt to read from protected data in Parcel 0x7fff894c40
[2026-06-13T06:35:29.269Z] [ALL] 06-13 12:05:26.819 16264 16264 E Parcel  : Attempt to read from protected data in Parcel 0x7fff894c40
[2026-06-13T06:35:29.269Z] [ALL] 06-13 12:05:26.819 16264 16264 E Parcel  : Attempt to read from protected data in Parcel 0x7fff894c40
[2026-06-13T06:35:29.278Z] [ALL] 06-13 12:05:26.877 16268 16268 E Parcel  : Attempt to read from protected data in Parcel 0x7ffcffc570
[2026-06-13T06:35:29.304Z] [ALL] 06-13 12:05:26.877 16268 16268 E Parcel  : Attempt to read from protected data in Parcel 0x7ffcffc570
[2026-06-13T06:35:29.304Z] [ALL] 06-13 12:05:26.877 16268 16268 E Parcel  : Attempt to read from protected data in Parcel 0x7ffcffc570
[2026-06-13T06:35:29.304Z] [ALL] 06-13 12:05:26.877 16268 16268 E Parcel  : Attempt to read from protected data in Parcel 0x7ffcffc570
[2026-06-13T06:35:29.304Z] [ALL] 06-13 12:05:26.877 16268 16268 E Parcel  : Attempt to read from protected data in Parcel 0x7ffcffc570
[2026-06-13T06:35:29.343Z] [ALL] 06-13 12:05:26.938 16272 16272 E Parcel  : Attempt to read from protected data in Parcel 0x7fd77e4560
[2026-06-13T06:35:29.343Z] [ALL] 06-13 12:05:26.938 16272 16272 E Parcel  : Attempt to read from protected data in Parcel 0x7fd77e4560
[2026-06-13T06:35:29.343Z] [ALL] 06-13 12:05:26.938 16272 16272 E Parcel  : Attempt to read from protected data in Parcel 0x7fd77e4560
[2026-06-13T06:35:29.343Z] [ALL] 06-13 12:05:26.938 16272 16272 E Parcel  : Attempt to read from protected data in Parcel 0x7fd77e4560
[2026-06-13T06:35:29.343Z] [ALL] 06-13 12:05:26.938 16272 16272 E Parcel  : Attempt to read from protected data in Parcel 0x7fd77e4560
[2026-06-13T06:35:29.390Z] [ALL] 06-13 12:05:26.989 16277 16277 E Parcel  : Attempt to read from protected data in Parcel 0x7fe3887600
[2026-06-13T06:35:29.391Z] [ALL] 06-13 12:05:26.989 16277 16277 E Parcel  : Attempt to read from protected data in Parcel 0x7fe3887600
[2026-06-13T06:35:29.391Z] [ALL] 06-13 12:05:26.989 16277 16277 E Parcel  : Attempt to read from protected data in Parcel 0x7fe3887600
[2026-06-13T06:35:29.391Z] [ALL] 06-13 12:05:26.989 16277 16277 E Parcel  : Attempt to read from protected data in Parcel 0x7fe3887600
[2026-06-13T06:35:29.391Z] [ALL] 06-13 12:05:26.989 16277 16277 E Parcel  : Attempt to read from protected data in Parcel 0x7fe3887600
[2026-06-13T06:35:29.467Z] [ALL] 06-13 12:05:27.067 16282 16282 E Parcel  : Attempt to read from protected data in Parcel 0x7fdbc7aea0
[2026-06-13T06:35:29.467Z] [ALL] 06-13 12:05:27.068 16282 16282 E Parcel  : Attempt to read from protected data in Parcel 0x7fdbc7aea0
[2026-06-13T06:35:29.467Z] [ALL] 06-13 12:05:27.068 16282 16282 E Parcel  : Attempt to read from protected data in Parcel 0x7fdbc7aea0
[2026-06-13T06:35:29.467Z] [ALL] 06-13 12:05:27.068 16282 16282 E Parcel  : Attempt to read from protected data in Parcel 0x7fdbc7aea0
[2026-06-13T06:35:29.467Z] [ALL] 06-13 12:05:27.068 16282 16282 E Parcel  : Attempt to read from protected data in Parcel 0x7fdbc7aea0
[2026-06-13T06:35:29.529Z] [ALL] 06-13 12:05:27.098   858  5601 E netd    : dispachCmd:oplusGetRtt
[2026-06-13T06:35:29.529Z] [ALL] 06-13 12:05:27.098   858  5601 E netd    : handleGetRttCmd: netId = 204, uid = 10352
[2026-06-13T06:35:29.579Z] [ALL] 06-13 12:05:27.099   858  5601 E netd    : dispachCmd cmd:oplusGetRtt  result:0
[2026-06-13T06:35:29.579Z] [ALL] 06-13 12:05:27.100   858  5601 E netd    : dispachCmd:oplusGetRtt
[2026-06-13T06:35:29.579Z] [ALL] 06-13 12:05:27.100   858  5601 E netd    : handleGetRttCmd: netId = 206, uid = 10352
[2026-06-13T06:35:29.579Z] [ALL] 06-13 12:05:27.101   858  5601 E netd    : dispachCmd cmd:oplusGetRtt  result:0
[2026-06-13T06:35:29.579Z] [ALL] 06-13 12:05:27.103  1695  2144 D OplusWifiConnect2: clientModeManager == null, getOplusSta2ConnectionInfo null
[2026-06-13T06:35:29.579Z] [ALL] 06-13 12:05:27.103  1695  2148 D WN_S    : isCellQualityGood is false, curscore =80, no need to switch lte
[2026-06-13T06:35:29.579Z] [ALL] 06-13 12:05:27.124 16286 16286 E Parcel  : Attempt to read from protected data in Parcel 0x7fea672710
[2026-06-13T06:35:29.579Z] [ALL] 06-13 12:05:27.124 16286 16286 E Parcel  : Attempt to read from protected data in Parcel 0x7fea672710
[2026-06-13T06:35:29.579Z] [ALL] 06-13 12:05:27.124 16286 16286 E Parcel  : Attempt to read from protected data in Parcel 0x7fea672710
[2026-06-13T06:35:29.579Z] [ALL] 06-13 12:05:27.124 16286 16286 E Parcel  : Attempt to read from protected data in Parcel 0x7fea672710
[2026-06-13T06:35:29.579Z] [ALL] 06-13 12:05:27.124 16286 16286 E Parcel  : Attempt to read from protected data in Parcel 0x7fea672710
[2026-06-13T06:35:29.647Z] [ALL] 06-13 12:05:27.183 16290 16290 E Parcel  : Attempt to read from protected data in Parcel 0x7fcaefd220
[2026-06-13T06:35:29.647Z] [ALL] 06-13 12:05:27.183 16290 16290 E Parcel  : Attempt to read from protected data in Parcel 0x7fcaefd220
[2026-06-13T06:35:29.647Z] [ALL] 06-13 12:05:27.183 16290 16290 E Parcel  : Attempt to read from protected data in Parcel 0x7fcaefd220
[2026-06-13T06:35:29.647Z] [ALL] 06-13 12:05:27.183 16290 16290 E Parcel  : Attempt to read from protected data in Parcel 0x7fcaefd220
[2026-06-13T06:35:29.647Z] [ALL] 06-13 12:05:27.183 16290 16290 E Parcel  : Attempt to read from protected data in Parcel 0x7fcaefd220
[2026-06-13T06:35:29.703Z] [ALL] 06-13 12:05:27.241 16295 16295 E Parcel  : Attempt to read from protected data in Parcel 0x7fc80d5b20
[2026-06-13T06:35:29.703Z] [ALL] 06-13 12:05:27.242 16295 16295 E Parcel  : Attempt to read from protected data in Parcel 0x7fc80d5b20
[2026-06-13T06:35:29.703Z] [ALL] 06-13 12:05:27.242 16295 16295 E Parcel  : Attempt to read from protected data in Parcel 0x7fc80d5b20
[2026-06-13T06:35:29.703Z] [ALL] 06-13 12:05:27.242 16295 16295 E Parcel  : Attempt to read from protected data in Parcel 0x7fc80d5b20
[2026-06-13T06:35:29.703Z] [ALL] 06-13 12:05:27.242 16295 16295 E Parcel  : Attempt to read from protected data in Parcel 0x7fc80d5b20
[2026-06-13T06:35:29.776Z] [ALL] 06-13 12:05:27.301 16301 16301 E Parcel  : Attempt to read from protected data in Parcel 0x7ff5931240
[2026-06-13T06:35:29.776Z] [ALL] 06-13 12:05:27.302 16301 16301 E Parcel  : Attempt to read from protected data in Parcel 0x7ff5931240
[2026-06-13T06:35:29.776Z] [ALL] 06-13 12:05:27.302 16301 16301 E Parcel  : Attempt to read from protected data in Parcel 0x7ff5931240
[2026-06-13T06:35:29.776Z] [ALL] 06-13 12:05:27.302 16301 16301 E Parcel  : Attempt to read from protected data in Parcel 0x7ff5931240
[2026-06-13T06:35:29.776Z] [ALL] 06-13 12:05:27.302 16301 16301 E Parcel  : Attempt to read from protected data in Parcel 0x7ff5931240
[2026-06-13T06:35:29.813Z] [ALL] 06-13 12:05:27.319   924  3217 E PerformanceService: storage_feature: open /sys/devices/platform/soc/112b0000.ufshci//virtualtlcbuff fail
[2026-06-13T06:35:29.849Z] [ALL] 06-13 12:05:27.379 16305 16305 E Parcel  : Attempt to read from protected data in Parcel 0x7fe76d9970
[2026-06-13T06:35:29.849Z] [ALL] 06-13 12:05:27.380 16305 16305 E Parcel  : Attempt to read from protected data in Parcel 0x7fe76d9970
[2026-06-13T06:35:29.849Z] [ALL] 06-13 12:05:27.380 16305 16305 E Parcel  : Attempt to read from protected data in Parcel 0x7fe76d9970
[2026-06-13T06:35:29.849Z] [ALL] 06-13 12:05:27.380 16305 16305 E Parcel  : Attempt to read from protected data in Parcel 0x7fe76d9970
[2026-06-13T06:35:29.849Z] [ALL] 06-13 12:05:27.380 16305 16305 E Parcel  : Attempt to read from protected data in Parcel 0x7fe76d9970
[2026-06-13T06:35:29.892Z] [ALL] 06-13 12:05:27.432   934   934 D vendor.oplus.hardware.charger@1.0-service: getChargerControl:
[2026-06-13T06:35:29.892Z] [ALL] 06-13 12:05:27.439 16309 16309 E Parcel  : Attempt to read from protected data in Parcel 0x7fed8bef10
[2026-06-13T06:35:29.892Z] [ALL] 06-13 12:05:27.440 16309 16309 E Parcel  : Attempt to read from protected data in Parcel 0x7fed8bef10
[2026-06-13T06:35:29.892Z] [ALL] 06-13 12:05:27.440 16309 16309 E Parcel  : Attempt to read from protected data in Parcel 0x7fed8bef10
[2026-06-13T06:35:29.892Z] [ALL] 06-13 12:05:27.440 16309 16309 E Parcel  : Attempt to read from protected data in Parcel 0x7fed8bef10
[2026-06-13T06:35:29.892Z] [ALL] 06-13 12:05:27.440 16309 16309 E Parcel  : Attempt to read from protected data in Parcel 0x7fed8bef10
[2026-06-13T06:35:29.930Z] [ALL] 06-13 12:05:27.498 16313 16313 E Parcel  : Attempt to read from protected data in Parcel 0x7fc83a1010
[2026-06-13T06:35:29.930Z] [ALL] 06-13 12:05:27.498 16313 16313 E Parcel  : Attempt to read from protected data in Parcel 0x7fc83a1010
[2026-06-13T06:35:29.930Z] [ALL] 06-13 12:05:27.498 16313 16313 E Parcel  : Attempt to read from protected data in Parcel 0x7fc83a1010
[2026-06-13T06:35:29.930Z] [ALL] 06-13 12:05:27.498 16313 16313 E Parcel  : Attempt to read from protected data in Parcel 0x7fc83a1010
[2026-06-13T06:35:29.930Z] [ALL] 06-13 12:05:27.498 16313 16313 E Parcel  : Attempt to read from protected data in Parcel 0x7fc83a1010
[2026-06-13T06:35:29.972Z] [ALL] 06-13 12:05:27.558 16320 16320 E Parcel  : Attempt to read from protected data in Parcel 0x7febedec50
[2026-06-13T06:35:29.972Z] [ALL] 06-13 12:05:27.559 16320 16320 E Parcel  : Attempt to read from protected data in Parcel 0x7febedec50
[2026-06-13T06:35:29.972Z] [ALL] 06-13 12:05:27.559 16320 16320 E Parcel  : Attempt to read from protected data in Parcel 0x7febedec50
[2026-06-13T06:35:29.972Z] [ALL] 06-13 12:05:27.559 16320 16320 E Parcel  : Attempt to read from protected data in Parcel 0x7febedec50
[2026-06-13T06:35:29.972Z] [ALL] 06-13 12:05:27.559 16320 16320 E Parcel  : Attempt to read from protected data in Parcel 0x7febedec50
[2026-06-13T06:35:30.024Z] [ALL] 06-13 12:05:27.619 16324 16324 E Parcel  : Attempt to read from protected data in Parcel 0x7fd77b1360
[2026-06-13T06:35:30.024Z] [ALL] 06-13 12:05:27.619 16324 16324 E Parcel  : Attempt to read from protected data in Parcel 0x7fd77b1360
[2026-06-13T06:35:30.024Z] [ALL] 06-13 12:05:27.619 16324 16324 E Parcel  : Attempt to read from protected data in Parcel 0x7fd77b1360
[2026-06-13T06:35:30.024Z] [ALL] 06-13 12:05:27.619 16324 16324 E Parcel  : Attempt to read from protected data in Parcel 0x7fd77b1360
[2026-06-13T06:35:30.059Z] [ALL] 06-13 12:05:27.619 16324 16324 E Parcel  : Attempt to read from protected data in Parcel 0x7fd77b1360
[2026-06-13T06:35:30.112Z] [ALL] 06-13 12:05:27.680 16329 16329 E Parcel  : Attempt to read from protected data in Parcel 0x7fd1a7aac0
[2026-06-13T06:35:30.112Z] [ALL] 06-13 12:05:27.680 16329 16329 E Parcel  : Attempt to read from protected data in Parcel 0x7fd1a7aac0
[2026-06-13T06:35:30.112Z] [ALL] 06-13 12:05:27.680 16329 16329 E Parcel  : Attempt to read from protected data in Parcel 0x7fd1a7aac0
[2026-06-13T06:35:30.112Z] [ALL] 06-13 12:05:27.680 16329 16329 E Parcel  : Attempt to read from protected data in Parcel 0x7fd1a7aac0
[2026-06-13T06:35:30.112Z] [ALL] 06-13 12:05:27.680 16329 16329 E Parcel  : Attempt to read from protected data in Parcel 0x7fd1a7aac0
[2026-06-13T06:35:30.140Z] [ALL] 06-13 12:05:27.740 16334 16334 E Parcel  : Attempt to read from protected data in Parcel 0x7fe7d15c00
[2026-06-13T06:35:30.140Z] [ALL] 06-13 12:05:27.740 16334 16334 E Parcel  : Attempt to read from protected data in Parcel 0x7fe7d15c00
[2026-06-13T06:35:30.140Z] [ALL] 06-13 12:05:27.740 16334 16334 E Parcel  : Attempt to read from protected data in Parcel 0x7fe7d15c00
[2026-06-13T06:35:30.140Z] [ALL] 06-13 12:05:27.740 16334 16334 E Parcel  : Attempt to read from protected data in Parcel 0x7fe7d15c00
[2026-06-13T06:35:30.140Z] [ALL] 06-13 12:05:27.740 16334 16334 E Parcel  : Attempt to read from protected data in Parcel 0x7fe7d15c00
[2026-06-13T06:35:30.198Z] [ALL] 06-13 12:05:27.794 16338 16338 E Parcel  : Attempt to read from protected data in Parcel 0x7fec7f22c0
[2026-06-13T06:35:30.198Z] [ALL] 06-13 12:05:27.794 16338 16338 E Parcel  : Attempt to read from protected data in Parcel 0x7fec7f22c0
[2026-06-13T06:35:30.198Z] [ALL] 06-13 12:05:27.794 16338 16338 E Parcel  : Attempt to read from protected data in Parcel 0x7fec7f22c0
[2026-06-13T06:35:30.198Z] [ALL] 06-13 12:05:27.794 16338 16338 E Parcel  : Attempt to read from protected data in Parcel 0x7fec7f22c0
[2026-06-13T06:35:30.198Z] [ALL] 06-13 12:05:27.794 16338 16338 E Parcel  : Attempt to read from protected data in Parcel 0x7fec7f22c0
[2026-06-13T06:35:30.287Z] [ALL] 06-13 12:05:27.854 16342 16342 E Parcel  : Attempt to read from protected data in Parcel 0x7fe63b0ec0
[2026-06-13T06:35:30.287Z] [ALL] 06-13 12:05:27.854 16342 16342 E Parcel  : Attempt to read from protected data in Parcel 0x7fe63b0ec0
[2026-06-13T06:35:30.287Z] [ALL] 06-13 12:05:27.854 16342 16342 E Parcel  : Attempt to read from protected data in Parcel 0x7fe63b0ec0
[2026-06-13T06:35:30.287Z] [ALL] 06-13 12:05:27.854 16342 16342 E Parcel  : Attempt to read from protected data in Parcel 0x7fe63b0ec0
[2026-06-13T06:35:30.287Z] [ALL] 06-13 12:05:27.854 16342 16342 E Parcel  : Attempt to read from protected data in Parcel 0x7fe63b0ec0
[2026-06-13T06:35:30.326Z] [ALL] 06-13 12:05:27.914 16346 16346 E Parcel  : Attempt to read from protected data in Parcel 0x7fc60b4a50
[2026-06-13T06:35:30.326Z] [ALL] 06-13 12:05:27.915 16346 16346 E Parcel  : Attempt to read from protected data in Parcel 0x7fc60b4a50
[2026-06-13T06:35:30.368Z] [ALL] 06-13 12:05:27.915 16346 16346 E Parcel  : Attempt to read from protected data in Parcel 0x7fc60b4a50
[2026-06-13T06:35:30.368Z] [ALL] 06-13 12:05:27.915 16346 16346 E Parcel  : Attempt to read from protected data in Parcel 0x7fc60b4a50
[2026-06-13T06:35:30.368Z] [ALL] 06-13 12:05:27.915 16346 16346 E Parcel  : Attempt to read from protected data in Parcel 0x7fc60b4a50
[2026-06-13T06:35:30.420Z] [ALL] 06-13 12:05:27.972 16350 16350 E Parcel  : Attempt to read from protected data in Parcel 0x7ff3098710
[2026-06-13T06:35:30.432Z] [ALL] 06-13 12:05:27.972 16350 16350 E Parcel  : Attempt to read from protected data in Parcel 0x7ff3098710
[2026-06-13T06:35:30.432Z] [ALL] 06-13 12:05:27.972 16350 16350 E Parcel  : Attempt to read from protected data in Parcel 0x7ff3098710
[2026-06-13T06:35:30.432Z] [ALL] 06-13 12:05:27.972 16350 16350 E Parcel  : Attempt to read from protected data in Parcel 0x7ff3098710
[2026-06-13T06:35:30.432Z] [ALL] 06-13 12:05:27.972 16350 16350 E Parcel  : Attempt to read from protected data in Parcel 0x7ff3098710
[2026-06-13T06:35:30.466Z] [ALL] 06-13 12:05:28.033 16354 16354 E Parcel  : Attempt to read from protected data in Parcel 0x7fda972600
[2026-06-13T06:35:30.474Z] [ALL] 06-13 12:05:28.033 16354 16354 E Parcel  : Attempt to read from protected data in Parcel 0x7fda972600
[2026-06-13T06:35:30.474Z] [ALL] 06-13 12:05:28.033 16354 16354 E Parcel  : Attempt to read from protected data in Parcel 0x7fda972600
[2026-06-13T06:35:30.474Z] [ALL] 06-13 12:05:28.033 16354 16354 E Parcel  : Attempt to read from protected data in Parcel 0x7fda972600
[2026-06-13T06:35:30.474Z] [ALL] 06-13 12:05:28.033 16354 16354 E Parcel  : Attempt to read from protected data in Parcel 0x7fda972600
[2026-06-13T06:35:30.488Z] [ALL] 06-13 12:05:28.087 16358 16358 E Parcel  : Attempt to read from protected data in Parcel 0x7fc8e02f10
[2026-06-13T06:35:30.488Z] [ALL] 06-13 12:05:28.088 16358 16358 E Parcel  : Attempt to read from protected data in Parcel 0x7fc8e02f10
[2026-06-13T06:35:30.505Z] [ALL] 06-13 12:05:28.088 16358 16358 E Parcel  : Attempt to read from protected data in Parcel 0x7fc8e02f10
[2026-06-13T06:35:30.505Z] [ALL] 06-13 12:05:28.088 16358 16358 E Parcel  : Attempt to read from protected data in Parcel 0x7fc8e02f10
[2026-06-13T06:35:30.505Z] [ALL] 06-13 12:05:28.088 16358 16358 E Parcel  : Attempt to read from protected data in Parcel 0x7fc8e02f10
[2026-06-13T06:35:30.557Z] [ALL] 06-13 12:05:28.158 16362 16362 E Parcel  : Attempt to read from protected data in Parcel 0x7fc385eeb0
[2026-06-13T06:35:30.557Z] [ALL] 06-13 12:05:28.158 16362 16362 E Parcel  : Attempt to read from protected data in Parcel 0x7fc385eeb0
[2026-06-13T06:35:30.576Z] [ALL] 06-13 12:05:28.158 16362 16362 E Parcel  : Attempt to read from protected data in Parcel 0x7fc385eeb0
[2026-06-13T06:35:30.576Z] [ALL] 06-13 12:05:28.158 16362 16362 E Parcel  : Attempt to read from protected data in Parcel 0x7fc385eeb0
[2026-06-13T06:35:30.603Z] [ALL] 06-13 12:05:28.158 16362 16362 E Parcel  : Attempt to read from protected data in Parcel 0x7fc385eeb0
[2026-06-13T06:35:30.625Z] [ALL] 06-13 12:05:28.215  1011  1028 D ccci_mdinit: (1):monitor_time_update_thread round:16580 ########
[2026-06-13T06:35:30.645Z] [ALL] 06-13 12:05:28.220 16366 16366 E Parcel  : Attempt to read from protected data in Parcel 0x7fece6dff0
[2026-06-13T06:35:30.645Z] [ALL] 06-13 12:05:28.220 16366 16366 E Parcel  : Attempt to read from protected data in Parcel 0x7fece6dff0
[2026-06-13T06:35:30.645Z] [ALL] 06-13 12:05:28.220 16366 16366 E Parcel  : Attempt to read from protected data in Parcel 0x7fece6dff0
[2026-06-13T06:35:30.645Z] [ALL] 06-13 12:05:28.220 16366 16366 E Parcel  : Attempt to read from protected data in Parcel 0x7fece6dff0
[2026-06-13T06:35:30.645Z] [ALL] 06-13 12:05:28.220 16366 16366 E Parcel  : Attempt to read from protected data in Parcel 0x7fece6dff0
[2026-06-13T06:35:30.684Z] [ALL] 06-13 12:05:28.280 16370 16370 E Parcel  : Attempt to read from protected data in Parcel 0x7ff0c615b0
[2026-06-13T06:35:30.684Z] [ALL] 06-13 12:05:28.280 16370 16370 E Parcel  : Attempt to read from protected data in Parcel 0x7ff0c615b0
[2026-06-13T06:35:30.692Z] [ALL] 06-13 12:05:28.280 16370 16370 E Parcel  : Attempt to read from protected data in Parcel 0x7ff0c615b0
[2026-06-13T06:35:30.692Z] [ALL] 06-13 12:05:28.280 16370 16370 E Parcel  : Attempt to read from protected data in Parcel 0x7ff0c615b0
[2026-06-13T06:35:30.692Z] [ALL] 06-13 12:05:28.280 16370 16370 E Parcel  : Attempt to read from protected data in Parcel 0x7ff0c615b0
[2026-06-13T06:35:30.737Z] [ALL] 06-13 12:05:28.339 16374 16374 E Parcel  : Attempt to read from protected data in Parcel 0x7fda987140
[2026-06-13T06:35:30.769Z] [ALL] 06-13 12:05:28.339 16374 16374 E Parcel  : Attempt to read from protected data in Parcel 0x7fda987140
[2026-06-13T06:35:30.769Z] [ALL] 06-13 12:05:28.339 16374 16374 E Parcel  : Attempt to read from protected data in Parcel 0x7fda987140
[2026-06-13T06:35:30.769Z] [ALL] 06-13 12:05:28.339 16374 16374 E Parcel  : Attempt to read from protected data in Parcel 0x7fda987140
[2026-06-13T06:35:30.769Z] [ALL] 06-13 12:05:28.339 16374 16374 E Parcel  : Attempt to read from protected data in Parcel 0x7fda987140
[2026-06-13T06:35:30.829Z] [ALL] 06-13 12:05:28.399 16378 16378 E Parcel  : Attempt to read from protected data in Parcel 0x7fda4c6570
[2026-06-13T06:35:30.836Z] [ALL] 06-13 12:05:28.399 16378 16378 E Parcel  : Attempt to read from protected data in Parcel 0x7fda4c6570
[2026-06-13T06:35:30.836Z] [ALL] 06-13 12:05:28.399 16378 16378 E Parcel  : Attempt to read from protected data in Parcel 0x7fda4c6570
[2026-06-13T06:35:30.836Z] [ALL] 06-13 12:05:28.399 16378 16378 E Parcel  : Attempt to read from protected data in Parcel 0x7fda4c6570
[2026-06-13T06:35:30.836Z] [ALL] 06-13 12:05:28.399 16378 16378 E Parcel  : Attempt to read from protected data in Parcel 0x7fda4c6570
[2026-06-13T06:35:30.874Z] [ALL] 06-13 12:05:28.475 16382 16382 E Parcel  : Attempt to read from protected data in Parcel 0x7ff20e30d0
[2026-06-13T06:35:30.874Z] [ALL] 06-13 12:05:28.475 16382 16382 E Parcel  : Attempt to read from protected data in Parcel 0x7ff20e30d0
[2026-06-13T06:35:30.874Z] [ALL] 06-13 12:05:28.475 16382 16382 E Parcel  : Attempt to read from protected data in Parcel 0x7ff20e30d0
[2026-06-13T06:35:30.874Z] [ALL] 06-13 12:05:28.475 16382 16382 E Parcel  : Attempt to read from protected data in Parcel 0x7ff20e30d0
[2026-06-13T06:35:30.874Z] [ALL] 06-13 12:05:28.475 16382 16382 E Parcel  : Attempt to read from protected data in Parcel 0x7ff20e30d0
[2026-06-13T06:35:30.950Z] [ALL] 06-13 12:05:28.535 16386 16386 E Parcel  : Attempt to read from protected data in Parcel 0x7fde3891b0
[2026-06-13T06:35:30.950Z] [ALL] 06-13 12:05:28.535 16386 16386 E Parcel  : Attempt to read from protected data in Parcel 0x7fde3891b0
[2026-06-13T06:35:30.950Z] [ALL] 06-13 12:05:28.535 16386 16386 E Parcel  : Attempt to read from protected data in Parcel 0x7fde3891b0
[2026-06-13T06:35:30.950Z] [ALL] 06-13 12:05:28.535 16386 16386 E Parcel  : Attempt to read from protected data in Parcel 0x7fde3891b0
[2026-06-13T06:35:30.950Z] [ALL] 06-13 12:05:28.535 16386 16386 E Parcel  : Attempt to read from protected data in Parcel 0x7fde3891b0
[2026-06-13T06:35:31.017Z] [ALL] 06-13 12:05:28.602 16390 16390 E Parcel  : Attempt to read from protected data in Parcel 0x7fcb723660
[2026-06-13T06:35:31.017Z] [ALL] 06-13 12:05:28.603 16390 16390 E Parcel  : Attempt to read from protected data in Parcel 0x7fcb723660
[2026-06-13T06:35:31.017Z] [ALL] 06-13 12:05:28.603 16390 16390 E Parcel  : Attempt to read from protected data in Parcel 0x7fcb723660
[2026-06-13T06:35:31.017Z] [ALL] 06-13 12:05:28.603 16390 16390 E Parcel  : Attempt to read from protected data in Parcel 0x7fcb723660
[2026-06-13T06:35:31.017Z] [ALL] 06-13 12:05:28.603 16390 16390 E Parcel  : Attempt to read from protected data in Parcel 0x7fcb723660
[2026-06-13T06:35:31.040Z] [ALL] 06-13 12:05:28.608   934   934 D vendor.oplus.hardware.charger@1.0-service: getPsyUsbType type: USB, ret_value = 3
[2026-06-13T06:35:31.040Z] [ALL] 06-13 12:05:28.608   934   934 D vendor.oplus.hardware.charger@1.0-service: getPsyUsbType type: USB is usb charging.
[2026-06-13T06:35:31.064Z] [ALL] 06-13 12:05:28.614   934   934 D vendor.oplus.hardware.charger@1.0-service: getPsyUsbType type: USB, ret_value = 3
[2026-06-13T06:35:31.064Z] [ALL] 06-13 12:05:28.614   934   934 D vendor.oplus.hardware.charger@1.0-service: getPsyUsbType type: USB is usb charging.
[2026-06-13T06:35:31.072Z] [ALL] 06-13 12:05:28.668 16394 16394 E Parcel  : Attempt to read from protected data in Parcel 0x7fe977f600
[2026-06-13T06:35:31.072Z] [ALL] 06-13 12:05:28.669 16394 16394 E Parcel  : Attempt to read from protected data in Parcel 0x7fe977f600
[2026-06-13T06:35:31.072Z] [ALL] 06-13 12:05:28.669 16394 16394 E Parcel  : Attempt to read from protected data in Parcel 0x7fe977f600
[2026-06-13T06:35:31.072Z] [ALL] 06-13 12:05:28.669 16394 16394 E Parcel  : Attempt to read from protected data in Parcel 0x7fe977f600
[2026-06-13T06:35:31.072Z] [ALL] 06-13 12:05:28.669 16394 16394 E Parcel  : Attempt to read from protected data in Parcel 0x7fe977f600
[2026-06-13T06:35:31.199Z] [ALL] 06-13 12:05:28.728 16398 16398 E Parcel  : Attempt to read from protected data in Parcel 0x7fc65b3710
[2026-06-13T06:35:31.199Z] [ALL] 06-13 12:05:28.728 16398 16398 E Parcel  : Attempt to read from protected data in Parcel 0x7fc65b3710
[2026-06-13T06:35:31.199Z] [ALL] 06-13 12:05:28.728 16398 16398 E Parcel  : Attempt to read from protected data in Parcel 0x7fc65b3710
[2026-06-13T06:35:31.199Z] [ALL] 06-13 12:05:28.728 16398 16398 E Parcel  : Attempt to read from protected data in Parcel 0x7fc65b3710
[2026-06-13T06:35:31.199Z] [ALL] 06-13 12:05:28.728 16398 16398 E Parcel  : Attempt to read from protected data in Parcel 0x7fc65b3710
[2026-06-13T06:35:31.268Z] [ALL] 06-13 12:05:28.798 16402 16402 E Parcel  : Attempt to read from protected data in Parcel 0x7fe7113560
[2026-06-13T06:35:31.268Z] [ALL] 06-13 12:05:28.799 16402 16402 E Parcel  : Attempt to read from protected data in Parcel 0x7fe7113560
[2026-06-13T06:35:31.335Z] [ALL] 06-13 12:05:28.799 16402 16402 E Parcel  : Attempt to read from protected data in Parcel 0x7fe7113560
[2026-06-13T06:35:31.335Z] [ALL] 06-13 12:05:28.799 16402 16402 E Parcel  : Attempt to read from protected data in Parcel 0x7fe7113560
[2026-06-13T06:35:31.335Z] [ALL] 06-13 12:05:28.799 16402 16402 E Parcel  : Attempt to read from protected data in Parcel 0x7fe7113560
[2026-06-13T06:35:31.335Z] [ALL] 06-13 12:05:28.859 16406 16406 E Parcel  : Attempt to read from protected data in Parcel 0x7fdd160240
[2026-06-13T06:35:31.335Z] [ALL] 06-13 12:05:28.859 16406 16406 E Parcel  : Attempt to read from protected data in Parcel 0x7fdd160240
[2026-06-13T06:35:31.335Z] [ALL] 06-13 12:05:28.859 16406 16406 E Parcel  : Attempt to read from protected data in Parcel 0x7fdd160240
[2026-06-13T06:35:31.335Z] [ALL] 06-13 12:05:28.859 16406 16406 E Parcel  : Attempt to read from protected data in Parcel 0x7fdd160240
[2026-06-13T06:35:31.335Z] [ALL] 06-13 12:05:28.859 16406 16406 E Parcel  : Attempt to read from protected data in Parcel 0x7fdd160240
[2026-06-13T06:35:31.386Z] [ALL] 06-13 12:05:28.885  1000  3424 D SurfaceFlinger: kickIdle 2109, 2087, 35, 0
[2026-06-13T06:35:31.386Z] [ALL] 06-13 12:05:28.885   882   882 E hwcomposer: [DRMDEV] DRM_IOCTL_MTK_KICK_IDLE failed, drm_id_crtc: 64, error: -1  
[2026-06-13T06:35:31.386Z] [ALL] 06-13 12:05:28.922 16411 16411 E Parcel  : Attempt to read from protected data in Parcel 0x7ff9d46520
[2026-06-13T06:35:31.386Z] [ALL] 06-13 12:05:28.922 16411 16411 E Parcel  : Attempt to read from protected data in Parcel 0x7ff9d46520
[2026-06-13T06:35:31.386Z] [ALL] 06-13 12:05:28.922 16411 16411 E Parcel  : Attempt to read from protected data in Parcel 0x7ff9d46520
[2026-06-13T06:35:31.386Z] [ALL] 06-13 12:05:28.922 16411 16411 E Parcel  : Attempt to read from protected data in Parcel 0x7ff9d46520
[2026-06-13T06:35:31.386Z] [ALL] 06-13 12:05:28.922 16411 16411 E Parcel  : Attempt to read from protected data in Parcel 0x7ff9d46520
[2026-06-13T06:35:31.444Z] [ALL] 06-13 12:05:28.989 16415 16415 E Parcel  : Attempt to read from protected data in Parcel 0x7fe3c49fa0
[2026-06-13T06:35:31.444Z] [ALL] 06-13 12:05:28.989 16415 16415 E Parcel  : Attempt to read from protected data in Parcel 0x7fe3c49fa0
[2026-06-13T06:35:31.444Z] [ALL] 06-13 12:05:28.989 16415 16415 E Parcel  : Attempt to read from protected data in Parcel 0x7fe3c49fa0
[2026-06-13T06:35:31.444Z] [ALL] 06-13 12:05:28.989 16415 16415 E Parcel  : Attempt to read from protected data in Parcel 0x7fe3c49fa0
[2026-06-13T06:35:31.444Z] [ALL] 06-13 12:05:28.989 16415 16415 E Parcel  : Attempt to read from protected data in Parcel 0x7fe3c49fa0
[2026-06-13T06:35:31.501Z] [ALL] 06-13 12:05:29.050 16424 16424 E Parcel  : Attempt to read from protected data in Parcel 0x7ff4078580
[2026-06-13T06:35:31.501Z] [ALL] 06-13 12:05:29.050 16424 16424 E Parcel  : Attempt to read from protected data in Parcel 0x7ff4078580
[2026-06-13T06:35:31.501Z] [ALL] 06-13 12:05:29.050 16424 16424 E Parcel  : Attempt to read from protected data in Parcel 0x7ff4078580
[2026-06-13T06:35:31.501Z] [ALL] 06-13 12:05:29.050 16424 16424 E Parcel  : Attempt to read from protected data in Parcel 0x7ff4078580
[2026-06-13T06:35:31.501Z] [ALL] 06-13 12:05:29.050 16424 16424 E Parcel  : Attempt to read from protected data in Parcel 0x7ff4078580
[2026-06-13T06:35:31.570Z] [ALL] 06-13 12:05:29.104 16433 16433 E Parcel  : Attempt to read from protected data in Parcel 0x7fef5d1ba0
[2026-06-13T06:35:31.570Z] [ALL] 06-13 12:05:29.104 16433 16433 E Parcel  : Attempt to read from protected data in Parcel 0x7fef5d1ba0
[2026-06-13T06:35:31.570Z] [ALL] 06-13 12:05:29.104 16433 16433 E Parcel  : Attempt to read from protected data in Parcel 0x7fef5d1ba0
[2026-06-13T06:35:31.570Z] [ALL] 06-13 12:05:29.104 16433 16433 E Parcel  : Attempt to read from protected data in Parcel 0x7fef5d1ba0
[2026-06-13T06:35:31.570Z] [ALL] 06-13 12:05:29.104 16433 16433 E Parcel  : Attempt to read from protected data in Parcel 0x7fef5d1ba0
[2026-06-13T06:35:31.631Z] [ALL] 06-13 12:05:29.169 16440 16440 E Parcel  : Attempt to read from protected data in Parcel 0x7ff900c270
[2026-06-13T06:35:31.631Z] [ALL] 06-13 12:05:29.169 16440 16440 E Parcel  : Attempt to read from protected data in Parcel 0x7ff900c270
[2026-06-13T06:35:31.631Z] [ALL] 06-13 12:05:29.169 16440 16440 E Parcel  : Attempt to read from protected data in Parcel 0x7ff900c270
[2026-06-13T06:35:31.631Z] [ALL] 06-13 12:05:29.169 16440 16440 E Parcel  : Attempt to read from protected data in Parcel 0x7ff900c270
[2026-06-13T06:35:31.631Z] [ALL] 06-13 12:05:29.169 16440 16440 E Parcel  : Attempt to read from protected data in Parcel 0x7ff900c270
[2026-06-13T06:35:31.673Z] [ALL] 06-13 12:05:29.226 16444 16444 E Parcel  : Attempt to read from protected data in Parcel 0x7ffd0f0460
[2026-06-13T06:35:31.673Z] [ALL] 06-13 12:05:29.226 16444 16444 E Parcel  : Attempt to read from protected data in Parcel 0x7ffd0f0460
[2026-06-13T06:35:31.673Z] [ALL] 06-13 12:05:29.226 16444 16444 E Parcel  : Attempt to read from protected data in Parcel 0x7ffd0f0460
[2026-06-13T06:35:31.673Z] [ALL] 06-13 12:05:29.226 16444 16444 E Parcel  : Attempt to read from protected data in Parcel 0x7ffd0f0460
[2026-06-13T06:35:31.673Z] [ALL] 06-13 12:05:29.226 16444 16444 E Parcel  : Attempt to read from protected data in Parcel 0x7ffd0f0460
[2026-06-13T06:35:31.719Z] [ALL] 06-13 12:05:29.287 16448 16448 E Parcel  : Attempt to read from protected data in Parcel 0x7fd8d464a0
[2026-06-13T06:35:31.719Z] [ALL] 06-13 12:05:29.287 16448 16448 E Parcel  : Attempt to read from protected data in Parcel 0x7fd8d464a0
[2026-06-13T06:35:31.719Z] [ALL] 06-13 12:05:29.287 16448 16448 E Parcel  : Attempt to read from protected data in Parcel 0x7fd8d464a0
[2026-06-13T06:35:31.719Z] [ALL] 06-13 12:05:29.287 16448 16448 E Parcel  : Attempt to read from protected data in Parcel 0x7fd8d464a0
[2026-06-13T06:35:31.719Z] [ALL] 06-13 12:05:29.287 16448 16448 E Parcel  : Attempt to read from protected data in Parcel 0x7fd8d464a0
[2026-06-13T06:35:31.766Z] [ALL] 06-13 12:05:29.349 16452 16452 E Parcel  : Attempt to read from protected data in Parcel 0x7fd0ca8980
[2026-06-13T06:35:31.766Z] [ALL] 06-13 12:05:29.349 16452 16452 E Parcel  : Attempt to read from protected data in Parcel 0x7fd0ca8980
[2026-06-13T06:35:31.766Z] [ALL] 06-13 12:05:29.349 16452 16452 E Parcel  : Attempt to read from protected data in Parcel 0x7fd0ca8980
[2026-06-13T06:35:31.766Z] [ALL] 06-13 12:05:29.349 16452 16452 E Parcel  : Attempt to read from protected data in Parcel 0x7fd0ca8980
[2026-06-13T06:35:31.766Z] [ALL] 06-13 12:05:29.349 16452 16452 E Parcel  : Attempt to read from protected data in Parcel 0x7fd0ca8980
[2026-06-13T06:35:31.825Z] [ALL] 06-13 12:05:29.411 16457 16457 E Parcel  : Attempt to read from protected data in Parcel 0x7ffdf5b660
[2026-06-13T06:35:31.825Z] [ALL] 06-13 12:05:29.411 16457 16457 E Parcel  : Attempt to read from protected data in Parcel 0x7ffdf5b660
[2026-06-13T06:35:31.825Z] [ALL] 06-13 12:05:29.411 16457 16457 E Parcel  : Attempt to read from protected data in Parcel 0x7ffdf5b660
[2026-06-13T06:35:31.825Z] [ALL] 06-13 12:05:29.411 16457 16457 E Parcel  : Attempt to read from protected data in Parcel 0x7ffdf5b660
[2026-06-13T06:35:31.825Z] [ALL] 06-13 12:05:29.411 16457 16457 E Parcel  : Attempt to read from protected data in Parcel 0x7ffdf5b660
[2026-06-13T06:35:31.874Z] [ALL] 06-13 12:05:29.472 16461 16461 E Parcel  : Attempt to read from protected data in Parcel 0x7fd17c6f70
[2026-06-13T06:35:31.874Z] [ALL] 06-13 12:05:29.472 16461 16461 E Parcel  : Attempt to read from protected data in Parcel 0x7fd17c6f70
[2026-06-13T06:35:31.908Z] [ALL] 06-13 12:05:29.472 16461 16461 E Parcel  : Attempt to read from protected data in Parcel 0x7fd17c6f70
[2026-06-13T06:35:31.910Z] [ALL] 06-13 12:05:29.472 16461 16461 E Parcel  : Attempt to read from protected data in Parcel 0x7fd17c6f70
[2026-06-13T06:35:31.910Z] [ALL] 06-13 12:05:29.472 16461 16461 E Parcel  : Attempt to read from protected data in Parcel 0x7fd17c6f70
[2026-06-13T06:35:31.953Z] [ALL] 06-13 12:05:29.551 16465 16465 E Parcel  : Attempt to read from protected data in Parcel 0x7fdf6ec710
[2026-06-13T06:35:31.953Z] [ALL] 06-13 12:05:29.551 16465 16465 E Parcel  : Attempt to read from protected data in Parcel 0x7fdf6ec710
[2026-06-13T06:35:31.971Z] [ALL] 06-13 12:05:29.551 16465 16465 E Parcel  : Attempt to read from protected data in Parcel 0x7fdf6ec710
[2026-06-13T06:35:31.971Z] [ALL] 06-13 12:05:29.551 16465 16465 E Parcel  : Attempt to read from protected data in Parcel 0x7fdf6ec710
[2026-06-13T06:35:31.971Z] [ALL] 06-13 12:05:29.551 16465 16465 E Parcel  : Attempt to read from protected data in Parcel 0x7fdf6ec710
[2026-06-13T06:35:32.019Z] [ALL] 06-13 12:05:29.610 16470 16470 E Parcel  : Attempt to read from protected data in Parcel 0x7fcd783980
[2026-06-13T06:35:32.020Z] [ALL] 06-13 12:05:29.611 16470 16470 E Parcel  : Attempt to read from protected data in Parcel 0x7fcd783980
[2026-06-13T06:35:32.020Z] [ALL] 06-13 12:05:29.611 16470 16470 E Parcel  : Attempt to read from protected data in Parcel 0x7fcd783980
[2026-06-13T06:35:32.020Z] [ALL] 06-13 12:05:29.611 16470 16470 E Parcel  : Attempt to read from protected data in Parcel 0x7fcd783980
[2026-06-13T06:35:32.020Z] [ALL] 06-13 12:05:29.611 16470 16470 E Parcel  : Attempt to read from protected data in Parcel 0x7fcd783980
[2026-06-13T06:35:32.092Z] [ALL] 06-13 12:05:29.670 16474 16474 E Parcel  : Attempt to read from protected data in Parcel 0x7fc3c1c090
[2026-06-13T06:35:32.092Z] [ALL] 06-13 12:05:29.670 16474 16474 E Parcel  : Attempt to read from protected data in Parcel 0x7fc3c1c090
[2026-06-13T06:35:32.145Z] [ALL] 06-13 12:05:29.670 16474 16474 E Parcel  : Attempt to read from protected data in Parcel 0x7fc3c1c090
[2026-06-13T06:35:32.145Z] [ALL] 06-13 12:05:29.670 16474 16474 E Parcel  : Attempt to read from protected data in Parcel 0x7fc3c1c090
[2026-06-13T06:35:32.145Z] [ALL] 06-13 12:05:29.670 16474 16474 E Parcel  : Attempt to read from protected data in Parcel 0x7fc3c1c090
[2026-06-13T06:35:32.190Z] [ALL] 06-13 12:05:29.727 16478 16478 E Parcel  : Attempt to read from protected data in Parcel 0x7fe550ff20
[2026-06-13T06:35:32.190Z] [ALL] 06-13 12:05:29.727 16478 16478 E Parcel  : Attempt to read from protected data in Parcel 0x7fe550ff20
[2026-06-13T06:35:32.190Z] [ALL] 06-13 12:05:29.727 16478 16478 E Parcel  : Attempt to read from protected data in Parcel 0x7fe550ff20
[2026-06-13T06:35:32.190Z] [ALL] 06-13 12:05:29.727 16478 16478 E Parcel  : Attempt to read from protected data in Parcel 0x7fe550ff20
[2026-06-13T06:35:32.190Z] [ALL] 06-13 12:05:29.727 16478 16478 E Parcel  : Attempt to read from protected data in Parcel 0x7fe550ff20
[2026-06-13T06:35:32.579Z] [ALL] 06-13 12:05:30.145  2536 27711 D IpClient/wlan0: interfaceLinkStateChanged: ifindex 34 up
[2026-06-13T06:35:32.579Z] [ALL] 06-13 12:05:30.147   858  5601 E netd    : dispachCmd:oplusGetRtt
[2026-06-13T06:35:32.579Z] [ALL] 06-13 12:05:30.147   858  5601 E netd    : handleGetRttCmd: netId = 204, uid = 10352
[2026-06-13T06:35:32.672Z] [ALL] 06-13 12:05:30.151   858  5601 E netd    : dispachCmd cmd:oplusGetRtt  result:0
[2026-06-13T06:35:32.672Z] [ALL] 06-13 12:05:30.152   858 28068 E netd    : dispachCmd:oplusGetRtt
[2026-06-13T06:35:32.672Z] [ALL] 06-13 12:05:30.152   858 28068 E netd    : handleGetRttCmd: netId = 206, uid = 10352
[2026-06-13T06:35:32.672Z] [ALL] 06-13 12:05:30.155   858 28068 E netd    : dispachCmd cmd:oplusGetRtt  result:0
[2026-06-13T06:35:32.672Z] [ALL] 06-13 12:05:30.158  1695  2144 D OplusWifiConnect2: clientModeManager == null, getOplusSta2ConnectionInfo null
[2026-06-13T06:35:32.672Z] [ALL] 06-13 12:05:30.160  1695  2148 D WN_S    : isCellQualityGood is false, curscore =76, no need to switch lte
[2026-06-13T06:35:33.644Z] [ALL] 06-13 12:05:31.238   858 28068 E TetherController: property_get sys.radio.data.modem_share_flag return 0, 1!
[2026-06-13T06:35:33.752Z] [ALL] 06-13 12:05:31.348  1695  1711 W System  : A resource failed to call release. 
[2026-06-13T06:35:33.752Z] [ALL] 06-13 12:05:31.348  1695  1711 W System  : A resource failed to call release. 
[2026-06-13T06:35:33.764Z] [ALL] 06-13 12:05:31.349  1695  1711 W System  : A resource failed to call release. 
[2026-06-13T06:35:33.764Z] [ALL] 06-13 12:05:31.349  1695  1711 W System  : A resource failed to call release. 
[2026-06-13T06:35:33.764Z] [ALL] 06-13 12:05:31.349  1695  1711 W System  : A resource failed to call release. 
[2026-06-13T06:35:33.764Z] [ALL] 06-13 12:05:31.350  1695  1711 W System  : A resource failed to call release. 
[2026-06-13T06:35:33.764Z] [ALL] 06-13 12:05:31.350  1695  1711 W System  : A resource failed to call release. 
[2026-06-13T06:35:33.764Z] [ALL] 06-13 12:05:31.350  1695  1711 W System  : A resource failed to call release. 
[2026-06-13T06:35:33.965Z] [ALL] 06-13 12:05:31.564   891   978 W AString : ctor got NULL, using empty string instead
[2026-06-13T06:35:33.965Z] [ALL] 06-13 12:05:31.565   891   978 I sensors-hal-SensorSavedChannel: [8872,-27216,4276]==>gyro_bias.json
[2026-06-13T06:35:34.259Z] [ALL] 06-13 12:05:31.798  2744  2744 D OplusTelephonyController: onSignalStrengthChanged: SignalStrength=SignalStrength:{mCdma=CellSignalStrengthCdma: cdmaDbm=2147483647 cdmaEcio=2147483647 evdoDbm=2147483647 evdoEcio=2147483647 evdoSnr=2147483647 level=0,mGsm=CellSignalStrengthGsm: rssi=2147483647 ber=2147483647 mTa=2147483647 mLevel=0,mWcdma=CellSignalStrengthWcdma: ss=2147483647 ber=2147483647 rscp=2147483647 ecno=2147483647 level=0,mTdscdma=CellSignalStrengthTdscdma: rssi=2147483647 ber=2147483647 rscp=2147483647 level=0,mLte=CellSignalStrengthLte: rssi=2147483647 rsrp=2147483647 rsrq=2147483647 rssnr=2147483647 cqiTableIndex=2147483647 cqi=2147483647 ta=2147483647 level=0 parametersUseForLevel=0,mNr=CellSignalStrengthNr:{ csiRsrp = 2147483647 csiRsrq = 2147483647 csiCqiTableIndex = 2147483647 csiCqiReport = [] ssRsrp = -84 ssRsrq = -4 ssSinr = 19 level = 2 parametersUseForLevel = 0 },primary=CellSignalStrengthNr}, phoneId=0, mMtkLevel=0, mMtkRsrpOnly=false, mMtkLteRsrpThreshold=null, mMtkLteRssnrThreshold=null
[2026-06-13T06:35:34.351Z] [ALL] 06-13 12:05:31.832  1000  3424 D SurfaceFlinger: kickIdle 2947, 2917, 35, 0
[2026-06-13T06:35:34.351Z] [ALL] 06-13 12:05:31.832   882   882 E hwcomposer: [DRMDEV] DRM_IOCTL_MTK_KICK_IDLE failed, drm_id_crtc: 64, error: -1  
[2026-06-13T06:35:34.426Z] [ALL] 06-13 12:05:31.939  2676  2682 W System  : A resource failed to call release. 
[2026-06-13T06:35:34.483Z] [ALL] 06-13 12:05:31.941  2676  2682 W System  : A resource failed to call release. 
[2026-06-13T06:35:34.483Z] [ALL] 06-13 12:05:31.941  2676  2682 W System  : A resource failed to call release. 
[2026-06-13T06:35:34.483Z] [ALL] 06-13 12:05:31.941  2676  2682 W System  : A resource failed to call release. 
[2026-06-13T06:35:34.483Z] [ALL] 06-13 12:05:31.941  2676  2682 W System  : A resource failed to call release. 
[2026-06-13T06:35:34.483Z] [ALL] 06-13 12:05:31.941  2676  2682 W System  : A resource failed to call release. 
[2026-06-13T06:35:34.483Z] [ALL] 06-13 12:05:31.941  2676  2682 W System  : A resource failed to call release. 
[2026-06-13T06:35:34.483Z] [ALL] 06-13 12:05:31.941  2676  2682 W System  : A resource failed to call release. 
[2026-06-13T06:35:34.483Z] [ALL] 06-13 12:05:31.941  2676  2682 W System  : A resource failed to call release. 
[2026-06-13T06:35:34.483Z] [ALL] 06-13 12:05:31.941  2676  2682 W System  : A resource failed to call release. 
[2026-06-13T06:35:34.483Z] [ALL] 06-13 12:05:31.941  2676  2682 W System  : A resource failed to call release. 
[2026-06-13T06:35:34.483Z] [ALL] 06-13 12:05:31.941  2676  2682 W System  : A resource failed to call release. 
[2026-06-13T06:35:34.483Z] [ALL] 06-13 12:05:31.941  2676  2682 W System  : A resource failed to call release. 
[2026-06-13T06:35:34.483Z] [ALL] 06-13 12:05:31.942  2676  2682 W System  : A resource failed to call release. 
[2026-06-13T06:35:34.483Z] [ALL] 06-13 12:05:31.942  2676  2682 W System  : A resource failed to call release. 
[2026-06-13T06:35:34.483Z] [ALL] 06-13 12:05:31.942  2676  2682 W System  : A resource failed to call release. 
[2026-06-13T06:35:34.483Z] [ALL] 06-13 12:05:31.942  2676  2682 W System  : A resource failed to call release. 
[2026-06-13T06:35:34.483Z] [ALL] 06-13 12:05:31.942  2676  2682 W System  : A resource failed to call release. 
[2026-06-13T06:35:34.483Z] [ALL] 06-13 12:05:31.942  2676  2682 W System  : A resource failed to call release. 
[2026-06-13T06:35:34.483Z] [ALL] 06-13 12:05:31.942  2676  2682 W System  : A resource failed to call release. 
[2026-06-13T06:35:34.483Z] [ALL] 06-13 12:05:31.942  2676  2682 W System  : A resource failed to call release. 
[2026-06-13T06:35:34.483Z] [ALL] 06-13 12:05:31.942  2676  2682 W System  : A resource failed to call release. 
[2026-06-13T06:35:34.483Z] [ALL] 06-13 12:05:31.942  2676  2682 W System  : A resource failed to call release. 
[2026-06-13T06:35:34.483Z] [ALL] 06-13 12:05:31.942  2676  2682 W System  : A resource failed to call release. 
[2026-06-13T06:35:34.483Z] [ALL] 06-13 12:05:31.942  2676  2682 W System  : A resource failed to call release. 
[2026-06-13T06:35:34.483Z] [ALL] 06-13 12:05:31.942  2676  2682 W System  : A resource failed to call release. 
[2026-06-13T06:35:34.483Z] [ALL] 06-13 12:05:31.942  2676  2682 W System  : A resource failed to call release. 
[2026-06-13T06:35:34.483Z] [ALL] 06-13 12:05:31.942  2676  2682 W System  : A resource failed to call release. 
[2026-06-13T06:35:34.483Z] [ALL] 06-13 12:05:31.942  2676  2682 W System  : A resource failed to call release. 
[2026-06-13T06:35:34.483Z] [ALL] 06-13 12:05:31.942  2676  2682 W System  : A resource failed to call release. 
[2026-06-13T06:35:34.483Z] [ALL] 06-13 12:05:31.943  2676  2682 W System  : A resource failed to call release. 
[2026-06-13T06:35:34.483Z] [ALL] 06-13 12:05:31.943  2676  2682 W System  : A resource failed to call release. 
[2026-06-13T06:35:34.483Z] [ALL] 06-13 12:05:31.943  2676  2682 W System  : A resource failed to call release. 
[2026-06-13T06:35:34.483Z] [ALL] 06-13 12:05:31.943  2676  2682 W System  : A resource failed to call release. 
[2026-06-13T06:35:34.483Z] [ALL] 06-13 12:05:31.943  2676  2682 W System  : A resource failed to call release. 
[2026-06-13T06:35:34.483Z] [ALL] 06-13 12:05:31.943  2676  2682 W System  : A resource failed to call release. 
[2026-06-13T06:35:34.483Z] [ALL] 06-13 12:05:31.943  2676  2682 W System  : A resource failed to call release. 
[2026-06-13T06:35:34.483Z] [ALL] 06-13 12:05:31.943  2676  2682 W System  : A resource failed to call release. 
[2026-06-13T06:35:34.483Z] [ALL] 06-13 12:05:31.943  2676  2682 W System  : A resource failed to call release. 
[2026-06-13T06:35:34.483Z] [ALL] 06-13 12:05:31.943  2676  2682 W System  : A resource failed to call release. 
[2026-06-13T06:35:34.483Z] [ALL] 06-13 12:05:31.943  2676  2682 W System  : A resource failed to call release. 
[2026-06-13T06:35:34.483Z] [ALL] 06-13 12:05:31.943  2676  2682 W System  : A resource failed to call release. 
[2026-06-13T06:35:34.483Z] [ALL] 06-13 12:05:31.943  2676  2682 W System  : A resource failed to call release. 
[2026-06-13T06:35:34.483Z] [ALL] 06-13 12:05:31.943  2676  2682 W System  : A resource failed to call release. 
[2026-06-13T06:35:34.483Z] [ALL] 06-13 12:05:31.944  2676  2682 W System  : A resource failed to call release. 
[2026-06-13T06:35:34.483Z] [ALL] 06-13 12:05:31.944  2676  2682 W System  : A resource failed to call release. 
[2026-06-13T06:35:34.483Z] [ALL] 06-13 12:05:31.944  2676  2682 W System  : A resource failed to call release. 
[2026-06-13T06:35:34.483Z] [ALL] 06-13 12:05:31.944  2676  2682 W System  : A resource failed to call release. 
[2026-06-13T06:35:34.483Z] [ALL] 06-13 12:05:31.944  2676  2682 W System  : A resource failed to call release. 
[2026-06-13T06:35:34.483Z] [ALL] 06-13 12:05:31.944  2676  2682 W System  : A resource failed to call release. 
[2026-06-13T06:35:34.483Z] [ALL] 06-13 12:05:31.944  2676  2682 W System  : A resource failed to call release. 
[2026-06-13T06:35:34.483Z] [ALL] 06-13 12:05:31.944  2676  2682 W System  : A resource failed to call release. 
[2026-06-13T06:35:34.531Z] [ALL] 06-13 12:05:31.944  2676  2682 W System  : A resource failed to call release. 
[2026-06-13T06:35:34.531Z] [ALL] 06-13 12:05:31.944  2676  2682 W System  : A resource failed to call release. 
[2026-06-13T06:35:34.531Z] [ALL] 06-13 12:05:31.944  2676  2682 W System  : A resource failed to call release. 
[2026-06-13T06:35:34.531Z] [ALL] 06-13 12:05:31.944  2676  2682 W System  : A resource failed to call release. 
[2026-06-13T06:35:34.531Z] [ALL] 06-13 12:05:31.944  2676  2682 W System  : A resource failed to call release. 
[2026-06-13T06:35:34.531Z] [ALL] 06-13 12:05:31.944  2676  2682 W System  : A resource failed to call release. 
[2026-06-13T06:35:34.531Z] [ALL] 06-13 12:05:31.944  2676  2682 W System  : A resource failed to call release. 
[2026-06-13T06:35:34.531Z] [ALL] 06-13 12:05:31.944  2676  2682 W System  : A resource failed to call release. 
[2026-06-13T06:35:34.531Z] [ALL] 06-13 12:05:31.945  2676  2682 W System  : A resource failed to call release. 
[2026-06-13T06:35:34.531Z] [ALL] 06-13 12:05:31.945  2676  2682 W System  : A resource failed to call release. 
[2026-06-13T06:35:34.531Z] [ALL] 06-13 12:05:31.945  2676  2682 W System  : A resource failed to call release. 
[2026-06-13T06:35:34.531Z] [ALL] 06-13 12:05:31.945  2676  2682 W System  : A resource failed to call release. 
[2026-06-13T06:35:34.531Z] [ALL] 06-13 12:05:31.945  2676  2682 W System  : A resource failed to call release. 
[2026-06-13T06:35:34.531Z] [ALL] 06-13 12:05:31.945  2676  2682 W System  : A resource failed to call release. 
[2026-06-13T06:35:34.531Z] [ALL] 06-13 12:05:31.945  2676  2682 W System  : A resource failed to call release. 
[2026-06-13T06:35:34.531Z] [ALL] 06-13 12:05:31.945  2676  2682 W System  : A resource failed to call release. 
[2026-06-13T06:35:34.531Z] [ALL] 06-13 12:05:31.945  2676  2682 W System  : A resource failed to call release. 
[2026-06-13T06:35:34.531Z] [ALL] 06-13 12:05:31.945  2676  2682 W System  : A resource failed to call release. 
[2026-06-13T06:35:34.531Z] [ALL] 06-13 12:05:31.945  2676  2682 W System  : A resource failed to call release. 
[2026-06-13T06:35:34.531Z] [ALL] 06-13 12:05:31.945  2676  2682 W System  : A resource failed to call release. 
[2026-06-13T06:35:34.531Z] [ALL] 06-13 12:05:31.945  2676  2682 W System  : A resource failed to call release. 
[2026-06-13T06:35:34.531Z] [ALL] 06-13 12:05:31.945  2676  2682 W System  : A resource failed to call release. 
[2026-06-13T06:35:34.531Z] [ALL] 06-13 12:05:31.946  2676  2682 W System  : A resource failed to call release. 
[2026-06-13T06:35:34.531Z] [ALL] 06-13 12:05:31.946  2676  2682 W System  : A resource failed to call release. 
[2026-06-13T06:35:34.531Z] [ALL] 06-13 12:05:31.946  2676  2682 W System  : A resource failed to call release. 
[2026-06-13T06:35:34.531Z] [ALL] 06-13 12:05:31.946  2676  2682 W System  : A resource failed to call release. 
[2026-06-13T06:35:34.531Z] [ALL] 06-13 12:05:31.946  2676  2682 W System  : A resource failed to call release. 
[2026-06-13T06:35:34.531Z] [ALL] 06-13 12:05:31.946  2676  2682 W System  : A resource failed to call release. 
[2026-06-13T06:35:34.531Z] [ALL] 06-13 12:05:31.946  2676  2682 W System  : A resource failed to call release. 
[2026-06-13T06:35:34.531Z] [ALL] 06-13 12:05:31.946  2676  2682 W System  : A resource failed to call release. 
[2026-06-13T06:35:34.531Z] [ALL] 06-13 12:05:31.946  2676  2682 W System  : A resource failed to call release. 
[2026-06-13T06:35:34.531Z] [ALL] 06-13 12:05:31.946  2676  2682 W System  : A resource failed to call release. 
[2026-06-13T06:35:34.531Z] [ALL] 06-13 12:05:31.946  2676  2682 W System  : A resource failed to call release. 
[2026-06-13T06:35:34.531Z] [ALL] 06-13 12:05:31.946  2676  2682 W System  : A resource failed to call release. 
[2026-06-13T06:35:34.531Z] [ALL] 06-13 12:05:31.946  2676  2682 W System  : A resource failed to call release. 
[2026-06-13T06:35:34.531Z] [ALL] 06-13 12:05:31.946  2676  2682 W System  : A resource failed to call release. 
[2026-06-13T06:35:34.531Z] [ALL] 06-13 12:05:31.946  2676  2682 W System  : A resource failed to call release. 
[2026-06-13T06:35:34.531Z] [ALL] 06-13 12:05:31.946  2676  2682 W System  : A resource failed to call release. 
[2026-06-13T06:35:34.531Z] [ALL] 06-13 12:05:31.947  2676  2682 W System  : A resource failed to call release. 
[2026-06-13T06:35:34.531Z] [ALL] 06-13 12:05:31.947  2676  2682 W System  : A resource failed to call release. 
[2026-06-13T06:35:34.531Z] [ALL] 06-13 12:05:31.947  2676  2682 W System  : A resource failed to call release. 
[2026-06-13T06:35:34.531Z] [ALL] 06-13 12:05:31.947  2676  2682 W System  : A resource failed to call release. 
[2026-06-13T06:35:34.531Z] [ALL] 06-13 12:05:31.947  2676  2682 W System  : A resource failed to call release. 
[2026-06-13T06:35:34.531Z] [ALL] 06-13 12:05:31.947  2676  2682 W System  : A resource failed to call release. 
[2026-06-13T06:35:34.531Z] [ALL] 06-13 12:05:31.947  2676  2682 W System  : A resource failed to call release. 
[2026-06-13T06:35:34.531Z] [ALL] 06-13 12:05:31.947  2676  2682 W System  : A resource failed to call release. 
[2026-06-13T06:35:34.531Z] [ALL] 06-13 12:05:31.952  2676  2682 W System  : A resource failed to call release. 
[2026-06-13T06:35:34.531Z] [ALL] 06-13 12:05:31.952  2676  2682 W System  : A resource failed to call release. 
[2026-06-13T06:35:34.531Z] [ALL] 06-13 12:05:31.952  2676  2682 W System  : A resource failed to call release. 
[2026-06-13T06:35:34.531Z] [ALL] 06-13 12:05:31.952  2676  2682 W System  : A resource failed to call release. 
[2026-06-13T06:35:34.532Z] [ALL] 06-13 12:05:31.952  2676  2682 W System  : A resource failed to call release. 
[2026-06-13T06:35:34.532Z] [ALL] 06-13 12:05:31.952  2676  2682 W System  : A resource failed to call release. 
[2026-06-13T06:35:34.532Z] [ALL] 06-13 12:05:31.952  2676  2682 W System  : A resource failed to call release. 
[2026-06-13T06:35:34.532Z] [ALL] 06-13 12:05:31.952  2676  2682 W System  : A resource failed to call release. 
[2026-06-13T06:35:34.532Z] [ALL] 06-13 12:05:31.952  2676  2682 W System  : A resource failed to call release. 
[2026-06-13T06:35:34.532Z] [ALL] 06-13 12:05:31.952  2676  2682 W System  : A resource failed to call release. 
[2026-06-13T06:35:34.532Z] [ALL] 06-13 12:05:31.953  2676  2682 W System  : A resource failed to call release. 
[2026-06-13T06:35:34.532Z] [ALL] 06-13 12:05:31.953  2676  2682 W System  : A resource failed to call release. 
[2026-06-13T06:35:34.532Z] [ALL] 06-13 12:05:31.953  2676  2682 W System  : A resource failed to call release. 
[2026-06-13T06:35:34.532Z] [ALL] 06-13 12:05:31.953  2676  2682 W System  : A resource failed to call release. 
[2026-06-13T06:35:34.532Z] [ALL] 06-13 12:05:31.953  2676  2682 W System  : A resource failed to call release. 
[2026-06-13T06:35:34.532Z] [ALL] 06-13 12:05:31.953  2676  2682 W System  : A resource failed to call release. 
[2026-06-13T06:35:34.532Z] [ALL] 06-13 12:05:31.953  2676  2682 W System  : A resource failed to call release. 
[2026-06-13T06:35:34.532Z] [ALL] 06-13 12:05:31.953  2676  2682 W System  : A resource failed to call release. 
[2026-06-13T06:35:34.532Z] [ALL] 06-13 12:05:31.953  2676  2682 W System  : A resource failed to call release. 
[2026-06-13T06:35:34.532Z] [ALL] 06-13 12:05:31.953  2676  2682 W System  : A resource failed to call release. 
[2026-06-13T06:35:34.532Z] [ALL] 06-13 12:05:31.953  2676  2682 W System  : A resource failed to call release. 
[2026-06-13T06:35:34.532Z] [ALL] 06-13 12:05:31.953  2676  2682 W System  : A resource failed to call release. 
[2026-06-13T06:35:34.532Z] [ALL] 06-13 12:05:31.953  2676  2682 W System  : A resource failed to call release. 
[2026-06-13T06:35:34.532Z] [ALL] 06-13 12:05:31.953  2676  2682 W System  : A resource failed to call release. 
[2026-06-13T06:35:34.532Z] [ALL] 06-13 12:05:31.953  2676  2682 W System  : A resource failed to call release. 
[2026-06-13T06:35:34.532Z] [ALL] 06-13 12:05:31.953  2676  2682 W System  : A resource failed to call release. 
[2026-06-13T06:35:34.532Z] [ALL] 06-13 12:05:31.954  2676  2682 W System  : A resource failed to call release. 
[2026-06-13T06:35:34.532Z] [ALL] 06-13 12:05:31.954  2676  2682 W System  : A resource failed to call release. 
[2026-06-13T06:35:34.532Z] [ALL] 06-13 12:05:31.954  2676  2682 W System  : A resource failed to call release. 
[2026-06-13T06:35:34.532Z] [ALL] 06-13 12:05:31.954  2676  2682 W System  : A resource failed to call release. 
[2026-06-13T06:35:34.532Z] [ALL] 06-13 12:05:31.954  2676  2682 W System  : A resource failed to call release. 
[2026-06-13T06:35:34.532Z] [ALL] 06-13 12:05:31.954  2676  2682 W System  : A resource failed to call release. 
[2026-06-13T06:35:34.532Z] [ALL] 06-13 12:05:31.954  2676  2682 W System  : A resource failed to call release. 
[2026-06-13T06:35:34.532Z] [ALL] 06-13 12:05:31.954  2676  2682 W System  : A resource failed to call release. 
[2026-06-13T06:35:34.532Z] [ALL] 06-13 12:05:31.954  2676  2682 W System  : A resource failed to call release. 
[2026-06-13T06:35:34.532Z] [ALL] 06-13 12:05:31.954  2676  2682 W System  : A resource failed to call release. 
[2026-06-13T06:35:34.532Z] [ALL] 06-13 12:05:31.954  2676  2682 W System  : A resource failed to call release. 
[2026-06-13T06:35:34.532Z] [ALL] 06-13 12:05:31.954  2676  2682 W System  : A resource failed to call release. 
[2026-06-13T06:35:34.532Z] [ALL] 06-13 12:05:31.955  2676  2682 W System  : A resource failed to call release. 
[2026-06-13T06:35:34.532Z] [ALL] 06-13 12:05:31.955  2676  2682 W System  : A resource failed to call release. 
[2026-06-13T06:35:34.532Z] [ALL] 06-13 12:05:31.955  2676  2682 W System  : A resource failed to call release. 
[2026-06-13T06:35:34.532Z] [ALL] 06-13 12:05:31.955  2676  2682 W System  : A resource failed to call release. 
[2026-06-13T06:35:34.532Z] [ALL] 06-13 12:05:31.955  2676  2682 W System  : A resource failed to call release. 
[2026-06-13T06:35:34.532Z] [ALL] 06-13 12:05:31.955  2676  2682 W System  : A resource failed to call release. 
[2026-06-13T06:35:34.532Z] [ALL] 06-13 12:05:31.955  2676  2682 W System  : A resource failed to call release. 
[2026-06-13T06:35:34.532Z] [ALL] 06-13 12:05:31.955  2676  2682 W System  : A resource failed to call release. 
[2026-06-13T06:35:34.532Z] [ALL] 06-13 12:05:31.956  2676  2682 W System  : A resource failed to call release. 
[2026-06-13T06:35:34.532Z] [ALL] 06-13 12:05:31.956  2676  2682 W System  : A resource failed to call release. 
[2026-06-13T06:35:34.532Z] [ALL] 06-13 12:05:31.956  2676  2682 W System  : A resource failed to call release. 
[2026-06-13T06:35:34.532Z] [ALL] 06-13 12:05:31.956  2676  2682 W System  : A resource failed to call release. 
[2026-06-13T06:35:34.532Z] [ALL] 06-13 12:05:31.956  2676  2682 W System  : A resource failed to call release. 
[2026-06-13T06:35:34.532Z] [ALL] 06-13 12:05:31.956  2676  2682 W System  : A resource failed to call release. 
[2026-06-13T06:35:34.532Z] [ALL] 06-13 12:05:31.956  2676  2682 W System  : A resource failed to call release. 
[2026-06-13T06:35:34.532Z] [ALL] 06-13 12:05:31.956  2676  2682 W System  : A resource failed to call release. 
[2026-06-13T06:35:34.533Z] [ALL] 06-13 12:05:31.956  2676  2682 W System  : A resource failed to call release. 
[2026-06-13T06:35:34.533Z] [ALL] 06-13 12:05:31.956  2676  2682 W System  : A resource failed to call release. 
[2026-06-13T06:35:34.533Z] [ALL] 06-13 12:05:31.956  2676  2682 W System  : A resource failed to call release. 
[2026-06-13T06:35:34.533Z] [ALL] 06-13 12:05:31.957  2676  2682 W System  : A resource failed to call release. 
[2026-06-13T06:35:34.533Z] [ALL] 06-13 12:05:31.957  2676  2682 W System  : A resource failed to call release. 
[2026-06-13T06:35:34.533Z] [ALL] 06-13 12:05:31.957  2676  2682 W System  : A resource failed to call release. 
[2026-06-13T06:35:34.533Z] [ALL] 06-13 12:05:31.957  2676  2682 W System  : A resource failed to call release. 
[2026-06-13T06:35:34.533Z] [ALL] 06-13 12:05:31.957  2676  2682 W System  : A resource failed to call release. 
[2026-06-13T06:35:34.533Z] [ALL] 06-13 12:05:31.957  2676  2682 W System  : A resource failed to call release. 
[2026-06-13T06:35:34.533Z] [ALL] 06-13 12:05:31.957  2676  2682 W System  : A resource failed to call release. 
[2026-06-13T06:35:34.533Z] [ALL] 06-13 12:05:31.957  2676  2682 W System  : A resource failed to call release. 
[2026-06-13T06:35:34.533Z] [ALL] 06-13 12:05:31.957  2676  2682 W System  : A resource failed to call release. 
[2026-06-13T06:35:34.533Z] [ALL] 06-13 12:05:31.957  2676  2682 W System  : A resource failed to call release. 
[2026-06-13T06:35:34.533Z] [ALL] 06-13 12:05:31.957  2676  2682 W System  : A resource failed to call release. 
[2026-06-13T06:35:34.533Z] [ALL] 06-13 12:05:31.957  2676  2682 W System  : A resource failed to call release. 
[2026-06-13T06:35:34.533Z] [ALL] 06-13 12:05:31.957  2676  2682 W System  : A resource failed to call release. 
[2026-06-13T06:35:34.533Z] [ALL] 06-13 12:05:31.957  2676  2682 W System  : A resource failed to call release. 
[2026-06-13T06:35:34.533Z] [ALL] 06-13 12:05:31.957  2676  2682 W System  : A resource failed to call release. 
[2026-06-13T06:35:34.533Z] [ALL] 06-13 12:05:31.957  2676  2682 W System  : A resource failed to call release. 
[2026-06-13T06:35:34.533Z] [ALL] 06-13 12:05:31.958  2676  2682 W System  : A resource failed to call release. 
[2026-06-13T06:35:34.533Z] [ALL] 06-13 12:05:31.958  2676  2682 W System  : A resource failed to call release. 
[2026-06-13T06:35:34.533Z] [ALL] 06-13 12:05:31.958  2676  2682 W System  : A resource failed to call release. 
[2026-06-13T06:35:34.533Z] [ALL] 06-13 12:05:31.958  2676  2682 W System  : A resource failed to call release. 
[2026-06-13T06:35:34.533Z] [ALL] 06-13 12:05:31.958  2676  2682 W System  : A resource failed to call release. 
[2026-06-13T06:35:34.533Z] [ALL] 06-13 12:05:31.958  2676  2682 W System  : A resource failed to call release. 
[2026-06-13T06:35:34.533Z] [ALL] 06-13 12:05:31.958  2676  2682 W System  : A resource failed to call release. 
[2026-06-13T06:35:34.533Z] [ALL] 06-13 12:05:31.958  2676  2682 W System  : A resource failed to call release. 
[2026-06-13T06:35:34.533Z] [ALL] 06-13 12:05:31.958  2676  2682 W System  : A resource failed to call release. 
[2026-06-13T06:35:34.533Z] [ALL] 06-13 12:05:31.958  2676  2682 W System  : A resource failed to call release. 
[2026-06-13T06:35:34.533Z] [ALL] 06-13 12:05:31.958  2676  2682 W System  : A resource failed to call release. 
[2026-06-13T06:35:34.533Z] [ALL] 06-13 12:05:31.958  2676  2682 W System  : A resource failed to call release. 
[2026-06-13T06:35:34.533Z] [ALL] 06-13 12:05:31.958  2676  2682 W System  : A resource failed to call release. 
[2026-06-13T06:35:34.533Z] [ALL] 06-13 12:05:31.959  2676  2682 W System  : A resource failed to call release. 
[2026-06-13T06:35:34.533Z] [ALL] 06-13 12:05:31.959  2676  2682 W System  : A resource failed to call release. 
[2026-06-13T06:35:34.533Z] [ALL] 06-13 12:05:31.959  2676  2682 W System  : A resource failed to call release. 
[2026-06-13T06:35:34.533Z] [ALL] 06-13 12:05:31.959  2676  2682 W System  : A resource failed to call release. 
[2026-06-13T06:35:34.533Z] [ALL] 06-13 12:05:31.959  2676  2682 W System  : A resource failed to call release. 
[2026-06-13T06:35:34.533Z] [ALL] 06-13 12:05:31.959  2676  2682 W System  : A resource failed to call release. 
[2026-06-13T06:35:34.533Z] [ALL] 06-13 12:05:31.959  2676  2682 W System  : A resource failed to call release. 
[2026-06-13T06:35:34.533Z] [ALL] 06-13 12:05:31.959  2676  2682 W System  : A resource failed to call release. 
[2026-06-13T06:35:34.533Z] [ALL] 06-13 12:05:31.964  2676  2682 W System  : A resource failed to call release. 
[2026-06-13T06:35:34.533Z] [ALL] 06-13 12:05:31.964  2676  2682 W System  : A resource failed to call release. 
[2026-06-13T06:35:34.533Z] [ALL] 06-13 12:05:31.964  2676  2682 W System  : A resource failed to call release. 
[2026-06-13T06:35:34.533Z] [ALL] 06-13 12:05:31.964  2676  2682 W System  : A resource failed to call release. 
[2026-06-13T06:35:34.533Z] [ALL] 06-13 12:05:31.964  2676  2682 W System  : A resource failed to call release. 
[2026-06-13T06:35:34.533Z] [ALL] 06-13 12:05:31.964  2676  2682 W System  : A resource failed to call release. 
[2026-06-13T06:35:34.533Z] [ALL] 06-13 12:05:31.965  2676  2682 W System  : A resource failed to call release. 
[2026-06-13T06:35:34.580Z] [ALL] 06-13 12:05:31.965  2676  2682 W System  : A resource failed to call release. 
[2026-06-13T06:35:34.580Z] [ALL] 06-13 12:05:31.965  2676  2682 W System  : A resource failed to call release. 
[2026-06-13T06:35:34.580Z] [ALL] 06-13 12:05:31.965  2676  2682 W System  : A resource failed to call release. 
[2026-06-13T06:35:34.713Z] [ALL] 06-13 12:05:32.302 22664  4292 I NearbyMediums: No BLE Fast/GATT advertisements found in the latest cycle.
[2026-06-13T06:35:34.713Z] [ALL] 06-13 12:05:32.303 22664  4292 I NearbyMediums: Current Tracked Scanning Clients are : {NearbyConnections.EnvironmentMonitor, NearbySharing}
[2026-06-13T06:35:34.760Z] [ALL] 06-13 12:05:32.318   924  3217 E PerformanceService: storage_feature: open /sys/devices/platform/soc/112b0000.ufshci//virtualtlcbuff fail
[2026-06-13T06:35:34.835Z] [ALL] 06-13 12:05:32.434   934   934 D vendor.oplus.hardware.charger@1.0-service: getChargerControl:
[2026-06-13T06:35:35.370Z] [ALL] 06-13 12:05:32.968  1284  1284 I thermal_repeater: [recvMdThermalInfo] ret=33, strLen=127,  4, 45, -50, -28457, 32767, 14084
[2026-06-13T06:35:35.667Z] [ALL] 06-13 12:05:33.197   858 28068 E netd    : dispachCmd:oplusGetRtt
[2026-06-13T06:35:35.667Z] [ALL] 06-13 12:05:33.197   858 28068 E netd    : handleGetRttCmd: netId = 204, uid = 10352
[2026-06-13T06:35:35.667Z] [ALL] 06-13 12:05:33.201   858 28068 E netd    : dispachCmd cmd:oplusGetRtt  result:0
[2026-06-13T06:35:35.687Z] [ALL] 06-13 12:05:33.202   858  5601 E netd    : dispachCmd:oplusGetRtt
[2026-06-13T06:35:35.687Z] [ALL] 06-13 12:05:33.202   858  5601 E netd    : handleGetRttCmd: netId = 206, uid = 10352
[2026-06-13T06:35:35.687Z] [ALL] 06-13 12:05:33.205   858  5601 E netd    : dispachCmd cmd:oplusGetRtt  result:0
[2026-06-13T06:35:35.687Z] [ALL] 06-13 12:05:33.209  1695  2144 D OplusWifiConnect2: clientModeManager == null, getOplusSta2ConnectionInfo null
[2026-06-13T06:35:35.687Z] [ALL] 06-13 12:05:33.209  1695  2148 D WN_S    : isCellQualityGood is false, curscore =72, no need to switch lte
[2026-06-13T06:35:35.687Z] [ALL] 06-13 12:05:33.265  1695  2752 I OplusHansManager : uid=10343, pkg=io.appium.settings cannot transition from R to M, importance=fg-service
[2026-06-13T06:35:36.009Z] [ALL] 06-13 12:05:33.607  1695  2169 D OplusNetKit: interface name from LP: [ccmni1]
[2026-06-13T06:35:36.013Z] [ALL] 06-13 12:05:33.608  1695  2169 D OplusNetKit: interface name from LP: [ccmni2]
[2026-06-13T06:35:36.013Z] [ALL] 06-13 12:05:33.608  1695  2169 D OplusNetKit: interface name from LP: [wlan0]
[2026-06-13T06:35:36.013Z] [ALL] 06-13 12:05:33.608  1695  2169 D OplusNetKit: in getLpByInterface name from LP: [ccmni1]
[2026-06-13T06:35:36.013Z] [ALL] 06-13 12:05:33.608  1695  2169 D OplusNetKit: in getLpByInterface name from LP: [ccmni2]
[2026-06-13T06:35:36.013Z] [ALL] 06-13 12:05:33.608  1695  2169 D OplusNetKit: in getLpByInterface name from LP: [wlan0]
[2026-06-13T06:35:36.013Z] [ALL] 06-13 12:05:33.608  1695  2169 D OplusNetKit: in getLpByInterface name from LP: [ccmni1]
[2026-06-13T06:35:36.021Z] [ALL] 06-13 12:05:33.608  1695  2169 D OplusNetKit: in getLpByInterface name from LP: [ccmni2]
[2026-06-13T06:35:36.021Z] [ALL] 06-13 12:05:33.608  1695  2169 D OplusNetKit: in getLpByInterface name from LP: [wlan0]
[2026-06-13T06:35:36.021Z] [ALL] 06-13 12:05:33.609  1695  2169 D OplusNetKit: Route is ipv4 on wlan0 found, break
[2026-06-13T06:35:36.204Z] [ALL] 06-13 12:05:33.798   934   934 D vendor.oplus.hardware.charger@1.0-service: getPsyUsbType type: USB, ret_value = 3
[2026-06-13T06:35:36.223Z] [ALL] 06-13 12:05:33.798   934   934 D vendor.oplus.hardware.charger@1.0-service: getPsyUsbType type: USB is usb charging.
[2026-06-13T06:35:36.279Z] [ALL] 06-13 12:05:33.812   934   934 D vendor.oplus.hardware.charger@1.0-service: getPsyUsbType type: USB, ret_value = 3
[2026-06-13T06:35:36.294Z] [ALL] 06-13 12:05:33.812   934   934 D vendor.oplus.hardware.charger@1.0-service: getPsyUsbType type: USB is usb charging.
[2026-06-13T06:35:37.095Z] [ALL] 06-13 12:05:34.672  1695  2169 E OplusArpPeer_euclid_psw: ARP read failure: android.system.ErrnoException: read failed: EAGAIN (Try again)
[2026-06-13T06:35:37.126Z] [ALL] 06-13 12:05:34.675  1695  2169 E OplusArpPeer_euclid_psw:  OplusArpPeer close
[2026-06-13T06:35:37.289Z] [ALL] 06-13 12:05:34.846  1695  1725 D SensorService: onUidStateChanged uid = 10320, state = UID_STATE_IDLE
[2026-06-13T06:35:37.730Z] [ALL] 06-13 12:05:35.323 16500 16500 E Parcel  : Attempt to read from protected data in Parcel 0x7fe9d18790
[2026-06-13T06:35:37.730Z] [ALL] 06-13 12:05:35.323 16500 16500 E Parcel  : Attempt to read from protected data in Parcel 0x7fe9d18790
[2026-06-13T06:35:37.730Z] [ALL] 06-13 12:05:35.323 16500 16500 E Parcel  : Attempt to read from protected data in Parcel 0x7fe9d18790
[2026-06-13T06:35:37.730Z] [ALL] 06-13 12:05:35.323 16500 16500 E Parcel  : Attempt to read from protected data in Parcel 0x7fe9d18790
[2026-06-13T06:35:37.730Z] [ALL] 06-13 12:05:35.323 16500 16500 E Parcel  : Attempt to read from protected data in Parcel 0x7fe9d18790
[2026-06-13T06:35:37.877Z] [ALL] 06-13 12:05:35.476 16506 16506 E Parcel  : Attempt to read from protected data in Parcel 0x7ffa81ab90
[2026-06-13T06:35:37.877Z] [ALL] 06-13 12:05:35.476 16506 16506 E Parcel  : Attempt to read from protected data in Parcel 0x7ffa81ab90
[2026-06-13T06:35:37.877Z] [ALL] 06-13 12:05:35.476 16506 16506 E Parcel  : Attempt to read from protected data in Parcel 0x7ffa81ab90
[2026-06-13T06:35:37.877Z] [ALL] 06-13 12:05:35.476 16506 16506 E Parcel  : Attempt to read from protected data in Parcel 0x7ffa81ab90
[2026-06-13T06:35:37.877Z] [ALL] 06-13 12:05:35.476 16506 16506 E Parcel  : Attempt to read from protected data in Parcel 0x7ffa81ab90
[2026-06-13T06:35:37.976Z] [ALL] 06-13 12:05:35.536 16510 16510 E Parcel  : Attempt to read from protected data in Parcel 0x7fecca84b0
[2026-06-13T06:35:37.976Z] [ALL] 06-13 12:05:35.536 16510 16510 E Parcel  : Attempt to read from protected data in Parcel 0x7fecca84b0
[2026-06-13T06:35:37.976Z] [ALL] 06-13 12:05:35.536 16510 16510 E Parcel  : Attempt to read from protected data in Parcel 0x7fecca84b0
[2026-06-13T06:35:37.976Z] [ALL] 06-13 12:05:35.536 16510 16510 E Parcel  : Attempt to read from protected data in Parcel 0x7fecca84b0
[2026-06-13T06:35:37.976Z] [ALL] 06-13 12:05:35.536 16510 16510 E Parcel  : Attempt to read from protected data in Parcel 0x7fecca84b0
[2026-06-13T06:35:38.000Z] [ALL] 06-13 12:05:35.594 16514 16514 E Parcel  : Attempt to read from protected data in Parcel 0x7ff19afae0
[2026-06-13T06:35:38.001Z] [ALL] 06-13 12:05:35.594 16514 16514 E Parcel  : Attempt to read from protected data in Parcel 0x7ff19afae0
[2026-06-13T06:35:38.001Z] [ALL] 06-13 12:05:35.594 16514 16514 E Parcel  : Attempt to read from protected data in Parcel 0x7ff19afae0
[2026-06-13T06:35:38.001Z] [ALL] 06-13 12:05:35.594 16514 16514 E Parcel  : Attempt to read from protected data in Parcel 0x7ff19afae0
[2026-06-13T06:35:38.001Z] [ALL] 06-13 12:05:35.594 16514 16514 E Parcel  : Attempt to read from protected data in Parcel 0x7ff19afae0
[2026-06-13T06:35:38.082Z] [ALL] 06-13 12:05:35.654 16518 16518 E Parcel  : Attempt to read from protected data in Parcel 0x7fea080e70
[2026-06-13T06:35:38.082Z] [ALL] 06-13 12:05:35.655 16518 16518 E Parcel  : Attempt to read from protected data in Parcel 0x7fea080e70
[2026-06-13T06:35:38.082Z] [ALL] 06-13 12:05:35.655 16518 16518 E Parcel  : Attempt to read from protected data in Parcel 0x7fea080e70
[2026-06-13T06:35:38.082Z] [ALL] 06-13 12:05:35.655 16518 16518 E Parcel  : Attempt to read from protected data in Parcel 0x7fea080e70
[2026-06-13T06:35:38.082Z] [ALL] 06-13 12:05:35.655 16518 16518 E Parcel  : Attempt to read from protected data in Parcel 0x7fea080e70
[2026-06-13T06:35:38.133Z] [ALL] 06-13 12:05:35.720 16524 16524 E Parcel  : Attempt to read from protected data in Parcel 0x7fd68af120
[2026-06-13T06:35:38.133Z] [ALL] 06-13 12:05:35.720 16524 16524 E Parcel  : Attempt to read from protected data in Parcel 0x7fd68af120
[2026-06-13T06:35:38.133Z] [ALL] 06-13 12:05:35.720 16524 16524 E Parcel  : Attempt to read from protected data in Parcel 0x7fd68af120
[2026-06-13T06:35:38.133Z] [ALL] 06-13 12:05:35.720 16524 16524 E Parcel  : Attempt to read from protected data in Parcel 0x7fd68af120
[2026-06-13T06:35:38.133Z] [ALL] 06-13 12:05:35.720 16524 16524 E Parcel  : Attempt to read from protected data in Parcel 0x7fd68af120
[2026-06-13T06:35:38.216Z] [ALL] 06-13 12:05:35.776 16530 16530 E Parcel  : Attempt to read from protected data in Parcel 0x7fff6d1ea0
[2026-06-13T06:35:38.216Z] [ALL] 06-13 12:05:35.776 16530 16530 E Parcel  : Attempt to read from protected data in Parcel 0x7fff6d1ea0
[2026-06-13T06:35:38.216Z] [ALL] 06-13 12:05:35.776 16530 16530 E Parcel  : Attempt to read from protected data in Parcel 0x7fff6d1ea0
[2026-06-13T06:35:38.216Z] [ALL] 06-13 12:05:35.776 16530 16530 E Parcel  : Attempt to read from protected data in Parcel 0x7fff6d1ea0
[2026-06-13T06:35:38.216Z] [ALL] 06-13 12:05:35.776 16530 16530 E Parcel  : Attempt to read from protected data in Parcel 0x7fff6d1ea0
[2026-06-13T06:35:38.256Z] [ALL] 06-13 12:05:35.837 16534 16534 E Parcel  : Attempt to read from protected data in Parcel 0x7fef11c9c0
[2026-06-13T06:35:38.256Z] [ALL] 06-13 12:05:35.838 16534 16534 E Parcel  : Attempt to read from protected data in Parcel 0x7fef11c9c0
[2026-06-13T06:35:38.256Z] [ALL] 06-13 12:05:35.838 16534 16534 E Parcel  : Attempt to read from protected data in Parcel 0x7fef11c9c0
[2026-06-13T06:35:38.256Z] [ALL] 06-13 12:05:35.838 16534 16534 E Parcel  : Attempt to read from protected data in Parcel 0x7fef11c9c0
[2026-06-13T06:35:38.256Z] [ALL] 06-13 12:05:35.838 16534 16534 E Parcel  : Attempt to read from protected data in Parcel 0x7fef11c9c0
[2026-06-13T06:35:38.302Z] [ALL] 06-13 12:05:35.902 16538 16538 E Parcel  : Attempt to read from protected data in Parcel 0x7fc55bae10
[2026-06-13T06:35:38.302Z] [ALL] 06-13 12:05:35.902 16538 16538 E Parcel  : Attempt to read from protected data in Parcel 0x7fc55bae10
[2026-06-13T06:35:38.302Z] [ALL] 06-13 12:05:35.902 16538 16538 E Parcel  : Attempt to read from protected data in Parcel 0x7fc55bae10
[2026-06-13T06:35:38.302Z] [ALL] 06-13 12:05:35.902 16538 16538 E Parcel  : Attempt to read from protected data in Parcel 0x7fc55bae10
[2026-06-13T06:35:38.302Z] [ALL] 06-13 12:05:35.902 16538 16538 E Parcel  : Attempt to read from protected data in Parcel 0x7fc55bae10
[2026-06-13T06:35:38.359Z] [ALL] 06-13 12:05:35.963 16543 16543 E Parcel  : Attempt to read from protected data in Parcel 0x7fc7d221e0
[2026-06-13T06:35:38.359Z] [ALL] 06-13 12:05:35.963 16543 16543 E Parcel  : Attempt to read from protected data in Parcel 0x7fc7d221e0
[2026-06-13T06:35:38.359Z] [ALL] 06-13 12:05:35.963 16543 16543 E Parcel  : Attempt to read from protected data in Parcel 0x7fc7d221e0
[2026-06-13T06:35:38.359Z] [ALL] 06-13 12:05:35.963 16543 16543 E Parcel  : Attempt to read from protected data in Parcel 0x7fc7d221e0
[2026-06-13T06:35:38.373Z] [ALL] 06-13 12:05:35.963 16543 16543 E Parcel  : Attempt to read from protected data in Parcel 0x7fc7d221e0
[2026-06-13T06:35:38.426Z] [ALL] 06-13 12:05:36.027 16547 16547 E Parcel  : Attempt to read from protected data in Parcel 0x7fd280dd70
[2026-06-13T06:35:38.426Z] [ALL] 06-13 12:05:36.028 16547 16547 E Parcel  : Attempt to read from protected data in Parcel 0x7fd280dd70
[2026-06-13T06:35:38.426Z] [ALL] 06-13 12:05:36.028 16547 16547 E Parcel  : Attempt to read from protected data in Parcel 0x7fd280dd70
[2026-06-13T06:35:38.426Z] [ALL] 06-13 12:05:36.028 16547 16547 E Parcel  : Attempt to read from protected data in Parcel 0x7fd280dd70
[2026-06-13T06:35:38.426Z] [ALL] 06-13 12:05:36.028 16547 16547 E Parcel  : Attempt to read from protected data in Parcel 0x7fd280dd70
[2026-06-13T06:35:38.512Z] [ALL] 06-13 12:05:36.082 16551 16551 E Parcel  : Attempt to read from protected data in Parcel 0x7fd3df43e0
[2026-06-13T06:35:38.517Z] [ALL] 06-13 12:05:36.082 16551 16551 E Parcel  : Attempt to read from protected data in Parcel 0x7fd3df43e0
[2026-06-13T06:35:38.517Z] [ALL] 06-13 12:05:36.082 16551 16551 E Parcel  : Attempt to read from protected data in Parcel 0x7fd3df43e0
[2026-06-13T06:35:38.517Z] [ALL] 06-13 12:05:36.082 16551 16551 E Parcel  : Attempt to read from protected data in Parcel 0x7fd3df43e0
[2026-06-13T06:35:38.518Z] [ALL] 06-13 12:05:36.082 16551 16551 E Parcel  : Attempt to read from protected data in Parcel 0x7fd3df43e0
[2026-06-13T06:35:38.604Z] [ALL] 06-13 12:05:36.157 16556 16556 E Parcel  : Attempt to read from protected data in Parcel 0x7fcb5529b0
[2026-06-13T06:35:38.612Z] [ALL] 06-13 12:05:36.157 16556 16556 E Parcel  : Attempt to read from protected data in Parcel 0x7fcb5529b0
[2026-06-13T06:35:38.612Z] [ALL] 06-13 12:05:36.157 16556 16556 E Parcel  : Attempt to read from protected data in Parcel 0x7fcb5529b0
[2026-06-13T06:35:38.612Z] [ALL] 06-13 12:05:36.157 16556 16556 E Parcel  : Attempt to read from protected data in Parcel 0x7fcb5529b0
[2026-06-13T06:35:38.612Z] [ALL] 06-13 12:05:36.157 16556 16556 E Parcel  : Attempt to read from protected data in Parcel 0x7fcb5529b0
[2026-06-13T06:35:38.666Z] [ALL] 06-13 12:05:36.222 16563 16563 E Parcel  : Attempt to read from protected data in Parcel 0x7fd411b7b0
[2026-06-13T06:35:38.717Z] [ALL] 06-13 12:05:36.222 16563 16563 E Parcel  : Attempt to read from protected data in Parcel 0x7fd411b7b0
[2026-06-13T06:35:38.717Z] [ALL] 06-13 12:05:36.222 16563 16563 E Parcel  : Attempt to read from protected data in Parcel 0x7fd411b7b0
[2026-06-13T06:35:38.717Z] [ALL] 06-13 12:05:36.222 16563 16563 E Parcel  : Attempt to read from protected data in Parcel 0x7fd411b7b0
[2026-06-13T06:35:38.717Z] [ALL] 06-13 12:05:36.222 16563 16563 E Parcel  : Attempt to read from protected data in Parcel 0x7fd411b7b0
[2026-06-13T06:35:38.717Z] [ALL] 06-13 12:05:36.225   858  5601 E netd    : dispachCmd:oplusGetRtt
[2026-06-13T06:35:38.717Z] [ALL] 06-13 12:05:36.225   858  5601 E netd    : handleGetRttCmd: netId = 204, uid = 10352
[2026-06-13T06:35:38.717Z] [ALL] 06-13 12:05:36.226   858  5601 E netd    : dispachCmd cmd:oplusGetRtt  result:0
[2026-06-13T06:35:38.717Z] [ALL] 06-13 12:05:36.230  7763  7793 E IHansComunication: HANS printMessageBody: RCV message: type = 0,port = 86870,caller_pid = 1695,caller_uid = 1000,target_pid = 13227,target_uid = 10349,pkg_cmd = -1,rpc = android.accessibilityservice.IAccessibilityServiceClient/2
[2026-06-13T06:35:38.717Z] [ALL] 06-13 12:05:36.232  1695  2771 I OplusHansManager : unfreeze uid: 10349 io.appium.uiautomator2.server pids: [13227] reason: AsyncBinder scene: LcdOn
[2026-06-13T06:35:38.717Z] [ALL] 06-13 12:05:36.232   858  5601 E netd    : dispachCmd:oplusGetRtt
[2026-06-13T06:35:38.717Z] [ALL] 06-13 12:05:36.232  1695  2752 I OplusHansManager : uid=10349, pkg=io.appium.uiautomator2.server, transition from F to Middle, reason=AsyncBinder
[2026-06-13T06:35:38.717Z] [ALL] 06-13 12:05:36.232   858  5601 E netd    : handleGetRttCmd: netId = 206, uid = 10352
[2026-06-13T06:35:38.717Z] [ALL] 06-13 12:05:36.232  1695  2752 I OplusHansManager : uid=10349, pkg=io.appium.uiautomator2.server F exit(), F stay=19, reason=AsyncBinder
[2026-06-13T06:35:38.717Z] [ALL] 06-13 12:05:36.233   858  5601 E netd    : dispachCmd cmd:oplusGetRtt  result:0
[2026-06-13T06:35:38.717Z] [ALL] 06-13 12:05:36.235 13227 13408 I appium  : channel read: POST /session/1d958382-6c27-4154-8ae4-4950394a5bc8/element
[2026-06-13T06:35:38.717Z] [ALL] 06-13 12:05:36.235  1695  2144 D OplusWifiConnect2: clientModeManager == null, getOplusSta2ConnectionInfo null
[2026-06-13T06:35:38.717Z] [ALL] 06-13 12:05:36.235 13227 13408 I appium  : FindElement command
[2026-06-13T06:35:38.717Z] [ALL] 06-13 12:05:36.236  1695  2148 D WN_S    : isCellQualityGood is false, curscore =69, no need to switch lte
[2026-06-13T06:35:38.717Z] [ALL] 06-13 12:05:36.237 13227 13408 I appium  : method: 'xpath', selector: '//*[@resource-id="nav_item_profile" or @content-desc="nav_item_profile"]'
[2026-06-13T06:35:38.717Z] [ALL] 06-13 12:05:36.238 13227 13408 I appium  : Waiting up to 10000ms for the device to idle
[2026-06-13T06:35:38.717Z] [ALL] 06-13 12:05:36.243  1000  3424 D SurfaceFlinger: kickIdle 4411, 4248, 34, 0
[2026-06-13T06:35:38.717Z] [ALL] 06-13 12:05:36.244   882   882 E hwcomposer: [DRMDEV] DRM_IOCTL_MTK_KICK_IDLE failed, drm_id_crtc: 64, error: -1  
[2026-06-13T06:35:38.754Z] [ALL] 06-13 12:05:36.270   858  5601 E TetherController: property_get sys.radio.data.modem_share_flag return 0, 1!
[2026-06-13T06:35:38.754Z] [ALL] 06-13 12:05:36.297 16574 16574 E Parcel  : Attempt to read from protected data in Parcel 0x7ff949dae0
[2026-06-13T06:35:38.754Z] [ALL] 06-13 12:05:36.297 16574 16574 E Parcel  : Attempt to read from protected data in Parcel 0x7ff949dae0
[2026-06-13T06:35:38.754Z] [ALL] 06-13 12:05:36.297 16574 16574 E Parcel  : Attempt to read from protected data in Parcel 0x7ff949dae0
[2026-06-13T06:35:38.754Z] [ALL] 06-13 12:05:36.297 16574 16574 E Parcel  : Attempt to read from protected data in Parcel 0x7ff949dae0
[2026-06-13T06:35:38.754Z] [ALL] 06-13 12:05:36.297 16574 16574 E Parcel  : Attempt to read from protected data in Parcel 0x7ff949dae0
[2026-06-13T06:35:38.777Z] [ALL] 06-13 12:05:36.356 16578 16578 E Parcel  : Attempt to read from protected data in Parcel 0x7ffd604cf0
[2026-06-13T06:35:38.777Z] [ALL] 06-13 12:05:36.356 16578 16578 E Parcel  : Attempt to read from protected data in Parcel 0x7ffd604cf0
[2026-06-13T06:35:38.777Z] [ALL] 06-13 12:05:36.356 16578 16578 E Parcel  : Attempt to read from protected data in Parcel 0x7ffd604cf0
[2026-06-13T06:35:38.777Z] [ALL] 06-13 12:05:36.356 16578 16578 E Parcel  : Attempt to read from protected data in Parcel 0x7ffd604cf0
[2026-06-13T06:35:38.777Z] [ALL] 06-13 12:05:36.356 16578 16578 E Parcel  : Attempt to read from protected data in Parcel 0x7ffd604cf0
[2026-06-13T06:35:38.821Z] [ALL] 06-13 12:05:36.418 16582 16582 E Parcel  : Attempt to read from protected data in Parcel 0x7fca004350
[2026-06-13T06:35:38.860Z] [ALL] 06-13 12:05:36.418 16582 16582 E Parcel  : Attempt to read from protected data in Parcel 0x7fca004350
[2026-06-13T06:35:38.895Z] [ALL] 06-13 12:05:36.418 16582 16582 E Parcel  : Attempt to read from protected data in Parcel 0x7fca004350
[2026-06-13T06:35:38.895Z] [ALL] 06-13 12:05:36.418 16582 16582 E Parcel  : Attempt to read from protected data in Parcel 0x7fca004350
[2026-06-13T06:35:38.895Z] [ALL] 06-13 12:05:36.418 16582 16582 E Parcel  : Attempt to read from protected data in Parcel 0x7fca004350
[2026-06-13T06:35:38.937Z] [ALL] 06-13 12:05:36.479 16586 16586 E Parcel  : Attempt to read from protected data in Parcel 0x7fc0276d20
[2026-06-13T06:35:38.937Z] [ALL] 06-13 12:05:36.479 16586 16586 E Parcel  : Attempt to read from protected data in Parcel 0x7fc0276d20
[2026-06-13T06:35:38.937Z] [ALL] 06-13 12:05:36.479 16586 16586 E Parcel  : Attempt to read from protected data in Parcel 0x7fc0276d20
[2026-06-13T06:35:38.937Z] [ALL] 06-13 12:05:36.479 16586 16586 E Parcel  : Attempt to read from protected data in Parcel 0x7fc0276d20
[2026-06-13T06:35:38.937Z] [ALL] 06-13 12:05:36.479 16586 16586 E Parcel  : Attempt to read from protected data in Parcel 0x7fc0276d20
[2026-06-13T06:35:38.943Z] [ALL] 06-13 12:05:36.543 16590 16590 E Parcel  : Attempt to read from protected data in Parcel 0x7fd303b800
[2026-06-13T06:35:38.943Z] [ALL] 06-13 12:05:36.544 16590 16590 E Parcel  : Attempt to read from protected data in Parcel 0x7fd303b800
[2026-06-13T06:35:38.943Z] [ALL] 06-13 12:05:36.544 16590 16590 E Parcel  : Attempt to read from protected data in Parcel 0x7fd303b800
[2026-06-13T06:35:38.943Z] [ALL] 06-13 12:05:36.544 16590 16590 E Parcel  : Attempt to read from protected data in Parcel 0x7fd303b800
[2026-06-13T06:35:38.943Z] [ALL] 06-13 12:05:36.544 16590 16590 E Parcel  : Attempt to read from protected data in Parcel 0x7fd303b800
[2026-06-13T06:35:39.040Z] [ALL] 06-13 12:05:36.599 16595 16595 E Parcel  : Attempt to read from protected data in Parcel 0x7fc4e74eb0
[2026-06-13T06:35:39.040Z] [ALL] 06-13 12:05:36.600 16595 16595 E Parcel  : Attempt to read from protected data in Parcel 0x7fc4e74eb0
[2026-06-13T06:35:39.040Z] [ALL] 06-13 12:05:36.600 16595 16595 E Parcel  : Attempt to read from protected data in Parcel 0x7fc4e74eb0
[2026-06-13T06:35:39.040Z] [ALL] 06-13 12:05:36.600 16595 16595 E Parcel  : Attempt to read from protected data in Parcel 0x7fc4e74eb0
[2026-06-13T06:35:39.040Z] [ALL] 06-13 12:05:36.600 16595 16595 E Parcel  : Attempt to read from protected data in Parcel 0x7fc4e74eb0
[2026-06-13T06:35:39.062Z] [ALL] 06-13 12:05:36.664 16600 16600 E Parcel  : Attempt to read from protected data in Parcel 0x7fe2ef0f90
[2026-06-13T06:35:39.062Z] [ALL] 06-13 12:05:36.664 16600 16600 E Parcel  : Attempt to read from protected data in Parcel 0x7fe2ef0f90
[2026-06-13T06:35:39.092Z] [ALL] 06-13 12:05:36.664 16600 16600 E Parcel  : Attempt to read from protected data in Parcel 0x7fe2ef0f90
[2026-06-13T06:35:39.098Z] [ALL] 06-13 12:05:36.664 16600 16600 E Parcel  : Attempt to read from protected data in Parcel 0x7fe2ef0f90
[2026-06-13T06:35:39.098Z] [ALL] 06-13 12:05:36.664 16600 16600 E Parcel  : Attempt to read from protected data in Parcel 0x7fe2ef0f90
[2026-06-13T06:35:39.182Z] [ALL] 06-13 12:05:36.727 16604 16604 E Parcel  : Attempt to read from protected data in Parcel 0x7ff802a120
[2026-06-13T06:35:39.182Z] [ALL] 06-13 12:05:36.727 16604 16604 E Parcel  : Attempt to read from protected data in Parcel 0x7ff802a120
[2026-06-13T06:35:39.182Z] [ALL] 06-13 12:05:36.727 16604 16604 E Parcel  : Attempt to read from protected data in Parcel 0x7ff802a120
[2026-06-13T06:35:39.182Z] [ALL] 06-13 12:05:36.727 16604 16604 E Parcel  : Attempt to read from protected data in Parcel 0x7ff802a120
[2026-06-13T06:35:39.182Z] [ALL] 06-13 12:05:36.727 16604 16604 E Parcel  : Attempt to read from protected data in Parcel 0x7ff802a120
[2026-06-13T06:35:39.192Z] [ALL] 06-13 12:05:36.789 16608 16608 E Parcel  : Attempt to read from protected data in Parcel 0x7ffa9432b0
[2026-06-13T06:35:39.242Z] [ALL] 06-13 12:05:36.789 16608 16608 E Parcel  : Attempt to read from protected data in Parcel 0x7ffa9432b0
[2026-06-13T06:35:39.294Z] [ALL] 06-13 12:05:36.789 16608 16608 E Parcel  : Attempt to read from protected data in Parcel 0x7ffa9432b0
[2026-06-13T06:35:39.294Z] [ALL] 06-13 12:05:36.789 16608 16608 E Parcel  : Attempt to read from protected data in Parcel 0x7ffa9432b0
[2026-06-13T06:35:39.294Z] [ALL] 06-13 12:05:36.789 16608 16608 E Parcel  : Attempt to read from protected data in Parcel 0x7ffa9432b0
[2026-06-13T06:35:39.294Z] [ALL] 06-13 12:05:36.829 13227 13408 I appium  : The following attributes will be included to the page source: [content-desc, resource-id]
[2026-06-13T06:35:39.342Z] [ALL] 06-13 12:05:36.850 16613 16613 E Parcel  : Attempt to read from protected data in Parcel 0x7fdd00a990
[2026-06-13T06:35:39.342Z] [ALL] 06-13 12:05:36.851 16613 16613 E Parcel  : Attempt to read from protected data in Parcel 0x7fdd00a990
[2026-06-13T06:35:39.342Z] [ALL] 06-13 12:05:36.851 16613 16613 E Parcel  : Attempt to read from protected data in Parcel 0x7fdd00a990
[2026-06-13T06:35:39.342Z] [ALL] 06-13 12:05:36.851 16613 16613 E Parcel  : Attempt to read from protected data in Parcel 0x7fdd00a990
[2026-06-13T06:35:39.342Z] [ALL] 06-13 12:05:36.851 16613 16613 E Parcel  : Attempt to read from protected data in Parcel 0x7fdd00a990
[2026-06-13T06:35:39.377Z] [ALL] 06-13 12:05:36.914 16617 16617 E Parcel  : Attempt to read from protected data in Parcel 0x7fd0fe95f0
[2026-06-13T06:35:39.377Z] [ALL] 06-13 12:05:36.914 16617 16617 E Parcel  : Attempt to read from protected data in Parcel 0x7fd0fe95f0
[2026-06-13T06:35:39.377Z] [ALL] 06-13 12:05:36.914 16617 16617 E Parcel  : Attempt to read from protected data in Parcel 0x7fd0fe95f0
[2026-06-13T06:35:39.377Z] [ALL] 06-13 12:05:36.914 16617 16617 E Parcel  : Attempt to read from protected data in Parcel 0x7fd0fe95f0
[2026-06-13T06:35:39.377Z] [ALL] 06-13 12:05:36.914 16617 16617 E Parcel  : Attempt to read from protected data in Parcel 0x7fd0fe95f0
[2026-06-13T06:35:39.384Z] [ALL] 06-13 12:05:36.985 16621 16621 E Parcel  : Attempt to read from protected data in Parcel 0x7ffd91b570
[2026-06-13T06:35:39.465Z] [ALL] 06-13 12:05:36.986 16621 16621 E Parcel  : Attempt to read from protected data in Parcel 0x7ffd91b570
[2026-06-13T06:35:39.465Z] [ALL] 06-13 12:05:36.986 16621 16621 E Parcel  : Attempt to read from protected data in Parcel 0x7ffd91b570
[2026-06-13T06:35:39.465Z] [ALL] 06-13 12:05:36.986 16621 16621 E Parcel  : Attempt to read from protected data in Parcel 0x7ffd91b570
[2026-06-13T06:35:39.465Z] [ALL] 06-13 12:05:36.986 16621 16621 E Parcel  : Attempt to read from protected data in Parcel 0x7ffd91b570
[2026-06-13T06:35:39.465Z] [ALL] 06-13 12:05:37.029  1000  3424 D SurfaceFlinger: kickIdle 785, 765, 35, 0
[2026-06-13T06:35:39.465Z] [ALL] 06-13 12:05:37.029   882   882 E hwcomposer: [DRMDEV] DRM_IOCTL_MTK_KICK_IDLE failed, drm_id_crtc: 64, error: -1  
[2026-06-13T06:35:39.512Z] [ALL] 06-13 12:05:37.062 16625 16625 E Parcel  : Attempt to read from protected data in Parcel 0x7fcdf22230
[2026-06-13T06:35:39.512Z] [ALL] 06-13 12:05:37.062 16625 16625 E Parcel  : Attempt to read from protected data in Parcel 0x7fcdf22230
[2026-06-13T06:35:39.512Z] [ALL] 06-13 12:05:37.062 16625 16625 E Parcel  : Attempt to read from protected data in Parcel 0x7fcdf22230
[2026-06-13T06:35:39.512Z] [ALL] 06-13 12:05:37.062 16625 16625 E Parcel  : Attempt to read from protected data in Parcel 0x7fcdf22230
[2026-06-13T06:35:39.512Z] [ALL] 06-13 12:05:37.062 16625 16625 E Parcel  : Attempt to read from protected data in Parcel 0x7fcdf22230
[2026-06-13T06:35:39.581Z] [ALL] 06-13 12:05:37.073 13227 13408 I appium  : Took 0ms to retrieve 0 matches for '//*[@resource-id="nav_item_profile" or @content-desc="nav_item_profile"]' XPath2 query
[2026-06-13T06:35:39.581Z] [ALL] 06-13 12:05:37.075 13227 13408 I appium  : AppiumResponse: {"sessionId":"1d958382-6c27-4154-8ae4-4950394a5bc8","value":{"error":"no such element","message":"An element could not be located on the page using the given search parameters","stacktrace":"io.appium.uiautomator2.common.exceptions.ElementNotFoundException: An element could not be located on the page using the given search parameters\n\tat io.appium.uiautomator2.utils.ElementLocationHelpers.findElement(ElementLocationHelpers.java:153)\n\tat io.appium.uiautomator2.handler.FindElement.safeHandle(FindElement.java:60)\n\tat io.appium.uiautomator2.handler.request.SafeRequestHandler.handle(SafeRequestHandler.java:59)\n\tat io.appium.uiautomator2.server.AppiumServlet.handleRequest(AppiumServlet.java:267)\n\tat io.appium.uiautomator2.server.AppiumServlet.handleHttpRequest(AppiumServlet.java:261)\n\tat io.appium.uiautomator2.http.ServerHandler.channelRead(ServerHandler.java:77)\n\tat io.netty.channel.AbstractChannelHandlerContext.fireChannelRead(AbstractChannelHandlerContext.java:357)\n\tat io.netty.handler.codec.MessageToMessageDecoder.channelRead(MessageToMessageDecoder.java:107)\n\tat io.netty.channel.AbstractChannelHandlerContext.fireChannelRead(AbstractChannelHandlerContext.java:357)\n\tat io.netty.channel.CombinedChannelDuplexHandler$DelegatingChannelHandlerContext.fireChannelRead(CombinedChannelDuplexHandler.java:434)\n\tat io.netty.handler.codec.ByteToMessageDecoder.fireChannelRead(ByteToMessageDecoder.java:361)\n\tat io.netty.handler.codec.ByteToMessageDecoder.channelRead(ByteToMessageDecoder.java:325)\n\tat io.netty.channel.CombinedChannelDuplexHandler.channelRead(CombinedChannelDuplexHandler.java:249)\n\tat io.netty.channel.AbstractChannelHandlerContext.fireChannelRead(AbstractChannelHandlerContext.java:355)\n\tat io.netty.handler.timeout.IdleStateHandler.channelRead(IdleStateHandler.java:288)\n\tat io.netty.channel.AbstractChannelHandlerContext.fireChannelRead(AbstractChannelHandlerContext.java:355)\n\tat io.netty.channel.DefaultChannelPipeline$HeadContext.channelRead(DefaultChannelPipeline.java:1429)\n\tat io.netty.channel.DefaultChannelPipeline.fireChannelRead(DefaultChannelPipeline.java:918)\n\tat io.netty.channel.nio.AbstractNioByteChannel$NioByteUnsafe.read(AbstractNioByteChannel.java:176)\n\tat io.netty.channel.nio.AbstractNioChannel$AbstractNioUnsafe.handle(AbstractNioChannel.java:445)\n\tat io.netty.channel.nio.NioIoHandler$DefaultNioRegistration.handle(NioIoHandler.java:388)\n\tat io.netty.channel.nio.NioIoHandler.processSelectedKey(NioIoHandler.java:596)\n\tat io.netty.channel.nio.NioIoHandler.processSelectedKeysOptimized(NioIoHandler.java:571)\n\tat io.netty.channel.nio.NioIoHandler.processSelectedKeys(NioIoHandler.java:512)\n\tat io.netty.channel.nio.NioIoHandler.run(NioIoHandler.java:484)\n\tat io.netty.channel.SingleThreadIoEventLoop.runIo(SingleThreadIoEventLoop.java:225)\n\tat io.netty.channel.SingleThreadIoEventLoop.run(SingleThreadIoEventLoop.java:196)\n\tat io.netty.util.concurrent.SingleThreadEventExecutor$5.run(SingleThreadEventExecutor.java:1195)\n\tat io.netty.util.internal.ThreadExecutorMap$2.run(ThreadExecutorMap.java:74)\n\tat io.netty.util.concurrent.FastThreadLocalRunnable.run(FastThreadLocalRunnable.java:30)\n\tat java.lang.Thread.run(Thread.java:1572)\n"}}
[2026-06-13T06:35:39.621Z] [ALL] 06-13 12:05:37.127 16629 16629 E Parcel  : Attempt to read from protected data in Parcel 0x7febefc520
[2026-06-13T06:35:39.621Z] [ALL] 06-13 12:05:37.127 16629 16629 E Parcel  : Attempt to read from protected data in Parcel 0x7febefc520
[2026-06-13T06:35:39.621Z] [ALL] 06-13 12:05:37.127 16629 16629 E Parcel  : Attempt to read from protected data in Parcel 0x7febefc520
[2026-06-13T06:35:39.621Z] [ALL] 06-13 12:05:37.127 16629 16629 E Parcel  : Attempt to read from protected data in Parcel 0x7febefc520
[2026-06-13T06:35:39.621Z] [ALL] 06-13 12:05:37.127 16629 16629 E Parcel  : Attempt to read from protected data in Parcel 0x7febefc520
[2026-06-13T06:35:39.621Z] [ALL] 06-13 12:05:37.149 13227 13408 I appium  : channel read: POST /session/1d958382-6c27-4154-8ae4-4950394a5bc8/element
[2026-06-13T06:35:39.621Z] [ALL] 06-13 12:05:37.150 13227 13408 I appium  : FindElement command
[2026-06-13T06:35:39.621Z] [ALL] 06-13 12:05:37.151 13227 13408 I appium  : method: 'xpath', selector: '//*[@resource-id="nav_item_profile" or @content-desc="nav_item_profile"]'
[2026-06-13T06:35:39.621Z] [ALL] 06-13 12:05:37.151 13227 13408 I appium  : Waiting up to 10000ms for the device to idle
[2026-06-13T06:35:39.621Z] [ALL] 06-13 12:05:37.153 13227 13408 I appium  : The following attributes will be included to the page source: [content-desc, resource-id]
[2026-06-13T06:35:39.658Z] [ALL] 06-13 12:05:37.187 16633 16633 E Parcel  : Attempt to read from protected data in Parcel 0x7fd13b0000
[2026-06-13T06:35:39.658Z] [ALL] 06-13 12:05:37.187 16633 16633 E Parcel  : Attempt to read from protected data in Parcel 0x7fd13b0000
[2026-06-13T06:35:39.658Z] [ALL] 06-13 12:05:37.187 16633 16633 E Parcel  : Attempt to read from protected data in Parcel 0x7fd13b0000
[2026-06-13T06:35:39.658Z] [ALL] 06-13 12:05:37.187 16633 16633 E Parcel  : Attempt to read from protected data in Parcel 0x7fd13b0000
[2026-06-13T06:35:39.658Z] [ALL] 06-13 12:05:37.187 16633 16633 E Parcel  : Attempt to read from protected data in Parcel 0x7fd13b0000
[2026-06-13T06:35:39.688Z] [ALL] 06-13 12:05:37.254 16637 16637 E Parcel  : Attempt to read from protected data in Parcel 0x7fc3821680
[2026-06-13T06:35:39.688Z] [ALL] 06-13 12:05:37.254 16637 16637 E Parcel  : Attempt to read from protected data in Parcel 0x7fc3821680
[2026-06-13T06:35:39.688Z] [ALL] 06-13 12:05:37.254 16637 16637 E Parcel  : Attempt to read from protected data in Parcel 0x7fc3821680
[2026-06-13T06:35:39.688Z] [ALL] 06-13 12:05:37.254 16637 16637 E Parcel  : Attempt to read from protected data in Parcel 0x7fc3821680
[2026-06-13T06:35:39.688Z] [ALL] 06-13 12:05:37.254 16637 16637 E Parcel  : Attempt to read from protected data in Parcel 0x7fc3821680
[2026-06-13T06:35:39.716Z] [ALL] 06-13 12:05:37.318   924  3217 E PerformanceService: storage_feature: open /sys/devices/platform/soc/112b0000.ufshci//virtualtlcbuff fail
[2026-06-13T06:35:39.754Z] [ALL] 06-13 12:05:37.337 16641 16641 E Parcel  : Attempt to read from protected data in Parcel 0x7fe1165f60
[2026-06-13T06:35:39.754Z] [ALL] 06-13 12:05:37.337 16641 16641 E Parcel  : Attempt to read from protected data in Parcel 0x7fe1165f60
[2026-06-13T06:35:39.792Z] [ALL] 06-13 12:05:37.337 16641 16641 E Parcel  : Attempt to read from protected data in Parcel 0x7fe1165f60
[2026-06-13T06:35:39.792Z] [ALL] 06-13 12:05:37.337 16641 16641 E Parcel  : Attempt to read from protected data in Parcel 0x7fe1165f60
[2026-06-13T06:35:39.792Z] [ALL] 06-13 12:05:37.337 16641 16641 E Parcel  : Attempt to read from protected data in Parcel 0x7fe1165f60
[2026-06-13T06:35:39.824Z] [ALL] 06-13 12:05:37.390  1695  1730 D AES     : AEEIOCTL_GET/SET_SF_STATE IOCTL,cmd= 1074294797, lParam=0. 
[2026-06-13T06:35:39.824Z] [ALL] 06-13 12:05:37.390  1695  1730 D AES     : AEEIOCTL_RT_MON_Kick IOCTL,cmd= 2147774474, lParam=300. 
[2026-06-13T06:35:39.868Z] [ALL] 06-13 12:05:37.400 13227 13408 I appium  : Took 0ms to retrieve 0 matches for '//*[@resource-id="nav_item_profile" or @content-desc="nav_item_profile"]' XPath2 query
[2026-06-13T06:35:39.868Z] [ALL] 06-13 12:05:37.402 13227 13408 I appium  : AppiumResponse: {"sessionId":"1d958382-6c27-4154-8ae4-4950394a5bc8","value":{"error":"no such element","message":"An element could not be located on the page using the given search parameters","stacktrace":"io.appium.uiautomator2.common.exceptions.ElementNotFoundException: An element could not be located on the page using the given search parameters\n\tat io.appium.uiautomator2.utils.ElementLocationHelpers.findElement(ElementLocationHelpers.java:153)\n\tat io.appium.uiautomator2.handler.FindElement.safeHandle(FindElement.java:60)\n\tat io.appium.uiautomator2.handler.request.SafeRequestHandler.handle(SafeRequestHandler.java:59)\n\tat io.appium.uiautomator2.server.AppiumServlet.handleRequest(AppiumServlet.java:267)\n\tat io.appium.uiautomator2.server.AppiumServlet.handleHttpRequest(AppiumServlet.java:261)\n\tat io.appium.uiautomator2.http.ServerHandler.channelRead(ServerHandler.java:77)\n\tat io.netty.channel.AbstractChannelHandlerContext.fireChannelRead(AbstractChannelHandlerContext.java:357)\n\tat io.netty.handler.codec.MessageToMessageDecoder.channelRead(MessageToMessageDecoder.java:107)\n\tat io.netty.channel.AbstractChannelHandlerContext.fireChannelRead(AbstractChannelHandlerContext.java:357)\n\tat io.netty.channel.CombinedChannelDuplexHandler$DelegatingChannelHandlerContext.fireChannelRead(CombinedChannelDuplexHandler.java:434)\n\tat io.netty.handler.codec.ByteToMessageDecoder.fireChannelRead(ByteToMessageDecoder.java:361)\n\tat io.netty.handler.codec.ByteToMessageDecoder.channelRead(ByteToMessageDecoder.java:325)\n\tat io.netty.channel.CombinedChannelDuplexHandler.channelRead(CombinedChannelDuplexHandler.java:249)\n\tat io.netty.channel.AbstractChannelHandlerContext.fireChannelRead(AbstractChannelHandlerContext.java:355)\n\tat io.netty.handler.timeout.IdleStateHandler.channelRead(IdleStateHandler.java:288)\n\tat io.netty.channel.AbstractChannelHandlerContext.fireChannelRead(AbstractChannelHandlerContext.java:355)\n\tat io.netty.channel.DefaultChannelPipeline$HeadContext.channelRead(DefaultChannelPipeline.java:1429)\n\tat io.netty.channel.DefaultChannelPipeline.fireChannelRead(DefaultChannelPipeline.java:918)\n\tat io.netty.channel.nio.AbstractNioByteChannel$NioByteUnsafe.read(AbstractNioByteChannel.java:176)\n\tat io.netty.channel.nio.AbstractNioChannel$AbstractNioUnsafe.handle(AbstractNioChannel.java:445)\n\tat io.netty.channel.nio.NioIoHandler$DefaultNioRegistration.handle(NioIoHandler.java:388)\n\tat io.netty.channel.nio.NioIoHandler.processSelectedKey(NioIoHandler.java:596)\n\tat io.netty.channel.nio.NioIoHandler.processSelectedKeysOptimized(NioIoHandler.java:571)\n\tat io.netty.channel.nio.NioIoHandler.processSelectedKeys(NioIoHandler.java:512)\n\tat io.netty.channel.nio.NioIoHandler.run(NioIoHandler.java:484)\n\tat io.netty.channel.SingleThreadIoEventLoop.runIo(SingleThreadIoEventLoop.java:225)\n\tat io.netty.channel.SingleThreadIoEventLoop.run(SingleThreadIoEventLoop.java:196)\n\tat io.netty.util.concurrent.SingleThreadEventExecutor$5.run(SingleThreadEventExecutor.java:1195)\n\tat io.netty.util.internal.ThreadExecutorMap$2.run(ThreadExecutorMap.java:74)\n\tat io.netty.util.concurrent.FastThreadLocalRunnable.run(FastThreadLocalRunnable.java:30)\n\tat java.lang.Thread.run(Thread.java:1572)\n"}}
[2026-06-13T06:35:39.868Z] [ALL] 06-13 12:05:37.407 16645 16645 E Parcel  : Attempt to read from protected data in Parcel 0x7fddd22170
[2026-06-13T06:35:39.868Z] [ALL] 06-13 12:05:37.407 16645 16645 E Parcel  : Attempt to read from protected data in Parcel 0x7fddd22170
[2026-06-13T06:35:39.868Z] [ALL] 06-13 12:05:37.407 16645 16645 E Parcel  : Attempt to read from protected data in Parcel 0x7fddd22170
[2026-06-13T06:35:39.868Z] [ALL] 06-13 12:05:37.407 16645 16645 E Parcel  : Attempt to read from protected data in Parcel 0x7fddd22170
[2026-06-13T06:35:39.868Z] [ALL] 06-13 12:05:37.407 16645 16645 E Parcel  : Attempt to read from protected data in Parcel 0x7fddd22170
[2026-06-13T06:35:39.900Z] [ALL] 06-13 12:05:37.440   934   934 D vendor.oplus.hardware.charger@1.0-service: getChargerControl:
[2026-06-13T06:35:39.927Z] [ALL] 06-13 12:05:37.479 16649 16649 E Parcel  : Attempt to read from protected data in Parcel 0x7fe7319820
[2026-06-13T06:35:39.927Z] [ALL] 06-13 12:05:37.479 16649 16649 E Parcel  : Attempt to read from protected data in Parcel 0x7fe7319820
[2026-06-13T06:35:39.927Z] [ALL] 06-13 12:05:37.479 16649 16649 E Parcel  : Attempt to read from protected data in Parcel 0x7fe7319820
[2026-06-13T06:35:39.927Z] [ALL] 06-13 12:05:37.479 16649 16649 E Parcel  : Attempt to read from protected data in Parcel 0x7fe7319820
[2026-06-13T06:35:39.927Z] [ALL] 06-13 12:05:37.479 16649 16649 E Parcel  : Attempt to read from protected data in Parcel 0x7fe7319820
[2026-06-13T06:35:39.964Z] [ALL] 06-13 12:05:37.547 16653 16653 E Parcel  : Attempt to read from protected data in Parcel 0x7feb6eed70
[2026-06-13T06:35:39.964Z] [ALL] 06-13 12:05:37.547 16653 16653 E Parcel  : Attempt to read from protected data in Parcel 0x7feb6eed70
[2026-06-13T06:35:39.964Z] [ALL] 06-13 12:05:37.547 16653 16653 E Parcel  : Attempt to read from protected data in Parcel 0x7feb6eed70
[2026-06-13T06:35:39.964Z] [ALL] 06-13 12:05:37.547 16653 16653 E Parcel  : Attempt to read from protected data in Parcel 0x7feb6eed70
[2026-06-13T06:35:39.964Z] [ALL] 06-13 12:05:37.547 16653 16653 E Parcel  : Attempt to read from protected data in Parcel 0x7feb6eed70
[2026-06-13T06:35:39.980Z] [ALL] 06-13 12:05:37.583 22664 14277 I AlarmManager: setExactAndAllowWhileIdle [name: GCM_HB_ALARM type: 2 triggerAtMillis: 329424728]
[2026-06-13T06:35:40.012Z] [ALL] 06-13 12:05:37.603 22664 14261 I AlarmManager: setExactAndAllowWhileIdle [name: FcmRetry type: 2 triggerAtMillis: 329184746]
[2026-06-13T06:35:40.066Z] [ALL] 06-13 12:05:37.610  7763  7793 E IHansComunication: HANS printMessageBody: RCV message: type = 0,port = 86870,caller_pid = 1129,caller_uid = 1047,target_pid = 24280,target_uid = 10354,pkg_cmd = -1,rpc = android.hardware.ICameraServiceListener/5
[2026-06-13T06:35:40.066Z] [ALL] 06-13 12:05:37.611  7763  7793 E IHansComunication: HANS printMessageBody: RCV message: type = 0,port = 86870,caller_pid = 1129,caller_uid = 1047,target_pid = 20213,target_uid = 10375,pkg_cmd = -1,rpc = android.hardware.ICameraServiceListener/5
[2026-06-13T06:35:40.066Z] [ALL] 06-13 12:05:37.611  7763  7793 E IHansComunication: HANS printMessageBody: RCV message: type = 0,port = 86870,caller_pid = 1129,caller_uid = 1047,target_pid = 24280,target_uid = 10354,pkg_cmd = -1,rpc = android.hardware.ICameraServiceListener/5
[2026-06-13T06:35:40.066Z] [ALL] 06-13 12:05:37.611  7763  7793 E IHansComunication: HANS printMessageBody: RCV message: type = 0,port = 86870,caller_pid = 1129,caller_uid = 1047,target_pid = 20213,target_uid = 10375,pkg_cmd = -1,rpc = android.hardware.ICameraServiceListener/5
[2026-06-13T06:35:40.066Z] [ALL] 06-13 12:05:37.612  1695  2771 I OplusHansManager : unfreeze uid: 10354 com.myntra.android pids: [24280, 24544] reason: AsyncBinder scene: LcdOn
[2026-06-13T06:35:40.066Z] [ALL] 06-13 12:05:37.614  1695  2771 I OplusHansManager : unfreeze uid: 10375 com.mpokket.app pids: [20213, 20627] reason: AsyncBinder scene: LcdOn
[2026-06-13T06:35:40.066Z] [ALL] 06-13 12:05:37.614  1695  2771 I OplusHansManager : forceUnfreezeByPid pid= 24280 reason= unfreezeForKernel: AsyncBinder
[2026-06-13T06:35:40.066Z] [ALL] 06-13 12:05:37.614  1695  2771 I OplusHansManager : forceUnfreezeByPid pid= 20213 reason= unfreezeForKernel: AsyncBinder
[2026-06-13T06:35:40.066Z] [ALL] 06-13 12:05:37.616  1695  2752 I OplusHansManager : uid=10354, pkg=com.myntra.android, transition from F to Middle, reason=AsyncBinder
[2026-06-13T06:35:40.066Z] [ALL] 06-13 12:05:37.616  1695  2752 I OplusHansManager : uid=10354, pkg=com.myntra.android F exit(), F stay=14, reason=AsyncBinder
[2026-06-13T06:35:40.066Z] [ALL] 06-13 12:05:37.616  1695  2752 I OplusHansManager : uid=10375, pkg=com.mpokket.app, transition from F to Middle, reason=AsyncBinder
[2026-06-13T06:35:40.066Z] [ALL] 06-13 12:05:37.616  1695  2752 I OplusHansManager : uid=10375, pkg=com.mpokket.app F exit(), F stay=14, reason=AsyncBinder
[2026-06-13T06:35:40.066Z] [ALL] 06-13 12:05:37.616 22664 16659 I AlarmManager: setExactAndAllowWhileIdle [name: GCM_HB_ALARM type: 2 triggerAtMillis: 329424762]
[2026-06-13T06:35:40.066Z] [ALL] 06-13 12:05:37.619  1695  1775 D CompatibilityChangeReporter: Compat change id reported: 135634846; UID 10236; state: DISABLED
[2026-06-13T06:35:40.066Z] [ALL] 06-13 12:05:37.619  1695  1775 D CompatibilityChangeReporter: Compat change id reported: 177438394; UID 10236; state: DISABLED
[2026-06-13T06:35:40.066Z] [ALL] 06-13 12:05:37.619  1695  1775 D CompatibilityChangeReporter: Compat change id reported: 135772972; UID 10236; state: DISABLED
[2026-06-13T06:35:40.066Z] [ALL] 06-13 12:05:37.620  1695  1775 D CompatibilityChangeReporter: Compat change id reported: 135754954; UID 10236; state: ENABLED
[2026-06-13T06:35:40.066Z] [ALL] 06-13 12:05:37.623  1695  1768 D CompatibilityChangeReporter: Compat change id reported: 143937733; UID 10236; state: ENABLED
[2026-06-13T06:35:40.114Z] [ALL] 06-13 12:05:37.629 16657 16657 E Parcel  : Attempt to read from protected data in Parcel 0x7ff1cee7d0
[2026-06-13T06:35:40.114Z] [ALL] 06-13 12:05:37.630 16657 16657 E Parcel  : Attempt to read from protected data in Parcel 0x7ff1cee7d0
[2026-06-13T06:35:40.114Z] [ALL] 06-13 12:05:37.630 16657 16657 E Parcel  : Attempt to read from protected data in Parcel 0x7ff1cee7d0
[2026-06-13T06:35:40.114Z] [ALL] 06-13 12:05:37.630 16657 16657 E Parcel  : Attempt to read from protected data in Parcel 0x7ff1cee7d0
[2026-06-13T06:35:40.114Z] [ALL] 06-13 12:05:37.630 16657 16657 E Parcel  : Attempt to read from protected data in Parcel 0x7ff1cee7d0
[2026-06-13T06:35:40.114Z] [ALL] 06-13 12:05:37.635  1695  1768 I ActivityManager: Start proc 22840:com.google.android.apps.messaging/u0a236 for broadcast {com.google.android.apps.messaging/com.google.firebase.iid.FirebaseInstanceIdReceiver}
[2026-06-13T06:35:40.114Z] [ALL] 06-13 12:05:37.635  1695  1768 D OplusUIFirst_FB: com.google.android.apps.messaging proc start: 10236 22840 false com.google.android.apps.messaging
[2026-06-13T06:35:40.114Z] [ALL] 06-13 12:05:37.635  1695  1768 D OplusUIFirst_FB: com.google.android.apps.messaging start process: []
[2026-06-13T06:35:40.114Z] [ALL] 06-13 12:05:37.635  1695  1768 D OplusUIFirst_FB: List of ThreadOp: size=0 []
[2026-06-13T06:35:40.114Z] [ALL] 06-13 12:05:37.649 22840 22840 E .apps.messaging: Unknown bits set in runtime_flags: 0x40000000
[2026-06-13T06:35:40.114Z] [ALL] 06-13 12:05:37.649 22840 22840 I .apps.messaging: Using generational CollectorTypeCC GC.
[2026-06-13T06:35:40.114Z] [ALL] 06-13 12:05:37.655 20565 20570 I adbd    : jdwp connection from 22840
[2026-06-13T06:35:40.169Z] [ALL] 06-13 12:05:37.660 22840 22840 D nativeloader: Load libframework-connectivity-tiramisu-jni.so using APEX ns com_android_tethering for caller /apex/com.android.tethering/javalib/framework-connectivity-t.jar: ok
[2026-06-13T06:35:40.169Z] [ALL] 06-13 12:05:37.674 22840 22840 I OneTrace: Mark active for pid=22840? true
[2026-06-13T06:35:40.169Z] [ALL] 06-13 12:05:37.674 22840 22840 D cutils-dev: otrace_set_tracing_enabled? true
[2026-06-13T06:35:40.169Z] [ALL] 06-13 12:05:37.675 22840 16676 D cutils-dev: properties changed in otrace_seq_number_changed!
[2026-06-13T06:35:40.169Z] [ALL] 06-13 12:05:37.675 22840 16676 E .apps.messaging: Could not write anonymous vdex /system/framework/oat/arm64/mediatek-framework.vdex: Could not open /system/framework/oat/arm64/mediatek-framework.vdex for writing
[2026-06-13T06:35:40.169Z] [ALL] 06-13 12:05:37.685  1695  2580 D RGBNormalizeServer: OplusRGBNormalize feature enabled ? false
[2026-06-13T06:35:40.169Z] [ALL] 06-13 12:05:37.690 16675 16675 E Parcel  : Attempt to read from protected data in Parcel 0x7ff62b2bf0
[2026-06-13T06:35:40.169Z] [ALL] 06-13 12:05:37.691 16675 16675 E Parcel  : Attempt to read from protected data in Parcel 0x7ff62b2bf0
[2026-06-13T06:35:40.169Z] [ALL] 06-13 12:05:37.691 16675 16675 E Parcel  : Attempt to read from protected data in Parcel 0x7ff62b2bf0
[2026-06-13T06:35:40.169Z] [ALL] 06-13 12:05:37.691 16675 16675 E Parcel  : Attempt to read from protected data in Parcel 0x7ff62b2bf0
[2026-06-13T06:35:40.169Z] [ALL] 06-13 12:05:37.691 16675 16675 E Parcel  : Attempt to read from protected data in Parcel 0x7ff62b2bf0
[2026-06-13T06:35:40.169Z] [ALL] 06-13 12:05:37.693 22840 16674 V ActivityThread: scheduleReceiver info = ActivityInfo{f5bce32 com.google.firebase.iid.FirebaseInstanceIdReceiver} intent = Intent { act=com.google.android.c2dm.intent.RECEIVE flg=0x11080010 pkg=com.google.android.apps.messaging cmp=com.google.android.apps.messaging/com.google.firebase.iid.FirebaseInstanceIdReceiver (has extras) } sync = true hasCode = 76244726
[2026-06-13T06:35:40.169Z] [ALL] 06-13 12:05:37.696 22840 22840 D CompatibilityChangeReporter: Compat change id reported: 171979766; UID 10236; state: ENABLED
[2026-06-13T06:35:40.169Z] [ALL] 06-13 12:05:37.696 22840 22840 I oplus.android.OplusFrameworkFactoryImpl: get feature:IOplusAutoResolutionFeature
[2026-06-13T06:35:40.169Z] [ALL] 06-13 12:05:37.696 22840 22840 I oplus.android.OplusFrameworkFactoryImpl: getOplusAutoResolutionFeature
[2026-06-13T06:35:40.169Z] [ALL] 06-13 12:05:37.710 22840 22840 I OplusFeatureCache: Milliseconds spent on init(): 14
[2026-06-13T06:35:40.169Z] [ALL] 06-13 12:05:37.712 22840 22840 D CompactWindowAppManager: initCompactApplicationInfo CompactMode: , NormalMode: 
[2026-06-13T06:35:40.169Z] [ALL] 06-13 12:05:37.716 22840 22840 D OplusViewDebugManager: for com.google.android.apps.messaging, enable view debug
[2026-06-13T06:35:40.225Z] [ALL] 06-13 12:05:37.722 22840 22840 W libc    : Access denied finding property "ro.odm.prev.product.name"
[2026-06-13T06:35:40.225Z] [ALL] 06-13 12:05:37.725 22840 22840 D LoadedApk: mApplicationInfo overrideDisplayId:null
[2026-06-13T06:35:40.225Z] [ALL] 06-13 12:05:37.733 22840 22840 D nativeloader: Configuring clns-4 for other apk /system/framework/org.apache.http.legacy.jar. target_sdk_version=37, uses_libraries=ALL, library_path=/data/app/~~MXODY8esPOHCMvXP1D9I9w==/com.google.android.apps.messaging-l56GFKh0o94BWlbGb41_iw==/lib/arm64:/data/app/~~MXODY8esPOHCMvXP1D9I9w==/com.google.android.apps.messaging-l56GFKh0o94BWlbGb41_iw==/base.apk!/lib/arm64-v8a:/data/app/~~MXODY8esPOHCMvXP1D9I9w==/com.google.android.apps.messaging-l56GFKh0o94BWlbGb41_iw==/split_config.arm64_v8a.apk!/lib/arm64-v8a:/data/app/~~MXODY8esPOHCMvXP1D9I9w==/com.google.android.apps.messaging-l56GFKh0o94BWlbGb41_iw==/split_config.en.apk!/lib/arm64-v8a:/data/app/~~MXODY8esPOHCMvXP1D9I9w==/com.google.android.apps.messaging-l56GFKh0o94BWlbGb41_iw==/split_config.xxhdpi.apk!/lib/arm64-v8a, permitted_path=/data:/mnt/expand:/data/user/0/com.google.android.apps.messaging
[2026-06-13T06:35:40.225Z] [ALL] 06-13 12:05:37.733 22840 22840 D nativeloader: Extending system_exposed_libraries: libapuwareapusys.mtk.so:libapuwareapusys_v2.mtk.so:libapuwarexrp.mtk.so:libapuwarexrp_v2.mtk.so:libapuwareutils.mtk.so:libapuwareutils_v2.mtk.so:libapuwarehmp.mtk.so:libmcv_runtime_usdk.mtk.so:libneuron_graph_delegate.mtk.so:libneuronusdk_adapter.mtk.so:libtflite_mtk.mtk.so:libarmnn_ndk.mtk.so:libcmdl_ndk.mtk.so:libnir_neon_driver_ndk.mtk.so:libmvpu_runtime.mtk.so:libmvpu_runtime_pub.mtk.so:libmvpu_engine_pub.mtk.so:libmvpu_pattern_pub.mtk.so:libmvpuop_mtk_cv.mtk.so:libmvpuop_mtk_nn.mtk.so:libSloganJni.oplus.so:libsuperNight.oplus.so
[2026-06-13T06:35:40.225Z] [ALL] 06-13 12:05:37.735  1695  2752 I OplusHansManager : uid=10349, pkg=io.appium.uiautomator2.server can transition from M to F
[2026-06-13T06:35:40.225Z] [ALL] 06-13 12:05:37.735  1695  2752 I OplusHansManager : uid=10349, pkg=io.appium.uiautomator2.server F enter(), M stay=1
[2026-06-13T06:35:40.225Z] [ALL] 06-13 12:05:37.737  1695  2752 I OplusHansManager : freeze uid: 10349 io.appium.uiautomator2.server pids: [13227] scene: LcdOn
[2026-06-13T06:35:40.225Z] [ALL] 06-13 12:05:37.737 22840 22840 D nativeloader: Configuring clns-5 for other apk /system_ext/framework/androidx.window.extensions.jar. target_sdk_version=37, uses_libraries=ALL, library_path=/data/app/~~MXODY8esPOHCMvXP1D9I9w==/com.google.android.apps.messaging-l56GFKh0o94BWlbGb41_iw==/lib/arm64:/data/app/~~MXODY8esPOHCMvXP1D9I9w==/com.google.android.apps.messaging-l56GFKh0o94BWlbGb41_iw==/base.apk!/lib/arm64-v8a:/data/app/~~MXODY8esPOHCMvXP1D9I9w==/com.google.android.apps.messaging-l56GFKh0o94BWlbGb41_iw==/split_config.arm64_v8a.apk!/lib/arm64-v8a:/data/app/~~MXODY8esPOHCMvXP1D9I9w==/com.google.android.apps.messaging-l56GFKh0o94BWlbGb41_iw==/split_config.en.apk!/lib/arm64-v8a:/data/app/~~MXODY8esPOHCMvXP1D9I9w==/com.google.android.apps.messaging-l56GFKh0o94BWlbGb41_iw==/split_config.xxhdpi.apk!/lib/arm64-v8a, permitted_path=/data:/mnt/expand:/data/user/0/com.google.android.apps.messaging
[2026-06-13T06:35:40.225Z] [ALL] 06-13 12:05:37.737 22840 22840 D nativeloader: Extending system_exposed_libraries: libapuwareapusys.mtk.so:libapuwareapusys_v2.mtk.so:libapuwarexrp.mtk.so:libapuwarexrp_v2.mtk.so:libapuwareutils.mtk.so:libapuwareutils_v2.mtk.so:libapuwarehmp.mtk.so:libmcv_runtime_usdk.mtk.so:libneuron_graph_delegate.mtk.so:libneuronusdk_adapter.mtk.so:libtflite_mtk.mtk.so:libarmnn_ndk.mtk.so:libcmdl_ndk.mtk.so:libnir_neon_driver_ndk.mtk.so:libmvpu_runtime.mtk.so:libmvpu_runtime_pub.mtk.so:libmvpu_engine_pub.mtk.so:libmvpu_pattern_pub.mtk.so:libmvpuop_mtk_cv.mtk.so:libmvpuop_mtk_nn.mtk.so:libSloganJni.oplus.so:libsuperNight.oplus.so
[2026-06-13T06:35:40.225Z] [ALL] 06-13 12:05:37.738  7763 13029 D IHansComunication: HansComunication::addUid-- 10349, persistent--0
[2026-06-13T06:35:40.225Z] [ALL] 06-13 12:05:37.738  7763 13029 D IHansComunication: HANS sendMessageToKernel: threadId = 536992353456, netLinkSetup = 1, type = PKG, targetUid = 10349, pkgCmd = ADD_ONE_UID
[2026-06-13T06:35:40.225Z] [ALL] 06-13 12:05:37.740 20565 20565 I adbd    : adbd service requested 'shell,v2:cat /proc/22840/cmdline'
[2026-06-13T06:35:40.225Z] [ALL] 06-13 12:05:37.740 22840 22840 D nativeloader: Configuring clns-6 for other apk /system_ext/framework/androidx.window.sidecar.jar. target_sdk_version=37, uses_libraries=ALL, library_path=/data/app/~~MXODY8esPOHCMvXP1D9I9w==/com.google.android.apps.messaging-l56GFKh0o94BWlbGb41_iw==/lib/arm64:/data/app/~~MXODY8esPOHCMvXP1D9I9w==/com.google.android.apps.messaging-l56GFKh0o94BWlbGb41_iw==/base.apk!/lib/arm64-v8a:/data/app/~~MXODY8esPOHCMvXP1D9I9w==/com.google.android.apps.messaging-l56GFKh0o94BWlbGb41_iw==/split_config.arm64_v8a.apk!/lib/arm64-v8a:/data/app/~~MXODY8esPOHCMvXP1D9I9w==/com.google.android.apps.messaging-l56GFKh0o94BWlbGb41_iw==/split_config.en.apk!/lib/arm64-v8a:/data/app/~~MXODY8esPOHCMvXP1D9I9w==/com.google.android.apps.messaging-l56GFKh0o94BWlbGb41_iw==/split_config.xxhdpi.apk!/lib/arm64-v8a, permitted_path=/data:/mnt/expand:/data/user/0/com.google.android.apps.messaging
[2026-06-13T06:35:40.225Z] [ALL] 06-13 12:05:37.740 22840 22840 D nativeloader: Extending system_exposed_libraries: libapuwareapusys.mtk.so:libapuwareapusys_v2.mtk.so:libapuwarexrp.mtk.so:libapuwarexrp_v2.mtk.so:libapuwareutils.mtk.so:libapuwareutils_v2.mtk.so:libapuwarehmp.mtk.so:libmcv_runtime_usdk.mtk.so:libneuron_graph_delegate.mtk.so:libneuronusdk_adapter.mtk.so:libtflite_mtk.mtk.so:libarmnn_ndk.mtk.so:libcmdl_ndk.mtk.so:libnir_neon_driver_ndk.mtk.so:libmvpu_runtime.mtk.so:libmvpu_runtime_pub.mtk.so:libmvpu_engine_pub.mtk.so:libmvpu_pattern_pub.mtk.so:libmvpuop_mtk_cv.mtk.so:libmvpuop_mtk_nn.mtk.so:libSloganJni.oplus.so:libsuperNight.oplus.so
[2026-06-13T06:35:40.225Z] [ALL] 06-13 12:05:37.743 16680 16680 E Parcel  : Attempt to read from protected data in Parcel 0x7fe8d93140
[2026-06-13T06:35:40.225Z] [ALL] 06-13 12:05:37.744 16680 16680 E Parcel  : Attempt to read from protected data in Parcel 0x7fe8d93140
[2026-06-13T06:35:40.225Z] [ALL] 06-13 12:05:37.744 16680 16680 E Parcel  : Attempt to read from protected data in Parcel 0x7fe8d93140
[2026-06-13T06:35:40.225Z] [ALL] 06-13 12:05:37.744 16680 16680 E Parcel  : Attempt to read from protected data in Parcel 0x7fe8d93140
[2026-06-13T06:35:40.225Z] [ALL] 06-13 12:05:37.744 16680 16680 E Parcel  : Attempt to read from protected data in Parcel 0x7fe8d93140
[2026-06-13T06:35:40.277Z] [ALL] 06-13 12:05:37.812 22840 22840 W .apps.messaging: Failed to find entry 'classes.dex': Entry not found
[2026-06-13T06:35:40.277Z] [ALL] 06-13 12:05:37.813 22840 22840 W .apps.messaging: Failed to find entry 'classes.dex': Entry not found
[2026-06-13T06:35:40.277Z] [ALL] 06-13 12:05:37.813 22840 22840 W .apps.messaging: Failed to find entry 'classes.dex': Entry not found
[2026-06-13T06:35:40.277Z] [ALL] 06-13 12:05:37.814 22840 22840 D nativeloader: Configuring clns-7 for other apk /data/app/~~MXODY8esPOHCMvXP1D9I9w==/com.google.android.apps.messaging-l56GFKh0o94BWlbGb41_iw==/base.apk:/data/app/~~MXODY8esPOHCMvXP1D9I9w==/com.google.android.apps.messaging-l56GFKh0o94BWlbGb41_iw==/split_config.arm64_v8a.apk:/data/app/~~MXODY8esPOHCMvXP1D9I9w==/com.google.android.apps.messaging-l56GFKh0o94BWlbGb41_iw==/split_config.en.apk:/data/app/~~MXODY8esPOHCMvXP1D9I9w==/com.google.android.apps.messaging-l56GFKh0o94BWlbGb41_iw==/split_config.xxhdpi.apk. target_sdk_version=37, uses_libraries=, library_path=/data/app/~~MXODY8esPOHCMvXP1D9I9w==/com.google.android.apps.messaging-l56GFKh0o94BWlbGb41_iw==/lib/arm64:/data/app/~~MXODY8esPOHCMvXP1D9I9w==/com.google.android.apps.messaging-l56GFKh0o94BWlbGb41_iw==/base.apk!/lib/arm64-v8a:/data/app/~~MXODY8esPOHCMvXP1D9I9w==/com.google.android.apps.messaging-l56GFKh0o94BWlbGb41_iw==/split_config.arm64_v8a.apk!/lib/arm64-v8a:/data/app/~~MXODY8esPOHCMvXP1D9I9w==/com.google.android.apps.messaging-l56GFKh0o94BWlbGb41_iw==/split_config
[2026-06-13T06:35:40.277Z] [ALL] 06-13 12:05:37.815 16686 16686 E Parcel  : Attempt to read from protected data in Parcel 0x7feabbfcb0
[2026-06-13T06:35:40.277Z] [ALL] 06-13 12:05:37.815 16686 16686 E Parcel  : Attempt to read from protected data in Parcel 0x7feabbfcb0
[2026-06-13T06:35:40.277Z] [ALL] 06-13 12:05:37.815 16686 16686 E Parcel  : Attempt to read from protected data in Parcel 0x7feabbfcb0
[2026-06-13T06:35:40.277Z] [ALL] 06-13 12:05:37.815 16686 16686 E Parcel  : Attempt to read from protected data in Parcel 0x7feabbfcb0
[2026-06-13T06:35:40.277Z] [ALL] 06-13 12:05:37.815 16686 16686 E Parcel  : Attempt to read from protected data in Parcel 0x7feabbfcb0
[2026-06-13T06:35:40.326Z] [ALL] 06-13 12:05:37.825 22840 22840 D nativeloader: Load libframework-connectivity-jni.so using APEX ns com_android_tethering for caller /apex/com.android.tethering/javalib/framework-connectivity.jar: ok
[2026-06-13T06:35:40.326Z] [ALL] 06-13 12:05:37.829 22840 22840 V GraphicsEnvironment: ANGLE Developer option for 'com.google.android.apps.messaging' set to: 'default'
[2026-06-13T06:35:40.326Z] [ALL] 06-13 12:05:37.830 22840 22840 V GraphicsEnvironment: ANGLE GameManagerService for com.google.android.apps.messaging: false
[2026-06-13T06:35:40.326Z] [ALL] 06-13 12:05:37.835 22840 22840 D NetworkSecurityConfig: Using Network Security Config from resource network_security_config debugBuild: false
[2026-06-13T06:35:40.326Z] [ALL] 06-13 12:05:37.840 22840 22840 D NetworkSecurityConfig: Using Network Security Config from resource network_security_config debugBuild: false
[2026-06-13T06:35:40.326Z] [ALL] 06-13 12:05:37.872 16691 16691 E Parcel  : Attempt to read from protected data in Parcel 0x7fd0c46d40
[2026-06-13T06:35:40.326Z] [ALL] 06-13 12:05:37.872 16691 16691 E Parcel  : Attempt to read from protected data in Parcel 0x7fd0c46d40
[2026-06-13T06:35:40.326Z] [ALL] 06-13 12:05:37.872 16691 16691 E Parcel  : Attempt to read from protected data in Parcel 0x7fd0c46d40
[2026-06-13T06:35:40.326Z] [ALL] 06-13 12:05:37.872 16691 16691 E Parcel  : Attempt to read from protected data in Parcel 0x7fd0c46d40
[2026-06-13T06:35:40.326Z] [ALL] 06-13 12:05:37.872 16691 16691 E Parcel  : Attempt to read from protected data in Parcel 0x7fd0c46d40
[2026-06-13T06:35:40.384Z] [ALL] 06-13 12:05:37.934 16698 16698 E Parcel  : Attempt to read from protected data in Parcel 0x7fcbbfd5e0
[2026-06-13T06:35:40.384Z] [ALL] 06-13 12:05:37.934 16698 16698 E Parcel  : Attempt to read from protected data in Parcel 0x7fcbbfd5e0
[2026-06-13T06:35:40.384Z] [ALL] 06-13 12:05:37.934 16698 16698 E Parcel  : Attempt to read from protected data in Parcel 0x7fcbbfd5e0
[2026-06-13T06:35:40.384Z] [ALL] 06-13 12:05:37.934 16698 16698 E Parcel  : Attempt to read from protected data in Parcel 0x7fcbbfd5e0
[2026-06-13T06:35:40.384Z] [ALL] 06-13 12:05:37.934 16698 16698 E Parcel  : Attempt to read from protected data in Parcel 0x7fcbbfd5e0
[2026-06-13T06:35:40.435Z] [ALL] 06-13 12:05:37.937 22840 22840 D nativeloader: Load libSchedAssistJni.so using system ns (caller=/system/framework/oplus-framework.jar): ok
[2026-06-13T06:35:40.435Z] [ALL] 06-13 12:05:37.937 22840 22840 D ExtensionsLoader: createInstance(64bit) : createExtendedFactory
[2026-06-13T06:35:40.435Z] [ALL] 06-13 12:05:37.937 22840 22840 D ExtensionsLoader: Opened libSchedAssistExtImpl.so
[2026-06-13T06:35:40.435Z] [ALL] 06-13 12:05:37.937 22840 22840 E SchedAssist: ofbOpen failed with error=No such file or directory
[2026-06-13T06:35:40.435Z] [ALL] 06-13 12:05:37.937 22840 22840 E SchedAssist: sysOpen failed with error=No such file or directory
[2026-06-13T06:35:40.435Z] [ALL] 06-13 12:05:37.940 22840 22840 D OplusGraphicsEvent: OplusGraphicsEventListener create now!
[2026-06-13T06:35:40.435Z] [ALL] 06-13 12:05:37.940 22840 22840 D OplusGraphicsEvent: addEventListener success!
[2026-06-13T06:35:40.435Z] [ALL] 06-13 12:05:37.942  1695  2352 E ScrollOptim [OplusPerfService]: isScrollOptimEnable: mSoptBean = ScrollOptimBean, mOptEnable=true, mPreAnimStrategy=1, mPreAnimBlacklist=[com.shopify.arrive, com.max.xiaoheihe, com.heytap.themestore, com.quark.browser, org.telegram.messenger, org.telegram.messenger.web, com.kyk.world, uz.unnarsx.cherrygram, com.android.launcher], mPreAnimWhitelist=[], mInsertNum=1, mFrameInsertList={com.shopify.arrive={}, com.sankuai.meituan={com.sankuai.waimai.business.page.kingkong.KingKongActivity=0, com.sankuai.waimai.business.page.homepage.TakeoutActivity=3}, com.xueqiu.android={com.xueqiu.android.common.imagebrowse.inner.ui.ImageBrowseActivity=0}, com.max.xiaoheihe={com.max.xiaoheihe.module.bbs.post.ui.activitys.WebNewsPostPageActivity=0}, com.heytap.themestore={}, com.sina.weibo={com.sina.weibo.VisitorMainTabActivity=3}, com.tencent.mm={com.tencent.mm.ui.AlbumUI=3, com.tencent.mm.plugin.sns.ui.SnsTimeLineUI=3, com.tencent.mm.plugin.sns.ui.improve.ImproveSnsTimelineUI=3}, com.netease.newsreader.activity={com.netease.newsreader.article.framework.view.NewsPageActivity=0}, com.taobao.idlefish={}, uz.unnarsx.cherrygram={uz.unnarsx.cherrygram.CG_Icon_Cherry=0}, com.kyk.world={}, com.android.launcher={}}, mSCEnableList={com.ss.android.ugc.aweme=[com.ss.android.ugc.aweme.splash.SplashActivity], com.sankuai.meituan=[com.meituan.android.pt.homepage.activity.MainActivity, com.sankuai.waimai.business.restaurant.poicontainer.WMRestaurantActivity, com.sankuai.waimai.business.page.homepage.TakeoutActivity], com.dragon.read=[com.dragon.read.pages.main.MainFragmentActivity], com.sina.weibo=[com.sina.weibo.VisitorMainTabActivity], com.xunmeng.pinduoduo=[com.xunmeng.pinduoduo.activity.NewPageActivity], com.tencent.qqmusic=[com.tencent.qqmusic.activity.AppStarterActivity], com.tencent.mobileqq=[com.qzone.feed.ui.activity.QZoneFriendFeedActivity], com.tencent.qqlive=[com.tencent.qqlive.ona.activity.SplashHomeActivity], com.ct.client=[com.ct.client.activity.MainActivity]}
[2026-06-13T06:35:40.435Z] [ALL] 06-13 12:05:37.943  1695  2352 E ScrollOptim [OplusPerfService]: isScrollOptimEnable: pkgName = com.google.android.apps.messaging, output = Bundle[{pre_anim_enable=true, frame_insert_list=null, frame_insert_default_num=1, scroll_changed_enable_list=null}]
[2026-06-13T06:35:40.435Z] [ALL] 06-13 12:05:37.943 22840 22840 D ScrollOptim [ConfigManager]: initOptConfig: pkg= com.google.android.apps.messaging, mOptEnable= true, mAnimAheadEnable= true, mInsertDefaultNum= 1, mFrameInsertEnableList= {}, mSCEnableList= []
[2026-06-13T06:35:40.435Z] [ALL] 06-13 12:05:37.946 22840 22840 I eyec    : SslGuard completed installation.
[2026-06-13T06:35:40.435Z] [ALL] 06-13 12:05:37.952 20565 20565 I adbd    : adbd service requested 'shell,v2:cat /proc/22840/cmdline'
[2026-06-13T06:35:40.435Z] [ALL] 06-13 12:05:37.964 22840 16700 D nativeloader: Load /data/app/~~MXODY8esPOHCMvXP1D9I9w==/com.google.android.apps.messaging-l56GFKh0o94BWlbGb41_iw==/split_config.arm64_v8a.apk!/lib/arm64-v8a/libnative_crash_handler_jni.so using class loader ns clns-7 (caller=/data/app/~~MXODY8esPOHCMvXP1D9I9w==/com.google.android.apps.messaging-l56GFKh0o94BWlbGb41_iw==/base.apk!classes3.dex): ok
[2026-06-13T06:35:40.435Z] [ALL] 06-13 12:05:37.967  1695  2580 D CompatibilityChangeReporter: Compat change id reported: 161145287; UID 10236; state: DISABLED
[2026-06-13T06:35:40.435Z] [ALL] 06-13 12:05:37.968 22840 22840 I Bugle   : BugleApplicationBase: Bugle version: messages.android_20260523_00_rc00.phone_dynamic , Bugle version code: 310772063
[2026-06-13T06:35:40.435Z] [ALL] 06-13 12:05:37.968 22840 22840 I Bugle   : DarkModeManager: setDarkMode: -1
[2026-06-13T06:35:40.435Z] [ALL] 06-13 12:05:37.969 22840 22840 D OplusActivityManager: get AMS extension: android.os.BinderProxy@edd827d
[2026-06-13T06:35:40.435Z] [ALL] 06-13 12:05:37.975 22840 16715 I stetho  : Listening on @stetho_com.google.android.apps.messaging_devtools_remote
[2026-06-13T06:35:40.486Z] [ALL] 06-13 12:05:37.991  1000  1703 D OplusHecate: pixels[1077,117]=0xfff0e8e2
[2026-06-13T06:35:40.486Z] [ALL] 06-13 12:05:38.008 22664 22720 W OplusExSystemServiceHelper: checkOplusExSystemService intent getComponent is null
[2026-06-13T06:35:40.486Z] [ALL] 06-13 12:05:38.030 16720 16720 E Parcel  : Attempt to read from protected data in Parcel 0x7fe6f85240
[2026-06-13T06:35:40.486Z] [ALL] 06-13 12:05:38.030 16720 16720 E Parcel  : Attempt to read from protected data in Parcel 0x7fe6f85240
[2026-06-13T06:35:40.486Z] [ALL] 06-13 12:05:38.030 16720 16720 E Parcel  : Attempt to read from protected data in Parcel 0x7fe6f85240
[2026-06-13T06:35:40.486Z] [ALL] 06-13 12:05:38.030 16720 16720 E Parcel  : Attempt to read from protected data in Parcel 0x7fe6f85240
[2026-06-13T06:35:40.486Z] [ALL] 06-13 12:05:38.030 16720 16720 E Parcel  : Attempt to read from protected data in Parcel 0x7fe6f85240
[2026-06-13T06:35:40.532Z] [ALL] 06-13 12:05:38.042 22840 16712 I Bugle   : DatabaseHelperBasic.doInitializationTraced
[2026-06-13T06:35:40.532Z] [ALL] 06-13 12:05:38.042 22840 16713 I Bugle   : DatabaseHelperBasic.doInitializationTraced
[2026-06-13T06:35:40.532Z] [ALL] 06-13 12:05:38.043 22840 16711 I Bugle   : DatabaseHelperBasic.doInitializationTraced
[2026-06-13T06:35:40.532Z] [ALL] 06-13 12:05:38.054 22840 16727 E FirebaseMessaging: Default FirebaseApp has not been initialized. Skip logging event to GA.
[2026-06-13T06:35:40.532Z] [ALL] 06-13 12:05:38.055 22840 16727 I FirebaseMessaging: FirebaseApp has not being initialized. Device might be in direct boot mode. Skip exporting delivery metrics to Big Query
[2026-06-13T06:35:40.532Z] [ALL] 06-13 12:05:38.058 22840 16711 I Bugle   : DatabaseHelperBasic: sqlite version is 3.32.2
[2026-06-13T06:35:40.532Z] [ALL] 06-13 12:05:38.074 22840 16712 I Bugle   : DatabaseHelperBasic: sqlite version is 3.32.2
[2026-06-13T06:35:40.532Z] [ALL] 06-13 12:05:38.081 22840 16711 I Bugle   : DatabaseHelperBasic.doInitializationTraced() returned SQLiteDatabase: /data/user/0/com.google.android.apps.messaging/databases/workqueue_db
[2026-06-13T06:35:40.532Z] [ALL] 06-13 12:05:38.081 22840 16712 I Bugle   : DatabaseHelperBasic.doInitializationTraced() returned SQLiteDatabase: /data/user/0/com.google.android.apps.messaging/databases/bugle_backup_db
[2026-06-13T06:35:40.532Z] [ALL] 06-13 12:05:38.081 22840 16711 I Bugle   : DatabaseHelperBasic.doInitializationTraced returned SQLiteDatabase: /data/user/0/com.google.android.apps.messaging/databases/workqueue_db
[2026-06-13T06:35:40.532Z] [ALL] 06-13 12:05:38.081 22840 16712 I Bugle   : DatabaseHelperBasic.doInitializationTraced returned SQLiteDatabase: /data/user/0/com.google.android.apps.messaging/databases/bugle_backup_db
[2026-06-13T06:35:40.583Z] [ALL] 06-13 12:05:38.095 22840 16727 I RcsProvisioningManager: Scheduling identity mapping backfill.
[2026-06-13T06:35:40.583Z] [ALL] 06-13 12:05:38.095 22840 16712 I RcsProvisioningManager: Calculating availability
[2026-06-13T06:35:40.583Z] [ALL] 06-13 12:05:38.096 22840 16712 I RcsProvisioningManager: Computing availability for all sims.
[2026-06-13T06:35:40.583Z] [ALL] 06-13 12:05:38.104 16729 16729 E Parcel  : Attempt to read from protected data in Parcel 0x7fcccdd870
[2026-06-13T06:35:40.583Z] [ALL] 06-13 12:05:38.105 16729 16729 E Parcel  : Attempt to read from protected data in Parcel 0x7fcccdd870
[2026-06-13T06:35:40.583Z] [ALL] 06-13 12:05:38.105 16729 16729 E Parcel  : Attempt to read from protected data in Parcel 0x7fcccdd870
[2026-06-13T06:35:40.583Z] [ALL] 06-13 12:05:38.105 16729 16729 E Parcel  : Attempt to read from protected data in Parcel 0x7fcccdd870
[2026-06-13T06:35:40.583Z] [ALL] 06-13 12:05:38.105 16729 16729 E Parcel  : Attempt to read from protected data in Parcel 0x7fcccdd870
[2026-06-13T06:35:40.583Z] [ALL] 06-13 12:05:38.118 22664 22664 D BoundBrokerSvc: onRebind: Intent { act=com.google.android.gms.time.trustedtime.service.START dat=chimera-action:/... cmp=com.google.android.gms/.chimera.PersistentDirectBootAwareApiService }
[2026-06-13T06:35:40.583Z] [ALL] 06-13 12:05:38.135 22840 16727 I Bugle   : TelephonyManagerFactory: Returning per-subscription TelephonyManager (>= N) subscription{id:4}
[2026-06-13T06:35:40.583Z] [ALL] 06-13 12:05:38.140 22840 16714 I Bugle   : Initializing EmojiCompat
[2026-06-13T06:35:40.633Z] [ALL] 06-13 12:05:38.144 22664 22664 D BoundBrokerSvc: onBind: Intent { act=com.google.android.gms.time.trustedtime.singleuserapi.service.START dat=chimera-action:/... cmp=com.google.android.gms/.chimera.PersistentSingleUserInternalApiService }
[2026-06-13T06:35:40.633Z] [ALL] 06-13 12:05:38.144 22664 22664 D BoundBrokerSvc: Loading bound service for intent: Intent { act=com.google.android.gms.time.trustedtime.singleuserapi.service.START dat=chimera-action:/... cmp=com.google.android.gms/.chimera.PersistentSingleUserInternalApiService }
[2026-06-13T06:35:40.633Z] [ALL] 06-13 12:05:38.149 22840 16712 I RcsAvailabilityCache: Cached availability not found for simId: redacted-pii:sim_id[chars:20,last3:944]
[2026-06-13T06:35:40.633Z] [ALL] 06-13 12:05:38.150 22840 16712 I RcsAvailabilityCache: Cached availability not found for simId: redacted-pii:sim_id[chars:20,last3:944]
[2026-06-13T06:35:40.633Z] [ALL] 06-13 12:05:38.152 22840 16714 I CarrierServices: Initializing Carrier Services Library. [CONTEXT thread_id=29094 ]
[2026-06-13T06:35:40.633Z] [ALL] 06-13 12:05:38.164 22664 22720 I FontLog : (REDACTED) Received query %s, URI %s
[2026-06-13T06:35:40.633Z] [ALL] 06-13 12:05:38.164 22664 22720 I FontLog : (REDACTED) Query [%s] resolved to %s
[2026-06-13T06:35:40.683Z] [ALL] 06-13 12:05:38.168 22664 22720 I FontLog : (REDACTED) Fetch %s end status %s
[2026-06-13T06:35:40.683Z] [ALL] 06-13 12:05:38.171 22664 22678 I FontLog : (REDACTED) Pulling font file for id = %d, cache size = %d
[2026-06-13T06:35:40.683Z] [ALL] 06-13 12:05:38.174 16736 16736 E Parcel  : Attempt to read from protected data in Parcel 0x7fdf001860
[2026-06-13T06:35:40.683Z] [ALL] 06-13 12:05:38.174 16736 16736 E Parcel  : Attempt to read from protected data in Parcel 0x7fdf001860
[2026-06-13T06:35:40.683Z] [ALL] 06-13 12:05:38.174 16736 16736 E Parcel  : Attempt to read from protected data in Parcel 0x7fdf001860
[2026-06-13T06:35:40.683Z] [ALL] 06-13 12:05:38.174 16736 16736 E Parcel  : Attempt to read from protected data in Parcel 0x7fdf001860
[2026-06-13T06:35:40.683Z] [ALL] 06-13 12:05:38.174 16736 16736 E Parcel  : Attempt to read from protected data in Parcel 0x7fdf001860
[2026-06-13T06:35:40.683Z] [ALL] 06-13 12:05:38.177 22840 16727 I BugleNetwork: ReceiverIdParser: Extracted receiver id from firebase tickle, receiverId: redacted-pii[13-chars], type: 1
[2026-06-13T06:35:40.683Z] [ALL] 06-13 12:05:38.178 22664 22678 I FontLog : (REDACTED) Pulling font file for id = %d, cache size = %d
[2026-06-13T06:35:40.683Z] [ALL] 06-13 12:05:38.178 22840 16712 I Bugle   : Has Samsung system feature: false
[2026-06-13T06:35:40.683Z] [ALL] 06-13 12:05:38.184 22664 22678 I FontLog : (REDACTED) Received query %s, URI %s
[2026-06-13T06:35:40.683Z] [ALL] 06-13 12:05:38.184 22664 22678 I FontLog : (REDACTED) Query [%s] resolved to %s
[2026-06-13T06:35:40.683Z] [ALL] 06-13 12:05:38.186 22840 16727 I BuglePipeline: Phone Fcm tickle received, precomputing PipelineWorkRepository cache
[2026-06-13T06:35:40.683Z] [ALL] 06-13 12:05:38.186 22664 22678 I FontLog : (REDACTED) Fetch %s end status %s
[2026-06-13T06:35:40.683Z] [ALL] 06-13 12:05:38.188 22840 16742 I BuglePipeline: WorkItemCache is not initialized, retrieving records from the db.
[2026-06-13T06:35:40.683Z] [ALL] 06-13 12:05:38.193 22664 22720 I FontLog : (REDACTED) Pulling font file for id = %d, cache size = %d
[2026-06-13T06:35:40.683Z] [ALL] 06-13 12:05:38.200 22840 16727 I BugleNetwork: Handling non-Ditto firebase tickle. Type: [Phone], ID: [410185360613114111221200_2026-06-13], isHighPriority: [true], isForeground: [false], tickleSource: [FCM]
[2026-06-13T06:35:40.683Z] [ALL] 06-13 12:05:38.206 22664 22664 D BoundBrokerSvc: onRebind: Intent { act=com.google.android.gms.common.telemetry.service.START dat=chimera-action:/... cmp=com.google.android.gms/.chimera.PersistentApiService }
[2026-06-13T06:35:40.683Z] [ALL] 06-13 12:05:38.213 22840 16714 I CarrierServices: Initializing Carrier Services Logging. [CONTEXT thread_id=29094 ]
[2026-06-13T06:35:40.683Z] [ALL] 06-13 12:05:38.213 22664 22678 I FontLog : (REDACTED) Pulling font file for id = %d, cache size = %d
[2026-06-13T06:35:40.683Z] [ALL] 06-13 12:05:38.220 22840 16714 I LogSaver: LogSaver new instance with filename: carrier_services
[2026-06-13T06:35:40.725Z] [ALL] 06-13 12:05:38.247 22840 16714 I BugleBackup: Registering preference change listener for "bugle".
[2026-06-13T06:35:40.725Z] [ALL] 06-13 12:05:38.248 22840 16727 I RcsProvisioningManager: Scheduling identity mapping backfill.
[2026-06-13T06:35:40.725Z] [ALL] 06-13 12:05:38.250 22840 16727 I BugleNetwork: Prewarm service starting
[2026-06-13T06:35:40.726Z] [ALL] 06-13 12:05:38.250 16748 16748 E Parcel  : Attempt to read from protected data in Parcel 0x7fcfbd7420
[2026-06-13T06:35:40.726Z] [ALL] 06-13 12:05:38.250 16748 16748 E Parcel  : Attempt to read from protected data in Parcel 0x7fcfbd7420
[2026-06-13T06:35:40.726Z] [ALL] 06-13 12:05:38.250 16748 16748 E Parcel  : Attempt to read from protected data in Parcel 0x7fcfbd7420
[2026-06-13T06:35:40.726Z] [ALL] 06-13 12:05:38.250 16748 16748 E Parcel  : Attempt to read from protected data in Parcel 0x7fcfbd7420
[2026-06-13T06:35:40.726Z] [ALL] 06-13 12:05:38.250 16748 16748 E Parcel  : Attempt to read from protected data in Parcel 0x7fcfbd7420
[2026-06-13T06:35:40.726Z] [ALL] 06-13 12:05:38.273 22840 16727 I DefaultForegroundServic: BuildCompat.isAtLeastU()=false, isTargetSdkAtLeastU()=true
[2026-06-13T06:35:40.726Z] [ALL] 06-13 12:05:38.275 22840 16713 I Bugle   : DatabaseHelperBasic: sqlite version is 3.32.2
[2026-06-13T06:35:40.726Z] [ALL] 06-13 12:05:38.280  1695  3175 I ActivityManager: Background started FGS: Allowed [callingPackage: com.google.android.apps.messaging; callingUid: 10236; uidState: BFGS; intent: Intent { cmp=com.google.android.apps.messaging/com.google.apps.tiktok.concurrent.InternalForegroundService (has extras) }; code:PROC_STATE_BFGS; tempAllowListReason:<broadcast:u0a136:com.google.android.c2dm.intent.RECEIVE,reason:high-prio FCM,reasonCode:PUSH_MESSAGING,duration:20000,callingUid:10136>; targetSdkVersion:37; callerTargetSdkVersion:37; startForegroundCount:0; bindFromPackage:null]
[2026-06-13T06:35:40.776Z] [ALL] 06-13 12:05:38.281  1695  1767 I DropBoxManagerService: add tag=system_server_wtf isTagEnabled=true flags=0x2
[2026-06-13T06:35:40.776Z] [ALL] 06-13 12:05:38.284  1695  1767 D DropBoxManagerService: file :: /data/system/dropbox/system_server_wtf@1781332538282.txt
[2026-06-13T06:35:40.776Z] [ALL] 06-13 12:05:38.285  1695  1767 W AES     : Exception Log handling...
[2026-06-13T06:35:40.776Z] [ALL] 06-13 12:05:38.296 22664  4292 W BpBinder: Large outgoing transaction of 449252 bytes, interface descriptor <uncached descriptor>, code 4
[2026-06-13T06:35:40.776Z] [ALL] 06-13 12:05:38.301 22840 22840 I ForegroundServiceTracke: starting foregroundService with type=none
[2026-06-13T06:35:40.776Z] [ALL] 06-13 12:05:38.302  1695  3175 W ActivityManager: Foreground service started from background can not have location/camera/microphone access: service com.google.android.apps.messaging/com.google.apps.tiktok.concurrent.InternalForegroundService
[2026-06-13T06:35:40.776Z] [ALL] 06-13 12:05:38.306 22664 22678 W OplusExSystemServiceHelper: checkOplusExSystemService intent getComponent is null
[2026-06-13T06:35:40.776Z] [ALL] 06-13 12:05:38.306 22840 16713 I BugleDataModel: HeavyWorkQueueEmptyObserver: Starting observation of WorkQueueWorkManagerTable
[2026-06-13T06:35:40.815Z] [ALL] 06-13 12:05:38.328 22840 16713 I BugleJobs: Starting sync data to wearable message observer. [CONTEXT class_name="SyncDataToWearableMessageChangeObserver" ]
[2026-06-13T06:35:40.815Z] [ALL] 06-13 12:05:38.333 22840 16713 I Bugle   : DatabaseHelperBasic.doInitializationTraced() returned SQLiteDatabase: /data/user/0/com.google.android.apps.messaging/databases/bugle_db
[2026-06-13T06:35:40.815Z] [ALL] 06-13 12:05:38.333 22840 16713 I Bugle   : DatabaseHelperBasic.doInitializationTraced returned SQLiteDatabase: /data/user/0/com.google.android.apps.messaging/databases/bugle_db
[2026-06-13T06:35:40.815Z] [ALL] 06-13 12:05:38.337 22840 22840 D CompatibilityChangeReporter: Compat change id reported: 119147584; UID 10236; state: ENABLED
[2026-06-13T06:35:40.815Z] [ALL] 06-13 12:05:38.341 16759 16759 E Parcel  : Attempt to read from protected data in Parcel 0x7ffc711810
[2026-06-13T06:35:40.815Z] [ALL] 06-13 12:05:38.341 16759 16759 E Parcel  : Attempt to read from protected data in Parcel 0x7ffc711810
[2026-06-13T06:35:40.815Z] [ALL] 06-13 12:05:38.341 16759 16759 E Parcel  : Attempt to read from protected data in Parcel 0x7ffc711810
[2026-06-13T06:35:40.815Z] [ALL] 06-13 12:05:38.341 16759 16759 E Parcel  : Attempt to read from protected data in Parcel 0x7ffc711810
[2026-06-13T06:35:40.815Z] [ALL] 06-13 12:05:38.341 16759 16759 E Parcel  : Attempt to read from protected data in Parcel 0x7ffc711810
[2026-06-13T06:35:40.815Z] [ALL] 06-13 12:05:38.349 22840 16706 D CompatibilityChangeReporter: Compat change id reported: 303742236; UID 10236; state: ENABLED
[2026-06-13T06:35:40.815Z] [ALL] 06-13 12:05:38.360 22840 16706 I BugleRcsProvisioning: BugleSystemBindingManager: onBuglePhenotypeFlagChanged
[2026-06-13T06:35:40.815Z] [ALL] 06-13 12:05:38.360  1695  2352 W PackageManager: package unknown uid 10236 pid 22840 call SetEnabledSetting(com.google.android.apps.messaging component = com.google.android.ims.binding.SystemBindingService, 1, 0)
[2026-06-13T06:35:40.815Z] [ALL] 06-13 12:05:38.361 22840 16706 I BugleTransport: Not kicking off update transport registration because RCS provisioning change has not been received.
[2026-06-13T06:35:40.815Z] [ALL] 06-13 12:05:38.361 22840 16709 I BugleRcsEngine: SystemBinding enabled: true [CONTEXT log_prefix="SystemBindingManager" thread_id=29089 ]
[2026-06-13T06:35:40.815Z] [ALL] 06-13 12:05:38.362 22840 16697 I BugleRcsEngine: System Binding updated [CONTEXT thread_id=29082 ]
[2026-06-13T06:35:40.815Z] [ALL] 06-13 12:05:38.369  1695  2352 W PackageManager: package unknown uid 10236 pid 22840 call SetEnabledSetting(com.google.android.apps.messaging component = com.google.android.apps.messaging.auto.MessagingTemplateScreenServiceModule, 1, 0)
[2026-06-13T06:35:40.863Z] [ALL] 06-13 12:05:38.378  2757  3233 I Athena  : CommonAction: 21,2363,168,3601,5632,37,192,0,2671,2408,915,1313
[2026-06-13T06:35:40.863Z] [ALL] 06-13 12:05:38.378 22840 16708 D WM-PackageManagerHelper: Skipping component enablement for androidx.work.impl.background.systemjob.SystemJobService
[2026-06-13T06:35:40.863Z] [ALL] 06-13 12:05:38.379 22840 16708 D WM-Schedulers: Created SystemJobScheduler and enabled SystemJobService
[2026-06-13T06:35:40.863Z] [ALL] 06-13 12:05:38.380 22840 16750 D WM-ForceStopRunnable: Is default app process = true
[2026-06-13T06:35:40.863Z] [ALL] 06-13 12:05:38.380 22840 16750 D WM-ForceStopRunnable: Performing cleanup operations.
[2026-06-13T06:35:40.863Z] [ALL] 06-13 12:05:38.388 22840 16712 I BugleRcsEngine: [SR]: Single Registration is disabled. Skipping Single Registration capability check for subId: 5 [CONTEXT thread_id=29092 ]
[2026-06-13T06:35:40.863Z] [ALL] 06-13 12:05:38.395 22840 16712 I BugleRcsProvisioning: RcsAvailability configuration availability and enabled status: simId: redacted-pii:sim_id[chars:20,last3:944], SipConnectionType: DUAL_REG, isConfigurationAvailableAndEnabled: true
[2026-06-13T06:35:40.863Z] [ALL] 06-13 12:05:38.395 22840 16712 I BugleRcsProvisioning: Checking isConfigServerUrlAvailable with simId: redacted-pii:sim_id[chars:20,last3:944], 
[2026-06-13T06:35:40.863Z] [ALL] 06-13 12:05:38.396 22840 16712 I BugleRcsEngine: getConfigServerUrl with simId: redacted-pii:sim_id[chars:20,last3:944] [CONTEXT log_prefix="ProvisioningServerUtil" thread_id=29092 ]
[2026-06-13T06:35:40.863Z] [ALL] 06-13 12:05:38.396 22840 16712 I BugleRcsEngine: Using MCC based URL [CONTEXT log_prefix="ProvisioningServerUtil" thread_id=29092 ]
[2026-06-13T06:35:40.863Z] [ALL] 06-13 12:05:38.398 22840 16712 I ProvisioningServerUtil: ProvisioningServerUtil: Getting mcc from SimSubscriptionInfo.
[2026-06-13T06:35:40.863Z] [ALL] 06-13 12:05:38.400 22840 16745 I BugleDataModel: 4 not running because already up to date, upgradeCommand: EXECUTE_UPGRADE, version: 1
[2026-06-13T06:35:40.863Z] [ALL] 06-13 12:05:38.402 22840 16712 I BugleRcsProvisioning: RcsAvailability: Subscription Id: 5, simId: redacted-pii:sim_id[chars:20,last3:944], sipConnectionType: DUAL_REG, isRcsAvailable: true
[2026-06-13T06:35:40.863Z] [ALL] 06-13 12:05:38.402 22840 16712 I BugleRcsProvisioning: updateAvailabilityForRcsProvisioningId. SimId: redacted-pii:sim_id[chars:20,last3:944], currentAvailability: 1, newAvailability: 7, hint: NO_HINT
[2026-06-13T06:35:40.863Z] [ALL] 06-13 12:05:38.403 22840 16712 I RcsProvisioningManager: Receive onRcsAvailabilityUpdate, SIM = redacted-pii:sim_id[chars:20,last3:944], availability = RcsAvailability{mAvailability=AVAILABLE (RCS is setup)}
[2026-06-13T06:35:40.863Z] [ALL] 06-13 12:05:38.404 22840 16712 I RcsProvisioningManager: Configuration is empty: false for simId: redacted-pii:sim_id[chars:35,last3:44)]
[2026-06-13T06:35:40.863Z] [ALL] 06-13 12:05:38.405 22840 16742 I BugleDataModel: 8 not running because already up to date, upgradeCommand: EXECUTE_UPGRADE, version: 1
[2026-06-13T06:35:40.863Z] [ALL] 06-13 12:05:38.407 22840 16744 I BugleDataModel: 2 not running because already up to date, upgradeCommand: EXECUTE_UPGRADE, version: 4
[2026-06-13T06:35:40.863Z] [ALL] 06-13 12:05:38.411 22840 16744 I BugleDataModel: 11 not running because already up to date, upgradeCommand: EXECUTE_UPGRADE, version: 1
[2026-06-13T06:35:40.863Z] [ALL] 06-13 12:05:38.412 22840 16706 D CompatibilityChangeReporter: Compat change id reported: 160794467; UID 10236; state: ENABLED
[2026-06-13T06:35:40.863Z] [ALL] 06-13 12:05:38.412 16764 16764 E Parcel  : Attempt to read from protected data in Parcel 0x7ff5898c40
[2026-06-13T06:35:40.863Z] [ALL] 06-13 12:05:38.412 16764 16764 E Parcel  : Attempt to read from protected data in Parcel 0x7ff5898c40
[2026-06-13T06:35:40.863Z] [ALL] 06-13 12:05:38.412 16764 16764 E Parcel  : Attempt to read from protected data in Parcel 0x7ff5898c40
[2026-06-13T06:35:40.863Z] [ALL] 06-13 12:05:38.412 16764 16764 E Parcel  : Attempt to read from protected data in Parcel 0x7ff5898c40
[2026-06-13T06:35:40.863Z] [ALL] 06-13 12:05:38.412 16764 16764 E Parcel  : Attempt to read from protected data in Parcel 0x7ff5898c40
[2026-06-13T06:35:40.863Z] [ALL] 06-13 12:05:38.412 22840 16742 I BugleDataModel: 9 not running because already up to date, upgradeCommand: EXECUTE_DOWNGRADE, version: 2
[2026-06-13T06:35:40.863Z] [ALL] 06-13 12:05:38.412 22840 16712 I Bugle   : CountryCodeDetector: updateSmsNetworkCountry from default subscription network country. detected country: in
[2026-06-13T06:35:40.863Z] [ALL] 06-13 12:05:38.414 22840 16743 I BugleDataModel: 3 not running because already up to date, upgradeCommand: EXECUTE_UPGRADE, version: 2
[2026-06-13T06:35:40.863Z] [ALL] 06-13 12:05:38.414 22840 16712 I RcsProvisioningManager: getAvailabilityForRcsProvisioningIdSync: RcsAvailability{mAvailability=AVAILABLE (RCS is setup)}
[2026-06-13T06:35:40.863Z] [ALL] 06-13 12:05:38.414 22840 16706 I BugleRcsEngine: Cannot use CS.apk as it's battery optimized [CONTEXT thread_id=29087 ]
[2026-06-13T06:35:40.863Z] [ALL] 06-13 12:05:38.414 22840 16712 I RcsProvisioningManager: Receive onRcsAvailabilityUpdate, SIM = redacted-pii:sim_id[chars:20,last3:944], availability = RcsAvailability{mAvailability=AVAILABLE (RCS is setup)}
[2026-06-13T06:35:40.863Z] [ALL] 06-13 12:05:38.414 22840 16711 I RcsProvisioningManager: CommonRcsProvisioningChangeListenerHandler.notifyListener : Notify RcsProvisioningChangeListener duhq@c2e384f onRcsProvisioningChange, SIM = redacted-pii:sim_id[chars:35,last3:44)], available rcs provisioning ids  = redacted-pii:sim_id[chars:20,last3:944]
[2026-06-13T06:35:40.863Z] [ALL] 06-13 12:05:38.414 22840 16713 I RcsProvisioningManager: AvailabilityObserver.onUpdate : Notify RcsAvailabilityListener dihn@2648ff3 onRcsAvailabilityUpdate, SIM = redacted-pii:sim_id[chars:20,last3:944], availability = 7
[2026-06-13T06:35:40.863Z] [ALL] 06-13 12:05:38.416 22840 16749 I RcsProvisioningManager: AvailabilityObserver.onUpdate : Notify RcsAvailabilityListener dcou@b794f29 onRcsAvailabilityUpdate, SIM = redacted-pii:sim_id[chars:20,last3:944], availability = 7
[2026-06-13T06:35:40.863Z] [ALL] 06-13 12:05:38.416 22840 16706 I BugleSatellite: Processing Phenotype flag changes.
[2026-06-13T06:35:40.863Z] [ALL] 06-13 12:05:38.416 22840 16768 I RcsClientLib: Service is deprecated skipping connection attempt: EventService
[2026-06-13T06:35:40.918Z] [ALL] 06-13 12:05:38.416 22840 16768 I RcsClientLib: Service is deprecated skipping connection attempt: ContactsService
[2026-06-13T06:35:40.918Z] [ALL] 06-13 12:05:38.417 22840 16768 I RcsClientLib: Service is deprecated skipping connection attempt: FileTransferService
[2026-06-13T06:35:40.918Z] [ALL] 06-13 12:05:38.417 22840 16768 I RcsClientLib: Service is deprecated skipping connection attempt: LocationSharingService
[2026-06-13T06:35:40.918Z] [ALL] 06-13 12:05:38.417 22840 16768 I RcsClientLib: Service is deprecated skipping connection attempt: ImsConnectionTrackerService
[2026-06-13T06:35:40.918Z] [ALL] 06-13 12:05:38.417 22840 16712 I RcsProvisioningManager: Configuration is empty: false for simId: redacted-pii:sim_id[chars:35,last3:44)]
[2026-06-13T06:35:40.918Z] [ALL] 06-13 12:05:38.417 22840 16768 I RcsClientLib: Service is deprecated skipping connection attempt: RcsProfileService
[2026-06-13T06:35:40.918Z] [ALL] 06-13 12:05:38.417 22840 16768 I RcsClientLib: Service is deprecated skipping connection attempt: RcsMessagingService
[2026-06-13T06:35:40.918Z] [ALL] 06-13 12:05:38.417 22840 16768 I BugleRcs: connecting to 7 Rcs Services
[2026-06-13T06:35:40.918Z] [ALL] 06-13 12:05:38.417 22840 16770 I BugleTransport: Retrieved RCS available simIds: [redacted-pii[20-chars]]
[2026-06-13T06:35:40.918Z] [ALL] 06-13 12:05:38.418 22840 16696 I BugleCME: updateVerifiedAddress [CONTEXT sub_id=5 ]
[2026-06-13T06:35:40.918Z] [ALL] 06-13 12:05:38.418 22840 16747 I BugleSatellite: Reporting to Telephony: SMS supported = true
[2026-06-13T06:35:40.918Z] [ALL] 06-13 12:05:38.418 22840 16743 I RcsProvisioningFlow: EVENT_TYPE_PROVISIONING_SUCCEEDED logging skipped for redacted-pii:sim_id[chars:20,last3:944] because of NOT_ELIGIBLE_PREVIOUS_EVENT_NOT_LOGGED
[2026-06-13T06:35:40.918Z] [ALL] 06-13 12:05:38.418 22840 16769 I RcsProvisioningManager: AvailabilityObserver.onUpdate : Notify RcsAvailabilityListener dcou@b794f29 onRcsAvailabilityUpdate, SIM = redacted-pii:sim_id[chars:20,last3:944], availability = 7
[2026-06-13T06:35:40.918Z] [ALL] 06-13 12:05:38.419 22840 16768 I RcsProvisioningManager: CommonRcsProvisioningChangeListenerHandler.notifyListener : Notify RcsProvisioningChangeListener duhq@c2e384f onRcsProvisioningChange, SIM = redacted-pii:sim_id[chars:35,last3:44)], available rcs provisioning ids  = redacted-pii:sim_id[chars:20,last3:944]
[2026-06-13T06:35:40.918Z] [ALL] 06-13 12:05:38.420 22840 16770 I BugleTransport: Enabled chat transport for SIM = redacted-pii[20-chars] is TACHYGRAM
[2026-06-13T06:35:40.918Z] [ALL] 06-13 12:05:38.420 22840 16749 I RcsProvisioningManager: AvailabilityObserver.onUpdate : Notify RcsAvailabilityListener dihn@2648ff3 onRcsAvailabilityUpdate, SIM = redacted-pii:sim_id[chars:20,last3:944], availability = 7
[2026-06-13T06:35:40.918Z] [ALL] 06-13 12:05:38.420 22840 16712 I RcsAvailabilityCache: Cached availability not found for simId: redacted-pii:sim_id[chars:20,last3:747]
[2026-06-13T06:35:40.918Z] [ALL] 06-13 12:05:38.421 22840 16712 I RcsAvailabilityCache: Cached availability not found for simId: redacted-pii:sim_id[chars:20,last3:747]
[2026-06-13T06:35:40.918Z] [ALL] 06-13 12:05:38.422 22840 16706 I BugleTransport: Deregister all SIMs except for SIMs with subIds: [5] from chat transport: TACHYGRAM.
[2026-06-13T06:35:40.918Z] [ALL] 06-13 12:05:38.422 22840 16743 I RcsProvisioningFlow: EVENT_TYPE_PROVISIONING_SUCCEEDED logging skipped for redacted-pii:sim_id[chars:20,last3:944] because of NOT_ELIGIBLE_PREVIOUS_EVENT_NOT_LOGGED
[2026-06-13T06:35:40.918Z] [ALL] 06-13 12:05:38.424 22840 16768 I BugleTransport: Deregister all SIMs except for SIMs with subIds: [] from chat transport: SINGLE_REGISTRATION.
[2026-06-13T06:35:40.918Z] [ALL] 06-13 12:05:38.427 22840 16772 I BugleCME: updateVerifiedAddress [CONTEXT sub_id=5 ]
[2026-06-13T06:35:40.918Z] [ALL] 06-13 12:05:38.428 22840 16752 I BugleTransport: Deregister all SIMs except for SIMs with subIds: [] from chat transport: DUAL_REGISTRATION.
[2026-06-13T06:35:40.918Z] [ALL] 06-13 12:05:38.430 22840 16713 I RcsClientLib: Service is deprecated skipping connection attempt: RcsEngineLifecycleServiceV2
[2026-06-13T06:35:40.918Z] [ALL] 06-13 12:05:38.430 22840 16750 D WM-SystemJobScheduler: Reconciling jobs
[2026-06-13T06:35:40.918Z] [ALL] 06-13 12:05:38.430 22840 16712 I BugleRcsEngine: [SR]: Single Registration is disabled. Skipping Single Registration capability check for subId: 4 [CONTEXT thread_id=29092 ]
[2026-06-13T06:35:40.918Z] [ALL] 06-13 12:05:38.431 22840 16742 I Bugle   : pSIM transferStatus is empty [CONTEXT sub_id=4 ]
[2026-06-13T06:35:40.918Z] [ALL] 06-13 12:05:38.432 22840 16742 I Bugle   : TelephonyManagerFactory: Returning per-subscription TelephonyManager (>= N) subscription{id:5}
[2026-06-13T06:35:40.918Z] [ALL] 06-13 12:05:38.433 22840 16712 I BugleRcsProvisioning: RcsAvailability configuration availability and enabled status: simId: redacted-pii:sim_id[chars:20,last3:747], SipConnectionType: DUAL_REG, isConfigurationAvailableAndEnabled: true
[2026-06-13T06:35:40.918Z] [ALL] 06-13 12:05:38.433 22840 16712 I BugleRcsProvisioning: Checking isConfigServerUrlAvailable with simId: redacted-pii:sim_id[chars:20,last3:747], 
[2026-06-13T06:35:40.918Z] [ALL] 06-13 12:05:38.433 22840 16743 I BugleRcsJibe: RcsServiceConnectionException was raised while waiting to connect to RcsEngineLifecycleServiceV2
[2026-06-13T06:35:40.918Z] [ALL] 06-13 12:05:38.434 22840 16712 I BugleRcsEngine: getConfigServerUrl with simId: redacted-pii:sim_id[chars:20,last3:747] [CONTEXT log_prefix="ProvisioningServerUtil" thread_id=29092 ]
[2026-06-13T06:35:40.918Z] [ALL] 06-13 12:05:38.434 22840 16713 I BugleTransport: Register SIM with subId: 5 on chat transport: TACHYGRAM.
[2026-06-13T06:35:40.918Z] [ALL] 06-13 12:05:38.434 22840 16712 I BugleRcsEngine: Using MCC based URL [CONTEXT log_prefix="ProvisioningServerUtil" thread_id=29092 ]
[2026-06-13T06:35:40.918Z] [ALL] 06-13 12:05:38.434 22840 16696 I BugleCME: notifyAllVerifications, is first verification: false [CONTEXT sub_id=5 my_identity_token="5beb9b90-0322-4e12-bf78-34c99ed614ab" ]
[2026-06-13T06:35:40.918Z] [ALL] 06-13 12:05:38.435 22840 16712 I ProvisioningServerUtil: ProvisioningServerUtil: Getting mcc from SimSubscriptionInfo.
[2026-06-13T06:35:40.918Z] [ALL] 06-13 12:05:38.436 22840 16742 I Bugle   : pSIM transferStatus is empty [CONTEXT sub_id=5 ]
[2026-06-13T06:35:40.918Z] [ALL] 06-13 12:05:38.436 22840 16772 I BugleCME: notifyAllVerifications, is first verification: false [CONTEXT sub_id=5 my_identity_token="5beb9b90-0322-4e12-bf78-34c99ed614ab" ]
[2026-06-13T06:35:40.918Z] [ALL] 06-13 12:05:38.436 22840 16713 I BugleTransport: Retrieved RCS available simIds: [redacted-pii[20-chars]]
[2026-06-13T06:35:40.918Z] [ALL] 06-13 12:05:38.437 22840 16713 I BugleTransport: Enabled chat transport for SIM = redacted-pii[20-chars] is TACHYGRAM
[2026-06-13T06:35:40.918Z] [ALL] 06-13 12:05:38.437 22840 16751 I BugleTransport: Deregister all SIMs except for SIMs with subIds: [] from chat transport: SINGLE_REGISTRATION.
[2026-06-13T06:35:40.918Z] [ALL] 06-13 12:05:38.437 22840 16752 I BugleTransport: Deregister all SIMs except for SIMs with subIds: [5] from chat transport: TACHYGRAM.
[2026-06-13T06:35:40.918Z] [ALL] 06-13 12:05:38.438 22840 16747 I BugleTransport: Deregister all SIMs except for SIMs with subIds: [] from chat transport: DUAL_REGISTRATION.
[2026-06-13T06:35:40.918Z] [ALL] 06-13 12:05:38.438 22840 16751 I RcsClientLib: Service is deprecated skipping connection attempt: RcsEngineLifecycleServiceV2
[2026-06-13T06:35:40.918Z] [ALL] 06-13 12:05:38.438 22840 16712 I BugleRcsProvisioning: RcsAvailability: Subscription Id: 4, simId: redacted-pii:sim_id[chars:20,last3:747], sipConnectionType: DUAL_REG, isRcsAvailable: true
[2026-06-13T06:35:40.918Z] [ALL] 06-13 12:05:38.438 22840 16712 I BugleRcsProvisioning: updateAvailabilityForRcsProvisioningId. SimId: redacted-pii:sim_id[chars:20,last3:747], currentAvailability: 1, newAvailability: 7, hint: NO_HINT
[2026-06-13T06:35:40.918Z] [ALL] 06-13 12:05:38.439 22840 16744 I BugleRcsJibe: RcsServiceConnectionException was raised while waiting to connect to RcsEngineLifecycleServiceV2
[2026-06-13T06:35:40.918Z] [ALL] 06-13 12:05:38.439 22840 16712 I RcsProvisioningManager: Receive onRcsAvailabilityUpdate, SIM = redacted-pii:sim_id[chars:20,last3:747], availability = RcsAvailability{mAvailability=AVAILABLE (RCS is setup)}
[2026-06-13T06:35:40.918Z] [ALL] 06-13 12:05:38.442 22840 16712 I RcsProvisioningManager: Configuration is empty: false for simId: redacted-pii:sim_id[chars:35,last3:47)]
[2026-06-13T06:35:40.918Z] [ALL] 06-13 12:05:38.443 22840 16713 I RcsProvisioningManager: CommonRcsProvisioningChangeListenerHandler.notifyListener : Notify RcsProvisioningChangeListener duhq@c2e384f onRcsProvisioningChange, SIM = redacted-pii:sim_id[chars:35,last3:47)], available rcs provisioning ids  = redacted-pii:sim_id[chars:20,last3:944],redacted-pii:sim_id[chars:20,last3:747]
[2026-06-13T06:35:40.918Z] [ALL] 06-13 12:05:38.444 22840 16712 I RcsProvisioningManager: getAvailabilityForRcsProvisioningIdSync: RcsAvailability{mAvailability=AVAILABLE (RCS is setup)}
[2026-06-13T06:35:40.918Z] [ALL] 06-13 12:05:38.444 22840 16712 I RcsProvisioningManager: Receive onRcsAvailabilityUpdate, SIM = redacted-pii:sim_id[chars:20,last3:747], availability = RcsAvailability{mAvailability=AVAILABLE (RCS is setup)}
[2026-06-13T06:35:40.918Z] [ALL] 06-13 12:05:38.447 22840 16750 D WM-ForceStopRunnable: Found unfinished work, scheduling it.
[2026-06-13T06:35:40.918Z] [ALL] 06-13 12:05:38.448 22840 16742 I RcsProvisioningFlow: EVENT_TYPE_PROVISIONING_SUCCEEDED logging skipped for redacted-pii:sim_id[chars:20,last3:747] because of NOT_ELIGIBLE_PREVIOUS_EVENT_NOT_LOGGED
[2026-06-13T06:35:40.918Z] [ALL] 06-13 12:05:38.448 22840 16712 I RcsProvisioningManager: Configuration is empty: false for simId: redacted-pii:sim_id[chars:35,last3:47)]
[2026-06-13T06:35:40.918Z] [ALL] 06-13 12:05:38.448 22840 16744 I BuglePipeline: Starting pipeline execution [CONTEXT work_id="cd2c1c8f-c868-48bc-9846-a0d19ee041f5" pipeline_type="SmsReceivePipeline" ]
[2026-06-13T06:35:40.918Z] [ALL] 06-13 12:05:38.449 22840 16713 I BugleRcsProvisioning: RcsProvisioningTrigger: onRcsAvailabilityUpdate : availability is updated to RCS is setup, lastAvailabilityLocal is null, simId hash = 5032253699763120884, simId = redacted-pii:sim_id[chars:20,last3:747], isPev3Enabled = true
[2026-06-13T06:35:40.918Z] [ALL] 06-13 12:05:38.451 22840 16752 I BugleTransport: Register SIM with subId: 5 on chat transport: TACHYGRAM.
[2026-06-13T06:35:40.918Z] [ALL] 06-13 12:05:38.451 22840 16775 I BugleCME: updateVerifiedAddress [CONTEXT sub_id=4 ]
[2026-06-13T06:35:40.918Z] [ALL] 06-13 12:05:38.451 22840 16706 I RcsClientLib: Service is deprecated skipping connection attempt: EventService
[2026-06-13T06:35:40.918Z] [ALL] 06-13 12:05:38.451 22840 16706 I RcsClientLib: Service is deprecated skipping connection attempt: ContactsService
[2026-06-13T06:35:40.919Z] [ALL] 06-13 12:05:38.451 22840 16706 I RcsClientLib: Service is deprecated skipping connection attempt: FileTransferService
[2026-06-13T06:35:40.919Z] [ALL] 06-13 12:05:38.452 22840 16706 I RcsClientLib: Service is deprecated skipping connection attempt: LocationSharingService
[2026-06-13T06:35:40.919Z] [ALL] 06-13 12:05:38.452 22840 16751 I Bugle   : kickOffPendingIfNowConnected: RCS is ready and it was off. Trigger scheduling: [scheduleProcessPendingMessagesActionForStartup, scheduleOnlyForCurrentProcess, maybeScheduleImmediately]
[2026-06-13T06:35:40.919Z] [ALL] 06-13 12:05:38.452 22840 16706 I RcsClientLib: Service is deprecated skipping connection attempt: ImsConnectionTrackerService
[2026-06-13T06:35:40.919Z] [ALL] 06-13 12:05:38.452 22840 16706 I RcsClientLib: Service is deprecated skipping connection attempt: RcsProfileService
[2026-06-13T06:35:40.919Z] [ALL] 06-13 12:05:38.452 22840 16706 I RcsClientLib: Service is deprecated skipping connection attempt: RcsMessagingService
[2026-06-13T06:35:40.919Z] [ALL] 06-13 12:05:38.452 22840 16706 I BugleRcs: connecting to 7 Rcs Services
[2026-06-13T06:35:40.919Z] [ALL] 06-13 12:05:38.452 22840 16747 I RcsProvisioningManager: AvailabilityObserver.onUpdate : Notify RcsAvailabilityListener dcou@b794f29 onRcsAvailabilityUpdate, SIM = redacted-pii:sim_id[chars:20,last3:747], availability = 7
[2026-06-13T06:35:40.919Z] [ALL] 06-13 12:05:38.453 22840 16768 I Bugle   : kickOffPendingIfNowConnected: RCS is ready and it was off. Trigger scheduling: [scheduleProcessPendingMessagesActionForStartup, scheduleOnlyForCurrentProcess, maybeScheduleImmediately]
[2026-06-13T06:35:40.919Z] [ALL] 06-13 12:05:38.453 22840 16696 I BuglePipeline: Sampled pipeline logging event for pipeline type SmsReceivePipeline and pipeline id cd2c1c8f-c868-48bc-9846-a0d19ee041f5 [CONTEXT work_id="cd2c1c8f-c868-48bc-9846-a0d19ee041f5" pipeline_type="SmsReceivePipeline" ]
[2026-06-13T06:35:40.919Z] [ALL] 06-13 12:05:38.453 22840 16713 I RcsProvisioningManager: Receive onRcsAvailabilityUpdate, SIM = redacted-pii:sim_id[chars:20,last3:747], availability = RcsAvailability{mAvailability=AVAILABLE (RCS is setup)}
[2026-06-13T06:35:40.919Z] [ALL] 06-13 12:05:38.454 22840 16745 I BugleNetwork: beginning of pullMessagesForPhone
[2026-06-13T06:35:40.919Z] [ALL] 06-13 12:05:38.454 22840 16714 I BugleTransport: Retrieved RCS available simIds: [redacted-pii[20-chars], redacted-pii[20-chars]]
[2026-06-13T06:35:40.919Z] [ALL] 06-13 12:05:38.455 22840 16713 I RcsProvisioningManager: Configuration is empty: false for simId: redacted-pii:sim_id[chars:35,last3:47)]
[2026-06-13T06:35:40.919Z] [ALL] 06-13 12:05:38.455 22840 16697 I BugleCME: updateVerifiedAddress [CONTEXT sub_id=4 ]
[2026-06-13T06:35:40.919Z] [ALL] 06-13 12:05:38.456 22840 16706 I RcsProvisioningManager: AvailabilityObserver.onUpdate : Notify RcsAvailabilityListener dihn@2648ff3 onRcsAvailabilityUpdate, SIM = redacted-pii:sim_id[chars:20,last3:747], availability = 7
[2026-06-13T06:35:40.919Z] [ALL] 06-13 12:05:38.458 22840 16749 I RcsProvisioningManager: AvailabilityObserver.onUpdate : Notify RcsAvailabilityListener dihn@2648ff3 onRcsAvailabilityUpdate, SIM = redacted-pii:sim_id[chars:20,last3:747], availability = 7
[2026-06-13T06:35:40.919Z] [ALL] 06-13 12:05:38.458 22840 16752 I RcsProvisioningManager: AvailabilityObserver.onUpdate : Notify RcsAvailabilityListener dihn@2648ff3 onRcsAvailabilityUpdate, SIM = redacted-pii:sim_id[chars:20,last3:747], availability = 7
[2026-06-13T06:35:40.919Z] [ALL] 06-13 12:05:38.458 22840 16747 I RcsProvisioningManager: CommonRcsProvisioningChangeListenerHandler.notifyListener : Notify RcsProvisioningChangeListener duhq@c2e384f onRcsProvisioningChange, SIM = redacted-pii:sim_id[chars:35,last3:47)], available rcs provisioning ids  = redacted-pii:sim_id[chars:20,last3:944],redacted-pii:sim_id[chars:20,last3:747]
[2026-06-13T06:35:40.919Z] [ALL] 06-13 12:05:38.458 22840 16711 I RcsProvisioningManager: CommonRcsProvisioningChangeListenerHandler.notifyListener : Notify RcsProvisioningChangeListener duhq@c2e384f onRcsProvisioningChange, SIM = redacted-pii:sim_id[chars:35,last3:47)], available rcs provisioning ids  = redacted-pii:sim_id[chars:20,last3:944],redacted-pii:sim_id[chars:20,last3:747]
[2026-06-13T06:35:40.919Z] [ALL] 06-13 12:05:38.459 22840 16769 I RcsProvisioningManager: AvailabilityObserver.onUpdate : Notify RcsAvailabilityListener dcou@b794f29 onRcsAvailabilityUpdate, SIM = redacted-pii:sim_id[chars:20,last3:747], availability = 7
[2026-06-13T06:35:40.919Z] [ALL] 06-13 12:05:38.459 22840 16742 I RcsProvisioningFlow: EVENT_TYPE_PROVISIONING_SUCCEEDED logging skipped for redacted-pii:sim_id[chars:20,last3:747] because of NOT_ELIGIBLE_PREVIOUS_EVENT_NOT_LOGGED
[2026-06-13T06:35:40.919Z] [ALL] 06-13 12:05:38.460 22840 16714 I BugleTransport: Enabled chat transport for SIM = redacted-pii[20-chars] is TACHYGRAM
[2026-06-13T06:35:40.919Z] [ALL] 06-13 12:05:38.461 22840 16714 I BugleTransport: Enabled chat transport for SIM = redacted-pii[20-chars] is TACHYGRAM
[2026-06-13T06:35:40.919Z] [ALL] 06-13 12:05:38.461 22840 16751 I BugleDataModel: ActionExecutorImpl: ACTION_EXECUTE_QUEUED_ProcessPendingMessagesAction
[2026-06-13T06:35:40.919Z] [ALL] 06-13 12:05:38.461 22840 16778 I BugleDataModel: running action ProcessPendingMessagesAction
[2026-06-13T06:35:40.919Z] [ALL] 06-13 12:05:38.462 22840 16770 I BugleTransport: Deregister all SIMs except for SIMs with subIds: [] from chat transport: DUAL_REGISTRATION.
[2026-06-13T06:35:40.919Z] [ALL] 06-13 12:05:38.462 22840 16711 I RcsClientLib: Service is deprecated skipping connection attempt: RcsEngineLifecycleServiceV2
[2026-06-13T06:35:40.919Z] [ALL] 06-13 12:05:38.463 22840 16742 I BugleRcsJibe: RcsServiceConnectionException was raised while waiting to connect to RcsEngineLifecycleServiceV2
[2026-06-13T06:35:40.919Z] [ALL] 06-13 12:05:38.464 22840 22840 I BugleDataModel: ActionExecutorImpl: ACTION_EXECUTE_QUEUED_ProcessPendingRevocationsAction
[2026-06-13T06:35:40.919Z] [ALL] 06-13 12:05:38.464 22840 16751 I BugleDataModel: ProcessPendingRevocationsActionScheduler: scheduled next action. back off seconds: 0
[2026-06-13T06:35:40.919Z] [ALL] 06-13 12:05:38.464 22840 16751 I BugleGroupManagement: Skipping RCS group identifiers telephony batch migration. Disabled by phenotype.
[2026-06-13T06:35:40.919Z] [ALL] 06-13 12:05:38.465 22840 16750 D CompatibilityChangeReporter: Compat change id reported: 194532703; UID 10236; state: ENABLED
[2026-06-13T06:35:40.919Z] [ALL] 06-13 12:05:38.465 22840 16750 D WM-SystemJobScheduler: Scheduling work ID f40bc4da-6759-4b33-9217-df3ea728affeJob ID 2127
[2026-06-13T06:35:40.919Z] [ALL] 06-13 12:05:38.465  1695  2580 D CompatibilityChangeReporter: Compat change id reported: 194532703; UID 10236; state: ENABLED
[2026-06-13T06:35:40.919Z] [ALL] 06-13 12:05:38.466 22840 16779 I BugleTransport: Deregister all SIMs except for SIMs with subIds: [] from chat transport: SINGLE_REGISTRATION.
[2026-06-13T06:35:40.919Z] [ALL] 06-13 12:05:38.467 22840 16744 I BuglePipeline: Running Interceptor RawSmsExtractor. Subject is expected type czzi [CONTEXT work_id="cd2c1c8f-c868-48bc-9846-a0d19ee041f5" pipeline_type="SmsReceivePipeline" ]
[2026-06-13T06:35:40.919Z] [ALL] 06-13 12:05:38.467 22840 16750 D WM-SystemJobScheduler: Scheduling work ID cca71bec-c0ac-4354-b14b-135a0ebf5c78Job ID 2069
[2026-06-13T06:35:40.919Z] [ALL] 06-13 12:05:38.469 22840 16749 I BugleTransport: Deregister all SIMs except for SIMs with subIds: [5, 4] from chat transport: TACHYGRAM.
[2026-06-13T06:35:40.919Z] [ALL] 06-13 12:05:38.469 22840 16775 I BugleCME: notifyAllVerifications, is first verification: false [CONTEXT sub_id=4 my_identity_token="b67975c9-b9e4-461d-922d-2f5b3f0923de" ]
[2026-06-13T06:35:40.994Z] [ALL] 06-13 12:05:38.470 22840 16750 D WM-SystemJobScheduler: Scheduling work ID 74bfbbf3-8c8e-40b9-a6d4-f3974dc5b58cJob ID 2071
[2026-06-13T06:35:40.994Z] [ALL] 06-13 12:05:38.470 22840 16747 I BugleTransport: Register SIM with subId: 5 on chat transport: TACHYGRAM.
[2026-06-13T06:35:40.994Z] [ALL] 06-13 12:05:38.470 22840 16782 I BugleTransport: Register SIM with subId: 4 on chat transport: TACHYGRAM.
[2026-06-13T06:35:40.994Z] [ALL] 06-13 12:05:38.471 22840 16747 I BugleTransport: Retrieved RCS available simIds: [redacted-pii[20-chars], redacted-pii[20-chars]]
[2026-06-13T06:35:40.994Z] [ALL] 06-13 12:05:38.471 22840 16747 I BugleTransport: Enabled chat transport for SIM = redacted-pii[20-chars] is TACHYGRAM
[2026-06-13T06:35:40.994Z] [ALL] 06-13 12:05:38.472 22840 16747 I BugleTransport: Enabled chat transport for SIM = redacted-pii[20-chars] is TACHYGRAM
[2026-06-13T06:35:40.994Z] [ALL] 06-13 12:05:38.472 22840 16750 D WM-SystemJobScheduler: Scheduling work ID 51ea7347-b471-4015-bed5-044c5696f669Job ID 1135
[2026-06-13T06:35:40.994Z] [ALL] 06-13 12:05:38.472 22840 16749 I BugleTransport: Deregister all SIMs except for SIMs with subIds: [] from chat transport: SINGLE_REGISTRATION.
[2026-06-13T06:35:40.994Z] [ALL] 06-13 12:05:38.472 22840 16711 I BugleTransport: Deregister all SIMs except for SIMs with subIds: [5, 4] from chat transport: TACHYGRAM.
[2026-06-13T06:35:40.994Z] [ALL] 06-13 12:05:38.473 22840 16769 I BugleTransport: Deregister all SIMs except for SIMs with subIds: [] from chat transport: DUAL_REGISTRATION.
[2026-06-13T06:35:40.994Z] [ALL] 06-13 12:05:38.474 22840 16768 I BugleDataModel: ActionExecutorImpl: ACTION_EXECUTE_QUEUED_ProcessPendingMessagesAction
[2026-06-13T06:35:40.994Z] [ALL] 06-13 12:05:38.474 22840 16711 I RcsClientLib: Service is deprecated skipping connection attempt: RcsEngineLifecycleServiceV2
[2026-06-13T06:35:40.994Z] [ALL] 06-13 12:05:38.475 22840 16750 D WM-SystemJobScheduler: Scheduling work ID 1404cf32-9c55-4211-b47d-f138d0a0dc69Job ID 1137
[2026-06-13T06:35:40.994Z] [ALL] 06-13 12:05:38.475 22840 16768 I BugleDataModel: ProcessPendingRevocationsActionScheduler: scheduled next action. back off seconds: 0
[2026-06-13T06:35:40.994Z] [ALL] 06-13 12:05:38.475 22840 22840 I BugleDataModel: ActionExecutorImpl: ACTION_EXECUTE_QUEUED_ProcessPendingRevocationsAction
[2026-06-13T06:35:40.994Z] [ALL] 06-13 12:05:38.475 22840 16744 I BugleRcsJibe: RcsServiceConnectionException was raised while waiting to connect to RcsEngineLifecycleServiceV2
[2026-06-13T06:35:40.994Z] [ALL] 06-13 12:05:38.475 22840 16768 I BugleGroupManagement: Skipping RCS group identifiers telephony batch migration. Disabled by phenotype.
[2026-06-13T06:35:40.994Z] [ALL] 06-13 12:05:38.476 22840 16773 I BugleNetwork: RegistrationProvider: Getting Tachyon registration
[2026-06-13T06:35:40.994Z] [ALL] 06-13 12:05:38.477 22840 16708 I BugleCME: updateVerifiedAddress [CONTEXT sub_id=4 ]
[2026-06-13T06:35:40.995Z] [ALL] 06-13 12:05:38.478 22840 16712 I BugleTransport: Register SIM with subId: 4 on chat transport: TACHYGRAM.
[2026-06-13T06:35:40.995Z] [ALL] 06-13 12:05:38.478 22840 16747 I BugleTransport: Register SIM with subId: 5 on chat transport: TACHYGRAM.
[2026-06-13T06:35:40.995Z] [ALL] 06-13 12:05:38.478 22840 16750 D WM-SystemJobScheduler: Scheduling work ID 06b55566-5351-4a3a-8ae6-995d57506939Job ID 1140
[2026-06-13T06:35:40.995Z] [ALL] 06-13 12:05:38.479 22840 16745 I BugleNetwork: Issuing a new PullMessages RPC [CONTEXT PullHandler="TACHYON_REGISTRATION_TYPE_PHONE_NUMBER" ]
[2026-06-13T06:35:40.995Z] [ALL] 06-13 12:05:38.479 22840 16713 I BugleRcsProvisioning: RcsProvisioningTrigger: onRcsAvailabilityUpdate : isPreviousDisabled = true, isCurrentDisabled = false, config[simId:redacted-pii:sim_id[chars:20,last3:747]] = [Type: 1, Version: 39, Validity: 404631, Last updated: 1781003543, Remaining validity: 75636, Reconfiguration requested: false, Messaging technology: CPM, rcsVolteSingleRegistration: false, Invalid configreason: INVALID_CONFIG_REASON_UNSPECIFIED], hasToken: true, isValidAndUpdated: true
[2026-06-13T06:35:40.995Z] [ALL] 06-13 12:05:38.479 22840 16697 I BugleCME: notifyAllVerifications, is first verification: false [CONTEXT sub_id=4 my_identity_token="b67975c9-b9e4-461d-922d-2f5b3f0923de" ]
[2026-06-13T06:35:40.995Z] [ALL] 06-13 12:05:38.479 22840 16713 I RcsProvisioningManager: Receive onRcsConfigurationUpdate, SIM = redacted-pii:sim_id[chars:20,last3:747], configuration = Type: 1, Version: 39, Validity: 404631, Last updated: 1781003543, Remaining validity: 75636, Reconfiguration requested: false, Messaging technology: CPM, rcsVolteSingleRegistration: false, Invalid configreason: INVALID_CONFIG_REASON_UNSPECIFIED
[2026-06-13T06:35:40.995Z] [ALL] 06-13 12:05:38.479 22840 16713 I RcsProvisioningManager: Configuration is empty: false for simId: redacted-pii:sim_id[chars:35,last3:47)]
[2026-06-13T06:35:40.995Z] [ALL] 06-13 12:05:38.481 22840 16780 I RcsProvisioningManager: AvailabilityObserver.onUpdate : Notify RcsAvailabilityListener dcou@b794f29 onRcsAvailabilityUpdate, SIM = redacted-pii:sim_id[chars:20,last3:747], availability = 7
[2026-06-13T06:35:40.995Z] [ALL] 06-13 12:05:38.481 22840 16750 D WM-SystemJobScheduler: Scheduling work ID 22f98392-302e-4a84-9541-4a615d16669eJob ID 1136
[2026-06-13T06:35:40.995Z] [ALL] 06-13 12:05:38.481 22840 16708 I BugleCME: notifyAllVerifications, is first verification: false [CONTEXT sub_id=4 my_identity_token="b67975c9-b9e4-461d-922d-2f5b3f0923de" ]
[2026-06-13T06:35:40.995Z] [ALL] 06-13 12:05:38.482 22840 16773 I RcsProvisioningFlow: EVENT_TYPE_PROVISIONING_SUCCEEDED logging skipped for redacted-pii:sim_id[chars:20,last3:747] because of NOT_ELIGIBLE_PREVIOUS_EVENT_NOT_LOGGED
[2026-06-13T06:35:40.995Z] [ALL] 06-13 12:05:38.482 22840 16713 I BugleRcsEngine: [SR]: Single Registration is disabled. Skipping Single Registration capability check for subId: 4 [CONTEXT thread_id=29093 ]
[2026-06-13T06:35:40.995Z] [ALL] 06-13 12:05:38.482 22840 16750 D WM-SystemJobScheduler: Scheduling work ID 6d65e902-54f8-43db-91f1-52b1b1b597b2Job ID 2775
[2026-06-13T06:35:40.995Z] [ALL] 06-13 12:05:38.483 22840 16713 I RcsProvisioningWorkMana: Scheduled config refresh with 35173 seconds delay, false appendIfExists
[2026-06-13T06:35:40.995Z] [ALL] 06-13 12:05:38.483 22840 16713 I BugleRcsProvisioning: RcsProvisioningTrigger: Schedule refresh for valid configuration : refreshDelay = 35173
[2026-06-13T06:35:40.995Z] [ALL] 06-13 12:05:38.483 22840 16711 I BugleTransport: Retrieved RCS available simIds: [redacted-pii[20-chars], redacted-pii[20-chars]]
[2026-06-13T06:35:40.995Z] [ALL] 06-13 12:05:38.483 22840 16769 I RcsProvisioningManager: combineConfigurationWithAvailability, simId = redacted-pii:sim_id[chars:20,last3:747], hasConfig = true
[2026-06-13T06:35:40.995Z] [ALL] 06-13 12:05:38.483 22840 16780 I RcsProvisioningManager: CommonRcsProvisioningChangeListenerHandler.notifyListener : Notify RcsProvisioningChangeListener duhq@c2e384f onRcsProvisioningChange, SIM = redacted-pii:sim_id[chars:35,last3:47)], available rcs provisioning ids  = redacted-pii:sim_id[chars:20,last3:944],redacted-pii:sim_id[chars:20,last3:747]
[2026-06-13T06:35:40.995Z] [ALL] 06-13 12:05:38.483 22840 16711 I BugleTransport: Enabled chat transport for SIM = redacted-pii[20-chars] is TACHYGRAM
[2026-06-13T06:35:40.995Z] [ALL] 06-13 12:05:38.483 22840 16769 I RcsProvisioningManager: Notify RcsConfigurationListener ctnv@19f84b0 onRcsConfigurationUpdate, SIM = redacted-pii:sim_id[chars:20,last3:747], hasConfiguration = true
[2026-06-13T06:35:40.995Z] [ALL] 06-13 12:05:38.483 22840 16711 I BugleTransport: Enabled chat transport for SIM = redacted-pii[20-chars] is TACHYGRAM
[2026-06-13T06:35:40.995Z] [ALL] 06-13 12:05:38.484 22840 16752 I BugleTransport: Deregister all SIMs except for SIMs with subIds: [] from chat transport: DUAL_REGISTRATION.
[2026-06-13T06:35:40.995Z] [ALL] 06-13 12:05:38.484 22840 16751 I RcsProvisioningManager: combineConfigurationWithAvailability, simId = redacted-pii:sim_id[chars:20,last3:747], hasConfig = true
[2026-06-13T06:35:40.995Z] [ALL] 06-13 12:05:38.484 22840 16751 I RcsProvisioningManager: Notify RcsConfigurationListener LruCache[maxSize=2,hits=8,misses=2,hitRate=80%] onRcsConfigurationUpdate, SIM = redacted-pii:sim_id[chars:20,last3:747], hasConfiguration = true
[2026-06-13T06:35:40.995Z] [ALL] 06-13 12:05:38.485 22840 16768 I RcsProvisioningManager: combineConfigurationWithAvailability, simId = redacted-pii:sim_id[chars:20,last3:747], hasConfig = true
[2026-06-13T06:35:40.995Z] [ALL] 06-13 12:05:38.485 22840 16768 I RcsProvisioningManager: Notify RcsConfigurationListener bfba@ee38262 onRcsConfigurationUpdate, SIM = redacted-pii:sim_id[chars:20,last3:747], hasConfiguration = true
[2026-06-13T06:35:40.995Z] [ALL] 06-13 12:05:38.485 22840 16747 I RcsProvisioningManager: combineConfigurationWithAvailability, simId = redacted-pii:sim_id[chars:20,last3:747], hasConfig = true
[2026-06-13T06:35:40.995Z] [ALL] 06-13 12:05:38.485 22840 16713 I BugleTransport: Deregister all SIMs except for SIMs with subIds: [5, 4] from chat transport: TACHYGRAM.
[2026-06-13T06:35:40.995Z] [ALL] 06-13 12:05:38.485 22840 16747 I RcsProvisioningManager: Notify RcsConfigurationListener dihn@2648ff3 onRcsConfigurationUpdate, SIM = redacted-pii:sim_id[chars:20,last3:747], hasConfiguration = true
[2026-06-13T06:35:40.995Z] [ALL] 06-13 12:05:38.485 22840 16749 I RcsClientLib: Service is deprecated skipping connection attempt: RcsEngineLifecycleServiceV2
[2026-06-13T06:35:40.995Z] [ALL] 06-13 12:05:38.486 22840 16769 I BugleTransport: Deregister all SIMs except for SIMs with subIds: [] from chat transport: SINGLE_REGISTRATION.
[2026-06-13T06:35:40.995Z] [ALL] 06-13 12:05:38.486 22840 16743 I BugleRcsJibe: RcsServiceConnectionException was raised while waiting to connect to RcsEngineLifecycleServiceV2
[2026-06-13T06:35:40.995Z] [ALL] 06-13 12:05:38.486 22840 16779 I BugleRcsEngine: [SR]: Single Registration is disabled. Skipping Single Registration capability check for subId: 4 [CONTEXT thread_id=29129 ]
[2026-06-13T06:35:40.995Z] [ALL] 06-13 12:05:38.486 22840 16750 D WM-SystemJobScheduler: Scheduling work ID d74ac583-5616-4691-8f06-28b720d62ef5Job ID 1138
[2026-06-13T06:35:40.995Z] [ALL] 06-13 12:05:38.488 22840 16752 I BugleTransport: Register SIM with subId: 5 on chat transport: TACHYGRAM.
[2026-06-13T06:35:40.995Z] [ALL] 06-13 12:05:38.488 22840 16769 I BugleTransport: Register SIM with subId: 4 on chat transport: TACHYGRAM.
[2026-06-13T06:35:40.995Z] [ALL] 06-13 12:05:38.490 22840 16750 D WM-SystemJobScheduler: Scheduling work ID 0fc2beec-e39e-4689-b0fd-7257ac6607f9Job ID 1054
[2026-06-13T06:35:40.995Z] [ALL] 06-13 12:05:38.492 22840 16750 D WM-SystemJobScheduler: Scheduling work ID c6fdba71-5b75-451c-87a6-b41febe38189Job ID 1139
[2026-06-13T06:35:40.995Z] [ALL] 06-13 12:05:38.492 22840 16779 I BugleRcsEngine: [SR]: Single Registration is disabled. Skipping Single Registration capability check for subId: 4 [CONTEXT thread_id=29129 ]
[2026-06-13T06:35:40.995Z] [ALL] 06-13 12:05:38.494 22840 16779 I BugleRcsProvisioning: RcsAvailability configuration availability and enabled status: simId: redacted-pii:sim_id[chars:20,last3:747], SipConnectionType: DUAL_REG, isConfigurationAvailableAndEnabled: true
[2026-06-13T06:35:40.995Z] [ALL] 06-13 12:05:38.494 22840 16779 I BugleRcsProvisioning: Checking isConfigServerUrlAvailable with simId: redacted-pii:sim_id[chars:20,last3:747], 
[2026-06-13T06:35:40.995Z] [ALL] 06-13 12:05:38.495 22840 16779 I BugleRcsEngine: getConfigServerUrl with simId: redacted-pii:sim_id[chars:20,last3:747] [CONTEXT log_prefix="ProvisioningServerUtil" thread_id=29129 ]
[2026-06-13T06:35:40.995Z] [ALL] 06-13 12:05:38.495 22840 16749 I BugleTransport: Retrieved RCS available simIds: [redacted-pii[20-chars], redacted-pii[20-chars]]
[2026-06-13T06:35:40.995Z] [ALL] 06-13 12:05:38.495 22840 16779 I BugleRcsEngine: Using MCC based URL [CONTEXT log_prefix="ProvisioningServerUtil" thread_id=29129 ]
[2026-06-13T06:35:40.995Z] [ALL] 06-13 12:05:38.495 22840 16779 I ProvisioningServerUtil: ProvisioningServerUtil: Getting mcc from SimSubscriptionInfo.
[2026-06-13T06:35:40.995Z] [ALL] 06-13 12:05:38.497 22840 16779 I BugleRcsProvisioning: RcsAvailability: Subscription Id: 4, simId: redacted-pii:sim_id[chars:20,last3:747], sipConnectionType: DUAL_REG, isRcsAvailable: true
[2026-06-13T06:35:40.995Z] [ALL] 06-13 12:05:38.498 22840 16779 I BugleRcsProvisioning: updateAvailabilityForRcsProvisioningId. SimId: redacted-pii:sim_id[chars:20,last3:747], currentAvailability: 7, newAvailability: 7, hint: NO_HINT
[2026-06-13T06:35:40.995Z] [ALL] 06-13 12:05:38.498 22840 16750 D WM-SystemJobScheduler: Scheduling work ID 854eea79-11ea-49de-bb17-f6ba077cbba7Job ID 1149
[2026-06-13T06:35:40.995Z] [ALL] 06-13 12:05:38.498 22840 16769 I BugleRcsProvisioning: RcsProvisioningTrigger: onRcsAvailabilityUpdate : availability is updated to RCS is setup, lastAvailabilityLocal is RCS is setup, simId hash = 5032253699763120884, simId = redacted-pii:sim_id[chars:20,last3:747], isPev3Enabled = true
[2026-06-13T06:35:40.995Z] [ALL] 06-13 12:05:38.498 22840 16749 I BugleTransport: Enabled chat transport for SIM = redacted-pii[20-chars] is TACHYGRAM
[2026-06-13T06:35:40.995Z] [ALL] 06-13 12:05:38.499 22840 16749 I BugleTransport: Enabled chat transport for SIM = redacted-pii[20-chars] is TACHYGRAM
[2026-06-13T06:35:40.995Z] [ALL] 06-13 12:05:38.499 22840 16782 I RcsClientLib: Service is deprecated skipping connection attempt: EventService
[2026-06-13T06:35:40.995Z] [ALL] 06-13 12:05:38.499 22840 16779 I RcsProvisioningWorkMana: Scheduled provisioning task with 35173 seconds delay, KEEP policy, trigger is UNDEFINED_TRIGGER_EVENT, workerId is 27061325-4970-417d-a953-e41e71bb946a, simId is redacted-pii:sim_id[chars:20,last3:747]
[2026-06-13T06:35:40.995Z] [ALL] 06-13 12:05:38.500 22840 16782 I RcsClientLib: Service is deprecated skipping connection attempt: ContactsService
[2026-06-13T06:35:40.995Z] [ALL] 06-13 12:05:38.500 22840 16782 I RcsClientLib: Service is deprecated skipping connection attempt: FileTransferService
[2026-06-13T06:35:40.995Z] [ALL] 06-13 12:05:38.500 22840 16769 I BugleTransport: Deregister all SIMs except for SIMs with subIds: [] from chat transport: SINGLE_REGISTRATION.
[2026-06-13T06:35:40.995Z] [ALL] 06-13 12:05:38.500 22840 16782 I RcsClientLib: Service is deprecated skipping connection attempt: LocationSharingService
[2026-06-13T06:35:40.995Z] [ALL] 06-13 12:05:38.500 22840 16782 I RcsClientLib: Service is deprecated skipping connection attempt: ImsConnectionTrackerService
[2026-06-13T06:35:40.995Z] [ALL] 06-13 12:05:38.500 22840 16782 I RcsClientLib: Service is deprecated skipping connection attempt: RcsProfileService
[2026-06-13T06:35:40.995Z] [ALL] 06-13 12:05:38.500 22840 16750 D WM-SystemJobScheduler: Scheduling work ID 5fa3888a-6093-46cc-9922-903ae1e26cd0Job ID 1150
[2026-06-13T06:35:40.995Z] [ALL] 06-13 12:05:38.500 22840 16782 I RcsClientLib: Service is deprecated skipping connection attempt: RcsMessagingService
[2026-06-13T06:35:40.995Z] [ALL] 06-13 12:05:38.500 22840 16752 I BugleTransport: Deregister all SIMs except for SIMs with subIds: [] from chat transport: DUAL_REGISTRATION.
[2026-06-13T06:35:40.995Z] [ALL] 06-13 12:05:38.501 22840 16782 I BugleRcs: connecting to 7 Rcs Services
[2026-06-13T06:35:40.995Z] [ALL] 06-13 12:05:38.501 22840 16780 I BugleTransport: Deregister all SIMs except for SIMs with subIds: [5, 4] from chat transport: TACHYGRAM.
[2026-06-13T06:35:40.995Z] [ALL] 06-13 12:05:38.503 22840 16779 I RcsClientLib: Service is deprecated skipping connection attempt: RcsEngineLifecycleServiceV2
[2026-06-13T06:35:40.995Z] [ALL] 06-13 12:05:38.504 22840 16750 D WM-SystemJobScheduler: Scheduling work ID 45867aec-c4e0-4c0e-9f40-e522bc8d68bcJob ID 1115
[2026-06-13T06:35:40.995Z] [ALL] 06-13 12:05:38.505 22840 16744 I BugleRcsJibe: RcsServiceConnectionException was raised while waiting to connect to RcsEngineLifecycleServiceV2
[2026-06-13T06:35:40.995Z] [ALL] 06-13 12:05:38.505 22840 16769 I BugleE2eeMls: Current time: 2026-06-13T06:35:40.423Z. Needs refresh if too stale (after: 2026-06-23T03:21:37Z), or if expiring soon (after: 2026-08-19T17:27:34Z). Needs refresh: false
[2026-06-13T06:35:40.995Z] [ALL] 06-13 12:05:38.506 22840 16750 D WM-SystemJobScheduler: Scheduling work ID 4bd3349a-0215-4232-a1aa-0766585f3823Job ID 1123
[2026-06-13T06:35:40.995Z] [ALL] 06-13 12:05:38.508 22840 16750 D WM-SystemJobScheduler: Scheduling work ID e06f5e5c-5dfc-4089-bebf-cc3459e336f0Job ID 1133
[2026-06-13T06:35:40.995Z] [ALL] 06-13 12:05:38.510 22840 16750 D WM-SystemJobScheduler: Scheduling work ID 5a3f2b59-5b2b-47da-bc97-96b37b8f7a81Job ID 1134
[2026-06-13T06:35:40.995Z] [ALL] 06-13 12:05:38.512 22840 16780 I BugleTransport: Register SIM with subId: 5 on chat transport: TACHYGRAM.
[2026-06-13T06:35:40.995Z] [ALL] 06-13 12:05:38.512 22840 16713 I cn_HttpFlagsLoader: HTTP flags log line (API): Using live production flag values from Google
[2026-06-13T06:35:40.995Z] [ALL] 06-13 12:05:38.512 22840 16713 I CronetEngineBuilderFact: Found Cronet providers: Google-Play-Services-Cronet-Provider, App-Packaged-Cronet-Provider, Fallback-Cronet-Provider [CONTEXT PullHandler="TACHYON_REGISTRATION_TYPE_PHONE_NUMBER" ]
[2026-06-13T06:35:40.995Z] [ALL] 06-13 12:05:38.512 22840 16752 I BugleTransport: Register SIM with subId: 4 on chat transport: TACHYGRAM.
[2026-06-13T06:35:40.995Z] [ALL] 06-13 12:05:38.513 22840 16713 I CronetEngineBuilderFact: Selected Cronet provider is App-Packaged-Cronet-Provider, version 149.0.7827.22 [CONTEXT PullHandler="TACHYON_REGISTRATION_TYPE_PHONE_NUMBER" ]
[2026-06-13T06:35:41.067Z] [ALL] 06-13 12:05:38.513 22840 16779 D nativeloader: Load /data/app/~~MXODY8esPOHCMvXP1D9I9w==/com.google.android.apps.messaging-l56GFKh0o94BWlbGb41_iw==/split_config.arm64_v8a.apk!/lib/arm64-v8a/libjnidispatch.so using class loader ns clns-7 (caller=/data/app/~~MXODY8esPOHCMvXP1D9I9w==/com.google.android.apps.messaging-l56GFKh0o94BWlbGb41_iw==/base.apk!classes3.dex): ok
[2026-06-13T06:35:41.067Z] [ALL] 06-13 12:05:38.514 22840 16750 D WM-SystemJobScheduler: Scheduling work ID 9792899e-b30e-43cb-87d0-3c7dbacbcb08Job ID 1141
[2026-06-13T06:35:41.067Z] [ALL] 06-13 12:05:38.516 22840 16750 D WM-SystemJobScheduler: Scheduling work ID 6cbf2adc-bb26-450c-a653-30ab11f1d180Job ID 1151
[2026-06-13T06:35:41.067Z] [ALL] 06-13 12:05:38.518 22840 16771 I Bugle   : getRawTelephonyPhoneNumber redacted-pii[12-chars] [CONTEXT sub_id=4 ]
[2026-06-13T06:35:41.067Z] [ALL] 06-13 12:05:38.520 22840 16771 I Bugle   : SubscriptionUtils.getCanonicalForSelf: self=redacted-pii[13-chars], country=IN [CONTEXT sub_id=4 ]
[2026-06-13T06:35:41.067Z] [ALL] 06-13 12:05:38.520 22840 16750 D WM-SystemJobScheduler: Scheduling work ID bb6c6375-5ba0-467a-ba14-f481ccc1f641Job ID 2832
[2026-06-13T06:35:41.067Z] [ALL] 06-13 12:05:38.521 22840 16750 D WM-SystemJobScheduler: Scheduling work ID b41c8a90-87b2-4543-a989-5421f1e89a9eJob ID 1055
[2026-06-13T06:35:41.067Z] [ALL] 06-13 12:05:38.522 22840 16750 D WM-GreedyScheduler: Ignoring {WorkSpec: 1404cf32-9c55-4211-b47d-f138d0a0dc69}. Requires device idle.
[2026-06-13T06:35:41.067Z] [ALL] 06-13 12:05:38.522 22840 16750 D WM-GreedyScheduler: Ignoring {WorkSpec: bb6c6375-5ba0-467a-ba14-f481ccc1f641}. Requires ContentUri triggers.
[2026-06-13T06:35:41.067Z] [ALL] 06-13 12:05:38.522 22840 16750 D WM-GreedyScheduler: Ignoring {WorkSpec: b41c8a90-87b2-4543-a989-5421f1e89a9e}. Requires ContentUri triggers.
[2026-06-13T06:35:41.067Z] [ALL] 06-13 12:05:38.522 22840 16750 D WM-GreedyScheduler: Ignoring {WorkSpec: e06f5e5c-5dfc-4089-bebf-cc3459e336f0}. Requires device idle.
[2026-06-13T06:35:41.067Z] [ALL] 06-13 12:05:38.522 22840 16750 D WM-GreedyScheduler: Starting tracking for c6fdba71-5b75-451c-87a6-b41febe38189
[2026-06-13T06:35:41.067Z] [ALL] 06-13 12:05:38.523  1695  3175 D ConnectivityService: requestNetwork for uid/pid:10236/22840 activeRequest: null callbackRequest: 13611 [NetworkRequest [ REQUEST id=13612, [ Capabilities: INTERNET&NOT_RESTRICTED&TRUSTED&NOT_VCN_MANAGED Uid: 10236 RequestorUid: 10236 RequestorPkg: com.google.android.apps.messaging UnderlyingNetworks: Null] ]] callback flags: 0 order: 2147483647 isUidTracked: false declaredMethods: AVAIL|LOST|NC|LP
[2026-06-13T06:35:41.067Z] [ALL] 06-13 12:05:38.527  1695  3175 D CompatibilityChangeReporter: Compat change id reported: 319212206; UID 10236; state: ENABLED
[2026-06-13T06:35:41.067Z] [ALL] 06-13 12:05:38.528 22840 16750 D WM-GreedyScheduler: Ignoring {WorkSpec: 1404cf32-9c55-4211-b47d-f138d0a0dc69}. Requires device idle.
[2026-06-13T06:35:41.067Z] [ALL] 06-13 12:05:38.528 22840 16750 D WM-GreedyScheduler: Ignoring {WorkSpec: bb6c6375-5ba0-467a-ba14-f481ccc1f641}. Requires ContentUri triggers.
[2026-06-13T06:35:41.067Z] [ALL] 06-13 12:05:38.528 22840 16750 D WM-GreedyScheduler: Ignoring {WorkSpec: b41c8a90-87b2-4543-a989-5421f1e89a9e}. Requires ContentUri triggers.
[2026-06-13T06:35:41.067Z] [ALL] 06-13 12:05:38.528 22840 16750 D WM-GreedyScheduler: Ignoring {WorkSpec: e06f5e5c-5dfc-4089-bebf-cc3459e336f0}. Requires device idle.
[2026-06-13T06:35:41.067Z] [ALL] 06-13 12:05:38.528 22840 16750 D WM-GreedyScheduler: Starting work for 1cb415bf-a16d-4673-9291-91d3328c7bca
[2026-06-13T06:35:41.067Z] [ALL] 06-13 12:05:38.528 22840 16750 D WM-GreedyScheduler: Starting tracking for c6fdba71-5b75-451c-87a6-b41febe38189
[2026-06-13T06:35:41.067Z] [ALL] 06-13 12:05:38.529  1695  2144 D WifiNetworkFactory: got request NetworkRequest [ REQUEST id=13612, [ Capabilities: INTERNET&NOT_RESTRICTED&TRUSTED&NOT_VCN_MANAGED Uid: 10236 RequestorUid: 10236 RequestorPkg: com.google.android.apps.messaging UnderlyingNetworks: Null] ]
[2026-06-13T06:35:41.067Z] [ALL] 06-13 12:05:38.530  1695  2144 D UntrustedWifiNetworkFactory: got request NetworkRequest [ REQUEST id=13612, [ Capabilities: INTERNET&NOT_RESTRICTED&TRUSTED&NOT_VCN_MANAGED Uid: 10236 RequestorUid: 10236 RequestorPkg: com.google.android.apps.messaging UnderlyingNetworks: Null] ]
[2026-06-13T06:35:41.067Z] [ALL] 06-13 12:05:38.531  1695  2144 D OemPaidWifiNetworkFactory: got request NetworkRequest [ REQUEST id=13612, [ Capabilities: INTERNET&NOT_RESTRICTED&TRUSTED&NOT_VCN_MANAGED Uid: 10236 RequestorUid: 10236 RequestorPkg: com.google.android.apps.messaging UnderlyingNetworks: Null] ]
[2026-06-13T06:35:41.067Z] [ALL] 06-13 12:05:38.531  1695  2144 D MultiInternetWifiNetworkFactory: got request NetworkRequest [ REQUEST id=13612, [ Capabilities: INTERNET&NOT_RESTRICTED&TRUSTED&NOT_VCN_MANAGED Uid: 10236 RequestorUid: 10236 RequestorPkg: com.google.android.apps.messaging UnderlyingNetworks: Null] ]
[2026-06-13T06:35:41.067Z] [ALL] 06-13 12:05:38.533 22840 16752 D WM-Processor: swv: processing WorkGenerationalId(workSpecId=1cb415bf-a16d-4673-9291-91d3328c7bca, generation=0)
[2026-06-13T06:35:41.067Z] [ALL] 06-13 12:05:38.534  1695  2177 D ConnectivityService: NetReassign [13612 : null → 204] [c 1] [a 3] [i 7]
[2026-06-13T06:35:41.067Z] [ALL] 06-13 12:05:38.536 22840 16752 D MddListenableWorkerFactory: createWorker for class: com.google.android.apps.messaging.shared.datamodel.workqueue.WorkQueueWorkerShim
[2026-06-13T06:35:41.067Z] [ALL] 06-13 12:05:38.537 22840 22840 D WM-WorkerWrapper: Starting work for com.google.android.apps.messaging.shared.datamodel.workqueue.WorkQueueWorkerShim
[2026-06-13T06:35:41.067Z] [ALL] 06-13 12:05:38.539 16781 16781 E Parcel  : Attempt to read from protected data in Parcel 0x7ffeca0b20
[2026-06-13T06:35:41.067Z] [ALL] 06-13 12:05:38.539 16781 16781 E Parcel  : Attempt to read from protected data in Parcel 0x7ffeca0b20
[2026-06-13T06:35:41.067Z] [ALL] 06-13 12:05:38.539 16781 16781 E Parcel  : Attempt to read from protected data in Parcel 0x7ffeca0b20
[2026-06-13T06:35:41.067Z] [ALL] 06-13 12:05:38.539 16781 16781 E Parcel  : Attempt to read from protected data in Parcel 0x7ffeca0b20
[2026-06-13T06:35:41.067Z] [ALL] 06-13 12:05:38.539 16781 16781 E Parcel  : Attempt to read from protected data in Parcel 0x7ffeca0b20
[2026-06-13T06:35:41.067Z] [ALL] 06-13 12:05:38.540 22840 16769 D WM-ConstraintTracker: tbb: initial state = true
[2026-06-13T06:35:41.067Z] [ALL] 06-13 12:05:38.540 22840 16769 D WM-BrdcstRcvrCnstrntTrc: tbb: registering receiver
[2026-06-13T06:35:41.067Z] [ALL] 06-13 12:05:38.543 22840 16750 D WM-ConstraintTracker: tbd: initial state = true
[2026-06-13T06:35:41.067Z] [ALL] 06-13 12:05:38.543 22840 16750 D WM-BrdcstRcvrCnstrntTrc: tbd: registering receiver
[2026-06-13T06:35:41.067Z] [ALL] 06-13 12:05:38.545 22840 16769 D WM-WorkConstraintsTrack: NetworkRequestConstraintController register shared callback
[2026-06-13T06:35:41.067Z] [ALL] 06-13 12:05:38.547  1695  2379 D ConnectivityService: requestNetwork for uid/pid:10236/22840 activeRequest: null callbackRequest: 13614 [NetworkRequest [ REQUEST id=13615, [ Capabilities: INTERNET&NOT_RESTRICTED&TRUSTED&NOT_VCN_MANAGED Uid: 10236 RequestorUid: 10236 RequestorPkg: com.google.android.apps.messaging UnderlyingNetworks: Null] ]] callback flags: 0 order: 2147483647 isUidTracked: false declaredMethods: AVAIL|LOST|NC|BLK
[2026-06-13T06:35:41.067Z] [ALL] 06-13 12:05:38.549 22840 16750 I WM-WorkerWrapper: Worker result SUCCESS for Work [ id=1cb415bf-a16d-4673-9291-91d3328c7bca, tags={ com.google.android.apps.messaging.shared.datamodel.workqueue.WorkQueueWorkerShim,data_upgrade- } ]
[2026-06-13T06:35:41.067Z] [ALL] 06-13 12:05:38.550 22840 22840 D WM-Processor: swv 1cb415bf-a16d-4673-9291-91d3328c7bca executed; reschedule = false
[2026-06-13T06:35:41.067Z] [ALL] 06-13 12:05:38.551  1695  2177 D ConnectivityService: NetReassign [no changes] [c 5] [a 3] [i 9]
[2026-06-13T06:35:41.067Z] [ALL] 06-13 12:05:38.552 22840 16750 D WM-PackageManagerHelper: Skipping component enablement for androidx.work.impl.background.systemalarm.RescheduleReceiver
[2026-06-13T06:35:41.067Z] [ALL] 06-13 12:05:38.553 22840 16769 D WM-GreedyScheduler: Cancelling work ID 1cb415bf-a16d-4673-9291-91d3328c7bca
[2026-06-13T06:35:41.067Z] [ALL] 06-13 12:05:38.555 22840 16769 D WM-GreedyScheduler: Ignoring {WorkSpec: 1404cf32-9c55-4211-b47d-f138d0a0dc69}. Requires device idle.
[2026-06-13T06:35:41.067Z] [ALL] 06-13 12:05:38.555 22840 16769 D WM-GreedyScheduler: Ignoring {WorkSpec: bb6c6375-5ba0-467a-ba14-f481ccc1f641}. Requires ContentUri triggers.
[2026-06-13T06:35:41.067Z] [ALL] 06-13 12:05:38.555 22840 16788 D WM-WorkConstraintsTrack: NetworkRequestConstraintController onCapabilitiesChanged callback
[2026-06-13T06:35:41.067Z] [ALL] 06-13 12:05:38.555 22840 16769 D WM-GreedyScheduler: Ignoring {WorkSpec: b41c8a90-87b2-4543-a989-5421f1e89a9e}. Requires ContentUri triggers.
[2026-06-13T06:35:41.136Z] [ALL] 06-13 12:05:38.555 22840 16769 D WM-GreedyScheduler: Ignoring {WorkSpec: e06f5e5c-5dfc-4089-bebf-cc3459e336f0}. Requires device idle.
[2026-06-13T06:35:41.136Z] [ALL] 06-13 12:05:38.555 22840 16788 D WM-WorkConstraintsTrack: Not dispatching constraint state yet: isBlocked=null, capabilitiesInitialized=true
[2026-06-13T06:35:41.136Z] [ALL] 06-13 12:05:38.555 22840 16769 D WM-GreedyScheduler: Starting tracking for c6fdba71-5b75-451c-87a6-b41febe38189
[2026-06-13T06:35:41.136Z] [ALL] 06-13 12:05:38.555 22840 16788 D WM-WorkConstraintsTrack: NetworkRequestConstraintController onBlockedStatusChanged callback false
[2026-06-13T06:35:41.136Z] [ALL] 06-13 12:05:38.558  1695  2144 D WifiNetworkFactory: got request NetworkRequest [ REQUEST id=13615, [ Capabilities: INTERNET&NOT_RESTRICTED&TRUSTED&NOT_VCN_MANAGED Uid: 10236 RequestorUid: 10236 RequestorPkg: com.google.android.apps.messaging UnderlyingNetworks: Null] ]
[2026-06-13T06:35:41.136Z] [ALL] 06-13 12:05:38.558  1695  2144 D UntrustedWifiNetworkFactory: got request NetworkRequest [ REQUEST id=13615, [ Capabilities: INTERNET&NOT_RESTRICTED&TRUSTED&NOT_VCN_MANAGED Uid: 10236 RequestorUid: 10236 RequestorPkg: com.google.android.apps.messaging UnderlyingNetworks: Null] ]
[2026-06-13T06:35:41.136Z] [ALL] 06-13 12:05:38.559  1695  2144 D OemPaidWifiNetworkFactory: got request NetworkRequest [ REQUEST id=13615, [ Capabilities: INTERNET&NOT_RESTRICTED&TRUSTED&NOT_VCN_MANAGED Uid: 10236 RequestorUid: 10236 RequestorPkg: com.google.android.apps.messaging UnderlyingNetworks: Null] ]
[2026-06-13T06:35:41.136Z] [ALL] 06-13 12:05:38.559 22840 16750 D WM-GreedyScheduler: Constraints not met: Cancelling work ID WorkGenerationalId(workSpecId=c6fdba71-5b75-451c-87a6-b41febe38189, generation=1098)
[2026-06-13T06:35:41.136Z] [ALL] 06-13 12:05:38.559  1695  2144 D MultiInternetWifiNetworkFactory: got request NetworkRequest [ REQUEST id=13615, [ Capabilities: INTERNET&NOT_RESTRICTED&TRUSTED&NOT_VCN_MANAGED Uid: 10236 RequestorUid: 10236 RequestorPkg: com.google.android.apps.messaging UnderlyingNetworks: Null] ]
[2026-06-13T06:35:41.136Z] [ALL] 06-13 12:05:38.562  1695  2177 D ConnectivityService: NetReassign [13615 : null → 204] [c 1] [a 3] [i 5]
[2026-06-13T06:35:41.136Z] [ALL] 06-13 12:05:38.565 22840 16771 I Bugle   : getRawTelephonyPhoneNumber redacted-pii[12-chars] [CONTEXT sub_id=5 ]
[2026-06-13T06:35:41.136Z] [ALL] 06-13 12:05:38.567 22840 16771 I Bugle   : SubscriptionUtils.getCanonicalForSelf: self=redacted-pii[13-chars], country=IN [CONTEXT sub_id=5 ]
[2026-06-13T06:35:41.136Z] [ALL] 06-13 12:05:38.571 22840 16771 I BugleSelfIdentity: Phone number for MyIdentity b67975c9-b9e4-461d-922d-2f5b3f0923de does not change [CONTEXT sub_id=4 icc_id="redacted-pii[20-chars]" messaging_identity="redacted-pii[13-chars]" rcs_provisioning_id="redacted-pii[0-chars]" ]
[2026-06-13T06:35:41.136Z] [ALL] 06-13 12:05:38.572 22840 16771 I BugleSelfIdentity: Phone number for MyIdentity 5beb9b90-0322-4e12-bf78-34c99ed614ab does not change [CONTEXT sub_id=5 icc_id="redacted-pii[20-chars]" messaging_identity="redacted-pii[13-chars]" rcs_provisioning_id="redacted-pii[0-chars]" ]
[2026-06-13T06:35:41.136Z] [ALL] 06-13 12:05:38.579 22840 16744 I BuglePipeline: Running Interceptor HiddenOtpInterceptor. Subject is expected type czzg [CONTEXT work_id="cd2c1c8f-c868-48bc-9846-a0d19ee041f5" pipeline_type="SmsReceivePipeline" ]
[2026-06-13T06:35:41.136Z] [ALL] 06-13 12:05:38.582 22840 16744 I BuglePipeline: Running Interceptor EarlyClassZeroSmsInterceptor. Subject is expected type czzg [CONTEXT work_id="cd2c1c8f-c868-48bc-9846-a0d19ee041f5" pipeline_type="SmsReceivePipeline" ]
[2026-06-13T06:35:41.136Z] [ALL] 06-13 12:05:38.583 22840 16744 I EarlyClassZeroSmsInterc: Received Class Zero SMS [CONTEXT work_id="cd2c1c8f-c868-48bc-9846-a0d19ee041f5" pipeline_type="SmsReceivePipeline" ]
[2026-06-13T06:35:41.136Z] [ALL] 06-13 12:05:38.588  1695  2379 I ActivityTaskManager: START u0 {flg=0x18000000 cmp=com.google.android.apps.messaging/.ui.ClassZeroActivity (has extras) mCallingUid=10236} from uid 10236
[2026-06-13T06:35:41.136Z] [ALL] 06-13 12:05:38.589  1695  2495 I mtkpower_client: perf_lock_rel, hdl:35921, tid:2495
[2026-06-13T06:35:41.136Z] [ALL] 06-13 12:05:38.589  1695  2379 W ActivityTaskManager: Background activity start [callingPackage: com.google.android.apps.messaging; callingUid: 10236; appSwitchState: 2; isCallingUidForeground: false; callingUidHasAnyVisibleWindow: false; callingUidProcState: FOREGROUND_SERVICE; isCallingUidPersistentSystemProcess: false; realCallingUid: 10236; isRealCallingUidForeground: false; realCallingUidHasAnyVisibleWindow: false; realCallingUidProcState: FOREGROUND_SERVICE; isRealCallingUidPersistentSystemProcess: false; originatingPendingIntent: null; allowBackgroundActivityStart: false; intent: Intent { flg=0x18000000 cmp=com.google.android.apps.messaging/.ui.ClassZeroActivity (has extras) mCallingUid=10236 }; callerApp: ProcessRecord{537f659 22840:com.google.android.apps.messaging/u0a236}; inVisibleTask: false]
[2026-06-13T06:35:41.136Z] [ALL] 06-13 12:05:38.589  1695  2495 I mtkpower_client: perf_lock_acq, hdl:35921, dur:0, num:14, tid:2495
[2026-06-13T06:35:41.136Z] [ALL] 06-13 12:05:38.590   901   965 I libPowerHal: [perfLockRel] hdl:35921, idx:0
[2026-06-13T06:35:41.136Z] [ALL] 06-13 12:05:38.590   901   965 I libPowerHal: system_server: hard user limit set cpu freq: -1 -1 -1 -1
[2026-06-13T06:35:41.136Z] [ALL] 06-13 12:05:38.590   901   965 I libPowerHal: [PD] system_server update cmd:2004100 param:0
[2026-06-13T06:35:41.136Z] [ALL] 06-13 12:05:38.595  1695  2495 I mtkpower_client: ret_hdl:35922
[2026-06-13T06:35:41.136Z] [ALL] 06-13 12:05:38.596   901   965 I libPowerHal: cmdSetting - unknown cmd:1c3c000, scmd:(null) ,param_1:0
[2026-06-13T06:35:41.136Z] [ALL] 06-13 12:05:38.596   901   965 I libPowerHal: system_server: cpu_ctrl set cpu freq: 1903000 -1 1900000 -1
[2026-06-13T06:35:41.136Z] [ALL] 06-13 12:05:38.596   901   965 I libPowerHal: system_server: hard user limit set cpu freq: -1 1903000 -1 1900000
[2026-06-13T06:35:41.136Z] [ALL] 06-13 12:05:38.598  1695  2379 D CompatibilityChangeReporter: Compat change id reported: 194480991; UID 10236; state: ENABLED
[2026-06-13T06:35:41.136Z] [ALL] 06-13 12:05:38.598  1695  2379 D OplusZoomStarter: findSourceZoomTask: the caller is not a zoom window application and does not have a zoom windowMode startup parameter
[2026-06-13T06:35:41.136Z] [ALL] 06-13 12:05:38.598  1695  2379 D OplusZoomWindowRUSConfigManager: isSupportZoomModeWithPolicyLocked: target = com.google.android.apps.messaging/.ui.ClassZeroActivity
[2026-06-13T06:35:41.136Z] [ALL] 06-13 12:05:38.598  1695  2379 D OplusZoomWindowRUSConfigManager: targetPkg = com.google.android.apps.messaging
[2026-06-13T06:35:41.136Z] [ALL] 06-13 12:05:38.598   901   921 I mtkpower@impl: [setMode] type:5, enabled:1
[2026-06-13T06:35:41.136Z] [ALL] 06-13 12:05:38.599  1695  2379 D CompatibilityChangeReporter: Compat change id reported: 194833441; UID 10236; state: ENABLED
[2026-06-13T06:35:41.136Z] [ALL] 06-13 12:05:38.599  1695  2379 D OplusUIFirst_FB: com.google.android.apps.messaging activity event: []
[2026-06-13T06:35:41.136Z] [ALL] 06-13 12:05:38.599  1695  2379 D OplusUIFirst_FB: List of ThreadOp: size=0 []
[2026-06-13T06:35:41.136Z] [ALL] 06-13 12:05:38.601 22840 16779 D nativeloader: Load /data/app/~~MXODY8esPOHCMvXP1D9I9w==/com.google.android.apps.messaging-l56GFKh0o94BWlbGb41_iw==/split_config.arm64_v8a.apk!/lib/arm64-v8a/libzinnia_jni.so using class loader ns clns-7 (caller=/data/app/~~MXODY8esPOHCMvXP1D9I9w==/com.google.android.apps.messaging-l56GFKh0o94BWlbGb41_iw==/base.apk!classes3.dex): ok
[2026-06-13T06:35:41.136Z] [ALL] 06-13 12:05:38.605 22840 16713 D nativeloader: Load /data/app/~~MXODY8esPOHCMvXP1D9I9w==/com.google.android.apps.messaging-l56GFKh0o94BWlbGb41_iw==/split_config.arm64_v8a.apk!/lib/arm64-v8a/libcronet.149.0.7827.22.so using class loader ns clns-7 (caller=/data/app/~~MXODY8esPOHCMvXP1D9I9w==/com.google.android.apps.messaging-l56GFKh0o94BWlbGb41_iw==/base.apk!classes8.dex): ok
[2026-06-13T06:35:41.136Z] [ALL] 06-13 12:05:38.614 22840 16713 I cn_CronetLibraryLoader: Cronet version: 149.0.7827.22, arch: aarch64
[2026-06-13T06:35:41.136Z] [ALL] 06-13 12:05:38.624 22840 16713 W .apps.messaging: ClassLoaderContext classpath size mismatch. expected=1, found=0 (DLC[];PCL[base.apk*116719914]{PCL[/system/framework/org.apache.http.legacy.jar*3412649068]#PCL[/system/framework/com.android.location.provider.jar*3868789109]#PCL[/system/framework/com.android.media.remotedisplay.jar*3886290638]#PCL[/system_ext/framework/androidx.window.extensions.jar*2755949339]#PCL[/system_ext/framework/androidx.window.sidecar.jar*2604584306]} | DLC[];PCL[])
[2026-06-13T06:35:41.136Z] [ALL] 06-13 12:05:38.626 22840 16713 I DynamiteModule: Considering local module com.google.android.gms.cronet_dynamite:0 and remote module com.google.android.gms.cronet_dynamite:4911
[2026-06-13T06:35:41.136Z] [ALL] 06-13 12:05:38.626 22840 16713 I DynamiteModule: Selected remote version of com.google.android.gms.cronet_dynamite, version >= 4911
[2026-06-13T06:35:41.136Z] [ALL] 06-13 12:05:38.626 22840 16713 V DynamiteModule: Dynamite loader version >= 2, using loadModule2NoCrashUtils
[2026-06-13T06:35:41.136Z] [ALL] 06-13 12:05:38.629 16791 16791 E Parcel  : Attempt to read from protected data in Parcel 0x7fdbe4bf80
[2026-06-13T06:35:41.136Z] [ALL] 06-13 12:05:38.629 16791 16791 E Parcel  : Attempt to read from protected data in Parcel 0x7fdbe4bf80
[2026-06-13T06:35:41.136Z] [ALL] 06-13 12:05:38.629 16791 16791 E Parcel  : Attempt to read from protected data in Parcel 0x7fdbe4bf80
[2026-06-13T06:35:41.136Z] [ALL] 06-13 12:05:38.629 16791 16791 E Parcel  : Attempt to read from protected data in Parcel 0x7fdbe4bf80
[2026-06-13T06:35:41.136Z] [ALL] 06-13 12:05:38.629 16791 16791 E Parcel  : Attempt to read from protected data in Parcel 0x7fdbe4bf80
[2026-06-13T06:35:41.136Z] [ALL] 06-13 12:05:38.633 22840 16713 W System  : ClassLoader referenced unknown path: 
[2026-06-13T06:35:41.136Z] [ALL] 06-13 12:05:38.633 22840 16713 D nativeloader: Configuring clns-8 for other apk . target_sdk_version=37, uses_libraries=, library_path=/data/app/~~UdMHsXY926Xq-d1ywBXJwA==/com.google.android.gms-F85YuBj2B0NzQ8-keoyDxg==/lib/arm64:/data/app/~~UdMHsXY926Xq-d1ywBXJwA==/com.google.android.gms-F85YuBj2B0NzQ8-keoyDxg==/base.apk!/lib/arm64-v8a, permitted_path=/data:/mnt/expand:/data/user/0/com.google.android.gms
[2026-06-13T06:35:41.136Z] [ALL] 06-13 12:05:38.641 22840 16713 W .apps.messaging: ClassLoaderContext classpath element checksum mismatch. expected=116719914, found=3624373899 (DLC[];PCL[base.apk*116719914]{PCL[/system/framework/org.apache.http.legacy.jar*3412649068]#PCL[/system/framework/com.android.location.provider.jar*3868789109]#PCL[/system/framework/com.android.media.remotedisplay.jar*3886290638]#PCL[/system_ext/framework/androidx.window.extensions.jar*2755949339]#PCL[/system_ext/framework/androidx.window.sidecar.jar*2604584306]} | DLC[];PCL[/data/app/~~MXODY8esPOHCMvXP1D9I9w==/com.google.android.apps.messaging-l56GFKh0o94BWlbGb41_iw==/base.apk*3624373899]{PCL[/system/framework/org.apache.http.legacy.jar*3412649068]#PCL[/system_ext/framework/androidx.window.extensions.jar*2755949339]#PCL[/system_ext/framework/androidx.window.sidecar.jar*2604584306]})
[2026-06-13T06:35:41.136Z] [ALL] 06-13 12:05:38.642   859   859 I zygote  : Delayed USAP Pool refill. New USAPs: 1
[2026-06-13T06:35:41.136Z] [ALL] 06-13 12:05:38.643 22840 16779 I Zinnia  : zinnia_core::logging: Initialized Zinnia
[2026-06-13T06:35:41.136Z] [ALL] 06-13 12:05:38.645 22840 16744 I BugleE2eeMls: Fetching trusted root list from: https://www.gstatic.com/messages/mls/trusted_root_lists/1770679592.pb
[2026-06-13T06:35:41.136Z] [ALL] 06-13 12:05:38.659   859   859 D Zygote  : Forked child process 16811
[2026-06-13T06:35:41.209Z] [ALL] 06-13 12:05:38.667 22840 16778 I BugleDataModel: PendingMessagesProcessor process from ProcessPendingMessagesAction due to connectivity state changed  with delay 0s with queues smsMessagesToSend:0 mmsMessagesToSend:0 rcsMessagesToSend:0 rcsFTMessagesToSend:0 messagesToDownload:0
[2026-06-13T06:35:41.209Z] [ALL] 06-13 12:05:38.668 22840 16778 I BugleDataModel: Cleared next retry time for channel: sms_send 
[2026-06-13T06:35:41.209Z] [ALL] 06-13 12:05:38.668 22840 16778 I BugleDataModel: Cleared next retry time for channel: mms_send 
[2026-06-13T06:35:41.209Z] [ALL] 06-13 12:05:38.668 22840 16778 I BugleDataModel: Cleared next retry time for channel: mms_download 
[2026-06-13T06:35:41.209Z] [ALL] 06-13 12:05:38.668 22840 16778 I BugleDataModel: Cleared next retry time for channel: rcs_send 
[2026-06-13T06:35:41.209Z] [ALL] 06-13 12:05:38.668 22840 16778 I BugleDataModel: Cleared next retry time for channel: rcs_ft_upload 
[2026-06-13T06:35:41.209Z] [ALL] 06-13 12:05:38.668 22840 16778 I BugleDataModel: Cleared next retry time for channel: rcs_ft_download 
[2026-06-13T06:35:41.209Z] [ALL] 06-13 12:05:38.668 22840 16778 I BugleDataModel: Cleared next retry time for channel: cloud_sync_send 
[2026-06-13T06:35:41.209Z] [ALL] 06-13 12:05:38.668 22840 16778 I BugleDataModel: Cleared next retry time for channel: cloud_sync_attachment_download 
[2026-06-13T06:35:41.209Z] [ALL] 06-13 12:05:38.669 22840 16778 I BugleDataModel: finished running action ProcessPendingMessagesAction in 207 ms
[2026-06-13T06:35:41.209Z] [ALL] 06-13 12:05:38.669 22840 16778 I BugleDataModel: running action ProcessPendingRevocationsAction
[2026-06-13T06:35:41.209Z] [ALL] 06-13 12:05:38.669 22840 16778 I BugleDataModel: ActionExecutorImpl: ACTION_BACKGROUND_QUEUED_ProcessPendingRevocationsAction
[2026-06-13T06:35:41.209Z] [ALL] 06-13 12:05:38.669 22840 16778 I BugleDataModel: finished running action ProcessPendingRevocationsAction in 0 ms
[2026-06-13T06:35:41.209Z] [ALL] 06-13 12:05:38.669 22840 16778 I BugleDataModel: running action ProcessPendingMessagesAction
[2026-06-13T06:35:41.209Z] [ALL] 06-13 12:05:38.674  2782 12297 D NetworkEvent: OplusNetworkEventCbProxy invoke.....onDnsEvent argslen:8
[2026-06-13T06:35:41.209Z] [ALL] 06-13 12:05:38.676 22840 16778 I BugleDataModel: PendingMessagesProcessor process from ProcessPendingMessagesAction due to connectivity state changed  with delay 0s with queues smsMessagesToSend:0 mmsMessagesToSend:0 rcsMessagesToSend:0 rcsFTMessagesToSend:0 messagesToDownload:0
[2026-06-13T06:35:41.209Z] [ALL] 06-13 12:05:38.676 22840 16778 I BugleDataModel: Cleared next retry time for channel: sms_send 
[2026-06-13T06:35:41.209Z] [ALL] 06-13 12:05:38.676 22840 16778 I BugleDataModel: Cleared next retry time for channel: mms_send 
[2026-06-13T06:35:41.209Z] [ALL] 06-13 12:05:38.676 22840 16778 I BugleDataModel: Cleared next retry time for channel: mms_download 
[2026-06-13T06:35:41.209Z] [ALL] 06-13 12:05:38.676 22840 16778 I BugleDataModel: Cleared next retry time for channel: rcs_send 
[2026-06-13T06:35:41.209Z] [ALL] 06-13 12:05:38.677 22840 16778 I BugleDataModel: Cleared next retry time for channel: rcs_ft_upload 
[2026-06-13T06:35:41.209Z] [ALL] 06-13 12:05:38.677 22840 16778 I BugleDataModel: Cleared next retry time for channel: rcs_ft_download 
[2026-06-13T06:35:41.209Z] [ALL] 06-13 12:05:38.677 22840 16778 I BugleDataModel: Cleared next retry time for channel: cloud_sync_send 
[2026-06-13T06:35:41.209Z] [ALL] 06-13 12:05:38.677 22840 16778 I BugleDataModel: Cleared next retry time for channel: cloud_sync_attachment_download 
[2026-06-13T06:35:41.209Z] [ALL] 06-13 12:05:38.677 22840 16778 I BugleDataModel: finished running action ProcessPendingMessagesAction in 8 ms
[2026-06-13T06:35:41.209Z] [ALL] 06-13 12:05:38.677 22840 16778 I BugleDataModel: running action ProcessPendingRevocationsAction
[2026-06-13T06:35:41.209Z] [ALL] 06-13 12:05:38.677 22840 16778 I BugleDataModel: ActionExecutorImpl: ACTION_BACKGROUND_QUEUED_ProcessPendingRevocationsAction
[2026-06-13T06:35:41.209Z] [ALL] 06-13 12:05:38.677 22840 16778 I BugleDataModel: finished running action ProcessPendingRevocationsAction in 0 ms
[2026-06-13T06:35:41.209Z] [ALL] 06-13 12:05:38.678 22840 16750 I BugleDataModel: ActionExecutorImpl: ACTION_RESPONSE_QUEUED_ProcessPendingRevocationsAction
[2026-06-13T06:35:41.209Z] [ALL] 06-13 12:05:38.680 22840 16750 I BugleDataModel: ActionExecutorImpl: ACTION_RESPONSE_QUEUED_ProcessPendingRevocationsAction
[2026-06-13T06:35:41.209Z] [ALL] 06-13 12:05:38.683  1695  1711 W System  : A resource failed to call release. 
[2026-06-13T06:35:41.209Z] [ALL] 06-13 12:05:38.683  1695  1711 W System  : A resource failed to call release. 
[2026-06-13T06:35:41.209Z] [ALL] 06-13 12:05:38.683  1695  1711 W System  : A resource failed to call release. 
[2026-06-13T06:35:41.209Z] [ALL] 06-13 12:05:38.683  1695  1711 W System  : A resource failed to call release. 
[2026-06-13T06:35:41.209Z] [ALL] 06-13 12:05:38.698 16818 16818 E Parcel  : Attempt to read from protected data in Parcel 0x7fc4801af0
[2026-06-13T06:35:41.209Z] [ALL] 06-13 12:05:38.698 16818 16818 E Parcel  : Attempt to read from protected data in Parcel 0x7fc4801af0
[2026-06-13T06:35:41.209Z] [ALL] 06-13 12:05:38.698 16818 16818 E Parcel  : Attempt to read from protected data in Parcel 0x7fc4801af0
[2026-06-13T06:35:41.209Z] [ALL] 06-13 12:05:38.698 16818 16818 E Parcel  : Attempt to read from protected data in Parcel 0x7fc4801af0
[2026-06-13T06:35:41.209Z] [ALL] 06-13 12:05:38.698 16818 16818 E Parcel  : Attempt to read from protected data in Parcel 0x7fc4801af0
[2026-06-13T06:35:41.257Z] [ALL] 06-13 12:05:38.739  7763 13029 D IHansComunication: HANS sendMessageToKernel: threadId = 536992353456, netLinkSetup = 1, type = FROZEN_TRANS, targetUid = 10349, pkgCmd = PKG_CMD_MAX
[2026-06-13T06:35:41.257Z] [ALL] 06-13 12:05:38.743 16822 16822 E Parcel  : Attempt to read from protected data in Parcel 0x7fc1ee2e70
[2026-06-13T06:35:41.257Z] [ALL] 06-13 12:05:38.743 16822 16822 E Parcel  : Attempt to read from protected data in Parcel 0x7fc1ee2e70
[2026-06-13T06:35:41.257Z] [ALL] 06-13 12:05:38.743 16822 16822 E Parcel  : Attempt to read from protected data in Parcel 0x7fc1ee2e70
[2026-06-13T06:35:41.257Z] [ALL] 06-13 12:05:38.743 16822 16822 E Parcel  : Attempt to read from protected data in Parcel 0x7fc1ee2e70
[2026-06-13T06:35:41.257Z] [ALL] 06-13 12:05:38.743 16822 16822 E Parcel  : Attempt to read from protected data in Parcel 0x7fc1ee2e70
[2026-06-13T06:35:41.257Z] [ALL] 06-13 12:05:38.793 16829 16829 E Parcel  : Attempt to read from protected data in Parcel 0x7fe9227d70
[2026-06-13T06:35:41.257Z] [ALL] 06-13 12:05:38.793 16829 16829 E Parcel  : Attempt to read from protected data in Parcel 0x7fe9227d70
[2026-06-13T06:35:41.257Z] [ALL] 06-13 12:05:38.793 16829 16829 E Parcel  : Attempt to read from protected data in Parcel 0x7fe9227d70
[2026-06-13T06:35:41.257Z] [ALL] 06-13 12:05:38.793 16829 16829 E Parcel  : Attempt to read from protected data in Parcel 0x7fe9227d70
[2026-06-13T06:35:41.257Z] [ALL] 06-13 12:05:38.793 16829 16829 E Parcel  : Attempt to read from protected data in Parcel 0x7fe9227d70
[2026-06-13T06:35:41.303Z] [ALL] 06-13 12:05:38.840 16833 16833 E Parcel  : Attempt to read from protected data in Parcel 0x7fec7e2400
[2026-06-13T06:35:41.303Z] [ALL] 06-13 12:05:38.840 16833 16833 E Parcel  : Attempt to read from protected data in Parcel 0x7fec7e2400
[2026-06-13T06:35:41.303Z] [ALL] 06-13 12:05:38.840 16833 16833 E Parcel  : Attempt to read from protected data in Parcel 0x7fec7e2400
[2026-06-13T06:35:41.303Z] [ALL] 06-13 12:05:38.840 16833 16833 E Parcel  : Attempt to read from protected data in Parcel 0x7fec7e2400
[2026-06-13T06:35:41.303Z] [ALL] 06-13 12:05:38.840 16833 16833 E Parcel  : Attempt to read from protected data in Parcel 0x7fec7e2400
[2026-06-13T06:35:41.355Z] [ALL] 06-13 12:05:38.882 22840 16744 I BugleE2eeMls: Successfully fetched and parsed trusted root list. Generation ID: 1770679592
[2026-06-13T06:35:41.355Z] [ALL] 06-13 12:05:38.885 16837 16837 E Parcel  : Attempt to read from protected data in Parcel 0x7fcf7b8350
[2026-06-13T06:35:41.355Z] [ALL] 06-13 12:05:38.885 16837 16837 E Parcel  : Attempt to read from protected data in Parcel 0x7fcf7b8350
[2026-06-13T06:35:41.355Z] [ALL] 06-13 12:05:38.885 16837 16837 E Parcel  : Attempt to read from protected data in Parcel 0x7fcf7b8350
[2026-06-13T06:35:41.355Z] [ALL] 06-13 12:05:38.885 16837 16837 E Parcel  : Attempt to read from protected data in Parcel 0x7fcf7b8350
[2026-06-13T06:35:41.355Z] [ALL] 06-13 12:05:38.885 16837 16837 E Parcel  : Attempt to read from protected data in Parcel 0x7fcf7b8350
[2026-06-13T06:35:41.408Z] [ALL] 06-13 12:05:38.907 22840 16780 I CallFlogger: Creating X.509credential from 3 certificates
[2026-06-13T06:35:41.408Z] [ALL] 06-13 12:05:38.909 22840 16780 I Zinnia  : libzinnia_rust::ffi_trait_wrappers::time_accessor_wrapper: Current time fetched from client: LoggedMlsTime { epoch_seconds: 1781332540, date: "2026-06-13 06:35:40" }
[2026-06-13T06:35:41.408Z] [ALL] 06-13 12:05:38.913 22840 16780 I CallFlogger: Logging client identify information for msisdn Msisdn: [REDACTED], with participant key (hex) ParticipantPublicKey: [REDACTED], and client id ClientId: "73c12cd3-57b2-4f75-98b0-afee4ae61d3c", with keypair public key (hex) DevicePublicKey: [REDACTED], validity=(LoggedMlsTime { epoch_seconds: 1781285257, date: "2026-06-12 17:27:37" }, LoggedMlsTime { epoch_seconds: 1787765254, date: "2026-08-26 17:27:34" })
[2026-06-13T06:35:41.408Z] [ALL] 06-13 12:05:38.916 22840 16780 I BugleE2eeMls: validateClientBasicFunctionalitySync()
[2026-06-13T06:35:41.408Z] [ALL] 06-13 12:05:38.917 22840 16780 I Zinnia  : libzinnia_rust::ffi_trait_wrappers::time_accessor_wrapper: Current time fetched from client: LoggedMlsTime { epoch_seconds: 1781332540, date: "2026-06-13 06:35:40" }
[2026-06-13T06:35:41.408Z] [ALL] 06-13 12:05:38.931 22840 16780 I BugleE2eeMls: No group information found, returning not found maximum epoch ID. [CONTEXT mls_group_id="MlsGroup(groupId=validation_group_id)" ]
[2026-06-13T06:35:41.408Z] [ALL] 06-13 12:05:38.933 22840 16780 I BugleE2eeMls: Group to delete not found in MlsGroupStates table [CONTEXT mls_group_id="MlsGroup(groupId=validation_group_id)" ]
[2026-06-13T06:35:41.408Z] [ALL] 06-13 12:05:38.933 22840 16780 I CallFlogger: Error occurred: NotFound
[2026-06-13T06:35:41.408Z] [ALL] 06-13 12:05:38.934 22840 16752 I BugleE2eeMls: no certificates need to be refreshed, skip triggering certificate chain download [CONTEXT provisioning_session_id="1abaccda-b296-44e5-8471-a6f0a1138766" ]
[2026-06-13T06:35:41.468Z] [ALL] 06-13 12:05:39.021 13599 13803 D ScreenStatusProducer: Current queue status: isIdle = true, isPolling = true
[2026-06-13T06:35:41.538Z] [ALL] 06-13 12:05:39.086   891   978 W AString : ctor got NULL, using empty string instead
[2026-06-13T06:35:41.538Z] [ALL] 06-13 12:05:39.086   891   978 I sensors-hal-SensorSavedChannel: [8853,-27224,4240]==>gyro_bias.json
[2026-06-13T06:35:41.577Z] [ALL] 06-13 12:05:39.096  1695  2495 I mtkpower_client: perf_lock_rel, hdl:35922, tid:2495
[2026-06-13T06:35:41.577Z] [ALL] 06-13 12:05:39.097  1695  2495 I mtkpower_client: perf_lock_acq, hdl:35922, dur:0, num:8, tid:2495
[2026-06-13T06:35:41.577Z] [ALL] 06-13 12:05:39.097   901   965 I libPowerHal: [perfLockRel] hdl:35922, idx:0
[2026-06-13T06:35:41.577Z] [ALL] 06-13 12:05:39.097   901   965 I libPowerHal: system_server: cpu_ctrl set cpu freq: -1 -1 -1 -1
[2026-06-13T06:35:41.577Z] [ALL] 06-13 12:05:39.097   901   965 I libPowerHal: system_server: hard user limit set cpu freq: -1 -1 -1 -1
[2026-06-13T06:35:41.577Z] [ALL] 06-13 12:05:39.098   901   965 I libPowerHal: [PD] system_server update cmd:2004100 param:0
[2026-06-13T06:35:41.577Z] [ALL] 06-13 12:05:39.098  1695  2495 I mtkpower_client: ret_hdl:35924
[2026-06-13T06:35:41.577Z] [ALL] 06-13 12:05:39.098   901   965 I libPowerHal: system_server: hard user limit set cpu freq: -1 1903000 -1 1900000
[2026-06-13T06:35:41.618Z] [ALL] 06-13 12:05:39.124  1695  2752 I OplusHansManager : uid=10354, pkg=com.myntra.android can transition from M to F
[2026-06-13T06:35:41.618Z] [ALL] 06-13 12:05:39.124  1695  2752 I OplusHansManager : uid=10354, pkg=com.myntra.android F enter(), M stay=1
[2026-06-13T06:35:41.618Z] [ALL] 06-13 12:05:39.132  1000  3424 D SurfaceFlinger: kickIdle 2103, 2067, 35, 0
[2026-06-13T06:35:41.618Z] [ALL] 06-13 12:05:39.133   882   882 E hwcomposer: [DRMDEV] DRM_IOCTL_MTK_KICK_IDLE failed, drm_id_crtc: 64, error: -1  
[2026-06-13T06:35:41.618Z] [ALL] 06-13 12:05:39.134  1695  2752 I OplusHansManager : freeze uid: 10354 com.myntra.android pids: [24280, 24544] IsolatedUid: [99207] scene: LcdOn
[2026-06-13T06:35:41.618Z] [ALL] 06-13 12:05:39.135  7763 13029 D IHansComunication: HansComunication::addUid-- 10354, persistent--0
[2026-06-13T06:35:41.618Z] [ALL] 06-13 12:05:39.135  7763 13029 D IHansComunication: HANS sendMessageToKernel: threadId = 536992353456, netLinkSetup = 1, type = PKG, targetUid = 10354, pkgCmd = ADD_ONE_UID
[2026-06-13T06:35:41.618Z] [ALL] 06-13 12:05:39.144  1695  2752 I OplusHansManager : uid=10375, pkg=com.mpokket.app can transition from M to F
[2026-06-13T06:35:41.618Z] [ALL] 06-13 12:05:39.144  1695  2752 I OplusHansManager : uid=10375, pkg=com.mpokket.app F enter(), M stay=1
[2026-06-13T06:35:41.618Z] [ALL] 06-13 12:05:39.155  1695  2752 I OplusHansManager : freeze uid: 10375 com.mpokket.app pids: [20213, 20627] IsolatedUid: [99210] scene: LcdOn
[2026-06-13T06:35:41.618Z] [ALL] 06-13 12:05:39.156  7763 13029 D IHansComunication: HansComunication::addUid-- 10375, persistent--0
[2026-06-13T06:35:41.618Z] [ALL] 06-13 12:05:39.156  7763 13029 D IHansComunication: HANS sendMessageToKernel: threadId = 536992353456, netLinkSetup = 1, type = PKG, targetUid = 10375, pkgCmd = ADD_ONE_UID
[2026-06-13T06:35:41.667Z] [ALL] 06-13 12:05:39.222   891   981 E VirtualSensors: pedo minute, step_count = 18284, report_count = 5484 move_statust = 0 ,time_gap = 0 , step_run_count = 0 , step_walk_count = 18284
[2026-06-13T06:35:41.667Z] [ALL] 06-13 12:05:39.222   891   981 E power   : ISystemSuspend::getService() failed.
[2026-06-13T06:35:41.667Z] [ALL] 06-13 12:05:39.222   891   981 E SensorsMultiHal: Decrementing wakelock ref count by 1 when count is 0
[2026-06-13T06:35:41.667Z] [ALL] 06-13 12:05:39.222   891   981 E VirtualSensors: post_events : call
[2026-06-13T06:35:41.667Z] [ALL] 06-13 12:05:39.224  1695  2069 E AppOps  : attributionTag  not declared in manifest of com.oplus.exsystemservice
[2026-06-13T06:35:41.667Z] [ALL] 06-13 12:05:39.224  1695  2069 E AppOps  : attributionTag  not declared in manifest of com.oplus.exsystemservice
[2026-06-13T06:35:41.667Z] [ALL] 06-13 12:05:39.225  2328  2328 I StepApp_StepDataPreHandler: (main)onSensorChanged raw data: step=18284.0 state=0.0 minuteDelta=0.0 timestamp=329066366951190 steprun=0.0 stepwalk=18284.0 formatted data: step=18284 state=0 timestamp=329066366951190 time=1781332539221 steprun=0 stepwalk=18284
[2026-06-13T06:35:41.667Z] [ALL] 06-13 12:05:39.225  2328  4540 I StepApp_StepDataSaver: (StepDataDispatcher)getNewFixedOffsetStep type is STEP
[2026-06-13T06:35:41.667Z] [ALL] 06-13 12:05:39.226  2328  4540 I StepApp_StepDataSaver: (StepDataDispatcher)isRebootCountStep:false	 lastRealTimeStamp = 1781332440000	 bootTimestamp = 1781003472854	 mLastModifiedMinuteTime = 2026-06-13-12-04
[2026-06-13T06:35:41.667Z] [ALL] 06-13 12:05:39.226  2328  4540 I StepApp_StepDataSaver: (StepDataDispatcher)calOffSet:sensorStep = 18284	 lastModifiedStep = 18284	 offSet = 0
[2026-06-13T06:35:41.667Z] [ALL] 06-13 12:05:39.226  2328  4540 I StepApp_StepDataSaver: (StepDataDispatcher)getNewFixedOffsetStep type is RUN
[2026-06-13T06:35:41.667Z] [ALL] 06-13 12:05:39.226  2328  4540 I StepApp_StepDataSaver: (StepDataDispatcher)isRebootCountStep:false	 lastRealTimeStamp = 1781332440000	 bootTimestamp = 1781003472854	 mLastModifiedMinuteTime = 2026-06-13-12-04
[2026-06-13T06:35:41.667Z] [ALL] 06-13 12:05:39.226  2328  4540 I StepApp_StepDataSaver: (StepDataDispatcher)calOffSet:sensorStep = 0	 lastModifiedStep = 0	 offSet = 0
[2026-06-13T06:35:41.667Z] [ALL] 06-13 12:05:39.226  2328  4540 I StepApp_StepDataSaver: (StepDataDispatcher)getNewFixedOffsetStep type is WALK
[2026-06-13T06:35:41.667Z] [ALL] 06-13 12:05:39.226  2328  4540 I StepApp_StepDataSaver: (StepDataDispatcher)isRebootCountStep:false	 lastRealTimeStamp = 1781332440000	 bootTimestamp = 1781003472854	 mLastModifiedMinuteTime = 2026-06-13-12-04
[2026-06-13T06:35:41.667Z] [ALL] 06-13 12:05:39.226  2328  4540 I StepApp_StepDataSaver: (StepDataDispatcher)calOffSet:sensorStep = 18284	 lastModifiedStep = 18284	 offSet = 0
[2026-06-13T06:35:41.705Z] [ALL] 06-13 12:05:39.248   858  5601 E netd    : dispachCmd:oplusGetRtt
[2026-06-13T06:35:41.705Z] [ALL] 06-13 12:05:39.248   858  5601 E netd    : handleGetRttCmd: netId = 204, uid = 10352
[2026-06-13T06:35:41.705Z] [ALL] 06-13 12:05:39.250   858  5601 E netd    : dispachCmd cmd:oplusGetRtt  result:0
[2026-06-13T06:35:41.705Z] [ALL] 06-13 12:05:39.250   858  5601 E netd    : dispachCmd:oplusGetRtt
[2026-06-13T06:35:41.705Z] [ALL] 06-13 12:05:39.251   858  5601 E netd    : handleGetRttCmd: netId = 206, uid = 10352
[2026-06-13T06:35:41.705Z] [ALL] 06-13 12:05:39.252   858  5601 E netd    : dispachCmd cmd:oplusGetRtt  result:0
[2026-06-13T06:35:41.705Z] [ALL] 06-13 12:05:39.254  1695  2144 D OplusWifiConnect2: clientModeManager == null, getOplusSta2ConnectionInfo null
[2026-06-13T06:35:41.705Z] [ALL] 06-13 12:05:39.254  1695  2148 D WN_S    : isCellQualityGood is false, curscore =71, no need to switch lte
[2026-06-13T06:35:41.705Z] [ALL] 06-13 12:05:39.263  1000  3424 D SurfaceFlinger: kickIdle 130, 114, 35, 0
[2026-06-13T06:35:41.705Z] [ALL] 06-13 12:05:39.263   882   882 E hwcomposer: [DRMDEV] DRM_IOCTL_MTK_KICK_IDLE failed, drm_id_crtc: 64, error: -1  
[2026-06-13T06:35:41.803Z] [ALL] 06-13 12:05:39.353  7763  7793 E IHansComunication: HANS printMessageBody: RCV message: type = 0,port = 86870,caller_pid = 1695,caller_uid = 1000,target_pid = 13227,target_uid = 10349,pkg_cmd = -1,rpc = android.accessibilityservice.IAccessibilityServiceClient/2
[2026-06-13T06:35:41.803Z] [ALL] 06-13 12:05:39.355  1695  2771 I OplusHansManager : unfreeze uid: 10349 io.appium.uiautomator2.server pids: [13227] reason: AsyncBinder scene: LcdOn
[2026-06-13T06:35:41.803Z] [ALL] 06-13 12:05:39.356  1695  2752 I OplusHansManager : uid=10349, pkg=io.appium.uiautomator2.server, transition from F to Middle, reason=AsyncBinder
[2026-06-13T06:35:41.803Z] [ALL] 06-13 12:05:39.356  1695  2752 I OplusHansManager : uid=10349, pkg=io.appium.uiautomator2.server F exit(), F stay=1, reason=AsyncBinder
[2026-06-13T06:35:41.803Z] [ALL] 06-13 12:05:39.358 13227 13408 I appium  : channel read: POST /session/1d958382-6c27-4154-8ae4-4950394a5bc8/element
[2026-06-13T06:35:41.803Z] [ALL] 06-13 12:05:39.359 13227 13408 I appium  : FindElement command
[2026-06-13T06:35:41.803Z] [ALL] 06-13 12:05:39.360 13227 13408 I appium  : method: 'xpath', selector: '//*[@resource-id="nav_item_profile" or @content-desc="nav_item_profile"]'
[2026-06-13T06:35:41.803Z] [ALL] 06-13 12:05:39.361 13227 13408 I appium  : Waiting up to 10000ms for the device to idle
[2026-06-13T06:35:41.835Z] [ALL] 06-13 12:05:39.380  2757  3233 I Athena  : CommonAction: 0,2349,153,3597,5632,37,192,0,2690,2412,907,1327
[2026-06-13T06:35:41.974Z] [ALL] 06-13 12:05:39.551 22664 11640 I NearbyConnections: Found BleAdvertisement [ 0x23 0x46 0x41 0x55 0x44 0x11 0x16 0xea 0x4d 0x1e 0x41 0xfc 0x1f 0x24 0xd6 0x55 0xc3 0x60 0xf0 0x08 0xfa 0xec 0x94 ] (with EndpointId FAUD and EndpointInfo [ 0x16 0xea 0x4d 0x1e 0x41 0xfc 0x1f 0x24 0xd6 0x55 0xc3 0x60 0xf0 0x08 0xfa 0xec 0x94 ])
[2026-06-13T06:35:41.974Z] [ALL] 06-13 12:05:39.553 22664 11640 I NearbyConnections: ClientProxy(135143596 0p:com.google.android.gms.nearby.sharing) reporting onEndpointFound(FAUD)
[2026-06-13T06:35:41.974Z] [ALL] 06-13 12:05:39.553 22664 11640 I NearbyConnections: ClientProxy(135143596) reporting onEndpointDistanceChanged(FAUD, UNKNOWN)
[2026-06-13T06:35:42.014Z] [ALL] 06-13 12:05:39.558 22664 11968 I NearbySharing: NearbySharing Internal event EndpointDiscovered(endpointId=FAUD)
[2026-06-13T06:35:42.102Z] [ALL] 06-13 12:05:39.641   934   934 D vendor.oplus.hardware.charger@1.0-service: getPsyUsbType type: USB, ret_value = 3
[2026-06-13T06:35:42.102Z] [ALL] 06-13 12:05:39.641   934   934 D vendor.oplus.hardware.charger@1.0-service: getPsyUsbType type: USB is usb charging.
[2026-06-13T06:35:42.102Z] [ALL] 06-13 12:05:39.656   934   934 D vendor.oplus.hardware.charger@1.0-service: getPsyUsbType type: USB, ret_value = 3
[2026-06-13T06:35:42.102Z] [ALL] 06-13 12:05:39.656   934   934 D vendor.oplus.hardware.charger@1.0-service: getPsyUsbType type: USB is usb charging.
[2026-06-13T06:35:42.300Z] [ALL] 06-13 12:05:39.853 13227 13408 I appium  : The following attributes will be included to the page source: [content-desc, resource-id]
[2026-06-13T06:35:42.456Z] [ALL] 06-13 12:05:40.004 13227 13408 I appium  : Took 0ms to retrieve 0 matches for '//*[@resource-id="nav_item_profile" or @content-desc="nav_item_profile"]' XPath2 query
[2026-06-13T06:35:42.456Z] [ALL] 06-13 12:05:40.006 13227 13408 I appium  : AppiumResponse: {"sessionId":"1d958382-6c27-4154-8ae4-4950394a5bc8","value":{"error":"no such element","message":"An element could not be located on the page using the given search parameters","stacktrace":"io.appium.uiautomator2.common.exceptions.ElementNotFoundException: An element could not be located on the page using the given search parameters\n\tat io.appium.uiautomator2.utils.ElementLocationHelpers.findElement(ElementLocationHelpers.java:153)\n\tat io.appium.uiautomator2.handler.FindElement.safeHandle(FindElement.java:60)\n\tat io.appium.uiautomator2.handler.request.SafeRequestHandler.handle(SafeRequestHandler.java:59)\n\tat io.appium.uiautomator2.server.AppiumServlet.handleRequest(AppiumServlet.java:267)\n\tat io.appium.uiautomator2.server.AppiumServlet.handleHttpRequest(AppiumServlet.java:261)\n\tat io.appium.uiautomator2.http.ServerHandler.channelRead(ServerHandler.java:77)\n\tat io.netty.channel.AbstractChannelHandlerContext.fireChannelRead(AbstractChannelHandlerContext.java:357)\n\tat io.netty.handler.codec.MessageToMessageDecoder.channelRead(MessageToMessageDecoder.java:107)\n\tat io.netty.channel.AbstractChannelHandlerContext.fireChannelRead(AbstractChannelHandlerContext.java:357)\n\tat io.netty.channel.CombinedChannelDuplexHandler$DelegatingChannelHandlerContext.fireChannelRead(CombinedChannelDuplexHandler.java:434)\n\tat io.netty.handler.codec.ByteToMessageDecoder.fireChannelRead(ByteToMessageDecoder.java:361)\n\tat io.netty.handler.codec.ByteToMessageDecoder.channelRead(ByteToMessageDecoder.java:325)\n\tat io.netty.channel.CombinedChannelDuplexHandler.channelRead(CombinedChannelDuplexHandler.java:249)\n\tat io.netty.channel.AbstractChannelHandlerContext.fireChannelRead(AbstractChannelHandlerContext.java:355)\n\tat io.netty.handler.timeout.IdleStateHandler.channelRead(IdleStateHandler.java:288)\n\tat io.netty.channel.AbstractChannelHandlerContext.fireChannelRead(AbstractChannelHandlerContext.java:355)\n\tat io.netty.channel.DefaultChannelPipeline$HeadContext.channelRead(DefaultChannelPipeline.java:1429)\n\tat io.netty.channel.DefaultChannelPipeline.fireChannelRead(DefaultChannelPipeline.java:918)\n\tat io.netty.channel.nio.AbstractNioByteChannel$NioByteUnsafe.read(AbstractNioByteChannel.java:176)\n\tat io.netty.channel.nio.AbstractNioChannel$AbstractNioUnsafe.handle(AbstractNioChannel.java:445)\n\tat io.netty.channel.nio.NioIoHandler$DefaultNioRegistration.handle(NioIoHandler.java:388)\n\tat io.netty.channel.nio.NioIoHandler.processSelectedKey(NioIoHandler.java:596)\n\tat io.netty.channel.nio.NioIoHandler.processSelectedKeysOptimized(NioIoHandler.java:571)\n\tat io.netty.channel.nio.NioIoHandler.processSelectedKeys(NioIoHandler.java:512)\n\tat io.netty.channel.nio.NioIoHandler.run(NioIoHandler.java:484)\n\tat io.netty.channel.SingleThreadIoEventLoop.runIo(SingleThreadIoEventLoop.java:225)\n\tat io.netty.channel.SingleThreadIoEventLoop.run(SingleThreadIoEventLoop.java:196)\n\tat io.netty.util.concurrent.SingleThreadEventExecutor$5.run(SingleThreadEventExecutor.java:1195)\n\tat io.netty.util.internal.ThreadExecutorMap$2.run(ThreadExecutorMap.java:74)\n\tat io.netty.util.concurrent.FastThreadLocalRunnable.run(FastThreadLocalRunnable.java:30)\n\tat java.lang.Thread.run(Thread.java:1572)\n"}}
[2026-06-13T06:35:42.585Z] [ALL] 06-13 12:05:40.136  7763 13029 D IHansComunication: HANS sendMessageToKernel: threadId = 536992353456, netLinkSetup = 1, type = FROZEN_TRANS, targetUid = 10354, pkgCmd = PKG_CMD_MAX
[2026-06-13T06:35:42.630Z] [ALL] 06-13 12:05:40.156  7763 13029 D IHansComunication: HANS sendMessageToKernel: threadId = 536992353456, netLinkSetup = 1, type = FROZEN_TRANS, targetUid = 10375, pkgCmd = PKG_CMD_MAX
[2026-06-13T06:35:42.740Z] [ALL] 06-13 12:05:40.288  1695  1775 W BroadcastQueue: Background execution not allowed: receiving Intent { act=android.intent.action.DROPBOX_ENTRY_ADDED flg=0x10 (has extras) } to com.google.android.gms/.stats.service.DropBoxEntryAddedReceiver
[2026-06-13T06:35:42.826Z] [ALL] 06-13 12:05:40.352  1695  2349 D LocationManagerService: incoming location from: fused
[2026-06-13T06:35:42.826Z] [ALL] 06-13 12:05:40.353  1695  2349 D LocationManagerService: incoming location from: fused
[2026-06-13T06:35:42.826Z] [ALL] 06-13 12:05:40.352 22664 11968 I FusedLocation: (REDACTED) location delivery to %s blocked - too close
[2026-06-13T06:35:42.826Z] [ALL] 06-13 12:05:40.354 22664 11968 I FusedLocation: (REDACTED) location delivery to %s blocked - too fast
[2026-06-13T06:35:42.826Z] [ALL] 06-13 12:05:40.362 24312 24312 D LocationTracker: Got a location update from Play Services
[2026-06-13T06:35:42.826Z] [ALL] 06-13 12:05:40.363 22664 11968 I FusedLocation: (REDACTED) location delivery to %s blocked - too close
[2026-06-13T06:35:42.826Z] [ALL] 06-13 12:05:40.364 22664 11968 I FusedLocation: (REDACTED) location delivery to %s blocked - too close
[2026-06-13T06:35:43.005Z] [ALL] 06-13 12:05:40.534 13599 14888 D ScreenStatusProducer: Current queue status: isIdle = true, isPolling = true
[2026-06-13T06:35:43.005Z] [ALL] 06-13 12:05:40.542 13227 13408 I appium  : channel read: POST /session/1d958382-6c27-4154-8ae4-4950394a5bc8/element
[2026-06-13T06:35:43.005Z] [ALL] 06-13 12:05:40.543 13227 13408 I appium  : FindElement command
[2026-06-13T06:35:43.005Z] [ALL] 06-13 12:05:40.544 13227 13408 I appium  : method: 'xpath', selector: '//*[@resource-id="nav_item_profile" or @content-desc="nav_item_profile"]'
[2026-06-13T06:35:43.005Z] [ALL] 06-13 12:05:40.544 13227 13408 I appium  : Waiting up to 10000ms for the device to idle
[2026-06-13T06:35:43.005Z] [ALL] 06-13 12:05:40.546 13227 13408 I appium  : The following attributes will be included to the page source: [content-desc, resource-id]
[2026-06-13T06:35:43.005Z] [ALL] 06-13 12:05:40.553 13227 13239 I tomator2.server: Method exceeds compiler instruction limit: 19260 in java_cup.runtime.Symbol org.eclipse.wst.xml.xpath2.processor.internal.CUP$XPathCup$actions.CUP$XPathCup$do_action(int, java_cup.runtime.lr_parser, java.util.Stack, int)
[2026-06-13T06:35:43.121Z] [ALL] 06-13 12:05:40.676 13227 13408 I appium  : Took 0ms to retrieve 0 matches for '//*[@resource-id="nav_item_profile" or @content-desc="nav_item_profile"]' XPath2 query
[2026-06-13T06:35:43.138Z] [ALL] 06-13 12:05:40.678 13227 13408 I appium  : AppiumResponse: {"sessionId":"1d958382-6c27-4154-8ae4-4950394a5bc8","value":{"error":"no such element","message":"An element could not be located on the page using the given search parameters","stacktrace":"io.appium.uiautomator2.common.exceptions.ElementNotFoundException: An element could not be located on the page using the given search parameters\n\tat io.appium.uiautomator2.utils.ElementLocationHelpers.findElement(ElementLocationHelpers.java:153)\n\tat io.appium.uiautomator2.handler.FindElement.safeHandle(FindElement.java:60)\n\tat io.appium.uiautomator2.handler.request.SafeRequestHandler.handle(SafeRequestHandler.java:59)\n\tat io.appium.uiautomator2.server.AppiumServlet.handleRequest(AppiumServlet.java:267)\n\tat io.appium.uiautomator2.server.AppiumServlet.handleHttpRequest(AppiumServlet.java:261)\n\tat io.appium.uiautomator2.http.ServerHandler.channelRead(ServerHandler.java:77)\n\tat io.netty.channel.AbstractChannelHandlerContext.fireChannelRead(AbstractChannelHandlerContext.java:357)\n\tat io.netty.handler.codec.MessageToMessageDecoder.channelRead(MessageToMessageDecoder.java:107)\n\tat io.netty.channel.AbstractChannelHandlerContext.fireChannelRead(AbstractChannelHandlerContext.java:357)\n\tat io.netty.channel.CombinedChannelDuplexHandler$DelegatingChannelHandlerContext.fireChannelRead(CombinedChannelDuplexHandler.java:434)\n\tat io.netty.handler.codec.ByteToMessageDecoder.fireChannelRead(ByteToMessageDecoder.java:361)\n\tat io.netty.handler.codec.ByteToMessageDecoder.channelRead(ByteToMessageDecoder.java:325)\n\tat io.netty.channel.CombinedChannelDuplexHandler.channelRead(CombinedChannelDuplexHandler.java:249)\n\tat io.netty.channel.AbstractChannelHandlerContext.fireChannelRead(AbstractChannelHandlerContext.java:355)\n\tat io.netty.handler.timeout.IdleStateHandler.channelRead(IdleStateHandler.java:288)\n\tat io.netty.channel.AbstractChannelHandlerContext.fireChannelRead(AbstractChannelHandlerContext.java:355)\n\tat io.netty.channel.DefaultChannelPipeline$HeadContext.channelRead(DefaultChannelPipeline.java:1429)\n\tat io.netty.channel.DefaultChannelPipeline.fireChannelRead(DefaultChannelPipeline.java:918)\n\tat io.netty.channel.nio.AbstractNioByteChannel$NioByteUnsafe.read(AbstractNioByteChannel.java:176)\n\tat io.netty.channel.nio.AbstractNioChannel$AbstractNioUnsafe.handle(AbstractNioChannel.java:445)\n\tat io.netty.channel.nio.NioIoHandler$DefaultNioRegistration.handle(NioIoHandler.java:388)\n\tat io.netty.channel.nio.NioIoHandler.processSelectedKey(NioIoHandler.java:596)\n\tat io.netty.channel.nio.NioIoHandler.processSelectedKeysOptimized(NioIoHandler.java:571)\n\tat io.netty.channel.nio.NioIoHandler.processSelectedKeys(NioIoHandler.java:512)\n\tat io.netty.channel.nio.NioIoHandler.run(NioIoHandler.java:484)\n\tat io.netty.channel.SingleThreadIoEventLoop.runIo(SingleThreadIoEventLoop.java:225)\n\tat io.netty.channel.SingleThreadIoEventLoop.run(SingleThreadIoEventLoop.java:196)\n\tat io.netty.util.concurrent.SingleThreadEventExecutor$5.run(SingleThreadEventExecutor.java:1195)\n\tat io.netty.util.internal.ThreadExecutorMap$2.run(ThreadExecutorMap.java:74)\n\tat io.netty.util.concurrent.FastThreadLocalRunnable.run(FastThreadLocalRunnable.java:30)\n\tat java.lang.Thread.run(Thread.java:1572)\n"}}
[2026-06-13T06:35:43.314Z] [ALL] 06-13 12:05:40.865  1695  2752 I OplusHansManager : uid=10349, pkg=io.appium.uiautomator2.server can transition from M to F
[2026-06-13T06:35:43.314Z] [ALL] 06-13 12:05:40.865  1695  2752 I OplusHansManager : uid=10349, pkg=io.appium.uiautomator2.server F enter(), M stay=1
[2026-06-13T06:35:43.314Z] [ALL] 06-13 12:05:40.868  1695  2752 I OplusHansManager : freeze uid: 10349 io.appium.uiautomator2.server pids: [13227] scene: LcdOn
[2026-06-13T06:35:43.314Z] [ALL] 06-13 12:05:40.869  7763 13029 D IHansComunication: HansComunication::addUid-- 10349, persistent--0
[2026-06-13T06:35:43.314Z] [ALL] 06-13 12:05:40.869  7763 13029 D IHansComunication: HANS sendMessageToKernel: threadId = 536992353456, netLinkSetup = 1, type = PKG, targetUid = 10349, pkgCmd = ADD_ONE_UID
[2026-06-13T06:35:43.690Z] [ALL] 06-13 12:05:41.281   858  5601 E TetherController: property_get sys.radio.data.modem_share_flag return 0, 1!
[2026-06-13T06:35:44.128Z] [ALL] 06-13 12:05:41.678 16859 16859 W libc    : Access denied finding property "persist.adb.tls_server.enable"
[2026-06-13T06:35:44.275Z] [ALL] 06-13 12:05:41.872  7763 13029 D IHansComunication: HANS sendMessageToKernel: threadId = 536992353456, netLinkSetup = 1, type = FROZEN_TRANS, targetUid = 10349, pkgCmd = PKG_CMD_MAX
[2026-06-13T06:35:44.765Z] [ALL] 06-13 12:05:42.296   858  5601 E netd    : dispachCmd:oplusGetRtt
[2026-06-13T06:35:44.765Z] [ALL] 06-13 12:05:42.296   858  5601 E netd    : handleGetRttCmd: netId = 204, uid = 10352
[2026-06-13T06:35:44.765Z] [ALL] 06-13 12:05:42.300   858  5601 E netd    : dispachCmd cmd:oplusGetRtt  result:0
[2026-06-13T06:35:44.765Z] [ALL] 06-13 12:05:42.301   858 28068 E netd    : dispachCmd:oplusGetRtt
[2026-06-13T06:35:44.765Z] [ALL] 06-13 12:05:42.301   858 28068 E netd    : handleGetRttCmd: netId = 206, uid = 10352
[2026-06-13T06:35:44.765Z] [ALL] 06-13 12:05:42.301  7763  7793 E IHansComunication: HANS printMessageBody: RCV message: type = 0,port = 86870,caller_pid = 1695,caller_uid = 1000,target_pid = 13227,target_uid = 10349,pkg_cmd = -1,rpc = android.accessibilityservice.IAccessibilityServiceClient/2
[2026-06-13T06:35:44.765Z] [ALL] 06-13 12:05:42.302   858 28068 E netd    : dispachCmd cmd:oplusGetRtt  result:0
[2026-06-13T06:35:44.765Z] [ALL] 06-13 12:05:42.302  1695  2771 I OplusHansManager : unfreeze uid: 10349 io.appium.uiautomator2.server pids: [13227] reason: AsyncBinder scene: LcdOn
[2026-06-13T06:35:44.765Z] [ALL] 06-13 12:05:42.303  1695  2752 I OplusHansManager : uid=10349, pkg=io.appium.uiautomator2.server, transition from F to Middle, reason=AsyncBinder
[2026-06-13T06:35:44.765Z] [ALL] 06-13 12:05:42.303  1695  2752 I OplusHansManager : uid=10349, pkg=io.appium.uiautomator2.server F exit(), F stay=1, reason=AsyncBinder
[2026-06-13T06:35:44.765Z] [ALL] 06-13 12:05:42.305 22664 11968 I NearbyMediums: Found Fast Ble Advertisements :
[2026-06-13T06:35:44.765Z] [ALL] 06-13 12:05:42.305 22664 11968 I NearbyMediums: BleAdvertisement { version=2, socketVersion=2, isFast=true, serviceIdHash=null, data=[ 0x23 0x46 0x41 0x55 0x44 0x11 0x16 0xea 0x4d 0x1e 0x41 0xfc 0x1f 0x24 0xd6 0x55 0xc3 0x60 0xf0 0x08 0xfa 0xec 0x94 ], deviceToken=[ 0x43 0x9b ], rxAdvertisement=null } : 1 times.
[2026-06-13T06:35:44.765Z] [ALL] 06-13 12:05:42.305 22664 11968 I NearbyMediums: Total 1 fast advertisements from 1 unique advertisers.
[2026-06-13T06:35:44.765Z] [ALL] 06-13 12:05:42.305 22664 11968 I NearbyMediums: Current Tracked Scanning Clients are : {NearbyConnections.EnvironmentMonitor, NearbySharing}
[2026-06-13T06:35:44.765Z] [ALL] 06-13 12:05:42.306 13227 13408 I appium  : channel read: POST /session/1d958382-6c27-4154-8ae4-4950394a5bc8/element
[2026-06-13T06:35:44.802Z] [ALL] 06-13 12:05:42.306 13227 13408 I appium  : FindElement command
[2026-06-13T06:35:44.802Z] [ALL] 06-13 12:05:42.307 13227 13408 I appium  : method: 'xpath', selector: '//*[@resource-id="nav_item_profile" or @content-desc="nav_item_profile"]'
[2026-06-13T06:35:44.802Z] [ALL] 06-13 12:05:42.307 13227 13408 I appium  : Waiting up to 10000ms for the device to idle
[2026-06-13T06:35:44.802Z] [ALL] 06-13 12:05:42.310 13227 13408 I appium  : The following attributes will be included to the page source: [content-desc, resource-id]
[2026-06-13T06:35:44.802Z] [ALL] 06-13 12:05:42.310  1695  2144 D OplusWifiConnect2: clientModeManager == null, getOplusSta2ConnectionInfo null
[2026-06-13T06:35:44.802Z] [ALL] 06-13 12:05:42.310  1695  2148 D WN_S    : isCellQualityGood is false, curscore =73, no need to switch lte
[2026-06-13T06:35:44.802Z] [ALL] 06-13 12:05:42.318   924  3217 E PerformanceService: storage_feature: open /sys/devices/platform/soc/112b0000.ufshci//virtualtlcbuff fail
[2026-06-13T06:35:44.802Z] [ALL] 06-13 12:05:42.321  1000  3424 D SurfaceFlinger: kickIdle 3058, 3035, 34, 0
[2026-06-13T06:35:44.802Z] [ALL] 06-13 12:05:42.322   882   882 E hwcomposer: [DRMDEV] DRM_IOCTL_MTK_KICK_IDLE failed, drm_id_crtc: 64, error: -1  
[2026-06-13T06:35:44.815Z] [ALL] 06-13 12:05:42.407 13227 13408 I appium  : Took 0ms to retrieve 0 matches for '//*[@resource-id="nav_item_profile" or @content-desc="nav_item_profile"]' XPath2 query
[2026-06-13T06:35:44.816Z] [ALL] 06-13 12:05:42.410 13227 13408 I appium  : AppiumResponse: {"sessionId":"1d958382-6c27-4154-8ae4-4950394a5bc8","value":{"error":"no such element","message":"An element could not be located on the page using the given search parameters","stacktrace":"io.appium.uiautomator2.common.exceptions.ElementNotFoundException: An element could not be located on the page using the given search parameters\n\tat io.appium.uiautomator2.utils.ElementLocationHelpers.findElement(ElementLocationHelpers.java:153)\n\tat io.appium.uiautomator2.handler.FindElement.safeHandle(FindElement.java:60)\n\tat io.appium.uiautomator2.handler.request.SafeRequestHandler.handle(SafeRequestHandler.java:59)\n\tat io.appium.uiautomator2.server.AppiumServlet.handleRequest(AppiumServlet.java:267)\n\tat io.appium.uiautomator2.server.AppiumServlet.handleHttpRequest(AppiumServlet.java:261)\n\tat io.appium.uiautomator2.http.ServerHandler.channelRead(ServerHandler.java:77)\n\tat io.netty.channel.AbstractChannelHandlerContext.fireChannelRead(AbstractChannelHandlerContext.java:357)\n\tat io.netty.handler.codec.MessageToMessageDecoder.channelRead(MessageToMessageDecoder.java:107)\n\tat io.netty.channel.AbstractChannelHandlerContext.fireChannelRead(AbstractChannelHandlerContext.java:357)\n\tat io.netty.channel.CombinedChannelDuplexHandler$DelegatingChannelHandlerContext.fireChannelRead(CombinedChannelDuplexHandler.java:434)\n\tat io.netty.handler.codec.ByteToMessageDecoder.fireChannelRead(ByteToMessageDecoder.java:361)\n\tat io.netty.handler.codec.ByteToMessageDecoder.channelRead(ByteToMessageDecoder.java:325)\n\tat io.netty.channel.CombinedChannelDuplexHandler.channelRead(CombinedChannelDuplexHandler.java:249)\n\tat io.netty.channel.AbstractChannelHandlerContext.fireChannelRead(AbstractChannelHandlerContext.java:355)\n\tat io.netty.handler.timeout.IdleStateHandler.channelRead(IdleStateHandler.java:288)\n\tat io.netty.channel.AbstractChannelHandlerContext.fireChannelRead(AbstractChannelHandlerContext.java:355)\n\tat io.netty.channel.DefaultChannelPipeline$HeadContext.channelRead(DefaultChannelPipeline.java:1429)\n\tat io.netty.channel.DefaultChannelPipeline.fireChannelRead(DefaultChannelPipeline.java:918)\n\tat io.netty.channel.nio.AbstractNioByteChannel$NioByteUnsafe.read(AbstractNioByteChannel.java:176)\n\tat io.netty.channel.nio.AbstractNioChannel$AbstractNioUnsafe.handle(AbstractNioChannel.java:445)\n\tat io.netty.channel.nio.NioIoHandler$DefaultNioRegistration.handle(NioIoHandler.java:388)\n\tat io.netty.channel.nio.NioIoHandler.processSelectedKey(NioIoHandler.java:596)\n\tat io.netty.channel.nio.NioIoHandler.processSelectedKeysOptimized(NioIoHandler.java:571)\n\tat io.netty.channel.nio.NioIoHandler.processSelectedKeys(NioIoHandler.java:512)\n\tat io.netty.channel.nio.NioIoHandler.run(NioIoHandler.java:484)\n\tat io.netty.channel.SingleThreadIoEventLoop.runIo(SingleThreadIoEventLoop.java:225)\n\tat io.netty.channel.SingleThreadIoEventLoop.run(SingleThreadIoEventLoop.java:196)\n\tat io.netty.util.concurrent.SingleThreadEventExecutor$5.run(SingleThreadEventExecutor.java:1195)\n\tat io.netty.util.internal.ThreadExecutorMap$2.run(ThreadExecutorMap.java:74)\n\tat io.netty.util.concurrent.FastThreadLocalRunnable.run(FastThreadLocalRunnable.java:30)\n\tat java.lang.Thread.run(Thread.java:1572)\n"}}
[2026-06-13T06:35:44.889Z] [ALL] 06-13 12:05:42.441   934   934 D vendor.oplus.hardware.charger@1.0-service: getChargerControl:
[2026-06-13T06:35:44.889Z] [ALL] 06-13 12:05:42.442 13227 13408 I appium  : channel read: POST /session/1d958382-6c27-4154-8ae4-4950394a5bc8/element
[2026-06-13T06:35:44.889Z] [ALL] 06-13 12:05:42.443 13227 13408 I appium  : FindElement command
[2026-06-13T06:35:44.889Z] [ALL] 06-13 12:05:42.445 13227 13408 I appium  : method: 'xpath', selector: '//*[@resource-id="nav_item_profile" or @content-desc="nav_item_profile"]'
[2026-06-13T06:35:44.889Z] [ALL] 06-13 12:05:42.445 13227 13408 I appium  : Waiting up to 10000ms for the device to idle
[2026-06-13T06:35:45.156Z] [ALL] 06-13 12:05:42.708   901   922 D power@timer: [mtkPowerTimer] visRead:0
[2026-06-13T06:35:45.352Z] [ALL] 06-13 12:05:42.901 13227 13408 I appium  : The following attributes will be included to the page source: [content-desc, resource-id]
[2026-06-13T06:35:45.430Z] [ALL] 06-13 12:05:42.981  1284  1284 I thermal_repeater: [recvMdThermalInfo] ret=33, strLen=127,  4, 45, -50, -28457, 32767, 14084
[2026-06-13T06:35:45.480Z] [ALL] 06-13 12:05:43.034 13227 13408 I appium  : Took 0ms to retrieve 0 matches for '//*[@resource-id="nav_item_profile" or @content-desc="nav_item_profile"]' XPath2 query
[2026-06-13T06:35:45.480Z] [ALL] 06-13 12:05:43.036 13227 13408 I appium  : AppiumResponse: {"sessionId":"1d958382-6c27-4154-8ae4-4950394a5bc8","value":{"error":"no such element","message":"An element could not be located on the page using the given search parameters","stacktrace":"io.appium.uiautomator2.common.exceptions.ElementNotFoundException: An element could not be located on the page using the given search parameters\n\tat io.appium.uiautomator2.utils.ElementLocationHelpers.findElement(ElementLocationHelpers.java:153)\n\tat io.appium.uiautomator2.handler.FindElement.safeHandle(FindElement.java:60)\n\tat io.appium.uiautomator2.handler.request.SafeRequestHandler.handle(SafeRequestHandler.java:59)\n\tat io.appium.uiautomator2.server.AppiumServlet.handleRequest(AppiumServlet.java:267)\n\tat io.appium.uiautomator2.server.AppiumServlet.handleHttpRequest(AppiumServlet.java:261)\n\tat io.appium.uiautomator2.http.ServerHandler.channelRead(ServerHandler.java:77)\n\tat io.netty.channel.AbstractChannelHandlerContext.fireChannelRead(AbstractChannelHandlerContext.java:357)\n\tat io.netty.handler.codec.MessageToMessageDecoder.channelRead(MessageToMessageDecoder.java:107)\n\tat io.netty.channel.AbstractChannelHandlerContext.fireChannelRead(AbstractChannelHandlerContext.java:357)\n\tat io.netty.channel.CombinedChannelDuplexHandler$DelegatingChannelHandlerContext.fireChannelRead(CombinedChannelDuplexHandler.java:434)\n\tat io.netty.handler.codec.ByteToMessageDecoder.fireChannelRead(ByteToMessageDecoder.java:361)\n\tat io.netty.handler.codec.ByteToMessageDecoder.channelRead(ByteToMessageDecoder.java:325)\n\tat io.netty.channel.CombinedChannelDuplexHandler.channelRead(CombinedChannelDuplexHandler.java:249)\n\tat io.netty.channel.AbstractChannelHandlerContext.fireChannelRead(AbstractChannelHandlerContext.java:355)\n\tat io.netty.handler.timeout.IdleStateHandler.channelRead(IdleStateHandler.java:288)\n\tat io.netty.channel.AbstractChannelHandlerContext.fireChannelRead(AbstractChannelHandlerContext.java:355)\n\tat io.netty.channel.DefaultChannelPipeline$HeadContext.channelRead(DefaultChannelPipeline.java:1429)\n\tat io.netty.channel.DefaultChannelPipeline.fireChannelRead(DefaultChannelPipeline.java:918)\n\tat io.netty.channel.nio.AbstractNioByteChannel$NioByteUnsafe.read(AbstractNioByteChannel.java:176)\n\tat io.netty.channel.nio.AbstractNioChannel$AbstractNioUnsafe.handle(AbstractNioChannel.java:445)\n\tat io.netty.channel.nio.NioIoHandler$DefaultNioRegistration.handle(NioIoHandler.java:388)\n\tat io.netty.channel.nio.NioIoHandler.processSelectedKey(NioIoHandler.java:596)\n\tat io.netty.channel.nio.NioIoHandler.processSelectedKeysOptimized(NioIoHandler.java:571)\n\tat io.netty.channel.nio.NioIoHandler.processSelectedKeys(NioIoHandler.java:512)\n\tat io.netty.channel.nio.NioIoHandler.run(NioIoHandler.java:484)\n\tat io.netty.channel.SingleThreadIoEventLoop.runIo(SingleThreadIoEventLoop.java:225)\n\tat io.netty.channel.SingleThreadIoEventLoop.run(SingleThreadIoEventLoop.java:196)\n\tat io.netty.util.concurrent.SingleThreadEventExecutor$5.run(SingleThreadEventExecutor.java:1195)\n\tat io.netty.util.internal.ThreadExecutorMap$2.run(ThreadExecutorMap.java:74)\n\tat io.netty.util.concurrent.FastThreadLocalRunnable.run(FastThreadLocalRunnable.java:30)\n\tat java.lang.Thread.run(Thread.java:1572)\n"}}
[2026-06-13T06:35:45.707Z] [ALL] 06-13 12:05:43.256 22664 22664 D BoundBrokerSvc: onUnbind: Intent { act=com.google.android.gms.common.telemetry.service.START dat=chimera-action:/... cmp=com.google.android.gms/.chimera.PersistentApiService }
[2026-06-13T06:35:45.719Z] [ALL] 06-13 12:05:43.258  7763  7793 E IHansComunication: HANS printMessageBody: RCV message: type = 0,port = 86870,caller_pid = 1129,caller_uid = 1047,target_pid = 24280,target_uid = 10354,pkg_cmd = -1,rpc = android.hardware.ICameraServiceListener/5
[2026-06-13T06:35:45.719Z] [ALL] 06-13 12:05:43.258  7763  7793 E IHansComunication: HANS printMessageBody: RCV message: type = 0,port = 86870,caller_pid = 1129,caller_uid = 1047,target_pid = 20213,target_uid = 10375,pkg_cmd = -1,rpc = android.hardware.ICameraServiceListener/5
[2026-06-13T06:35:45.719Z] [ALL] 06-13 12:05:43.261  1695  2771 I OplusHansManager : unfreeze uid: 10354 com.myntra.android pids: [24280, 24544] reason: AsyncBinder scene: LcdOn
[2026-06-13T06:35:45.719Z] [ALL] 06-13 12:05:43.261  1695  2752 I OplusHansManager : uid=10354, pkg=com.myntra.android, transition from F to Middle, reason=AsyncBinder
[2026-06-13T06:35:45.719Z] [ALL] 06-13 12:05:43.261  1695  2752 I OplusHansManager : uid=10354, pkg=com.myntra.android F exit(), F stay=4, reason=AsyncBinder
[2026-06-13T06:35:45.719Z] [ALL] 06-13 12:05:43.263  1695  2771 I OplusHansManager : unfreeze uid: 10375 com.mpokket.app pids: [20213, 20627] reason: AsyncBinder scene: LcdOn
[2026-06-13T06:35:45.719Z] [ALL] 06-13 12:05:43.263  1695  2752 I OplusHansManager : uid=10375, pkg=com.mpokket.app, transition from F to Middle, reason=AsyncBinder
[2026-06-13T06:35:45.719Z] [ALL] 06-13 12:05:43.263  1695  2752 I OplusHansManager : uid=10375, pkg=com.mpokket.app F exit(), F stay=4, reason=AsyncBinder
[2026-06-13T06:35:46.013Z] [ALL] 06-13 12:05:43.569 13227 13408 I appium  : channel read: POST /session/1d958382-6c27-4154-8ae4-4950394a5bc8/element
[2026-06-13T06:35:46.013Z] [ALL] 06-13 12:05:43.569 13227 13408 I appium  : FindElement command
[2026-06-13T06:35:46.013Z] [ALL] 06-13 12:05:43.571 13227 13408 I appium  : method: 'xpath', selector: '//*[@resource-id="nav_item_profile" or @content-desc="nav_item_profile"]'
[2026-06-13T06:35:46.013Z] [ALL] 06-13 12:05:43.571 13227 13408 I appium  : Waiting up to 10000ms for the device to idle
[2026-06-13T06:35:46.013Z] [ALL] 06-13 12:05:43.572 13227 13408 I appium  : The following attributes will be included to the page source: [content-desc, resource-id]
[2026-06-13T06:35:46.169Z] [ALL] 06-13 12:05:43.713 13227 13408 I appium  : Took 0ms to retrieve 0 matches for '//*[@resource-id="nav_item_profile" or @content-desc="nav_item_profile"]' XPath2 query
[2026-06-13T06:35:46.169Z] [ALL] 06-13 12:05:43.715 13227 13408 I appium  : AppiumResponse: {"sessionId":"1d958382-6c27-4154-8ae4-4950394a5bc8","value":{"error":"no such element","message":"An element could not be located on the page using the given search parameters","stacktrace":"io.appium.uiautomator2.common.exceptions.ElementNotFoundException: An element could not be located on the page using the given search parameters\n\tat io.appium.uiautomator2.utils.ElementLocationHelpers.findElement(ElementLocationHelpers.java:153)\n\tat io.appium.uiautomator2.handler.FindElement.safeHandle(FindElement.java:60)\n\tat io.appium.uiautomator2.handler.request.SafeRequestHandler.handle(SafeRequestHandler.java:59)\n\tat io.appium.uiautomator2.server.AppiumServlet.handleRequest(AppiumServlet.java:267)\n\tat io.appium.uiautomator2.server.AppiumServlet.handleHttpRequest(AppiumServlet.java:261)\n\tat io.appium.uiautomator2.http.ServerHandler.channelRead(ServerHandler.java:77)\n\tat io.netty.channel.AbstractChannelHandlerContext.fireChannelRead(AbstractChannelHandlerContext.java:357)\n\tat io.netty.handler.codec.MessageToMessageDecoder.channelRead(MessageToMessageDecoder.java:107)\n\tat io.netty.channel.AbstractChannelHandlerContext.fireChannelRead(AbstractChannelHandlerContext.java:357)\n\tat io.netty.channel.CombinedChannelDuplexHandler$DelegatingChannelHandlerContext.fireChannelRead(CombinedChannelDuplexHandler.java:434)\n\tat io.netty.handler.codec.ByteToMessageDecoder.fireChannelRead(ByteToMessageDecoder.java:361)\n\tat io.netty.handler.codec.ByteToMessageDecoder.channelRead(ByteToMessageDecoder.java:325)\n\tat io.netty.channel.CombinedChannelDuplexHandler.channelRead(CombinedChannelDuplexHandler.java:249)\n\tat io.netty.channel.AbstractChannelHandlerContext.fireChannelRead(AbstractChannelHandlerContext.java:355)\n\tat io.netty.handler.timeout.IdleStateHandler.channelRead(IdleStateHandler.java:288)\n\tat io.netty.channel.AbstractChannelHandlerContext.fireChannelRead(AbstractChannelHandlerContext.java:355)\n\tat io.netty.channel.DefaultChannelPipeline$HeadContext.channelRead(DefaultChannelPipeline.java:1429)\n\tat io.netty.channel.DefaultChannelPipeline.fireChannelRead(DefaultChannelPipeline.java:918)\n\tat io.netty.channel.nio.AbstractNioByteChannel$NioByteUnsafe.read(AbstractNioByteChannel.java:176)\n\tat io.netty.channel.nio.AbstractNioChannel$AbstractNioUnsafe.handle(AbstractNioChannel.java:445)\n\tat io.netty.channel.nio.NioIoHandler$DefaultNioRegistration.handle(NioIoHandler.java:388)\n\tat io.netty.channel.nio.NioIoHandler.processSelectedKey(NioIoHandler.java:596)\n\tat io.netty.channel.nio.NioIoHandler.processSelectedKeysOptimized(NioIoHandler.java:571)\n\tat io.netty.channel.nio.NioIoHandler.processSelectedKeys(NioIoHandler.java:512)\n\tat io.netty.channel.nio.NioIoHandler.run(NioIoHandler.java:484)\n\tat io.netty.channel.SingleThreadIoEventLoop.runIo(SingleThreadIoEventLoop.java:225)\n\tat io.netty.channel.SingleThreadIoEventLoop.run(SingleThreadIoEventLoop.java:196)\n\tat io.netty.util.concurrent.SingleThreadEventExecutor$5.run(SingleThreadEventExecutor.java:1195)\n\tat io.netty.util.internal.ThreadExecutorMap$2.run(ThreadExecutorMap.java:74)\n\tat io.netty.util.concurrent.FastThreadLocalRunnable.run(FastThreadLocalRunnable.java:30)\n\tat java.lang.Thread.run(Thread.java:1572)\n"}}
[2026-06-13T06:35:46.278Z] [ALL] 06-13 12:05:43.805  1695  2752 I OplusHansManager : uid=10349, pkg=io.appium.uiautomator2.server can transition from M to F
[2026-06-13T06:35:46.278Z] [ALL] 06-13 12:05:43.805  1695  2752 I OplusHansManager : uid=10349, pkg=io.appium.uiautomator2.server F enter(), M stay=1
[2026-06-13T06:35:46.278Z] [ALL] 06-13 12:05:43.806  1695  2752 I OplusHansManager : freeze uid: 10349 io.appium.uiautomator2.server pids: [13227] scene: LcdOn
[2026-06-13T06:35:46.278Z] [ALL] 06-13 12:05:43.807  7763 13029 D IHansComunication: HansComunication::addUid-- 10349, persistent--0
[2026-06-13T06:35:46.278Z] [ALL] 06-13 12:05:43.807  7763 13029 D IHansComunication: HANS sendMessageToKernel: threadId = 536992353456, netLinkSetup = 1, type = PKG, targetUid = 10349, pkgCmd = ADD_ONE_UID
[2026-06-13T06:35:46.660Z] [ALL] 06-13 12:05:44.241  1000  3424 D SurfaceFlinger: kickIdle 1919, 1887, 35, 0
[2026-06-13T06:35:46.660Z] [ALL] 06-13 12:05:44.241   882   882 E hwcomposer: [DRMDEV] DRM_IOCTL_MTK_KICK_IDLE failed, drm_id_crtc: 64, error: -1  
[2026-06-13T06:35:46.869Z] [ALL] 06-13 12:05:44.415 16877 16877 E Parcel  : Attempt to read from protected data in Parcel 0x7fdc64aec0
[2026-06-13T06:35:46.869Z] [ALL] 06-13 12:05:44.415 16877 16877 E Parcel  : Attempt to read from protected data in Parcel 0x7fdc64aec0
[2026-06-13T06:35:46.869Z] [ALL] 06-13 12:05:44.415 16877 16877 E Parcel  : Attempt to read from protected data in Parcel 0x7fdc64aec0
[2026-06-13T06:35:46.869Z] [ALL] 06-13 12:05:44.415 16877 16877 E Parcel  : Attempt to read from protected data in Parcel 0x7fdc64aec0
[2026-06-13T06:35:46.869Z] [ALL] 06-13 12:05:44.415 16877 16877 E Parcel  : Attempt to read from protected data in Parcel 0x7fdc64aec0
[2026-06-13T06:35:46.935Z] [ALL] 06-13 12:05:44.481   934   934 D vendor.oplus.hardware.charger@1.0-service: getPsyUsbType type: USB, ret_value = 3
[2026-06-13T06:35:46.935Z] [ALL] 06-13 12:05:44.481   934   934 D vendor.oplus.hardware.charger@1.0-service: getPsyUsbType type: USB is usb charging.
[2026-06-13T06:35:46.935Z] [ALL] 06-13 12:05:44.490   934   934 D vendor.oplus.hardware.charger@1.0-service: getPsyUsbType type: USB, ret_value = 3
[2026-06-13T06:35:46.935Z] [ALL] 06-13 12:05:44.490   934   934 D vendor.oplus.hardware.charger@1.0-service: getPsyUsbType type: USB is usb charging.
[2026-06-13T06:35:47.030Z] [ALL] 06-13 12:05:44.556 16883 16883 E Parcel  : Attempt to read from protected data in Parcel 0x7fd6efd620
[2026-06-13T06:35:47.030Z] [ALL] 06-13 12:05:44.556 16883 16883 E Parcel  : Attempt to read from protected data in Parcel 0x7fd6efd620
[2026-06-13T06:35:47.030Z] [ALL] 06-13 12:05:44.556 16883 16883 E Parcel  : Attempt to read from protected data in Parcel 0x7fd6efd620
[2026-06-13T06:35:47.030Z] [ALL] 06-13 12:05:44.556 16883 16883 E Parcel  : Attempt to read from protected data in Parcel 0x7fd6efd620
[2026-06-13T06:35:47.030Z] [ALL] 06-13 12:05:44.556 16883 16883 E Parcel  : Attempt to read from protected data in Parcel 0x7fd6efd620
[2026-06-13T06:35:47.030Z] [ALL] 06-13 12:05:44.590  2744  2744 D OplusTelephonyController: onSignalStrengthChanged: SignalStrength=SignalStrength:{mCdma=CellSignalStrengthCdma: cdmaDbm=2147483647 cdmaEcio=2147483647 evdoDbm=2147483647 evdoEcio=2147483647 evdoSnr=2147483647 level=0,mGsm=CellSignalStrengthGsm: rssi=2147483647 ber=2147483647 mTa=2147483647 mLevel=0,mWcdma=CellSignalStrengthWcdma: ss=2147483647 ber=2147483647 rscp=2147483647 ecno=2147483647 level=0,mTdscdma=CellSignalStrengthTdscdma: rssi=2147483647 ber=2147483647 rscp=2147483647 level=0,mLte=CellSignalStrengthLte: rssi=2147483647 rsrp=2147483647 rsrq=2147483647 rssnr=2147483647 cqiTableIndex=2147483647 cqi=2147483647 ta=2147483647 level=0 parametersUseForLevel=0,mNr=CellSignalStrengthNr:{ csiRsrp = 2147483647 csiRsrq = 2147483647 csiCqiTableIndex = 2147483647 csiCqiReport = [] ssRsrp = -85 ssRsrq = -7 ssSinr = 17 level = 2 parametersUseForLevel = 0 },primary=CellSignalStrengthNr}, phoneId=0, mMtkLevel=0, mMtkRsrpOnly=false, mMtkLteRsrpThreshold=null, mMtkLteRssnrThreshold=null
[2026-06-13T06:35:47.059Z] [ALL] 06-13 12:05:44.610  1000  3424 D SurfaceFlinger: kickIdle 369, 343, 35, 0
[2026-06-13T06:35:47.059Z] [ALL] 06-13 12:05:44.610   882   882 E hwcomposer: [DRMDEV] DRM_IOCTL_MTK_KICK_IDLE failed, drm_id_crtc: 64, error: -1  
[2026-06-13T06:35:47.059Z] [ALL] 06-13 12:05:44.629 16887 16887 E Parcel  : Attempt to read from protected data in Parcel 0x7ffea8a910
[2026-06-13T06:35:47.059Z] [ALL] 06-13 12:05:44.629 16887 16887 E Parcel  : Attempt to read from protected data in Parcel 0x7ffea8a910
[2026-06-13T06:35:47.059Z] [ALL] 06-13 12:05:44.629 16887 16887 E Parcel  : Attempt to read from protected data in Parcel 0x7ffea8a910
[2026-06-13T06:35:47.059Z] [ALL] 06-13 12:05:44.629 16887 16887 E Parcel  : Attempt to read from protected data in Parcel 0x7ffea8a910
[2026-06-13T06:35:47.059Z] [ALL] 06-13 12:05:44.629 16887 16887 E Parcel  : Attempt to read from protected data in Parcel 0x7ffea8a910
[2026-06-13T06:35:47.089Z] [ALL] 06-13 12:05:44.681 16894 16894 E Parcel  : Attempt to read from protected data in Parcel 0x7fe1ce7e80
[2026-06-13T06:35:47.118Z] [ALL] 06-13 12:05:44.681 16894 16894 E Parcel  : Attempt to read from protected data in Parcel 0x7fe1ce7e80
[2026-06-13T06:35:47.118Z] [ALL] 06-13 12:05:44.681 16894 16894 E Parcel  : Attempt to read from protected data in Parcel 0x7fe1ce7e80
[2026-06-13T06:35:47.118Z] [ALL] 06-13 12:05:44.681 16894 16894 E Parcel  : Attempt to read from protected data in Parcel 0x7fe1ce7e80
[2026-06-13T06:35:47.118Z] [ALL] 06-13 12:05:44.681 16894 16894 E Parcel  : Attempt to read from protected data in Parcel 0x7fe1ce7e80
[2026-06-13T06:35:47.135Z] [ALL] 06-13 12:05:44.737 16898 16898 E Parcel  : Attempt to read from protected data in Parcel 0x7fd14d9b60
[2026-06-13T06:35:47.149Z] [ALL] 06-13 12:05:44.737 16898 16898 E Parcel  : Attempt to read from protected data in Parcel 0x7fd14d9b60
[2026-06-13T06:35:47.149Z] [ALL] 06-13 12:05:44.737 16898 16898 E Parcel  : Attempt to read from protected data in Parcel 0x7fd14d9b60
[2026-06-13T06:35:47.149Z] [ALL] 06-13 12:05:44.737 16898 16898 E Parcel  : Attempt to read from protected data in Parcel 0x7fd14d9b60
[2026-06-13T06:35:47.149Z] [ALL] 06-13 12:05:44.737 16898 16898 E Parcel  : Attempt to read from protected data in Parcel 0x7fd14d9b60
[2026-06-13T06:35:47.213Z] [ALL] 06-13 12:05:44.765  1695  2752 I OplusHansManager : uid=10354, pkg=com.myntra.android can transition from M to F
[2026-06-13T06:35:47.213Z] [ALL] 06-13 12:05:44.765  1695  2752 I OplusHansManager : uid=10354, pkg=com.myntra.android F enter(), M stay=1
[2026-06-13T06:35:47.213Z] [ALL] 06-13 12:05:44.769  1695  2752 I OplusHansManager : freeze uid: 10354 com.myntra.android pids: [24280, 24544] IsolatedUid: [99207] scene: LcdOn
[2026-06-13T06:35:47.213Z] [ALL] 06-13 12:05:44.769  7763 13029 D IHansComunication: HansComunication::addUid-- 10354, persistent--0
[2026-06-13T06:35:47.213Z] [ALL] 06-13 12:05:44.769  7763 13029 D IHansComunication: HANS sendMessageToKernel: threadId = 536992353456, netLinkSetup = 1, type = PKG, targetUid = 10354, pkgCmd = ADD_ONE_UID
[2026-06-13T06:35:47.213Z] [ALL] 06-13 12:05:44.771  1695  2752 I OplusHansManager : uid=10375, pkg=com.mpokket.app can transition from M to F
[2026-06-13T06:35:47.213Z] [ALL] 06-13 12:05:44.771  1695  2752 I OplusHansManager : uid=10375, pkg=com.mpokket.app F enter(), M stay=1
[2026-06-13T06:35:47.213Z] [ALL] 06-13 12:05:44.777  1695  2752 I OplusHansManager : freeze uid: 10375 com.mpokket.app pids: [20213, 20627] IsolatedUid: [99210] scene: LcdOn
[2026-06-13T06:35:47.213Z] [ALL] 06-13 12:05:44.777  7763 13029 D IHansComunication: HansComunication::addUid-- 10375, persistent--0
[2026-06-13T06:35:47.213Z] [ALL] 06-13 12:05:44.777  7763 13029 D IHansComunication: HANS sendMessageToKernel: threadId = 536992353456, netLinkSetup = 1, type = PKG, targetUid = 10375, pkgCmd = ADD_ONE_UID
[2026-06-13T06:35:47.251Z] [ALL] 06-13 12:05:44.800 16902 16902 E Parcel  : Attempt to read from protected data in Parcel 0x7fea740a60
[2026-06-13T06:35:47.251Z] [ALL] 06-13 12:05:44.800 16902 16902 E Parcel  : Attempt to read from protected data in Parcel 0x7fea740a60
[2026-06-13T06:35:47.251Z] [ALL] 06-13 12:05:44.800 16902 16902 E Parcel  : Attempt to read from protected data in Parcel 0x7fea740a60
[2026-06-13T06:35:47.251Z] [ALL] 06-13 12:05:44.800 16902 16902 E Parcel  : Attempt to read from protected data in Parcel 0x7fea740a60
[2026-06-13T06:35:47.251Z] [ALL] 06-13 12:05:44.800 16902 16902 E Parcel  : Attempt to read from protected data in Parcel 0x7fea740a60
[2026-06-13T06:35:47.251Z] [ALL] 06-13 12:05:44.807  7763 13029 D IHansComunication: HANS sendMessageToKernel: threadId = 536992353456, netLinkSetup = 1, type = FROZEN_TRANS, targetUid = 10349, pkgCmd = PKG_CMD_MAX
[2026-06-13T06:35:47.287Z] [ALL] 06-13 12:05:44.847 16906 16906 E Parcel  : Attempt to read from protected data in Parcel 0x7fd3ed6dc0
[2026-06-13T06:35:47.288Z] [ALL] 06-13 12:05:44.847 16906 16906 E Parcel  : Attempt to read from protected data in Parcel 0x7fd3ed6dc0
[2026-06-13T06:35:47.288Z] [ALL] 06-13 12:05:44.847 16906 16906 E Parcel  : Attempt to read from protected data in Parcel 0x7fd3ed6dc0
[2026-06-13T06:35:47.288Z] [ALL] 06-13 12:05:44.847 16906 16906 E Parcel  : Attempt to read from protected data in Parcel 0x7fd3ed6dc0
[2026-06-13T06:35:47.288Z] [ALL] 06-13 12:05:44.847 16906 16906 E Parcel  : Attempt to read from protected data in Parcel 0x7fd3ed6dc0
[2026-06-13T06:35:47.354Z] [ALL] 06-13 12:05:44.901 16910 16910 E Parcel  : Attempt to read from protected data in Parcel 0x7ff6b98a20
[2026-06-13T06:35:47.354Z] [ALL] 06-13 12:05:44.901 16910 16910 E Parcel  : Attempt to read from protected data in Parcel 0x7ff6b98a20
[2026-06-13T06:35:47.354Z] [ALL] 06-13 12:05:44.901 16910 16910 E Parcel  : Attempt to read from protected data in Parcel 0x7ff6b98a20
[2026-06-13T06:35:47.354Z] [ALL] 06-13 12:05:44.901 16910 16910 E Parcel  : Attempt to read from protected data in Parcel 0x7ff6b98a20
[2026-06-13T06:35:47.354Z] [ALL] 06-13 12:05:44.901 16910 16910 E Parcel  : Attempt to read from protected data in Parcel 0x7ff6b98a20
[2026-06-13T06:35:47.386Z] [ALL] 06-13 12:05:44.947  7763  7793 E IHansComunication: HANS printMessageBody: RCV message: type = 0,port = 86870,caller_pid = 1129,caller_uid = 1047,target_pid = 24280,target_uid = 10354,pkg_cmd = -1,rpc = android.hardware.ICameraServiceListener/5
[2026-06-13T06:35:47.386Z] [ALL] 06-13 12:05:44.947  7763  7793 E IHansComunication: HANS printMessageBody: RCV message: type = 0,port = 86870,caller_pid = 1129,caller_uid = 1047,target_pid = 20213,target_uid = 10375,pkg_cmd = -1,rpc = android.hardware.ICameraServiceListener/5
[2026-06-13T06:35:47.386Z] [ALL] 06-13 12:05:44.950  1695  2771 I OplusHansManager : unfreeze uid: 10354 com.myntra.android pids: [24280, 24544] reason: AsyncBinder scene: LcdOn
[2026-06-13T06:35:47.386Z] [ALL] 06-13 12:05:44.950  1695  2752 I OplusHansManager : uid=10354, pkg=com.myntra.android, transition from F to Middle, reason=AsyncBinder
[2026-06-13T06:35:47.386Z] [ALL] 06-13 12:05:44.950  1695  2752 I OplusHansManager : uid=10354, pkg=com.myntra.android F exit(), F stay=0, reason=AsyncBinder
[2026-06-13T06:35:47.386Z] [ALL] 06-13 12:05:44.954  1695  2771 I OplusHansManager : unfreeze uid: 10375 com.mpokket.app pids: [20213, 20627] reason: AsyncBinder scene: LcdOn
[2026-06-13T06:35:47.386Z] [ALL] 06-13 12:05:44.955  1695  2752 I OplusHansManager : uid=10375, pkg=com.mpokket.app, transition from F to Middle, reason=AsyncBinder
[2026-06-13T06:35:47.386Z] [ALL] 06-13 12:05:44.955  1695  2752 I OplusHansManager : uid=10375, pkg=com.mpokket.app F exit(), F stay=0, reason=AsyncBinder
[2026-06-13T06:35:47.419Z] [ALL] 06-13 12:05:44.965 16915 16915 E Parcel  : Attempt to read from protected data in Parcel 0x7ffc50b710
[2026-06-13T06:35:47.419Z] [ALL] 06-13 12:05:44.965 16915 16915 E Parcel  : Attempt to read from protected data in Parcel 0x7ffc50b710
[2026-06-13T06:35:47.419Z] [ALL] 06-13 12:05:44.965 16915 16915 E Parcel  : Attempt to read from protected data in Parcel 0x7ffc50b710
[2026-06-13T06:35:47.419Z] [ALL] 06-13 12:05:44.965 16915 16915 E Parcel  : Attempt to read from protected data in Parcel 0x7ffc50b710
[2026-06-13T06:35:47.419Z] [ALL] 06-13 12:05:44.965 16915 16915 E Parcel  : Attempt to read from protected data in Parcel 0x7ffc50b710
[2026-06-13T06:35:47.419Z] [ALL] 06-13 12:05:44.974 22840 16674 V ClearcutMetricXmitter: Transmission is done.
[2026-06-13T06:35:47.419Z] [ALL] 06-13 12:05:44.976 22840 16674 V ClearcutMetricXmitter: Transmission is done.
[2026-06-13T06:35:47.455Z] [ALL] 06-13 12:05:45.024 16919 16919 E Parcel  : Attempt to read from protected data in Parcel 0x7fd021aab0
[2026-06-13T06:35:47.455Z] [ALL] 06-13 12:05:45.024 16919 16919 E Parcel  : Attempt to read from protected data in Parcel 0x7fd021aab0
[2026-06-13T06:35:47.455Z] [ALL] 06-13 12:05:45.024 16919 16919 E Parcel  : Attempt to read from protected data in Parcel 0x7fd021aab0
[2026-06-13T06:35:47.455Z] [ALL] 06-13 12:05:45.024 16919 16919 E Parcel  : Attempt to read from protected data in Parcel 0x7fd021aab0
[2026-06-13T06:35:47.455Z] [ALL] 06-13 12:05:45.024 16919 16919 E Parcel  : Attempt to read from protected data in Parcel 0x7fd021aab0
[2026-06-13T06:35:47.486Z] [ALL] 06-13 12:05:45.074 16923 16923 E Parcel  : Attempt to read from protected data in Parcel 0x7fd5173ec0
[2026-06-13T06:35:47.486Z] [ALL] 06-13 12:05:45.075 16923 16923 E Parcel  : Attempt to read from protected data in Parcel 0x7fd5173ec0
[2026-06-13T06:35:47.486Z] [ALL] 06-13 12:05:45.075 16923 16923 E Parcel  : Attempt to read from protected data in Parcel 0x7fd5173ec0
[2026-06-13T06:35:47.486Z] [ALL] 06-13 12:05:45.075 16923 16923 E Parcel  : Attempt to read from protected data in Parcel 0x7fd5173ec0
[2026-06-13T06:35:47.486Z] [ALL] 06-13 12:05:45.075 16923 16923 E Parcel  : Attempt to read from protected data in Parcel 0x7fd5173ec0
[2026-06-13T06:35:47.522Z] [ALL] 06-13 12:05:45.079  1695  2249 D OplusNecService: updateOrgDnsEvent: latencyMs = 6423
[2026-06-13T06:35:47.522Z] [ALL] 06-13 12:05:45.079  2782 12297 D NetworkEvent: OplusNetworkEventCbProxy invoke.....onDnsEvent argslen:8
[2026-06-13T06:35:47.522Z] [ALL] 06-13 12:05:45.083  2744 25873 D OplusCellularNetworkConfig: getDnsQueryPriority value=http://conn-service-in-03.allawnos.com/generate204
[2026-06-13T06:35:47.565Z] [ALL] 06-13 12:05:45.132 16930 16930 E Parcel  : Attempt to read from protected data in Parcel 0x7fd8a461d0
[2026-06-13T06:35:47.565Z] [ALL] 06-13 12:05:45.132 16930 16930 E Parcel  : Attempt to read from protected data in Parcel 0x7fd8a461d0
[2026-06-13T06:35:47.565Z] [ALL] 06-13 12:05:45.132 16930 16930 E Parcel  : Attempt to read from protected data in Parcel 0x7fd8a461d0
[2026-06-13T06:35:47.565Z] [ALL] 06-13 12:05:45.132 16930 16930 E Parcel  : Attempt to read from protected data in Parcel 0x7fd8a461d0
[2026-06-13T06:35:47.565Z] [ALL] 06-13 12:05:45.132 16930 16930 E Parcel  : Attempt to read from protected data in Parcel 0x7fd8a461d0
[2026-06-13T06:35:47.604Z] [ALL] 06-13 12:05:45.180 16934 16934 E Parcel  : Attempt to read from protected data in Parcel 0x7fe05053f0
[2026-06-13T06:35:47.604Z] [ALL] 06-13 12:05:45.181 16934 16934 E Parcel  : Attempt to read from protected data in Parcel 0x7fe05053f0
[2026-06-13T06:35:47.604Z] [ALL] 06-13 12:05:45.181 16934 16934 E Parcel  : Attempt to read from protected data in Parcel 0x7fe05053f0
[2026-06-13T06:35:47.604Z] [ALL] 06-13 12:05:45.181 16934 16934 E Parcel  : Attempt to read from protected data in Parcel 0x7fe05053f0
[2026-06-13T06:35:47.604Z] [ALL] 06-13 12:05:45.181 16934 16934 E Parcel  : Attempt to read from protected data in Parcel 0x7fe05053f0
[2026-06-13T06:35:47.663Z] [ALL] 06-13 12:05:45.234 16938 16938 E Parcel  : Attempt to read from protected data in Parcel 0x7fe8448c70
[2026-06-13T06:35:47.663Z] [ALL] 06-13 12:05:45.234 16938 16938 E Parcel  : Attempt to read from protected data in Parcel 0x7fe8448c70
[2026-06-13T06:35:47.663Z] [ALL] 06-13 12:05:45.234 16938 16938 E Parcel  : Attempt to read from protected data in Parcel 0x7fe8448c70
[2026-06-13T06:35:47.663Z] [ALL] 06-13 12:05:45.234 16938 16938 E Parcel  : Attempt to read from protected data in Parcel 0x7fe8448c70
[2026-06-13T06:35:47.663Z] [ALL] 06-13 12:05:45.234 16938 16938 E Parcel  : Attempt to read from protected data in Parcel 0x7fe8448c70
[2026-06-13T06:35:47.698Z] [ALL] 06-13 12:05:45.287 16942 16942 E Parcel  : Attempt to read from protected data in Parcel 0x7fd6b612c0
[2026-06-13T06:35:47.698Z] [ALL] 06-13 12:05:45.287 16942 16942 E Parcel  : Attempt to read from protected data in Parcel 0x7fd6b612c0
[2026-06-13T06:35:47.698Z] [ALL] 06-13 12:05:45.287 16942 16942 E Parcel  : Attempt to read from protected data in Parcel 0x7fd6b612c0
[2026-06-13T06:35:47.698Z] [ALL] 06-13 12:05:45.287 16942 16942 E Parcel  : Attempt to read from protected data in Parcel 0x7fd6b612c0
[2026-06-13T06:35:47.698Z] [ALL] 06-13 12:05:45.287 16942 16942 E Parcel  : Attempt to read from protected data in Parcel 0x7fd6b612c0
[2026-06-13T06:35:47.736Z] [ALL] 06-13 12:05:45.316   858  5601 E netd    : dispachCmd:oplusGetRtt
[2026-06-13T06:35:47.736Z] [ALL] 06-13 12:05:45.316   858  5601 E netd    : handleGetRttCmd: netId = 204, uid = 10352
[2026-06-13T06:35:47.736Z] [ALL] 06-13 12:05:45.317   858  5601 E netd    : dispachCmd cmd:oplusGetRtt  result:0
[2026-06-13T06:35:47.762Z] [ALL] 06-13 12:05:45.317   858 28068 E netd    : dispachCmd:oplusGetRtt
[2026-06-13T06:35:47.762Z] [ALL] 06-13 12:05:45.317   858 28068 E netd    : handleGetRttCmd: netId = 206, uid = 10352
[2026-06-13T06:35:47.762Z] [ALL] 06-13 12:05:45.318   858 28068 E netd    : dispachCmd cmd:oplusGetRtt  result:0
[2026-06-13T06:35:47.762Z] [ALL] 06-13 12:05:45.320  1695  2144 D OplusWifiConnect2: clientModeManager == null, getOplusSta2ConnectionInfo null
[2026-06-13T06:35:47.762Z] [ALL] 06-13 12:05:45.320  1695  2148 D WN_S    : isCellQualityGood is false, curscore =74, no need to switch lte
[2026-06-13T06:35:47.762Z] [ALL] 06-13 12:05:45.329  1000  3424 D SurfaceFlinger: kickIdle 719, 693, 34, 0
[2026-06-13T06:35:47.762Z] [ALL] 06-13 12:05:45.329   882   882 E hwcomposer: [DRMDEV] DRM_IOCTL_MTK_KICK_IDLE failed, drm_id_crtc: 64, error: -1  
[2026-06-13T06:35:47.762Z] [ALL] 06-13 12:05:45.341 16946 16946 E Parcel  : Attempt to read from protected data in Parcel 0x7fc5049c70
[2026-06-13T06:35:47.762Z] [ALL] 06-13 12:05:45.341 16946 16946 E Parcel  : Attempt to read from protected data in Parcel 0x7fc5049c70
[2026-06-13T06:35:47.762Z] [ALL] 06-13 12:05:45.341 16946 16946 E Parcel  : Attempt to read from protected data in Parcel 0x7fc5049c70
[2026-06-13T06:35:47.762Z] [ALL] 06-13 12:05:45.341 16946 16946 E Parcel  : Attempt to read from protected data in Parcel 0x7fc5049c70
[2026-06-13T06:35:47.762Z] [ALL] 06-13 12:05:45.341 16946 16946 E Parcel  : Attempt to read from protected data in Parcel 0x7fc5049c70
[2026-06-13T06:35:47.793Z] [ALL] 06-13 12:05:45.364  2782 12297 D NetworkEvent: OplusNetworkEventCbProxy invoke.....onDnsEvent argslen:8
[2026-06-13T06:35:47.845Z] [ALL] 06-13 12:05:45.413 16951 16951 E Parcel  : Attempt to read from protected data in Parcel 0x7fe2d9da90
[2026-06-13T06:35:47.845Z] [ALL] 06-13 12:05:45.413 16951 16951 E Parcel  : Attempt to read from protected data in Parcel 0x7fe2d9da90
[2026-06-13T06:35:47.845Z] [ALL] 06-13 12:05:45.413 16951 16951 E Parcel  : Attempt to read from protected data in Parcel 0x7fe2d9da90
[2026-06-13T06:35:47.845Z] [ALL] 06-13 12:05:45.413 16951 16951 E Parcel  : Attempt to read from protected data in Parcel 0x7fe2d9da90
[2026-06-13T06:35:47.845Z] [ALL] 06-13 12:05:45.413 16951 16951 E Parcel  : Attempt to read from protected data in Parcel 0x7fe2d9da90
[2026-06-13T06:35:47.845Z] [ALL] 06-13 12:05:45.419  7763  7793 E IHansComunication: HANS printMessageBody: RCV message: type = 0,port = 86870,caller_pid = 1695,caller_uid = 1000,target_pid = 13227,target_uid = 10349,pkg_cmd = -1,rpc = android.accessibilityservice.IAccessibilityServiceClient/2
[2026-06-13T06:35:47.845Z] [ALL] 06-13 12:05:45.420  1695  2771 I OplusHansManager : unfreeze uid: 10349 io.appium.uiautomator2.server pids: [13227] reason: AsyncBinder scene: LcdOn
[2026-06-13T06:35:47.845Z] [ALL] 06-13 12:05:45.420  1695  2752 I OplusHansManager : uid=10349, pkg=io.appium.uiautomator2.server, transition from F to Middle, reason=AsyncBinder
[2026-06-13T06:35:47.845Z] [ALL] 06-13 12:05:45.420  1695  2752 I OplusHansManager : uid=10349, pkg=io.appium.uiautomator2.server F exit(), F stay=1, reason=AsyncBinder
[2026-06-13T06:35:47.845Z] [ALL] 06-13 12:05:45.425 13227 13408 I appium  : channel read: POST /session/1d958382-6c27-4154-8ae4-4950394a5bc8/element
[2026-06-13T06:35:47.845Z] [ALL] 06-13 12:05:45.426 13227 13408 I appium  : FindElement command
[2026-06-13T06:35:47.845Z] [ALL] 06-13 12:05:45.427 13227 13408 I appium  : method: 'xpath', selector: '//*[@resource-id="nav_item_profile" or @content-desc="nav_item_profile"]'
[2026-06-13T06:35:47.845Z] [ALL] 06-13 12:05:45.427 13227 13408 I appium  : Waiting up to 10000ms for the device to idle
[2026-06-13T06:35:47.884Z] [ALL] 06-13 12:05:45.464 16956 16956 E Parcel  : Attempt to read from protected data in Parcel 0x7ff1c1e990
[2026-06-13T06:35:47.884Z] [ALL] 06-13 12:05:45.464 16956 16956 E Parcel  : Attempt to read from protected data in Parcel 0x7ff1c1e990
[2026-06-13T06:35:47.884Z] [ALL] 06-13 12:05:45.464 16956 16956 E Parcel  : Attempt to read from protected data in Parcel 0x7ff1c1e990
[2026-06-13T06:35:47.884Z] [ALL] 06-13 12:05:45.464 16956 16956 E Parcel  : Attempt to read from protected data in Parcel 0x7ff1c1e990
[2026-06-13T06:35:47.884Z] [ALL] 06-13 12:05:45.464 16956 16956 E Parcel  : Attempt to read from protected data in Parcel 0x7ff1c1e990
[2026-06-13T06:35:47.975Z] [ALL] 06-13 12:05:45.529 16960 16960 E Parcel  : Attempt to read from protected data in Parcel 0x7fce3dc030
[2026-06-13T06:35:47.975Z] [ALL] 06-13 12:05:45.529 16960 16960 E Parcel  : Attempt to read from protected data in Parcel 0x7fce3dc030
[2026-06-13T06:35:47.975Z] [ALL] 06-13 12:05:45.529 16960 16960 E Parcel  : Attempt to read from protected data in Parcel 0x7fce3dc030
[2026-06-13T06:35:47.975Z] [ALL] 06-13 12:05:45.529 16960 16960 E Parcel  : Attempt to read from protected data in Parcel 0x7fce3dc030
[2026-06-13T06:35:47.975Z] [ALL] 06-13 12:05:45.529 16960 16960 E Parcel  : Attempt to read from protected data in Parcel 0x7fce3dc030
[2026-06-13T06:35:48.022Z] [ALL] 06-13 12:05:45.587 16965 16965 E Parcel  : Attempt to read from protected data in Parcel 0x7fcc72aea0
[2026-06-13T06:35:48.022Z] [ALL] 06-13 12:05:45.587 16965 16965 E Parcel  : Attempt to read from protected data in Parcel 0x7fcc72aea0
[2026-06-13T06:35:48.022Z] [ALL] 06-13 12:05:45.587 16965 16965 E Parcel  : Attempt to read from protected data in Parcel 0x7fcc72aea0
[2026-06-13T06:35:48.022Z] [ALL] 06-13 12:05:45.587 16965 16965 E Parcel  : Attempt to read from protected data in Parcel 0x7fcc72aea0
[2026-06-13T06:35:48.022Z] [ALL] 06-13 12:05:45.587 16965 16965 E Parcel  : Attempt to read from protected data in Parcel 0x7fcc72aea0
[2026-06-13T06:35:48.065Z] [ALL] 06-13 12:05:45.632  2676 12019 E OplusNetworkStackManager: callback len = 1
[2026-06-13T06:35:48.065Z] [ALL] 06-13 12:05:45.632  2782 12297 E OplusNetworkStackManager: callback len = 2
[2026-06-13T06:35:48.065Z] [ALL] 06-13 12:05:45.632  1695  2379 E OplusNetworkStackManager: callback len = 6
[2026-06-13T06:35:48.065Z] [ALL] 06-13 12:05:45.632  1695  2379 D OLK     : INetworkScoreCallback() networkId: 204 better = false, score = 70
[2026-06-13T06:35:48.065Z] [ALL] 06-13 12:05:45.633  2744 25873 E OplusNetworkStackManager: callback len = 1
[2026-06-13T06:35:48.108Z] [ALL] 06-13 12:05:45.641 16969 16969 E Parcel  : Attempt to read from protected data in Parcel 0x7fc941d010
[2026-06-13T06:35:48.108Z] [ALL] 06-13 12:05:45.641 16969 16969 E Parcel  : Attempt to read from protected data in Parcel 0x7fc941d010
[2026-06-13T06:35:48.108Z] [ALL] 06-13 12:05:45.641 16969 16969 E Parcel  : Attempt to read from protected data in Parcel 0x7fc941d010
[2026-06-13T06:35:48.108Z] [ALL] 06-13 12:05:45.641 16969 16969 E Parcel  : Attempt to read from protected data in Parcel 0x7fc941d010
[2026-06-13T06:35:48.108Z] [ALL] 06-13 12:05:45.641 16969 16969 E Parcel  : Attempt to read from protected data in Parcel 0x7fc941d010
[2026-06-13T06:35:48.108Z] [ALL] 06-13 12:05:45.649 22840 16795 I cn_CronetUrlRequestContext: destroyNativeStreamLocked org.chromium.net.impl.CronetBidirectionalStream@382e6fa
[2026-06-13T06:35:48.108Z] [ALL] 06-13 12:05:45.649 22840 16742 I BugleNetwork: Pull completed, messagecount: 1, pulledAll: true [CONTEXT PullHandler="TACHYON_REGISTRATION_TYPE_PHONE_NUMBER" ]
[2026-06-13T06:35:48.108Z] [ALL] 06-13 12:05:45.656 22840 16744 I BuglePipeline: Starting pipeline execution [CONTEXT PullHandler="TACHYON_REGISTRATION_TYPE_PHONE_NUMBER" ]
[2026-06-13T06:35:48.108Z] [ALL] 06-13 12:05:45.658 22840 16771 I BuglePipeline: Sampled pipeline logging event for pipeline type ReceivingRcsPipeline and pipeline id d609759d-bd7f-4a47-a35a-9e4d4b43aa82 [CONTEXT PullHandler="TACHYON_REGISTRATION_TYPE_PHONE_NUMBER" ]
[2026-06-13T06:35:48.153Z] [ALL] 06-13 12:05:45.689 22840 16744 I BuglePipeline: Running Interceptor ReflectedTachygramMessageInterceptor. Subject is expected type czlz [CONTEXT PullHandler="TACHYON_REGISTRATION_TYPE_PHONE_NUMBER" ]
[2026-06-13T06:35:48.153Z] [ALL] 06-13 12:05:45.690 22840 16744 I BuglePipeline: Running Interceptor TachygramMessageInterceptor. Subject is expected type czlz [CONTEXT PullHandler="TACHYON_REGISTRATION_TYPE_PHONE_NUMBER" ]
[2026-06-13T06:35:48.153Z] [ALL] 06-13 12:05:45.693 16973 16973 E Parcel  : Attempt to read from protected data in Parcel 0x7fd8403d00
[2026-06-13T06:35:48.153Z] [ALL] 06-13 12:05:45.694 16973 16973 E Parcel  : Attempt to read from protected data in Parcel 0x7fd8403d00
[2026-06-13T06:35:48.153Z] [ALL] 06-13 12:05:45.694 16973 16973 E Parcel  : Attempt to read from protected data in Parcel 0x7fd8403d00
[2026-06-13T06:35:48.153Z] [ALL] 06-13 12:05:45.694 16973 16973 E Parcel  : Attempt to read from protected data in Parcel 0x7fd8403d00
[2026-06-13T06:35:48.153Z] [ALL] 06-13 12:05:45.694 16973 16973 E Parcel  : Attempt to read from protected data in Parcel 0x7fd8403d00
[2026-06-13T06:35:48.153Z] [ALL] 06-13 12:05:45.704 22840 16744 I BuglePipeline: Running Interceptor TachygramChatApiAdapterInterceptor. Subject is expected type czmk [CONTEXT PullHandler="TACHYON_REGISTRATION_TYPE_PHONE_NUMBER" ]
[2026-06-13T06:35:48.197Z] [ALL] 06-13 12:05:45.722 22840 16744 I BuglePipeline: Running Interceptor IncomingChatMessageValidatorInterceptor. Subject is expected type czlw [CONTEXT PullHandler="TACHYON_REGISTRATION_TYPE_PHONE_NUMBER" ]
[2026-06-13T06:35:48.198Z] [ALL] 06-13 12:05:45.725 22840 16744 I BuglePipeline: Running Interceptor IncomingRbmAgentAndBusinessInfoCheckerInterceptor. Subject is expected type czlw [CONTEXT PullHandler="TACHYON_REGISTRATION_TYPE_PHONE_NUMBER" ]
[2026-06-13T06:35:48.198Z] [ALL] 06-13 12:05:45.732 22840 16744 I IncomingRbmAgentAndBusi: Received RBM Message. Business Info present: true, Agent Name present: true [CONTEXT rcs_message_id="410185360613114111221200_2026-06-13" PullHandler="TACHYON_REGISTRATION_TYPE_PHONE_NUMBER" ]
[2026-06-13T06:35:48.198Z] [ALL] 06-13 12:05:45.733 22840 16744 I BuglePipeline: Running Interceptor IncomingRbmMessageInterceptor. Subject is expected type czlw [CONTEXT PullHandler="TACHYON_REGISTRATION_TYPE_PHONE_NUMBER" ]
[2026-06-13T06:35:48.198Z] [ALL] 06-13 12:05:45.734 22840 16744 I BugleDataModel: UnencryptedSinglePartIncomingChatMessageProcessor: Processing incoming message rcsMessage{id:410185360613114111221200_2026-06-13}, contentType: text/plain [CONTEXT PullHandler="TACHYON_REGISTRATION_TYPE_PHONE_NUMBER" ]
[2026-06-13T06:35:48.198Z] [ALL] 06-13 12:05:45.735 22840 16744 I Bugle   : Clearing typing indicator on incoming message async. [CONTEXT PullHandler="TACHYON_REGISTRATION_TYPE_PHONE_NUMBER" ]
[2026-06-13T06:35:48.243Z] [ALL] 06-13 12:05:45.748 22840 16742 I BugleConversation: Returning conversation with id = 1143. [CONTEXT PullHandler="TACHYON_REGISTRATION_TYPE_PHONE_NUMBER" ]
[2026-06-13T06:35:48.243Z] [ALL] 06-13 12:05:45.752 16977 16977 E Parcel  : Attempt to read from protected data in Parcel 0x7fdd3f1e70
[2026-06-13T06:35:48.243Z] [ALL] 06-13 12:05:45.752 16977 16977 E Parcel  : Attempt to read from protected data in Parcel 0x7fdd3f1e70
[2026-06-13T06:35:48.243Z] [ALL] 06-13 12:05:45.752 16977 16977 E Parcel  : Attempt to read from protected data in Parcel 0x7fdd3f1e70
[2026-06-13T06:35:48.243Z] [ALL] 06-13 12:05:45.752 16977 16977 E Parcel  : Attempt to read from protected data in Parcel 0x7fdd3f1e70
[2026-06-13T06:35:48.243Z] [ALL] 06-13 12:05:45.752 16977 16977 E Parcel  : Attempt to read from protected data in Parcel 0x7fdd3f1e70
[2026-06-13T06:35:48.244Z] [ALL] 06-13 12:05:45.762 13755 31124 W OplusExSystemServiceHelper: checkOplusExSystemService intent getComponent is null
[2026-06-13T06:35:48.244Z] [ALL] 06-13 12:05:45.765 13755 13755 D BoundBrokerSvc: onBind: Intent { act=com.google.android.mobstore.service.START pkg=com.google.android.gms }
[2026-06-13T06:35:48.244Z] [ALL] 06-13 12:05:45.765 13755 13755 D BoundBrokerSvc: Loading bound service for intent: Intent { act=com.google.android.mobstore.service.START pkg=com.google.android.gms }
[2026-06-13T06:35:48.244Z] [ALL] 06-13 12:05:45.770  7763 13029 D IHansComunication: HANS sendMessageToKernel: threadId = 536992353456, netLinkSetup = 1, type = FROZEN_TRANS, targetUid = 10354, pkgCmd = PKG_CMD_MAX
[2026-06-13T06:35:48.244Z] [ALL] 06-13 12:05:45.777  7763 13029 D IHansComunication: HANS sendMessageToKernel: threadId = 536992353456, netLinkSetup = 1, type = FROZEN_TRANS, targetUid = 10375, pkgCmd = PKG_CMD_MAX
[2026-06-13T06:35:48.244Z] [ALL] 06-13 12:05:45.778 22840 16752 I Bugle   : RbmBusinessInfoDataService: Attempting read of business info data... RBM bot id: redacted-pii[54-chars] [CONTEXT PullHandler="TACHYON_REGISTRATION_TYPE_PHONE_NUMBER" ]
[2026-06-13T06:35:48.244Z] [ALL] 06-13 12:05:45.789 22840 16752 I Bugle   : RbmBusinessInfoDataService: RBM bot id: redacted-pii[54-chars], RBM bot info version: W/17770327294141.5, RBM bot info expiry milliseconds: 1777738033976 [CONTEXT PullHandler="TACHYON_REGISTRATION_TYPE_PHONE_NUMBER" ]
[2026-06-13T06:35:48.244Z] [ALL] 06-13 12:05:45.790 22840 16752 I Bugle   : RbmBusinessInfoDataService: Beginning RBM business info validation... [CONTEXT PullHandler="TACHYON_REGISTRATION_TYPE_PHONE_NUMBER" ]
[2026-06-13T06:35:48.244Z] [ALL] 06-13 12:05:45.790 22840 16752 I Bugle   : RbmBusinessInfoDataService: Successfully completed RBM business info validation... [CONTEXT PullHandler="TACHYON_REGISTRATION_TYPE_PHONE_NUMBER" ]
[2026-06-13T06:35:48.244Z] [ALL] 06-13 12:05:45.790 22840 16752 I Bugle   : RbmBusinessInfoDataService: Beginning RBM business verifier info validation... [CONTEXT PullHandler="TACHYON_REGISTRATION_TYPE_PHONE_NUMBER" ]
[2026-06-13T06:35:48.244Z] [ALL] 06-13 12:05:45.790 22840 16752 I Bugle   : RbmBusinessInfoDataService: Successfully completed RBM business verifier info validation... [CONTEXT PullHandler="TACHYON_REGISTRATION_TYPE_PHONE_NUMBER" ]
[2026-06-13T06:35:48.244Z] [ALL] 06-13 12:05:45.797 22840 16752 I BugleDataModel: SubscriptionsTracker bindToTrackingMap bound participants: [ParticipantId=1 subId=-1, ParticipantId=2 subId=1, ParticipantId=47 subId=2, ParticipantId=152 subId=3, ParticipantId=725 subId=4, ParticipantId=743 subId=5] [CONTEXT PullHandler="TACHYON_REGISTRATION_TYPE_PHONE_NUMBER" ]
[2026-06-13T06:35:48.244Z] [ALL] 06-13 12:05:45.798 22840 16752 I BugleDataModel: set orderedRowIdAndTokenPairs: [rowId=743 subId= 5 token=5beb9b90-0322-4e12-bf78-34c99ed614ab, rowId=725 subId= 4 token=b67975c9-b9e4-461d-922d-2f5b3f0923de, rowId=1 subId= -1 token=2580b9ac-71d5-483b-a75c-d98bfcc9c315, rowId=152 subId= 3 token=3145ba06-5be2-4cb2-a551-22f3e6744b9f, rowId=47 subId= 2 token=02a5539d-a742-4777-bfb8-2e8e704b360a, rowId=2 subId= 1 token=9b3754d7-0848-465e-a55c-1922a4038bfd] [CONTEXT PullHandler="TACHYON_REGISTRATION_TYPE_PHONE_NUMBER" ]
[2026-06-13T06:35:48.293Z] [ALL] 06-13 12:05:45.813 16981 16981 E Parcel  : Attempt to read from protected data in Parcel 0x7fd4d15a00
[2026-06-13T06:35:48.293Z] [ALL] 06-13 12:05:45.813 16981 16981 E Parcel  : Attempt to read from protected data in Parcel 0x7fd4d15a00
[2026-06-13T06:35:48.293Z] [ALL] 06-13 12:05:45.813 16981 16981 E Parcel  : Attempt to read from protected data in Parcel 0x7fd4d15a00
[2026-06-13T06:35:48.293Z] [ALL] 06-13 12:05:45.813 16981 16981 E Parcel  : Attempt to read from protected data in Parcel 0x7fd4d15a00
[2026-06-13T06:35:48.293Z] [ALL] 06-13 12:05:45.813 16981 16981 E Parcel  : Attempt to read from protected data in Parcel 0x7fd4d15a00
[2026-06-13T06:35:48.293Z] [ALL] 06-13 12:05:45.813 22840 16745 I BugleConversation: Returning conversation with id = 1143. [CONTEXT PullHandler="TACHYON_REGISTRATION_TYPE_PHONE_NUMBER" ]
[2026-06-13T06:35:48.293Z] [ALL] 06-13 12:05:45.822 22840 16780 I BugleDataModel: Dual Send Fallback is enabled. [CONTEXT PullHandler="TACHYON_REGISTRATION_TYPE_PHONE_NUMBER" ]
[2026-06-13T06:35:48.349Z] [ALL] 06-13 12:05:45.851 22840 16780 I ExtensionsFeatureImpl: Extensions are supported [CONTEXT ratelimit_period="15 MINUTES" PullHandler="TACHYON_REGISTRATION_TYPE_PHONE_NUMBER" ]
[2026-06-13T06:35:48.349Z] [ALL] 06-13 12:05:45.866 16985 16985 E Parcel  : Attempt to read from protected data in Parcel 0x7ff24790a0
[2026-06-13T06:35:48.349Z] [ALL] 06-13 12:05:45.866 16985 16985 E Parcel  : Attempt to read from protected data in Parcel 0x7ff24790a0
[2026-06-13T06:35:48.349Z] [ALL] 06-13 12:05:45.866 16985 16985 E Parcel  : Attempt to read from protected data in Parcel 0x7ff24790a0
[2026-06-13T06:35:48.349Z] [ALL] 06-13 12:05:45.866 16985 16985 E Parcel  : Attempt to read from protected data in Parcel 0x7ff24790a0
[2026-06-13T06:35:48.349Z] [ALL] 06-13 12:05:45.866 16985 16985 E Parcel  : Attempt to read from protected data in Parcel 0x7ff24790a0
[2026-06-13T06:35:48.403Z] [ALL] 06-13 12:05:45.917 16990 16990 E Parcel  : Attempt to read from protected data in Parcel 0x7fd16a0740
[2026-06-13T06:35:48.403Z] [ALL] 06-13 12:05:45.917 16990 16990 E Parcel  : Attempt to read from protected data in Parcel 0x7fd16a0740
[2026-06-13T06:35:48.403Z] [ALL] 06-13 12:05:45.917 16990 16990 E Parcel  : Attempt to read from protected data in Parcel 0x7fd16a0740
[2026-06-13T06:35:48.403Z] [ALL] 06-13 12:05:45.917 16990 16990 E Parcel  : Attempt to read from protected data in Parcel 0x7fd16a0740
[2026-06-13T06:35:48.403Z] [ALL] 06-13 12:05:45.917 16990 16990 E Parcel  : Attempt to read from protected data in Parcel 0x7fd16a0740
[2026-06-13T06:35:48.403Z] [ALL] 06-13 12:05:45.919 13227 13408 I appium  : The following attributes will be included to the page source: [content-desc, resource-id]
[2026-06-13T06:35:48.403Z] [ALL] 06-13 12:05:45.944 22840 16780 I BugleDataModel: insert: beginning, full sync in progress: false, getWidth: -1, getHeight: -1, contentType: text/plain [CONTEXT PullHandler="TACHYON_REGISTRATION_TYPE_PHONE_NUMBER" ]
[2026-06-13T06:35:48.449Z] [ALL] 06-13 12:05:45.954 22840 16745 I BugleMDD: Retrieved File Group Name: screen_effects, File Count = 26 [CONTEXT PullHandler="TACHYON_REGISTRATION_TYPE_PHONE_NUMBER" ]
[2026-06-13T06:35:48.449Z] [ALL] 06-13 12:05:45.955 22840 16744 I BugleSending: Starting queueing reports for new message [CONTEXT rcs_message_id="RcsMessageIdType:410185360613114111221200_2026-06-13" PullHandler="TACHYON_REGISTRATION_TYPE_PHONE_NUMBER" ]
[2026-06-13T06:35:48.449Z] [ALL] 06-13 12:05:45.958 22840 16744 I BugleMDD: Retrieved File Group Name: screen_effects, File Count = 26 [CONTEXT PullHandler="TACHYON_REGISTRATION_TYPE_PHONE_NUMBER" ]
[2026-06-13T06:35:48.449Z] [ALL] 06-13 12:05:45.959 22840 16780 I BugleOtp: OTP patterns refreshed. [CONTEXT PullHandler="TACHYON_REGISTRATION_TYPE_PHONE_NUMBER" ]
[2026-06-13T06:35:48.449Z] [ALL] 06-13 12:05:45.959 22840 16744 I BugleMDD: Retrieved File Group Name: screen_effects, File Count = 26 [CONTEXT PullHandler="TACHYON_REGISTRATION_TYPE_PHONE_NUMBER" ]
[2026-06-13T06:35:48.449Z] [ALL] 06-13 12:05:45.964 22840 16780 W BugleDataModel: MessageDatabaseOperations: Unexpected list of latest{size:0} is returned. [CONTEXT PullHandler="TACHYON_REGISTRATION_TYPE_PHONE_NUMBER" ]
[2026-06-13T06:35:48.449Z] [ALL] 06-13 12:05:45.966 22840 16771 I BugleSending: Queuing new RCS report. type: DELIVERY. encryptionProtocol: 0 [CONTEXT rcs_message_id="RcsMessageIdType:410185360613114111221200_2026-06-13" imdn_rcs_message_id="RcsMessageIdType:Mx=VHMFYGpSlSyyMwpjbT6fQ" ]
[2026-06-13T06:35:48.449Z] [ALL] 06-13 12:05:45.968 22840 16745 I BugleMDD: Retrieved File Group Name: screen_effects, File Count = 26 [CONTEXT PullHandler="TACHYON_REGISTRATION_TYPE_PHONE_NUMBER" ]
[2026-06-13T06:35:48.449Z] [ALL] 06-13 12:05:45.968 22840 16745 I BugleMDD: Retrieved File Group Name: screen_effects, File Count = 26 [CONTEXT PullHandler="TACHYON_REGISTRATION_TYPE_PHONE_NUMBER" ]
[2026-06-13T06:35:48.449Z] [ALL] 06-13 12:05:45.969 22840 16742 I BugleMDD: Retrieved File Group Name: screen_effects, File Count = 26 [CONTEXT PullHandler="TACHYON_REGISTRATION_TYPE_PHONE_NUMBER" ]
[2026-06-13T06:35:48.449Z] [ALL] 06-13 12:05:45.970 16998 16998 E Parcel  : Attempt to read from protected data in Parcel 0x7fdc5c0220
[2026-06-13T06:35:48.449Z] [ALL] 06-13 12:05:45.970 16998 16998 E Parcel  : Attempt to read from protected data in Parcel 0x7fdc5c0220
[2026-06-13T06:35:48.449Z] [ALL] 06-13 12:05:45.970 16998 16998 E Parcel  : Attempt to read from protected data in Parcel 0x7fdc5c0220
[2026-06-13T06:35:48.449Z] [ALL] 06-13 12:05:45.970 16998 16998 E Parcel  : Attempt to read from protected data in Parcel 0x7fdc5c0220
[2026-06-13T06:35:48.449Z] [ALL] 06-13 12:05:45.970 16998 16998 E Parcel  : Attempt to read from protected data in Parcel 0x7fdc5c0220
[2026-06-13T06:35:48.449Z] [ALL] 06-13 12:05:45.973 22840 16765 I BugleMDD: Retrieved File Group Name: screen_effects, File Count = 26 [CONTEXT PullHandler="TACHYON_REGISTRATION_TYPE_PHONE_NUMBER" ]
[2026-06-13T06:35:48.449Z] [ALL] 06-13 12:05:45.975 22840 16780 I ShortcutBadger: Checking if platform supports badge counters, attempt 1/3.
[2026-06-13T06:35:48.449Z] [ALL] 06-13 12:05:45.976 22840 16744 I BuglePipeline: Starting pipeline execution [CONTEXT work_id="2f1d0552-11c6-44be-833b-52e06c9cfc78" pipeline_type="SendingRcsReportPipeline" ]
[2026-06-13T06:35:48.449Z] [ALL] 06-13 12:05:45.979 22840 16744 I BuglePipeline: Running Interceptor SendRcsReportBeginMetricsInterceptor. Subject is expected type czvf [CONTEXT work_id="2f1d0552-11c6-44be-833b-52e06c9cfc78" pipeline_type="SendingRcsReportPipeline" ]
[2026-06-13T06:35:48.449Z] [ALL] 06-13 12:05:45.980 22840 16744 I BugleMDD: Retrieved File Group Name: screen_effects, File Count = 26 [CONTEXT PullHandler="TACHYON_REGISTRATION_TYPE_PHONE_NUMBER" ]
[2026-06-13T06:35:48.449Z] [ALL] 06-13 12:05:45.983 22840 16709 I BuglePipeline: Sampled pipeline logging event for pipeline type SendingRcsReportPipeline and pipeline id 2f1d0552-11c6-44be-833b-52e06c9cfc78 [CONTEXT work_id="2f1d0552-11c6-44be-833b-52e06c9cfc78" pipeline_type="SendingRcsReportPipeline" ]
[2026-06-13T06:35:48.449Z] [ALL] 06-13 12:05:45.985 22840 16742 I BuglePipeline: Running Interceptor SendRcsReportMlsSigningInterceptor. Subject is expected type czvf [CONTEXT work_id="2f1d0552-11c6-44be-833b-52e06c9cfc78" pipeline_type="SendingRcsReportPipeline" ]
[2026-06-13T06:35:48.449Z] [ALL] 06-13 12:05:45.985 22840 16780 I ShortcutBadger: Badge counter is supported in this platform.
[2026-06-13T06:35:48.449Z] [ALL] 06-13 12:05:45.985 22840 16742 I BuglePipeline: Running Interceptor SendRcsReportEncryptionInterceptor. Subject is expected type czvf [CONTEXT work_id="2f1d0552-11c6-44be-833b-52e06c9cfc78" pipeline_type="SendingRcsReportPipeline" ]
[2026-06-13T06:35:48.449Z] [ALL] 06-13 12:05:45.989 22840 16742 I BuglePipeline: Running Interceptor SendRcsReportSerializingInterceptor. Subject is expected type czvf [CONTEXT work_id="2f1d0552-11c6-44be-833b-52e06c9cfc78" pipeline_type="SendingRcsReportPipeline" ]
[2026-06-13T06:35:48.449Z] [ALL] 06-13 12:05:45.989 22840 16773 I BugleMDD: Retrieved File Group Name: screen_effects, File Count = 26 [CONTEXT PullHandler="TACHYON_REGISTRATION_TYPE_PHONE_NUMBER" ]
[2026-06-13T06:35:48.449Z] [ALL] 06-13 12:05:45.991 22840 16780 I Bugle   : CopyFileTelephonyPartsCallback: Inserted part has no URI, not copying to local cache, partId: 9099 [CONTEXT PullHandler="TACHYON_REGISTRATION_TYPE_PHONE_NUMBER" ]
[2026-06-13T06:35:48.449Z] [ALL] 06-13 12:05:45.992 22840 16752 I SimSubscriptionInfoRetr: No match for subId SubscriptionId(idValue=4) [CONTEXT work_id="2f1d0552-11c6-44be-833b-52e06c9cfc78" pipeline_type="SendingRcsReportPipeline" ]
[2026-06-13T06:35:48.449Z] [ALL] 06-13 12:05:45.993 22840 16709 I BugleWorkQueue: WorkQueueCancellationController: Cancelled rows with handler and tag, handlerKey: smart_retries_pipeline_work_handler, cancellationTag: SMART_RETRIES_DEDUPLICATION_TAG, itemCount: 0
[2026-06-13T06:35:48.449Z] [ALL] 06-13 12:05:45.993 22840 16742 I BuglePipeline: Running Interceptor PreSendMetricsInterceptor. Subject is expected type czvf [CONTEXT work_id="2f1d0552-11c6-44be-833b-52e06c9cfc78" pipeline_type="SendingRcsReportPipeline" ]
[2026-06-13T06:35:48.449Z] [ALL] 06-13 12:05:45.993 22840 16752 W SimSubscriptionInfoRetr: No SimSubscriptionInfo found in cache for subId SubscriptionId(idValue=4). Looking up cached availability based on the ICCID from SubscriptionMetadataUtils. [CONTEXT work_id="2f1d0552-11c6-44be-833b-52e06c9cfc78" pipeline_type="SendingRcsReportPipeline" ]
[2026-06-13T06:35:48.449Z] [ALL] 06-13 12:05:45.995 22840 16742 I BuglePipeline: Running Interceptor PassToChatApiInterceptor. Subject is expected type czvf [CONTEXT work_id="2f1d0552-11c6-44be-833b-52e06c9cfc78" pipeline_type="SendingRcsReportPipeline" ]
[2026-06-13T06:35:48.517Z] [ALL] 06-13 12:05:46.000 22840 16780 I BugleDatabase: No need to set conversation self ID because it has been set. [CONTEXT conversation_id="1143" self_identity_id="725" PullHandler="TACHYON_REGISTRATION_TYPE_PHONE_NUMBER" ]
[2026-06-13T06:35:48.517Z] [ALL] 06-13 12:05:46.006 22840 16742 I BugleTachygram: Executing outgoing tachygram operation TachygramSendMessageOperation [CONTEXT work_id="2f1d0552-11c6-44be-833b-52e06c9cfc78" pipeline_type="SendingRcsReportPipeline" ]
[2026-06-13T06:35:48.517Z] [ALL] 06-13 12:05:46.007 22840 16742 I BugleTachygram: Sending message. [CONTEXT work_id="2f1d0552-11c6-44be-833b-52e06c9cfc78" pipeline_type="SendingRcsReportPipeline" message_id="Mx=VHMFYGpSlSyyMwpjbT6fQ" conversation_id="32452716-2cd8-3991-9062-3702e252835b" content_type="message/imdn+xml" ]
[2026-06-13T06:35:48.517Z] [ALL] 06-13 12:05:46.014 22840 16779 D WM-GreedyScheduler: Ignoring {WorkSpec: 1404cf32-9c55-4211-b47d-f138d0a0dc69}. Requires device idle.
[2026-06-13T06:35:48.517Z] [ALL] 06-13 12:05:46.014 22840 16779 D WM-GreedyScheduler: Ignoring {WorkSpec: bb6c6375-5ba0-467a-ba14-f481ccc1f641}. Requires ContentUri triggers.
[2026-06-13T06:35:48.517Z] [ALL] 06-13 12:05:46.014 22840 16779 D WM-GreedyScheduler: Ignoring {WorkSpec: b41c8a90-87b2-4543-a989-5421f1e89a9e}. Requires ContentUri triggers.
[2026-06-13T06:35:48.517Z] [ALL] 06-13 12:05:46.014 22840 16779 D WM-GreedyScheduler: Ignoring {WorkSpec: e06f5e5c-5dfc-4089-bebf-cc3459e336f0}. Requires device idle.
[2026-06-13T06:35:48.517Z] [ALL] 06-13 12:05:46.014 22840 16779 D WM-GreedyScheduler: Starting work for ee2f05c5-b39c-4ea4-abf0-5bf68128bfb3
[2026-06-13T06:35:48.517Z] [ALL] 06-13 12:05:46.014 22840 16779 D WM-GreedyScheduler: Starting tracking for c6fdba71-5b75-451c-87a6-b41febe38189
[2026-06-13T06:35:48.517Z] [ALL] 06-13 12:05:46.016 22840 16713 D WM-Processor: swv: processing WorkGenerationalId(workSpecId=ee2f05c5-b39c-4ea4-abf0-5bf68128bfb3, generation=0)
[2026-06-13T06:35:48.517Z] [ALL] 06-13 12:05:46.017 22840 16750 D MddListenableWorkerFactory: createWorker for class: com.google.android.apps.messaging.shared.datamodel.workqueue.WorkQueueWorkerShim
[2026-06-13T06:35:48.517Z] [ALL] 06-13 12:05:46.021 22840 16752 I SimSubscriptionInfoRetr: No match for subId SubscriptionId(idValue=4) [CONTEXT work_id="2f1d0552-11c6-44be-833b-52e06c9cfc78" pipeline_type="SendingRcsReportPipeline" ]
[2026-06-13T06:35:48.517Z] [ALL] 06-13 12:05:46.022 22840 16752 W SimSubscriptionInfoRetr: No SimSubscriptionInfo found in cache for subId SubscriptionId(idValue=4). Looking up cached availability based on the ICCID from SubscriptionMetadataUtils. [CONTEXT work_id="2f1d0552-11c6-44be-833b-52e06c9cfc78" pipeline_type="SendingRcsReportPipeline" ]
[2026-06-13T06:35:48.517Z] [ALL] 06-13 12:05:46.024 22840 22840 D WM-WorkerWrapper: Starting work for com.google.android.apps.messaging.shared.datamodel.workqueue.WorkQueueWorkerShim
[2026-06-13T06:35:48.517Z] [ALL] 06-13 12:05:46.031 22664 22664 D BoundBrokerSvc: onRebind: Intent { act=com.google.android.gms.common.telemetry.service.START dat=chimera-action:/... cmp=com.google.android.gms/.chimera.PersistentApiService }
[2026-06-13T06:35:48.517Z] [ALL] 06-13 12:05:46.039 17004 17004 E Parcel  : Attempt to read from protected data in Parcel 0x7fe85ddab0
[2026-06-13T06:35:48.517Z] [ALL] 06-13 12:05:46.040 17004 17004 E Parcel  : Attempt to read from protected data in Parcel 0x7fe85ddab0
[2026-06-13T06:35:48.517Z] [ALL] 06-13 12:05:46.040 17004 17004 E Parcel  : Attempt to read from protected data in Parcel 0x7fe85ddab0
[2026-06-13T06:35:48.517Z] [ALL] 06-13 12:05:46.040 17004 17004 E Parcel  : Attempt to read from protected data in Parcel 0x7fe85ddab0
[2026-06-13T06:35:48.517Z] [ALL] 06-13 12:05:46.040 17004 17004 E Parcel  : Attempt to read from protected data in Parcel 0x7fe85ddab0
[2026-06-13T06:35:48.517Z] [ALL] 06-13 12:05:46.045 22840 16774 I BugleSending: Finished queuing delivery report. Successful: true [CONTEXT rcs_message_id="RcsMessageIdType:410185360613114111221200_2026-06-13" work_id="2f1d0552-11c6-44be-833b-52e06c9cfc78" ]
[2026-06-13T06:35:48.517Z] [ALL] 06-13 12:05:46.046 22840 16742 I BugleSending: Finished queuing reports for new message. [CONTEXT rcs_message_id="RcsMessageIdType:410185360613114111221200_2026-06-13" work_id="2f1d0552-11c6-44be-833b-52e06c9cfc78" PullHandler="TACHYON_REGISTRATION_TYPE_PHONE_NUMBER" ]
[2026-06-13T06:35:48.517Z] [ALL] 06-13 12:05:46.050 22840 16780 W BugleDataModel: SenderIdentity not found. Unable to downgrade. [CONTEXT PullHandler="TACHYON_REGISTRATION_TYPE_PHONE_NUMBER" ]
[2026-06-13T06:35:48.585Z] [ALL] 06-13 12:05:46.052 22840 16780 I BugleE2eeMls: Received a non-MLS message in a potentially MLS conversation, scheduling a check for downgrade. [CONTEXT rcs_message_id="RcsMessageIdType:410185360613114111221200_2026-06-13" conversation_id="1143" PullHandler="TACHYON_REGISTRATION_TYPE_PHONE_NUMBER" ]
[2026-06-13T06:35:48.585Z] [ALL] 06-13 12:05:46.053 22840 16780 I BugleE2eeMls: Received a non-MLS message in a potentially MLS conversation, checking for downgrade. [CONTEXT rcs_message_id="RcsMessageIdType:410185360613114111221200_2026-06-13" conversation_id="1143" PullHandler="TACHYON_REGISTRATION_TYPE_PHONE_NUMBER" ]
[2026-06-13T06:35:48.585Z] [ALL] 06-13 12:05:46.056 22840 16742 I BugleDataModel: Remote messaging identity is not set for a one-on-one conversation. [CONTEXT conversation_id="1143" message_id="8786" PullHandler="TACHYON_REGISTRATION_TYPE_PHONE_NUMBER" ]
[2026-06-13T06:35:48.585Z] [ALL] 06-13 12:05:46.063 22840 16742 I BugleConversation: No conversation notification settings join found for ConversationId = 1143 [CONTEXT PullHandler="TACHYON_REGISTRATION_TYPE_PHONE_NUMBER" ]
[2026-06-13T06:35:48.585Z] [ALL] 06-13 12:05:46.063 22840 16742 I BugleConversation: No conversation notification settings join found for ConversationId = 1143 [CONTEXT PullHandler="TACHYON_REGISTRATION_TYPE_PHONE_NUMBER" ]
[2026-06-13T06:35:48.585Z] [ALL] 06-13 12:05:46.067 22840 16750 D WM-GreedyScheduler: Ignoring {WorkSpec: 1404cf32-9c55-4211-b47d-f138d0a0dc69}. Requires device idle.
[2026-06-13T06:35:48.585Z] [ALL] 06-13 12:05:46.067 22840 16750 D WM-GreedyScheduler: Ignoring {WorkSpec: bb6c6375-5ba0-467a-ba14-f481ccc1f641}. Requires ContentUri triggers.
[2026-06-13T06:35:48.585Z] [ALL] 06-13 12:05:46.067 22840 16750 D WM-GreedyScheduler: Ignoring {WorkSpec: b41c8a90-87b2-4543-a989-5421f1e89a9e}. Requires ContentUri triggers.
[2026-06-13T06:35:48.585Z] [ALL] 06-13 12:05:46.067 22840 16750 D WM-GreedyScheduler: Ignoring {WorkSpec: e06f5e5c-5dfc-4089-bebf-cc3459e336f0}. Requires device idle.
[2026-06-13T06:35:48.585Z] [ALL] 06-13 12:05:46.068 22840 16750 D WM-GreedyScheduler: Starting work for e55e56c7-c5ad-472e-952a-1eafc16f6b71
[2026-06-13T06:35:48.585Z] [ALL] 06-13 12:05:46.068 22840 16750 D WM-GreedyScheduler: Starting tracking for c6fdba71-5b75-451c-87a6-b41febe38189
[2026-06-13T06:35:48.585Z] [ALL] 06-13 12:05:46.071 22840 16750 D WM-Processor: swv: processing WorkGenerationalId(workSpecId=e55e56c7-c5ad-472e-952a-1eafc16f6b71, generation=0)
[2026-06-13T06:35:48.585Z] [ALL] 06-13 12:05:46.071 22840 16780 I BugleDataModel: Received RCS message. [CONTEXT message_id="8786" rcs_message_id="RcsMessageIdType:410185360613114111221200_2026-06-13" conversation_id="1143" PullHandler="TACHYON_REGISTRATION_TYPE_PHONE_NUMBER" ]
[2026-06-13T06:35:48.585Z] [ALL] 06-13 12:05:46.072 22840 16779 D MddListenableWorkerFactory: createWorker for class: com.google.android.apps.messaging.shared.datamodel.workqueue.WorkQueueWorkerShim
[2026-06-13T06:35:48.585Z] [ALL] 06-13 12:05:46.073 22840 22840 D WM-WorkerWrapper: Starting work for com.google.android.apps.messaging.shared.datamodel.workqueue.WorkQueueWorkerShim
[2026-06-13T06:35:48.585Z] [ALL] 06-13 12:05:46.074 22840 16710 I ParentalControlsClient: Start service package com.google.android.gms
[2026-06-13T06:35:48.585Z] [ALL] 06-13 12:05:46.075 22840 16765 I BugleConversation: Skipping the check for satellite manual connection state due to flag state. [CONTEXT PullHandler="TACHYON_REGISTRATION_TYPE_PHONE_NUMBER" ]
[2026-06-13T06:35:48.585Z] [ALL] 06-13 12:05:46.077 22840 16780 I BugleDataModel: ActionExecutorImpl: ACTION_EXECUTE_QUEUED_InsertRcsMessageInTelephonyAction [CONTEXT PullHandler="TACHYON_REGISTRATION_TYPE_PHONE_NUMBER" ]
[2026-06-13T06:35:48.585Z] [ALL] 06-13 12:05:46.077 22840 16713 I BugleDataModel: running action InsertRcsMessageInTelephonyAction [CONTEXT PullHandler="TACHYON_REGISTRATION_TYPE_PHONE_NUMBER" ]
[2026-06-13T06:35:48.585Z] [ALL] 06-13 12:05:46.077 22840 16780 I BugleDataModel: ActionExecutorImpl: ACTION_EXECUTE_QUEUED_ProcessPendingMessagesAction [CONTEXT PullHandler="TACHYON_REGISTRATION_TYPE_PHONE_NUMBER" ]
[2026-06-13T06:35:48.585Z] [ALL] 06-13 12:05:46.077 22840 16713 I BugleDataModel: ActionExecutorImpl: ACTION_BACKGROUND_QUEUED_InsertRcsMessageInTelephonyAction [CONTEXT PullHandler="TACHYON_REGISTRATION_TYPE_PHONE_NUMBER" ]
[2026-06-13T06:35:48.585Z] [ALL] 06-13 12:05:46.078 22840 16713 I BugleDataModel: finished running action InsertRcsMessageInTelephonyAction in 0 ms [CONTEXT PullHandler="TACHYON_REGISTRATION_TYPE_PHONE_NUMBER" ]
[2026-06-13T06:35:48.585Z] [ALL] 06-13 12:05:46.078 22840 16713 I BugleDataModel: running action ProcessPendingMessagesAction [CONTEXT PullHandler="TACHYON_REGISTRATION_TYPE_PHONE_NUMBER" ]
[2026-06-13T06:35:48.585Z] [ALL] 06-13 12:05:46.084 22840 16713 I BugleDataModel: PendingMessagesProcessor process from ProcessPendingMessagesAction due to rcs received  with delay 0s with queues smsMessagesToSend:0 mmsMessagesToSend:0 rcsMessagesToSend:0 rcsFTMessagesToSend:0 messagesToDownload:0 [CONTEXT PullHandler="TACHYON_REGISTRATION_TYPE_PHONE_NUMBER" ]
[2026-06-13T06:35:48.585Z] [ALL] 06-13 12:05:46.084 22840 16713 I BugleDataModel: Cleared next retry time for channel: rcs_send including counter [CONTEXT PullHandler="TACHYON_REGISTRATION_TYPE_PHONE_NUMBER" ]
[2026-06-13T06:35:48.585Z] [ALL] 06-13 12:05:46.084 22840 16713 I BugleDataModel: finished running action ProcessPendingMessagesAction in 6 ms [CONTEXT PullHandler="TACHYON_REGISTRATION_TYPE_PHONE_NUMBER" ]
[2026-06-13T06:35:48.585Z] [ALL] 06-13 12:05:46.086 22840 16780 I SimSubscriptionInfoRetr: No match for subId SubscriptionId(idValue=4) [CONTEXT PullHandler="TACHYON_REGISTRATION_TYPE_PHONE_NUMBER" ]
[2026-06-13T06:35:48.585Z] [ALL] 06-13 12:05:46.086 22840 16780 W SimSubscriptionInfoRetr: No SimSubscriptionInfo found in cache for subId SubscriptionId(idValue=4). Looking up cached availability based on the ICCID from SubscriptionMetadataUtils. [CONTEXT PullHandler="TACHYON_REGISTRATION_TYPE_PHONE_NUMBER" ]
[2026-06-13T06:35:48.585Z] [ALL] 06-13 12:05:46.086 22840 16769 I BugleNotifications: ConversationNotificationHandler is triggered, with IncomingMessageNotificationWorkItemParameters.size=1 [CONTEXT PullHandler="TACHYON_REGISTRATION_TYPE_PHONE_NUMBER" ]
[2026-06-13T06:35:48.585Z] [ALL] 06-13 12:05:46.090 22840 16780 I SimSubscriptionInfoRetr: No match for subId SubscriptionId(idValue=4) [CONTEXT PullHandler="TACHYON_REGISTRATION_TYPE_PHONE_NUMBER" ]
[2026-06-13T06:35:48.585Z] [ALL] 06-13 12:05:46.090 22840 16780 W SimSubscriptionInfoRetr: No SimSubscriptionInfo found in cache for subId SubscriptionId(idValue=4). Looking up cached availability based on the ICCID from SubscriptionMetadataUtils. [CONTEXT PullHandler="TACHYON_REGISTRATION_TYPE_PHONE_NUMBER" ]
[2026-06-13T06:35:48.585Z] [ALL] 06-13 12:05:46.092 22840 16780 I BugleUsageStatistics: UsageStatistics: Logging message sent or received async message{id:8786} rcsMessage{id:410185360613114111221200_2026-06-13} {x-message-id:-6200233005618414666} [CONTEXT PullHandler="TACHYON_REGISTRATION_TYPE_PHONE_NUMBER" ]
[2026-06-13T06:35:48.585Z] [ALL] 06-13 12:05:46.098 22664 22664 D BoundBrokerSvc: onBind: Intent { act=com.google.android.gms.kids.parentalcontrols.service.START pkg=com.google.android.gms }
[2026-06-13T06:35:48.585Z] [ALL] 06-13 12:05:46.098 22664 22664 D BoundBrokerSvc: Loading bound service for intent: Intent { act=com.google.android.gms.kids.parentalcontrols.service.START pkg=com.google.android.gms }
[2026-06-13T06:35:48.585Z] [ALL] 06-13 12:05:46.098 22664 22664 I BndSvcConfigHelper: No bound-service is registered for action: com.google.android.gms.kids.parentalcontrols.service.START
[2026-06-13T06:35:48.585Z] [ALL] 06-13 12:05:46.098 22664 22664 I BoundBrokerSvc: Bound service not available for: Intent { act=com.google.android.gms.kids.parentalcontrols.service.START pkg=com.google.android.gms }
[2026-06-13T06:35:48.585Z] [ALL] 06-13 12:05:46.100 22664 22720 I GmsApiChimeraSvc: Using MissingApiServiceBroker for com.google.android.gms.kids.parentalcontrols.service.START due to missing BoundService implementation
[2026-06-13T06:35:48.585Z] [ALL] 06-13 12:05:46.101 22840 16710 W GoogleApiManager: Not showing notification since connectionResult is not user-facing: ConnectionResult{statusCode=API_UNAVAILABLE, resolution=null, message=null, clientMethodKey=null}
[2026-06-13T06:35:48.585Z] [ALL] 06-13 12:05:46.101 22840 22840 I ParentalControlsClient: failedToCall: Has failed to connect .
[2026-06-13T06:35:48.585Z] [ALL] 06-13 12:05:46.101 22840 22840 I ParentalControlsClient: dvym: 17: API: ParentalControls.API is not available on this device. Connection failed with: ConnectionResult{statusCode=API_UNAVAILABLE, resolution=null, message=null, clientMethodKey=null}
[2026-06-13T06:35:48.585Z] [ALL] 06-13 12:05:46.101 22840 22840 I ParentalControlsClient: 	at dvzo.e(PG:3)
[2026-06-13T06:35:48.585Z] [ALL] 06-13 12:05:46.101 22840 22840 I ParentalControlsClient: 	at dwav.q(PG:48)
[2026-06-13T06:35:48.585Z] [ALL] 06-13 12:05:46.101 22840 22840 I ParentalControlsClient: 	at dwav.d(PG:10)
[2026-06-13T06:35:48.585Z] [ALL] 06-13 12:05:46.101 22840 22840 I ParentalControlsClient: 	at dwav.g(PG:160)
[2026-06-13T06:35:48.585Z] [ALL] 06-13 12:05:46.101 22840 22840 I ParentalControlsClient: 	at dwav.onConnectionFailed(PG:2)
[2026-06-13T06:35:48.585Z] [ALL] 06-13 12:05:46.101 22840 22840 I ParentalControlsClient: 	at dwee.a(PG:3)
[2026-06-13T06:35:48.585Z] [ALL] 06-13 12:05:46.101 22840 22840 I ParentalControlsClient: 	at dwdl.a(PG:7)
[2026-06-13T06:35:48.585Z] [ALL] 06-13 12:05:46.101 22840 22840 I ParentalControlsClient: 	at dwdf.c(PG:52)
[2026-06-13T06:35:48.585Z] [ALL] 06-13 12:05:46.101 22840 22840 I ParentalControlsClient: 	at dwdg.handleMessage(PG:266)
[2026-06-13T06:35:48.585Z] [ALL] 06-13 12:05:46.101 22840 22840 I ParentalControlsClient: 	at android.os.Handler.dispatchMessage(Handler.java:106)
[2026-06-13T06:35:48.585Z] [ALL] 06-13 12:05:46.101 22840 22840 I ParentalControlsClient: 	at dxlq.b(PG:1)
[2026-06-13T06:35:48.585Z] [ALL] 06-13 12:05:46.101 22840 22840 I ParentalControlsClient: 	at dxlq.dispatchMessage(PG:1)
[2026-06-13T06:35:48.585Z] [ALL] 06-13 12:05:46.101 22840 22840 I ParentalControlsClient: 	at android.os.Looper.loopOnce(Looper.java:240)
[2026-06-13T06:35:48.585Z] [ALL] 06-13 12:05:46.101 22840 22840 I ParentalControlsClient: 	at android.os.Looper.loop(Looper.java:351)
[2026-06-13T06:35:48.585Z] [ALL] 06-13 12:05:46.101 22840 22840 I ParentalControlsClient: 	at android.os.HandlerThread.run(HandlerThread.java:67)
[2026-06-13T06:35:48.585Z] [ALL] 06-13 12:05:46.101 22840 22840 I ParentalControlsClient: withKidsModule: failed to call, noKidsModule: true
[2026-06-13T06:35:48.585Z] [ALL] 06-13 12:05:46.101 22840 22840 I ParentalControlsClient: registerParentalControlsListener: not present, ignoring
[2026-06-13T06:35:48.585Z] [ALL] 06-13 12:05:46.102 22840 16778 I BugleSelfIdentity: Active SelfIdentities [SelfIdentity{id:725, subIds: [4]}, SelfIdentity{id:743, subIds: [5]}] [CONTEXT PullHandler="TACHYON_REGISTRATION_TYPE_PHONE_NUMBER" ]
[2026-06-13T06:35:48.585Z] [ALL] 06-13 12:05:46.104 22840 16712 I BugleTrustedContacts: Successfully registered the listener. [CONTEXT class_name="TrustedContactsSyncManager" ]
[2026-06-13T06:35:48.585Z] [ALL] 06-13 12:05:46.104 22840 16712 I BugleConversation: Current active self identity: SIM1, id = 725 [CONTEXT PullHandler="TACHYON_REGISTRATION_TYPE_PHONE_NUMBER" ]
[2026-06-13T06:35:48.585Z] [ALL] 06-13 12:05:46.105 17009 17009 E Parcel  : Attempt to read from protected data in Parcel 0x7fd732ef60
[2026-06-13T06:35:48.585Z] [ALL] 06-13 12:05:46.106 17009 17009 E Parcel  : Attempt to read from protected data in Parcel 0x7fd732ef60
[2026-06-13T06:35:48.585Z] [ALL] 06-13 12:05:46.106 17009 17009 E Parcel  : Attempt to read from protected data in Parcel 0x7fd732ef60
[2026-06-13T06:35:48.585Z] [ALL] 06-13 12:05:46.106 17009 17009 E Parcel  : Attempt to read from protected data in Parcel 0x7fd732ef60
[2026-06-13T06:35:48.585Z] [ALL] 06-13 12:05:46.106 17009 17009 E Parcel  : Attempt to read from protected data in Parcel 0x7fd732ef60
[2026-06-13T06:35:48.585Z] [ALL] 06-13 12:05:46.108 22840 16769 D WM-GreedyScheduler: Ignoring {WorkSpec: 1404cf32-9c55-4211-b47d-f138d0a0dc69}. Requires device idle.
[2026-06-13T06:35:48.585Z] [ALL] 06-13 12:05:46.108 22840 16769 D WM-GreedyScheduler: Ignoring {WorkSpec: bb6c6375-5ba0-467a-ba14-f481ccc1f641}. Requires ContentUri triggers.
[2026-06-13T06:35:48.585Z] [ALL] 06-13 12:05:46.108 22840 16769 D WM-GreedyScheduler: Ignoring {WorkSpec: b41c8a90-87b2-4543-a989-5421f1e89a9e}. Requires ContentUri triggers.
[2026-06-13T06:35:48.585Z] [ALL] 06-13 12:05:46.108 22840 16769 D WM-GreedyScheduler: Ignoring {WorkSpec: e06f5e5c-5dfc-4089-bebf-cc3459e336f0}. Requires device idle.
[2026-06-13T06:35:48.585Z] [ALL] 06-13 12:05:46.108 22840 16769 D WM-GreedyScheduler: Starting work for 679767a9-86f2-476d-9ca0-1cb421629f66
[2026-06-13T06:35:48.585Z] [ALL] 06-13 12:05:46.108 22840 16769 D WM-GreedyScheduler: Starting tracking for c6fdba71-5b75-451c-87a6-b41febe38189
[2026-06-13T06:35:48.647Z] [ALL] 06-13 12:05:46.109 22840 16769 D WM-Processor: swv: processing WorkGenerationalId(workSpecId=679767a9-86f2-476d-9ca0-1cb421629f66, generation=0)
[2026-06-13T06:35:48.647Z] [ALL] 06-13 12:05:46.110 13227 13408 I appium  : Took 0ms to retrieve 0 matches for '//*[@resource-id="nav_item_profile" or @content-desc="nav_item_profile"]' XPath2 query
[2026-06-13T06:35:48.647Z] [ALL] 06-13 12:05:46.111 13227 13408 I appium  : AppiumResponse: {"sessionId":"1d958382-6c27-4154-8ae4-4950394a5bc8","value":{"error":"no such element","message":"An element could not be located on the page using the given search parameters","stacktrace":"io.appium.uiautomator2.common.exceptions.ElementNotFoundException: An element could not be located on the page using the given search parameters\n\tat io.appium.uiautomator2.utils.ElementLocationHelpers.findElement(ElementLocationHelpers.java:153)\n\tat io.appium.uiautomator2.handler.FindElement.safeHandle(FindElement.java:60)\n\tat io.appium.uiautomator2.handler.request.SafeRequestHandler.handle(SafeRequestHandler.java:59)\n\tat io.appium.uiautomator2.server.AppiumServlet.handleRequest(AppiumServlet.java:267)\n\tat io.appium.uiautomator2.server.AppiumServlet.handleHttpRequest(AppiumServlet.java:261)\n\tat io.appium.uiautomator2.http.ServerHandler.channelRead(ServerHandler.java:77)\n\tat io.netty.channel.AbstractChannelHandlerContext.fireChannelRead(AbstractChannelHandlerContext.java:357)\n\tat io.netty.handler.codec.MessageToMessageDecoder.channelRead(MessageToMessageDecoder.java:107)\n\tat io.netty.channel.AbstractChannelHandlerContext.fireChannelRead(AbstractChannelHandlerContext.java:357)\n\tat io.netty.channel.CombinedChannelDuplexHandler$DelegatingChannelHandlerContext.fireChannelRead(CombinedChannelDuplexHandler.java:434)\n\tat io.netty.handler.codec.ByteToMessageDecoder.fireChannelRead(ByteToMessageDecoder.java:361)\n\tat io.netty.handler.codec.ByteToMessageDecoder.channelRead(ByteToMessageDecoder.java:325)\n\tat io.netty.channel.CombinedChannelDuplexHandler.channelRead(CombinedChannelDuplexHandler.java:249)\n\tat io.netty.channel.AbstractChannelHandlerContext.fireChannelRead(AbstractChannelHandlerContext.java:355)\n\tat io.netty.handler.timeout.IdleStateHandler.channelRead(IdleStateHandler.java:288)\n\tat io.netty.channel.AbstractChannelHandlerContext.fireChannelRead(AbstractChannelHandlerContext.java:355)\n\tat io.netty.channel.DefaultChannelPipeline$HeadContext.channelRead(DefaultChannelPipeline.java:1429)\n\tat io.netty.channel.DefaultChannelPipeline.fireChannelRead(DefaultChannelPipeline.java:918)\n\tat io.netty.channel.nio.AbstractNioByteChannel$NioByteUnsafe.read(AbstractNioByteChannel.java:176)\n\tat io.netty.channel.nio.AbstractNioChannel$AbstractNioUnsafe.handle(AbstractNioChannel.java:445)\n\tat io.netty.channel.nio.NioIoHandler$DefaultNioRegistration.handle(NioIoHandler.java:388)\n\tat io.netty.channel.nio.NioIoHandler.processSelectedKey(NioIoHandler.java:596)\n\tat io.netty.channel.nio.NioIoHandler.processSelectedKeysOptimized(NioIoHandler.java:571)\n\tat io.netty.channel.nio.NioIoHandler.processSelectedKeys(NioIoHandler.java:512)\n\tat io.netty.channel.nio.NioIoHandler.run(NioIoHandler.java:484)\n\tat io.netty.channel.SingleThreadIoEventLoop.runIo(SingleThreadIoEventLoop.java:225)\n\tat io.netty.channel.SingleThreadIoEventLoop.run(SingleThreadIoEventLoop.java:196)\n\tat io.netty.util.concurrent.SingleThreadEventExecutor$5.run(SingleThreadEventExecutor.java:1195)\n\tat io.netty.util.internal.ThreadExecutorMap$2.run(ThreadExecutorMap.java:74)\n\tat io.netty.util.concurrent.FastThreadLocalRunnable.run(FastThreadLocalRunnable.java:30)\n\tat java.lang.Thread.run(Thread.java:1572)\n"}}
[2026-06-13T06:35:48.647Z] [ALL] 06-13 12:05:46.115 22840 16712 D MddListenableWorkerFactory: createWorker for class: com.google.android.apps.messaging.shared.datamodel.workqueue.WorkQueueWorkerShim
[2026-06-13T06:35:48.647Z] [ALL] 06-13 12:05:46.117 22840 16773 I BugleConversation: No conversation notification settings join found for ConversationId = 1143 [CONTEXT PullHandler="TACHYON_REGISTRATION_TYPE_PHONE_NUMBER" ]
[2026-06-13T06:35:48.647Z] [ALL] 06-13 12:05:46.117 22840 16773 I BugleConversation: No conversation notification settings join found for ConversationId = 1143 [CONTEXT PullHandler="TACHYON_REGISTRATION_TYPE_PHONE_NUMBER" ]
[2026-06-13T06:35:48.647Z] [ALL] 06-13 12:05:46.118 22840 22840 D WM-WorkerWrapper: Starting work for com.google.android.apps.messaging.shared.datamodel.workqueue.WorkQueueWorkerShim
[2026-06-13T06:35:48.647Z] [ALL] 06-13 12:05:46.122 22840 16747 I Bugle   : Created contact name sbi_cards_and_payment_services_oijab7ka_agent__AT__rbm.goog_;_SBI CARDS AND PAYMENT SERVICES_;_#000000@bot.rcs.google.com [CONTEXT PullHandler="TACHYON_REGISTRATION_TYPE_PHONE_NUMBER" ]
[2026-06-13T06:35:48.647Z] [ALL] 06-13 12:05:46.124 22840 16774 I BugleE2eeMls: MLS downgrade check is done; the conversation is not MLS. [CONTEXT rcs_message_id="RcsMessageIdType:410185360613114111221200_2026-06-13" conversation_id="1143" PullHandler="TACHYON_REGISTRATION_TYPE_PHONE_NUMBER" ]
[2026-06-13T06:35:48.647Z] [ALL] 06-13 12:05:46.125 22840 16765 I BugleTrustedContacts: No allowlist change. No work required. Hash: null [CONTEXT class_name="TrustedContactsSyncManager" ]
[2026-06-13T06:35:48.647Z] [ALL] 06-13 12:05:46.125 22840 16773 I BugleConversation: Skipping the check for satellite manual connection state due to flag state. [CONTEXT PullHandler="TACHYON_REGISTRATION_TYPE_PHONE_NUMBER" ]
[2026-06-13T06:35:48.647Z] [ALL] 06-13 12:05:46.129 22840 16773 I BugleMDD: Retrieved File Group is null [CONTEXT PullHandler="TACHYON_REGISTRATION_TYPE_PHONE_NUMBER" ]
[2026-06-13T06:35:48.647Z] [ALL] 06-13 12:05:46.129 22840 16765 I BugleMDD: Retrieved File Group Name: text_classifier, File Count = 1 [CONTEXT PullHandler="TACHYON_REGISTRATION_TYPE_PHONE_NUMBER" ]
[2026-06-13T06:35:48.647Z] [ALL] 06-13 12:05:46.137 22840 16710 W .apps.messaging: Monitor::Inflate: Install failed 0x4679758
[2026-06-13T06:35:48.647Z] [ALL] 06-13 12:05:46.137 22840 16779 D nativeloader: Load libtextclassifier3_jni_agsa.so using class loader ns clns-7 (caller=/data/app/~~MXODY8esPOHCMvXP1D9I9w==/com.google.android.apps.messaging-l56GFKh0o94BWlbGb41_iw==/base.apk!classes3.dex): dlopen failed: library "libtextclassifier3_jni_agsa.so" not found
[2026-06-13T06:35:48.647Z] [ALL] 06-13 12:05:46.138 22840 16752 D WM-GreedyScheduler: Ignoring {WorkSpec: 1404cf32-9c55-4211-b47d-f138d0a0dc69}. Requires device idle.
[2026-06-13T06:35:48.647Z] [ALL] 06-13 12:05:46.138 22840 16752 D WM-GreedyScheduler: Ignoring {WorkSpec: bb6c6375-5ba0-467a-ba14-f481ccc1f641}. Requires ContentUri triggers.
[2026-06-13T06:35:48.647Z] [ALL] 06-13 12:05:46.138 22840 16752 D WM-GreedyScheduler: Ignoring {WorkSpec: b41c8a90-87b2-4543-a989-5421f1e89a9e}. Requires ContentUri triggers.
[2026-06-13T06:35:48.647Z] [ALL] 06-13 12:05:46.138 22840 16752 D WM-GreedyScheduler: Ignoring {WorkSpec: e06f5e5c-5dfc-4089-bebf-cc3459e336f0}. Requires device idle.
[2026-06-13T06:35:48.647Z] [ALL] 06-13 12:05:46.138 22840 16752 D WM-GreedyScheduler: Starting work for 12066e6b-3052-4294-9917-8f20f13f107b
[2026-06-13T06:35:48.647Z] [ALL] 06-13 12:05:46.138 22840 16752 D WM-GreedyScheduler: Starting tracking for c6fdba71-5b75-451c-87a6-b41febe38189
[2026-06-13T06:35:48.647Z] [ALL] 06-13 12:05:46.142 22840 16779 D nativeloader: Load libtextclassifier3_jni_aiai.so using class loader ns clns-7 (caller=/data/app/~~MXODY8esPOHCMvXP1D9I9w==/com.google.android.apps.messaging-l56GFKh0o94BWlbGb41_iw==/base.apk!classes3.dex): dlopen failed: library "libtextclassifier3_jni_aiai.so" not found
[2026-06-13T06:35:48.647Z] [ALL] 06-13 12:05:46.145 22840 16751 D WM-GreedyScheduler: Ignoring {WorkSpec: 1404cf32-9c55-4211-b47d-f138d0a0dc69}. Requires device idle.
[2026-06-13T06:35:48.647Z] [ALL] 06-13 12:05:46.145 22840 16751 D WM-GreedyScheduler: Ignoring {WorkSpec: bb6c6375-5ba0-467a-ba14-f481ccc1f641}. Requires ContentUri triggers.
[2026-06-13T06:35:48.647Z] [ALL] 06-13 12:05:46.145 22840 16751 D WM-GreedyScheduler: Ignoring {WorkSpec: b41c8a90-87b2-4543-a989-5421f1e89a9e}. Requires ContentUri triggers.
[2026-06-13T06:35:48.647Z] [ALL] 06-13 12:05:46.145 22840 16751 D WM-GreedyScheduler: Ignoring {WorkSpec: e06f5e5c-5dfc-4089-bebf-cc3459e336f0}. Requires device idle.
[2026-06-13T06:35:48.647Z] [ALL] 06-13 12:05:46.145 22840 16751 D WM-GreedyScheduler: Starting tracking for 915abb84-1ead-4fdb-96f0-d9f87522be9b,c6fdba71-5b75-451c-87a6-b41febe38189
[2026-06-13T06:35:48.647Z] [ALL] 06-13 12:05:46.147 22840 16713 I BugleSelfIdentity: Active SelfIdentities [SelfIdentity{id:725, subIds: [4]}, SelfIdentity{id:743, subIds: [5]}] [CONTEXT PullHandler="TACHYON_REGISTRATION_TYPE_PHONE_NUMBER" ]
[2026-06-13T06:35:48.647Z] [ALL] 06-13 12:05:46.152 22840 16751 D WM-Processor: swv: processing WorkGenerationalId(workSpecId=12066e6b-3052-4294-9917-8f20f13f107b, generation=0)
[2026-06-13T06:35:48.647Z] [ALL] 06-13 12:05:46.152 22840 16749 I SimSubscriptionInfoRetr: No match for subId SubscriptionId(idValue=4) [CONTEXT PullHandler="TACHYON_REGISTRATION_TYPE_PHONE_NUMBER" ]
[2026-06-13T06:35:48.647Z] [ALL] 06-13 12:05:46.152 22840 16749 W SimSubscriptionInfoRetr: No SimSubscriptionInfo found in cache for subId SubscriptionId(idValue=4). Looking up cached availability based on the ICCID from SubscriptionMetadataUtils. [CONTEXT PullHandler="TACHYON_REGISTRATION_TYPE_PHONE_NUMBER" ]
[2026-06-13T06:35:48.647Z] [ALL] 06-13 12:05:46.155 22840 16751 D MddListenableWorkerFactory: createWorker for class: com.google.android.apps.messaging.shared.datamodel.workqueue.WorkQueueWorkerShim
[2026-06-13T06:35:48.647Z] [ALL] 06-13 12:05:46.157 22840 16779 D nativeloader: Load libtextclassifier3_jni_aosp.so using class loader ns clns-7 (caller=/data/app/~~MXODY8esPOHCMvXP1D9I9w==/com.google.android.apps.messaging-l56GFKh0o94BWlbGb41_iw==/base.apk!classes3.dex): dlopen failed: library "libtextclassifier3_jni_aosp.so" not found
[2026-06-13T06:35:48.647Z] [ALL] 06-13 12:05:46.159 22840 16772 I Bugle   : PwqForwardSyncEngineStarter: PwqForwardSyncEngine started without an explicit request. [CONTEXT PullHandler="TACHYON_REGISTRATION_TYPE_PHONE_NUMBER" ]
[2026-06-13T06:35:48.647Z] [ALL] 06-13 12:05:46.160 22840 16773 I Bugle   : Completed action for BasicTextMessage from Persistent Work Queue. [CONTEXT rcs_message_id="RcsMessageIdType:410185360613114111221200_2026-06-13" conversation_id="-1" PullHandler="TACHYON_REGISTRATION_TYPE_PHONE_NUMBER" ]
[2026-06-13T06:35:48.647Z] [ALL] 06-13 12:05:46.161 22840 16773 I BuglePipeline: Skipping Interceptor IncomingChatApiProcessingInterceptor. Received subject of type czmj [CONTEXT PullHandler="TACHYON_REGISTRATION_TYPE_PHONE_NUMBER" ]
[2026-06-13T06:35:48.647Z] [ALL] 06-13 12:05:46.161 22840 16773 I BuglePipeline: Finished pipeline execution. Result: SUCCESS [CONTEXT PullHandler="TACHYON_REGISTRATION_TYPE_PHONE_NUMBER" ]
[2026-06-13T06:35:48.647Z] [ALL] 06-13 12:05:46.161 22840 16779 D nativeloader: Load libtextclassifier3_jni_gmscore.so using class loader ns clns-7 (caller=/data/app/~~MXODY8esPOHCMvXP1D9I9w==/com.google.android.apps.messaging-l56GFKh0o94BWlbGb41_iw==/base.apk!classes3.dex): dlopen failed: library "libtextclassifier3_jni_gmscore.so" not found
[2026-06-13T06:35:48.647Z] [ALL] 06-13 12:05:46.162 22840 22840 D WM-WorkerWrapper: Starting work for com.google.android.apps.messaging.shared.datamodel.workqueue.WorkQueueWorkerShim
[2026-06-13T06:35:48.647Z] [ALL] 06-13 12:05:46.163 22840 16742 I BugleNetwork: InboxMessageDispatcherImpl: Handled message messageId: 410185360613114111221200_2026-06-13 shouldAck: true [CONTEXT PullHandler="TACHYON_REGISTRATION_TYPE_PHONE_NUMBER" ]
[2026-06-13T06:35:48.647Z] [ALL] 06-13 12:05:46.164 22840 16768 I BugleSelfIdentity: Active SelfIdentities [SelfIdentity{id:725, subIds: [4]}, SelfIdentity{id:743, subIds: [5]}] [CONTEXT PullHandler="TACHYON_REGISTRATION_TYPE_PHONE_NUMBER" ]
[2026-06-13T06:35:48.647Z] [ALL] 06-13 12:05:46.164 22840 16772 I BuglePipeline: Sampled pipeline logging event for pipeline type ReceivingRcsPipeline and pipeline id d609759d-bd7f-4a47-a35a-9e4d4b43aa82 [CONTEXT PullHandler="TACHYON_REGISTRATION_TYPE_PHONE_NUMBER" ]
[2026-06-13T06:35:48.647Z] [ALL] 06-13 12:05:46.165 22840 16779 D nativeloader: Load libtextclassifier3_jni_google3.so using class loader ns clns-7 (caller=/data/app/~~MXODY8esPOHCMvXP1D9I9w==/com.google.android.apps.messaging-l56GFKh0o94BWlbGb41_iw==/base.apk!classes3.dex): dlopen failed: library "libtextclassifier3_jni_google3.so" not found
[2026-06-13T06:35:48.647Z] [ALL] 06-13 12:05:46.165 22840 16749 I SimSubscriptionInfoRetr: No match for subId SubscriptionId(idValue=4) [CONTEXT PullHandler="TACHYON_REGISTRATION_TYPE_PHONE_NUMBER" ]
[2026-06-13T06:35:48.647Z] [ALL] 06-13 12:05:46.165 22840 16749 W SimSubscriptionInfoRetr: No SimSubscriptionInfo found in cache for subId SubscriptionId(idValue=4). Looking up cached availability based on the ICCID from SubscriptionMetadataUtils. [CONTEXT PullHandler="TACHYON_REGISTRATION_TYPE_PHONE_NUMBER" ]
[2026-06-13T06:35:48.647Z] [ALL] 06-13 12:05:46.165 22840 16750 I BugleSelfIdentity: Active SelfIdentities [SelfIdentity{id:725, subIds: [4]}, SelfIdentity{id:743, subIds: [5]}] [CONTEXT PullHandler="TACHYON_REGISTRATION_TYPE_PHONE_NUMBER" ]
[2026-06-13T06:35:48.647Z] [ALL] 06-13 12:05:46.170 22840 16765 I BugleConversation: Returning conversation with id = 1143. [CONTEXT PullHandler="TACHYON_REGISTRATION_TYPE_PHONE_NUMBER" ]
[2026-06-13T06:35:48.647Z] [ALL] 06-13 12:05:46.170 22840 16751 I BugleSpam: SpamRejectionHandler: Skipping classification because sender is rbm bot [CONTEXT PullHandler="TACHYON_REGISTRATION_TYPE_PHONE_NUMBER" ]
[2026-06-13T06:35:48.647Z] [ALL] 06-13 12:05:46.171 22840 16768 I BugleConversation: Current active self identity: SIM1, id = 725 [CONTEXT PullHandler="TACHYON_REGISTRATION_TYPE_PHONE_NUMBER" ]
[2026-06-13T06:35:48.708Z] [ALL] 06-13 12:05:46.172 22840 16780 D WM-WorkConstraintsTrack: NetworkRequestConstraintController send initial capabilities
[2026-06-13T06:35:48.708Z] [ALL] 06-13 12:05:46.173 22840 16780 I <unknown class>: Devices not under supervision, conversation notification should always be posted. [CONTEXT class_name="ConversationTrustedContactsApi" ratelimit_period="1 MINUTES" PullHandler="TACHYON_REGISTRATION_TYPE_PHONE_NUMBER" ]
[2026-06-13T06:35:48.708Z] [ALL] 06-13 12:05:46.175 22840 16713 I BugleSpam: ConversationScamProtection: called [CONTEXT PullHandler="TACHYON_REGISTRATION_TYPE_PHONE_NUMBER" ]
[2026-06-13T06:35:48.708Z] [ALL] 06-13 12:05:46.176 22840 16778 D WM-GreedyScheduler: Ignoring {WorkSpec: 1404cf32-9c55-4211-b47d-f138d0a0dc69}. Requires device idle.
[2026-06-13T06:35:48.708Z] [ALL] 06-13 12:05:46.176 22840 16778 D WM-GreedyScheduler: Ignoring {WorkSpec: bb6c6375-5ba0-467a-ba14-f481ccc1f641}. Requires ContentUri triggers.
[2026-06-13T06:35:48.708Z] [ALL] 06-13 12:05:46.176 22840 16778 D WM-GreedyScheduler: Ignoring {WorkSpec: b41c8a90-87b2-4543-a989-5421f1e89a9e}. Requires ContentUri triggers.
[2026-06-13T06:35:48.708Z] [ALL] 06-13 12:05:46.176 22840 16795 I cn_CronetUrlRequestContext: destroyNativeStreamLocked org.chromium.net.impl.CronetBidirectionalStream@8d1a18b
[2026-06-13T06:35:48.708Z] [ALL] 06-13 12:05:46.176 22840 16778 D WM-GreedyScheduler: Ignoring {WorkSpec: e06f5e5c-5dfc-4089-bebf-cc3459e336f0}. Requires device idle.
[2026-06-13T06:35:48.708Z] [ALL] 06-13 12:05:46.176 22840 16778 D WM-GreedyScheduler: Starting work for 637114aa-03e2-4f53-a289-c44495427691
[2026-06-13T06:35:48.708Z] [ALL] 06-13 12:05:46.176 22840 16778 D WM-GreedyScheduler: Starting tracking for 915abb84-1ead-4fdb-96f0-d9f87522be9b,c6fdba71-5b75-451c-87a6-b41febe38189
[2026-06-13T06:35:48.708Z] [ALL] 06-13 12:05:46.177 22840 16751 I BugleNotifications: queueDefaultNotification for conversationId=1143, isSilent=false, shouldPostNotificationBasedOnParentalApproval=POST_INCOMING_MESSAGE_NOTIFICATION [CONTEXT class_name="QueueStrategyDefault" PullHandler="TACHYON_REGISTRATION_TYPE_PHONE_NUMBER" ]
[2026-06-13T06:35:48.708Z] [ALL] 06-13 12:05:46.177 22840 16765 I BugleTachygram: Executed outgoing tachygram operation TachygramSendMessageOperation, latency[ms]=171 [CONTEXT work_id="2f1d0552-11c6-44be-833b-52e06c9cfc78" pipeline_type="SendingRcsReportPipeline" ]
[2026-06-13T06:35:48.708Z] [ALL] 06-13 12:05:46.177 22840 16765 I BugleTachygram: TachygramTransport has successfully processed message sending. [CONTEXT work_id="2f1d0552-11c6-44be-833b-52e06c9cfc78" pipeline_type="SendingRcsReportPipeline" message_id="Mx=VHMFYGpSlSyyMwpjbT6fQ" conversation_id="32452716-2cd8-3991-9062-3702e252835b" content_type="message/imdn+xml" ]
[2026-06-13T06:35:48.708Z] [ALL] 06-13 12:05:46.178 22840 16765 I BugleTachygram: Message revocation not supported. We are not talking to a one to one recipient. [CONTEXT work_id="2f1d0552-11c6-44be-833b-52e06c9cfc78" pipeline_type="SendingRcsReportPipeline" chat_endpoint_type="3" ]
[2026-06-13T06:35:48.708Z] [ALL] 06-13 12:05:46.181 22840 16713 I BugleSpam: ConversationScamProtection: Protection is disabled. [CONTEXT PullHandler="TACHYON_REGISTRATION_TYPE_PHONE_NUMBER" ]
[2026-06-13T06:35:48.708Z] [ALL] 06-13 12:05:46.181 22840 16751 I BugleNotifications: queued notification work item for conversation 1143 [CONTEXT PullHandler="TACHYON_REGISTRATION_TYPE_PHONE_NUMBER" ]
[2026-06-13T06:35:48.708Z] [ALL] 06-13 12:05:46.183 22840 16778 D WM-GreedyScheduler: Constraints met: Scheduling work ID WorkGenerationalId(workSpecId=915abb84-1ead-4fdb-96f0-d9f87522be9b, generation=0)
[2026-06-13T06:35:48.708Z] [ALL] 06-13 12:05:46.187 22840 16773 I BugleNetwork: RegistrationProvider: Getting Tachyon registration [CONTEXT PullHandler="TACHYON_REGISTRATION_TYPE_PHONE_NUMBER" ]
[2026-06-13T06:35:48.708Z] [ALL] 06-13 12:05:46.187 22840 16742 I BuglePipeline: Running Interceptor SendRcsReportResultLoggingInterceptor. Subject is expected type czvf [CONTEXT work_id="2f1d0552-11c6-44be-833b-52e06c9cfc78" pipeline_type="SendingRcsReportPipeline" ]
[2026-06-13T06:35:48.708Z] [ALL] 06-13 12:05:46.188 22840 16768 D WM-Processor: swv: processing WorkGenerationalId(workSpecId=637114aa-03e2-4f53-a289-c44495427691, generation=0)
[2026-06-13T06:35:48.708Z] [ALL] 06-13 12:05:46.190 22840 16771 I BugleTelephony: Starting processBatches [CONTEXT PullHandler="TACHYON_REGISTRATION_TYPE_PHONE_NUMBER" ]
[2026-06-13T06:35:48.708Z] [ALL] 06-13 12:05:46.192 22840 16696 I SimSubscriptionInfoRetr: No match for subId SubscriptionId(idValue=4)
[2026-06-13T06:35:48.708Z] [ALL] 06-13 12:05:46.192 22840 16696 W SimSubscriptionInfoRetr: No SimSubscriptionInfo found in cache for subId SubscriptionId(idValue=4). Looking up cached availability based on the ICCID from SubscriptionMetadataUtils.
[2026-06-13T06:35:48.708Z] [ALL] 06-13 12:05:46.196 22840 16765 I BuglePipeline: Finished pipeline execution. Result: SUCCESS [CONTEXT work_id="2f1d0552-11c6-44be-833b-52e06c9cfc78" pipeline_type="SendingRcsReportPipeline" ]
[2026-06-13T06:35:48.708Z] [ALL] 06-13 12:05:46.196 17013 17013 E Parcel  : Attempt to read from protected data in Parcel 0x7fc9283390
[2026-06-13T06:35:48.708Z] [ALL] 06-13 12:05:46.196 17013 17013 E Parcel  : Attempt to read from protected data in Parcel 0x7fc9283390
[2026-06-13T06:35:48.708Z] [ALL] 06-13 12:05:46.196 17013 17013 E Parcel  : Attempt to read from protected data in Parcel 0x7fc9283390
[2026-06-13T06:35:48.708Z] [ALL] 06-13 12:05:46.196 17013 17013 E Parcel  : Attempt to read from protected data in Parcel 0x7fc9283390
[2026-06-13T06:35:48.708Z] [ALL] 06-13 12:05:46.196 17013 17013 E Parcel  : Attempt to read from protected data in Parcel 0x7fc9283390
[2026-06-13T06:35:48.708Z] [ALL] 06-13 12:05:46.198 22840 16709 I BuglePipeline: Sampled pipeline logging event for pipeline type SendingRcsReportPipeline and pipeline id 2f1d0552-11c6-44be-833b-52e06c9cfc78 [CONTEXT work_id="2f1d0552-11c6-44be-833b-52e06c9cfc78" pipeline_type="SendingRcsReportPipeline" ]
[2026-06-13T06:35:48.708Z] [ALL] 06-13 12:05:46.198 22840 16779 D nativeloader: Load /data/app/~~MXODY8esPOHCMvXP1D9I9w==/com.google.android.apps.messaging-l56GFKh0o94BWlbGb41_iw==/split_config.arm64_v8a.apk!/lib/arm64-v8a/libtextclassifier3_jni_tclib.so using class loader ns clns-7 (caller=/data/app/~~MXODY8esPOHCMvXP1D9I9w==/com.google.android.apps.messaging-l56GFKh0o94BWlbGb41_iw==/base.apk!classes3.dex): ok
[2026-06-13T06:35:48.708Z] [ALL] 06-13 12:05:46.200 22840 16775 I DefaultForegroundServic: BuildCompat.isAtLeastU()=false, isTargetSdkAtLeastU()=true [CONTEXT PullHandler="TACHYON_REGISTRATION_TYPE_PHONE_NUMBER" ]
[2026-06-13T06:35:48.708Z] [ALL] 06-13 12:05:46.200 22840 16778 I SimSubscriptionInfoRetr: No match for subId SubscriptionId(idValue=4)
[2026-06-13T06:35:48.708Z] [ALL] 06-13 12:05:46.200 22840 16769 D WM-Processor: swv: processing WorkGenerationalId(workSpecId=915abb84-1ead-4fdb-96f0-d9f87522be9b, generation=0)
[2026-06-13T06:35:48.708Z] [ALL] 06-13 12:05:46.200 22840 16778 W SimSubscriptionInfoRetr: No SimSubscriptionInfo found in cache for subId SubscriptionId(idValue=4). Looking up cached availability based on the ICCID from SubscriptionMetadataUtils.
[2026-06-13T06:35:48.708Z] [ALL] 06-13 12:05:46.202 22840 16749 D MddListenableWorkerFactory: createWorker for class: com.google.android.apps.messaging.shared.datamodel.workqueue.WorkQueueWorkerShim
[2026-06-13T06:35:48.708Z] [ALL] 06-13 12:05:46.202 22840 16752 W Bugle   : BuglePhoneNumberUtils: canonicalizeMccMnc: invalid mccmnc. mcc: null, mnc: null [CONTEXT PullHandler="TACHYON_REGISTRATION_TYPE_PHONE_NUMBER" ]
[2026-06-13T06:35:48.708Z] [ALL] 06-13 12:05:46.202 22840 16771 I Bugle   : MergingForwardSyncWorkOrganizer: All queued syncs complete. [CONTEXT PullHandler="TACHYON_REGISTRATION_TYPE_PHONE_NUMBER" ]
[2026-06-13T06:35:48.708Z] [ALL] 06-13 12:05:46.203 22840 16771 I BugleTelephony: processBatches Ended [CONTEXT PullHandler="TACHYON_REGISTRATION_TYPE_PHONE_NUMBER" ]
[2026-06-13T06:35:48.708Z] [ALL] 06-13 12:05:46.204 22840 22840 D WM-WorkerWrapper: Starting work for com.google.android.apps.messaging.shared.datamodel.workqueue.WorkQueueWorkerShim
[2026-06-13T06:35:48.708Z] [ALL] 06-13 12:05:46.204 22840 16768 D MddListenableWorkerFactory: createWorker for class: com.google.android.apps.messaging.shared.datamodel.workqueue.WorkQueueWorkerShim
[2026-06-13T06:35:48.708Z] [ALL] 06-13 12:05:46.205 22840 16778 I SimSubscriptionInfoRetr: No match for subId SubscriptionId(idValue=4)
[2026-06-13T06:35:48.708Z] [ALL] 06-13 12:05:46.205 22840 16778 W SimSubscriptionInfoRetr: No SimSubscriptionInfo found in cache for subId SubscriptionId(idValue=4). Looking up cached availability based on the ICCID from SubscriptionMetadataUtils.
[2026-06-13T06:35:48.708Z] [ALL] 06-13 12:05:46.207 22840 16779 D nativeloader: Load libtextclassifier3_jni_agsa.so using class loader ns clns-7 (caller=/data/app/~~MXODY8esPOHCMvXP1D9I9w==/com.google.android.apps.messaging-l56GFKh0o94BWlbGb41_iw==/base.apk!classes3.dex): dlopen failed: library "libtextclassifier3_jni_agsa.so" not found
[2026-06-13T06:35:48.708Z] [ALL] 06-13 12:05:46.210 22840 16779 D nativeloader: Load libtextclassifier3_jni_aiai.so using class loader ns clns-7 (caller=/data/app/~~MXODY8esPOHCMvXP1D9I9w==/com.google.android.apps.messaging-l56GFKh0o94BWlbGb41_iw==/base.apk!classes3.dex): dlopen failed: library "libtextclassifier3_jni_aiai.so" not found
[2026-06-13T06:35:48.708Z] [ALL] 06-13 12:05:46.212 22840 22840 D WM-WorkerWrapper: Starting work for com.google.android.apps.messaging.shared.datamodel.workqueue.WorkQueueWorkerShim
[2026-06-13T06:35:48.708Z] [ALL] 06-13 12:05:46.213 22840 16752 W Bugle   : BuglePhoneNumberUtils: canonicalizeMccMnc: invalid mccmnc. mcc: null, mnc: null [CONTEXT PullHandler="TACHYON_REGISTRATION_TYPE_PHONE_NUMBER" ]
[2026-06-13T06:35:48.708Z] [ALL] 06-13 12:05:46.214 22840 16779 D nativeloader: Load libtextclassifier3_jni_aosp.so using class loader ns clns-7 (caller=/data/app/~~MXODY8esPOHCMvXP1D9I9w==/com.google.android.apps.messaging-l56GFKh0o94BWlbGb41_iw==/base.apk!classes3.dex): dlopen failed: library "libtextclassifier3_jni_aosp.so" not found
[2026-06-13T06:35:48.708Z] [ALL] 06-13 12:05:46.218 22840 16709 I BugleConnectivity: isOnSatellite(4): false [CONTEXT ratelimit_period="1 SECONDS" PullHandler="TACHYON_REGISTRATION_TYPE_PHONE_NUMBER" ]
[2026-06-13T06:35:48.708Z] [ALL] 06-13 12:05:46.218 22840 16752 I BugleConnectivity: isOnSatellite(4): false [CONTEXT ratelimit_period="1 SECONDS" PullHandler="TACHYON_REGISTRATION_TYPE_PHONE_NUMBER" ]
[2026-06-13T06:35:48.708Z] [ALL] 06-13 12:05:46.219 22840 16750 D WM-GreedyScheduler: Ignoring {WorkSpec: 1404cf32-9c55-4211-b47d-f138d0a0dc69}. Requires device idle.
[2026-06-13T06:35:48.708Z] [ALL] 06-13 12:05:46.219 22840 16750 D WM-GreedyScheduler: Ignoring {WorkSpec: bb6c6375-5ba0-467a-ba14-f481ccc1f641}. Requires ContentUri triggers.
[2026-06-13T06:35:48.708Z] [ALL] 06-13 12:05:46.219 22840 16750 D WM-GreedyScheduler: Ignoring {WorkSpec: b41c8a90-87b2-4543-a989-5421f1e89a9e}. Requires ContentUri triggers.
[2026-06-13T06:35:48.708Z] [ALL] 06-13 12:05:46.219 22840 16750 D WM-GreedyScheduler: Ignoring {WorkSpec: e06f5e5c-5dfc-4089-bebf-cc3459e336f0}. Requires device idle.
[2026-06-13T06:35:48.708Z] [ALL] 06-13 12:05:46.219 22840 16709 I BugleConnectivity: 4 is not on satellite and no other subscriptions are on satellite [CONTEXT ratelimit_period="1 SECONDS" PullHandler="TACHYON_REGISTRATION_TYPE_PHONE_NUMBER" ]
[2026-06-13T06:35:48.708Z] [ALL] 06-13 12:05:46.219 22840 16750 D WM-GreedyScheduler: Starting work for 182c810d-a132-4689-9955-f824bc941f5e
[2026-06-13T06:35:48.708Z] [ALL] 06-13 12:05:46.219 22840 16750 D WM-GreedyScheduler: Starting tracking for c6fdba71-5b75-451c-87a6-b41febe38189
[2026-06-13T06:35:48.708Z] [ALL] 06-13 12:05:46.219 22840 16769 I WM-WorkerWrapper: Worker result SUCCESS for Work [ id=679767a9-86f2-476d-9ca0-1cb421629f66, tags={ com.google.android.apps.messaging.shared.datamodel.workqueue.WorkQueueWorkerShim,CONVERSATION_NOTIFICATION-1143 } ]
[2026-06-13T06:35:48.708Z] [ALL] 06-13 12:05:46.220 22840 22840 D WM-Processor: swv 679767a9-86f2-476d-9ca0-1cb421629f66 executed; reschedule = false
[2026-06-13T06:35:48.708Z] [ALL] 06-13 12:05:46.220 22840 16697 I BugleConnectivity: isOnSatellite(5): false [CONTEXT ratelimit_period="1 SECONDS" PullHandler="TACHYON_REGISTRATION_TYPE_PHONE_NUMBER" ]
[2026-06-13T06:35:48.708Z] [ALL] 06-13 12:05:46.220 22840 16752 I BugleBackup: Registering preference change listener for "buglesub_4". [CONTEXT PullHandler="TACHYON_REGISTRATION_TYPE_PHONE_NUMBER" ]
[2026-06-13T06:35:48.708Z] [ALL] 06-13 12:05:46.220 22840 16779 D nativeloader: Load libtextclassifier3_jni_gmscore.so using class loader ns clns-7 (caller=/data/app/~~MXODY8esPOHCMvXP1D9I9w==/com.google.android.apps.messaging-l56GFKh0o94BWlbGb41_iw==/base.apk!classes3.dex): dlopen failed: library "libtextclassifier3_jni_gmscore.so" not found
[2026-06-13T06:35:48.708Z] [ALL] 06-13 12:05:46.223 22840 16750 D WM-Processor: swv: processing WorkGenerationalId(workSpecId=182c810d-a132-4689-9955-f824bc941f5e, generation=0)
[2026-06-13T06:35:48.708Z] [ALL] 06-13 12:05:46.223 22840 16779 D nativeloader: Load libtextclassifier3_jni_google3.so using class loader ns clns-7 (caller=/data/app/~~MXODY8esPOHCMvXP1D9I9w==/com.google.android.apps.messaging-l56GFKh0o94BWlbGb41_iw==/base.apk!classes3.dex): dlopen failed: library "libtextclassifier3_jni_google3.so" not found
[2026-06-13T06:35:48.708Z] [ALL] 06-13 12:05:46.224 22840 16713 D WM-GreedyScheduler: Cancelling work ID 679767a9-86f2-476d-9ca0-1cb421629f66
[2026-06-13T06:35:48.708Z] [ALL] 06-13 12:05:46.226 22840 16713 D WM-GreedyScheduler: Ignoring {WorkSpec: 1404cf32-9c55-4211-b47d-f138d0a0dc69}. Requires device idle.
[2026-06-13T06:35:48.708Z] [ALL] 06-13 12:05:46.226 22840 16713 D WM-GreedyScheduler: Ignoring {WorkSpec: bb6c6375-5ba0-467a-ba14-f481ccc1f641}. Requires ContentUri triggers.
[2026-06-13T06:35:48.708Z] [ALL] 06-13 12:05:46.226 22840 16713 D WM-GreedyScheduler: Ignoring {WorkSpec: b41c8a90-87b2-4543-a989-5421f1e89a9e}. Requires ContentUri triggers.
[2026-06-13T06:35:48.708Z] [ALL] 06-13 12:05:46.226 22840 16713 D WM-GreedyScheduler: Ignoring {WorkSpec: e06f5e5c-5dfc-4089-bebf-cc3459e336f0}. Requires device idle.
[2026-06-13T06:35:48.708Z] [ALL] 06-13 12:05:46.226 22840 16713 D WM-GreedyScheduler: Starting tracking for c6fdba71-5b75-451c-87a6-b41febe38189
[2026-06-13T06:35:48.708Z] [ALL] 06-13 12:05:46.229 22840 16752 W Bugle   : PermissionCheckerImpl: Missing Permission android.permission.ACCESS_FINE_LOCATION [CONTEXT PullHandler="TACHYON_REGISTRATION_TYPE_PHONE_NUMBER" ]
[2026-06-13T06:35:48.708Z] [ALL] 06-13 12:05:46.233 22840 16769 D MddListenableWorkerFactory: createWorker for class: com.google.android.apps.messaging.shared.datamodel.workqueue.WorkQueueWorkerShim
[2026-06-13T06:35:48.708Z] [ALL] 06-13 12:05:46.234 22840 22840 D WM-WorkerWrapper: Starting work for com.google.android.apps.messaging.shared.datamodel.workqueue.WorkQueueWorkerShim
[2026-06-13T06:35:48.708Z] [ALL] 06-13 12:05:46.234 22840 17019 D nativeloader: Load libtextclassifier3_jni_agsa.so using class loader ns clns-7 (caller=/data/app/~~MXODY8esPOHCMvXP1D9I9w==/com.google.android.apps.messaging-l56GFKh0o94BWlbGb41_iw==/base.apk!classes3.dex): dlopen failed: library "libtextclassifier3_jni_agsa.so" not found
[2026-06-13T06:35:48.767Z] [ALL] 06-13 12:05:46.235 22840 16778 I WM-WorkerWrapper: Worker result SUCCESS for Work [ id=637114aa-03e2-4f53-a289-c44495427691, tags={ com.google.android.apps.messaging.shared.datamodel.workqueue.WorkQueueWorkerShim,forward_sync_engine- } ]
[2026-06-13T06:35:48.767Z] [ALL] 06-13 12:05:46.236 22840 22840 D WM-Processor: swv 637114aa-03e2-4f53-a289-c44495427691 executed; reschedule = false
[2026-06-13T06:35:48.767Z] [ALL] 06-13 12:05:46.236 22840 16778 I WM-WorkerWrapper: Worker result SUCCESS for Work [ id=915abb84-1ead-4fdb-96f0-d9f87522be9b, tags={ com.google.android.apps.messaging.shared.datamodel.workqueue.WorkQueueWorkerShim,request_link_preview- } ]
[2026-06-13T06:35:48.767Z] [ALL] 06-13 12:05:46.237 22840 17019 D nativeloader: Load libtextclassifier3_jni_aiai.so using class loader ns clns-7 (caller=/data/app/~~MXODY8esPOHCMvXP1D9I9w==/com.google.android.apps.messaging-l56GFKh0o94BWlbGb41_iw==/base.apk!classes3.dex): dlopen failed: library "libtextclassifier3_jni_aiai.so" not found
[2026-06-13T06:35:48.767Z] [ALL] 06-13 12:05:46.237 22840 16769 D WM-GreedyScheduler: Cancelling work ID 637114aa-03e2-4f53-a289-c44495427691
[2026-06-13T06:35:48.767Z] [ALL] 06-13 12:05:46.241 22840 17019 D nativeloader: Load libtextclassifier3_jni_aosp.so using class loader ns clns-7 (caller=/data/app/~~MXODY8esPOHCMvXP1D9I9w==/com.google.android.apps.messaging-l56GFKh0o94BWlbGb41_iw==/base.apk!classes3.dex): dlopen failed: library "libtextclassifier3_jni_aosp.so" not found
[2026-06-13T06:35:48.767Z] [ALL] 06-13 12:05:46.243 22840 16769 D WM-GreedyScheduler: Ignoring {WorkSpec: 1404cf32-9c55-4211-b47d-f138d0a0dc69}. Requires device idle.
[2026-06-13T06:35:48.767Z] [ALL] 06-13 12:05:46.243 22840 16769 D WM-GreedyScheduler: Ignoring {WorkSpec: bb6c6375-5ba0-467a-ba14-f481ccc1f641}. Requires ContentUri triggers.
[2026-06-13T06:35:48.767Z] [ALL] 06-13 12:05:46.243 22840 16769 D WM-GreedyScheduler: Ignoring {WorkSpec: b41c8a90-87b2-4543-a989-5421f1e89a9e}. Requires ContentUri triggers.
[2026-06-13T06:35:48.767Z] [ALL] 06-13 12:05:46.243 22840 22840 D WM-Processor: swv 915abb84-1ead-4fdb-96f0-d9f87522be9b executed; reschedule = false
[2026-06-13T06:35:48.767Z] [ALL] 06-13 12:05:46.243 22840 16769 D WM-GreedyScheduler: Ignoring {WorkSpec: e06f5e5c-5dfc-4089-bebf-cc3459e336f0}. Requires device idle.
[2026-06-13T06:35:48.767Z] [ALL] 06-13 12:05:46.243 22840 16769 D WM-GreedyScheduler: Starting tracking for c6fdba71-5b75-451c-87a6-b41febe38189
[2026-06-13T06:35:48.767Z] [ALL] 06-13 12:05:46.243 22840 22840 D WM-GreedyScheduler: Stopping tracking for WorkGenerationalId(workSpecId=915abb84-1ead-4fdb-96f0-d9f87522be9b, generation=0)
[2026-06-13T06:35:48.767Z] [ALL] 06-13 12:05:46.244 22840 17019 D nativeloader: Load libtextclassifier3_jni_gmscore.so using class loader ns clns-7 (caller=/data/app/~~MXODY8esPOHCMvXP1D9I9w==/com.google.android.apps.messaging-l56GFKh0o94BWlbGb41_iw==/base.apk!classes3.dex): dlopen failed: library "libtextclassifier3_jni_gmscore.so" not found
[2026-06-13T06:35:48.767Z] [ALL] 06-13 12:05:46.245 22840 17019 D nativeloader: Load libtextclassifier3_jni_google3.so using class loader ns clns-7 (caller=/data/app/~~MXODY8esPOHCMvXP1D9I9w==/com.google.android.apps.messaging-l56GFKh0o94BWlbGb41_iw==/base.apk!classes3.dex): dlopen failed: library "libtextclassifier3_jni_google3.so" not found
[2026-06-13T06:35:48.767Z] [ALL] 06-13 12:05:46.248 22840 16778 D WM-GreedyScheduler: Cancelling work ID 915abb84-1ead-4fdb-96f0-d9f87522be9b
[2026-06-13T06:35:48.767Z] [ALL] 06-13 12:05:46.248 22840 16749 I SimSubscriptionInfoRetr: No match for subId SubscriptionId(idValue=4) [CONTEXT PullHandler="TACHYON_REGISTRATION_TYPE_PHONE_NUMBER" ]
[2026-06-13T06:35:48.767Z] [ALL] 06-13 12:05:46.248 22840 16749 W SimSubscriptionInfoRetr: No SimSubscriptionInfo found in cache for subId SubscriptionId(idValue=4). Looking up cached availability based on the ICCID from SubscriptionMetadataUtils. [CONTEXT PullHandler="TACHYON_REGISTRATION_TYPE_PHONE_NUMBER" ]
[2026-06-13T06:35:48.767Z] [ALL] 06-13 12:05:46.250 22840 16778 D WM-GreedyScheduler: Ignoring {WorkSpec: 1404cf32-9c55-4211-b47d-f138d0a0dc69}. Requires device idle.
[2026-06-13T06:35:48.767Z] [ALL] 06-13 12:05:46.250 22840 16778 D WM-GreedyScheduler: Ignoring {WorkSpec: bb6c6375-5ba0-467a-ba14-f481ccc1f641}. Requires ContentUri triggers.
[2026-06-13T06:35:48.767Z] [ALL] 06-13 12:05:46.250 22840 16778 D WM-GreedyScheduler: Ignoring {WorkSpec: b41c8a90-87b2-4543-a989-5421f1e89a9e}. Requires ContentUri triggers.
[2026-06-13T06:35:48.767Z] [ALL] 06-13 12:05:46.250 22840 16778 D WM-GreedyScheduler: Ignoring {WorkSpec: e06f5e5c-5dfc-4089-bebf-cc3459e336f0}. Requires device idle.
[2026-06-13T06:35:48.767Z] [ALL] 06-13 12:05:46.250 22840 16778 D WM-GreedyScheduler: Starting tracking for c6fdba71-5b75-451c-87a6-b41febe38189
[2026-06-13T06:35:48.767Z] [ALL] 06-13 12:05:46.250 22840 16778 I WM-WorkerWrapper: Worker result SUCCESS for Work [ id=12066e6b-3052-4294-9917-8f20f13f107b, tags={ com.google.android.apps.messaging.shared.datamodel.workqueue.WorkQueueWorkerShim,refresh_message_failure_notification- } ]
[2026-06-13T06:35:48.767Z] [ALL] 06-13 12:05:46.251 22840 22840 D WM-Processor: swv 12066e6b-3052-4294-9917-8f20f13f107b executed; reschedule = false
[2026-06-13T06:35:48.767Z] [ALL] 06-13 12:05:46.252 22840 16778 D WM-GreedyScheduler: Cancelling work ID 12066e6b-3052-4294-9917-8f20f13f107b
[2026-06-13T06:35:48.767Z] [ALL] 06-13 12:05:46.253 22840 16778 D WM-GreedyScheduler: Ignoring {WorkSpec: 1404cf32-9c55-4211-b47d-f138d0a0dc69}. Requires device idle.
[2026-06-13T06:35:48.767Z] [ALL] 06-13 12:05:46.253 22840 16778 D WM-GreedyScheduler: Ignoring {WorkSpec: bb6c6375-5ba0-467a-ba14-f481ccc1f641}. Requires ContentUri triggers.
[2026-06-13T06:35:48.767Z] [ALL] 06-13 12:05:46.253 22840 16778 D WM-GreedyScheduler: Ignoring {WorkSpec: b41c8a90-87b2-4543-a989-5421f1e89a9e}. Requires ContentUri triggers.
[2026-06-13T06:35:48.767Z] [ALL] 06-13 12:05:46.253 22840 16778 D WM-GreedyScheduler: Ignoring {WorkSpec: e06f5e5c-5dfc-4089-bebf-cc3459e336f0}. Requires device idle.
[2026-06-13T06:35:48.767Z] [ALL] 06-13 12:05:46.253 22840 16778 D WM-GreedyScheduler: Starting tracking for c6fdba71-5b75-451c-87a6-b41febe38189
[2026-06-13T06:35:48.767Z] [ALL] 06-13 12:05:46.254 22840 16749 I BugleOtp: OTP patterns refreshed. [CONTEXT PullHandler="TACHYON_REGISTRATION_TYPE_PHONE_NUMBER" ]
[2026-06-13T06:35:48.767Z] [ALL] 06-13 12:05:46.256  2676 12019 E OplusNetworkStackManager: callback len = 1
[2026-06-13T06:35:48.767Z] [ALL] 06-13 12:05:46.256  1695  2580 E OplusNetworkStackManager: callback len = 6
[2026-06-13T06:35:48.767Z] [ALL] 06-13 12:05:46.256  1695  2580 D OLK     : INetworkScoreCallback() networkId: 204 better = true, score = 100
[2026-06-13T06:35:48.767Z] [ALL] 06-13 12:05:46.256  2782 12297 E OplusNetworkStackManager: callback len = 2
[2026-06-13T06:35:48.767Z] [ALL] 06-13 12:05:46.257  2744  3070 E OplusNetworkStackManager: callback len = 1
[2026-06-13T06:35:48.767Z] [ALL] 06-13 12:05:46.261 22840 17019 I tflite  : Initialized TensorFlow Lite runtime.
[2026-06-13T06:35:48.767Z] [ALL] 06-13 12:05:46.272 17020 17020 E Parcel  : Attempt to read from protected data in Parcel 0x7ff7507060
[2026-06-13T06:35:48.767Z] [ALL] 06-13 12:05:46.272 17020 17020 E Parcel  : Attempt to read from protected data in Parcel 0x7ff7507060
[2026-06-13T06:35:48.767Z] [ALL] 06-13 12:05:46.272 17020 17020 E Parcel  : Attempt to read from protected data in Parcel 0x7ff7507060
[2026-06-13T06:35:48.767Z] [ALL] 06-13 12:05:46.272 17020 17020 E Parcel  : Attempt to read from protected data in Parcel 0x7ff7507060
[2026-06-13T06:35:48.767Z] [ALL] 06-13 12:05:46.272 17020 17020 E Parcel  : Attempt to read from protected data in Parcel 0x7ff7507060
[2026-06-13T06:35:48.767Z] [ALL] 06-13 12:05:46.277 22840 17019 D TextClassifierLibImpl: Loaded annotator model: en_v903
[2026-06-13T06:35:48.767Z] [ALL] 06-13 12:05:46.277 22840 16775 I Bugle   : CountryCodeDetector: updateSmsNetworkCountry from default subscription network country. detected country: in [CONTEXT PullHandler="TACHYON_REGISTRATION_TYPE_PHONE_NUMBER" ]
[2026-06-13T06:35:48.767Z] [ALL] 06-13 12:05:46.280 22840 17022 D TextClassifierLibImpl: Skipping asynchronous LangId reload. No model change.
[2026-06-13T06:35:48.767Z] [ALL] 06-13 12:05:46.280 22840 17022 D TextClassifierLibImpl: Skipping asynchronous actions model reload. No model change.
[2026-06-13T06:35:48.767Z] [ALL] 06-13 12:05:46.280 22840 16775 I Bugle   : Telephony.getOrCreateThreadId returned thread 852 for [], matching canonical [] [CONTEXT PullHandler="TACHYON_REGISTRATION_TYPE_PHONE_NUMBER" ]
[2026-06-13T06:35:48.767Z] [ALL] 06-13 12:05:46.282 22840 16747 W libc    : Access denied finding property "ro.hardware.chipname"
[2026-06-13T06:35:48.767Z] [ALL] 06-13 12:05:46.286 22840 16778 D WM-GreedyScheduler: Ignoring {WorkSpec: 1404cf32-9c55-4211-b47d-f138d0a0dc69}. Requires device idle.
[2026-06-13T06:35:48.767Z] [ALL] 06-13 12:05:46.286 22840 16778 D WM-GreedyScheduler: Ignoring {WorkSpec: bb6c6375-5ba0-467a-ba14-f481ccc1f641}. Requires ContentUri triggers.
[2026-06-13T06:35:48.767Z] [ALL] 06-13 12:05:46.286 22840 16778 D WM-GreedyScheduler: Ignoring {WorkSpec: b41c8a90-87b2-4543-a989-5421f1e89a9e}. Requires ContentUri triggers.
[2026-06-13T06:35:48.767Z] [ALL] 06-13 12:05:46.286 22840 16778 D WM-GreedyScheduler: Ignoring {WorkSpec: e06f5e5c-5dfc-4089-bebf-cc3459e336f0}. Requires device idle.
[2026-06-13T06:35:48.767Z] [ALL] 06-13 12:05:46.286 22840 16778 D WM-GreedyScheduler: Starting work for 82334c53-ad8c-4e62-a663-c9af1d5fd6b0
[2026-06-13T06:35:48.767Z] [ALL] 06-13 12:05:46.286 22840 16778 D WM-GreedyScheduler: Starting tracking for c6fdba71-5b75-451c-87a6-b41febe38189
[2026-06-13T06:35:48.767Z] [ALL] 06-13 12:05:46.288 22840 16778 D WM-Processor: swv: processing WorkGenerationalId(workSpecId=82334c53-ad8c-4e62-a663-c9af1d5fd6b0, generation=0)
[2026-06-13T06:35:48.767Z] [ALL] 06-13 12:05:46.289 22840 16750 D MddListenableWorkerFactory: createWorker for class: com.google.android.apps.messaging.shared.datamodel.workqueue.WorkQueueWorkerShim
[2026-06-13T06:35:48.767Z] [ALL] 06-13 12:05:46.290 22840 22840 D WM-WorkerWrapper: Starting work for com.google.android.apps.messaging.shared.datamodel.workqueue.WorkQueueWorkerShim
[2026-06-13T06:35:48.767Z] [ALL] 06-13 12:05:46.305 22840 16782 I BugleDataModel: ActionExecutorImpl: ACTION_RESPONSE_QUEUED_InsertRcsMessageInTelephonyAction [CONTEXT PullHandler="TACHYON_REGISTRATION_TYPE_PHONE_NUMBER" ]
[2026-06-13T06:35:48.817Z] [ALL] 06-13 12:05:46.305   858  5601 E TetherController: property_get sys.radio.data.modem_share_flag return 0, 1!
[2026-06-13T06:35:48.817Z] [ALL] 06-13 12:05:46.306 22840 16752 I Bugle   : TelephonyManagerInterface: insertReceivedMessageInMmsTables
[2026-06-13T06:35:48.817Z] [ALL] 06-13 12:05:46.311 22840 16778 I Bugle   : RbmBusinessInfoDownloadHelper: Request made for sbi_cards_and_payment_services_oijab7ka_agent@rbm.goog [CONTEXT PullHandler="TACHYON_REGISTRATION_TYPE_PHONE_NUMBER" ]
[2026-06-13T06:35:48.817Z] [ALL] 06-13 12:05:46.312 22840 16778 I Bugle   : RbmBusinessInfoDownloadHelper: Initiating business info retrieval handler... RBM bot id: sbi_cards_and_payment_services_oijab7ka_agent@rbm.goog [CONTEXT PullHandler="TACHYON_REGISTRATION_TYPE_PHONE_NUMBER" ]
[2026-06-13T06:35:48.817Z] [ALL] 06-13 12:05:46.316 22840 16742 I Bugle   : RbmBusinessInfoDownloadHelper: Business info already exists, and operation mode downloads only if info is unavailable. Skipping download of business info. RBM bot id: sbi_cards_and_payment_services_oijab7ka_agent@rbm.goog [CONTEXT PullHandler="TACHYON_REGISTRATION_TYPE_PHONE_NUMBER" ]
[2026-06-13T06:35:48.817Z] [ALL] 06-13 12:05:46.323 22840 16749 D WM-GreedyScheduler: Ignoring {WorkSpec: 1404cf32-9c55-4211-b47d-f138d0a0dc69}. Requires device idle.
[2026-06-13T06:35:48.817Z] [ALL] 06-13 12:05:46.323 22840 16749 D WM-GreedyScheduler: Ignoring {WorkSpec: bb6c6375-5ba0-467a-ba14-f481ccc1f641}. Requires ContentUri triggers.
[2026-06-13T06:35:48.817Z] [ALL] 06-13 12:05:46.323 22840 16749 D WM-GreedyScheduler: Ignoring {WorkSpec: b41c8a90-87b2-4543-a989-5421f1e89a9e}. Requires ContentUri triggers.
[2026-06-13T06:35:48.817Z] [ALL] 06-13 12:05:46.323 22840 16749 D WM-GreedyScheduler: Ignoring {WorkSpec: e06f5e5c-5dfc-4089-bebf-cc3459e336f0}. Requires device idle.
[2026-06-13T06:35:48.817Z] [ALL] 06-13 12:05:46.323 22840 16749 D WM-GreedyScheduler: Starting tracking for c6fdba71-5b75-451c-87a6-b41febe38189,2fa60311-97c9-4f76-ac29-9743a91cc161
[2026-06-13T06:35:48.817Z] [ALL] 06-13 12:05:46.327 22840 16768 D WM-WorkConstraintsTrack: NetworkRequestConstraintController send initial capabilities
[2026-06-13T06:35:48.817Z] [ALL] 06-13 12:05:46.327 22840 16768 D WM-GreedyScheduler: Constraints met: Scheduling work ID WorkGenerationalId(workSpecId=2fa60311-97c9-4f76-ac29-9743a91cc161, generation=0)
[2026-06-13T06:35:48.817Z] [ALL] 06-13 12:05:46.328 22840 16742 I BugleNotifications: Creating notification input ids [CONTEXT im_entry_input="1143:1781332545738" im_notification_input="1175:1781331601980" im_settings_store_input="" im_final_input="1143:1781332545738,1175:1781331601980" PullHandler="TACHYON_REGISTRATION_TYPE_PHONE_NUMBER" ]
[2026-06-13T06:35:48.817Z] [ALL] 06-13 12:05:46.328 22840 16768 D WM-Processor: swv: processing WorkGenerationalId(workSpecId=2fa60311-97c9-4f76-ac29-9743a91cc161, generation=0)
[2026-06-13T06:35:48.817Z] [ALL] 06-13 12:05:46.329 22840 16768 D MddListenableWorkerFactory: createWorker for class: com.google.android.apps.messaging.shared.datamodel.workqueue.WorkQueueWorkerShim
[2026-06-13T06:35:48.817Z] [ALL] 06-13 12:05:46.330 22840 22840 D WM-WorkerWrapper: Starting work for com.google.android.apps.messaging.shared.datamodel.workqueue.WorkQueueWorkerShim
[2026-06-13T06:35:48.817Z] [ALL] 06-13 12:05:46.331 22840 16782 I BugleNotifications: Conversation mute threshold = MUTE_NONE [CONTEXT conversation_id="1143" PullHandler="TACHYON_REGISTRATION_TYPE_PHONE_NUMBER" ]
[2026-06-13T06:35:48.817Z] [ALL] 06-13 12:05:46.333 22840 16768 I WM-WorkerWrapper: Worker result SUCCESS for Work [ id=2fa60311-97c9-4f76-ac29-9743a91cc161, tags={ com.google.android.apps.messaging.shared.datamodel.workqueue.WorkQueueWorkerShim,rbm_business_info_retrieval-sbi_cards_and_payment_services_oijab7ka_agent@rbm.goog } ]
[2026-06-13T06:35:48.817Z] [ALL] 06-13 12:05:46.333 22840 16752 W Bugle   : PduPersister.persist new behavior of to/cc.
[2026-06-13T06:35:48.817Z] [ALL] 06-13 12:05:46.334 22840 22840 D WM-Processor: swv 2fa60311-97c9-4f76-ac29-9743a91cc161 executed; reschedule = false
[2026-06-13T06:35:48.817Z] [ALL] 06-13 12:05:46.334 22840 22840 D WM-GreedyScheduler: Stopping tracking for WorkGenerationalId(workSpecId=2fa60311-97c9-4f76-ac29-9743a91cc161, generation=0)
[2026-06-13T06:35:48.817Z] [ALL] 06-13 12:05:46.335 22840 16752 W Bugle   : PduPersister.persist persisting PDU to given thread: 852
[2026-06-13T06:35:48.817Z] [ALL] 06-13 12:05:46.337 22840 16768 D WM-GreedyScheduler: Cancelling work ID 2fa60311-97c9-4f76-ac29-9743a91cc161
[2026-06-13T06:35:48.817Z] [ALL] 06-13 12:05:46.340 22840 17022 D TextClassifierLibImpl: Loaded annotator model: en_v903
[2026-06-13T06:35:48.817Z] [ALL] 06-13 12:05:46.341 22840 16742 I BugleClearcutLogger: qosTierResolver for LOG_SPEC_ANNOTATIONS is null. Using DEFAULT QoS tier as there's no specific QoS configuration for this log spec. [CONTEXT PullHandler="TACHYON_REGISTRATION_TYPE_PHONE_NUMBER" ]
[2026-06-13T06:35:48.817Z] [ALL] 06-13 12:05:46.342 22840 16768 D WM-GreedyScheduler: Ignoring {WorkSpec: 1404cf32-9c55-4211-b47d-f138d0a0dc69}. Requires device idle.
[2026-06-13T06:35:48.817Z] [ALL] 06-13 12:05:46.342 22840 16768 D WM-GreedyScheduler: Ignoring {WorkSpec: bb6c6375-5ba0-467a-ba14-f481ccc1f641}. Requires ContentUri triggers.
[2026-06-13T06:35:48.817Z] [ALL] 06-13 12:05:46.342 22840 16768 D WM-GreedyScheduler: Ignoring {WorkSpec: b41c8a90-87b2-4543-a989-5421f1e89a9e}. Requires ContentUri triggers.
[2026-06-13T06:35:48.817Z] [ALL] 06-13 12:05:46.343 22840 16768 D WM-GreedyScheduler: Ignoring {WorkSpec: e06f5e5c-5dfc-4089-bebf-cc3459e336f0}. Requires device idle.
[2026-06-13T06:35:48.817Z] [ALL] 06-13 12:05:46.343 22840 16768 D WM-GreedyScheduler: Starting tracking for c6fdba71-5b75-451c-87a6-b41febe38189
[2026-06-13T06:35:48.817Z] [ALL] 06-13 12:05:46.358 22840 16782 I BugleNotifications: Queried message ids [CONTEXT conversation_id="1143" im_message_ids="8786" PullHandler="TACHYON_REGISTRATION_TYPE_PHONE_NUMBER" ]
[2026-06-13T06:35:48.888Z] [ALL] 06-13 12:05:46.369 22840 16742 I BugleConversation: No conversation notification settings join found for ConversationId = 1175 [CONTEXT PullHandler="TACHYON_REGISTRATION_TYPE_PHONE_NUMBER" ]
[2026-06-13T06:35:48.888Z] [ALL] 06-13 12:05:46.369 22840 16742 I BugleConversation: No conversation notification settings join found for ConversationId = 1175 [CONTEXT PullHandler="TACHYON_REGISTRATION_TYPE_PHONE_NUMBER" ]
[2026-06-13T06:35:48.888Z] [ALL] 06-13 12:05:46.372 22840 16742 I BugleConversation: Skipping the check for satellite manual connection state due to flag state. [CONTEXT PullHandler="TACHYON_REGISTRATION_TYPE_PHONE_NUMBER" ]
[2026-06-13T06:35:48.888Z] [ALL] 06-13 12:05:46.382 22840 16782 I BugleSelfIdentity: Active SelfIdentities [SelfIdentity{id:725, subIds: [4]}, SelfIdentity{id:743, subIds: [5]}] [CONTEXT PullHandler="TACHYON_REGISTRATION_TYPE_PHONE_NUMBER" ]
[2026-06-13T06:35:48.888Z] [ALL] 06-13 12:05:46.383 22840 16782 I BugleConversation: Current active self identity: SIM1, id = 725 [CONTEXT PullHandler="TACHYON_REGISTRATION_TYPE_PHONE_NUMBER" ]
[2026-06-13T06:35:48.888Z] [ALL] 06-13 12:05:46.384 22840 16749 I BugleNotifications: Conversation mute threshold = MUTE_NONE [CONTEXT conversation_id="1175" PullHandler="TACHYON_REGISTRATION_TYPE_PHONE_NUMBER" ]
[2026-06-13T06:35:48.888Z] [ALL] 06-13 12:05:46.385  1695  1711 W System  : A resource failed to call release. 
[2026-06-13T06:35:48.888Z] [ALL] 06-13 12:05:46.386  1695  1711 W System  : A resource failed to call release. 
[2026-06-13T06:35:48.888Z] [ALL] 06-13 12:05:46.386  1695  1711 W System  : A resource failed to call release. 
[2026-06-13T06:35:48.888Z] [ALL] 06-13 12:05:46.386  1695  1711 W System  : A resource failed to call release. 
[2026-06-13T06:35:48.888Z] [ALL] 06-13 12:05:46.386  1695  1711 W System  : A resource failed to call release. 
[2026-06-13T06:35:48.888Z] [ALL] 06-13 12:05:46.386  1695  1711 W System  : A resource failed to call release. 
[2026-06-13T06:35:48.888Z] [ALL] 06-13 12:05:46.386  1695  1711 W System  : A resource failed to call release. 
[2026-06-13T06:35:48.888Z] [ALL] 06-13 12:05:46.386  1695  1711 W System  : A resource failed to call release. 
[2026-06-13T06:35:48.888Z] [ALL] 06-13 12:05:46.390 17025 17025 E Parcel  : Attempt to read from protected data in Parcel 0x7fce73c0e0
[2026-06-13T06:35:48.888Z] [ALL] 06-13 12:05:46.390 17025 17025 E Parcel  : Attempt to read from protected data in Parcel 0x7fce73c0e0
[2026-06-13T06:35:48.888Z] [ALL] 06-13 12:05:46.390 17025 17025 E Parcel  : Attempt to read from protected data in Parcel 0x7fce73c0e0
[2026-06-13T06:35:48.888Z] [ALL] 06-13 12:05:46.390 17025 17025 E Parcel  : Attempt to read from protected data in Parcel 0x7fce73c0e0
[2026-06-13T06:35:48.888Z] [ALL] 06-13 12:05:46.390 17025 17025 E Parcel  : Attempt to read from protected data in Parcel 0x7fce73c0e0
[2026-06-13T06:35:48.888Z] [ALL] 06-13 12:05:46.393 22840 16749 I BugleNotifications: Queried message ids [CONTEXT conversation_id="1175" im_message_ids="8785" PullHandler="TACHYON_REGISTRATION_TYPE_PHONE_NUMBER" ]
[2026-06-13T06:35:48.888Z] [ALL] 06-13 12:05:46.399 22840 16749 I BugleNotifications: Skipping notification creation: hasNewMessageIds=false, hasAnyUpdate=false [CONTEXT conversation_id="1175" im_message_ids="8785" PullHandler="TACHYON_REGISTRATION_TYPE_PHONE_NUMBER" ]
[2026-06-13T06:35:48.888Z] [ALL] 06-13 12:05:46.405 22840 16749 I BugleNotifications: Rbm bot or invalid input data, not creating suggestions [CONTEXT PullHandler="TACHYON_REGISTRATION_TYPE_PHONE_NUMBER" ]
[2026-06-13T06:35:48.888Z] [ALL] 06-13 12:05:46.405 22840 16749 I BugleNotifications: Conversation/message doesn't allow smart text actions, not creating text classifier actions [CONTEXT PullHandler="TACHYON_REGISTRATION_TYPE_PHONE_NUMBER" ]
[2026-06-13T06:35:48.888Z] [ALL] 06-13 12:05:46.405 22840 16749 I BugleNotifications: Skipping text classifier smart actions [CONTEXT conversation_id="1143" PullHandler="TACHYON_REGISTRATION_TYPE_PHONE_NUMBER" ]
[2026-06-13T06:35:48.888Z] [ALL] 06-13 12:05:46.406 22840 16749 I BugleNotifications: Skipping non-text smart actions [CONTEXT conversation_id="1143" PullHandler="TACHYON_REGISTRATION_TYPE_PHONE_NUMBER" ]
[2026-06-13T06:35:48.888Z] [ALL] 06-13 12:05:46.406 22840 16752 I Bugle   : TelephonyManagerInterface: insertReceivedMessageInMmsTables finished
[2026-06-13T06:35:48.888Z] [ALL] 06-13 12:05:46.410 22840 16749 I Bugle   : TelephonyManagerFactory: Returning per-subscription TelephonyManager (>= N) subscription{id:-1} [CONTEXT PullHandler="TACHYON_REGISTRATION_TYPE_PHONE_NUMBER" ]
[2026-06-13T06:35:48.889Z] [ALL] 06-13 12:05:46.410 22840 16749 W Bugle   : Get mms config failed: invalid subId. subId=-2, real subId=-1, map={4=dgbv@d6052fa, 5=dgbv@2a7b0ab} [CONTEXT ratelimit_period="1 MINUTES" PullHandler="TACHYON_REGISTRATION_TYPE_PHONE_NUMBER" ]
[2026-06-13T06:35:48.889Z] [ALL] 06-13 12:05:46.410 22840 16745 I BugleNotifications: Notification actions created [CONTEXT conversation_id="1143" PullHandler="TACHYON_REGISTRATION_TYPE_PHONE_NUMBER" ]
[2026-06-13T06:35:48.889Z] [ALL] 06-13 12:05:46.414 22840 16745 I BugleNotifications: Wearable notification actions created [CONTEXT conversation_id="1143" PullHandler="TACHYON_REGISTRATION_TYPE_PHONE_NUMBER" ]
[2026-06-13T06:35:48.947Z] [ALL] 06-13 12:05:46.422 22840 16768 I BugleImage: Local avatar uri authority is an internal authority. Using internal source policy for loading. [CONTEXT PullHandler="TACHYON_REGISTRATION_TYPE_PHONE_NUMBER" ]
[2026-06-13T06:35:48.947Z] [ALL] 06-13 12:05:46.423 22840 16752 I Bugle   : MessageStatusChangedIntentSender: Sending message status changed intent for message: URI:{redacted-pii[17-chars]} , status: INCOMING_COMPLETE
[2026-06-13T06:35:48.947Z] [ALL] 06-13 12:05:46.424 22840 16752 I BugleTelephony: Updated incoming RCS text message in Telephony DB [CONTEXT message_id="8786" rcs_message_id="RcsMessageIdType:410185360613114111221200_2026-06-13" ]
[2026-06-13T06:35:48.947Z] [ALL] 06-13 12:05:46.426 22840 16752 I WM-WorkerWrapper: Worker result SUCCESS for Work [ id=82334c53-ad8c-4e62-a663-c9af1d5fd6b0, tags={ com.google.android.apps.messaging.shared.datamodel.workqueue.WorkQueueWorkerShim,rcs_to_telephony_sync- } ]
[2026-06-13T06:35:48.947Z] [ALL] 06-13 12:05:46.427 22840 22840 D WM-Processor: swv 82334c53-ad8c-4e62-a663-c9af1d5fd6b0 executed; reschedule = false
[2026-06-13T06:35:48.947Z] [ALL] 06-13 12:05:46.428 22840 16752 D WM-GreedyScheduler: Cancelling work ID 82334c53-ad8c-4e62-a663-c9af1d5fd6b0
[2026-06-13T06:35:48.947Z] [ALL] 06-13 12:05:46.431 22840 16752 D WM-GreedyScheduler: Ignoring {WorkSpec: 1404cf32-9c55-4211-b47d-f138d0a0dc69}. Requires device idle.
[2026-06-13T06:35:48.947Z] [ALL] 06-13 12:05:46.431 22840 16752 D WM-GreedyScheduler: Ignoring {WorkSpec: bb6c6375-5ba0-467a-ba14-f481ccc1f641}. Requires ContentUri triggers.
[2026-06-13T06:35:48.947Z] [ALL] 06-13 12:05:46.431 22840 16752 D WM-GreedyScheduler: Ignoring {WorkSpec: b41c8a90-87b2-4543-a989-5421f1e89a9e}. Requires ContentUri triggers.
[2026-06-13T06:35:48.947Z] [ALL] 06-13 12:05:46.431 22840 16752 D WM-GreedyScheduler: Ignoring {WorkSpec: e06f5e5c-5dfc-4089-bebf-cc3459e336f0}. Requires device idle.
[2026-06-13T06:35:48.947Z] [ALL] 06-13 12:05:46.431 22840 16752 D WM-GreedyScheduler: Starting tracking for c6fdba71-5b75-451c-87a6-b41febe38189
[2026-06-13T06:35:48.947Z] [ALL] 06-13 12:05:46.432 22840 16782 I BugleSelfIdentity: Active SelfIdentities [SelfIdentity{id:725, subIds: [4]}, SelfIdentity{id:743, subIds: [5]}] [CONTEXT PullHandler="TACHYON_REGISTRATION_TYPE_PHONE_NUMBER" ]
[2026-06-13T06:35:48.947Z] [ALL] 06-13 12:05:46.439 22840 16768 I BugleImage: Local avatar uri authority is an internal authority. Using internal source policy for loading. [CONTEXT PullHandler="TACHYON_REGISTRATION_TYPE_PHONE_NUMBER" ]
[2026-06-13T06:35:48.947Z] [ALL] 06-13 12:05:46.444 17030 17030 E Parcel  : Attempt to read from protected data in Parcel 0x7fc24e98a0
[2026-06-13T06:35:48.947Z] [ALL] 06-13 12:05:46.444 17030 17030 E Parcel  : Attempt to read from protected data in Parcel 0x7fc24e98a0
[2026-06-13T06:35:48.947Z] [ALL] 06-13 12:05:46.444 17030 17030 E Parcel  : Attempt to read from protected data in Parcel 0x7fc24e98a0
[2026-06-13T06:35:48.947Z] [ALL] 06-13 12:05:46.444 17030 17030 E Parcel  : Attempt to read from protected data in Parcel 0x7fc24e98a0
[2026-06-13T06:35:48.947Z] [ALL] 06-13 12:05:46.444 17030 17030 E Parcel  : Attempt to read from protected data in Parcel 0x7fc24e98a0
[2026-06-13T06:35:48.947Z] [ALL] 06-13 12:05:46.451 22840 16768 I BugleImage: Local avatar uri authority is an internal authority. Using internal source policy for loading. [CONTEXT PullHandler="TACHYON_REGISTRATION_TYPE_PHONE_NUMBER" ]
[2026-06-13T06:35:48.947Z] [ALL] 06-13 12:05:46.453  1695  2752 I OplusHansManager : uid=10354, pkg=com.myntra.android can transition from M to F
[2026-06-13T06:35:48.947Z] [ALL] 06-13 12:05:46.454  1695  2752 I OplusHansManager : uid=10354, pkg=com.myntra.android F enter(), M stay=1
[2026-06-13T06:35:48.947Z] [ALL] 06-13 12:05:46.457  1695  2752 I OplusHansManager : freeze uid: 10354 com.myntra.android pids: [24280, 24544] IsolatedUid: [99207] scene: LcdOn
[2026-06-13T06:35:48.947Z] [ALL] 06-13 12:05:46.457  7763 13029 D IHansComunication: HansComunication::addUid-- 10354, persistent--0
[2026-06-13T06:35:48.947Z] [ALL] 06-13 12:05:46.457  7763 13029 D IHansComunication: HANS sendMessageToKernel: threadId = 536992353456, netLinkSetup = 1, type = PKG, targetUid = 10354, pkgCmd = ADD_ONE_UID
[2026-06-13T06:35:48.947Z] [ALL] 06-13 12:05:46.459  1695  2752 I OplusHansManager : uid=10375, pkg=com.mpokket.app can transition from M to F
[2026-06-13T06:35:48.947Z] [ALL] 06-13 12:05:46.459  1695  2752 I OplusHansManager : uid=10375, pkg=com.mpokket.app F enter(), M stay=1
[2026-06-13T06:35:48.947Z] [ALL] 06-13 12:05:46.466 22840 16768 I BugleNotifications: Should alert: isNewMessage=true, isSuppressedByDitto=false, isUpdate=false [CONTEXT conversation_id="1143" PullHandler="TACHYON_REGISTRATION_TYPE_PHONE_NUMBER" ]
[2026-06-13T06:35:48.947Z] [ALL] 06-13 12:05:46.467 22840 16768 I BugleNotifications: RBM or Penpal or ESOS notifications are not bridged to wear devices. [CONTEXT conversation_id="1143" PullHandler="TACHYON_REGISTRATION_TYPE_PHONE_NUMBER" ]
[2026-06-13T06:35:48.947Z] [ALL] 06-13 12:05:46.467  1695  2752 I OplusHansManager : freeze uid: 10375 com.mpokket.app pids: [20213, 20627] IsolatedUid: [99210] scene: LcdOn
[2026-06-13T06:35:48.947Z] [ALL] 06-13 12:05:46.467  7763 13029 D IHansComunication: HansComunication::addUid-- 10375, persistent--0
[2026-06-13T06:35:48.947Z] [ALL] 06-13 12:05:46.467  7763 13029 D IHansComunication: HANS sendMessageToKernel: threadId = 536992353456, netLinkSetup = 1, type = PKG, targetUid = 10375, pkgCmd = ADD_ONE_UID
[2026-06-13T06:35:48.947Z] [ALL] 06-13 12:05:46.471 22840 16768 I BugleNotifications: Notification builder info created [CONTEXT conversation_id="1143" PullHandler="TACHYON_REGISTRATION_TYPE_PHONE_NUMBER" ]
[2026-06-13T06:35:48.980Z] [ALL] 06-13 12:05:46.497 17034 17034 E Parcel  : Attempt to read from protected data in Parcel 0x7ffc67a490
[2026-06-13T06:35:48.980Z] [ALL] 06-13 12:05:46.497 17034 17034 E Parcel  : Attempt to read from protected data in Parcel 0x7ffc67a490
[2026-06-13T06:35:48.980Z] [ALL] 06-13 12:05:46.497 17034 17034 E Parcel  : Attempt to read from protected data in Parcel 0x7ffc67a490
[2026-06-13T06:35:48.980Z] [ALL] 06-13 12:05:46.497 17034 17034 E Parcel  : Attempt to read from protected data in Parcel 0x7ffc67a490
[2026-06-13T06:35:48.980Z] [ALL] 06-13 12:05:46.497 17034 17034 E Parcel  : Attempt to read from protected data in Parcel 0x7ffc67a490
[2026-06-13T06:35:48.980Z] [ALL] 06-13 12:05:46.512 22840 16745 I BugleNotifications: Conversation specific info added to notification builder [CONTEXT notification_type="2" notification_tag="com.google.android.apps.messaging:incoming_message:1143" PullHandler="TACHYON_REGISTRATION_TYPE_PHONE_NUMBER" ]
[2026-06-13T06:35:48.980Z] [ALL] 06-13 12:05:46.518  1695  2379 D ConnectivityService: requestNetwork for uid/pid:10236/22840 activeRequest: null callbackRequest: 13616 [NetworkRequest [ REQUEST id=13617, [ Capabilities: INTERNET&NOT_RESTRICTED&TRUSTED&NOT_VCN_MANAGED Uid: 10236 RequestorUid: 10236 RequestorPkg: com.google.android.apps.messaging UnderlyingNetworks: Null] ]] callback flags: 0 order: 2147483647 isUidTracked: false declaredMethods: AVAIL|LOST
[2026-06-13T06:35:48.980Z] [ALL] 06-13 12:05:46.526  1695  2144 D WifiNetworkFactory: got request NetworkRequest [ REQUEST id=13617, [ Capabilities: INTERNET&NOT_RESTRICTED&TRUSTED&NOT_VCN_MANAGED Uid: 10236 RequestorUid: 10236 RequestorPkg: com.google.android.apps.messaging UnderlyingNetworks: Null] ]
[2026-06-13T06:35:48.980Z] [ALL] 06-13 12:05:46.527  1695  2144 D UntrustedWifiNetworkFactory: got request NetworkRequest [ REQUEST id=13617, [ Capabilities: INTERNET&NOT_RESTRICTED&TRUSTED&NOT_VCN_MANAGED Uid: 10236 RequestorUid: 10236 RequestorPkg: com.google.android.apps.messaging UnderlyingNetworks: Null] ]
[2026-06-13T06:35:48.980Z] [ALL] 06-13 12:05:46.528  1695  2144 D OemPaidWifiNetworkFactory: got request NetworkRequest [ REQUEST id=13617, [ Capabilities: INTERNET&NOT_RESTRICTED&TRUSTED&NOT_VCN_MANAGED Uid: 10236 RequestorUid: 10236 RequestorPkg: com.google.android.apps.messaging UnderlyingNetworks: Null] ]
[2026-06-13T06:35:48.980Z] [ALL] 06-13 12:05:46.528  1695  2144 D MultiInternetWifiNetworkFactory: got request NetworkRequest [ REQUEST id=13617, [ Capabilities: INTERNET&NOT_RESTRICTED&TRUSTED&NOT_VCN_MANAGED Uid: 10236 RequestorUid: 10236 RequestorPkg: com.google.android.apps.messaging UnderlyingNetworks: Null] ]
[2026-06-13T06:35:48.980Z] [ALL] 06-13 12:05:46.530  1695  2177 D ConnectivityService: NetReassign [13617 : null → 204] [c 1] [a 5] [i 5]
[2026-06-13T06:35:48.980Z] [ALL] 06-13 12:05:46.548 17041 17041 E Parcel  : Attempt to read from protected data in Parcel 0x7fedda2b50
[2026-06-13T06:35:48.980Z] [ALL] 06-13 12:05:46.548 17041 17041 E Parcel  : Attempt to read from protected data in Parcel 0x7fedda2b50
[2026-06-13T06:35:48.980Z] [ALL] 06-13 12:05:46.548 17041 17041 E Parcel  : Attempt to read from protected data in Parcel 0x7fedda2b50
[2026-06-13T06:35:48.980Z] [ALL] 06-13 12:05:46.548 17041 17041 E Parcel  : Attempt to read from protected data in Parcel 0x7fedda2b50
[2026-06-13T06:35:48.980Z] [ALL] 06-13 12:05:46.548 17041 17041 E Parcel  : Attempt to read from protected data in Parcel 0x7fedda2b50
[2026-06-13T06:35:49.012Z] [ALL] 06-13 12:05:46.559 22840 17045 I BugleImage: Local avatar uri authority is an internal authority. Using internal source policy for loading.
[2026-06-13T06:35:49.012Z] [ALL] 06-13 12:05:46.573 22840 16745 I NotificationStyler: Style info set on notification builder [CONTEXT conversation_id="1143" PullHandler="TACHYON_REGISTRATION_TYPE_PHONE_NUMBER" ]
[2026-06-13T06:35:49.012Z] [ALL] 06-13 12:05:46.580 22840 16745 I BugleNotifications: Actions and callbacks set on notification builder [CONTEXT PullHandler="TACHYON_REGISTRATION_TYPE_PHONE_NUMBER" ]
[2026-06-13T06:35:49.012Z] [ALL] 06-13 12:05:46.582 22840 16745 I BugleNotifications: Converted builderInfo to notification builder [CONTEXT notification_type="2" notification_tag="com.google.android.apps.messaging:incoming_message:1143" is_silent=false is_only_alert_once=false PullHandler="TACHYON_REGISTRATION_TYPE_PHONE_NUMBER" ]
[2026-06-13T06:35:49.012Z] [ALL] 06-13 12:05:46.583 22840 16745 W Notification: Bubbles work best with icons of TYPE_URI or TYPE_URI_ADAPTIVE_BITMAP. In the future, using an icon of this type will be required.
[2026-06-13T06:35:49.053Z] [ALL] 06-13 12:05:46.595  1695  2580 D NotificationService--NotificationRecord: isSupportRearLight , isRearLight = false mLedRM = false
[2026-06-13T06:35:49.053Z] [ALL] 06-13 12:05:46.598  1695  1695 D NotificationService--OplusNotificationManagerServiceExtImpl: isForwardToAssistants: true, case : Is local notification
[2026-06-13T06:35:49.053Z] [ALL] 06-13 12:05:46.598  1695  1695 D NotificationService: This application enqueue notifications is need postDelayed mcsAssistantDelayTime: 200
[2026-06-13T06:35:49.053Z] [ALL] 06-13 12:05:46.600 17046 17046 E Parcel  : Attempt to read from protected data in Parcel 0x7ff3131120
[2026-06-13T06:35:49.053Z] [ALL] 06-13 12:05:46.600 17046 17046 E Parcel  : Attempt to read from protected data in Parcel 0x7ff3131120
[2026-06-13T06:35:49.053Z] [ALL] 06-13 12:05:46.600 17046 17046 E Parcel  : Attempt to read from protected data in Parcel 0x7ff3131120
[2026-06-13T06:35:49.053Z] [ALL] 06-13 12:05:46.600 17046 17046 E Parcel  : Attempt to read from protected data in Parcel 0x7ff3131120
[2026-06-13T06:35:49.053Z] [ALL] 06-13 12:05:46.600 17046 17046 E Parcel  : Attempt to read from protected data in Parcel 0x7ff3131120
[2026-06-13T06:35:49.053Z] [ALL] 06-13 12:05:46.602 22840 16745 I CreateNotificationHandl: Notifying [CONTEXT notification_type="2" notification_tag="com.google.android.apps.messaging:incoming_message:1143" notification_shortcut="1143" notification_channel_id="bugle_default_channel" notification_importance=4 notification_actions="NAT_MARK_AS_READ,NAT_QUICK_REPLY" PullHandler="TACHYON_REGISTRATION_TYPE_PHONE_NUMBER" ]
[2026-06-13T06:35:49.053Z] [ALL] 06-13 12:05:46.604  1695  2043 D NotificationService--NotificationRecord: isSupportRearLight , isRearLight = false mLedRM = false
[2026-06-13T06:35:49.053Z] [ALL] 06-13 12:05:46.605  2944 13281 D androidtc: Initializing SystemTextClassifier, type = System
[2026-06-13T06:35:49.053Z] [ALL] 06-13 12:05:46.605  1695  1695 D NotificationService--OplusNotificationManagerServiceExtImpl: isForwardToAssistants: true, case : Is local notification
[2026-06-13T06:35:49.053Z] [ALL] 06-13 12:05:46.605  1695  1695 D NotificationService: This application enqueue notifications is need postDelayed mcsAssistantDelayTime: 200
[2026-06-13T06:35:49.102Z] [ALL] 06-13 12:05:46.607 22840 16745 I CreateNotificationHandl: Notifying [CONTEXT notification_type="7" notification_tag="incoming_message_group_key" notification_channel_id="bugle_default_channel" notification_importance=4 notification_actions="" PullHandler="TACHYON_REGISTRATION_TYPE_PHONE_NUMBER" ]
[2026-06-13T06:35:49.102Z] [ALL] 06-13 12:05:46.608 22840 16745 I BugleNotifications: Notification posted [CONTEXT notification_type="2" notification_tag="com.google.android.apps.messaging:incoming_message:1143" PullHandler="TACHYON_REGISTRATION_TYPE_PHONE_NUMBER" ]
[2026-06-13T06:35:49.102Z] [ALL] 06-13 12:05:46.608 22840 16745 I BugleNotifications: Notification posted [CONTEXT notification_type="7" notification_tag="incoming_message_group_key" PullHandler="TACHYON_REGISTRATION_TYPE_PHONE_NUMBER" ]
[2026-06-13T06:35:49.102Z] [ALL] 06-13 12:05:46.610 22840 16745 I BugleClearcutLogger: qosTierResolver for LOG_SPEC_RBM_ENGAGEMENT is null. Using DEFAULT QoS tier as there's no specific QoS configuration for this log spec. [CONTEXT PullHandler="TACHYON_REGISTRATION_TYPE_PHONE_NUMBER" ]
[2026-06-13T06:35:49.102Z] [ALL] 06-13 12:05:46.611   891   978 W AString : ctor got NULL, using empty string instead
[2026-06-13T06:35:49.102Z] [ALL] 06-13 12:05:46.611   891   978 I sensors-hal-SensorSavedChannel: [8916,-27447,4309]==>gyro_bias.json
[2026-06-13T06:35:49.102Z] [ALL] 06-13 12:05:46.616 10263 10263 I AiAiTextClassifier: onCreateTextClassificationSession = TextClassificationSessionId {8f237196-3ee6-410c-98eb-1ffb44648097}
[2026-06-13T06:35:49.102Z] [ALL] 06-13 12:05:46.618 22840 16795 I cn_CronetUrlRequestContext: destroyNativeStreamLocked org.chromium.net.impl.CronetBidirectionalStream@6ef4345
[2026-06-13T06:35:49.102Z] [ALL] 06-13 12:05:46.618 22840 16795 I cn_CronetUrlRequestContext: destroyNativeStreamLocked org.chromium.net.impl.CronetBidirectionalStream@6202fcb
[2026-06-13T06:35:49.102Z] [ALL] 06-13 12:05:46.619 22840 16745 I BugleNetwork: InboxMessageDispatcherImpl: Acked message messageId: 410185360613114111221200_2026-06-13 [CONTEXT PullHandler="TACHYON_REGISTRATION_TYPE_PHONE_NUMBER" ]
[2026-06-13T06:35:49.102Z] [ALL] 06-13 12:05:46.619 22840 16745 I BugleNetwork: End of pullMessagesForPhone
[2026-06-13T06:35:49.102Z] [ALL] 06-13 12:05:46.623 22840 16745 I ForegroundServiceTracke: starting foregroundService with type=none
[2026-06-13T06:35:49.102Z] [ALL] 06-13 12:05:46.623 22840 16773 I TachygramNetworkCapabil: [Tachygram] Capabilities are fetched from the network. Size: 5 [CONTEXT PullHandler="TACHYON_REGISTRATION_TYPE_PHONE_NUMBER" ]
[2026-06-13T06:35:49.102Z] [ALL] 06-13 12:05:46.624  1695  2043 W ActivityManager: Foreground service started from background can not have location/camera/microphone access: service com.google.android.apps.messaging/com.google.apps.tiktok.concurrent.InternalForegroundService
[2026-06-13T06:35:49.102Z] [ALL] 06-13 12:05:46.625 22840 16768 I BugleNetwork: TACHYON_REGISTRATION_TYPE_PHONE_NUMBER BindHandler: Start a new bind session and stream immediately, if it is not currently started.
[2026-06-13T06:35:49.102Z] [ALL] 06-13 12:05:46.626 22840 16749 I BugleNetwork: TACHYON_REGISTRATION_TYPE_PHONE_NUMBER BindHandler: Starting new receiveMessages
[2026-06-13T06:35:49.102Z] [ALL] 06-13 12:05:46.630 22840 16744 I BugleRcsCapabilities: Returned 5 capabilities for endpoint redacted-pii[54-chars] with timestamp 1781332546625 [CONTEXT PullHandler="TACHYON_REGISTRATION_TYPE_PHONE_NUMBER" ]
[2026-06-13T06:35:49.102Z] [ALL] 06-13 12:05:46.632 22840 16749 W NetworkStateMonitorMana: getSignalStrengthLevel: NetworkStateMonitor can't be registered for invalid subId -1.
[2026-06-13T06:35:49.102Z] [ALL] 06-13 12:05:46.636 22840 16773 I BugleNotifications: Saved current notification state [CONTEXT PullHandler="TACHYON_REGISTRATION_TYPE_PHONE_NUMBER" ]
[2026-06-13T06:35:49.102Z] [ALL] 06-13 12:05:46.645  7763  7793 E IHansComunication: HANS printMessageBody: RCV message: type = 0,port = 86870,caller_pid = 1129,caller_uid = 1047,target_pid = 24280,target_uid = 10354,pkg_cmd = -1,rpc = android.hardware.ICameraServiceListener/5
[2026-06-13T06:35:49.102Z] [ALL] 06-13 12:05:46.645  7763  7793 E IHansComunication: HANS printMessageBody: RCV message: type = 0,port = 86870,caller_pid = 1129,caller_uid = 1047,target_pid = 20213,target_uid = 10375,pkg_cmd = -1,rpc = android.hardware.ICameraServiceListener/5
[2026-06-13T06:35:49.102Z] [ALL] 06-13 12:05:46.649  1695  2771 I OplusHansManager : unfreeze uid: 10354 com.myntra.android pids: [24280, 24544] reason: AsyncBinder scene: LcdOn
[2026-06-13T06:35:49.102Z] [ALL] 06-13 12:05:46.653  7763  7793 E IHansComunication: HANS printMessageBody: RCV message: type = 0,port = 86870,caller_pid = 1129,caller_uid = 1047,target_pid = 20213,target_uid = 10375,pkg_cmd = -1,rpc = android.hardware.ICameraServiceListener/5
[2026-06-13T06:35:49.160Z] [ALL] 06-13 12:05:46.655 22840 16768 I WM-WorkerWrapper: Worker result SUCCESS for Work [ id=182c810d-a132-4689-9955-f824bc941f5e, tags={ com.google.android.apps.messaging.shared.datamodel.workqueue.WorkQueueWorkerShim,shared_notification_queue_name-NT_INCOMING_MESSAGE } ]
[2026-06-13T06:35:49.160Z] [ALL] 06-13 12:05:46.658 22840 22840 D WM-Processor: swv 182c810d-a132-4689-9955-f824bc941f5e executed; reschedule = false
[2026-06-13T06:35:49.160Z] [ALL] 06-13 12:05:46.659  1695  2752 I OplusHansManager : uid=10354, pkg=com.myntra.android, transition from F to Middle, reason=AsyncBinder
[2026-06-13T06:35:49.160Z] [ALL] 06-13 12:05:46.659  1695  2752 I OplusHansManager : uid=10354, pkg=com.myntra.android F exit(), F stay=0, reason=AsyncBinder
[2026-06-13T06:35:49.160Z] [ALL] 06-13 12:05:46.659  1695  2771 I OplusHansManager : unfreeze uid: 10375 com.mpokket.app pids: [20213, 20627] reason: AsyncBinder scene: LcdOn
[2026-06-13T06:35:49.160Z] [ALL] 06-13 12:05:46.660  1695  2752 I OplusHansManager : uid=10375, pkg=com.mpokket.app, transition from F to Middle, reason=AsyncBinder
[2026-06-13T06:35:49.160Z] [ALL] 06-13 12:05:46.660  1695  2752 I OplusHansManager : uid=10375, pkg=com.mpokket.app F exit(), F stay=0, reason=AsyncBinder
[2026-06-13T06:35:49.160Z] [ALL] 06-13 12:05:46.660  1695  2771 I OplusHansManager : forceUnfreezeByPid pid= 20213 reason= unfreezeForKernel: AsyncBinder
[2026-06-13T06:35:49.160Z] [ALL] 06-13 12:05:46.679 17050 17050 E Parcel  : Attempt to read from protected data in Parcel 0x7fef1dac40
[2026-06-13T06:35:49.160Z] [ALL] 06-13 12:05:46.679 22840 16768 D WM-GreedyScheduler: Cancelling work ID 182c810d-a132-4689-9955-f824bc941f5e
[2026-06-13T06:35:49.160Z] [ALL] 06-13 12:05:46.679 17050 17050 E Parcel  : Attempt to read from protected data in Parcel 0x7fef1dac40
[2026-06-13T06:35:49.160Z] [ALL] 06-13 12:05:46.679 17050 17050 E Parcel  : Attempt to read from protected data in Parcel 0x7fef1dac40
[2026-06-13T06:35:49.160Z] [ALL] 06-13 12:05:46.679 17050 17050 E Parcel  : Attempt to read from protected data in Parcel 0x7fef1dac40
[2026-06-13T06:35:49.160Z] [ALL] 06-13 12:05:46.679 17050 17050 E Parcel  : Attempt to read from protected data in Parcel 0x7fef1dac40
[2026-06-13T06:35:49.160Z] [ALL] 06-13 12:05:46.684 13227 13408 I appium  : channel read: POST /session/1d958382-6c27-4154-8ae4-4950394a5bc8/element
[2026-06-13T06:35:49.160Z] [ALL] 06-13 12:05:46.685 13227 13408 I appium  : FindElement command
[2026-06-13T06:35:49.160Z] [ALL] 06-13 12:05:46.686 13227 13408 I appium  : method: 'xpath', selector: '//*[@resource-id="nav_item_profile" or @content-desc="nav_item_profile"]'
[2026-06-13T06:35:49.160Z] [ALL] 06-13 12:05:46.686 13227 13408 I appium  : Waiting up to 10000ms for the device to idle
[2026-06-13T06:35:49.160Z] [ALL] 06-13 12:05:46.687 13227 13408 I appium  : The following attributes will be included to the page source: [content-desc, resource-id]
[2026-06-13T06:35:49.160Z] [ALL] 06-13 12:05:46.694 22840 16768 D WM-GreedyScheduler: Ignoring {WorkSpec: 1404cf32-9c55-4211-b47d-f138d0a0dc69}. Requires device idle.
[2026-06-13T06:35:49.160Z] [ALL] 06-13 12:05:46.694 22840 16768 D WM-GreedyScheduler: Ignoring {WorkSpec: bb6c6375-5ba0-467a-ba14-f481ccc1f641}. Requires ContentUri triggers.
[2026-06-13T06:35:49.160Z] [ALL] 06-13 12:05:46.694 22840 16768 D WM-GreedyScheduler: Ignoring {WorkSpec: b41c8a90-87b2-4543-a989-5421f1e89a9e}. Requires ContentUri triggers.
[2026-06-13T06:35:49.160Z] [ALL] 06-13 12:05:46.694 22840 16768 D WM-GreedyScheduler: Ignoring {WorkSpec: e06f5e5c-5dfc-4089-bebf-cc3459e336f0}. Requires device idle.
[2026-06-13T06:35:49.160Z] [ALL] 06-13 12:05:46.694 22840 16768 D WM-GreedyScheduler: Starting tracking for c6fdba71-5b75-451c-87a6-b41febe38189
[2026-06-13T06:35:49.203Z] [ALL] 06-13 12:05:46.708  2744  4346 D MmsSmsProvider: VerificationCode isAllowAccess = false
[2026-06-13T06:35:49.203Z] [ALL] 06-13 12:05:46.738 17054 17054 E Parcel  : Attempt to read from protected data in Parcel 0x7fe517a9a0
[2026-06-13T06:35:49.203Z] [ALL] 06-13 12:05:46.739 17054 17054 E Parcel  : Attempt to read from protected data in Parcel 0x7fe517a9a0
[2026-06-13T06:35:49.203Z] [ALL] 06-13 12:05:46.739 17054 17054 E Parcel  : Attempt to read from protected data in Parcel 0x7fe517a9a0
[2026-06-13T06:35:49.203Z] [ALL] 06-13 12:05:46.739 17054 17054 E Parcel  : Attempt to read from protected data in Parcel 0x7fe517a9a0
[2026-06-13T06:35:49.203Z] [ALL] 06-13 12:05:46.739 17054 17054 E Parcel  : Attempt to read from protected data in Parcel 0x7fe517a9a0
[2026-06-13T06:35:49.203Z] [ALL] 06-13 12:05:46.751  1695  1763 W NotificationHistory: Attempted to remove conversation for locked/gone/disabled user 0
[2026-06-13T06:35:49.257Z] [ALL] 06-13 12:05:46.803  1695  1695 D AudioManagerExtImpl: getStreamVolume packageName=android, index=0, streamType=5
[2026-06-13T06:35:49.257Z] [ALL] 06-13 12:05:46.803  1695  1695 D NotificationService: vibrateLinearmotorIfNeed, content://settings/system/notification_sound
[2026-06-13T06:35:49.257Z] [ALL] 06-13 12:05:46.804  1695  1695 I OplusStatusBarManagerServiceEnhance:  getTopIsFullscreen mTopIsFullscreen: false
[2026-06-13T06:35:49.309Z] [ALL] 06-13 12:05:46.809  1695  1695 W NotificationHistory: Attempted to add notif for locked/gone/disabled user 0
[2026-06-13T06:35:49.309Z] [ALL] 06-13 12:05:46.811  1695  1695 I OplusStatusBarManagerServiceEnhance:  getTopIsFullscreen mTopIsFullscreen: false
[2026-06-13T06:35:49.309Z] [ALL] 06-13 12:05:46.814 17058 17058 E Parcel  : Attempt to read from protected data in Parcel 0x7fc85482f0
[2026-06-13T06:35:49.309Z] [ALL] 06-13 12:05:46.814 17058 17058 E Parcel  : Attempt to read from protected data in Parcel 0x7fc85482f0
[2026-06-13T06:35:49.309Z] [ALL] 06-13 12:05:46.814 17058 17058 E Parcel  : Attempt to read from protected data in Parcel 0x7fc85482f0
[2026-06-13T06:35:49.309Z] [ALL] 06-13 12:05:46.814 17058 17058 E Parcel  : Attempt to read from protected data in Parcel 0x7fc85482f0
[2026-06-13T06:35:49.309Z] [ALL] 06-13 12:05:46.814 17058 17058 E Parcel  : Attempt to read from protected data in Parcel 0x7fc85482f0
[2026-06-13T06:35:49.309Z] [ALL] 06-13 12:05:46.816 13227 13408 I appium  : Took 0ms to retrieve 0 matches for '//*[@resource-id="nav_item_profile" or @content-desc="nav_item_profile"]' XPath2 query
[2026-06-13T06:35:49.309Z] [ALL] 06-13 12:05:46.817 13227 13408 I appium  : AppiumResponse: {"sessionId":"1d958382-6c27-4154-8ae4-4950394a5bc8","value":{"error":"no such element","message":"An element could not be located on the page using the given search parameters","stacktrace":"io.appium.uiautomator2.common.exceptions.ElementNotFoundException: An element could not be located on the page using the given search parameters\n\tat io.appium.uiautomator2.utils.ElementLocationHelpers.findElement(ElementLocationHelpers.java:153)\n\tat io.appium.uiautomator2.handler.FindElement.safeHandle(FindElement.java:60)\n\tat io.appium.uiautomator2.handler.request.SafeRequestHandler.handle(SafeRequestHandler.java:59)\n\tat io.appium.uiautomator2.server.AppiumServlet.handleRequest(AppiumServlet.java:267)\n\tat io.appium.uiautomator2.server.AppiumServlet.handleHttpRequest(AppiumServlet.java:261)\n\tat io.appium.uiautomator2.http.ServerHandler.channelRead(ServerHandler.java:77)\n\tat io.netty.channel.AbstractChannelHandlerContext.fireChannelRead(AbstractChannelHandlerContext.java:357)\n\tat io.netty.handler.codec.MessageToMessageDecoder.channelRead(MessageToMessageDecoder.java:107)\n\tat io.netty.channel.AbstractChannelHandlerContext.fireChannelRead(AbstractChannelHandlerContext.java:357)\n\tat io.netty.channel.CombinedChannelDuplexHandler$DelegatingChannelHandlerContext.fireChannelRead(CombinedChannelDuplexHandler.java:434)\n\tat io.netty.handler.codec.ByteToMessageDecoder.fireChannelRead(ByteToMessageDecoder.java:361)\n\tat io.netty.handler.codec.ByteToMessageDecoder.channelRead(ByteToMessageDecoder.java:325)\n\tat io.netty.channel.CombinedChannelDuplexHandler.channelRead(CombinedChannelDuplexHandler.java:249)\n\tat io.netty.channel.AbstractChannelHandlerContext.fireChannelRead(AbstractChannelHandlerContext.java:355)\n\tat io.netty.handler.timeout.IdleStateHandler.channelRead(IdleStateHandler.java:288)\n\tat io.netty.channel.AbstractChannelHandlerContext.fireChannelRead(AbstractChannelHandlerContext.java:355)\n\tat io.netty.channel.DefaultChannelPipeline$HeadContext.channelRead(DefaultChannelPipeline.java:1429)\n\tat io.netty.channel.DefaultChannelPipeline.fireChannelRead(DefaultChannelPipeline.java:918)\n\tat io.netty.channel.nio.AbstractNioByteChannel$NioByteUnsafe.read(AbstractNioByteChannel.java:176)\n\tat io.netty.channel.nio.AbstractNioChannel$AbstractNioUnsafe.handle(AbstractNioChannel.java:445)\n\tat io.netty.channel.nio.NioIoHandler$DefaultNioRegistration.handle(NioIoHandler.java:388)\n\tat io.netty.channel.nio.NioIoHandler.processSelectedKey(NioIoHandler.java:596)\n\tat io.netty.channel.nio.NioIoHandler.processSelectedKeysOptimized(NioIoHandler.java:571)\n\tat io.netty.channel.nio.NioIoHandler.processSelectedKeys(NioIoHandler.java:512)\n\tat io.netty.channel.nio.NioIoHandler.run(NioIoHandler.java:484)\n\tat io.netty.channel.SingleThreadIoEventLoop.runIo(SingleThreadIoEventLoop.java:225)\n\tat io.netty.channel.SingleThreadIoEventLoop.run(SingleThreadIoEventLoop.java:196)\n\tat io.netty.util.concurrent.SingleThreadEventExecutor$5.run(SingleThreadEventExecutor.java:1195)\n\tat io.netty.util.internal.ThreadExecutorMap$2.run(ThreadExecutorMap.java:74)\n\tat io.netty.util.concurrent.FastThreadLocalRunnable.run(FastThreadLocalRunnable.java:30)\n\tat java.lang.Thread.run(Thread.java:1572)\n"}}
[2026-06-13T06:35:49.309Z] [ALL] 06-13 12:05:46.824 24312 24312 D NLService: The notifications buffer size has reached its maximum size of 100 items. Shrinking it in order to satisfy the constraints.
[2026-06-13T06:35:49.309Z] [ALL] 06-13 12:05:46.824 24312 24312 D NLService: Successfully stored the newly arrived notification identified by 2
[2026-06-13T06:35:49.309Z] [ALL] 06-13 12:05:46.826 24312 24312 D NLService: The notifications buffer size has reached its maximum size of 100 items. Shrinking it in order to satisfy the constraints.
[2026-06-13T06:35:49.309Z] [ALL] 06-13 12:05:46.826 24312 24312 D NLService: Successfully stored the newly arrived notification identified by 7
[2026-06-13T06:35:49.309Z] [ALL] 06-13 12:05:46.863  1695  3175 D NotificationService--OplusNavigationManager: Notification--isSuppressedByDriveMode--userId:-1,mode:false
[2026-06-13T06:35:49.351Z] [ALL] 06-13 12:05:46.870  2376  2607 D PeopleSpaceWidgetMgr: No app widget ids returned
[2026-06-13T06:35:49.351Z] [ALL] 06-13 12:05:46.879  2376  2376 D InterruptionStateProvider: No alerting: suppressed due to group alert behavior
[2026-06-13T06:35:49.351Z] [ALL] 06-13 12:05:46.880  1695  1725 D SensorService: onUidStateChanged uid = 10320, state = UID_STATE_ACTIVE
[2026-06-13T06:35:49.351Z] [ALL] 06-13 12:05:46.881  2376  2376 D InterruptionStateProvider: No alerting: suppressed due to group alert behavior
[2026-06-13T06:35:49.351Z] [ALL] 06-13 12:05:46.881  2376  2607 D PeopleSpaceWidgetMgr: Sbn doesn't contain valid PeopleTileKey: null/0/com.google.android.apps.messaging
[2026-06-13T06:35:49.351Z] [ALL] 06-13 12:05:46.883 17063 17063 E Parcel  : Attempt to read from protected data in Parcel 0x7feaf9bde0
[2026-06-13T06:35:49.351Z] [ALL] 06-13 12:05:46.883 17063 17063 E Parcel  : Attempt to read from protected data in Parcel 0x7feaf9bde0
[2026-06-13T06:35:49.351Z] [ALL] 06-13 12:05:46.883 17063 17063 E Parcel  : Attempt to read from protected data in Parcel 0x7feaf9bde0
[2026-06-13T06:35:49.351Z] [ALL] 06-13 12:05:46.883 17063 17063 E Parcel  : Attempt to read from protected data in Parcel 0x7feaf9bde0
[2026-06-13T06:35:49.351Z] [ALL] 06-13 12:05:46.883 17063 17063 E Parcel  : Attempt to read from protected data in Parcel 0x7feaf9bde0
[2026-06-13T06:35:49.395Z] [ALL] 06-13 12:05:46.917  2376  2696 D LocalImageResolver: Couldn't use ImageDecoder for drawable, falling back to non-resized load.
[2026-06-13T06:35:49.395Z] [ALL] 06-13 12:05:46.923  1695  2752 I OplusHansManager : uid=10349, pkg=io.appium.uiautomator2.server can transition from M to F
[2026-06-13T06:35:49.395Z] [ALL] 06-13 12:05:46.923  1695  2752 I OplusHansManager : uid=10349, pkg=io.appium.uiautomator2.server F enter(), M stay=1
[2026-06-13T06:35:49.395Z] [ALL] 06-13 12:05:46.924  1695  2752 I OplusHansManager : freeze uid: 10349 io.appium.uiautomator2.server pids: [13227] scene: LcdOn
[2026-06-13T06:35:49.395Z] [ALL] 06-13 12:05:46.925  7763 13029 D IHansComunication: HansComunication::addUid-- 10349, persistent--0
[2026-06-13T06:35:49.395Z] [ALL] 06-13 12:05:46.925  7763 13029 D IHansComunication: HANS sendMessageToKernel: threadId = 536992353456, netLinkSetup = 1, type = PKG, targetUid = 10349, pkgCmd = ADD_ONE_UID
[2026-06-13T06:35:49.395Z] [ALL] 06-13 12:05:46.932  2376  2696 D LocalImageResolver: Couldn't use ImageDecoder for drawable, falling back to non-resized load.
[2026-06-13T06:35:49.432Z] [ALL] 06-13 12:05:46.946 17067 17067 E Parcel  : Attempt to read from protected data in Parcel 0x7ffc9c1b10
[2026-06-13T06:35:49.432Z] [ALL] 06-13 12:05:46.946 17067 17067 E Parcel  : Attempt to read from protected data in Parcel 0x7ffc9c1b10
[2026-06-13T06:35:49.432Z] [ALL] 06-13 12:05:46.946 17067 17067 E Parcel  : Attempt to read from protected data in Parcel 0x7ffc9c1b10
[2026-06-13T06:35:49.432Z] [ALL] 06-13 12:05:46.946 17067 17067 E Parcel  : Attempt to read from protected data in Parcel 0x7ffc9c1b10
[2026-06-13T06:35:49.432Z] [ALL] 06-13 12:05:46.946 17067 17067 E Parcel  : Attempt to read from protected data in Parcel 0x7ffc9c1b10
[2026-06-13T06:35:49.432Z] [ALL] 06-13 12:05:46.952  2376  2696 D LocalImageResolver: Couldn't use ImageDecoder for drawable, falling back to non-resized load.
[2026-06-13T06:35:49.432Z] [ALL] 06-13 12:05:46.971  2376  2696 D LocalImageResolver: Couldn't use ImageDecoder for drawable, falling back to non-resized load.
[2026-06-13T06:35:49.432Z] [ALL] 06-13 12:05:46.973 22840 22840 W FinalizerDaemon: type=1400 audit(0.0:13771): avc: denied { getopt } for path="/dev/socket/usap_pool_primary" scontext=u:r:priv_app:s0:c512,c768 tcontext=u:r:zygote:s0 tclass=unix_stream_socket permissive=0 app=com.google.android.apps.messaging
[2026-06-13T06:35:49.476Z] [ALL] 06-13 12:05:47.002 17072 17072 E Parcel  : Attempt to read from protected data in Parcel 0x7fd37ce880
[2026-06-13T06:35:49.476Z] [ALL] 06-13 12:05:47.002 17072 17072 E Parcel  : Attempt to read from protected data in Parcel 0x7fd37ce880
[2026-06-13T06:35:49.476Z] [ALL] 06-13 12:05:47.002 17072 17072 E Parcel  : Attempt to read from protected data in Parcel 0x7fd37ce880
[2026-06-13T06:35:49.476Z] [ALL] 06-13 12:05:47.002 17072 17072 E Parcel  : Attempt to read from protected data in Parcel 0x7fd37ce880
[2026-06-13T06:35:49.476Z] [ALL] 06-13 12:05:47.002 17072 17072 E Parcel  : Attempt to read from protected data in Parcel 0x7fd37ce880
[2026-06-13T06:35:49.515Z] [ALL] 06-13 12:05:47.032  2376  2376 D CursorFeedback: editorDetachFromWindow android.widget.Editor@bdbeca6
[2026-06-13T06:35:49.515Z] [ALL] 06-13 12:05:47.033  2376  2376 D CursorFeedback: editorDetachFromWindow android.widget.Editor@d2286e7
[2026-06-13T06:35:49.515Z] [ALL] 06-13 12:05:47.048  2376  2376 W TouchableRegionManager: onHeadsUpPinnedModeChanged
[2026-06-13T06:35:49.515Z] [ALL] 06-13 12:05:47.054  2376  2376 D NotificationShadeWindowController: notifyUiSwitched 0
[2026-06-13T06:35:49.515Z] [ALL] 06-13 12:05:47.055  2376  2376 D StatusBar: Received new disable state: enaihbcrso.qingr (unchanged)
[2026-06-13T06:35:49.515Z] [ALL] 06-13 12:05:47.055 22840 16795 I cn_CronetUrlRequestContext: destroyNativeStreamLocked org.chromium.net.impl.CronetBidirectionalStream@92af5b0
[2026-06-13T06:35:49.515Z] [ALL] 06-13 12:05:47.055  1695  2379 D OplusUIFirst: set slide boost in system ui
[2026-06-13T06:35:49.515Z] [ALL] 06-13 12:05:47.056  2376  2376 I AutoHideController: suspendAutoHide: removeAutoHide
[2026-06-13T06:35:49.515Z] [ALL] 06-13 12:05:47.056  1695  2379 D OplusUIFirst_FB: com.android.systemui toForeOps: []
[2026-06-13T06:35:49.515Z] [ALL] 06-13 12:05:47.056  1695  2379 D OplusUIFirst_FB: List of ThreadOp: size=0 []
[2026-06-13T06:35:49.515Z] [ALL] 06-13 12:05:47.057  1695  3175 D OplusUIFirst: disable slide boost in system ui
[2026-06-13T06:35:49.515Z] [ALL] 06-13 12:05:47.057 22840 16744 I TachygramNetworkCapabil: [Tachygram] Capabilities are fetched from the network. Size: 5 [CONTEXT PullHandler="TACHYON_REGISTRATION_TYPE_PHONE_NUMBER" ]
[2026-06-13T06:35:49.515Z] [ALL] 06-13 12:05:47.058  1695  3175 D OplusUIFirst_FB: com.android.systemui moveToBack 2376
[2026-06-13T06:35:49.515Z] [ALL] 06-13 12:05:47.059 17077 17077 E Parcel  : Attempt to read from protected data in Parcel 0x7fcb9555f0
[2026-06-13T06:35:49.515Z] [ALL] 06-13 12:05:47.059 17077 17077 E Parcel  : Attempt to read from protected data in Parcel 0x7fcb9555f0
[2026-06-13T06:35:49.515Z] [ALL] 06-13 12:05:47.059 17077 17077 E Parcel  : Attempt to read from protected data in Parcel 0x7fcb9555f0
[2026-06-13T06:35:49.515Z] [ALL] 06-13 12:05:47.059 17077 17077 E Parcel  : Attempt to read from protected data in Parcel 0x7fcb9555f0
[2026-06-13T06:35:49.515Z] [ALL] 06-13 12:05:47.059 17077 17077 E Parcel  : Attempt to read from protected data in Parcel 0x7fcb9555f0
[2026-06-13T06:35:49.563Z] [ALL] 06-13 12:05:47.089  1695  2580 V WindowManager: Relayout Window{173d887 u0 NotificationShade}: viewVisibility=4, oldvis=4, req=1080x2400
[2026-06-13T06:35:49.563Z] [ALL] 06-13 12:05:47.091  1000  3424 D SurfaceFlinger: kickIdle 1762, 1738, 35, 0
[2026-06-13T06:35:49.563Z] [ALL] 06-13 12:05:47.092   882   882 E hwcomposer: [DRMDEV] DRM_IOCTL_MTK_KICK_IDLE failed, drm_id_crtc: 64, error: -1  
[2026-06-13T06:35:49.563Z] [ALL] 06-13 12:05:47.096  2376  2376 W View    : requestLayout() improperly called by android.widget.ImageView{7adae6a V.ED..... ......I. 0,0-0,0 viewInfo = } during layout: running second layout pass
[2026-06-13T06:35:49.563Z] [ALL] 06-13 12:05:47.096  2376  2376 W View    : requestLayout() improperly called by android.view.NotificationHeaderView{96fb8bc V.E...... ......ID 0,0-998,133 #10203e7 android:id/notification_header viewInfo = } during layout: running second layout pass
[2026-06-13T06:35:49.563Z] [ALL] 06-13 12:05:47.096  2376  2376 W View    : requestLayout() improperly called by android.widget.ImageView{d88a3b0 V.ED..... ......I. 0,0-0,0 viewInfo = } during layout: running second layout pass
[2026-06-13T06:35:49.563Z] [ALL] 06-13 12:05:47.096  2376  2376 W View    : requestLayout() improperly called by android.view.NotificationHeaderView{36308a V.E...... ......ID 0,0-998,133 #10203e7 android:id/notification_header viewInfo = } during layout: running second layout pass
[2026-06-13T06:35:49.563Z] [ALL] 06-13 12:05:47.096  2376  2376 W View    : requestLayout() improperly called by android.widget.ImageView{f2261d4 V.ED..... ......I. 0,0-0,0 viewInfo = } during layout: running second layout pass
[2026-06-13T06:35:49.563Z] [ALL] 06-13 12:05:47.096  2376  2376 W View    : requestLayout() improperly called by android.view.NotificationHeaderView{d04f7d7 V.E...... ......ID 0,0-998,133 #10203e7 android:id/notification_header viewInfo = } during layout: running second layout pass
[2026-06-13T06:35:49.563Z] [ALL] 06-13 12:05:47.103  1695  2352 V WindowManager: Relayout Window{c1e4502 u0 StatusBar}: viewVisibility=0, oldvis=0, req=1080x107
[2026-06-13T06:35:49.619Z] [ALL] 06-13 12:05:47.111  2376  2376 W UXUtils : set ux flag-->switch to MainThread: setFlag = 10000, old flag = 0, open = false
[2026-06-13T06:35:49.619Z] [ALL] 06-13 12:05:47.111  2376  2376 D UXUtils : set ux flag--> setFlag = 10000, old flag = 0, open = false, cal = 0
[2026-06-13T06:35:49.619Z] [ALL] 06-13 12:05:47.112  2376  2376 W UXUtils : set ux flag-->switch to MainThread: setFlag = 10000, old flag = 0, open = false
[2026-06-13T06:35:49.619Z] [ALL] 06-13 12:05:47.112  2376  2376 D UXUtils : set ux flag--> setFlag = 10000, old flag = 0, open = false, cal = 0
[2026-06-13T06:35:49.619Z] [ALL] 06-13 12:05:47.113  1695  2352 D OplusUIFirst: set slide boost in system ui
[2026-06-13T06:35:49.619Z] [ALL] 06-13 12:05:47.113  1695  2352 D OplusUIFirst_FB: com.android.systemui toForeOps: []
[2026-06-13T06:35:49.619Z] [ALL] 06-13 12:05:47.113  1695  2352 D OplusUIFirst_FB: List of ThreadOp: size=0 []
[2026-06-13T06:35:49.619Z] [ALL] 06-13 12:05:47.116  2376  2376 I AodRootLayout: onKeyguardWindowVisibilityChanged: visible true
[2026-06-13T06:35:49.619Z] [ALL] 06-13 12:05:47.116  1000  1000 D Layer   : reparent to null sequence=12624, seq[1], name=Surface(name=c1e4502 StatusBar)/@0x2c9b428 - animation-leash of insets_animation#12624
[2026-06-13T06:35:49.619Z] [ALL] 06-13 12:05:47.118  1695  2349 V WindowManager: Relayout Window{173d887 u0 NotificationShade}: viewVisibility=0, oldvis=4, req=1080x2400
[2026-06-13T06:35:49.619Z] [ALL] 06-13 12:05:47.118  1695  2349 I WindowManager: Window{173d887 u0 NotificationShade} state from NO_SURFACE to DRAW_PENDING; reason: resetDrawState
[2026-06-13T06:35:49.619Z] [ALL] 06-13 12:05:47.118  1000  3424 I BufferQueueDebug: [NotificationShade#12633](this:0xb4000071abbe09e8,id:-1,api:0,p:-1,c:-1) BufferQueue core=(1000:/system/bin/surfaceflinger)
[2026-06-13T06:35:49.619Z] [ALL] 06-13 12:05:47.124  2376  2376 D BufferQueueConsumer: [](id:948000003a8,api:0,p:-1,c:2376) connect: controlledByApp=false
[2026-06-13T06:35:49.619Z] [ALL] 06-13 12:05:47.124  2376  2376 E IPCThreadState: attemptIncStrongHandle(348): Not supported
[2026-06-13T06:35:49.619Z] [ALL] 06-13 12:05:47.124  2376  2376 D ViewRootImplExtImpl: setUndequeuedBufferCount: 4
[2026-06-13T06:35:49.619Z] [ALL] 06-13 12:05:47.125  2376  2376 I AodRootLayout: onGlobalLayout visibility=8, screenOn true
[2026-06-13T06:35:49.619Z] [ALL] 06-13 12:05:47.131  2376  2376 D VRI[NotificationShade]: registerCallbacksForSync syncBuffer=false
[2026-06-13T06:35:49.619Z] [ALL] 06-13 12:05:47.138 17081 17081 E Parcel  : Attempt to read from protected data in Parcel 0x7fef3c1190
[2026-06-13T06:35:49.619Z] [ALL] 06-13 12:05:47.138 17081 17081 E Parcel  : Attempt to read from protected data in Parcel 0x7fef3c1190
[2026-06-13T06:35:49.619Z] [ALL] 06-13 12:05:47.138 17081 17081 E Parcel  : Attempt to read from protected data in Parcel 0x7fef3c1190
[2026-06-13T06:35:49.619Z] [ALL] 06-13 12:05:47.138 17081 17081 E Parcel  : Attempt to read from protected data in Parcel 0x7fef3c1190
[2026-06-13T06:35:49.619Z] [ALL] 06-13 12:05:47.138 17081 17081 E Parcel  : Attempt to read from protected data in Parcel 0x7fef3c1190
[2026-06-13T06:35:49.619Z] [ALL] 06-13 12:05:47.142  2376  2599 D BLASTBufferQueue: [VRI[NotificationShade]#864](f:0,a:1) acquireNextBufferLocked size=1080x2400 mFrameNumber=1 applyTransaction=true mTimestamp=118148466150580(auto) mPendingTransactions.size=0 graphicBufferId=10204842301979 transform=0
[2026-06-13T06:35:49.619Z] [ALL] 06-13 12:05:47.142  2376  2599 D VRI[NotificationShade]: Received frameCommittedCallback lastAttemptedDrawFrameNum=1 didProduceBuffer=true syncBuffer=false
[2026-06-13T06:35:49.619Z] [ALL] 06-13 12:05:47.142  2376  2376 D VRI[NotificationShade]: draw finished.
[2026-06-13T06:35:49.619Z] [ALL] 06-13 12:05:47.142  2376  2376 D ViewRootImplExtImpl: setMaxDequeuedBufferCount: 2
[2026-06-13T06:35:49.619Z] [ALL] 06-13 12:05:47.143  1695  3175 I WindowManager: Window{173d887 u0 NotificationShade} state from DRAW_PENDING to COMMIT_DRAW_PENDING; reason: finishDrawingLocked
[2026-06-13T06:35:49.619Z] [ALL] 06-13 12:05:47.143  1695  3175 D WindowManager: finishDrawingLocked forceApplyNow=false,2,Window{173d887 u0 NotificationShade}
[2026-06-13T06:35:49.619Z] [ALL] 06-13 12:05:47.144  2376  2376 W UXUtils : set ux flag-->switch to MainThread: setFlag = 10000, old flag = 0, open = true
[2026-06-13T06:35:49.619Z] [ALL] 06-13 12:05:47.144  2376  2376 D UXUtils : set ux flag--> setFlag = 10000, old flag = 0, open = true, cal = 10000
[2026-06-13T06:35:49.619Z] [ALL] 06-13 12:05:47.144  2376  2376 W UXUtils : set ux flag--> has AMS_TOP_UI, don't do anything , ams will anto set top-ui
[2026-06-13T06:35:49.619Z] [ALL] 06-13 12:05:47.145  1695  1728 I WindowManager: Window{173d887 u0 NotificationShade} state from COMMIT_DRAW_PENDING to READY_TO_SHOW; reason: commitFinishDrawingLocked
[2026-06-13T06:35:49.619Z] [ALL] 06-13 12:05:47.145  1695  1728 I WindowManager: Window{173d887 u0 NotificationShade} state from READY_TO_SHOW to HAS_DRAWN; reason: performShowLocked
[2026-06-13T06:35:49.619Z] [ALL] 06-13 12:05:47.149  1000  1000 D BufferStateLayer: NotificationShade#12633 setBuffer frameId=1, bufferId=10204842301979 fenceId=481, w= 1080, h=2400
[2026-06-13T06:35:49.619Z] [ALL] 06-13 12:05:47.150  1000  1000 D OplusLayer: (12633,NotificationShade#12633,com.android.systemui) setBuffer
[2026-06-13T06:35:49.619Z] [ALL] 06-13 12:05:47.154  7763  7793 E IHansComunication: HANS printMessageBody: RCV message: type = 0,port = 86870,caller_pid = 1695,caller_uid = 1000,target_pid = 13227,target_uid = 10349,pkg_cmd = -1,rpc = android.accessibilityservice.IAccessibilityServiceClient/2
[2026-06-13T06:35:49.619Z] [ALL] 06-13 12:05:47.154  7763  7793 E IHansComunication: HANS printMessageBody: RCV message: type = 0,port = 86870,caller_pid = 1695,caller_uid = 1000,target_pid = 13227,target_uid = 10349,pkg_cmd = -1,rpc = android.accessibilityservice.IAccessibilityServiceClient/2
[2026-06-13T06:35:49.619Z] [ALL] 06-13 12:05:47.155  1695  2771 I OplusHansManager : unfreeze uid: 10349 io.appium.uiautomator2.server pids: [13227] reason: AsyncBinder scene: LcdOn
[2026-06-13T06:35:49.619Z] [ALL] 06-13 12:05:47.156  1695  2752 I OplusHansManager : uid=10349, pkg=io.appium.uiautomator2.server, transition from F to Middle, reason=AsyncBinder
[2026-06-13T06:35:49.619Z] [ALL] 06-13 12:05:47.157  1695  2771 I OplusHansManager : forceUnfreezeByPid pid= 13227 reason= unfreezeForKernel: AsyncBinder
[2026-06-13T06:35:49.619Z] [ALL] 06-13 12:05:47.156  1695  2752 I OplusHansManager : uid=10349, pkg=io.appium.uiautomator2.server F exit(), F stay=0, reason=AsyncBinder
[2026-06-13T06:35:49.670Z] [ALL] 06-13 12:05:47.191 22840 16709 I BugleNotifications: Set shortcut badge counter to 2577 [CONTEXT PullHandler="TACHYON_REGISTRATION_TYPE_PHONE_NUMBER" ]
[2026-06-13T06:35:49.670Z] [ALL] 06-13 12:05:47.199 22840 16749 I WM-WorkerWrapper: Worker result SUCCESS for Work [ id=ee2f05c5-b39c-4ea4-abf0-5bf68128bfb3, tags={ com.google.android.apps.messaging.shared.datamodel.workqueue.WorkQueueWorkerShim,update_unread_counter- } ]
[2026-06-13T06:35:49.670Z] [ALL] 06-13 12:05:47.206 22840 22840 D WM-Processor: swv ee2f05c5-b39c-4ea4-abf0-5bf68128bfb3 executed; reschedule = false
[2026-06-13T06:35:49.670Z] [ALL] 06-13 12:05:47.207 17087 17087 E Parcel  : Attempt to read from protected data in Parcel 0x7ffbdb5390
[2026-06-13T06:35:49.670Z] [ALL] 06-13 12:05:47.207 17087 17087 E Parcel  : Attempt to read from protected data in Parcel 0x7ffbdb5390
[2026-06-13T06:35:49.670Z] [ALL] 06-13 12:05:47.207 17087 17087 E Parcel  : Attempt to read from protected data in Parcel 0x7ffbdb5390
[2026-06-13T06:35:49.670Z] [ALL] 06-13 12:05:47.207 17087 17087 E Parcel  : Attempt to read from protected data in Parcel 0x7ffbdb5390
[2026-06-13T06:35:49.670Z] [ALL] 06-13 12:05:47.207 17087 17087 E Parcel  : Attempt to read from protected data in Parcel 0x7ffbdb5390
[2026-06-13T06:35:49.670Z] [ALL] 06-13 12:05:47.211 22840 16749 D WM-GreedyScheduler: Cancelling work ID ee2f05c5-b39c-4ea4-abf0-5bf68128bfb3
[2026-06-13T06:35:49.726Z] [ALL] 06-13 12:05:47.215 22840 16749 D WM-GreedyScheduler: Ignoring {WorkSpec: 1404cf32-9c55-4211-b47d-f138d0a0dc69}. Requires device idle.
[2026-06-13T06:35:49.726Z] [ALL] 06-13 12:05:47.215 22840 16749 D WM-GreedyScheduler: Ignoring {WorkSpec: bb6c6375-5ba0-467a-ba14-f481ccc1f641}. Requires ContentUri triggers.
[2026-06-13T06:35:49.726Z] [ALL] 06-13 12:05:47.215 22840 16749 D WM-GreedyScheduler: Ignoring {WorkSpec: b41c8a90-87b2-4543-a989-5421f1e89a9e}. Requires ContentUri triggers.
[2026-06-13T06:35:49.726Z] [ALL] 06-13 12:05:47.215 22840 16749 D WM-GreedyScheduler: Ignoring {WorkSpec: e06f5e5c-5dfc-4089-bebf-cc3459e336f0}. Requires device idle.
[2026-06-13T06:35:49.726Z] [ALL] 06-13 12:05:47.215 22840 16749 D WM-GreedyScheduler: Starting tracking for c6fdba71-5b75-451c-87a6-b41febe38189
[2026-06-13T06:35:49.726Z] [ALL] 06-13 12:05:47.268 17091 17091 E Parcel  : Attempt to read from protected data in Parcel 0x7febb338d0
[2026-06-13T06:35:49.726Z] [ALL] 06-13 12:05:47.268 17091 17091 E Parcel  : Attempt to read from protected data in Parcel 0x7febb338d0
[2026-06-13T06:35:49.726Z] [ALL] 06-13 12:05:47.268 17091 17091 E Parcel  : Attempt to read from protected data in Parcel 0x7febb338d0
[2026-06-13T06:35:49.726Z] [ALL] 06-13 12:05:47.268 17091 17091 E Parcel  : Attempt to read from protected data in Parcel 0x7febb338d0
[2026-06-13T06:35:49.726Z] [ALL] 06-13 12:05:47.268 17091 17091 E Parcel  : Attempt to read from protected data in Parcel 0x7febb338d0
[2026-06-13T06:35:49.773Z] [ALL] 06-13 12:05:47.304  1695 17059 D VibratorManagerServiceExtImpl: is not PrebakedSegment
[2026-06-13T06:35:49.773Z] [ALL] 06-13 12:05:47.306  1695 17059 D SystemVibratorExtImpl: convertToLinearVibration uid = 1000, opPkg = android, effect = Composed{segments=[Step{amplitude=0.0, frequencyHz=0.0, duration=0}, Step{amplitude=-1.0, frequencyHz=0.0, duration=200}, Step{amplitude=0.0, frequencyHz=0.0, duration=200}, Step{amplitude=-1.0, frequencyHz=0.0, duration=0}], repeat=-1}, attributes = VibrationAttributes: Usage=NOTIFICATION Audio Usage= USAGE_NOTIFICATION Flags=0
[2026-06-13T06:35:49.773Z] [ALL] 06-13 12:05:47.306  1695 17059 D SystemVibratorExtImpl: no vibrator_lmvibrator or CTS vibration, do not convert
[2026-06-13T06:35:49.774Z] [ALL] 06-13 12:05:47.307  1695 17059 I VibratorManagerServiceExtImpl: vibrate is uid=1000, pid=1695, opPkg=android, effect=Mono{mEffect=Composed{segments=[Step{amplitude=0.0, frequencyHz=0.0, duration=0}, Step{amplitude=-1.0, frequencyHz=0.0, duration=200}, Step{amplitude=0.0, frequencyHz=0.0, duration=200}, Step{amplitude=-1.0, frequencyHz=0.0, duration=0}], repeat=-1}}, attributes=VibrationAttributes: Usage=NOTIFICATION Audio Usage= USAGE_NOTIFICATION Flags=0, token=40756954
[2026-06-13T06:35:49.774Z] [ALL] 06-13 12:05:47.307  1695 17059 D VibratorManagerServiceExtImpl: adaptImeVibration 'android': Composed{segments=[Step{amplitude=0.0, frequencyHz=0.0, duration=0}, Step{amplitude=-1.0, frequencyHz=0.0, duration=200}, Step{amplitude=0.0, frequencyHz=0.0, duration=200}, Step{amplitude=-1.0, frequencyHz=0.0, duration=0}], repeat=-1}, reason = Notification (com.google.android.apps.messaging 10236) (Delayed)
[2026-06-13T06:35:49.774Z] [ALL] 06-13 12:05:47.307  1695 17059 D VibratorManagerServiceExtImpl: startCustomizeVibratorLocked id= 0,size=1
[2026-06-13T06:35:49.774Z] [ALL] 06-13 12:05:47.307  1695 17059 D VibratorManagerServiceExtImpl: startCustomizeVibratorLocked withCallback=true
[2026-06-13T06:35:49.774Z] [ALL] 06-13 12:05:47.311  1459  1459 I aidl_vibrator: Vibrator on for timeoutMs: 200
[2026-06-13T06:35:49.774Z] [ALL] 06-13 12:05:47.322   924   930 E PerformanceService: storage_feature: open /sys/devices/platform/soc/112b0000.ufshci//virtualtlcbuff fail
[2026-06-13T06:35:49.774Z] [ALL] 06-13 12:05:47.330 17095 17095 E Parcel  : Attempt to read from protected data in Parcel 0x7ffe5ee5a0
[2026-06-13T06:35:49.774Z] [ALL] 06-13 12:05:47.331 17095 17095 E Parcel  : Attempt to read from protected data in Parcel 0x7ffe5ee5a0
[2026-06-13T06:35:49.774Z] [ALL] 06-13 12:05:47.331 17095 17095 E Parcel  : Attempt to read from protected data in Parcel 0x7ffe5ee5a0
[2026-06-13T06:35:49.774Z] [ALL] 06-13 12:05:47.331 17095 17095 E Parcel  : Attempt to read from protected data in Parcel 0x7ffe5ee5a0
[2026-06-13T06:35:49.774Z] [ALL] 06-13 12:05:47.331 17095 17095 E Parcel  : Attempt to read from protected data in Parcel 0x7ffe5ee5a0
[2026-06-13T06:35:49.825Z] [ALL] 06-13 12:05:47.378 13227 13408 I appium  : channel read: POST /session/1d958382-6c27-4154-8ae4-4950394a5bc8/element
[2026-06-13T06:35:49.825Z] [ALL] 06-13 12:05:47.378 13227 13408 I appium  : FindElement command
[2026-06-13T06:35:49.825Z] [ALL] 06-13 12:05:47.380 13227 13408 I appium  : method: 'xpath', selector: '//*[@resource-id="nav_item_profile" or @content-desc="nav_item_profile"]'
[2026-06-13T06:35:49.867Z] [ALL] 06-13 12:05:47.380 13227 13408 I appium  : Waiting up to 10000ms for the device to idle
[2026-06-13T06:35:49.867Z] [ALL] 06-13 12:05:47.390 17099 17099 E Parcel  : Attempt to read from protected data in Parcel 0x7feb9d7ef0
[2026-06-13T06:35:49.867Z] [ALL] 06-13 12:05:47.390 17099 17099 E Parcel  : Attempt to read from protected data in Parcel 0x7feb9d7ef0
[2026-06-13T06:35:49.867Z] [ALL] 06-13 12:05:47.390 17099 17099 E Parcel  : Attempt to read from protected data in Parcel 0x7feb9d7ef0
[2026-06-13T06:35:49.867Z] [ALL] 06-13 12:05:47.390 17099 17099 E Parcel  : Attempt to read from protected data in Parcel 0x7feb9d7ef0
[2026-06-13T06:35:49.867Z] [ALL] 06-13 12:05:47.390 17099 17099 E Parcel  : Attempt to read from protected data in Parcel 0x7feb9d7ef0
[2026-06-13T06:35:49.905Z] [ALL] 06-13 12:05:47.442   934   934 D vendor.oplus.hardware.charger@1.0-service: getChargerControl:
[2026-06-13T06:35:49.905Z] [ALL] 06-13 12:05:47.452 17103 17103 E Parcel  : Attempt to read from protected data in Parcel 0x7fe69bb070
[2026-06-13T06:35:49.905Z] [ALL] 06-13 12:05:47.453 17103 17103 E Parcel  : Attempt to read from protected data in Parcel 0x7fe69bb070
[2026-06-13T06:35:49.905Z] [ALL] 06-13 12:05:47.453 17103 17103 E Parcel  : Attempt to read from protected data in Parcel 0x7fe69bb070
[2026-06-13T06:35:49.905Z] [ALL] 06-13 12:05:47.453 17103 17103 E Parcel  : Attempt to read from protected data in Parcel 0x7fe69bb070
[2026-06-13T06:35:49.905Z] [ALL] 06-13 12:05:47.453 17103 17103 E Parcel  : Attempt to read from protected data in Parcel 0x7fe69bb070
[2026-06-13T06:35:49.905Z] [ALL] 06-13 12:05:47.457  7763 13029 D IHansComunication: HANS sendMessageToKernel: threadId = 536992353456, netLinkSetup = 1, type = FROZEN_TRANS, targetUid = 10354, pkgCmd = PKG_CMD_MAX
[2026-06-13T06:35:49.949Z] [ALL] 06-13 12:05:47.468  7763 13029 D IHansComunication: HANS sendMessageToKernel: threadId = 536992353456, netLinkSetup = 1, type = FROZEN_TRANS, targetUid = 10375, pkgCmd = PKG_CMD_MAX
[2026-06-13T06:35:49.984Z] [ALL] 06-13 12:05:47.509  1459  1459 I aidl_vibrator: Vibrator off
[2026-06-13T06:35:49.984Z] [ALL] 06-13 12:05:47.515 17107 17107 E Parcel  : Attempt to read from protected data in Parcel 0x7fede2d840
[2026-06-13T06:35:49.984Z] [ALL] 06-13 12:05:47.516 17107 17107 E Parcel  : Attempt to read from protected data in Parcel 0x7fede2d840
[2026-06-13T06:35:49.984Z] [ALL] 06-13 12:05:47.516 17107 17107 E Parcel  : Attempt to read from protected data in Parcel 0x7fede2d840
[2026-06-13T06:35:49.984Z] [ALL] 06-13 12:05:47.516 17107 17107 E Parcel  : Attempt to read from protected data in Parcel 0x7fede2d840
[2026-06-13T06:35:49.984Z] [ALL] 06-13 12:05:47.516 17107 17107 E Parcel  : Attempt to read from protected data in Parcel 0x7fede2d840
[2026-06-13T06:35:50.012Z] [ALL] 06-13 12:05:47.570 17111 17111 E Parcel  : Attempt to read from protected data in Parcel 0x7fecae8620
[2026-06-13T06:35:50.012Z] [ALL] 06-13 12:05:47.571 17111 17111 E Parcel  : Attempt to read from protected data in Parcel 0x7fecae8620
[2026-06-13T06:35:50.012Z] [ALL] 06-13 12:05:47.571 17111 17111 E Parcel  : Attempt to read from protected data in Parcel 0x7fecae8620
[2026-06-13T06:35:50.012Z] [ALL] 06-13 12:05:47.571 17111 17111 E Parcel  : Attempt to read from protected data in Parcel 0x7fecae8620
[2026-06-13T06:35:50.012Z] [ALL] 06-13 12:05:47.571 17111 17111 E Parcel  : Attempt to read from protected data in Parcel 0x7fecae8620
[2026-06-13T06:35:50.021Z] [ALL] 06-13 12:05:47.624 22664 22664 D BoundBrokerSvc: onRebind: Intent { act=com.google.android.gms.libs.gmscorelogger.service.START dat=chimera-action:/... cmp=com.google.android.gms/.chimera.PersistentDirectBootAwareApiService }
[2026-06-13T06:35:50.073Z] [ALL] 06-13 12:05:47.632 17115 17115 E Parcel  : Attempt to read from protected data in Parcel 0x7fc74aa7d0
[2026-06-13T06:35:50.073Z] [ALL] 06-13 12:05:47.632 17115 17115 E Parcel  : Attempt to read from protected data in Parcel 0x7fc74aa7d0
[2026-06-13T06:35:50.073Z] [ALL] 06-13 12:05:47.632 17115 17115 E Parcel  : Attempt to read from protected data in Parcel 0x7fc74aa7d0
[2026-06-13T06:35:50.073Z] [ALL] 06-13 12:05:47.632 17115 17115 E Parcel  : Attempt to read from protected data in Parcel 0x7fc74aa7d0
[2026-06-13T06:35:50.073Z] [ALL] 06-13 12:05:47.632 17115 17115 E Parcel  : Attempt to read from protected data in Parcel 0x7fc74aa7d0
[2026-06-13T06:35:50.130Z] [ALL] 06-13 12:05:47.686 17119 17119 E Parcel  : Attempt to read from protected data in Parcel 0x7ff6849f30
[2026-06-13T06:35:50.130Z] [ALL] 06-13 12:05:47.686 17119 17119 E Parcel  : Attempt to read from protected data in Parcel 0x7ff6849f30
[2026-06-13T06:35:50.130Z] [ALL] 06-13 12:05:47.686 17119 17119 E Parcel  : Attempt to read from protected data in Parcel 0x7ff6849f30
[2026-06-13T06:35:50.130Z] [ALL] 06-13 12:05:47.686 17119 17119 E Parcel  : Attempt to read from protected data in Parcel 0x7ff6849f30
[2026-06-13T06:35:50.130Z] [ALL] 06-13 12:05:47.686 17119 17119 E Parcel  : Attempt to read from protected data in Parcel 0x7ff6849f30
[2026-06-13T06:35:50.130Z] [ALL] 06-13 12:05:47.709  1459  1459 I aidl_vibrator: Vibrator off
[2026-06-13T06:35:50.351Z] [ALL] 06-13 12:05:47.925  7763 13029 D IHansComunication: HANS sendMessageToKernel: threadId = 536992353456, netLinkSetup = 1, type = FROZEN_TRANS, targetUid = 10349, pkgCmd = PKG_CMD_MAX
[2026-06-13T06:35:50.448Z] [ALL] 06-13 12:05:48.021 13227 13408 I appium  : The following attributes will be included to the page source: [content-desc, resource-id]
[2026-06-13T06:35:50.499Z] [ALL] 06-13 12:05:48.034 13227 13239 I tomator2.server: Method exceeds compiler instruction limit: 19260 in java_cup.runtime.Symbol org.eclipse.wst.xml.xpath2.processor.internal.CUP$XPathCup$actions.CUP$XPathCup$do_action(int, java_cup.runtime.lr_parser, java.util.Stack, int)
[2026-06-13T06:35:50.630Z] [ALL] 06-13 12:05:48.136 13227 13408 I appium  : Adding toast message to root: SBI CARDS AND PAYMENT SERVICES: Dear Cardholder, you are eligible for up to 3 complimentary Add-on cards for your family members. Apply now : https://app.sbicard.com/MYSBIC TnC - SBI Card
[2026-06-13T06:35:50.630Z] [ALL] 06-13 12:05:48.138 13227 13408 E tomator2.server: hiddenapi: Accessing hidden field Landroid/view/accessibility/AccessibilityNodeInfo;->mSealed:Z (runtime_flags=0, domain=platform, api=max-target-r) from Lio/appium/uiautomator2/utils/ReflectionUtils; (domain=app, TargetSdkVersion=34) using reflection: denied
[2026-06-13T06:35:50.630Z] [ALL] 06-13 12:05:48.142 13227 13408 E appium  : Got an unexpected error while fetching matches using XPath2
[2026-06-13T06:35:50.631Z] [ALL] 06-13 12:05:48.142 13227 13408 E appium  : io.appium.uiautomator2.common.exceptions.UiAutomator2Exception: Cannot set AccessibilityNodeInfo's field 'mSealed' to 'true'
[2026-06-13T06:35:50.631Z] [ALL] 06-13 12:05:48.142 13227 13408 E appium  : 	at io.appium.uiautomator2.utils.ReflectionUtils.setField(ReflectionUtils.java:76)
[2026-06-13T06:35:50.631Z] [ALL] 06-13 12:05:48.142 13227 13408 E appium  : 	at io.appium.uiautomator2.model.UiElementSnapshot.addToastMsg(UiElementSnapshot.java:334)
[2026-06-13T06:35:50.631Z] [ALL] 06-13 12:05:48.142 13227 13408 E appium  : 	at io.appium.uiautomator2.model.UiElementSnapshot.take(UiElementSnapshot.java:307)
[2026-06-13T06:35:50.631Z] [ALL] 06-13 12:05:48.142 13227 13408 E appium  : 	at io.appium.uiautomator2.core.AccessibilityNodeInfoDumper.toStream(AccessibilityNodeInfoDumper.java:227)
[2026-06-13T06:35:50.631Z] [ALL] 06-13 12:05:48.142 13227 13408 E appium  : 	at io.appium.uiautomator2.core.AccessibilityNodeInfoDumper.findNodesUsingXpath2(AccessibilityNodeInfoDumper.java:327)
[2026-06-13T06:35:50.631Z] [ALL] 06-13 12:05:48.142 13227 13408 E appium  : 	at io.appium.uiautomator2.core.AccessibilityNodeInfoDumper.findNodes(AccessibilityNodeInfoDumper.java:378)
[2026-06-13T06:35:50.631Z] [ALL] 06-13 12:05:48.142 13227 13408 E appium  : 	at io.appium.uiautomator2.utils.ElementLocationHelpers.getXPathNodeMatch(ElementLocationHelpers.java:124)
[2026-06-13T06:35:50.631Z] [ALL] 06-13 12:05:48.142 13227 13408 E appium  : 	at io.appium.uiautomator2.utils.ElementLocationHelpers.findElement(ElementLocationHelpers.java:151)
[2026-06-13T06:35:50.631Z] [ALL] 06-13 12:05:48.142 13227 13408 E appium  : 	at io.appium.uiautomator2.handler.FindElement.safeHandle(FindElement.java:60)
[2026-06-13T06:35:50.631Z] [ALL] 06-13 12:05:48.142 13227 13408 E appium  : 	at io.appium.uiautomator2.handler.request.SafeRequestHandler.handle(SafeRequestHandler.java:59)
[2026-06-13T06:35:50.631Z] [ALL] 06-13 12:05:48.142 13227 13408 E appium  : 	at io.appium.uiautomator2.server.AppiumServlet.handleRequest(AppiumServlet.java:267)
[2026-06-13T06:35:50.631Z] [ALL] 06-13 12:05:48.142 13227 13408 E appium  : 	at io.appium.uiautomator2.server.AppiumServlet.handleHttpRequest(AppiumServlet.java:261)
[2026-06-13T06:35:50.631Z] [ALL] 06-13 12:05:48.142 13227 13408 E appium  : 	at io.appium.uiautomator2.http.ServerHandler.channelRead(ServerHandler.java:77)
[2026-06-13T06:35:50.631Z] [ALL] 06-13 12:05:48.142 13227 13408 E appium  : 	at io.netty.channel.AbstractChannelHandlerContext.fireChannelRead(AbstractChannelHandlerContext.java:357)
[2026-06-13T06:35:50.631Z] [ALL] 06-13 12:05:48.142 13227 13408 E appium  : 	at io.netty.handler.codec.MessageToMessageDecoder.channelRead(MessageToMessageDecoder.java:107)
[2026-06-13T06:35:50.631Z] [ALL] 06-13 12:05:48.142 13227 13408 E appium  : 	at io.netty.channel.AbstractChannelHandlerContext.fireChannelRead(AbstractChannelHandlerContext.java:357)
[2026-06-13T06:35:50.631Z] [ALL] 06-13 12:05:48.142 13227 13408 E appium  : 	at io.netty.channel.CombinedChannelDuplexHandler$DelegatingChannelHandlerContext.fireChannelRead(CombinedChannelDuplexHandler.java:434)
[2026-06-13T06:35:50.631Z] [ALL] 06-13 12:05:48.142 13227 13408 E appium  : 	at io.netty.handler.codec.ByteToMessageDecoder.fireChannelRead(ByteToMessageDecoder.java:361)
[2026-06-13T06:35:50.631Z] [ALL] 06-13 12:05:48.142 13227 13408 E appium  : 	at io.netty.handler.codec.ByteToMessageDecoder.channelRead(ByteToMessageDecoder.java:325)
[2026-06-13T06:35:50.631Z] [ALL] 06-13 12:05:48.142 13227 13408 E appium  : 	at io.netty.channel.CombinedChannelDuplexHandler.channelRead(CombinedChannelDuplexHandler.java:249)
[2026-06-13T06:35:50.631Z] [ALL] 06-13 12:05:48.142 13227 13408 E appium  : 	at io.netty.channel.AbstractChannelHandlerContext.fireChannelRead(AbstractChannelHandlerContext.java:355)
[2026-06-13T06:35:50.631Z] [ALL] 06-13 12:05:48.142 13227 13408 E appium  : 	at io.netty.handler.timeout.IdleStateHandler.channelRead(IdleStateHandler.java:288)
[2026-06-13T06:35:50.631Z] [ALL] 06-13 12:05:48.142 13227 13408 E appium  : 	at io.netty.channel.AbstractChannelHandlerContext.fireChannelRead(AbstractChannelHandlerContext.java:355)
[2026-06-13T06:35:50.631Z] [ALL] 06-13 12:05:48.142 13227 13408 E appium  : 	at io.netty.channel.DefaultChannelPipeline$HeadContext.channelRead(DefaultChannelPipeline.java:1429)
[2026-06-13T06:35:50.631Z] [ALL] 06-13 12:05:48.142 13227 13408 E appium  : 	at io.netty.channel.DefaultChannelPipeline.fireChannelRead(DefaultChannelPipeline.java:918)
[2026-06-13T06:35:50.631Z] [ALL] 06-13 12:05:48.142 13227 13408 E appium  : 	at io.netty.channel.nio.AbstractNioByteChannel$NioByteUnsafe.read(AbstractNioByteChannel.java:176)
[2026-06-13T06:35:50.631Z] [ALL] 06-13 12:05:48.142 13227 13408 E appium  : 	at io.netty.channel.nio.AbstractNioChannel$AbstractNioUnsafe.handle(AbstractNioChannel.java:445)
[2026-06-13T06:35:50.631Z] [ALL] 06-13 12:05:48.142 13227 13408 E appium  : 	at io.netty.channel.nio.NioIoHandler$DefaultNioRegistration.handle(NioIoHandler.java:388)
[2026-06-13T06:35:50.631Z] [ALL] 06-13 12:05:48.142 13227 13408 E appium  : 	at io.netty.channel.nio.NioIoHandler.processSelectedKey(NioIoHandler.java:596)
[2026-06-13T06:35:50.631Z] [ALL] 06-13 12:05:48.142 13227 13408 E appium  : 	at io.netty.channel.nio.NioIoHandler.processSelectedKeysOptimized(NioIoHandler.java:571)
[2026-06-13T06:35:50.631Z] [ALL] 06-13 12:05:48.142 13227 13408 E appium  : 	at io.netty.channel.nio.NioIoHandler.processSelectedKeys(NioIoHandler.java:512)
[2026-06-13T06:35:50.631Z] [ALL] 06-13 12:05:48.142 13227 13408 E appium  : 	at io.netty.channel.nio.NioIoHandler.run(NioIoHandler.java:484)
[2026-06-13T06:35:50.631Z] [ALL] 06-13 12:05:48.142 13227 13408 E appium  : 	at io.netty.channel.SingleThreadIoEventLoop.runIo(SingleThreadIoEventLoop.java:225)
[2026-06-13T06:35:50.631Z] [ALL] 06-13 12:05:48.142 13227 13408 E appium  : 	at io.netty.channel.SingleThreadIoEventLoop.run(SingleThreadIoEventLoop.java:196)
[2026-06-13T06:35:50.631Z] [ALL] 06-13 12:05:48.142 13227 13408 E appium  : 	at io.netty.util.concurrent.SingleThreadEventExecutor$5.run(SingleThreadEventExecutor.java:1195)
[2026-06-13T06:35:50.631Z] [ALL] 06-13 12:05:48.142 13227 13408 E appium  : 	at io.netty.util.internal.ThreadExecutorMap$2.run(ThreadExecutorMap.java:74)
[2026-06-13T06:35:50.631Z] [ALL] 06-13 12:05:48.142 13227 13408 E appium  : 	at io.netty.util.concurrent.FastThreadLocalRunnable.run(FastThreadLocalRunnable.java:30)
[2026-06-13T06:35:50.631Z] [ALL] 06-13 12:05:48.142 13227 13408 E appium  : 	at java.lang.Thread.run(Thread.java:1572)
[2026-06-13T06:35:50.631Z] [ALL] 06-13 12:05:48.142 13227 13408 E appium  : Caused by: java.lang.NoSuchFieldException: No field mSealed in class Landroid/view/accessibility/AccessibilityNodeInfo; (declaration of 'android.view.accessibility.AccessibilityNodeInfo' appears in /system/framework/framework.jar!classes2.dex)
[2026-06-13T06:35:50.631Z] [ALL] 06-13 12:05:48.142 13227 13408 E appium  : 	at java.lang.Class.getDeclaredField(Native Method)
[2026-06-13T06:35:50.631Z] [ALL] 06-13 12:05:48.142 13227 13408 E appium  : 	at io.appium.uiautomator2.utils.ReflectionUtils.setField(ReflectionUtils.java:72)
[2026-06-13T06:35:50.631Z] [ALL] 06-13 12:05:48.142 13227 13408 E appium  : 	... 37 more
[2026-06-13T06:35:50.631Z] [ALL] 06-13 12:05:48.152 13227 13408 I appium  : AppiumResponse: {"sessionId":"1d958382-6c27-4154-8ae4-4950394a5bc8","value":{"error":"unknown error","message":"Cannot set AccessibilityNodeInfo's field 'mSealed' to 'true'. Try changing the 'enforceXPath1' driver setting to 'true' in order to workaround the problem.","stacktrace":"io.appium.uiautomator2.common.exceptions.UiAutomator2Exception: Cannot set AccessibilityNodeInfo's field 'mSealed' to 'true'. Try changing the 'enforceXPath1' driver setting to 'true' in order to workaround the problem.\n\tat io.appium.uiautomator2.core.AccessibilityNodeInfoDumper.findNodesUsingXpath2(AccessibilityNodeInfoDumper.java:366)\n\tat io.appium.uiautomator2.core.AccessibilityNodeInfoDumper.findNodes(AccessibilityNodeInfoDumper.java:378)\n\tat io.appium.uiautomator2.utils.ElementLocationHelpers.getXPathNodeMatch(ElementLocationHelpers.java:124)\n\tat io.appium.uiautomator2.utils.ElementLocationHelpers.findElement(ElementLocationHelpers.java:151)\n\tat io.appium.uiautomator2.handler.FindElement.safeHandle(FindElement.java:60)\n\tat io.appium.uiautomator2.handler.request.SafeRequestHandler.handle(SafeRequestHandler.java:59)\n\tat io.appium.uiautomator2.server.AppiumServlet.handleRequest(AppiumServlet.java:267)\n\tat io.appium.uiautomator2.server.AppiumServlet.handleHttpRequest(AppiumServlet.java:261)\n\tat io.appium.uiautomator2.http.ServerHandler.channelRead(ServerHandler.java:77)\n\tat io.netty.channel.AbstractChannelHandlerContext.fireChannelRead(AbstractChannelHandlerContext.java:357)\n\tat io.netty.handler.codec.MessageToMessageDecoder.channelRead(MessageToMessageDecoder.java:107)\n\tat io.netty.channel.AbstractChannelHandlerContext.fireChannelRead(AbstractChannelHandlerContext.java:357)\n\tat io.netty.channel.CombinedChannelDuplexHandler$DelegatingChannelHandlerContext.fireChannelRead(CombinedChannelDuplexHandler.java:434)\n\tat io.netty.handler.codec.ByteToMessageDecoder.fireChannelRead(ByteToMessageDecoder.java:361)\n\tat io.netty.handler.codec.ByteToMessageDecoder.channelRead(ByteToMessageDecoder.java:325)\n\tat io.netty.channel.CombinedChannelDuplexHandler.channelRead(CombinedChannelDuplexHandler.java:249)\n\tat io.netty.channel.AbstractChannelHandlerContext.fireChannelRead(AbstractChannelHandlerContext.java:355)\n\tat io.netty.handler.timeout.IdleStateHandler.channelRead(IdleStateHandler.java:288)\n\tat io.netty.channel.AbstractChannelHandlerContext.fireChannelRead(AbstractChannelHandlerContext.java:355)\n\tat io.netty.channel.DefaultChannelPipeline$HeadContext.channelRead(DefaultChannelPipeline.java:1429)\n\tat io.netty.channel.DefaultChannelPipeline.fireChannelRead(DefaultChannelPipeline.java:918)\n\tat io.netty.channel.nio.AbstractNioByteChannel$NioByteUnsafe.read(AbstractNioByteChannel.java:176)\n\tat io.netty.channel.nio.AbstractNioChannel$AbstractNioUnsafe.handle(AbstractNioChannel.java:445)\n\tat io.netty.channel.nio.NioIoHandler$DefaultNioRegistration.handle(NioIoHandler.java:388)\n\tat io.netty.channel.nio.NioIoHandler.processSelectedKey(NioIoHandler.java:596)\n\tat io.netty.channel.nio.NioIoHandler.processSelectedKeysOptimized(NioIoHandler.java:571)\n\tat io.netty.channel.nio.NioIoHandler.processSelectedKeys(NioIoHandler.java:512)\n\tat io.netty.channel.nio.NioIoHandler.run(NioIoHandler.java:484)\n\tat io.netty.channel.SingleThreadIoEventLoop.runIo(SingleThreadIoEventLoop.java:225)\n\tat io.netty.channel.SingleThreadIoEventLoop.run(SingleThreadIoEventLoop.java:196)\n\tat io.netty.util.concurrent.SingleThreadEventExecutor$5.run(SingleThreadEventExecutor.java:1195)\n\tat io.netty.util.internal.ThreadExecutorMap$2.run(ThreadExecutorMap.java:74)\n\tat io.netty.util.concurrent.FastThreadLocalRunnable.run(FastThreadLocalRunnable.java:30)\n\tat java.lang.Thread.run(Thread.java:1572)\nCaused by: io.appium.uiautomator2.common.exceptions.UiAutomator2Exception: Cannot set AccessibilityNodeInfo's field 'mSealed' to 'true'\n\tat io.appium.uiautomator2.utils.ReflectionUtils.setField(ReflectionUtils.java:76)\n\tat io.appium.uiautomator2.model.UiElementSnapshot.addToastMsg(UiElementSnapshot.java
[2026-06-13T06:35:50.631Z] [ALL] 06-13 12:05:48.162  1695  2752 I OplusHansManager : uid=10354, pkg=com.myntra.android can transition from M to F
[2026-06-13T06:35:50.631Z] [ALL] 06-13 12:05:48.162  1695  2752 I OplusHansManager : uid=10354, pkg=com.myntra.android F enter(), M stay=1
[2026-06-13T06:35:50.631Z] [ALL] 06-13 12:05:48.167  1695  2752 I OplusHansManager : freeze uid: 10354 com.myntra.android pids: [24280, 24544] IsolatedUid: [99207] scene: LcdOn
[2026-06-13T06:35:50.631Z] [ALL] 06-13 12:05:48.167  7763 13029 D IHansComunication: HansComunication::addUid-- 10354, persistent--0
[2026-06-13T06:35:50.631Z] [ALL] 06-13 12:05:48.167  7763 13029 D IHansComunication: HANS sendMessageToKernel: threadId = 536992353456, netLinkSetup = 1, type = PKG, targetUid = 10354, pkgCmd = ADD_ONE_UID
[2026-06-13T06:35:50.631Z] [ALL] 06-13 12:05:48.171  1695  2752 I OplusHansManager : uid=10375, pkg=com.mpokket.app can transition from M to F
[2026-06-13T06:35:50.631Z] [ALL] 06-13 12:05:48.171  1695  2752 I OplusHansManager : uid=10375, pkg=com.mpokket.app F enter(), M stay=1
[2026-06-13T06:35:50.631Z] [ALL] 06-13 12:05:48.179  1695  2752 I OplusHansManager : freeze uid: 10375 com.mpokket.app pids: [20213, 20627] IsolatedUid: [99210] scene: LcdOn
[2026-06-13T06:35:50.631Z] [ALL] 06-13 12:05:48.180  7763 13029 D IHansComunication: HansComunication::addUid-- 10375, persistent--0
[2026-06-13T06:35:50.631Z] [ALL] 06-13 12:05:48.180  7763 13029 D IHansComunication: HANS sendMessageToKernel: threadId = 536992353456, netLinkSetup = 1, type = PKG, targetUid = 10375, pkgCmd = ADD_ONE_UID
[2026-06-13T06:35:50.689Z] [ALL] 06-13 12:05:48.233 13227 13408 I appium  : channel read: GET /session/1d958382-6c27-4154-8ae4-4950394a5bc8/screenshot
[2026-06-13T06:35:50.689Z] [ALL] 06-13 12:05:48.234 13227 13408 I appium  : CaptureScreenshot command
[2026-06-13T06:35:50.741Z] [ALL] 06-13 12:05:48.235 13227 13408 E tomator2.server: hiddenapi: Accessing hidden method Landroid/view/Display;->getAddress()Landroid/view/DisplayAddress; (runtime_flags=0, domain=platform, api=blocked) from Lio/appium/uiautomator2/utils/ReflectionUtils; (domain=app, TargetSdkVersion=34) using reflection: denied
[2026-06-13T06:35:50.741Z] [ALL] 06-13 12:05:48.237 13227 13408 E appium  : Unable to retrieve physicalDisplayId
[2026-06-13T06:35:50.741Z] [ALL] 06-13 12:05:48.237 13227 13408 E appium  : io.appium.uiautomator2.common.exceptions.UiAutomator2Exception: Cannot get method getAddress from class android.view.Display with parameter types []
[2026-06-13T06:35:50.741Z] [ALL] 06-13 12:05:48.237 13227 13408 E appium  : 	at io.appium.uiautomator2.utils.ReflectionUtils.getMethod(ReflectionUtils.java:97)
[2026-06-13T06:35:50.741Z] [ALL] 06-13 12:05:48.237 13227 13408 E appium  : 	at io.appium.uiautomator2.utils.DisplayIdHelper.tryGetUsingAddress(DisplayIdHelper.java:98)
[2026-06-13T06:35:50.741Z] [ALL] 06-13 12:05:48.237 13227 13408 E appium  : 	at io.appium.uiautomator2.utils.DisplayIdHelper.getPhysicalDisplayId(DisplayIdHelper.java:51)
[2026-06-13T06:35:50.742Z] [ALL] 06-13 12:05:48.237 13227 13408 E appium  : 	at io.appium.uiautomator2.utils.ScreenshotHelper.extractScreencapDisplayId(ScreenshotHelper.java:145)
[2026-06-13T06:35:50.742Z] [ALL] 06-13 12:05:48.237 13227 13408 E appium  : 	at io.appium.uiautomator2.utils.ScreenshotHelper.takeDeviceScreenshot(ScreenshotHelper.java:114)
[2026-06-13T06:35:50.742Z] [ALL] 06-13 12:05:48.237 13227 13408 E appium  : 	at io.appium.uiautomator2.utils.ScreenshotHelper.takeScreenshot(ScreenshotHelper.java:60)
[2026-06-13T06:35:50.742Z] [ALL] 06-13 12:05:48.237 13227 13408 E appium  : 	at io.appium.uiautomator2.utils.ScreenshotHelper.takeScreenshot(ScreenshotHelper.java:77)
[2026-06-13T06:35:50.742Z] [ALL] 06-13 12:05:48.237 13227 13408 E appium  : 	at io.appium.uiautomator2.handler.CaptureScreenshot.safeHandle(CaptureScreenshot.java:32)
[2026-06-13T06:35:50.742Z] [ALL] 06-13 12:05:48.237 13227 13408 E appium  : 	at io.appium.uiautomator2.handler.request.SafeRequestHandler.handle(SafeRequestHandler.java:59)
[2026-06-13T06:35:50.742Z] [ALL] 06-13 12:05:48.237 13227 13408 E appium  : 	at io.appium.uiautomator2.server.AppiumServlet.handleRequest(AppiumServlet.java:267)
[2026-06-13T06:35:50.742Z] [ALL] 06-13 12:05:48.237 13227 13408 E appium  : 	at io.appium.uiautomator2.server.AppiumServlet.handleHttpRequest(AppiumServlet.java:261)
[2026-06-13T06:35:50.742Z] [ALL] 06-13 12:05:48.237 13227 13408 E appium  : 	at io.appium.uiautomator2.http.ServerHandler.channelRead(ServerHandler.java:77)
[2026-06-13T06:35:50.742Z] [ALL] 06-13 12:05:48.237 13227 13408 E appium  : 	at io.netty.channel.AbstractChannelHandlerContext.fireChannelRead(AbstractChannelHandlerContext.java:357)
[2026-06-13T06:35:50.742Z] [ALL] 06-13 12:05:48.237 13227 13408 E appium  : 	at io.netty.handler.codec.MessageToMessageDecoder.channelRead(MessageToMessageDecoder.java:107)
[2026-06-13T06:35:50.742Z] [ALL] 06-13 12:05:48.237 13227 13408 E appium  : 	at io.netty.channel.AbstractChannelHandlerContext.fireChannelRead(AbstractChannelHandlerContext.java:357)
[2026-06-13T06:35:50.742Z] [ALL] 06-13 12:05:48.237 13227 13408 E appium  : 	at io.netty.channel.CombinedChannelDuplexHandler$DelegatingChannelHandlerContext.fireChannelRead(CombinedChannelDuplexHandler.java:434)
[2026-06-13T06:35:50.742Z] [ALL] 06-13 12:05:48.237 13227 13408 E appium  : 	at io.netty.handler.codec.ByteToMessageDecoder.fireChannelRead(ByteToMessageDecoder.java:361)
[2026-06-13T06:35:50.742Z] [ALL] 06-13 12:05:48.237 13227 13408 E appium  : 	at io.netty.handler.codec.ByteToMessageDecoder.channelRead(ByteToMessageDecoder.java:325)
[2026-06-13T06:35:50.742Z] [ALL] 06-13 12:05:48.237 13227 13408 E appium  : 	at io.netty.channel.CombinedChannelDuplexHandler.channelRead(CombinedChannelDuplexHandler.java:249)
[2026-06-13T06:35:50.742Z] [ALL] 06-13 12:05:48.237 13227 13408 E appium  : 	at io.netty.channel.AbstractChannelHandlerContext.fireChannelRead(AbstractChannelHandlerContext.java:355)
[2026-06-13T06:35:50.742Z] [ALL] 06-13 12:05:48.237 13227 13408 E appium  : 	at io.netty.handler.timeout.IdleStateHandler.channelRead(IdleStateHandler.java:288)
[2026-06-13T06:35:50.742Z] [ALL] 06-13 12:05:48.237 13227 13408 E appium  : 	at io.netty.channel.AbstractChannelHandlerContext.fireChannelRead(AbstractChannelHandlerContext.java:355)
[2026-06-13T06:35:50.742Z] [ALL] 06-13 12:05:48.237 13227 13408 E appium  : 	at io.netty.channel.DefaultChannelPipeline$HeadContext.channelRead(DefaultChannelPipeline.java:1429)
[2026-06-13T06:35:50.742Z] [ALL] 06-13 12:05:48.237 13227 13408 E appium  : 	at io.netty.channel.DefaultChannelPipeline.fireChannelRead(DefaultChannelPipeline.java:918)
[2026-06-13T06:35:50.742Z] [ALL] 06-13 12:05:48.237 13227 13408 E appium  : 	at io.netty.channel.nio.AbstractNioByteChannel$NioByteUnsafe.read(AbstractNioByteChannel.java:176)
[2026-06-13T06:35:50.742Z] [ALL] 06-13 12:05:48.237 13227 13408 E appium  : 	at io.netty.channel.nio.AbstractNioChannel$AbstractNioUnsafe.handle(AbstractNioChannel.java:445)
[2026-06-13T06:35:50.742Z] [ALL] 06-13 12:05:48.237 13227 13408 E appium  : 	at io.netty.channel.nio.NioIoHandler$DefaultNioRegistration.handle(NioIoHandler.java:388)
[2026-06-13T06:35:50.742Z] [ALL] 06-13 12:05:48.237 13227 13408 E appium  : 	at io.netty.channel.nio.NioIoHandler.processSelectedKey(NioIoHandler.java:596)
[2026-06-13T06:35:50.742Z] [ALL] 06-13 12:05:48.237 13227 13408 E appium  : 	at io.netty.channel.nio.NioIoHandler.processSelectedKeysOptimized(NioIoHandler.java:571)
[2026-06-13T06:35:50.742Z] [ALL] 06-13 12:05:48.237 13227 13408 E appium  : 	at io.netty.channel.nio.NioIoHandler.processSelectedKeys(NioIoHandler.java:512)
[2026-06-13T06:35:50.742Z] [ALL] 06-13 12:05:48.237 13227 13408 E appium  : 	at io.netty.channel.nio.NioIoHandler.run(NioIoHandler.java:484)
[2026-06-13T06:35:50.742Z] [ALL] 06-13 12:05:48.237 13227 13408 E appium  : 	at io.netty.channel.SingleThreadIoEventLoop.runIo(SingleThreadIoEventLoop.java:225)
[2026-06-13T06:35:50.742Z] [ALL] 06-13 12:05:48.237 13227 13408 E appium  : 	at io.netty.channel.SingleThreadIoEventLoop.run(SingleThreadIoEventLoop.java:196)
[2026-06-13T06:35:50.742Z] [ALL] 06-13 12:05:48.237 13227 13408 E appium  : 	at io.netty.util.concurrent.SingleThreadEventExecutor$5.run(SingleThreadEventExecutor.java:1195)
[2026-06-13T06:35:50.742Z] [ALL] 06-13 12:05:48.237 13227 13408 E appium  : 	at io.netty.util.internal.ThreadExecutorMap$2.run(ThreadExecutorMap.java:74)
[2026-06-13T06:35:50.742Z] [ALL] 06-13 12:05:48.237 13227 13408 E appium  : 	at io.netty.util.concurrent.FastThreadLocalRunnable.run(FastThreadLocalRunnable.java:30)
[2026-06-13T06:35:50.742Z] [ALL] 06-13 12:05:48.237 13227 13408 E appium  : 	at java.lang.Thread.run(Thread.java:1572)
[2026-06-13T06:35:50.742Z] [ALL] 06-13 12:05:48.237 13227 13408 E appium  : Caused by: java.lang.NoSuchMethodException: android.view.Display.getAddress []
[2026-06-13T06:35:50.742Z] [ALL] 06-13 12:05:48.237 13227 13408 E appium  : 	at java.lang.Class.getMethod(Class.java:2942)
[2026-06-13T06:35:50.742Z] [ALL] 06-13 12:05:48.237 13227 13408 E appium  : 	at java.lang.Class.getDeclaredMethod(Class.java:2921)
[2026-06-13T06:35:50.742Z] [ALL] 06-13 12:05:48.237 13227 13408 E appium  : 	at io.appium.uiautomator2.utils.ReflectionUtils.getMethod(ReflectionUtils.java:93)
[2026-06-13T06:35:50.742Z] [ALL] 06-13 12:05:48.237 13227 13408 E appium  : 	... 36 more
[2026-06-13T06:35:50.742Z] [ALL] 06-13 12:05:48.249  1000  1547 D OplusSurfaceFlinger: (dumpsys)pid=17122, uid=2000, calling dumpsys SF
[2026-06-13T06:35:50.799Z] [ALL] 06-13 12:05:48.342 17126 17126 D ExtensionsLoader: createInstance(64bit) : createExtendedFactory
[2026-06-13T06:35:50.799Z] [ALL] 06-13 12:05:48.342 17126 17126 D ExtensionsLoader: Opened libguiextimpl.so
[2026-06-13T06:35:50.799Z] [ALL] 06-13 12:05:48.354 17126 17126 D AVStageUtils: Opened liboplusavenhancements.so
[2026-06-13T06:35:50.799Z] [ALL] 06-13 12:05:48.354 17126 17126 D AVStageUtils: createInstance(64bit): createVendorAVUtils success!
[2026-06-13T06:35:50.799Z] [ALL] 06-13 12:05:48.354 17126 17126 D OplusUtils: OplusUtils [89]: 
[2026-06-13T06:35:50.799Z] [ALL] 06-13 12:05:48.355 17126 17126 D AVMediaServiceFactory: Opened liboplusavenhancements.so
[2026-06-13T06:35:50.799Z] [ALL] 06-13 12:05:48.355 17126 17126 D AVMediaServiceFactory: createInstance(64bit): createExtendedMediaServiceFactory success!
[2026-06-13T06:35:50.799Z] [ALL] 06-13 12:05:48.356 17126 17126 D AVNuFactory: Opened liboplusavenhancements.so
[2026-06-13T06:35:50.799Z] [ALL] 06-13 12:05:48.356 17126 17126 D AVNuFactory: createInstance(64bit): createExtendedNuFactory success!
[2026-06-13T06:35:50.799Z] [ALL] 06-13 12:05:48.356 17126 17126 D AVStageFactory: Opened liboplusavenhancements.so
[2026-06-13T06:35:50.799Z] [ALL] 06-13 12:05:48.356 17126 17126 D AVStageFactory: createInstance(64bit): createVendorAVFactory success!
[2026-06-13T06:35:50.799Z] [ALL] 06-13 12:05:48.356 17126 17126 D AVStageUtils: createInstance(64bit): createVendorAVUtils success!
[2026-06-13T06:35:50.799Z] [ALL] 06-13 12:05:48.356 17126 17126 D OplusUtils: OplusUtils [89]: 
[2026-06-13T06:35:50.799Z] [ALL] 06-13 12:05:48.356 17126 17126 D AVStageFactory: createInstance(64bit): createVendorAVFactory success!
[2026-06-13T06:35:50.799Z] [ALL] 06-13 12:05:48.356 17126 17126 D AVStageUtils: createInstance(64bit): createVendorAVUtils success!
[2026-06-13T06:35:50.799Z] [ALL] 06-13 12:05:48.356 17126 17126 D OplusUtils: OplusUtils [89]: 
[2026-06-13T06:35:50.799Z] [ALL] 06-13 12:05:48.356 17126 17126 D AVMediaServiceFactory: createInstance(64bit): createExtendedMediaServiceFactory success!
[2026-06-13T06:35:50.799Z] [ALL] 06-13 12:05:48.356 17126 17126 D AVNuFactory: createInstance(64bit): createExtendedNuFactory success!
[2026-06-13T06:35:50.799Z] [ALL] 06-13 12:05:48.356 17126 17126 D AVStageFactory: Opened liboplusavenhancements.so
[2026-06-13T06:35:50.799Z] [ALL] 06-13 12:05:48.356 17126 17126 D AVStageFactory: createInstance(64bit): createVendorAVFactory success!
[2026-06-13T06:35:50.799Z] [ALL] 06-13 12:05:48.356 17126 17126 D AVStageUtils: createInstance(64bit): createVendorAVUtils success!
[2026-06-13T06:35:50.799Z] [ALL] 06-13 12:05:48.356 17126 17126 D OplusUtils: OplusUtils [89]: 
[2026-06-13T06:35:50.799Z] [ALL] 06-13 12:05:48.357 17126 17126 E screencap: createInstance(64bit) : createExtendedFactory
[2026-06-13T06:35:50.851Z] [ALL] 06-13 12:05:48.358 17126 17126 E screencap: createInstance(64bit) : createExtendedFactory
[2026-06-13T06:35:50.851Z] [ALL] 06-13 12:05:48.358 17126 17126 E screencap: Opened libinputextensionsimpl.so
[2026-06-13T06:35:50.851Z] [ALL] 06-13 12:05:48.358 17126 17126 E screencap: Opened libinputextensionsimpl.so
[2026-06-13T06:35:50.851Z] [ALL] 06-13 12:05:48.359 17126 17126 E screencap: createInstance(64bit) : createExtendedFactory
[2026-06-13T06:35:50.851Z] [ALL] 06-13 12:05:48.359 17126 17126 E screencap: createInstance(64bit) : createExtendedFactory
[2026-06-13T06:35:50.851Z] [ALL] 06-13 12:05:48.359 17126 17126 E screencap: Opened libsensorextimpl.so
[2026-06-13T06:35:50.851Z] [ALL] 06-13 12:05:48.359 17126 17126 E screencap: Opened libsensorextimpl.so
[2026-06-13T06:35:50.851Z] [ALL] 06-13 12:05:48.365   858  5601 E netd    : dispachCmd:oplusGetRtt
[2026-06-13T06:35:50.851Z] [ALL] 06-13 12:05:48.365   858  5601 E netd    : handleGetRttCmd: netId = 204, uid = 10352
[2026-06-13T06:35:50.851Z] [ALL] 06-13 12:05:48.367   858  5601 E netd    : dispachCmd cmd:oplusGetRtt  result:0
[2026-06-13T06:35:50.851Z] [ALL] 06-13 12:05:48.367   858  5601 E netd    : dispachCmd:oplusGetRtt
[2026-06-13T06:35:50.851Z] [ALL] 06-13 12:05:48.367   858  5601 E netd    : handleGetRttCmd: netId = 206, uid = 10352
[2026-06-13T06:35:50.851Z] [ALL] 06-13 12:05:48.368   858  5601 E netd    : dispachCmd cmd:oplusGetRtt  result:0
[2026-06-13T06:35:50.851Z] [ALL] 06-13 12:05:48.369  1695  2144 D OplusWifiConnect2: clientModeManager == null, getOplusSta2ConnectionInfo null
[2026-06-13T06:35:50.851Z] [ALL] 06-13 12:05:48.369 17126 17126 W ProcessState: Extra binder thread started, but 0 threads requested. Do not use *startThreadPool when zero threads are requested.
[2026-06-13T06:35:50.851Z] [ALL] 06-13 12:05:48.369  1695  2148 D WN_S    : isCellQualityGood is false, curscore =79, no need to switch lte
[2026-06-13T06:35:50.896Z] [ALL] 06-13 12:05:48.410   600   600 I servicemanager: Could not find android.hardware.graphics.allocator.IAllocator/default in the VINTF manifest.
[2026-06-13T06:35:50.896Z] [ALL] 06-13 12:05:48.412 17126 17126 E ion     : ioctl c0044901 failed with code -1: Invalid argument
[2026-06-13T06:35:51.123Z] [ALL] 06-13 12:05:48.664  1695  2752 I OplusHansManager : uid=10349, pkg=io.appium.uiautomator2.server can transition from M to F
[2026-06-13T06:35:51.123Z] [ALL] 06-13 12:05:48.664  1695  2752 I OplusHansManager : uid=10349, pkg=io.appium.uiautomator2.server F enter(), M stay=1
[2026-06-13T06:35:51.123Z] [ALL] 06-13 12:05:48.667  1695  2752 I OplusHansManager : freeze uid: 10349 io.appium.uiautomator2.server pids: [13227] scene: LcdOn
[2026-06-13T06:35:51.123Z] [ALL] 06-13 12:05:48.669  7763 13029 D IHansComunication: HansComunication::addUid-- 10349, persistent--0
[2026-06-13T06:35:51.123Z] [ALL] 06-13 12:05:48.669  7763 13029 D IHansComunication: HANS sendMessageToKernel: threadId = 536992353456, netLinkSetup = 1, type = PKG, targetUid = 10349, pkgCmd = ADD_ONE_UID
[2026-06-13T06:35:51.123Z] [ALL] 06-13 12:05:48.682 17126 17126 W RefBase : RefBase: Explicit destruction, weak count = 0 (in 0x7605b6cf40). Use sp<> to manage this object.
[2026-06-13T06:35:51.123Z] [ALL] 06-13 12:05:48.686 17126 17126 D RefBase : #00 pc 00000000000efaa8  /apex/com.android.runtime/lib64/bionic/libc.so (__cxa_finalize+280)
[2026-06-13T06:35:51.123Z] [ALL] 06-13 12:05:48.686 17126 17126 D RefBase : #01 pc 00000000000e1948  /apex/com.android.runtime/lib64/bionic/libc.so (exit+24)
[2026-06-13T06:35:51.123Z] [ALL] 06-13 12:05:48.686 17126 17126 D RefBase : #02 pc 0000000000074dd4  /apex/com.android.runtime/lib64/bionic/libc.so (__libc_init+100)
[2026-06-13T06:35:51.627Z] [ALL] 06-13 12:05:49.169  7763 13029 D IHansComunication: HANS sendMessageToKernel: threadId = 536992353456, netLinkSetup = 1, type = FROZEN_TRANS, targetUid = 10354, pkgCmd = PKG_CMD_MAX
[2026-06-13T06:35:51.680Z] [ALL] 06-13 12:05:49.180  7763 13029 D IHansComunication: HANS sendMessageToKernel: threadId = 536992353456, netLinkSetup = 1, type = FROZEN_TRANS, targetUid = 10375, pkgCmd = PKG_CMD_MAX
[2026-06-13T06:35:51.769Z] [ALL] 06-13 12:05:49.365  1000  1547 D SurfaceFlinger: kickIdle 2273, 1841, 34, 0
[2026-06-13T06:35:51.769Z] [ALL] 06-13 12:05:49.365   882   882 E hwcomposer: [DRMDEV] DRM_IOCTL_MTK_KICK_IDLE failed, drm_id_crtc: 64, error: -1  
[2026-06-13T06:35:52.035Z] [ALL] 06-13 12:05:49.628   934   934 D vendor.oplus.hardware.charger@1.0-service: getPsyUsbType type: USB, ret_value = 3
[2026-06-13T06:35:52.035Z] [ALL] 06-13 12:05:49.628   934   934 D vendor.oplus.hardware.charger@1.0-service: getPsyUsbType type: USB is usb charging.
[2026-06-13T06:35:52.073Z] [ALL] 06-13 12:05:49.644   934   934 D vendor.oplus.hardware.charger@1.0-service: getPsyUsbType type: USB, ret_value = 3
[2026-06-13T06:35:52.073Z] [ALL] 06-13 12:05:49.645   934   934 D vendor.oplus.hardware.charger@1.0-service: getPsyUsbType type: USB is usb charging.
[2026-06-13T06:35:52.114Z] [ALL] 06-13 12:05:49.668  7763 13029 D IHansComunication: HANS sendMessageToKernel: threadId = 536992353456, netLinkSetup = 1, type = FROZEN_TRANS, targetUid = 10349, pkgCmd = PKG_CMD_MAX
[2026-06-13T06:35:52.308Z] [ALL] 06-13 12:05:49.854  2536 27711 D IpClient/wlan0: interfaceLinkStateChanged: ifindex 34 up
[2026-06-13T06:35:53.517Z] [ALL] 06-13 12:05:51.060 22664 22664 D BoundBrokerSvc: onUnbind: Intent { act=com.google.android.gms.common.telemetry.service.START dat=chimera-action:/... cmp=com.google.android.gms/.chimera.PersistentApiService }
[2026-06-13T06:35:53.517Z] [ALL] 06-13 12:05:51.067  7763  7793 E IHansComunication: HANS printMessageBody: RCV message: type = 0,port = 86870,caller_pid = 1129,caller_uid = 1047,target_pid = 24280,target_uid = 10354,pkg_cmd = -1,rpc = android.hardware.ICameraServiceListener/5
[2026-06-13T06:35:53.517Z] [ALL] 06-13 12:05:51.068  7763  7793 E IHansComunication: HANS printMessageBody: RCV message: type = 0,port = 86870,caller_pid = 1129,caller_uid = 1047,target_pid = 20213,target_uid = 10375,pkg_cmd = -1,rpc = android.hardware.ICameraServiceListener/5
[2026-06-13T06:35:53.517Z] [ALL] 06-13 12:05:51.069  1695  2771 I OplusHansManager : unfreeze uid: 10354 com.myntra.android pids: [24280, 24544] reason: AsyncBinder scene: LcdOn
[2026-06-13T06:35:53.517Z] [ALL] 06-13 12:05:51.070  1695  2752 I OplusHansManager : uid=10354, pkg=com.myntra.android, transition from F to Middle, reason=AsyncBinder
[2026-06-13T06:35:53.517Z] [ALL] 06-13 12:05:51.070  1695  2752 I OplusHansManager : uid=10354, pkg=com.myntra.android F exit(), F stay=2, reason=AsyncBinder
[2026-06-13T06:35:53.517Z] [ALL] 06-13 12:05:51.070  9452  9575 I MMKV    : Disable checkProcessMode()
[2026-06-13T06:35:53.517Z] [ALL] 06-13 12:05:51.071  9452  9575 I MMKV    : <MMKV.cpp:203::initializeMMKV> root dir: /data/user_de/0/com.oplus.statistics.rom/files/mmkv
[2026-06-13T06:35:53.517Z] [ALL] 06-13 12:05:51.072  9452  9575 I MSP-LOG-SDK-MspSdk: Sdk has initialized! version:2.0.1.10
[2026-06-13T06:35:53.517Z] [ALL] 06-13 12:05:51.072  1695  2771 I OplusHansManager : unfreeze uid: 10375 com.mpokket.app pids: [20213, 20627] reason: AsyncBinder scene: LcdOn
[2026-06-13T06:35:53.517Z] [ALL] 06-13 12:05:51.072  1695  2752 I OplusHansManager : uid=10375, pkg=com.mpokket.app, transition from F to Middle, reason=AsyncBinder
[2026-06-13T06:35:53.517Z] [ALL] 06-13 12:05:51.072  9452  9575 I MSP-LOG-SDK-ApiProxy: interfaces length 1
[2026-06-13T06:35:53.517Z] [ALL] 06-13 12:05:51.072  1695  2752 I OplusHansManager : uid=10375, pkg=com.mpokket.app F exit(), F stay=2, reason=AsyncBinder
[2026-06-13T06:35:53.517Z] [ALL] 06-13 12:05:51.072  9452  9575 I MSP-LOG-SDK-ApiProxy: interfaces clazz name is b
[2026-06-13T06:35:53.626Z] [ALL] 06-13 12:05:51.075  9452  9575 E MSP-LOG-SDK-: MspSdkException{code=2007,message=com.heytap.mspsdk.exception.MspSdkException: target is not a interface class}
[2026-06-13T06:35:53.626Z] [ALL] 06-13 12:05:51.075  9452  9575 E MSP-LOG-SDK-: 	at com.heytap.mspsdk.proxy.f.b(PackageReplaceIPCInterceptor.java:25)
[2026-06-13T06:35:53.626Z] [ALL] 06-13 12:05:51.075  9452  9575 E MSP-LOG-SDK-: 	at com.heytap.mspsdk.interceptor.c.b(StandardListChain.java:5)
[2026-06-13T06:35:53.626Z] [ALL] 06-13 12:05:51.075  9452  9575 E MSP-LOG-SDK-: 	at com.heytap.mspsdk.proxy.b.b(CompatCheckInterceptor.java:8)
[2026-06-13T06:35:53.626Z] [ALL] 06-13 12:05:51.075  9452  9575 E MSP-LOG-SDK-: 	at com.heytap.mspsdk.interceptor.c.b(StandardListChain.java:5)
[2026-06-13T06:35:53.626Z] [ALL] 06-13 12:05:51.075  9452  9575 E MSP-LOG-SDK-: 	at com.heytap.mspsdk.proxy.d.invoke(InnerInvocationHandler.java:23)
[2026-06-13T06:35:53.626Z] [ALL] 06-13 12:05:51.075  9452  9575 E MSP-LOG-SDK-: 	at java.lang.reflect.Proxy.invoke(Proxy.java:1009)
[2026-06-13T06:35:53.626Z] [ALL] 06-13 12:05:51.075  9452  9575 E MSP-LOG-SDK-: 	at $Proxy4.a(Unknown Source)
[2026-06-13T06:35:53.626Z] [ALL] 06-13 12:05:51.075  9452  9575 E MSP-LOG-SDK-: 	at com.oplus.statistic.rom.oneidsdk.c$d.a(OneIdOsTokenKitSdk.java:1)
[2026-06-13T06:35:53.626Z] [ALL] 06-13 12:05:51.075  9452  9575 E MSP-LOG-SDK-: 	at com.oplus.statistic.rom.oneidsdk.c.o(OneIdOsTokenKitSdk.java:2)
[2026-06-13T06:35:53.626Z] [ALL] 06-13 12:05:51.075  9452  9575 E MSP-LOG-SDK-: 	at com.oplus.statistic.rom.oneidsdk.c.n(OneIdOsTokenKitSdk.java:13)
[2026-06-13T06:35:53.626Z] [ALL] 06-13 12:05:51.075  9452  9575 E MSP-LOG-SDK-: 	at com.oplus.statistics.rom.application.DcsModule$b.run(DcsModule.kt:1)
[2026-06-13T06:35:53.626Z] [ALL] 06-13 12:05:51.075  9452  9575 E MSP-LOG-SDK-: 	at java.util.TimerThread.mainLoop(Timer.java:596)
[2026-06-13T06:35:53.626Z] [ALL] 06-13 12:05:51.075  9452  9575 E MSP-LOG-SDK-: 	at java.util.TimerThread.run(Timer.java:540)
[2026-06-13T06:35:53.626Z] [ALL] 06-13 12:05:51.075  9452  9575 I MSP-LOG-SDK-MspSdk: Sdk has initialized! version:2.0.1.10
[2026-06-13T06:35:53.626Z] [ALL] 06-13 12:05:51.076  9452  9575 I MSP-LOG-SDK-ApiProxy: interfaces length 1
[2026-06-13T06:35:53.626Z] [ALL] 06-13 12:05:51.076  9452  9575 I MSP-LOG-SDK-ApiProxy: interfaces clazz name is b
[2026-06-13T06:35:53.626Z] [ALL] 06-13 12:05:51.078  9452  9575 E MSP-LOG-SDK-: MspSdkException{code=2007,message=com.heytap.mspsdk.exception.MspSdkException: target is not a interface class}
[2026-06-13T06:35:53.626Z] [ALL] 06-13 12:05:51.078  9452  9575 E MSP-LOG-SDK-: 	at com.heytap.mspsdk.proxy.f.b(PackageReplaceIPCInterceptor.java:25)
[2026-06-13T06:35:53.626Z] [ALL] 06-13 12:05:51.078  9452  9575 E MSP-LOG-SDK-: 	at com.heytap.mspsdk.interceptor.c.b(StandardListChain.java:5)
[2026-06-13T06:35:53.626Z] [ALL] 06-13 12:05:51.078  9452  9575 E MSP-LOG-SDK-: 	at com.heytap.mspsdk.proxy.b.b(CompatCheckInterceptor.java:8)
[2026-06-13T06:35:53.627Z] [ALL] 06-13 12:05:51.078  9452  9575 E MSP-LOG-SDK-: 	at com.heytap.mspsdk.interceptor.c.b(StandardListChain.java:5)
[2026-06-13T06:35:53.627Z] [ALL] 06-13 12:05:51.078  9452  9575 E MSP-LOG-SDK-: 	at com.heytap.mspsdk.proxy.d.invoke(InnerInvocationHandler.java:23)
[2026-06-13T06:35:53.627Z] [ALL] 06-13 12:05:51.078  9452  9575 E MSP-LOG-SDK-: 	at java.lang.reflect.Proxy.invoke(Proxy.java:1009)
[2026-06-13T06:35:53.627Z] [ALL] 06-13 12:05:51.078  9452  9575 E MSP-LOG-SDK-: 	at $Proxy4.c(Unknown Source)
[2026-06-13T06:35:53.627Z] [ALL] 06-13 12:05:51.078  9452  9575 E MSP-LOG-SDK-: 	at com.oplus.statistic.rom.oneidsdk.c$d.c(OneIdOsTokenKitSdk.java:1)
[2026-06-13T06:35:53.627Z] [ALL] 06-13 12:05:51.078  9452  9575 E MSP-LOG-SDK-: 	at com.oplus.statistic.rom.oneidsdk.c.j(OneIdOsTokenKitSdk.java:19)
[2026-06-13T06:35:53.627Z] [ALL] 06-13 12:05:51.078  9452  9575 E MSP-LOG-SDK-: 	at com.oplus.statistics.rom.application.DcsModule$b.run(DcsModule.kt:2)
[2026-06-13T06:35:53.627Z] [ALL] 06-13 12:05:51.078  9452  9575 E MSP-LOG-SDK-: 	at java.util.TimerThread.mainLoop(Timer.java:596)
[2026-06-13T06:35:53.627Z] [ALL] 06-13 12:05:51.078  9452  9575 E MSP-LOG-SDK-: 	at java.util.TimerThread.run(Timer.java:540)
[2026-06-13T06:35:53.627Z] [ALL] 06-13 12:05:51.078  9452  9575 E MSP-LOG-SDK-OneIdOsTokenKitSdk: error----->target is not a interface class
[2026-06-13T06:35:53.627Z] [ALL] 06-13 12:05:51.078  9452  9575 I MSP-LOG-SDK-MspSdk: Sdk has initialized! version:2.0.1.10
[2026-06-13T06:35:53.627Z] [ALL] 06-13 12:05:51.078  9452  9575 I MSP-LOG-SDK-ApiProxy: interfaces length 1
[2026-06-13T06:35:53.627Z] [ALL] 06-13 12:05:51.078  9452  9575 I MSP-LOG-SDK-ApiProxy: interfaces clazz name is b
[2026-06-13T06:35:53.627Z] [ALL] 06-13 12:05:51.080  9452  9575 E MSP-LOG-SDK-: MspSdkException{code=2007,message=com.heytap.mspsdk.exception.MspSdkException: target is not a interface class}
[2026-06-13T06:35:53.627Z] [ALL] 06-13 12:05:51.080  9452  9575 E MSP-LOG-SDK-: 	at com.heytap.mspsdk.proxy.f.b(PackageReplaceIPCInterceptor.java:25)
[2026-06-13T06:35:53.627Z] [ALL] 06-13 12:05:51.080  9452  9575 E MSP-LOG-SDK-: 	at com.heytap.mspsdk.interceptor.c.b(StandardListChain.java:5)
[2026-06-13T06:35:53.627Z] [ALL] 06-13 12:05:51.080  9452  9575 E MSP-LOG-SDK-: 	at com.heytap.mspsdk.proxy.b.b(CompatCheckInterceptor.java:8)
[2026-06-13T06:35:53.627Z] [ALL] 06-13 12:05:51.080  9452  9575 E MSP-LOG-SDK-: 	at com.heytap.mspsdk.interceptor.c.b(StandardListChain.java:5)
[2026-06-13T06:35:53.627Z] [ALL] 06-13 12:05:51.080  9452  9575 E MSP-LOG-SDK-: 	at com.heytap.mspsdk.proxy.d.invoke(InnerInvocationHandler.java:23)
[2026-06-13T06:35:53.627Z] [ALL] 06-13 12:05:51.080  9452  9575 E MSP-LOG-SDK-: 	at java.lang.reflect.Proxy.invoke(Proxy.java:1009)
[2026-06-13T06:35:53.627Z] [ALL] 06-13 12:05:51.080  9452  9575 E MSP-LOG-SDK-: 	at $Proxy4.e(Unknown Source)
[2026-06-13T06:35:53.627Z] [ALL] 06-13 12:05:51.080  9452  9575 E MSP-LOG-SDK-: 	at com.oplus.statistic.rom.oneidsdk.c$d.e(OneIdOsTokenKitSdk.java:1)
[2026-06-13T06:35:53.627Z] [ALL] 06-13 12:05:51.080  9452  9575 E MSP-LOG-SDK-: 	at com.oplus.statistic.rom.oneidsdk.c.m(OneIdOsTokenKitSdk.java:19)
[2026-06-13T06:35:53.627Z] [ALL] 06-13 12:05:51.080  9452  9575 E MSP-LOG-SDK-: 	at com.oplus.statistics.rom.application.DcsModule$b.run(DcsModule.kt:3)
[2026-06-13T06:35:53.627Z] [ALL] 06-13 12:05:51.080  9452  9575 E MSP-LOG-SDK-: 	at java.util.TimerThread.mainLoop(Timer.java:596)
[2026-06-13T06:35:53.627Z] [ALL] 06-13 12:05:51.080  9452  9575 E MSP-LOG-SDK-: 	at java.util.TimerThread.run(Timer.java:540)
[2026-06-13T06:35:53.627Z] [ALL] 06-13 12:05:51.081  9452  9575 E MSP-LOG-SDK-OneIdOsTokenKitSdk: error----->target is not a interface class
[2026-06-13T06:35:53.739Z] [ALL] 06-13 12:05:51.333   858  5601 E TetherController: property_get sys.radio.data.modem_share_flag return 0, 1!
[2026-06-13T06:35:53.910Z] [ALL] 06-13 12:05:51.438   858  5601 E netd    : dispachCmd:oplusGetRtt
[2026-06-13T06:35:53.910Z] [ALL] 06-13 12:05:51.438   858  5601 E netd    : handleGetRttCmd: netId = 204, uid = 10352
[2026-06-13T06:35:53.910Z] [ALL] 06-13 12:05:51.441   858  5601 E netd    : dispachCmd cmd:oplusGetRtt  result:0
[2026-06-13T06:35:53.910Z] [ALL] 06-13 12:05:51.442   858 28068 E netd    : dispachCmd:oplusGetRtt
[2026-06-13T06:35:53.910Z] [ALL] 06-13 12:05:51.442   858 28068 E netd    : handleGetRttCmd: netId = 206, uid = 10352
[2026-06-13T06:35:53.910Z] [ALL] 06-13 12:05:51.445   858 28068 E netd    : dispachCmd cmd:oplusGetRtt  result:0
[2026-06-13T06:35:53.910Z] [ALL] 06-13 12:05:51.449  1695  2144 D OplusWifiConnect2: clientModeManager == null, getOplusSta2ConnectionInfo null
[2026-06-13T06:35:53.910Z] [ALL] 06-13 12:05:51.449  1695  2148 D WN_S    : isCellQualityGood is false, curscore =82, no need to switch lte
[2026-06-13T06:35:53.924Z] [ALL] 06-13 12:05:51.511  1695  1711 W System  : A resource failed to call release. 
[2026-06-13T06:35:53.924Z] [ALL] 06-13 12:05:51.511  1695  1711 W System  : A resource failed to call release. 
[2026-06-13T06:35:53.924Z] [ALL] 06-13 12:05:51.511  1695  1711 W System  : A resource failed to call release. 
[2026-06-13T06:35:53.924Z] [ALL] 06-13 12:05:51.511  1695  1711 W System  : A resource failed to call release. 
[2026-06-13T06:35:53.924Z] [ALL] 06-13 12:05:51.511  1695  1711 W System  : A resource failed to call release. 
[2026-06-13T06:35:54.801Z] [ALL] 06-13 12:05:52.307 22664 11968 I NearbyMediums: Found Fast Ble Advertisements :
[2026-06-13T06:35:54.801Z] [ALL] 06-13 12:05:52.307 22664 11968 I NearbyMediums: BleAdvertisement { version=2, socketVersion=2, isFast=true, serviceIdHash=null, data=[ 0x23 0x46 0x41 0x55 0x44 0x11 0x16 0xea 0x4d 0x1e 0x41 0xfc 0x1f 0x24 0xd6 0x55 0xc3 0x60 0xf0 0x08 0xfa 0xec 0x94 ], deviceToken=[ 0x43 0x9b ], rxAdvertisement=null } : 2 times.
[2026-06-13T06:35:54.801Z] [ALL] 06-13 12:05:52.307 22664 11968 I NearbyMediums: Total 2 fast advertisements from 1 unique advertisers.
[2026-06-13T06:35:54.801Z] [ALL] 06-13 12:05:52.308 22664 11968 I NearbyMediums: Current Tracked Scanning Clients are : {NearbyConnections.EnvironmentMonitor, NearbySharing}
[2026-06-13T06:35:54.801Z] [ALL] 06-13 12:05:52.328   924   930 E PerformanceService: storage_feature: open /sys/devices/platform/soc/112b0000.ufshci//virtualtlcbuff fail
[2026-06-13T06:35:54.843Z] [ALL] 06-13 12:05:52.355  1046  1046 I GBE     : GBE_BOOST_UNKNOWN cmd:-1
[2026-06-13T06:35:54.860Z] [ALL] 06-13 12:05:52.444   934   934 D vendor.oplus.hardware.charger@1.0-service: getChargerControl:
[2026-06-13T06:35:54.998Z] [ALL] 06-13 12:05:52.578  1695  2752 I OplusHansManager : uid=10354, pkg=com.myntra.android can transition from M to F
[2026-06-13T06:35:54.998Z] [ALL] 06-13 12:05:52.578  1695  2752 I OplusHansManager : uid=10354, pkg=com.myntra.android F enter(), M stay=1
[2026-06-13T06:35:54.998Z] [ALL] 06-13 12:05:52.588  1695  2752 I OplusHansManager : freeze uid: 10354 com.myntra.android pids: [24280, 24544] IsolatedUid: [99207] scene: LcdOn
[2026-06-13T06:35:54.998Z] [ALL] 06-13 12:05:52.589  7763 13029 D IHansComunication: HansComunication::addUid-- 10354, persistent--0
[2026-06-13T06:35:54.998Z] [ALL] 06-13 12:05:52.589  7763 13029 D IHansComunication: HANS sendMessageToKernel: threadId = 536992353456, netLinkSetup = 1, type = PKG, targetUid = 10354, pkgCmd = ADD_ONE_UID
[2026-06-13T06:35:55.037Z] [ALL] 06-13 12:05:52.595  1695  2752 I OplusHansManager : uid=10375, pkg=com.mpokket.app can transition from M to F
[2026-06-13T06:35:55.037Z] [ALL] 06-13 12:05:52.596  1695  2752 I OplusHansManager : uid=10375, pkg=com.mpokket.app F enter(), M stay=1
[2026-06-13T06:35:55.082Z] [ALL] 06-13 12:05:52.609  1695  2752 I OplusHansManager : freeze uid: 10375 com.mpokket.app pids: [20213, 20627] IsolatedUid: [99210] scene: LcdOn
[2026-06-13T06:35:55.083Z] [ALL] 06-13 12:05:52.609  7763 13029 D IHansComunication: HansComunication::addUid-- 10375, persistent--0
[2026-06-13T06:35:55.083Z] [ALL] 06-13 12:05:52.609  7763 13029 D IHansComunication: HANS sendMessageToKernel: threadId = 536992353456, netLinkSetup = 1, type = PKG, targetUid = 10375, pkgCmd = ADD_ONE_UID
[2026-06-13T06:35:55.151Z] [ALL] 06-13 12:05:52.751  2376  2376 W TouchableRegionManager: onHeadsUpPinnedModeChanged
[2026-06-13T06:35:55.168Z] [ALL] 06-13 12:05:52.753  7763  7793 E IHansComunication: HANS printMessageBody: RCV message: type = 0,port = 86870,caller_pid = 1695,caller_uid = 1000,target_pid = 13227,target_uid = 10349,pkg_cmd = -1,rpc = android.accessibilityservice.IAccessibilityServiceClient/2
[2026-06-13T06:35:55.201Z] [ALL] 06-13 12:05:52.755  1695  2771 I OplusHansManager : unfreeze uid: 10349 io.appium.uiautomator2.server pids: [13227] reason: AsyncBinder scene: LcdOn
[2026-06-13T06:35:55.201Z] [ALL] 06-13 12:05:52.755  1695  2752 I OplusHansManager : uid=10349, pkg=io.appium.uiautomator2.server, transition from F to Middle, reason=AsyncBinder
[2026-06-13T06:35:55.201Z] [ALL] 06-13 12:05:52.755  1695  2752 I OplusHansManager : uid=10349, pkg=io.appium.uiautomator2.server F exit(), F stay=4, reason=AsyncBinder
[2026-06-13T06:35:55.201Z] [ALL] 06-13 12:05:52.769  2376  2376 W View    : requestLayout() improperly called by android.widget.ImageView{7adae6a V.ED..... ......ID 893,41-944,92 viewInfo = } during layout: running second layout pass
[2026-06-13T06:35:55.201Z] [ALL] 06-13 12:05:52.769  2376  2376 W View    : requestLayout() improperly called by android.view.NotificationHeaderView{96fb8bc V.E...... ......ID 0,0-998,133 #10203e7 android:id/notification_header viewInfo = } during layout: running second layout pass
[2026-06-13T06:35:55.201Z] [ALL] 06-13 12:05:52.769  2376  2376 W View    : requestLayout() improperly called by android.widget.ImageView{d88a3b0 V.ED..... ......ID 893,41-944,92 viewInfo = } during layout: running second layout pass
[2026-06-13T06:35:55.201Z] [ALL] 06-13 12:05:52.769  2376  2376 W View    : requestLayout() improperly called by android.view.NotificationHeaderView{36308a V.E...... ......ID 0,0-998,133 #10203e7 android:id/notification_header viewInfo = } during layout: running second layout pass
[2026-06-13T06:35:55.201Z] [ALL] 06-13 12:05:52.769  2376  2376 W View    : requestLayout() improperly called by android.widget.ImageView{f2261d4 V.ED..... ......ID 893,41-944,92 viewInfo = } during layout: running second layout pass
[2026-06-13T06:35:55.201Z] [ALL] 06-13 12:05:52.769  2376  2376 W View    : requestLayout() improperly called by android.view.NotificationHeaderView{d04f7d7 V.E...... ......ID 0,0-998,133 #10203e7 android:id/notification_header viewInfo = } during layout: running second layout pass
[2026-06-13T06:35:55.201Z] [ALL] 06-13 12:05:52.773  1000  1547 D SurfaceFlinger: kickIdle 3408, 3383, 35, 0
[2026-06-13T06:35:55.201Z] [ALL] 06-13 12:05:52.773   882   882 E hwcomposer: [DRMDEV] DRM_IOCTL_MTK_KICK_IDLE failed, drm_id_crtc: 64, error: -1  
[2026-06-13T06:35:55.239Z] [ALL] 06-13 12:05:52.777  2376  2376 D CursorFeedback: editorDetachFromWindow android.widget.Editor@d2286e7
[2026-06-13T06:35:55.239Z] [ALL] 06-13 12:05:52.787  1000  1000 I OplusPerfCount: The num of client composition of Primary display in last 61937 ms is: 25
[2026-06-13T06:35:55.239Z] [ALL] 06-13 12:05:52.787  1000  1000 I OplusPerfCount: The num of blur fliter in last 61937 ms is: 77
[2026-06-13T06:35:55.239Z] [ALL] 06-13 12:05:52.787  1000  1000 I Quality : SFJankCountInfo: 71;0;0-0-0-0-0-0-0-0-0-0;1-0-0-0-0-0-0-0-0-0;2-0-0-0-0-0-0-0-0-0;3-0-0-0-0-0-0-0-0-0;4-0-0-0-0-0-0-0-0-0;5-0-0-0-0-0-0-0-0-0;6-0-0-0-0-0-0-0-0-0;7-0-0-0-0-0-0-0-0-0;8-0-0-0-0-0-0-0-0-0;9-0-0-0-0-0-0-0-0-0;
[2026-06-13T06:35:55.239Z] [ALL] 06-13 12:05:52.787  1000  1000 I OplusPerfCount: The layer number in last 61937ms is: 4 layer, 49 time, 5 layer, 24 time, 
[2026-06-13T06:35:55.294Z] [ALL] 06-13 12:05:52.839 13227 13408 I appium  : AppiumResponse: {"sessionId":"1d958382-6c27-4154-8ae4-4950394a5bc8","value":"iVBORw0KGgoAAAANSUhEUgAABDgAAAlgCAYAAABtGofVAAAAAXNSR0IArs4c6QAAAARzQklUCAgICHwIZIgAACAASURBVHic7L154BzFfeb99MzoQlwSICQhsIQ4hdABOpC5D5sbbGwQxImz63c3cc71OsfmcBJ7YzubbN54333fjbPJJrZ349jY2DFgm8MXBsylCx0gxCkLhEDoAHTrN9P1/tHTM9XVVdVVfcwhPR8Y/Wa…
[2026-06-13T06:35:55.344Z] [ALL] 06-13 12:05:52.884 13227 13408 I appium  : channel read: POST /session/1d958382-6c27-4154-8ae4-4950394a5bc8/element
[2026-06-13T06:35:55.344Z] [ALL] 06-13 12:05:52.884 13227 13408 I appium  : FindElement command
[2026-06-13T06:35:55.344Z] [ALL] 06-13 12:05:52.885 13227 13408 I appium  : method: 'xpath', selector: '//*[@resource-id="nav_item_profile" or @content-desc="nav_item_profile"]'
[2026-06-13T06:35:55.344Z] [ALL] 06-13 12:05:52.885 13227 13408 I appium  : Waiting up to 10000ms for the device to idle
[2026-06-13T06:35:55.420Z] [ALL] 06-13 12:05:52.972 22840 16768 I Bugle   : BugleStartup: Updating app config...
[2026-06-13T06:35:55.420Z] [ALL] 06-13 12:05:52.973  1695  2379 W PackageManager: package unknown uid 10236 pid 22840 call SetEnabledSetting(com.google.android.apps.messaging component = com.google.android.apps.messaging.shared.receiver.SmsReceiver, 2, 0)
[2026-06-13T06:35:55.420Z] [ALL] 06-13 12:05:52.977  1695  2379 W PackageManager: package unknown uid 10236 pid 22840 call SetEnabledSetting(com.google.android.apps.messaging component = com.google.android.apps.messaging.shared.receiver.TelephonyChangeReceiver, 1, 0)
[2026-06-13T06:35:55.420Z] [ALL] 06-13 12:05:52.978  1695  2379 W PackageManager: package unknown uid 10236 pid 22840 call SetEnabledSetting(com.google.android.apps.messaging component = com.google.android.apps.messaging.shared.receiver.DefaultSmsPackageChangedReceiver, 1, 0)
[2026-06-13T06:35:55.420Z] [ALL] 06-13 12:05:52.981  1695  2379 W PackageManager: package unknown uid 10236 pid 22840 call SetEnabledSetting(com.google.android.apps.messaging component = com.google.android.apps.messaging.shared.receiver.RestoreReceiver, 1, 0)
[2026-06-13T06:35:55.420Z] [ALL] 06-13 12:05:52.984  1695  2379 W PackageManager: package unknown uid 10236 pid 22840 call SetEnabledSetting(com.google.android.apps.messaging component = com.google.android.apps.messaging.shared.receiver.SmsRejectedReceiver, 1, 0)
[2026-06-13T06:35:55.468Z] [ALL] 06-13 12:05:52.987  1695  2379 W PackageManager: package unknown uid 10236 pid 22840 call SetEnabledSetting(com.google.android.apps.messaging component = com.google.android.apps.messaging.ui.conversationlist.VideoShareIntentActivity, 1, 0)
[2026-06-13T06:35:55.468Z] [ALL] 06-13 12:05:52.992 22840 16768 I Bugle   : BugleStartup: Done with app config.
[2026-06-13T06:35:55.468Z] [ALL] 06-13 12:05:52.993 22840 16768 I Bugle   : BugleStartup: Handling shared prefs upgrade & Load MMS Configuration...
[2026-06-13T06:35:55.468Z] [ALL] 06-13 12:05:52.994  1284  1284 I thermal_repeater: [recvMdThermalInfo] ret=33, strLen=127,  4, 45, -50, -28457, 32767, 14084
[2026-06-13T06:35:55.515Z] [ALL] 06-13 12:05:53.007 22840 16749 I Bugle   : BugleStartup: Done initializing with enabled individual init failures.
[2026-06-13T06:35:55.515Z] [ALL] 06-13 12:05:53.011 22840 16768 I BugleDataModel: Scheduling country code detector action, because a subscription changed its state.
[2026-06-13T06:35:55.515Z] [ALL] 06-13 12:05:53.013 22840 16782 I RcsProvisioningFlow: Received intent action: android.intent.action.SIM_STATE_CHANGED with extra SIM_STATE: LOADED
[2026-06-13T06:35:55.515Z] [ALL] 06-13 12:05:53.013 22840 16768 I BugleDataModel: Scheduling self participants refresh action, because a subscription changed its state.
[2026-06-13T06:35:55.515Z] [ALL] 06-13 12:05:53.013 22840 16782 I RcsProvisioningFlow: Sending sim state update work request to scheduler due to LOADED.
[2026-06-13T06:35:55.515Z] [ALL] 06-13 12:05:53.018 22840 16782 I RcsProvisioningFlow: Scheduling 3 using PWQ with updateTrigger: 6, scheduledAt: 2026-06-13T06:35:53.014Z, initialDelaySeconds: 0.
[2026-06-13T06:35:55.515Z] [ALL] 06-13 12:05:53.021 22840 16749 I RcsProvisioningFlow: Beginning update task for phone SIMs state scheduledAt: 2026-06-13T06:35:53.016Z
[2026-06-13T06:35:55.515Z] [ALL] 06-13 12:05:53.030 22840 16709 I BugleRcsEngine: Cannot use CS.apk as it's battery optimized [CONTEXT thread_id=29089 ]
[2026-06-13T06:35:55.515Z] [ALL] 06-13 12:05:53.035 22840 16752 W Bugle   : BuglePhoneNumberUtils: canonicalizeMccMnc: invalid mccmnc. mcc: null, mnc: null
[2026-06-13T06:35:55.515Z] [ALL] 06-13 12:05:53.036 22840 16768 I RcsProvisioningFlow: Received intent action: android.telephony.action.DEFAULT_SUBSCRIPTION_CHANGED with extra SIM_STATE: null
[2026-06-13T06:35:55.515Z] [ALL] 06-13 12:05:53.037 22840 16768 I RcsProvisioningFlow: Scheduling 3 using PWQ with updateTrigger: 4, scheduledAt: 2026-06-13T06:35:53.036Z, initialDelaySeconds: 0.
[2026-06-13T06:35:55.515Z] [ALL] 06-13 12:05:53.038 22840 16749 I RcsProvisioningFlow: Lock acquired for updating phone SIMs state with update trigger: 1.
[2026-06-13T06:35:55.515Z] [ALL] 06-13 12:05:53.038 22840 16749 I RcsProvisioningFlow: subscriptionUtilsList subIds: [4, 5]
[2026-06-13T06:35:55.515Z] [ALL] 06-13 12:05:53.049 22840 16752 W Bugle   : BuglePhoneNumberUtils: canonicalizeMccMnc: invalid mccmnc. mcc: null, mnc: null
[2026-06-13T06:35:55.515Z] [ALL] 06-13 12:05:53.055 13755 22949 W OplusExSystemServiceHelper: checkOplusExSystemService intent getComponent is null
[2026-06-13T06:35:55.515Z] [ALL] 06-13 12:05:53.057 13755 13755 D BoundBrokerSvc: onBind: Intent { act=com.google.android.gms.auth.service.START pkg=com.google.android.gms }
[2026-06-13T06:35:55.515Z] [ALL] 06-13 12:05:53.057 13755 13755 D BoundBrokerSvc: Loading bound service for intent: Intent { act=com.google.android.gms.auth.service.START pkg=com.google.android.gms }
[2026-06-13T06:35:55.515Z] [ALL] 06-13 12:05:53.058 22840 16774 I BugleConnectivity: isOnSatellite(4): false [CONTEXT ratelimit_period="1 SECONDS" ]
[2026-06-13T06:35:55.515Z] [ALL] 06-13 12:05:53.058 22840 16774 I BugleConnectivity: 4 is not on satellite and no other subscriptions are on satellite [CONTEXT ratelimit_period="1 SECONDS" skipped=2 ]
[2026-06-13T06:35:55.563Z] [ALL] 06-13 12:05:53.061  7763  7793 E IHansComunication: HANS printMessageBody: RCV message: type = 0,port = 86870,caller_pid = 1129,caller_uid = 1047,target_pid = 24280,target_uid = 10354,pkg_cmd = -1,rpc = android.hardware.ICameraServiceListener/5
[2026-06-13T06:35:55.563Z] [ALL] 06-13 12:05:53.061  7763  7793 E IHansComunication: HANS printMessageBody: RCV message: type = 0,port = 86870,caller_pid = 1129,caller_uid = 1047,target_pid = 20213,target_uid = 10375,pkg_cmd = -1,rpc = android.hardware.ICameraServiceListener/5
[2026-06-13T06:35:55.563Z] [ALL] 06-13 12:05:53.064  1695  2771 I OplusHansManager : unfreeze uid: 10354 com.myntra.android pids: [24280, 24544] reason: AsyncBinder scene: LcdOn
[2026-06-13T06:35:55.563Z] [ALL] 06-13 12:05:53.064  1695  2752 I OplusHansManager : uid=10354, pkg=com.myntra.android, transition from F to Middle, reason=AsyncBinder
[2026-06-13T06:35:55.563Z] [ALL] 06-13 12:05:53.064  1695  2752 I OplusHansManager : uid=10354, pkg=com.myntra.android F exit(), F stay=0, reason=AsyncBinder
[2026-06-13T06:35:55.563Z] [ALL] 06-13 12:05:53.067  1695  2771 I OplusHansManager : unfreeze uid: 10375 com.mpokket.app pids: [20213, 20627] reason: AsyncBinder scene: LcdOn
[2026-06-13T06:35:55.563Z] [ALL] 06-13 12:05:53.067  1695  2752 I OplusHansManager : uid=10375, pkg=com.mpokket.app, transition from F to Middle, reason=AsyncBinder
[2026-06-13T06:35:55.563Z] [ALL] 06-13 12:05:53.067  1695  2752 I OplusHansManager : uid=10375, pkg=com.mpokket.app F exit(), F stay=0, reason=AsyncBinder
[2026-06-13T06:35:55.563Z] [ALL] 06-13 12:05:53.071 22840 16768 I RcsProvisioningFlow: Received intent action: android.telephony.action.DEFAULT_SMS_SUBSCRIPTION_CHANGED with extra SIM_STATE: null
[2026-06-13T06:35:55.563Z] [ALL] 06-13 12:05:53.072 22840 16768 I RcsProvisioningFlow: Scheduling 3 using PWQ with updateTrigger: 5, scheduledAt: 2026-06-13T06:35:53.072Z, initialDelaySeconds: 0.
[2026-06-13T06:35:55.563Z] [ALL] 06-13 12:05:53.074 22840 16750 I BugleSimStateTracker: Looking up Fi through package names.
[2026-06-13T06:35:55.563Z] [ALL] 06-13 12:05:53.077 22840 16769 D WM-GreedyScheduler: Ignoring {WorkSpec: 1404cf32-9c55-4211-b47d-f138d0a0dc69}. Requires device idle.
[2026-06-13T06:35:55.563Z] [ALL] 06-13 12:05:53.077 22840 16765 I Bugle   : BroadcastReceiverAsyncWorkTracker: Acknowledging broadcast of dfra@f94d93c
[2026-06-13T06:35:55.563Z] [ALL] 06-13 12:05:53.078 22840 16769 D WM-GreedyScheduler: Ignoring {WorkSpec: bb6c6375-5ba0-467a-ba14-f481ccc1f641}. Requires ContentUri triggers.
[2026-06-13T06:35:55.563Z] [ALL] 06-13 12:05:53.078 22840 16769 D WM-GreedyScheduler: Ignoring {WorkSpec: b41c8a90-87b2-4543-a989-5421f1e89a9e}. Requires ContentUri triggers.
[2026-06-13T06:35:55.563Z] [ALL] 06-13 12:05:53.078 22840 16769 D WM-GreedyScheduler: Ignoring {WorkSpec: e06f5e5c-5dfc-4089-bebf-cc3459e336f0}. Requires device idle.
[2026-06-13T06:35:55.563Z] [ALL] 06-13 12:05:53.078 22840 16769 D WM-GreedyScheduler: Starting work for cc2df3f2-092d-4604-801a-dbeeca329827
[2026-06-13T06:35:55.563Z] [ALL] 06-13 12:05:53.078 22840 16769 D WM-GreedyScheduler: Starting tracking for c6fdba71-5b75-451c-87a6-b41febe38189
[2026-06-13T06:35:55.563Z] [ALL] 06-13 12:05:53.081 22840 16752 I BugleJobs: Starts to observe table change.
[2026-06-13T06:35:55.563Z] [ALL] 06-13 12:05:53.099 22840 16768 D WM-Processor: swv: processing WorkGenerationalId(workSpecId=cc2df3f2-092d-4604-801a-dbeeca329827, generation=0)
[2026-06-13T06:35:55.563Z] [ALL] 06-13 12:05:53.101 22840 16750 I BugleSimStateTracker: default call SIM: redacted-pii:sim_id[chars:20,last3:747], default sms SIM redacted-pii:sim_id[chars:20,last3:747]. default data SIM redacted-pii:sim_id[chars:20,last3:747].
[2026-06-13T06:35:55.563Z] [ALL] 06-13 12:05:53.102 22840 16750 I BugleSimStateTracker: default call SIM: redacted-pii:sim_id[chars:20,last3:747], default sms SIM redacted-pii:sim_id[chars:20,last3:747]. default data SIM redacted-pii:sim_id[chars:20,last3:747].
[2026-06-13T06:35:55.563Z] [ALL] 06-13 12:05:53.102 22840 16749 D MddListenableWorkerFactory: createWorker for class: com.google.android.apps.messaging.shared.datamodel.workqueue.WorkQueueWorkerShim
[2026-06-13T06:35:55.609Z] [ALL] 06-13 12:05:53.112 22840 22840 D WM-WorkerWrapper: Starting work for com.google.android.apps.messaging.shared.datamodel.workqueue.WorkQueueWorkerShim
[2026-06-13T06:35:55.609Z] [ALL] 06-13 12:05:53.117 22840 16750 I BugleSimStateTracker: Subscription is carrier config identified: true [CONTEXT sub_id=4 ]
[2026-06-13T06:35:55.609Z] [ALL] 06-13 12:05:53.118 22840 16749 I RcsProvisioningFlow: Handling SIM state update work request for 3 with updateTrigger 6, scheduledAt 2026-06-13T06:35:53.014Z.
[2026-06-13T06:35:55.609Z] [ALL] 06-13 12:05:53.119 22840 16749 I RcsProvisioningFlow: Beginning update task for phone SIMs state scheduledAt: 2026-06-13T06:35:53.014Z
[2026-06-13T06:35:55.609Z] [ALL] 06-13 12:05:53.123 22840 16768 D WM-GreedyScheduler: Ignoring {WorkSpec: 1404cf32-9c55-4211-b47d-f138d0a0dc69}. Requires device idle.
[2026-06-13T06:35:55.609Z] [ALL] 06-13 12:05:53.123 22840 16768 D WM-GreedyScheduler: Ignoring {WorkSpec: bb6c6375-5ba0-467a-ba14-f481ccc1f641}. Requires ContentUri triggers.
[2026-06-13T06:35:55.609Z] [ALL] 06-13 12:05:53.123 22840 16768 D WM-GreedyScheduler: Ignoring {WorkSpec: b41c8a90-87b2-4543-a989-5421f1e89a9e}. Requires ContentUri triggers.
[2026-06-13T06:35:55.609Z] [ALL] 06-13 12:05:53.123 22840 16768 D WM-GreedyScheduler: Ignoring {WorkSpec: e06f5e5c-5dfc-4089-bebf-cc3459e336f0}. Requires device idle.
[2026-06-13T06:35:55.609Z] [ALL] 06-13 12:05:53.123 22840 16768 D WM-GreedyScheduler: Starting tracking for c6fdba71-5b75-451c-87a6-b41febe38189
[2026-06-13T06:35:55.609Z] [ALL] 06-13 12:05:53.129 22840 16744 I Forking : Starting analysis.
[2026-06-13T06:35:55.609Z] [ALL] 06-13 12:05:53.130 22840 16744 I Misthreading: Starting analysis.
[2026-06-13T06:35:55.609Z] [ALL] 06-13 12:05:53.131 22840 16750 I BugleSimStateTracker: Subscription is carrier config identified: true [CONTEXT sub_id=5 ]
[2026-06-13T06:35:55.609Z] [ALL] 06-13 12:05:53.155 13755 13755 D BoundBrokerSvc: onBind: Intent { act=com.google.android.gms.notifications.capping.api.NotificationsCappingApiService.START dat=chimera-action:/... cmp=com.google.android.gms/.chimera.GmsApiService }
[2026-06-13T06:35:55.609Z] [ALL] 06-13 12:05:53.155 13755 13755 D BoundBrokerSvc: Loading bound service for intent: Intent { act=com.google.android.gms.notifications.capping.api.NotificationsCappingApiService.START dat=chimera-action:/... cmp=com.google.android.gms/.chimera.GmsApiService }
[2026-06-13T06:35:55.609Z] [ALL] 06-13 12:05:53.156 22840 16696 D CompatibilityChangeReporter: Compat change id reported: 183155436; UID 10236; state: ENABLED
[2026-06-13T06:35:55.609Z] [ALL] 06-13 12:05:53.156 22840 16696 W ComponentDiscovery: Class com.google.firebase.installations.FirebaseInstallationsKtxRegistrar is not an found.
[2026-06-13T06:35:55.642Z] [ALL] 06-13 12:05:53.158 22840 16696 I FirebaseApp: Device unlocked: initializing all Firebase APIs for app [DEFAULT]
[2026-06-13T06:35:55.642Z] [ALL] 06-13 12:05:53.167 22840 16750 I BugleSimStateTracker: Looking up Fi through package names.
[2026-06-13T06:35:55.642Z] [ALL] 06-13 12:05:53.170 22840 16752 I BugleNetwork: FirebaseRegistrationStartupTask: Enabling Firebase component
[2026-06-13T06:35:55.642Z] [ALL] 06-13 12:05:53.170  1695  2580 W PackageManager: package unknown uid 10236 pid 22840 call SetEnabledSetting(com.google.android.apps.messaging component = com.google.android.apps.messaging.shared.fcm.impl.BugleFirebaseMessagingService, 1, 0)
[2026-06-13T06:35:55.642Z] [ALL] 06-13 12:05:53.182 22840 16750 I BugleSimStateTracker: Looking up Fi through package names.
[2026-06-13T06:35:55.642Z] [ALL] 06-13 12:05:53.185  2376  2376 D CursorFeedback: editorDetachFromWindow android.widget.Editor@bdbeca6
[2026-06-13T06:35:55.642Z] [ALL] 06-13 12:05:53.188 22840 16752 D nativeloader: Load /data/app/~~MXODY8esPOHCMvXP1D9I9w==/com.google.android.apps.messaging-l56GFKh0o94BWlbGb41_iw==/split_config.arm64_v8a.apk!/lib/arm64-v8a/libscytale_v2_jni.so using class loader ns clns-7 (caller=/data/app/~~MXODY8esPOHCMvXP1D9I9w==/com.google.android.apps.messaging-l56GFKh0o94BWlbGb41_iw==/base.apk!classes3.dex): ok
[2026-06-13T06:35:55.642Z] [ALL] 06-13 12:05:53.191 22840 16768 D WM-GreedyScheduler: Ignoring {WorkSpec: 1404cf32-9c55-4211-b47d-f138d0a0dc69}. Requires device idle.
[2026-06-13T06:35:55.642Z] [ALL] 06-13 12:05:53.191 22840 16768 D WM-GreedyScheduler: Ignoring {WorkSpec: bb6c6375-5ba0-467a-ba14-f481ccc1f641}. Requires ContentUri triggers.
[2026-06-13T06:35:55.642Z] [ALL] 06-13 12:05:53.191 22840 16768 D WM-GreedyScheduler: Ignoring {WorkSpec: b41c8a90-87b2-4543-a989-5421f1e89a9e}. Requires ContentUri triggers.
[2026-06-13T06:35:55.642Z] [ALL] 06-13 12:05:53.191 22840 16768 D WM-GreedyScheduler: Ignoring {WorkSpec: e06f5e5c-5dfc-4089-bebf-cc3459e336f0}. Requires device idle.
[2026-06-13T06:35:55.642Z] [ALL] 06-13 12:05:53.191 22840 16768 D WM-GreedyScheduler: Starting tracking for c6fdba71-5b75-451c-87a6-b41febe38189
[2026-06-13T06:35:55.642Z] [ALL] 06-13 12:05:53.193 22664 22664 D BoundBrokerSvc: onUnbind: Intent { act=com.google.android.gms.time.trustedtime.singleuserapi.service.START dat=chimera-action:/... cmp=com.google.android.gms/.chimera.PersistentSingleUserInternalApiService }
[2026-06-13T06:35:55.642Z] [ALL] 06-13 12:05:53.195 22840 16752 I BugleE2eeEtouffee: EtouffeeStateMachine: Ensuring state machine consistency
[2026-06-13T06:35:55.642Z] [ALL] 06-13 12:05:53.197 22840 16745 I BugleE2eeEtouffee: EtouffeeStateMachine: onRegistrationUpdate from Tachyon, previousState: REGISTERED_WITH_PREKEYS, newState: REGISTERED_WITH_PREKEYS, reason: STARTUP_ENSURE_CONSISTENCY
[2026-06-13T06:35:55.642Z] [ALL] 06-13 12:05:53.198 22664 22664 D BoundBrokerSvc: onUnbind: Intent { act=com.google.android.gms.time.trustedtime.service.START dat=chimera-action:/... cmp=com.google.android.gms/.chimera.PersistentDirectBootAwareApiService }
[2026-06-13T06:35:55.642Z] [ALL] 06-13 12:05:53.198 22840 16768 I BugleE2eeEtouffee: EtouffeeStateMachine: E2EE provisioning state update, Previous Etouffee status: PROVISIONED, New Etouffee status: PROVISIONED
[2026-06-13T06:35:55.642Z] [ALL] 06-13 12:05:53.203  2376  2376 D LocalImageResolver: Couldn't use ImageDecoder for drawable, falling back to non-resized load.
[2026-06-13T06:35:55.675Z] [ALL] 06-13 12:05:53.219 22840 16749 D WM-GreedyScheduler: Ignoring {WorkSpec: 1404cf32-9c55-4211-b47d-f138d0a0dc69}. Requires device idle.
[2026-06-13T06:35:55.675Z] [ALL] 06-13 12:05:53.219 22840 16749 D WM-GreedyScheduler: Ignoring {WorkSpec: bb6c6375-5ba0-467a-ba14-f481ccc1f641}. Requires ContentUri triggers.
[2026-06-13T06:35:55.675Z] [ALL] 06-13 12:05:53.219 22840 16749 D WM-GreedyScheduler: Ignoring {WorkSpec: b41c8a90-87b2-4543-a989-5421f1e89a9e}. Requires ContentUri triggers.
[2026-06-13T06:35:55.675Z] [ALL] 06-13 12:05:53.219 22840 16749 D WM-GreedyScheduler: Ignoring {WorkSpec: e06f5e5c-5dfc-4089-bebf-cc3459e336f0}. Requires device idle.
[2026-06-13T06:35:55.675Z] [ALL] 06-13 12:05:53.219 22840 16749 D WM-GreedyScheduler: Starting tracking for c6fdba71-5b75-451c-87a6-b41febe38189
[2026-06-13T06:35:55.675Z] [ALL] 06-13 12:05:53.220 22664 11968 W BpBinder: Large outgoing transaction of 449252 bytes, interface descriptor <uncached descriptor>, code 4
[2026-06-13T06:35:55.675Z] [ALL] 06-13 12:05:53.221 22840 16750 I BugleSimStateTracker: Looking up Fi through package names.
[2026-06-13T06:35:55.705Z] [ALL] 06-13 12:05:53.224 22840 16752 I BugleE2eeEtouffee: EtouffeeStateMachine: Ensuring state machine consistency
[2026-06-13T06:35:55.705Z] [ALL] 06-13 12:05:53.226 22840 16744 I BugleE2eeEtouffee: EtouffeeStateMachine: onRegistrationUpdate from Tachyon, previousState: REGISTERED_WITH_PREKEYS, newState: REGISTERED_WITH_PREKEYS, reason: STARTUP_ENSURE_CONSISTENCY
[2026-06-13T06:35:55.705Z] [ALL] 06-13 12:05:53.227  1695  2352 V WindowManager: Relayout Window{173d887 u0 NotificationShade}: viewVisibility=0, oldvis=0, req=1080x2400
[2026-06-13T06:35:55.705Z] [ALL] 06-13 12:05:53.229 22840 16747 I BugleE2eeEtouffee: EtouffeeStateMachine: E2EE provisioning state update, Previous Etouffee status: PROVISIONED, New Etouffee status: PROVISIONED
[2026-06-13T06:35:55.705Z] [ALL] 06-13 12:05:53.232  2376  2376 D NotificationShadeWindowController: notifyUiSwitched 0
[2026-06-13T06:35:55.705Z] [ALL] 06-13 12:05:53.232  2376  2376 D StatusBar: Received new disable state: enaihbcrso.qingr (unchanged)
[2026-06-13T06:35:55.705Z] [ALL] 06-13 12:05:53.233  2376  2376 I AodRootLayout: onKeyguardWindowVisibilityChanged: visible false
[2026-06-13T06:35:55.705Z] [ALL] 06-13 12:05:53.235 22840 16752 I BugleE2eeEtouffee: PendingFtdMessageProcessor: Removed old pending messages. count: 0
[2026-06-13T06:35:55.705Z] [ALL] 06-13 12:05:53.235  1000  1070 W BlurCache_Filter: blurRegion is empty !
[2026-06-13T06:35:55.705Z] [ALL] 06-13 12:05:53.235  1000  1070 W BlurCache_Filter: settings is empty !
[2026-06-13T06:35:55.705Z] [ALL] 06-13 12:05:53.236 22840 16747 I BugleMDD: MddBackgroundStartupTask: Scheduled MDD periodic tasks.
[2026-06-13T06:35:55.705Z] [ALL] 06-13 12:05:53.238 22840 16768 I native  : I0000 00:00:1781332553.238751   16768 db_store.cc:105] Loading an existing database with version 16
[2026-06-13T06:35:55.705Z] [ALL] 06-13 12:05:53.238 22840 16768 I native  : I0000 00:00:1781332553.238966   16768 db_store.cc:517] Checking presence of tables, run_sqlite_master_schema_validation=true, run_per_table_schema_validation=true
[2026-06-13T06:35:55.705Z] [ALL] 06-13 12:05:53.240  1695  2580 D OplusUIFirst: disable slide boost in system ui
[2026-06-13T06:35:55.705Z] [ALL] 06-13 12:05:53.240  2376  2376 D OpenGLRenderer: RenderProxy::destroy: this=0xb400006fa9d34600, mContext=0xb400006fa9b727c0
[2026-06-13T06:35:55.705Z] [ALL] 06-13 12:05:53.240  2376  2599 D OpenGLRenderer: SkiaOpenGLPipeline::setSurface: this=0xb400006fcf9c4400, surface=NULL
[2026-06-13T06:35:55.705Z] [ALL] 06-13 12:05:53.241 22840 16743 I BugleE2eeEtouffee: EtouffeeStateMachine: Deleting old data if any.
[2026-06-13T06:35:55.705Z] [ALL] 06-13 12:05:53.241  1695  2580 D OplusUIFirst_FB: com.android.systemui moveToBack 2376
[2026-06-13T06:35:55.705Z] [ALL] 06-13 12:05:53.242  1695  3175 V WindowManager: Relayout Window{173d887 u0 NotificationShade}: viewVisibility=4, oldvis=0, req=1080x2400
[2026-06-13T06:35:55.705Z] [ALL] 06-13 12:05:53.242 22840 16749 D WM-GreedyScheduler: Ignoring {WorkSpec: 1404cf32-9c55-4211-b47d-f138d0a0dc69}. Requires device idle.
[2026-06-13T06:35:55.705Z] [ALL] 06-13 12:05:53.242 22840 16749 D WM-GreedyScheduler: Ignoring {WorkSpec: bb6c6375-5ba0-467a-ba14-f481ccc1f641}. Requires ContentUri triggers.
[2026-06-13T06:35:55.705Z] [ALL] 06-13 12:05:53.242 22840 16749 D WM-GreedyScheduler: Ignoring {WorkSpec: b41c8a90-87b2-4543-a989-5421f1e89a9e}. Requires ContentUri triggers.
[2026-06-13T06:35:55.705Z] [ALL] 06-13 12:05:53.242 22840 16749 D WM-GreedyScheduler: Ignoring {WorkSpec: e06f5e5c-5dfc-4089-bebf-cc3459e336f0}. Requires device idle.
[2026-06-13T06:35:55.705Z] [ALL] 06-13 12:05:53.242 22840 16749 D WM-GreedyScheduler: Starting work for 62199b0b-91e5-4f24-8c49-a71e05821755
[2026-06-13T06:35:55.705Z] [ALL] 06-13 12:05:53.242  1695  3175 I WindowManager: Window{173d887 u0 NotificationShade} state from HAS_DRAWN to NO_SURFACE; reason: destroySurface
[2026-06-13T06:35:55.705Z] [ALL] 06-13 12:05:53.242 22840 16749 D WM-GreedyScheduler: Starting tracking for c6fdba71-5b75-451c-87a6-b41febe38189
[2026-06-13T06:35:55.736Z] [ALL] 06-13 12:05:53.246 22840 16750 I RcsProvisioningFlow: All newly built SimSubscriptionInfos: [(simId: redacted-pii:sim_id[chars:20,last3:747],
[2026-06-13T06:35:55.736Z] [ALL] 06-13 12:05:53.246 22840 16750 I RcsProvisioningFlow: subId: 4,
[2026-06-13T06:35:55.736Z] [ALL] 06-13 12:05:53.246 22840 16750 I RcsProvisioningFlow: simSlot: 0,
[2026-06-13T06:35:55.736Z] [ALL] 06-13 12:05:53.246 22840 16750 I RcsProvisioningFlow: imsi: redacted-pii:imsi[chars:15],
[2026-06-13T06:35:55.736Z] [ALL] 06-13 12:05:53.246 22840 16750 I RcsProvisioningFlow: phoneNumber: redacted-pii:phone_number[chars:12,last2:30],
[2026-06-13T06:35:55.736Z] [ALL] 06-13 12:05:53.246 22840 16750 I RcsProvisioningFlow: countryCode: IN,
[2026-06-13T06:35:55.736Z] [ALL] 06-13 12:05:53.246 22840 16750 I RcsProvisioningFlow: networkOperatorName: Jio True5G,
[2026-06-13T06:35:55.736Z] [ALL] 06-13 12:05:53.246 22840 16750 I RcsProvisioningFlow: subscriptionGroupUuid: ,
[2026-06-13T06:35:55.736Z] [ALL] 06-13 12:05:53.246 22840 16750 I RcsProvisioningFlow: mcc: 405,
[2026-06-13T06:35:55.736Z] [ALL] 06-13 12:05:53.246 22840 16750 I RcsProvisioningFlow: mnc: 854,
[2026-06-13T06:35:55.736Z] [ALL] 06-13 12:05:53.246 22840 16750 I RcsProvisioningFlow: simCarrierId: 2018,
[2026-06-13T06:35:55.736Z] [ALL] 06-13 12:05:53.246 22840 16750 I RcsProvisioningFlow: iccid: redacted-pii:sim_iccid[chars:20],
[2026-06-13T06:35:55.736Z] [ALL] 06-13 12:05:53.246 22840 16750 I RcsProvisioningFlow: isFi: false,
[2026-06-13T06:35:55.736Z] [ALL] 06-13 12:05:53.246 22840 16750 I RcsProvisioningFlow: loggableGuid: c3c5fa13-4470-4849-bb72-2da83945c9a0,
[2026-06-13T06:35:55.736Z] [ALL] 06-13 12:05:53.246 22840 16750 I RcsProvisioningFlow: formattedMsisdn: redacted-pii:phone_number[chars:13,last2:30],
[2026-06-13T06:35:55.736Z] [ALL] 06-13 12:05:53.246 22840 16750 I RcsProvisioningFlow: simOperatorName: Jio,
[2026-06-13T06:35:55.736Z] [ALL] 06-13 12:05:53.246 22840 16750 I RcsProvisioningFlow: simOperator: 405854,
[2026-06-13T06:35:55.736Z] [ALL] 06-13 12:05:53.246 22840 16750 I RcsProvisioningFlow: groupIdLevel1: FFFFFFFFFFFFFFFFFFFF,
[2026-06-13T06:35:55.736Z] [ALL] 06-13 12:05:53.246 22840 16750 I RcsProvisioningFlow: preferredSubscriptionName: SIM1), (simId: redacted-pii:sim_id[chars:20,last3:944],
[2026-06-13T06:35:55.736Z] [ALL] 06-13 12:05:53.246 22840 16750 I RcsProvisioningFlow: subId: 5,
[2026-06-13T06:35:55.736Z] [ALL] 06-13 12:05:53.246 22840 16750 I RcsProvisioningFlow: simSlot: 1,
[2026-06-13T06:35:55.736Z] [ALL] 06-13 12:05:53.246 22840 16750 I RcsProvisioningFlow: imsi: redacted-pii:imsi[chars:15],
[2026-06-13T06:35:55.736Z] [ALL] 06-13 12:05:53.246 22840 16750 I RcsProvisioningFlow: phoneNumber: redacted-pii:phone_number[chars:12,last2:44],
[2026-06-13T06:35:55.736Z] [ALL] 06-13 12:05:53.246 22840 16750 I RcsProvisioningFlow: countryCode: IN,
[2026-06-13T06:35:55.736Z] [ALL] 06-13 12:05:53.246 22840 16750 I RcsProvisioningFlow: networkOperatorName: JIO 4G,
[2026-06-13T06:35:55.736Z] [ALL] 06-13 12:05:53.246 22840 16750 I RcsProvisioningFlow: subscriptionGroupUuid: ,
[2026-06-13T06:35:55.736Z] [ALL] 06-13 12:05:53.246 22840 16750 I RcsProvisioningFlow: mcc: 405,
[2026-06-13T06:35:55.736Z] [ALL] 06-13 12:05:53.246 22840 16750 I RcsProvisioningFlow: mnc: 854,
[2026-06-13T06:35:55.736Z] [ALL] 06-13 12:05:53.246 22840 16750 I RcsProvisioningFlow: simCarrierId: 2018,
[2026-06-13T06:35:55.736Z] [ALL] 06-13 12:05:53.246 22840 16750 I RcsProvisioningFlow: iccid: redacted-pii:sim_iccid[chars:20],
[2026-06-13T06:35:55.736Z] [ALL] 06-13 12:05:53.246 22840 16750 I RcsProvisioningFlow: isFi: false,
[2026-06-13T06:35:55.736Z] [ALL] 06-13 12:05:53.246 22840 16750 I RcsProvisioningFlow: loggableGuid: 9d9c7a4c-0470-46af-9be3-026a9c57e319,
[2026-06-13T06:35:55.736Z] [ALL] 06-13 12:05:53.246 22840 16750 I RcsProvisioningFlow: formattedMsisdn: redacted-pii:phone_number[chars:13,last2:44],
[2026-06-13T06:35:55.736Z] [ALL] 06-13 12:05:53.246 22840 16750 I RcsProvisioningFlow: simOperatorName: Jio,
[2026-06-13T06:35:55.736Z] [ALL] 06-13 12:05:53.246 22840 16750 I RcsProvisioningFlow: simOperator: 405854,
[2026-06-13T06:35:55.736Z] [ALL] 06-13 12:05:53.246 22840 16750 I RcsProvisioningFlow: groupIdLevel1: FFFFFFFFFFFFFFFFFFFF,
[2026-06-13T06:35:55.736Z] [ALL] 06-13 12:05:53.246 22840 16750 I RcsProvisioningFlow: preferredSubscriptionName: SIM2)]
[2026-06-13T06:35:55.736Z] [ALL] 06-13 12:05:53.246  2376  2376 D BLASTBufferQueue: [VRI[NotificationShade]#864](f:0,a:2) destructor()
[2026-06-13T06:35:55.736Z] [ALL] 06-13 12:05:53.246  2376  2376 D BufferQueueConsumer: [VRI[NotificationShade]#864(BLAST Consumer)864](id:948000003a8,api:0,p:-1,c:2376) disconnect
[2026-06-13T06:35:55.736Z] [ALL] 06-13 12:05:53.247  2376  2376 I AodRootLayout: onGlobalLayout visibility=8, screenOn true
[2026-06-13T06:35:55.736Z] [ALL] 06-13 12:05:53.248  1000  1000 D Layer   : reparent to null sequence=12633, seq[52], name=NotificationShade#12633
[2026-06-13T06:35:55.736Z] [ALL] 06-13 12:05:53.250  1000  1000 I BufferQueueDebug: [NotificationShade#12633](this:0xb4000071abbe09e8,id:-1,api:0,p:-1,c:1000) onDestructor()
[2026-06-13T06:35:55.736Z] [ALL] 06-13 12:05:53.251  1695  2379 V WindowManager: Relayout Window{c1e4502 u0 StatusBar}: viewVisibility=0, oldvis=0, req=1080x107
[2026-06-13T06:35:55.736Z] [ALL] 06-13 12:05:53.253 22840 16749 D WM-GreedyScheduler: Cancelling work ID 1404cf32-9c55-4211-b47d-f138d0a0dc69
[2026-06-13T06:35:55.736Z] [ALL] 06-13 12:05:53.256  1695  1767 I ActivityManager: Waited long enough for: ServiceRecord{9443dec u0 com.google.android.apps.messaging/com.google.apps.tiktok.concurrent.AndroidFuturesService}
[2026-06-13T06:35:55.736Z] [ALL] 06-13 12:05:53.257  2376  2376 W UXUtils : set ux flag-->switch to MainThread: setFlag = 10000, old flag = 10000, open = false
[2026-06-13T06:35:55.736Z] [ALL] 06-13 12:05:53.257  2376  2376 D UXUtils : set ux flag--> setFlag = 10000, old flag = 10000, open = false, cal = 0
[2026-06-13T06:35:55.736Z] [ALL] 06-13 12:05:53.257  2376  2376 W UXUtils : set process top-ui: pid=2376 value=2
[2026-06-13T06:35:55.736Z] [ALL] 06-13 12:05:53.259 22840 16778 I native  : I0000 00:00:1781332553.258999   16778 db_store.cc:105] Loading an existing database with version 16
[2026-06-13T06:35:55.736Z] [ALL] 06-13 12:05:53.259 22840 16778 I native  : I0000 00:00:1781332553.259096   16778 db_store.cc:517] Checking presence of tables, run_sqlite_master_schema_validation=true, run_per_table_schema_validation=true
[2026-06-13T06:35:55.736Z] [ALL] 06-13 12:05:53.262 22840 16749 D WM-SystemJobScheduler: Scheduling work ID 1404cf32-9c55-4211-b47d-f138d0a0dc69Job ID 1152
[2026-06-13T06:35:55.736Z] [ALL] 06-13 12:05:53.265  1000  1000 D Layer   : reparent to null sequence=12632, seq[1], name=Surface(name=c1e4502 StatusBar)/@0x2c9b428 - animation-leash of insets_animation#12632
[2026-06-13T06:35:55.736Z] [ALL] 06-13 12:05:53.282 22840 16749 D WM-GreedyScheduler: Ignoring {WorkSpec: 1404cf32-9c55-4211-b47d-f138d0a0dc69}. Requires device idle.
[2026-06-13T06:35:55.736Z] [ALL] 06-13 12:05:53.282 22840 16749 D WM-GreedyScheduler: Ignoring {WorkSpec: bb6c6375-5ba0-467a-ba14-f481ccc1f641}. Requires ContentUri triggers.
[2026-06-13T06:35:55.736Z] [ALL] 06-13 12:05:53.282 22840 16749 D WM-GreedyScheduler: Ignoring {WorkSpec: b41c8a90-87b2-4543-a989-5421f1e89a9e}. Requires ContentUri triggers.
[2026-06-13T06:35:55.736Z] [ALL] 06-13 12:05:53.282 22840 16749 D WM-GreedyScheduler: Ignoring {WorkSpec: e06f5e5c-5dfc-4089-bebf-cc3459e336f0}. Requires device idle.
[2026-06-13T06:35:55.736Z] [ALL] 06-13 12:05:53.282 22840 16749 D WM-GreedyScheduler: Starting tracking for c6fdba71-5b75-451c-87a6-b41febe38189
[2026-06-13T06:35:55.736Z] [ALL] 06-13 12:05:53.296 22840 16749 I BugleRcsProvisioning: BugleSystemBindingManager: onBuglePhenotypeFlagChanged
[2026-06-13T06:35:55.736Z] [ALL] 06-13 12:05:53.297  1695  2379 W PackageManager: package unknown uid 10236 pid 22840 call SetEnabledSetting(com.google.android.apps.messaging component = com.google.android.ims.binding.SystemBindingService, 1, 0)
[2026-06-13T06:35:55.736Z] [ALL] 06-13 12:05:53.298 22840 16752 D WM-GreedyScheduler: Cancelling work ID d74ac583-5616-4691-8f06-28b720d62ef5
[2026-06-13T06:35:55.736Z] [ALL] 06-13 12:05:53.299 22840 16774 I BugleRcsEngine: SystemBinding enabled: true [CONTEXT log_prefix="SystemBindingManager" thread_id=29126 ]
[2026-06-13T06:35:55.736Z] [ALL] 06-13 12:05:53.304 22840 16709 I BugleRcsEngine: System Binding updated [CONTEXT thread_id=29089 ]
[2026-06-13T06:35:55.762Z] [ALL] 06-13 12:05:53.312 22840 16747 I BugleTransport: Retrieved RCS available simIds: [redacted-pii[20-chars], redacted-pii[20-chars]]
[2026-06-13T06:35:55.762Z] [ALL] 06-13 12:05:53.313 22840 16747 I BugleTransport: Enabled chat transport for SIM = redacted-pii[20-chars] is TACHYGRAM
[2026-06-13T06:35:55.762Z] [ALL] 06-13 12:05:53.314 22840 16747 I BugleTransport: Enabled chat transport for SIM = redacted-pii[20-chars] is TACHYGRAM
[2026-06-13T06:35:55.762Z] [ALL] 06-13 12:05:53.316 22840 16751 I BugleTransport: Deregister all SIMs except for SIMs with subIds: [] from chat transport: DUAL_REGISTRATION.
[2026-06-13T06:35:55.762Z] [ALL] 06-13 12:05:53.317 22840 16712 I BugleTransport: Deregister all SIMs except for SIMs with subIds: [] from chat transport: SINGLE_REGISTRATION.
[2026-06-13T06:35:55.762Z] [ALL] 06-13 12:05:53.317 22840 16769 I RcsClientLib: Service is deprecated skipping connection attempt: RcsEngineLifecycleServiceV2
[2026-06-13T06:35:55.762Z] [ALL] 06-13 12:05:53.318 22840 16744 I BugleRcsJibe: RcsServiceConnectionException was raised while waiting to connect to RcsEngineLifecycleServiceV2
[2026-06-13T06:35:55.762Z] [ALL] 06-13 12:05:53.318 22840 16779 I BugleTransport: Deregister all SIMs except for SIMs with subIds: [5, 4] from chat transport: TACHYGRAM.
[2026-06-13T06:35:55.762Z] [ALL] 06-13 12:05:53.322 22840 16769 I BugleTransport: Register SIM with subId: 5 on chat transport: TACHYGRAM.
[2026-06-13T06:35:55.762Z] [ALL] 06-13 12:05:53.322 22840 16751 I BugleTransport: Register SIM with subId: 4 on chat transport: TACHYGRAM.
[2026-06-13T06:35:55.762Z] [ALL] 06-13 12:05:53.323 22840 16779 I RcsProvisioningFlow: Storing updated SimSubscriptionInfo list in PhoneSimsStateDataStore: [(redacted-pii:sim_id[chars:20,last3:747], c3c5fa13-4470-4849-bb72-2da83945c9a0), (redacted-pii:sim_id[chars:20,last3:944], 9d9c7a4c-0470-46af-9be3-026a9c57e319)]
[2026-06-13T06:35:55.762Z] [ALL] 06-13 12:05:53.324 22840 16779 I RcsProvisioningFlow: Storing updated SimSubscriptionInfo list in SimStateStore: [(redacted-pii:sim_id[chars:20,last3:747], c3c5fa13-4470-4849-bb72-2da83945c9a0), (redacted-pii:sim_id[chars:20,last3:944], 9d9c7a4c-0470-46af-9be3-026a9c57e319)]
[2026-06-13T06:35:55.762Z] [ALL] 06-13 12:05:53.324 22840 16779 I RcsProvisioningFlow: Sim subscription infos have not changed, skipping saving
[2026-06-13T06:35:55.762Z] [ALL] 06-13 12:05:53.324 22840 16779 I RcsProvisioningFlow: Phone defaults have not changed in SimStateStore, skipping saving
[2026-06-13T06:35:55.762Z] [ALL] 06-13 12:05:53.325 22840 16779 I RcsProvisioningFlow: Phone defaults have not changed in PhoneSimsStateDataStore, skipping saving
[2026-06-13T06:35:55.762Z] [ALL] 06-13 12:05:53.326 22840 16779 I RcsProvisioningFlow: Handling SIM loaded event for all SIMs on first update: [(redacted-pii[20-chars], c3c5fa13-4470-4849-bb72-2da83945c9a0), (redacted-pii[20-chars], 9d9c7a4c-0470-46af-9be3-026a9c57e319)]
[2026-06-13T06:35:55.762Z] [ALL] 06-13 12:05:53.327 22840 16712 D ProfileInstaller: Skipping profile installation for com.google.android.apps.messaging
[2026-06-13T06:35:55.762Z] [ALL] 06-13 12:05:53.334 22840 16768 I native  : I0000 00:00:1781332553.334490   16768 db_store.cc:428] Database schema, prefix=scytale_05b75acb9100903ae8bba486dd16bfadb78055f7a668c1e28629a4d09cf91c0d67_
[2026-06-13T06:35:55.762Z] [ALL] 06-13 12:05:53.334 22840 16773 I BugleDataModel: 2 not running because already up to date, upgradeCommand: EXECUTE_UPGRADE, version: 4
[2026-06-13T06:35:55.762Z] [ALL] 06-13 12:05:53.336 22840 16773 I BugleDataModel: 4 not running because already up to date, upgradeCommand: EXECUTE_UPGRADE, version: 1
[2026-06-13T06:35:55.762Z] [ALL] 06-13 12:05:53.337 22840 16778 I native  : I0000 00:00:1781332553.337035   16778 db_store.cc:428] Database schema, prefix=scytale_054618ea4fc09e5bb39a0cb20e276ff7b0b795dad01f5989691f6726720d352f24_
[2026-06-13T06:35:55.762Z] [ALL] 06-13 12:05:53.337 22840 16768 I native  : I0000 00:00:1781332553.337069   16768 db_store.cc:449] Database schema=CREATE TABLE scytale_05b75acb9100903ae8bba486dd16bfadb78055f7a668c1e28629a4d09cf91c0d67_db_configuration(single_row INTEGER NOT NULL DEFAULT 1,schema_version INTEGER NOT NULL,PRIMARY KEY(single_row) CHECK(single_row = 1))
[2026-06-13T06:35:55.762Z] [ALL] 06-13 12:05:53.337 22840 16768 I native  : I0000 00:00:1781332553.337163   16768 db_store.cc:449] Database schema=CREATE TABLE scytale_05b75acb9100903ae8bba486dd16bfadb78055f7a668c1e28629a4d09cf91c0d67_identity_keys(device_id TEXT NOT NULL,identity_key BLOB NOT NULL,revision_timestamp_millis LONG NOT NULL DEFAULT(0),PRIMARY KEY(device_id) )
[2026-06-13T06:35:55.762Z] [ALL] 06-13 12:05:53.337 22840 16768 I native  : I0000 00:00:1781332553.337236   16768 db_store.cc:449] Database schema=CREATE TABLE scytale_05b75acb9100903ae8bba486dd16bfadb78055f7a668c1e28629a4d09cf91c0d67_message_otks(message_id TEXT NOT NULL,device_id TEXT NOT NULL,otk BLOB NOT NULL,insert_timestamp_millis LONG NOT NULL DEFAULT(0),PRIMARY KEY(message_id, device_id) )
[2026-06-13T06:35:55.762Z] [ALL] 06-13 12:05:53.337 22840 16768 I native  : I0000 00:00:1781332553.337361   16768 db_store.cc:449] Database schema=CREATE TABLE scytale_05b75acb9100903ae8bba486dd16bfadb78055f7a668c1e28629a4d09cf91c0d67_prekeys(key_id INTEGER NOT NULL,key_type INTEGER NOT NULL DEFAULT(0),prekey BLOB ,timestamp_millis LONG ,PRIMARY KEY(key_id) )
[2026-06-13T06:35:55.762Z] [ALL] 06-13 12:05:53.337 22840 16768 I native  : I0000 00:00:1781332553.337426   16768 db_store.cc:449] Database schema=CREATE TABLE scytale_05b75acb9100903ae8bba486dd16bfadb78055f7a668c1e28629a4d09cf91c0d67_received_message_state(message_id TEXT NOT NULL,message_state INTEGER NOT NULL DEFAULT(0),insert_timestamp_millis LONG NOT NULL DEFAULT(0),PRIMARY KEY(message_id) )
[2026-06-13T06:35:55.762Z] [ALL] 06-13 12:05:53.337 22840 16768 I native  : I0000 00:00:1781332553.337495   16768 db_store.cc:449] Database schema=CREATE TABLE scytale_05b75acb9100903ae8bba486dd16bfadb78055f7a668c1e28629a4d09cf91c0d67_sent_message_digests(message_id TEXT NOT NULL,device_id TEXT NOT NULL,message_digest BLOB NOT NULL,insert_timestamp_millis LONG NOT NULL DEFAULT(0),PRIMARY KEY(message_id, device_id) )
[2026-06-13T06:35:55.762Z] [ALL] 06-13 12:05:53.337 22840 16768 I native  : I0000 00:00:1781332553.337550   16768 db_store.cc:449] Database schema=CREATE TABLE scytale_05b75acb9100903ae8bba486dd16bfadb78055f7a668c1e28629a4d09cf91c0d67_sessions(device_id TEXT NOT NULL DEFAULT(0),session BLOB ,PRIMARY KEY(device_id) )
[2026-06-13T06:35:55.762Z] [ALL] 06-13 12:05:53.337 22840 16743 I BugleDataModel: 8 not running because already up to date, upgradeCommand: EXECUTE_UPGRADE, version: 1
[2026-06-13T06:35:55.814Z] [ALL] 06-13 12:05:53.338 22840 16778 I native  : I0000 00:00:1781332553.338018   16778 db_store.cc:449] Database schema=CREATE TABLE scytale_054618ea4fc09e5bb39a0cb20e276ff7b0b795dad01f5989691f6726720d352f24_db_configuration(single_row INTEGER NOT NULL DEFAULT 1,schema_version INTEGER NOT NULL,PRIMARY KEY(single_row) CHECK(single_row = 1))
[2026-06-13T06:35:55.814Z] [ALL] 06-13 12:05:53.338 22840 16768 I BugleE2eeEtouffee: CryptoV2Provider: Base crypto created
[2026-06-13T06:35:55.814Z] [ALL] 06-13 12:05:53.338 22840 16778 I native  : I0000 00:00:1781332553.338105   16778 db_store.cc:449] Database schema=CREATE TABLE scytale_054618ea4fc09e5bb39a0cb20e276ff7b0b795dad01f5989691f6726720d352f24_identity_keys(device_id TEXT NOT NULL,identity_key BLOB NOT NULL,revision_timestamp_millis LONG NOT NULL DEFAULT(0),PRIMARY KEY(device_id) )
[2026-06-13T06:35:55.814Z] [ALL] 06-13 12:05:53.338 22840 16778 I native  : I0000 00:00:1781332553.338178   16778 db_store.cc:449] Database schema=CREATE TABLE scytale_054618ea4fc09e5bb39a0cb20e276ff7b0b795dad01f5989691f6726720d352f24_message_otks(message_id TEXT NOT NULL,device_id TEXT NOT NULL,otk BLOB NOT NULL,insert_timestamp_millis LONG NOT NULL DEFAULT(0),PRIMARY KEY(message_id, device_id) )
[2026-06-13T06:35:55.814Z] [ALL] 06-13 12:05:53.338 22840 16778 I native  : I0000 00:00:1781332553.338237   16778 db_store.cc:449] Database schema=CREATE TABLE scytale_054618ea4fc09e5bb39a0cb20e276ff7b0b795dad01f5989691f6726720d352f24_prekeys(key_id INTEGER NOT NULL,key_type INTEGER NOT NULL DEFAULT(0),prekey BLOB ,timestamp_millis LONG ,PRIMARY KEY(key_id) )
[2026-06-13T06:35:55.814Z] [ALL] 06-13 12:05:53.338 22840 16778 I native  : I0000 00:00:1781332553.338296   16778 db_store.cc:449] Database schema=CREATE TABLE scytale_054618ea4fc09e5bb39a0cb20e276ff7b0b795dad01f5989691f6726720d352f24_received_message_state(message_id TEXT NOT NULL,message_state INTEGER NOT NULL DEFAULT(0),insert_timestamp_millis LONG NOT NULL DEFAULT(0),PRIMARY KEY(message_id) )
[2026-06-13T06:35:55.814Z] [ALL] 06-13 12:05:53.338 22840 16778 I native  : I0000 00:00:1781332553.338371   16778 db_store.cc:449] Database schema=CREATE TABLE scytale_054618ea4fc09e5bb39a0cb20e276ff7b0b795dad01f5989691f6726720d352f24_sent_message_digests(message_id TEXT NOT NULL,device_id TEXT NOT NULL,message_digest BLOB NOT NULL,insert_timestamp_millis LONG NOT NULL DEFAULT(0),PRIMARY KEY(message_id, device_id) )
[2026-06-13T06:35:55.814Z] [ALL] 06-13 12:05:53.338 22840 16778 I native  : I0000 00:00:1781332553.338427   16778 db_store.cc:449] Database schema=CREATE TABLE scytale_054618ea4fc09e5bb39a0cb20e276ff7b0b795dad01f5989691f6726720d352f24_sessions(device_id TEXT NOT NULL DEFAULT(0),session BLOB ,PRIMARY KEY(device_id) )
[2026-06-13T06:35:55.814Z] [ALL] 06-13 12:05:53.358 22840 16778 I BugleE2eeEtouffee: CryptoV2Provider: Base crypto created
[2026-06-13T06:35:55.833Z] [ALL] 06-13 12:05:53.358 22840 16773 I BugleDataModel: 9 not running because already up to date, upgradeCommand: EXECUTE_DOWNGRADE, version: 2
[2026-06-13T06:35:55.833Z] [ALL] 06-13 12:05:53.359 22840 16768 I BugleRcsProvisioning: RcsProvisioningTrigger: Schedule provisioning on app startup
[2026-06-13T06:35:55.833Z] [ALL] 06-13 12:05:53.359 22840 16744 I BugleE2eeEtouffee: Removed OTK count: 0
[2026-06-13T06:35:55.833Z] [ALL] 06-13 12:05:53.359 22840 16779 I BugleCME: MyIdentity onActiveSimsChanged: [(subId: 4, simType: SIM_TYPE_PSIM, simSlot: 0, simLoggableGuid: c3c5fa13-4470-4849-bb72-2da83945c9a0), (subId: 5, simType: SIM_TYPE_PSIM, simSlot: 1, simLoggableGuid: 9d9c7a4c-0470-46af-9be3-026a9c57e319)]
[2026-06-13T06:35:55.833Z] [ALL] 06-13 12:05:53.359 22840 16709 I Bugle   : RcsAvailabilityUtilForProvisioningEngineV2: updateAvailabilityForAllSimsAsync, hint: NO_HINT
[2026-06-13T06:35:55.833Z] [ALL] 06-13 12:05:53.360 22840 16709 I BugleRcsProvisioning: updateAvailabilityForAllSimsAsync: hint: NO_HINT
[2026-06-13T06:35:55.834Z] [ALL] 06-13 12:05:53.360 22840 16768 I BugleRcsProvisioning: RcsProvisioningTrigger: updateAvailabilityForAllSimsAsync : hint = NO_HINT logTriggerEvent = false
[2026-06-13T06:35:55.834Z] [ALL] 06-13 12:05:53.360 22840 16768 I Bugle   : RcsAvailabilityUtilForProvisioningEngineV2: updateAvailabilityForAllSimsAsync, hint: NO_HINT
[2026-06-13T06:35:55.834Z] [ALL] 06-13 12:05:53.360 22840 16768 I BugleRcsProvisioning: updateAvailabilityForAllSimsAsync: hint: NO_HINT
[2026-06-13T06:35:55.834Z] [ALL] 06-13 12:05:53.361 22840 16742 I BugleDataModel: 3 not running because already up to date, upgradeCommand: EXECUTE_UPGRADE, version: 2
[2026-06-13T06:35:55.834Z] [ALL] 06-13 12:05:53.361 22840 16750 I BugleNetwork: Startup: registering tachyon.
[2026-06-13T06:35:55.834Z] [ALL] 06-13 12:05:53.363 22840 16769 I BugleRcsProvisioning: updateRcsAvailabilityForMultipleSims: hint: NO_HINT
[2026-06-13T06:35:55.834Z] [ALL] 06-13 12:05:53.363 22840 16745 I BugleDataModel: 11 not running because already up to date, upgradeCommand: EXECUTE_UPGRADE, version: 1
[2026-06-13T06:35:55.834Z] [ALL] 06-13 12:05:53.364  1695  3175 W PackageManager: package unknown uid 10236 pid 22840 call SetEnabledSetting(com.google.android.apps.messaging component = com.google.android.apps.messaging.auto.MessagingTemplateScreenServiceModule, 1, 0)
[2026-06-13T06:35:55.834Z] [ALL] 06-13 12:05:53.364 22840 16752 D WM-SystemJobScheduler: Scheduling work ID d74ac583-5616-4691-8f06-28b720d62ef5Job ID 1153
[2026-06-13T06:35:55.834Z] [ALL] 06-13 12:05:53.364 22840 16750 I BugleNetwork: Startup: registering tachyon for phone.
[2026-06-13T06:35:55.834Z] [ALL] 06-13 12:05:53.366 22840 16752 D WM-GreedyScheduler: Ignoring {WorkSpec: 1404cf32-9c55-4211-b47d-f138d0a0dc69}. Requires device idle.
[2026-06-13T06:35:55.834Z] [ALL] 06-13 12:05:53.366 22840 16775 I BugleNetwork: TachyonPhoneRegistration: Ensuring Tachyon phone registration
[2026-06-13T06:35:55.834Z] [ALL] 06-13 12:05:53.366 22840 16752 D WM-GreedyScheduler: Ignoring {WorkSpec: bb6c6375-5ba0-467a-ba14-f481ccc1f641}. Requires ContentUri triggers.
[2026-06-13T06:35:55.834Z] [ALL] 06-13 12:05:53.366 22840 16752 D WM-GreedyScheduler: Ignoring {WorkSpec: b41c8a90-87b2-4543-a989-5421f1e89a9e}. Requires ContentUri triggers.
[2026-06-13T06:35:55.834Z] [ALL] 06-13 12:05:53.366 22840 16752 D WM-GreedyScheduler: Ignoring {WorkSpec: e06f5e5c-5dfc-4089-bebf-cc3459e336f0}. Requires device idle.
[2026-06-13T06:35:55.834Z] [ALL] 06-13 12:05:53.366 22840 16752 D WM-GreedyScheduler: Starting tracking for c6fdba71-5b75-451c-87a6-b41febe38189
[2026-06-13T06:35:55.834Z] [ALL] 06-13 12:05:53.366 22840 16775 I BugleNetwork: TachyonPhoneRegistration: Ensuring Tachyon phone registration
[2026-06-13T06:35:55.834Z] [ALL] 06-13 12:05:53.368 22840 16778 I BugleRcsProvisioning: updateRcsAvailabilityForMultipleSims: hint: NO_HINT
[2026-06-13T06:35:55.834Z] [ALL] 06-13 12:05:53.371 22840 16769 I BugleRcsEngine: [SR]: Single Registration is disabled. Skipping Single Registration capability check for subId: 5 [CONTEXT thread_id=29120 ]
[2026-06-13T06:35:55.834Z] [ALL] 06-13 12:05:53.374 22840 16769 I BugleRcsProvisioning: RcsAvailability configuration availability and enabled status: simId: redacted-pii:sim_id[chars:20,last3:944], SipConnectionType: DUAL_REG, isConfigurationAvailableAndEnabled: true
[2026-06-13T06:35:55.834Z] [ALL] 06-13 12:05:53.377 22840 16750 D WM-GreedyScheduler: Cancelling work ID 9792899e-b30e-43cb-87d0-3c7dbacbcb08
[2026-06-13T06:35:55.834Z] [ALL] 06-13 12:05:53.378 22840 16769 I BugleRcsProvisioning: Checking isConfigServerUrlAvailable with simId: redacted-pii:sim_id[chars:20,last3:944], 
[2026-06-13T06:35:55.834Z] [ALL] 06-13 12:05:53.379 22840 16769 I BugleRcsEngine: getConfigServerUrl with simId: redacted-pii:sim_id[chars:20,last3:944] [CONTEXT log_prefix="ProvisioningServerUtil" thread_id=29120 ]
[2026-06-13T06:35:55.834Z] [ALL] 06-13 12:05:53.379 22840 16768 I BugleE2eeEtouffee: PendingFtdMessageProcessor: Removed old pending messages. count: 0
[2026-06-13T06:35:55.948Z] [ALL] 06-13 12:05:53.380 22840 16769 I BugleRcsEngine: Using MCC based URL [CONTEXT log_prefix="ProvisioningServerUtil" thread_id=29120 ]
[2026-06-13T06:35:55.993Z] [ALL] 06-13 12:05:53.380 22840 16778 I BugleRcsEngine: [SR]: Single Registration is disabled. Skipping Single Registration capability check for subId: 5 [CONTEXT thread_id=29128 ]
[2026-06-13T06:35:55.993Z] [ALL] 06-13 12:05:53.381 22840 16765 I BugleE2eeEtouffee: EtouffeeStateMachine: Deleting old data if any.
[2026-06-13T06:35:55.993Z] [ALL] 06-13 12:05:53.383 22840 16778 I BugleRcsProvisioning: RcsAvailability configuration availability and enabled status: simId: redacted-pii:sim_id[chars:20,last3:944], SipConnectionType: DUAL_REG, isConfigurationAvailableAndEnabled: true
[2026-06-13T06:35:55.993Z] [ALL] 06-13 12:05:53.385 22840 16749 I BugleRcsEngine: Cannot use CS.apk as it's battery optimized [CONTEXT thread_id=29112 ]
[2026-06-13T06:35:55.993Z] [ALL] 06-13 12:05:53.385 22840 16765 I BugleE2eeEtouffee: Removed OTK count: 0
[2026-06-13T06:35:55.993Z] [ALL] 06-13 12:05:53.389 22840 16749 I BugleSatellite: Processing Phenotype flag changes.
[2026-06-13T06:35:55.993Z] [ALL] 06-13 12:05:53.390 22840 16747 I BugleSatellite: Reporting to Telephony: SMS supported = true
[2026-06-13T06:35:55.993Z] [ALL] 06-13 12:05:53.390 22840 16750 D WM-SystemJobScheduler: Scheduling work ID 9792899e-b30e-43cb-87d0-3c7dbacbcb08Job ID 1154
[2026-06-13T06:35:55.993Z] [ALL] 06-13 12:05:53.392 22840 16750 D WM-GreedyScheduler: Ignoring {WorkSpec: 1404cf32-9c55-4211-b47d-f138d0a0dc69}. Requires device idle.
[2026-06-13T06:35:55.993Z] [ALL] 06-13 12:05:53.392 22840 16750 D WM-GreedyScheduler: Ignoring {WorkSpec: bb6c6375-5ba0-467a-ba14-f481ccc1f641}. Requires ContentUri triggers.
[2026-06-13T06:35:55.993Z] [ALL] 06-13 12:05:53.392 22840 16750 D WM-GreedyScheduler: Ignoring {WorkSpec: b41c8a90-87b2-4543-a989-5421f1e89a9e}. Requires ContentUri triggers.
[2026-06-13T06:35:55.993Z] [ALL] 06-13 12:05:53.392 22840 16750 D WM-GreedyScheduler: Ignoring {WorkSpec: e06f5e5c-5dfc-4089-bebf-cc3459e336f0}. Requires device idle.
[2026-06-13T06:35:55.993Z] [ALL] 06-13 12:05:53.392 22840 16750 D WM-GreedyScheduler: Starting tracking for c6fdba71-5b75-451c-87a6-b41febe38189
[2026-06-13T06:35:55.993Z] [ALL] 06-13 12:05:53.394 22840 16778 I BugleRcsProvisioning: Checking isConfigServerUrlAvailable with simId: redacted-pii:sim_id[chars:20,last3:944], 
[2026-06-13T06:35:55.993Z] [ALL] 06-13 12:05:53.395 22840 16778 I BugleRcsEngine: getConfigServerUrl with simId: redacted-pii:sim_id[chars:20,last3:944] [CONTEXT log_prefix="ProvisioningServerUtil" thread_id=29128 ]
[2026-06-13T06:35:55.993Z] [ALL] 06-13 12:05:53.395 22840 16778 I BugleRcsEngine: Using MCC based URL [CONTEXT log_prefix="ProvisioningServerUtil" thread_id=29128 ]
[2026-06-13T06:35:55.993Z] [ALL] 06-13 12:05:53.395 22840 16769 I ProvisioningServerUtil: ProvisioningServerUtil: Getting mcc from SimSubscriptionInfo.
[2026-06-13T06:35:55.993Z] [ALL] 06-13 12:05:53.396 22840 16778 I ProvisioningServerUtil: ProvisioningServerUtil: Getting mcc from SimSubscriptionInfo.
[2026-06-13T06:35:55.993Z] [ALL] 06-13 12:05:53.396 22840 16779 I BugleDataModel: SubscriptionsTracker#refreshSelfParticipantList([4, 5]), with subIdToSimIdMap([4, 5])
[2026-06-13T06:35:55.993Z] [ALL] 06-13 12:05:53.398 22840 16749 D WM-GreedyScheduler: Cancelling work ID c6fdba71-5b75-451c-87a6-b41febe38189
[2026-06-13T06:35:55.993Z] [ALL] 06-13 12:05:53.405 22840 16749 D WM-SystemJobScheduler: Scheduling work ID c6fdba71-5b75-451c-87a6-b41febe38189Job ID 1155
[2026-06-13T06:35:55.993Z] [ALL] 06-13 12:05:53.406 22840 16749 D WM-GreedyScheduler: Ignoring {WorkSpec: 1404cf32-9c55-4211-b47d-f138d0a0dc69}. Requires device idle.
[2026-06-13T06:35:55.993Z] [ALL] 06-13 12:05:53.406 22840 16749 D WM-GreedyScheduler: Ignoring {WorkSpec: bb6c6375-5ba0-467a-ba14-f481ccc1f641}. Requires ContentUri triggers.
[2026-06-13T06:35:55.993Z] [ALL] 06-13 12:05:53.406 22840 16749 D WM-GreedyScheduler: Ignoring {WorkSpec: b41c8a90-87b2-4543-a989-5421f1e89a9e}. Requires ContentUri triggers.
[2026-06-13T06:35:55.993Z] [ALL] 06-13 12:05:53.407 22840 16749 D WM-GreedyScheduler: Ignoring {WorkSpec: e06f5e5c-5dfc-4089-bebf-cc3459e336f0}. Requires device idle.
[2026-06-13T06:35:55.993Z] [ALL] 06-13 12:05:53.407 22840 16749 D WM-GreedyScheduler: Starting tracking for c6fdba71-5b75-451c-87a6-b41febe38189
[2026-06-13T06:35:55.993Z] [ALL] 06-13 12:05:53.418 22840 16769 I BugleRcsProvisioning: RcsAvailability: Subscription Id: 5, simId: redacted-pii:sim_id[chars:20,last3:944], sipConnectionType: DUAL_REG, isRcsAvailable: true
[2026-06-13T06:35:55.993Z] [ALL] 06-13 12:05:53.419 22840 16769 I BugleRcsProvisioning: updateAvailabilityForRcsProvisioningId. SimId: redacted-pii:sim_id[chars:20,last3:944], currentAvailability: 7, newAvailability: 7, hint: NO_HINT
[2026-06-13T06:35:55.993Z] [ALL] 06-13 12:05:53.419 22840 16768 D WM-Processor: swv: processing WorkGenerationalId(workSpecId=62199b0b-91e5-4f24-8c49-a71e05821755, generation=0)
[2026-06-13T06:35:55.993Z] [ALL] 06-13 12:05:53.420 22840 16751 I RcsClientLib: Service is deprecated skipping connection attempt: EventService
[2026-06-13T06:35:55.993Z] [ALL] 06-13 12:05:53.420 22840 16778 I BugleRcsProvisioning: RcsAvailability: Subscription Id: 5, simId: redacted-pii:sim_id[chars:20,last3:944], sipConnectionType: DUAL_REG, isRcsAvailable: true
[2026-06-13T06:35:55.993Z] [ALL] 06-13 12:05:53.420 22840 16751 I RcsClientLib: Service is deprecated skipping connection attempt: ContactsService
[2026-06-13T06:35:55.993Z] [ALL] 06-13 12:05:53.421 22840 16778 I BugleRcsProvisioning: updateAvailabilityForRcsProvisioningId. SimId: redacted-pii:sim_id[chars:20,last3:944], currentAvailability: 7, newAvailability: 7, hint: NO_HINT
[2026-06-13T06:35:55.993Z] [ALL] 06-13 12:05:53.421 22840 16751 I RcsClientLib: Service is deprecated skipping connection attempt: FileTransferService
[2026-06-13T06:35:55.993Z] [ALL] 06-13 12:05:53.421 22840 16751 I RcsClientLib: Service is deprecated skipping connection attempt: LocationSharingService
[2026-06-13T06:35:55.993Z] [ALL] 06-13 12:05:53.421 22840 16751 I RcsClientLib: Service is deprecated skipping connection attempt: ImsConnectionTrackerService
[2026-06-13T06:35:55.993Z] [ALL] 06-13 12:05:53.422 22840 16751 I RcsClientLib: Service is deprecated skipping connection attempt: RcsProfileService
[2026-06-13T06:35:55.993Z] [ALL] 06-13 12:05:53.422 22840 16747 I BugleRcsProvisioning: RcsProvisioningTrigger: onRcsAvailabilityUpdate : availability is updated to RCS is setup, lastAvailabilityLocal is null, simId hash = 3737282812087296787, simId = redacted-pii:sim_id[chars:20,last3:944], isPev3Enabled = true
[2026-06-13T06:35:55.993Z] [ALL] 06-13 12:05:53.422 22840 16751 I RcsClientLib: Service is deprecated skipping connection attempt: RcsMessagingService
[2026-06-13T06:35:55.993Z] [ALL] 06-13 12:05:53.422 22840 16751 I BugleRcs: connecting to 7 Rcs Services
[2026-06-13T06:35:55.993Z] [ALL] 06-13 12:05:53.422 22840 16750 I RcsClientLib: Service is deprecated skipping connection attempt: EventService
[2026-06-13T06:35:55.993Z] [ALL] 06-13 12:05:53.423 22840 16750 I RcsClientLib: Service is deprecated skipping connection attempt: ContactsService
[2026-06-13T06:35:55.993Z] [ALL] 06-13 12:05:53.423 22840 16750 I RcsClientLib: Service is deprecated skipping connection attempt: FileTransferService
[2026-06-13T06:35:55.993Z] [ALL] 06-13 12:05:53.423 22840 16750 I RcsClientLib: Service is deprecated skipping connection attempt: LocationSharingService
[2026-06-13T06:35:55.993Z] [ALL] 06-13 12:05:53.423 22840 16750 I RcsClientLib: Service is deprecated skipping connection attempt: ImsConnectionTrackerService
[2026-06-13T06:35:55.993Z] [ALL] 06-13 12:05:53.424 22840 16750 I RcsClientLib: Service is deprecated skipping connection attempt: RcsProfileService
[2026-06-13T06:35:55.993Z] [ALL] 06-13 12:05:53.424 22840 16750 I RcsClientLib: Service is deprecated skipping connection attempt: RcsMessagingService
[2026-06-13T06:35:55.993Z] [ALL] 06-13 12:05:53.424 22840 16750 I BugleRcs: connecting to 7 Rcs Services
[2026-06-13T06:35:55.993Z] [ALL] 06-13 12:05:53.422 22840 16747 I RcsProvisioningManager: Receive onRcsAvailabilityUpdate, SIM = redacted-pii:sim_id[chars:20,last3:944], availability = RcsAvailability{mAvailability=AVAILABLE (RCS is setup)}
[2026-06-13T06:35:55.993Z] [ALL] 06-13 12:05:53.429 22840 16769 I BugleRcsEngine: [SR]: Single Registration is disabled. Skipping Single Registration capability check for subId: 4 [CONTEXT thread_id=29120 ]
[2026-06-13T06:35:55.993Z] [ALL] 06-13 12:05:53.429 22840 16778 I BugleRcsEngine: [SR]: Single Registration is disabled. Skipping Single Registration capability check for subId: 4 [CONTEXT thread_id=29128 ]
[2026-06-13T06:35:55.993Z] [ALL] 06-13 12:05:53.434 22840 16778 I BugleRcsProvisioning: RcsAvailability configuration availability and enabled status: simId: redacted-pii:sim_id[chars:20,last3:747], SipConnectionType: DUAL_REG, isConfigurationAvailableAndEnabled: true
[2026-06-13T06:35:55.993Z] [ALL] 06-13 12:05:53.434 22840 16747 I RcsProvisioningManager: Configuration is empty: false for simId: redacted-pii:sim_id[chars:35,last3:44)]
[2026-06-13T06:35:55.993Z] [ALL] 06-13 12:05:53.434 22840 16778 I BugleRcsProvisioning: Checking isConfigServerUrlAvailable with simId: redacted-pii:sim_id[chars:20,last3:747], 
[2026-06-13T06:35:55.993Z] [ALL] 06-13 12:05:53.434 22840 16752 D WM-GreedyScheduler: Ignoring {WorkSpec: 1404cf32-9c55-4211-b47d-f138d0a0dc69}. Requires device idle.
[2026-06-13T06:35:55.993Z] [ALL] 06-13 12:05:53.434 22840 16752 D WM-GreedyScheduler: Ignoring {WorkSpec: bb6c6375-5ba0-467a-ba14-f481ccc1f641}. Requires ContentUri triggers.
[2026-06-13T06:35:55.993Z] [ALL] 06-13 12:05:53.434 22840 16752 D WM-GreedyScheduler: Ignoring {WorkSpec: b41c8a90-87b2-4543-a989-5421f1e89a9e}. Requires ContentUri triggers.
[2026-06-13T06:35:55.993Z] [ALL] 06-13 12:05:53.435 22840 16752 D WM-GreedyScheduler: Ignoring {WorkSpec: e06f5e5c-5dfc-4089-bebf-cc3459e336f0}. Requires device idle.
[2026-06-13T06:35:55.993Z] [ALL] 06-13 12:05:53.435 22840 16752 D WM-GreedyScheduler: Starting work for 19f2d89b-8803-4062-a2f6-a8580d47c96d
[2026-06-13T06:35:55.993Z] [ALL] 06-13 12:05:53.435 22840 16752 D WM-GreedyScheduler: Starting tracking for c6fdba71-5b75-451c-87a6-b41febe38189
[2026-06-13T06:35:55.993Z] [ALL] 06-13 12:05:53.435 22840 16778 I BugleRcsEngine: getConfigServerUrl with simId: redacted-pii:sim_id[chars:20,last3:747] [CONTEXT log_prefix="ProvisioningServerUtil" thread_id=29128 ]
[2026-06-13T06:35:55.993Z] [ALL] 06-13 12:05:53.440 22840 16739 D CompatibilityChangeReporter: Compat change id reported: 150939131; UID 10236; state: ENABLED
[2026-06-13T06:35:55.993Z] [ALL] 06-13 12:05:53.440 22840 16780 D WM-GreedyScheduler: Ignoring {WorkSpec: 1404cf32-9c55-4211-b47d-f138d0a0dc69}. Requires device idle.
[2026-06-13T06:35:55.993Z] [ALL] 06-13 12:05:53.440 22840 16780 D WM-GreedyScheduler: Ignoring {WorkSpec: bb6c6375-5ba0-467a-ba14-f481ccc1f641}. Requires ContentUri triggers.
[2026-06-13T06:35:55.993Z] [ALL] 06-13 12:05:53.440 22840 16780 D WM-GreedyScheduler: Ignoring {WorkSpec: b41c8a90-87b2-4543-a989-5421f1e89a9e}. Requires ContentUri triggers.
[2026-06-13T06:35:55.993Z] [ALL] 06-13 12:05:53.441 22840 16780 D WM-GreedyScheduler: Ignoring {WorkSpec: e06f5e5c-5dfc-4089-bebf-cc3459e336f0}. Requires device idle.
[2026-06-13T06:35:55.993Z] [ALL] 06-13 12:05:53.441 22840 16780 D WM-GreedyScheduler: Starting tracking for c6fdba71-5b75-451c-87a6-b41febe38189
[2026-06-13T06:35:55.993Z] [ALL] 06-13 12:05:53.442 22840 16779 I Bugle   : CountryCodeDetector: updateSmsNetworkCountry from default subscription network country. detected country: in
[2026-06-13T06:35:55.993Z] [ALL] 06-13 12:05:53.442 22840 16769 I BugleRcsProvisioning: RcsAvailability configuration availability and enabled status: simId: redacted-pii:sim_id[chars:20,last3:747], SipConnectionType: DUAL_REG, isConfigurationAvailableAndEnabled: true
[2026-06-13T06:35:55.993Z] [ALL] 06-13 12:05:53.442 22840 16778 I BugleRcsEngine: Using MCC based URL [CONTEXT log_prefix="ProvisioningServerUtil" thread_id=29128 ]
[2026-06-13T06:35:55.993Z] [ALL] 06-13 12:05:53.443 22840 16769 I BugleRcsProvisioning: Checking isConfigServerUrlAvailable with simId: redacted-pii:sim_id[chars:20,last3:747], 
[2026-06-13T06:35:55.993Z] [ALL] 06-13 12:05:53.444 22840 16769 I BugleRcsEngine: getConfigServerUrl with simId: redacted-pii:sim_id[chars:20,last3:747] [CONTEXT log_prefix="ProvisioningServerUtil" thread_id=29120 ]
[2026-06-13T06:35:55.993Z] [ALL] 06-13 12:05:53.444 22840 16712 I MobileConfigurationApi: registerParameters successfully stored 9 parameters
[2026-06-13T06:35:55.993Z] [ALL] 06-13 12:05:53.444 22840 16769 I BugleRcsEngine: Using MCC based URL [CONTEXT log_prefix="ProvisioningServerUtil" thread_id=29120 ]
[2026-06-13T06:35:55.993Z] [ALL] 06-13 12:05:53.445 22840 16782 I RcsProvisioningManager: AvailabilityObserver.onUpdate : Notify RcsAvailabilityListener dcou@b794f29 onRcsAvailabilityUpdate, SIM = redacted-pii:sim_id[chars:20,last3:944], availability = 7
[2026-06-13T06:35:55.993Z] [ALL] 06-13 12:05:53.446 22840 16780 D MddListenableWorkerFactory: createWorker for class: com.google.android.apps.messaging.shared.datamodel.workqueue.WorkQueueWorkerShim
[2026-06-13T06:35:55.993Z] [ALL] 06-13 12:05:53.447 22840 16765 I RcsProvisioningFlow: EVENT_TYPE_PROVISIONING_SUCCEEDED logging skipped for redacted-pii:sim_id[chars:20,last3:944] because of NOT_ELIGIBLE_PREVIOUS_EVENT_NOT_LOGGED
[2026-06-13T06:35:55.993Z] [ALL] 06-13 12:05:53.448 22840 16775 I Bugle   : RcsAvailabilityUtilForProvisioningEngineV2: onCsLibPhenotypeUpdated
[2026-06-13T06:35:55.993Z] [ALL] 06-13 12:05:53.449 17164 17164 E Parcel  : Attempt to read from protected data in Parcel 0x7ffb1d6320
[2026-06-13T06:35:55.993Z] [ALL] 06-13 12:05:53.449 17164 17164 E Parcel  : Attempt to read from protected data in Parcel 0x7ffb1d6320
[2026-06-13T06:35:55.993Z] [ALL] 06-13 12:05:53.449 17164 17164 E Parcel  : Attempt to read from protected data in Parcel 0x7ffb1d6320
[2026-06-13T06:35:55.993Z] [ALL] 06-13 12:05:53.449 17164 17164 E Parcel  : Attempt to read from protected data in Parcel 0x7ffb1d6320
[2026-06-13T06:35:55.993Z] [ALL] 06-13 12:05:53.449 17164 17164 E Parcel  : Attempt to read from protected data in Parcel 0x7ffb1d6320
[2026-06-13T06:35:55.993Z] [ALL] 06-13 12:05:53.452 22840 16713 I RcsProvisioningManager: AvailabilityObserver.onUpdate : Notify RcsAvailabilityListener dihn@2648ff3 onRcsAvailabilityUpdate, SIM = redacted-pii:sim_id[chars:20,last3:944], availability = 7
[2026-06-13T06:35:55.993Z] [ALL] 06-13 12:05:53.452 22840 22840 D WM-WorkerWrapper: Starting work for com.google.android.apps.messaging.shared.datamodel.workqueue.WorkQueueWorkerShim
[2026-06-13T06:35:55.993Z] [ALL] 06-13 12:05:53.455 22840 16750 I RcsProvisioningManager: CommonRcsProvisioningChangeListenerHandler.notifyListener : Notify RcsProvisioningChangeListener duhq@c2e384f onRcsProvisioningChange, SIM = redacted-pii:sim_id[chars:35,last3:44)], available rcs provisioning ids  = redacted-pii:sim_id[chars:20,last3:747],redacted-pii:sim_id[chars:20,last3:944]
[2026-06-13T06:35:55.993Z] [ALL] 06-13 12:05:53.456 22840 16713 D WM-Processor: swv: processing WorkGenerationalId(workSpecId=19f2d89b-8803-4062-a2f6-a8580d47c96d, generation=0)
[2026-06-13T06:35:55.993Z] [ALL] 06-13 12:05:53.457 22840 16713 I BugleTransport: Retrieved RCS available simIds: [redacted-pii[20-chars], redacted-pii[20-chars]]
[2026-06-13T06:35:55.993Z] [ALL] 06-13 12:05:53.457 22840 16747 I BugleRcsProvisioning: RcsProvisioningTrigger: onRcsAvailabilityUpdate : isPreviousDisabled = true, isCurrentDisabled = false, config[simId:redacted-pii:sim_id[chars:20,last3:944]] = [Type: 1, Version: 39, Validity: 383356, Last updated: 1781003543, Remaining validity: 54346, Reconfiguration requested: false, Messaging technology: CPM, rcsVolteSingleRegistration: false, Invalid configreason: INVALID_CONFIG_REASON_UNSPECIFIED], hasToken: true, isValidAndUpdated: true
[2026-06-13T06:35:56.031Z] [ALL] 06-13 12:05:53.457 22840 16747 I RcsProvisioningManager: Receive onRcsConfigurationUpdate, SIM = redacted-pii:sim_id[chars:20,last3:944], configuration = Type: 1, Version: 39, Validity: 383356, Last updated: 1781003543, Remaining validity: 54346, Reconfiguration requested: false, Messaging technology: CPM, rcsVolteSingleRegistration: false, Invalid configreason: INVALID_CONFIG_REASON_UNSPECIFIED
[2026-06-13T06:35:56.031Z] [ALL] 06-13 12:05:53.458 22840 16752 D MddListenableWorkerFactory: createWorker for class: com.google.android.apps.messaging.shared.datamodel.workqueue.WorkQueueWorkerShim
[2026-06-13T06:35:56.031Z] [ALL] 06-13 12:05:53.458 22840 16747 I RcsProvisioningManager: Configuration is empty: false for simId: redacted-pii:sim_id[chars:35,last3:44)]
[2026-06-13T06:35:56.031Z] [ALL] 06-13 12:05:53.460 22840 16713 I BugleTransport: Enabled chat transport for SIM = redacted-pii[20-chars] is TACHYGRAM
[2026-06-13T06:35:56.031Z] [ALL] 06-13 12:05:53.460 22840 16778 I ProvisioningServerUtil: ProvisioningServerUtil: Getting mcc from SimSubscriptionInfo.
[2026-06-13T06:35:56.031Z] [ALL] 06-13 12:05:53.460 22840 16749 I RcsProvisioningManager: combineConfigurationWithAvailability, simId = redacted-pii:sim_id[chars:20,last3:944], hasConfig = true
[2026-06-13T06:35:56.031Z] [ALL] 06-13 12:05:53.460 22840 16747 I BugleRcsEngine: [SR]: Single Registration is disabled. Skipping Single Registration capability check for subId: 5 [CONTEXT thread_id=29111 ]
[2026-06-13T06:35:56.031Z] [ALL] 06-13 12:05:53.460 22840 16771 I BugleCME: updateVerifiedAddress [CONTEXT sub_id=5 ]
[2026-06-13T06:35:56.031Z] [ALL] 06-13 12:05:53.460 22840 16747 I RcsProvisioningWorkMana: Scheduled config refresh with 16011 seconds delay, false appendIfExists
[2026-06-13T06:35:56.066Z] [ALL] 06-13 12:05:53.460 22840 16749 I RcsProvisioningManager: Notify RcsConfigurationListener LruCache[maxSize=2,hits=30,misses=2,hitRate=93%] onRcsConfigurationUpdate, SIM = redacted-pii:sim_id[chars:20,last3:944], hasConfiguration = true
[2026-06-13T06:35:56.066Z] [ALL] 06-13 12:05:53.461 22840 16747 I BugleRcsProvisioning: RcsProvisioningTrigger: Schedule refresh for valid configuration : refreshDelay = 16011
[2026-06-13T06:35:56.066Z] [ALL] 06-13 12:05:53.461  1695  2352 W PackageManager: package unknown uid 10236 pid 22840 call SetEnabledSetting(com.google.android.apps.messaging component = com.google.android.ims.binding.SystemBindingService, 1, 0)
[2026-06-13T06:35:56.066Z] [ALL] 06-13 12:05:53.461 22840 16770 I RcsProvisioningManager: combineConfigurationWithAvailability, simId = redacted-pii:sim_id[chars:20,last3:944], hasConfig = true
[2026-06-13T06:35:56.066Z] [ALL] 06-13 12:05:53.461 22840 16750 I RcsProvisioningManager: CommonRcsProvisioningChangeListenerHandler.notifyListener : Notify RcsProvisioningChangeListener duhq@c2e384f onRcsProvisioningChange, SIM = redacted-pii:sim_id[chars:35,last3:44)], available rcs provisioning ids  = redacted-pii:sim_id[chars:20,last3:747],redacted-pii:sim_id[chars:20,last3:944]
[2026-06-13T06:35:56.066Z] [ALL] 06-13 12:05:53.461 22840 16770 I RcsProvisioningManager: Notify RcsConfigurationListener dihn@2648ff3 onRcsConfigurationUpdate, SIM = redacted-pii:sim_id[chars:20,last3:944], hasConfiguration = true
[2026-06-13T06:35:56.066Z] [ALL] 06-13 12:05:53.461 22840 16775 I BugleRcsProvisioning: RcsProvisioningTrigger: onCsLibPhenotypeUpdated, enableProvisioningTaskInBugle = true
[2026-06-13T06:35:56.066Z] [ALL] 06-13 12:05:53.461 22840 16769 I ProvisioningServerUtil: ProvisioningServerUtil: Getting mcc from SimSubscriptionInfo.
[2026-06-13T06:35:56.066Z] [ALL] 06-13 12:05:53.462 22840 16775 I BugleRcsProvisioning: RcsProvisioningTrigger: updateAvailabilityForAllSimsAsync : hint = CSLIB_PHENOTYPE_UPDATE logTriggerEvent = true
[2026-06-13T06:35:56.066Z] [ALL] 06-13 12:05:53.462 22840 16714 I RcsProvisioningManager: combineConfigurationWithAvailability, simId = redacted-pii:sim_id[chars:20,last3:944], hasConfig = true
[2026-06-13T06:35:56.066Z] [ALL] 06-13 12:05:53.462 22840 16775 I Bugle   : RcsAvailabilityUtilForProvisioningEngineV2: updateAvailabilityForAllSimsAsync, hint: CSLIB_PHENOTYPE_UPDATE
[2026-06-13T06:35:56.066Z] [ALL] 06-13 12:05:53.462 22840 16714 I RcsProvisioningManager: Notify RcsConfigurationListener ctnv@19f84b0 onRcsConfigurationUpdate, SIM = redacted-pii:sim_id[chars:20,last3:944], hasConfiguration = true
[2026-06-13T06:35:56.066Z] [ALL] 06-13 12:05:53.462 22840 16775 I BugleRcsProvisioning: updateAvailabilityForAllSimsAsync: hint: CSLIB_PHENOTYPE_UPDATE
[2026-06-13T06:35:56.066Z] [ALL] 06-13 12:05:53.463 22840 16706 I BugleRcsEngine: [SR]: Single Registration is disabled. Skipping Single Registration capability check for subId: 5 [CONTEXT thread_id=29087 ]
[2026-06-13T06:35:56.066Z] [ALL] 06-13 12:05:53.463 22840 16708 I BugleRcsEngine: SystemBinding enabled: true [CONTEXT log_prefix="SystemBindingManager" thread_id=29088 ]
[2026-06-13T06:35:56.066Z] [ALL] 06-13 12:05:53.463 22840 16708 I BugleRcsEngine: System Binding updated [CONTEXT thread_id=29088 ]
[2026-06-13T06:35:56.066Z] [ALL] 06-13 12:05:53.464 22840 16751 I BugleRcsProvisioning: RcsProvisioningTrigger: onRcsAvailabilityUpdate : availability is updated to RCS is setup, lastAvailabilityLocal is RCS is setup, simId hash = 3737282812087296787, simId = redacted-pii:sim_id[chars:20,last3:944], isPev3Enabled = true
[2026-06-13T06:35:56.066Z] [ALL] 06-13 12:05:53.464 22840 16714 I BugleRcsProvisioning: updateRcsAvailabilityForMultipleSims: hint: CSLIB_PHENOTYPE_UPDATE
[2026-06-13T06:35:56.066Z] [ALL] 06-13 12:05:53.465 22840 16778 I BugleRcsProvisioning: RcsAvailability: Subscription Id: 4, simId: redacted-pii:sim_id[chars:20,last3:747], sipConnectionType: DUAL_REG, isRcsAvailable: true
[2026-06-13T06:35:56.066Z] [ALL] 06-13 12:05:53.465 22840 16769 I BugleRcsProvisioning: RcsAvailability: Subscription Id: 4, simId: redacted-pii:sim_id[chars:20,last3:747], sipConnectionType: DUAL_REG, isRcsAvailable: true
[2026-06-13T06:35:56.066Z] [ALL] 06-13 12:05:53.465 22840 16778 I BugleRcsProvisioning: updateAvailabilityForRcsProvisioningId. SimId: redacted-pii:sim_id[chars:20,last3:747], currentAvailability: 7, newAvailability: 7, hint: NO_HINT
[2026-06-13T06:35:56.066Z] [ALL] 06-13 12:05:53.465 22840 16769 I BugleRcsProvisioning: updateAvailabilityForRcsProvisioningId. SimId: redacted-pii:sim_id[chars:20,last3:747], currentAvailability: 7, newAvailability: 7, hint: NO_HINT
[2026-06-13T06:35:56.066Z] [ALL] 06-13 12:05:53.465 22840 16711 I RcsProvisioningManager: combineConfigurationWithAvailability, simId = redacted-pii:sim_id[chars:20,last3:944], hasConfig = true
[2026-06-13T06:35:56.066Z] [ALL] 06-13 12:05:53.465 22840 16712 I SyncScheduler: scheduling sync for 0 seconds later, policy = KEEP
[2026-06-13T06:35:56.066Z] [ALL] 06-13 12:05:53.466 22840 16711 I RcsProvisioningManager: Notify RcsConfigurationListener bfba@ee38262 onRcsConfigurationUpdate, SIM = redacted-pii:sim_id[chars:20,last3:944], hasConfiguration = true
[2026-06-13T06:35:56.066Z] [ALL] 06-13 12:05:53.466 22840 16750 I BugleRcsProvisioning: RcsProvisioningTrigger: onRcsAvailabilityUpdate : availability is updated to RCS is setup, lastAvailabilityLocal is RCS is setup, simId hash = 5032253699763120884, simId = redacted-pii:sim_id[chars:20,last3:747], isPev3Enabled = true
[2026-06-13T06:35:56.066Z] [ALL] 06-13 12:05:53.466 22840 16747 I RcsClientLib: Service is deprecated skipping connection attempt: EventService
[2026-06-13T06:35:56.066Z] [ALL] 06-13 12:05:53.467 22840 16712 I BugleRcsProvisioning: RcsProvisioningTrigger: onRcsAvailabilityUpdate : availability is updated to RCS is setup, lastAvailabilityLocal is RCS is setup, simId hash = 5032253699763120884, simId = redacted-pii:sim_id[chars:20,last3:747], isPev3Enabled = true
[2026-06-13T06:35:56.066Z] [ALL] 06-13 12:05:53.467 22840 16744 I RcsProvisioningFlow: Clearing provisioning flow state for redacted-pii:sim_id[chars:60,last3:AGS]
[2026-06-13T06:35:56.066Z] [ALL] 06-13 12:05:53.467 22840 16747 I RcsClientLib: Service is deprecated skipping connection attempt: ContactsService
[2026-06-13T06:35:56.066Z] [ALL] 06-13 12:05:53.467 22840 16747 I RcsClientLib: Service is deprecated skipping connection attempt: FileTransferService
[2026-06-13T06:35:56.066Z] [ALL] 06-13 12:05:53.469 22840 22840 D WM-WorkerWrapper: Starting work for com.google.android.apps.messaging.shared.datamodel.workqueue.WorkQueueWorkerShim
[2026-06-13T06:35:56.066Z] [ALL] 06-13 12:05:53.470 22840 16713 I BugleTransport: Enabled chat transport for SIM = redacted-pii[20-chars] is TACHYGRAM
[2026-06-13T06:35:56.066Z] [ALL] 06-13 12:05:53.471 22840 16749 I RcsClientLib: Service is deprecated skipping connection attempt: EventService
[2026-06-13T06:35:56.066Z] [ALL] 06-13 12:05:53.471 22840 16750 I BugleTransport: Deregister all SIMs except for SIMs with subIds: [] from chat transport: SINGLE_REGISTRATION.
[2026-06-13T06:35:56.066Z] [ALL] 06-13 12:05:53.471 22840 16747 I RcsClientLib: Service is deprecated skipping connection attempt: LocationSharingService
[2026-06-13T06:35:56.066Z] [ALL] 06-13 12:05:53.471 22840 16749 I RcsClientLib: Service is deprecated skipping connection attempt: ContactsService
[2026-06-13T06:35:56.066Z] [ALL] 06-13 12:05:53.471 22840 16747 I RcsClientLib: Service is deprecated skipping connection attempt: ImsConnectionTrackerService
[2026-06-13T06:35:56.066Z] [ALL] 06-13 12:05:53.471 22840 16749 I RcsClientLib: Service is deprecated skipping connection attempt: FileTransferService
[2026-06-13T06:35:56.066Z] [ALL] 06-13 12:05:53.472 22840 16749 I RcsClientLib: Service is deprecated skipping connection attempt: LocationSharingService
[2026-06-13T06:35:56.066Z] [ALL] 06-13 12:05:53.472 22840 16747 I RcsClientLib: Service is deprecated skipping connection attempt: RcsProfileService
[2026-06-13T06:35:56.066Z] [ALL] 06-13 12:05:53.472 22840 16706 I BugleRcsEngine: [SR]: Single Registration is disabled. Skipping Single Registration capability check for subId: 5 [CONTEXT thread_id=29087 ]
[2026-06-13T06:35:56.066Z] [ALL] 06-13 12:05:53.472 22840 16773 I RcsProvisioningFlow: Clearing provisioning flow state for redacted-pii:sim_id[chars:60,last3:AGS]
[2026-06-13T06:35:56.066Z] [ALL] 06-13 12:05:53.472 22840 16749 I RcsClientLib: Service is deprecated skipping connection attempt: ImsConnectionTrackerService
[2026-06-13T06:35:56.066Z] [ALL] 06-13 12:05:53.472 22840 16747 I RcsClientLib: Service is deprecated skipping connection attempt: RcsMessagingService
[2026-06-13T06:35:56.066Z] [ALL] 06-13 12:05:53.472 22840 16749 I RcsClientLib: Service is deprecated skipping connection attempt: RcsProfileService
[2026-06-13T06:35:56.066Z] [ALL] 06-13 12:05:53.472 22840 16747 I BugleRcs: connecting to 7 Rcs Services
[2026-06-13T06:35:56.066Z] [ALL] 06-13 12:05:53.472 22840 16749 I RcsClientLib: Service is deprecated skipping connection attempt: RcsMessagingService
[2026-06-13T06:35:56.066Z] [ALL] 06-13 12:05:53.473 22840 16749 I BugleRcs: connecting to 7 Rcs Services
[2026-06-13T06:35:56.066Z] [ALL] 06-13 12:05:53.473 22840 16778 I BugleTransport: Deregister all SIMs except for SIMs with subIds: [] from chat transport: DUAL_REGISTRATION.
[2026-06-13T06:35:56.066Z] [ALL] 06-13 12:05:53.473 22840 16744 I RcsProvisioningFlow: Clearing provisioning flow state for redacted-pii:sim_id[chars:55,last3:AGS]
[2026-06-13T06:35:56.066Z] [ALL] 06-13 12:05:53.475 22840 16744 I RcsProvisioningFlow: Clearing provisioning flow state for redacted-pii:sim_id[chars:55,last3:AGS]
[2026-06-13T06:35:56.066Z] [ALL] 06-13 12:05:53.475 22840 16751 I BugleRcsProvisioning: scheduleProvisioningForEligibleSims
[2026-06-13T06:35:56.066Z] [ALL] 06-13 12:05:53.476 22840 16713 I RcsClientLib: Service is deprecated skipping connection attempt: RcsEngineLifecycleServiceV2
[2026-06-13T06:35:56.066Z] [ALL] 06-13 12:05:53.476 22840 16773 I BugleRcsJibe: RcsServiceConnectionException was raised while waiting to connect to RcsEngineLifecycleServiceV2
[2026-06-13T06:35:56.066Z] [ALL] 06-13 12:05:53.477 22840 16742 I RcsProvisioningFlow: Clearing provisioning flow state for redacted-pii:sim_id[chars:117,last3:ION]
[2026-06-13T06:35:56.066Z] [ALL] 06-13 12:05:53.475 22840 17169 I BugleTransport: Deregister all SIMs except for SIMs with subIds: [4, 5] from chat transport: TACHYGRAM.
[2026-06-13T06:35:56.066Z] [ALL] 06-13 12:05:53.477 22840 16714 I BugleRcsEngine: [SR]: Single Registration is disabled. Skipping Single Registration capability check for subId: 5 [CONTEXT thread_id=29094 ]
[2026-06-13T06:35:56.066Z] [ALL] 06-13 12:05:53.478 22840 17170 I ddlc    : scheduleProvisioningForEligibleSims: operationTrigger: 5 bugle trigger event: 4
[2026-06-13T06:35:56.066Z] [ALL] 06-13 12:05:53.478 22840 16742 I RcsProvisioningFlow: Clearing provisioning flow state for redacted-pii:sim_id[chars:73,last3:AGS]
[2026-06-13T06:35:56.066Z] [ALL] 06-13 12:05:53.479 22840 16706 I BugleRcsProvisioning: RcsAvailability configuration availability and enabled status: simId: redacted-pii:sim_id[chars:20,last3:944], SipConnectionType: DUAL_REG, isConfigurationAvailableAndEnabled: true
[2026-06-13T06:35:56.066Z] [ALL] 06-13 12:05:53.480 22840 16742 I RcsProvisioningFlow: Clearing provisioning flow state for redacted-pii:sim_id[chars:73,last3:AGS]
[2026-06-13T06:35:56.066Z] [ALL] 06-13 12:05:53.480 22840 16706 I BugleRcsProvisioning: Checking isConfigServerUrlAvailable with simId: redacted-pii:sim_id[chars:20,last3:944], 
[2026-06-13T06:35:56.066Z] [ALL] 06-13 12:05:53.480 22840 17170 I ddlc    : scheduleProvisioningForAllEligibleSims: operationTrigger: 5 bugle trigger event: 4
[2026-06-13T06:35:56.066Z] [ALL] 06-13 12:05:53.480 22840 16706 I BugleRcsEngine: getConfigServerUrl with simId: redacted-pii:sim_id[chars:20,last3:944] [CONTEXT log_prefix="ProvisioningServerUtil" thread_id=29087 ]
[2026-06-13T06:35:56.066Z] [ALL] 06-13 12:05:53.481 22840 16706 I BugleRcsEngine: Using MCC based URL [CONTEXT log_prefix="ProvisioningServerUtil" thread_id=29087 ]
[2026-06-13T06:35:56.066Z] [ALL] 06-13 12:05:53.481 22840 16745 I RcsProvisioningFlow: Clearing provisioning flow state for redacted-pii:sim_id[chars:60,last3:AGS]
[2026-06-13T06:35:56.066Z] [ALL] 06-13 12:05:53.481 22840 16778 I BugleTransport: Register SIM with subId: 5 on chat transport: TACHYGRAM.
[2026-06-13T06:35:56.066Z] [ALL] 06-13 12:05:53.482 22840 16711 I BugleTransport: Register SIM with subId: 4 on chat transport: TACHYGRAM.
[2026-06-13T06:35:56.066Z] [ALL] 06-13 12:05:53.483 22840 16765 I RcsProvisioningFlow: Clearing provisioning flow state for redacted-pii:sim_id[chars:60,last3:AGS]
[2026-06-13T06:35:56.066Z] [ALL] 06-13 12:05:53.484 22840 17169 I BugleTransport: Retrieved RCS available simIds: [redacted-pii[20-chars], redacted-pii[20-chars]]
[2026-06-13T06:35:56.066Z] [ALL] 06-13 12:05:53.485 22840 17169 I BugleTransport: Enabled chat transport for SIM = redacted-pii[20-chars] is TACHYGRAM
[2026-06-13T06:35:56.066Z] [ALL] 06-13 12:05:53.485 22840 17169 I BugleTransport: Enabled chat transport for SIM = redacted-pii[20-chars] is TACHYGRAM
[2026-06-13T06:35:56.066Z] [ALL] 06-13 12:05:53.485 22840 16714 I BugleRcsProvisioning: RcsAvailability configuration availability and enabled status: simId: redacted-pii:sim_id[chars:20,last3:944], SipConnectionType: DUAL_REG, isConfigurationAvailableAndEnabled: true
[2026-06-13T06:35:56.066Z] [ALL] 06-13 12:05:53.487 22840 16778 I BugleTransport: Deregister all SIMs except for SIMs with subIds: [] from chat transport: SINGLE_REGISTRATION.
[2026-06-13T06:35:56.066Z] [ALL] 06-13 12:05:53.488 22840 16778 I ddlc    : scheduleProvisioningForRcsProvisioningId: rcsProvisioningId: redacted-pii:sim_id[chars:20,last3:747] operationTrigger: 5 bugle trigger event: 4
[2026-06-13T06:35:56.066Z] [ALL] 06-13 12:05:53.488 22840 16778 I BugleRcsEngine: [SR]: Single Registration is disabled. Skipping Single Registration capability check for subId: 4 [CONTEXT thread_id=29128 ]
[2026-06-13T06:35:56.066Z] [ALL] 06-13 12:05:53.489 22840 16778 I ddlc    : RcsProvisioningTrigger: DR is active, initializing DR provisioning. DUAL_REG
[2026-06-13T06:35:56.066Z] [ALL] 06-13 12:05:53.489 22840 16751 I BugleTransport: Deregister all SIMs except for SIMs with subIds: [] from chat transport: DUAL_REGISTRATION.
[2026-06-13T06:35:56.066Z] [ALL] 06-13 12:05:53.490 22840 16711 I ddlc    : scheduleProvisioningForRcsProvisioningId: rcsProvisioningId: redacted-pii:sim_id[chars:20,last3:944] operationTrigger: 5 bugle trigger event: 4
[2026-06-13T06:35:56.066Z] [ALL] 06-13 12:05:53.490 22840 16712 D WM-WorkConstraintsTrack: NetworkRequestConstraintController send initial capabilities
[2026-06-13T06:35:56.066Z] [ALL] 06-13 12:05:53.490 22840 16713 I BugleTransport: Deregister all SIMs except for SIMs with subIds: [4, 5] from chat transport: TACHYGRAM.
[2026-06-13T06:35:56.066Z] [ALL] 06-13 12:05:53.490 22840 17169 I RcsClientLib: Service is deprecated skipping connection attempt: RcsEngineLifecycleServiceV2
[2026-06-13T06:35:56.066Z] [ALL] 06-13 12:05:53.490 22840 16711 I BugleRcsEngine: [SR]: Single Registration is disabled. Skipping Single Registration capability check for subId: 5 [CONTEXT thread_id=29091 ]
[2026-06-13T06:35:56.066Z] [ALL] 06-13 12:05:53.490 22840 16749 I BugleRcsEngine: [SR]: Single Registration is disabled. Skipping Single Registration capability check for subId: 4 [CONTEXT thread_id=29112 ]
[2026-06-13T06:35:56.066Z] [ALL] 06-13 12:05:53.491 22840 16711 I ddlc    : RcsProvisioningTrigger: DR is active, initializing DR provisioning. DUAL_REG
[2026-06-13T06:35:56.066Z] [ALL] 06-13 12:05:53.491 22840 17169 I BugleRcsEngine: [SR]: Single Registration is disabled. Skipping Single Registration capability check for subId: 5 [CONTEXT thread_id=29174 ]
[2026-06-13T06:35:56.066Z] [ALL] 06-13 12:05:53.492 22840 16706 I ProvisioningServerUtil: ProvisioningServerUtil: Getting mcc from SimSubscriptionInfo.
[2026-06-13T06:35:56.066Z] [ALL] 06-13 12:05:53.493 22840 16749 I RcsProvisioningWorkMana: Skipping full provisioning scheduling since we already have valid and updated RCS configuration
[2026-06-13T06:35:56.066Z] [ALL] 06-13 12:05:53.494 22840 16714 I BugleRcsProvisioning: Checking isConfigServerUrlAvailable with simId: redacted-pii:sim_id[chars:20,last3:944], 
[2026-06-13T06:35:56.066Z] [ALL] 06-13 12:05:53.494 22840 16743 I BugleRcsJibe: RcsServiceConnectionException was raised while waiting to connect to RcsEngineLifecycleServiceV2
[2026-06-13T06:35:56.066Z] [ALL] 06-13 12:05:53.495 22840 16743 I RcsProvisioningFlow: Clearing provisioning flow state for redacted-pii:sim_id[chars:20,last3:747]
[2026-06-13T06:35:56.066Z] [ALL] 06-13 12:05:53.496 22840 16706 I BugleRcsProvisioning: RcsAvailability: Subscription Id: 5, simId: redacted-pii:sim_id[chars:20,last3:944], sipConnectionType: DUAL_REG, isRcsAvailable: true
[2026-06-13T06:35:56.066Z] [ALL] 06-13 12:05:53.496 22840 17169 I RcsProvisioningWorkMana: Skipping full provisioning scheduling since we already have valid and updated RCS configuration
[2026-06-13T06:35:56.066Z] [ALL] 06-13 12:05:53.496 22840 16706 I BugleRcsProvisioning: updateAvailabilityForRcsProvisioningId. SimId: redacted-pii:sim_id[chars:20,last3:944], currentAvailability: 7, newAvailability: 7, hint: NO_HINT
[2026-06-13T06:35:56.066Z] [ALL] 06-13 12:05:53.496 22840 16711 I BugleTransport: Register SIM with subId: 5 on chat transport: TACHYGRAM.
[2026-06-13T06:35:56.066Z] [ALL] 06-13 12:05:53.497 22840 16742 I RcsProvisioningFlow: Clearing provisioning flow state for redacted-pii:sim_id[chars:20,last3:944]
[2026-06-13T06:35:56.066Z] [ALL] 06-13 12:05:53.497 22840 16712 I RcsClientLib: Service is deprecated skipping connection attempt: EventService
[2026-06-13T06:35:56.066Z] [ALL] 06-13 12:05:53.497 22840 16712 I RcsClientLib: Service is deprecated skipping connection attempt: ContactsService
[2026-06-13T06:35:56.066Z] [ALL] 06-13 12:05:53.497 22840 16713 I BugleTransport: Register SIM with subId: 4 on chat transport: TACHYGRAM.
[2026-06-13T06:35:56.066Z] [ALL] 06-13 12:05:53.498 22840 16712 I RcsClientLib: Service is deprecated skipping connection attempt: FileTransferService
[2026-06-13T06:35:56.066Z] [ALL] 06-13 12:05:53.498 22840 16712 I RcsClientLib: Service is deprecated skipping connection attempt: LocationSharingService
[2026-06-13T06:35:56.066Z] [ALL] 06-13 12:05:53.498 22840 16711 I BugleRcsProvisioning: RcsProvisioningTrigger: onRcsAvailabilityUpdate : availability is updated to RCS is setup, lastAvailabilityLocal is RCS is setup, simId hash = 3737282812087296787, simId = redacted-pii:sim_id[chars:20,last3:944], isPev3Enabled = true
[2026-06-13T06:35:56.066Z] [ALL] 06-13 12:05:53.498 22840 16714 I BugleRcsEngine: getConfigServerUrl with simId: redacted-pii:sim_id[chars:20,last3:944] [CONTEXT log_prefix="ProvisioningServerUtil" thread_id=29094 ]
[2026-06-13T06:35:56.067Z] [ALL] 06-13 12:05:53.498 22840 16712 I RcsClientLib: Service is deprecated skipping connection attempt: ImsConnectionTrackerService
[2026-06-13T06:35:56.067Z] [ALL] 06-13 12:05:53.498 22840 16712 I RcsClientLib: Service is deprecated skipping connection attempt: RcsProfileService
[2026-06-13T06:35:56.067Z] [ALL] 06-13 12:05:53.499 22840 16714 I BugleRcsEngine: Using MCC based URL [CONTEXT log_prefix="ProvisioningServerUtil" thread_id=29094 ]
[2026-06-13T06:35:56.182Z] [ALL] 06-13 12:05:53.499 22840 16712 I RcsClientLib: Service is deprecated skipping connection attempt: RcsMessagingService
[2026-06-13T06:35:56.184Z] [ALL] 06-13 12:05:53.499 22840 16714 I ProvisioningServerUtil: ProvisioningServerUtil: Getting mcc from SimSubscriptionInfo.
[2026-06-13T06:35:56.184Z] [ALL] 06-13 12:05:53.499 22840 16712 I BugleRcs: connecting to 7 Rcs Services
[2026-06-13T06:35:56.184Z] [ALL] 06-13 12:05:53.503 22840 16714 I BugleRcsProvisioning: RcsAvailability: Subscription Id: 5, simId: redacted-pii:sim_id[chars:20,last3:944], sipConnectionType: DUAL_REG, isRcsAvailable: true
[2026-06-13T06:35:56.184Z] [ALL] 06-13 12:05:53.503 22840 16714 I BugleRcsProvisioning: updateAvailabilityForRcsProvisioningId. SimId: redacted-pii:sim_id[chars:20,last3:944], currentAvailability: 7, newAvailability: 7, hint: CSLIB_PHENOTYPE_UPDATE
[2026-06-13T06:35:56.184Z] [ALL] 06-13 12:05:53.518 22840 16711 D WM-GreedyScheduler: Constraints not met: Cancelling work ID WorkGenerationalId(workSpecId=c6fdba71-5b75-451c-87a6-b41febe38189, generation=1099)
[2026-06-13T06:35:56.184Z] [ALL] 06-13 12:05:53.519 22840 16706 I RcsProvisioningWorkMana: Scheduled provisioning task with 16011 seconds delay, KEEP policy, trigger is UNDEFINED_TRIGGER_EVENT, workerId is 8c88bc98-e77d-4b85-bb99-fed3f0bb1315, simId is redacted-pii:sim_id[chars:20,last3:944]
[2026-06-13T06:35:56.184Z] [ALL] 06-13 12:05:53.528 22840 16712 I RcsClientLib: Service is deprecated skipping connection attempt: EventService
[2026-06-13T06:35:56.184Z] [ALL] 06-13 12:05:53.528 22840 16711 I BugleRcsProvisioning: RcsProvisioningTrigger: onRcsAvailabilityUpdate : availability is updated to RCS is setup, lastAvailabilityLocal is RCS is setup, simId hash = 3737282812087296787, simId = redacted-pii:sim_id[chars:20,last3:944], isPev3Enabled = true
[2026-06-13T06:35:56.184Z] [ALL] 06-13 12:05:53.528 22840 16712 I RcsClientLib: Service is deprecated skipping connection attempt: ContactsService
[2026-06-13T06:35:56.184Z] [ALL] 06-13 12:05:53.528 22840 16712 I RcsClientLib: Service is deprecated skipping connection attempt: FileTransferService
[2026-06-13T06:35:56.184Z] [ALL] 06-13 12:05:53.528 22840 16712 I RcsClientLib: Service is deprecated skipping connection attempt: LocationSharingService
[2026-06-13T06:35:56.184Z] [ALL] 06-13 12:05:53.528 22840 16712 I RcsClientLib: Service is deprecated skipping connection attempt: ImsConnectionTrackerService
[2026-06-13T06:35:56.184Z] [ALL] 06-13 12:05:53.529 22840 16712 I RcsClientLib: Service is deprecated skipping connection attempt: RcsProfileService
[2026-06-13T06:35:56.184Z] [ALL] 06-13 12:05:53.529 22840 16712 I RcsClientLib: Service is deprecated skipping connection attempt: RcsMessagingService
[2026-06-13T06:35:56.184Z] [ALL] 06-13 12:05:53.529 22840 16712 I BugleRcs: connecting to 7 Rcs Services
[2026-06-13T06:35:56.184Z] [ALL] 06-13 12:05:53.535 22840 16714 I BugleRcsEngine: [SR]: Single Registration is disabled. Skipping Single Registration capability check for subId: 4 [CONTEXT thread_id=29094 ]
[2026-06-13T06:35:56.184Z] [ALL] 06-13 12:05:53.538  2744  2744 D OplusTelephonyController: onSignalStrengthChanged: SignalStrength=SignalStrength:{mCdma=CellSignalStrengthCdma: cdmaDbm=2147483647 cdmaEcio=2147483647 evdoDbm=2147483647 evdoEcio=2147483647 evdoSnr=2147483647 level=0,mGsm=CellSignalStrengthGsm: rssi=2147483647 ber=2147483647 mTa=2147483647 mLevel=0,mWcdma=CellSignalStrengthWcdma: ss=2147483647 ber=2147483647 rscp=2147483647 ecno=2147483647 level=0,mTdscdma=CellSignalStrengthTdscdma: rssi=2147483647 ber=2147483647 rscp=2147483647 level=0,mLte=CellSignalStrengthLte: rssi=2147483647 rsrp=2147483647 rsrq=2147483647 rssnr=2147483647 cqiTableIndex=2147483647 cqi=2147483647 ta=2147483647 level=0 parametersUseForLevel=0,mNr=CellSignalStrengthNr:{ csiRsrp = 2147483647 csiRsrq = 2147483647 csiCqiTableIndex = 2147483647 csiCqiReport = [] ssRsrp = -85 ssRsrq = -3 ssSinr = 17 level = 2 parametersUseForLevel = 0 },primary=CellSignalStrengthNr}, phoneId=0, mMtkLevel=0, mMtkRsrpOnly=false, mMtkLteRsrpThreshold=null, mMtkLteRssnrThreshold=null
[2026-06-13T06:35:56.184Z] [ALL] 06-13 12:05:53.538 22840 16714 I BugleRcsProvisioning: RcsAvailability configuration availability and enabled status: simId: redacted-pii:sim_id[chars:20,last3:747], SipConnectionType: DUAL_REG, isConfigurationAvailableAndEnabled: true
[2026-06-13T06:35:56.186Z] [ALL] 06-13 12:05:53.539 22840 16714 I BugleRcsProvisioning: Checking isConfigServerUrlAvailable with simId: redacted-pii:sim_id[chars:20,last3:747], 
[2026-06-13T06:35:56.186Z] [ALL] 06-13 12:05:53.539 22840 16714 I BugleRcsEngine: getConfigServerUrl with simId: redacted-pii:sim_id[chars:20,last3:747] [CONTEXT log_prefix="ProvisioningServerUtil" thread_id=29094 ]
[2026-06-13T06:35:56.186Z] [ALL] 06-13 12:05:53.540 22840 16714 I BugleRcsEngine: Using MCC based URL [CONTEXT log_prefix="ProvisioningServerUtil" thread_id=29094 ]
[2026-06-13T06:35:56.186Z] [ALL] 06-13 12:05:53.540 22840 16714 I ProvisioningServerUtil: ProvisioningServerUtil: Getting mcc from SimSubscriptionInfo.
[2026-06-13T06:35:56.186Z] [ALL] 06-13 12:05:53.544 22840 16714 I BugleRcsProvisioning: RcsAvailability: Subscription Id: 4, simId: redacted-pii:sim_id[chars:20,last3:747], sipConnectionType: DUAL_REG, isRcsAvailable: true
[2026-06-13T06:35:56.186Z] [ALL] 06-13 12:05:53.545 22840 16714 I BugleRcsProvisioning: updateAvailabilityForRcsProvisioningId. SimId: redacted-pii:sim_id[chars:20,last3:747], currentAvailability: 7, newAvailability: 7, hint: CSLIB_PHENOTYPE_UPDATE
[2026-06-13T06:35:56.186Z] [ALL] 06-13 12:05:53.545 22840 16771 I BugleCME: notifyAllVerifications, is first verification: false [CONTEXT sub_id=5 my_identity_token="5beb9b90-0322-4e12-bf78-34c99ed614ab" ]
[2026-06-13T06:35:56.186Z] [ALL] 06-13 12:05:53.546 22840 16714 I WM-WorkerWrapper: Worker result SUCCESS for Work [ id=62199b0b-91e5-4f24-8c49-a71e05821755, tags={ com.google.android.apps.messaging.shared.datamodel.workqueue.WorkQueueWorkerShim,ftd_data_clean_up_work- } ]
[2026-06-13T06:35:56.186Z] [ALL] 06-13 12:05:53.546 22840 17169 I BugleRcsProvisioning: scheduleProvisioningForEligibleSims
[2026-06-13T06:35:56.186Z] [ALL] 06-13 12:05:53.547 22840 16768 I ddlc    : scheduleProvisioningForEligibleSims: operationTrigger: 2 bugle trigger event: 9
[2026-06-13T06:35:56.186Z] [ALL] 06-13 12:05:53.547 22840 16768 I ddlc    : scheduleProvisioningForAllEligibleSims: operationTrigger: 2 bugle trigger event: 9
[2026-06-13T06:35:56.186Z] [ALL] 06-13 12:05:53.548  1000  3424 D SurfaceFlinger: kickIdle 774, 250, 34, 0
[2026-06-13T06:35:56.186Z] [ALL] 06-13 12:05:53.548   882   882 E hwcomposer: [DRMDEV] DRM_IOCTL_MTK_KICK_IDLE failed, drm_id_crtc: 64, error: -1  
[2026-06-13T06:35:56.186Z] [ALL] 06-13 12:05:53.548 22840 16780 I BugleRcsProvisioning: RcsProvisioningTrigger: onRcsAvailabilityUpdate : availability is updated to RCS is setup, lastAvailabilityLocal is RCS is setup, simId hash = 5032253699763120884, simId = redacted-pii:sim_id[chars:20,last3:747], isPev3Enabled = true
[2026-06-13T06:35:56.186Z] [ALL] 06-13 12:05:53.548 22840 22840 D WM-Processor: swv 62199b0b-91e5-4f24-8c49-a71e05821755 executed; reschedule = false
[2026-06-13T06:35:56.186Z] [ALL] 06-13 12:05:53.548 22840 16706 I ddlc    : scheduleProvisioningForRcsProvisioningId: rcsProvisioningId: redacted-pii:sim_id[chars:20,last3:944] operationTrigger: 2 bugle trigger event: 9
[2026-06-13T06:35:56.186Z] [ALL] 06-13 12:05:53.548 22840 16712 I RcsClientLib: Service is deprecated skipping connection attempt: EventService
[2026-06-13T06:35:56.186Z] [ALL] 06-13 12:05:53.549 22840 16712 I RcsClientLib: Service is deprecated skipping connection attempt: ContactsService
[2026-06-13T06:35:56.186Z] [ALL] 06-13 12:05:53.549 22840 16706 I BugleRcsEngine: [SR]: Single Registration is disabled. Skipping Single Registration capability check for subId: 5 [CONTEXT thread_id=29087 ]
[2026-06-13T06:35:56.186Z] [ALL] 06-13 12:05:53.549 22840 16712 I RcsClientLib: Service is deprecated skipping connection attempt: FileTransferService
[2026-06-13T06:35:56.186Z] [ALL] 06-13 12:05:53.549 22840 16706 I ddlc    : RcsProvisioningTrigger: DR is active, initializing DR provisioning. DUAL_REG
[2026-06-13T06:35:56.186Z] [ALL] 06-13 12:05:53.549 22840 16712 I RcsClientLib: Service is deprecated skipping connection attempt: LocationSharingService
[2026-06-13T06:35:56.186Z] [ALL] 06-13 12:05:53.550 22840 16712 I RcsClientLib: Service is deprecated skipping connection attempt: ImsConnectionTrackerService
[2026-06-13T06:35:56.186Z] [ALL] 06-13 12:05:53.550 22840 16749 I ddlc    : scheduleProvisioningForRcsProvisioningId: rcsProvisioningId: redacted-pii:sim_id[chars:20,last3:747] operationTrigger: 2 bugle trigger event: 9
[2026-06-13T06:35:56.186Z] [ALL] 06-13 12:05:53.550 22840 16712 I RcsClientLib: Service is deprecated skipping connection attempt: RcsProfileService
[2026-06-13T06:35:56.186Z] [ALL] 06-13 12:05:53.550 22840 16749 I BugleRcsEngine: [SR]: Single Registration is disabled. Skipping Single Registration capability check for subId: 4 [CONTEXT thread_id=29112 ]
[2026-06-13T06:35:56.186Z] [ALL] 06-13 12:05:53.550 22840 16712 I RcsClientLib: Service is deprecated skipping connection attempt: RcsMessagingService
[2026-06-13T06:35:56.186Z] [ALL] 06-13 12:05:53.551 22840 16712 I BugleRcs: connecting to 7 Rcs Services
[2026-06-13T06:35:56.187Z] [ALL] 06-13 12:05:53.551 22840 16749 I ddlc    : RcsProvisioningTrigger: DR is active, initializing DR provisioning. DUAL_REG
[2026-06-13T06:35:56.187Z] [ALL] 06-13 12:05:53.551 22840 16780 I BugleRcsEngine: [SR]: Single Registration is disabled. Skipping Single Registration capability check for subId: 5 [CONTEXT thread_id=29130 ]
[2026-06-13T06:35:56.187Z] [ALL] 06-13 12:05:53.552 22840 16782 I WM-WorkerWrapper: Worker result SUCCESS for Work [ id=19f2d89b-8803-4062-a2f6-a8580d47c96d, tags={ com.google.android.apps.messaging.shared.datamodel.workqueue.WorkQueueWorkerShim,data_upgrade- } ]
[2026-06-13T06:35:56.187Z] [ALL] 06-13 12:05:53.554 22840 16780 I RcsProvisioningWorkMana: Skipping full provisioning scheduling since we already have valid and updated RCS configuration
[2026-06-13T06:35:56.187Z] [ALL] 06-13 12:05:53.555 22840 22840 D WM-Processor: swv 19f2d89b-8803-4062-a2f6-a8580d47c96d executed; reschedule = false
[2026-06-13T06:35:56.187Z] [ALL] 06-13 12:05:53.555 22840 16745 I RcsProvisioningFlow: Clearing provisioning flow state for redacted-pii:sim_id[chars:20,last3:944]
[2026-06-13T06:35:56.187Z] [ALL] 06-13 12:05:53.559 22840 16779 I BugleDataModel: SubscriptionsTracker bindToTrackingMap bound participants: [ParticipantId=1 subId=-1, ParticipantId=2 subId=1, ParticipantId=47 subId=2, ParticipantId=152 subId=3, ParticipantId=725 subId=4, ParticipantId=743 subId=5]
[2026-06-13T06:35:56.187Z] [ALL] 06-13 12:05:53.560 22840 16779 I BugleDataModel: set orderedRowIdAndTokenPairs: [rowId=743 subId= 5 token=5beb9b90-0322-4e12-bf78-34c99ed614ab, rowId=725 subId= 4 token=b67975c9-b9e4-461d-922d-2f5b3f0923de, rowId=1 subId= -1 token=2580b9ac-71d5-483b-a75c-d98bfcc9c315, rowId=152 subId= 3 token=3145ba06-5be2-4cb2-a551-22f3e6744b9f, rowId=47 subId= 2 token=02a5539d-a742-4777-bfb8-2e8e704b360a, rowId=2 subId= 1 token=9b3754d7-0848-465e-a55c-1922a4038bfd]
[2026-06-13T06:35:56.187Z] [ALL] 06-13 12:05:53.561 22840 16706 D WM-GreedyScheduler: Cancelling work ID 62199b0b-91e5-4f24-8c49-a71e05821755
[2026-06-13T06:35:56.187Z] [ALL] 06-13 12:05:53.561 22840 17169 I BugleRcsEngine: [SR]: Single Registration is disabled. Skipping Single Registration capability check for subId: 4 [CONTEXT thread_id=29174 ]
[2026-06-13T06:35:56.187Z] [ALL] 06-13 12:05:53.564 22840 16706 D WM-GreedyScheduler: Ignoring {WorkSpec: 1404cf32-9c55-4211-b47d-f138d0a0dc69}. Requires device idle.
[2026-06-13T06:35:56.187Z] [ALL] 06-13 12:05:53.564 22840 16706 D WM-GreedyScheduler: Ignoring {WorkSpec: bb6c6375-5ba0-467a-ba14-f481ccc1f641}. Requires ContentUri triggers.
[2026-06-13T06:35:56.187Z] [ALL] 06-13 12:05:53.564 22840 16706 D WM-GreedyScheduler: Ignoring {WorkSpec: b41c8a90-87b2-4543-a989-5421f1e89a9e}. Requires ContentUri triggers.
[2026-06-13T06:35:56.187Z] [ALL] 06-13 12:05:53.564 22840 16706 D WM-GreedyScheduler: Ignoring {WorkSpec: e06f5e5c-5dfc-4089-bebf-cc3459e336f0}. Requires device idle.
[2026-06-13T06:35:56.187Z] [ALL] 06-13 12:05:53.564 22840 16706 D WM-GreedyScheduler: Starting tracking for c6fdba71-5b75-451c-87a6-b41febe38189
[2026-06-13T06:35:56.187Z] [ALL] 06-13 12:05:53.566 22840 16780 D WM-GreedyScheduler: Cancelling work ID 19f2d89b-8803-4062-a2f6-a8580d47c96d
[2026-06-13T06:35:56.187Z] [ALL] 06-13 12:05:53.570 22840 16780 D WM-GreedyScheduler: Ignoring {WorkSpec: 1404cf32-9c55-4211-b47d-f138d0a0dc69}. Requires device idle.
[2026-06-13T06:35:56.187Z] [ALL] 06-13 12:05:53.570 22840 16780 D WM-GreedyScheduler: Ignoring {WorkSpec: bb6c6375-5ba0-467a-ba14-f481ccc1f641}. Requires ContentUri triggers.
[2026-06-13T06:35:56.187Z] [ALL] 06-13 12:05:53.570 22840 16780 D WM-GreedyScheduler: Ignoring {WorkSpec: b41c8a90-87b2-4543-a989-5421f1e89a9e}. Requires ContentUri triggers.
[2026-06-13T06:35:56.189Z] [ALL] 06-13 12:05:53.572 22840 16706 I RcsProvisioningFlow: Lock acquired for updating phone SIMs state with update trigger: 6.
[2026-06-13T06:35:56.189Z] [ALL] 06-13 12:05:53.572 22840 16706 I RcsProvisioningFlow: subscriptionUtilsList subIds: [4, 5]
[2026-06-13T06:35:56.189Z] [ALL] 06-13 12:05:53.575 22840 16770 I BugleE2eeMls: Current time: 2026-06-13T06:35:55.493Z. Needs refresh if too stale (after: 2026-06-23T06:43:51Z), or if expiring soon (after: 2026-08-19T17:27:48Z). Needs refresh: false
[2026-06-13T06:35:56.189Z] [ALL] 06-13 12:05:53.578 22840 16714 I BugleSimStateTracker: default call SIM: redacted-pii:sim_id[chars:20,last3:747], default sms SIM redacted-pii:sim_id[chars:20,last3:747]. default data SIM redacted-pii:sim_id[chars:20,last3:747].
[2026-06-13T06:35:56.234Z] [ALL] 06-13 12:05:53.578 22840 16714 I BugleSimStateTracker: default call SIM: redacted-pii:sim_id[chars:20,last3:747], default sms SIM redacted-pii:sim_id[chars:20,last3:747]. default data SIM redacted-pii:sim_id[chars:20,last3:747].
[2026-06-13T06:35:56.234Z] [ALL] 06-13 12:05:53.580 22840 16765 I BugleCME: intervalPassed=false, verifiedAddressChanged=false [CONTEXT my_identity_token="5beb9b90-0322-4e12-bf78-34c99ed614ab" ]
[2026-06-13T06:35:56.234Z] [ALL] 06-13 12:05:53.581 22840 16765 I BugleCME: intervalPassed=false, verifiedAddressChanged=false [CONTEXT my_identity_token="b67975c9-b9e4-461d-922d-2f5b3f0923de" ]
[2026-06-13T06:35:56.234Z] [ALL] 06-13 12:05:53.590  7763 13029 D IHansComunication: HANS sendMessageToKernel: threadId = 536992353456, netLinkSetup = 1, type = FROZEN_TRANS, targetUid = 10354, pkgCmd = PKG_CMD_MAX
[2026-06-13T06:35:56.234Z] [ALL] 06-13 12:05:53.597 22840 16779 I BugleSimStateTracker: Subscription is carrier config identified: true [CONTEXT sub_id=4 ]
[2026-06-13T06:35:56.234Z] [ALL] 06-13 12:05:53.603 22840 16779 I BugleSimStateTracker: Subscription is carrier config identified: true [CONTEXT sub_id=5 ]
[2026-06-13T06:35:56.234Z] [ALL] 06-13 12:05:53.607 22840 16712 I BugleSelfIdentity: Active SelfIdentities [SelfIdentity{id:725, subIds: [4]}, SelfIdentity{id:743, subIds: [5]}]
[2026-06-13T06:35:56.234Z] [ALL] 06-13 12:05:53.609  7763 13029 D IHansComunication: HANS sendMessageToKernel: threadId = 536992353456, netLinkSetup = 1, type = FROZEN_TRANS, targetUid = 10375, pkgCmd = PKG_CMD_MAX
[2026-06-13T06:35:56.234Z] [ALL] 06-13 12:05:53.618 22840 16780 D WM-GreedyScheduler: Ignoring {WorkSpec: e06f5e5c-5dfc-4089-bebf-cc3459e336f0}. Requires device idle.
[2026-06-13T06:35:56.234Z] [ALL] 06-13 12:05:53.618 22840 16780 D WM-GreedyScheduler: Starting tracking for c6fdba71-5b75-451c-87a6-b41febe38189
[2026-06-13T06:35:56.266Z] [ALL] 06-13 12:05:53.650 22840 17169 I RcsProvisioningWorkMana: Skipping full provisioning scheduling since we already have valid and updated RCS configuration
[2026-06-13T06:35:56.266Z] [ALL] 06-13 12:05:53.650 22840 16779 I BugleSimStateTracker: Looking up Fi through package names.
[2026-06-13T06:35:56.266Z] [ALL] 06-13 12:05:53.652 22840 16745 I RcsProvisioningFlow: Clearing provisioning flow state for redacted-pii:sim_id[chars:20,last3:747]
[2026-06-13T06:35:56.266Z] [ALL] 06-13 12:05:53.672 22840 16779 I BugleSimStateTracker: Looking up Fi through package names.
[2026-06-13T06:35:56.266Z] [ALL] 06-13 12:05:53.681 22840 16779 I RcsProvisioningFlow: All newly built SimSubscriptionInfos: [(simId: redacted-pii:sim_id[chars:20,last3:747],
[2026-06-13T06:35:56.266Z] [ALL] 06-13 12:05:53.681 22840 16779 I RcsProvisioningFlow: subId: 4,
[2026-06-13T06:35:56.266Z] [ALL] 06-13 12:05:53.681 22840 16779 I RcsProvisioningFlow: simSlot: 0,
[2026-06-13T06:35:56.266Z] [ALL] 06-13 12:05:53.681 22840 16779 I RcsProvisioningFlow: imsi: redacted-pii:imsi[chars:15],
[2026-06-13T06:35:56.266Z] [ALL] 06-13 12:05:53.681 22840 16779 I RcsProvisioningFlow: phoneNumber: redacted-pii:phone_number[chars:12,last2:30],
[2026-06-13T06:35:56.266Z] [ALL] 06-13 12:05:53.681 22840 16779 I RcsProvisioningFlow: countryCode: IN,
[2026-06-13T06:35:56.266Z] [ALL] 06-13 12:05:53.681 22840 16779 I RcsProvisioningFlow: networkOperatorName: Jio True5G,
[2026-06-13T06:35:56.266Z] [ALL] 06-13 12:05:53.681 22840 16779 I RcsProvisioningFlow: subscriptionGroupUuid: ,
[2026-06-13T06:35:56.266Z] [ALL] 06-13 12:05:53.681 22840 16779 I RcsProvisioningFlow: mcc: 405,
[2026-06-13T06:35:56.266Z] [ALL] 06-13 12:05:53.681 22840 16779 I RcsProvisioningFlow: mnc: 854,
[2026-06-13T06:35:56.266Z] [ALL] 06-13 12:05:53.681 22840 16779 I RcsProvisioningFlow: simCarrierId: 2018,
[2026-06-13T06:35:56.266Z] [ALL] 06-13 12:05:53.681 22840 16779 I RcsProvisioningFlow: iccid: redacted-pii:sim_iccid[chars:20],
[2026-06-13T06:35:56.266Z] [ALL] 06-13 12:05:53.681 22840 16779 I RcsProvisioningFlow: isFi: false,
[2026-06-13T06:35:56.266Z] [ALL] 06-13 12:05:53.681 22840 16779 I RcsProvisioningFlow: loggableGuid: c3c5fa13-4470-4849-bb72-2da83945c9a0,
[2026-06-13T06:35:56.266Z] [ALL] 06-13 12:05:53.681 22840 16779 I RcsProvisioningFlow: formattedMsisdn: redacted-pii:phone_number[chars:13,last2:30],
[2026-06-13T06:35:56.266Z] [ALL] 06-13 12:05:53.681 22840 16779 I RcsProvisioningFlow: simOperatorName: Jio,
[2026-06-13T06:35:56.266Z] [ALL] 06-13 12:05:53.681 22840 16779 I RcsProvisioningFlow: simOperator: 405854,
[2026-06-13T06:35:56.266Z] [ALL] 06-13 12:05:53.681 22840 16779 I RcsProvisioningFlow: groupIdLevel1: FFFFFFFFFFFFFFFFFFFF,
[2026-06-13T06:35:56.266Z] [ALL] 06-13 12:05:53.681 22840 16779 I RcsProvisioningFlow: preferredSubscriptionName: SIM1), (simId: redacted-pii:sim_id[chars:20,last3:944],
[2026-06-13T06:35:56.266Z] [ALL] 06-13 12:05:53.681 22840 16779 I RcsProvisioningFlow: subId: 5,
[2026-06-13T06:35:56.266Z] [ALL] 06-13 12:05:53.681 22840 16779 I RcsProvisioningFlow: simSlot: 1,
[2026-06-13T06:35:56.266Z] [ALL] 06-13 12:05:53.681 22840 16779 I RcsProvisioningFlow: imsi: redacted-pii:imsi[chars:15],
[2026-06-13T06:35:56.266Z] [ALL] 06-13 12:05:53.681 22840 16779 I RcsProvisioningFlow: phoneNumber: redacted-pii:phone_number[chars:12,last2:44],
[2026-06-13T06:35:56.266Z] [ALL] 06-13 12:05:53.681 22840 16779 I RcsProvisioningFlow: countryCode: IN,
[2026-06-13T06:35:56.266Z] [ALL] 06-13 12:05:53.681 22840 16779 I RcsProvisioningFlow: networkOperatorName: JIO 4G,
[2026-06-13T06:35:56.266Z] [ALL] 06-13 12:05:53.681 22840 16779 I RcsProvisioningFlow: subscriptionGroupUuid: ,
[2026-06-13T06:35:56.266Z] [ALL] 06-13 12:05:53.681 22840 16779 I RcsProvisioningFlow: mcc: 405,
[2026-06-13T06:35:56.266Z] [ALL] 06-13 12:05:53.681 22840 16779 I RcsProvisioningFlow: mnc: 854,
[2026-06-13T06:35:56.266Z] [ALL] 06-13 12:05:53.681 22840 16779 I RcsProvisioningFlow: simCarrierId: 2018,
[2026-06-13T06:35:56.266Z] [ALL] 06-13 12:05:53.681 22840 16779 I RcsProvisioningFlow: iccid: redacted-pii:sim_iccid[chars:20],
[2026-06-13T06:35:56.266Z] [ALL] 06-13 12:05:53.681 22840 16779 I RcsProvisioningFlow: isFi: false,
[2026-06-13T06:35:56.266Z] [ALL] 06-13 12:05:53.681 22840 16779 I RcsProvisioningFlow: loggableGuid: 9d9c7a4c-0470-46af-9be3-026a9c57e319,
[2026-06-13T06:35:56.266Z] [ALL] 06-13 12:05:53.681 22840 16779 I RcsProvisioningFlow: formattedMsisdn: redacted-pii:phone_number[chars:13,last2:44],
[2026-06-13T06:35:56.266Z] [ALL] 06-13 12:05:53.681 22840 16779 I RcsProvisioningFlow: simOperatorName: Jio,
[2026-06-13T06:35:56.266Z] [ALL] 06-13 12:05:53.681 22840 16779 I RcsProvisioningFlow: simOperator: 405854,
[2026-06-13T06:35:56.266Z] [ALL] 06-13 12:05:53.681 22840 16779 I RcsProvisioningFlow: groupIdLevel1: FFFFFFFFFFFFFFFFFFFF,
[2026-06-13T06:35:56.266Z] [ALL] 06-13 12:05:53.681 22840 16779 I RcsProvisioningFlow: preferredSubscriptionName: SIM2)]
[2026-06-13T06:35:56.266Z] [ALL] 06-13 12:05:53.711 22840 17169 I RcsProvisioningFlow: Storing updated SimSubscriptionInfo list in PhoneSimsStateDataStore: [(redacted-pii:sim_id[chars:20,last3:747], c3c5fa13-4470-4849-bb72-2da83945c9a0), (redacted-pii:sim_id[chars:20,last3:944], 9d9c7a4c-0470-46af-9be3-026a9c57e319)]
[2026-06-13T06:35:56.266Z] [ALL] 06-13 12:05:53.712 22840 17169 I RcsProvisioningFlow: Storing updated SimSubscriptionInfo list in SimStateStore: [(redacted-pii:sim_id[chars:20,last3:747], c3c5fa13-4470-4849-bb72-2da83945c9a0), (redacted-pii:sim_id[chars:20,last3:944], 9d9c7a4c-0470-46af-9be3-026a9c57e319)]
[2026-06-13T06:35:56.314Z] [ALL] 06-13 12:05:53.712 22840 17169 I RcsProvisioningFlow: Sim subscription infos have not changed, skipping saving
[2026-06-13T06:35:56.314Z] [ALL] 06-13 12:05:53.713 22840 17169 I RcsProvisioningFlow: Phone defaults have not changed in SimStateStore, skipping saving
[2026-06-13T06:35:56.314Z] [ALL] 06-13 12:05:53.713 22840 17169 I RcsProvisioningFlow: Phone defaults have not changed in PhoneSimsStateDataStore, skipping saving
[2026-06-13T06:35:56.314Z] [ALL] 06-13 12:05:53.713 22840 17169 I RcsProvisioningFlow: No new or updated SIMs on phone sim state update.
[2026-06-13T06:35:56.314Z] [ALL] 06-13 12:05:53.724 22840 16706 I CallFlogger: Creating X.509credential from 3 certificates
[2026-06-13T06:35:56.314Z] [ALL] 06-13 12:05:53.725 22840 16706 I Zinnia  : libzinnia_rust::ffi_trait_wrappers::time_accessor_wrapper: Current time fetched from client: LoggedMlsTime { epoch_seconds: 1781332555, date: "2026-06-13 06:35:55" }
[2026-06-13T06:35:56.314Z] [ALL] 06-13 12:05:53.733 22840 16706 I CallFlogger: Logging client identify information for msisdn Msisdn: [REDACTED], with participant key (hex) ParticipantPublicKey: [REDACTED], and client id ClientId: "70b69bc3-40b6-479b-915a-442b9de461d4", with keypair public key (hex) DevicePublicKey: [REDACTED], validity=(LoggedMlsTime { epoch_seconds: 1781285271, date: "2026-06-12 17:27:51" }, LoggedMlsTime { epoch_seconds: 1787765268, date: "2026-08-26 17:27:48" })
[2026-06-13T06:35:56.314Z] [ALL] 06-13 12:05:53.735 22840 16706 I BugleE2eeMls: validateClientBasicFunctionalitySync()
[2026-06-13T06:35:56.314Z] [ALL] 06-13 12:05:53.736 22840 16779 I WM-WorkerWrapper: Worker result SUCCESS for Work [ id=cc2df3f2-092d-4604-801a-dbeeca329827, tags={ com.google.android.apps.messaging.shared.datamodel.workqueue.WorkQueueWorkerShim,sim_state_update_queue-WORK_TYPE_UPDATE_PHONE_SIMS_STATE } ]
[2026-06-13T06:35:56.314Z] [ALL] 06-13 12:05:53.736 22840 16706 I Zinnia  : libzinnia_rust::ffi_trait_wrappers::time_accessor_wrapper: Current time fetched from client: LoggedMlsTime { epoch_seconds: 1781332555, date: "2026-06-13 06:35:55" }
[2026-06-13T06:35:56.314Z] [ALL] 06-13 12:05:53.737 22840 22840 D WM-Processor: swv cc2df3f2-092d-4604-801a-dbeeca329827 executed; reschedule = false
[2026-06-13T06:35:56.314Z] [ALL] 06-13 12:05:53.741 22840 16779 D WM-GreedyScheduler: Cancelling work ID cc2df3f2-092d-4604-801a-dbeeca329827
[2026-06-13T06:35:56.314Z] [ALL] 06-13 12:05:53.744 17173 17173 E Parcel  : Attempt to read from protected data in Parcel 0x7fca83d6e0
[2026-06-13T06:35:56.314Z] [ALL] 06-13 12:05:53.744 17173 17173 E Parcel  : Attempt to read from protected data in Parcel 0x7fca83d6e0
[2026-06-13T06:35:56.314Z] [ALL] 06-13 12:05:53.744 17173 17173 E Parcel  : Attempt to read from protected data in Parcel 0x7fca83d6e0
[2026-06-13T06:35:56.314Z] [ALL] 06-13 12:05:53.744 17173 17173 E Parcel  : Attempt to read from protected data in Parcel 0x7fca83d6e0
[2026-06-13T06:35:56.314Z] [ALL] 06-13 12:05:53.744 17173 17173 E Parcel  : Attempt to read from protected data in Parcel 0x7fca83d6e0
[2026-06-13T06:35:56.314Z] [ALL] 06-13 12:05:53.744 22840 16779 D WM-GreedyScheduler: Ignoring {WorkSpec: 1404cf32-9c55-4211-b47d-f138d0a0dc69}. Requires device idle.
[2026-06-13T06:35:56.314Z] [ALL] 06-13 12:05:53.744 22840 16779 D WM-GreedyScheduler: Ignoring {WorkSpec: bb6c6375-5ba0-467a-ba14-f481ccc1f641}. Requires ContentUri triggers.
[2026-06-13T06:35:56.314Z] [ALL] 06-13 12:05:53.744 22840 16779 D WM-GreedyScheduler: Ignoring {WorkSpec: b41c8a90-87b2-4543-a989-5421f1e89a9e}. Requires ContentUri triggers.
[2026-06-13T06:35:56.314Z] [ALL] 06-13 12:05:53.744 22840 16779 D WM-GreedyScheduler: Ignoring {WorkSpec: e06f5e5c-5dfc-4089-bebf-cc3459e336f0}. Requires device idle.
[2026-06-13T06:35:56.314Z] [ALL] 06-13 12:05:53.745 22840 16779 D WM-GreedyScheduler: Starting tracking for c6fdba71-5b75-451c-87a6-b41febe38189
[2026-06-13T06:35:56.314Z] [ALL] 06-13 12:05:53.760 13227 13408 I appium  : The following attributes will be included to the page source: [content-desc, resource-id]
[2026-06-13T06:35:56.314Z] [ALL] 06-13 12:05:53.763 22840 16706 I BugleE2eeMls: No group information found, returning not found maximum epoch ID. [CONTEXT mls_group_id="MlsGroup(groupId=validation_group_id)" ]
[2026-06-13T06:35:56.314Z] [ALL] 06-13 12:05:53.766 22840 16706 I BugleE2eeMls: Group to delete not found in MlsGroupStates table [CONTEXT mls_group_id="MlsGroup(groupId=validation_group_id)" ]
[2026-06-13T06:35:56.314Z] [ALL] 06-13 12:05:53.767 22840 16706 I CallFlogger: Error occurred: NotFound
[2026-06-13T06:35:56.314Z] [ALL] 06-13 12:05:53.769 22840 16779 I BugleE2eeMls: no certificates need to be refreshed, skip triggering certificate chain download [CONTEXT provisioning_session_id="eddd637d-9f59-4553-ab18-b01424712326" ]
[2026-06-13T06:35:56.314Z] [ALL] 06-13 12:05:53.774 22840 16771 I BugleSpam: SBP: Registering monitor for new subIds
[2026-06-13T06:35:56.314Z] [ALL] 06-13 12:05:53.775 13227 13408 I appium  : Clearing toast message: [SBI CARDS AND PAYMENT SERVICES: Dear Cardholder, you are eligible for up to 3 complimentary Add-on cards for your family members. Apply now : https://app.sbicard.com/MYSBIC TnC - SBI Card]
[2026-06-13T06:35:56.314Z] [ALL] 06-13 12:05:53.776  2744  9903 D PhoneInterfaceManager: [PhoneIntfMgr] QueryTelephonyChecker-getDataNetworkTypeForSubscriber: packageName = com.google.android.apps.messaging, isGrant = true
[2026-06-13T06:35:56.314Z] [ALL] 06-13 12:05:53.777  2744  9903 D PhoneInterfaceManager: [PhoneIntfMgr] QueryTelephonyChecker-getDataNetworkTypeForSubscriber: packageName = com.google.android.apps.messaging, isGrant = true
[2026-06-13T06:35:56.314Z] [ALL] 06-13 12:05:53.803 17178 17178 E Parcel  : Attempt to read from protected data in Parcel 0x7fd83715b0
[2026-06-13T06:35:56.314Z] [ALL] 06-13 12:05:53.803 17178 17178 E Parcel  : Attempt to read from protected data in Parcel 0x7fd83715b0
[2026-06-13T06:35:56.314Z] [ALL] 06-13 12:05:53.803 17178 17178 E Parcel  : Attempt to read from protected data in Parcel 0x7fd83715b0
[2026-06-13T06:35:56.314Z] [ALL] 06-13 12:05:53.803 17178 17178 E Parcel  : Attempt to read from protected data in Parcel 0x7fd83715b0
[2026-06-13T06:35:56.314Z] [ALL] 06-13 12:05:53.803 17178 17178 E Parcel  : Attempt to read from protected data in Parcel 0x7fd83715b0
[2026-06-13T06:35:56.314Z] [ALL] 06-13 12:05:53.852 17182 17182 E Parcel  : Attempt to read from protected data in Parcel 0x7fdc577060
[2026-06-13T06:35:56.314Z] [ALL] 06-13 12:05:53.852 17182 17182 E Parcel  : Attempt to read from protected data in Parcel 0x7fdc577060
[2026-06-13T06:35:56.314Z] [ALL] 06-13 12:05:53.852 17182 17182 E Parcel  : Attempt to read from protected data in Parcel 0x7fdc577060
[2026-06-13T06:35:56.314Z] [ALL] 06-13 12:05:53.852 17182 17182 E Parcel  : Attempt to read from protected data in Parcel 0x7fdc577060
[2026-06-13T06:35:56.314Z] [ALL] 06-13 12:05:53.852 17182 17182 E Parcel  : Attempt to read from protected data in Parcel 0x7fdc577060
[2026-06-13T06:35:56.314Z] [ALL] 06-13 12:05:53.859   858 28068 E TetherController: property_get sys.radio.data.modem_share_flag return 0, 1!
[2026-06-13T06:35:56.366Z] [ALL] 06-13 12:05:53.900 13227 13408 I appium  : Took 0ms to retrieve 0 matches for '//*[@resource-id="nav_item_profile" or @content-desc="nav_item_profile"]' XPath2 query
[2026-06-13T06:35:56.366Z] [ALL] 06-13 12:05:53.901 13227 13408 I appium  : AppiumResponse: {"sessionId":"1d958382-6c27-4154-8ae4-4950394a5bc8","value":{"error":"no such element","message":"An element could not be located on the page using the given search parameters","stacktrace":"io.appium.uiautomator2.common.exceptions.ElementNotFoundException: An element could not be located on the page using the given search parameters\n\tat io.appium.uiautomator2.utils.ElementLocationHelpers.findElement(ElementLocationHelpers.java:153)\n\tat io.appium.uiautomator2.handler.FindElement.safeHandle(FindElement.java:60)\n\tat io.appium.uiautomator2.handler.request.SafeRequestHandler.handle(SafeRequestHandler.java:59)\n\tat io.appium.uiautomator2.server.AppiumServlet.handleRequest(AppiumServlet.java:267)\n\tat io.appium.uiautomator2.server.AppiumServlet.handleHttpRequest(AppiumServlet.java:261)\n\tat io.appium.uiautomator2.http.ServerHandler.channelRead(ServerHandler.java:77)\n\tat io.netty.channel.AbstractChannelHandlerContext.fireChannelRead(AbstractChannelHandlerContext.java:357)\n\tat io.netty.handler.codec.MessageToMessageDecoder.channelRead(MessageToMessageDecoder.java:107)\n\tat io.netty.channel.AbstractChannelHandlerContext.fireChannelRead(AbstractChannelHandlerContext.java:357)\n\tat io.netty.channel.CombinedChannelDuplexHandler$DelegatingChannelHandlerContext.fireChannelRead(CombinedChannelDuplexHandler.java:434)\n\tat io.netty.handler.codec.ByteToMessageDecoder.fireChannelRead(ByteToMessageDecoder.java:361)\n\tat io.netty.handler.codec.ByteToMessageDecoder.channelRead(ByteToMessageDecoder.java:325)\n\tat io.netty.channel.CombinedChannelDuplexHandler.channelRead(CombinedChannelDuplexHandler.java:249)\n\tat io.netty.channel.AbstractChannelHandlerContext.fireChannelRead(AbstractChannelHandlerContext.java:355)\n\tat io.netty.handler.timeout.IdleStateHandler.channelRead(IdleStateHandler.java:288)\n\tat io.netty.channel.AbstractChannelHandlerContext.fireChannelRead(AbstractChannelHandlerContext.java:355)\n\tat io.netty.channel.DefaultChannelPipeline$HeadContext.channelRead(DefaultChannelPipeline.java:1429)\n\tat io.netty.channel.DefaultChannelPipeline.fireChannelRead(DefaultChannelPipeline.java:918)\n\tat io.netty.channel.nio.AbstractNioByteChannel$NioByteUnsafe.read(AbstractNioByteChannel.java:176)\n\tat io.netty.channel.nio.AbstractNioChannel$AbstractNioUnsafe.handle(AbstractNioChannel.java:445)\n\tat io.netty.channel.nio.NioIoHandler$DefaultNioRegistration.handle(NioIoHandler.java:388)\n\tat io.netty.channel.nio.NioIoHandler.processSelectedKey(NioIoHandler.java:596)\n\tat io.netty.channel.nio.NioIoHandler.processSelectedKeysOptimized(NioIoHandler.java:571)\n\tat io.netty.channel.nio.NioIoHandler.processSelectedKeys(NioIoHandler.java:512)\n\tat io.netty.channel.nio.NioIoHandler.run(NioIoHandler.java:484)\n\tat io.netty.channel.SingleThreadIoEventLoop.runIo(SingleThreadIoEventLoop.java:225)\n\tat io.netty.channel.SingleThreadIoEventLoop.run(SingleThreadIoEventLoop.java:196)\n\tat io.netty.util.concurrent.SingleThreadEventExecutor$5.run(SingleThreadEventExecutor.java:1195)\n\tat io.netty.util.internal.ThreadExecutorMap$2.run(ThreadExecutorMap.java:74)\n\tat io.netty.util.concurrent.FastThreadLocalRunnable.run(FastThreadLocalRunnable.java:30)\n\tat java.lang.Thread.run(Thread.java:1572)\n"}}
[2026-06-13T06:35:56.366Z] [ALL] 06-13 12:05:53.907 17186 17186 E Parcel  : Attempt to read from protected data in Parcel 0x7fdf2a19f0
[2026-06-13T06:35:56.366Z] [ALL] 06-13 12:05:53.907 17186 17186 E Parcel  : Attempt to read from protected data in Parcel 0x7fdf2a19f0
[2026-06-13T06:35:56.366Z] [ALL] 06-13 12:05:53.907 17186 17186 E Parcel  : Attempt to read from protected data in Parcel 0x7fdf2a19f0
[2026-06-13T06:35:56.366Z] [ALL] 06-13 12:05:53.907 17186 17186 E Parcel  : Attempt to read from protected data in Parcel 0x7fdf2a19f0
[2026-06-13T06:35:56.366Z] [ALL] 06-13 12:05:53.907 17186 17186 E Parcel  : Attempt to read from protected data in Parcel 0x7fdf2a19f0
[2026-06-13T06:35:56.407Z] [ALL] 06-13 12:05:53.957 17190 17190 E Parcel  : Attempt to read from protected data in Parcel 0x7fcf922df0
[2026-06-13T06:35:56.407Z] [ALL] 06-13 12:05:53.957 17190 17190 E Parcel  : Attempt to read from protected data in Parcel 0x7fcf922df0
[2026-06-13T06:35:56.407Z] [ALL] 06-13 12:05:53.957 17190 17190 E Parcel  : Attempt to read from protected data in Parcel 0x7fcf922df0
[2026-06-13T06:35:56.407Z] [ALL] 06-13 12:05:53.957 17190 17190 E Parcel  : Attempt to read from protected data in Parcel 0x7fcf922df0
[2026-06-13T06:35:56.407Z] [ALL] 06-13 12:05:53.957 17190 17190 E Parcel  : Attempt to read from protected data in Parcel 0x7fcf922df0
[2026-06-13T06:35:56.438Z] [ALL] 06-13 12:05:54.003 17194 17194 E Parcel  : Attempt to read from protected data in Parcel 0x7fc4996200
[2026-06-13T06:35:56.438Z] [ALL] 06-13 12:05:54.003 17194 17194 E Parcel  : Attempt to read from protected data in Parcel 0x7fc4996200
[2026-06-13T06:35:56.438Z] [ALL] 06-13 12:05:54.003 17194 17194 E Parcel  : Attempt to read from protected data in Parcel 0x7fc4996200
[2026-06-13T06:35:56.438Z] [ALL] 06-13 12:05:54.003 17194 17194 E Parcel  : Attempt to read from protected data in Parcel 0x7fc4996200
[2026-06-13T06:35:56.438Z] [ALL] 06-13 12:05:54.003 17194 17194 E Parcel  : Attempt to read from protected data in Parcel 0x7fc4996200
[2026-06-13T06:35:56.465Z] [ALL] 06-13 12:05:54.055 17198 17198 E Parcel  : Attempt to read from protected data in Parcel 0x7fdca43d90
[2026-06-13T06:35:56.465Z] [ALL] 06-13 12:05:54.055 17198 17198 E Parcel  : Attempt to read from protected data in Parcel 0x7fdca43d90
[2026-06-13T06:35:56.465Z] [ALL] 06-13 12:05:54.055 17198 17198 E Parcel  : Attempt to read from protected data in Parcel 0x7fdca43d90
[2026-06-13T06:35:56.465Z] [ALL] 06-13 12:05:54.055 17198 17198 E Parcel  : Attempt to read from protected data in Parcel 0x7fdca43d90
[2026-06-13T06:35:56.465Z] [ALL] 06-13 12:05:54.055 17198 17198 E Parcel  : Attempt to read from protected data in Parcel 0x7fdca43d90
[2026-06-13T06:35:56.503Z] [ALL] 06-13 12:05:54.102 17202 17202 E Parcel  : Attempt to read from protected data in Parcel 0x7fcf65df50
[2026-06-13T06:35:56.503Z] [ALL] 06-13 12:05:54.102 17202 17202 E Parcel  : Attempt to read from protected data in Parcel 0x7fcf65df50
[2026-06-13T06:35:56.503Z] [ALL] 06-13 12:05:54.102 17202 17202 E Parcel  : Attempt to read from protected data in Parcel 0x7fcf65df50
[2026-06-13T06:35:56.503Z] [ALL] 06-13 12:05:54.102 17202 17202 E Parcel  : Attempt to read from protected data in Parcel 0x7fcf65df50
[2026-06-13T06:35:56.503Z] [ALL] 06-13 12:05:54.102 17202 17202 E Parcel  : Attempt to read from protected data in Parcel 0x7fcf65df50
[2026-06-13T06:35:56.572Z] [ALL] 06-13 12:05:54.154 17207 17207 E Parcel  : Attempt to read from protected data in Parcel 0x7ff6acd930
[2026-06-13T06:35:56.572Z] [ALL] 06-13 12:05:54.154 17207 17207 E Parcel  : Attempt to read from protected data in Parcel 0x7ff6acd930
[2026-06-13T06:35:56.572Z] [ALL] 06-13 12:05:54.154 17207 17207 E Parcel  : Attempt to read from protected data in Parcel 0x7ff6acd930
[2026-06-13T06:35:56.572Z] [ALL] 06-13 12:05:54.154 17207 17207 E Parcel  : Attempt to read from protected data in Parcel 0x7ff6acd930
[2026-06-13T06:35:56.572Z] [ALL] 06-13 12:05:54.154 17207 17207 E Parcel  : Attempt to read from protected data in Parcel 0x7ff6acd930
[2026-06-13T06:35:56.633Z] [ALL] 06-13 12:05:54.209 17222 17222 E Parcel  : Attempt to read from protected data in Parcel 0x7ffcb76780
[2026-06-13T06:35:56.633Z] [ALL] 06-13 12:05:54.210 17222 17222 E Parcel  : Attempt to read from protected data in Parcel 0x7ffcb76780
[2026-06-13T06:35:56.633Z] [ALL] 06-13 12:05:54.210 17222 17222 E Parcel  : Attempt to read from protected data in Parcel 0x7ffcb76780
[2026-06-13T06:35:56.633Z] [ALL] 06-13 12:05:54.210 17222 17222 E Parcel  : Attempt to read from protected data in Parcel 0x7ffcb76780
[2026-06-13T06:35:56.633Z] [ALL] 06-13 12:05:54.210 17222 17222 E Parcel  : Attempt to read from protected data in Parcel 0x7ffcb76780
[2026-06-13T06:35:56.652Z] [ALL] 06-13 12:05:54.257  1695  2752 I OplusHansManager : uid=10349, pkg=io.appium.uiautomator2.server can transition from M to F
[2026-06-13T06:35:56.652Z] [ALL] 06-13 12:05:54.257  1695  2752 I OplusHansManager : uid=10349, pkg=io.appium.uiautomator2.server F enter(), M stay=1
[2026-06-13T06:35:56.652Z] [ALL] 06-13 12:05:54.258  1695  2752 I OplusHansManager : freeze uid: 10349 io.appium.uiautomator2.server pids: [13227] scene: LcdOn
[2026-06-13T06:35:56.670Z] [ALL] 06-13 12:05:54.259  7763 13029 D IHansComunication: HansComunication::addUid-- 10349, persistent--0
[2026-06-13T06:35:56.670Z] [ALL] 06-13 12:05:54.259  7763 13029 D IHansComunication: HANS sendMessageToKernel: threadId = 536992353456, netLinkSetup = 1, type = PKG, targetUid = 10349, pkgCmd = ADD_ONE_UID
[2026-06-13T06:35:56.699Z] [ALL] 06-13 12:05:54.267 17229 17229 E Parcel  : Attempt to read from protected data in Parcel 0x7fe238ed40
[2026-06-13T06:35:56.699Z] [ALL] 06-13 12:05:54.267 17229 17229 E Parcel  : Attempt to read from protected data in Parcel 0x7fe238ed40
[2026-06-13T06:35:56.699Z] [ALL] 06-13 12:05:54.267 17229 17229 E Parcel  : Attempt to read from protected data in Parcel 0x7fe238ed40
[2026-06-13T06:35:56.699Z] [ALL] 06-13 12:05:54.267 17229 17229 E Parcel  : Attempt to read from protected data in Parcel 0x7fe238ed40
[2026-06-13T06:35:56.699Z] [ALL] 06-13 12:05:54.267 17229 17229 E Parcel  : Attempt to read from protected data in Parcel 0x7fe238ed40
[2026-06-13T06:35:56.755Z] [ALL] 06-13 12:05:54.323 17234 17234 E Parcel  : Attempt to read from protected data in Parcel 0x7fdbaacf30
[2026-06-13T06:35:56.755Z] [ALL] 06-13 12:05:54.323 17234 17234 E Parcel  : Attempt to read from protected data in Parcel 0x7fdbaacf30
[2026-06-13T06:35:56.755Z] [ALL] 06-13 12:05:54.323 17234 17234 E Parcel  : Attempt to read from protected data in Parcel 0x7fdbaacf30
[2026-06-13T06:35:56.755Z] [ALL] 06-13 12:05:54.323 17234 17234 E Parcel  : Attempt to read from protected data in Parcel 0x7fdbaacf30
[2026-06-13T06:35:56.755Z] [ALL] 06-13 12:05:54.323 17234 17234 E Parcel  : Attempt to read from protected data in Parcel 0x7fdbaacf30
[2026-06-13T06:35:56.796Z] [ALL] 06-13 12:05:54.375 17240 17240 E Parcel  : Attempt to read from protected data in Parcel 0x7fdd2a8920
[2026-06-13T06:35:56.796Z] [ALL] 06-13 12:05:54.375 17240 17240 E Parcel  : Attempt to read from protected data in Parcel 0x7fdd2a8920
[2026-06-13T06:35:56.796Z] [ALL] 06-13 12:05:54.375 17240 17240 E Parcel  : Attempt to read from protected data in Parcel 0x7fdd2a8920
[2026-06-13T06:35:56.796Z] [ALL] 06-13 12:05:54.375 17240 17240 E Parcel  : Attempt to read from protected data in Parcel 0x7fdd2a8920
[2026-06-13T06:35:56.796Z] [ALL] 06-13 12:05:54.375 17240 17240 E Parcel  : Attempt to read from protected data in Parcel 0x7fdd2a8920
[2026-06-13T06:35:56.849Z] [ALL] 06-13 12:05:54.425 17248 17248 E Parcel  : Attempt to read from protected data in Parcel 0x7fdfb88af0
[2026-06-13T06:35:56.849Z] [ALL] 06-13 12:05:54.425 17248 17248 E Parcel  : Attempt to read from protected data in Parcel 0x7fdfb88af0
[2026-06-13T06:35:56.849Z] [ALL] 06-13 12:05:54.425 17248 17248 E Parcel  : Attempt to read from protected data in Parcel 0x7fdfb88af0
[2026-06-13T06:35:56.849Z] [ALL] 06-13 12:05:54.425 17248 17248 E Parcel  : Attempt to read from protected data in Parcel 0x7fdfb88af0
[2026-06-13T06:35:56.849Z] [ALL] 06-13 12:05:54.425 17248 17248 E Parcel  : Attempt to read from protected data in Parcel 0x7fdfb88af0
[2026-06-13T06:35:56.907Z] [ALL] 06-13 12:05:54.461   858 28068 E netd    : dispachCmd:oplusGetRtt
[2026-06-13T06:35:56.907Z] [ALL] 06-13 12:05:54.462   858 28068 E netd    : handleGetRttCmd: netId = 204, uid = 10352
[2026-06-13T06:35:56.907Z] [ALL] 06-13 12:05:54.463   858 28068 E netd    : dispachCmd cmd:oplusGetRtt  result:0
[2026-06-13T06:35:56.907Z] [ALL] 06-13 12:05:54.463   858 28068 E netd    : dispachCmd:oplusGetRtt
[2026-06-13T06:35:56.907Z] [ALL] 06-13 12:05:54.463   858 28068 E netd    : handleGetRttCmd: netId = 206, uid = 10352
[2026-06-13T06:35:56.907Z] [ALL] 06-13 12:05:54.464  7763  7793 E IHansComunication: HANS printMessageBody: RCV message: type = 0,port = 86870,caller_pid = 1695,caller_uid = 1000,target_pid = 13227,target_uid = 10349,pkg_cmd = -1,rpc = android.accessibilityservice.IAccessibilityServiceClient/2
[2026-06-13T06:35:56.907Z] [ALL] 06-13 12:05:54.465   858 28068 E netd    : dispachCmd cmd:oplusGetRtt  result:0
[2026-06-13T06:35:56.907Z] [ALL] 06-13 12:05:54.465  1695  2771 I OplusHansManager : unfreeze uid: 10349 io.appium.uiautomator2.server pids: [13227] reason: AsyncBinder scene: LcdOn
[2026-06-13T06:35:56.907Z] [ALL] 06-13 12:05:54.465  1695  2752 I OplusHansManager : uid=10349, pkg=io.appium.uiautomator2.server, transition from F to Middle, reason=AsyncBinder
[2026-06-13T06:35:56.907Z] [ALL] 06-13 12:05:54.465  1695  2752 I OplusHansManager : uid=10349, pkg=io.appium.uiautomator2.server F exit(), F stay=0, reason=AsyncBinder
[2026-06-13T06:35:56.907Z] [ALL] 06-13 12:05:54.465  1695  2144 D OplusWifiConnect2: clientModeManager == null, getOplusSta2ConnectionInfo null
[2026-06-13T06:35:56.937Z] [ALL] 06-13 12:05:54.466  1695  2148 D WN_S    : isCellQualityGood is false, curscore =82, no need to switch lte
[2026-06-13T06:35:56.937Z] [ALL] 06-13 12:05:54.468 13227 13408 I appium  : channel read: POST /session/1d958382-6c27-4154-8ae4-4950394a5bc8/element
[2026-06-13T06:35:56.937Z] [ALL] 06-13 12:05:54.468 13227 13408 I appium  : FindElement command
[2026-06-13T06:35:56.937Z] [ALL] 06-13 12:05:54.469 13227 13408 I appium  : method: 'xpath', selector: '//*[@resource-id="nav_item_profile" or @content-desc="nav_item_profile"]'
[2026-06-13T06:35:56.937Z] [ALL] 06-13 12:05:54.469 13227 13408 I appium  : Waiting up to 10000ms for the device to idle
[2026-06-13T06:35:56.937Z] [ALL] 06-13 12:05:54.470  1000  3424 D SurfaceFlinger: kickIdle 922, 896, 34, 0
[2026-06-13T06:35:56.937Z] [ALL] 06-13 12:05:54.471   882   882 E hwcomposer: [DRMDEV] DRM_IOCTL_MTK_KICK_IDLE failed, drm_id_crtc: 64, error: -1  
[2026-06-13T06:35:56.937Z] [ALL] 06-13 12:05:54.481 17261 17261 E Parcel  : Attempt to read from protected data in Parcel 0x7fd69cb110
[2026-06-13T06:35:56.937Z] [ALL] 06-13 12:05:54.481 17261 17261 E Parcel  : Attempt to read from protected data in Parcel 0x7fd69cb110
[2026-06-13T06:35:56.937Z] [ALL] 06-13 12:05:54.481 17261 17261 E Parcel  : Attempt to read from protected data in Parcel 0x7fd69cb110
[2026-06-13T06:35:56.937Z] [ALL] 06-13 12:05:54.481 17261 17261 E Parcel  : Attempt to read from protected data in Parcel 0x7fd69cb110
[2026-06-13T06:35:56.937Z] [ALL] 06-13 12:05:54.481 17261 17261 E Parcel  : Attempt to read from protected data in Parcel 0x7fd69cb110
[2026-06-13T06:35:56.981Z] [ALL] 06-13 12:05:54.532 17267 17267 E Parcel  : Attempt to read from protected data in Parcel 0x7fc3e63ac0
[2026-06-13T06:35:57.029Z] [ALL] 06-13 12:05:54.532 17267 17267 E Parcel  : Attempt to read from protected data in Parcel 0x7fc3e63ac0
[2026-06-13T06:35:57.029Z] [ALL] 06-13 12:05:54.532 17267 17267 E Parcel  : Attempt to read from protected data in Parcel 0x7fc3e63ac0
[2026-06-13T06:35:57.029Z] [ALL] 06-13 12:05:54.532 17267 17267 E Parcel  : Attempt to read from protected data in Parcel 0x7fc3e63ac0
[2026-06-13T06:35:57.029Z] [ALL] 06-13 12:05:54.532 17267 17267 E Parcel  : Attempt to read from protected data in Parcel 0x7fc3e63ac0
[2026-06-13T06:35:57.080Z] [ALL] 06-13 12:05:54.567  1695  2752 I OplusHansManager : uid=10354, pkg=com.myntra.android can transition from M to F
[2026-06-13T06:35:57.080Z] [ALL] 06-13 12:05:54.567  1695  2752 I OplusHansManager : uid=10354, pkg=com.myntra.android F enter(), M stay=1
[2026-06-13T06:35:57.080Z] [ALL] 06-13 12:05:54.569  1695  2752 I OplusHansManager : freeze uid: 10354 com.myntra.android pids: [24280, 24544] IsolatedUid: [99207] scene: LcdOn
[2026-06-13T06:35:57.080Z] [ALL] 06-13 12:05:54.570  7763 13029 D IHansComunication: HansComunication::addUid-- 10354, persistent--0
[2026-06-13T06:35:57.080Z] [ALL] 06-13 12:05:54.570  7763 13029 D IHansComunication: HANS sendMessageToKernel: threadId = 536992353456, netLinkSetup = 1, type = PKG, targetUid = 10354, pkgCmd = ADD_ONE_UID
[2026-06-13T06:35:57.080Z] [ALL] 06-13 12:05:54.571  1695  2752 I OplusHansManager : uid=10375, pkg=com.mpokket.app can transition from M to F
[2026-06-13T06:35:57.080Z] [ALL] 06-13 12:05:54.571  1695  2752 I OplusHansManager : uid=10375, pkg=com.mpokket.app F enter(), M stay=1
[2026-06-13T06:35:57.080Z] [ALL] 06-13 12:05:54.573  1695  2752 I OplusHansManager : freeze uid: 10375 com.mpokket.app pids: [20213, 20627] IsolatedUid: [99210] scene: LcdOn
[2026-06-13T06:35:57.080Z] [ALL] 06-13 12:05:54.574  7763 13029 D IHansComunication: HansComunication::addUid-- 10375, persistent--0
[2026-06-13T06:35:57.080Z] [ALL] 06-13 12:05:54.574  7763 13029 D IHansComunication: HANS sendMessageToKernel: threadId = 536992353456, netLinkSetup = 1, type = PKG, targetUid = 10375, pkgCmd = ADD_ONE_UID
[2026-06-13T06:35:57.080Z] [ALL] 06-13 12:05:54.586 17273 17273 E Parcel  : Attempt to read from protected data in Parcel 0x7fc1577dd0
[2026-06-13T06:35:57.080Z] [ALL] 06-13 12:05:54.586 17273 17273 E Parcel  : Attempt to read from protected data in Parcel 0x7fc1577dd0
[2026-06-13T06:35:57.080Z] [ALL] 06-13 12:05:54.587 17273 17273 E Parcel  : Attempt to read from protected data in Parcel 0x7fc1577dd0
[2026-06-13T06:35:57.080Z] [ALL] 06-13 12:05:54.587 17273 17273 E Parcel  : Attempt to read from protected data in Parcel 0x7fc1577dd0
[2026-06-13T06:35:57.080Z] [ALL] 06-13 12:05:54.587 17273 17273 E Parcel  : Attempt to read from protected data in Parcel 0x7fc1577dd0
[2026-06-13T06:35:57.125Z] [ALL] 06-13 12:05:54.660 17277 17277 E Parcel  : Attempt to read from protected data in Parcel 0x7fd0afc100
[2026-06-13T06:35:57.125Z] [ALL] 06-13 12:05:54.660 17277 17277 E Parcel  : Attempt to read from protected data in Parcel 0x7fd0afc100
[2026-06-13T06:35:57.125Z] [ALL] 06-13 12:05:54.660 17277 17277 E Parcel  : Attempt to read from protected data in Parcel 0x7fd0afc100
[2026-06-13T06:35:57.125Z] [ALL] 06-13 12:05:54.660 17277 17277 E Parcel  : Attempt to read from protected data in Parcel 0x7fd0afc100
[2026-06-13T06:35:57.125Z] [ALL] 06-13 12:05:54.660 17277 17277 E Parcel  : Attempt to read from protected data in Parcel 0x7fd0afc100
[2026-06-13T06:35:57.179Z] [ALL] 06-13 12:05:54.713 17281 17281 E Parcel  : Attempt to read from protected data in Parcel 0x7ffad0ac60
[2026-06-13T06:35:57.212Z] [ALL] 06-13 12:05:54.713 17281 17281 E Parcel  : Attempt to read from protected data in Parcel 0x7ffad0ac60
[2026-06-13T06:35:57.212Z] [ALL] 06-13 12:05:54.713 17281 17281 E Parcel  : Attempt to read from protected data in Parcel 0x7ffad0ac60
[2026-06-13T06:35:57.212Z] [ALL] 06-13 12:05:54.713 17281 17281 E Parcel  : Attempt to read from protected data in Parcel 0x7ffad0ac60
[2026-06-13T06:35:57.212Z] [ALL] 06-13 12:05:54.713 17281 17281 E Parcel  : Attempt to read from protected data in Parcel 0x7ffad0ac60
[2026-06-13T06:35:57.212Z] [ALL] 06-13 12:05:54.720   934   934 D vendor.oplus.hardware.charger@1.0-service: getPsyUsbType type: USB, ret_value = 3
[2026-06-13T06:35:57.212Z] [ALL] 06-13 12:05:54.720   934   934 D vendor.oplus.hardware.charger@1.0-service: getPsyUsbType type: USB is usb charging.
[2026-06-13T06:35:57.212Z] [ALL] 06-13 12:05:54.727   934   934 D vendor.oplus.hardware.charger@1.0-service: getPsyUsbType type: USB, ret_value = 3
[2026-06-13T06:35:57.212Z] [ALL] 06-13 12:05:54.727   934   934 D vendor.oplus.hardware.charger@1.0-service: getPsyUsbType type: USB is usb charging.
[2026-06-13T06:35:57.212Z] [ALL] 06-13 12:05:54.734  4598  4598 E VendorNfcService: changeNfcStateByWirelessCharge: feature WIRELESS_CHARGING = true; mIsWirelessCharging: false; mIsReverseChargingSwitchOpen: false; mNfcWorkMode: 0; isOverSeaRegion() = true
[2026-06-13T06:35:57.212Z] [ALL] 06-13 12:05:54.742  1695  1775 I OplusHansManager : unfreeze uid: 10356 com.jio.myjio pids: [12319] reason: Broadcast scene: LcdOn
[2026-06-13T06:35:57.212Z] [ALL] 06-13 12:05:54.743  1695  2752 I OplusHansManager : uid=10356, pkg=com.jio.myjio, transition from F to Middle, reason=Broadcast
[2026-06-13T06:35:57.212Z] [ALL] 06-13 12:05:54.743  1695  2752 I OplusHansManager : uid=10356, pkg=com.jio.myjio F exit(), F stay=37, reason=Broadcast
[2026-06-13T06:35:57.212Z] [ALL] 06-13 12:05:54.749  1695  1775 I OplusHansManager : unfreeze uid: 10041 com.dreamplug.androidapp pids: [25856] reason: Broadcast scene: LcdOn
[2026-06-13T06:35:57.212Z] [ALL] 06-13 12:05:54.749 19982 20294 W mk_broadcast: onReceive:android.intent.action.BATTERY_CHANGED,4
[2026-06-13T06:35:57.212Z] [ALL] 06-13 12:05:54.749  1695  2752 I OplusHansManager : uid=10041, pkg=com.dreamplug.androidapp, transition from F to Middle, reason=Broadcast
[2026-06-13T06:35:57.212Z] [ALL] 06-13 12:05:54.749  1695  2752 I OplusHansManager : uid=10041, pkg=com.dreamplug.androidapp F exit(), F stay=37, reason=Broadcast
[2026-06-13T06:35:57.212Z] [ALL] 06-13 12:05:54.752   934   934 D vendor.oplus.hardware.charger@1.0-service: getChargerControl:
[2026-06-13T06:35:57.212Z] [ALL] 06-13 12:05:54.754  1695  1775 I OplusHansManager : unfreeze uid: 10375 com.mpokket.app pids: [20213, 20627] reason: Broadcast scene: LcdOn
[2026-06-13T06:35:57.212Z] [ALL] 06-13 12:05:54.754  1695  2752 I OplusHansManager : uid=10375, pkg=com.mpokket.app, transition from F to Middle, reason=Broadcast
[2026-06-13T06:35:57.212Z] [ALL] 06-13 12:05:54.755  1695  2752 I OplusHansManager : uid=10375, pkg=com.mpokket.app F exit(), F stay=0, reason=Broadcast
[2026-06-13T06:35:57.244Z] [ALL] 06-13 12:05:54.787 17288 17288 E Parcel  : Attempt to read from protected data in Parcel 0x7fe285f400
[2026-06-13T06:35:57.244Z] [ALL] 06-13 12:05:54.787 17288 17288 E Parcel  : Attempt to read from protected data in Parcel 0x7fe285f400
[2026-06-13T06:35:57.244Z] [ALL] 06-13 12:05:54.787 17288 17288 E Parcel  : Attempt to read from protected data in Parcel 0x7fe285f400
[2026-06-13T06:35:57.244Z] [ALL] 06-13 12:05:54.787 17288 17288 E Parcel  : Attempt to read from protected data in Parcel 0x7fe285f400
[2026-06-13T06:35:57.244Z] [ALL] 06-13 12:05:54.787 17288 17288 E Parcel  : Attempt to read from protected data in Parcel 0x7fe285f400
[2026-06-13T06:35:57.296Z] [ALL] 06-13 12:05:54.835 17292 17292 E Parcel  : Attempt to read from protected data in Parcel 0x7fdce55a80
[2026-06-13T06:35:57.296Z] [ALL] 06-13 12:05:54.835 17292 17292 E Parcel  : Attempt to read from protected data in Parcel 0x7fdce55a80
[2026-06-13T06:35:57.296Z] [ALL] 06-13 12:05:54.835 17292 17292 E Parcel  : Attempt to read from protected data in Parcel 0x7fdce55a80
[2026-06-13T06:35:57.296Z] [ALL] 06-13 12:05:54.835 17292 17292 E Parcel  : Attempt to read from protected data in Parcel 0x7fdce55a80
[2026-06-13T06:35:57.296Z] [ALL] 06-13 12:05:54.835 17292 17292 E Parcel  : Attempt to read from protected data in Parcel 0x7fdce55a80
[2026-06-13T06:35:57.327Z] [ALL] 06-13 12:05:54.887 17297 17297 E Parcel  : Attempt to read from protected data in Parcel 0x7ffb98f630
[2026-06-13T06:35:57.327Z] [ALL] 06-13 12:05:54.887 17297 17297 E Parcel  : Attempt to read from protected data in Parcel 0x7ffb98f630
[2026-06-13T06:35:57.327Z] [ALL] 06-13 12:05:54.887 17297 17297 E Parcel  : Attempt to read from protected data in Parcel 0x7ffb98f630
[2026-06-13T06:35:57.327Z] [ALL] 06-13 12:05:54.887 17297 17297 E Parcel  : Attempt to read from protected data in Parcel 0x7ffb98f630
[2026-06-13T06:35:57.327Z] [ALL] 06-13 12:05:54.887 17297 17297 E Parcel  : Attempt to read from protected data in Parcel 0x7ffb98f630
[2026-06-13T06:35:57.373Z] [ALL] 06-13 12:05:54.940 17302 17302 E Parcel  : Attempt to read from protected data in Parcel 0x7ff05dd6c0
[2026-06-13T06:35:57.373Z] [ALL] 06-13 12:05:54.940 17302 17302 E Parcel  : Attempt to read from protected data in Parcel 0x7ff05dd6c0
[2026-06-13T06:35:57.373Z] [ALL] 06-13 12:05:54.940 17302 17302 E Parcel  : Attempt to read from protected data in Parcel 0x7ff05dd6c0
[2026-06-13T06:35:57.373Z] [ALL] 06-13 12:05:54.940 17302 17302 E Parcel  : Attempt to read from protected data in Parcel 0x7ff05dd6c0
[2026-06-13T06:35:57.373Z] [ALL] 06-13 12:05:54.940 17302 17302 E Parcel  : Attempt to read from protected data in Parcel 0x7ff05dd6c0
[2026-06-13T06:35:57.429Z] [ALL] 06-13 12:05:54.989 17312 17312 E Parcel  : Attempt to read from protected data in Parcel 0x7fcc610c10
[2026-06-13T06:35:57.429Z] [ALL] 06-13 12:05:54.989 17312 17312 E Parcel  : Attempt to read from protected data in Parcel 0x7fcc610c10
[2026-06-13T06:35:57.429Z] [ALL] 06-13 12:05:54.989 17312 17312 E Parcel  : Attempt to read from protected data in Parcel 0x7fcc610c10
[2026-06-13T06:35:57.429Z] [ALL] 06-13 12:05:54.989 17312 17312 E Parcel  : Attempt to read from protected data in Parcel 0x7fcc610c10
[2026-06-13T06:35:57.429Z] [ALL] 06-13 12:05:54.989 17312 17312 E Parcel  : Attempt to read from protected data in Parcel 0x7fcc610c10
[2026-06-13T06:35:57.485Z] [ALL] 06-13 12:05:55.039 17316 17316 E Parcel  : Attempt to read from protected data in Parcel 0x7febf6c7b0
[2026-06-13T06:35:57.485Z] [ALL] 06-13 12:05:55.039 17316 17316 E Parcel  : Attempt to read from protected data in Parcel 0x7febf6c7b0
[2026-06-13T06:35:57.485Z] [ALL] 06-13 12:05:55.039 17316 17316 E Parcel  : Attempt to read from protected data in Parcel 0x7febf6c7b0
[2026-06-13T06:35:57.485Z] [ALL] 06-13 12:05:55.039 17316 17316 E Parcel  : Attempt to read from protected data in Parcel 0x7febf6c7b0
[2026-06-13T06:35:57.485Z] [ALL] 06-13 12:05:55.039 17316 17316 E Parcel  : Attempt to read from protected data in Parcel 0x7febf6c7b0
[2026-06-13T06:35:57.515Z] [ALL] 06-13 12:05:55.065 13227 13408 I appium  : The following attributes will be included to the page source: [content-desc, resource-id]
[2026-06-13T06:35:57.545Z] [ALL] 06-13 12:05:55.092 17327 17327 E Parcel  : Attempt to read from protected data in Parcel 0x7fcd4e0970
[2026-06-13T06:35:57.545Z] [ALL] 06-13 12:05:55.092 17327 17327 E Parcel  : Attempt to read from protected data in Parcel 0x7fcd4e0970
[2026-06-13T06:35:57.545Z] [ALL] 06-13 12:05:55.092 17327 17327 E Parcel  : Attempt to read from protected data in Parcel 0x7fcd4e0970
[2026-06-13T06:35:57.545Z] [ALL] 06-13 12:05:55.092 17327 17327 E Parcel  : Attempt to read from protected data in Parcel 0x7fcd4e0970
[2026-06-13T06:35:57.545Z] [ALL] 06-13 12:05:55.092 17327 17327 E Parcel  : Attempt to read from protected data in Parcel 0x7fcd4e0970
[2026-06-13T06:35:57.573Z] [ALL] 06-13 12:05:55.150 17333 17333 E Parcel  : Attempt to read from protected data in Parcel 0x7fe03c8730
[2026-06-13T06:35:57.573Z] [ALL] 06-13 12:05:55.151 17333 17333 E Parcel  : Attempt to read from protected data in Parcel 0x7fe03c8730
[2026-06-13T06:35:57.573Z] [ALL] 06-13 12:05:55.151 17333 17333 E Parcel  : Attempt to read from protected data in Parcel 0x7fe03c8730
[2026-06-13T06:35:57.573Z] [ALL] 06-13 12:05:55.151 17333 17333 E Parcel  : Attempt to read from protected data in Parcel 0x7fe03c8730
[2026-06-13T06:35:57.573Z] [ALL] 06-13 12:05:55.151 17333 17333 E Parcel  : Attempt to read from protected data in Parcel 0x7fe03c8730
[2026-06-13T06:35:57.620Z] [ALL] 06-13 12:05:55.202 17337 17337 E Parcel  : Attempt to read from protected data in Parcel 0x7fd6a3fff0
[2026-06-13T06:35:57.620Z] [ALL] 06-13 12:05:55.202 17337 17337 E Parcel  : Attempt to read from protected data in Parcel 0x7fd6a3fff0
[2026-06-13T06:35:57.620Z] [ALL] 06-13 12:05:55.202 17337 17337 E Parcel  : Attempt to read from protected data in Parcel 0x7fd6a3fff0
[2026-06-13T06:35:57.620Z] [ALL] 06-13 12:05:55.202 17337 17337 E Parcel  : Attempt to read from protected data in Parcel 0x7fd6a3fff0
[2026-06-13T06:35:57.620Z] [ALL] 06-13 12:05:55.202 17337 17337 E Parcel  : Attempt to read from protected data in Parcel 0x7fd6a3fff0
[2026-06-13T06:35:57.673Z] [ALL] 06-13 12:05:55.242 13227 13408 I appium  : Took 0ms to retrieve 0 matches for '//*[@resource-id="nav_item_profile" or @content-desc="nav_item_profile"]' XPath2 query
[2026-06-13T06:35:57.673Z] [ALL] 06-13 12:05:55.245 13227 13408 I appium  : AppiumResponse: {"sessionId":"1d958382-6c27-4154-8ae4-4950394a5bc8","value":{"error":"no such element","message":"An element could not be located on the page using the given search parameters","stacktrace":"io.appium.uiautomator2.common.exceptions.ElementNotFoundException: An element could not be located on the page using the given search parameters\n\tat io.appium.uiautomator2.utils.ElementLocationHelpers.findElement(ElementLocationHelpers.java:153)\n\tat io.appium.uiautomator2.handler.FindElement.safeHandle(FindElement.java:60)\n\tat io.appium.uiautomator2.handler.request.SafeRequestHandler.handle(SafeRequestHandler.java:59)\n\tat io.appium.uiautomator2.server.AppiumServlet.handleRequest(AppiumServlet.java:267)\n\tat io.appium.uiautomator2.server.AppiumServlet.handleHttpRequest(AppiumServlet.java:261)\n\tat io.appium.uiautomator2.http.ServerHandler.channelRead(ServerHandler.java:77)\n\tat io.netty.channel.AbstractChannelHandlerContext.fireChannelRead(AbstractChannelHandlerContext.java:357)\n\tat io.netty.handler.codec.MessageToMessageDecoder.channelRead(MessageToMessageDecoder.java:107)\n\tat io.netty.channel.AbstractChannelHandlerContext.fireChannelRead(AbstractChannelHandlerContext.java:357)\n\tat io.netty.channel.CombinedChannelDuplexHandler$DelegatingChannelHandlerContext.fireChannelRead(CombinedChannelDuplexHandler.java:434)\n\tat io.netty.handler.codec.ByteToMessageDecoder.fireChannelRead(ByteToMessageDecoder.java:361)\n\tat io.netty.handler.codec.ByteToMessageDecoder.channelRead(ByteToMessageDecoder.java:325)\n\tat io.netty.channel.CombinedChannelDuplexHandler.channelRead(CombinedChannelDuplexHandler.java:249)\n\tat io.netty.channel.AbstractChannelHandlerContext.fireChannelRead(AbstractChannelHandlerContext.java:355)\n\tat io.netty.handler.timeout.IdleStateHandler.channelRead(IdleStateHandler.java:288)\n\tat io.netty.channel.AbstractChannelHandlerContext.fireChannelRead(AbstractChannelHandlerContext.java:355)\n\tat io.netty.channel.DefaultChannelPipeline$HeadContext.channelRead(DefaultChannelPipeline.java:1429)\n\tat io.netty.channel.DefaultChannelPipeline.fireChannelRead(DefaultChannelPipeline.java:918)\n\tat io.netty.channel.nio.AbstractNioByteChannel$NioByteUnsafe.read(AbstractNioByteChannel.java:176)\n\tat io.netty.channel.nio.AbstractNioChannel$AbstractNioUnsafe.handle(AbstractNioChannel.java:445)\n\tat io.netty.channel.nio.NioIoHandler$DefaultNioRegistration.handle(NioIoHandler.java:388)\n\tat io.netty.channel.nio.NioIoHandler.processSelectedKey(NioIoHandler.java:596)\n\tat io.netty.channel.nio.NioIoHandler.processSelectedKeysOptimized(NioIoHandler.java:571)\n\tat io.netty.channel.nio.NioIoHandler.processSelectedKeys(NioIoHandler.java:512)\n\tat io.netty.channel.nio.NioIoHandler.run(NioIoHandler.java:484)\n\tat io.netty.channel.SingleThreadIoEventLoop.runIo(SingleThreadIoEventLoop.java:225)\n\tat io.netty.channel.SingleThreadIoEventLoop.run(SingleThreadIoEventLoop.java:196)\n\tat io.netty.util.concurrent.SingleThreadEventExecutor$5.run(SingleThreadEventExecutor.java:1195)\n\tat io.netty.util.internal.ThreadExecutorMap$2.run(ThreadExecutorMap.java:74)\n\tat io.netty.util.concurrent.FastThreadLocalRunnable.run(FastThreadLocalRunnable.java:30)\n\tat java.lang.Thread.run(Thread.java:1572)\n"}}
[2026-06-13T06:35:57.699Z] [ALL] 06-13 12:05:55.255 17342 17342 E Parcel  : Attempt to read from protected data in Parcel 0x7fe4b46210
[2026-06-13T06:35:57.699Z] [ALL] 06-13 12:05:55.256 17342 17342 E Parcel  : Attempt to read from protected data in Parcel 0x7fe4b46210
[2026-06-13T06:35:57.699Z] [ALL] 06-13 12:05:55.256 17342 17342 E Parcel  : Attempt to read from protected data in Parcel 0x7fe4b46210
[2026-06-13T06:35:57.699Z] [ALL] 06-13 12:05:55.256 17342 17342 E Parcel  : Attempt to read from protected data in Parcel 0x7fe4b46210
[2026-06-13T06:35:57.699Z] [ALL] 06-13 12:05:55.256 17342 17342 E Parcel  : Attempt to read from protected data in Parcel 0x7fe4b46210
[2026-06-13T06:35:57.699Z] [ALL] 06-13 12:05:55.259  7763 13029 D IHansComunication: HANS sendMessageToKernel: threadId = 536992353456, netLinkSetup = 1, type = FROZEN_TRANS, targetUid = 10349, pkgCmd = PKG_CMD_MAX
[2026-06-13T06:35:57.723Z] [ALL] 06-13 12:05:55.309 17346 17346 E Parcel  : Attempt to read from protected data in Parcel 0x7fc5e4cdd0
[2026-06-13T06:35:57.723Z] [ALL] 06-13 12:05:55.309 17346 17346 E Parcel  : Attempt to read from protected data in Parcel 0x7fc5e4cdd0
[2026-06-13T06:35:57.723Z] [ALL] 06-13 12:05:55.309 17346 17346 E Parcel  : Attempt to read from protected data in Parcel 0x7fc5e4cdd0
[2026-06-13T06:35:57.723Z] [ALL] 06-13 12:05:55.309 17346 17346 E Parcel  : Attempt to read from protected data in Parcel 0x7fc5e4cdd0
[2026-06-13T06:35:57.723Z] [ALL] 06-13 12:05:55.310 17346 17346 E Parcel  : Attempt to read from protected data in Parcel 0x7fc5e4cdd0
[2026-06-13T06:35:57.783Z] [ALL] 06-13 12:05:55.359 17355 17355 E Parcel  : Attempt to read from protected data in Parcel 0x7fcb1bebf0
[2026-06-13T06:35:57.783Z] [ALL] 06-13 12:05:55.359 17355 17355 E Parcel  : Attempt to read from protected data in Parcel 0x7fcb1bebf0
[2026-06-13T06:35:57.783Z] [ALL] 06-13 12:05:55.359 17355 17355 E Parcel  : Attempt to read from protected data in Parcel 0x7fcb1bebf0
[2026-06-13T06:35:57.783Z] [ALL] 06-13 12:05:55.359 17355 17355 E Parcel  : Attempt to read from protected data in Parcel 0x7fcb1bebf0
[2026-06-13T06:35:57.783Z] [ALL] 06-13 12:05:55.359 17355 17355 E Parcel  : Attempt to read from protected data in Parcel 0x7fcb1bebf0
[2026-06-13T06:35:57.840Z] [ALL] 06-13 12:05:55.409 17359 17359 E Parcel  : Attempt to read from protected data in Parcel 0x7fcfb6c810
[2026-06-13T06:35:57.840Z] [ALL] 06-13 12:05:55.409 17359 17359 E Parcel  : Attempt to read from protected data in Parcel 0x7fcfb6c810
[2026-06-13T06:35:57.840Z] [ALL] 06-13 12:05:55.409 17359 17359 E Parcel  : Attempt to read from protected data in Parcel 0x7fcfb6c810
[2026-06-13T06:35:57.840Z] [ALL] 06-13 12:05:55.409 17359 17359 E Parcel  : Attempt to read from protected data in Parcel 0x7fcfb6c810
[2026-06-13T06:35:57.840Z] [ALL] 06-13 12:05:55.409 17359 17359 E Parcel  : Attempt to read from protected data in Parcel 0x7fcfb6c810
[2026-06-13T06:35:57.906Z] [ALL] 06-13 12:05:55.462 17364 17364 E Parcel  : Attempt to read from protected data in Parcel 0x7fe0ee0430
[2026-06-13T06:35:57.906Z] [ALL] 06-13 12:05:55.462 17364 17364 E Parcel  : Attempt to read from protected data in Parcel 0x7fe0ee0430
[2026-06-13T06:35:57.906Z] [ALL] 06-13 12:05:55.462 17364 17364 E Parcel  : Attempt to read from protected data in Parcel 0x7fe0ee0430
[2026-06-13T06:35:57.906Z] [ALL] 06-13 12:05:55.462 17364 17364 E Parcel  : Attempt to read from protected data in Parcel 0x7fe0ee0430
[2026-06-13T06:35:57.906Z] [ALL] 06-13 12:05:55.462 17364 17364 E Parcel  : Attempt to read from protected data in Parcel 0x7fe0ee0430
[2026-06-13T06:35:57.965Z] [ALL] 06-13 12:05:55.532 17368 17368 E Parcel  : Attempt to read from protected data in Parcel 0x7fcbc691e0
[2026-06-13T06:35:57.965Z] [ALL] 06-13 12:05:55.532 17368 17368 E Parcel  : Attempt to read from protected data in Parcel 0x7fcbc691e0
[2026-06-13T06:35:57.965Z] [ALL] 06-13 12:05:55.532 17368 17368 E Parcel  : Attempt to read from protected data in Parcel 0x7fcbc691e0
[2026-06-13T06:35:57.965Z] [ALL] 06-13 12:05:55.532 17368 17368 E Parcel  : Attempt to read from protected data in Parcel 0x7fcbc691e0
[2026-06-13T06:35:57.965Z] [ALL] 06-13 12:05:55.532 17368 17368 E Parcel  : Attempt to read from protected data in Parcel 0x7fcbc691e0
[2026-06-13T06:35:58.002Z] [ALL] 06-13 12:05:55.570  7763 13029 D IHansComunication: HANS sendMessageToKernel: threadId = 536992353456, netLinkSetup = 1, type = FROZEN_TRANS, targetUid = 10354, pkgCmd = PKG_CMD_MAX
[2026-06-13T06:35:58.002Z] [ALL] 06-13 12:05:55.574  7763 13029 D IHansComunication: HANS sendMessageToKernel: threadId = 536992353456, netLinkSetup = 1, type = FROZEN_TRANS, targetUid = 10375, pkgCmd = PKG_CMD_MAX
[2026-06-13T06:35:58.022Z] [ALL] 06-13 12:05:55.600 17373 17373 E Parcel  : Attempt to read from protected data in Parcel 0x7fc90d0d80
[2026-06-13T06:35:58.022Z] [ALL] 06-13 12:05:55.600 17373 17373 E Parcel  : Attempt to read from protected data in Parcel 0x7fc90d0d80
[2026-06-13T06:35:58.022Z] [ALL] 06-13 12:05:55.600 17373 17373 E Parcel  : Attempt to read from protected data in Parcel 0x7fc90d0d80
[2026-06-13T06:35:58.022Z] [ALL] 06-13 12:05:55.600 17373 17373 E Parcel  : Attempt to read from protected data in Parcel 0x7fc90d0d80
[2026-06-13T06:35:58.022Z] [ALL] 06-13 12:05:55.600 17373 17373 E Parcel  : Attempt to read from protected data in Parcel 0x7fc90d0d80
[2026-06-13T06:35:58.057Z] [ALL] 06-13 12:05:55.657 17377 17377 E Parcel  : Attempt to read from protected data in Parcel 0x7fd317b1c0
[2026-06-13T06:35:58.057Z] [ALL] 06-13 12:05:55.657 17377 17377 E Parcel  : Attempt to read from protected data in Parcel 0x7fd317b1c0
[2026-06-13T06:35:58.057Z] [ALL] 06-13 12:05:55.657 17377 17377 E Parcel  : Attempt to read from protected data in Parcel 0x7fd317b1c0
[2026-06-13T06:35:58.057Z] [ALL] 06-13 12:05:55.657 17377 17377 E Parcel  : Attempt to read from protected data in Parcel 0x7fd317b1c0
[2026-06-13T06:35:58.057Z] [ALL] 06-13 12:05:55.657 17377 17377 E Parcel  : Attempt to read from protected data in Parcel 0x7fd317b1c0
[2026-06-13T06:35:58.144Z] [ALL] 06-13 12:05:55.705 17382 17382 E Parcel  : Attempt to read from protected data in Parcel 0x7fd8e7b750
[2026-06-13T06:35:58.144Z] [ALL] 06-13 12:05:55.705 17382 17382 E Parcel  : Attempt to read from protected data in Parcel 0x7fd8e7b750
[2026-06-13T06:35:58.144Z] [ALL] 06-13 12:05:55.705 17382 17382 E Parcel  : Attempt to read from protected data in Parcel 0x7fd8e7b750
[2026-06-13T06:35:58.144Z] [ALL] 06-13 12:05:55.705 17382 17382 E Parcel  : Attempt to read from protected data in Parcel 0x7fd8e7b750
[2026-06-13T06:35:58.144Z] [ALL] 06-13 12:05:55.705 17382 17382 E Parcel  : Attempt to read from protected data in Parcel 0x7fd8e7b750
[2026-06-13T06:35:58.213Z] [ALL] 06-13 12:05:55.756 17387 17387 E Parcel  : Attempt to read from protected data in Parcel 0x7fc82c0f20
[2026-06-13T06:35:58.213Z] [ALL] 06-13 12:05:55.756 17387 17387 E Parcel  : Attempt to read from protected data in Parcel 0x7fc82c0f20
[2026-06-13T06:35:58.213Z] [ALL] 06-13 12:05:55.756 17387 17387 E Parcel  : Attempt to read from protected data in Parcel 0x7fc82c0f20
[2026-06-13T06:35:58.213Z] [ALL] 06-13 12:05:55.756 17387 17387 E Parcel  : Attempt to read from protected data in Parcel 0x7fc82c0f20
[2026-06-13T06:35:58.213Z] [ALL] 06-13 12:05:55.756 17387 17387 E Parcel  : Attempt to read from protected data in Parcel 0x7fc82c0f20
[2026-06-13T06:35:58.213Z] [ALL] 06-13 12:05:55.766 13227 13408 I appium  : channel read: POST /session/1d958382-6c27-4154-8ae4-4950394a5bc8/element
[2026-06-13T06:35:58.213Z] [ALL] 06-13 12:05:55.767 13227 13408 I appium  : FindElement command
[2026-06-13T06:35:58.213Z] [ALL] 06-13 12:05:55.768 13227 13408 I appium  : method: 'xpath', selector: '//*[@resource-id="nav_item_profile" or @content-desc="nav_item_profile"]'
[2026-06-13T06:35:58.213Z] [ALL] 06-13 12:05:55.768 13227 13408 I appium  : Waiting up to 10000ms for the device to idle
[2026-06-13T06:35:58.213Z] [ALL] 06-13 12:05:55.770 13227 13408 I appium  : The following attributes will be included to the page source: [content-desc, resource-id]
[2026-06-13T06:35:58.251Z] [ALL] 06-13 12:05:55.808 17391 17391 E Parcel  : Attempt to read from protected data in Parcel 0x7ffdff3580
[2026-06-13T06:35:58.251Z] [ALL] 06-13 12:05:55.808 17391 17391 E Parcel  : Attempt to read from protected data in Parcel 0x7ffdff3580
[2026-06-13T06:35:58.251Z] [ALL] 06-13 12:05:55.808 17391 17391 E Parcel  : Attempt to read from protected data in Parcel 0x7ffdff3580
[2026-06-13T06:35:58.251Z] [ALL] 06-13 12:05:55.808 17391 17391 E Parcel  : Attempt to read from protected data in Parcel 0x7ffdff3580
[2026-06-13T06:35:58.251Z] [ALL] 06-13 12:05:55.808 17391 17391 E Parcel  : Attempt to read from protected data in Parcel 0x7ffdff3580
[2026-06-13T06:35:58.266Z] [ALL] 06-13 12:05:55.861 17396 17396 E Parcel  : Attempt to read from protected data in Parcel 0x7fdf47d460
[2026-06-13T06:35:58.266Z] [ALL] 06-13 12:05:55.861 17396 17396 E Parcel  : Attempt to read from protected data in Parcel 0x7fdf47d460
[2026-06-13T06:35:58.266Z] [ALL] 06-13 12:05:55.861 17396 17396 E Parcel  : Attempt to read from protected data in Parcel 0x7fdf47d460
[2026-06-13T06:35:58.266Z] [ALL] 06-13 12:05:55.861 17396 17396 E Parcel  : Attempt to read from protected data in Parcel 0x7fdf47d460
[2026-06-13T06:35:58.266Z] [ALL] 06-13 12:05:55.861 17396 17396 E Parcel  : Attempt to read from protected data in Parcel 0x7fdf47d460
[2026-06-13T06:35:58.309Z] [ALL] 06-13 12:05:55.897 13227 13408 I appium  : Took 0ms to retrieve 0 matches for '//*[@resource-id="nav_item_profile" or @content-desc="nav_item_profile"]' XPath2 query
[2026-06-13T06:35:58.377Z] [ALL] 06-13 12:05:55.899 13227 13408 I appium  : AppiumResponse: {"sessionId":"1d958382-6c27-4154-8ae4-4950394a5bc8","value":{"error":"no such element","message":"An element could not be located on the page using the given search parameters","stacktrace":"io.appium.uiautomator2.common.exceptions.ElementNotFoundException: An element could not be located on the page using the given search parameters\n\tat io.appium.uiautomator2.utils.ElementLocationHelpers.findElement(ElementLocationHelpers.java:153)\n\tat io.appium.uiautomator2.handler.FindElement.safeHandle(FindElement.java:60)\n\tat io.appium.uiautomator2.handler.request.SafeRequestHandler.handle(SafeRequestHandler.java:59)\n\tat io.appium.uiautomator2.server.AppiumServlet.handleRequest(AppiumServlet.java:267)\n\tat io.appium.uiautomator2.server.AppiumServlet.handleHttpRequest(AppiumServlet.java:261)\n\tat io.appium.uiautomator2.http.ServerHandler.channelRead(ServerHandler.java:77)\n\tat io.netty.channel.AbstractChannelHandlerContext.fireChannelRead(AbstractChannelHandlerContext.java:357)\n\tat io.netty.handler.codec.MessageToMessageDecoder.channelRead(MessageToMessageDecoder.java:107)\n\tat io.netty.channel.AbstractChannelHandlerContext.fireChannelRead(AbstractChannelHandlerContext.java:357)\n\tat io.netty.channel.CombinedChannelDuplexHandler$DelegatingChannelHandlerContext.fireChannelRead(CombinedChannelDuplexHandler.java:434)\n\tat io.netty.handler.codec.ByteToMessageDecoder.fireChannelRead(ByteToMessageDecoder.java:361)\n\tat io.netty.handler.codec.ByteToMessageDecoder.channelRead(ByteToMessageDecoder.java:325)\n\tat io.netty.channel.CombinedChannelDuplexHandler.channelRead(CombinedChannelDuplexHandler.java:249)\n\tat io.netty.channel.AbstractChannelHandlerContext.fireChannelRead(AbstractChannelHandlerContext.java:355)\n\tat io.netty.handler.timeout.IdleStateHandler.channelRead(IdleStateHandler.java:288)\n\tat io.netty.channel.AbstractChannelHandlerContext.fireChannelRead(AbstractChannelHandlerContext.java:355)\n\tat io.netty.channel.DefaultChannelPipeline$HeadContext.channelRead(DefaultChannelPipeline.java:1429)\n\tat io.netty.channel.DefaultChannelPipeline.fireChannelRead(DefaultChannelPipeline.java:918)\n\tat io.netty.channel.nio.AbstractNioByteChannel$NioByteUnsafe.read(AbstractNioByteChannel.java:176)\n\tat io.netty.channel.nio.AbstractNioChannel$AbstractNioUnsafe.handle(AbstractNioChannel.java:445)\n\tat io.netty.channel.nio.NioIoHandler$DefaultNioRegistration.handle(NioIoHandler.java:388)\n\tat io.netty.channel.nio.NioIoHandler.processSelectedKey(NioIoHandler.java:596)\n\tat io.netty.channel.nio.NioIoHandler.processSelectedKeysOptimized(NioIoHandler.java:571)\n\tat io.netty.channel.nio.NioIoHandler.processSelectedKeys(NioIoHandler.java:512)\n\tat io.netty.channel.nio.NioIoHandler.run(NioIoHandler.java:484)\n\tat io.netty.channel.SingleThreadIoEventLoop.runIo(SingleThreadIoEventLoop.java:225)\n\tat io.netty.channel.SingleThreadIoEventLoop.run(SingleThreadIoEventLoop.java:196)\n\tat io.netty.util.concurrent.SingleThreadEventExecutor$5.run(SingleThreadEventExecutor.java:1195)\n\tat io.netty.util.internal.ThreadExecutorMap$2.run(ThreadExecutorMap.java:74)\n\tat io.netty.util.concurrent.FastThreadLocalRunnable.run(FastThreadLocalRunnable.java:30)\n\tat java.lang.Thread.run(Thread.java:1572)\n"}}
[2026-06-13T06:35:58.425Z] [ALL] 06-13 12:05:55.923 17400 17400 E Parcel  : Attempt to read from protected data in Parcel 0x7fe381fe50
[2026-06-13T06:35:58.425Z] [ALL] 06-13 12:05:55.923 17400 17400 E Parcel  : Attempt to read from protected data in Parcel 0x7fe381fe50
[2026-06-13T06:35:58.425Z] [ALL] 06-13 12:05:55.923 17400 17400 E Parcel  : Attempt to read from protected data in Parcel 0x7fe381fe50
[2026-06-13T06:35:58.425Z] [ALL] 06-13 12:05:55.923 17400 17400 E Parcel  : Attempt to read from protected data in Parcel 0x7fe381fe50
[2026-06-13T06:35:58.425Z] [ALL] 06-13 12:05:55.923 17400 17400 E Parcel  : Attempt to read from protected data in Parcel 0x7fe381fe50
[2026-06-13T06:35:58.425Z] [ALL] 06-13 12:05:55.968  1695  2752 I OplusHansManager : uid=10349, pkg=io.appium.uiautomator2.server can transition from M to F
[2026-06-13T06:35:58.425Z] [ALL] 06-13 12:05:55.968  1695  2752 I OplusHansManager : uid=10349, pkg=io.appium.uiautomator2.server F enter(), M stay=1
[2026-06-13T06:35:58.425Z] [ALL] 06-13 12:05:55.969  1695  2752 I OplusHansManager : freeze uid: 10349 io.appium.uiautomator2.server pids: [13227] scene: LcdOn
[2026-06-13T06:35:58.425Z] [ALL] 06-13 12:05:55.969  7763 13029 D IHansComunication: HansComunication::addUid-- 10349, persistent--0
[2026-06-13T06:35:58.425Z] [ALL] 06-13 12:05:55.969  7763 13029 D IHansComunication: HANS sendMessageToKernel: threadId = 536992353456, netLinkSetup = 1, type = PKG, targetUid = 10349, pkgCmd = ADD_ONE_UID
[2026-06-13T06:35:58.466Z] [ALL] 06-13 12:05:55.986 17404 17404 E Parcel  : Attempt to read from protected data in Parcel 0x7fe22d8ea0
[2026-06-13T06:35:58.466Z] [ALL] 06-13 12:05:55.986 17404 17404 E Parcel  : Attempt to read from protected data in Parcel 0x7fe22d8ea0
[2026-06-13T06:35:58.466Z] [ALL] 06-13 12:05:55.986 17404 17404 E Parcel  : Attempt to read from protected data in Parcel 0x7fe22d8ea0
[2026-06-13T06:35:58.466Z] [ALL] 06-13 12:05:55.986 17404 17404 E Parcel  : Attempt to read from protected data in Parcel 0x7fe22d8ea0
[2026-06-13T06:35:58.466Z] [ALL] 06-13 12:05:55.986 17404 17404 E Parcel  : Attempt to read from protected data in Parcel 0x7fe22d8ea0
[2026-06-13T06:35:58.512Z] [ALL] 06-13 12:05:56.044 17408 17408 E Parcel  : Attempt to read from protected data in Parcel 0x7fd19e5e30
[2026-06-13T06:35:58.512Z] [ALL] 06-13 12:05:56.044 17408 17408 E Parcel  : Attempt to read from protected data in Parcel 0x7fd19e5e30
[2026-06-13T06:35:58.512Z] [ALL] 06-13 12:05:56.044 17408 17408 E Parcel  : Attempt to read from protected data in Parcel 0x7fd19e5e30
[2026-06-13T06:35:58.512Z] [ALL] 06-13 12:05:56.044 17408 17408 E Parcel  : Attempt to read from protected data in Parcel 0x7fd19e5e30
[2026-06-13T06:35:58.512Z] [ALL] 06-13 12:05:56.044 17408 17408 E Parcel  : Attempt to read from protected data in Parcel 0x7fd19e5e30
[2026-06-13T06:35:58.548Z] [ALL] 06-13 12:05:56.080 22840 16745 W BuglePipeline: Some pipelines didn't finish in time while starting processing from PWQ.
[2026-06-13T06:35:58.548Z] [ALL] 06-13 12:05:56.080 22840 16745 W BuglePipeline: gdzk: Timed out waiting for 10000 ms
[2026-06-13T06:35:58.548Z] [ALL] 06-13 12:05:56.080 22840 16745 W BuglePipeline: 	at gdzl.run(PG:104)
[2026-06-13T06:35:58.548Z] [ALL] 06-13 12:05:56.080 22840 16745 W BuglePipeline: 	at fdbu.run(PG:3)
[2026-06-13T06:35:58.548Z] [ALL] 06-13 12:05:56.080 22840 16745 W BuglePipeline: 	at fesl.run(PG:17)
[2026-06-13T06:35:58.548Z] [ALL] 06-13 12:05:56.080 22840 16745 W BuglePipeline: 	at java.util.concurrent.Executors$RunnableAdapter.call(Executors.java:520)
[2026-06-13T06:35:58.548Z] [ALL] 06-13 12:05:56.080 22840 16745 W BuglePipeline: 	at java.util.concurrent.FutureTask.run(FutureTask.java:328)
[2026-06-13T06:35:58.548Z] [ALL] 06-13 12:05:56.080 22840 16745 W BuglePipeline: 	at fhpq.run(PG:44)
[2026-06-13T06:35:58.548Z] [ALL] 06-13 12:05:56.080 22840 16745 W BuglePipeline: 	at elpo.run(PG:18)
[2026-06-13T06:35:58.548Z] [ALL] 06-13 12:05:56.080 22840 16745 W BuglePipeline: 	at elmi.run(PG:89)
[2026-06-13T06:35:58.548Z] [ALL] 06-13 12:05:56.080 22840 16745 W BuglePipeline: 	at java.lang.Thread.run(Thread.java:1572)
[2026-06-13T06:35:58.548Z] [ALL] 06-13 12:05:56.080 22840 16745 W BuglePipeline: 	at elnw.run(PG:62)
[2026-06-13T06:35:58.548Z] [ALL] 06-13 12:05:56.087 22840 16779 I WM-WorkerWrapper: Worker result SUCCESS for Work [ id=e55e56c7-c5ad-472e-952a-1eafc16f6b71, tags={ com.google.android.apps.messaging.shared.datamodel.workqueue.WorkQueueWorkerShim,smart_retries_pipeline_work_handler- } ]
[2026-06-13T06:35:58.548Z] [ALL] 06-13 12:05:56.088 22840 22840 D WM-Processor: swv e55e56c7-c5ad-472e-952a-1eafc16f6b71 executed; reschedule = false
[2026-06-13T06:35:58.548Z] [ALL] 06-13 12:05:56.089 22840 16779 D WM-GreedyScheduler: Cancelling work ID e55e56c7-c5ad-472e-952a-1eafc16f6b71
[2026-06-13T06:35:58.548Z] [ALL] 06-13 12:05:56.092 22840 16779 D WM-GreedyScheduler: Ignoring {WorkSpec: 1404cf32-9c55-4211-b47d-f138d0a0dc69}. Requires device idle.
[2026-06-13T06:35:58.548Z] [ALL] 06-13 12:05:56.092 22840 16779 D WM-GreedyScheduler: Ignoring {WorkSpec: bb6c6375-5ba0-467a-ba14-f481ccc1f641}. Requires ContentUri triggers.
[2026-06-13T06:35:58.548Z] [ALL] 06-13 12:05:56.092 22840 16779 D WM-GreedyScheduler: Ignoring {WorkSpec: b41c8a90-87b2-4543-a989-5421f1e89a9e}. Requires ContentUri triggers.
[2026-06-13T06:35:58.548Z] [ALL] 06-13 12:05:56.092 22840 16779 D WM-GreedyScheduler: Ignoring {WorkSpec: e06f5e5c-5dfc-4089-bebf-cc3459e336f0}. Requires device idle.
[2026-06-13T06:35:58.548Z] [ALL] 06-13 12:05:56.092 22840 16779 D WM-GreedyScheduler: Starting tracking for c6fdba71-5b75-451c-87a6-b41febe38189
[2026-06-13T06:35:58.548Z] [ALL] 06-13 12:05:56.104 17412 17412 E Parcel  : Attempt to read from protected data in Parcel 0x7ffd62a290
[2026-06-13T06:35:58.548Z] [ALL] 06-13 12:05:56.104 17412 17412 E Parcel  : Attempt to read from protected data in Parcel 0x7ffd62a290
[2026-06-13T06:35:58.548Z] [ALL] 06-13 12:05:56.104 17412 17412 E Parcel  : Attempt to read from protected data in Parcel 0x7ffd62a290
[2026-06-13T06:35:58.548Z] [ALL] 06-13 12:05:56.104 17412 17412 E Parcel  : Attempt to read from protected data in Parcel 0x7ffd62a290
[2026-06-13T06:35:58.548Z] [ALL] 06-13 12:05:56.104 17412 17412 E Parcel  : Attempt to read from protected data in Parcel 0x7ffd62a290
[2026-06-13T06:35:58.587Z] [ALL] 06-13 12:05:56.161 17420 17420 E Parcel  : Attempt to read from protected data in Parcel 0x7fe5d075a0
[2026-06-13T06:35:58.587Z] [ALL] 06-13 12:05:56.161 17420 17420 E Parcel  : Attempt to read from protected data in Parcel 0x7fe5d075a0
[2026-06-13T06:35:58.587Z] [ALL] 06-13 12:05:56.161 17420 17420 E Parcel  : Attempt to read from protected data in Parcel 0x7fe5d075a0
[2026-06-13T06:35:58.587Z] [ALL] 06-13 12:05:56.161 17420 17420 E Parcel  : Attempt to read from protected data in Parcel 0x7fe5d075a0
[2026-06-13T06:35:58.587Z] [ALL] 06-13 12:05:56.161 17420 17420 E Parcel  : Attempt to read from protected data in Parcel 0x7fe5d075a0
[2026-06-13T06:35:58.639Z] [ALL] 06-13 12:05:56.213 17425 17425 E Parcel  : Attempt to read from protected data in Parcel 0x7fd3de7290
[2026-06-13T06:35:58.639Z] [ALL] 06-13 12:05:56.213 17425 17425 E Parcel  : Attempt to read from protected data in Parcel 0x7fd3de7290
[2026-06-13T06:35:58.639Z] [ALL] 06-13 12:05:56.213 17425 17425 E Parcel  : Attempt to read from protected data in Parcel 0x7fd3de7290
[2026-06-13T06:35:58.639Z] [ALL] 06-13 12:05:56.213 17425 17425 E Parcel  : Attempt to read from protected data in Parcel 0x7fd3de7290
[2026-06-13T06:35:58.639Z] [ALL] 06-13 12:05:56.213 17425 17425 E Parcel  : Attempt to read from protected data in Parcel 0x7fd3de7290
[2026-06-13T06:35:58.702Z] [ALL] 06-13 12:05:56.266 17430 17430 E Parcel  : Attempt to read from protected data in Parcel 0x7ffab5a1c0
[2026-06-13T06:35:58.702Z] [ALL] 06-13 12:05:56.266 17430 17430 E Parcel  : Attempt to read from protected data in Parcel 0x7ffab5a1c0
[2026-06-13T06:35:58.702Z] [ALL] 06-13 12:05:56.266 17430 17430 E Parcel  : Attempt to read from protected data in Parcel 0x7ffab5a1c0
[2026-06-13T06:35:58.702Z] [ALL] 06-13 12:05:56.266 17430 17430 E Parcel  : Attempt to read from protected data in Parcel 0x7ffab5a1c0
[2026-06-13T06:35:58.702Z] [ALL] 06-13 12:05:56.266 17430 17430 E Parcel  : Attempt to read from protected data in Parcel 0x7ffab5a1c0
[2026-06-13T06:35:58.733Z] [ALL] 06-13 12:05:56.319 17434 17434 E Parcel  : Attempt to read from protected data in Parcel 0x7fcd7470a0
[2026-06-13T06:35:58.733Z] [ALL] 06-13 12:05:56.320 17434 17434 E Parcel  : Attempt to read from protected data in Parcel 0x7fcd7470a0
[2026-06-13T06:35:58.733Z] [ALL] 06-13 12:05:56.320 17434 17434 E Parcel  : Attempt to read from protected data in Parcel 0x7fcd7470a0
[2026-06-13T06:35:58.733Z] [ALL] 06-13 12:05:56.320 17434 17434 E Parcel  : Attempt to read from protected data in Parcel 0x7fcd7470a0
[2026-06-13T06:35:58.733Z] [ALL] 06-13 12:05:56.320 17434 17434 E Parcel  : Attempt to read from protected data in Parcel 0x7fcd7470a0
[2026-06-13T06:35:58.764Z] [ALL] 06-13 12:05:56.341   858 28068 E TetherController: property_get sys.radio.data.modem_share_flag return 0, 1!
[2026-06-13T06:35:58.800Z] [ALL] 06-13 12:05:56.376 17438 17438 E Parcel  : Attempt to read from protected data in Parcel 0x7fd92d5fd0
[2026-06-13T06:35:58.805Z] [ALL] 06-13 12:05:56.376 17438 17438 E Parcel  : Attempt to read from protected data in Parcel 0x7fd92d5fd0
[2026-06-13T06:35:58.805Z] [ALL] 06-13 12:05:56.376 17438 17438 E Parcel  : Attempt to read from protected data in Parcel 0x7fd92d5fd0
[2026-06-13T06:35:58.805Z] [ALL] 06-13 12:05:56.376 17438 17438 E Parcel  : Attempt to read from protected data in Parcel 0x7fd92d5fd0
[2026-06-13T06:35:58.805Z] [ALL] 06-13 12:05:56.376 17438 17438 E Parcel  : Attempt to read from protected data in Parcel 0x7fd92d5fd0
[2026-06-13T06:35:58.843Z] [ALL] 06-13 12:05:56.407  1695  1711 W System  : A resource failed to call release. 
[2026-06-13T06:35:58.854Z] [ALL] 06-13 12:05:56.408  1695  1711 W System  : A resource failed to call release. 
[2026-06-13T06:35:58.854Z] [ALL] 06-13 12:05:56.408  1695  1711 W System  : A resource failed to call release. 
[2026-06-13T06:35:58.854Z] [ALL] 06-13 12:05:56.408  1695  1711 W System  : A resource failed to call release. 
[2026-06-13T06:35:58.883Z] [ALL] 06-13 12:05:56.454 17446 17446 E Parcel  : Attempt to read from protected data in Parcel 0x7fc44dd470
[2026-06-13T06:35:58.883Z] [ALL] 06-13 12:05:56.454 17446 17446 E Parcel  : Attempt to read from protected data in Parcel 0x7fc44dd470
[2026-06-13T06:35:58.883Z] [ALL] 06-13 12:05:56.454 17446 17446 E Parcel  : Attempt to read from protected data in Parcel 0x7fc44dd470
[2026-06-13T06:35:58.883Z] [ALL] 06-13 12:05:56.454 17446 17446 E Parcel  : Attempt to read from protected data in Parcel 0x7fc44dd470
[2026-06-13T06:35:58.883Z] [ALL] 06-13 12:05:56.454 17446 17446 E Parcel  : Attempt to read from protected data in Parcel 0x7fc44dd470
[2026-06-13T06:35:58.956Z] [ALL] 06-13 12:05:56.511 17462 17462 E Parcel  : Attempt to read from protected data in Parcel 0x7ff04b0fa0
[2026-06-13T06:35:58.956Z] [ALL] 06-13 12:05:56.511 17462 17462 E Parcel  : Attempt to read from protected data in Parcel 0x7ff04b0fa0
[2026-06-13T06:35:58.956Z] [ALL] 06-13 12:05:56.511 17462 17462 E Parcel  : Attempt to read from protected data in Parcel 0x7ff04b0fa0
[2026-06-13T06:35:58.956Z] [ALL] 06-13 12:05:56.511 17462 17462 E Parcel  : Attempt to read from protected data in Parcel 0x7ff04b0fa0
[2026-06-13T06:35:58.956Z] [ALL] 06-13 12:05:56.511 17462 17462 E Parcel  : Attempt to read from protected data in Parcel 0x7ff04b0fa0
[2026-06-13T06:35:58.995Z] [ALL] 06-13 12:05:56.564 17470 17470 E Parcel  : Attempt to read from protected data in Parcel 0x7fc06825a0
[2026-06-13T06:35:58.995Z] [ALL] 06-13 12:05:56.564 17470 17470 E Parcel  : Attempt to read from protected data in Parcel 0x7fc06825a0
[2026-06-13T06:35:58.995Z] [ALL] 06-13 12:05:56.564 17470 17470 E Parcel  : Attempt to read from protected data in Parcel 0x7fc06825a0
[2026-06-13T06:35:58.995Z] [ALL] 06-13 12:05:56.564 17470 17470 E Parcel  : Attempt to read from protected data in Parcel 0x7fc06825a0
[2026-06-13T06:35:58.995Z] [ALL] 06-13 12:05:56.564 17470 17470 E Parcel  : Attempt to read from protected data in Parcel 0x7fc06825a0
[2026-06-13T06:35:59.427Z] [ALL] 06-13 12:05:56.973  7763 13029 D IHansComunication: HANS sendMessageToKernel: threadId = 536992353456, netLinkSetup = 1, type = FROZEN_TRANS, targetUid = 10349, pkgCmd = PKG_CMD_MAX
[2026-06-13T06:35:59.502Z] [ALL] 06-13 12:05:57.054 22840 16745 W NetworkStateMonitorMana: getSignalStrengthLevel: NetworkStateMonitor can't be registered for invalid subId -1.
[2026-06-13T06:35:59.783Z] [ALL] 06-13 12:05:57.320   924   930 E PerformanceService: storage_feature: open /sys/devices/platform/soc/112b0000.ufshci//virtualtlcbuff fail
[2026-06-13T06:35:59.880Z] [ALL] 06-13 12:05:57.445   934   934 D vendor.oplus.hardware.charger@1.0-service: getChargerControl:
[2026-06-13T06:35:59.912Z] [ALL] 06-13 12:05:57.476  1000  3424 D SurfaceFlinger: kickIdle 3005, 2978, 35, 0
[2026-06-13T06:35:59.912Z] [ALL] 06-13 12:05:57.476   882   882 E hwcomposer: [DRMDEV] DRM_IOCTL_MTK_KICK_IDLE failed, drm_id_crtc: 64, error: -1  
[2026-06-13T06:35:59.941Z] [ALL] 06-13 12:05:57.488   858 28068 E netd    : dispachCmd:oplusGetRtt
[2026-06-13T06:35:59.941Z] [ALL] 06-13 12:05:57.488   858 28068 E netd    : handleGetRttCmd: netId = 204, uid = 10352
[2026-06-13T06:35:59.941Z] [ALL] 06-13 12:05:57.490   858 28068 E netd    : dispachCmd cmd:oplusGetRtt  result:0
[2026-06-13T06:35:59.941Z] [ALL] 06-13 12:05:57.491   858 28068 E netd    : dispachCmd:oplusGetRtt
[2026-06-13T06:35:59.941Z] [ALL] 06-13 12:05:57.491   858 28068 E netd    : handleGetRttCmd: netId = 206, uid = 10352
[2026-06-13T06:35:59.941Z] [ALL] 06-13 12:05:57.493   858 28068 E netd    : dispachCmd cmd:oplusGetRtt  result:0
[2026-06-13T06:35:59.941Z] [ALL] 06-13 12:05:57.494  1695  2144 D OplusWifiConnect2: clientModeManager == null, getOplusSta2ConnectionInfo null
[2026-06-13T06:35:59.941Z] [ALL] 06-13 12:05:57.494  1695  2148 D WN_S    : isCellQualityGood is false, curscore =83, no need to switch lte
[2026-06-13T06:35:59.996Z] [ALL] 06-13 12:05:57.591  7763  7793 E IHansComunication: HANS printMessageBody: RCV message: type = 0,port = 86870,caller_pid = 1695,caller_uid = 1000,target_pid = 13227,target_uid = 10349,pkg_cmd = -1,rpc = android.accessibilityservice.IAccessibilityServiceClient/2
[2026-06-13T06:36:00.042Z] [ALL] 06-13 12:05:57.593  1695  2771 I OplusHansManager : unfreeze uid: 10349 io.appium.uiautomator2.server pids: [13227] reason: AsyncBinder scene: LcdOn
[2026-06-13T06:36:00.042Z] [ALL] 06-13 12:05:57.595 13227 13408 I appium  : channel read: POST /session/1d958382-6c27-4154-8ae4-4950394a5bc8/element
[2026-06-13T06:36:00.042Z] [ALL] 06-13 12:05:57.595 13227 13408 I appium  : FindElement command
[2026-06-13T06:36:00.042Z] [ALL] 06-13 12:05:57.596 13227 13408 I appium  : method: 'xpath', selector: '//*[@resource-id="nav_item_profile" or @content-desc="nav_item_profile"]'
[2026-06-13T06:36:00.042Z] [ALL] 06-13 12:05:57.596 13227 13408 I appium  : Waiting up to 10000ms for the device to idle
[2026-06-13T06:36:00.088Z] [ALL] 06-13 12:05:57.598 13227 13408 I appium  : The following attributes will be included to the page source: [content-desc, resource-id]
[2026-06-13T06:36:00.088Z] [ALL] 06-13 12:05:57.599  1695  2752 I OplusHansManager : uid=10349, pkg=io.appium.uiautomator2.server, transition from F to Middle, reason=AsyncBinder
[2026-06-13T06:36:00.088Z] [ALL] 06-13 12:05:57.599  1695  2752 I OplusHansManager : uid=10349, pkg=io.appium.uiautomator2.server F exit(), F stay=1, reason=AsyncBinder
[2026-06-13T06:36:00.117Z] [ALL] 06-13 12:05:57.650  7763  7793 E IHansComunication: HANS printMessageBody: RCV message: type = 0,port = 86870,caller_pid = 1129,caller_uid = 1047,target_pid = 24280,target_uid = 10354,pkg_cmd = -1,rpc = android.hardware.ICameraServiceListener/5
[2026-06-13T06:36:00.117Z] [ALL] 06-13 12:05:57.650  7763  7793 E IHansComunication: HANS printMessageBody: RCV message: type = 0,port = 86870,caller_pid = 1129,caller_uid = 1047,target_pid = 24280,target_uid = 10354,pkg_cmd = -1,rpc = android.hardware.ICameraServiceListener/5
[2026-06-13T06:36:00.117Z] [ALL] 06-13 12:05:57.650  7763  7793 E IHansComunication: HANS printMessageBody: RCV message: type = 0,port = 86870,caller_pid = 1129,caller_uid = 1047,target_pid = 24280,target_uid = 10354,pkg_cmd = -1,rpc = android.hardware.ICameraServiceListener/5
[2026-06-13T06:36:00.117Z] [ALL] 06-13 12:05:57.653  7763  7793 E IHansComunication: HANS printMessageBody: RCV message: type = 0,port = 86870,caller_pid = 1129,caller_uid = 1047,target_pid = 24280,target_uid = 10354,pkg_cmd = -1,rpc = android.hardware.ICameraServiceListener/5
[2026-06-13T06:36:00.117Z] [ALL] 06-13 12:05:57.653  1695  2771 I OplusHansManager : unfreeze uid: 10354 com.myntra.android pids: [24280, 24544] reason: AsyncBinder scene: LcdOn
[2026-06-13T06:36:00.117Z] [ALL] 06-13 12:05:57.654  1695  2752 I OplusHansManager : uid=10354, pkg=com.myntra.android, transition from F to Middle, reason=AsyncBinder
[2026-06-13T06:36:00.117Z] [ALL] 06-13 12:05:57.654  1695  2752 I OplusHansManager : uid=10354, pkg=com.myntra.android F exit(), F stay=3, reason=AsyncBinder
[2026-06-13T06:36:00.117Z] [ALL] 06-13 12:05:57.654  1695  2771 I OplusHansManager : forceUnfreezeByPid pid= 24280 reason= unfreezeForKernel: AsyncBinder
[2026-06-13T06:36:00.117Z] [ALL] 06-13 12:05:57.654  1695  2771 I OplusHansManager : forceUnfreezeByPid pid= 24280 reason= unfreezeForKernel: AsyncBinder
[2026-06-13T06:36:00.117Z] [ALL] 06-13 12:05:57.654  1695  2771 I OplusHansManager : forceUnfreezeByPid pid= 24280 reason= unfreezeForKernel: AsyncBinder
[2026-06-13T06:36:00.227Z] [ALL] 06-13 12:05:57.779 13227 13408 I appium  : Took 0ms to retrieve 0 matches for '//*[@resource-id="nav_item_profile" or @content-desc="nav_item_profile"]' XPath2 query
[2026-06-13T06:36:00.227Z] [ALL] 06-13 12:05:57.781 13227 13408 I appium  : AppiumResponse: {"sessionId":"1d958382-6c27-4154-8ae4-4950394a5bc8","value":{"error":"no such element","message":"An element could not be located on the page using the given search parameters","stacktrace":"io.appium.uiautomator2.common.exceptions.ElementNotFoundException: An element could not be located on the page using the given search parameters\n\tat io.appium.uiautomator2.utils.ElementLocationHelpers.findElement(ElementLocationHelpers.java:153)\n\tat io.appium.uiautomator2.handler.FindElement.safeHandle(FindElement.java:60)\n\tat io.appium.uiautomator2.handler.request.SafeRequestHandler.handle(SafeRequestHandler.java:59)\n\tat io.appium.uiautomator2.server.AppiumServlet.handleRequest(AppiumServlet.java:267)\n\tat io.appium.uiautomator2.server.AppiumServlet.handleHttpRequest(AppiumServlet.java:261)\n\tat io.appium.uiautomator2.http.ServerHandler.channelRead(ServerHandler.java:77)\n\tat io.netty.channel.AbstractChannelHandlerContext.fireChannelRead(AbstractChannelHandlerContext.java:357)\n\tat io.netty.handler.codec.MessageToMessageDecoder.channelRead(MessageToMessageDecoder.java:107)\n\tat io.netty.channel.AbstractChannelHandlerContext.fireChannelRead(AbstractChannelHandlerContext.java:357)\n\tat io.netty.channel.CombinedChannelDuplexHandler$DelegatingChannelHandlerContext.fireChannelRead(CombinedChannelDuplexHandler.java:434)\n\tat io.netty.handler.codec.ByteToMessageDecoder.fireChannelRead(ByteToMessageDecoder.java:361)\n\tat io.netty.handler.codec.ByteToMessageDecoder.channelRead(ByteToMessageDecoder.java:325)\n\tat io.netty.channel.CombinedChannelDuplexHandler.channelRead(CombinedChannelDuplexHandler.java:249)\n\tat io.netty.channel.AbstractChannelHandlerContext.fireChannelRead(AbstractChannelHandlerContext.java:355)\n\tat io.netty.handler.timeout.IdleStateHandler.channelRead(IdleStateHandler.java:288)\n\tat io.netty.channel.AbstractChannelHandlerContext.fireChannelRead(AbstractChannelHandlerContext.java:355)\n\tat io.netty.channel.DefaultChannelPipeline$HeadContext.channelRead(DefaultChannelPipeline.java:1429)\n\tat io.netty.channel.DefaultChannelPipeline.fireChannelRead(DefaultChannelPipeline.java:918)\n\tat io.netty.channel.nio.AbstractNioByteChannel$NioByteUnsafe.read(AbstractNioByteChannel.java:176)\n\tat io.netty.channel.nio.AbstractNioChannel$AbstractNioUnsafe.handle(AbstractNioChannel.java:445)\n\tat io.netty.channel.nio.NioIoHandler$DefaultNioRegistration.handle(NioIoHandler.java:388)\n\tat io.netty.channel.nio.NioIoHandler.processSelectedKey(NioIoHandler.java:596)\n\tat io.netty.channel.nio.NioIoHandler.processSelectedKeysOptimized(NioIoHandler.java:571)\n\tat io.netty.channel.nio.NioIoHandler.processSelectedKeys(NioIoHandler.java:512)\n\tat io.netty.channel.nio.NioIoHandler.run(NioIoHandler.java:484)\n\tat io.netty.channel.SingleThreadIoEventLoop.runIo(SingleThreadIoEventLoop.java:225)\n\tat io.netty.channel.SingleThreadIoEventLoop.run(SingleThreadIoEventLoop.java:196)\n\tat io.netty.util.concurrent.SingleThreadEventExecutor$5.run(SingleThreadEventExecutor.java:1195)\n\tat io.netty.util.internal.ThreadExecutorMap$2.run(ThreadExecutorMap.java:74)\n\tat io.netty.util.concurrent.FastThreadLocalRunnable.run(FastThreadLocalRunnable.java:30)\n\tat java.lang.Thread.run(Thread.java:1572)\n"}}
[2026-06-13T06:36:00.351Z] [ALL] 06-13 12:05:57.897 13227 13408 I appium  : channel read: POST /session/1d958382-6c27-4154-8ae4-4950394a5bc8/element
[2026-06-13T06:36:00.379Z] [ALL] 06-13 12:05:57.898 13227 13408 I appium  : FindElement command
[2026-06-13T06:36:00.379Z] [ALL] 06-13 12:05:57.899 13227 13408 I appium  : method: 'xpath', selector: '//*[@resource-id="nav_item_profile" or @content-desc="nav_item_profile"]'
[2026-06-13T06:36:00.379Z] [ALL] 06-13 12:05:57.900 13227 13408 I appium  : Waiting up to 10000ms for the device to idle
[2026-06-13T06:36:00.542Z] [ALL] 06-13 12:05:58.092 13227 13408 I appium  : The following attributes will be included to the page source: [content-desc, resource-id]