[2026-06-13T06:42:45.335Z] [ALL] 06-13 12:12:42.806  4226  4274 I appium  : AppiumResponse: {"sessionId":"bb437b4c-94d1-4759-aa25-0c4493c17649","value":"iVBORw0KGgoAAAANSUhEUgAABDgAAAlgCAYAAABtGofVAAAAAXNSR0IArs4c6QAAAARzQklUCAgICHwIZIgAACAASURBVHic7N15fFvlnS/+z9FiS/ImL3EsJ04sZ7NDSOwQUuwAbUJCSSgUaCFA79xpwtJCmHlNp+20t9OZuZ070+XX6czcuYV22kLozAAhHZKWloQlCwVihyx2EpI4my3vu2x5k2RbOuf3h5ZIlmRLshY…
[2026-06-13T06:42:45.393Z] [ALL] 06-13 12:12:42.986 20565 20565 I adbd    : adbd service requested 'shell,v2,raw:dumpsys window displays'
[2026-06-13T06:42:45.482Z] [ALL] 06-13 12:12:43.090  4226  4274 I appium  : channel read: POST /session/bb437b4c-94d1-4759-aa25-0c4493c17649/element
[2026-06-13T06:42:45.490Z] [ALL] 06-13 12:12:43.091  4226  4274 I appium  : FindElement command
[2026-06-13T06:42:45.539Z] [ALL] 06-13 12:12:43.094  4226  4274 I appium  : method: 'xpath', selector: '//*[@resource-id="demo_guest_login_btn" or @content-desc="demo_guest_login_btn" or contains(@text, "Demo Mode") or contains(@text, "Offline Demo")]'
[2026-06-13T06:42:45.568Z] [ALL] 06-13 12:12:43.094  4226  4274 I appium  : Waiting up to 10000ms for the device to idle
[2026-06-13T06:42:45.568Z] [ALL] 06-13 12:12:43.098  4226  4274 I appium  : The following attributes will be included to the page source: [resource-id, content-desc, text]
[2026-06-13T06:42:45.568Z] [ALL] 06-13 12:12:43.108   901   922 D power@timer: [mtkPowerTimer] visRead:0
[2026-06-13T06:42:45.626Z] [ALL] 06-13 12:12:43.176  1695  2752 I OplusHansManager : uid=10349, pkg=io.appium.uiautomator2.server can transition from M to F
[2026-06-13T06:42:45.626Z] [ALL] 06-13 12:12:43.176  1695  2752 I OplusHansManager : uid=10349, pkg=io.appium.uiautomator2.server F enter(), M stay=1
[2026-06-13T06:42:45.626Z] [ALL] 06-13 12:12:43.180  1695  2752 I OplusHansManager : freeze uid: 10349 io.appium.uiautomator2.server pids: [4226] scene: LcdOn
[2026-06-13T06:42:45.626Z] [ALL] 06-13 12:12:43.181  7763 13029 D IHansComunication: HansComunication::addUid-- 10349, persistent--0
[2026-06-13T06:42:45.626Z] [ALL] 06-13 12:12:43.181  7763 13029 D IHansComunication: HANS sendMessageToKernel: threadId = 536992353456, netLinkSetup = 1, type = PKG, targetUid = 10349, pkgCmd = ADD_ONE_UID
[2026-06-13T06:42:45.664Z] [ALL] 06-13 12:12:43.269   858 28068 E TetherController: property_get sys.radio.data.modem_share_flag return 0, 1!
[2026-06-13T06:42:45.852Z] [ALL] 06-13 12:12:43.442  2782  9117 D NetworkEvent: OplusNetworkEventCbProxy invoke.....onDnsEvent argslen:8
[2026-06-13T06:42:45.960Z] [ALL] 06-13 12:12:43.567  1284  1284 I thermal_repeater: [recvMdThermalInfo] ret=33, strLen=127,  4, 46, -50, -28457, 32767, 14084
[2026-06-13T06:42:46.607Z] [ALL] 06-13 12:12:44.182  7763 13029 D IHansComunication: HANS sendMessageToKernel: threadId = 536992353456, netLinkSetup = 1, type = FROZEN_TRANS, targetUid = 10349, pkgCmd = PKG_CMD_MAX
[2026-06-13T06:42:46.950Z] [ALL] 06-13 12:12:44.557  1000  1546 D SurfaceFlinger: kickIdle 2653, 2634, 35, 0
[2026-06-13T06:42:46.950Z] [ALL] 06-13 12:12:44.558   882   882 E hwcomposer: [DRMDEV] DRM_IOCTL_MTK_KICK_IDLE failed, drm_id_crtc: 64, error: -1  
[2026-06-13T06:42:47.096Z] [ALL] 06-13 12:12:44.702   858 28068 E netd    : dispachCmd:oplusGetRtt
[2026-06-13T06:42:47.096Z] [ALL] 06-13 12:12:44.703   858 28068 E netd    : handleGetRttCmd: netId = 204, uid = 10246
[2026-06-13T06:42:47.130Z] [ALL] 06-13 12:12:44.706   858 28068 E netd    : dispachCmd cmd:oplusGetRtt  result:0
[2026-06-13T06:42:47.172Z] [ALL] 06-13 12:12:44.706   858 28068 E netd    : dispachCmd:oplusGetRtt
[2026-06-13T06:42:47.172Z] [ALL] 06-13 12:12:44.706   858 28068 E netd    : handleGetRttCmd: netId = 206, uid = 10246
[2026-06-13T06:42:47.172Z] [ALL] 06-13 12:12:44.709   858 28068 E netd    : dispachCmd cmd:oplusGetRtt  result:0
[2026-06-13T06:42:47.193Z] [ALL] 06-13 12:12:44.712  1695  2144 D OplusWifiConnect2: clientModeManager == null, getOplusSta2ConnectionInfo null
[2026-06-13T06:42:47.193Z] [ALL] 06-13 12:12:44.713  1695  2148 D WN_S    : isCellQualityGood is false, curscore =91, no need to switch lte
[2026-06-13T06:42:47.193Z] [ALL] 06-13 12:12:44.727  1000  1546 D SurfaceFlinger: kickIdle 169, 145, 35, 0
[2026-06-13T06:42:47.193Z] [ALL] 06-13 12:12:44.728   882   882 E hwcomposer: [DRMDEV] DRM_IOCTL_MTK_KICK_IDLE failed, drm_id_crtc: 64, error: -1  
[2026-06-13T06:42:47.230Z] [ALL] 06-13 12:12:44.809  7763  7793 E IHansComunication: HANS printMessageBody: RCV message: type = 0,port = 86870,caller_pid = 1695,caller_uid = 1000,target_pid = 4226,target_uid = 10349,pkg_cmd = -1,rpc = android.accessibilityservice.IAccessibilityServiceClient/2
[2026-06-13T06:42:47.231Z] [ALL] 06-13 12:12:44.813  1695  2771 I OplusHansManager : unfreeze uid: 10349 io.appium.uiautomator2.server pids: [4226] reason: AsyncBinder scene: LcdOn
[2026-06-13T06:42:47.231Z] [ALL] 06-13 12:12:44.814  1695  2752 I OplusHansManager : uid=10349, pkg=io.appium.uiautomator2.server, transition from F to Middle, reason=AsyncBinder
[2026-06-13T06:42:47.231Z] [ALL] 06-13 12:12:44.814  1695  2752 I OplusHansManager : uid=10349, pkg=io.appium.uiautomator2.server F exit(), F stay=1, reason=AsyncBinder
[2026-06-13T06:42:47.271Z] [ALL] 06-13 12:12:44.827  4226  4274 I appium  : Took 0ms to retrieve 0 matches for '//*[@resource-id="demo_guest_login_btn" or @content-desc="demo_guest_login_btn" or contains(@text, "Demo Mode") or contains(@text, "Offline Demo")]' XPath2 query
[2026-06-13T06:42:47.271Z] [ALL] 06-13 12:12:44.831  4226  4274 I appium  : AppiumResponse: {"sessionId":"bb437b4c-94d1-4759-aa25-0c4493c17649","value":{"error":"no such element","message":"An element could not be located on the page using the given search parameters","stacktrace":"io.appium.uiautomator2.common.exceptions.ElementNotFoundException: An element could not be located on the page using the given search parameters\n\tat io.appium.uiautomator2.utils.ElementLocationHelpers.findElement(ElementLocationHelpers.java:153)\n\tat io.appium.uiautomator2.handler.FindElement.safeHandle(FindElement.java:60)\n\tat io.appium.uiautomator2.handler.request.SafeRequestHandler.handle(SafeRequestHandler.java:59)\n\tat io.appium.uiautomator2.server.AppiumServlet.handleRequest(AppiumServlet.java:267)\n\tat io.appium.uiautomator2.server.AppiumServlet.handleHttpRequest(AppiumServlet.java:261)\n\tat io.appium.uiautomator2.http.ServerHandler.channelRead(ServerHandler.java:77)\n\tat io.netty.channel.AbstractChannelHandlerContext.fireChannelRead(AbstractChannelHandlerContext.java:357)\n\tat io.netty.handler.codec.MessageToMessageDecoder.channelRead(MessageToMessageDecoder.java:107)\n\tat io.netty.channel.AbstractChannelHandlerContext.fireChannelRead(AbstractChannelHandlerContext.java:357)\n\tat io.netty.channel.CombinedChannelDuplexHandler$DelegatingChannelHandlerContext.fireChannelRead(CombinedChannelDuplexHandler.java:434)\n\tat io.netty.handler.codec.ByteToMessageDecoder.fireChannelRead(ByteToMessageDecoder.java:361)\n\tat io.netty.handler.codec.ByteToMessageDecoder.channelRead(ByteToMessageDecoder.java:325)\n\tat io.netty.channel.CombinedChannelDuplexHandler.channelRead(CombinedChannelDuplexHandler.java:249)\n\tat io.netty.channel.AbstractChannelHandlerContext.fireChannelRead(AbstractChannelHandlerContext.java:355)\n\tat io.netty.handler.timeout.IdleStateHandler.channelRead(IdleStateHandler.java:288)\n\tat io.netty.channel.AbstractChannelHandlerContext.fireChannelRead(AbstractChannelHandlerContext.java:355)\n\tat io.netty.channel.DefaultChannelPipeline$HeadContext.channelRead(DefaultChannelPipeline.java:1429)\n\tat io.netty.channel.DefaultChannelPipeline.fireChannelRead(DefaultChannelPipeline.java:918)\n\tat io.netty.channel.nio.AbstractNioByteChannel$NioByteUnsafe.read(AbstractNioByteChannel.java:176)\n\tat io.netty.channel.nio.AbstractNioChannel$AbstractNioUnsafe.handle(AbstractNioChannel.java:445)\n\tat io.netty.channel.nio.NioIoHandler$DefaultNioRegistration.handle(NioIoHandler.java:388)\n\tat io.netty.channel.nio.NioIoHandler.processSelectedKey(NioIoHandler.java:596)\n\tat io.netty.channel.nio.NioIoHandler.processSelectedKeysOptimized(NioIoHandler.java:571)\n\tat io.netty.channel.nio.NioIoHandler.processSelectedKeys(NioIoHandler.java:512)\n\tat io.netty.channel.nio.NioIoHandler.run(NioIoHandler.java:484)\n\tat io.netty.channel.SingleThreadIoEventLoop.runIo(SingleThreadIoEventLoop.java:225)\n\tat io.netty.channel.SingleThreadIoEventLoop.run(SingleThreadIoEventLoop.java:196)\n\tat io.netty.util.concurrent.SingleThreadEventExecutor$5.run(SingleThreadEventExecutor.java:1195)\n\tat io.netty.util.internal.ThreadExecutorMap$2.run(ThreadExecutorMap.java:74)\n\tat io.netty.util.concurrent.FastThreadLocalRunnable.run(FastThreadLocalRunnable.java:30)\n\tat java.lang.Thread.run(Thread.java:1572)\n"}}
[2026-06-13T06:42:47.543Z] [ALL] 06-13 12:12:45.144 22664  4148 I NearbyConnections: Found BleAdvertisement [ 0x23 0x46 0x41 0x55 0x44 0x11 0x16 0xea 0x4d 0x1e 0x41 0xfc 0x1f 0x24 0xd6 0x55 0xc3 0x60 0xf0 0x08 0xfa 0xec 0x94 ] (with EndpointId FAUD and EndpointInfo [ 0x16 0xea 0x4d 0x1e 0x41 0xfc 0x1f 0x24 0xd6 0x55 0xc3 0x60 0xf0 0x08 0xfa 0xec 0x94 ])
[2026-06-13T06:42:47.543Z] [ALL] 06-13 12:12:45.149 22664  4148 I NearbyConnections: ClientProxy(135143596 0p:com.google.android.gms.nearby.sharing) reporting onEndpointFound(FAUD)
[2026-06-13T06:42:47.543Z] [ALL] 06-13 12:12:45.150 22664  4148 I NearbyConnections: ClientProxy(135143596) reporting onEndpointDistanceChanged(FAUD, UNKNOWN)
[2026-06-13T06:42:47.600Z] [ALL] 06-13 12:12:45.157 22664 32246 I NearbySharing: NearbySharing Internal event EndpointDiscovered(endpointId=FAUD)
[2026-06-13T06:42:47.791Z] [ALL] 06-13 12:12:45.391  4226  4274 I appium  : channel read: POST /session/bb437b4c-94d1-4759-aa25-0c4493c17649/element
[2026-06-13T06:42:47.791Z] [ALL] 06-13 12:12:45.392  4226  4274 I appium  : FindElement command
[2026-06-13T06:42:47.825Z] [ALL] 06-13 12:12:45.394  4226  4274 I appium  : method: 'xpath', selector: '//*[@resource-id="demo_guest_login_btn" or @content-desc="demo_guest_login_btn" or contains(@text, "Demo Mode") or contains(@text, "Offline Demo")]'
[2026-06-13T06:42:47.825Z] [ALL] 06-13 12:12:45.395  4226  4274 I appium  : Waiting up to 10000ms for the device to idle
[2026-06-13T06:42:47.867Z] [ALL] 06-13 12:12:45.398  4226  4274 I appium  : The following attributes will be included to the page source: [resource-id, content-desc, text]
[2026-06-13T06:42:47.867Z] [ALL] 06-13 12:12:45.415  4226  4238 I tomator2.server: Method exceeds compiler instruction limit: 19260 in java_cup.runtime.Symbol org.eclipse.wst.xml.xpath2.processor.internal.CUP$XPathCup$actions.CUP$XPathCup$do_action(int, java_cup.runtime.lr_parser, java.util.Stack, int)
[2026-06-13T06:42:47.934Z] [ALL] 06-13 12:12:45.496  4226  4274 I appium  : Took 0ms to retrieve 0 matches for '//*[@resource-id="demo_guest_login_btn" or @content-desc="demo_guest_login_btn" or contains(@text, "Demo Mode") or contains(@text, "Offline Demo")]' XPath2 query
[2026-06-13T06:42:47.934Z] [ALL] 06-13 12:12:45.499  4226  4274 I appium  : AppiumResponse: {"sessionId":"bb437b4c-94d1-4759-aa25-0c4493c17649","value":{"error":"no such element","message":"An element could not be located on the page using the given search parameters","stacktrace":"io.appium.uiautomator2.common.exceptions.ElementNotFoundException: An element could not be located on the page using the given search parameters\n\tat io.appium.uiautomator2.utils.ElementLocationHelpers.findElement(ElementLocationHelpers.java:153)\n\tat io.appium.uiautomator2.handler.FindElement.safeHandle(FindElement.java:60)\n\tat io.appium.uiautomator2.handler.request.SafeRequestHandler.handle(SafeRequestHandler.java:59)\n\tat io.appium.uiautomator2.server.AppiumServlet.handleRequest(AppiumServlet.java:267)\n\tat io.appium.uiautomator2.server.AppiumServlet.handleHttpRequest(AppiumServlet.java:261)\n\tat io.appium.uiautomator2.http.ServerHandler.channelRead(ServerHandler.java:77)\n\tat io.netty.channel.AbstractChannelHandlerContext.fireChannelRead(AbstractChannelHandlerContext.java:357)\n\tat io.netty.handler.codec.MessageToMessageDecoder.channelRead(MessageToMessageDecoder.java:107)\n\tat io.netty.channel.AbstractChannelHandlerContext.fireChannelRead(AbstractChannelHandlerContext.java:357)\n\tat io.netty.channel.CombinedChannelDuplexHandler$DelegatingChannelHandlerContext.fireChannelRead(CombinedChannelDuplexHandler.java:434)\n\tat io.netty.handler.codec.ByteToMessageDecoder.fireChannelRead(ByteToMessageDecoder.java:361)\n\tat io.netty.handler.codec.ByteToMessageDecoder.channelRead(ByteToMessageDecoder.java:325)\n\tat io.netty.channel.CombinedChannelDuplexHandler.channelRead(CombinedChannelDuplexHandler.java:249)\n\tat io.netty.channel.AbstractChannelHandlerContext.fireChannelRead(AbstractChannelHandlerContext.java:355)\n\tat io.netty.handler.timeout.IdleStateHandler.channelRead(IdleStateHandler.java:288)\n\tat io.netty.channel.AbstractChannelHandlerContext.fireChannelRead(AbstractChannelHandlerContext.java:355)\n\tat io.netty.channel.DefaultChannelPipeline$HeadContext.channelRead(DefaultChannelPipeline.java:1429)\n\tat io.netty.channel.DefaultChannelPipeline.fireChannelRead(DefaultChannelPipeline.java:918)\n\tat io.netty.channel.nio.AbstractNioByteChannel$NioByteUnsafe.read(AbstractNioByteChannel.java:176)\n\tat io.netty.channel.nio.AbstractNioChannel$AbstractNioUnsafe.handle(AbstractNioChannel.java:445)\n\tat io.netty.channel.nio.NioIoHandler$DefaultNioRegistration.handle(NioIoHandler.java:388)\n\tat io.netty.channel.nio.NioIoHandler.processSelectedKey(NioIoHandler.java:596)\n\tat io.netty.channel.nio.NioIoHandler.processSelectedKeysOptimized(NioIoHandler.java:571)\n\tat io.netty.channel.nio.NioIoHandler.processSelectedKeys(NioIoHandler.java:512)\n\tat io.netty.channel.nio.NioIoHandler.run(NioIoHandler.java:484)\n\tat io.netty.channel.SingleThreadIoEventLoop.runIo(SingleThreadIoEventLoop.java:225)\n\tat io.netty.channel.SingleThreadIoEventLoop.run(SingleThreadIoEventLoop.java:196)\n\tat io.netty.util.concurrent.SingleThreadEventExecutor$5.run(SingleThreadEventExecutor.java:1195)\n\tat io.netty.util.internal.ThreadExecutorMap$2.run(ThreadExecutorMap.java:74)\n\tat io.netty.util.concurrent.FastThreadLocalRunnable.run(FastThreadLocalRunnable.java:30)\n\tat java.lang.Thread.run(Thread.java:1572)\n"}}
[2026-06-13T06:42:48.007Z] [ALL] 06-13 12:12:45.610   934   934 D vendor.oplus.hardware.charger@1.0-service: getPsyUsbType type: USB, ret_value = 3
[2026-06-13T06:42:48.072Z] [ALL] 06-13 12:12:45.610   934   934 D vendor.oplus.hardware.charger@1.0-service: getPsyUsbType type: USB is usb charging.
[2026-06-13T06:42:48.083Z] [ALL] 06-13 12:12:45.625   934   934 D vendor.oplus.hardware.charger@1.0-service: getPsyUsbType type: USB, ret_value = 3
[2026-06-13T06:42:48.083Z] [ALL] 06-13 12:12:45.625   934   934 D vendor.oplus.hardware.charger@1.0-service: getPsyUsbType type: USB is usb charging.
[2026-06-13T06:42:48.145Z] [ALL] 06-13 12:12:45.690  1695  2752 I OplusHansManager : uid=10356, pkg=com.jio.myjio can transition from M to F
[2026-06-13T06:42:48.145Z] [ALL] 06-13 12:12:45.691  1695  2752 I OplusHansManager : uid=10356, pkg=com.jio.myjio F enter(), M stay=10
[2026-06-13T06:42:48.145Z] [ALL] 06-13 12:12:45.698  1695  2752 I OplusHansManager : freeze uid: 10356 com.jio.myjio pids: [12319] scene: LcdOn
[2026-06-13T06:42:48.145Z] [ALL] 06-13 12:12:45.700  7763 13029 D IHansComunication: HansComunication::addUid-- 10356, persistent--0
[2026-06-13T06:42:48.145Z] [ALL] 06-13 12:12:45.700  7763 13029 D IHansComunication: HANS sendMessageToKernel: threadId = 536992353456, netLinkSetup = 1, type = PKG, targetUid = 10356, pkgCmd = ADD_ONE_UID
[2026-06-13T06:42:48.190Z] [ALL] 06-13 12:12:45.793   924  3217 E PerformanceService: storage_feature: open /sys/devices/platform/soc/112b0000.ufshci//virtualtlcbuff fail
[2026-06-13T06:42:48.223Z] [ALL] 06-13 12:12:45.797   934   934 D vendor.oplus.hardware.charger@1.0-service: getChargerControl:
[2026-06-13T06:42:48.422Z] [ALL] 06-13 12:12:46.029  4226  4274 I appium  : channel read: POST /session/bb437b4c-94d1-4759-aa25-0c4493c17649/element
[2026-06-13T06:42:48.422Z] [ALL] 06-13 12:12:46.030  4226  4274 I appium  : FindElement command
[2026-06-13T06:42:48.501Z] [ALL] 06-13 12:12:46.032  4226  4274 I appium  : method: 'xpath', selector: '//*[@resource-id="demo_guest_login_btn" or @content-desc="demo_guest_login_btn" or contains(@text, "Demo Mode") or contains(@text, "Offline Demo")]'
[2026-06-13T06:42:48.501Z] [ALL] 06-13 12:12:46.032  4226  4274 I appium  : Waiting up to 10000ms for the device to idle
[2026-06-13T06:42:48.501Z] [ALL] 06-13 12:12:46.034  4226  4274 I appium  : The following attributes will be included to the page source: [resource-id, content-desc, text]
[2026-06-13T06:42:48.616Z] [ALL] 06-13 12:12:46.119  4226  4274 I appium  : Took 0ms to retrieve 0 matches for '//*[@resource-id="demo_guest_login_btn" or @content-desc="demo_guest_login_btn" or contains(@text, "Demo Mode") or contains(@text, "Offline Demo")]' XPath2 query
[2026-06-13T06:42:48.616Z] [ALL] 06-13 12:12:46.122  4226  4274 I appium  : AppiumResponse: {"sessionId":"bb437b4c-94d1-4759-aa25-0c4493c17649","value":{"error":"no such element","message":"An element could not be located on the page using the given search parameters","stacktrace":"io.appium.uiautomator2.common.exceptions.ElementNotFoundException: An element could not be located on the page using the given search parameters\n\tat io.appium.uiautomator2.utils.ElementLocationHelpers.findElement(ElementLocationHelpers.java:153)\n\tat io.appium.uiautomator2.handler.FindElement.safeHandle(FindElement.java:60)\n\tat io.appium.uiautomator2.handler.request.SafeRequestHandler.handle(SafeRequestHandler.java:59)\n\tat io.appium.uiautomator2.server.AppiumServlet.handleRequest(AppiumServlet.java:267)\n\tat io.appium.uiautomator2.server.AppiumServlet.handleHttpRequest(AppiumServlet.java:261)\n\tat io.appium.uiautomator2.http.ServerHandler.channelRead(ServerHandler.java:77)\n\tat io.netty.channel.AbstractChannelHandlerContext.fireChannelRead(AbstractChannelHandlerContext.java:357)\n\tat io.netty.handler.codec.MessageToMessageDecoder.channelRead(MessageToMessageDecoder.java:107)\n\tat io.netty.channel.AbstractChannelHandlerContext.fireChannelRead(AbstractChannelHandlerContext.java:357)\n\tat io.netty.channel.CombinedChannelDuplexHandler$DelegatingChannelHandlerContext.fireChannelRead(CombinedChannelDuplexHandler.java:434)\n\tat io.netty.handler.codec.ByteToMessageDecoder.fireChannelRead(ByteToMessageDecoder.java:361)\n\tat io.netty.handler.codec.ByteToMessageDecoder.channelRead(ByteToMessageDecoder.java:325)\n\tat io.netty.channel.CombinedChannelDuplexHandler.channelRead(CombinedChannelDuplexHandler.java:249)\n\tat io.netty.channel.AbstractChannelHandlerContext.fireChannelRead(AbstractChannelHandlerContext.java:355)\n\tat io.netty.handler.timeout.IdleStateHandler.channelRead(IdleStateHandler.java:288)\n\tat io.netty.channel.AbstractChannelHandlerContext.fireChannelRead(AbstractChannelHandlerContext.java:355)\n\tat io.netty.channel.DefaultChannelPipeline$HeadContext.channelRead(DefaultChannelPipeline.java:1429)\n\tat io.netty.channel.DefaultChannelPipeline.fireChannelRead(DefaultChannelPipeline.java:918)\n\tat io.netty.channel.nio.AbstractNioByteChannel$NioByteUnsafe.read(AbstractNioByteChannel.java:176)\n\tat io.netty.channel.nio.AbstractNioChannel$AbstractNioUnsafe.handle(AbstractNioChannel.java:445)\n\tat io.netty.channel.nio.NioIoHandler$DefaultNioRegistration.handle(NioIoHandler.java:388)\n\tat io.netty.channel.nio.NioIoHandler.processSelectedKey(NioIoHandler.java:596)\n\tat io.netty.channel.nio.NioIoHandler.processSelectedKeysOptimized(NioIoHandler.java:571)\n\tat io.netty.channel.nio.NioIoHandler.processSelectedKeys(NioIoHandler.java:512)\n\tat io.netty.channel.nio.NioIoHandler.run(NioIoHandler.java:484)\n\tat io.netty.channel.SingleThreadIoEventLoop.runIo(SingleThreadIoEventLoop.java:225)\n\tat io.netty.channel.SingleThreadIoEventLoop.run(SingleThreadIoEventLoop.java:196)\n\tat io.netty.util.concurrent.SingleThreadEventExecutor$5.run(SingleThreadEventExecutor.java:1195)\n\tat io.netty.util.internal.ThreadExecutorMap$2.run(ThreadExecutorMap.java:74)\n\tat io.netty.util.concurrent.FastThreadLocalRunnable.run(FastThreadLocalRunnable.java:30)\n\tat java.lang.Thread.run(Thread.java:1572)\n"}}
[2026-06-13T06:42:48.616Z] [ALL] 06-13 12:12:46.140  1695  2042 I ActivityManager: Killing 4252:com.heytap.browser/u0a238 (adj 955): empty #49
[2026-06-13T06:42:48.681Z] [ALL] 06-13 12:12:46.152  7763  7793 E IHansComunication: HANS printMessageBody: RCV message: type = 3,port = 86870,caller_pid = 1695,caller_uid = 1000,target_pid = 4252,target_uid = 10238,pkg_cmd = -1,rpc = signal/-1
[2026-06-13T06:42:48.681Z] [ALL] 06-13 12:12:46.159  1695  1769 I libprocessgroup: Successfully killed process cgroup uid 10238 pid 4252 in 13ms
[2026-06-13T06:42:48.745Z] [ALL] 06-13 12:12:46.234   859   859 I Zygote  : Process 4252 exited due to signal 9 (Killed)
[2026-06-13T06:42:48.745Z] [ALL] 06-13 12:12:46.235  1695  4789 D DisplayManagerService: Display listener for pid 4252 died.
[2026-06-13T06:42:48.745Z] [ALL] 06-13 12:12:46.234 20565 20565 I adbd    : Remote process closed the socket (on MSG_PEEK)
[2026-06-13T06:42:48.745Z] [ALL] 06-13 12:12:46.236  1695  2177 D ConnectivityService: releasing NetworkRequest [ REQUEST id=13608, [ Capabilities: INTERNET&NOT_RESTRICTED&TRUSTED&NOT_VCN_MANAGED Uid: 10238 RequestorUid: 10238 RequestorPkg: com.heytap.browser UnderlyingNetworks: Null] ] (release request)
[2026-06-13T06:42:48.745Z] [ALL] 06-13 12:12:46.237  1695  2177 D ConnectivityService: releasing NetworkRequest [ REQUEST id=13604, [ Capabilities: INTERNET&NOT_RESTRICTED&TRUSTED&NOT_VCN_MANAGED Uid: 10238 RequestorUid: 10238 RequestorPkg: com.heytap.browser UnderlyingNetworks: Null] ] (release request)
[2026-06-13T06:42:48.745Z] [ALL] 06-13 12:12:46.238  1695  2508 D OplusUIFirst_FB: com.heytap.browser remove pid: 4252
[2026-06-13T06:42:48.745Z] [ALL] 06-13 12:12:46.239  1695  2177 D ConnectivityService: releasing NetworkRequest [ REQUEST id=13606, [ Capabilities: INTERNET&NOT_RESTRICTED&TRUSTED&NOT_VCN_MANAGED Uid: 10238 RequestorUid: 10238 RequestorPkg: com.heytap.browser UnderlyingNetworks: Null] ] (release request)
[2026-06-13T06:42:48.745Z] [ALL] 06-13 12:12:46.239  1695  2508 I mtkpower_client: [Legacy][PowerHal_Wrap_notifyAppState] com.heytap.browser/com.heytap.browser pid=4252 state:3
[2026-06-13T06:42:48.745Z] [ALL] 06-13 12:12:46.239  1695  2508 I game_scn: collectForegroundAppList packName=com.heytap.browser, actName=com.heytap.browser, pid=4252, uid=10238, state:DEAD
[2026-06-13T06:42:48.745Z] [ALL] 06-13 12:12:46.239  5147  6188 V DeepThinker: ProcessManager: onProcessDied pid:4252, uid:10238
[2026-06-13T06:42:48.745Z] [ALL] 06-13 12:12:46.244   901   965 D RilUtility: notify_rild_crash_pid_set certPid:-1, crash:4252, scn:0x0
[2026-06-13T06:42:48.841Z] [ALL] 06-13 12:12:46.324  1695  2752 I OplusHansManager : uid=10349, pkg=io.appium.uiautomator2.server can transition from M to F
[2026-06-13T06:42:48.841Z] [ALL] 06-13 12:12:46.324  1695  2752 I OplusHansManager : uid=10349, pkg=io.appium.uiautomator2.server F enter(), M stay=1
[2026-06-13T06:42:48.841Z] [ALL] 06-13 12:12:46.328  1695  2752 I OplusHansManager : freeze uid: 10349 io.appium.uiautomator2.server pids: [4226] scene: LcdOn
[2026-06-13T06:42:48.841Z] [ALL] 06-13 12:12:46.329  7763 13029 D IHansComunication: HansComunication::addUid-- 10349, persistent--0
[2026-06-13T06:42:48.841Z] [ALL] 06-13 12:12:46.329  7763 13029 D IHansComunication: HANS sendMessageToKernel: threadId = 536992353456, netLinkSetup = 1, type = PKG, targetUid = 10349, pkgCmd = ADD_ONE_UID
[2026-06-13T06:42:49.075Z] [ALL] 06-13 12:12:46.677  1000  1546 D SurfaceFlinger: kickIdle 1949, 1918, 34, 0
[2026-06-13T06:42:49.097Z] [ALL] 06-13 12:12:46.677   882   882 E hwcomposer: [DRMDEV] DRM_IOCTL_MTK_KICK_IDLE failed, drm_id_crtc: 64, error: -1  
[2026-06-13T06:42:49.126Z] [ALL] 06-13 12:12:46.700  7763 13029 D IHansComunication: HANS sendMessageToKernel: threadId = 536992353456, netLinkSetup = 1, type = FROZEN_TRANS, targetUid = 10356, pkgCmd = PKG_CMD_MAX
[2026-06-13T06:42:49.394Z] [ALL] 06-13 12:12:47.002  2744  2744 D OplusTelephonyController: onSignalStrengthChanged: SignalStrength=SignalStrength:{mCdma=CellSignalStrengthCdma: cdmaDbm=2147483647 cdmaEcio=2147483647 evdoDbm=2147483647 evdoEcio=2147483647 evdoSnr=2147483647 level=0,mGsm=CellSignalStrengthGsm: rssi=2147483647 ber=2147483647 mTa=2147483647 mLevel=0,mWcdma=CellSignalStrengthWcdma: ss=2147483647 ber=2147483647 rscp=2147483647 ecno=2147483647 level=0,mTdscdma=CellSignalStrengthTdscdma: rssi=2147483647 ber=2147483647 rscp=2147483647 level=0,mLte=CellSignalStrengthLte: rssi=2147483647 rsrp=2147483647 rsrq=2147483647 rssnr=2147483647 cqiTableIndex=2147483647 cqi=2147483647 ta=2147483647 level=0 parametersUseForLevel=0,mNr=CellSignalStrengthNr:{ csiRsrp = 2147483647 csiRsrq = 2147483647 csiCqiTableIndex = 2147483647 csiCqiReport = [] ssRsrp = -90 ssRsrq = -7 ssSinr = 16 level = 2 parametersUseForLevel = 0 },primary=CellSignalStrengthNr}, phoneId=0, mMtkLevel=0, mMtkRsrpOnly=false, mMtkLteRsrpThreshold=null, mMtkLteRssnrThreshold=null
[2026-06-13T06:42:49.452Z] [ALL] 06-13 12:12:47.042  1000  1546 D SurfaceFlinger: kickIdle 365, 349, 35, 0
[2026-06-13T06:42:49.452Z] [ALL] 06-13 12:12:47.043   882   882 E hwcomposer: [DRMDEV] DRM_IOCTL_MTK_KICK_IDLE failed, drm_id_crtc: 64, error: -1  
[2026-06-13T06:42:49.725Z] [ALL] 06-13 12:12:47.333  7763 13029 D IHansComunication: HANS sendMessageToKernel: threadId = 536992353456, netLinkSetup = 1, type = FROZEN_TRANS, targetUid = 10349, pkgCmd = PKG_CMD_MAX
[2026-06-13T06:42:49.829Z] [ALL] 06-13 12:12:47.434 13615 13690 E Melody_ServiceUtils: addStageProtectInfo onTimeout! count = 14
[2026-06-13T06:42:49.888Z] [ALL] 06-13 12:12:47.448 13615 13690 W Melody_ServiceUtils: addStageProtectInfo onSuccess!
[2026-06-13T06:42:49.915Z] [ALL] 06-13 12:12:47.450 13615 13640 I Melody_ServiceUtils: addStageProtectInfo com.oplus.melody time=4
[2026-06-13T06:42:50.173Z] [ALL] 06-13 12:12:47.781   858 28068 E netd    : dispachCmd:oplusGetRtt
[2026-06-13T06:42:50.330Z] [ALL] 06-13 12:12:47.782   858 28068 E netd    : handleGetRttCmd: netId = 204, uid = 10246
[2026-06-13T06:42:50.466Z] [ALL] 06-13 12:12:47.785   858 28068 E netd    : dispachCmd cmd:oplusGetRtt  result:0
[2026-06-13T06:42:50.466Z] [ALL] 06-13 12:12:47.786   858 28068 E netd    : dispachCmd:oplusGetRtt
[2026-06-13T06:42:50.466Z] [ALL] 06-13 12:12:47.786   858 28068 E netd    : handleGetRttCmd: netId = 206, uid = 10246
[2026-06-13T06:42:50.466Z] [ALL] 06-13 12:12:47.790   858 28068 E netd    : dispachCmd cmd:oplusGetRtt  result:0
[2026-06-13T06:42:50.466Z] [ALL] 06-13 12:12:47.794  1695  2144 D OplusWifiConnect2: clientModeManager == null, getOplusSta2ConnectionInfo null
[2026-06-13T06:42:50.466Z] [ALL] 06-13 12:12:47.794  1695  2148 D WN_S    : isCellQualityGood is false, curscore =91, no need to switch lte
[2026-06-13T06:42:50.466Z] [ALL] 06-13 12:12:47.831  1695  1711 W System  : A resource failed to call release. 
[2026-06-13T06:42:50.466Z] [ALL] 06-13 12:12:47.832  1695  1711 W System  : A resource failed to call release. 
[2026-06-13T06:42:50.466Z] [ALL] 06-13 12:12:47.832  1695  1711 W System  : A resource failed to call release. 
[2026-06-13T06:42:50.466Z] [ALL] 06-13 12:12:47.832  1695  1711 W System  : A resource failed to call release. 
[2026-06-13T06:42:50.466Z] [ALL] 06-13 12:12:47.832  1695  1711 W System  : A resource failed to call release. 
[2026-06-13T06:42:50.466Z] [ALL] 06-13 12:12:47.832  1695  1711 W System  : A resource failed to call release. 
[2026-06-13T06:42:50.466Z] [ALL] 06-13 12:12:47.832  1695  1711 W System  : A resource failed to call release. 
[2026-06-13T06:42:50.466Z] [ALL] 06-13 12:12:47.832  1695  1711 W System  : A resource failed to call release. 
[2026-06-13T06:42:50.466Z] [ALL] 06-13 12:12:47.832  1695  1711 W System  : A resource failed to call release. 
[2026-06-13T06:42:50.466Z] [ALL] 06-13 12:12:47.832  1695  1711 W System  : A resource failed to call release. 
[2026-06-13T06:42:50.466Z] [ALL] 06-13 12:12:47.832  1695  1711 W System  : A resource failed to call release. 
[2026-06-13T06:42:50.466Z] [ALL] 06-13 12:12:47.832  1695  1711 W System  : A resource failed to call release. 
[2026-06-13T06:42:50.466Z] [ALL] 06-13 12:12:47.832  1695  1711 W System  : A resource failed to call release. 
[2026-06-13T06:42:50.466Z] [ALL] 06-13 12:12:47.832  1695  1711 W System  : A resource failed to call release. 
[2026-06-13T06:42:50.466Z] [ALL] 06-13 12:12:47.832  1695  1711 W System  : A resource failed to call release. 
[2026-06-13T06:42:50.466Z] [ALL] 06-13 12:12:47.832  1695  1711 W System  : A resource failed to call release. 
[2026-06-13T06:42:50.466Z] [ALL] 06-13 12:12:47.832  1695  1711 W System  : A resource failed to call release. 
[2026-06-13T06:42:50.466Z] [ALL] 06-13 12:12:47.832  1695  1711 W System  : A resource failed to call release. 
[2026-06-13T06:42:50.466Z] [ALL] 06-13 12:12:47.833  1695  1711 W System  : A resource failed to call release. 
[2026-06-13T06:42:50.466Z] [ALL] 06-13 12:12:47.833  1695  1711 W System  : A resource failed to call release. 
[2026-06-13T06:42:50.708Z] [ALL] 06-13 12:12:48.302   858 28068 E TetherController: property_get sys.radio.data.modem_share_flag return 0, 1!
[2026-06-13T06:42:50.802Z] [ALL] 06-13 12:12:48.408  2536 27711 D IpClient/wlan0: interfaceLinkStateChanged: ifindex 34 up
[2026-06-13T06:42:51.339Z] [ALL] 06-13 12:12:48.903 22664 32246 I NearbyMediums: This GATT advertisement BleAdvertisement { version=2, socketVersion=2, isFast=true, serviceIdHash=null, data=[ 0x23 0x52 0x46 0x36 0x50 0x11 0x32 0xb6 0x0f 0xc0 0xf6 0xf3 0x9e 0xe2 0xdf 0x2d 0x7a 0xe4 0x6f 0x57 0xef 0xd1 0x34 ], deviceToken=[ 0x2e 0xfa ], rxAdvertisement=null } is a Fast Advertisement and matched UUID 0000fef3-0000-1000-8000-00805f9b34fb in fastAdvertisementServiceUuids map with serviceID NearbySharing
[2026-06-13T06:42:51.339Z] [ALL] 06-13 12:12:48.904 22664 32243 I NearbyConnections: Found BleAdvertisement [ 0x23 0x52 0x46 0x36 0x50 0x11 0x32 0xb6 0x0f 0xc0 0xf6 0xf3 0x9e 0xe2 0xdf 0x2d 0x7a 0xe4 0x6f 0x57 0xef 0xd1 0x34 ] (with EndpointId RF6P and EndpointInfo [ 0x32 0xb6 0x0f 0xc0 0xf6 0xf3 0x9e 0xe2 0xdf 0x2d 0x7a 0xe4 0x6f 0x57 0xef 0xd1 0x34 ])
[2026-06-13T06:42:51.339Z] [ALL] 06-13 12:12:48.905 22664 32243 I NearbyConnections: ClientProxy(135143596 0p:com.google.android.gms.nearby.sharing) reporting onEndpointFound(RF6P)
[2026-06-13T06:42:51.339Z] [ALL] 06-13 12:12:48.906 22664 32243 I NearbyConnections: ClientProxy(135143596) reporting onEndpointDistanceChanged(RF6P, UNKNOWN)
[2026-06-13T06:42:51.339Z] [ALL] 06-13 12:12:48.907 22664 32243 I NearbySharing: NearbySharing Internal event EndpointDiscovered(endpointId=RF6P)
[2026-06-13T06:42:51.378Z] [ALL] 06-13 12:12:48.957  1695  1695 D PowerManagerService: userActivityNoUpdateLocked: groupId=0, eventTime=118570279, event=0, flags=0x0, uid=1000
[2026-06-13T06:42:51.434Z] [ALL] 06-13 12:12:48.965  1000  1193 D VRR [OTI]: handleIdle from 1 to 0
[2026-06-13T06:42:51.434Z] [ALL] 06-13 12:12:48.966  1000  1193 D VRR [OTI-HW]: isStateReady 0
[2026-06-13T06:42:51.434Z] [ALL] 06-13 12:12:48.966  1000  1193 D VRR [OTI-HW]: rate range: min {id=0, hwcId=0, resolution=1080x2400, refreshRate=60.00 Hz, dpi=409.43x409.13, group=0} cur {id=0, hwcId=0, resolution=1080x2400, refreshRate=60.00 Hz, dpi=409.43x409.13, group=0} max {id=0, hwcId=0, resolution=1080x2400, refreshRate=60.00 Hz, dpi=409.43x409.13, group=0}
[2026-06-13T06:42:51.434Z] [ALL] 06-13 12:12:48.966  1000  1193 D VRR [OTI-HW]: keep rate.
[2026-06-13T06:42:51.434Z] [ALL] 06-13 12:12:48.966  1695  2495 I mtkpower_client: perf_lock_rel, hdl:35952, tid:2495
[2026-06-13T06:42:51.434Z] [ALL] 06-13 12:12:48.966 26745 26745 D VRI[GrantPermissionsActivity]: handleWindowFocusChanged mWindowFocusChanged false mUpcomingWindowFocus true mAdded true
[2026-06-13T06:42:51.434Z] [ALL] 06-13 12:12:48.967  1695  2261 D OGG_Detector: D:done mCurrStatus: 0
[2026-06-13T06:42:51.434Z] [ALL] 06-13 12:12:48.968   901   965 I libPowerHal: [perfLockRel] hdl:35952, idx:0
[2026-06-13T06:42:51.434Z] [ALL] 06-13 12:12:48.968  1695  2495 I mtkpower_client: perf_lock_acq, hdl:35952, dur:0, num:8, tid:2495
[2026-06-13T06:42:51.434Z] [ALL] 06-13 12:12:48.968  1695  2113 D PowerManagerService: userActivityNoUpdateLocked: groupId=0, eventTime=118570279, event=2, flags=0x0, uid=1000
[2026-06-13T06:42:51.434Z] [ALL] 06-13 12:12:48.968  2376  3194 D NoBackGesture: Start gesture: 
[2026-06-13T06:42:51.434Z] [ALL] 06-13 12:12:48.968  2376  3194 D NoBackGesture: Not in side gesture area
[2026-06-13T06:42:51.434Z] [ALL] 06-13 12:12:48.968   901   965 I libPowerHal: system_server: hard user limit set cpu freq: -1 -1 -1 -1
[2026-06-13T06:42:51.434Z] [ALL] 06-13 12:12:48.968   901   965 I libPowerHal: [PD] system_server update cmd:2004100 param:0
[2026-06-13T06:42:51.434Z] [ALL] 06-13 12:12:48.971  1695  2495 I mtkpower_client: ret_hdl:35954
[2026-06-13T06:42:51.472Z] [ALL] 06-13 12:12:48.973   901   965 I libPowerHal: system_server: hard user limit set cpu freq: -1 1903000 -1 1900000
[2026-06-13T06:42:51.472Z] [ALL] 06-13 12:12:48.987  1695  1695 D PowerManagerService: userActivityNoUpdateLocked: groupId=0, eventTime=118570311, event=0, flags=0x0, uid=1000
[2026-06-13T06:42:51.473Z] [ALL] 06-13 12:12:48.999 26745 26745 D VRI[GrantPermissionsActivity]: handleWindowFocusChanged mWindowFocusChanged false mUpcomingWindowFocus true mAdded true
[2026-06-13T06:42:51.473Z] [ALL] 06-13 12:12:49.012  1695  1695 D PowerManagerService: userActivityNoUpdateLocked: groupId=0, eventTime=118570335, event=0, flags=0x0, uid=1000
[2026-06-13T06:42:51.473Z] [ALL] 06-13 12:12:49.015 26745 26745 D VRI[GrantPermissionsActivity]: handleWindowFocusChanged mWindowFocusChanged false mUpcomingWindowFocus true mAdded true
[2026-06-13T06:42:51.508Z] [ALL] 06-13 12:12:49.069  1695  1695 D PowerManagerService: userActivityNoUpdateLocked: groupId=0, eventTime=118570393, event=0, flags=0x0, uid=1000
[2026-06-13T06:42:51.508Z] [ALL] 06-13 12:12:49.072   901   965 I libPowerHal: [perfLockRel] hdl:35953, idx:4
[2026-06-13T06:42:51.508Z] [ALL] 06-13 12:12:49.072 26745 26745 D VRI[GrantPermissionsActivity]: handleWindowFocusChanged mWindowFocusChanged false mUpcomingWindowFocus true mAdded true
[2026-06-13T06:42:51.509Z] [ALL] 06-13 12:12:49.072  1695  2113 D PowerManagerService: userActivityNoUpdateLocked: groupId=0, eventTime=118570393, event=2, flags=0x0, uid=1000
[2026-06-13T06:42:51.509Z] [ALL] 06-13 12:12:49.073   901   965 I libPowerHal: [PD] MTKPOWER_HINT_APP_TOUCH update cmd:3408600 param:0
[2026-06-13T06:42:51.557Z] [ALL] 06-13 12:12:49.088 26745 26745 I GrantPermissionsViewModel: Logged buttons presented and clicked permissionGroupName=android.permission-group.CALL_LOG uid=10355 package=com.safebank.ai presentedButtons=9 clickedButton=1 isPermissionRationaleShown=false sessionId=-1154345666672363864 targetSdk=36 prompt=BASIC initialLocationPrecision=0 selectedLocationPrecision=0 locationAccuracyButtonClicked= false
[2026-06-13T06:42:51.557Z] [ALL] 06-13 12:12:49.093  1000  1547 D SurfaceFlinger: kickIdle 2050, 2019, 34, 0
[2026-06-13T06:42:51.557Z] [ALL] 06-13 12:12:49.093   882   882 E hwcomposer: [DRMDEV] DRM_IOCTL_MTK_KICK_IDLE failed, drm_id_crtc: 64, error: -1  
[2026-06-13T06:42:51.557Z] [ALL] 06-13 12:12:49.094 26745 26745 I GrantPermissionsViewModel: Permission grant result requestId=-1154345666672363864 callingUid=10355 callingPackage=com.safebank.ai permission=android.permission.READ_CALL_LOG isImplicit=false result=4 isPermissionRationaleShown=falseisPackageRestrictedByEnhancedConfirmation=false
[2026-06-13T06:42:51.557Z] [ALL] 06-13 12:12:49.102  1695  4786 D OplusFullScreenDisplayManager: adjustWindowParamsLw com.google.android.permissioncontroller, no change cutoutMode: 0
[2026-06-13T06:42:51.557Z] [ALL] 06-13 12:12:49.102  1695  4786 V WindowManager: Relayout Window{ab8c891 u0 com.google.android.permissioncontroller/com.android.permissioncontroller.permission.ui.GrantPermissionsActivity}: viewVisibility=0, oldvis=0, req=1024x649
[2026-06-13T06:42:51.557Z] [ALL] 06-13 12:12:49.104  7763  7793 E IHansComunication: HANS printMessageBody: RCV message: type = 0,port = 86870,caller_pid = 1695,caller_uid = 1000,target_pid = 4226,target_uid = 10349,pkg_cmd = -1,rpc = android.accessibilityservice.IAccessibilityServiceClient/2
[2026-06-13T06:42:51.557Z] [ALL] 06-13 12:12:49.104  7763  7793 E IHansComunication: HANS printMessageBody: RCV message: type = 0,port = 86870,caller_pid = 1695,caller_uid = 1000,target_pid = 4226,target_uid = 10349,pkg_cmd = -1,rpc = android.accessibilityservice.IAccessibilityServiceClient/2
[2026-06-13T06:42:51.557Z] [ALL] 06-13 12:12:49.108  1695  4786 I SurfaceAnimationRunner: startAnimation requiresEdgeExtension=false, animationLeash=Surface(name=Surface(name=ab8c891 com.google.android.permissioncontroller/com.android.permissioncontroller.permission.ui.GrantPermissionsActivity)/@0x367ac83 - animation-leash of window_animation)/@0x3c41b84, runningAnim=com.android.server.wm.SurfaceAnimationRunner$RunningAnimation@960c7a2, mPreProcessingAnimations={}
[2026-06-13T06:42:51.557Z] [ALL] 06-13 12:12:49.109  1695  2771 I OplusHansManager : unfreeze uid: 10349 io.appium.uiautomator2.server pids: [4226] reason: AsyncBinder scene: LcdOn
[2026-06-13T06:42:51.557Z] [ALL] 06-13 12:12:49.110  1695  2752 I OplusHansManager : uid=10349, pkg=io.appium.uiautomator2.server, transition from F to Middle, reason=AsyncBinder
[2026-06-13T06:42:51.557Z] [ALL] 06-13 12:12:49.110  1695  2771 I OplusHansManager : forceUnfreezeByPid pid= 4226 reason= unfreezeForKernel: AsyncBinder
[2026-06-13T06:42:51.557Z] [ALL] 06-13 12:12:49.110  1695  2752 I OplusHansManager : uid=10349, pkg=io.appium.uiautomator2.server F exit(), F stay=2, reason=AsyncBinder
[2026-06-13T06:42:51.603Z] [ALL] 06-13 12:12:49.115  4226  4274 I appium  : channel read: POST /session/bb437b4c-94d1-4759-aa25-0c4493c17649/element
[2026-06-13T06:42:51.603Z] [ALL] 06-13 12:12:49.115  4226  4274 I appium  : FindElement command
[2026-06-13T06:42:51.603Z] [ALL] 06-13 12:12:49.117  1695  1729 D SurfaceAnimationRunner: onAnimationStart:Surface(name=Surface(name=ab8c891 com.google.android.permissioncontroller/com.android.permissioncontroller.permission.ui.GrantPermissionsActivity)/@0x367ac83 - animation-leash of window_animation)/@0x3c41b84
[2026-06-13T06:42:51.603Z] [ALL] 06-13 12:12:49.120  4226  4274 I appium  : method: 'xpath', selector: '//*[@resource-id="demo_guest_login_btn" or @content-desc="demo_guest_login_btn" or contains(@text, "Demo Mode") or contains(@text, "Offline Demo")]'
[2026-06-13T06:42:51.603Z] [ALL] 06-13 12:12:49.120  4226  4274 I appium  : Waiting up to 10000ms for the device to idle
[2026-06-13T06:42:51.603Z] [ALL] 06-13 12:12:49.121  4226  4274 I appium  : The following attributes will be included to the page source: [resource-id, content-desc, text]
[2026-06-13T06:42:51.603Z] [ALL] 06-13 12:12:49.122 26745 32228 D BLASTBufferQueue: [VRI[GrantPermissionsActivity]#1](f:0,a:3) producer disconnected before: mAbandoned=0
[2026-06-13T06:42:51.603Z] [ALL] 06-13 12:12:49.122 26745 32228 D BLASTBufferQueue: - BufferQueue mMaxAcquiredBufferCount=2 mMaxDequeuedBufferCount=2
[2026-06-13T06:42:51.603Z] [ALL] 06-13 12:12:49.122 26745 32228 D BLASTBufferQueue:   mDequeueBufferCannotBlock=0 mAsyncMode=0
[2026-06-13T06:42:51.603Z] [ALL] 06-13 12:12:49.122 26745 32228 D BLASTBufferQueue:   mQueueBufferCanDrop=0 mLegacyBufferDrop=1
[2026-06-13T06:42:51.603Z] [ALL] 06-13 12:12:49.122 26745 32228 D BLASTBufferQueue:   default-size=[1188x813] default-format=1   transform-hint=00 frame-counter=10
[2026-06-13T06:42:51.603Z] [ALL] 06-13 12:12:49.122 26745 32228 D BLASTBufferQueue:   mTransformHintInUse=00 mAutoPrerotation=0
[2026-06-13T06:42:51.603Z] [ALL] 06-13 12:12:49.122 26745 32228 D BLASTBufferQueue: FIFO(0):
[2026-06-13T06:42:51.603Z] [ALL] 06-13 12:12:49.122 26745 32228 D BLASTBufferQueue: (mConsumerName=VRI[GrantPermissionsActivity]#1(BLAST Consumer)1, mConnectedApi=1, mConsumerUsageBits=2304, mId=687900000001, producer=[26745:com.google.android.permissioncontroller], consumer=[26745:com.google.android.permissioncontroller])
[2026-06-13T06:42:51.603Z] [ALL] 06-13 12:12:49.122 26745 32228 D BLASTBufferQueue: Slots:
[2026-06-13T06:42:51.603Z] [ALL] 06-13 12:12:49.122 26745 32228 D BLASTBufferQueue:  >[00:0xb400006fc9544b00] state=ACQUIRED 0xb400006fb9be8e80 frame=10 [1188x 813:1216,  1]
[2026-06-13T06:42:51.603Z] [ALL] 06-13 12:12:49.122 26745 32228 D BLASTBufferQueue:   [01:0x0] state=FREE    
[2026-06-13T06:42:51.603Z] [ALL] 06-13 12:12:49.122 26745 32228 D BLASTBufferQueue:   [02:0x0] state=FREE    
[2026-06-13T06:42:51.603Z] [ALL] 06-13 12:12:49.122 26745 32228 D BLASTBufferQueue:   [03:0x0] state=FREE    
[2026-06-13T06:42:51.603Z] [ALL] 06-13 12:12:49.139   882  1140 W hwcomposer: [DRMDEV] paramIsSame(), id 3053, w 1188/1188, h 886/813, pitch 1216/1216, format 0x1/0x1, secure 0/0  
[2026-06-13T06:42:51.603Z] [ALL] 06-13 12:12:49.155 26745 26745 I Quality : Skipped: true 1 cost 22.93506 refreshRate 16436022 bit true processName com.google.android.permissioncontroller
[2026-06-13T06:42:51.639Z] [ALL] 06-13 12:12:49.217  4226  4274 I appium  : Took 0ms to retrieve 0 matches for '//*[@resource-id="demo_guest_login_btn" or @content-desc="demo_guest_login_btn" or contains(@text, "Demo Mode") or contains(@text, "Offline Demo")]' XPath2 query
[2026-06-13T06:42:51.639Z] [ALL] 06-13 12:12:49.220  4226  4274 I appium  : AppiumResponse: {"sessionId":"bb437b4c-94d1-4759-aa25-0c4493c17649","value":{"error":"no such element","message":"An element could not be located on the page using the given search parameters","stacktrace":"io.appium.uiautomator2.common.exceptions.ElementNotFoundException: An element could not be located on the page using the given search parameters\n\tat io.appium.uiautomator2.utils.ElementLocationHelpers.findElement(ElementLocationHelpers.java:153)\n\tat io.appium.uiautomator2.handler.FindElement.safeHandle(FindElement.java:60)\n\tat io.appium.uiautomator2.handler.request.SafeRequestHandler.handle(SafeRequestHandler.java:59)\n\tat io.appium.uiautomator2.server.AppiumServlet.handleRequest(AppiumServlet.java:267)\n\tat io.appium.uiautomator2.server.AppiumServlet.handleHttpRequest(AppiumServlet.java:261)\n\tat io.appium.uiautomator2.http.ServerHandler.channelRead(ServerHandler.java:77)\n\tat io.netty.channel.AbstractChannelHandlerContext.fireChannelRead(AbstractChannelHandlerContext.java:357)\n\tat io.netty.handler.codec.MessageToMessageDecoder.channelRead(MessageToMessageDecoder.java:107)\n\tat io.netty.channel.AbstractChannelHandlerContext.fireChannelRead(AbstractChannelHandlerContext.java:357)\n\tat io.netty.channel.CombinedChannelDuplexHandler$DelegatingChannelHandlerContext.fireChannelRead(CombinedChannelDuplexHandler.java:434)\n\tat io.netty.handler.codec.ByteToMessageDecoder.fireChannelRead(ByteToMessageDecoder.java:361)\n\tat io.netty.handler.codec.ByteToMessageDecoder.channelRead(ByteToMessageDecoder.java:325)\n\tat io.netty.channel.CombinedChannelDuplexHandler.channelRead(CombinedChannelDuplexHandler.java:249)\n\tat io.netty.channel.AbstractChannelHandlerContext.fireChannelRead(AbstractChannelHandlerContext.java:355)\n\tat io.netty.handler.timeout.IdleStateHandler.channelRead(IdleStateHandler.java:288)\n\tat io.netty.channel.AbstractChannelHandlerContext.fireChannelRead(AbstractChannelHandlerContext.java:355)\n\tat io.netty.channel.DefaultChannelPipeline$HeadContext.channelRead(DefaultChannelPipeline.java:1429)\n\tat io.netty.channel.DefaultChannelPipeline.fireChannelRead(DefaultChannelPipeline.java:918)\n\tat io.netty.channel.nio.AbstractNioByteChannel$NioByteUnsafe.read(AbstractNioByteChannel.java:176)\n\tat io.netty.channel.nio.AbstractNioChannel$AbstractNioUnsafe.handle(AbstractNioChannel.java:445)\n\tat io.netty.channel.nio.NioIoHandler$DefaultNioRegistration.handle(NioIoHandler.java:388)\n\tat io.netty.channel.nio.NioIoHandler.processSelectedKey(NioIoHandler.java:596)\n\tat io.netty.channel.nio.NioIoHandler.processSelectedKeysOptimized(NioIoHandler.java:571)\n\tat io.netty.channel.nio.NioIoHandler.processSelectedKeys(NioIoHandler.java:512)\n\tat io.netty.channel.nio.NioIoHandler.run(NioIoHandler.java:484)\n\tat io.netty.channel.SingleThreadIoEventLoop.runIo(SingleThreadIoEventLoop.java:225)\n\tat io.netty.channel.SingleThreadIoEventLoop.run(SingleThreadIoEventLoop.java:196)\n\tat io.netty.util.concurrent.SingleThreadEventExecutor$5.run(SingleThreadEventExecutor.java:1195)\n\tat io.netty.util.internal.ThreadExecutorMap$2.run(ThreadExecutorMap.java:74)\n\tat io.netty.util.concurrent.FastThreadLocalRunnable.run(FastThreadLocalRunnable.java:30)\n\tat java.lang.Thread.run(Thread.java:1572)\n"}}
[2026-06-13T06:42:51.711Z] [ALL] 06-13 12:12:49.280  4226  4274 I appium  : channel read: POST /session/bb437b4c-94d1-4759-aa25-0c4493c17649/element
[2026-06-13T06:42:51.751Z] [ALL] 06-13 12:12:49.280  4226  4274 I appium  : FindElement command
[2026-06-13T06:42:51.751Z] [ALL] 06-13 12:12:49.282  4226  4274 I appium  : method: 'xpath', selector: '//*[@resource-id="demo_guest_login_btn" or @content-desc="demo_guest_login_btn" or contains(@text, "Demo Mode") or contains(@text, "Offline Demo")]'
[2026-06-13T06:42:51.751Z] [ALL] 06-13 12:12:49.282  4226  4274 I appium  : Waiting up to 10000ms for the device to idle
[2026-06-13T06:42:51.916Z] [ALL] 06-13 12:12:49.522  1695  1729 D SurfaceAnimationRunner: onAnimationEnd:Surface(name=Surface(name=ab8c891 com.google.android.permissioncontroller/com.android.permissioncontroller.permission.ui.GrantPermissionsActivity)/@0x367ac83 - animation-leash of window_animation)/@0x3c41b84
[2026-06-13T06:42:51.953Z] [ALL] 06-13 12:12:49.538  1000  1000 D Layer   : reparent to null sequence=12679, seq[15], name=Surface(name=ab8c891 com.google.android.permissioncontroller/com.android.permissioncontroller.permission.ui.GrantPermissionsActivity)/@0x367ac83 - animation-leash of window_animation#12679
[2026-06-13T06:42:52.315Z] [ALL] 06-13 12:12:49.922  4226  4274 I appium  : The following attributes will be included to the page source: [resource-id, content-desc, text]
[2026-06-13T06:42:52.377Z] [ALL] 06-13 12:12:49.939  4226  4238 I tomator2.server: Method exceeds compiler instruction limit: 19260 in java_cup.runtime.Symbol org.eclipse.wst.xml.xpath2.processor.internal.CUP$XPathCup$actions.CUP$XPathCup$do_action(int, java_cup.runtime.lr_parser, java.util.Stack, int)
[2026-06-13T06:42:52.419Z] [ALL] 06-13 12:12:50.018  4226  4274 I appium  : Took 0ms to retrieve 0 matches for '//*[@resource-id="demo_guest_login_btn" or @content-desc="demo_guest_login_btn" or contains(@text, "Demo Mode") or contains(@text, "Offline Demo")]' XPath2 query
[2026-06-13T06:42:52.438Z] [ALL] 06-13 12:12:50.021  4226  4274 I appium  : AppiumResponse: {"sessionId":"bb437b4c-94d1-4759-aa25-0c4493c17649","value":{"error":"no such element","message":"An element could not be located on the page using the given search parameters","stacktrace":"io.appium.uiautomator2.common.exceptions.ElementNotFoundException: An element could not be located on the page using the given search parameters\n\tat io.appium.uiautomator2.utils.ElementLocationHelpers.findElement(ElementLocationHelpers.java:153)\n\tat io.appium.uiautomator2.handler.FindElement.safeHandle(FindElement.java:60)\n\tat io.appium.uiautomator2.handler.request.SafeRequestHandler.handle(SafeRequestHandler.java:59)\n\tat io.appium.uiautomator2.server.AppiumServlet.handleRequest(AppiumServlet.java:267)\n\tat io.appium.uiautomator2.server.AppiumServlet.handleHttpRequest(AppiumServlet.java:261)\n\tat io.appium.uiautomator2.http.ServerHandler.channelRead(ServerHandler.java:77)\n\tat io.netty.channel.AbstractChannelHandlerContext.fireChannelRead(AbstractChannelHandlerContext.java:357)\n\tat io.netty.handler.codec.MessageToMessageDecoder.channelRead(MessageToMessageDecoder.java:107)\n\tat io.netty.channel.AbstractChannelHandlerContext.fireChannelRead(AbstractChannelHandlerContext.java:357)\n\tat io.netty.channel.CombinedChannelDuplexHandler$DelegatingChannelHandlerContext.fireChannelRead(CombinedChannelDuplexHandler.java:434)\n\tat io.netty.handler.codec.ByteToMessageDecoder.fireChannelRead(ByteToMessageDecoder.java:361)\n\tat io.netty.handler.codec.ByteToMessageDecoder.channelRead(ByteToMessageDecoder.java:325)\n\tat io.netty.channel.CombinedChannelDuplexHandler.channelRead(CombinedChannelDuplexHandler.java:249)\n\tat io.netty.channel.AbstractChannelHandlerContext.fireChannelRead(AbstractChannelHandlerContext.java:355)\n\tat io.netty.handler.timeout.IdleStateHandler.channelRead(IdleStateHandler.java:288)\n\tat io.netty.channel.AbstractChannelHandlerContext.fireChannelRead(AbstractChannelHandlerContext.java:355)\n\tat io.netty.channel.DefaultChannelPipeline$HeadContext.channelRead(DefaultChannelPipeline.java:1429)\n\tat io.netty.channel.DefaultChannelPipeline.fireChannelRead(DefaultChannelPipeline.java:918)\n\tat io.netty.channel.nio.AbstractNioByteChannel$NioByteUnsafe.read(AbstractNioByteChannel.java:176)\n\tat io.netty.channel.nio.AbstractNioChannel$AbstractNioUnsafe.handle(AbstractNioChannel.java:445)\n\tat io.netty.channel.nio.NioIoHandler$DefaultNioRegistration.handle(NioIoHandler.java:388)\n\tat io.netty.channel.nio.NioIoHandler.processSelectedKey(NioIoHandler.java:596)\n\tat io.netty.channel.nio.NioIoHandler.processSelectedKeysOptimized(NioIoHandler.java:571)\n\tat io.netty.channel.nio.NioIoHandler.processSelectedKeys(NioIoHandler.java:512)\n\tat io.netty.channel.nio.NioIoHandler.run(NioIoHandler.java:484)\n\tat io.netty.channel.SingleThreadIoEventLoop.runIo(SingleThreadIoEventLoop.java:225)\n\tat io.netty.channel.SingleThreadIoEventLoop.run(SingleThreadIoEventLoop.java:196)\n\tat io.netty.util.concurrent.SingleThreadEventExecutor$5.run(SingleThreadEventExecutor.java:1195)\n\tat io.netty.util.internal.ThreadExecutorMap$2.run(ThreadExecutorMap.java:74)\n\tat io.netty.util.concurrent.FastThreadLocalRunnable.run(FastThreadLocalRunnable.java:30)\n\tat java.lang.Thread.run(Thread.java:1572)\n"}}
[2026-06-13T06:42:52.737Z] [ALL] 06-13 12:12:50.291  1695  4789 D OplusAppListInterceptManager: shouldFilterTask
[2026-06-13T06:42:52.737Z] [ALL] 06-13 12:12:50.291  1695  4789 D OplusAppListInterceptManager: shouldFilterTask::packageName = com.safebank.ai
[2026-06-13T06:42:52.737Z] [ALL] 06-13 12:12:50.291  1695  4789 D OplusAppListInterceptManager: shouldFilterTask
[2026-06-13T06:42:52.737Z] [ALL] 06-13 12:12:50.291  1695  4789 D OplusAppListInterceptManager: shouldFilterTask::packageName = com.aistudio.emergencydetector.bypcrw
[2026-06-13T06:42:52.737Z] [ALL] 06-13 12:12:50.291  1695  4789 D OplusAppListInterceptManager: shouldFilterTask
[2026-06-13T06:42:52.737Z] [ALL] 06-13 12:12:50.291  1695  4789 D OplusAppListInterceptManager: shouldFilterTask::packageName = com.whatsapp
[2026-06-13T06:42:52.737Z] [ALL] 06-13 12:12:50.292  1695  4789 D OplusAppListInterceptManager: shouldFilterTask
[2026-06-13T06:42:52.737Z] [ALL] 06-13 12:12:50.292  1695  4789 D OplusAppListInterceptManager: shouldFilterTask::packageName = com.google.android.apps.messaging
[2026-06-13T06:42:52.737Z] [ALL] 06-13 12:12:50.292  1695  4789 D OplusAppListInterceptManager: shouldFilterTask
[2026-06-13T06:42:52.737Z] [ALL] 06-13 12:12:50.292  1695  4789 D OplusAppListInterceptManager: shouldFilterTask::packageName = com.jio.myjio
[2026-06-13T06:42:52.737Z] [ALL] 06-13 12:12:50.292  1695  4789 D OplusAppListInterceptManager: shouldFilterTask
[2026-06-13T06:42:52.737Z] [ALL] 06-13 12:12:50.292  1695  4789 D OplusAppListInterceptManager: shouldFilterTask::packageName = com.oppo.quicksearchbox
[2026-06-13T06:42:52.737Z] [ALL] 06-13 12:12:50.297  4650  4650 W GuardElfCpu: type=1400 audit(0.0:13817): avc: denied { search } for name="20565" dev="proc" ino=18318756 scontext=u:r:system_app:s0 tcontext=u:r:adbd:s0 tclass=dir permissive=0
[2026-06-13T06:42:52.737Z] [ALL] 06-13 12:12:50.297  4650  4650 W GuardElfCpu: type=1400 audit(0.0:13818): avc: denied { read } for name="status" dev="proc" ino=18322976 scontext=u:r:system_app:s0 tcontext=u:r:logd:s0 tclass=file permissive=0
[2026-06-13T06:42:52.794Z] [ALL] 06-13 12:12:50.297  4650  4650 W GuardElfCpu: type=1400 audit(0.0:13819): avc: denied { read } for name="status" dev="proc" ino=18324087 scontext=u:r:system_app:s0 tcontext=u:r:kernel:s0 tclass=file permissive=0
[2026-06-13T06:42:52.794Z] [ALL] 06-13 12:12:50.297  4650  4650 W GuardElfCpu: type=1400 audit(0.0:13820): avc: denied { read } for name="status" dev="proc" ino=18324285 scontext=u:r:system_app:s0 tcontext=u:r:kernel:s0 tclass=file permissive=0
[2026-06-13T06:42:52.794Z] [ALL] 06-13 12:12:50.297  4650  4650 W GuardElfCpu: type=1400 audit(0.0:13821): avc: denied { read } for name="status" dev="proc" ino=18324189 scontext=u:r:system_app:s0 tcontext=u:r:kernel:s0 tclass=file permissive=0
[2026-06-13T06:42:52.794Z] [ALL] 06-13 12:12:50.297  4650  4650 W GuardElfCpu: type=1400 audit(0.0:13822): avc: denied { read } for name="status" dev="proc" ino=18323481 scontext=u:r:system_app:s0 tcontext=u:r:surfaceflinger:s0 tclass=file permissive=0
[2026-06-13T06:42:52.794Z] [ALL] 06-13 12:12:50.297  4650  4650 W GuardElfCpu: type=1400 audit(0.0:13823): avc: denied { read } for name="status" dev="proc" ino=18324150 scontext=u:r:system_app:s0 tcontext=u:r:shell:s0 tclass=file permissive=0
[2026-06-13T06:42:52.981Z] [ALL] 06-13 12:12:50.583  4226  4274 I appium  : channel read: POST /session/bb437b4c-94d1-4759-aa25-0c4493c17649/element
[2026-06-13T06:42:52.981Z] [ALL] 06-13 12:12:50.585  4226  4274 I appium  : FindElement command
[2026-06-13T06:42:52.981Z] [ALL] 06-13 12:12:50.587  4226  4274 I appium  : method: 'xpath', selector: '//*[@resource-id="demo_guest_login_btn" or @content-desc="demo_guest_login_btn" or contains(@text, "Demo Mode") or contains(@text, "Offline Demo")]'
[2026-06-13T06:42:52.981Z] [ALL] 06-13 12:12:50.587  4226  4274 I appium  : Waiting up to 10000ms for the device to idle
[2026-06-13T06:42:53.023Z] [ALL] 06-13 12:12:50.592  4226  4274 I appium  : The following attributes will be included to the page source: [resource-id, content-desc, text]
[2026-06-13T06:42:53.052Z] [ALL] 06-13 12:12:50.626  1695  2752 I OplusHansManager : uid=10349, pkg=io.appium.uiautomator2.server can transition from M to F
[2026-06-13T06:42:53.052Z] [ALL] 06-13 12:12:50.627  1695  2752 I OplusHansManager : uid=10349, pkg=io.appium.uiautomator2.server F enter(), M stay=1
[2026-06-13T06:42:53.052Z] [ALL] 06-13 12:12:50.632  1695  2752 I OplusHansManager : freeze uid: 10349 io.appium.uiautomator2.server pids: [4226] scene: LcdOn
[2026-06-13T06:42:53.076Z] [ALL] 06-13 12:12:50.632  7763  7793 E IHansComunication: HANS printMessageBody: RCV message: type = 0,port = 86870,caller_pid = 26745,caller_uid = 10246,target_pid = 4226,target_uid = 10349,pkg_cmd = -1,rpc = android.view.accessibility.IAccessibilityInteractionConnection/1
[2026-06-13T06:42:53.076Z] [ALL] 06-13 12:12:50.633  7763  7793 E IHansComunication: HANS printMessageBody: RCV message: type = 0,port = 86870,caller_pid = 26745,caller_uid = 10246,target_pid = 4226,target_uid = 10349,pkg_cmd = -1,rpc = android.view.accessibility.IAccessibilityInteractionConnection/3
[2026-06-13T06:42:53.076Z] [ALL] 06-13 12:12:50.633  7763 13029 D IHansComunication: HansComunication::addUid-- 10349, persistent--0
[2026-06-13T06:42:53.076Z] [ALL] 06-13 12:12:50.634  7763 13029 D IHansComunication: HANS sendMessageToKernel: threadId = 536992353456, netLinkSetup = 1, type = PKG, targetUid = 10349, pkgCmd = ADD_ONE_UID
[2026-06-13T06:42:53.076Z] [ALL] 06-13 12:12:50.635  1695  2771 I OplusHansManager : unfreeze uid: 10349 io.appium.uiautomator2.server pids: [4226] reason: AsyncBinder scene: LcdOn
[2026-06-13T06:42:53.076Z] [ALL] 06-13 12:12:50.636  1695  2771 I OplusHansManager : forceUnfreezeByPid pid= 4226 reason= unfreezeForKernel: AsyncBinder
[2026-06-13T06:42:53.076Z] [ALL] 06-13 12:12:50.638  1695  2752 I OplusHansManager : uid=10349, pkg=io.appium.uiautomator2.server, transition from F to Middle, reason=AsyncBinder
[2026-06-13T06:42:53.076Z] [ALL] 06-13 12:12:50.638  1695  2752 I OplusHansManager : uid=10349, pkg=io.appium.uiautomator2.server F exit(), F stay=0, reason=AsyncBinder
[2026-06-13T06:42:53.093Z] [ALL] 06-13 12:12:50.698  4226  4274 I appium  : Took 0ms to retrieve 0 matches for '//*[@resource-id="demo_guest_login_btn" or @content-desc="demo_guest_login_btn" or contains(@text, "Demo Mode") or contains(@text, "Offline Demo")]' XPath2 query
[2026-06-13T06:42:53.093Z] [ALL] 06-13 12:12:50.701  4226  4274 I appium  : AppiumResponse: {"sessionId":"bb437b4c-94d1-4759-aa25-0c4493c17649","value":{"error":"no such element","message":"An element could not be located on the page using the given search parameters","stacktrace":"io.appium.uiautomator2.common.exceptions.ElementNotFoundException: An element could not be located on the page using the given search parameters\n\tat io.appium.uiautomator2.utils.ElementLocationHelpers.findElement(ElementLocationHelpers.java:153)\n\tat io.appium.uiautomator2.handler.FindElement.safeHandle(FindElement.java:60)\n\tat io.appium.uiautomator2.handler.request.SafeRequestHandler.handle(SafeRequestHandler.java:59)\n\tat io.appium.uiautomator2.server.AppiumServlet.handleRequest(AppiumServlet.java:267)\n\tat io.appium.uiautomator2.server.AppiumServlet.handleHttpRequest(AppiumServlet.java:261)\n\tat io.appium.uiautomator2.http.ServerHandler.channelRead(ServerHandler.java:77)\n\tat io.netty.channel.AbstractChannelHandlerContext.fireChannelRead(AbstractChannelHandlerContext.java:357)\n\tat io.netty.handler.codec.MessageToMessageDecoder.channelRead(MessageToMessageDecoder.java:107)\n\tat io.netty.channel.AbstractChannelHandlerContext.fireChannelRead(AbstractChannelHandlerContext.java:357)\n\tat io.netty.channel.CombinedChannelDuplexHandler$DelegatingChannelHandlerContext.fireChannelRead(CombinedChannelDuplexHandler.java:434)\n\tat io.netty.handler.codec.ByteToMessageDecoder.fireChannelRead(ByteToMessageDecoder.java:361)\n\tat io.netty.handler.codec.ByteToMessageDecoder.channelRead(ByteToMessageDecoder.java:325)\n\tat io.netty.channel.CombinedChannelDuplexHandler.channelRead(CombinedChannelDuplexHandler.java:249)\n\tat io.netty.channel.AbstractChannelHandlerContext.fireChannelRead(AbstractChannelHandlerContext.java:355)\n\tat io.netty.handler.timeout.IdleStateHandler.channelRead(IdleStateHandler.java:288)\n\tat io.netty.channel.AbstractChannelHandlerContext.fireChannelRead(AbstractChannelHandlerContext.java:355)\n\tat io.netty.channel.DefaultChannelPipeline$HeadContext.channelRead(DefaultChannelPipeline.java:1429)\n\tat io.netty.channel.DefaultChannelPipeline.fireChannelRead(DefaultChannelPipeline.java:918)\n\tat io.netty.channel.nio.AbstractNioByteChannel$NioByteUnsafe.read(AbstractNioByteChannel.java:176)\n\tat io.netty.channel.nio.AbstractNioChannel$AbstractNioUnsafe.handle(AbstractNioChannel.java:445)\n\tat io.netty.channel.nio.NioIoHandler$DefaultNioRegistration.handle(NioIoHandler.java:388)\n\tat io.netty.channel.nio.NioIoHandler.processSelectedKey(NioIoHandler.java:596)\n\tat io.netty.channel.nio.NioIoHandler.processSelectedKeysOptimized(NioIoHandler.java:571)\n\tat io.netty.channel.nio.NioIoHandler.processSelectedKeys(NioIoHandler.java:512)\n\tat io.netty.channel.nio.NioIoHandler.run(NioIoHandler.java:484)\n\tat io.netty.channel.SingleThreadIoEventLoop.runIo(SingleThreadIoEventLoop.java:225)\n\tat io.netty.channel.SingleThreadIoEventLoop.run(SingleThreadIoEventLoop.java:196)\n\tat io.netty.util.concurrent.SingleThreadEventExecutor$5.run(SingleThreadEventExecutor.java:1195)\n\tat io.netty.util.internal.ThreadExecutorMap$2.run(ThreadExecutorMap.java:74)\n\tat io.netty.util.concurrent.FastThreadLocalRunnable.run(FastThreadLocalRunnable.java:30)\n\tat java.lang.Thread.run(Thread.java:1572)\n"}}
[2026-06-13T06:42:53.147Z] [ALL] 06-13 12:12:50.737   934   934 D vendor.oplus.hardware.charger@1.0-service: getPsyUsbType type: USB, ret_value = 3
[2026-06-13T06:42:53.193Z] [ALL] 06-13 12:12:50.737   934   934 D vendor.oplus.hardware.charger@1.0-service: getPsyUsbType type: USB is usb charging.
[2026-06-13T06:42:53.233Z] [ALL] 06-13 12:12:50.753   934   934 D vendor.oplus.hardware.charger@1.0-service: getPsyUsbType type: USB, ret_value = 3
[2026-06-13T06:42:53.233Z] [ALL] 06-13 12:12:50.754   934   934 D vendor.oplus.hardware.charger@1.0-service: getPsyUsbType type: USB is usb charging.
[2026-06-13T06:42:53.233Z] [ALL] 06-13 12:12:50.793   924  3217 E PerformanceService: storage_feature: open /sys/devices/platform/soc/112b0000.ufshci//virtualtlcbuff fail
[2026-06-13T06:42:53.233Z] [ALL] 06-13 12:12:50.800   934   934 D vendor.oplus.hardware.charger@1.0-service: getChargerControl:
[2026-06-13T06:42:53.265Z] [ALL] 06-13 12:12:50.804   858 28068 E netd    : dispachCmd:oplusGetRtt
[2026-06-13T06:42:53.265Z] [ALL] 06-13 12:12:50.804   858 28068 E netd    : handleGetRttCmd: netId = 204, uid = 10246
[2026-06-13T06:42:53.265Z] [ALL] 06-13 12:12:50.805   858 28068 E netd    : dispachCmd cmd:oplusGetRtt  result:0
[2026-06-13T06:42:53.265Z] [ALL] 06-13 12:12:50.806   858 28068 E netd    : dispachCmd:oplusGetRtt
[2026-06-13T06:42:53.265Z] [ALL] 06-13 12:12:50.806   858 28068 E netd    : handleGetRttCmd: netId = 206, uid = 10246
[2026-06-13T06:42:53.265Z] [ALL] 06-13 12:12:50.807   858 28068 E netd    : dispachCmd cmd:oplusGetRtt  result:0
[2026-06-13T06:42:53.265Z] [ALL] 06-13 12:12:50.808  1695  2144 D OplusWifiConnect2: clientModeManager == null, getOplusSta2ConnectionInfo null
[2026-06-13T06:42:53.265Z] [ALL] 06-13 12:12:50.808  1695  2148 D WN_S    : isCellQualityGood is false, curscore =92, no need to switch lte
[2026-06-13T06:42:53.644Z] [ALL] 06-13 12:12:51.232  4226  4274 I appium  : channel read: POST /session/bb437b4c-94d1-4759-aa25-0c4493c17649/element
[2026-06-13T06:42:53.644Z] [ALL] 06-13 12:12:51.233  4226  4274 I appium  : FindElement command
[2026-06-13T06:42:53.661Z] [ALL] 06-13 12:12:51.235  4226  4274 I appium  : method: 'xpath', selector: '//*[@resource-id="demo_guest_login_btn" or @content-desc="demo_guest_login_btn" or contains(@text, "Demo Mode") or contains(@text, "Offline Demo")]'
[2026-06-13T06:42:53.661Z] [ALL] 06-13 12:12:51.235  4226  4274 I appium  : Waiting up to 10000ms for the device to idle
[2026-06-13T06:42:53.687Z] [ALL] 06-13 12:12:51.237  4226  4274 I appium  : The following attributes will be included to the page source: [resource-id, content-desc, text]
[2026-06-13T06:42:53.717Z] [ALL] 06-13 12:12:51.319  4226  4274 I appium  : Took 0ms to retrieve 0 matches for '//*[@resource-id="demo_guest_login_btn" or @content-desc="demo_guest_login_btn" or contains(@text, "Demo Mode") or contains(@text, "Offline Demo")]' XPath2 query
[2026-06-13T06:42:53.724Z] [ALL] 06-13 12:12:51.322  4226  4274 I appium  : AppiumResponse: {"sessionId":"bb437b4c-94d1-4759-aa25-0c4493c17649","value":{"error":"no such element","message":"An element could not be located on the page using the given search parameters","stacktrace":"io.appium.uiautomator2.common.exceptions.ElementNotFoundException: An element could not be located on the page using the given search parameters\n\tat io.appium.uiautomator2.utils.ElementLocationHelpers.findElement(ElementLocationHelpers.java:153)\n\tat io.appium.uiautomator2.handler.FindElement.safeHandle(FindElement.java:60)\n\tat io.appium.uiautomator2.handler.request.SafeRequestHandler.handle(SafeRequestHandler.java:59)\n\tat io.appium.uiautomator2.server.AppiumServlet.handleRequest(AppiumServlet.java:267)\n\tat io.appium.uiautomator2.server.AppiumServlet.handleHttpRequest(AppiumServlet.java:261)\n\tat io.appium.uiautomator2.http.ServerHandler.channelRead(ServerHandler.java:77)\n\tat io.netty.channel.AbstractChannelHandlerContext.fireChannelRead(AbstractChannelHandlerContext.java:357)\n\tat io.netty.handler.codec.MessageToMessageDecoder.channelRead(MessageToMessageDecoder.java:107)\n\tat io.netty.channel.AbstractChannelHandlerContext.fireChannelRead(AbstractChannelHandlerContext.java:357)\n\tat io.netty.channel.CombinedChannelDuplexHandler$DelegatingChannelHandlerContext.fireChannelRead(CombinedChannelDuplexHandler.java:434)\n\tat io.netty.handler.codec.ByteToMessageDecoder.fireChannelRead(ByteToMessageDecoder.java:361)\n\tat io.netty.handler.codec.ByteToMessageDecoder.channelRead(ByteToMessageDecoder.java:325)\n\tat io.netty.channel.CombinedChannelDuplexHandler.channelRead(CombinedChannelDuplexHandler.java:249)\n\tat io.netty.channel.AbstractChannelHandlerContext.fireChannelRead(AbstractChannelHandlerContext.java:355)\n\tat io.netty.handler.timeout.IdleStateHandler.channelRead(IdleStateHandler.java:288)\n\tat io.netty.channel.AbstractChannelHandlerContext.fireChannelRead(AbstractChannelHandlerContext.java:355)\n\tat io.netty.channel.DefaultChannelPipeline$HeadContext.channelRead(DefaultChannelPipeline.java:1429)\n\tat io.netty.channel.DefaultChannelPipeline.fireChannelRead(DefaultChannelPipeline.java:918)\n\tat io.netty.channel.nio.AbstractNioByteChannel$NioByteUnsafe.read(AbstractNioByteChannel.java:176)\n\tat io.netty.channel.nio.AbstractNioChannel$AbstractNioUnsafe.handle(AbstractNioChannel.java:445)\n\tat io.netty.channel.nio.NioIoHandler$DefaultNioRegistration.handle(NioIoHandler.java:388)\n\tat io.netty.channel.nio.NioIoHandler.processSelectedKey(NioIoHandler.java:596)\n\tat io.netty.channel.nio.NioIoHandler.processSelectedKeysOptimized(NioIoHandler.java:571)\n\tat io.netty.channel.nio.NioIoHandler.processSelectedKeys(NioIoHandler.java:512)\n\tat io.netty.channel.nio.NioIoHandler.run(NioIoHandler.java:484)\n\tat io.netty.channel.SingleThreadIoEventLoop.runIo(SingleThreadIoEventLoop.java:225)\n\tat io.netty.channel.SingleThreadIoEventLoop.run(SingleThreadIoEventLoop.java:196)\n\tat io.netty.util.concurrent.SingleThreadEventExecutor$5.run(SingleThreadEventExecutor.java:1195)\n\tat io.netty.util.internal.ThreadExecutorMap$2.run(ThreadExecutorMap.java:74)\n\tat io.netty.util.concurrent.FastThreadLocalRunnable.run(FastThreadLocalRunnable.java:30)\n\tat java.lang.Thread.run(Thread.java:1572)\n"}}
[2026-06-13T06:42:53.974Z] [ALL] 06-13 12:12:51.574  2744  3150 D PhoneInterfaceManager: [PhoneIntfMgr] QueryTelephonyChecker-getDataNetworkTypeForSubscriber: packageName = com.android.phone, isGrant = true
[2026-06-13T06:42:53.974Z] [ALL] 06-13 12:12:51.575  2744  3150 D PhoneInterfaceManager: [PhoneIntfMgr] QueryTelephonyChecker-getDataNetworkTypeForSubscriber: packageName = com.android.phone, isGrant = true
[2026-06-13T06:42:54.037Z] [ALL] 06-13 12:12:51.634  7763 13029 D IHansComunication: HANS sendMessageToKernel: threadId = 536992353456, netLinkSetup = 1, type = FROZEN_TRANS, targetUid = 10349, pkgCmd = PKG_CMD_MAX
[2026-06-13T06:42:54.239Z] [ALL] 06-13 12:12:51.845  4226  4274 I appium  : channel read: POST /session/bb437b4c-94d1-4759-aa25-0c4493c17649/element
[2026-06-13T06:42:54.289Z] [ALL] 06-13 12:12:51.846  4226  4274 I appium  : FindElement command
[2026-06-13T06:42:54.289Z] [ALL] 06-13 12:12:51.848  4226  4274 I appium  : method: 'xpath', selector: '//*[@resource-id="demo_guest_login_btn" or @content-desc="demo_guest_login_btn" or contains(@text, "Demo Mode") or contains(@text, "Offline Demo")]'
[2026-06-13T06:42:54.289Z] [ALL] 06-13 12:12:51.848  4226  4274 I appium  : Waiting up to 10000ms for the device to idle
[2026-06-13T06:42:54.337Z] [ALL] 06-13 12:12:51.850  4226  4274 I appium  : The following attributes will be included to the page source: [resource-id, content-desc, text]
[2026-06-13T06:42:54.337Z] [ALL] 06-13 12:12:51.862  4226  4238 I tomator2.server: Method exceeds compiler instruction limit: 19260 in java_cup.runtime.Symbol org.eclipse.wst.xml.xpath2.processor.internal.CUP$XPathCup$actions.CUP$XPathCup$do_action(int, java_cup.runtime.lr_parser, java.util.Stack, int)
[2026-06-13T06:42:54.354Z] [ALL] 06-13 12:12:51.949  4226  4274 I appium  : Took 0ms to retrieve 0 matches for '//*[@resource-id="demo_guest_login_btn" or @content-desc="demo_guest_login_btn" or contains(@text, "Demo Mode") or contains(@text, "Offline Demo")]' XPath2 query
[2026-06-13T06:42:54.354Z] [ALL] 06-13 12:12:51.952  4226  4274 I appium  : AppiumResponse: {"sessionId":"bb437b4c-94d1-4759-aa25-0c4493c17649","value":{"error":"no such element","message":"An element could not be located on the page using the given search parameters","stacktrace":"io.appium.uiautomator2.common.exceptions.ElementNotFoundException: An element could not be located on the page using the given search parameters\n\tat io.appium.uiautomator2.utils.ElementLocationHelpers.findElement(ElementLocationHelpers.java:153)\n\tat io.appium.uiautomator2.handler.FindElement.safeHandle(FindElement.java:60)\n\tat io.appium.uiautomator2.handler.request.SafeRequestHandler.handle(SafeRequestHandler.java:59)\n\tat io.appium.uiautomator2.server.AppiumServlet.handleRequest(AppiumServlet.java:267)\n\tat io.appium.uiautomator2.server.AppiumServlet.handleHttpRequest(AppiumServlet.java:261)\n\tat io.appium.uiautomator2.http.ServerHandler.channelRead(ServerHandler.java:77)\n\tat io.netty.channel.AbstractChannelHandlerContext.fireChannelRead(AbstractChannelHandlerContext.java:357)\n\tat io.netty.handler.codec.MessageToMessageDecoder.channelRead(MessageToMessageDecoder.java:107)\n\tat io.netty.channel.AbstractChannelHandlerContext.fireChannelRead(AbstractChannelHandlerContext.java:357)\n\tat io.netty.channel.CombinedChannelDuplexHandler$DelegatingChannelHandlerContext.fireChannelRead(CombinedChannelDuplexHandler.java:434)\n\tat io.netty.handler.codec.ByteToMessageDecoder.fireChannelRead(ByteToMessageDecoder.java:361)\n\tat io.netty.handler.codec.ByteToMessageDecoder.channelRead(ByteToMessageDecoder.java:325)\n\tat io.netty.channel.CombinedChannelDuplexHandler.channelRead(CombinedChannelDuplexHandler.java:249)\n\tat io.netty.channel.AbstractChannelHandlerContext.fireChannelRead(AbstractChannelHandlerContext.java:355)\n\tat io.netty.handler.timeout.IdleStateHandler.channelRead(IdleStateHandler.java:288)\n\tat io.netty.channel.AbstractChannelHandlerContext.fireChannelRead(AbstractChannelHandlerContext.java:355)\n\tat io.netty.channel.DefaultChannelPipeline$HeadContext.channelRead(DefaultChannelPipeline.java:1429)\n\tat io.netty.channel.DefaultChannelPipeline.fireChannelRead(DefaultChannelPipeline.java:918)\n\tat io.netty.channel.nio.AbstractNioByteChannel$NioByteUnsafe.read(AbstractNioByteChannel.java:176)\n\tat io.netty.channel.nio.AbstractNioChannel$AbstractNioUnsafe.handle(AbstractNioChannel.java:445)\n\tat io.netty.channel.nio.NioIoHandler$DefaultNioRegistration.handle(NioIoHandler.java:388)\n\tat io.netty.channel.nio.NioIoHandler.processSelectedKey(NioIoHandler.java:596)\n\tat io.netty.channel.nio.NioIoHandler.processSelectedKeysOptimized(NioIoHandler.java:571)\n\tat io.netty.channel.nio.NioIoHandler.processSelectedKeys(NioIoHandler.java:512)\n\tat io.netty.channel.nio.NioIoHandler.run(NioIoHandler.java:484)\n\tat io.netty.channel.SingleThreadIoEventLoop.runIo(SingleThreadIoEventLoop.java:225)\n\tat io.netty.channel.SingleThreadIoEventLoop.run(SingleThreadIoEventLoop.java:196)\n\tat io.netty.util.concurrent.SingleThreadEventExecutor$5.run(SingleThreadEventExecutor.java:1195)\n\tat io.netty.util.internal.ThreadExecutorMap$2.run(ThreadExecutorMap.java:74)\n\tat io.netty.util.concurrent.FastThreadLocalRunnable.run(FastThreadLocalRunnable.java:30)\n\tat java.lang.Thread.run(Thread.java:1572)\n"}}
[2026-06-13T06:42:54.514Z] [ALL] 06-13 12:12:52.122  2744  2744 D OplusTelephonyController: onSignalStrengthChanged: SignalStrength=SignalStrength:{mCdma=CellSignalStrengthCdma: cdmaDbm=2147483647 cdmaEcio=2147483647 evdoDbm=2147483647 evdoEcio=2147483647 evdoSnr=2147483647 level=0,mGsm=CellSignalStrengthGsm: rssi=2147483647 ber=2147483647 mTa=2147483647 mLevel=0,mWcdma=CellSignalStrengthWcdma: ss=2147483647 ber=2147483647 rscp=2147483647 ecno=2147483647 level=0,mTdscdma=CellSignalStrengthTdscdma: rssi=2147483647 ber=2147483647 rscp=2147483647 level=0,mLte=CellSignalStrengthLte: rssi=2147483647 rsrp=2147483647 rsrq=2147483647 rssnr=2147483647 cqiTableIndex=2147483647 cqi=2147483647 ta=2147483647 level=0 parametersUseForLevel=0,mNr=CellSignalStrengthNr:{ csiRsrp = 2147483647 csiRsrq = 2147483647 csiCqiTableIndex = 2147483647 csiCqiReport = [] ssRsrp = -82 ssRsrq = -7 ssSinr = 21 level = 2 parametersUseForLevel = 0 },primary=CellSignalStrengthNr}, phoneId=0, mMtkLevel=0, mMtkRsrpOnly=false, mMtkLteRsrpThreshold=null, mMtkLteRssnrThreshold=null
[2026-06-13T06:42:54.559Z] [ALL] 06-13 12:12:52.148  1695  2752 I OplusHansManager : uid=10349, pkg=io.appium.uiautomator2.server can transition from M to F
[2026-06-13T06:42:54.559Z] [ALL] 06-13 12:12:52.149  1695  2752 I OplusHansManager : uid=10349, pkg=io.appium.uiautomator2.server F enter(), M stay=1
[2026-06-13T06:42:54.559Z] [ALL] 06-13 12:12:52.152  1695  2752 I OplusHansManager : freeze uid: 10349 io.appium.uiautomator2.server pids: [4226] scene: LcdOn
[2026-06-13T06:42:54.559Z] [ALL] 06-13 12:12:52.154  7763 13029 D IHansComunication: HansComunication::addUid-- 10349, persistent--0
[2026-06-13T06:42:54.559Z] [ALL] 06-13 12:12:52.154  7763 13029 D IHansComunication: HANS sendMessageToKernel: threadId = 536992353456, netLinkSetup = 1, type = PKG, targetUid = 10349, pkgCmd = ADD_ONE_UID
[2026-06-13T06:42:54.604Z] [ALL] 06-13 12:12:52.175  1000  1547 D SurfaceFlinger: kickIdle 3081, 2572, 34, 0
[2026-06-13T06:42:54.604Z] [ALL] 06-13 12:12:52.175   882   882 E hwcomposer: [DRMDEV] DRM_IOCTL_MTK_KICK_IDLE failed, drm_id_crtc: 64, error: -1  
[2026-06-13T06:42:54.776Z] [ALL] 06-13 12:12:52.359  1046  1046 I libPerfCtl: gbeGetCmd ioctl_ret:-1
[2026-06-13T06:42:54.839Z] [ALL] 06-13 12:12:52.443 22664 32246 I NearbyMediums: Found Fast Ble Advertisements :
[2026-06-13T06:42:54.839Z] [ALL] 06-13 12:12:52.443 22664 32246 I NearbyMediums: BleAdvertisement { version=2, socketVersion=2, isFast=true, serviceIdHash=null, data=[ 0x23 0x46 0x41 0x55 0x44 0x11 0x16 0xea 0x4d 0x1e 0x41 0xfc 0x1f 0x24 0xd6 0x55 0xc3 0x60 0xf0 0x08 0xfa 0xec 0x94 ], deviceToken=[ 0x43 0x9b ], rxAdvertisement=null } : 2 times.
[2026-06-13T06:42:54.839Z] [ALL] 06-13 12:12:52.443 22664 32246 I NearbyMediums: BleAdvertisement { version=2, socketVersion=2, isFast=true, serviceIdHash=null, data=[ 0x23 0x44 0x54 0x50 0x4e 0x11 0x32 0x72 0xf6 0x98 0x9c 0xea 0x7a 0x00 0x08 0xd3 0xa5 0x1d 0x60 0x54 0x6b 0x9e 0x2c ], deviceToken=[ 0x66 0xba ], rxAdvertisement=null } : 1 times.
[2026-06-13T06:42:54.839Z] [ALL] 06-13 12:12:52.443 22664 32246 I NearbyMediums: BleAdvertisement { version=2, socketVersion=2, isFast=true, serviceIdHash=null, data=[ 0x23 0x37 0x43 0x56 0x41 0x11 0x32 0x76 0x67 0x24 0xca 0xc8 0x62 0x38 0xca 0x8d 0x00 0x6e 0x93 0x6a 0xf1 0xc4 0x27 ], deviceToken=[ 0x2f 0x5f ], rxAdvertisement=null } : 4 times.
[2026-06-13T06:42:54.839Z] [ALL] 06-13 12:12:52.443 22664 32246 I NearbyMediums: BleAdvertisement { version=2, socketVersion=2, isFast=true, serviceIdHash=null, data=[ 0x23 0x57 0x44 0x4f 0x32 0x11 0x16 0x2c 0xdd 0x5b 0x0b 0xea 0xcb 0x3a 0x55 0x2d 0x8e 0xa6 0x25 0xa8 0x20 0x8a 0xcf ], deviceToken=[ 0x9d 0x3f ], rxAdvertisement=null } : 2 times.
[2026-06-13T06:42:54.839Z] [ALL] 06-13 12:12:52.443 22664 32246 I NearbyMediums: Total 9 fast advertisements from 4 unique advertisers.
[2026-06-13T06:42:54.929Z] [ALL] 06-13 12:12:52.444 22664 32246 I NearbyMediums: Current Tracked Scanning Clients are : {NearbyConnections.EnvironmentMonitor, NearbySharing}
[2026-06-13T06:42:55.465Z] [ALL] 06-13 12:12:53.072  1000  1193 D VRR [OTI]: handleIdle from 0 to 1
[2026-06-13T06:42:55.515Z] [ALL] 06-13 12:12:53.073  1000  1193 D VRR [OTI-HW]: isStateReady 0
[2026-06-13T06:42:55.547Z] [ALL] 06-13 12:12:53.073  1000  1193 D VRR [OTI-HW]: rate range: min {id=0, hwcId=0, resolution=1080x2400, refreshRate=60.00 Hz, dpi=409.43x409.13, group=0} cur {id=0, hwcId=0, resolution=1080x2400, refreshRate=60.00 Hz, dpi=409.43x409.13, group=0} max {id=0, hwcId=0, resolution=1080x2400, refreshRate=60.00 Hz, dpi=409.43x409.13, group=0}
[2026-06-13T06:42:55.547Z] [ALL] 06-13 12:12:53.073  1000  1193 D VRR [OTI-HW]: keep rate.
[2026-06-13T06:42:55.570Z] [ALL] 06-13 12:12:53.154  7763 13029 D IHansComunication: HANS sendMessageToKernel: threadId = 536992353456, netLinkSetup = 1, type = FROZEN_TRANS, targetUid = 10349, pkgCmd = PKG_CMD_MAX
[2026-06-13T06:42:55.746Z] [ALL] 06-13 12:12:53.331   858 28068 E TetherController: property_get sys.radio.data.modem_share_flag return 0, 1!
[2026-06-13T06:42:55.977Z] [ALL] 06-13 12:12:53.584  1284  1284 I thermal_repeater: [recvMdThermalInfo] ret=33, strLen=127,  4, 46, -50, -28457, 32767, 14084
[2026-06-13T06:42:56.303Z] [ALL] 06-13 12:12:53.859   858 28068 E netd    : dispachCmd:oplusGetRtt
[2026-06-13T06:42:56.303Z] [ALL] 06-13 12:12:53.859   858 28068 E netd    : handleGetRttCmd: netId = 204, uid = 10246
[2026-06-13T06:42:56.303Z] [ALL] 06-13 12:12:53.863   858 28068 E netd    : dispachCmd cmd:oplusGetRtt  result:0
[2026-06-13T06:42:56.303Z] [ALL] 06-13 12:12:53.864   858  5601 E netd    : dispachCmd:oplusGetRtt
[2026-06-13T06:42:56.303Z] [ALL] 06-13 12:12:53.864   858  5601 E netd    : handleGetRttCmd: netId = 206, uid = 10246
[2026-06-13T06:42:56.303Z] [ALL] 06-13 12:12:53.866   858  5601 E netd    : dispachCmd cmd:oplusGetRtt  result:0
[2026-06-13T06:42:56.341Z] [ALL] 06-13 12:12:53.869  1695  2144 D OplusWifiConnect2: clientModeManager == null, getOplusSta2ConnectionInfo null
[2026-06-13T06:42:56.341Z] [ALL] 06-13 12:12:53.870  1695  2148 D WN_S    : isCellQualityGood is false, curscore =91, no need to switch lte
[2026-06-13T06:42:57.181Z] [ALL] 06-13 12:12:54.784  1695  1725 D SensorService: onUidStateChanged uid = 10141, state = UID_STATE_IDLE
[2026-06-13T06:42:57.228Z] [ALL] 06-13 12:12:54.791  1000  1547 D SurfaceFlinger: kickIdle 2615, 2592, 35, 0
[2026-06-13T06:42:57.228Z] [ALL] 06-13 12:12:54.791   882   882 E hwcomposer: [DRMDEV] DRM_IOCTL_MTK_KICK_IDLE failed, drm_id_crtc: 64, error: -1  
[2026-06-13T06:42:58.023Z] [ALL] 06-13 12:12:55.602  1000  1703 D OplusHecate: pixels[1077,117]=0xff605d5a
[2026-06-13T06:42:58.237Z] [ALL] 06-13 12:12:55.793   924  3217 E PerformanceService: storage_feature: open /sys/devices/platform/soc/112b0000.ufshci//virtualtlcbuff fail
[2026-06-13T06:42:58.279Z] [ALL] 06-13 12:12:55.805   934   934 D vendor.oplus.hardware.charger@1.0-service: getChargerControl:
[2026-06-13T06:42:58.531Z] [ALL] 06-13 12:12:56.134 13755 13755 D BoundBrokerSvc: onUnbind: Intent { act=com.google.android.gms.onboardingconsent.api.ConsentManagerApiService.START dat=chimera-action:/... cmp=com.google.android.gms/.chimera.GmsApiService }
[2026-06-13T06:42:59.120Z] [ALL] 06-13 12:12:56.701   934   934 D vendor.oplus.hardware.charger@1.0-service: getPsyUsbType type: USB, ret_value = 3
[2026-06-13T06:42:59.120Z] [ALL] 06-13 12:12:56.701   934   934 D vendor.oplus.hardware.charger@1.0-service: getPsyUsbType type: USB is usb charging.
[2026-06-13T06:42:59.155Z] [ALL] 06-13 12:12:56.705   934   934 D vendor.oplus.hardware.charger@1.0-service: getPsyUsbType type: USB, ret_value = 3
[2026-06-13T06:42:59.155Z] [ALL] 06-13 12:12:56.705   934   934 D vendor.oplus.hardware.charger@1.0-service: getPsyUsbType type: USB is usb charging.
[2026-06-13T06:42:59.319Z] [ALL] 06-13 12:12:56.866  1695  1695 D PowerManagerService: userActivityNoUpdateLocked: groupId=0, eventTime=118578189, event=0, flags=0x0, uid=1000
[2026-06-13T06:42:59.319Z] [ALL] 06-13 12:12:56.870  1000  1193 D VRR [OTI]: handleIdle from 1 to 0
[2026-06-13T06:42:59.319Z] [ALL] 06-13 12:12:56.870  1000  1193 D VRR [OTI-HW]: isStateReady 0
[2026-06-13T06:42:59.319Z] [ALL] 06-13 12:12:56.871  1000  1193 D VRR [OTI-HW]: rate range: min {id=0, hwcId=0, resolution=1080x2400, refreshRate=60.00 Hz, dpi=409.43x409.13, group=0} cur {id=0, hwcId=0, resolution=1080x2400, refreshRate=60.00 Hz, dpi=409.43x409.13, group=0} max {id=0, hwcId=0, resolution=1080x2400, refreshRate=60.00 Hz, dpi=409.43x409.13, group=0}
[2026-06-13T06:42:59.319Z] [ALL] 06-13 12:12:56.871  1000  1193 D VRR [OTI-HW]: keep rate.
[2026-06-13T06:42:59.319Z] [ALL] 06-13 12:12:56.871  1695  2495 I mtkpower_client: perf_lock_rel, hdl:35954, tid:2495
[2026-06-13T06:42:59.319Z] [ALL] 06-13 12:12:56.871 26745 26745 D VRI[GrantPermissionsActivity]: handleWindowFocusChanged mWindowFocusChanged false mUpcomingWindowFocus true mAdded true
[2026-06-13T06:42:59.319Z] [ALL] 06-13 12:12:56.871  1695  2261 D OGG_Detector: D:done mCurrStatus: 0
[2026-06-13T06:42:59.319Z] [ALL] 06-13 12:12:56.871  1695  2495 I mtkpower_client: perf_lock_acq, hdl:35954, dur:0, num:8, tid:2495
[2026-06-13T06:42:59.319Z] [ALL] 06-13 12:12:56.872  1695  2113 D PowerManagerService: userActivityNoUpdateLocked: groupId=0, eventTime=118578189, event=2, flags=0x0, uid=1000
[2026-06-13T06:42:59.319Z] [ALL] 06-13 12:12:56.872   901   920 I mtkpower@impl: [check_work_req] i:1, msg:1 hdl:35954, wait
[2026-06-13T06:42:59.319Z] [ALL] 06-13 12:12:56.872  2376  3194 D NoBackGesture: Start gesture: 
[2026-06-13T06:42:59.319Z] [ALL] 06-13 12:12:56.873  2376  3194 D NoBackGesture: Not in side gesture area
[2026-06-13T06:42:59.358Z] [ALL] 06-13 12:12:56.875   901   965 I libPowerHal: [perfLockRel] hdl:35954, idx:0
[2026-06-13T06:42:59.358Z] [ALL] 06-13 12:12:56.876   901   965 I libPowerHal: system_server: hard user limit set cpu freq: -1 -1 -1 -1
[2026-06-13T06:42:59.358Z] [ALL] 06-13 12:12:56.876   901   965 I libPowerHal: [PD] system_server update cmd:2004100 param:0
[2026-06-13T06:42:59.358Z] [ALL] 06-13 12:12:56.877  1695  2495 I mtkpower_client: ret_hdl:35956
[2026-06-13T06:42:59.358Z] [ALL] 06-13 12:12:56.877   901   965 I libPowerHal: system_server: hard user limit set cpu freq: -1 1903000 -1 1900000
[2026-06-13T06:42:59.358Z] [ALL] 06-13 12:12:56.898   858  5601 E netd    : dispachCmd:oplusGetRtt
[2026-06-13T06:42:59.358Z] [ALL] 06-13 12:12:56.898   858  5601 E netd    : handleGetRttCmd: netId = 204, uid = 10246
[2026-06-13T06:42:59.358Z] [ALL] 06-13 12:12:56.900   858  5601 E netd    : dispachCmd cmd:oplusGetRtt  result:0
[2026-06-13T06:42:59.358Z] [ALL] 06-13 12:12:56.900   858  5601 E netd    : dispachCmd:oplusGetRtt
[2026-06-13T06:42:59.358Z] [ALL] 06-13 12:12:56.900   858  5601 E netd    : handleGetRttCmd: netId = 206, uid = 10246
[2026-06-13T06:42:59.358Z] [ALL] 06-13 12:12:56.902   858  5601 E netd    : dispachCmd cmd:oplusGetRtt  result:0
[2026-06-13T06:42:59.358Z] [ALL] 06-13 12:12:56.905  1695  2144 D OplusWifiConnect2: clientModeManager == null, getOplusSta2ConnectionInfo null
[2026-06-13T06:42:59.358Z] [ALL] 06-13 12:12:56.906  1695  2148 D WN_S    : isCellQualityGood is false, curscore =91, no need to switch lte
[2026-06-13T06:42:59.358Z] [ALL] 06-13 12:12:56.914  1000  1547 D SurfaceFlinger: kickIdle 2123, 2059, 35, 0
[2026-06-13T06:42:59.358Z] [ALL] 06-13 12:12:56.914   882   882 E hwcomposer: [DRMDEV] DRM_IOCTL_MTK_KICK_IDLE failed, drm_id_crtc: 64, error: -1  
[2026-06-13T06:42:59.422Z] [ALL] 06-13 12:12:56.990  1000  1547 D SurfaceFlinger: kickIdle 76, 56, 35, 0
[2026-06-13T06:42:59.422Z] [ALL] 06-13 12:12:56.991   882   882 E hwcomposer: [DRMDEV] DRM_IOCTL_MTK_KICK_IDLE failed, drm_id_crtc: 64, error: -1  
[2026-06-13T06:42:59.422Z] [ALL] 06-13 12:12:56.995  1695  1695 D PowerManagerService: userActivityNoUpdateLocked: groupId=0, eventTime=118578319, event=0, flags=0x0, uid=1000
[2026-06-13T06:42:59.422Z] [ALL] 06-13 12:12:56.998   901   965 I libPowerHal: [perfLockRel] hdl:35955, idx:4
[2026-06-13T06:42:59.422Z] [ALL] 06-13 12:12:56.998 26745 26745 D VRI[GrantPermissionsActivity]: handleWindowFocusChanged mWindowFocusChanged false mUpcomingWindowFocus true mAdded true
[2026-06-13T06:42:59.422Z] [ALL] 06-13 12:12:56.998   901   965 I libPowerHal: [PD] MTKPOWER_HINT_APP_TOUCH update cmd:3408600 param:0
[2026-06-13T06:42:59.422Z] [ALL] 06-13 12:12:56.999  1695  2113 D PowerManagerService: userActivityNoUpdateLocked: groupId=0, eventTime=118578319, event=2, flags=0x0, uid=1000
[2026-06-13T06:42:59.422Z] [ALL] 06-13 12:12:57.000 26745 26745 I GrantPermissionsViewModel: Logged buttons presented and clicked permissionGroupName=android.permission-group.NOTIFICATIONS uid=10355 package=com.safebank.ai presentedButtons=9 clickedButton=8 isPermissionRationaleShown=false sessionId=-1154345666672363864 targetSdk=36 prompt=BASIC initialLocationPrecision=0 selectedLocationPrecision=0 locationAccuracyButtonClicked= false
[2026-06-13T06:42:59.422Z] [ALL] 06-13 12:12:57.001 26745 26745 I GrantPermissionsViewModel: Permission grant result requestId=-1154345666672363864 callingUid=10355 callingPackage=com.safebank.ai permission=android.permission.POST_NOTIFICATIONS isImplicit=false result=6 isPermissionRationaleShown=falseisPackageRestrictedByEnhancedConfirmation=false
[2026-06-13T06:42:59.457Z] [ALL] 06-13 12:12:57.009  7763  7793 E IHansComunication: HANS printMessageBody: RCV message: type = 0,port = 86870,caller_pid = 1695,caller_uid = 1000,target_pid = 4226,target_uid = 10349,pkg_cmd = -1,rpc = android.accessibilityservice.IAccessibilityServiceClient/2
[2026-06-13T06:42:59.457Z] [ALL] 06-13 12:12:57.010  7763  7793 E IHansComunication: HANS printMessageBody: RCV message: type = 0,port = 86870,caller_pid = 1695,caller_uid = 1000,target_pid = 4226,target_uid = 10349,pkg_cmd = -1,rpc = android.accessibilityservice.IAccessibilityServiceClient/2
[2026-06-13T06:42:59.457Z] [ALL] 06-13 12:12:57.013  1695  2589 D OplusFullScreenDisplayManager: adjustWindowParamsLw com.google.android.permissioncontroller, no change cutoutMode: 0
[2026-06-13T06:42:59.457Z] [ALL] 06-13 12:12:57.013  1695  2589 V WindowManager: Relayout Window{ab8c891 u0 com.google.android.permissioncontroller/com.android.permissioncontroller.permission.ui.GrantPermissionsActivity}: viewVisibility=0, oldvis=0, req=1024x722
[2026-06-13T06:42:59.457Z] [ALL] 06-13 12:12:57.014  1695  2771 I OplusHansManager : unfreeze uid: 10349 io.appium.uiautomator2.server pids: [4226] reason: AsyncBinder scene: LcdOn
[2026-06-13T06:42:59.457Z] [ALL] 06-13 12:12:57.015  1695  2771 I OplusHansManager : forceUnfreezeByPid pid= 4226 reason= unfreezeForKernel: AsyncBinder
[2026-06-13T06:42:59.457Z] [ALL] 06-13 12:12:57.015  1695  2752 I OplusHansManager : uid=10349, pkg=io.appium.uiautomator2.server, transition from F to Middle, reason=AsyncBinder
[2026-06-13T06:42:59.457Z] [ALL] 06-13 12:12:57.015  1695  2752 I OplusHansManager : uid=10349, pkg=io.appium.uiautomator2.server F exit(), F stay=4, reason=AsyncBinder
[2026-06-13T06:42:59.457Z] [ALL] 06-13 12:12:57.018  1695  2589 I SurfaceAnimationRunner: startAnimation requiresEdgeExtension=false, animationLeash=Surface(name=Surface(name=ab8c891 com.google.android.permissioncontroller/com.android.permissioncontroller.permission.ui.GrantPermissionsActivity)/@0x367ac83 - animation-leash of window_animation)/@0xcfe937c, runningAnim=com.android.server.wm.SurfaceAnimationRunner$RunningAnimation@73cc405, mPreProcessingAnimations={}
[2026-06-13T06:42:59.457Z] [ALL] 06-13 12:12:57.020  4226  4274 I appium  : channel read: POST /session/bb437b4c-94d1-4759-aa25-0c4493c17649/element
[2026-06-13T06:42:59.457Z] [ALL] 06-13 12:12:57.021  4226  4274 I appium  : FindElement command
[2026-06-13T06:42:59.457Z] [ALL] 06-13 12:12:57.023  4226  4274 I appium  : method: 'xpath', selector: '//*[@resource-id="demo_guest_login_btn" or @content-desc="demo_guest_login_btn" or contains(@text, "Demo Mode") or contains(@text, "Offline Demo")]'
[2026-06-13T06:42:59.457Z] [ALL] 06-13 12:12:57.024  4226  4274 I appium  : Waiting up to 10000ms for the device to idle
[2026-06-13T06:42:59.492Z] [ALL] 06-13 12:12:57.025  4226  4274 I appium  : The following attributes will be included to the page source: [resource-id, content-desc, text]
[2026-06-13T06:42:59.492Z] [ALL] 06-13 12:12:57.026  1695  1729 D SurfaceAnimationRunner: onAnimationStart:Surface(name=Surface(name=ab8c891 com.google.android.permissioncontroller/com.android.permissioncontroller.permission.ui.GrantPermissionsActivity)/@0x367ac83 - animation-leash of window_animation)/@0xcfe937c
[2026-06-13T06:42:59.492Z] [ALL] 06-13 12:12:57.031 26745 32228 D BLASTBufferQueue: [VRI[GrantPermissionsActivity]#1](f:0,a:3) producer disconnected before: mAbandoned=0
[2026-06-13T06:42:59.492Z] [ALL] 06-13 12:12:57.031 26745 32228 D BLASTBufferQueue: - BufferQueue mMaxAcquiredBufferCount=2 mMaxDequeuedBufferCount=2
[2026-06-13T06:42:59.492Z] [ALL] 06-13 12:12:57.031 26745 32228 D BLASTBufferQueue:   mDequeueBufferCannotBlock=0 mAsyncMode=0
[2026-06-13T06:42:59.492Z] [ALL] 06-13 12:12:57.031 26745 32228 D BLASTBufferQueue:   mQueueBufferCanDrop=0 mLegacyBufferDrop=1
[2026-06-13T06:42:59.492Z] [ALL] 06-13 12:12:57.031 26745 32228 D BLASTBufferQueue:   default-size=[1188x886] default-format=1   transform-hint=00 frame-counter=42
[2026-06-13T06:42:59.492Z] [ALL] 06-13 12:12:57.031 26745 32228 D BLASTBufferQueue:   mTransformHintInUse=00 mAutoPrerotation=0
[2026-06-13T06:42:59.492Z] [ALL] 06-13 12:12:57.031 26745 32228 D BLASTBufferQueue: FIFO(0):
[2026-06-13T06:42:59.492Z] [ALL] 06-13 12:12:57.031 26745 32228 D BLASTBufferQueue: (mConsumerName=VRI[GrantPermissionsActivity]#1(BLAST Consumer)1, mConnectedApi=1, mConsumerUsageBits=2304, mId=687900000001, producer=[26745:com.google.android.permissioncontroller], consumer=[26745:com.google.android.permissioncontroller])
[2026-06-13T06:42:59.492Z] [ALL] 06-13 12:12:57.031 26745 32228 D BLASTBufferQueue: Slots:
[2026-06-13T06:42:59.492Z] [ALL] 06-13 12:12:57.031 26745 32228 D BLASTBufferQueue:  >[00:0xb400006fc9544b00] state=ACQUIRED 0xb400006fc954e980 frame=42 [1188x 886:1216,  1]
[2026-06-13T06:42:59.492Z] [ALL] 06-13 12:12:57.031 26745 32228 D BLASTBufferQueue:   [01:0x0] state=FREE    
[2026-06-13T06:42:59.492Z] [ALL] 06-13 12:12:57.031 26745 32228 D BLASTBufferQueue:   [02:0x0] state=FREE    
[2026-06-13T06:42:59.492Z] [ALL] 06-13 12:12:57.031 26745 32228 D BLASTBufferQueue:   [03:0x0] state=FREE    
[2026-06-13T06:42:59.492Z] [ALL] 06-13 12:12:57.048   882  1140 W hwcomposer: [DRMDEV] paramIsSame(), id 3053, w 1188/1188, h 813/886, pitch 1216/1216, format 0x1/0x1, secure 0/0  
[2026-06-13T06:42:59.512Z] [ALL] 06-13 12:12:57.115  4226  4274 I appium  : Took 0ms to retrieve 0 matches for '//*[@resource-id="demo_guest_login_btn" or @content-desc="demo_guest_login_btn" or contains(@text, "Demo Mode") or contains(@text, "Offline Demo")]' XPath2 query
[2026-06-13T06:42:59.543Z] [ALL] 06-13 12:12:57.117  4226  4274 I appium  : AppiumResponse: {"sessionId":"bb437b4c-94d1-4759-aa25-0c4493c17649","value":{"error":"no such element","message":"An element could not be located on the page using the given search parameters","stacktrace":"io.appium.uiautomator2.common.exceptions.ElementNotFoundException: An element could not be located on the page using the given search parameters\n\tat io.appium.uiautomator2.utils.ElementLocationHelpers.findElement(ElementLocationHelpers.java:153)\n\tat io.appium.uiautomator2.handler.FindElement.safeHandle(FindElement.java:60)\n\tat io.appium.uiautomator2.handler.request.SafeRequestHandler.handle(SafeRequestHandler.java:59)\n\tat io.appium.uiautomator2.server.AppiumServlet.handleRequest(AppiumServlet.java:267)\n\tat io.appium.uiautomator2.server.AppiumServlet.handleHttpRequest(AppiumServlet.java:261)\n\tat io.appium.uiautomator2.http.ServerHandler.channelRead(ServerHandler.java:77)\n\tat io.netty.channel.AbstractChannelHandlerContext.fireChannelRead(AbstractChannelHandlerContext.java:357)\n\tat io.netty.handler.codec.MessageToMessageDecoder.channelRead(MessageToMessageDecoder.java:107)\n\tat io.netty.channel.AbstractChannelHandlerContext.fireChannelRead(AbstractChannelHandlerContext.java:357)\n\tat io.netty.channel.CombinedChannelDuplexHandler$DelegatingChannelHandlerContext.fireChannelRead(CombinedChannelDuplexHandler.java:434)\n\tat io.netty.handler.codec.ByteToMessageDecoder.fireChannelRead(ByteToMessageDecoder.java:361)\n\tat io.netty.handler.codec.ByteToMessageDecoder.channelRead(ByteToMessageDecoder.java:325)\n\tat io.netty.channel.CombinedChannelDuplexHandler.channelRead(CombinedChannelDuplexHandler.java:249)\n\tat io.netty.channel.AbstractChannelHandlerContext.fireChannelRead(AbstractChannelHandlerContext.java:355)\n\tat io.netty.handler.timeout.IdleStateHandler.channelRead(IdleStateHandler.java:288)\n\tat io.netty.channel.AbstractChannelHandlerContext.fireChannelRead(AbstractChannelHandlerContext.java:355)\n\tat io.netty.channel.DefaultChannelPipeline$HeadContext.channelRead(DefaultChannelPipeline.java:1429)\n\tat io.netty.channel.DefaultChannelPipeline.fireChannelRead(DefaultChannelPipeline.java:918)\n\tat io.netty.channel.nio.AbstractNioByteChannel$NioByteUnsafe.read(AbstractNioByteChannel.java:176)\n\tat io.netty.channel.nio.AbstractNioChannel$AbstractNioUnsafe.handle(AbstractNioChannel.java:445)\n\tat io.netty.channel.nio.NioIoHandler$DefaultNioRegistration.handle(NioIoHandler.java:388)\n\tat io.netty.channel.nio.NioIoHandler.processSelectedKey(NioIoHandler.java:596)\n\tat io.netty.channel.nio.NioIoHandler.processSelectedKeysOptimized(NioIoHandler.java:571)\n\tat io.netty.channel.nio.NioIoHandler.processSelectedKeys(NioIoHandler.java:512)\n\tat io.netty.channel.nio.NioIoHandler.run(NioIoHandler.java:484)\n\tat io.netty.channel.SingleThreadIoEventLoop.runIo(SingleThreadIoEventLoop.java:225)\n\tat io.netty.channel.SingleThreadIoEventLoop.run(SingleThreadIoEventLoop.java:196)\n\tat io.netty.util.concurrent.SingleThreadEventExecutor$5.run(SingleThreadEventExecutor.java:1195)\n\tat io.netty.util.internal.ThreadExecutorMap$2.run(ThreadExecutorMap.java:74)\n\tat io.netty.util.concurrent.FastThreadLocalRunnable.run(FastThreadLocalRunnable.java:30)\n\tat java.lang.Thread.run(Thread.java:1572)\n"}}
[2026-06-13T06:42:59.598Z] [ALL] 06-13 12:12:57.159  4226  4274 I appium  : channel read: POST /session/bb437b4c-94d1-4759-aa25-0c4493c17649/element
[2026-06-13T06:42:59.598Z] [ALL] 06-13 12:12:57.160  4226  4274 I appium  : FindElement command
[2026-06-13T06:42:59.598Z] [ALL] 06-13 12:12:57.161  4226  4274 I appium  : method: 'xpath', selector: '//*[@resource-id="demo_guest_login_btn" or @content-desc="demo_guest_login_btn" or contains(@text, "Demo Mode") or contains(@text, "Offline Demo")]'
[2026-06-13T06:42:59.598Z] [ALL] 06-13 12:12:57.161  4226  4274 I appium  : Waiting up to 10000ms for the device to idle
[2026-06-13T06:42:59.879Z] [ALL] 06-13 12:12:57.426  1695  1711 W System  : A resource failed to call release. 
[2026-06-13T06:42:59.879Z] [ALL] 06-13 12:12:57.426  1695  1711 W System  : A resource failed to call release. 
[2026-06-13T06:42:59.879Z] [ALL] 06-13 12:12:57.426  1695  1711 W System  : A resource failed to call release. 
[2026-06-13T06:42:59.879Z] [ALL] 06-13 12:12:57.426  1695  1711 W System  : A resource failed to call release. 
[2026-06-13T06:42:59.879Z] [ALL] 06-13 12:12:57.426  1695  1711 W System  : A resource failed to call release. 
[2026-06-13T06:42:59.879Z] [ALL] 06-13 12:12:57.428  1695  1711 W System  : A resource failed to call release. 
[2026-06-13T06:42:59.879Z] [ALL] 06-13 12:12:57.428  1695  1711 W System  : A resource failed to call release. 
[2026-06-13T06:42:59.879Z] [ALL] 06-13 12:12:57.428  1695  1711 W System  : A resource failed to call release. 
[2026-06-13T06:42:59.879Z] [ALL] 06-13 12:12:57.429  1695  1711 W System  : A resource failed to call release. 
[2026-06-13T06:42:59.879Z] [ALL] 06-13 12:12:57.429  1695  1711 W System  : A resource failed to call release. 
[2026-06-13T06:42:59.879Z] [ALL] 06-13 12:12:57.433  1695  1729 D SurfaceAnimationRunner: onAnimationEnd:Surface(name=Surface(name=ab8c891 com.google.android.permissioncontroller/com.android.permissioncontroller.permission.ui.GrantPermissionsActivity)/@0x367ac83 - animation-leash of window_animation)/@0xcfe937c
[2026-06-13T06:42:59.879Z] [ALL] 06-13 12:12:57.448  1000  1000 D Layer   : reparent to null sequence=12680, seq[15], name=Surface(name=ab8c891 com.google.android.permissioncontroller/com.android.permissioncontroller.permission.ui.GrantPermissionsActivity)/@0x367ac83 - animation-leash of window_animation#12680
[2026-06-13T06:43:00.228Z] [ALL] 06-13 12:12:57.833  4226  4274 I appium  : The following attributes will be included to the page source: [resource-id, content-desc, text]
[2026-06-13T06:43:00.335Z] [ALL] 06-13 12:12:57.929  4226  4274 I appium  : Took 0ms to retrieve 0 matches for '//*[@resource-id="demo_guest_login_btn" or @content-desc="demo_guest_login_btn" or contains(@text, "Demo Mode") or contains(@text, "Offline Demo")]' XPath2 query
[2026-06-13T06:43:00.383Z] [ALL] 06-13 12:12:57.932  4226  4274 I appium  : AppiumResponse: {"sessionId":"bb437b4c-94d1-4759-aa25-0c4493c17649","value":{"error":"no such element","message":"An element could not be located on the page using the given search parameters","stacktrace":"io.appium.uiautomator2.common.exceptions.ElementNotFoundException: An element could not be located on the page using the given search parameters\n\tat io.appium.uiautomator2.utils.ElementLocationHelpers.findElement(ElementLocationHelpers.java:153)\n\tat io.appium.uiautomator2.handler.FindElement.safeHandle(FindElement.java:60)\n\tat io.appium.uiautomator2.handler.request.SafeRequestHandler.handle(SafeRequestHandler.java:59)\n\tat io.appium.uiautomator2.server.AppiumServlet.handleRequest(AppiumServlet.java:267)\n\tat io.appium.uiautomator2.server.AppiumServlet.handleHttpRequest(AppiumServlet.java:261)\n\tat io.appium.uiautomator2.http.ServerHandler.channelRead(ServerHandler.java:77)\n\tat io.netty.channel.AbstractChannelHandlerContext.fireChannelRead(AbstractChannelHandlerContext.java:357)\n\tat io.netty.handler.codec.MessageToMessageDecoder.channelRead(MessageToMessageDecoder.java:107)\n\tat io.netty.channel.AbstractChannelHandlerContext.fireChannelRead(AbstractChannelHandlerContext.java:357)\n\tat io.netty.channel.CombinedChannelDuplexHandler$DelegatingChannelHandlerContext.fireChannelRead(CombinedChannelDuplexHandler.java:434)\n\tat io.netty.handler.codec.ByteToMessageDecoder.fireChannelRead(ByteToMessageDecoder.java:361)\n\tat io.netty.handler.codec.ByteToMessageDecoder.channelRead(ByteToMessageDecoder.java:325)\n\tat io.netty.channel.CombinedChannelDuplexHandler.channelRead(CombinedChannelDuplexHandler.java:249)\n\tat io.netty.channel.AbstractChannelHandlerContext.fireChannelRead(AbstractChannelHandlerContext.java:355)\n\tat io.netty.handler.timeout.IdleStateHandler.channelRead(IdleStateHandler.java:288)\n\tat io.netty.channel.AbstractChannelHandlerContext.fireChannelRead(AbstractChannelHandlerContext.java:355)\n\tat io.netty.channel.DefaultChannelPipeline$HeadContext.channelRead(DefaultChannelPipeline.java:1429)\n\tat io.netty.channel.DefaultChannelPipeline.fireChannelRead(DefaultChannelPipeline.java:918)\n\tat io.netty.channel.nio.AbstractNioByteChannel$NioByteUnsafe.read(AbstractNioByteChannel.java:176)\n\tat io.netty.channel.nio.AbstractNioChannel$AbstractNioUnsafe.handle(AbstractNioChannel.java:445)\n\tat io.netty.channel.nio.NioIoHandler$DefaultNioRegistration.handle(NioIoHandler.java:388)\n\tat io.netty.channel.nio.NioIoHandler.processSelectedKey(NioIoHandler.java:596)\n\tat io.netty.channel.nio.NioIoHandler.processSelectedKeysOptimized(NioIoHandler.java:571)\n\tat io.netty.channel.nio.NioIoHandler.processSelectedKeys(NioIoHandler.java:512)\n\tat io.netty.channel.nio.NioIoHandler.run(NioIoHandler.java:484)\n\tat io.netty.channel.SingleThreadIoEventLoop.runIo(SingleThreadIoEventLoop.java:225)\n\tat io.netty.channel.SingleThreadIoEventLoop.run(SingleThreadIoEventLoop.java:196)\n\tat io.netty.util.concurrent.SingleThreadEventExecutor$5.run(SingleThreadEventExecutor.java:1195)\n\tat io.netty.util.internal.ThreadExecutorMap$2.run(ThreadExecutorMap.java:74)\n\tat io.netty.util.concurrent.FastThreadLocalRunnable.run(FastThreadLocalRunnable.java:30)\n\tat java.lang.Thread.run(Thread.java:1572)\n"}}
[2026-06-13T06:43:00.482Z] [ALL] 06-13 12:12:58.045  1695  1695 D PowerManagerService: userActivityNoUpdateLocked: groupId=0, eventTime=118579367, event=0, flags=0x0, uid=1000
[2026-06-13T06:43:00.501Z] [ALL] 06-13 12:12:58.050 26745 26745 D VRI[GrantPermissionsActivity]: handleWindowFocusChanged mWindowFocusChanged false mUpcomingWindowFocus true mAdded true
[2026-06-13T06:43:00.501Z] [ALL] 06-13 12:12:58.050  2376  3194 D NoBackGesture: Start gesture: 
[2026-06-13T06:43:00.501Z] [ALL] 06-13 12:12:58.050  2376  3194 D NoBackGesture: Not in side gesture area
[2026-06-13T06:43:00.501Z] [ALL] 06-13 12:12:58.050  1695  2495 I mtkpower_client: perf_lock_rel, hdl:35956, tid:2495
[2026-06-13T06:43:00.501Z] [ALL] 06-13 12:12:58.051  1695  2113 D PowerManagerService: userActivityNoUpdateLocked: groupId=0, eventTime=118579367, event=2, flags=0x0, uid=1000
[2026-06-13T06:43:00.501Z] [ALL] 06-13 12:12:58.051  1695  2261 D OGG_Detector: D:done mCurrStatus: 0
[2026-06-13T06:43:00.501Z] [ALL] 06-13 12:12:58.052  1695  2495 I mtkpower_client: perf_lock_acq, hdl:35956, dur:0, num:8, tid:2495
[2026-06-13T06:43:00.501Z] [ALL] 06-13 12:12:58.052   901   965 I libPowerHal: [perfLockRel] hdl:35956, idx:0
[2026-06-13T06:43:00.501Z] [ALL] 06-13 12:12:58.053   901   965 I libPowerHal: system_server: hard user limit set cpu freq: -1 -1 -1 -1
[2026-06-13T06:43:00.501Z] [ALL] 06-13 12:12:58.053   901   965 I libPowerHal: [PD] system_server update cmd:2004100 param:0
[2026-06-13T06:43:00.501Z] [ALL] 06-13 12:12:58.054  1695  2495 I mtkpower_client: ret_hdl:35958
[2026-06-13T06:43:00.501Z] [ALL] 06-13 12:12:58.054   901   965 I libPowerHal: system_server: hard user limit set cpu freq: -1 1903000 -1 1900000
[2026-06-13T06:43:00.548Z] [ALL] 06-13 12:12:58.129  1695  1695 D PowerManagerService: userActivityNoUpdateLocked: groupId=0, eventTime=118579453, event=0, flags=0x0, uid=1000
[2026-06-13T06:43:00.560Z] [ALL] 06-13 12:12:58.133 26745 26745 D VRI[GrantPermissionsActivity]: handleWindowFocusChanged mWindowFocusChanged false mUpcomingWindowFocus true mAdded true
[2026-06-13T06:43:00.572Z] [ALL] 06-13 12:12:58.181  1000  3424 D SurfaceFlinger: kickIdle 1190, 685, 34, 0
[2026-06-13T06:43:00.572Z] [ALL] 06-13 12:12:58.181   882   882 E hwcomposer: [DRMDEV] DRM_IOCTL_MTK_KICK_IDLE failed, drm_id_crtc: 64, error: -1  
[2026-06-13T06:43:00.613Z] [ALL] 06-13 12:12:58.187  1695  1695 D PowerManagerService: userActivityNoUpdateLocked: groupId=0, eventTime=118579511, event=0, flags=0x0, uid=1000
[2026-06-13T06:43:00.613Z] [ALL] 06-13 12:12:58.189 26745 26745 D VRI[GrantPermissionsActivity]: handleWindowFocusChanged mWindowFocusChanged false mUpcomingWindowFocus true mAdded true
[2026-06-13T06:43:00.613Z] [ALL] 06-13 12:12:58.189  1695  2113 D PowerManagerService: userActivityNoUpdateLocked: groupId=0, eventTime=118579511, event=2, flags=0x0, uid=1000
[2026-06-13T06:43:00.613Z] [ALL] 06-13 12:12:58.190   901   965 I libPowerHal: [perfLockRel] hdl:35957, idx:4
[2026-06-13T06:43:00.613Z] [ALL] 06-13 12:12:58.190 26745 26745 I GrantPermissionsViewModel: Logged buttons presented and clicked permissionGroupName=android.permission-group.PHONE uid=10355 package=com.safebank.ai presentedButtons=9 clickedButton=1 isPermissionRationaleShown=false sessionId=-1154345666672363864 targetSdk=36 prompt=BASIC initialLocationPrecision=0 selectedLocationPrecision=0 locationAccuracyButtonClicked= false
[2026-06-13T06:43:00.613Z] [ALL] 06-13 12:12:58.190   901   965 I libPowerHal: [PD] MTKPOWER_HINT_APP_TOUCH update cmd:3408600 param:0
[2026-06-13T06:43:00.613Z] [ALL] 06-13 12:12:58.193 26745 26745 I GrantPermissionsViewModel: Permission grant result requestId=-1154345666672363864 callingUid=10355 callingPackage=com.safebank.ai permission=android.permission.READ_PHONE_STATE isImplicit=false result=4 isPermissionRationaleShown=falseisPackageRestrictedByEnhancedConfirmation=false
[2026-06-13T06:43:00.653Z] [ALL] 06-13 12:12:58.199  1695  2589 D OplusFullScreenDisplayManager: adjustWindowParamsLw com.google.android.permissioncontroller, no change cutoutMode: 0
[2026-06-13T06:43:00.653Z] [ALL] 06-13 12:12:58.199  1695  2589 V WindowManager: Relayout Window{ab8c891 u0 com.google.android.permissioncontroller/com.android.permissioncontroller.permission.ui.GrantPermissionsActivity}: viewVisibility=0, oldvis=0, req=1024x722
[2026-06-13T06:43:00.676Z] [ALL] 06-13 12:12:58.259 26745 26745 I Quality : Skipped: false 2 cost 44.92466 refreshRate 16307249 bit true processName com.google.android.permissioncontroller
[2026-06-13T06:43:00.757Z] [ALL] 06-13 12:12:58.358   858  5601 E TetherController: property_get sys.radio.data.modem_share_flag return 0, 1!
[2026-06-13T06:43:00.865Z] [ALL] 06-13 12:12:58.461  4226  4274 I appium  : channel read: POST /session/bb437b4c-94d1-4759-aa25-0c4493c17649/element
[2026-06-13T06:43:00.865Z] [ALL] 06-13 12:12:58.461  4226  4274 I appium  : FindElement command
[2026-06-13T06:43:00.865Z] [ALL] 06-13 12:12:58.462  4226  4274 I appium  : method: 'xpath', selector: '//*[@resource-id="demo_guest_login_btn" or @content-desc="demo_guest_login_btn" or contains(@text, "Demo Mode") or contains(@text, "Offline Demo")]'
[2026-06-13T06:43:00.865Z] [ALL] 06-13 12:12:58.463  4226  4274 I appium  : Waiting up to 10000ms for the device to idle
[2026-06-13T06:43:00.950Z] [ALL] 06-13 12:12:58.525  1695  2752 I OplusHansManager : uid=10349, pkg=io.appium.uiautomator2.server can transition from M to F
[2026-06-13T06:43:00.950Z] [ALL] 06-13 12:12:58.525  1695  2752 I OplusHansManager : uid=10349, pkg=io.appium.uiautomator2.server F enter(), M stay=1
[2026-06-13T06:43:00.950Z] [ALL] 06-13 12:12:58.528  2744  2744 D OplusTelephonyController: onSignalStrengthChanged: SignalStrength=SignalStrength:{mCdma=CellSignalStrengthCdma: cdmaDbm=2147483647 cdmaEcio=2147483647 evdoDbm=2147483647 evdoEcio=2147483647 evdoSnr=2147483647 level=0,mGsm=CellSignalStrengthGsm: rssi=2147483647 ber=2147483647 mTa=2147483647 mLevel=0,mWcdma=CellSignalStrengthWcdma: ss=2147483647 ber=2147483647 rscp=2147483647 ecno=2147483647 level=0,mTdscdma=CellSignalStrengthTdscdma: rssi=2147483647 ber=2147483647 rscp=2147483647 level=0,mLte=CellSignalStrengthLte: rssi=2147483647 rsrp=2147483647 rsrq=2147483647 rssnr=2147483647 cqiTableIndex=2147483647 cqi=2147483647 ta=2147483647 level=0 parametersUseForLevel=0,mNr=CellSignalStrengthNr:{ csiRsrp = 2147483647 csiRsrq = 2147483647 csiCqiTableIndex = 2147483647 csiCqiReport = [] ssRsrp = -91 ssRsrq = -3 ssSinr = 16 level = 1 parametersUseForLevel = 0 },primary=CellSignalStrengthNr}, phoneId=0, mMtkLevel=0, mMtkRsrpOnly=false, mMtkLteRsrpThreshold=null, mMtkLteRssnrThreshold=null
[2026-06-13T06:43:00.950Z] [ALL] 06-13 12:12:58.529  1695  2752 I OplusHansManager : freeze uid: 10349 io.appium.uiautomator2.server pids: [4226] scene: LcdOn
[2026-06-13T06:43:00.950Z] [ALL] 06-13 12:12:58.532  7763 13029 D IHansComunication: HansComunication::addUid-- 10349, persistent--0
[2026-06-13T06:43:00.950Z] [ALL] 06-13 12:12:58.532  7763 13029 D IHansComunication: HANS sendMessageToKernel: threadId = 536992353456, netLinkSetup = 1, type = PKG, targetUid = 10349, pkgCmd = ADD_ONE_UID
[2026-06-13T06:43:01.059Z] [ALL] 06-13 12:12:58.627  1011  1028 D ccci_mdinit: (1):monitor_time_update_thread round:16595 ########
[2026-06-13T06:43:01.500Z] [ALL] 06-13 12:12:59.071  1695  1695 D PowerManagerService: userActivityNoUpdateLocked: groupId=0, eventTime=118580393, event=0, flags=0x0, uid=1000
[2026-06-13T06:43:01.528Z] [ALL] 06-13 12:12:59.075  2376  3194 D NoBackGesture: Start gesture: 
[2026-06-13T06:43:01.528Z] [ALL] 06-13 12:12:59.075  1695  2261 D OGG_Detector: D:done mCurrStatus: 0
[2026-06-13T06:43:01.528Z] [ALL] 06-13 12:12:59.075  2376  3194 D NoBackGesture: Not in side gesture area
[2026-06-13T06:43:01.528Z] [ALL] 06-13 12:12:59.075  1695  2113 D PowerManagerService: userActivityNoUpdateLocked: groupId=0, eventTime=118580393, event=2, flags=0x0, uid=1000
[2026-06-13T06:43:01.528Z] [ALL] 06-13 12:12:59.076  1695  2495 I mtkpower_client: perf_lock_rel, hdl:35958, tid:2495
[2026-06-13T06:43:01.528Z] [ALL] 06-13 12:12:59.077  1695  2495 I mtkpower_client: perf_lock_acq, hdl:35958, dur:0, num:8, tid:2495
[2026-06-13T06:43:01.528Z] [ALL] 06-13 12:12:59.077 26745 26745 D VRI[GrantPermissionsActivity]: handleWindowFocusChanged mWindowFocusChanged false mUpcomingWindowFocus true mAdded true
[2026-06-13T06:43:01.528Z] [ALL] 06-13 12:12:59.077   901   920 I mtkpower@impl: [check_work_req] i:1, msg:1 hdl:35958, wait
[2026-06-13T06:43:01.528Z] [ALL] 06-13 12:12:59.077  1695  1695 D PowerManagerService: userActivityNoUpdateLocked: groupId=0, eventTime=118580399, event=0, flags=0x0, uid=1000
[2026-06-13T06:43:01.528Z] [ALL] 06-13 12:12:59.082   901   965 I libPowerHal: [perfLockRel] hdl:35958, idx:0
[2026-06-13T06:43:01.528Z] [ALL] 06-13 12:12:59.082   901   965 I libPowerHal: system_server: hard user limit set cpu freq: -1 -1 -1 -1
[2026-06-13T06:43:01.528Z] [ALL] 06-13 12:12:59.082   901   965 I libPowerHal: [PD] system_server update cmd:2004100 param:0
[2026-06-13T06:43:01.528Z] [ALL] 06-13 12:12:59.084  1695  2495 I mtkpower_client: ret_hdl:35960
[2026-06-13T06:43:01.528Z] [ALL] 06-13 12:12:59.084   901   965 I libPowerHal: system_server: hard user limit set cpu freq: -1 1903000 -1 1900000
[2026-06-13T06:43:01.528Z] [ALL] 06-13 12:12:59.096 26745 26745 D VRI[GrantPermissionsActivity]: handleWindowFocusChanged mWindowFocusChanged false mUpcomingWindowFocus true mAdded true
[2026-06-13T06:43:01.554Z] [ALL] 06-13 12:12:59.164  1695  1695 D PowerManagerService: userActivityNoUpdateLocked: groupId=0, eventTime=118580488, event=0, flags=0x0, uid=1000
[2026-06-13T06:43:01.583Z] [ALL] 06-13 12:12:59.177 26745 26745 D VRI[GrantPermissionsActivity]: handleWindowFocusChanged mWindowFocusChanged false mUpcomingWindowFocus true mAdded true
[2026-06-13T06:43:01.615Z] [ALL] 06-13 12:12:59.194  1695  1900 I PackageManager: set persist.sys.package.SHA1 as bd959eff3f96053815489fff764537c48fc09a45
[2026-06-13T06:43:01.615Z] [ALL] 06-13 12:12:59.197  1695  1900 D PackageManager: notifyPackageXmlVerify done. result=true
[2026-06-13T06:43:01.693Z] [ALL] 06-13 12:12:59.206  1000  1064 D SurfaceFlinger: kickIdle 1024, 535, 34, 0
[2026-06-13T06:43:01.693Z] [ALL] 06-13 12:12:59.206   882   882 E hwcomposer: [DRMDEV] DRM_IOCTL_MTK_KICK_IDLE failed, drm_id_crtc: 64, error: -1  
[2026-06-13T06:43:01.693Z] [ALL] 06-13 12:12:59.214  1695  1695 D PowerManagerService: userActivityNoUpdateLocked: groupId=0, eventTime=118580538, event=0, flags=0x0, uid=1000
[2026-06-13T06:43:01.751Z] [ALL] 06-13 12:12:59.216   901   965 I libPowerHal: [perfLockRel] hdl:35959, idx:4
[2026-06-13T06:43:01.751Z] [ALL] 06-13 12:12:59.216 26745 26745 D VRI[GrantPermissionsActivity]: handleWindowFocusChanged mWindowFocusChanged false mUpcomingWindowFocus true mAdded true
[2026-06-13T06:43:01.751Z] [ALL] 06-13 12:12:59.217  1695  2113 D PowerManagerService: userActivityNoUpdateLocked: groupId=0, eventTime=118580538, event=2, flags=0x0, uid=1000
[2026-06-13T06:43:01.751Z] [ALL] 06-13 12:12:59.217   901   965 I libPowerHal: [PD] MTKPOWER_HINT_APP_TOUCH update cmd:3408600 param:0
[2026-06-13T06:43:01.751Z] [ALL] 06-13 12:12:59.218 26745 26745 I GrantPermissionsViewModel: Logged buttons presented and clicked permissionGroupName=android.permission-group.SMS uid=10355 package=com.safebank.ai presentedButtons=9 clickedButton=1 isPermissionRationaleShown=false sessionId=-1154345666672363864 targetSdk=36 prompt=BASIC initialLocationPrecision=0 selectedLocationPrecision=0 locationAccuracyButtonClicked= false
[2026-06-13T06:43:01.751Z] [ALL] 06-13 12:12:59.220 26745 26745 I GrantPermissionsViewModel: Permission grant result requestId=-1154345666672363864 callingUid=10355 callingPackage=com.safebank.ai permission=android.permission.RECEIVE_SMS isImplicit=false result=4 isPermissionRationaleShown=falseisPackageRestrictedByEnhancedConfirmation=false
[2026-06-13T06:43:01.751Z] [ALL] 06-13 12:12:59.223  1695  2379 D ActivityRecordExtImpl: skipPrepareAppTransitionForZoom false
[2026-06-13T06:43:01.751Z] [ALL] 06-13 12:12:59.225  1695  2379 I PowerHalWrapper: <amsBoostResume> last:com.google.android.permissioncontroller, next:com.safebank.ai 
[2026-06-13T06:43:01.751Z] [ALL] 06-13 12:12:59.230 26745 26745 D ScrollOptim [SceneManager]: updateCurrentActivity: mCurrentActivityName=null, isOptEnable=true, isAnimAheadEnable=true, isFrameInsertEnable=true, InsertNum=1, isEnabledForScrollChanged=false
[2026-06-13T06:43:01.751Z] [ALL] 06-13 12:12:59.231  7763  7793 E IHansComunication: HANS printMessageBody: RCV message: type = 0,port = 86870,caller_pid = 1695,caller_uid = 1000,target_pid = 4226,target_uid = 10349,pkg_cmd = -1,rpc = android.accessibilityservice.IAccessibilityServiceClient/2
[2026-06-13T06:43:01.751Z] [ALL] 06-13 12:12:59.232  1695  4421 I OplusHansManager : front pkg: com.safebank.ai, uid: 10355, prev pkg: com.google.android.permissioncontroller, prev uid: 10246
[2026-06-13T06:43:01.751Z] [ALL] 06-13 12:12:59.232  1695  2882 I OplusHansManager : notifyAppGoForeground, uid=10355
[2026-06-13T06:43:01.751Z] [ALL] 06-13 12:12:59.232  1695  2882 I OplusHansManager : notifyAppGoBackground, uid=10246
[2026-06-13T06:43:01.751Z] [ALL] 06-13 12:12:59.234  1695  2258 I Osense-DecisionMaker: notifySceneToAthenaPolicy: SCENE_APP_SWITCH, bundle: Bundle[{prevPkgName=com.google.android.permissioncontroller, curUid=10355, curPkgName=com.safebank.ai, prevUid=10246}]
[2026-06-13T06:43:01.751Z] [ALL] 06-13 12:12:59.234  1695  2771 I OplusHansManager : unfreeze uid: 10349 io.appium.uiautomator2.server pids: [4226] reason: AsyncBinder scene: LcdOn
[2026-06-13T06:43:01.751Z] [ALL] 06-13 12:12:59.234  1695  2258 I Osense-DecisionMaker: scene: SCENE_APP_SWITCH, excutingPolicy: freezer
[2026-06-13T06:43:01.751Z] [ALL] 06-13 12:12:59.234  1695  2258 D Osense-DecisionMaker: invoke freezer policy,type: fast
[2026-06-13T06:43:01.751Z] [ALL] 06-13 12:12:59.234  1695  2752 I OplusHansManager : uid=10355, pkg=com.safebank.ai R exit SM
[2026-06-13T06:43:01.751Z] [ALL] 06-13 12:12:59.234  1695  4421 I OplusJoystickManager: handleApplicationSwitch deprecated!
[2026-06-13T06:43:01.751Z] [ALL] 06-13 12:12:59.234  1695  2752 I OplusHansManager : uid=10355, pkg=com.safebank.ai R exit(), R stay=79
[2026-06-13T06:43:01.751Z] [ALL] 06-13 12:12:59.234  1695  2752 I OplusHansManager : uid=10349, pkg=io.appium.uiautomator2.server, transition from F to Middle, reason=AsyncBinder
[2026-06-13T06:43:01.751Z] [ALL] 06-13 12:12:59.234  1695  2752 I OplusHansManager : uid=10349, pkg=io.appium.uiautomator2.server F exit(), F stay=0, reason=AsyncBinder
[2026-06-13T06:43:01.751Z] [ALL] 06-13 12:12:59.234  1695  4421 D OplusUIFirst_FB: com.safebank.ai activity event: []
[2026-06-13T06:43:01.751Z] [ALL] 06-13 12:12:59.234  1695  4421 D OplusUIFirst_FB: List of ThreadOp: size=0 []
[2026-06-13T06:43:01.751Z] [ALL] 06-13 12:12:59.234  1695  4421 D OplusUIFirst_FB: handleParaSwitch com.safebank.ai null null 1
[2026-06-13T06:43:01.751Z] [ALL] 06-13 12:12:59.235  1695  4421 I PowerHalWrapper: amsBoostNotify pid:32174,activity:com.safebank.ai.MainActivity, package:com.safebank.ai, mProcessCreatePackcom.safebank.ai 
[2026-06-13T06:43:01.751Z] [ALL] 06-13 12:12:59.235  1695  4421 I PowerHalWrapper: state: 1 
[2026-06-13T06:43:01.751Z] [ALL] 06-13 12:12:59.235  1695  4421 I mtkpower_client: [Legacy][PowerHal_Wrap_notifyAppState] com.safebank.ai/com.safebank.ai.MainActivity pid=32174 state:1
[2026-06-13T06:43:01.751Z] [ALL] 06-13 12:12:59.235  1695  4421 I game_scn: collectForegroundAppList packName=com.safebank.ai, actName=com.safebank.ai.MainActivity, pid=32174, uid=10355, state:RESUMED
[2026-06-13T06:43:01.751Z] [ALL] 06-13 12:12:59.235  1695  4421 I PowerHalWrapper: amsBoostNotify AMS_BOOST_PROCESS_CREATE_BOOST:false 
[2026-06-13T06:43:01.751Z] [ALL] 06-13 12:12:59.235  1695  4421 I InputDispatcher: setFocusedApplication displayId=0 ActivityRecord{d2bf89e u0 com.safebank.ai/.MainActivity} t2076}
[2026-06-13T06:43:01.751Z] [ALL] 06-13 12:12:59.235  1695  4421 V WindowManager: Changing focus from Window{ab8c891 u0 com.google.android.permissioncontroller/com.android.permissioncontroller.permission.ui.GrantPermissionsActivity} to Window{2fb4296 u0 com.safebank.ai/com.safebank.ai.MainActivity},diplayid=0
[2026-06-13T06:43:01.751Z] [ALL] 06-13 12:12:59.236  1695  2783 I OplusResourcePreloadManager: resume pkg: com.safebank.ai, uid:10355, prev pkg: com.google.android.permissioncontroller, prev uid: 10246
[2026-06-13T06:43:01.751Z] [ALL] 06-13 12:12:59.238  4226  4274 I appium  : The following attributes will be included to the page source: [resource-id, content-desc, text]
[2026-06-13T06:43:01.751Z] [ALL] 06-13 12:12:59.244  1695  4421 D Theia.NoFocusWindow: FocusWindowErrorScene cancelCheckFreezeScreen
[2026-06-13T06:43:01.751Z] [ALL] 06-13 12:12:59.245   901   965 I libPowerHal: [perfLockRel] hdl:35948, idx:-1
[2026-06-13T06:43:01.751Z] [ALL] 06-13 12:12:59.245   901   965 I libPowerHal: [perfNotifyAppState] foreground:com.safebank.ai, pid:32174, uid:10355
[2026-06-13T06:43:01.751Z] [ALL] 06-13 12:12:59.246   901   965 E UxUtility: notifyAppState error = NULL
[2026-06-13T06:43:01.751Z] [ALL] 06-13 12:12:59.246   901   965 I TouchUtility: notifyAppState error = NULL
[2026-06-13T06:43:01.751Z] [ALL] 06-13 12:12:59.247   901   920 I mtkpower@impl: [notifyAppState] pc:0, com.google.android.permissioncontroller => com.safebank.ai
[2026-06-13T06:43:01.751Z] [ALL] 06-13 12:12:59.249  1695  4421 I TaskOrganizerController: onTaskInfoChanged taskid 2076 config { mBounds=Rect(0, 0 - 1080, 2400) mAppBounds=Rect(0, 107 - 1080, 2359) mMaxBounds=Rect(0, 0 - 1080, 2400) mDisplayRotation=ROTATION_0 mWindowingMode=fullscreen mDisplayWindowingMode=fullscreen mActivityType=standard mAlwaysOnTop=undefined mRotation=ROTATION_0}
[2026-06-13T06:43:01.751Z] [ALL] 06-13 12:12:59.249  1695  2908 D OplusAppSwitchListener: Detect com.google.android.permissioncontroller switch to background
[2026-06-13T06:43:01.751Z] [ALL] 06-13 12:12:59.249  1695  2908 D OplusEapManager: mTargetExitName :com.google.android.permissioncontroller
[2026-06-13T06:43:01.751Z] [ALL] 06-13 12:12:59.249  1695  2908 D VRR [OPlusFrontAppManager]: OnAppSwitchObserver: onAppExit , info.targetName = com.google.android.permissioncontroller
[2026-06-13T06:43:01.751Z] [ALL] 06-13 12:12:59.249  1695  2908 D VRR [OPlusFrontAppManager]: packageName: null
[2026-06-13T06:43:01.751Z] [ALL] 06-13 12:12:59.249  1695  4421 D TaskFragmentExtImpl: addColorModeOnResume resume=true pkg = com.safebank.ai
[2026-06-13T06:43:01.751Z] [ALL] 06-13 12:12:59.250  1695  2908 D OplusAppSwitchRuleInfo: generateAppEnterInfo - launch_source_type =  , launch_source_traceid = 
[2026-06-13T06:43:01.751Z] [ALL] 06-13 12:12:59.250  1695  2087 E Athena  : MemoryGuardAction: handleAppChange
[2026-06-13T06:43:01.751Z] [ALL] 06-13 12:12:59.251  2376  2550 D ShellTaskOrganizerExt: isOnCanvas size:0
[2026-06-13T06:43:01.751Z] [ALL] 06-13 12:12:59.251  2376  2550 D ShellTaskOrganizerExt: isOnThreeFlexibleCanvas size:0
[2026-06-13T06:43:01.751Z] [ALL] 06-13 12:12:59.251  2376  2550 D ShellTaskOrganizerExt: visibleFlexibleTaskInfos delete:2076
[2026-06-13T06:43:01.751Z] [ALL] 06-13 12:12:59.251 32174 32174 D CompatibilityChangeReporter: Compat change id reported: 78294732; UID 10355; state: ENABLED
[2026-06-13T06:43:01.751Z] [ALL] 06-13 12:12:59.253  1695  1891 D VRR [OPlusRefreshRateService]: handleFrontAppChange pkgName: null
[2026-06-13T06:43:01.751Z] [ALL] 06-13 12:12:59.253  1695  1891 D VRR [OPlusExternalRefreshRateManager]: setFrontPackageName pkgName: null CurPkgName: com.google.android.permissioncontroller
[2026-06-13T06:43:01.751Z] [ALL] 06-13 12:12:59.253 32174 32174 D ScrollOptim [SceneManager]: updateCurrentActivity: mCurrentActivityName=com.safebank.ai.MainActivity, isOptEnable=true, isAnimAheadEnable=true, isFrameInsertEnable=true, InsertNum=1, isEnabledForScrollChanged=false
[2026-06-13T06:43:01.751Z] [ALL] 06-13 12:12:59.253  4650  8032 W Battery : ThermalControlUtils: mForegroundPkg=com.safebank.ai
[2026-06-13T06:43:01.751Z] [ALL] 06-13 12:12:59.255  1695  4560 D VRR [OPlusRefreshRateService]:  setFrameRateTargetControl [ 0.0 , com.google.android.permissioncontroller , false , com.oplus.battery ]
[2026-06-13T06:43:01.751Z] [ALL] 06-13 12:12:59.255  1695  4560 D VRR [OPlusExternalRefreshRateManager]:  [FRTC] FrameRate : 0 com.google.android.permissioncontroller false com.oplus.battery 0 1000
[2026-06-13T06:43:01.751Z] [ALL] 06-13 12:12:59.255  1695  1891 D VRR [OPlusSurfaceFlingerController]:  add frtc FrameRate : 0 com.google.android.permissioncontroller false com.oplus.battery
[2026-06-13T06:43:01.751Z] [ALL] 06-13 12:12:59.256  1000  3424 I VRR [FRTC]: setFrameRateTarget with [0, com.google.android.permissioncontroller, 0, com.oplus.battery, 1, 0, 1000]
[2026-06-13T06:43:01.751Z] [ALL] 06-13 12:12:59.256  1000  3424 W VRR [FRTC]: invalid param { fps 0, proc_name com.google.android.permissioncontroller, strict_mode 0, description com.oplus.battery, proc_id 0, rate_status 0, backend Surface, version 1, pid 0, uid 1000, enable at 2026-06-13 12:12:59, disable waiting } for current status.
[2026-06-13T06:43:01.751Z] [ALL] 06-13 12:12:59.256  1000  3424 W VRR [FRTC]: CurrentTarget size 0:
[2026-06-13T06:43:01.751Z] [ALL] 06-13 12:12:59.257  1695  2908 D OplusAppSwitchRuleInfo: generateAppEnterInfo - launch_source_type =  , launch_source_traceid = 
[2026-06-13T06:43:01.751Z] [ALL] 06-13 12:12:59.257  1695  4421 I SurfaceAnimationRunner: startAnimation requiresEdgeExtension=false, animationLeash=Surface(name=Surface(name=ActivityRecord{7789bd4 u0 com.google.android.permissioncontroller/com.android.permissioncontroller.permission.ui.GrantPermissionsActivity})/@0x7cf9d1c - animation-leash of app_transition)/@0x3e5efa, runningAnim=com.android.server.wm.SurfaceAnimationRunner$RunningAnimation@eee6a1, mPreProcessingAnimations={}
[2026-06-13T06:43:01.751Z] [ALL] 06-13 12:12:59.258  1695  2908 D OplusAppSwitchRuleInfo: generateAppEnterInfo - launch_source_type =  , launch_source_traceid = 
[2026-06-13T06:43:01.751Z] [ALL] 06-13 12:12:59.258  1695  2908 D OplusAppSwitchListener: Detect com.safebank.ai switch to foreground
[2026-06-13T06:43:01.751Z] [ALL] 06-13 12:12:59.258  1695  2908 D OplusAppSwitchRuleInfo: generateAppEnterInfo - launch_source_type =  , launch_source_traceid = 
[2026-06-13T06:43:01.751Z] [ALL] 06-13 12:12:59.258  1695  2908 D OplusAppSwitchRuleInfo: generateAppEnterInfo - launch_source_type =  , launch_source_traceid = 
[2026-06-13T06:43:01.751Z] [ALL] 06-13 12:12:59.258  1695  2908 D OplusEapManager: mTargetEnterName :com.safebank.ai
[2026-06-13T06:43:01.751Z] [ALL] 06-13 12:12:59.258  1695  2908 D OplusAppSwitchRuleInfo: generateAppEnterInfo - launch_source_type =  , launch_source_traceid = 
[2026-06-13T06:43:01.751Z] [ALL] 06-13 12:12:59.258  1695  2908 D OplusLatencyOptimizerManager: enter pkg: com.safebank.ai isPrevBlackAppTop: false mIsBlackAppTop: false
[2026-06-13T06:43:01.751Z] [ALL] 06-13 12:12:59.258  1695  2908 D OplusAppSwitchRuleInfo: generateAppEnterInfo - launch_source_type =  , launch_source_traceid = 
[2026-06-13T06:43:01.751Z] [ALL] 06-13 12:12:59.258  1695  2908 D VRR [OPlusFrontAppManager]: OnAppSwitchObserver: onAppEnter , info.targetName = com.safebank.ai
[2026-06-13T06:43:01.751Z] [ALL] 06-13 12:12:59.258  1695  2908 D VRR [OPlusFrontAppManager]: packageName: com.safebank.ai
[2026-06-13T06:43:01.751Z] [ALL] 06-13 12:12:59.258  1695  2908 D OplusAppSwitchRuleInfo: generateAppEnterInfo - launch_source_type =  , launch_source_traceid = 
[2026-06-13T06:43:01.751Z] [ALL] 06-13 12:12:59.258  1695  2908 D OplusAppSwitchRuleInfo: generateAppEnterInfo - launch_source_type =  , launch_source_traceid = 
[2026-06-13T06:43:01.751Z] [ALL] 06-13 12:12:59.258  1695  2908 D OplusAppSwitchRuleInfo: generateAppEnterInfo - launch_source_type =  , launch_source_traceid = 
[2026-06-13T06:43:01.751Z] [ALL] 06-13 12:12:59.258  1695  2908 D OplusAppSwitchRuleInfo: generateAppEnterInfo - launch_source_type =  , launch_source_traceid = 
[2026-06-13T06:43:01.751Z] [ALL] 06-13 12:12:59.258  1695  2908 D OplusAppSwitchRuleInfo: generateAppEnterInfo - launch_source_type =  , launch_source_traceid = 
[2026-06-13T06:43:01.751Z] [ALL] 06-13 12:12:59.259  1695  2908 D OplusAppSwitchRuleInfo: generateAppEnterInfo - launch_source_type =  , launch_source_traceid = 
[2026-06-13T06:43:01.751Z] [ALL] 06-13 12:12:59.259  1695  2908 D OplusAppSwitchRuleInfo: generateAppEnterInfo - launch_source_type =  , launch_source_traceid = 
[2026-06-13T06:43:01.751Z] [ALL] 06-13 12:12:59.259  4650  8032 W Battery : ThermalControllHandler: tempLevel=9,userMode=2,gameUserMode=-1,appType=-1,envTempType=1,appStates=[],appSwitchSafetyMode=false
[2026-06-13T06:43:01.751Z] [ALL] 06-13 12:12:59.259  1695  2908 D OplusAppSwitchRuleInfo: generateAppEnterInfo - launch_source_type =  , launch_source_traceid = 
[2026-06-13T06:43:01.751Z] [ALL] 06-13 12:12:59.259  1695  2908 D OplusAppSwitchRuleInfo: generateActivityEnterInfo - launch_source_type =  , launch_source_traceid = 
[2026-06-13T06:43:01.751Z] [ALL] 06-13 12:12:59.259  1000  1000 D Layer   : reparent to null sequence=12667, seq[1], name=Surface(name=c1e4502 StatusBar)/@0x2c9b428 - animation-leash of insets_animation#12667
[2026-06-13T06:43:01.751Z] [ALL] 06-13 12:12:59.259  1000  1000 D Layer   : reparent to null sequence=12668, seq[2], name=Surface(name=87ac6b7 NavigationBar0)/@0x3b61541 - animation-leash of insets_animation#12668
[2026-06-13T06:43:01.751Z] [ALL] 06-13 12:12:59.260  1695  1729 D SurfaceAnimationRunner: onAnimationStart:Surface(name=Surface(name=ActivityRecord{7789bd4 u0 com.google.android.permissioncontroller/com.android.permissioncontroller.permission.ui.GrantPermissionsActivity})/@0x7cf9d1c - animation-leash of app_transition)/@0x3e5efa
[2026-06-13T06:43:01.751Z] [ALL] 06-13 12:12:59.260  4650  8032 W Battery : ThermalControllerCenter: mSafetyState=10000
[2026-06-13T06:43:01.751Z] [ALL] 06-13 12:12:59.260  1695  1891 D VRR [OPlusRefreshRateService]: handleFrontAppChange pkgName: com.safebank.ai
[2026-06-13T06:43:01.751Z] [ALL] 06-13 12:12:59.260  1695  1891 D VRR [OPlusExternalRefreshRateManager]: setFrontPackageName pkgName: com.safebank.ai CurPkgName: null
[2026-06-13T06:43:01.751Z] [ALL] 06-13 12:12:59.261  1695  1714 I FocusResolver: updateFocusedWindow,  on display 0, reason: NO_WINDOW, result:   FocusedWindows: <none>
[2026-06-13T06:43:01.751Z] [ALL] 06-13 12:12:59.262  1695  4421 I SurfaceAnimationRunner: startAnimation requiresEdgeExtension=false, animationLeash=Surface(name=Surface(name=Dim Layer for - Task=2076)/@0x63f0aef - animation-leash of dimmer)/@0xde873b4, runningAnim=com.android.server.wm.SurfaceAnimationRunner$RunningAnimation@724bdd, mPreProcessingAnimations={}
[2026-06-13T06:43:01.751Z] [ALL] 06-13 12:12:59.262  2757  2798 I Athena  : AthenaDynamicReceiver: pre_app:com.google.android.permissioncontroller, next_app:com.safebank.ai(10355|32174)
[2026-06-13T06:43:01.751Z] [ALL] 06-13 12:12:59.262  4226  4238 I tomator2.server: Method exceeds compiler instruction limit: 19260 in java_cup.runtime.Symbol org.eclipse.wst.xml.xpath2.processor.internal.CUP$XPathCup$actions.CUP$XPathCup$do_action(int, java_cup.runtime.lr_parser, java.util.Stack, int)
[2026-06-13T06:43:01.751Z] [ALL] 06-13 12:12:59.263  1695  1799 E OplusThermalStats: Error getting package info: com.safebank.ai
[2026-06-13T06:43:01.811Z] [ALL] 06-13 12:12:59.264  1695  4421 I PowerHalWrapper: amsBoostNotify pid:26745,activity:com.android.permissioncontroller.permission.ui.GrantPermissionsActivity, package:com.google.android.permissioncontroller, mProcessCreatePackcom.safebank.ai 
[2026-06-13T06:43:01.811Z] [ALL] 06-13 12:12:59.264  1695  4421 I PowerHalWrapper: state: 0 
[2026-06-13T06:43:01.811Z] [ALL] 06-13 12:12:59.264  1695  4421 I mtkpower_client: [Legacy][PowerHal_Wrap_notifyAppState] com.google.android.permissioncontroller/com.android.permissioncontroller.permission.ui.GrantPermissionsActivity pid=26745 state:0
[2026-06-13T06:43:01.811Z] [ALL] 06-13 12:12:59.264  1695  4421 I game_scn: collectForegroundAppList packName=com.google.android.permissioncontroller, actName=com.android.permissioncontroller.permission.ui.GrantPermissionsActivity, pid=26745, uid=10246, state:PAUSED
[2026-06-13T06:43:01.811Z] [ALL] 06-13 12:12:59.264  1695  4421 I PowerHalWrapper: amsBoostNotify AMS_BOOST_PROCESS_CREATE_BOOST:false 
[2026-06-13T06:43:01.811Z] [ALL] 06-13 12:12:59.265 26745 26745 D VRI[GrantPermissionsActivity]: onFocusEvent false
[2026-06-13T06:43:01.811Z] [ALL] 06-13 12:12:59.265 26745 26745 D VRI[GrantPermissionsActivity]: send msg MSG_WINDOW_FOCUS_CHANGED with caller android.view.ViewRootImplExtImpl.markAndDumpWindowFocusChangeMsg:1007 android.view.ViewRootImpl.windowFocusChanged:9843 android.view.ViewRootImpl$WindowInputEventReceiver.onFocusEvent:9556 android.os.MessageQueue.nativePollOnce:-2 android.os.MessageQueue.next:349 android.os.Looper.loopOnce:186 android.os.Looper.loop:351 android.app.ActivityThread.main:8423 java.lang.reflect.Method.invoke:-2 com.android.internal.os.RuntimeInit$MethodAndArgsCaller.run:584 com.android.internal.os.ZygoteInit.main:1013 <bottom of call stack> <bottom of call stack> <bottom of call stack> <bottom of call stack> <bottom of call stack> <bottom of call stack> <bottom of call stack> <bottom of call stack> <bottom of call stack> 
[2026-06-13T06:43:01.811Z] [ALL] 06-13 12:12:59.267  5147  5228 I DeepThinker: IntentManager: onIntentProduced 1
[2026-06-13T06:43:01.811Z] [ALL] 06-13 12:12:59.267  5147  5228 I DeepThinker: IntentManager: dispatchIntents 1
[2026-06-13T06:43:01.811Z] [ALL] 06-13 12:12:59.268  4650  8032 W Battery : ThermalControllHandler: tempGear=9,configItemName=common_config
[2026-06-13T06:43:01.811Z] [ALL] 06-13 12:12:59.268  5147 22228 I DeepThinker: EventFountainDispatcher: dispatchSpecificIntents 1
[2026-06-13T06:43:01.811Z] [ALL] 06-13 12:12:59.269  5147 22228 I DeepThinker: EventFountainDispatcher: dispatchSpecificIntents com.pantanal.action.APPS_LIST
[2026-06-13T06:43:01.811Z] [ALL] 06-13 12:12:59.270  1695  4421 I PowerHalWrapper: amsBoostNotify pid:26745,activity:com.android.permissioncontroller.permission.ui.GrantPermissionsActivity, package:com.google.android.permissioncontroller, mProcessCreatePackcom.safebank.ai 
[2026-06-13T06:43:01.811Z] [ALL] 06-13 12:12:59.270  1695  4421 I PowerHalWrapper: state: 0 
[2026-06-13T06:43:01.811Z] [ALL] 06-13 12:12:59.270  1695  4421 I mtkpower_client: [Legacy][PowerHal_Wrap_notifyAppState] com.google.android.permissioncontroller/com.android.permissioncontroller.permission.ui.GrantPermissionsActivity pid=26745 state:0
[2026-06-13T06:43:01.811Z] [ALL] 06-13 12:12:59.270  1695  4421 I game_scn: collectForegroundAppList packName=com.google.android.permissioncontroller, actName=com.android.permissioncontroller.permission.ui.GrantPermissionsActivity, pid=26745, uid=10246, state:PAUSED
[2026-06-13T06:43:01.811Z] [ALL] 06-13 12:12:59.270  1695  4421 I PowerHalWrapper: amsBoostNotify AMS_BOOST_PROCESS_CREATE_BOOST:false 
[2026-06-13T06:43:01.811Z] [ALL] 06-13 12:12:59.270  1695  4421 I PowerHalWrapper: amsBoostStop AMS_BOOST_PACK_SWITCH:true, AMS_BOOST_ACT_SWITCH:false, AMS_BOOST_PROCESS_CREATE:false 
[2026-06-13T06:43:01.811Z] [ALL] 06-13 12:12:59.272  1695  1727 D OplusUIFirst_FB: com.safebank.ai moveToTop:[]
[2026-06-13T06:43:01.811Z] [ALL] 06-13 12:12:59.272  1695  1727 D OplusUIFirst_FB: List of ThreadOp: size=0 []
[2026-06-13T06:43:01.811Z] [ALL] 06-13 12:12:59.272  1695  1727 D OplusUIFirst_FB: com.safebank.ai boost hint: 32174
[2026-06-13T06:43:01.811Z] [ALL] 06-13 12:12:59.272  1695  1727 D OplusUIFirst_FB: handleParaSwitch com.safebank.ai null null 0
[2026-06-13T06:43:01.811Z] [ALL] 06-13 12:12:59.273  1695  1727 D OplusUIFirst_FB: com.safebank.ai toForeOps: []
[2026-06-13T06:43:01.811Z] [ALL] 06-13 12:12:59.273  1695  1727 D OplusUIFirst_FB: List of ThreadOp: size=0 []
[2026-06-13T06:43:01.811Z] [ALL] 06-13 12:12:59.276  1695  1727 D OplusUIFirst_FB: com.google.android.permissioncontroller moveToBack 26745
[2026-06-13T06:43:01.811Z] [ALL] 06-13 12:12:59.276  1695  1729 D SurfaceAnimationRunner: onAnimationStart:Surface(name=Surface(name=Dim Layer for - Task=2076)/@0x63f0aef - animation-leash of dimmer)/@0xde873b4
[2026-06-13T06:43:01.811Z] [ALL] 06-13 12:12:59.277  1695  4615 I FocusResolver: updateFocusedWindow, 2fb4296 com.safebank.ai/com.safebank.ai.MainActivity on display 0, reason: setFocusedWindow, result:   FocusedWindows:
[2026-06-13T06:43:01.811Z] [ALL] 06-13 12:12:59.277  1695  4615 I FocusResolver:     displayId=0, name='2fb4296 com.safebank.ai/com.safebank.ai.MainActivity'
[2026-06-13T06:43:01.811Z] [ALL] 06-13 12:12:59.277 32174 32174 D VRI[MainActivity]: onFocusEvent true
[2026-06-13T06:43:01.811Z] [ALL] 06-13 12:12:59.278 32174 32174 D VRI[MainActivity]: send msg MSG_WINDOW_FOCUS_CHANGED with caller android.view.ViewRootImplExtImpl.markAndDumpWindowFocusChangeMsg:1007 android.view.ViewRootImpl.windowFocusChanged:9843 android.view.ViewRootImpl$WindowInputEventReceiver.onFocusEvent:9556 android.os.MessageQueue.nativePollOnce:-2 android.os.MessageQueue.next:349 android.os.Looper.loopOnce:186 android.os.Looper.loop:351 android.app.ActivityThread.main:8423 java.lang.reflect.Method.invoke:-2 com.android.internal.os.RuntimeInit$MethodAndArgsCaller.run:584 com.android.internal.os.ZygoteInit.main:1013 <bottom of call stack> <bottom of call stack> <bottom of call stack> <bottom of call stack> <bottom of call stack> <bottom of call stack> <bottom of call stack> <bottom of call stack> <bottom of call stack> 
[2026-06-13T06:43:01.811Z] [ALL] 06-13 12:12:59.278 32174 32174 D VRI[MainActivity]: handleWindowFocusChanged mWindowFocusChanged true mUpcomingWindowFocus true mAdded true
[2026-06-13T06:43:01.811Z] [ALL] 06-13 12:12:59.280  1695  4563 D CompatibilityChangeReporter: Compat change id reported: 214016041; UID 10355; state: ENABLED
[2026-06-13T06:43:01.811Z] [ALL] 06-13 12:12:59.281  1695  4563 D InputMethodManagerService: isSecurity: attribute.packageName = com.safebank.ai mCurMethodId = com.google.android.inputmethod.latin/com.android.inputmethod.latin.LatinIME isSecurity = false ( enable = false needShow = false inBlackList = false isExist = true )
[2026-06-13T06:43:01.811Z] [ALL] 06-13 12:12:59.282  3570 17922 D OplusAtlas.OplusAtlasEventDispatch: setEvent:atlas_event_on_foreground_activities_changed info:pid:26745,uid:10246,hasForegroundActivities:0
[2026-06-13T06:43:01.811Z] [ALL] 06-13 12:12:59.282  3570  4998 D OplusAtlas.OplusAudioScene: callback success event:atlas_event_on_foreground_activities_changed eventInfo:pid:26745,uid:10246,hasForegroundActivities:0
[2026-06-13T06:43:01.811Z] [ALL] 06-13 12:12:59.282  3570  5341 D OplusAtlas.OplusMessageHandler: handleMessage: Msg { when=0 what=2 obj=com.oplus.atlas.OplusAtlasEvent@edf5562 target=com.oplus.atlas.OplusMessageHandler$MyHandler }
[2026-06-13T06:43:01.811Z] [ALL] 06-13 12:12:59.285 28481 28481 D InputEventReceiver: Input log is disabled
[2026-06-13T06:43:01.811Z] [ALL] 06-13 12:12:59.293  1695  1695 D CompatibilityChangeReporter: Compat change id reported: 135634846; UID 10011; state: DISABLED
[2026-06-13T06:43:01.811Z] [ALL] 06-13 12:12:59.293  1695  1695 D CompatibilityChangeReporter: Compat change id reported: 177438394; UID 10011; state: DISABLED
[2026-06-13T06:43:01.811Z] [ALL] 06-13 12:12:59.293  1695  1695 D CompatibilityChangeReporter: Compat change id reported: 135772972; UID 10011; state: DISABLED
[2026-06-13T06:43:01.811Z] [ALL] 06-13 12:12:59.293  1695  1695 D CompatibilityChangeReporter: Compat change id reported: 135754954; UID 10011; state: ENABLED
[2026-06-13T06:43:01.811Z] [ALL] 06-13 12:12:59.294  1695  1768 D CompatibilityChangeReporter: Compat change id reported: 143937733; UID 10011; state: ENABLED
[2026-06-13T06:43:01.811Z] [ALL] 06-13 12:12:59.305  2925  7318 W lus.appplatform: Large reply transaction of 404300 bytes, interface descriptor com.oplus.epona.IRemoteTransfer, code 1
[2026-06-13T06:43:01.811Z] [ALL] 06-13 12:12:59.308  1695  2589 D OplusBatteryServiceFeature: setSmartCoolDown: coolDown = 3, normalCoolDown = 3, pkgName = com.safebank.ai
[2026-06-13T06:43:01.876Z] [ALL] 06-13 12:12:59.308   934   934 D vendor.oplus.hardware.charger@1.0-service: set cooldown:3,  normalCoolDown:3
[2026-06-13T06:43:01.876Z] [ALL] 06-13 12:12:59.309  4650  7709 W Battery : ThermalControllHandler: MSG_THERMAL_CONTROL_CATEGORY_CHANGED
[2026-06-13T06:43:01.876Z] [ALL] 06-13 12:12:59.312 28481 28481 I GoogleInputMethodService: GoogleInputMethodService.onFinishInput():2259 
[2026-06-13T06:43:01.876Z] [ALL] 06-13 12:12:59.313 28481 28481 I Module  : DeviceLockedStatusModuleProvider$Module.updateDeviceLockedStatusInternal():127 repeatCheckTimes = 0, locked = false
[2026-06-13T06:43:01.876Z] [ALL] 06-13 12:12:59.314 28481 28481 I GoogleInputMethodService: GoogleInputMethodService.onStartInput():1446 onStartInput(EditorInfo{EditorInfo{packageName=com.safebank.ai, inputType=0, inputTypeString=NULL, enableLearning=false, autoCorrection=false, autoComplete=false, imeOptions=0, privateImeOptions=null, actionName=UNSPECIFIED, actionLabel=null, initialSelStart=-1, initialSelEnd=-1, initialCapsMode=0, label=null, fieldId=-1, fieldName=null, extras=Bundle[{com.oplus.im.SCENES=0}], hintText=null, hintLocales=[]}}, false)
[2026-06-13T06:43:01.876Z] [ALL] 06-13 12:12:59.314 28481 28481 I AndroidIME: LatinIMEBase.updateInputViewCoverNavigation():321 Update input view padding, isNavbarOverInputWindow=false, bottom inset=41
[2026-06-13T06:43:01.876Z] [ALL] 06-13 12:12:59.314 28481 28481 I Module  : DeviceLockedStatusModuleProvider$Module.updateDeviceLockedStatusInternal():127 repeatCheckTimes = 1, locked = false
[2026-06-13T06:43:01.876Z] [ALL] 06-13 12:12:59.315  5147  5228 V DeepThinker: ProcessManager: onForegroundActivitiesChanged pid:26745, uid:10246, foregroundActivities:false
[2026-06-13T06:43:01.876Z] [ALL] 06-13 12:12:59.315   859   859 D Zygote  : Forked child process 4435
[2026-06-13T06:43:01.876Z] [ALL] 06-13 12:12:59.323  1695  1768 I ActivityManager: Start proc 4435:org.altruist.BajajExperia/u0a11 for service {org.altruist.BajajExperia/androidx.work.impl.background.systemjob.SystemJobService}
[2026-06-13T06:43:01.876Z] [ALL] 06-13 12:12:59.323  1695  1768 D OplusUIFirst_FB: org.altruist.BajajExperia proc start: 10011 4435 false org.altruist.BajajExperia
[2026-06-13T06:43:01.876Z] [ALL] 06-13 12:12:59.323  1695  1768 D OplusUIFirst_FB: org.altruist.BajajExperia start process: []
[2026-06-13T06:43:01.876Z] [ALL] 06-13 12:12:59.323  1695  1768 D OplusUIFirst_FB: List of ThreadOp: size=0 []
[2026-06-13T06:43:01.876Z] [ALL] 06-13 12:12:59.326  1000  1000 D Layer   : reparent to null sequence=12672, seq[3], name=Surface(name=79da8bc InputMethod)/@0xafa94a8 - animation-leash of insets_animation#12672
[2026-06-13T06:43:01.876Z] [ALL] 06-13 12:12:59.336  4435  4435 E st.BajajExperia: Unknown bits set in runtime_flags: 0x40000000
[2026-06-13T06:43:01.876Z] [ALL] 06-13 12:12:59.336  4435  4435 I st.BajajExperia: Using generational CollectorTypeCC GC.
[2026-06-13T06:43:01.876Z] [ALL] 06-13 12:12:59.343  4435  4435 D nativeloader: Load libframework-connectivity-tiramisu-jni.so using APEX ns com_android_tethering for caller /apex/com.android.tethering/javalib/framework-connectivity-t.jar: ok
[2026-06-13T06:43:01.876Z] [ALL] 06-13 12:12:59.349  4435  4435 I OneTrace: Mark active for pid=4435? true
[2026-06-13T06:43:01.876Z] [ALL] 06-13 12:12:59.349  4435  4435 D cutils-dev: otrace_set_tracing_enabled? true
[2026-06-13T06:43:01.876Z] [ALL] 06-13 12:12:59.349  4435  4456 D cutils-dev: properties changed in otrace_seq_number_changed!
[2026-06-13T06:43:01.876Z] [ALL] 06-13 12:12:59.351  4435  4456 E st.BajajExperia: Could not write anonymous vdex /system/framework/oat/arm64/mediatek-framework.vdex: Could not open /system/framework/oat/arm64/mediatek-framework.vdex for writing
[2026-06-13T06:43:01.876Z] [ALL] 06-13 12:12:59.356  1695  1729 D SurfaceAnimationRunner: onAnimationEnd:Surface(name=Surface(name=ActivityRecord{7789bd4 u0 com.google.android.permissioncontroller/com.android.permissioncontroller.permission.ui.GrantPermissionsActivity})/@0x7cf9d1c - animation-leash of app_transition)/@0x3e5efa
[2026-06-13T06:43:01.876Z] [ALL] 06-13 12:12:59.358 26745 19459 D VRI[GrantPermissionsActivity]: dispatchAppVisibility visible:false
[2026-06-13T06:43:01.876Z] [ALL] 06-13 12:12:59.359  1695  1728 I OplusAppSwitchManagerService:  handleAppVisible , r = ActivityRecord{d2bf89e u0 com.safebank.ai/.MainActivity} t2076}
[2026-06-13T06:43:01.876Z] [ALL] 06-13 12:12:59.364  1695  4545 D RGBNormalizeServer: OplusRGBNormalize feature enabled ? false
[2026-06-13T06:43:01.876Z] [ALL] 06-13 12:12:59.364 26745 26745 D VRI[GrantPermissionsActivity]: handleWindowFocusChanged mWindowFocusChanged true mUpcomingWindowFocus false mAdded true
[2026-06-13T06:43:01.876Z] [ALL] 06-13 12:12:59.368  1695  2882 I OplusHansManager : onUidActive(), uid=10011, pkgName=org.altruist.BajajExperia, can enter SM
[2026-06-13T06:43:01.876Z] [ALL] 06-13 12:12:59.368  1695  2882 I OplusHansManager : onUidActive() update stay time, uid=10011, pkgName=org.altruist.BajajExperia, U stay=91
[2026-06-13T06:43:01.876Z] [ALL] 06-13 12:12:59.368  1695  2752 I OplusHansManager : uid=10011, pkg=org.altruist.BajajExperia enter SM
[2026-06-13T06:43:01.876Z] [ALL] 06-13 12:12:59.368  1695  2752 I OplusHansManager : uid=10011, pkg=org.altruist.BajajExperia R enter(), D stay=0
[2026-06-13T06:43:01.876Z] [ALL] 06-13 12:12:59.370  4435  4435 D CompatibilityChangeReporter: Compat change id reported: 171979766; UID 10011; state: ENABLED
[2026-06-13T06:43:01.876Z] [ALL] 06-13 12:12:59.370  4435  4435 I oplus.android.OplusFrameworkFactoryImpl: get feature:IOplusAutoResolutionFeature
[2026-06-13T06:43:01.876Z] [ALL] 06-13 12:12:59.370  4435  4435 I oplus.android.OplusFrameworkFactoryImpl: getOplusAutoResolutionFeature
[2026-06-13T06:43:01.876Z] [ALL] 06-13 12:12:59.372  1000  1000 D Layer   : reparent to null sequence=12683, seq[18], name=Surface(name=ActivityRecord{7789bd4 u0 com.google.android.permissioncontroller/com.android.permissioncontroller.permission.ui.GrantPermissionsActivity})/@0x7cf9d1c - animation-leash of app_transition#12683
[2026-06-13T06:43:01.876Z] [ALL] 06-13 12:12:59.372  1000  1000 D Layer   : reparent to null sequence=12684, seq[2], name=Surface(name=ActivityRecord{7789bd4 u0 com.google.android.permissioncontroller/com.android.permissioncontroller.permission.ui.GrantPermissionsActivity})/@0x7cf9d1c - animation-bounds#12684
[2026-06-13T06:43:01.876Z] [ALL] 06-13 12:12:59.381  4435  4435 I OplusFeatureCache: Milliseconds spent on init(): 11
[2026-06-13T06:43:01.876Z] [ALL] 06-13 12:12:59.382  4435  4435 D CompactWindowAppManager: initCompactApplicationInfo CompactMode: , NormalMode: 
[2026-06-13T06:43:01.876Z] [ALL] 06-13 12:12:59.387  4435  4435 W libc    : Access denied finding property "ro.odm.prev.product.name"
[2026-06-13T06:43:01.876Z] [ALL] 06-13 12:12:59.387  4435  4435 D LoadedApk: mApplicationInfo overrideDisplayId:null
[2026-06-13T06:43:01.876Z] [ALL] 06-13 12:12:59.392  4435  4435 D nativeloader: Configuring clns-4 for other apk /system/framework/org.apache.http.legacy.jar. target_sdk_version=35, uses_libraries=ALL, library_path=/data/app/~~S9axNV9SHPKzrkkOEX-IqQ==/org.altruist.BajajExperia-H3Mk6JnYBcSusxXfGVH4QQ==/lib/arm64:/data/app/~~S9axNV9SHPKzrkkOEX-IqQ==/org.altruist.BajajExperia-H3Mk6JnYBcSusxXfGVH4QQ==/base.apk!/lib/arm64-v8a:/data/app/~~S9axNV9SHPKzrkkOEX-IqQ==/org.altruist.BajajExperia-H3Mk6JnYBcSusxXfGVH4QQ==/split_config.arm64_v8a.apk!/lib/arm64-v8a:/data/app/~~S9axNV9SHPKzrkkOEX-IqQ==/org.altruist.BajajExperia-H3Mk6JnYBcSusxXfGVH4QQ==/split_config.xxhdpi.apk!/lib/arm64-v8a, permitted_path=/data:/mnt/expand:/data/user/0/org.altruist.BajajExperia
[2026-06-13T06:43:01.876Z] [ALL] 06-13 12:12:59.392  4435  4435 D nativeloader: Extending system_exposed_libraries: libapuwareapusys.mtk.so:libapuwareapusys_v2.mtk.so:libapuwarexrp.mtk.so:libapuwarexrp_v2.mtk.so:libapuwareutils.mtk.so:libapuwareutils_v2.mtk.so:libapuwarehmp.mtk.so:libmcv_runtime_usdk.mtk.so:libneuron_graph_delegate.mtk.so:libneuronusdk_adapter.mtk.so:libtflite_mtk.mtk.so:libarmnn_ndk.mtk.so:libcmdl_ndk.mtk.so:libnir_neon_driver_ndk.mtk.so:libmvpu_runtime.mtk.so:libmvpu_runtime_pub.mtk.so:libmvpu_engine_pub.mtk.so:libmvpu_pattern_pub.mtk.so:libmvpuop_mtk_cv.mtk.so:libmvpuop_mtk_nn.mtk.so:libSloganJni.oplus.so:libsuperNight.oplus.so
[2026-06-13T06:43:01.941Z] [ALL] 06-13 12:12:59.395  4435  4435 D nativeloader: Configuring clns-5 for other apk /system_ext/framework/androidx.window.extensions.jar. target_sdk_version=35, uses_libraries=ALL, library_path=/data/app/~~S9axNV9SHPKzrkkOEX-IqQ==/org.altruist.BajajExperia-H3Mk6JnYBcSusxXfGVH4QQ==/lib/arm64:/data/app/~~S9axNV9SHPKzrkkOEX-IqQ==/org.altruist.BajajExperia-H3Mk6JnYBcSusxXfGVH4QQ==/base.apk!/lib/arm64-v8a:/data/app/~~S9axNV9SHPKzrkkOEX-IqQ==/org.altruist.BajajExperia-H3Mk6JnYBcSusxXfGVH4QQ==/split_config.arm64_v8a.apk!/lib/arm64-v8a:/data/app/~~S9axNV9SHPKzrkkOEX-IqQ==/org.altruist.BajajExperia-H3Mk6JnYBcSusxXfGVH4QQ==/split_config.xxhdpi.apk!/lib/arm64-v8a, permitted_path=/data:/mnt/expand:/data/user/0/org.altruist.BajajExperia
[2026-06-13T06:43:01.941Z] [ALL] 06-13 12:12:59.395  4435  4435 D nativeloader: Extending system_exposed_libraries: libapuwareapusys.mtk.so:libapuwareapusys_v2.mtk.so:libapuwarexrp.mtk.so:libapuwarexrp_v2.mtk.so:libapuwareutils.mtk.so:libapuwareutils_v2.mtk.so:libapuwarehmp.mtk.so:libmcv_runtime_usdk.mtk.so:libneuron_graph_delegate.mtk.so:libneuronusdk_adapter.mtk.so:libtflite_mtk.mtk.so:libarmnn_ndk.mtk.so:libcmdl_ndk.mtk.so:libnir_neon_driver_ndk.mtk.so:libmvpu_runtime.mtk.so:libmvpu_runtime_pub.mtk.so:libmvpu_engine_pub.mtk.so:libmvpu_pattern_pub.mtk.so:libmvpuop_mtk_cv.mtk.so:libmvpuop_mtk_nn.mtk.so:libSloganJni.oplus.so:libsuperNight.oplus.so
[2026-06-13T06:43:01.942Z] [ALL] 06-13 12:12:59.397  4435  4435 D nativeloader: Configuring clns-6 for other apk /system_ext/framework/androidx.window.sidecar.jar. target_sdk_version=35, uses_libraries=ALL, library_path=/data/app/~~S9axNV9SHPKzrkkOEX-IqQ==/org.altruist.BajajExperia-H3Mk6JnYBcSusxXfGVH4QQ==/lib/arm64:/data/app/~~S9axNV9SHPKzrkkOEX-IqQ==/org.altruist.BajajExperia-H3Mk6JnYBcSusxXfGVH4QQ==/base.apk!/lib/arm64-v8a:/data/app/~~S9axNV9SHPKzrkkOEX-IqQ==/org.altruist.BajajExperia-H3Mk6JnYBcSusxXfGVH4QQ==/split_config.arm64_v8a.apk!/lib/arm64-v8a:/data/app/~~S9axNV9SHPKzrkkOEX-IqQ==/org.altruist.BajajExperia-H3Mk6JnYBcSusxXfGVH4QQ==/split_config.xxhdpi.apk!/lib/arm64-v8a, permitted_path=/data:/mnt/expand:/data/user/0/org.altruist.BajajExperia
[2026-06-13T06:43:01.942Z] [ALL] 06-13 12:12:59.397  4435  4435 D nativeloader: Extending system_exposed_libraries: libapuwareapusys.mtk.so:libapuwareapusys_v2.mtk.so:libapuwarexrp.mtk.so:libapuwarexrp_v2.mtk.so:libapuwareutils.mtk.so:libapuwareutils_v2.mtk.so:libapuwarehmp.mtk.so:libmcv_runtime_usdk.mtk.so:libneuron_graph_delegate.mtk.so:libneuronusdk_adapter.mtk.so:libtflite_mtk.mtk.so:libarmnn_ndk.mtk.so:libcmdl_ndk.mtk.so:libnir_neon_driver_ndk.mtk.so:libmvpu_runtime.mtk.so:libmvpu_runtime_pub.mtk.so:libmvpu_engine_pub.mtk.so:libmvpu_pattern_pub.mtk.so:libmvpuop_mtk_cv.mtk.so:libmvpuop_mtk_nn.mtk.so:libSloganJni.oplus.so:libsuperNight.oplus.so
[2026-06-13T06:43:01.942Z] [ALL] 06-13 12:12:59.427 26745 26745 D VRI[GrantPermissionsActivity]: setWindowStopped stopped:true
[2026-06-13T06:43:01.942Z] [ALL] 06-13 12:12:59.429  4435  4435 W st.BajajExperia: Failed to find entry 'classes.dex': Entry not found
[2026-06-13T06:43:01.942Z] [ALL] 06-13 12:12:59.429  4435  4435 W st.BajajExperia: Failed to find entry 'classes.dex': Entry not found
[2026-06-13T06:43:01.942Z] [ALL] 06-13 12:12:59.430  4435  4435 D nativeloader: Configuring clns-7 for other apk /data/app/~~S9axNV9SHPKzrkkOEX-IqQ==/org.altruist.BajajExperia-H3Mk6JnYBcSusxXfGVH4QQ==/base.apk:/data/app/~~S9axNV9SHPKzrkkOEX-IqQ==/org.altruist.BajajExperia-H3Mk6JnYBcSusxXfGVH4QQ==/split_config.arm64_v8a.apk:/data/app/~~S9axNV9SHPKzrkkOEX-IqQ==/org.altruist.BajajExperia-H3Mk6JnYBcSusxXfGVH4QQ==/split_config.xxhdpi.apk. target_sdk_version=35, uses_libraries=, library_path=/data/app/~~S9axNV9SHPKzrkkOEX-IqQ==/org.altruist.BajajExperia-H3Mk6JnYBcSusxXfGVH4QQ==/lib/arm64:/data/app/~~S9axNV9SHPKzrkkOEX-IqQ==/org.altruist.BajajExperia-H3Mk6JnYBcSusxXfGVH4QQ==/base.apk!/lib/arm64-v8a:/data/app/~~S9axNV9SHPKzrkkOEX-IqQ==/org.altruist.BajajExperia-H3Mk6JnYBcSusxXfGVH4QQ==/split_config.arm64_v8a.apk!/lib/arm64-v8a:/data/app/~~S9axNV9SHPKzrkkOEX-IqQ==/org.altruist.BajajExperia-H3Mk6JnYBcSusxXfGVH4QQ==/split_config.xxhdpi.apk!/lib/arm64-v8a, permitted_path=/data:/mnt/expand:/data/user/0/org.altruist.BajajExperia
[2026-06-13T06:43:01.942Z] [ALL] 06-13 12:12:59.440  4435  4435 D nativeloader: Load libframework-connectivity-jni.so using APEX ns com_android_tethering for caller /apex/com.android.tethering/javalib/framework-connectivity.jar: ok
[2026-06-13T06:43:01.942Z] [ALL] 06-13 12:12:59.443 26745 26745 D OplusScrollToTopManager: com.google.android.permissioncontroller/com.android.permissioncontroller.permission.ui.GrantPermissionsActivity,window dying
[2026-06-13T06:43:01.942Z] [ALL] 06-13 12:12:59.443 26745 26745 D OplusScrollToTopManager: com.google.android.permissioncontroller/com.android.permissioncontroller.permission.ui.GrantPermissionsActivity,unregisterSystemUIBroadcastReceiver 
[2026-06-13T06:43:01.942Z] [ALL] 06-13 12:12:59.443 26745 26745 D OplusScrollToTopManager: com.google.android.permissioncontroller/com.android.permissioncontroller.permission.ui.GrantPermissionsActivity, unregisterSystemUIBroadcastReceiver failed java.lang.IllegalArgumentException: Receiver not registered: android.view.OplusScrollToTopManager$2@2ab2403
[2026-06-13T06:43:01.942Z] [ALL] 06-13 12:12:59.443  4435  4435 V GraphicsEnvironment: ANGLE Developer option for 'org.altruist.BajajExperia' set to: 'default'
[2026-06-13T06:43:01.942Z] [ALL] 06-13 12:12:59.443  4435  4435 V GraphicsEnvironment: ANGLE GameManagerService for org.altruist.BajajExperia: false
[2026-06-13T06:43:01.942Z] [ALL] 06-13 12:12:59.444  4435  4435 V GraphicsEnvironment: App is not on the allowlist for updatable production driver.
[2026-06-13T06:43:01.942Z] [ALL] 06-13 12:12:59.447  4435  4435 D NetworkSecurityConfig: Using Network Security Config from resource network_security_config_ debugBuild: false
[2026-06-13T06:43:01.942Z] [ALL] 06-13 12:12:59.448  4435  4435 D NetworkSecurityConfig: Using Network Security Config from resource network_security_config_ debugBuild: false
[2026-06-13T06:43:01.942Z] [ALL] 06-13 12:12:59.451  1695  4563 D CoreBackPreview: Window{ab8c891 u0 com.google.android.permissioncontroller/com.android.permissioncontroller.permission.ui.GrantPermissionsActivity}: Setting back callback null
[2026-06-13T06:43:01.942Z] [ALL] 06-13 12:12:59.454 26745 26745 D OpenGLRenderer: RenderProxy::destroy: this=0xb400006fcb9ac200, mContext=0xb400006fd876a440
[2026-06-13T06:43:01.942Z] [ALL] 06-13 12:12:59.454 26745 32228 D OpenGLRenderer: SkiaOpenGLPipeline::setSurface: this=0xb4000070423d9500, surface=NULL
[2026-06-13T06:43:01.942Z] [ALL] 06-13 12:12:59.455 26745 32228 D OpenGLRenderer: endAllActiveAnimators on 0xb400006fdb834a00 (RippleDrawable) with handle 0xb400006fd8634a00
[2026-06-13T06:43:01.942Z] [ALL] 06-13 12:12:59.461  1695  4563 W InputManager-JNI: Input channel object 'ab8c891 com.google.android.permissioncontroller/com.android.permissioncontroller.permission.ui.GrantPermissionsActivity (client)' was disposed without first being removed with the input manager!
[2026-06-13T06:43:01.942Z] [ALL] 06-13 12:12:59.462  1695  4563 I WindowManager: Window{ab8c891 u0 com.google.android.permissioncontroller/com.android.permissioncontroller.permission.ui.GrantPermissionsActivity} state from HAS_DRAWN to NO_SURFACE; reason: destroySurface
[2026-06-13T06:43:01.942Z] [ALL] 06-13 12:12:59.463 26745 19459 D BLASTBufferQueue: [VRI[GrantPermissionsActivity]#1](f:0,a:2) destructor()
[2026-06-13T06:43:01.942Z] [ALL] 06-13 12:12:59.463 26745 19459 D BufferQueueConsumer: [VRI[GrantPermissionsActivity]#1(BLAST Consumer)1](id:687900000001,api:0,p:-1,c:26745) disconnect
[2026-06-13T06:43:01.942Z] [ALL] 06-13 12:12:59.467  1695  4786 D CompatibilityChangeReporter: Compat change id reported: 161145287; UID 10011; state: DISABLED
[2026-06-13T06:43:01.942Z] [ALL] 06-13 12:12:59.468  1695  4545 D TaskFragmentExtImpl: remove ActivityRecord{7789bd4 u0 com.google.android.permissioncontroller/com.android.permissioncontroller.permission.ui.GrantPermissionsActivity} t-1 f}} to mActivityRecordSum = Counter{ com.safebank.ai/.MainActivity(1) }
[2026-06-13T06:43:01.942Z] [ALL] 06-13 12:12:59.470  1000  1000 D Layer   : reparent to null sequence=12666, seq[9], name=com.google.android.permissioncontroller/com.android.permissioncontroller.permission.ui.GrantPermissionsActivity#12666
[2026-06-13T06:43:01.942Z] [ALL] 06-13 12:12:59.470  1000  1000 D Layer   : reparent to null sequence=12665, seq[13], name=ab8c891 com.google.android.permissioncontroller/com.android.permissioncontroller.permission.ui.GrantPermissionsActivity#12665
[2026-06-13T06:43:01.942Z] [ALL] 06-13 12:12:59.470  1000  1000 I BufferQueueDebug: [com.google.android.permissioncontroller/com.android.permissioncontroller.permission.ui.GrantPermissionsActivity#12666](this:0xb4000071abbbc9e8,id:-1,api:0,p:-1,c:1000) onDestructor()
[2026-06-13T06:43:01.942Z] [ALL] 06-13 12:12:59.471  4226  4274 I appium  : The following child nodes of android.view.accessibility.AccessibilityNodeInfo@1069d; boundsInParent: Rect(0, 0 - 1024, 722); boundsInScreen: Rect(28, 872 - 1052, 1594); packageName: com.google.android.permissioncontroller; className: android.widget.ScrollView; text: null; error: null; maxTextLength: -1; stateDescription: null; contentDescription: null; tooltipText: null; viewIdResName: null; uniqueId: null; checkable: false; checked: false; focusable: true; focused: false; selected: false; clickable: false; longClickable: false; contextClickable: false; enabled: true; password: false; scrollable: false; importantForAccessibility: true; visible: true; actions: [AccessibilityAction: ACTION_FOCUS - null, AccessibilityAction: ACTION_SELECT - null, AccessibilityAction: ACTION_CLEAR_SELECTION - null, AccessibilityAction: ACTION_ACCESSIBILITY_FOCUS - null, AccessibilityAction: ACTION_SHOW_ON_SCREEN - null]; isTextSelectable: false are nulls: [0]
[2026-06-13T06:43:01.942Z] [ALL] 06-13 12:12:59.473  1695  1728 I TaskOrganizerController: onTaskInfoChanged taskid 2076 config { mBounds=Rect(0, 0 - 1080, 2400) mAppBounds=Rect(0, 107 - 1080, 2359) mMaxBounds=Rect(0, 0 - 1080, 2400) mDisplayRotation=ROTATION_0 mWindowingMode=fullscreen mDisplayWindowingMode=fullscreen mActivityType=standard mAlwaysOnTop=undefined mRotation=ROTATION_0}
[2026-06-13T06:43:01.942Z] [ALL] 06-13 12:12:59.473  2376  2550 D ShellTaskOrganizerExt: isOnCanvas size:0
[2026-06-13T06:43:01.942Z] [ALL] 06-13 12:12:59.474  2376  2550 D ShellTaskOrganizerExt: isOnThreeFlexibleCanvas size:0
[2026-06-13T06:43:01.942Z] [ALL] 06-13 12:12:59.474  2376  2550 D ShellTaskOrganizerExt: visibleFlexibleTaskInfos delete:2076
[2026-06-13T06:43:01.942Z] [ALL] 06-13 12:12:59.477  4435  4435 I MultiDex: VM with version 2.1.0 has multidex support
[2026-06-13T06:43:01.942Z] [ALL] 06-13 12:12:59.477  4435  4435 I MultiDex: Installing application
[2026-06-13T06:43:01.942Z] [ALL] 06-13 12:12:59.477  4435  4435 I MultiDex: VM has multidex support, MultiDex support library is disabled.
[2026-06-13T06:43:02.000Z] [ALL] 06-13 12:12:59.480  4226  4274 I appium  : Took 0ms to retrieve 0 matches for '//*[@resource-id="demo_guest_login_btn" or @content-desc="demo_guest_login_btn" or contains(@text, "Demo Mode") or contains(@text, "Offline Demo")]' XPath2 query
[2026-06-13T06:43:02.000Z] [ALL] 06-13 12:12:59.480  4435  4435 I DevRevLogs: UESDKInitializer: SDK initialization state management started
[2026-06-13T06:43:02.000Z] [ALL] 06-13 12:12:59.481  4226  4274 I appium  : AppiumResponse: {"sessionId":"bb437b4c-94d1-4759-aa25-0c4493c17649","value":{"error":"no such element","message":"An element could not be located on the page using the given search parameters","stacktrace":"io.appium.uiautomator2.common.exceptions.ElementNotFoundException: An element could not be located on the page using the given search parameters\n\tat io.appium.uiautomator2.utils.ElementLocationHelpers.findElement(ElementLocationHelpers.java:153)\n\tat io.appium.uiautomator2.handler.FindElement.safeHandle(FindElement.java:60)\n\tat io.appium.uiautomator2.handler.request.SafeRequestHandler.handle(SafeRequestHandler.java:59)\n\tat io.appium.uiautomator2.server.AppiumServlet.handleRequest(AppiumServlet.java:267)\n\tat io.appium.uiautomator2.server.AppiumServlet.handleHttpRequest(AppiumServlet.java:261)\n\tat io.appium.uiautomator2.http.ServerHandler.channelRead(ServerHandler.java:77)\n\tat io.netty.channel.AbstractChannelHandlerContext.fireChannelRead(AbstractChannelHandlerContext.java:357)\n\tat io.netty.handler.codec.MessageToMessageDecoder.channelRead(MessageToMessageDecoder.java:107)\n\tat io.netty.channel.AbstractChannelHandlerContext.fireChannelRead(AbstractChannelHandlerContext.java:357)\n\tat io.netty.channel.CombinedChannelDuplexHandler$DelegatingChannelHandlerContext.fireChannelRead(CombinedChannelDuplexHandler.java:434)\n\tat io.netty.handler.codec.ByteToMessageDecoder.fireChannelRead(ByteToMessageDecoder.java:361)\n\tat io.netty.handler.codec.ByteToMessageDecoder.channelRead(ByteToMessageDecoder.java:325)\n\tat io.netty.channel.CombinedChannelDuplexHandler.channelRead(CombinedChannelDuplexHandler.java:249)\n\tat io.netty.channel.AbstractChannelHandlerContext.fireChannelRead(AbstractChannelHandlerContext.java:355)\n\tat io.netty.handler.timeout.IdleStateHandler.channelRead(IdleStateHandler.java:288)\n\tat io.netty.channel.AbstractChannelHandlerContext.fireChannelRead(AbstractChannelHandlerContext.java:355)\n\tat io.netty.channel.DefaultChannelPipeline$HeadContext.channelRead(DefaultChannelPipeline.java:1429)\n\tat io.netty.channel.DefaultChannelPipeline.fireChannelRead(DefaultChannelPipeline.java:918)\n\tat io.netty.channel.nio.AbstractNioByteChannel$NioByteUnsafe.read(AbstractNioByteChannel.java:176)\n\tat io.netty.channel.nio.AbstractNioChannel$AbstractNioUnsafe.handle(AbstractNioChannel.java:445)\n\tat io.netty.channel.nio.NioIoHandler$DefaultNioRegistration.handle(NioIoHandler.java:388)\n\tat io.netty.channel.nio.NioIoHandler.processSelectedKey(NioIoHandler.java:596)\n\tat io.netty.channel.nio.NioIoHandler.processSelectedKeysOptimized(NioIoHandler.java:571)\n\tat io.netty.channel.nio.NioIoHandler.processSelectedKeys(NioIoHandler.java:512)\n\tat io.netty.channel.nio.NioIoHandler.run(NioIoHandler.java:484)\n\tat io.netty.channel.SingleThreadIoEventLoop.runIo(SingleThreadIoEventLoop.java:225)\n\tat io.netty.channel.SingleThreadIoEventLoop.run(SingleThreadIoEventLoop.java:196)\n\tat io.netty.util.concurrent.SingleThreadEventExecutor$5.run(SingleThreadEventExecutor.java:1195)\n\tat io.netty.util.internal.ThreadExecutorMap$2.run(ThreadExecutorMap.java:74)\n\tat io.netty.util.concurrent.FastThreadLocalRunnable.run(FastThreadLocalRunnable.java:30)\n\tat java.lang.Thread.run(Thread.java:1572)\n"}}
[2026-06-13T06:43:02.000Z] [ALL] 06-13 12:12:59.482  4435  4464 I DevRevLogs: UEContentProvider: Starting background SDK initialization
[2026-06-13T06:43:02.000Z] [ALL] 06-13 12:12:59.486  1000  1000 D Layer   : reparent to null sequence=12663, seq[5], name=ActivityRecord{7789bd4 u0 com.google.android.permissioncontroller/com.android.permissioncontroller.permission.ui.GrantPermissionsActivity}#12663
[2026-06-13T06:43:02.000Z] [ALL] 06-13 12:12:59.487  1695  1729 D SurfaceAnimationRunner: onAnimationEnd:Surface(name=Surface(name=Dim Layer for - Task=2076)/@0x63f0aef - animation-leash of dimmer)/@0xde873b4
[2026-06-13T06:43:02.000Z] [ALL] 06-13 12:12:59.491  4435  4435 D CompatibilityChangeReporter: Compat change id reported: 183155436; UID 10011; state: ENABLED
[2026-06-13T06:43:02.000Z] [ALL] 06-13 12:12:59.494  4435  4435 D SessionsDependencies: Dependency to CRASHLYTICS added.
[2026-06-13T06:43:02.000Z] [ALL] 06-13 12:12:59.494  4435  4464 I DevRevLogs: UESDKInitializer: SDK marked as ready, executing pending operations
[2026-06-13T06:43:02.000Z] [ALL] 06-13 12:12:59.494  4435  4464 I DevRevLogs: UESDKInitializer: No pending operations to execute
[2026-06-13T06:43:02.000Z] [ALL] 06-13 12:12:59.494  4435  4464 I DevRevLogs: UEContentProvider: Background SDK initialization completed successfully
[2026-06-13T06:43:02.000Z] [ALL] 06-13 12:12:59.495  4435  4435 I FirebaseApp: Device unlocked: initializing all Firebase APIs for app [DEFAULT]
[2026-06-13T06:43:02.000Z] [ALL] 06-13 12:12:59.506  4435  4435 D nativeloader: Load /data/app/~~S9axNV9SHPKzrkkOEX-IqQ==/org.altruist.BajajExperia-H3Mk6JnYBcSusxXfGVH4QQ==/lib/arm64/libcrashlytics.so using class loader ns clns-7 (caller=/data/app/~~S9axNV9SHPKzrkkOEX-IqQ==/org.altruist.BajajExperia-H3Mk6JnYBcSusxXfGVH4QQ==/base.apk): ok
[2026-06-13T06:43:02.000Z] [ALL] 06-13 12:12:59.512  4435  4482 W st.BajajExperia: ClassLoaderContext classpath size mismatch. expected=1, found=0 (DLC[];PCL[base.apk*116719914]{PCL[/system/framework/org.apache.http.legacy.jar*3412649068]#PCL[/system/framework/com.android.location.provider.jar*3868789109]#PCL[/system/framework/com.android.media.remotedisplay.jar*3886290638]#PCL[/system_ext/framework/androidx.window.extensions.jar*2755949339]#PCL[/system_ext/framework/androidx.window.sidecar.jar*2604584306]} | DLC[];PCL[])
[2026-06-13T06:43:02.000Z] [ALL] 06-13 12:12:59.512 22664 22678 W OplusExSystemServiceHelper: checkOplusExSystemService intent getComponent is null
[2026-06-13T06:43:02.000Z] [ALL] 06-13 12:12:59.513  4435  4482 I DynamiteModule: Considering local module com.google.android.gms.measurement.dynamite:127 and remote module com.google.android.gms.measurement.dynamite:193
[2026-06-13T06:43:02.000Z] [ALL] 06-13 12:12:59.514  4435  4482 I DynamiteModule: Selected remote version of com.google.android.gms.measurement.dynamite, version >= 193
[2026-06-13T06:43:02.000Z] [ALL] 06-13 12:12:59.514  4435  4482 V DynamiteModule: Dynamite loader version >= 2, using loadModule2NoCrashUtils
[2026-06-13T06:43:02.001Z] [ALL] 06-13 12:12:59.518  4435  4435 D FirebaseSessions: Initializing Firebase Sessions SDK.
[2026-06-13T06:43:02.001Z] [ALL] 06-13 12:12:59.519  1000  1000 D Layer   : reparent to null sequence=12670, seq[55], name=Dim Layer for - Task=2076#12670
[2026-06-13T06:43:02.001Z] [ALL] 06-13 12:12:59.519  1000  1000 D Layer   : reparent to null sequence=12685, seq[14], name=Surface(name=Dim Layer for - Task=2076)/@0x63f0aef - animation-leash of dimmer#12685
[2026-06-13T06:43:02.001Z] [ALL] 06-13 12:12:59.519  4435  4435 I FirebaseCrashlytics: Initializing Firebase Crashlytics 19.2.1 for org.altruist.BajajExperia
[2026-06-13T06:43:02.001Z] [ALL] 06-13 12:12:59.533  7763 13029 D IHansComunication: HANS sendMessageToKernel: threadId = 536992353456, netLinkSetup = 1, type = FROZEN_TRANS, targetUid = 10349, pkgCmd = PKG_CMD_MAX
[2026-06-13T06:43:02.001Z] [ALL] 06-13 12:12:59.538  4435  4435 D SessionsDependencies: Subscriber CRASHLYTICS registered.
[2026-06-13T06:43:02.001Z] [ALL] 06-13 12:12:59.542  4435  4482 W System  : ClassLoader referenced unknown path: 
[2026-06-13T06:43:02.001Z] [ALL] 06-13 12:12:59.542  4435  4482 D nativeloader: Configuring clns-8 for other apk . target_sdk_version=37, uses_libraries=, library_path=/data/app/~~UdMHsXY926Xq-d1ywBXJwA==/com.google.android.gms-F85YuBj2B0NzQ8-keoyDxg==/lib/arm64:/data/app/~~UdMHsXY926Xq-d1ywBXJwA==/com.google.android.gms-F85YuBj2B0NzQ8-keoyDxg==/base.apk!/lib/arm64-v8a, permitted_path=/data:/mnt/expand:/data/user/0/com.google.android.gms
[2026-06-13T06:43:02.056Z] [ALL] 06-13 12:12:59.550  4435  4493 D LifecycleServiceBinder: Binding service to application.
[2026-06-13T06:43:02.056Z] [ALL] 06-13 12:12:59.556  4435  4435 I FirebaseInitProvider: FirebaseApp initialization successful
[2026-06-13T06:43:02.056Z] [ALL] 06-13 12:12:59.562  4435  4482 W st.BajajExperia: ClassLoaderContext classpath element checksum mismatch. expected=116719914, found=2844139782 (DLC[];PCL[base.apk*116719914]{PCL[/system/framework/org.apache.http.legacy.jar*3412649068]#PCL[/system/framework/com.android.location.provider.jar*3868789109]#PCL[/system/framework/com.android.media.remotedisplay.jar*3886290638]#PCL[/system_ext/framework/androidx.window.extensions.jar*2755949339]#PCL[/system_ext/framework/androidx.window.sidecar.jar*2604584306]} | DLC[];PCL[/data/app/~~S9axNV9SHPKzrkkOEX-IqQ==/org.altruist.BajajExperia-H3Mk6JnYBcSusxXfGVH4QQ==/base.apk*2844139782]{PCL[/system/framework/org.apache.http.legacy.jar*3412649068]#PCL[/system_ext/framework/androidx.window.extensions.jar*2755949339]#PCL[/system_ext/framework/androidx.window.sidecar.jar*2604584306]})
[2026-06-13T06:43:02.056Z] [ALL] 06-13 12:12:59.566  4435  4472 D libcrashlytics: Initializing libcrashlytics version 3.2.0
[2026-06-13T06:43:02.056Z] [ALL] 06-13 12:12:59.571  4435  4472 D libcrashlytics: Initializing native crash handling successful.
[2026-06-13T06:43:02.056Z] [ALL] 06-13 12:12:59.582  4435  4472 I FirebaseCrashlytics: Saved version control info
[2026-06-13T06:43:02.056Z] [ALL] 06-13 12:12:59.585  1695  1711 W System  : A resource failed to call release. 
[2026-06-13T06:43:02.056Z] [ALL] 06-13 12:12:59.585  1695  1711 W System  : A resource failed to call release. 
[2026-06-13T06:43:02.056Z] [ALL] 06-13 12:12:59.585  1695  1711 W System  : A resource failed to call release. 
[2026-06-13T06:43:02.056Z] [ALL] 06-13 12:12:59.585  1695  1711 W System  : A resource failed to call release. 
[2026-06-13T06:43:02.056Z] [ALL] 06-13 12:12:59.585  1695  1711 W System  : A resource failed to call release. 
[2026-06-13T06:43:02.056Z] [ALL] 06-13 12:12:59.591  4435  4435 D WM-WrkMgrInitializer: Initializing WorkManager with default configuration.
[2026-06-13T06:43:02.056Z] [ALL] 06-13 12:12:59.596  4435  4435 D WM-PackageManagerHelper: Skipping component enablement for androidx.work.impl.background.systemjob.SystemJobService
[2026-06-13T06:43:02.056Z] [ALL] 06-13 12:12:59.596  4435  4435 D WM-Schedulers: Created SystemJobScheduler and enabled SystemJobService
[2026-06-13T06:43:02.056Z] [ALL] 06-13 12:12:59.612 22664 32243 I PhenotypeResourceReader: unable to find any Phenotype resource metadata for org.altruist.BajajExperia
[2026-06-13T06:43:02.107Z] [ALL] 06-13 12:12:59.623  4435  4499 E st.BajajExperia: No package ID 6a found for ID 0x6a0b0013.
[2026-06-13T06:43:02.107Z] [ALL] 06-13 12:12:59.624  4435  4499 I FA      : App measurement initialized, version: 169000
[2026-06-13T06:43:02.107Z] [ALL] 06-13 12:12:59.624  4435  4499 I FA      : To enable debug logging run: adb shell setprop log.tag.FA VERBOSE
[2026-06-13T06:43:02.107Z] [ALL] 06-13 12:12:59.624  4435  4499 I FA      : To enable faster debug mode event logging run:
[2026-06-13T06:43:02.107Z] [ALL] 06-13 12:12:59.624  4435  4499 I FA      :   adb shell setprop debug.firebase.analytics.app org.altruist.BajajExperia
[2026-06-13T06:43:02.107Z] [ALL] 06-13 12:12:59.626  4435  4501 D CompatibilityChangeReporter: Compat change id reported: 160794467; UID 10011; state: ENABLED
[2026-06-13T06:43:02.107Z] [ALL] 06-13 12:12:59.632  4435  4435 D nativeloader: Load /data/app/~~S9axNV9SHPKzrkkOEX-IqQ==/org.altruist.BajajExperia-H3Mk6JnYBcSusxXfGVH4QQ==/lib/arm64/libinfosec.so using class loader ns clns-7 (caller=/data/app/~~S9axNV9SHPKzrkkOEX-IqQ==/org.altruist.BajajExperia-H3Mk6JnYBcSusxXfGVH4QQ==/base.apk): ok
[2026-06-13T06:43:02.107Z] [ALL] 06-13 12:12:59.634  4435  4501 D CompatibilityChangeReporter: Compat change id reported: 194532703; UID 10011; state: ENABLED
[2026-06-13T06:43:02.107Z] [ALL] 06-13 12:12:59.635   664   664 D TlcTeeKeyMaster: TEE_Begin 4.1
[2026-06-13T06:43:02.107Z] [ALL] 06-13 12:12:59.635   664   664 D TlcTeeKeyMaster: purpose = 0x00000000
[2026-06-13T06:43:02.107Z] [ALL] 06-13 12:12:59.635  1695  2589 D CompatibilityChangeReporter: Compat change id reported: 194532703; UID 10011; state: ENABLED
[2026-06-13T06:43:02.163Z] [ALL] 06-13 12:12:59.637   664   664 D TlcTeeKeyMaster: find_spare_operation_slot: allocate op 0x1e3a814f9fa49e4f to slot #0 (1 ops live)
[2026-06-13T06:43:02.163Z] [ALL] 06-13 12:12:59.638  4435  4496 D nativeloader: Load /data/app/~~S9axNV9SHPKzrkkOEX-IqQ==/org.altruist.BajajExperia-H3Mk6JnYBcSusxXfGVH4QQ==/lib/arm64/libnative_sdklib.so using class loader ns clns-7 (caller=/data/app/~~S9axNV9SHPKzrkkOEX-IqQ==/org.altruist.BajajExperia-H3Mk6JnYBcSusxXfGVH4QQ==/base.apk): ok
[2026-06-13T06:43:02.163Z] [ALL] 06-13 12:12:59.638   664   664 D TlcTeeKeyMaster: TEE_Begin exiting with 0
[2026-06-13T06:43:02.163Z] [ALL] 06-13 12:12:59.642   664   664 D TlcTeeKeyMaster: TEE_Update
[2026-06-13T06:43:02.163Z] [ALL] 06-13 12:12:59.642   664   664 D TlcTeeKeyMaster: split_update_chunks
[2026-06-13T06:43:02.163Z] [ALL] 06-13 12:12:59.643  4435  4496 D nativeloader: Load /data/app/~~S9axNV9SHPKzrkkOEX-IqQ==/org.altruist.BajajExperia-H3Mk6JnYBcSusxXfGVH4QQ==/lib/arm64/libcheckout-jni.so using class loader ns clns-7 (caller=/data/app/~~S9axNV9SHPKzrkkOEX-IqQ==/org.altruist.BajajExperia-H3Mk6JnYBcSusxXfGVH4QQ==/base.apk): ok
[2026-06-13T06:43:02.163Z] [ALL] 06-13 12:12:59.643   664   664 D TlcTeeKeyMaster: TEE_Update exiting with 0
[2026-06-13T06:43:02.163Z] [ALL] 06-13 12:12:59.644   664   664 D TlcTeeKeyMaster: TEE_Finish
[2026-06-13T06:43:02.163Z] [ALL] 06-13 12:12:59.644   664   664 D TlcTeeKeyMaster: split_update_chunks
[2026-06-13T06:43:02.163Z] [ALL] 06-13 12:12:59.646   664   664 D TlcTeeKeyMaster: release_operation_slot: release op slot #0 (handle 0x1e3a814f9fa49e4f; 0 ops live)
[2026-06-13T06:43:02.163Z] [ALL] 06-13 12:12:59.646   664   664 D TlcTeeKeyMaster: TEE_Finish exiting with 0
[2026-06-13T06:43:02.163Z] [ALL] 06-13 12:12:59.647   664   664 D TlcTeeKeyMaster: TEE_Begin 4.1
[2026-06-13T06:43:02.163Z] [ALL] 06-13 12:12:59.647   664   664 D TlcTeeKeyMaster: purpose = 0x00000001
[2026-06-13T06:43:02.163Z] [ALL] 06-13 12:12:59.648   664   664 D TlcTeeKeyMaster: find_spare_operation_slot: allocate op 0x7979adba768e2f55 to slot #0 (1 ops live)
[2026-06-13T06:43:02.163Z] [ALL] 06-13 12:12:59.648   664   664 D TlcTeeKeyMaster: TEE_Begin exiting with 0
[2026-06-13T06:43:02.163Z] [ALL] 06-13 12:12:59.648  4435  4496 D nativeloader: Load /data/app/~~S9axNV9SHPKzrkkOEX-IqQ==/org.altruist.BajajExperia-H3Mk6JnYBcSusxXfGVH4QQ==/lib/arm64/libintegrated-jni.so using class loader ns clns-7 (caller=/data/app/~~S9axNV9SHPKzrkkOEX-IqQ==/org.altruist.BajajExperia-H3Mk6JnYBcSusxXfGVH4QQ==/base.apk): ok
[2026-06-13T06:43:02.163Z] [ALL] 06-13 12:12:59.649   664   664 D TlcTeeKeyMaster: TEE_Update
[2026-06-13T06:43:02.163Z] [ALL] 06-13 12:12:59.649   664   664 D TlcTeeKeyMaster: split_update_chunks
[2026-06-13T06:43:02.163Z] [ALL] 06-13 12:12:59.651  4435  4496 D nativeloader: Load /data/app/~~S9axNV9SHPKzrkkOEX-IqQ==/org.altruist.BajajExperia-H3Mk6JnYBcSusxXfGVH4QQ==/lib/arm64/libNativeDataLib.so using class loader ns clns-7 (caller=/data/app/~~S9axNV9SHPKzrkkOEX-IqQ==/org.altruist.BajajExperia-H3Mk6JnYBcSusxXfGVH4QQ==/base.apk): ok
[2026-06-13T06:43:02.163Z] [ALL] 06-13 12:12:59.652   664   664 D TlcTeeKeyMaster: TEE_Update exiting with 0
[2026-06-13T06:43:02.163Z] [ALL] 06-13 12:12:59.652   664   664 D TlcTeeKeyMaster: TEE_Finish
[2026-06-13T06:43:02.163Z] [ALL] 06-13 12:12:59.652   664   664 D TlcTeeKeyMaster: split_update_chunks
[2026-06-13T06:43:02.163Z] [ALL] 06-13 12:12:59.653  4435  4435 I CleverTap: Activity Lifecycle Callback successfully registered
[2026-06-13T06:43:02.163Z] [ALL] 06-13 12:12:59.653  4435  4435 I CleverTap: Account Region not specified in the AndroidManifest - using default region
[2026-06-13T06:43:02.163Z] [ALL] 06-13 12:12:59.656   664   664 D TlcTeeKeyMaster: release_operation_slot: release op slot #0 (handle 0x7979adba768e2f55; 0 ops live)
[2026-06-13T06:43:02.163Z] [ALL] 06-13 12:12:59.656   664   664 D TlcTeeKeyMaster: TEE_Finish exiting with 0
[2026-06-13T06:43:02.222Z] [ALL] 06-13 12:12:59.657   664   664 D TlcTeeKeyMaster: TEE_Begin 4.1
[2026-06-13T06:43:02.265Z] [ALL] 06-13 12:12:59.657   664   664 D TlcTeeKeyMaster: purpose = 0x00000001
[2026-06-13T06:43:02.265Z] [ALL] 06-13 12:12:59.658   664   664 D TlcTeeKeyMaster: find_spare_operation_slot: allocate op 0xbf9843867ff2a637 to slot #0 (1 ops live)
[2026-06-13T06:43:02.265Z] [ALL] 06-13 12:12:59.659   664   664 D TlcTeeKeyMaster: TEE_Begin exiting with 0
[2026-06-13T06:43:02.265Z] [ALL] 06-13 12:12:59.660   664   664 D TlcTeeKeyMaster: TEE_Update
[2026-06-13T06:43:02.265Z] [ALL] 06-13 12:12:59.660   664   664 D TlcTeeKeyMaster: split_update_chunks
[2026-06-13T06:43:02.265Z] [ALL] 06-13 12:12:59.662  4435  4435 I CleverTap: CleverTap SDK initialized with accountId: R9K-97K-8Z6Z accountToken: 3ac-3c2 accountRegion: null
[2026-06-13T06:43:02.265Z] [ALL] 06-13 12:12:59.662   664   664 D TlcTeeKeyMaster: TEE_Update exiting with 0
[2026-06-13T06:43:02.265Z] [ALL] 06-13 12:12:59.663   664   664 D TlcTeeKeyMaster: TEE_Finish
[2026-06-13T06:43:02.265Z] [ALL] 06-13 12:12:59.663   664   664 D TlcTeeKeyMaster: split_update_chunks
[2026-06-13T06:43:02.265Z] [ALL] 06-13 12:12:59.665   664   664 D TlcTeeKeyMaster: release_operation_slot: release op slot #0 (handle 0xbf9843867ff2a637; 0 ops live)
[2026-06-13T06:43:02.265Z] [ALL] 06-13 12:12:59.665   664   664 D TlcTeeKeyMaster: TEE_Finish exiting with 0
[2026-06-13T06:43:02.265Z] [ALL] 06-13 12:12:59.667  2744  3070 D PhoneInterfaceManager: [PhoneIntfMgr] QueryTelephonyChecker-getDataNetworkTypeForSubscriber: packageName = org.altruist.BajajExperia, isGrant = true
[2026-06-13T06:43:02.265Z] [ALL] 06-13 12:12:59.667  2744  9903 D PhoneInterfaceManager: [PhoneIntfMgr] QueryTelephonyChecker-getDataNetworkTypeForSubscriber: packageName = org.altruist.BajajExperia, isGrant = true
[2026-06-13T06:43:02.265Z] [ALL] 06-13 12:12:59.669  4435  4435 D ScriptLoader: Loaded script from assets: common-widget.js
[2026-06-13T06:43:02.265Z] [ALL] 06-13 12:12:59.677  4435  4435 D OplusActivityManager: get AMS extension: android.os.BinderProxy@585cd05
[2026-06-13T06:43:02.265Z] [ALL] 06-13 12:12:59.679   664   664 D TlcTeeKeyMaster: TEE_Begin 4.1
[2026-06-13T06:43:02.265Z] [ALL] 06-13 12:12:59.679   664   664 D TlcTeeKeyMaster: purpose = 0x00000000
[2026-06-13T06:43:02.265Z] [ALL] 06-13 12:12:59.683  1695  1695 W JobScheduler: Job didn't exist in JobStore: #org.altruist.BajajExperia/6670
[2026-06-13T06:43:02.265Z] [ALL] 06-13 12:12:59.684   664   664 D TlcTeeKeyMaster: find_spare_operation_slot: allocate op 0x8eb5b8317e43aacc to slot #0 (1 ops live)
[2026-06-13T06:43:02.265Z] [ALL] 06-13 12:12:59.685   664   664 D TlcTeeKeyMaster: TEE_Begin exiting with 0
[2026-06-13T06:43:02.265Z] [ALL] 06-13 12:12:59.686   664   664 D TlcTeeKeyMaster: TEE_Update
[2026-06-13T06:43:02.265Z] [ALL] 06-13 12:12:59.686  4435  4435 D SessionLifecycleService: Service bound to new client on process 4435
[2026-06-13T06:43:02.265Z] [ALL] 06-13 12:12:59.686   664   664 D TlcTeeKeyMaster: split_update_chunks
[2026-06-13T06:43:02.265Z] [ALL] 06-13 12:12:59.688  4435  4435 D LicenseClient: Connecting to the licensing service...
[2026-06-13T06:43:02.265Z] [ALL] 06-13 12:12:59.688   664   664 D TlcTeeKeyMaster: TEE_Update exiting with 0
[2026-06-13T06:43:02.265Z] [ALL] 06-13 12:12:59.689   664   664 D TlcTeeKeyMaster: TEE_Finish
[2026-06-13T06:43:02.265Z] [ALL] 06-13 12:12:59.689   664   664 D TlcTeeKeyMaster: split_update_chunks
[2026-06-13T06:43:02.265Z] [ALL] 06-13 12:12:59.691   664   664 D TlcTeeKeyMaster: release_operation_slot: release op slot #0 (handle 0x8eb5b8317e43aacc; 0 ops live)
[2026-06-13T06:43:02.265Z] [ALL] 06-13 12:12:59.691   664   664 D TlcTeeKeyMaster: TEE_Finish exiting with 0
[2026-06-13T06:43:02.265Z] [ALL] 06-13 12:12:59.698 14374 16097 W OplusExSystemServiceHelper: checkOplusExSystemService intent getComponent is null
[2026-06-13T06:43:02.265Z] [ALL] 06-13 12:12:59.703   664   664 D TlcTeeKeyMaster: TEE_Begin 4.1
[2026-06-13T06:43:02.265Z] [ALL] 06-13 12:12:59.703   664   664 D TlcTeeKeyMaster: purpose = 0x00000001
[2026-06-13T06:43:02.265Z] [ALL] 06-13 12:12:59.704   664   664 D TlcTeeKeyMaster: find_spare_operation_slot: allocate op 0x78a3f13612ba48e1 to slot #0 (1 ops live)
[2026-06-13T06:43:02.265Z] [ALL] 06-13 12:12:59.705   664   664 D TlcTeeKeyMaster: TEE_Begin exiting with 0
[2026-06-13T06:43:02.265Z] [ALL] 06-13 12:12:59.707   664   664 D TlcTeeKeyMaster: TEE_Update
[2026-06-13T06:43:02.265Z] [ALL] 06-13 12:12:59.707   664   664 D TlcTeeKeyMaster: split_update_chunks
[2026-06-13T06:43:02.265Z] [ALL] 06-13 12:12:59.707  4435  4529 D SessionLifecycleService: App has not yet foregrounded. Using previously stored session: null
[2026-06-13T06:43:02.265Z] [ALL] 06-13 12:12:59.707  4435  4529 D SessionLifecycleService: Client android.os.Messenger@75ad926 bound at 118581010. Clients: 1
[2026-06-13T06:43:02.265Z] [ALL] 06-13 12:12:59.709   664   664 D TlcTeeKeyMaster: TEE_Update exiting with 0
[2026-06-13T06:43:02.265Z] [ALL] 06-13 12:12:59.715   664   664 D TlcTeeKeyMaster: TEE_Finish
[2026-06-13T06:43:02.265Z] [ALL] 06-13 12:12:59.715   664   664 D TlcTeeKeyMaster: split_update_chunks
[2026-06-13T06:43:02.265Z] [ALL] 06-13 12:12:59.716  4435  4435 I DEVREV SDK: → DevRev.configure() ENTRY - appId: DvRvStPZG9..., prefersDialogMode: false, currentState: UNINITIALIZED
[2026-06-13T06:43:02.265Z] [ALL] 06-13 12:12:59.717   664   664 D TlcTeeKeyMaster: release_operation_slot: release op slot #0 (handle 0x78a3f13612ba48e1; 0 ops live)
[2026-06-13T06:43:02.265Z] [ALL] 06-13 12:12:59.717   664   664 D TlcTeeKeyMaster: TEE_Finish exiting with 0
[2026-06-13T06:43:02.265Z] [ALL] 06-13 12:12:59.722   664   664 D TlcTeeKeyMaster: TEE_Begin 4.1
[2026-06-13T06:43:02.265Z] [ALL] 06-13 12:12:59.722   664   664 D TlcTeeKeyMaster: purpose = 0x00000001
[2026-06-13T06:43:02.265Z] [ALL] 06-13 12:12:59.724   664   664 D TlcTeeKeyMaster: find_spare_operation_slot: allocate op 0x7d9d985ebb08ab1b to slot #0 (1 ops live)
[2026-06-13T06:43:02.265Z] [ALL] 06-13 12:12:59.725   664   664 D TlcTeeKeyMaster: TEE_Begin exiting with 0
[2026-06-13T06:43:02.265Z] [ALL] 06-13 12:12:59.726   664   664 D TlcTeeKeyMaster: TEE_Update
[2026-06-13T06:43:02.265Z] [ALL] 06-13 12:12:59.726   664   664 D TlcTeeKeyMaster: split_update_chunks
[2026-06-13T06:43:02.265Z] [ALL] 06-13 12:12:59.729   664   664 D TlcTeeKeyMaster: TEE_Update exiting with 0
[2026-06-13T06:43:02.265Z] [ALL] 06-13 12:12:59.730   664   664 D TlcTeeKeyMaster: TEE_Finish
[2026-06-13T06:43:02.265Z] [ALL] 06-13 12:12:59.730   664   664 D TlcTeeKeyMaster: split_update_chunks
[2026-06-13T06:43:02.265Z] [ALL] 06-13 12:12:59.732   664   664 D TlcTeeKeyMaster: release_operation_slot: release op slot #0 (handle 0x7d9d985ebb08ab1b; 0 ops live)
[2026-06-13T06:43:02.265Z] [ALL] 06-13 12:12:59.732   664   664 D TlcTeeKeyMaster: TEE_Finish exiting with 0
[2026-06-13T06:43:02.265Z] [ALL] 06-13 12:12:59.737   664   664 D TlcTeeKeyMaster: TEE_Begin 4.1
[2026-06-13T06:43:02.265Z] [ALL] 06-13 12:12:59.737   664   664 D TlcTeeKeyMaster: purpose = 0x00000000
[2026-06-13T06:43:02.265Z] [ALL] 06-13 12:12:59.738  4435  4496 I DEVREV SDK: → DefaultConfigurationExecutor.configure() ENTRY - appId: DvRvStPZG9...
[2026-06-13T06:43:02.265Z] [ALL] 06-13 12:12:59.738   664   664 D TlcTeeKeyMaster: find_spare_operation_slot: allocate op 0xc219beb2b523ccc5 to slot #0 (1 ops live)
[2026-06-13T06:43:02.265Z] [ALL] 06-13 12:12:59.739   664   664 D TlcTeeKeyMaster: TEE_Begin exiting with 0
[2026-06-13T06:43:02.265Z] [ALL] 06-13 12:12:59.740   664   664 D TlcTeeKeyMaster: TEE_Update
[2026-06-13T06:43:02.265Z] [ALL] 06-13 12:12:59.740   664   664 D TlcTeeKeyMaster: split_update_chunks
[2026-06-13T06:43:02.265Z] [ALL] 06-13 12:12:59.743   664   664 D TlcTeeKeyMaster: TEE_Update exiting with 0
[2026-06-13T06:43:02.265Z] [ALL] 06-13 12:12:59.744   664   664 D TlcTeeKeyMaster: TEE_Finish
[2026-06-13T06:43:02.265Z] [ALL] 06-13 12:12:59.744   664   664 D TlcTeeKeyMaster: split_update_chunks
[2026-06-13T06:43:02.265Z] [ALL] 06-13 12:12:59.745   664   664 D TlcTeeKeyMaster: release_operation_slot: release op slot #0 (handle 0xc219beb2b523ccc5; 0 ops live)
[2026-06-13T06:43:02.265Z] [ALL] 06-13 12:12:59.746   664   664 D TlcTeeKeyMaster: TEE_Finish exiting with 0
[2026-06-13T06:43:02.265Z] [ALL] 06-13 12:12:59.750   664   664 D TlcTeeKeyMaster: TEE_Begin 4.1
[2026-06-13T06:43:02.265Z] [ALL] 06-13 12:12:59.750   664   664 D TlcTeeKeyMaster: purpose = 0x00000001
[2026-06-13T06:43:02.265Z] [ALL] 06-13 12:12:59.752   664   664 D TlcTeeKeyMaster: find_spare_operation_slot: allocate op 0xd9199ef65254ba04 to slot #0 (1 ops live)
[2026-06-13T06:43:02.265Z] [ALL] 06-13 12:12:59.753   664   664 D TlcTeeKeyMaster: TEE_Begin exiting with 0
[2026-06-13T06:43:02.265Z] [ALL] 06-13 12:12:59.754   664   664 D TlcTeeKeyMaster: TEE_Update
[2026-06-13T06:43:02.265Z] [ALL] 06-13 12:12:59.754   664   664 D TlcTeeKeyMaster: split_update_chunks
[2026-06-13T06:43:02.265Z] [ALL] 06-13 12:12:59.756   664   664 D TlcTeeKeyMaster: TEE_Update exiting with 0
[2026-06-13T06:43:02.265Z] [ALL] 06-13 12:12:59.756   664   664 D TlcTeeKeyMaster: TEE_Begin 4.1
[2026-06-13T06:43:02.265Z] [ALL] 06-13 12:12:59.756   664   664 D TlcTeeKeyMaster: purpose = 0x00000001
[2026-06-13T06:43:02.265Z] [ALL] 06-13 12:12:59.757   664   664 D TlcTeeKeyMaster: find_spare_operation_slot: allocate op 0xeb09cf9317314bb9 to slot #1 (2 ops live)
[2026-06-13T06:43:02.265Z] [ALL] 06-13 12:12:59.759   664   664 D TlcTeeKeyMaster: TEE_Begin exiting with 0
[2026-06-13T06:43:02.265Z] [ALL] 06-13 12:12:59.759   664   664 D TlcTeeKeyMaster: TEE_Finish
[2026-06-13T06:43:02.265Z] [ALL] 06-13 12:12:59.759   664   664 D TlcTeeKeyMaster: split_update_chunks
[2026-06-13T06:43:02.265Z] [ALL] 06-13 12:12:59.761   664   664 D TlcTeeKeyMaster: release_operation_slot: release op slot #0 (handle 0xd9199ef65254ba04; 1 ops live)
[2026-06-13T06:43:02.265Z] [ALL] 06-13 12:12:59.761   664   664 D TlcTeeKeyMaster: TEE_Finish exiting with 0
[2026-06-13T06:43:02.265Z] [ALL] 06-13 12:12:59.762   664   664 D TlcTeeKeyMaster: TEE_Update
[2026-06-13T06:43:02.265Z] [ALL] 06-13 12:12:59.762   664   664 D TlcTeeKeyMaster: split_update_chunks
[2026-06-13T06:43:02.265Z] [ALL] 06-13 12:12:59.762  4435  4435 D SessionLifecycleClient: Connected to SessionLifecycleService. Queue size 0
[2026-06-13T06:43:02.265Z] [ALL] 06-13 12:12:59.765   664   664 D TlcTeeKeyMaster: TEE_Update exiting with 0
[2026-06-13T06:43:02.314Z] [ALL] 06-13 12:12:59.765   664   664 D TlcTeeKeyMaster: TEE_Begin 4.1
[2026-06-13T06:43:02.314Z] [ALL] 06-13 12:12:59.765   664   664 D TlcTeeKeyMaster: purpose = 0x00000001
[2026-06-13T06:43:02.314Z] [ALL] 06-13 12:12:59.766   664   664 D TlcTeeKeyMaster: find_spare_operation_slot: allocate op 0xb496e576db0f3a61 to slot #0 (2 ops live)
[2026-06-13T06:43:02.314Z] [ALL] 06-13 12:12:59.768   664   664 D TlcTeeKeyMaster: TEE_Begin exiting with 0
[2026-06-13T06:43:02.314Z] [ALL] 06-13 12:12:59.768   664   664 D TlcTeeKeyMaster: TEE_Finish
[2026-06-13T06:43:02.314Z] [ALL] 06-13 12:12:59.768   664   664 D TlcTeeKeyMaster: split_update_chunks
[2026-06-13T06:43:02.314Z] [ALL] 06-13 12:12:59.770   664   664 D TlcTeeKeyMaster: release_operation_slot: release op slot #1 (handle 0xeb09cf9317314bb9; 1 ops live)
[2026-06-13T06:43:02.314Z] [ALL] 06-13 12:12:59.770   664   664 D TlcTeeKeyMaster: TEE_Finish exiting with 0
[2026-06-13T06:43:02.314Z] [ALL] 06-13 12:12:59.770  4435  4435 D LicenseClient: Connected to the licensing service.
[2026-06-13T06:43:02.314Z] [ALL] 06-13 12:12:59.770   664   664 D TlcTeeKeyMaster: TEE_Update
[2026-06-13T06:43:02.314Z] [ALL] 06-13 12:12:59.770   664   664 D TlcTeeKeyMaster: split_update_chunks
[2026-06-13T06:43:02.314Z] [ALL] 06-13 12:12:59.772  4435  4565 D LicenseClient: Sending request to license reporting service...
[2026-06-13T06:43:02.314Z] [ALL] 06-13 12:12:59.775   664   664 D TlcTeeKeyMaster: TEE_Update exiting with 0
[2026-06-13T06:43:02.314Z] [ALL] 06-13 12:12:59.778   664   664 D TlcTeeKeyMaster: TEE_Finish
[2026-06-13T06:43:02.314Z] [ALL] 06-13 12:12:59.778   664   664 D TlcTeeKeyMaster: split_update_chunks
[2026-06-13T06:43:02.314Z] [ALL] 06-13 12:12:59.780   664   664 D TlcTeeKeyMaster: release_operation_slot: release op slot #0 (handle 0xb496e576db0f3a61; 0 ops live)
[2026-06-13T06:43:02.314Z] [ALL] 06-13 12:12:59.780   664   664 D TlcTeeKeyMaster: TEE_Finish exiting with 0
[2026-06-13T06:43:02.314Z] [ALL] 06-13 12:12:59.782  4435  4496 I DEVREV SDK: Checking saved configuration - current appId: DvRvStPZG9..., saved appId: DvRvStPZG9..., match: true
[2026-06-13T06:43:02.314Z] [ALL] 06-13 12:12:59.782  4435  4496 I DEVREV SDK: Existing configuration found - using SAVED_CONFIGURATION task and saved context identification
[2026-06-13T06:43:02.314Z] [ALL] 06-13 12:12:59.782  4435  4496 W DEVREV SDK: Enqueueing task saved-configuration-1739995095, total tasks 0
[2026-06-13T06:43:02.314Z] [ALL] 06-13 12:12:59.786   664   664 D TlcTeeKeyMaster: TEE_Begin 4.1
[2026-06-13T06:43:02.314Z] [ALL] 06-13 12:12:59.786   664   664 D TlcTeeKeyMaster: purpose = 0x00000001
[2026-06-13T06:43:02.314Z] [ALL] 06-13 12:12:59.788   664   664 D TlcTeeKeyMaster: find_spare_operation_slot: allocate op 0xf7fa2e35c90b086e to slot #0 (1 ops live)
[2026-06-13T06:43:02.314Z] [ALL] 06-13 12:12:59.790   664   664 D TlcTeeKeyMaster: TEE_Begin exiting with 0
[2026-06-13T06:43:02.314Z] [ALL] 06-13 12:12:59.793   664   664 D TlcTeeKeyMaster: TEE_Update
[2026-06-13T06:43:02.314Z] [ALL] 06-13 12:12:59.793   664   664 D TlcTeeKeyMaster: split_update_chunks
[2026-06-13T06:43:02.314Z] [ALL] 06-13 12:12:59.795   664   664 D TlcTeeKeyMaster: TEE_Update exiting with 0
[2026-06-13T06:43:02.314Z] [ALL] 06-13 12:12:59.798   664   664 D TlcTeeKeyMaster: TEE_Finish
[2026-06-13T06:43:02.314Z] [ALL] 06-13 12:12:59.798   664   664 D TlcTeeKeyMaster: split_update_chunks
[2026-06-13T06:43:02.314Z] [ALL] 06-13 12:12:59.801   664   664 D TlcTeeKeyMaster: release_operation_slot: release op slot #0 (handle 0xf7fa2e35c90b086e; 0 ops live)
[2026-06-13T06:43:02.314Z] [ALL] 06-13 12:12:59.801   664   664 D TlcTeeKeyMaster: TEE_Finish exiting with 0
[2026-06-13T06:43:02.314Z] [ALL] 06-13 12:12:59.801   664   664 D TlcTeeKeyMaster: TEE_Begin 4.1
[2026-06-13T06:43:02.314Z] [ALL] 06-13 12:12:59.801   664   664 D TlcTeeKeyMaster: purpose = 0x00000000
[2026-06-13T06:43:02.314Z] [ALL] 06-13 12:12:59.802   664   664 D TlcTeeKeyMaster: find_spare_operation_slot: allocate op 0x4e1b2ef0a24ef7e9 to slot #0 (1 ops live)
[2026-06-13T06:43:02.314Z] [ALL] 06-13 12:12:59.803   664   664 D TlcTeeKeyMaster: TEE_Begin exiting with 0
[2026-06-13T06:43:02.314Z] [ALL] 06-13 12:12:59.804  4435  4496 I DEVREV SDK: → configureAction() ENTRY - isLocalOnly: true, appId: DvRvStPZG9...
[2026-06-13T06:43:02.314Z] [ALL] 06-13 12:12:59.804  4435  4496 I DEVREV SDK: Configuration stored in InternalSDK - dialogMode: false
[2026-06-13T06:43:02.314Z] [ALL] 06-13 12:12:59.804   664   664 D TlcTeeKeyMaster: TEE_Update
[2026-06-13T06:43:02.314Z] [ALL] 06-13 12:12:59.804  4435  4496 I DEVREV SDK: Local-only configuration - skipping SDK Settings API call
[2026-06-13T06:43:02.314Z] [ALL] 06-13 12:12:59.804   664   664 D TlcTeeKeyMaster: split_update_chunks
[2026-06-13T06:43:02.314Z] [ALL] 06-13 12:12:59.804  4435  4496 I DEVREV SDK: Setting state to CONFIGURED and updating queue processor
[2026-06-13T06:43:02.314Z] [ALL] 06-13 12:12:59.810   664   664 D TlcTeeKeyMaster: TEE_Update exiting with 0
[2026-06-13T06:43:02.314Z] [ALL] 06-13 12:12:59.813   664   664 D TlcTeeKeyMaster: TEE_Begin 4.1
[2026-06-13T06:43:02.314Z] [ALL] 06-13 12:12:59.813   664   664 D TlcTeeKeyMaster: purpose = 0x00000001
[2026-06-13T06:43:02.314Z] [ALL] 06-13 12:12:59.816  1695  4615 I ActivityManager: Killing 14082:com.google.process.gapps/u0a136 (adj 999): empty #49
[2026-06-13T06:43:02.314Z] [ALL] 06-13 12:12:59.819  7763  7793 E IHansComunication: HANS printMessageBody: RCV message: type = 3,port = 86870,caller_pid = 1695,caller_uid = 1000,target_pid = 14082,target_uid = 10136,pkg_cmd = -1,rpc = signal/-1
[2026-06-13T06:43:02.314Z] [ALL] 06-13 12:12:59.823   664   664 D TlcTeeKeyMaster: find_spare_operation_slot: allocate op 0x1f194ae5e08f55cb to slot #1 (2 ops live)
[2026-06-13T06:43:02.314Z] [ALL] 06-13 12:12:59.824  4435  4565 D LicenseClient: Request to licensing reporting service sent.
[2026-06-13T06:43:02.314Z] [ALL] 06-13 12:12:59.826  1695  1769 I libprocessgroup: Successfully killed process cgroup uid 10136 pid 14082 in 8ms
[2026-06-13T06:43:02.314Z] [ALL] 06-13 12:12:59.826   664   664 D TlcTeeKeyMaster: TEE_Begin exiting with 0
[2026-06-13T06:43:02.314Z] [ALL] 06-13 12:12:59.826   664   664 D TlcTeeKeyMaster: TEE_Finish
[2026-06-13T06:43:02.314Z] [ALL] 06-13 12:12:59.826   664   664 D TlcTeeKeyMaster: split_update_chunks
[2026-06-13T06:43:02.314Z] [ALL] 06-13 12:12:59.827  1000  1064 D SurfaceFlinger: kickIdle 620, 275, 34, 0
[2026-06-13T06:43:02.314Z] [ALL] 06-13 12:12:59.827   882   882 E hwcomposer: [DRMDEV] DRM_IOCTL_MTK_KICK_IDLE failed, drm_id_crtc: 64, error: -1  
[2026-06-13T06:43:02.314Z] [ALL] 06-13 12:12:59.829   664   664 D TlcTeeKeyMaster: release_operation_slot: release op slot #0 (handle 0x4e1b2ef0a24ef7e9; 1 ops live)
[2026-06-13T06:43:02.314Z] [ALL] 06-13 12:12:59.829   664   664 D TlcTeeKeyMaster: TEE_Finish exiting with 0
[2026-06-13T06:43:02.314Z] [ALL] 06-13 12:12:59.834   664   664 D TlcTeeKeyMaster: TEE_Update
[2026-06-13T06:43:02.314Z] [ALL] 06-13 12:12:59.834   664   664 D TlcTeeKeyMaster: split_update_chunks
[2026-06-13T06:43:02.314Z] [ALL] 06-13 12:12:59.837   664   664 D TlcTeeKeyMaster: TEE_Update exiting with 0
[2026-06-13T06:43:02.314Z] [ALL] 06-13 12:12:59.837   664   664 D TlcTeeKeyMaster: TEE_Begin 4.1
[2026-06-13T06:43:02.314Z] [ALL] 06-13 12:12:59.837   664   664 D TlcTeeKeyMaster: purpose = 0x00000001
[2026-06-13T06:43:02.314Z] [ALL] 06-13 12:12:59.841   664   664 D TlcTeeKeyMaster: find_spare_operation_slot: allocate op 0xc809b0abc0c328fc to slot #0 (2 ops live)
[2026-06-13T06:43:02.314Z] [ALL] 06-13 12:12:59.841  4435  4512 I WM-WorkerWrapper: Work [ id=20cef582-2cf4-4216-ae19-a40a25c66e63, tags={ com.bfl.socketlibrary.PendingRequestSyncWorkManager, WORKMANGER_TIMEOUTSYNC } ] was cancelled
[2026-06-13T06:43:02.314Z] [ALL] 06-13 12:12:59.841  4435  4512 I WM-WorkerWrapper: java.util.concurrent.CancellationException: Task was cancelled.
[2026-06-13T06:43:02.314Z] [ALL] 06-13 12:12:59.841  4435  4512 I WM-WorkerWrapper: 	at androidx.work.impl.utils.futures.i.d(SourceFile:32)
[2026-06-13T06:43:02.314Z] [ALL] 06-13 12:12:59.841  4435  4512 I WM-WorkerWrapper: 	at androidx.work.impl.utils.futures.i.get(SourceFile:91)
[2026-06-13T06:43:02.314Z] [ALL] 06-13 12:12:59.841  4435  4512 I WM-WorkerWrapper: 	at androidx.work.impl.y0.run(SourceFile:6)
[2026-06-13T06:43:02.315Z] [ALL] 06-13 12:12:59.841  4435  4512 I WM-WorkerWrapper: 	at androidx.work.impl.utils.v.run(SourceFile:2)
[2026-06-13T06:43:02.315Z] [ALL] 06-13 12:12:59.841  4435  4512 I WM-WorkerWrapper: 	at java.util.concurrent.ThreadPoolExecutor.runWorker(ThreadPoolExecutor.java:1100)
[2026-06-13T06:43:02.315Z] [ALL] 06-13 12:12:59.841  4435  4512 I WM-WorkerWrapper: 	at java.util.concurrent.ThreadPoolExecutor$Worker.run(ThreadPoolExecutor.java:624)
[2026-06-13T06:43:02.315Z] [ALL] 06-13 12:12:59.841  4435  4512 I WM-WorkerWrapper: 	at java.lang.Thread.run(Thread.java:1572)
[2026-06-13T06:43:02.315Z] [ALL] 06-13 12:12:59.841 13755  4566 D AdvertisingIdClient: AdvertisingIdClient already created.
[2026-06-13T06:43:02.315Z] [ALL] 06-13 12:12:59.841 13755  4566 D AdvertisingIdClient: AdvertisingIdClient is not bounded. Starting to bind it...
[2026-06-13T06:43:02.315Z] [ALL] 06-13 12:12:59.843   664   664 D TlcTeeKeyMaster: TEE_Begin exiting with 0
[2026-06-13T06:43:02.315Z] [ALL] 06-13 12:12:59.844   664   664 D TlcTeeKeyMaster: TEE_Finish
[2026-06-13T06:43:02.315Z] [ALL] 06-13 12:12:59.844   664   664 D TlcTeeKeyMaster: split_update_chunks
[2026-06-13T06:43:02.315Z] [ALL] 06-13 12:12:59.846   664   664 D TlcTeeKeyMaster: release_operation_slot: release op slot #1 (handle 0x1f194ae5e08f55cb; 1 ops live)
[2026-06-13T06:43:02.315Z] [ALL] 06-13 12:12:59.846   664   664 D TlcTeeKeyMaster: TEE_Finish exiting with 0
[2026-06-13T06:43:02.315Z] [ALL] 06-13 12:12:59.847   664   664 D TlcTeeKeyMaster: TEE_Update
[2026-06-13T06:43:02.315Z] [ALL] 06-13 12:12:59.847   664   664 D TlcTeeKeyMaster: split_update_chunks
[2026-06-13T06:43:02.315Z] [ALL] 06-13 12:12:59.849   859   859 I Zygote  : Process 14082 exited due to signal 9 (Killed)
[2026-06-13T06:43:02.315Z] [ALL] 06-13 12:12:59.850  1695  2519 D OplusUIFirst_FB: com.google.android.gsf remove pid: 14082
[2026-06-13T06:43:02.315Z] [ALL] 06-13 12:12:59.851   664   664 D TlcTeeKeyMaster: TEE_Update exiting with 0
[2026-06-13T06:43:02.315Z] [ALL] 06-13 12:12:59.851  1695  2519 I mtkpower_client: [Legacy][PowerHal_Wrap_notifyAppState] com.google.android.gsf/com.google.android.gsf pid=14082 state:3
[2026-06-13T06:43:02.315Z] [ALL] 06-13 12:12:59.851  1695  2519 I game_scn: collectForegroundAppList packName=com.google.android.gsf, actName=com.google.android.gsf, pid=14082, uid=10136, state:DEAD
[2026-06-13T06:43:02.315Z] [ALL] 06-13 12:12:59.852   901   965 D RilUtility: notify_rild_crash_pid_set certPid:-1, crash:14082, scn:0x0
[2026-06-13T06:43:02.315Z] [ALL] 06-13 12:12:59.854  5147  5228 V DeepThinker: ProcessManager: onProcessDied pid:14082, uid:10136
[2026-06-13T06:43:02.315Z] [ALL] 06-13 12:12:59.858   664   664 D TlcTeeKeyMaster: TEE_Finish
[2026-06-13T06:43:02.315Z] [ALL] 06-13 12:12:59.858   664   664 D TlcTeeKeyMaster: split_update_chunks
[2026-06-13T06:43:02.315Z] [ALL] 06-13 12:12:59.860   664   664 D TlcTeeKeyMaster: release_operation_slot: release op slot #0 (handle 0xc809b0abc0c328fc; 0 ops live)
[2026-06-13T06:43:02.315Z] [ALL] 06-13 12:12:59.860   664   664 D TlcTeeKeyMaster: TEE_Finish exiting with 0
[2026-06-13T06:43:02.315Z] [ALL] 06-13 12:12:59.870 13755 25961 W OplusExSystemServiceHelper: checkOplusExSystemService intent getComponent is null
[2026-06-13T06:43:02.315Z] [ALL] 06-13 12:12:59.871   664   664 D TlcTeeKeyMaster: TEE_Begin 4.1
[2026-06-13T06:43:02.315Z] [ALL] 06-13 12:12:59.871   664   664 D TlcTeeKeyMaster: purpose = 0x00000001
[2026-06-13T06:43:02.315Z] [ALL] 06-13 12:12:59.876   664   664 D TlcTeeKeyMaster: find_spare_operation_slot: allocate op 0x79d9c5d6c1b40cb0 to slot #0 (1 ops live)
[2026-06-13T06:43:02.348Z] [ALL] 06-13 12:12:59.878   664   664 D TlcTeeKeyMaster: TEE_Begin exiting with 0
[2026-06-13T06:43:02.348Z] [ALL] 06-13 12:12:59.878   664   664 D TlcTeeKeyMaster: TEE_Begin 4.1
[2026-06-13T06:43:02.348Z] [ALL] 06-13 12:12:59.878   664   664 D TlcTeeKeyMaster: purpose = 0x00000001
[2026-06-13T06:43:02.348Z] [ALL] 06-13 12:12:59.883   664   664 D TlcTeeKeyMaster: find_spare_operation_slot: allocate op 0x81d4255e82465f5b to slot #1 (2 ops live)
[2026-06-13T06:43:02.348Z] [ALL] 06-13 12:12:59.885   664   664 D TlcTeeKeyMaster: TEE_Begin exiting with 0
[2026-06-13T06:43:02.348Z] [ALL] 06-13 12:12:59.886   664   664 D TlcTeeKeyMaster: TEE_Update
[2026-06-13T06:43:02.348Z] [ALL] 06-13 12:12:59.886   664   664 D TlcTeeKeyMaster: split_update_chunks
[2026-06-13T06:43:02.348Z] [ALL] 06-13 12:12:59.889   664   664 D TlcTeeKeyMaster: TEE_Update exiting with 0
[2026-06-13T06:43:02.348Z] [ALL] 06-13 12:12:59.889   664   664 D TlcTeeKeyMaster: TEE_Update
[2026-06-13T06:43:02.348Z] [ALL] 06-13 12:12:59.889   664   664 D TlcTeeKeyMaster: split_update_chunks
[2026-06-13T06:43:02.348Z] [ALL] 06-13 12:12:59.892   664   664 D TlcTeeKeyMaster: TEE_Update exiting with 0
[2026-06-13T06:43:02.348Z] [ALL] 06-13 12:12:59.892   664   664 D TlcTeeKeyMaster: TEE_Finish
[2026-06-13T06:43:02.348Z] [ALL] 06-13 12:12:59.892   664   664 D TlcTeeKeyMaster: split_update_chunks
[2026-06-13T06:43:02.348Z] [ALL] 06-13 12:12:59.893 13755  4566 D AdvertisingIdClient: AdvertisingIdClient is bounded
[2026-06-13T06:43:02.348Z] [ALL] 06-13 12:12:59.894   664   664 D TlcTeeKeyMaster: release_operation_slot: release op slot #0 (handle 0x79d9c5d6c1b40cb0; 1 ops live)
[2026-06-13T06:43:02.348Z] [ALL] 06-13 12:12:59.894   664   664 D TlcTeeKeyMaster: TEE_Finish exiting with 0
[2026-06-13T06:43:02.348Z] [ALL] 06-13 12:12:59.894   664   664 D TlcTeeKeyMaster: TEE_Finish
[2026-06-13T06:43:02.348Z] [ALL] 06-13 12:12:59.894   664   664 D TlcTeeKeyMaster: split_update_chunks
[2026-06-13T06:43:02.348Z] [ALL] 06-13 12:12:59.897   664   664 D TlcTeeKeyMaster: release_operation_slot: release op slot #1 (handle 0x81d4255e82465f5b; 0 ops live)
[2026-06-13T06:43:02.348Z] [ALL] 06-13 12:12:59.897   664   664 D TlcTeeKeyMaster: TEE_Finish exiting with 0
[2026-06-13T06:43:02.348Z] [ALL] 06-13 12:12:59.899 13755  4566 I AdvertisingIdClient: shouldSendLog 329388579
[2026-06-13T06:43:02.348Z] [ALL] 06-13 12:12:59.899 13755  4566 I AdvertisingIdClient: GetInfoInternal elapse 58ms
[2026-06-13T06:43:02.348Z] [ALL] 06-13 12:12:59.902  4435  4496 I DevRevLogs: updateRevUserData() is queued or replaced. session recording not initialized yet.
[2026-06-13T06:43:02.348Z] [ALL] 06-13 12:12:59.902  4435  4496 I DEVREV SDK: Configuration complete - calling recordingExecutor.startRecording()
[2026-06-13T06:43:02.348Z] [ALL] 06-13 12:12:59.902  4435  4496 I DEVREV SDK: → DefaultRecordingExecutor.startRecording() ENTRY - creating auto-start-recording task
[2026-06-13T06:43:02.348Z] [ALL] 06-13 12:12:59.902  4435  4496 W DEVREV SDK: Enqueueing task auto-start-recording, total tasks 0
[2026-06-13T06:43:02.379Z] [ALL] 06-13 12:12:59.902  4435  4496 I DEVREV SDK: Executing recording task - calling UserExperior.startRecording()
[2026-06-13T06:43:02.379Z] [ALL] 06-13 12:12:59.903  4435  4496 D DEVREV SDK: startRecording called
[2026-06-13T06:43:02.379Z] [ALL] 06-13 12:12:59.909  4435  4496 I DevRevLogs: updateRevUserData() executed successfully
[2026-06-13T06:43:02.379Z] [ALL] 06-13 12:12:59.923   858  5601 E netd    : dispachCmd:oplusGetRtt
[2026-06-13T06:43:02.379Z] [ALL] 06-13 12:12:59.923   858  5601 E netd    : handleGetRttCmd: netId = 204, uid = 10355
[2026-06-13T06:43:02.379Z] [ALL] 06-13 12:12:59.924   858  5601 E netd    : dispachCmd cmd:oplusGetRtt  result:122
[2026-06-13T06:43:02.379Z] [ALL] 06-13 12:12:59.924   858  5601 E netd    : dispachCmd:oplusGetRtt
[2026-06-13T06:43:02.379Z] [ALL] 06-13 12:12:59.925   858  5601 E netd    : handleGetRttCmd: netId = 206, uid = 10355
[2026-06-13T06:43:02.379Z] [ALL] 06-13 12:12:59.926   858  5601 E netd    : dispachCmd cmd:oplusGetRtt  result:0
[2026-06-13T06:43:02.379Z] [ALL] 06-13 12:12:59.928  1695  2144 D OplusWifiConnect2: clientModeManager == null, getOplusSta2ConnectionInfo null
[2026-06-13T06:43:02.379Z] [ALL] 06-13 12:12:59.928  1695  2148 D WN_S    : isCellQualityGood is false, curscore =91, no need to switch lte
[2026-06-13T06:43:02.379Z] [ALL] 06-13 12:12:59.930  4435  4496 I DevRevLogs: SDK marked as fully initialized
[2026-06-13T06:43:02.406Z] [ALL] 06-13 12:12:59.984  4435  4571 I DevRevLogs: updateRevUserData() executed successfully
[2026-06-13T06:43:02.437Z] [ALL] 06-13 12:13:00.005  4650  5142 D PhoneUsageTime: affairType:231
[2026-06-13T06:43:02.437Z] [ALL] 06-13 12:13:00.014  4650  5142 D PhoneScreenOnTime: affairType:231
[2026-06-13T06:43:02.474Z] [ALL] 06-13 12:13:00.042  2376  2376 D SingleClockView: updateTime,  24hfmt=true, h=12, m=13
[2026-06-13T06:43:02.510Z] [ALL] 06-13 12:13:00.049  1695  2589 E OplusCustomizeRestrictionManagerService: isBiometricDisabled start
[2026-06-13T06:43:02.510Z] [ALL] 06-13 12:13:00.051  1695  4786 E OplusCustomizeRestrictionManagerService: isBiometricDisabled start
[2026-06-13T06:43:02.510Z] [ALL] 06-13 12:13:00.055  9879  9893 D SceneSDK.1.0.4-SNAPSHOT.9879.DeepThinkerAppSwitchAbility: onAppSwitchEvent: AppSwitchEvent(timeStamp=0, eventType=2, targetName=com.google.android.permissioncontroller, firstStart=false, multiApp=false, windowMode=0, resumingPackageName=com.safebank.ai, resumingActivityName=com.safebank.ai.MainActivity, isResumingMultiApp=false, isResumingFirstStart=false)
[2026-06-13T06:43:02.510Z] [ALL] 06-13 12:13:00.055  9879  9893 I metis_v2_AppSwitchDataCollector: AppExitEvent =  com.google.android.permissioncontroller, NextAppName = com.safebank.ai
[2026-06-13T06:43:02.510Z] [ALL] 06-13 12:13:00.055  9879  9893 D metis_v2_AppSwitchDataCollector: Delete Top Application: com.google.android.permissioncontroller
[2026-06-13T06:43:02.510Z] [ALL] 06-13 12:13:00.056  9879 10053 W metis_v2_OifaceBindUtils: bindTask
[2026-06-13T06:43:02.510Z] [ALL] 06-13 12:13:00.056  9879 10053 D metis_v2_OifaceBindUtils: bindTaskOnCPU by oplusoiface , interfaceName = com.oplus.oiface.IOIfaceService , tid = 10053
[2026-06-13T06:43:02.510Z] [ALL] 06-13 12:13:00.056  9879 10053 D metis_v2_OifaceBindUtils: begin bindTask,tid=10053
[2026-06-13T06:43:02.510Z] [ALL] 06-13 12:13:00.057  9879 10053 D metis_v2_OifaceBindUtils: end bindTask,result=true
[2026-06-13T06:43:02.510Z] [ALL] 06-13 12:13:00.060  4226  4274 I appium  : channel read: POST /session/bb437b4c-94d1-4759-aa25-0c4493c17649/element
[2026-06-13T06:43:02.510Z] [ALL] 06-13 12:13:00.061  4226  4274 I appium  : FindElement command
[2026-06-13T06:43:02.510Z] [ALL] 06-13 12:13:00.062  9879  9893 D metis_v2_EntityMap: className:Application
[2026-06-13T06:43:02.510Z] [ALL] 06-13 12:13:00.062  4226  4274 I appium  : method: 'xpath', selector: '//*[@resource-id="demo_guest_login_btn" or @content-desc="demo_guest_login_btn" or contains(@text, "Demo Mode") or contains(@text, "Offline Demo")]'
[2026-06-13T06:43:02.510Z] [ALL] 06-13 12:13:00.063  4226  4274 I appium  : Waiting up to 10000ms for the device to idle
[2026-06-13T06:43:02.510Z] [ALL] 06-13 12:13:00.070  9879 10053 D metis_v2_JenaAdapter: deleteObjectTypeProperty: object http://com.oplus.pantanal/metis/core-ontology#TopApplication has statement size:0
[2026-06-13T06:43:02.510Z] [ALL] 06-13 12:13:00.070  9879  9893 D metis_v2_JenaAdapter: deleteObjectTypeProperty: delete object http://com.oplus.pantanal/metis/core-ontology#TopApplication
[2026-06-13T06:43:02.510Z] [ALL] 06-13 12:13:00.070  9879  9893 D metis_v2_JenaAdapter: deleteIndividual fact:http://com.oplus.pantanal/metis/core-ontology#TopApplication
[2026-06-13T06:43:02.510Z] [ALL] 06-13 12:13:00.070  9879  9893 D metis_v2_JenaAdapter: removeCache value:http://com.oplus.pantanal/metis/core-ontology#TopApplication
[2026-06-13T06:43:02.510Z] [ALL] 06-13 12:13:00.070  9879  9893 D metis_v2_JenaAdapter: createIndividual id:TopApplication,className:Application
[2026-06-13T06:43:02.510Z] [ALL] 06-13 12:13:00.071  9879  9893 D metis_v2_ContextAwarePersistent: operationAppEnterExitRecord add cache:AppEnterExitRecord(currentTime=1781332980071, packageName=com.google.android.permissioncontroller, resumingPackageName=com.safebank.ai, enterOrExit=2)
[2026-06-13T06:43:02.510Z] [ALL] 06-13 12:13:00.072  9879  9893 D SceneSDK.1.0.4-SNAPSHOT.9879.DeepThinkerAppSwitchAbility: onAppSwitchEvent: AppSwitchEvent(timeStamp=0, eventType=1, targetName=com.safebank.ai, firstStart=false, multiApp=false, windowMode=1, resumingPackageName=, resumingActivityName=, isResumingMultiApp=false, isResumingFirstStart=false)
[2026-06-13T06:43:02.510Z] [ALL] 06-13 12:13:00.072  9879  9893 I metis_v2_AppSwitchDataCollector: AppEnterEvent =  com.safebank.ai, windowMode = 1,firstStart = false
[2026-06-13T06:43:02.510Z] [ALL] 06-13 12:13:00.072  9879  9893 D metis_v2_DataCallback: notifyCallBack
[2026-06-13T06:43:02.510Z] [ALL] 06-13 12:13:00.074  9879 10052 D metis_v2_FactCollectorFacade: panta-sugg-HighMemoryState 1001
[2026-06-13T06:43:02.510Z] [ALL] 06-13 12:13:00.074  9879 10052 D metis_v2_FactCollectorFacade: panta-sugg-DefaultState 1001
[2026-06-13T06:43:02.510Z] [ALL] 06-13 12:13:00.074  9879  9893 I metis_v2_AppSwitchDataCollector:  set isNotifiedTVCast
[2026-06-13T06:43:02.510Z] [ALL] 06-13 12:13:00.077  9879  9893 D metis_v2_JenaAdapter: removeCache value:http://com.oplus.pantanal/metis/core-ontology#TopApplication
[2026-06-13T06:43:02.510Z] [ALL] 06-13 12:13:00.077  9879  9893 D metis_v2_JenaAdapter: putCache key:TopApplication, value:http://com.oplus.pantanal/metis/core-ontology#TopApplication
[2026-06-13T06:43:02.510Z] [ALL] 06-13 12:13:00.078  9879  9893 D metis_v2_JenaAdapter: addDataTypeObject s:http://com.oplus.pantanal/metis/core-ontology#TopApplication, dataPropertyName:pid,o:-1
[2026-06-13T06:43:02.510Z] [ALL] 06-13 12:13:00.079  9879  9893 D metis_v2_JenaAdapter: addDataTypeObject s:http://com.oplus.pantanal/metis/core-ontology#TopApplication, dataPropertyName:pkgName,o:com.safebank.ai
[2026-06-13T06:43:02.510Z] [ALL] 06-13 12:13:00.079  9879  9893 D metis_v2_JenaAdapter: addDataTypeObject s:http://com.oplus.pantanal/metis/core-ontology#TopApplication, dataPropertyName:timeStamp,o:1781332980074
[2026-06-13T06:43:02.510Z] [ALL] 06-13 12:13:00.083  9879  9893 D metis_v2_JenaAdapter: addDataTypeObject s:http://com.oplus.pantanal/metis/core-ontology#TopApplication, dataPropertyName:isNotifiedTVCast,o:false
[2026-06-13T06:43:02.510Z] [ALL] 06-13 12:13:00.083  9879  9893 D metis_v2_JenaAdapter: putCache key:TopApplication, value:http://com.oplus.pantanal/metis/core-ontology#TopApplication
[2026-06-13T06:43:02.510Z] [ALL] 06-13 12:13:00.083  9879  9893 E metis_v2_FactManager: There is no subModel: com.oplus.linker
[2026-06-13T06:43:02.510Z] [ALL] 06-13 12:13:00.083  9879  9893 I metis_v2_AppSwitchDataCollector: Skip call fire
[2026-06-13T06:43:02.510Z] [ALL] 06-13 12:13:00.083  9879  9893 D metis_v2_ContextAwarePersistent: operationAppEnterExitRecord add cache:AppEnterExitRecord(currentTime=1781332980083, packageName=com.safebank.ai, resumingPackageName=, enterOrExit=1)
[2026-06-13T06:43:02.651Z] [ALL] 06-13 12:13:00.259  1695  1886 D CameraDelegate: handleMessage MSG_MODE_RECOVERY_BRIGHTNESS
[2026-06-13T06:43:02.714Z] [ALL] 06-13 12:13:00.280 32174 32174 D OplusScrollToTopManager: com.safebank.ai/com.safebank.ai.MainActivity,This DecorView@9aba293[MainActivity] change focus to true
[2026-06-13T06:43:02.944Z] [ALL] 06-13 12:13:00.552  4226  4274 I appium  : The following attributes will be included to the page source: [resource-id, content-desc, text]
[2026-06-13T06:43:03.052Z] [ALL] 06-13 12:13:00.663  1000  1064 D SurfaceFlinger: kickIdle 835, 557, 34, 0
[2026-06-13T06:43:03.061Z] [ALL] 06-13 12:13:00.663   882   882 E hwcomposer: [DRMDEV] DRM_IOCTL_MTK_KICK_IDLE failed, drm_id_crtc: 64, error: -1  
[2026-06-13T06:43:03.134Z] [ALL] 06-13 12:13:00.743  1695  2752 I OplusHansManager : uid=10349, pkg=io.appium.uiautomator2.server can transition from M to F
[2026-06-13T06:43:03.202Z] [ALL] 06-13 12:13:00.744  1695  2752 I OplusHansManager : uid=10349, pkg=io.appium.uiautomator2.server F enter(), M stay=1
[2026-06-13T06:43:03.202Z] [ALL] 06-13 12:13:00.747  7763  7793 E IHansComunication: HANS printMessageBody: RCV message: type = 0,port = 86870,caller_pid = 32174,caller_uid = 10355,target_pid = 4226,target_uid = 10349,pkg_cmd = -1,rpc = android.view.accessibility.IAccessibilityInteractionConnection/3
[2026-06-13T06:43:03.202Z] [ALL] 06-13 12:13:00.747  1695  2752 I OplusHansManager : freeze uid: 10349 io.appium.uiautomator2.server pids: [4226] scene: LcdOn
[2026-06-13T06:43:03.202Z] [ALL] 06-13 12:13:00.751  1695  2771 I OplusHansManager : unfreeze uid: 10349 io.appium.uiautomator2.server pids: [4226] reason: AsyncBinder scene: LcdOn
[2026-06-13T06:43:03.202Z] [ALL] 06-13 12:13:00.755  1695  2752 I OplusHansManager : uid=10349, pkg=io.appium.uiautomator2.server, transition from F to Middle, reason=AsyncBinder
[2026-06-13T06:43:03.202Z] [ALL] 06-13 12:13:00.755  1695  2752 I OplusHansManager : uid=10349, pkg=io.appium.uiautomator2.server F exit(), F stay=0, reason=AsyncBinder
[2026-06-13T06:43:03.202Z] [ALL] 06-13 12:13:00.757  7763 13029 D IHansComunication: HansComunication::addUid-- 10349, persistent--0
[2026-06-13T06:43:03.202Z] [ALL] 06-13 12:13:00.757  7763 13029 D IHansComunication: HANS sendMessageToKernel: threadId = 536992353456, netLinkSetup = 1, type = PKG, targetUid = 10349, pkgCmd = ADD_ONE_UID
[2026-06-13T06:43:03.241Z] [ALL] 06-13 12:13:00.794   924   930 E PerformanceService: storage_feature: open /sys/devices/platform/soc/112b0000.ufshci//virtualtlcbuff fail
[2026-06-13T06:43:03.291Z] [ALL] 06-13 12:13:00.811   934   934 D vendor.oplus.hardware.charger@1.0-service: getChargerControl:
[2026-06-13T06:43:03.562Z] [ALL] 06-13 12:13:01.173  4226  4274 I appium  : Took 0ms to retrieve 1 matches for '//*[@resource-id="demo_guest_login_btn" or @content-desc="demo_guest_login_btn" or contains(@text, "Demo Mode") or contains(@text, "Offline Demo")]' XPath2 query
[2026-06-13T06:43:03.624Z] [ALL] 06-13 12:13:01.192  4226  4274 I tomator2.server: hiddenapi: Accessing hidden field Landroid/view/accessibility/AccessibilityNodeInfo;->mSourceNodeId:J (runtime_flags=0, domain=platform, api=unsupported) from Lio/appium/uiautomator2/utils/ReflectionUtils; (domain=app, TargetSdkVersion=34) using reflection: allowed
[2026-06-13T06:43:03.678Z] [ALL] 06-13 12:13:01.195  4226  4274 I appium  : AppiumResponse: {"sessionId":"bb437b4c-94d1-4759-aa25-0c4493c17649","value":{"ELEMENT":"00000000-0000-03b6-0000-007a00000004","element-6066-11e4-a52e-4f735466cecf":"00000000-0000-03b6-0000-007a00000004"}}
[2026-06-13T06:43:03.728Z] [ALL] 06-13 12:13:01.234  1695  2258 D Osense-DecisionMaker: notifyDelayedSceneToPolicy
[2026-06-13T06:43:03.728Z] [ALL] 06-13 12:13:01.235  1695  2258 D Osense-DecisionMaker: getCurrentSysStats, availmemMb: 2300
[2026-06-13T06:43:03.728Z] [ALL] 06-13 12:13:01.235  1695  2258 D Osense-DecisionMaker: getCurrentSysStats, availmemMb: 2300
[2026-06-13T06:43:03.728Z] [ALL] 06-13 12:13:01.235  1695  2258 D Osense-DecisionMaker: getCurrentSysStats, availmemMb: 2300
[2026-06-13T06:43:03.728Z] [ALL] 06-13 12:13:01.235  1695  2258 D Osense-DecisionMaker: getCurrentSysStats, availmemMb: 2300
[2026-06-13T06:43:03.728Z] [ALL] 06-13 12:13:01.235  1695  2258 D Osense-DecisionMaker: getCurrentSysStats, availmemMb: 2300
[2026-06-13T06:43:03.728Z] [ALL] 06-13 12:13:01.255  4226  4274 I appium  : channel read: GET /session/bb437b4c-94d1-4759-aa25-0c4493c17649/screenshot
[2026-06-13T06:43:03.728Z] [ALL] 06-13 12:13:01.257  4226  4274 I appium  : CaptureScreenshot command
[2026-06-13T06:43:03.728Z] [ALL] 06-13 12:13:01.258  4226  4274 E tomator2.server: hiddenapi: Accessing hidden method Landroid/view/Display;->getAddress()Landroid/view/DisplayAddress; (runtime_flags=0, domain=platform, api=blocked) from Lio/appium/uiautomator2/utils/ReflectionUtils; (domain=app, TargetSdkVersion=34) using reflection: denied
[2026-06-13T06:43:03.728Z] [ALL] 06-13 12:13:01.261  4226  4274 E appium  : Unable to retrieve physicalDisplayId
[2026-06-13T06:43:03.728Z] [ALL] 06-13 12:13:01.261  4226  4274 E appium  : io.appium.uiautomator2.common.exceptions.UiAutomator2Exception: Cannot get method getAddress from class android.view.Display with parameter types []
[2026-06-13T06:43:03.728Z] [ALL] 06-13 12:13:01.261  4226  4274 E appium  : 	at io.appium.uiautomator2.utils.ReflectionUtils.getMethod(ReflectionUtils.java:97)
[2026-06-13T06:43:03.728Z] [ALL] 06-13 12:13:01.261  4226  4274 E appium  : 	at io.appium.uiautomator2.utils.DisplayIdHelper.tryGetUsingAddress(DisplayIdHelper.java:98)
[2026-06-13T06:43:03.728Z] [ALL] 06-13 12:13:01.261  4226  4274 E appium  : 	at io.appium.uiautomator2.utils.DisplayIdHelper.getPhysicalDisplayId(DisplayIdHelper.java:51)
[2026-06-13T06:43:03.728Z] [ALL] 06-13 12:13:01.261  4226  4274 E appium  : 	at io.appium.uiautomator2.utils.ScreenshotHelper.extractScreencapDisplayId(ScreenshotHelper.java:145)
[2026-06-13T06:43:03.728Z] [ALL] 06-13 12:13:01.261  4226  4274 E appium  : 	at io.appium.uiautomator2.utils.ScreenshotHelper.takeDeviceScreenshot(ScreenshotHelper.java:114)
[2026-06-13T06:43:03.728Z] [ALL] 06-13 12:13:01.261  4226  4274 E appium  : 	at io.appium.uiautomator2.utils.ScreenshotHelper.takeScreenshot(ScreenshotHelper.java:60)
[2026-06-13T06:43:03.728Z] [ALL] 06-13 12:13:01.261  4226  4274 E appium  : 	at io.appium.uiautomator2.utils.ScreenshotHelper.takeScreenshot(ScreenshotHelper.java:77)
[2026-06-13T06:43:03.728Z] [ALL] 06-13 12:13:01.261  4226  4274 E appium  : 	at io.appium.uiautomator2.handler.CaptureScreenshot.safeHandle(CaptureScreenshot.java:32)
[2026-06-13T06:43:03.728Z] [ALL] 06-13 12:13:01.261  4226  4274 E appium  : 	at io.appium.uiautomator2.handler.request.SafeRequestHandler.handle(SafeRequestHandler.java:59)
[2026-06-13T06:43:03.728Z] [ALL] 06-13 12:13:01.261  4226  4274 E appium  : 	at io.appium.uiautomator2.server.AppiumServlet.handleRequest(AppiumServlet.java:267)
[2026-06-13T06:43:03.728Z] [ALL] 06-13 12:13:01.261  4226  4274 E appium  : 	at io.appium.uiautomator2.server.AppiumServlet.handleHttpRequest(AppiumServlet.java:261)
[2026-06-13T06:43:03.728Z] [ALL] 06-13 12:13:01.261  4226  4274 E appium  : 	at io.appium.uiautomator2.http.ServerHandler.channelRead(ServerHandler.java:77)
[2026-06-13T06:43:03.728Z] [ALL] 06-13 12:13:01.261  4226  4274 E appium  : 	at io.netty.channel.AbstractChannelHandlerContext.fireChannelRead(AbstractChannelHandlerContext.java:357)
[2026-06-13T06:43:03.728Z] [ALL] 06-13 12:13:01.261  4226  4274 E appium  : 	at io.netty.handler.codec.MessageToMessageDecoder.channelRead(MessageToMessageDecoder.java:107)
[2026-06-13T06:43:03.728Z] [ALL] 06-13 12:13:01.261  4226  4274 E appium  : 	at io.netty.channel.AbstractChannelHandlerContext.fireChannelRead(AbstractChannelHandlerContext.java:357)
[2026-06-13T06:43:03.729Z] [ALL] 06-13 12:13:01.261  4226  4274 E appium  : 	at io.netty.channel.CombinedChannelDuplexHandler$DelegatingChannelHandlerContext.fireChannelRead(CombinedChannelDuplexHandler.java:434)
[2026-06-13T06:43:03.729Z] [ALL] 06-13 12:13:01.261  4226  4274 E appium  : 	at io.netty.handler.codec.ByteToMessageDecoder.fireChannelRead(ByteToMessageDecoder.java:361)
[2026-06-13T06:43:03.729Z] [ALL] 06-13 12:13:01.261  4226  4274 E appium  : 	at io.netty.handler.codec.ByteToMessageDecoder.channelRead(ByteToMessageDecoder.java:325)
[2026-06-13T06:43:03.729Z] [ALL] 06-13 12:13:01.261  4226  4274 E appium  : 	at io.netty.channel.CombinedChannelDuplexHandler.channelRead(CombinedChannelDuplexHandler.java:249)
[2026-06-13T06:43:03.729Z] [ALL] 06-13 12:13:01.261  4226  4274 E appium  : 	at io.netty.channel.AbstractChannelHandlerContext.fireChannelRead(AbstractChannelHandlerContext.java:355)
[2026-06-13T06:43:03.729Z] [ALL] 06-13 12:13:01.261  4226  4274 E appium  : 	at io.netty.handler.timeout.IdleStateHandler.channelRead(IdleStateHandler.java:288)
[2026-06-13T06:43:03.729Z] [ALL] 06-13 12:13:01.261  4226  4274 E appium  : 	at io.netty.channel.AbstractChannelHandlerContext.fireChannelRead(AbstractChannelHandlerContext.java:355)
[2026-06-13T06:43:03.729Z] [ALL] 06-13 12:13:01.261  4226  4274 E appium  : 	at io.netty.channel.DefaultChannelPipeline$HeadContext.channelRead(DefaultChannelPipeline.java:1429)
[2026-06-13T06:43:03.729Z] [ALL] 06-13 12:13:01.261  4226  4274 E appium  : 	at io.netty.channel.DefaultChannelPipeline.fireChannelRead(DefaultChannelPipeline.java:918)
[2026-06-13T06:43:03.729Z] [ALL] 06-13 12:13:01.261  4226  4274 E appium  : 	at io.netty.channel.nio.AbstractNioByteChannel$NioByteUnsafe.read(AbstractNioByteChannel.java:176)
[2026-06-13T06:43:03.729Z] [ALL] 06-13 12:13:01.261  4226  4274 E appium  : 	at io.netty.channel.nio.AbstractNioChannel$AbstractNioUnsafe.handle(AbstractNioChannel.java:445)
[2026-06-13T06:43:03.729Z] [ALL] 06-13 12:13:01.261  4226  4274 E appium  : 	at io.netty.channel.nio.NioIoHandler$DefaultNioRegistration.handle(NioIoHandler.java:388)
[2026-06-13T06:43:03.729Z] [ALL] 06-13 12:13:01.261  4226  4274 E appium  : 	at io.netty.channel.nio.NioIoHandler.processSelectedKey(NioIoHandler.java:596)
[2026-06-13T06:43:03.729Z] [ALL] 06-13 12:13:01.261  4226  4274 E appium  : 	at io.netty.channel.nio.NioIoHandler.processSelectedKeysOptimized(NioIoHandler.java:571)
[2026-06-13T06:43:03.729Z] [ALL] 06-13 12:13:01.261  4226  4274 E appium  : 	at io.netty.channel.nio.NioIoHandler.processSelectedKeys(NioIoHandler.java:512)
[2026-06-13T06:43:03.729Z] [ALL] 06-13 12:13:01.261  4226  4274 E appium  : 	at io.netty.channel.nio.NioIoHandler.run(NioIoHandler.java:484)
[2026-06-13T06:43:03.729Z] [ALL] 06-13 12:13:01.261  4226  4274 E appium  : 	at io.netty.channel.SingleThreadIoEventLoop.runIo(SingleThreadIoEventLoop.java:225)
[2026-06-13T06:43:03.729Z] [ALL] 06-13 12:13:01.261  4226  4274 E appium  : 	at io.netty.channel.SingleThreadIoEventLoop.run(SingleThreadIoEventLoop.java:196)
[2026-06-13T06:43:03.729Z] [ALL] 06-13 12:13:01.261  4226  4274 E appium  : 	at io.netty.util.concurrent.SingleThreadEventExecutor$5.run(SingleThreadEventExecutor.java:1195)
[2026-06-13T06:43:03.729Z] [ALL] 06-13 12:13:01.261  4226  4274 E appium  : 	at io.netty.util.internal.ThreadExecutorMap$2.run(ThreadExecutorMap.java:74)
[2026-06-13T06:43:03.729Z] [ALL] 06-13 12:13:01.261  4226  4274 E appium  : 	at io.netty.util.concurrent.FastThreadLocalRunnable.run(FastThreadLocalRunnable.java:30)
[2026-06-13T06:43:03.729Z] [ALL] 06-13 12:13:01.261  4226  4274 E appium  : 	at java.lang.Thread.run(Thread.java:1572)
[2026-06-13T06:43:03.729Z] [ALL] 06-13 12:13:01.261  4226  4274 E appium  : Caused by: java.lang.NoSuchMethodException: android.view.Display.getAddress []
[2026-06-13T06:43:03.729Z] [ALL] 06-13 12:13:01.261  4226  4274 E appium  : 	at java.lang.Class.getMethod(Class.java:2942)
[2026-06-13T06:43:03.729Z] [ALL] 06-13 12:13:01.261  4226  4274 E appium  : 	at java.lang.Class.getDeclaredMethod(Class.java:2921)
[2026-06-13T06:43:03.729Z] [ALL] 06-13 12:13:01.261  4226  4274 E appium  : 	at io.appium.uiautomator2.utils.ReflectionUtils.getMethod(ReflectionUtils.java:93)
[2026-06-13T06:43:03.729Z] [ALL] 06-13 12:13:01.261  4226  4274 E appium  : 	... 36 more
[2026-06-13T06:43:03.729Z] [ALL] 06-13 12:13:01.273  1000  1064 D OplusSurfaceFlinger: (dumpsys)pid=4576, uid=2000, calling dumpsys SF
[2026-06-13T06:43:03.759Z] [ALL] 06-13 12:13:01.365  4582  4582 D ExtensionsLoader: createInstance(64bit) : createExtendedFactory
[2026-06-13T06:43:03.759Z] [ALL] 06-13 12:13:01.365  4582  4582 D ExtensionsLoader: Opened libguiextimpl.so
[2026-06-13T06:43:03.825Z] [ALL] 06-13 12:13:01.378  4582  4582 D AVStageUtils: Opened liboplusavenhancements.so
[2026-06-13T06:43:03.860Z] [ALL] 06-13 12:13:01.378  4582  4582 D AVStageUtils: createInstance(64bit): createVendorAVUtils success!
[2026-06-13T06:43:03.860Z] [ALL] 06-13 12:13:01.378  4582  4582 D OplusUtils: OplusUtils [89]: 
[2026-06-13T06:43:03.860Z] [ALL] 06-13 12:13:01.379  4582  4582 D AVMediaServiceFactory: Opened liboplusavenhancements.so
[2026-06-13T06:43:03.860Z] [ALL] 06-13 12:13:01.379  4582  4582 D AVMediaServiceFactory: createInstance(64bit): createExtendedMediaServiceFactory success!
[2026-06-13T06:43:03.860Z] [ALL] 06-13 12:13:01.379  4582  4582 D AVNuFactory: Opened liboplusavenhancements.so
[2026-06-13T06:43:03.860Z] [ALL] 06-13 12:13:01.379  4582  4582 D AVNuFactory: createInstance(64bit): createExtendedNuFactory success!
[2026-06-13T06:43:03.860Z] [ALL] 06-13 12:13:01.379  4582  4582 D AVStageFactory: Opened liboplusavenhancements.so
[2026-06-13T06:43:03.860Z] [ALL] 06-13 12:13:01.379  4582  4582 D AVStageFactory: createInstance(64bit): createVendorAVFactory success!
[2026-06-13T06:43:03.860Z] [ALL] 06-13 12:13:01.379  4582  4582 D AVStageUtils: createInstance(64bit): createVendorAVUtils success!
[2026-06-13T06:43:03.860Z] [ALL] 06-13 12:13:01.379  4582  4582 D OplusUtils: OplusUtils [89]: 
[2026-06-13T06:43:03.860Z] [ALL] 06-13 12:13:01.379  4582  4582 D AVStageFactory: createInstance(64bit): createVendorAVFactory success!
[2026-06-13T06:43:03.860Z] [ALL] 06-13 12:13:01.379  4582  4582 D AVStageUtils: createInstance(64bit): createVendorAVUtils success!
[2026-06-13T06:43:03.860Z] [ALL] 06-13 12:13:01.379  4582  4582 D OplusUtils: OplusUtils [89]: 
[2026-06-13T06:43:03.860Z] [ALL] 06-13 12:13:01.379  4582  4582 D AVMediaServiceFactory: createInstance(64bit): createExtendedMediaServiceFactory success!
[2026-06-13T06:43:03.860Z] [ALL] 06-13 12:13:01.379  4582  4582 D AVNuFactory: createInstance(64bit): createExtendedNuFactory success!
[2026-06-13T06:43:03.860Z] [ALL] 06-13 12:13:01.379  4582  4582 D AVStageFactory: Opened liboplusavenhancements.so
[2026-06-13T06:43:03.860Z] [ALL] 06-13 12:13:01.379  4582  4582 D AVStageFactory: createInstance(64bit): createVendorAVFactory success!
[2026-06-13T06:43:03.860Z] [ALL] 06-13 12:13:01.379  4582  4582 D AVStageUtils: createInstance(64bit): createVendorAVUtils success!
[2026-06-13T06:43:03.860Z] [ALL] 06-13 12:13:01.379  4582  4582 D OplusUtils: OplusUtils [89]: 
[2026-06-13T06:43:03.860Z] [ALL] 06-13 12:13:01.381  4582  4582 E screencap: createInstance(64bit) : createExtendedFactory
[2026-06-13T06:43:03.860Z] [ALL] 06-13 12:13:01.382  4582  4582 E screencap: createInstance(64bit) : createExtendedFactory
[2026-06-13T06:43:03.860Z] [ALL] 06-13 12:13:01.382  4582  4582 E screencap: Opened libinputextensionsimpl.so
[2026-06-13T06:43:03.860Z] [ALL] 06-13 12:13:01.382  4582  4582 E screencap: Opened libinputextensionsimpl.so
[2026-06-13T06:43:03.860Z] [ALL] 06-13 12:13:01.382  4582  4582 E screencap: createInstance(64bit) : createExtendedFactory
[2026-06-13T06:43:03.860Z] [ALL] 06-13 12:13:01.382  4582  4582 E screencap: createInstance(64bit) : createExtendedFactory
[2026-06-13T06:43:03.860Z] [ALL] 06-13 12:13:01.382  4582  4582 E screencap: Opened libsensorextimpl.so
[2026-06-13T06:43:03.860Z] [ALL] 06-13 12:13:01.382  4582  4582 E screencap: Opened libsensorextimpl.so
[2026-06-13T06:43:03.860Z] [ALL] 06-13 12:13:01.390  4582  4582 W ProcessState: Extra binder thread started, but 0 threads requested. Do not use *startThreadPool when zero threads are requested.
[2026-06-13T06:43:03.860Z] [ALL] 06-13 12:13:01.433   600   600 I servicemanager: Could not find android.hardware.graphics.allocator.IAllocator/default in the VINTF manifest.
[2026-06-13T06:43:03.860Z] [ALL] 06-13 12:13:01.434  4582  4582 E ion     : ioctl c0044901 failed with code -1: Invalid argument
[2026-06-13T06:43:04.063Z] [ALL] 06-13 12:13:01.640  4582  4582 W RefBase : RefBase: Explicit destruction, weak count = 0 (in 0x7bc8d6ef40). Use sp<> to manage this object.
[2026-06-13T06:43:04.064Z] [ALL] 06-13 12:13:01.645  4582  4582 D RefBase : #00 pc 00000000000efaa8  /apex/com.android.runtime/lib64/bionic/libc.so (__cxa_finalize+280)
[2026-06-13T06:43:04.064Z] [ALL] 06-13 12:13:01.645  4582  4582 D RefBase : #01 pc 00000000000e1948  /apex/com.android.runtime/lib64/bionic/libc.so (exit+24)
[2026-06-13T06:43:04.064Z] [ALL] 06-13 12:13:01.645  4582  4582 D RefBase : #02 pc 0000000000074dd4  /apex/com.android.runtime/lib64/bionic/libc.so (__libc_init+100)
[2026-06-13T06:43:04.130Z] [ALL] 06-13 12:13:01.686  4226  4274 I appium  : AppiumResponse: {"sessionId":"bb437b4c-94d1-4759-aa25-0c4493c17649","value":"iVBORw0KGgoAAAANSUhEUgAABDgAAAlgCAYAAABtGofVAAAAAXNSR0IArs4c6QAAAARzQklUCAgICHwIZIgAACAASURBVHic7N13nBPV2gfw30yyjWWXKr333hWkdxDpiBX1tVfEihUFu1689noVGyIoSG/Si/SOtKX3urRla5KZ949ksklm0ifJzu7vez97ZSczZ04y2WTmmec8R8jJlWUQERERERERERmYGOsOEBERERE…
[2026-06-13T06:43:04.196Z] [ALL] 06-13 12:13:01.754  4226  4274 I appium  : channel read: GET /session/bb437b4c-94d1-4759-aa25-0c4493c17649/element/00000000-0000-03b6-0000-007a00000004/attribute/displayed