[2026-06-14T09:24:10.594Z] [ALL] 06-14 14:54:07.656  4096  4096 W libbinder.BackendUnifiedServiceManager: Thread Pool max thread count is 0. Cannot cache binder as linkToDeath cannot be implemented. serviceName: window
[2026-06-14T09:24:10.640Z] [ALL] 06-14 14:54:07.702  1489  1593 I appium  : channel read: POST /session/0f023030-0d82-476d-b7c9-1bfd15340de7/element
[2026-06-14T09:24:10.640Z] [ALL] 06-14 14:54:07.703  1489  1593 I appium  : FindElement command
[2026-06-14T09:24:10.642Z] [ALL] 06-14 14:54:07.705  1489  1593 I appium  : method: 'xpath', selector: '//*[@text="Use Email OTP instead" or @text="Use Password instead" or contains(@text, "OTP") or contains(@text, "Password instead") or contains(@text, "ఓటిపి") or contains(@text, "பயன்படுத்து") or contains(@text, "उपयोग") or contains(@text, "వాడండి")]'
[2026-06-14T09:24:10.642Z] [ALL] 06-14 14:54:07.705  1489  1593 I appium  : Waiting up to 10000ms for the device to idle
[2026-06-14T09:24:10.644Z] [ALL] 06-14 14:54:07.707  1489  1593 I appium  : The following attributes will be included to the page source: [text]
[2026-06-14T09:24:10.774Z] [ALL] 06-14 14:54:07.836  1486  1505 I ActivityManager: Changes in 10470 11 to 19, 384 to 0
[2026-06-14T09:24:10.782Z] [ALL] 06-14 14:54:07.843  1149  1280 I SurfaceFlinger: Current= 60, Period= 60, hwcPeriod= 60
[2026-06-14T09:24:10.789Z] [ALL] 06-14 14:54:07.851  1486  1526 I ActivityManager: Changes in 10470 19 to 11, 0 to 384
[2026-06-14T09:24:10.846Z] [ALL] 06-14 14:54:07.910  1489  1593 I appium  : Took 0ms to retrieve 1 matches for '//*[@text="Use Email OTP instead" or @text="Use Password instead" or contains(@text, "OTP") or contains(@text, "Password instead") or contains(@text, "ఓటిపి") or contains(@text, "பயன்படுத்து") or contains(@text, "उपयोग") or contains(@text, "వాడండి")]' XPath2 query
[2026-06-14T09:24:10.848Z] [ALL] 06-14 14:54:07.912  1489  1593 I appium  : AppiumResponse: {"sessionId":"0f023030-0d82-476d-b7c9-1bfd15340de7","value":{"ELEMENT":"00000000-0000-00f5-0000-005500000004","element-6066-11e4-a52e-4f735466cecf":"00000000-0000-00f5-0000-005500000004"}}
[2026-06-14T09:24:10.872Z] [ALL] 06-14 14:54:07.932  1489  1593 I appium  : channel read: GET /session/0f023030-0d82-476d-b7c9-1bfd15340de7/element/00000000-0000-00f5-0000-005500000004/attribute/displayed
[2026-06-14T09:24:10.875Z] [ALL] 06-14 14:54:07.933  1489  1593 I appium  : GetElementAttribute command
[2026-06-14T09:24:10.881Z] [ALL] 06-14 14:54:07.941  1489  1593 I appium  : AppiumResponse: {"sessionId":"0f023030-0d82-476d-b7c9-1bfd15340de7","value":"true"}
[2026-06-14T09:24:10.897Z] [ALL] 06-14 14:54:07.960  1489  1593 I appium  : channel read: POST /session/0f023030-0d82-476d-b7c9-1bfd15340de7/element/00000000-0000-00f5-0000-005500000004/click
[2026-06-14T09:24:10.899Z] [ALL] 06-14 14:54:07.961  1489  1593 I appium  : Click command
[2026-06-14T09:24:10.899Z] [ALL] 06-14 14:54:07.961  1486  1520 E Watchdog: !@Sync: 5990 heap(MB): 175 / 202 FD: 1390 Threads: 599 [2026-06-14 14:54:07.961]
[2026-06-14T09:24:10.908Z] [ALL] 06-14 14:54:07.970  1149  1317 D SurfaceFlinger: setDesiredMode 4633128672291736000 {mode={fps=120.00 Hz, modePtr={id=0, vsyncRate=120.00 Hz, peakRefreshRate=120.00 Hz}}, emitEvent=false, force=false}
[2026-06-14T09:24:10.912Z] [ALL] 06-14 14:54:07.976  1149  1149 I SurfaceFlinger: No layers with votes - choose 120.00 Hz
[2026-06-14T09:24:10.915Z] [ALL] 06-14 14:54:07.976  1149  1149 D SurfaceFlinger: initiateModeChange 4633128672291736000 {mode={fps=120.00 Hz, modePtr={id=0, vsyncRate=120.00 Hz, peakRefreshRate=120.00 Hz}}, emitEvent=false, force=false}
[2026-06-14T09:24:10.915Z] [ALL] 06-14 14:54:07.977  1149  1149 I SurfaceFlinger: [4633128672291736000] ActiveConfigToHWC, ID : 3
[2026-06-14T09:24:10.917Z] [ALL] 06-14 14:54:07.978  1062 15192 D display : setActiveConfigWithConstraints:: PrimaryDisplay config(3)
[2026-06-14T09:24:10.917Z] [ALL] 06-14 14:54:07.978  1062 15192 I display : Current VRR MODE is 3
[2026-06-14T09:24:10.917Z] [ALL] 06-14 14:54:07.978  1062 15192 I display : setActiveConfigWithConstraints:: HFR match - config: 3, base: 3, try: 1
[2026-06-14T09:24:10.917Z] [ALL] 06-14 14:54:07.978  1062 15192 I display : setActiveConfigWithConstraints::update 1080x2340@120hs
[2026-06-14T09:24:10.917Z] [ALL] 06-14 14:54:07.979  1062 15192 I display : commit modeset : 1080x2340@120hs
[2026-06-14T09:24:10.938Z] [ALL] 06-14 14:54:07.999  1062 15192 W display : deliverWinConfigData:: commit modeset time (20 ms)
[2026-06-14T09:24:10.941Z] [ALL] 06-14 14:54:08.001  1062  1159 I display : [compareVsyncPeriod] set the lowest(mode:0) vsync 83 of display(0)
[2026-06-14T09:24:10.941Z] [ALL] 06-14 14:54:08.001  1062  1159 I display : getFpsForPerformance, performance table found using table(key:120, cpu:255)
[2026-06-14T09:24:10.941Z] [ALL] 06-14 14:54:08.001  1062  1159 I display : Set m2mMPP capacity(4) for fps(120)
[2026-06-14T09:24:10.941Z] [ALL] 06-14 14:54:08.001  1062  1159 I display : getFpsForPerformance, performance table found using table(key:120, cpu:255)
[2026-06-14T09:24:10.941Z] [ALL] 06-14 14:54:08.001  1062  1159 I display : Set Affinity config for fps(120) : cpuIDs : 255
[2026-06-14T09:24:10.941Z] [ALL] 06-14 14:54:08.001  1062  1159 I display : Set Affinity CPU ID : 0
[2026-06-14T09:24:10.941Z] [ALL] 06-14 14:54:08.001  1062  1159 I display : Set Affinity CPU ID : 1
[2026-06-14T09:24:10.941Z] [ALL] 06-14 14:54:08.001  1062  1159 I display : Set Affinity CPU ID : 2
[2026-06-14T09:24:10.941Z] [ALL] 06-14 14:54:08.001  1062  1159 I display : Set Affinity CPU ID : 3
[2026-06-14T09:24:10.941Z] [ALL] 06-14 14:54:08.001  1062  1159 I display : Set Affinity CPU ID : 4
[2026-06-14T09:24:10.941Z] [ALL] 06-14 14:54:08.001  1062  1159 I display : Set Affinity CPU ID : 5
[2026-06-14T09:24:10.941Z] [ALL] 06-14 14:54:08.001  1062  1159 I display : Set Affinity CPU ID : 6
[2026-06-14T09:24:10.941Z] [ALL] 06-14 14:54:08.001  1062  1159 I display : Set Affinity CPU ID : 7
[2026-06-14T09:24:10.941Z] [ALL] 06-14 14:54:08.001  1062  1159 I display : Set affinity HWC : 1062
[2026-06-14T09:24:10.941Z] [ALL] 06-14 14:54:08.001  1149  1149 I SurfaceFlinger: finalizeDisplayModeChange 4633128672291736000
[2026-06-14T09:24:10.941Z] [ALL] 06-14 14:54:08.002  1062  1159 I display : CPU set : Cluster(0), min_clock(0)
[2026-06-14T09:24:10.941Z] [ALL] 06-14 14:54:08.002  1062  1159 I display : CPU set : Cluster(1), min_clock(0)
[2026-06-14T09:24:10.941Z] [ALL] 06-14 14:54:08.002  1062  1159 I display : CPU set : Cluster(2), min_clock(0)
[2026-06-14T09:24:10.941Z] [ALL] 06-14 14:54:08.002  1149  1280 I SurfaceFlinger: Current= 60, Period= 120, hwcPeriod= 120
[2026-06-14T09:24:10.941Z] [ALL] 06-14 14:54:08.004  1486  1605 D InputDispatcher: Inject motion (1430/2000): action=0x0, time=179862357000000, f=0x0, d=0 dsdx=1.000000 dtdx=0.000000
[2026-06-14T09:24:10.948Z] [ALL] 06-14 14:54:08.005  1486  1665 I InputDispatcher: Delivering touch to (2112): action: 0x4, f=0x0, d=0, '1dcab54', t=1 
[2026-06-14T09:24:10.952Z] [ALL] 06-14 14:54:08.005  1486  1665 I InputDispatcher: Delivering touch to (2023): action: 0x0, f=0x0, d=0, '7ae0444', t=1 
[2026-06-14T09:24:10.952Z] [ALL] 06-14 14:54:08.006  1486  1665 D PowerManagerService: [api] userActivityFromNative : touch displayId=0 eventTime=179862357
[2026-06-14T09:24:10.952Z] [ALL] 06-14 14:54:08.006  2023  2023 I VRI[MainActivity]@b6eefbe: ViewPostIme pointer 0
[2026-06-14T09:24:10.952Z] [ALL] 06-14 14:54:08.007  2619  2619 I HoneySpace.InputConsumerFactory: checkMultiFingerGesture: returning NO_OP - gesture disabled or blocked
[2026-06-14T09:24:10.952Z] [ALL] 06-14 14:54:08.008  1486  1665 D PowerManagerService: UserActivityStateListenerState: 1
[2026-06-14T09:24:10.952Z] [ALL] 06-14 14:54:08.008  2619  2619 I HoneySpace.GestureInputHandler: inputConsumers = [com.honeyspace.gesture.inputconsumer.InputConsumer$Companion$NO_OP$1@b9cdf5b]
[2026-06-14T09:24:10.952Z] [ALL] 06-14 14:54:08.009  2619  2619 I HoneySpace.InputSession: inputConsumers = NO_OP
[2026-06-14T09:24:10.952Z] [ALL] 06-14 14:54:08.010  2619  2619 I HoneySpace.InputSession: open
[2026-06-14T09:24:10.995Z] [ALL] 06-14 14:54:08.013  1486  1605 D InputDispatcher: Inject motion (1430/2000): action=0x1, time=179862400000000, f=0x0, d=0 dsdx=1.000000 dtdx=0.000000
[2026-06-14T09:24:10.995Z] [ALL] 06-14 14:54:08.014  2023  2023 I VRI[MainActivity]@b6eefbe: call setFrameRateCategory for touch hint category=high hint, reason=touch, vri=VRI[MainActivity]@b6eefbe
[2026-06-14T09:24:10.995Z] [ALL] 06-14 14:54:08.014  1486  1665 I InputDispatcher: Delivering touch to (2023): action: 0x1, f=0x0, d=0, '7ae0444', t=1 
[2026-06-14T09:24:10.995Z] [ALL] 06-14 14:54:08.015  2023  2023 I VRI[MainActivity]@b6eefbe: ViewPostIme pointer 1
[2026-06-14T09:24:10.995Z] [ALL] 06-14 14:54:08.015  2619  2619 I HoneySpace.GestureInputHandler: reset
[2026-06-14T09:24:10.995Z] [ALL] 06-14 14:54:08.016  1149  1149 I SurfaceFlinger: [com.safebank.ai/com.safebank.ai.MainActivity$_2023#104535] setFrameRateCategory: HighHint
[2026-06-14T09:24:10.995Z] [ALL] 06-14 14:54:08.016  2619  2619 I HoneySpace.InputSession: close
[2026-06-14T09:24:10.995Z] [ALL] 06-14 14:54:08.019  1486  1515 I GestureDetector: obtain mCurrentDownEvent. id: -16502391 caller: com.android.server.wm.SystemGesturesPointerEventListener.onPointerEvent:17 com.android.server.wm.PointerEventDispatcher.onInputEvent:51 android.view.InputEventReceiver.dispatchInputEvent:369 
[2026-06-14T09:24:10.995Z] [ALL] 06-14 14:54:08.021  1486  1515 I GestureDetector: obtain mCurrentDownEvent. id: -16502391 caller: com.android.server.wm.SystemPerformancePointerEventListener.onPointerEvent:13 com.android.server.wm.PointerEventDispatcher.onInputEvent:51 android.view.InputEventReceiver.dispatchInputEvent:369 
[2026-06-14T09:24:10.995Z] [ALL] 06-14 14:54:08.021  1486  1515 I GestureDetector: obtain mCurrentMotionEventRaw. action: 1 id: -980073597
[2026-06-14T09:24:10.995Z] [ALL] 06-14 14:54:08.022  1486  1515 I GestureDetector: obtain mCurrentMotionEventRaw. action: 1 id: -980073597
[2026-06-14T09:24:11.025Z] [ALL] 06-14 14:54:08.022  4132  4132 I SemDvfsHyPerManager: acquire hyper - TABoost/4132@29, type = -999
[2026-06-14T09:24:11.025Z] [ALL] 06-14 14:54:08.024  1075  1175 I HYPER-HAL: [RequestManager.cpp]acquire(): Acquired ID : 8659070  [4132 / 29]    HINT :      list : [TABoost / 1] [TIMEOUT / 1500] 
[2026-06-14T09:24:11.025Z] [ALL] 06-14 14:54:08.042  1489  1593 W GestureController: Gestures took longer than expected (74ms >> 8ms), device might be in a busy state.
[2026-06-14T09:24:11.025Z] [ALL] 06-14 14:54:08.043  1489  1593 I appium  : Waiting up to 10000ms for the device to idle
[2026-06-14T09:24:11.025Z] [ALL] 06-14 14:54:08.044  1489  1593 I appium  : AppiumResponse: {"sessionId":"0f023030-0d82-476d-b7c9-1bfd15340de7","value":null}
[2026-06-14T09:24:11.040Z] [ALL] 06-14 14:54:08.098  1489  1593 I appium  : channel read: POST /session/0f023030-0d82-476d-b7c9-1bfd15340de7/element
[2026-06-14T09:24:11.042Z] [ALL] 06-14 14:54:08.099  1489  1593 I appium  : FindElement command
[2026-06-14T09:24:11.042Z] [ALL] 06-14 14:54:08.101  1489  1593 I appium  : method: '-android uiautomator', selector: 'new UiSelector().className("android.widget.EditText").instance(0)'
[2026-06-14T09:24:11.042Z] [ALL] 06-14 14:54:08.101  1489  1593 I appium  : Waiting up to 10000ms for the device to idle
[2026-06-14T09:24:11.069Z] [ALL] 06-14 14:54:08.128  1489  1593 I QueryController: Matched selector: UiSelector[CLASS=android.widget.EditText, INSTANCE=0] <<==>> [android.view.accessibility.AccessibilityNodeInfo@8ec2; boundsInParent: Rect(0, 0 - 0, 0); boundsInScreen: Rect(113, 1090 - 967, 1248); boundsInWindow: Rect(113, 1090 - 967, 1248); packageName: com.safebank.ai; className: android.widget.EditText; text: invalidemailtestotp@safebank.ai; error: null; maxTextLength: -1; stateDescription: null; contentDescription: null; tooltipText: null; containerTitle: null; viewIdResName: null; uniqueId: null; checkable: false; checked: false; focusable: true; focused: false; selected: false; clickable: true; longClickable: true; contextClickable: false; enabled: true; password: false; scrollable: false; granularScrollingSupported: false; importantForAccessibility: true; visible: true; actions: [AccessibilityAction: ACTION_FOCUS - null, AccessibilityAction: ACTION_NEXT_AT_MOVEMENT_GRANULARITY - null, AccessibilityAction: ACTION_PREVIOUS_AT_MOVEMENT_GRANULARITY - null, AccessibilityAction: ACTION_ACCESSIBILITY_FOCUS - null, AccessibilityAction: ACTION_CLICK - null, AccessibilityAction: ACTION_LONG_CLICK - null, AccessibilityAction: ACTION_SET_TEXT - null, AccessibilityAction: ACTION_IME_ENTER - null, AccessibilityAction: ACTION_SET_SELECTION - null]; isTextSelectable: false]
[2026-06-14T09:24:11.076Z] [ALL] 06-14 14:54:08.130  1489  1593 I appium  : AppiumResponse: {"sessionId":"0f023030-0d82-476d-b7c9-1bfd15340de7","value":{"ELEMENT":"00000000-0000-00f5-0000-005600000004","element-6066-11e4-a52e-4f735466cecf":"00000000-0000-00f5-0000-005600000004"}}
[2026-06-14T09:24:11.109Z] [ALL] 06-14 14:54:08.165  1489  1593 I appium  : channel read: GET /session/0f023030-0d82-476d-b7c9-1bfd15340de7/element/00000000-0000-00f5-0000-005600000004/attribute/displayed
[2026-06-14T09:24:11.113Z] [ALL] 06-14 14:54:08.168  1489  1593 I appium  : GetElementAttribute command
[2026-06-14T09:24:11.116Z] [ALL] 06-14 14:54:08.177  1489  1593 I QueryController: Matched selector: UiSelector[CLASS=android.widget.EditText, INSTANCE=0] <<==>> [android.view.accessibility.AccessibilityNodeInfo@8ec2; boundsInParent: Rect(0, 0 - 0, 0); boundsInScreen: Rect(113, 1090 - 967, 1248); boundsInWindow: Rect(113, 1090 - 967, 1248); packageName: com.safebank.ai; className: android.widget.EditText; text: invalidemailtestotp@safebank.ai; error: null; maxTextLength: -1; stateDescription: null; contentDescription: null; tooltipText: null; containerTitle: null; viewIdResName: null; uniqueId: null; checkable: false; checked: false; focusable: true; focused: false; selected: false; clickable: true; longClickable: true; contextClickable: false; enabled: true; password: false; scrollable: false; granularScrollingSupported: false; importantForAccessibility: true; visible: true; actions: [AccessibilityAction: ACTION_FOCUS - null, AccessibilityAction: ACTION_NEXT_AT_MOVEMENT_GRANULARITY - null, AccessibilityAction: ACTION_PREVIOUS_AT_MOVEMENT_GRANULARITY - null, AccessibilityAction: ACTION_ACCESSIBILITY_FOCUS - null, AccessibilityAction: ACTION_CLICK - null, AccessibilityAction: ACTION_LONG_CLICK - null, AccessibilityAction: ACTION_SET_TEXT - null, AccessibilityAction: ACTION_IME_ENTER - null, AccessibilityAction: ACTION_SET_SELECTION - null]; isTextSelectable: false]
[2026-06-14T09:24:11.116Z] [ALL] 06-14 14:54:08.178  1489  1593 D UiObject: Waiting 0ms for UiSelector[CLASS=android.widget.EditText, INSTANCE=0].
[2026-06-14T09:24:11.125Z] [ALL] 06-14 14:54:08.188  1489  1593 I QueryController: Matched selector: UiSelector[CLASS=android.widget.EditText, INSTANCE=0] <<==>> [android.view.accessibility.AccessibilityNodeInfo@8ec2; boundsInParent: Rect(0, 0 - 0, 0); boundsInScreen: Rect(113, 1090 - 967, 1248); boundsInWindow: Rect(113, 1090 - 967, 1248); packageName: com.safebank.ai; className: android.widget.EditText; text: invalidemailtestotp@safebank.ai; error: null; maxTextLength: -1; stateDescription: null; contentDescription: null; tooltipText: null; containerTitle: null; viewIdResName: null; uniqueId: null; checkable: false; checked: false; focusable: true; focused: false; selected: false; clickable: true; longClickable: true; contextClickable: false; enabled: true; password: false; scrollable: false; granularScrollingSupported: false; importantForAccessibility: true; visible: true; actions: [AccessibilityAction: ACTION_FOCUS - null, AccessibilityAction: ACTION_NEXT_AT_MOVEMENT_GRANULARITY - null, AccessibilityAction: ACTION_PREVIOUS_AT_MOVEMENT_GRANULARITY - null, AccessibilityAction: ACTION_ACCESSIBILITY_FOCUS - null, AccessibilityAction: ACTION_CLICK - null, AccessibilityAction: ACTION_LONG_CLICK - null, AccessibilityAction: ACTION_SET_TEXT - null, AccessibilityAction: ACTION_IME_ENTER - null, AccessibilityAction: ACTION_SET_SELECTION - null]; isTextSelectable: false]
[2026-06-14T09:24:11.131Z] [ALL] 06-14 14:54:08.194  1489  1593 I QueryController: Matched selector: UiSelector[CLASS=android.widget.EditText, INSTANCE=0] <<==>> [android.view.accessibility.AccessibilityNodeInfo@8ec2; boundsInParent: Rect(0, 0 - 0, 0); boundsInScreen: Rect(113, 1090 - 967, 1248); boundsInWindow: Rect(113, 1090 - 967, 1248); packageName: com.safebank.ai; className: android.widget.EditText; text: invalidemailtestotp@safebank.ai; error: null; maxTextLength: -1; stateDescription: null; contentDescription: null; tooltipText: null; containerTitle: null; viewIdResName: null; uniqueId: null; checkable: false; checked: false; focusable: true; focused: false; selected: false; clickable: true; longClickable: true; contextClickable: false; enabled: true; password: false; scrollable: false; granularScrollingSupported: false; importantForAccessibility: true; visible: true; actions: [AccessibilityAction: ACTION_FOCUS - null, AccessibilityAction: ACTION_NEXT_AT_MOVEMENT_GRANULARITY - null, AccessibilityAction: ACTION_PREVIOUS_AT_MOVEMENT_GRANULARITY - null, AccessibilityAction: ACTION_ACCESSIBILITY_FOCUS - null, AccessibilityAction: ACTION_CLICK - null, AccessibilityAction: ACTION_LONG_CLICK - null, AccessibilityAction: ACTION_SET_TEXT - null, AccessibilityAction: ACTION_IME_ENTER - null, AccessibilityAction: ACTION_SET_SELECTION - null]; isTextSelectable: false]
[2026-06-14T09:24:11.133Z] [ALL] 06-14 14:54:08.196  1489  1593 I appium  : AppiumResponse: {"sessionId":"0f023030-0d82-476d-b7c9-1bfd15340de7","value":"true"}
[2026-06-14T09:24:11.155Z] [ALL] 06-14 14:54:08.217  1489  1593 I appium  : channel read: POST /session/0f023030-0d82-476d-b7c9-1bfd15340de7/element/00000000-0000-00f5-0000-005600000004/clear
[2026-06-14T09:24:11.157Z] [ALL] 06-14 14:54:08.220  1489  1593 I appium  : Clear command
[2026-06-14T09:24:11.164Z] [ALL] 06-14 14:54:08.227  1489  1593 I QueryController: Matched selector: UiSelector[CLASS=android.widget.EditText, INSTANCE=0] <<==>> [android.view.accessibility.AccessibilityNodeInfo@8ec2; boundsInParent: Rect(0, 0 - 0, 0); boundsInScreen: Rect(113, 1090 - 967, 1248); boundsInWindow: Rect(113, 1090 - 967, 1248); packageName: com.safebank.ai; className: android.widget.EditText; text: invalidemailtestotp@safebank.ai; error: null; maxTextLength: -1; stateDescription: null; contentDescription: null; tooltipText: null; containerTitle: null; viewIdResName: null; uniqueId: null; checkable: false; checked: false; focusable: true; focused: false; selected: false; clickable: true; longClickable: true; contextClickable: false; enabled: true; password: false; scrollable: false; granularScrollingSupported: false; importantForAccessibility: true; visible: true; actions: [AccessibilityAction: ACTION_FOCUS - null, AccessibilityAction: ACTION_NEXT_AT_MOVEMENT_GRANULARITY - null, AccessibilityAction: ACTION_PREVIOUS_AT_MOVEMENT_GRANULARITY - null, AccessibilityAction: ACTION_ACCESSIBILITY_FOCUS - null, AccessibilityAction: ACTION_CLICK - null, AccessibilityAction: ACTION_LONG_CLICK - null, AccessibilityAction: ACTION_SET_TEXT - null, AccessibilityAction: ACTION_IME_ENTER - null, AccessibilityAction: ACTION_SET_SELECTION - null]; isTextSelectable: false]
[2026-06-14T09:24:11.173Z] [ALL] 06-14 14:54:08.236  1489  1593 I QueryController: Matched selector: UiSelector[CLASS=android.widget.EditText, INSTANCE=0] <<==>> [android.view.accessibility.AccessibilityNodeInfo@8ec2; boundsInParent: Rect(0, 0 - 0, 0); boundsInScreen: Rect(113, 1090 - 967, 1248); boundsInWindow: Rect(113, 1090 - 967, 1248); packageName: com.safebank.ai; className: android.widget.EditText; text: invalidemailtestotp@safebank.ai; error: null; maxTextLength: -1; stateDescription: null; contentDescription: null; tooltipText: null; containerTitle: null; viewIdResName: null; uniqueId: null; checkable: false; checked: false; focusable: true; focused: false; selected: false; clickable: true; longClickable: true; contextClickable: false; enabled: true; password: false; scrollable: false; granularScrollingSupported: false; importantForAccessibility: true; visible: true; actions: [AccessibilityAction: ACTION_FOCUS - null, AccessibilityAction: ACTION_NEXT_AT_MOVEMENT_GRANULARITY - null, AccessibilityAction: ACTION_PREVIOUS_AT_MOVEMENT_GRANULARITY - null, AccessibilityAction: ACTION_ACCESSIBILITY_FOCUS - null, AccessibilityAction: ACTION_CLICK - null, AccessibilityAction: ACTION_LONG_CLICK - null, AccessibilityAction: ACTION_SET_TEXT - null, AccessibilityAction: ACTION_IME_ENTER - null, AccessibilityAction: ACTION_SET_SELECTION - null]; isTextSelectable: false]
[2026-06-14T09:24:11.173Z] [ALL] 06-14 14:54:08.236  1489  1593 D UiObject: Setting text to ''.
[2026-06-14T09:24:11.174Z] [ALL] 06-14 14:54:08.238  1486  1505 D PowerManagerService: [api] userActivity : accessibility (uid: 1000 pid: 1486) <- performAccessibilityAction() in com.android.server.accessibility.AbstractAccessibilityServiceConnection:220 displayId=0 eventTime=179862626
[2026-06-14T09:24:11.181Z] [ALL] 06-14 14:54:08.245  1489  1593 I appium  : AppiumResponse: {"sessionId":"0f023030-0d82-476d-b7c9-1bfd15340de7","value":null}
[2026-06-14T09:24:11.200Z] [ALL] 06-14 14:54:08.263  1489  1593 I appium  : channel read: POST /session/0f023030-0d82-476d-b7c9-1bfd15340de7/element/00000000-0000-00f5-0000-005600000004/value
[2026-06-14T09:24:11.203Z] [ALL] 06-14 14:54:08.265  1489  1593 I appium  : SendKeysToElement command
[2026-06-14T09:24:11.226Z] [ALL] 06-14 14:54:08.289  1489  1593 I QueryController: Matched selector: UiSelector[CLASS=android.widget.EditText, INSTANCE=0] <<==>> [android.view.accessibility.AccessibilityNodeInfo@8ec2; boundsInParent: Rect(0, 0 - 0, 0); boundsInScreen: Rect(113, 1090 - 967, 1248); boundsInWindow: Rect(113, 1090 - 967, 1248); packageName: com.safebank.ai; className: android.widget.EditText; text: invalidemailtestotp@safebank.ai; error: null; maxTextLength: -1; stateDescription: null; contentDescription: null; tooltipText: null; containerTitle: null; viewIdResName: null; uniqueId: null; checkable: false; checked: false; focusable: true; focused: false; selected: false; clickable: true; longClickable: true; contextClickable: false; enabled: true; password: false; scrollable: false; granularScrollingSupported: false; importantForAccessibility: true; visible: true; actions: [AccessibilityAction: ACTION_FOCUS - null, AccessibilityAction: ACTION_NEXT_AT_MOVEMENT_GRANULARITY - null, AccessibilityAction: ACTION_PREVIOUS_AT_MOVEMENT_GRANULARITY - null, AccessibilityAction: ACTION_ACCESSIBILITY_FOCUS - null, AccessibilityAction: ACTION_CLICK - null, AccessibilityAction: ACTION_LONG_CLICK - null, AccessibilityAction: ACTION_SET_TEXT - null, AccessibilityAction: ACTION_IME_ENTER - null, AccessibilityAction: ACTION_SET_SELECTION - null]; isTextSelectable: false]
[2026-06-14T09:24:11.232Z] [ALL] 06-14 14:54:08.294  1489  1593 I QueryController: Matched selector: UiSelector[CLASS=android.widget.EditText, INSTANCE=0] <<==>> [android.view.accessibility.AccessibilityNodeInfo@8ec2; boundsInParent: Rect(0, 0 - 0, 0); boundsInScreen: Rect(113, 1090 - 967, 1248); boundsInWindow: Rect(113, 1090 - 967, 1248); packageName: com.safebank.ai; className: android.widget.EditText; text: invalidemailtestotp@safebank.ai; error: null; maxTextLength: -1; stateDescription: null; contentDescription: null; tooltipText: null; containerTitle: null; viewIdResName: null; uniqueId: null; checkable: false; checked: false; focusable: true; focused: false; selected: false; clickable: true; longClickable: true; contextClickable: false; enabled: true; password: false; scrollable: false; granularScrollingSupported: false; importantForAccessibility: true; visible: true; actions: [AccessibilityAction: ACTION_FOCUS - null, AccessibilityAction: ACTION_NEXT_AT_MOVEMENT_GRANULARITY - null, AccessibilityAction: ACTION_PREVIOUS_AT_MOVEMENT_GRANULARITY - null, AccessibilityAction: ACTION_ACCESSIBILITY_FOCUS - null, AccessibilityAction: ACTION_CLICK - null, AccessibilityAction: ACTION_LONG_CLICK - null, AccessibilityAction: ACTION_SET_TEXT - null, AccessibilityAction: ACTION_IME_ENTER - null, AccessibilityAction: ACTION_SET_SELECTION - null]; isTextSelectable: false]
[2026-06-14T09:24:11.235Z] [ALL] 06-14 14:54:08.298  1489  1593 I QueryController: Matched selector: UiSelector[CLASS=android.widget.EditText, INSTANCE=0] <<==>> [android.view.accessibility.AccessibilityNodeInfo@8ec2; boundsInParent: Rect(0, 0 - 0, 0); boundsInScreen: Rect(113, 1090 - 967, 1248); boundsInWindow: Rect(113, 1090 - 967, 1248); packageName: com.safebank.ai; className: android.widget.EditText; text: invalidemailtestotp@safebank.ai; error: null; maxTextLength: -1; stateDescription: null; contentDescription: null; tooltipText: null; containerTitle: null; viewIdResName: null; uniqueId: null; checkable: false; checked: false; focusable: true; focused: false; selected: false; clickable: true; longClickable: true; contextClickable: false; enabled: true; password: false; scrollable: false; granularScrollingSupported: false; importantForAccessibility: true; visible: true; actions: [AccessibilityAction: ACTION_FOCUS - null, AccessibilityAction: ACTION_NEXT_AT_MOVEMENT_GRANULARITY - null, AccessibilityAction: ACTION_PREVIOUS_AT_MOVEMENT_GRANULARITY - null, AccessibilityAction: ACTION_ACCESSIBILITY_FOCUS - null, AccessibilityAction: ACTION_CLICK - null, AccessibilityAction: ACTION_LONG_CLICK - null, AccessibilityAction: ACTION_SET_TEXT - null, AccessibilityAction: ACTION_IME_ENTER - null, AccessibilityAction: ACTION_SET_SELECTION - null]; isTextSelectable: false]
[2026-06-14T09:24:11.242Z] [ALL] 06-14 14:54:08.305  1489  1593 I QueryController: Matched selector: UiSelector[CLASS=android.widget.EditText, INSTANCE=0] <<==>> [android.view.accessibility.AccessibilityNodeInfo@8ec2; boundsInParent: Rect(0, 0 - 0, 0); boundsInScreen: Rect(113, 1090 - 967, 1248); boundsInWindow: Rect(113, 1090 - 967, 1248); packageName: com.safebank.ai; className: android.widget.EditText; text: ; error: null; maxTextLength: -1; stateDescription: null; contentDescription: null; tooltipText: null; containerTitle: null; viewIdResName: null; uniqueId: null; checkable: false; checked: false; focusable: true; focused: false; selected: false; clickable: true; longClickable: true; contextClickable: false; enabled: true; password: false; scrollable: false; granularScrollingSupported: false; importantForAccessibility: true; visible: true; actions: [AccessibilityAction: ACTION_FOCUS - null, AccessibilityAction: ACTION_ACCESSIBILITY_FOCUS - null, AccessibilityAction: ACTION_CLICK - null, AccessibilityAction: ACTION_LONG_CLICK - null, AccessibilityAction: ACTION_SET_TEXT - null, AccessibilityAction: ACTION_IME_ENTER - null]; isTextSelectable: false]
[2026-06-14T09:24:11.242Z] [ALL] 06-14 14:54:08.305  1489  1593 D UiObject: Setting text to ''.
[2026-06-14T09:24:11.243Z] [ALL] 06-14 14:54:08.306  1486  1515 I GestureDetector: handleMessage TAP
[2026-06-14T09:24:11.257Z] [ALL] 06-14 14:54:08.320  1486  1486 I GestureDetector: handleMessage TAP
[2026-06-14T09:24:11.268Z] [ALL] 06-14 14:54:08.331  1489  1593 I QueryController: Matched selector: UiSelector[CLASS=android.widget.EditText, INSTANCE=0] <<==>> [android.view.accessibility.AccessibilityNodeInfo@8ec2; boundsInParent: Rect(0, 0 - 0, 0); boundsInScreen: Rect(113, 1090 - 967, 1248); boundsInWindow: Rect(113, 1090 - 967, 1248); packageName: com.safebank.ai; className: android.widget.EditText; text: ; error: null; maxTextLength: -1; stateDescription: null; contentDescription: null; tooltipText: null; containerTitle: null; viewIdResName: null; uniqueId: null; checkable: false; checked: false; focusable: true; focused: false; selected: false; clickable: true; longClickable: true; contextClickable: false; enabled: true; password: false; scrollable: false; granularScrollingSupported: false; importantForAccessibility: true; visible: true; actions: [AccessibilityAction: ACTION_FOCUS - null, AccessibilityAction: ACTION_ACCESSIBILITY_FOCUS - null, AccessibilityAction: ACTION_CLICK - null, AccessibilityAction: ACTION_LONG_CLICK - null, AccessibilityAction: ACTION_SET_TEXT - null, AccessibilityAction: ACTION_IME_ENTER - null]; isTextSelectable: false]
[2026-06-14T09:24:11.274Z] [ALL] 06-14 14:54:08.337  1489  1593 I QueryController: Matched selector: UiSelector[CLASS=android.widget.EditText, INSTANCE=0] <<==>> [android.view.accessibility.AccessibilityNodeInfo@8ec2; boundsInParent: Rect(0, 0 - 0, 0); boundsInScreen: Rect(113, 1090 - 967, 1248); boundsInWindow: Rect(113, 1090 - 967, 1248); packageName: com.safebank.ai; className: android.widget.EditText; text: ; error: null; maxTextLength: -1; stateDescription: null; contentDescription: null; tooltipText: null; containerTitle: null; viewIdResName: null; uniqueId: null; checkable: false; checked: false; focusable: true; focused: false; selected: false; clickable: true; longClickable: true; contextClickable: false; enabled: true; password: false; scrollable: false; granularScrollingSupported: false; importantForAccessibility: true; visible: true; actions: [AccessibilityAction: ACTION_FOCUS - null, AccessibilityAction: ACTION_ACCESSIBILITY_FOCUS - null, AccessibilityAction: ACTION_CLICK - null, AccessibilityAction: ACTION_LONG_CLICK - null, AccessibilityAction: ACTION_SET_TEXT - null, AccessibilityAction: ACTION_IME_ENTER - null]; isTextSelectable: false]
[2026-06-14T09:24:11.292Z] [ALL] 06-14 14:54:08.351  1489  1593 I appium  : AppiumResponse: {"sessionId":"0f023030-0d82-476d-b7c9-1bfd15340de7","value":null}
[2026-06-14T09:24:11.330Z] [ALL] 06-14 14:54:08.380  1489  1593 I appium  : channel read: POST /session/0f023030-0d82-476d-b7c9-1bfd15340de7/element
[2026-06-14T09:24:11.334Z] [ALL] 06-14 14:54:08.382  1489  1593 I appium  : FindElement command
[2026-06-14T09:24:11.334Z] [ALL] 06-14 14:54:08.385  1489  1593 I appium  : method: 'xpath', selector: '//*[@resource-id="login_submit_btn" or @content-desc="login_submit_btn" or @text="Login" or @text="LOGIN"]'
[2026-06-14T09:24:11.334Z] [ALL] 06-14 14:54:08.386  1489  1593 I appium  : Waiting up to 10000ms for the device to idle
[2026-06-14T09:24:11.334Z] [ALL] 06-14 14:54:08.388  1489  1593 I appium  : The following attributes will be included to the page source: [text, resource-id, content-desc]
[2026-06-14T09:24:11.341Z] [ALL] 06-14 14:54:08.404  1489  1493 I tomator2.server: Method exceeds compiler instruction limit: 19260 in java_cup.runtime.Symbol org.eclipse.wst.xml.xpath2.processor.internal.CUP$XPathCup$actions.CUP$XPathCup$do_action(int, java_cup.runtime.lr_parser, java.util.Stack, int)
[2026-06-14T09:24:11.461Z] [ALL] 06-14 14:54:08.524  1486  3107 I NSLocationMonitor: getGPSUsingApps() called
[2026-06-14T09:24:11.463Z] [ALL] 06-14 14:54:08.526  3066 32489 I NSLocationManager_FLP: getGPSUsingApps, No change
[2026-06-14T09:24:11.477Z] [ALL] 06-14 14:54:08.534  1486  3107 D FreecessHandler: skipping freeze com.truecaller(10274) result : 2
[2026-06-14T09:24:11.480Z] [ALL] 06-14 14:54:08.542  1486  1651 D ActivityManager: freezing 30539 com.android.settings
[2026-06-14T09:24:11.484Z] [ALL] 06-14 14:54:08.547  1486  1651 D ActivityManager: freezing 29296 com.samsung.SMT
[2026-06-14T09:24:11.491Z] [ALL] 06-14 14:54:08.548  1486  1651 D ActivityManager: freezing 32590 com.samsung.android.dqagent
[2026-06-14T09:24:11.579Z] [ALL] 06-14 14:54:08.581  1489  1593 I appium  : Took 0ms to retrieve 0 matches for '//*[@resource-id="login_submit_btn" or @content-desc="login_submit_btn" or @text="Login" or @text="LOGIN"]' XPath2 query
[2026-06-14T09:24:11.582Z] [ALL] 06-14 14:54:08.582  1489  1593 I appium  : AppiumResponse: {"sessionId":"0f023030-0d82-476d-b7c9-1bfd15340de7","value":{"error":"no such element","message":"An element could not be located on the page using the given search parameters","stacktrace":"io.appium.uiautomator2.common.exceptions.ElementNotFoundException: An element could not be located on the page using the given search parameters\n\tat io.appium.uiautomator2.utils.ElementLocationHelpers.findElement(ElementLocationHelpers.java:153)\n\tat io.appium.uiautomator2.handler.FindElement.safeHandle(FindElement.java:60)\n\tat io.appium.uiautomator2.handler.request.SafeRequestHandler.handle(SafeRequestHandler.java:59)\n\tat io.appium.uiautomator2.server.AppiumServlet.handleRequest(AppiumServlet.java:267)\n\tat io.appium.uiautomator2.server.AppiumServlet.handleHttpRequest(AppiumServlet.java:261)\n\tat io.appium.uiautomator2.http.ServerHandler.channelRead(ServerHandler.java:77)\n\tat io.netty.channel.AbstractChannelHandlerContext.fireChannelRead(AbstractChannelHandlerContext.java:357)\n\tat io.netty.handler.codec.MessageToMessageDecoder.channelRead(MessageToMessageDecoder.java:107)\n\tat io.netty.channel.AbstractChannelHandlerContext.fireChannelRead(AbstractChannelHandlerContext.java:357)\n\tat io.netty.channel.CombinedChannelDuplexHandler$DelegatingChannelHandlerContext.fireChannelRead(CombinedChannelDuplexHandler.java:434)\n\tat io.netty.handler.codec.ByteToMessageDecoder.fireChannelRead(ByteToMessageDecoder.java:361)\n\tat io.netty.handler.codec.ByteToMessageDecoder.channelRead(ByteToMessageDecoder.java:325)\n\tat io.netty.channel.CombinedChannelDuplexHandler.channelRead(CombinedChannelDuplexHandler.java:249)\n\tat io.netty.channel.AbstractChannelHandlerContext.fireChannelRead(AbstractChannelHandlerContext.java:355)\n\tat io.netty.handler.timeout.IdleStateHandler.channelRead(IdleStateHandler.java:288)\n\tat io.netty.channel.AbstractChannelHandlerContext.fireChannelRead(AbstractChannelHandlerContext.java:355)\n\tat io.netty.channel.DefaultChannelPipeline$HeadContext.channelRead(DefaultChannelPipeline.java:1429)\n\tat io.netty.channel.DefaultChannelPipeline.fireChannelRead(DefaultChannelPipeline.java:918)\n\tat io.netty.channel.nio.AbstractNioByteChannel$NioByteUnsafe.read(AbstractNioByteChannel.java:176)\n\tat io.netty.channel.nio.AbstractNioChannel$AbstractNioUnsafe.handle(AbstractNioChannel.java:445)\n\tat io.netty.channel.nio.NioIoHandler$DefaultNioRegistration.handle(NioIoHandler.java:388)\n\tat io.netty.channel.nio.NioIoHandler.processSelectedKey(NioIoHandler.java:596)\n\tat io.netty.channel.nio.NioIoHandler.processSelectedKeysOptimized(NioIoHandler.java:571)\n\tat io.netty.channel.nio.NioIoHandler.processSelectedKeys(NioIoHandler.java:512)\n\tat io.netty.channel.nio.NioIoHandler.run(NioIoHandler.java:484)\n\tat io.netty.channel.SingleThreadIoEventLoop.runIo(SingleThreadIoEventLoop.java:225)\n\tat io.netty.channel.SingleThreadIoEventLoop.run(SingleThreadIoEventLoop.java:196)\n\tat io.netty.util.concurrent.SingleThreadEventExecutor$5.run(SingleThreadEventExecutor.java:1195)\n\tat io.netty.util.internal.ThreadExecutorMap$2.run(ThreadExecutorMap.java:74)\n\tat io.netty.util.concurrent.FastThreadLocalRunnable.run(FastThreadLocalRunnable.java:30)\n\tat java.lang.Thread.run(Thread.java:1564)\n"}}
[2026-06-14T09:24:11.767Z] [ALL] 06-14 14:54:08.795  1149  1317 D SurfaceFlinger: setDesiredMode 4633128672291736000 {mode={fps=60.00 Hz, modePtr={id=1, vsyncRate=60.00 Hz, peakRefreshRate=60.00 Hz}}, emitEvent=false, force=false}
[2026-06-14T09:24:11.767Z] [ALL] 06-14 14:54:08.795   747   747 D io_stats: !@   8,0 r 79507395 1568551789 w 12648116 207207524 d 4204281 258393844 f 0 1104292 iot 28624428 0 th 0 0 0 pt 0 inp 0 0 179863.183
[2026-06-14T09:24:11.785Z] [ALL] 06-14 14:54:08.801  1149  1280 I SurfaceFlinger: Current= 120, Period= 60, hwcPeriod= 120
[2026-06-14T09:24:11.785Z] [ALL] 06-14 14:54:08.802  1149  1149 I SurfaceFlinger: com.safebank.ai/com.safebank.ai.MainActivity$_2023#104535 voted ExplicitCategory with category: HighHint
[2026-06-14T09:24:11.786Z] [ALL] 06-14 14:54:08.803  1149  1149 I SurfaceFlinger: IdleFps - choose 60.00 Hz
[2026-06-14T09:24:11.786Z] [ALL] 06-14 14:54:08.804  1149  1149 D SurfaceFlinger: initiateModeChange 4633128672291736000 {mode={fps=60.00 Hz, modePtr={id=1, vsyncRate=60.00 Hz, peakRefreshRate=60.00 Hz}}, emitEvent=false, force=false}
[2026-06-14T09:24:11.786Z] [ALL] 06-14 14:54:08.804  1149  1149 I SurfaceFlinger: [4633128672291736000] ActiveConfigToHWC, ID : 4
[2026-06-14T09:24:11.786Z] [ALL] 06-14 14:54:08.807  1062 15192 D display : setActiveConfigWithConstraints:: PrimaryDisplay config(4)
[2026-06-14T09:24:11.786Z] [ALL] 06-14 14:54:08.807  1062 15192 I display : Current VRR MODE is 3
[2026-06-14T09:24:11.786Z] [ALL] 06-14 14:54:08.807  1062 15192 I display : setActiveConfigWithConstraints:: HFR match - config: 5, base: 4, try: 0
[2026-06-14T09:24:11.786Z] [ALL] 06-14 14:54:08.807  1062 15192 I display : setActiveConfigWithConstraints::update 1080x2340@60phs
[2026-06-14T09:24:11.786Z] [ALL] 06-14 14:54:08.808  1062 15192 I display : commit modeset : 1080x2340@60phs
[2026-06-14T09:24:11.786Z] [ALL] 06-14 14:54:08.824  1062 15192 W display : deliverWinConfigData:: commit modeset time (15 ms)
[2026-06-14T09:24:11.786Z] [ALL] 06-14 14:54:08.827  1149  1149 D SurfaceFlinger: GPIS:: requestGpisForSFSluggish
[2026-06-14T09:24:11.786Z] [ALL] 06-14 14:54:08.828  1149  1149 I SurfaceFlinger: finalizeDisplayModeChange 4633128672291736000
[2026-06-14T09:24:11.800Z] [ALL] 06-14 14:54:08.834  1062  1159 I display : [compareVsyncPeriod] set the lowest(mode:0) vsync 166 of display(0)
[2026-06-14T09:24:11.800Z] [ALL] 06-14 14:54:08.835  1062  1159 I display : getFpsForPerformance, performance table found using table(key:60, cpu:255)
[2026-06-14T09:24:11.800Z] [ALL] 06-14 14:54:08.835  1062  1159 I display : Set m2mMPP capacity(8) for fps(60)
[2026-06-14T09:24:11.800Z] [ALL] 06-14 14:54:08.835  1062  1159 I display : getFpsForPerformance, performance table found using table(key:60, cpu:255)
[2026-06-14T09:24:11.800Z] [ALL] 06-14 14:54:08.835  1062  1159 I display : Set Affinity config for fps(60) : cpuIDs : 255
[2026-06-14T09:24:11.800Z] [ALL] 06-14 14:54:08.835  1062  1159 I display : Set Affinity CPU ID : 0
[2026-06-14T09:24:11.800Z] [ALL] 06-14 14:54:08.835  1062  1159 I display : Set Affinity CPU ID : 1
[2026-06-14T09:24:11.800Z] [ALL] 06-14 14:54:08.835  1062  1159 I display : Set Affinity CPU ID : 2
[2026-06-14T09:24:11.800Z] [ALL] 06-14 14:54:08.835  1062  1159 I display : Set Affinity CPU ID : 3
[2026-06-14T09:24:11.800Z] [ALL] 06-14 14:54:08.835  1062  1159 I display : Set Affinity CPU ID : 4
[2026-06-14T09:24:11.800Z] [ALL] 06-14 14:54:08.835  1062  1159 I display : Set Affinity CPU ID : 5
[2026-06-14T09:24:11.800Z] [ALL] 06-14 14:54:08.835  1062  1159 I display : Set Affinity CPU ID : 6
[2026-06-14T09:24:11.800Z] [ALL] 06-14 14:54:08.835  1062  1159 I display : Set Affinity CPU ID : 7
[2026-06-14T09:24:11.800Z] [ALL] 06-14 14:54:08.835  1062  1159 I display : Set affinity HWC : 1062
[2026-06-14T09:24:11.800Z] [ALL] 06-14 14:54:08.835  1062  1159 I display : CPU set : Cluster(0), min_clock(0)
[2026-06-14T09:24:11.800Z] [ALL] 06-14 14:54:08.835  1062  1159 I display : CPU set : Cluster(1), min_clock(0)
[2026-06-14T09:24:11.800Z] [ALL] 06-14 14:54:08.835  1062  1159 I display : CPU set : Cluster(2), min_clock(0)
[2026-06-14T09:24:11.800Z] [ALL] 06-14 14:54:08.835  1149  1280 I SurfaceFlinger: Current= 120, Period= 60, hwcPeriod= 60
[2026-06-14T09:24:11.810Z] [ALL] 06-14 14:54:08.864  1486  1505 I ActivityManager: Changes in 10470 11 to 19, 384 to 0
[2026-06-14T09:24:11.825Z] [ALL] 06-14 14:54:08.870  1486  1526 I ActivityManager: Changes in 10470 19 to 11, 0 to 384
[2026-06-14T09:24:11.847Z] [ALL] 06-14 14:54:08.879  1274  1442 D BufferPoolAccessor2.0: evictor expired: 1, evicted: 0
[2026-06-14T09:24:12.068Z] [ALL] 06-14 14:54:09.117  1486  1860 D WifiConnectivityMonitor.NetworkStatsAnalyzer: Backhaul result - RSSI:-56, CE:20, PE:20, TI:29, PTI:29, TW:8, PTW:11, Tx:295, Rx:320, TxS:100, RxS:100, RESULT:true, IC:0, ICT:5, WC:0, WCT:5, R:0, RC:0, IE:0, EC:0
[2026-06-14T09:24:12.093Z] [ALL] 06-14 14:54:09.124  1486  1858 D SemWifiEleStateTracker: Pressure Diff: -0.009338379
[2026-06-14T09:24:12.093Z] [ALL] 06-14 14:54:09.124  1486  1858 D SemWifiEleStateTracker: Barometer value: Prev 998.1762 Current 998.1669 mSmallBaroDetected : false
[2026-06-14T09:24:12.167Z] [ALL] 06-14 14:54:09.162  1489  1593 I appium  : channel read: POST /session/0f023030-0d82-476d-b7c9-1bfd15340de7/element
[2026-06-14T09:24:12.175Z] [ALL] 06-14 14:54:09.162  1489  1593 I appium  : FindElement command
[2026-06-14T09:24:12.175Z] [ALL] 06-14 14:54:09.164  1489  1593 I appium  : method: 'xpath', selector: '//*[@resource-id="login_submit_btn" or @content-desc="login_submit_btn" or @text="Login" or @text="LOGIN"]'
[2026-06-14T09:24:12.175Z] [ALL] 06-14 14:54:09.164  1489  1593 I appium  : Waiting up to 10000ms for the device to idle
[2026-06-14T09:24:12.175Z] [ALL] 06-14 14:54:09.166  1489  1593 I appium  : The following attributes will be included to the page source: [text, resource-id, content-desc]
[2026-06-14T09:24:12.175Z] [ALL] 06-14 14:54:09.214  4132  4132 I SDHMS:LOAD: type: LoadsFreqs, value: 17:1:0:629760:2400000:576000:737279:1824000:576000:30:303:0
[2026-06-14T09:24:12.189Z] [ALL] 06-14 14:54:09.251  1486  1741 D InetDiagMessage: Destroyed 0 sockets, proto=IPPROTO_TCP, family=AF_INET, states=14
[2026-06-14T09:24:12.193Z] [ALL] 06-14 14:54:09.256  1486  1741 D InetDiagMessage: Destroyed 1 sockets, proto=IPPROTO_TCP, family=AF_INET6, states=14
[2026-06-14T09:24:12.196Z] [ALL] 06-14 14:54:09.256  1486  1741 D InetDiagMessage: Destroyed live tcp sockets for uids={10343} in 10ms
[2026-06-14T09:24:12.199Z] [ALL] 06-14 14:54:09.260  1486  1741 D InetDiagMessage: Destroyed 0 sockets, proto=IPPROTO_TCP, family=AF_INET, states=14
[2026-06-14T09:24:12.206Z] [ALL] 06-14 14:54:09.267  1486  1741 D InetDiagMessage: Destroyed 0 sockets, proto=IPPROTO_TCP, family=AF_INET6, states=14
[2026-06-14T09:24:12.206Z] [ALL] 06-14 14:54:09.267  1486  1741 D InetDiagMessage: Destroyed live tcp sockets for uids={20343} in 11ms
[2026-06-14T09:24:12.299Z] [ALL] 06-14 14:54:09.361  1489  1593 I appium  : Took 0ms to retrieve 0 matches for '//*[@resource-id="login_submit_btn" or @content-desc="login_submit_btn" or @text="Login" or @text="LOGIN"]' XPath2 query
[2026-06-14T09:24:12.303Z] [ALL] 06-14 14:54:09.362  1489  1593 I appium  : AppiumResponse: {"sessionId":"0f023030-0d82-476d-b7c9-1bfd15340de7","value":{"error":"no such element","message":"An element could not be located on the page using the given search parameters","stacktrace":"io.appium.uiautomator2.common.exceptions.ElementNotFoundException: An element could not be located on the page using the given search parameters\n\tat io.appium.uiautomator2.utils.ElementLocationHelpers.findElement(ElementLocationHelpers.java:153)\n\tat io.appium.uiautomator2.handler.FindElement.safeHandle(FindElement.java:60)\n\tat io.appium.uiautomator2.handler.request.SafeRequestHandler.handle(SafeRequestHandler.java:59)\n\tat io.appium.uiautomator2.server.AppiumServlet.handleRequest(AppiumServlet.java:267)\n\tat io.appium.uiautomator2.server.AppiumServlet.handleHttpRequest(AppiumServlet.java:261)\n\tat io.appium.uiautomator2.http.ServerHandler.channelRead(ServerHandler.java:77)\n\tat io.netty.channel.AbstractChannelHandlerContext.fireChannelRead(AbstractChannelHandlerContext.java:357)\n\tat io.netty.handler.codec.MessageToMessageDecoder.channelRead(MessageToMessageDecoder.java:107)\n\tat io.netty.channel.AbstractChannelHandlerContext.fireChannelRead(AbstractChannelHandlerContext.java:357)\n\tat io.netty.channel.CombinedChannelDuplexHandler$DelegatingChannelHandlerContext.fireChannelRead(CombinedChannelDuplexHandler.java:434)\n\tat io.netty.handler.codec.ByteToMessageDecoder.fireChannelRead(ByteToMessageDecoder.java:361)\n\tat io.netty.handler.codec.ByteToMessageDecoder.channelRead(ByteToMessageDecoder.java:325)\n\tat io.netty.channel.CombinedChannelDuplexHandler.channelRead(CombinedChannelDuplexHandler.java:249)\n\tat io.netty.channel.AbstractChannelHandlerContext.fireChannelRead(AbstractChannelHandlerContext.java:355)\n\tat io.netty.handler.timeout.IdleStateHandler.channelRead(IdleStateHandler.java:288)\n\tat io.netty.channel.AbstractChannelHandlerContext.fireChannelRead(AbstractChannelHandlerContext.java:355)\n\tat io.netty.channel.DefaultChannelPipeline$HeadContext.channelRead(DefaultChannelPipeline.java:1429)\n\tat io.netty.channel.DefaultChannelPipeline.fireChannelRead(DefaultChannelPipeline.java:918)\n\tat io.netty.channel.nio.AbstractNioByteChannel$NioByteUnsafe.read(AbstractNioByteChannel.java:176)\n\tat io.netty.channel.nio.AbstractNioChannel$AbstractNioUnsafe.handle(AbstractNioChannel.java:445)\n\tat io.netty.channel.nio.NioIoHandler$DefaultNioRegistration.handle(NioIoHandler.java:388)\n\tat io.netty.channel.nio.NioIoHandler.processSelectedKey(NioIoHandler.java:596)\n\tat io.netty.channel.nio.NioIoHandler.processSelectedKeysOptimized(NioIoHandler.java:571)\n\tat io.netty.channel.nio.NioIoHandler.processSelectedKeys(NioIoHandler.java:512)\n\tat io.netty.channel.nio.NioIoHandler.run(NioIoHandler.java:484)\n\tat io.netty.channel.SingleThreadIoEventLoop.runIo(SingleThreadIoEventLoop.java:225)\n\tat io.netty.channel.SingleThreadIoEventLoop.run(SingleThreadIoEventLoop.java:196)\n\tat io.netty.util.concurrent.SingleThreadEventExecutor$5.run(SingleThreadEventExecutor.java:1195)\n\tat io.netty.util.internal.ThreadExecutorMap$2.run(ThreadExecutorMap.java:74)\n\tat io.netty.util.concurrent.FastThreadLocalRunnable.run(FastThreadLocalRunnable.java:30)\n\tat java.lang.Thread.run(Thread.java:1564)\n"}}
[2026-06-14T09:24:12.464Z] [ALL] 06-14 14:54:09.527  1075  4130 I HYPER-HAL: [RequestManager.cpp]releaseLocked(): Released ID : 8659070
[2026-06-14T09:24:12.640Z] [ALL] 06-14 14:54:09.703  1486  1856 D SemWifiSwitchForIndividualAppsService: isSkipNetworkCondition - result:2
[2026-06-14T09:24:12.821Z] [ALL] 06-14 14:54:09.882  1274  1442 D BufferPoolAccessor2.0: bufferpool2 0xb40000723216d928 : 0(0 size) total buffers - 0(0 size) used buffers - 0/0 (recycle/alloc) - 0/0 (fetch/transfer)
[2026-06-14T09:24:12.821Z] [ALL] 06-14 14:54:09.882  1274  1442 D BufferPoolAccessor2.0: evictor expired: 1, evicted: 1
[2026-06-14T09:24:12.825Z] [ALL] 06-14 14:54:09.889  1489  1593 I appium  : channel read: POST /session/0f023030-0d82-476d-b7c9-1bfd15340de7/element
[2026-06-14T09:24:12.827Z] [ALL] 06-14 14:54:09.889  1489  1593 I appium  : FindElement command
[2026-06-14T09:24:12.829Z] [ALL] 06-14 14:54:09.891  1489  1593 I appium  : method: 'xpath', selector: '//*[@resource-id="login_submit_btn" or @content-desc="login_submit_btn" or @text="Login" or @text="LOGIN"]'
[2026-06-14T09:24:12.829Z] [ALL] 06-14 14:54:09.891  1489  1593 I appium  : Waiting up to 10000ms for the device to idle
[2026-06-14T09:24:12.829Z] [ALL] 06-14 14:54:09.892  1489  1593 I appium  : The following attributes will be included to the page source: [text, resource-id, content-desc]
[2026-06-14T09:24:13.019Z] [ALL] 06-14 14:54:10.080  1486  1729 D WifiStaIfaceHidlImpl: getCachedScanData is not implemented by HIDL
[2026-06-14T09:24:13.024Z] [ALL] 06-14 14:54:10.087  1486  3494 D SemWifiUsabilityStatsMonitor: onWifiUsabilityStats - seqNum 22687, isSameBssidAndFreq true
[2026-06-14T09:24:13.027Z] [ALL] 06-14 14:54:10.087  2072  2072 I EPDG-0 [WifiProfiler]: handleWifiRssiIntent, rssi=-58
[2026-06-14T09:24:13.027Z] [ALL] 06-14 14:54:10.087  2072  2072 I EPDG-0 [WifiProfiler]: isProfiling, hash=189204772, started=true
[2026-06-14T09:24:13.027Z] [ALL] 06-14 14:54:10.088  2072  2072 I EPDG-0 [LogMetrics]: set, type=WIFI_RSSI_LAST, value=-58
[2026-06-14T09:24:13.027Z] [ALL] 06-14 14:54:10.088  2072  2072 I EPDG-0 [WifiProfiler]: isProfiling, hash=189204772, started=true
[2026-06-14T09:24:13.030Z] [ALL] 06-14 14:54:10.091  2072  2072 I EPDG-0 [WifiProfiler]: Rssi : -58 highrange : -75 lowrange : -85 mIsRssiInHystersis : false
[2026-06-14T09:24:13.030Z] [ALL] 06-14 14:54:10.091  2072  2072 I EPDG-0 [WifiProfiler]: Rssi : -58 highrange : -75 lowrange : -85 mIsRssiInHystersis : false
[2026-06-14T09:24:13.030Z] [ALL] 06-14 14:54:10.091  2072  2072 I EPDG-0 [Subscription]: isEpdgAvailable, IwlanPsState=2/2
[2026-06-14T09:24:13.030Z] [ALL] 06-14 14:54:10.092  2072  2072 I EPDG-0 [WifiProfiler]: getHandoverThresholdMet: value is: false
[2026-06-14T09:24:13.062Z] [ALL] 06-14 14:54:10.124  1489  1593 I appium  : Took 0ms to retrieve 0 matches for '//*[@resource-id="login_submit_btn" or @content-desc="login_submit_btn" or @text="Login" or @text="LOGIN"]' XPath2 query
[2026-06-14T09:24:13.065Z] [ALL] 06-14 14:54:10.125  1489  1593 I appium  : AppiumResponse: {"sessionId":"0f023030-0d82-476d-b7c9-1bfd15340de7","value":{"error":"no such element","message":"An element could not be located on the page using the given search parameters","stacktrace":"io.appium.uiautomator2.common.exceptions.ElementNotFoundException: An element could not be located on the page using the given search parameters\n\tat io.appium.uiautomator2.utils.ElementLocationHelpers.findElement(ElementLocationHelpers.java:153)\n\tat io.appium.uiautomator2.handler.FindElement.safeHandle(FindElement.java:60)\n\tat io.appium.uiautomator2.handler.request.SafeRequestHandler.handle(SafeRequestHandler.java:59)\n\tat io.appium.uiautomator2.server.AppiumServlet.handleRequest(AppiumServlet.java:267)\n\tat io.appium.uiautomator2.server.AppiumServlet.handleHttpRequest(AppiumServlet.java:261)\n\tat io.appium.uiautomator2.http.ServerHandler.channelRead(ServerHandler.java:77)\n\tat io.netty.channel.AbstractChannelHandlerContext.fireChannelRead(AbstractChannelHandlerContext.java:357)\n\tat io.netty.handler.codec.MessageToMessageDecoder.channelRead(MessageToMessageDecoder.java:107)\n\tat io.netty.channel.AbstractChannelHandlerContext.fireChannelRead(AbstractChannelHandlerContext.java:357)\n\tat io.netty.channel.CombinedChannelDuplexHandler$DelegatingChannelHandlerContext.fireChannelRead(CombinedChannelDuplexHandler.java:434)\n\tat io.netty.handler.codec.ByteToMessageDecoder.fireChannelRead(ByteToMessageDecoder.java:361)\n\tat io.netty.handler.codec.ByteToMessageDecoder.channelRead(ByteToMessageDecoder.java:325)\n\tat io.netty.channel.CombinedChannelDuplexHandler.channelRead(CombinedChannelDuplexHandler.java:249)\n\tat io.netty.channel.AbstractChannelHandlerContext.fireChannelRead(AbstractChannelHandlerContext.java:355)\n\tat io.netty.handler.timeout.IdleStateHandler.channelRead(IdleStateHandler.java:288)\n\tat io.netty.channel.AbstractChannelHandlerContext.fireChannelRead(AbstractChannelHandlerContext.java:355)\n\tat io.netty.channel.DefaultChannelPipeline$HeadContext.channelRead(DefaultChannelPipeline.java:1429)\n\tat io.netty.channel.DefaultChannelPipeline.fireChannelRead(DefaultChannelPipeline.java:918)\n\tat io.netty.channel.nio.AbstractNioByteChannel$NioByteUnsafe.read(AbstractNioByteChannel.java:176)\n\tat io.netty.channel.nio.AbstractNioChannel$AbstractNioUnsafe.handle(AbstractNioChannel.java:445)\n\tat io.netty.channel.nio.NioIoHandler$DefaultNioRegistration.handle(NioIoHandler.java:388)\n\tat io.netty.channel.nio.NioIoHandler.processSelectedKey(NioIoHandler.java:596)\n\tat io.netty.channel.nio.NioIoHandler.processSelectedKeysOptimized(NioIoHandler.java:571)\n\tat io.netty.channel.nio.NioIoHandler.processSelectedKeys(NioIoHandler.java:512)\n\tat io.netty.channel.nio.NioIoHandler.run(NioIoHandler.java:484)\n\tat io.netty.channel.SingleThreadIoEventLoop.runIo(SingleThreadIoEventLoop.java:225)\n\tat io.netty.channel.SingleThreadIoEventLoop.run(SingleThreadIoEventLoop.java:196)\n\tat io.netty.util.concurrent.SingleThreadEventExecutor$5.run(SingleThreadEventExecutor.java:1195)\n\tat io.netty.util.internal.ThreadExecutorMap$2.run(ThreadExecutorMap.java:74)\n\tat io.netty.util.concurrent.FastThreadLocalRunnable.run(FastThreadLocalRunnable.java:30)\n\tat java.lang.Thread.run(Thread.java:1564)\n"}}
[2026-06-14T09:24:13.224Z] [ALL] 06-14 14:54:10.281  1486  1780 D UsbStatsMonitor: 0 0 0 0 0 0 0 0 0 0 0 0 7 0 0 0 0 0 0 0 0 0 0 0 0 0 0 0 0 0 0 0 0 0 0 0 0 0 0 0 0 0 0 0 0 0 0 0 0 0 0 0 0 0 132418136703002
[2026-06-14T09:24:13.534Z] [ALL] 06-14 14:54:10.596  1486  1523 I ActivityManager: Changes in 10056 5 to 15, 400 to 256
[2026-06-14T09:24:13.541Z] [ALL] 06-14 14:54:10.604  1486  1523 I ActivityManager: Changes in 15010056 5 to 15, 400 to 256
[2026-06-14T09:24:13.588Z] [ALL] 06-14 14:54:10.650  1489  1593 I appium  : channel read: POST /session/0f023030-0d82-476d-b7c9-1bfd15340de7/element
[2026-06-14T09:24:13.589Z] [ALL] 06-14 14:54:10.651  1489  1593 I appium  : FindElement command
[2026-06-14T09:24:13.611Z] [ALL] 06-14 14:54:10.652  1489  1593 I appium  : method: 'xpath', selector: '//*[@resource-id="login_submit_btn" or @content-desc="login_submit_btn" or @text="Login" or @text="LOGIN"]'
[2026-06-14T09:24:13.611Z] [ALL] 06-14 14:54:10.652  1489  1593 I appium  : Waiting up to 10000ms for the device to idle
[2026-06-14T09:24:13.611Z] [ALL] 06-14 14:54:10.654  1489  1593 I appium  : The following attributes will be included to the page source: [text, resource-id, content-desc]
[2026-06-14T09:24:13.661Z] [ALL] 06-14 14:54:10.724  1486  1856 D SemWifiSwitchForIndividualAppsService: isSkipNetworkCondition - result:2
[2026-06-14T09:24:13.735Z] [ALL] 06-14 14:54:10.796   747   747 D io_stats: !@   8,0 r 79507407 1568552241 w 12648116 207207524 d 4204281 258393844 f 0 1104292 iot 28624460 0 th 0 0 0 pt 0 inp 0 0 179865.186
[2026-06-14T09:24:13.740Z] [ALL] 06-14 14:54:10.797   747   747 D io_stats: !@ Read_top(KB): stagram.android(3520) 2004 screencap(4088) 2004 facebook.katana(3780) 432
[2026-06-14T09:24:13.743Z] [ALL] 06-14 14:54:10.802  2228  3094 I TUIThread: epol_call: EPOLL_SKIP
[2026-06-14T09:24:13.791Z] [ALL] 06-14 14:54:10.853  1489  1593 I appium  : Took 0ms to retrieve 0 matches for '//*[@resource-id="login_submit_btn" or @content-desc="login_submit_btn" or @text="Login" or @text="LOGIN"]' XPath2 query
[2026-06-14T09:24:13.794Z] [ALL] 06-14 14:54:10.855  1489  1593 I appium  : AppiumResponse: {"sessionId":"0f023030-0d82-476d-b7c9-1bfd15340de7","value":{"error":"no such element","message":"An element could not be located on the page using the given search parameters","stacktrace":"io.appium.uiautomator2.common.exceptions.ElementNotFoundException: An element could not be located on the page using the given search parameters\n\tat io.appium.uiautomator2.utils.ElementLocationHelpers.findElement(ElementLocationHelpers.java:153)\n\tat io.appium.uiautomator2.handler.FindElement.safeHandle(FindElement.java:60)\n\tat io.appium.uiautomator2.handler.request.SafeRequestHandler.handle(SafeRequestHandler.java:59)\n\tat io.appium.uiautomator2.server.AppiumServlet.handleRequest(AppiumServlet.java:267)\n\tat io.appium.uiautomator2.server.AppiumServlet.handleHttpRequest(AppiumServlet.java:261)\n\tat io.appium.uiautomator2.http.ServerHandler.channelRead(ServerHandler.java:77)\n\tat io.netty.channel.AbstractChannelHandlerContext.fireChannelRead(AbstractChannelHandlerContext.java:357)\n\tat io.netty.handler.codec.MessageToMessageDecoder.channelRead(MessageToMessageDecoder.java:107)\n\tat io.netty.channel.AbstractChannelHandlerContext.fireChannelRead(AbstractChannelHandlerContext.java:357)\n\tat io.netty.channel.CombinedChannelDuplexHandler$DelegatingChannelHandlerContext.fireChannelRead(CombinedChannelDuplexHandler.java:434)\n\tat io.netty.handler.codec.ByteToMessageDecoder.fireChannelRead(ByteToMessageDecoder.java:361)\n\tat io.netty.handler.codec.ByteToMessageDecoder.channelRead(ByteToMessageDecoder.java:325)\n\tat io.netty.channel.CombinedChannelDuplexHandler.channelRead(CombinedChannelDuplexHandler.java:249)\n\tat io.netty.channel.AbstractChannelHandlerContext.fireChannelRead(AbstractChannelHandlerContext.java:355)\n\tat io.netty.handler.timeout.IdleStateHandler.channelRead(IdleStateHandler.java:288)\n\tat io.netty.channel.AbstractChannelHandlerContext.fireChannelRead(AbstractChannelHandlerContext.java:355)\n\tat io.netty.channel.DefaultChannelPipeline$HeadContext.channelRead(DefaultChannelPipeline.java:1429)\n\tat io.netty.channel.DefaultChannelPipeline.fireChannelRead(DefaultChannelPipeline.java:918)\n\tat io.netty.channel.nio.AbstractNioByteChannel$NioByteUnsafe.read(AbstractNioByteChannel.java:176)\n\tat io.netty.channel.nio.AbstractNioChannel$AbstractNioUnsafe.handle(AbstractNioChannel.java:445)\n\tat io.netty.channel.nio.NioIoHandler$DefaultNioRegistration.handle(NioIoHandler.java:388)\n\tat io.netty.channel.nio.NioIoHandler.processSelectedKey(NioIoHandler.java:596)\n\tat io.netty.channel.nio.NioIoHandler.processSelectedKeysOptimized(NioIoHandler.java:571)\n\tat io.netty.channel.nio.NioIoHandler.processSelectedKeys(NioIoHandler.java:512)\n\tat io.netty.channel.nio.NioIoHandler.run(NioIoHandler.java:484)\n\tat io.netty.channel.SingleThreadIoEventLoop.runIo(SingleThreadIoEventLoop.java:225)\n\tat io.netty.channel.SingleThreadIoEventLoop.run(SingleThreadIoEventLoop.java:196)\n\tat io.netty.util.concurrent.SingleThreadEventExecutor$5.run(SingleThreadEventExecutor.java:1195)\n\tat io.netty.util.internal.ThreadExecutorMap$2.run(ThreadExecutorMap.java:74)\n\tat io.netty.util.concurrent.FastThreadLocalRunnable.run(FastThreadLocalRunnable.java:30)\n\tat java.lang.Thread.run(Thread.java:1564)\n"}}
[2026-06-14T09:24:13.950Z] [ALL] 06-14 14:54:11.011  1486  1556 D PowerManagerService: UserActivityStateListenerState: 0
[2026-06-14T09:24:13.959Z] [ALL] 06-14 14:54:11.019  2023  2023 I VRI[MainActivity]@b6eefbe: call setFrameRateCategory for touch hint category=no preference, reason=boost timeout, vri=VRI[MainActivity]@b6eefbe
[2026-06-14T09:24:13.965Z] [ALL] 06-14 14:54:11.024  1149  1149 I SurfaceFlinger: SFWD update time=179865414093473
[2026-06-14T09:24:13.965Z] [ALL] 06-14 14:54:11.025  1149  1149 I SurfaceFlinger: [com.safebank.ai/com.safebank.ai.MainActivity$_2023#104535] setFrameRateCategory: NoPreference
[2026-06-14T09:24:13.972Z] [ALL] 06-14 14:54:11.032  3780  4048 E fb4a.FbnsAIDLClientManager: Max Try reached for binding to FbnsAIDLService, threadId 2655
[2026-06-14T09:24:13.975Z] [ALL] 06-14 14:54:11.033  3780  4048 E fb4a.FbnsAIDLClientManager: Fbns AIDL request got RemoteException
[2026-06-14T09:24:13.975Z] [ALL] 06-14 14:54:11.033  3780  4048 E fb4a.FbnsAIDLClientManager: android.os.RemoteException: AIDLService is not bound
[2026-06-14T09:24:13.975Z] [ALL] 06-14 14:54:11.033  3780  4048 E fb4a.FbnsAIDLClientManager: 	at X.0R0.call(:335)
[2026-06-14T09:24:13.975Z] [ALL] 06-14 14:54:11.033  3780  4048 E fb4a.FbnsAIDLClientManager: 	at java.util.concurrent.FutureTask.run(FutureTask.java:317)
[2026-06-14T09:24:13.975Z] [ALL] 06-14 14:54:11.033  3780  4048 E fb4a.FbnsAIDLClientManager: 	at java.util.concurrent.ThreadPoolExecutor.runWorker(ThreadPoolExecutor.java:1154)
[2026-06-14T09:24:13.976Z] [ALL] 06-14 14:54:11.033  3780  4048 E fb4a.FbnsAIDLClientManager: 	at java.util.concurrent.ThreadPoolExecutor$Worker.run(ThreadPoolExecutor.java:652)
[2026-06-14T09:24:13.976Z] [ALL] 06-14 14:54:11.033  3780  4048 E fb4a.FbnsAIDLClientManager: 	at java.lang.Thread.run(Thread.java:1564)
[2026-06-14T09:24:13.979Z] [ALL] 06-14 14:54:11.038  1486  4341 I ActivityManager: Changes in 10080 10 to 10, 384 to 256
[2026-06-14T09:24:13.983Z] [ALL] 06-14 14:54:11.045  1149  1280 I SurfaceFlinger: Current= 60, Period= 60, hwcPeriod= 60
[2026-06-14T09:24:14.075Z] [ALL] 06-14 14:54:11.135  1486  1858 D SemWifiEleStateTracker: Pressure Diff: -0.0010986328
[2026-06-14T09:24:14.075Z] [ALL] 06-14 14:54:11.135  1486  1858 D SemWifiEleStateTracker: Barometer value: Prev 998.1669 Current 998.1658 mSmallBaroDetected : false
[2026-06-14T09:24:14.241Z] [ALL] 06-14 14:54:11.301  3653  3653 I wpa_supplicant: Heartbeat 5756
[2026-06-14T09:24:14.314Z] [ALL] 06-14 14:54:11.377  1489  1593 I appium  : channel read: POST /session/0f023030-0d82-476d-b7c9-1bfd15340de7/element
[2026-06-14T09:24:14.316Z] [ALL] 06-14 14:54:11.378  1489  1593 I appium  : FindElement command
[2026-06-14T09:24:14.316Z] [ALL] 06-14 14:54:11.379  1489  1593 I appium  : method: 'xpath', selector: '//*[@resource-id="login_submit_btn" or @content-desc="login_submit_btn" or @text="Login" or @text="LOGIN"]'
[2026-06-14T09:24:14.316Z] [ALL] 06-14 14:54:11.379  1489  1593 I appium  : Waiting up to 10000ms for the device to idle
[2026-06-14T09:24:14.325Z] [ALL] 06-14 14:54:11.381  1489  1593 I appium  : The following attributes will be included to the page source: [text, resource-id, content-desc]
[2026-06-14T09:24:14.325Z] [ALL] 06-14 14:54:11.388  1489  1493 I tomator2.server: Method exceeds compiler instruction limit: 19260 in java_cup.runtime.Symbol org.eclipse.wst.xml.xpath2.processor.internal.CUP$XPathCup$actions.CUP$XPathCup$do_action(int, java_cup.runtime.lr_parser, java.util.Stack, int)
[2026-06-14T09:24:14.462Z] [ALL] 06-14 14:54:11.524  1489  1593 I appium  : Took 0ms to retrieve 0 matches for '//*[@resource-id="login_submit_btn" or @content-desc="login_submit_btn" or @text="Login" or @text="LOGIN"]' XPath2 query
[2026-06-14T09:24:14.465Z] [ALL] 06-14 14:54:11.525  1489  1593 I appium  : AppiumResponse: {"sessionId":"0f023030-0d82-476d-b7c9-1bfd15340de7","value":{"error":"no such element","message":"An element could not be located on the page using the given search parameters","stacktrace":"io.appium.uiautomator2.common.exceptions.ElementNotFoundException: An element could not be located on the page using the given search parameters\n\tat io.appium.uiautomator2.utils.ElementLocationHelpers.findElement(ElementLocationHelpers.java:153)\n\tat io.appium.uiautomator2.handler.FindElement.safeHandle(FindElement.java:60)\n\tat io.appium.uiautomator2.handler.request.SafeRequestHandler.handle(SafeRequestHandler.java:59)\n\tat io.appium.uiautomator2.server.AppiumServlet.handleRequest(AppiumServlet.java:267)\n\tat io.appium.uiautomator2.server.AppiumServlet.handleHttpRequest(AppiumServlet.java:261)\n\tat io.appium.uiautomator2.http.ServerHandler.channelRead(ServerHandler.java:77)\n\tat io.netty.channel.AbstractChannelHandlerContext.fireChannelRead(AbstractChannelHandlerContext.java:357)\n\tat io.netty.handler.codec.MessageToMessageDecoder.channelRead(MessageToMessageDecoder.java:107)\n\tat io.netty.channel.AbstractChannelHandlerContext.fireChannelRead(AbstractChannelHandlerContext.java:357)\n\tat io.netty.channel.CombinedChannelDuplexHandler$DelegatingChannelHandlerContext.fireChannelRead(CombinedChannelDuplexHandler.java:434)\n\tat io.netty.handler.codec.ByteToMessageDecoder.fireChannelRead(ByteToMessageDecoder.java:361)\n\tat io.netty.handler.codec.ByteToMessageDecoder.channelRead(ByteToMessageDecoder.java:325)\n\tat io.netty.channel.CombinedChannelDuplexHandler.channelRead(CombinedChannelDuplexHandler.java:249)\n\tat io.netty.channel.AbstractChannelHandlerContext.fireChannelRead(AbstractChannelHandlerContext.java:355)\n\tat io.netty.handler.timeout.IdleStateHandler.channelRead(IdleStateHandler.java:288)\n\tat io.netty.channel.AbstractChannelHandlerContext.fireChannelRead(AbstractChannelHandlerContext.java:355)\n\tat io.netty.channel.DefaultChannelPipeline$HeadContext.channelRead(DefaultChannelPipeline.java:1429)\n\tat io.netty.channel.DefaultChannelPipeline.fireChannelRead(DefaultChannelPipeline.java:918)\n\tat io.netty.channel.nio.AbstractNioByteChannel$NioByteUnsafe.read(AbstractNioByteChannel.java:176)\n\tat io.netty.channel.nio.AbstractNioChannel$AbstractNioUnsafe.handle(AbstractNioChannel.java:445)\n\tat io.netty.channel.nio.NioIoHandler$DefaultNioRegistration.handle(NioIoHandler.java:388)\n\tat io.netty.channel.nio.NioIoHandler.processSelectedKey(NioIoHandler.java:596)\n\tat io.netty.channel.nio.NioIoHandler.processSelectedKeysOptimized(NioIoHandler.java:571)\n\tat io.netty.channel.nio.NioIoHandler.processSelectedKeys(NioIoHandler.java:512)\n\tat io.netty.channel.nio.NioIoHandler.run(NioIoHandler.java:484)\n\tat io.netty.channel.SingleThreadIoEventLoop.runIo(SingleThreadIoEventLoop.java:225)\n\tat io.netty.channel.SingleThreadIoEventLoop.run(SingleThreadIoEventLoop.java:196)\n\tat io.netty.util.concurrent.SingleThreadEventExecutor$5.run(SingleThreadEventExecutor.java:1195)\n\tat io.netty.util.internal.ThreadExecutorMap$2.run(ThreadExecutorMap.java:74)\n\tat io.netty.util.concurrent.FastThreadLocalRunnable.run(FastThreadLocalRunnable.java:30)\n\tat java.lang.Thread.run(Thread.java:1564)\n"}}
[2026-06-14T09:24:14.685Z] [ALL] 06-14 14:54:11.746  1486  1856 D SemWifiSwitchForIndividualAppsService: isSkipNetworkCondition - result:2
[2026-06-14T09:24:14.831Z] [ALL] 06-14 14:54:11.894  1486  4341 I ActivityManager: Changes in 10470 11 to 19, 384 to 0
[2026-06-14T09:24:14.835Z] [ALL] 06-14 14:54:11.899  1486  1526 I ActivityManager: Changes in 10470 19 to 11, 0 to 384
[2026-06-14T09:24:14.839Z] [ALL] 06-14 14:54:11.902  1149  1280 I SurfaceFlinger: Current= 60, Period= 60, hwcPeriod= 60
[2026-06-14T09:24:14.998Z] [ALL] 06-14 14:54:12.048  1489  1593 I appium  : channel read: POST /session/0f023030-0d82-476d-b7c9-1bfd15340de7/element
[2026-06-14T09:24:14.998Z] [ALL] 06-14 14:54:12.049  1489  1593 I appium  : FindElement command
[2026-06-14T09:24:15.000Z] [ALL] 06-14 14:54:12.050  1489  1593 I appium  : method: 'xpath', selector: '//*[@resource-id="login_submit_btn" or @content-desc="login_submit_btn" or @text="Login" or @text="LOGIN"]'
[2026-06-14T09:24:15.000Z] [ALL] 06-14 14:54:12.050  1489  1593 I appium  : Waiting up to 10000ms for the device to idle
[2026-06-14T09:24:15.000Z] [ALL] 06-14 14:54:12.052  1489  1593 I appium  : The following attributes will be included to the page source: [text, resource-id, content-desc]
[2026-06-14T09:24:15.227Z] [ALL] 06-14 14:54:12.289  1489  1593 I appium  : Took 0ms to retrieve 0 matches for '//*[@resource-id="login_submit_btn" or @content-desc="login_submit_btn" or @text="Login" or @text="LOGIN"]' XPath2 query
[2026-06-14T09:24:15.231Z] [ALL] 06-14 14:54:12.290  1489  1593 I appium  : AppiumResponse: {"sessionId":"0f023030-0d82-476d-b7c9-1bfd15340de7","value":{"error":"no such element","message":"An element could not be located on the page using the given search parameters","stacktrace":"io.appium.uiautomator2.common.exceptions.ElementNotFoundException: An element could not be located on the page using the given search parameters\n\tat io.appium.uiautomator2.utils.ElementLocationHelpers.findElement(ElementLocationHelpers.java:153)\n\tat io.appium.uiautomator2.handler.FindElement.safeHandle(FindElement.java:60)\n\tat io.appium.uiautomator2.handler.request.SafeRequestHandler.handle(SafeRequestHandler.java:59)\n\tat io.appium.uiautomator2.server.AppiumServlet.handleRequest(AppiumServlet.java:267)\n\tat io.appium.uiautomator2.server.AppiumServlet.handleHttpRequest(AppiumServlet.java:261)\n\tat io.appium.uiautomator2.http.ServerHandler.channelRead(ServerHandler.java:77)\n\tat io.netty.channel.AbstractChannelHandlerContext.fireChannelRead(AbstractChannelHandlerContext.java:357)\n\tat io.netty.handler.codec.MessageToMessageDecoder.channelRead(MessageToMessageDecoder.java:107)\n\tat io.netty.channel.AbstractChannelHandlerContext.fireChannelRead(AbstractChannelHandlerContext.java:357)\n\tat io.netty.channel.CombinedChannelDuplexHandler$DelegatingChannelHandlerContext.fireChannelRead(CombinedChannelDuplexHandler.java:434)\n\tat io.netty.handler.codec.ByteToMessageDecoder.fireChannelRead(ByteToMessageDecoder.java:361)\n\tat io.netty.handler.codec.ByteToMessageDecoder.channelRead(ByteToMessageDecoder.java:325)\n\tat io.netty.channel.CombinedChannelDuplexHandler.channelRead(CombinedChannelDuplexHandler.java:249)\n\tat io.netty.channel.AbstractChannelHandlerContext.fireChannelRead(AbstractChannelHandlerContext.java:355)\n\tat io.netty.handler.timeout.IdleStateHandler.channelRead(IdleStateHandler.java:288)\n\tat io.netty.channel.AbstractChannelHandlerContext.fireChannelRead(AbstractChannelHandlerContext.java:355)\n\tat io.netty.channel.DefaultChannelPipeline$HeadContext.channelRead(DefaultChannelPipeline.java:1429)\n\tat io.netty.channel.DefaultChannelPipeline.fireChannelRead(DefaultChannelPipeline.java:918)\n\tat io.netty.channel.nio.AbstractNioByteChannel$NioByteUnsafe.read(AbstractNioByteChannel.java:176)\n\tat io.netty.channel.nio.AbstractNioChannel$AbstractNioUnsafe.handle(AbstractNioChannel.java:445)\n\tat io.netty.channel.nio.NioIoHandler$DefaultNioRegistration.handle(NioIoHandler.java:388)\n\tat io.netty.channel.nio.NioIoHandler.processSelectedKey(NioIoHandler.java:596)\n\tat io.netty.channel.nio.NioIoHandler.processSelectedKeysOptimized(NioIoHandler.java:571)\n\tat io.netty.channel.nio.NioIoHandler.processSelectedKeys(NioIoHandler.java:512)\n\tat io.netty.channel.nio.NioIoHandler.run(NioIoHandler.java:484)\n\tat io.netty.channel.SingleThreadIoEventLoop.runIo(SingleThreadIoEventLoop.java:225)\n\tat io.netty.channel.SingleThreadIoEventLoop.run(SingleThreadIoEventLoop.java:196)\n\tat io.netty.util.concurrent.SingleThreadEventExecutor$5.run(SingleThreadEventExecutor.java:1195)\n\tat io.netty.util.internal.ThreadExecutorMap$2.run(ThreadExecutorMap.java:74)\n\tat io.netty.util.concurrent.FastThreadLocalRunnable.run(FastThreadLocalRunnable.java:30)\n\tat java.lang.Thread.run(Thread.java:1564)\n"}}
[2026-06-14T09:24:15.458Z] [ALL] 06-14 14:54:12.520  1486  1753 W DeviceStorageMonitorService: updateBroadcasts(/data) oldLevel:0, newLevel:0, seq:1
[2026-06-14T09:24:15.461Z] [ALL] 06-14 14:54:12.523  1486  1753 D DeviceStorageMonitorService: Available File Node Number is [12202028]
[2026-06-14T09:24:15.461Z] [ALL] 06-14 14:54:12.523  1486  1753 W DeviceStorageMonitorService: updateBroadcasts_filenode(/data) fn_oldLevel:0, fn_newLevel:0, seq:1
[2026-06-14T09:24:15.573Z] [ALL] 06-14 14:54:12.634  4132  5524 I SDHMS:x : SIOP:: AP:416 BAT:384 USB:367 CHG:415 PA:421 CP:417 WIFI:416 BLK:0 SUBBAT:0 LRPTHM:394 SKIN:380 SKINF:370 SKINB:380 LRP:380 LRP2:380 LRF2:370 LRB2:380 AP2:378 CHG2:363 MEM2:376 WIFI2:380 SPK2:352 VAP02:426 VWIFI:417 AVGCUR:-10 AVGSYS:497 POWER:-42
[2026-06-14T09:24:15.741Z] [ALL] 06-14 14:54:12.799   747   747 D io_stats: !@   8,0 r 79507407 1568552241 w 12648142 207211912 d 4204281 258393844 f 0 1104292 iot 28624500 0 th 0 0 0 pt 0 inp 0 0 179867.189
[2026-06-14T09:24:15.749Z] [ALL] 06-14 14:54:12.813  1489  1593 I appium  : channel read: POST /session/0f023030-0d82-476d-b7c9-1bfd15340de7/element
[2026-06-14T09:24:15.751Z] [ALL] 06-14 14:54:12.813  1489  1593 I appium  : FindElement command
[2026-06-14T09:24:15.751Z] [ALL] 06-14 14:54:12.814  1489  1593 I appium  : method: 'xpath', selector: '//*[@resource-id="login_submit_btn" or @content-desc="login_submit_btn" or @text="Login" or @text="LOGIN"]'
[2026-06-14T09:24:15.751Z] [ALL] 06-14 14:54:12.814  1489  1593 I appium  : Waiting up to 10000ms for the device to idle
[2026-06-14T09:24:15.756Z] [ALL] 06-14 14:54:12.816  1489  1593 I appium  : The following attributes will be included to the page source: [text, resource-id, content-desc]
[2026-06-14T09:24:15.939Z] [ALL] 06-14 14:54:13.000  1489  1593 I appium  : Took 0ms to retrieve 0 matches for '//*[@resource-id="login_submit_btn" or @content-desc="login_submit_btn" or @text="Login" or @text="LOGIN"]' XPath2 query
[2026-06-14T09:24:15.945Z] [ALL] 06-14 14:54:13.001  1489  1593 I appium  : AppiumResponse: {"sessionId":"0f023030-0d82-476d-b7c9-1bfd15340de7","value":{"error":"no such element","message":"An element could not be located on the page using the given search parameters","stacktrace":"io.appium.uiautomator2.common.exceptions.ElementNotFoundException: An element could not be located on the page using the given search parameters\n\tat io.appium.uiautomator2.utils.ElementLocationHelpers.findElement(ElementLocationHelpers.java:153)\n\tat io.appium.uiautomator2.handler.FindElement.safeHandle(FindElement.java:60)\n\tat io.appium.uiautomator2.handler.request.SafeRequestHandler.handle(SafeRequestHandler.java:59)\n\tat io.appium.uiautomator2.server.AppiumServlet.handleRequest(AppiumServlet.java:267)\n\tat io.appium.uiautomator2.server.AppiumServlet.handleHttpRequest(AppiumServlet.java:261)\n\tat io.appium.uiautomator2.http.ServerHandler.channelRead(ServerHandler.java:77)\n\tat io.netty.channel.AbstractChannelHandlerContext.fireChannelRead(AbstractChannelHandlerContext.java:357)\n\tat io.netty.handler.codec.MessageToMessageDecoder.channelRead(MessageToMessageDecoder.java:107)\n\tat io.netty.channel.AbstractChannelHandlerContext.fireChannelRead(AbstractChannelHandlerContext.java:357)\n\tat io.netty.channel.CombinedChannelDuplexHandler$DelegatingChannelHandlerContext.fireChannelRead(CombinedChannelDuplexHandler.java:434)\n\tat io.netty.handler.codec.ByteToMessageDecoder.fireChannelRead(ByteToMessageDecoder.java:361)\n\tat io.netty.handler.codec.ByteToMessageDecoder.channelRead(ByteToMessageDecoder.java:325)\n\tat io.netty.channel.CombinedChannelDuplexHandler.channelRead(CombinedChannelDuplexHandler.java:249)\n\tat io.netty.channel.AbstractChannelHandlerContext.fireChannelRead(AbstractChannelHandlerContext.java:355)\n\tat io.netty.handler.timeout.IdleStateHandler.channelRead(IdleStateHandler.java:288)\n\tat io.netty.channel.AbstractChannelHandlerContext.fireChannelRead(AbstractChannelHandlerContext.java:355)\n\tat io.netty.channel.DefaultChannelPipeline$HeadContext.channelRead(DefaultChannelPipeline.java:1429)\n\tat io.netty.channel.DefaultChannelPipeline.fireChannelRead(DefaultChannelPipeline.java:918)\n\tat io.netty.channel.nio.AbstractNioByteChannel$NioByteUnsafe.read(AbstractNioByteChannel.java:176)\n\tat io.netty.channel.nio.AbstractNioChannel$AbstractNioUnsafe.handle(AbstractNioChannel.java:445)\n\tat io.netty.channel.nio.NioIoHandler$DefaultNioRegistration.handle(NioIoHandler.java:388)\n\tat io.netty.channel.nio.NioIoHandler.processSelectedKey(NioIoHandler.java:596)\n\tat io.netty.channel.nio.NioIoHandler.processSelectedKeysOptimized(NioIoHandler.java:571)\n\tat io.netty.channel.nio.NioIoHandler.processSelectedKeys(NioIoHandler.java:512)\n\tat io.netty.channel.nio.NioIoHandler.run(NioIoHandler.java:484)\n\tat io.netty.channel.SingleThreadIoEventLoop.runIo(SingleThreadIoEventLoop.java:225)\n\tat io.netty.channel.SingleThreadIoEventLoop.run(SingleThreadIoEventLoop.java:196)\n\tat io.netty.util.concurrent.SingleThreadEventExecutor$5.run(SingleThreadEventExecutor.java:1195)\n\tat io.netty.util.internal.ThreadExecutorMap$2.run(ThreadExecutorMap.java:74)\n\tat io.netty.util.concurrent.FastThreadLocalRunnable.run(FastThreadLocalRunnable.java:30)\n\tat java.lang.Thread.run(Thread.java:1564)\n"}}
[2026-06-14T09:24:16.051Z] [ALL] 06-14 14:54:13.113  1486  1729 D WifiStaIfaceHidlImpl: getCachedScanData is not implemented by HIDL
[2026-06-14T09:24:16.064Z] [ALL] 06-14 14:54:13.127  1486  3494 D SemWifiUsabilityStatsMonitor: onWifiUsabilityStats - seqNum 22688, isSameBssidAndFreq true
[2026-06-14T09:24:16.066Z] [ALL] 06-14 14:54:13.128  2072  2072 I EPDG-0 [WifiProfiler]: handleWifiRssiIntent, rssi=-56
[2026-06-14T09:24:16.067Z] [ALL] 06-14 14:54:13.128  2072  2072 I EPDG-0 [WifiProfiler]: isProfiling, hash=189204772, started=true
[2026-06-14T09:24:16.067Z] [ALL] 06-14 14:54:13.128  2072  2072 I EPDG-0 [LogMetrics]: set, type=WIFI_RSSI_LAST, value=-56
[2026-06-14T09:24:16.067Z] [ALL] 06-14 14:54:13.128  2072  2072 I EPDG-0 [WifiProfiler]: isProfiling, hash=189204772, started=true
[2026-06-14T09:24:16.072Z] [ALL] 06-14 14:54:13.130  1486  1830 I SemWifiLinkQualityMonitor: Link stat: 1694 / 1301 / 2.50 (30) / 78 / -56.0 || 100.0 : 78.00 / B (B) || 75790cca2437: 2.480 / 3.226 / N / V || N N / 0 0 / N 2.0 / N -1 0.000 0.000 / N / X 0 / 179867517 0 0 || 2026-06-14 14:54:12  / 0: 0 0 0 0 0 0 / 0: 0 0 0 0 0 0 / 0: 0 0 0 0 0 0
[2026-06-14T09:24:16.072Z] [ALL] 06-14 14:54:13.132  2072  2072 I EPDG-0 [WifiProfiler]: Rssi : -56 highrange : -75 lowrange : -85 mIsRssiInHystersis : false
[2026-06-14T09:24:16.072Z] [ALL] 06-14 14:54:13.132  2072  2072 I EPDG-0 [WifiProfiler]: Rssi : -56 highrange : -75 lowrange : -85 mIsRssiInHystersis : false
[2026-06-14T09:24:16.072Z] [ALL] 06-14 14:54:13.133  2072  2072 I EPDG-0 [Subscription]: isEpdgAvailable, IwlanPsState=2/2
[2026-06-14T09:24:16.072Z] [ALL] 06-14 14:54:13.133  2072  2072 I EPDG-0 [WifiProfiler]: getHandoverThresholdMet: value is: false
[2026-06-14T09:24:16.091Z] [ALL] 06-14 14:54:13.153  1486  1858 D SemWifiEleStateTracker: Pressure Diff: 0.0012207031
[2026-06-14T09:24:16.095Z] [ALL] 06-14 14:54:13.154  1486  1858 D SemWifiEleStateTracker: Barometer value: Prev 998.1658 Current 998.167 mSmallBaroDetected : false
[2026-06-14T09:24:16.318Z] [ALL] 06-14 14:54:13.380  1489  1593 I appium  : channel read: POST /session/0f023030-0d82-476d-b7c9-1bfd15340de7/element
[2026-06-14T09:24:16.318Z] [ALL] 06-14 14:54:13.381  1489  1593 I appium  : FindElement command
[2026-06-14T09:24:16.322Z] [ALL] 06-14 14:54:13.382  1489  1593 I appium  : method: 'xpath', selector: '//*[@resource-id="login_submit_btn" or @content-desc="login_submit_btn" or @text="Login" or @text="LOGIN"]'
[2026-06-14T09:24:16.322Z] [ALL] 06-14 14:54:13.382  1489  1593 I appium  : Waiting up to 10000ms for the device to idle
[2026-06-14T09:24:16.322Z] [ALL] 06-14 14:54:13.383  1489  1593 I appium  : The following attributes will be included to the page source: [text, resource-id, content-desc]
[2026-06-14T09:24:16.585Z] [ALL] 06-14 14:54:13.647  1489  1593 I appium  : Took 0ms to retrieve 0 matches for '//*[@resource-id="login_submit_btn" or @content-desc="login_submit_btn" or @text="Login" or @text="LOGIN"]' XPath2 query
[2026-06-14T09:24:16.593Z] [ALL] 06-14 14:54:13.648  1489  1593 I appium  : AppiumResponse: {"sessionId":"0f023030-0d82-476d-b7c9-1bfd15340de7","value":{"error":"no such element","message":"An element could not be located on the page using the given search parameters","stacktrace":"io.appium.uiautomator2.common.exceptions.ElementNotFoundException: An element could not be located on the page using the given search parameters\n\tat io.appium.uiautomator2.utils.ElementLocationHelpers.findElement(ElementLocationHelpers.java:153)\n\tat io.appium.uiautomator2.handler.FindElement.safeHandle(FindElement.java:60)\n\tat io.appium.uiautomator2.handler.request.SafeRequestHandler.handle(SafeRequestHandler.java:59)\n\tat io.appium.uiautomator2.server.AppiumServlet.handleRequest(AppiumServlet.java:267)\n\tat io.appium.uiautomator2.server.AppiumServlet.handleHttpRequest(AppiumServlet.java:261)\n\tat io.appium.uiautomator2.http.ServerHandler.channelRead(ServerHandler.java:77)\n\tat io.netty.channel.AbstractChannelHandlerContext.fireChannelRead(AbstractChannelHandlerContext.java:357)\n\tat io.netty.handler.codec.MessageToMessageDecoder.channelRead(MessageToMessageDecoder.java:107)\n\tat io.netty.channel.AbstractChannelHandlerContext.fireChannelRead(AbstractChannelHandlerContext.java:357)\n\tat io.netty.channel.CombinedChannelDuplexHandler$DelegatingChannelHandlerContext.fireChannelRead(CombinedChannelDuplexHandler.java:434)\n\tat io.netty.handler.codec.ByteToMessageDecoder.fireChannelRead(ByteToMessageDecoder.java:361)\n\tat io.netty.handler.codec.ByteToMessageDecoder.channelRead(ByteToMessageDecoder.java:325)\n\tat io.netty.channel.CombinedChannelDuplexHandler.channelRead(CombinedChannelDuplexHandler.java:249)\n\tat io.netty.channel.AbstractChannelHandlerContext.fireChannelRead(AbstractChannelHandlerContext.java:355)\n\tat io.netty.handler.timeout.IdleStateHandler.channelRead(IdleStateHandler.java:288)\n\tat io.netty.channel.AbstractChannelHandlerContext.fireChannelRead(AbstractChannelHandlerContext.java:355)\n\tat io.netty.channel.DefaultChannelPipeline$HeadContext.channelRead(DefaultChannelPipeline.java:1429)\n\tat io.netty.channel.DefaultChannelPipeline.fireChannelRead(DefaultChannelPipeline.java:918)\n\tat io.netty.channel.nio.AbstractNioByteChannel$NioByteUnsafe.read(AbstractNioByteChannel.java:176)\n\tat io.netty.channel.nio.AbstractNioChannel$AbstractNioUnsafe.handle(AbstractNioChannel.java:445)\n\tat io.netty.channel.nio.NioIoHandler$DefaultNioRegistration.handle(NioIoHandler.java:388)\n\tat io.netty.channel.nio.NioIoHandler.processSelectedKey(NioIoHandler.java:596)\n\tat io.netty.channel.nio.NioIoHandler.processSelectedKeysOptimized(NioIoHandler.java:571)\n\tat io.netty.channel.nio.NioIoHandler.processSelectedKeys(NioIoHandler.java:512)\n\tat io.netty.channel.nio.NioIoHandler.run(NioIoHandler.java:484)\n\tat io.netty.channel.SingleThreadIoEventLoop.runIo(SingleThreadIoEventLoop.java:225)\n\tat io.netty.channel.SingleThreadIoEventLoop.run(SingleThreadIoEventLoop.java:196)\n\tat io.netty.util.concurrent.SingleThreadEventExecutor$5.run(SingleThreadEventExecutor.java:1195)\n\tat io.netty.util.internal.ThreadExecutorMap$2.run(ThreadExecutorMap.java:74)\n\tat io.netty.util.concurrent.FastThreadLocalRunnable.run(FastThreadLocalRunnable.java:30)\n\tat java.lang.Thread.run(Thread.java:1564)\n"}}
[2026-06-14T09:24:16.640Z] [ALL] 06-14 14:54:13.678  1489  1593 I appium  : channel read: POST /session/0f023030-0d82-476d-b7c9-1bfd15340de7/element
[2026-06-14T09:24:16.643Z] [ALL] 06-14 14:54:13.679  1489  1593 I appium  : FindElement command
[2026-06-14T09:24:16.643Z] [ALL] 06-14 14:54:13.680  1489  1593 I appium  : method: 'xpath', selector: '//*[@resource-id="login_submit_btn" or @content-desc="login_submit_btn" or @text="Login" or @text="LOGIN"]'
[2026-06-14T09:24:16.643Z] [ALL] 06-14 14:54:13.680  1489  1593 I appium  : Waiting up to 10000ms for the device to idle
[2026-06-14T09:24:16.643Z] [ALL] 06-14 14:54:13.681  1489  1593 I appium  : The following attributes will be included to the page source: [text, resource-id, content-desc]
[2026-06-14T09:24:16.643Z] [ALL] 06-14 14:54:13.687  1489  1493 I tomator2.server: Method exceeds compiler instruction limit: 19260 in java_cup.runtime.Symbol org.eclipse.wst.xml.xpath2.processor.internal.CUP$XPathCup$actions.CUP$XPathCup$do_action(int, java_cup.runtime.lr_parser, java.util.Stack, int)
[2026-06-14T09:24:16.733Z] [ALL] 06-14 14:54:13.795  1486  1856 D SemWifiSwitchForIndividualAppsService: isSkipNetworkCondition - result:2
[2026-06-14T09:24:16.826Z] [ALL] 06-14 14:54:13.888  1489  1593 I appium  : Took 0ms to retrieve 0 matches for '//*[@resource-id="login_submit_btn" or @content-desc="login_submit_btn" or @text="Login" or @text="LOGIN"]' XPath2 query
[2026-06-14T09:24:16.829Z] [ALL] 06-14 14:54:13.890  1489  1593 I appium  : AppiumResponse: {"sessionId":"0f023030-0d82-476d-b7c9-1bfd15340de7","value":{"error":"no such element","message":"An element could not be located on the page using the given search parameters","stacktrace":"io.appium.uiautomator2.common.exceptions.ElementNotFoundException: An element could not be located on the page using the given search parameters\n\tat io.appium.uiautomator2.utils.ElementLocationHelpers.findElement(ElementLocationHelpers.java:153)\n\tat io.appium.uiautomator2.handler.FindElement.safeHandle(FindElement.java:60)\n\tat io.appium.uiautomator2.handler.request.SafeRequestHandler.handle(SafeRequestHandler.java:59)\n\tat io.appium.uiautomator2.server.AppiumServlet.handleRequest(AppiumServlet.java:267)\n\tat io.appium.uiautomator2.server.AppiumServlet.handleHttpRequest(AppiumServlet.java:261)\n\tat io.appium.uiautomator2.http.ServerHandler.channelRead(ServerHandler.java:77)\n\tat io.netty.channel.AbstractChannelHandlerContext.fireChannelRead(AbstractChannelHandlerContext.java:357)\n\tat io.netty.handler.codec.MessageToMessageDecoder.channelRead(MessageToMessageDecoder.java:107)\n\tat io.netty.channel.AbstractChannelHandlerContext.fireChannelRead(AbstractChannelHandlerContext.java:357)\n\tat io.netty.channel.CombinedChannelDuplexHandler$DelegatingChannelHandlerContext.fireChannelRead(CombinedChannelDuplexHandler.java:434)\n\tat io.netty.handler.codec.ByteToMessageDecoder.fireChannelRead(ByteToMessageDecoder.java:361)\n\tat io.netty.handler.codec.ByteToMessageDecoder.channelRead(ByteToMessageDecoder.java:325)\n\tat io.netty.channel.CombinedChannelDuplexHandler.channelRead(CombinedChannelDuplexHandler.java:249)\n\tat io.netty.channel.AbstractChannelHandlerContext.fireChannelRead(AbstractChannelHandlerContext.java:355)\n\tat io.netty.handler.timeout.IdleStateHandler.channelRead(IdleStateHandler.java:288)\n\tat io.netty.channel.AbstractChannelHandlerContext.fireChannelRead(AbstractChannelHandlerContext.java:355)\n\tat io.netty.channel.DefaultChannelPipeline$HeadContext.channelRead(DefaultChannelPipeline.java:1429)\n\tat io.netty.channel.DefaultChannelPipeline.fireChannelRead(DefaultChannelPipeline.java:918)\n\tat io.netty.channel.nio.AbstractNioByteChannel$NioByteUnsafe.read(AbstractNioByteChannel.java:176)\n\tat io.netty.channel.nio.AbstractNioChannel$AbstractNioUnsafe.handle(AbstractNioChannel.java:445)\n\tat io.netty.channel.nio.NioIoHandler$DefaultNioRegistration.handle(NioIoHandler.java:388)\n\tat io.netty.channel.nio.NioIoHandler.processSelectedKey(NioIoHandler.java:596)\n\tat io.netty.channel.nio.NioIoHandler.processSelectedKeysOptimized(NioIoHandler.java:571)\n\tat io.netty.channel.nio.NioIoHandler.processSelectedKeys(NioIoHandler.java:512)\n\tat io.netty.channel.nio.NioIoHandler.run(NioIoHandler.java:484)\n\tat io.netty.channel.SingleThreadIoEventLoop.runIo(SingleThreadIoEventLoop.java:225)\n\tat io.netty.channel.SingleThreadIoEventLoop.run(SingleThreadIoEventLoop.java:196)\n\tat io.netty.util.concurrent.SingleThreadEventExecutor$5.run(SingleThreadEventExecutor.java:1195)\n\tat io.netty.util.internal.ThreadExecutorMap$2.run(ThreadExecutorMap.java:74)\n\tat io.netty.util.concurrent.FastThreadLocalRunnable.run(FastThreadLocalRunnable.java:30)\n\tat java.lang.Thread.run(Thread.java:1564)\n"}}
[2026-06-14T09:24:17.342Z] [ALL] 06-14 14:54:14.405  1489  1593 I appium  : channel read: POST /session/0f023030-0d82-476d-b7c9-1bfd15340de7/element
[2026-06-14T09:24:17.342Z] [ALL] 06-14 14:54:14.406  1489  1593 I appium  : FindElement command
[2026-06-14T09:24:17.344Z] [ALL] 06-14 14:54:14.407  1489  1593 I appium  : method: 'xpath', selector: '//*[@resource-id="login_submit_btn" or @content-desc="login_submit_btn" or @text="Login" or @text="LOGIN"]'
[2026-06-14T09:24:17.344Z] [ALL] 06-14 14:54:14.407  1489  1593 I appium  : Waiting up to 10000ms for the device to idle
[2026-06-14T09:24:17.346Z] [ALL] 06-14 14:54:14.408  1489  1593 I appium  : The following attributes will be included to the page source: [text, resource-id, content-desc]
[2026-06-14T09:24:17.475Z] [ALL] 06-14 14:54:14.539  1486  3107 I NSLocationMonitor: getGPSUsingApps() called
[2026-06-14T09:24:17.479Z] [ALL] 06-14 14:54:14.540  3066 32489 I NSLocationManager_FLP: getGPSUsingApps, No change
[2026-06-14T09:24:17.495Z] [ALL] 06-14 14:54:14.558  1486  3107 D FreecessHandler: skipping freeze com.truecaller(10274) result : 2
[2026-06-14T09:24:17.598Z] [ALL] 06-14 14:54:14.662  1489  1593 I appium  : Took 0ms to retrieve 0 matches for '//*[@resource-id="login_submit_btn" or @content-desc="login_submit_btn" or @text="Login" or @text="LOGIN"]' XPath2 query
[2026-06-14T09:24:17.599Z] [ALL] 06-14 14:54:14.663  1489  1593 I appium  : AppiumResponse: {"sessionId":"0f023030-0d82-476d-b7c9-1bfd15340de7","value":{"error":"no such element","message":"An element could not be located on the page using the given search parameters","stacktrace":"io.appium.uiautomator2.common.exceptions.ElementNotFoundException: An element could not be located on the page using the given search parameters\n\tat io.appium.uiautomator2.utils.ElementLocationHelpers.findElement(ElementLocationHelpers.java:153)\n\tat io.appium.uiautomator2.handler.FindElement.safeHandle(FindElement.java:60)\n\tat io.appium.uiautomator2.handler.request.SafeRequestHandler.handle(SafeRequestHandler.java:59)\n\tat io.appium.uiautomator2.server.AppiumServlet.handleRequest(AppiumServlet.java:267)\n\tat io.appium.uiautomator2.server.AppiumServlet.handleHttpRequest(AppiumServlet.java:261)\n\tat io.appium.uiautomator2.http.ServerHandler.channelRead(ServerHandler.java:77)\n\tat io.netty.channel.AbstractChannelHandlerContext.fireChannelRead(AbstractChannelHandlerContext.java:357)\n\tat io.netty.handler.codec.MessageToMessageDecoder.channelRead(MessageToMessageDecoder.java:107)\n\tat io.netty.channel.AbstractChannelHandlerContext.fireChannelRead(AbstractChannelHandlerContext.java:357)\n\tat io.netty.channel.CombinedChannelDuplexHandler$DelegatingChannelHandlerContext.fireChannelRead(CombinedChannelDuplexHandler.java:434)\n\tat io.netty.handler.codec.ByteToMessageDecoder.fireChannelRead(ByteToMessageDecoder.java:361)\n\tat io.netty.handler.codec.ByteToMessageDecoder.channelRead(ByteToMessageDecoder.java:325)\n\tat io.netty.channel.CombinedChannelDuplexHandler.channelRead(CombinedChannelDuplexHandler.java:249)\n\tat io.netty.channel.AbstractChannelHandlerContext.fireChannelRead(AbstractChannelHandlerContext.java:355)\n\tat io.netty.handler.timeout.IdleStateHandler.channelRead(IdleStateHandler.java:288)\n\tat io.netty.channel.AbstractChannelHandlerContext.fireChannelRead(AbstractChannelHandlerContext.java:355)\n\tat io.netty.channel.DefaultChannelPipeline$HeadContext.channelRead(DefaultChannelPipeline.java:1429)\n\tat io.netty.channel.DefaultChannelPipeline.fireChannelRead(DefaultChannelPipeline.java:918)\n\tat io.netty.channel.nio.AbstractNioByteChannel$NioByteUnsafe.read(AbstractNioByteChannel.java:176)\n\tat io.netty.channel.nio.AbstractNioChannel$AbstractNioUnsafe.handle(AbstractNioChannel.java:445)\n\tat io.netty.channel.nio.NioIoHandler$DefaultNioRegistration.handle(NioIoHandler.java:388)\n\tat io.netty.channel.nio.NioIoHandler.processSelectedKey(NioIoHandler.java:596)\n\tat io.netty.channel.nio.NioIoHandler.processSelectedKeysOptimized(NioIoHandler.java:571)\n\tat io.netty.channel.nio.NioIoHandler.processSelectedKeys(NioIoHandler.java:512)\n\tat io.netty.channel.nio.NioIoHandler.run(NioIoHandler.java:484)\n\tat io.netty.channel.SingleThreadIoEventLoop.runIo(SingleThreadIoEventLoop.java:225)\n\tat io.netty.channel.SingleThreadIoEventLoop.run(SingleThreadIoEventLoop.java:196)\n\tat io.netty.util.concurrent.SingleThreadEventExecutor$5.run(SingleThreadEventExecutor.java:1195)\n\tat io.netty.util.internal.ThreadExecutorMap$2.run(ThreadExecutorMap.java:74)\n\tat io.netty.util.concurrent.FastThreadLocalRunnable.run(FastThreadLocalRunnable.java:30)\n\tat java.lang.Thread.run(Thread.java:1564)\n"}}
[2026-06-14T09:24:17.740Z] [ALL] 06-14 14:54:14.801   747   747 D io_stats: !@   8,0 r 79507410 1568552265 w 12648142 207211912 d 4204281 258393844 f 0 1104292 iot 28624504 0 th 0 0 0 pt 0 inp 0 0 179869.190
[2026-06-14T09:24:17.740Z] [ALL] 06-14 14:54:14.801   747   747 D io_stats: !@ Read_top(KB): system_server(1486) 24
[2026-06-14T09:24:17.744Z] [ALL] 06-14 14:54:14.805   747   747 D io_stats: !@ Write_top(KB): kworker/u16:4(31690) 4388
[2026-06-14T09:24:17.768Z] [ALL] 06-14 14:54:14.829  1486  1856 D SemWifiSwitchForIndividualAppsService: isSkipNetworkCondition - result:2
[2026-06-14T09:24:17.862Z] [ALL] 06-14 14:54:14.926  1486  2158 I ActivityManager: Changes in 10470 11 to 19, 384 to 0
[2026-06-14T09:24:17.876Z] [ALL] 06-14 14:54:14.939  1149  1280 I SurfaceFlinger: Current= 60, Period= 60, hwcPeriod= 60
[2026-06-14T09:24:17.883Z] [ALL] 06-14 14:54:14.947  1486  1526 I ActivityManager: Changes in 10470 19 to 11, 0 to 384
[2026-06-14T09:24:18.113Z] [ALL] 06-14 14:54:15.176  1486  1858 D SemWifiEleStateTracker: Pressure Diff: 0.0078125
[2026-06-14T09:24:18.116Z] [ALL] 06-14 14:54:15.177  1486  1858 D SemWifiEleStateTracker: Barometer value: Prev 998.167 Current 998.1748 mSmallBaroDetected : false
[2026-06-14T09:24:18.126Z] [ALL] 06-14 14:54:15.188  1489  1593 I appium  : channel read: POST /session/0f023030-0d82-476d-b7c9-1bfd15340de7/element
[2026-06-14T09:24:18.127Z] [ALL] 06-14 14:54:15.189  1489  1593 I appium  : FindElement command
[2026-06-14T09:24:18.127Z] [ALL] 06-14 14:54:15.190  1489  1593 I appium  : method: 'xpath', selector: '//*[@resource-id="login_submit_btn" or @content-desc="login_submit_btn" or @text="Login" or @text="LOGIN"]'
[2026-06-14T09:24:18.127Z] [ALL] 06-14 14:54:15.190  1489  1593 I appium  : Waiting up to 10000ms for the device to idle
[2026-06-14T09:24:18.129Z] [ALL] 06-14 14:54:15.192  1489  1593 I appium  : The following attributes will be included to the page source: [text, resource-id, content-desc]
[2026-06-14T09:24:18.373Z] [ALL] 06-14 14:54:15.436   764  3597 I keystore2: system/security/keystore2/watchdog/src/lib.rs:371 - Watchdog thread idle -> terminating. Have a great day.
[2026-06-14T09:24:18.388Z] [ALL] 06-14 14:54:15.450  1489  1593 I appium  : Took 0ms to retrieve 0 matches for '//*[@resource-id="login_submit_btn" or @content-desc="login_submit_btn" or @text="Login" or @text="LOGIN"]' XPath2 query
[2026-06-14T09:24:18.391Z] [ALL] 06-14 14:54:15.452  1489  1593 I appium  : AppiumResponse: {"sessionId":"0f023030-0d82-476d-b7c9-1bfd15340de7","value":{"error":"no such element","message":"An element could not be located on the page using the given search parameters","stacktrace":"io.appium.uiautomator2.common.exceptions.ElementNotFoundException: An element could not be located on the page using the given search parameters\n\tat io.appium.uiautomator2.utils.ElementLocationHelpers.findElement(ElementLocationHelpers.java:153)\n\tat io.appium.uiautomator2.handler.FindElement.safeHandle(FindElement.java:60)\n\tat io.appium.uiautomator2.handler.request.SafeRequestHandler.handle(SafeRequestHandler.java:59)\n\tat io.appium.uiautomator2.server.AppiumServlet.handleRequest(AppiumServlet.java:267)\n\tat io.appium.uiautomator2.server.AppiumServlet.handleHttpRequest(AppiumServlet.java:261)\n\tat io.appium.uiautomator2.http.ServerHandler.channelRead(ServerHandler.java:77)\n\tat io.netty.channel.AbstractChannelHandlerContext.fireChannelRead(AbstractChannelHandlerContext.java:357)\n\tat io.netty.handler.codec.MessageToMessageDecoder.channelRead(MessageToMessageDecoder.java:107)\n\tat io.netty.channel.AbstractChannelHandlerContext.fireChannelRead(AbstractChannelHandlerContext.java:357)\n\tat io.netty.channel.CombinedChannelDuplexHandler$DelegatingChannelHandlerContext.fireChannelRead(CombinedChannelDuplexHandler.java:434)\n\tat io.netty.handler.codec.ByteToMessageDecoder.fireChannelRead(ByteToMessageDecoder.java:361)\n\tat io.netty.handler.codec.ByteToMessageDecoder.channelRead(ByteToMessageDecoder.java:325)\n\tat io.netty.channel.CombinedChannelDuplexHandler.channelRead(CombinedChannelDuplexHandler.java:249)\n\tat io.netty.channel.AbstractChannelHandlerContext.fireChannelRead(AbstractChannelHandlerContext.java:355)\n\tat io.netty.handler.timeout.IdleStateHandler.channelRead(IdleStateHandler.java:288)\n\tat io.netty.channel.AbstractChannelHandlerContext.fireChannelRead(AbstractChannelHandlerContext.java:355)\n\tat io.netty.channel.DefaultChannelPipeline$HeadContext.channelRead(DefaultChannelPipeline.java:1429)\n\tat io.netty.channel.DefaultChannelPipeline.fireChannelRead(DefaultChannelPipeline.java:918)\n\tat io.netty.channel.nio.AbstractNioByteChannel$NioByteUnsafe.read(AbstractNioByteChannel.java:176)\n\tat io.netty.channel.nio.AbstractNioChannel$AbstractNioUnsafe.handle(AbstractNioChannel.java:445)\n\tat io.netty.channel.nio.NioIoHandler$DefaultNioRegistration.handle(NioIoHandler.java:388)\n\tat io.netty.channel.nio.NioIoHandler.processSelectedKey(NioIoHandler.java:596)\n\tat io.netty.channel.nio.NioIoHandler.processSelectedKeysOptimized(NioIoHandler.java:571)\n\tat io.netty.channel.nio.NioIoHandler.processSelectedKeys(NioIoHandler.java:512)\n\tat io.netty.channel.nio.NioIoHandler.run(NioIoHandler.java:484)\n\tat io.netty.channel.SingleThreadIoEventLoop.runIo(SingleThreadIoEventLoop.java:225)\n\tat io.netty.channel.SingleThreadIoEventLoop.run(SingleThreadIoEventLoop.java:196)\n\tat io.netty.util.concurrent.SingleThreadEventExecutor$5.run(SingleThreadEventExecutor.java:1195)\n\tat io.netty.util.internal.ThreadExecutorMap$2.run(ThreadExecutorMap.java:74)\n\tat io.netty.util.concurrent.FastThreadLocalRunnable.run(FastThreadLocalRunnable.java:30)\n\tat java.lang.Thread.run(Thread.java:1564)\n"}}
[2026-06-14T09:24:18.794Z] [ALL] 06-14 14:54:15.856  1486  1856 D SemWifiSwitchForIndividualAppsService: isSkipNetworkCondition - result:2
[2026-06-14T09:24:18.913Z] [ALL] 06-14 14:54:15.977  1489  1593 I appium  : channel read: POST /session/0f023030-0d82-476d-b7c9-1bfd15340de7/element
[2026-06-14T09:24:18.914Z] [ALL] 06-14 14:54:15.977  1489  1593 I appium  : FindElement command
[2026-06-14T09:24:18.915Z] [ALL] 06-14 14:54:15.979  1489  1593 I appium  : method: 'xpath', selector: '//*[@resource-id="login_submit_btn" or @content-desc="login_submit_btn" or @text="Login" or @text="LOGIN"]'
[2026-06-14T09:24:18.915Z] [ALL] 06-14 14:54:15.979  1489  1593 I appium  : Waiting up to 10000ms for the device to idle
[2026-06-14T09:24:18.917Z] [ALL] 06-14 14:54:15.980  1489  1593 I appium  : The following attributes will be included to the page source: [text, resource-id, content-desc]
[2026-06-14T09:24:19.086Z] [ALL] 06-14 14:54:16.147  1486  1729 D WifiStaIfaceHidlImpl: getCachedScanData is not implemented by HIDL
[2026-06-14T09:24:19.097Z] [ALL] 06-14 14:54:16.159  1486  3494 D SemWifiUsabilityStatsMonitor: onWifiUsabilityStats - seqNum 22689, isSameBssidAndFreq true
[2026-06-14T09:24:19.099Z] [ALL] 06-14 14:54:16.162  2072  2072 I EPDG-0 [WifiProfiler]: handleWifiRssiIntent, rssi=-55
[2026-06-14T09:24:19.099Z] [ALL] 06-14 14:54:16.162  2072  2072 I EPDG-0 [WifiProfiler]: isProfiling, hash=189204772, started=true
[2026-06-14T09:24:19.101Z] [ALL] 06-14 14:54:16.164  2072  2072 I EPDG-0 [LogMetrics]: set, type=WIFI_RSSI_LAST, value=-55
[2026-06-14T09:24:19.101Z] [ALL] 06-14 14:54:16.164  2072  2072 I EPDG-0 [WifiProfiler]: isProfiling, hash=189204772, started=true
[2026-06-14T09:24:19.101Z] [ALL] 06-14 14:54:16.164  1486  1830 I SemWifiLinkQualityMonitor: Link stat: 1392 / 1161 / 2.00 (14) / 78 / -55.0 || 100.0 : 78.00 / B (B) || 75790cca2437: 1.507 / 5.309 / N / V || N N / 0 0 / N 2.0 / N -1 0.000 0.000 / N / X 0 / 179870548 0 0 || 2026-06-14 14:54:15  / 0: 0 0 0 0 0 0 / 0: 0 0 0 0 0 0 / 0: 0 0 0 0 0 0
[2026-06-14T09:24:19.105Z] [ALL] 06-14 14:54:16.166  2072  2072 I EPDG-0 [WifiProfiler]: Rssi : -55 highrange : -75 lowrange : -85 mIsRssiInHystersis : false
[2026-06-14T09:24:19.105Z] [ALL] 06-14 14:54:16.167  2072  2072 I EPDG-0 [WifiProfiler]: Rssi : -55 highrange : -75 lowrange : -85 mIsRssiInHystersis : false
[2026-06-14T09:24:19.105Z] [ALL] 06-14 14:54:16.167  2072  2072 I EPDG-0 [Subscription]: isEpdgAvailable, IwlanPsState=2/2
[2026-06-14T09:24:19.105Z] [ALL] 06-14 14:54:16.167  2072  2072 I EPDG-0 [WifiProfiler]: getHandoverThresholdMet: value is: false
[2026-06-14T09:24:19.172Z] [ALL] 06-14 14:54:16.232  1489  1593 I appium  : Took 0ms to retrieve 0 matches for '//*[@resource-id="login_submit_btn" or @content-desc="login_submit_btn" or @text="Login" or @text="LOGIN"]' XPath2 query
[2026-06-14T09:24:19.179Z] [ALL] 06-14 14:54:16.234  1489  1593 I appium  : AppiumResponse: {"sessionId":"0f023030-0d82-476d-b7c9-1bfd15340de7","value":{"error":"no such element","message":"An element could not be located on the page using the given search parameters","stacktrace":"io.appium.uiautomator2.common.exceptions.ElementNotFoundException: An element could not be located on the page using the given search parameters\n\tat io.appium.uiautomator2.utils.ElementLocationHelpers.findElement(ElementLocationHelpers.java:153)\n\tat io.appium.uiautomator2.handler.FindElement.safeHandle(FindElement.java:60)\n\tat io.appium.uiautomator2.handler.request.SafeRequestHandler.handle(SafeRequestHandler.java:59)\n\tat io.appium.uiautomator2.server.AppiumServlet.handleRequest(AppiumServlet.java:267)\n\tat io.appium.uiautomator2.server.AppiumServlet.handleHttpRequest(AppiumServlet.java:261)\n\tat io.appium.uiautomator2.http.ServerHandler.channelRead(ServerHandler.java:77)\n\tat io.netty.channel.AbstractChannelHandlerContext.fireChannelRead(AbstractChannelHandlerContext.java:357)\n\tat io.netty.handler.codec.MessageToMessageDecoder.channelRead(MessageToMessageDecoder.java:107)\n\tat io.netty.channel.AbstractChannelHandlerContext.fireChannelRead(AbstractChannelHandlerContext.java:357)\n\tat io.netty.channel.CombinedChannelDuplexHandler$DelegatingChannelHandlerContext.fireChannelRead(CombinedChannelDuplexHandler.java:434)\n\tat io.netty.handler.codec.ByteToMessageDecoder.fireChannelRead(ByteToMessageDecoder.java:361)\n\tat io.netty.handler.codec.ByteToMessageDecoder.channelRead(ByteToMessageDecoder.java:325)\n\tat io.netty.channel.CombinedChannelDuplexHandler.channelRead(CombinedChannelDuplexHandler.java:249)\n\tat io.netty.channel.AbstractChannelHandlerContext.fireChannelRead(AbstractChannelHandlerContext.java:355)\n\tat io.netty.handler.timeout.IdleStateHandler.channelRead(IdleStateHandler.java:288)\n\tat io.netty.channel.AbstractChannelHandlerContext.fireChannelRead(AbstractChannelHandlerContext.java:355)\n\tat io.netty.channel.DefaultChannelPipeline$HeadContext.channelRead(DefaultChannelPipeline.java:1429)\n\tat io.netty.channel.DefaultChannelPipeline.fireChannelRead(DefaultChannelPipeline.java:918)\n\tat io.netty.channel.nio.AbstractNioByteChannel$NioByteUnsafe.read(AbstractNioByteChannel.java:176)\n\tat io.netty.channel.nio.AbstractNioChannel$AbstractNioUnsafe.handle(AbstractNioChannel.java:445)\n\tat io.netty.channel.nio.NioIoHandler$DefaultNioRegistration.handle(NioIoHandler.java:388)\n\tat io.netty.channel.nio.NioIoHandler.processSelectedKey(NioIoHandler.java:596)\n\tat io.netty.channel.nio.NioIoHandler.processSelectedKeysOptimized(NioIoHandler.java:571)\n\tat io.netty.channel.nio.NioIoHandler.processSelectedKeys(NioIoHandler.java:512)\n\tat io.netty.channel.nio.NioIoHandler.run(NioIoHandler.java:484)\n\tat io.netty.channel.SingleThreadIoEventLoop.runIo(SingleThreadIoEventLoop.java:225)\n\tat io.netty.channel.SingleThreadIoEventLoop.run(SingleThreadIoEventLoop.java:196)\n\tat io.netty.util.concurrent.SingleThreadEventExecutor$5.run(SingleThreadEventExecutor.java:1195)\n\tat io.netty.util.internal.ThreadExecutorMap$2.run(ThreadExecutorMap.java:74)\n\tat io.netty.util.concurrent.FastThreadLocalRunnable.run(FastThreadLocalRunnable.java:30)\n\tat java.lang.Thread.run(Thread.java:1564)\n"}}
[2026-06-14T09:24:19.374Z] [ALL] 06-14 14:54:16.435  1486  1538 D BatteryExternalStatsWorker: update stats : procstate-change (10)
[2026-06-14T09:24:19.374Z] [ALL] 06-14 14:54:16.436  1486  1538 D BatteryExternalStatsWorker: Fetch WiFi data
[2026-06-14T09:24:19.374Z] [ALL] 06-14 14:54:16.436  1486  1538 D BatteryExternalStatsWorker: Update Rail Energy data
[2026-06-14T09:24:19.398Z] [ALL] 06-14 14:54:16.460  1486  1729 D WifiStaIfaceHidlImpl: getCachedScanData is not implemented by HIDL
[2026-06-14T09:24:19.400Z] [ALL] 06-14 14:54:16.463  1486  1538 D BatteryExternalStatsWorker: mStats lock released
[2026-06-14T09:24:19.423Z] [ALL] 06-14 14:54:16.486  1486  1538 D BatteryExternalStatsWorker: Update wifi state
[2026-06-14T09:24:19.423Z] [ALL] 06-14 14:54:16.486  1486  1538 D BatteryExternalStatsWorker: done updateExternalStatsLocked
[2026-06-14T09:24:19.693Z] [ALL] 06-14 14:54:16.756  1489  1593 I appium  : channel read: POST /session/0f023030-0d82-476d-b7c9-1bfd15340de7/element
[2026-06-14T09:24:19.693Z] [ALL] 06-14 14:54:16.757  1489  1593 I appium  : FindElement command
[2026-06-14T09:24:19.695Z] [ALL] 06-14 14:54:16.758  1489  1593 I appium  : method: 'xpath', selector: '//*[@resource-id="login_submit_btn" or @content-desc="login_submit_btn" or @text="Login" or @text="LOGIN"]'
[2026-06-14T09:24:19.695Z] [ALL] 06-14 14:54:16.758  1489  1593 I appium  : Waiting up to 10000ms for the device to idle
[2026-06-14T09:24:19.697Z] [ALL] 06-14 14:54:16.760  1489  1593 I appium  : The following attributes will be included to the page source: [text, resource-id, content-desc]
[2026-06-14T09:24:19.702Z] [ALL] 06-14 14:54:16.765  1489  1493 I tomator2.server: Method exceeds compiler instruction limit: 19260 in java_cup.runtime.Symbol org.eclipse.wst.xml.xpath2.processor.internal.CUP$XPathCup$actions.CUP$XPathCup$do_action(int, java_cup.runtime.lr_parser, java.util.Stack, int)
[2026-06-14T09:24:19.744Z] [ALL] 06-14 14:54:16.806   747   747 D io_stats: !@   8,0 r 79507488 1568553105 w 12648435 207213224 d 4204467 258401044 f 0 1104304 iot 28624624 0 th 0 0 0 pt 0 inp 0 0 179871.195
[2026-06-14T09:24:19.898Z] [ALL] 06-14 14:54:16.961  1489  1593 I appium  : Took 0ms to retrieve 0 matches for '//*[@resource-id="login_submit_btn" or @content-desc="login_submit_btn" or @text="Login" or @text="LOGIN"]' XPath2 query
[2026-06-14T09:24:19.902Z] [ALL] 06-14 14:54:16.963  1489  1593 I appium  : AppiumResponse: {"sessionId":"0f023030-0d82-476d-b7c9-1bfd15340de7","value":{"error":"no such element","message":"An element could not be located on the page using the given search parameters","stacktrace":"io.appium.uiautomator2.common.exceptions.ElementNotFoundException: An element could not be located on the page using the given search parameters\n\tat io.appium.uiautomator2.utils.ElementLocationHelpers.findElement(ElementLocationHelpers.java:153)\n\tat io.appium.uiautomator2.handler.FindElement.safeHandle(FindElement.java:60)\n\tat io.appium.uiautomator2.handler.request.SafeRequestHandler.handle(SafeRequestHandler.java:59)\n\tat io.appium.uiautomator2.server.AppiumServlet.handleRequest(AppiumServlet.java:267)\n\tat io.appium.uiautomator2.server.AppiumServlet.handleHttpRequest(AppiumServlet.java:261)\n\tat io.appium.uiautomator2.http.ServerHandler.channelRead(ServerHandler.java:77)\n\tat io.netty.channel.AbstractChannelHandlerContext.fireChannelRead(AbstractChannelHandlerContext.java:357)\n\tat io.netty.handler.codec.MessageToMessageDecoder.channelRead(MessageToMessageDecoder.java:107)\n\tat io.netty.channel.AbstractChannelHandlerContext.fireChannelRead(AbstractChannelHandlerContext.java:357)\n\tat io.netty.channel.CombinedChannelDuplexHandler$DelegatingChannelHandlerContext.fireChannelRead(CombinedChannelDuplexHandler.java:434)\n\tat io.netty.handler.codec.ByteToMessageDecoder.fireChannelRead(ByteToMessageDecoder.java:361)\n\tat io.netty.handler.codec.ByteToMessageDecoder.channelRead(ByteToMessageDecoder.java:325)\n\tat io.netty.channel.CombinedChannelDuplexHandler.channelRead(CombinedChannelDuplexHandler.java:249)\n\tat io.netty.channel.AbstractChannelHandlerContext.fireChannelRead(AbstractChannelHandlerContext.java:355)\n\tat io.netty.handler.timeout.IdleStateHandler.channelRead(IdleStateHandler.java:288)\n\tat io.netty.channel.AbstractChannelHandlerContext.fireChannelRead(AbstractChannelHandlerContext.java:355)\n\tat io.netty.channel.DefaultChannelPipeline$HeadContext.channelRead(DefaultChannelPipeline.java:1429)\n\tat io.netty.channel.DefaultChannelPipeline.fireChannelRead(DefaultChannelPipeline.java:918)\n\tat io.netty.channel.nio.AbstractNioByteChannel$NioByteUnsafe.read(AbstractNioByteChannel.java:176)\n\tat io.netty.channel.nio.AbstractNioChannel$AbstractNioUnsafe.handle(AbstractNioChannel.java:445)\n\tat io.netty.channel.nio.NioIoHandler$DefaultNioRegistration.handle(NioIoHandler.java:388)\n\tat io.netty.channel.nio.NioIoHandler.processSelectedKey(NioIoHandler.java:596)\n\tat io.netty.channel.nio.NioIoHandler.processSelectedKeysOptimized(NioIoHandler.java:571)\n\tat io.netty.channel.nio.NioIoHandler.processSelectedKeys(NioIoHandler.java:512)\n\tat io.netty.channel.nio.NioIoHandler.run(NioIoHandler.java:484)\n\tat io.netty.channel.SingleThreadIoEventLoop.runIo(SingleThreadIoEventLoop.java:225)\n\tat io.netty.channel.SingleThreadIoEventLoop.run(SingleThreadIoEventLoop.java:196)\n\tat io.netty.util.concurrent.SingleThreadEventExecutor$5.run(SingleThreadEventExecutor.java:1195)\n\tat io.netty.util.internal.ThreadExecutorMap$2.run(ThreadExecutorMap.java:74)\n\tat io.netty.util.concurrent.FastThreadLocalRunnable.run(FastThreadLocalRunnable.java:30)\n\tat java.lang.Thread.run(Thread.java:1564)\n"}}
[2026-06-14T09:24:20.122Z] [ALL] 06-14 14:54:17.185  1486  1858 D SemWifiEleStateTracker: Pressure Diff: 0.0015869141
[2026-06-14T09:24:20.124Z] [ALL] 06-14 14:54:17.186  1486  1858 D SemWifiEleStateTracker: Barometer value: Prev 998.1748 Current 998.1764 mSmallBaroDetected : false
[2026-06-14T09:24:20.437Z] [ALL] 06-14 14:54:17.488  1489  1593 I appium  : channel read: POST /session/0f023030-0d82-476d-b7c9-1bfd15340de7/element
[2026-06-14T09:24:20.437Z] [ALL] 06-14 14:54:17.489  1489  1593 I appium  : FindElement command
[2026-06-14T09:24:20.440Z] [ALL] 06-14 14:54:17.490  1489  1593 I appium  : method: 'xpath', selector: '//*[@resource-id="login_submit_btn" or @content-desc="login_submit_btn" or @text="Login" or @text="LOGIN"]'
[2026-06-14T09:24:20.440Z] [ALL] 06-14 14:54:17.491  1489  1593 I appium  : Waiting up to 10000ms for the device to idle
[2026-06-14T09:24:20.440Z] [ALL] 06-14 14:54:17.492  1489  1593 I appium  : The following attributes will be included to the page source: [text, resource-id, content-desc]
[2026-06-14T09:24:20.700Z] [ALL] 06-14 14:54:17.763  1489  1593 I appium  : Took 0ms to retrieve 0 matches for '//*[@resource-id="login_submit_btn" or @content-desc="login_submit_btn" or @text="Login" or @text="LOGIN"]' XPath2 query
[2026-06-14T09:24:20.702Z] [ALL] 06-14 14:54:17.765  1489  1593 I appium  : AppiumResponse: {"sessionId":"0f023030-0d82-476d-b7c9-1bfd15340de7","value":{"error":"no such element","message":"An element could not be located on the page using the given search parameters","stacktrace":"io.appium.uiautomator2.common.exceptions.ElementNotFoundException: An element could not be located on the page using the given search parameters\n\tat io.appium.uiautomator2.utils.ElementLocationHelpers.findElement(ElementLocationHelpers.java:153)\n\tat io.appium.uiautomator2.handler.FindElement.safeHandle(FindElement.java:60)\n\tat io.appium.uiautomator2.handler.request.SafeRequestHandler.handle(SafeRequestHandler.java:59)\n\tat io.appium.uiautomator2.server.AppiumServlet.handleRequest(AppiumServlet.java:267)\n\tat io.appium.uiautomator2.server.AppiumServlet.handleHttpRequest(AppiumServlet.java:261)\n\tat io.appium.uiautomator2.http.ServerHandler.channelRead(ServerHandler.java:77)\n\tat io.netty.channel.AbstractChannelHandlerContext.fireChannelRead(AbstractChannelHandlerContext.java:357)\n\tat io.netty.handler.codec.MessageToMessageDecoder.channelRead(MessageToMessageDecoder.java:107)\n\tat io.netty.channel.AbstractChannelHandlerContext.fireChannelRead(AbstractChannelHandlerContext.java:357)\n\tat io.netty.channel.CombinedChannelDuplexHandler$DelegatingChannelHandlerContext.fireChannelRead(CombinedChannelDuplexHandler.java:434)\n\tat io.netty.handler.codec.ByteToMessageDecoder.fireChannelRead(ByteToMessageDecoder.java:361)\n\tat io.netty.handler.codec.ByteToMessageDecoder.channelRead(ByteToMessageDecoder.java:325)\n\tat io.netty.channel.CombinedChannelDuplexHandler.channelRead(CombinedChannelDuplexHandler.java:249)\n\tat io.netty.channel.AbstractChannelHandlerContext.fireChannelRead(AbstractChannelHandlerContext.java:355)\n\tat io.netty.handler.timeout.IdleStateHandler.channelRead(IdleStateHandler.java:288)\n\tat io.netty.channel.AbstractChannelHandlerContext.fireChannelRead(AbstractChannelHandlerContext.java:355)\n\tat io.netty.channel.DefaultChannelPipeline$HeadContext.channelRead(DefaultChannelPipeline.java:1429)\n\tat io.netty.channel.DefaultChannelPipeline.fireChannelRead(DefaultChannelPipeline.java:918)\n\tat io.netty.channel.nio.AbstractNioByteChannel$NioByteUnsafe.read(AbstractNioByteChannel.java:176)\n\tat io.netty.channel.nio.AbstractNioChannel$AbstractNioUnsafe.handle(AbstractNioChannel.java:445)\n\tat io.netty.channel.nio.NioIoHandler$DefaultNioRegistration.handle(NioIoHandler.java:388)\n\tat io.netty.channel.nio.NioIoHandler.processSelectedKey(NioIoHandler.java:596)\n\tat io.netty.channel.nio.NioIoHandler.processSelectedKeysOptimized(NioIoHandler.java:571)\n\tat io.netty.channel.nio.NioIoHandler.processSelectedKeys(NioIoHandler.java:512)\n\tat io.netty.channel.nio.NioIoHandler.run(NioIoHandler.java:484)\n\tat io.netty.channel.SingleThreadIoEventLoop.runIo(SingleThreadIoEventLoop.java:225)\n\tat io.netty.channel.SingleThreadIoEventLoop.run(SingleThreadIoEventLoop.java:196)\n\tat io.netty.util.concurrent.SingleThreadEventExecutor$5.run(SingleThreadEventExecutor.java:1195)\n\tat io.netty.util.internal.ThreadExecutorMap$2.run(ThreadExecutorMap.java:74)\n\tat io.netty.util.concurrent.FastThreadLocalRunnable.run(FastThreadLocalRunnable.java:30)\n\tat java.lang.Thread.run(Thread.java:1564)\n"}}
[2026-06-14T09:24:20.901Z] [ALL] 06-14 14:54:17.962  1486  4152 D WifiConnectivityMonitor.DnsThread:  [|204]
[2026-06-14T09:24:20.901Z] [ALL] 06-14 14:54:17.964  1486  1860 D WifiConnectivityMonitor.NetworkStatsAnalyzer: DNS resultType : 0, responseTime : 204
[2026-06-14T09:24:20.905Z] [ALL] 06-14 14:54:17.967  1486  1858 D OpenNetworkQos[4.00]: updateBssidLatestDnsResultType - result: 0
[2026-06-14T09:24:20.907Z] [ALL] 06-14 14:54:17.967  1486  1858 D OpenNetworkQos[4.00]: updateBssidNoInternet: mBssidNoInternet = false
[2026-06-14T09:24:20.907Z] [ALL] 06-14 14:54:17.967  1486  1858 D OpenNetworkQos[4.00]: getOpenNetworkQosNoInternetStatus: false
[2026-06-14T09:24:20.907Z] [ALL] 06-14 14:54:17.967  1486  1858 D OpenNetworkQos[4.00]: getOpenNetworkQosScores: 26 26 30 
[2026-06-14T09:24:20.907Z] [ALL] 06-14 14:54:17.968  1486  1858 I WifiProfileShare: network QoS data was changed (internet), updateQoSData networkType: true, qosData: false
[2026-06-14T09:24:20.908Z] [ALL] 06-14 14:54:17.969  1486  3127 V WifiProfileShare.Caster: update wips network, size: 0
[2026-06-14T09:24:20.908Z] [ALL] 06-14 14:54:17.969  1486  3127 D WifiProfileShare: nearby scanning settings run
[2026-06-14T09:24:20.908Z] [ALL] 06-14 14:54:17.969  1486  3127 D WifiProfileShare: network score provider settings enabled
[2026-06-14T09:24:20.908Z] [ALL] 06-14 14:54:17.970  1486  3127 D OpenNetworkQos[4.00]: getOpenNetworkQosScores: 26 26 30 
[2026-06-14T09:24:20.908Z] [ALL] 06-14 14:54:17.970  1486  3127 D OpenNetworkQos[4.00]: getOpenNetworkQosNoInternetStatus: false
[2026-06-14T09:24:20.908Z] [ALL] 06-14 14:54:17.970  1486  3127 I WifiProfileShare.Caster: current network type: 0, score: [26, 26, 30]
[2026-06-14T09:24:20.908Z] [ALL] 06-14 14:54:17.971  1486  3127 V WifiProfileShare.Cache: update network score 14:33:75:**:**:cb
[2026-06-14T09:24:20.908Z] [ALL] 06-14 14:54:17.971  1486  3127 D WifiProfileShare.ScanMatcher: getMcfDataList size:2
[2026-06-14T09:24:20.908Z] [ALL] 06-14 14:54:17.971  1486  3127 I WifiProfileShare.Caster: qos data was updated , before:type:QOS, pBssid:4a:79:df, qosData:7c after:type:QOS, pBssid:4a:79:df, qosData:7c
[2026-06-14T09:24:20.910Z] [ALL] 06-14 14:54:17.973  1486  3127 I [MCFSDK_android_1.3.7026]_4_McfCasterImpl: isNetworkEnabled - type : 1 ret : true
[2026-06-14T09:24:20.910Z] [ALL] 06-14 14:54:17.973  1486  3127 D WifiProfileShare.McfCast: -ME--- mIsNetworkEnabled :true
[2026-06-14T09:24:20.910Z] [ALL] 06-14 14:54:17.974  1486  3127 D WifiProfileShare.McfCast: updateQoSData ignored, same contents
[2026-06-14T09:24:20.911Z] [ALL] 06-14 14:54:17.974  1486  3127 D WifiProfileShare.MCF: success update QosData !
[2026-06-14T09:24:20.915Z] [ALL] 06-14 14:54:17.978  1486  3127 I [MCFSDK_android_1.3.7026]_4_McfCasterImpl: isNetworkEnabled - type : 1 ret : true
[2026-06-14T09:24:20.915Z] [ALL] 06-14 14:54:17.978  1486  3127 D WifiProfileShare.McfCast: -ME--- mIsNetworkEnabled :true
[2026-06-14T09:24:20.915Z] [ALL] 06-14 14:54:17.978  1486  3127 D WifiProfileShare.McfCast: -ME--- updatePasswordDate pwdData size:2
[2026-06-14T09:24:21.233Z] [ALL] 06-14 14:54:18.296  1489  1593 I appium  : channel read: POST /session/0f023030-0d82-476d-b7c9-1bfd15340de7/element
[2026-06-14T09:24:21.256Z] [ALL] 06-14 14:54:18.297  1489  1593 I appium  : FindElement command
[2026-06-14T09:24:21.256Z] [ALL] 06-14 14:54:18.298  1489  1593 I appium  : method: 'xpath', selector: '//*[@resource-id="login_submit_btn" or @content-desc="login_submit_btn" or @text="Login" or @text="LOGIN"]'
[2026-06-14T09:24:21.256Z] [ALL] 06-14 14:54:18.298  1489  1593 I appium  : Waiting up to 10000ms for the device to idle
[2026-06-14T09:24:21.273Z] [ALL] 06-14 14:54:18.301  1489  1593 I appium  : The following attributes will be included to the page source: [text, resource-id, content-desc]
[2026-06-14T09:24:21.341Z] [ALL] 06-14 14:54:18.351  1486  2158 I ActivityManager: Changes in 99319 15 to 10, 256 to 384
[2026-06-14T09:24:21.357Z] [ALL] 06-14 14:54:18.354 20246 20246 D BoundBrokerSvc: onUnbind: Intent { act=com.google.android.gms.auth.blockstore.service.START dat=chimera-action:/... xflg=0x4 cmp=com.google.android.gms/.chimera.GmsApiService }
[2026-06-14T09:24:21.357Z] [ALL] 06-14 14:54:18.358  1486  2158 I ActivityManager: Changes in 99319 10 to 19, 384 to 0
[2026-06-14T09:24:21.357Z] [ALL] 06-14 14:54:18.361  1149  1280 I SurfaceFlinger: Current= 60, Period= 60, hwcPeriod= 60
[2026-06-14T09:24:21.414Z] [ALL] 06-14 14:54:18.472  1489  1593 I appium  : Took 0ms to retrieve 0 matches for '//*[@resource-id="login_submit_btn" or @content-desc="login_submit_btn" or @text="Login" or @text="LOGIN"]' XPath2 query
[2026-06-14T09:24:21.429Z] [ALL] 06-14 14:54:18.473  1489  1593 I appium  : AppiumResponse: {"sessionId":"0f023030-0d82-476d-b7c9-1bfd15340de7","value":{"error":"no such element","message":"An element could not be located on the page using the given search parameters","stacktrace":"io.appium.uiautomator2.common.exceptions.ElementNotFoundException: An element could not be located on the page using the given search parameters\n\tat io.appium.uiautomator2.utils.ElementLocationHelpers.findElement(ElementLocationHelpers.java:153)\n\tat io.appium.uiautomator2.handler.FindElement.safeHandle(FindElement.java:60)\n\tat io.appium.uiautomator2.handler.request.SafeRequestHandler.handle(SafeRequestHandler.java:59)\n\tat io.appium.uiautomator2.server.AppiumServlet.handleRequest(AppiumServlet.java:267)\n\tat io.appium.uiautomator2.server.AppiumServlet.handleHttpRequest(AppiumServlet.java:261)\n\tat io.appium.uiautomator2.http.ServerHandler.channelRead(ServerHandler.java:77)\n\tat io.netty.channel.AbstractChannelHandlerContext.fireChannelRead(AbstractChannelHandlerContext.java:357)\n\tat io.netty.handler.codec.MessageToMessageDecoder.channelRead(MessageToMessageDecoder.java:107)\n\tat io.netty.channel.AbstractChannelHandlerContext.fireChannelRead(AbstractChannelHandlerContext.java:357)\n\tat io.netty.channel.CombinedChannelDuplexHandler$DelegatingChannelHandlerContext.fireChannelRead(CombinedChannelDuplexHandler.java:434)\n\tat io.netty.handler.codec.ByteToMessageDecoder.fireChannelRead(ByteToMessageDecoder.java:361)\n\tat io.netty.handler.codec.ByteToMessageDecoder.channelRead(ByteToMessageDecoder.java:325)\n\tat io.netty.channel.CombinedChannelDuplexHandler.channelRead(CombinedChannelDuplexHandler.java:249)\n\tat io.netty.channel.AbstractChannelHandlerContext.fireChannelRead(AbstractChannelHandlerContext.java:355)\n\tat io.netty.handler.timeout.IdleStateHandler.channelRead(IdleStateHandler.java:288)\n\tat io.netty.channel.AbstractChannelHandlerContext.fireChannelRead(AbstractChannelHandlerContext.java:355)\n\tat io.netty.channel.DefaultChannelPipeline$HeadContext.channelRead(DefaultChannelPipeline.java:1429)\n\tat io.netty.channel.DefaultChannelPipeline.fireChannelRead(DefaultChannelPipeline.java:918)\n\tat io.netty.channel.nio.AbstractNioByteChannel$NioByteUnsafe.read(AbstractNioByteChannel.java:176)\n\tat io.netty.channel.nio.AbstractNioChannel$AbstractNioUnsafe.handle(AbstractNioChannel.java:445)\n\tat io.netty.channel.nio.NioIoHandler$DefaultNioRegistration.handle(NioIoHandler.java:388)\n\tat io.netty.channel.nio.NioIoHandler.processSelectedKey(NioIoHandler.java:596)\n\tat io.netty.channel.nio.NioIoHandler.processSelectedKeysOptimized(NioIoHandler.java:571)\n\tat io.netty.channel.nio.NioIoHandler.processSelectedKeys(NioIoHandler.java:512)\n\tat io.netty.channel.nio.NioIoHandler.run(NioIoHandler.java:484)\n\tat io.netty.channel.SingleThreadIoEventLoop.runIo(SingleThreadIoEventLoop.java:225)\n\tat io.netty.channel.SingleThreadIoEventLoop.run(SingleThreadIoEventLoop.java:196)\n\tat io.netty.util.concurrent.SingleThreadEventExecutor$5.run(SingleThreadEventExecutor.java:1195)\n\tat io.netty.util.internal.ThreadExecutorMap$2.run(ThreadExecutorMap.java:74)\n\tat io.netty.util.concurrent.FastThreadLocalRunnable.run(FastThreadLocalRunnable.java:30)\n\tat java.lang.Thread.run(Thread.java:1564)\n"}}
[2026-06-14T09:24:21.624Z] [ALL] 06-14 14:54:18.688  1489  1593 I appium  : channel read: POST /session/0f023030-0d82-476d-b7c9-1bfd15340de7/element
[2026-06-14T09:24:21.627Z] [ALL] 06-14 14:54:18.689  1489  1593 I appium  : FindElement command
[2026-06-14T09:24:21.627Z] [ALL] 06-14 14:54:18.690  1489  1593 I appium  : method: 'xpath', selector: '//*[@resource-id="login_submit_btn" or @content-desc="login_submit_btn" or @text="Login" or @text="LOGIN"]'
[2026-06-14T09:24:21.628Z] [ALL] 06-14 14:54:18.690  1489  1593 I appium  : Waiting up to 10000ms for the device to idle
[2026-06-14T09:24:21.628Z] [ALL] 06-14 14:54:18.691  1489  1593 I appium  : The following attributes will be included to the page source: [text, resource-id, content-desc]
[2026-06-14T09:24:21.747Z] [ALL] 06-14 14:54:18.808   747   747 D io_stats: !@ Read_top(KB): c.android.sdhms(4132) 824 system_server(1486) 16
[2026-06-14T09:24:21.750Z] [ALL] 06-14 14:54:18.808   747   747 D io_stats: !@ Write_top(KB): f2fs_ckpt-254:5(789) 472
[2026-06-14T09:24:21.830Z] [ALL] 06-14 14:54:18.889  1489  1593 I appium  : Took 0ms to retrieve 0 matches for '//*[@resource-id="login_submit_btn" or @content-desc="login_submit_btn" or @text="Login" or @text="LOGIN"]' XPath2 query
[2026-06-14T09:24:21.835Z] [ALL] 06-14 14:54:18.890  1489  1593 I appium  : AppiumResponse: {"sessionId":"0f023030-0d82-476d-b7c9-1bfd15340de7","value":{"error":"no such element","message":"An element could not be located on the page using the given search parameters","stacktrace":"io.appium.uiautomator2.common.exceptions.ElementNotFoundException: An element could not be located on the page using the given search parameters\n\tat io.appium.uiautomator2.utils.ElementLocationHelpers.findElement(ElementLocationHelpers.java:153)\n\tat io.appium.uiautomator2.handler.FindElement.safeHandle(FindElement.java:60)\n\tat io.appium.uiautomator2.handler.request.SafeRequestHandler.handle(SafeRequestHandler.java:59)\n\tat io.appium.uiautomator2.server.AppiumServlet.handleRequest(AppiumServlet.java:267)\n\tat io.appium.uiautomator2.server.AppiumServlet.handleHttpRequest(AppiumServlet.java:261)\n\tat io.appium.uiautomator2.http.ServerHandler.channelRead(ServerHandler.java:77)\n\tat io.netty.channel.AbstractChannelHandlerContext.fireChannelRead(AbstractChannelHandlerContext.java:357)\n\tat io.netty.handler.codec.MessageToMessageDecoder.channelRead(MessageToMessageDecoder.java:107)\n\tat io.netty.channel.AbstractChannelHandlerContext.fireChannelRead(AbstractChannelHandlerContext.java:357)\n\tat io.netty.channel.CombinedChannelDuplexHandler$DelegatingChannelHandlerContext.fireChannelRead(CombinedChannelDuplexHandler.java:434)\n\tat io.netty.handler.codec.ByteToMessageDecoder.fireChannelRead(ByteToMessageDecoder.java:361)\n\tat io.netty.handler.codec.ByteToMessageDecoder.channelRead(ByteToMessageDecoder.java:325)\n\tat io.netty.channel.CombinedChannelDuplexHandler.channelRead(CombinedChannelDuplexHandler.java:249)\n\tat io.netty.channel.AbstractChannelHandlerContext.fireChannelRead(AbstractChannelHandlerContext.java:355)\n\tat io.netty.handler.timeout.IdleStateHandler.channelRead(IdleStateHandler.java:288)\n\tat io.netty.channel.AbstractChannelHandlerContext.fireChannelRead(AbstractChannelHandlerContext.java:355)\n\tat io.netty.channel.DefaultChannelPipeline$HeadContext.channelRead(DefaultChannelPipeline.java:1429)\n\tat io.netty.channel.DefaultChannelPipeline.fireChannelRead(DefaultChannelPipeline.java:918)\n\tat io.netty.channel.nio.AbstractNioByteChannel$NioByteUnsafe.read(AbstractNioByteChannel.java:176)\n\tat io.netty.channel.nio.AbstractNioChannel$AbstractNioUnsafe.handle(AbstractNioChannel.java:445)\n\tat io.netty.channel.nio.NioIoHandler$DefaultNioRegistration.handle(NioIoHandler.java:388)\n\tat io.netty.channel.nio.NioIoHandler.processSelectedKey(NioIoHandler.java:596)\n\tat io.netty.channel.nio.NioIoHandler.processSelectedKeysOptimized(NioIoHandler.java:571)\n\tat io.netty.channel.nio.NioIoHandler.processSelectedKeys(NioIoHandler.java:512)\n\tat io.netty.channel.nio.NioIoHandler.run(NioIoHandler.java:484)\n\tat io.netty.channel.SingleThreadIoEventLoop.runIo(SingleThreadIoEventLoop.java:225)\n\tat io.netty.channel.SingleThreadIoEventLoop.run(SingleThreadIoEventLoop.java:196)\n\tat io.netty.util.concurrent.SingleThreadEventExecutor$5.run(SingleThreadEventExecutor.java:1195)\n\tat io.netty.util.internal.ThreadExecutorMap$2.run(ThreadExecutorMap.java:74)\n\tat io.netty.util.concurrent.FastThreadLocalRunnable.run(FastThreadLocalRunnable.java:30)\n\tat java.lang.Thread.run(Thread.java:1564)\n"}}
[2026-06-14T09:24:21.877Z] [ALL] 06-14 14:54:18.929  1489  1593 I appium  : channel read: POST /session/0f023030-0d82-476d-b7c9-1bfd15340de7/element
[2026-06-14T09:24:21.891Z] [ALL] 06-14 14:54:18.931  1489  1593 I appium  : FindElement command
[2026-06-14T09:24:21.891Z] [ALL] 06-14 14:54:18.933  1489  1593 I appium  : method: 'xpath', selector: '//*[@resource-id="login_submit_btn" or @content-desc="login_submit_btn" or @text="Login" or @text="LOGIN"]'
[2026-06-14T09:24:21.891Z] [ALL] 06-14 14:54:18.933  1489  1593 I appium  : Waiting up to 10000ms for the device to idle
[2026-06-14T09:24:21.891Z] [ALL] 06-14 14:54:18.936  1489  1593 I appium  : The following attributes will be included to the page source: [text, resource-id, content-desc]
[2026-06-14T09:24:21.891Z] [ALL] 06-14 14:54:18.942  1489  1493 I tomator2.server: Method exceeds compiler instruction limit: 19260 in java_cup.runtime.Symbol org.eclipse.wst.xml.xpath2.processor.internal.CUP$XPathCup$actions.CUP$XPathCup$do_action(int, java_cup.runtime.lr_parser, java.util.Stack, int)
[2026-06-14T09:24:21.930Z] [ALL] 06-14 14:54:18.988  1486  2158 I ActivityManager: Changes in 10470 11 to 19, 384 to 0
[2026-06-14T09:24:21.961Z] [ALL] 06-14 14:54:18.994  1486  1526 I ActivityManager: Changes in 10470 19 to 11, 0 to 384
[2026-06-14T09:24:21.963Z] [ALL] 06-14 14:54:19.013  1489  1593 I appium  : Took 0ms to retrieve 0 matches for '//*[@resource-id="login_submit_btn" or @content-desc="login_submit_btn" or @text="Login" or @text="LOGIN"]' XPath2 query
[2026-06-14T09:24:21.963Z] [ALL] 06-14 14:54:19.014  1489  1593 I appium  : AppiumResponse: {"sessionId":"0f023030-0d82-476d-b7c9-1bfd15340de7","value":{"error":"no such element","message":"An element could not be located on the page using the given search parameters","stacktrace":"io.appium.uiautomator2.common.exceptions.ElementNotFoundException: An element could not be located on the page using the given search parameters\n\tat io.appium.uiautomator2.utils.ElementLocationHelpers.findElement(ElementLocationHelpers.java:153)\n\tat io.appium.uiautomator2.handler.FindElement.safeHandle(FindElement.java:60)\n\tat io.appium.uiautomator2.handler.request.SafeRequestHandler.handle(SafeRequestHandler.java:59)\n\tat io.appium.uiautomator2.server.AppiumServlet.handleRequest(AppiumServlet.java:267)\n\tat io.appium.uiautomator2.server.AppiumServlet.handleHttpRequest(AppiumServlet.java:261)\n\tat io.appium.uiautomator2.http.ServerHandler.channelRead(ServerHandler.java:77)\n\tat io.netty.channel.AbstractChannelHandlerContext.fireChannelRead(AbstractChannelHandlerContext.java:357)\n\tat io.netty.handler.codec.MessageToMessageDecoder.channelRead(MessageToMessageDecoder.java:107)\n\tat io.netty.channel.AbstractChannelHandlerContext.fireChannelRead(AbstractChannelHandlerContext.java:357)\n\tat io.netty.channel.CombinedChannelDuplexHandler$DelegatingChannelHandlerContext.fireChannelRead(CombinedChannelDuplexHandler.java:434)\n\tat io.netty.handler.codec.ByteToMessageDecoder.fireChannelRead(ByteToMessageDecoder.java:361)\n\tat io.netty.handler.codec.ByteToMessageDecoder.channelRead(ByteToMessageDecoder.java:325)\n\tat io.netty.channel.CombinedChannelDuplexHandler.channelRead(CombinedChannelDuplexHandler.java:249)\n\tat io.netty.channel.AbstractChannelHandlerContext.fireChannelRead(AbstractChannelHandlerContext.java:355)\n\tat io.netty.handler.timeout.IdleStateHandler.channelRead(IdleStateHandler.java:288)\n\tat io.netty.channel.AbstractChannelHandlerContext.fireChannelRead(AbstractChannelHandlerContext.java:355)\n\tat io.netty.channel.DefaultChannelPipeline$HeadContext.channelRead(DefaultChannelPipeline.java:1429)\n\tat io.netty.channel.DefaultChannelPipeline.fireChannelRead(DefaultChannelPipeline.java:918)\n\tat io.netty.channel.nio.AbstractNioByteChannel$NioByteUnsafe.read(AbstractNioByteChannel.java:176)\n\tat io.netty.channel.nio.AbstractNioChannel$AbstractNioUnsafe.handle(AbstractNioChannel.java:445)\n\tat io.netty.channel.nio.NioIoHandler$DefaultNioRegistration.handle(NioIoHandler.java:388)\n\tat io.netty.channel.nio.NioIoHandler.processSelectedKey(NioIoHandler.java:596)\n\tat io.netty.channel.nio.NioIoHandler.processSelectedKeysOptimized(NioIoHandler.java:571)\n\tat io.netty.channel.nio.NioIoHandler.processSelectedKeys(NioIoHandler.java:512)\n\tat io.netty.channel.nio.NioIoHandler.run(NioIoHandler.java:484)\n\tat io.netty.channel.SingleThreadIoEventLoop.runIo(SingleThreadIoEventLoop.java:225)\n\tat io.netty.channel.SingleThreadIoEventLoop.run(SingleThreadIoEventLoop.java:196)\n\tat io.netty.util.concurrent.SingleThreadEventExecutor$5.run(SingleThreadEventExecutor.java:1195)\n\tat io.netty.util.internal.ThreadExecutorMap$2.run(ThreadExecutorMap.java:74)\n\tat io.netty.util.concurrent.FastThreadLocalRunnable.run(FastThreadLocalRunnable.java:30)\n\tat java.lang.Thread.run(Thread.java:1564)\n"}}
[2026-06-14T09:24:22.061Z] [ALL] 06-14 14:54:19.123  1486  1860 D WifiConnectivityMonitor.NetworkStatsAnalyzer: Backhaul result - RSSI:-55, CE:20, PE:20, TI:28, PTI:29, TW:8, PTW:8, Tx:202, Rx:152, TxS:133, RxS:102, RESULT:true, IC:0, ICT:5, WC:0, WCT:5, R:1, RC:0, IE:2, EC:0
[2026-06-14T09:24:22.122Z] [ALL] 06-14 14:54:19.185  1486  1729 D WifiStaIfaceHidlImpl: getCachedScanData is not implemented by HIDL
[2026-06-14T09:24:22.125Z] [ALL] 06-14 14:54:19.189  1486  3494 D SemWifiUsabilityStatsMonitor: onWifiUsabilityStats - seqNum 22690, isSameBssidAndFreq true
[2026-06-14T09:24:22.129Z] [ALL] 06-14 14:54:19.193  1486  1830 I SemWifiLinkQualityMonitor: Link stat: 2144 / 1862 / 1.20 (77) / 78 / -55.0 || 100.0 : 78.00 / B (B) || 75790cca2437: 0.650 / 12.308 / N / V || N N / 0 0 / N 2.0 / N -1 0.000 0.000 / N / X 0 / 179873579 0 0 || 2026-06-14 14:54:18  / 0: 0 0 0 0 0 0 / 0: 0 0 0 0 0 0 / 0: 0 0 0 0 0 0
[2026-06-14T09:24:22.155Z] [ALL] 06-14 14:54:19.217  1486  1858 I SemWifiEleStateTracker: Ele Parameters BD : 13 13 13 13 13 13 MD : -119 -119 -119 -119 -119 -119 WD : -54 -56 -55 -56 -57 -55 GC : false false false false false false SC : false false false false false false SH : false false false false false false TB : false false false false false false
[2026-06-14T09:24:22.155Z] [ALL] 06-14 14:54:19.217  1486  1858 D SemWifiEleStateTracker: Pressure Diff: -0.0037841797
[2026-06-14T09:24:22.155Z] [ALL] 06-14 14:54:19.217  1486  1858 D SemWifiEleStateTracker: Barometer value: Prev 998.1764 Current 998.1726 mSmallBaroDetected : false
[2026-06-14T09:24:22.309Z] [ALL] 06-14 14:54:19.370  4132  4132 I SDHMS:LOAD: type: LoadsFreqs, value: 15:0:0:576000:576000:576000:648960:1632000:576000:0:0:0
[2026-06-14T09:24:22.428Z] [ALL] 06-14 14:54:19.492  1928  2652 D PhoneInterfaceManager: setDataEnabledForReason() Reason=1 Pid=1486 App=system
[2026-06-14T09:24:22.480Z] [ALL] 06-14 14:54:19.542  1489  1593 I appium  : channel read: POST /session/0f023030-0d82-476d-b7c9-1bfd15340de7/element
[2026-06-14T09:24:22.480Z] [ALL] 06-14 14:54:19.542  1489  1593 I appium  : FindElement command
[2026-06-14T09:24:22.482Z] [ALL] 06-14 14:54:19.543  1489  1593 I appium  : method: 'xpath', selector: '//*[@resource-id="login_submit_btn" or @content-desc="login_submit_btn" or @text="Login" or @text="LOGIN"]'
[2026-06-14T09:24:22.482Z] [ALL] 06-14 14:54:19.544  1489  1593 I appium  : Waiting up to 10000ms for the device to idle
[2026-06-14T09:24:22.482Z] [ALL] 06-14 14:54:19.545  1489  1593 I appium  : The following attributes will be included to the page source: [text, resource-id, content-desc]
[2026-06-14T09:24:22.731Z] [ALL] 06-14 14:54:19.795  1489  1593 I appium  : Took 0ms to retrieve 0 matches for '//*[@resource-id="login_submit_btn" or @content-desc="login_submit_btn" or @text="Login" or @text="LOGIN"]' XPath2 query
[2026-06-14T09:24:22.732Z] [ALL] 06-14 14:54:19.796  1489  1593 I appium  : AppiumResponse: {"sessionId":"0f023030-0d82-476d-b7c9-1bfd15340de7","value":{"error":"no such element","message":"An element could not be located on the page using the given search parameters","stacktrace":"io.appium.uiautomator2.common.exceptions.ElementNotFoundException: An element could not be located on the page using the given search parameters\n\tat io.appium.uiautomator2.utils.ElementLocationHelpers.findElement(ElementLocationHelpers.java:153)\n\tat io.appium.uiautomator2.handler.FindElement.safeHandle(FindElement.java:60)\n\tat io.appium.uiautomator2.handler.request.SafeRequestHandler.handle(SafeRequestHandler.java:59)\n\tat io.appium.uiautomator2.server.AppiumServlet.handleRequest(AppiumServlet.java:267)\n\tat io.appium.uiautomator2.server.AppiumServlet.handleHttpRequest(AppiumServlet.java:261)\n\tat io.appium.uiautomator2.http.ServerHandler.channelRead(ServerHandler.java:77)\n\tat io.netty.channel.AbstractChannelHandlerContext.fireChannelRead(AbstractChannelHandlerContext.java:357)\n\tat io.netty.handler.codec.MessageToMessageDecoder.channelRead(MessageToMessageDecoder.java:107)\n\tat io.netty.channel.AbstractChannelHandlerContext.fireChannelRead(AbstractChannelHandlerContext.java:357)\n\tat io.netty.channel.CombinedChannelDuplexHandler$DelegatingChannelHandlerContext.fireChannelRead(CombinedChannelDuplexHandler.java:434)\n\tat io.netty.handler.codec.ByteToMessageDecoder.fireChannelRead(ByteToMessageDecoder.java:361)\n\tat io.netty.handler.codec.ByteToMessageDecoder.channelRead(ByteToMessageDecoder.java:325)\n\tat io.netty.channel.CombinedChannelDuplexHandler.channelRead(CombinedChannelDuplexHandler.java:249)\n\tat io.netty.channel.AbstractChannelHandlerContext.fireChannelRead(AbstractChannelHandlerContext.java:355)\n\tat io.netty.handler.timeout.IdleStateHandler.channelRead(IdleStateHandler.java:288)\n\tat io.netty.channel.AbstractChannelHandlerContext.fireChannelRead(AbstractChannelHandlerContext.java:355)\n\tat io.netty.channel.DefaultChannelPipeline$HeadContext.channelRead(DefaultChannelPipeline.java:1429)\n\tat io.netty.channel.DefaultChannelPipeline.fireChannelRead(DefaultChannelPipeline.java:918)\n\tat io.netty.channel.nio.AbstractNioByteChannel$NioByteUnsafe.read(AbstractNioByteChannel.java:176)\n\tat io.netty.channel.nio.AbstractNioChannel$AbstractNioUnsafe.handle(AbstractNioChannel.java:445)\n\tat io.netty.channel.nio.NioIoHandler$DefaultNioRegistration.handle(NioIoHandler.java:388)\n\tat io.netty.channel.nio.NioIoHandler.processSelectedKey(NioIoHandler.java:596)\n\tat io.netty.channel.nio.NioIoHandler.processSelectedKeysOptimized(NioIoHandler.java:571)\n\tat io.netty.channel.nio.NioIoHandler.processSelectedKeys(NioIoHandler.java:512)\n\tat io.netty.channel.nio.NioIoHandler.run(NioIoHandler.java:484)\n\tat io.netty.channel.SingleThreadIoEventLoop.runIo(SingleThreadIoEventLoop.java:225)\n\tat io.netty.channel.SingleThreadIoEventLoop.run(SingleThreadIoEventLoop.java:196)\n\tat io.netty.util.concurrent.SingleThreadEventExecutor$5.run(SingleThreadEventExecutor.java:1195)\n\tat io.netty.util.internal.ThreadExecutorMap$2.run(ThreadExecutorMap.java:74)\n\tat io.netty.util.concurrent.FastThreadLocalRunnable.run(FastThreadLocalRunnable.java:30)\n\tat java.lang.Thread.run(Thread.java:1564)\n"}}
[2026-06-14T09:24:23.258Z] [ALL] 06-14 14:54:20.320  1489  1593 I appium  : channel read: POST /session/0f023030-0d82-476d-b7c9-1bfd15340de7/element
[2026-06-14T09:24:23.258Z] [ALL] 06-14 14:54:20.321  1489  1593 I appium  : FindElement command
[2026-06-14T09:24:23.261Z] [ALL] 06-14 14:54:20.322  1489  1593 I appium  : method: 'xpath', selector: '//*[@resource-id="login_submit_btn" or @content-desc="login_submit_btn" or @text="Login" or @text="LOGIN"]'
[2026-06-14T09:24:23.261Z] [ALL] 06-14 14:54:20.322  1489  1593 I appium  : Waiting up to 10000ms for the device to idle
[2026-06-14T09:24:23.261Z] [ALL] 06-14 14:54:20.323  1489  1593 I appium  : The following attributes will be included to the page source: [text, resource-id, content-desc]
[2026-06-14T09:24:23.468Z] [ALL] 06-14 14:54:20.530  1489  1593 I appium  : Took 0ms to retrieve 0 matches for '//*[@resource-id="login_submit_btn" or @content-desc="login_submit_btn" or @text="Login" or @text="LOGIN"]' XPath2 query
[2026-06-14T09:24:23.473Z] [ALL] 06-14 14:54:20.531  1489  1593 I appium  : AppiumResponse: {"sessionId":"0f023030-0d82-476d-b7c9-1bfd15340de7","value":{"error":"no such element","message":"An element could not be located on the page using the given search parameters","stacktrace":"io.appium.uiautomator2.common.exceptions.ElementNotFoundException: An element could not be located on the page using the given search parameters\n\tat io.appium.uiautomator2.utils.ElementLocationHelpers.findElement(ElementLocationHelpers.java:153)\n\tat io.appium.uiautomator2.handler.FindElement.safeHandle(FindElement.java:60)\n\tat io.appium.uiautomator2.handler.request.SafeRequestHandler.handle(SafeRequestHandler.java:59)\n\tat io.appium.uiautomator2.server.AppiumServlet.handleRequest(AppiumServlet.java:267)\n\tat io.appium.uiautomator2.server.AppiumServlet.handleHttpRequest(AppiumServlet.java:261)\n\tat io.appium.uiautomator2.http.ServerHandler.channelRead(ServerHandler.java:77)\n\tat io.netty.channel.AbstractChannelHandlerContext.fireChannelRead(AbstractChannelHandlerContext.java:357)\n\tat io.netty.handler.codec.MessageToMessageDecoder.channelRead(MessageToMessageDecoder.java:107)\n\tat io.netty.channel.AbstractChannelHandlerContext.fireChannelRead(AbstractChannelHandlerContext.java:357)\n\tat io.netty.channel.CombinedChannelDuplexHandler$DelegatingChannelHandlerContext.fireChannelRead(CombinedChannelDuplexHandler.java:434)\n\tat io.netty.handler.codec.ByteToMessageDecoder.fireChannelRead(ByteToMessageDecoder.java:361)\n\tat io.netty.handler.codec.ByteToMessageDecoder.channelRead(ByteToMessageDecoder.java:325)\n\tat io.netty.channel.CombinedChannelDuplexHandler.channelRead(CombinedChannelDuplexHandler.java:249)\n\tat io.netty.channel.AbstractChannelHandlerContext.fireChannelRead(AbstractChannelHandlerContext.java:355)\n\tat io.netty.handler.timeout.IdleStateHandler.channelRead(IdleStateHandler.java:288)\n\tat io.netty.channel.AbstractChannelHandlerContext.fireChannelRead(AbstractChannelHandlerContext.java:355)\n\tat io.netty.channel.DefaultChannelPipeline$HeadContext.channelRead(DefaultChannelPipeline.java:1429)\n\tat io.netty.channel.DefaultChannelPipeline.fireChannelRead(DefaultChannelPipeline.java:918)\n\tat io.netty.channel.nio.AbstractNioByteChannel$NioByteUnsafe.read(AbstractNioByteChannel.java:176)\n\tat io.netty.channel.nio.AbstractNioChannel$AbstractNioUnsafe.handle(AbstractNioChannel.java:445)\n\tat io.netty.channel.nio.NioIoHandler$DefaultNioRegistration.handle(NioIoHandler.java:388)\n\tat io.netty.channel.nio.NioIoHandler.processSelectedKey(NioIoHandler.java:596)\n\tat io.netty.channel.nio.NioIoHandler.processSelectedKeysOptimized(NioIoHandler.java:571)\n\tat io.netty.channel.nio.NioIoHandler.processSelectedKeys(NioIoHandler.java:512)\n\tat io.netty.channel.nio.NioIoHandler.run(NioIoHandler.java:484)\n\tat io.netty.channel.SingleThreadIoEventLoop.runIo(SingleThreadIoEventLoop.java:225)\n\tat io.netty.channel.SingleThreadIoEventLoop.run(SingleThreadIoEventLoop.java:196)\n\tat io.netty.util.concurrent.SingleThreadEventExecutor$5.run(SingleThreadEventExecutor.java:1195)\n\tat io.netty.util.internal.ThreadExecutorMap$2.run(ThreadExecutorMap.java:74)\n\tat io.netty.util.concurrent.FastThreadLocalRunnable.run(FastThreadLocalRunnable.java:30)\n\tat java.lang.Thread.run(Thread.java:1564)\n"}}
[2026-06-14T09:24:23.505Z] [ALL] 06-14 14:54:20.564  1486  3107 I NSLocationMonitor: getGPSUsingApps() called
[2026-06-14T09:24:23.508Z] [ALL] 06-14 14:54:20.569  3066 32489 I NSLocationManager_FLP: getGPSUsingApps, No change
[2026-06-14T09:24:23.531Z] [ALL] 06-14 14:54:20.593  1486  3107 D FreecessHandler: skipping freeze com.truecaller(10274) result : 2
[2026-06-14T09:24:23.755Z] [ALL] 06-14 14:54:20.810   747   747 D io_stats: !@   8,0 r 79507519 1568553333 w 12648435 207213224 d 4204467 258401044 f 0 1104304 iot 28624676 0 th 0 0 0 pt 0 inp 0 0 179875.199
[2026-06-14T09:24:23.755Z] [ALL] 06-14 14:54:20.811  2228  3094 I TUIThread: epol_call: EPOLL_SKIP
[2026-06-14T09:24:23.990Z] [ALL] 06-14 14:54:21.054  1489  1593 I appium  : channel read: POST /session/0f023030-0d82-476d-b7c9-1bfd15340de7/element
[2026-06-14T09:24:23.992Z] [ALL] 06-14 14:54:21.055  1489  1593 I appium  : FindElement command
[2026-06-14T09:24:23.992Z] [ALL] 06-14 14:54:21.056  1489  1593 I appium  : method: 'xpath', selector: '//*[@resource-id="login_submit_btn" or @content-desc="login_submit_btn" or @text="Login" or @text="LOGIN"]'
[2026-06-14T09:24:23.992Z] [ALL] 06-14 14:54:21.056  1489  1593 I appium  : Waiting up to 10000ms for the device to idle
[2026-06-14T09:24:23.994Z] [ALL] 06-14 14:54:21.058  1489  1593 I appium  : The following attributes will be included to the page source: [text, resource-id, content-desc]
[2026-06-14T09:24:24.162Z] [ALL] 06-14 14:54:21.225  1486  1858 D SemWifiEleStateTracker: Pressure Diff: 0.0017700195
[2026-06-14T09:24:24.163Z] [ALL] 06-14 14:54:21.225  1486  1858 D SemWifiEleStateTracker: Barometer value: Prev 998.1726 Current 998.1744 mSmallBaroDetected : false
[2026-06-14T09:24:24.239Z] [ALL] 06-14 14:54:21.301  3653  3653 I wpa_supplicant: Heartbeat 5757
[2026-06-14T09:24:24.272Z] [ALL] 06-14 14:54:21.335  1489  1593 I appium  : Took 0ms to retrieve 0 matches for '//*[@resource-id="login_submit_btn" or @content-desc="login_submit_btn" or @text="Login" or @text="LOGIN"]' XPath2 query
[2026-06-14T09:24:24.274Z] [ALL] 06-14 14:54:21.336  1489  1593 I appium  : AppiumResponse: {"sessionId":"0f023030-0d82-476d-b7c9-1bfd15340de7","value":{"error":"no such element","message":"An element could not be located on the page using the given search parameters","stacktrace":"io.appium.uiautomator2.common.exceptions.ElementNotFoundException: An element could not be located on the page using the given search parameters\n\tat io.appium.uiautomator2.utils.ElementLocationHelpers.findElement(ElementLocationHelpers.java:153)\n\tat io.appium.uiautomator2.handler.FindElement.safeHandle(FindElement.java:60)\n\tat io.appium.uiautomator2.handler.request.SafeRequestHandler.handle(SafeRequestHandler.java:59)\n\tat io.appium.uiautomator2.server.AppiumServlet.handleRequest(AppiumServlet.java:267)\n\tat io.appium.uiautomator2.server.AppiumServlet.handleHttpRequest(AppiumServlet.java:261)\n\tat io.appium.uiautomator2.http.ServerHandler.channelRead(ServerHandler.java:77)\n\tat io.netty.channel.AbstractChannelHandlerContext.fireChannelRead(AbstractChannelHandlerContext.java:357)\n\tat io.netty.handler.codec.MessageToMessageDecoder.channelRead(MessageToMessageDecoder.java:107)\n\tat io.netty.channel.AbstractChannelHandlerContext.fireChannelRead(AbstractChannelHandlerContext.java:357)\n\tat io.netty.channel.CombinedChannelDuplexHandler$DelegatingChannelHandlerContext.fireChannelRead(CombinedChannelDuplexHandler.java:434)\n\tat io.netty.handler.codec.ByteToMessageDecoder.fireChannelRead(ByteToMessageDecoder.java:361)\n\tat io.netty.handler.codec.ByteToMessageDecoder.channelRead(ByteToMessageDecoder.java:325)\n\tat io.netty.channel.CombinedChannelDuplexHandler.channelRead(CombinedChannelDuplexHandler.java:249)\n\tat io.netty.channel.AbstractChannelHandlerContext.fireChannelRead(AbstractChannelHandlerContext.java:355)\n\tat io.netty.handler.timeout.IdleStateHandler.channelRead(IdleStateHandler.java:288)\n\tat io.netty.channel.AbstractChannelHandlerContext.fireChannelRead(AbstractChannelHandlerContext.java:355)\n\tat io.netty.channel.DefaultChannelPipeline$HeadContext.channelRead(DefaultChannelPipeline.java:1429)\n\tat io.netty.channel.DefaultChannelPipeline.fireChannelRead(DefaultChannelPipeline.java:918)\n\tat io.netty.channel.nio.AbstractNioByteChannel$NioByteUnsafe.read(AbstractNioByteChannel.java:176)\n\tat io.netty.channel.nio.AbstractNioChannel$AbstractNioUnsafe.handle(AbstractNioChannel.java:445)\n\tat io.netty.channel.nio.NioIoHandler$DefaultNioRegistration.handle(NioIoHandler.java:388)\n\tat io.netty.channel.nio.NioIoHandler.processSelectedKey(NioIoHandler.java:596)\n\tat io.netty.channel.nio.NioIoHandler.processSelectedKeysOptimized(NioIoHandler.java:571)\n\tat io.netty.channel.nio.NioIoHandler.processSelectedKeys(NioIoHandler.java:512)\n\tat io.netty.channel.nio.NioIoHandler.run(NioIoHandler.java:484)\n\tat io.netty.channel.SingleThreadIoEventLoop.runIo(SingleThreadIoEventLoop.java:225)\n\tat io.netty.channel.SingleThreadIoEventLoop.run(SingleThreadIoEventLoop.java:196)\n\tat io.netty.util.concurrent.SingleThreadEventExecutor$5.run(SingleThreadEventExecutor.java:1195)\n\tat io.netty.util.internal.ThreadExecutorMap$2.run(ThreadExecutorMap.java:74)\n\tat io.netty.util.concurrent.FastThreadLocalRunnable.run(FastThreadLocalRunnable.java:30)\n\tat java.lang.Thread.run(Thread.java:1564)\n"}}
[2026-06-14T09:24:24.793Z] [ALL] 06-14 14:54:21.856  1489  1593 I appium  : channel read: POST /session/0f023030-0d82-476d-b7c9-1bfd15340de7/element
[2026-06-14T09:24:24.794Z] [ALL] 06-14 14:54:21.856  1489  1593 I appium  : FindElement command
[2026-06-14T09:24:24.794Z] [ALL] 06-14 14:54:21.857  1489  1593 I appium  : method: 'xpath', selector: '//*[@resource-id="login_submit_btn" or @content-desc="login_submit_btn" or @text="Login" or @text="LOGIN"]'
[2026-06-14T09:24:24.794Z] [ALL] 06-14 14:54:21.858  1489  1593 I appium  : Waiting up to 10000ms for the device to idle
[2026-06-14T09:24:24.800Z] [ALL] 06-14 14:54:21.859  1489  1593 I appium  : The following attributes will be included to the page source: [text, resource-id, content-desc]
[2026-06-14T09:24:24.801Z] [ALL] 06-14 14:54:21.864  1489  1493 I tomator2.server: Method exceeds compiler instruction limit: 19260 in java_cup.runtime.Symbol org.eclipse.wst.xml.xpath2.processor.internal.CUP$XPathCup$actions.CUP$XPathCup$do_action(int, java_cup.runtime.lr_parser, java.util.Stack, int)
[2026-06-14T09:24:24.948Z] [ALL] 06-14 14:54:22.008  1486  1856 D SemWifiSwitchForIndividualAppsService: isSkipNetworkCondition - result:2
[2026-06-14T09:24:24.999Z] [ALL] 06-14 14:54:22.063  1489  1593 I appium  : Took 0ms to retrieve 0 matches for '//*[@resource-id="login_submit_btn" or @content-desc="login_submit_btn" or @text="Login" or @text="LOGIN"]' XPath2 query
[2026-06-14T09:24:25.001Z] [ALL] 06-14 14:54:22.065  1489  1593 I appium  : AppiumResponse: {"sessionId":"0f023030-0d82-476d-b7c9-1bfd15340de7","value":{"error":"no such element","message":"An element could not be located on the page using the given search parameters","stacktrace":"io.appium.uiautomator2.common.exceptions.ElementNotFoundException: An element could not be located on the page using the given search parameters\n\tat io.appium.uiautomator2.utils.ElementLocationHelpers.findElement(ElementLocationHelpers.java:153)\n\tat io.appium.uiautomator2.handler.FindElement.safeHandle(FindElement.java:60)\n\tat io.appium.uiautomator2.handler.request.SafeRequestHandler.handle(SafeRequestHandler.java:59)\n\tat io.appium.uiautomator2.server.AppiumServlet.handleRequest(AppiumServlet.java:267)\n\tat io.appium.uiautomator2.server.AppiumServlet.handleHttpRequest(AppiumServlet.java:261)\n\tat io.appium.uiautomator2.http.ServerHandler.channelRead(ServerHandler.java:77)\n\tat io.netty.channel.AbstractChannelHandlerContext.fireChannelRead(AbstractChannelHandlerContext.java:357)\n\tat io.netty.handler.codec.MessageToMessageDecoder.channelRead(MessageToMessageDecoder.java:107)\n\tat io.netty.channel.AbstractChannelHandlerContext.fireChannelRead(AbstractChannelHandlerContext.java:357)\n\tat io.netty.channel.CombinedChannelDuplexHandler$DelegatingChannelHandlerContext.fireChannelRead(CombinedChannelDuplexHandler.java:434)\n\tat io.netty.handler.codec.ByteToMessageDecoder.fireChannelRead(ByteToMessageDecoder.java:361)\n\tat io.netty.handler.codec.ByteToMessageDecoder.channelRead(ByteToMessageDecoder.java:325)\n\tat io.netty.channel.CombinedChannelDuplexHandler.channelRead(CombinedChannelDuplexHandler.java:249)\n\tat io.netty.channel.AbstractChannelHandlerContext.fireChannelRead(AbstractChannelHandlerContext.java:355)\n\tat io.netty.handler.timeout.IdleStateHandler.channelRead(IdleStateHandler.java:288)\n\tat io.netty.channel.AbstractChannelHandlerContext.fireChannelRead(AbstractChannelHandlerContext.java:355)\n\tat io.netty.channel.DefaultChannelPipeline$HeadContext.channelRead(DefaultChannelPipeline.java:1429)\n\tat io.netty.channel.DefaultChannelPipeline.fireChannelRead(DefaultChannelPipeline.java:918)\n\tat io.netty.channel.nio.AbstractNioByteChannel$NioByteUnsafe.read(AbstractNioByteChannel.java:176)\n\tat io.netty.channel.nio.AbstractNioChannel$AbstractNioUnsafe.handle(AbstractNioChannel.java:445)\n\tat io.netty.channel.nio.NioIoHandler$DefaultNioRegistration.handle(NioIoHandler.java:388)\n\tat io.netty.channel.nio.NioIoHandler.processSelectedKey(NioIoHandler.java:596)\n\tat io.netty.channel.nio.NioIoHandler.processSelectedKeysOptimized(NioIoHandler.java:571)\n\tat io.netty.channel.nio.NioIoHandler.processSelectedKeys(NioIoHandler.java:512)\n\tat io.netty.channel.nio.NioIoHandler.run(NioIoHandler.java:484)\n\tat io.netty.channel.SingleThreadIoEventLoop.runIo(SingleThreadIoEventLoop.java:225)\n\tat io.netty.channel.SingleThreadIoEventLoop.run(SingleThreadIoEventLoop.java:196)\n\tat io.netty.util.concurrent.SingleThreadEventExecutor$5.run(SingleThreadEventExecutor.java:1195)\n\tat io.netty.util.internal.ThreadExecutorMap$2.run(ThreadExecutorMap.java:74)\n\tat io.netty.util.concurrent.FastThreadLocalRunnable.run(FastThreadLocalRunnable.java:30)\n\tat java.lang.Thread.run(Thread.java:1564)\n"}}
[2026-06-14T09:24:25.077Z] [ALL] 06-14 14:54:22.096  1111  1162 D HeatmapThread: Updated plugType via uevent: 0
[2026-06-14T09:24:25.080Z] [ALL] 06-14 14:54:22.101  1063  1142 E BatteryDump: !@new_battery_dump : 4288,7,1000,2000,100,385,367,408,385,0,380,386,0,Full,NO_CHARGING,None,Good,PDIC,0,Normal,0,0,9180,0x8000,0x10010000,0x0,0,0,0000,0000,00000000,0,0,0,0,890,4289,9709,970,0,
[2026-06-14T09:24:25.080Z] [ALL] 06-14 14:54:22.113  1063  1063 I android.hardware.health@2.1-service-samsung: updateLrpSysfs: write: 380
[2026-06-14T09:24:25.080Z] [ALL] 06-14 14:54:22.116  1486  7792 V [SS]SleepChargingTimeController: [isActivated]mSleepChargingStatus isNowSessionTime False => false
[2026-06-14T09:24:25.150Z] [ALL] 06-14 14:54:22.213  1486  1729 D WifiStaIfaceHidlImpl: getCachedScanData is not implemented by HIDL
[2026-06-14T09:24:25.162Z] [ALL] 06-14 14:54:22.218  1486  3494 D SemWifiUsabilityStatsMonitor: onWifiUsabilityStats - seqNum 22691, isSameBssidAndFreq true
[2026-06-14T09:24:25.167Z] [ALL] 06-14 14:54:22.224  1486  1830 I SemWifiLinkQualityMonitor: Link stat: 885 / 734 / 1.83 (11) / 52 / -55.0 || 100.0 : 52.00 / B (B) || 75790cca2437: 1.574 / 5.084 / N / V || N N / 0 0 / N 2.0 / N -1 0.000 0.000 / N / X 0 / 179876608 0 0 || 2026-06-14 14:54:21  / 0: 0 0 0 0 0 0 / 0: 0 0 0 0 0 0 / 0: 0 0 0 0 0 0
[2026-06-14T09:24:25.529Z] [ALL] 06-14 14:54:22.592  1489  1593 I appium  : channel read: POST /session/0f023030-0d82-476d-b7c9-1bfd15340de7/element
[2026-06-14T09:24:25.531Z] [ALL] 06-14 14:54:22.592  1489  1593 I appium  : FindElement command
[2026-06-14T09:24:25.532Z] [ALL] 06-14 14:54:22.594  1489  1593 I appium  : method: 'xpath', selector: '//*[@resource-id="login_submit_btn" or @content-desc="login_submit_btn" or @text="Login" or @text="LOGIN"]'
[2026-06-14T09:24:25.532Z] [ALL] 06-14 14:54:22.594  1489  1593 I appium  : Waiting up to 10000ms for the device to idle
[2026-06-14T09:24:25.533Z] [ALL] 06-14 14:54:22.595  1489  1593 I appium  : The following attributes will be included to the page source: [text, resource-id, content-desc]
[2026-06-14T09:24:25.571Z] [ALL] 06-14 14:54:22.634  4132  5524 I SDHMS:x : SIOP:: AP:408 BAT:385 USB:367 CHG:408 PA:413 CP:410 WIFI:409 BLK:0 SUBBAT:0 LRPTHM:393 SKIN:378 SKINF:370 SKINB:378 LRP:378 LRP2:378 LRF2:370 LRB2:378 AP2:377 CHG2:364 MEM2:374 WIFI2:378 SPK2:353 VAP02:423 VWIFI:416 AVGCUR:-1 AVGSYS:427 POWER:-4
[2026-06-14T09:24:25.571Z] [ALL] 06-14 14:54:22.634  5214 25063 I FusedLocation: (REDACTED) location delivery to %s blocked - too close
[2026-06-14T09:24:25.591Z] [ALL] 06-14 14:54:22.655  1486  1514 D BrightnessThermalClamper: New thermal throttling status = 0
[2026-06-14T09:24:25.593Z] [ALL] 06-14 14:54:22.655  5214 25063 I FusedLocation: (REDACTED) location delivery to %s blocked - too close
[2026-06-14T09:24:25.598Z] [ALL] 06-14 14:54:22.658 19756 19756 D LocationTracker: Got a location update from Play Services
[2026-06-14T09:24:25.601Z] [ALL] 06-14 14:54:22.661  1486  1486 I ThermalStatusRestriction: ThermalStatus changed to 0
[2026-06-14T09:24:25.605Z] [ALL] 06-14 14:54:22.665  1486  1486 D SemWifiP2pGoPowerSave: GopsReceiver : received : com.samsung.intent.action.CHECK_SIOP_LEVEL
[2026-06-14T09:24:25.605Z] [ALL] 06-14 14:54:22.665  1486  1486 I SemWifiP2pGoPowerSave: siop_level = 0
[2026-06-14T09:24:25.607Z] [ALL] 06-14 14:54:22.670  1486  2138 D SLocation: PositionManager - Passive handleLocationChanged [F, A : 100.00, T : 1781429062624, ET : 256958246, h : 14/15]
[2026-06-14T09:24:25.607Z] [ALL] 06-14 14:54:22.670  1486  2138 D SLocation: PositionManager - receive fused location
[2026-06-14T09:24:25.607Z] [ALL] 06-14 14:54:22.671  5214 25063 I FusedLocation: (REDACTED) location delivery to %s blocked - too close
[2026-06-14T09:24:25.609Z] [ALL] 06-14 14:54:22.671  5214 25063 I FusedLocation: (REDACTED) location delivery to %s blocked - too close
[2026-06-14T09:24:25.609Z] [ALL] 06-14 14:54:22.673  1486  2138 W SLocation: GeopointGeofenceManger - refresh wifi to receive loc
[2026-06-14T09:24:25.609Z] [ALL] 06-14 14:54:22.673  1486  2138 D SLocation: GeopointGeofenceManger - Location reported : fix method = 14 / 100.0
[2026-06-14T09:24:25.610Z] [ALL] 06-14 14:54:22.674  3066  3129 I GmsPassiveListener_FLP: onGmsLocationChanged, provider=fused / speed=0.0 / time=1781429062624 / elapsed=256958246716043
[2026-06-14T09:24:25.612Z] [ALL] 06-14 14:54:22.673  1486  2138 D SLocation: LocationBuffer - receivedLocation - op[interval(min 60000, max 300000), waitTime 36000000, numOfUpdates 20, minDistance 200.0]dist : 0.0 diffTime : 60009 accept time condition
[2026-06-14T09:24:25.614Z] [ALL] 06-14 14:54:22.677  1486  2138 D SLocation: LocationBuffer - input buffer, size : 3
[2026-06-14T09:24:25.615Z] [ALL] 06-14 14:54:22.679  1486  2138 D SLocation: BatchManager - received batch location buffered = true
[2026-06-14T09:24:25.617Z] [ALL] 06-14 14:54:22.682  1486  2138 D SLocation: LastLocations - update latest location [F, A : 100.00, T : 1781429062624, ET : 256958246, h : 14/15]
[2026-06-14T09:24:25.617Z] [ALL] 06-14 14:54:22.682  1486  2138 D SLocation: ARDistanceLibManager - request distance diff to AR Distance Library
[2026-06-14T09:24:25.621Z] [ALL] 06-14 14:54:22.685  1486  2138 D SLocation: SLocationCoreSem - send to coreSem, packet length : 1 / [34]
[2026-06-14T09:24:25.621Z] [ALL] 06-14 14:54:22.685  1486  2138 D SemContextLocationCoreAttribute: setAttribute() mode : 0 action : 23
[2026-06-14T09:24:25.621Z] [ALL] 06-14 14:54:22.685  1486  2138 D SemContextService: lock : changeParameters
[2026-06-14T09:24:25.623Z] [ALL] 06-14 14:54:22.685  1486  2138 D SemContext.CaeProvider.LocationCoreImpl: setAttribute() mode : 0 action : 23
[2026-06-14T09:24:25.623Z] [ALL] 06-14 14:54:22.686  1486  2138 W CAE     : setCAProperty(ContextAwareService.java:509) - [setProperty 01] Mutex is locked for SLOCATION_RUNNER
[2026-06-14T09:24:25.623Z] [ALL] 06-14 14:54:22.687  1486  2138 I CAE     : setPropertyValue(SLocationRunner.java:116) - SLocationRunner setProperty header : 34, len : 1
[2026-06-14T09:24:25.628Z] [ALL] 06-14 14:54:22.687  1149  1149 I SurfaceFlinger: SFWD update time=179877076683355
[2026-06-14T09:24:25.628Z] [ALL] 06-14 14:54:22.688  1486  1720 D SensorService: setSContextDataLocked ints length 2 , byte length 4
[2026-06-14T09:24:25.628Z] [ALL] 06-14 14:54:22.688  1486  1720 D SensorService: setSContextDataLocked 223717c1
[2026-06-14T09:24:25.628Z] [ALL] 06-14 14:54:22.688  1067  1067 I SensorsHub: SContextSensor::injecet_sensor_data
[2026-06-14T09:24:25.628Z] [ALL] 06-14 14:54:22.689  1067  1067 D SensorsHub: c1 17 37 22  
[2026-06-14T09:24:25.628Z] [ALL] 06-14 14:54:22.689  1067  1067 D SensorsHub: inject_scontext_data: New ssp_data_injection_fd(31)
[2026-06-14T09:24:25.628Z] [ALL] 06-14 14:54:22.689  1067  1067 D SensorsHub: SContext Data Injection return 64
[2026-06-14T09:24:25.631Z] [ALL] 06-14 14:54:22.692  1067  1067 D SensorsFlicker: Als_common::setDelay, handle : 1 time : 10000000ns
[2026-06-14T09:24:25.631Z] [ALL] 06-14 14:54:22.692  1067  1177 I SensorsHub: context 38 0 37 1,1,55,0,33,33,0,0,0,0,24,184,220,148,248,14,122,0,7,195,254,104,47,180,69,192,0,0,0,25,1,249,200,120,0,0,20,248, 256958312416863
[2026-06-14T09:24:25.631Z] [ALL] 06-14 14:54:22.692  1067  1177 I SensorsHub: context 10 0 9 1,1,55,0,5,2,34,0,0,0, 256958312500457
[2026-06-14T09:24:25.631Z] [ALL] 06-14 14:54:22.693  1486  2138 W CAE     : setCAProperty(ContextAwareService.java:515) - [setProperty 02] Mutex is unlocked for SLOCATION_RUNNER
[2026-06-14T09:24:25.631Z] [ALL] 06-14 14:54:22.693  1486  2138 D SemContextService: unlock : changeParameters
[2026-06-14T09:24:25.631Z] [ALL] 06-14 14:54:22.694  1486  2138 D SemContextManager:   .changeParameters : listener = X.k@8cad1db, service=SLocation Core
[2026-06-14T09:24:25.631Z] [ALL] 06-14 14:54:22.694  1486  2138 D SLocation: SLocationCoreSem - send to coreSem, packet length : 23 / [2, 7, 195, 249, 88, 47, 180, 81, 70, 0, 0, 0, 100, 2, 0, 0, 1, 158, 197, 114, 75, 224, 0]
[2026-06-14T09:24:25.631Z] [ALL] 06-14 14:54:22.694  1486  2138 D SemContextLocationCoreAttribute: setAttribute() mode : 0 action : 23
[2026-06-14T09:24:25.631Z] [ALL] 06-14 14:54:22.694  1486  2138 D SemContextService: lock : changeParameters
[2026-06-14T09:24:25.634Z] [ALL] 06-14 14:54:22.696  1067  1067 D SensorsFlicker: Als_common::enable, handle : 1, mode : 1, en : 1
[2026-06-14T09:24:25.634Z] [ALL] 06-14 14:54:22.697  1067  1067 D SensorsFlicker: Als_common::sendCommand, send enable command
[2026-06-14T09:24:25.639Z] [ALL] 06-14 14:54:22.703  1486  2138 D SemContext.CaeProvider.LocationCoreImpl: setAttribute() mode : 0 action : 23
[2026-06-14T09:24:25.643Z] [ALL] 06-14 14:54:22.703  1486  2138 W CAE     : setCAProperty(ContextAwareService.java:509) - [setProperty 01] Mutex is locked for SLOCATION_RUNNER
[2026-06-14T09:24:25.643Z] [ALL] 06-14 14:54:22.703  1486  2138 I CAE     : setPropertyValue(SLocationRunner.java:116) - SLocationRunner setProperty header : 2, len : 23
[2026-06-14T09:24:25.643Z] [ALL] 06-14 14:54:22.705 31535 31592 I Rubin   : [2543] Z5.a.onLocationChanged(Unknown Source) : Passive location updated
[2026-06-14T09:24:25.643Z] [ALL] 06-14 14:54:22.706 31535 31656 I Rubin   : [2549] com.samsung.android.rubin.inferenceengine.contextanalytics.engine.loggers.LocationLogger.flush(Unknown Source) : flush
[2026-06-14T09:24:25.647Z] [ALL] 06-14 14:54:22.704  1486  1505 D ActivityManager: Received SERVICE intent 0xfb17ab2 Key{startService pkg=com.google.android.gms/current_semantic_location intent=act=com.google.android.gms.semanticlocation.ACTION_LOCATION xflg=0x4 cmp=com.google.android.gms/.semanticlocation.service.SemanticLocationService flags=0x2000000 u=0} requestCode=0 from uid 10262
[2026-06-14T09:24:25.648Z] [ALL] 06-14 14:54:22.711   553   568 I [CE]_ContextEngineReceiver: onReceive - action: com.samsung.android.ce.sensor.location.PASSIVE_INTENT
[2026-06-14T09:24:25.648Z] [ALL] 06-14 14:54:22.711  1486  4341 D ActivityManager: Received BROADCAST intent 0x8be60fd Key{broadcastIntent pkg=com.samsung.android.mcfds intent=act=com.samsung.android.ce.sensor.location.PASSIVE_INTENT xflg=0x4 pkg=com.samsung.android.mcfds flags=0x2000000 u=0} requestCode=20247613 sent=0 from uid 1000
[2026-06-14T09:24:25.648Z] [ALL] 06-14 14:54:22.711   553   568 I [CE]_SLocationManager: onReceive - [Passive Location] 20247613
[2026-06-14T09:24:25.655Z] [ALL] 06-14 14:54:22.717  1486  1623 I JobScheduler: maybeQueueReadyJobsForExecutionLocked: [BatchNetworkJob] 1 batched network jobs meet requirement for 204
[2026-06-14T09:24:25.662Z] [ALL] 06-14 14:54:22.722   553   568 I [CE]_PrimaryAreaManager: onNewlocation - State: 4 / 4
[2026-06-14T09:24:25.662Z] [ALL] 06-14 14:54:22.723   553   568 I [CE]_PrimaryLocationManager: checkInStayDurationNow - In CSD now? Y / In ASD now? Y
[2026-06-14T09:24:25.664Z] [ALL] 06-14 14:54:22.723   553   568 I [CE]_PrimaryLocationManager: onNewLocation - State: 4 / 4
[2026-06-14T09:24:25.666Z] [ALL] 06-14 14:54:22.729   553   568 I [CE]_ActivityDataManagerImpl: loadState - StayInfo loaded
[2026-06-14T09:24:25.671Z] [ALL] 06-14 14:54:22.735  1486  2408 E AppOps  : Bad call made by uid 1001. Package "com.android.phone" does not belong to uid 10098.
[2026-06-14T09:24:25.671Z] [ALL] 06-14 14:54:22.735  5214  3382 I TFLite-in-PlayServices: Created interpreter.
[2026-06-14T09:24:25.671Z] [ALL] 06-14 14:54:22.736  1486  2408 E AppOps  : Cannot noteOperation
[2026-06-14T09:24:25.671Z] [ALL] 06-14 14:54:22.736  1486  2408 E AppOps  : java.lang.SecurityException: Specified package "com.android.phone" under uid 10098 but it is not
[2026-06-14T09:24:25.671Z] [ALL] 06-14 14:54:22.736  1486  2408 E AppOps  : 	at com.android.server.appop.AppOpsService.verifyAndGetBypass(qb/109687721 9f5f0f7065b3ad23ed9d502775af0c1cea666b12fbbf7805224931a8c35b7b9d:63)
[2026-06-14T09:24:25.671Z] [ALL] 06-14 14:54:22.736  1486  2408 E AppOps  : 	at com.android.server.appop.AppOpsService.noteOperationUnchecked(qb/109687721 9f5f0f7065b3ad23ed9d502775af0c1cea666b12fbbf7805224931a8c35b7b9d:65)
[2026-06-14T09:24:25.671Z] [ALL] 06-14 14:54:22.736  1486  2408 E AppOps  : 	at com.android.server.appop.AppOpsService.-$$Nest$mnoteOperationImpl(qb/109687721 9f5f0f7065b3ad23ed9d502775af0c1cea666b12fbbf7805224931a8c35b7b9d:89)
[2026-06-14T09:24:25.671Z] [ALL] 06-14 14:54:22.736  1486  2408 E AppOps  : 	at com.android.server.appop.AppOpsService$CheckOpsDelegateDispatcher$$ExternalSyntheticLambda4.apply(qb/109687721 9f5f0f7065b3ad23ed9d502775af0c1cea666b12fbbf7805224931a8c35b7b9d:65)
[2026-06-14T09:24:25.671Z] [ALL] 06-14 14:54:22.736  1486  2408 E AppOps  : 	at com.android.server.policy.AppOpsPolicy.noteOperation(qb/109687721 9f5f0f7065b3ad23ed9d502775af0c1cea666b12fbbf7805224931a8c35b7b9d:35)
[2026-06-14T09:24:25.671Z] [ALL] 06-14 14:54:22.736  1486  2408 E AppOps  : 	at com.android.server.appop.AppOpsService$CheckOpsDelegateDispatcher.noteOperation(qb/109687721 9f5f0f7065b3ad23ed9d502775af0c1cea666b12fbbf7805224931a8c35b7b9d:66)
[2026-06-14T09:24:25.671Z] [ALL] 06-14 14:54:22.736  1486  2408 E AppOps  : 	at com.android.server.appop.AppOpsService.noteOperation(qb/109687721 9f5f0f7065b3ad23ed9d502775af0c1cea666b12fbbf7805224931a8c35b7b9d:20)
[2026-06-14T09:24:25.671Z] [ALL] 06-14 14:54:22.736  1486  2408 E AppOps  : 	at com.android.internal.app.IAppOpsService$Stub.onTransact(IAppOpsService.java:592)
[2026-06-14T09:24:25.671Z] [ALL] 06-14 14:54:22.736  1486  2408 E AppOps  : 	at android.os.Binder.execTransactInternal(Binder.java:1514)
[2026-06-14T09:24:25.671Z] [ALL] 06-14 14:54:22.736  1486  2408 E AppOps  : 	at android.os.Binder.execTransact(Binder.java:1454)
[2026-06-14T09:24:25.673Z] [ALL] 06-14 14:54:22.737  1486  1754 D SyncManager: userId - 0 auto - true
[2026-06-14T09:24:25.673Z] [ALL] 06-14 14:54:22.737   553   568 I [CE]_ActivityDataManagerImpl: Scan receiver - Stay detected - start time : 1781416092813, end time : 1781429062729, timestamp : 1781429062729
[2026-06-14T09:24:25.677Z] [ALL] 06-14 14:54:22.740   553   568 I [CE]_RealtimeMovingContextProvider: onReceive - Not started
[2026-06-14T09:24:25.679Z] [ALL] 06-14 14:54:22.742  5214  3382 I TFLite-in-PlayServices: Created interpreter.
[2026-06-14T09:24:25.699Z] [ALL] 06-14 14:54:22.744  1486  1623 I JobScheduler: maybeQueueReadyJobsForExecutionLocked: [BatchNetworkJob] 1 batched network jobs meet requirement for 204
[2026-06-14T09:24:25.700Z] [ALL] 06-14 14:54:22.747  5214  3382 I SemanticLocation: (REDACTED) [Inferrer] %s%s
[2026-06-14T09:24:25.700Z] [ALL] 06-14 14:54:22.751  1067  1067 I SensorsHub: activate: handle 34 enable 0
[2026-06-14T09:24:25.700Z] [ALL] 06-14 14:54:22.752  1489  1593 I appium  : Took 0ms to retrieve 0 matches for '//*[@resource-id="login_submit_btn" or @content-desc="login_submit_btn" or @text="Login" or @text="LOGIN"]' XPath2 query
[2026-06-14T09:24:25.700Z] [ALL] 06-14 14:54:22.752  1067  1067 I SensorsHub: type : 34, enable : 0
[2026-06-14T09:24:25.700Z] [ALL] 06-14 14:54:22.752  1486  1805 D BackgroundInstallControlService: Package event received: 0
[2026-06-14T09:24:25.700Z] [ALL] 06-14 14:54:22.753  1486  1754 D ActivityManager: sync unfroze 29441 com.whatsapp for 6
[2026-06-14T09:24:25.700Z] [ALL] 06-14 14:54:22.753  1486  1718 D CAE     : onGetSensorHubData(SensorHubParserProvider.java:92) - onGetSensorHubData Event [event buffer len :38], AP_WAKEUP
[2026-06-14T09:24:25.700Z] [ALL] 06-14 14:54:22.753  1489  1593 I appium  : AppiumResponse: {"sessionId":"0f023030-0d82-476d-b7c9-1bfd15340de7","value":{"error":"no such element","message":"An element could not be located on the page using the given search parameters","stacktrace":"io.appium.uiautomator2.common.exceptions.ElementNotFoundException: An element could not be located on the page using the given search parameters\n\tat io.appium.uiautomator2.utils.ElementLocationHelpers.findElement(ElementLocationHelpers.java:153)\n\tat io.appium.uiautomator2.handler.FindElement.safeHandle(FindElement.java:60)\n\tat io.appium.uiautomator2.handler.request.SafeRequestHandler.handle(SafeRequestHandler.java:59)\n\tat io.appium.uiautomator2.server.AppiumServlet.handleRequest(AppiumServlet.java:267)\n\tat io.appium.uiautomator2.server.AppiumServlet.handleHttpRequest(AppiumServlet.java:261)\n\tat io.appium.uiautomator2.http.ServerHandler.channelRead(ServerHandler.java:77)\n\tat io.netty.channel.AbstractChannelHandlerContext.fireChannelRead(AbstractChannelHandlerContext.java:357)\n\tat io.netty.handler.codec.MessageToMessageDecoder.channelRead(MessageToMessageDecoder.java:107)\n\tat io.netty.channel.AbstractChannelHandlerContext.fireChannelRead(AbstractChannelHandlerContext.java:357)\n\tat io.netty.channel.CombinedChannelDuplexHandler$DelegatingChannelHandlerContext.fireChannelRead(CombinedChannelDuplexHandler.java:434)\n\tat io.netty.handler.codec.ByteToMessageDecoder.fireChannelRead(ByteToMessageDecoder.java:361)\n\tat io.netty.handler.codec.ByteToMessageDecoder.channelRead(ByteToMessageDecoder.java:325)\n\tat io.netty.channel.CombinedChannelDuplexHandler.channelRead(CombinedChannelDuplexHandler.java:249)\n\tat io.netty.channel.AbstractChannelHandlerContext.fireChannelRead(AbstractChannelHandlerContext.java:355)\n\tat io.netty.handler.timeout.IdleStateHandler.channelRead(IdleStateHandler.java:288)\n\tat io.netty.channel.AbstractChannelHandlerContext.fireChannelRead(AbstractChannelHandlerContext.java:355)\n\tat io.netty.channel.DefaultChannelPipeline$HeadContext.channelRead(DefaultChannelPipeline.java:1429)\n\tat io.netty.channel.DefaultChannelPipeline.fireChannelRead(DefaultChannelPipeline.java:918)\n\tat io.netty.channel.nio.AbstractNioByteChannel$NioByteUnsafe.read(AbstractNioByteChannel.java:176)\n\tat io.netty.channel.nio.AbstractNioChannel$AbstractNioUnsafe.handle(AbstractNioChannel.java:445)\n\tat io.netty.channel.nio.NioIoHandler$DefaultNioRegistration.handle(NioIoHandler.java:388)\n\tat io.netty.channel.nio.NioIoHandler.processSelectedKey(NioIoHandler.java:596)\n\tat io.netty.channel.nio.NioIoHandler.processSelectedKeysOptimized(NioIoHandler.java:571)\n\tat io.netty.channel.nio.NioIoHandler.processSelectedKeys(NioIoHandler.java:512)\n\tat io.netty.channel.nio.NioIoHandler.run(NioIoHandler.java:484)\n\tat io.netty.channel.SingleThreadIoEventLoop.runIo(SingleThreadIoEventLoop.java:225)\n\tat io.netty.channel.SingleThreadIoEventLoop.run(SingleThreadIoEventLoop.java:196)\n\tat io.netty.util.concurrent.SingleThreadEventExecutor$5.run(SingleThreadEventExecutor.java:1195)\n\tat io.netty.util.internal.ThreadExecutorMap$2.run(ThreadExecutorMap.java:74)\n\tat io.netty.util.concurrent.FastThreadLocalRunnable.run(FastThreadLocalRunnable.java:30)\n\tat java.lang.Thread.run(Thread.java:1564)\n"}}
[2026-06-14T09:24:25.700Z] [ALL] 06-14 14:54:22.753  1486  1718 I CAE     : parse(SensorHubParserProvider.java:188) - buffer size = 38
[2026-06-14T09:24:25.700Z] [ALL] 06-14 14:54:22.753  1486  1754 I ActivityManager: Changes in 10405 19 to 8, 0 to 384
[2026-06-14T09:24:25.700Z] [ALL] 06-14 14:54:22.753  1486  1718 I CAE     : parse(SensorHubParserProvider.java:199) - 1, 1, 55, 0, 33, 33, 0, 0, 0, 0, 24, -72, -36, -108, -8, 14, 122, 0, 7, -61, -2, 104, 47, -76, 69, -64, 0, 0, 0, 25, 1, -7, -56, 120, 0, 0, 20, -8,
[2026-06-14T09:24:25.700Z] [ALL] 06-14 14:54:22.753  1486  1718 I CAE     : parse(SLocationRunner.java:88) - SLocationRunner parse start : 3
[2026-06-14T09:24:25.700Z] [ALL] 06-14 14:54:22.753  1486  1718 D CAE     : display(ContextProvider.java:375) - ================= SLOCATION_RUNNER =================
[2026-06-14T09:24:25.700Z] [ALL] 06-14 14:54:22.754  1486  1718 I CAE     : display(ContextProvider.java:391) - ExtraDataArray=[1, 1, 55, 0, 33, 33, 0, 0, 0, 0, 24, -72, -36, -108, -8, 14, 122, 0, 7, -61, -2, 104, 47, -76, 69, -64, 0, 0, 0, 25, 1, -7, -56, 120, 0, 0, 20, -8]
[2026-06-14T09:24:25.700Z] [ALL] 06-14 14:54:22.754  1486  1718 I CAE     : parse(SLocationRunner.java:96) - SLocationRunner parse end:38
[2026-06-14T09:24:25.700Z] [ALL] 06-14 14:54:22.754  1486  1718 D CAE     : onGetSensorHubData(SensorHubParserProvider.java:92) - onGetSensorHubData Event [event buffer len :10], AP_WAKEUP
[2026-06-14T09:24:25.700Z] [ALL] 06-14 14:54:22.754  1486  1718 I CAE     : parse(SensorHubParserProvider.java:188) - buffer size = 10
[2026-06-14T09:24:25.700Z] [ALL] 06-14 14:54:22.754  1486  1718 I CAE     : parse(SensorHubParserProvider.java:199) - 1, 1, 55, 0, 5, 2, 34, 0, 0, 0,
[2026-06-14T09:24:25.700Z] [ALL] 06-14 14:54:22.754  1486  1718 I CAE     : parse(SLocationRunner.java:88) - SLocationRunner parse start : 3
[2026-06-14T09:24:25.700Z] [ALL] 06-14 14:54:22.755  1486  1718 D CAE     : display(ContextProvider.java:375) - ================= SLOCATION_RUNNER =================
[2026-06-14T09:24:25.700Z] [ALL] 06-14 14:54:22.755  1486  1718 I CAE     : display(ContextProvider.java:391) - ExtraDataArray=[1, 1, 55, 0, 5, 2, 34, 0, 0, 0]
[2026-06-14T09:24:25.700Z] [ALL] 06-14 14:54:22.755  1486  1718 I CAE     : parse(SLocationRunner.java:96) - SLocationRunner parse end:10
[2026-06-14T09:24:25.700Z] [ALL] 06-14 14:54:22.756  1486  1715 D SemContextService: Service.updateContext() : service = SLocation Core
[2026-06-14T09:24:25.700Z] [ALL] 06-14 14:54:22.760  1486  1715 D SemContextService: Service.updateContext() : service = SLocation Core
[2026-06-14T09:24:25.700Z] [ALL] 06-14 14:54:22.760 24867 25570 I emhb    : (REDACTED) HDM. appOpsListener %s %s
[2026-06-14T09:24:25.700Z] [ALL] 06-14 14:54:22.762  3066  3129 I RequestManager_FLP: onOpChanged, op=0 / packageName=com.whatsapp
[2026-06-14T09:24:25.701Z] [ALL] 06-14 14:54:22.762  1486  1486 D SemContextManager: onSemContextChanged() : event = SLocation Core
[2026-06-14T09:24:25.701Z] [ALL] 06-14 14:54:22.762  1486  1486 D SLocation: SensorHubWrapper - SemContextChanged type = 47, packet received
[2026-06-14T09:24:25.701Z] [ALL] 06-14 14:54:22.762 24867 25570 I emhb    : (REDACTED) HDM. Ignoring irrelevant audio permission changes for package %s
[2026-06-14T09:24:25.701Z] [ALL] 06-14 14:54:22.762  1486  1486 D SemContextManager: onSemContextChanged() : event = SLocation Core
[2026-06-14T09:24:25.701Z] [ALL] 06-14 14:54:22.762  1486  1486 D SLocation: SensorHubWrapper - SemContextChanged type = 47, packet received
[2026-06-14T09:24:25.701Z] [ALL] 06-14 14:54:22.763  1486  2408 D SemContextService: lock : registerCallback
[2026-06-14T09:24:25.701Z] [ALL] 06-14 14:54:22.764  1486  1720 D SensorService: setSContextDataLocked ints length 8 , byte length 26
[2026-06-14T09:24:25.701Z] [ALL] 06-14 14:54:22.764  1486  1720 D SensorService: setSContextDataLocked 23717c1
[2026-06-14T09:24:25.701Z] [ALL] 06-14 14:54:22.765  1067  1067 I SensorsHub: SContextSensor::injecet_sensor_data
[2026-06-14T09:24:25.701Z] [ALL] 06-14 14:54:22.765  1067  1067 D SensorsHub: c1 17 37 02 07 c3 f9 58 2f b4 51 46 00 00 00 64  
[2026-06-14T09:24:25.701Z] [ALL] 06-14 14:54:22.765  1067  1067 D SensorsHub: 02 00 00 01 9e c5 72 4b e0 00  
[2026-06-14T09:24:25.701Z] [ALL] 06-14 14:54:22.765  1067  1067 D SensorsHub: inject_scontext_data: New ssp_data_injection_fd(31)
[2026-06-14T09:24:25.701Z] [ALL] 06-14 14:54:22.765  1067  1067 D SensorsHub: SContext Data Injection return 64
[2026-06-14T09:24:25.702Z] [ALL] 06-14 14:54:22.765  1486  2138 W CAE     : setCAProperty(ContextAwareService.java:515) - [setProperty 02] Mutex is unlocked for SLOCATION_RUNNER
[2026-06-14T09:24:25.702Z] [ALL] 06-14 14:54:22.765  1486  2138 D SemContextService: unlock : changeParameters
[2026-06-14T09:24:25.702Z] [ALL] 06-14 14:54:22.765  1486  2138 D SemContextManager:   .changeParameters : listener = X.k@8cad1db, service=SLocation Core
[2026-06-14T09:24:25.702Z] [ALL] 06-14 14:54:22.766  1486  2138 D SLocation: ReceiverPair - ignore direction of location due to wifi, id = 2, reason = 400
[2026-06-14T09:24:25.706Z] [ALL] 06-14 14:54:22.766  1067  1177 I SensorsHub: context 10 0 9 1,1,55,0,5,2,2,0,0,0, 256958387762801
[2026-06-14T09:24:25.706Z] [ALL] 06-14 14:54:22.766  1486  2138 D SLocation: AlarmManagerWrapper - next alarm time : 260558295 (WK)
[2026-06-14T09:24:25.706Z] [ALL] 06-14 14:54:22.767  1486  2138 D SLocation: GeofenceCoreManager - received Extra Data from core, len : 33
[2026-06-14T09:24:25.706Z] [ALL] 06-14 14:54:22.767  1486  2138 D SLocation: ARDistanceGetARDistance - convertSensorHubTimeToElapsedTime 1781414403827895622
[2026-06-14T09:24:25.706Z] [ALL] 06-14 14:54:22.767  1486  2138 D SLocation: ARDistanceGetARDistance - invalid location time from core pvt 1781414403827895622, do not use distance info
[2026-06-14T09:24:25.706Z] [ALL] 06-14 14:54:22.767  1486  1718 D CAE     : onGetSensorHubData(SensorHubParserProvider.java:92) - onGetSensorHubData Event [event buffer len :10], AP_WAKEUP
[2026-06-14T09:24:25.706Z] [ALL] 06-14 14:54:22.767  1486  2138 D SLocation: CommonCoreManager - received Extra Data from core, len : 33
[2026-06-14T09:24:25.708Z] [ALL] 06-14 14:54:22.767  1486  1718 I CAE     : parse(SensorHubParserProvider.java:188) - buffer size = 10
[2026-06-14T09:24:25.708Z] [ALL] 06-14 14:54:22.767  1486  2138 D SLocation: GeofenceCoreManager - received Extra Data from core, len : 5
[2026-06-14T09:24:25.708Z] [ALL] 06-14 14:54:22.767  1486  2138 D SLocation: GeofenceCoreManager - handleCommandCallback - UNKNOWN_CALLBACK 34 SUCCESS
[2026-06-14T09:24:25.708Z] [ALL] 06-14 14:54:22.767  1486  2138 D SLocation: ARDistanceLibManager - command callback received - CURRENT_LOCATION_REQUEST_DISTANCE ERROR CODE : ERROR_NONE
[2026-06-14T09:24:25.708Z] [ALL] 06-14 14:54:22.767  1486  2138 D SLocation: CommonCoreManager - received Extra Data from core, len : 5
[2026-06-14T09:24:25.708Z] [ALL] 06-14 14:54:22.767  1486  1718 I CAE     : parse(SensorHubParserProvider.java:199) - 1, 1, 55, 0, 5, 2, 2, 0, 0, 0,
[2026-06-14T09:24:25.708Z] [ALL] 06-14 14:54:22.767  1486  1718 I CAE     : parse(SLocationRunner.java:88) - SLocationRunner parse start : 3
[2026-06-14T09:24:25.708Z] [ALL] 06-14 14:54:22.768  1486  1718 D CAE     : display(ContextProvider.java:375) - ================= SLOCATION_RUNNER =================
[2026-06-14T09:24:25.708Z] [ALL] 06-14 14:54:22.768  1486  1718 I CAE     : display(ContextProvider.java:391) - ExtraDataArray=[1, 1, 55, 0, 5, 2, 2, 0, 0, 0]
[2026-06-14T09:24:25.708Z] [ALL] 06-14 14:54:22.768  1486  1718 I CAE     : parse(SLocationRunner.java:96) - SLocationRunner parse end:10
[2026-06-14T09:24:25.708Z] [ALL] 06-14 14:54:22.768  1486  1486 W JobService: onNetworkChanged() not implemented in com.android.server.content.SyncJobService. Must override in a subclass.
[2026-06-14T09:24:25.708Z] [ALL] 06-14 14:54:22.768  1486  1715 D SemContextService: Service.updateContext() : service = SLocation Core
[2026-06-14T09:24:25.708Z] [ALL] 06-14 14:54:22.768  1486  1486 D SemContextManager: onSemContextChanged() : event = SLocation Core
[2026-06-14T09:24:25.708Z] [ALL] 06-14 14:54:22.768  1486  1486 D SLocation: SensorHubWrapper - SemContextChanged type = 47, packet received
[2026-06-14T09:24:25.708Z] [ALL] 06-14 14:54:22.769  1486  2408 W CAE     : registerCallback(ContextAwareService.java:188) - [regi 01] Mutex is locked for TEST_FLAT_MOTION
[2026-06-14T09:24:25.708Z] [ALL] 06-14 14:54:22.769  1486  2408 W CAE     : registerCallback(ContextAwareService.java:195) - [regi 04]  com.samsung.android.contextaware.ContextAwareManager$CaListenerDelegate@3bca55e
[2026-06-14T09:24:25.708Z] [ALL] 06-14 14:54:22.769  1486  2138 D SLocation: GeofenceCoreManager - received Extra Data from core, len : 5
[2026-06-14T09:24:25.708Z] [ALL] 06-14 14:54:22.769  1486  2138 D SLocation: GeofenceCoreManager - handleCommandCallback - UNKNOWN_CALLBACK 2 SUCCESS
[2026-06-14T09:24:25.708Z] [ALL] 06-14 14:54:22.769  1486  2408 W CAE     : getListener(ListenerListManager.java:127) - [getListener1]  com.samsung.android.contextaware.ContextAwareManager$CaListenerDelegate@3bca55e
[2026-06-14T09:24:25.708Z] [ALL] 06-14 14:54:22.769  1486  2138 D SLocation: CommonCoreManager - received Extra Data from core, len : 5
[2026-06-14T09:24:25.708Z] [ALL] 06-14 14:54:22.769  1486  2138 D SLocation: CommonCoreManager - handleCommandCallback - FUNC_TYPE : SET_LOCATION  ERROR_CODE : ERROR_NONE
[2026-06-14T09:24:25.708Z] [ALL] 06-14 14:54:22.769  1486  2408 W CAE     : getListener(ListenerListManager.java:128) - [getListener2]  com.samsung.android.contextaware.manager.ContextAwareService$Listener@6a02e99
[2026-06-14T09:24:25.708Z] [ALL] 06-14 14:54:22.769  1486  2408 V CAE     : start(ContextProvider.java:128)
[2026-06-14T09:24:25.708Z] [ALL] 06-14 14:54:22.769  1486  2408 V CAE     : clear(TestFlatMotionRunner.java:126)
[2026-06-14T09:24:25.708Z] [ALL] 06-14 14:54:22.770  1486  2408 V CAE     : enable(TestFlatMotionRunner.java:102)
[2026-06-14T09:24:25.708Z] [ALL] 06-14 14:54:22.770  1486  1720 D SensorService: setSContextDataLocked ints length 2 , byte length 4
[2026-06-14T09:24:25.708Z] [ALL] 06-14 14:54:22.770  1486  1720 D SensorService: setSContextDataLocked 17b1
[2026-06-14T09:24:25.708Z] [ALL] 06-14 14:54:22.770  1067  1067 I SensorsHub: SContextSensor::injecet_sensor_data
[2026-06-14T09:24:25.708Z] [ALL] 06-14 14:54:22.770  1067  1067 D SensorsHub: b1 17 00 00  
[2026-06-14T09:24:25.708Z] [ALL] 06-14 14:54:22.770  1067  1067 D SensorsHub: inject_scontext_data: New ssp_data_injection_fd(31)
[2026-06-14T09:24:25.708Z] [ALL] 06-14 14:54:22.770  1067  1067 D SensorsHub: SContext Data Injection return 64
[2026-06-14T09:24:25.708Z] [ALL] 06-14 14:54:22.771  1486  2408 D CAE     : getFaultDetectionResult(TestFlatMotionRunner.java:139) - true
[2026-06-14T09:24:25.708Z] [ALL] 06-14 14:54:22.771  1486  2408 I CAE     : notifyCmdProcessResultObserver(ContextProvider.java:627) - CheckResult = 0, Cause = Success
[2026-06-14T09:24:25.716Z] [ALL] 06-14 14:54:22.778  1486  2408 D CAE     : doCommendProcess(ContextAwareService.java:396) - complete notify the operation result.
[2026-06-14T09:24:25.716Z] [ALL] 06-14 14:54:22.779  1486  2408 I CAE     : displayUsedCountForService(ContextAwareService.java:460) - totalCnt = 1, serviceCount = 1, subCollectionCount = 0
[2026-06-14T09:24:25.716Z] [ALL] 06-14 14:54:22.779  1486  2408 D CAE     : showListenerList(ContextAwareService.java:325) - ===== Context Aware Service List =====
[2026-06-14T09:24:25.716Z] [ALL] 06-14 14:54:22.779  1486  2408 I CAE     : showListenerList(ContextAwareService.java:334) - Listener : com.samsung.android.contextaware.manager.ContextAwareService$Listener@6a02e99, Service : ACTIVITY_TRACKER_INTERRUPT(1)
[2026-06-14T09:24:25.716Z] [ALL] 06-14 14:54:22.779  1486  2408 I CAE     : showListenerList(ContextAwareService.java:334) - Listener : com.samsung.android.contextaware.manager.ContextAwareService$Listener@6a02e99, Service : ACTIVITY_TRACKER_CURRENT_INFO(1)
[2026-06-14T09:24:25.718Z] [ALL] 06-14 14:54:22.780  1486  2408 I CAE     : showListenerList(ContextAwareService.java:334) - Listener : com.samsung.android.contextaware.manager.ContextAwareService$Listener@6a02e99, Service : ACTIVITY_TRACKER_BATCH(1)
[2026-06-14T09:24:25.718Z] [ALL] 06-14 14:54:22.780  1486  2408 I CAE     : showListenerList(ContextAwareService.java:334) - Listener : com.samsung.android.contextaware.manager.ContextAwareService$Listener@6a02e99, Service : PEDOMETER(1)
[2026-06-14T09:24:25.718Z] [ALL] 06-14 14:54:22.780  1486  2408 I CAE     : showListenerList(ContextAwareService.java:334) - Listener : com.samsung.android.contextaware.manager.ContextAwareService$Listener@6a02e99, Service : SLOCATION_RUNNER(1)
[2026-06-14T09:24:25.718Z] [ALL] 06-14 14:54:22.780  1486  2408 I CAE     : showListenerList(ContextAwareService.java:334) - Listener : com.samsung.android.contextaware.manager.ContextAwareService$Listener@6a02e99, Service : FREE_FALL_DETECTION(1)
[2026-06-14T09:24:25.719Z] [ALL] 06-14 14:54:22.781  1486  2408 I CAE     : showListenerList(ContextAwareService.java:334) - Listener : com.samsung.android.contextaware.manager.ContextAwareService$Listener@6a02e99, Service : TEST_FLAT_MOTION(1)
[2026-06-14T09:24:25.719Z] [ALL] 06-14 14:54:22.781  1486  2408 I CAE     : showListenerList(ContextAwareService.java:334) - Listener : com.samsung.android.contextaware.manager.ContextAwareService$Listener@6a02e99, Service : PEDOMETER_CURRENT_INFO(1)
[2026-06-14T09:24:25.723Z] [ALL] 06-14 14:54:22.782  1486  2408 I CAE     : showListenerList(ContextAwareService.java:334) - Listener : com.samsung.android.contextaware.manager.ContextAwareService$Listener@6a02e99, Service : ACTIVITY_TRACKER(1)
[2026-06-14T09:24:25.723Z] [ALL] 06-14 14:54:22.782  1486  2408 W CAE     : registerCallback(ContextAwareService.java:209) - [regi 02] Mutex is unlocked for TEST_FLAT_MOTION
[2026-06-14T09:24:25.723Z] [ALL] 06-14 14:54:22.782  1486  2408 E SemContext.CaeProvider: setAttribute() : attribute is null!
[2026-06-14T09:24:25.723Z] [ALL] 06-14 14:54:22.782  1486  2408 D SemContextService: 	.registerCallback : 7, client= com.sec.android.sdhms
[2026-06-14T09:24:25.723Z] [ALL] 06-14 14:54:22.784  1486  2408 D SemContextService: unlock : registerCallback
[2026-06-14T09:24:25.726Z] [ALL] 06-14 14:54:22.790  1486  2408 E SensorService: BigData:Pakage) 5 already enabled. 
[2026-06-14T09:24:25.732Z] [ALL] 06-14 14:54:22.795  4132  4387 I SemDvfsHyPerManager: acquire hyper - SIOP_OVER_LIMIT/4132@11, type = 1610616833
[2026-06-14T09:24:25.732Z] [ALL] 06-14 14:54:22.796  1075  1175 I HYPER-HAL: [RequestManager.cpp]acquire(): Acquired ID : 8584307  [4132 / 11]    HINT :      list : [OverLimit / 2400000] 
[2026-06-14T09:24:25.733Z] [ALL] 06-14 14:54:22.797  1486  4347 D PowerManagerService: [api] setMasterBrightnessLimit : lowerLimit : -1  upperLimit : 503  mMasterBrightnessLimitPeriod : 200 (uid: 1000 pid: 4132)
[2026-06-14T09:24:25.735Z] [ALL] 06-14 14:54:22.798  1486  1556 D PowerManagerService: displayReady: false groupId=0
[2026-06-14T09:24:25.735Z] [ALL] 06-14 14:54:22.798  1486  1556 D DisplayPowerController[0]: animateScreenStateChange: target=ON, mIsEnabled=true
[2026-06-14T09:24:25.735Z] [ALL] 06-14 14:54:22.798  1486  1556 D DisplayPowerController[0]: putAutoBrightnessTransitionTime: transitionTime=0
[2026-06-14T09:24:25.735Z] [ALL] 06-14 14:54:22.799  1486  1556 D SettingsProvider: PUT_ret(/system/auto_brightness_transition_time), callingPackage:android
[2026-06-14T09:24:25.735Z] [ALL] 06-14 14:54:22.799  4132  4387 W ContextImpl: Calling a method in the system process without a qualified user: android.app.ContextImpl.sendStickyBroadcast:1785 android.content.ContextWrapper.sendStickyBroadcast:741 k5.z0.s:49 k5.z0.r:82 k5.z0.k:113 
[2026-06-14T09:24:25.735Z] [ALL] 06-14 14:54:22.799  1486  1556 D PowerManagerService: displayReady: true groupId=0
[2026-06-14T09:24:25.737Z] [ALL] 06-14 14:54:22.800  5768  8927 W RemoteWorkerFactory: [RemoteWorkerFactory] ID=0989cefd-efea-4617-8443-fdb991bca138, TAG=[com.samsung.android.smartsuggestions.search.data.collector.base.RetryWorker, retryWork], WorkerClassName: androidx.work.multiprocess.RemoteListenableDelegatingWorker, RunAttemptCount=0
[2026-06-14T09:24:25.738Z] [ALL] 06-14 14:54:22.801  2112  2112 D BrightnessControllerObserver: BrightnessObserver.onChange() : auto_brightness_transition_time
[2026-06-14T09:24:25.744Z] [ALL] 06-14 14:54:22.808 27203 11353 W RemoteWorkerFactory: [RemoteWorkerFactory] ID=0989cefd-efea-4617-8443-fdb991bca138, TAG=[com.samsung.android.smartsuggestions.search.data.collector.base.RetryWorker, retryWork], WorkerClassName: com.samsung.android.smartsuggestions.search.data.collector.base.RetryWorker, RunAttemptCount=0
[2026-06-14T09:24:25.747Z] [ALL] 06-14 14:54:22.811  5768  8926 I WM-WorkerWrapper: Worker result SUCCESS for Work [ id=0989cefd-efea-4617-8443-fdb991bca138, tags={ com.samsung.android.smartsuggestions.search.data.collector.base.RetryWorker,retryWork } ]
[2026-06-14T09:24:25.748Z] [ALL] 06-14 14:54:22.812   747   747 D io_stats: !@   8,0 r 79507808 1568561937 w 12648472 207215804 d 4204467 258401044 f 0 1104305 iot 28624872 0 th 0 0 0 pt 0 inp 0 0 179877.201
[2026-06-14T09:24:25.749Z] [ALL] 06-14 14:54:22.812   747   747 D io_stats: !@ Read_top(KB): com.whatsapp(29441) 6672 system_server(1486) 1200 stagram.android(3520) 448
[2026-06-14T09:24:25.749Z] [ALL] 06-14 14:54:22.812   747   747 D io_stats: !@ Write_top(KB): kworker/u16:4(31690) 2456 sung.android.ce(553) 92 droid.rubin.app(31535) 20
[2026-06-14T09:24:25.756Z] [ALL] 06-14 14:54:22.820  1486  3015 D ConnectivityService: Returning UNBLOCKED NetworkInfo to uid=10405
[2026-06-14T09:24:25.767Z] [ALL] 06-14 14:54:22.830  1486  1605 W ProcessStats: Tracking association SourceState{f277eac system/1000 ImpBg #1023137} whose proc state 6 is better than process ProcessState{78b7490 com.whatsapp/10405 pkg=com.whatsapp} proc state 15 (15 skipped)
[2026-06-14T09:24:25.776Z] [ALL] 06-14 14:54:22.837  1486  2408 I ActivityManager: Changes in 10060 19 to 8, 0 to 384
[2026-06-14T09:24:25.782Z] [ALL] 06-14 14:54:22.846 29441 29527 E msys    : E[N WA]_WAJMNSStreamImplMNSTCPStreamCreate(361)=>[LogLevel:I] WAJMNSStream/impl/tcpStreamCreate/MNSStreamRaw/p=0xb400006f433926c0
[2026-06-14T09:24:25.782Z] [ALL] 06-14 14:54:22.846 29441 29527 E msys    : E[N WA]WAJMNSStreamImplCreate(421)=>[LogLevel:I] WAJMNSStream/impl/create/p=0xb400006f433926c0 (mnsConn=0xb400006ee33888d0)
[2026-06-14T09:24:25.783Z] [ALL] 06-14 14:54:22.848 29441 29527 E msys    : E[N WA]_WAJMNSStreamCreateMnsIpsFromIpAddressStrings(87)=>[LogLevel:I] no ip addresses provided, using DNS resolution
[2026-06-14T09:24:25.784Z] [ALL] 06-14 14:54:22.848 29441 29527 E msys    : E[N WA]WAJMNSStreamImplConnect(450)=>[LogLevel:I] WAJMNSStream/impl/connect/p=0xb400006f433926c0 (endpoint=g.whatsapp.net:443)(ipAddressCount=0)
[2026-06-14T09:24:25.786Z] [ALL] 06-14 14:54:22.850 29441 29527 E msys    : E[N WA]_WAJMNSStreamImplUpdateStreamState(230)=>[LogLevel:I] WAJMNSStream/impl/state-changed/p=0xb400006f433926c0 (initial=>connecting)
[2026-06-14T09:24:25.788Z] [ALL] 06-14 14:54:22.852 29441 29526 E msys    : E[N WCIHTTPImplNetworkSession]WCIHTTPTaskImplCreateRegular(556)=>[I] http/task/regular/create/start
[2026-06-14T09:24:25.788Z] [ALL] 06-14 14:54:22.852 29441 29526 E msys    : E[N WCIHTTPImplNetworkSession]WCIHTTPTaskImplCreateRegular(591)=>[I] http/task/regular/create/execute
[2026-06-14T09:24:25.789Z] [ALL] 06-14 14:54:22.853 29441 29526 E msys    : E[N WCIHTTPImplNetworkSession]WCIHTTPTaskImplCreateRegular(614)=>[I] http/task/regular/create/success
[2026-06-14T09:24:25.821Z] [ALL] 06-14 14:54:22.882 29441 29540 E msys    : E[N WA]_WAJMNSStreamImplOnMNSReady(259)=>[LogLevel:I] WAJMNSStream/impl/callback/onMNSReady/p=0xb400006f433926c0
[2026-06-14T09:24:25.821Z] [ALL] 06-14 14:54:22.883  1067  1067 D SensorsFlicker: Als_common::setDelay, handle : 1 time : 10000000ns
[2026-06-14T09:24:25.821Z] [ALL] 06-14 14:54:22.883 29441 29540 E msys    : E[N WA]_WAJMNSStreamImplCreateConnectionReport(194)=>[LogLevel:I] WAJMNSStream/impl/report port=443, connectedIPVersion=6, resolvedIPAddressCount=2, dnsResolutionStartTimeMS=179877240, dnsResolutionEndTimeMS=179877241, dnsCacheHit=Yes, connectStartTimeMS=179877242, connectEndTimeMS=179877270, proxyConnectStartTimeMS=0, proxyConnectEndTimeMS=0
[2026-06-14T09:24:25.821Z] [ALL] 06-14 14:54:22.883 29441 29540 E msys    : E[N WA]_WAJMNSStreamImplUpdateStreamState(230)=>[LogLevel:I] WAJMNSStream/impl/state-changed/p=0xb400006f433926c0 (connecting=>connected)
[2026-06-14T09:24:25.822Z] [ALL] 06-14 14:54:22.885  1067  1067 D SensorsFlicker: Als_common::enable, handle : 1, mode : 1, en : 0
[2026-06-14T09:24:25.822Z] [ALL] 06-14 14:54:22.885 29441 29540 E msys    : E[N mns]_OnResolverSuccess(335)=>Cache refresh succeeded with system DNS resolver. IP count: 2
[2026-06-14T09:24:25.822Z] [ALL] 06-14 14:54:22.885  1067  1067 D SensorsFlicker: Als_common::sendCommand, send disable command
[2026-06-14T09:24:25.823Z] [ALL] 06-14 14:54:22.887  1486  1881 D NetdEventListenerService: DNS Requested by 204, 10405(com.whatsapp), SUCCESS, 28ms
[2026-06-14T09:24:25.936Z] [ALL] 06-14 14:54:22.998  1486  1556 D PowerManagerService: displayReady: false groupId=0
[2026-06-14T09:24:25.936Z] [ALL] 06-14 14:54:22.999  1486  1556 D DisplayPowerController[0]: animateScreenStateChange: target=ON, mIsEnabled=true
[2026-06-14T09:24:25.936Z] [ALL] 06-14 14:54:22.999  1486  1556 D DisplayPowerController[0]: putAutoBrightnessTransitionTime: transitionTime=0
[2026-06-14T09:24:25.938Z] [ALL] 06-14 14:54:23.000  1486  1556 D PowerManagerService: displayReady: true groupId=0
[2026-06-14T09:24:26.062Z] [ALL] 06-14 14:54:23.124  1486  1680 I HqmInfo::HqmManagerService: MSG_TYPE:MSG_TYPE_PROCESS_LOG_BY_HQM
[2026-06-14T09:24:26.080Z] [ALL] 06-14 14:54:23.143  1486  1526 D ActivityManager: sync unfroze 32590 com.samsung.android.dqagent for 3
[2026-06-14T09:24:26.111Z] [ALL] 06-14 14:54:23.174  1486  2138 D SLocation: WifiBssidMonitor - requestRefresh
[2026-06-14T09:24:26.112Z] [ALL] 06-14 14:54:23.175  1486  2138 W SLocation: WifiBssidMonitor - connected wifi : (14:33:75:**:**:ca/766)
[2026-06-14T09:24:26.129Z] [ALL] 06-14 14:54:23.191  1067  1067 I SensorsHub: batch: handle=5 period=200000000 timeout=0
[2026-06-14T09:24:26.130Z] [ALL] 06-14 14:54:23.193  1486  1605 E SensorService: BigData:Pakage) 5 already disabled. 
[2026-06-14T09:24:26.130Z] [ALL] 06-14 14:54:23.193  1067  1067 I SensorsHub: batch: handle=5 period=200000000 timeout=0
[2026-06-14T09:24:26.131Z] [ALL] 06-14 14:54:23.194  1486  3015 W ActivityManager: Background start not allowed: service Intent { act=com.whatsapp.messageservice.messaging.MessageService.START xflg=0x4 cmp=com.whatsapp/.messageservice.messaging.MessageService } to com.whatsapp/.messageservice.messaging.MessageService from pid=29441 uid=10405 pkg=com.whatsapp startFg?=false
[2026-06-14T09:24:26.139Z] [ALL] 06-14 14:54:23.201  1486  1556 D PowerManagerService: displayReady: false groupId=0
[2026-06-14T09:24:26.139Z] [ALL] 06-14 14:54:23.201  1486  1556 D DisplayPowerController[0]: animateScreenStateChange: target=ON, mIsEnabled=true
[2026-06-14T09:24:26.139Z] [ALL] 06-14 14:54:23.202  1486  1556 D DisplayPowerController[0]: putAutoBrightnessTransitionTime: transitionTime=0
[2026-06-14T09:24:26.139Z] [ALL] 06-14 14:54:23.203  1486  1556 D PowerManagerService: displayReady: true groupId=0
[2026-06-14T09:24:26.162Z] [ALL] 06-14 14:54:23.226  1486  1500 I system_server: Background concurrent mark compact GC freed 30MB AllocSpace bytes, 169(3412KB) LOS objects, 23% free, 154MB/202MB, paused 1.940ms,10.539ms total 446.134ms
[2026-06-14T09:24:26.206Z] [ALL] 06-14 14:54:23.268  1489  1593 I appium  : channel read: POST /session/0f023030-0d82-476d-b7c9-1bfd15340de7/element
[2026-06-14T09:24:26.206Z] [ALL] 06-14 14:54:23.268  1489  1593 I appium  : FindElement command
[2026-06-14T09:24:26.209Z] [ALL] 06-14 14:54:23.269  1489  1593 I appium  : method: 'xpath', selector: '//*[@resource-id="login_submit_btn" or @content-desc="login_submit_btn" or @text="Login" or @text="LOGIN"]'
[2026-06-14T09:24:26.209Z] [ALL] 06-14 14:54:23.269  1489  1593 I appium  : Waiting up to 10000ms for the device to idle
[2026-06-14T09:24:26.209Z] [ALL] 06-14 14:54:23.270  1489  1593 I appium  : The following attributes will be included to the page source: [text, resource-id, content-desc]
[2026-06-14T09:24:26.255Z] [ALL] 06-14 14:54:23.319  1489  1593 I appium  : Took 0ms to retrieve 0 matches for '//*[@resource-id="login_submit_btn" or @content-desc="login_submit_btn" or @text="Login" or @text="LOGIN"]' XPath2 query
[2026-06-14T09:24:26.257Z] [ALL] 06-14 14:54:23.320  1489  1593 I appium  : AppiumResponse: {"sessionId":"0f023030-0d82-476d-b7c9-1bfd15340de7","value":{"error":"no such element","message":"An element could not be located on the page using the given search parameters","stacktrace":"io.appium.uiautomator2.common.exceptions.ElementNotFoundException: An element could not be located on the page using the given search parameters\n\tat io.appium.uiautomator2.utils.ElementLocationHelpers.findElement(ElementLocationHelpers.java:153)\n\tat io.appium.uiautomator2.handler.FindElement.safeHandle(FindElement.java:60)\n\tat io.appium.uiautomator2.handler.request.SafeRequestHandler.handle(SafeRequestHandler.java:59)\n\tat io.appium.uiautomator2.server.AppiumServlet.handleRequest(AppiumServlet.java:267)\n\tat io.appium.uiautomator2.server.AppiumServlet.handleHttpRequest(AppiumServlet.java:261)\n\tat io.appium.uiautomator2.http.ServerHandler.channelRead(ServerHandler.java:77)\n\tat io.netty.channel.AbstractChannelHandlerContext.fireChannelRead(AbstractChannelHandlerContext.java:357)\n\tat io.netty.handler.codec.MessageToMessageDecoder.channelRead(MessageToMessageDecoder.java:107)\n\tat io.netty.channel.AbstractChannelHandlerContext.fireChannelRead(AbstractChannelHandlerContext.java:357)\n\tat io.netty.channel.CombinedChannelDuplexHandler$DelegatingChannelHandlerContext.fireChannelRead(CombinedChannelDuplexHandler.java:434)\n\tat io.netty.handler.codec.ByteToMessageDecoder.fireChannelRead(ByteToMessageDecoder.java:361)\n\tat io.netty.handler.codec.ByteToMessageDecoder.channelRead(ByteToMessageDecoder.java:325)\n\tat io.netty.channel.CombinedChannelDuplexHandler.channelRead(CombinedChannelDuplexHandler.java:249)\n\tat io.netty.channel.AbstractChannelHandlerContext.fireChannelRead(AbstractChannelHandlerContext.java:355)\n\tat io.netty.handler.timeout.IdleStateHandler.channelRead(IdleStateHandler.java:288)\n\tat io.netty.channel.AbstractChannelHandlerContext.fireChannelRead(AbstractChannelHandlerContext.java:355)\n\tat io.netty.channel.DefaultChannelPipeline$HeadContext.channelRead(DefaultChannelPipeline.java:1429)\n\tat io.netty.channel.DefaultChannelPipeline.fireChannelRead(DefaultChannelPipeline.java:918)\n\tat io.netty.channel.nio.AbstractNioByteChannel$NioByteUnsafe.read(AbstractNioByteChannel.java:176)\n\tat io.netty.channel.nio.AbstractNioChannel$AbstractNioUnsafe.handle(AbstractNioChannel.java:445)\n\tat io.netty.channel.nio.NioIoHandler$DefaultNioRegistration.handle(NioIoHandler.java:388)\n\tat io.netty.channel.nio.NioIoHandler.processSelectedKey(NioIoHandler.java:596)\n\tat io.netty.channel.nio.NioIoHandler.processSelectedKeysOptimized(NioIoHandler.java:571)\n\tat io.netty.channel.nio.NioIoHandler.processSelectedKeys(NioIoHandler.java:512)\n\tat io.netty.channel.nio.NioIoHandler.run(NioIoHandler.java:484)\n\tat io.netty.channel.SingleThreadIoEventLoop.runIo(SingleThreadIoEventLoop.java:225)\n\tat io.netty.channel.SingleThreadIoEventLoop.run(SingleThreadIoEventLoop.java:196)\n\tat io.netty.util.concurrent.SingleThreadEventExecutor$5.run(SingleThreadEventExecutor.java:1195)\n\tat io.netty.util.internal.ThreadExecutorMap$2.run(ThreadExecutorMap.java:74)\n\tat io.netty.util.concurrent.FastThreadLocalRunnable.run(FastThreadLocalRunnable.java:30)\n\tat java.lang.Thread.run(Thread.java:1564)\n"}}
[2026-06-14T09:24:26.342Z] [ALL] 06-14 14:54:23.402  1486  1556 D PowerManagerService: displayReady: false groupId=0
[2026-06-14T09:24:26.342Z] [ALL] 06-14 14:54:23.403  1486  1556 D DisplayPowerController[0]: animateScreenStateChange: target=ON, mIsEnabled=true
[2026-06-14T09:24:26.342Z] [ALL] 06-14 14:54:23.404  1486  1556 D DisplayPowerController[0]: putAutoBrightnessTransitionTime: transitionTime=0
[2026-06-14T09:24:26.342Z] [ALL] 06-14 14:54:23.405  1486  1556 D PowerManagerService: displayReady: true groupId=0
[2026-06-14T09:24:26.344Z] [ALL] 06-14 14:54:23.407  1486  1828 I SemWifiServiceDetector: Service det. suspended: T / T / 19967
[2026-06-14T09:24:26.442Z] [ALL] 06-14 14:54:23.505  1486  1605 W JobInfo : Job 'com.whatsapp/.infra.push.RegistrationIntentService#4' has a deadline with no functional constraints. The deadline won't improve job execution latency. Consider removing the deadline.
[2026-06-14T09:24:26.461Z] [ALL] 06-14 14:54:23.524 29441 29577 D WM-SystemJobScheduler: Scheduling work ID f6cc32a7-8f9c-47db-a44f-859006bf0cebJob ID 213867
[2026-06-14T09:24:26.469Z] [ALL] 06-14 14:54:23.530  1486  2408 I ActivityManager: Changes in 10080 10 to 10, 256 to 384
[2026-06-14T09:24:26.477Z] [ALL] 06-14 14:54:23.533  1486  1605 I ActivityManager: Changes in 10405 8 to 8, 384 to 392
[2026-06-14T09:24:26.477Z] [ALL] 06-14 14:54:23.538 24867 25570 I emhb    : (REDACTED) HDM. appOpsListener %s %s
[2026-06-14T09:24:26.477Z] [ALL] 06-14 14:54:23.539 24867 25570 I emhb    : (REDACTED) HDM. Ignoring irrelevant audio permission changes for package %s
[2026-06-14T09:24:26.481Z] [ALL] 06-14 14:54:23.544  3066  3129 I RequestManager_FLP: onOpChanged, op=0 / packageName=com.whatsapp
[2026-06-14T09:24:26.484Z] [ALL] 06-14 14:54:23.545 29441 29577 D WM-GreedyScheduler: Starting tracking for f6cc32a7-8f9c-47db-a44f-859006bf0ceb
[2026-06-14T09:24:26.489Z] [ALL] 06-14 14:54:23.551  1067  1177 I SensorsHub: context 4 0 3 1,1,23,1, 256959171543895
[2026-06-14T09:24:26.489Z] [ALL] 06-14 14:54:23.551 29441 29441 D WM-SystemJobService: onStartJob for WorkGenerationalId(workSpecId=f6cc32a7-8f9c-47db-a44f-859006bf0ceb, generation=0)
[2026-06-14T09:24:26.489Z] [ALL] 06-14 14:54:23.552  1486  1718 D CAE     : onGetSensorHubData(SensorHubParserProvider.java:92) - onGetSensorHubData Event [event buffer len :4], AP_WAKEUP
[2026-06-14T09:24:26.489Z] [ALL] 06-14 14:54:23.552  1486  1718 I CAE     : parse(SensorHubParserProvider.java:188) - buffer size = 4
[2026-06-14T09:24:26.489Z] [ALL] 06-14 14:54:23.552  1486  1718 I CAE     : parse(SensorHubParserProvider.java:199) - 1, 1, 23, 1,
[2026-06-14T09:24:26.493Z] [ALL] 06-14 14:54:23.552  1486  1718 D CAE     : display(ContextProvider.java:375) - ================= TEST_FLAT_MOTION =================
[2026-06-14T09:24:26.493Z] [ALL] 06-14 14:54:23.552  1486  1718 I CAE     : display(ContextProvider.java:391) - Action=[1]
[2026-06-14T09:24:26.495Z] [ALL] 06-14 14:54:23.555  1486  1715 D SemContextService: Service.updateContext() : service = Device Position
[2026-06-14T09:24:26.503Z] [ALL] 06-14 14:54:23.565  1486  1605 D SemContextService: lock : unregisterCallback
[2026-06-14T09:24:26.503Z] [ALL] 06-14 14:54:23.566  1486  1605 D SemContextService: Service.removeListenerLocked() : listener = com.samsung.android.hardware.context.SemContextService$Listener@b904e6a, service = Device Position, used = 0
[2026-06-14T09:24:26.503Z] [ALL] 06-14 14:54:23.566  1486  1605 W CAE     : unregisterCallback(ContextAwareService.java:230) - [unregi 01] Mutex is locked for TEST_FLAT_MOTION
[2026-06-14T09:24:26.503Z] [ALL] 06-14 14:54:23.566  1486  1605 W CAE     : getListener(ListenerListManager.java:127) - [getListener1]  com.samsung.android.contextaware.ContextAwareManager$CaListenerDelegate@3bca55e
[2026-06-14T09:24:26.505Z] [ALL] 06-14 14:54:23.566  1486  1605 W CAE     : getListener(ListenerListManager.java:128) - [getListener2]  com.samsung.android.contextaware.manager.ContextAwareService$Listener@6a02e99
[2026-06-14T09:24:26.505Z] [ALL] 06-14 14:54:23.566  1486  1605 V CAE     : stop(ContextProvider.java:155)
[2026-06-14T09:24:26.505Z] [ALL] 06-14 14:54:23.567  1486  1605 V CAE     : clear(TestFlatMotionRunner.java:126)
[2026-06-14T09:24:26.505Z] [ALL] 06-14 14:54:23.567  1486  1605 V CAE     : disable(TestFlatMotionRunner.java:115)
[2026-06-14T09:24:26.506Z] [ALL] 06-14 14:54:23.568  1486  1720 D SensorService: setSContextDataLocked ints length 2 , byte length 4
[2026-06-14T09:24:26.506Z] [ALL] 06-14 14:54:23.568  1486  1720 D SensorService: setSContextDataLocked 17b2
[2026-06-14T09:24:26.506Z] [ALL] 06-14 14:54:23.569  1067  1067 I SensorsHub: SContextSensor::injecet_sensor_data
[2026-06-14T09:24:26.506Z] [ALL] 06-14 14:54:23.569  1067  1067 D SensorsHub: b2 17 00 00  
[2026-06-14T09:24:26.506Z] [ALL] 06-14 14:54:23.569  1067  1067 D SensorsHub: inject_scontext_data: New ssp_data_injection_fd(31)
[2026-06-14T09:24:26.506Z] [ALL] 06-14 14:54:23.569  1067  1067 D SensorsHub: SContext Data Injection return 64
[2026-06-14T09:24:26.512Z] [ALL] 06-14 14:54:23.571 29441 29577 D WM-Processor: 1ZT: processing WorkGenerationalId(workSpecId=f6cc32a7-8f9c-47db-a44f-859006bf0ceb, generation=0)
[2026-06-14T09:24:26.512Z] [ALL] 06-14 14:54:23.574  1486  1605 D CAE     : getFaultDetectionResult(TestFlatMotionRunner.java:139) - true
[2026-06-14T09:24:26.512Z] [ALL] 06-14 14:54:23.575  1486  1605 I CAE     : notifyCmdProcessResultObserver(ContextProvider.java:627) - CheckResult = 0, Cause = Success
[2026-06-14T09:24:26.517Z] [ALL] 06-14 14:54:23.577  1486  1605 D CAE     : doCommendProcess(ContextAwareService.java:396) - complete notify the operation result.
[2026-06-14T09:24:26.517Z] [ALL] 06-14 14:54:23.577  1486  1605 I CAE     : displayUsedCountForService(ContextAwareService.java:460) - totalCnt = 0, serviceCount = 0, subCollectionCount = 0
[2026-06-14T09:24:26.517Z] [ALL] 06-14 14:54:23.578  1486  1605 D CAE     : showListenerList(ContextAwareService.java:325) - ===== Context Aware Service List =====
[2026-06-14T09:24:26.517Z] [ALL] 06-14 14:54:23.578  1486  1605 I CAE     : showListenerList(ContextAwareService.java:334) - Listener : com.samsung.android.contextaware.manager.ContextAwareService$Listener@6a02e99, Service : ACTIVITY_TRACKER_INTERRUPT(1)
[2026-06-14T09:24:26.519Z] [ALL] 06-14 14:54:23.578  1486  1605 I CAE     : showListenerList(ContextAwareService.java:334) - Listener : com.samsung.android.contextaware.manager.ContextAwareService$Listener@6a02e99, Service : ACTIVITY_TRACKER_CURRENT_INFO(1)
[2026-06-14T09:24:26.519Z] [ALL] 06-14 14:54:23.578  1486  1605 I CAE     : showListenerList(ContextAwareService.java:334) - Listener : com.samsung.android.contextaware.manager.ContextAwareService$Listener@6a02e99, Service : ACTIVITY_TRACKER_BATCH(1)
[2026-06-14T09:24:26.519Z] [ALL] 06-14 14:54:23.578  1486  1605 I CAE     : showListenerList(ContextAwareService.java:334) - Listener : com.samsung.android.contextaware.manager.ContextAwareService$Listener@6a02e99, Service : PEDOMETER(1)
[2026-06-14T09:24:26.519Z] [ALL] 06-14 14:54:23.578  1486  1605 I CAE     : showListenerList(ContextAwareService.java:334) - Listener : com.samsung.android.contextaware.manager.ContextAwareService$Listener@6a02e99, Service : SLOCATION_RUNNER(1)
[2026-06-14T09:24:26.519Z] [ALL] 06-14 14:54:23.578  1486  1605 I CAE     : showListenerList(ContextAwareService.java:334) - Listener : com.samsung.android.contextaware.manager.ContextAwareService$Listener@6a02e99, Service : FREE_FALL_DETECTION(1)
[2026-06-14T09:24:26.519Z] [ALL] 06-14 14:54:23.578  1486  1605 I CAE     : showListenerList(ContextAwareService.java:334) - Listener : com.samsung.android.contextaware.manager.ContextAwareService$Listener@6a02e99, Service : PEDOMETER_CURRENT_INFO(1)
[2026-06-14T09:24:26.519Z] [ALL] 06-14 14:54:23.578  1486  1605 I CAE     : showListenerList(ContextAwareService.java:334) - Listener : com.samsung.android.contextaware.manager.ContextAwareService$Listener@6a02e99, Service : ACTIVITY_TRACKER(1)
[2026-06-14T09:24:26.519Z] [ALL] 06-14 14:54:23.579  1486  1605 W CAE     : unregisterCallback(ContextAwareService.java:251) - [unregi 02] Mutex is unlocked for TEST_FLAT_MOTION
[2026-06-14T09:24:26.519Z] [ALL] 06-14 14:54:23.579  1486  1605 D SemContextService: 	.unregisterCallback : 7, client= com.sec.android.sdhms
[2026-06-14T09:24:26.519Z] [ALL] 06-14 14:54:23.579  1486  1605 D SemContextService: unlock : unregisterCallback
[2026-06-14T09:24:26.538Z] [ALL] 06-14 14:54:23.601 29441 29441 D WM-WorkerWrapper: Starting work for com.whatsapp.xmpp.messaging.XmppLifecycleWorker
[2026-06-14T09:24:26.543Z] [ALL] 06-14 14:54:23.603  1486  1556 D PowerManagerService: displayReady: false groupId=0
[2026-06-14T09:24:26.544Z] [ALL] 06-14 14:54:23.603  1486  1556 D DisplayPowerController[0]: animateScreenStateChange: target=ON, mIsEnabled=true
[2026-06-14T09:24:26.544Z] [ALL] 06-14 14:54:23.604  1486  1556 D DisplayPowerController[0]: putAutoBrightnessTransitionTime: transitionTime=0
[2026-06-14T09:24:26.544Z] [ALL] 06-14 14:54:23.604  1486  1556 D PowerManagerService: displayReady: true groupId=0
[2026-06-14T09:24:26.544Z] [ALL] 06-14 14:54:23.605 29441 29577 D WM-ConstraintTracker: 1ZN: initial state = NetworkState(isConnected=true, isValidated=true, isMetered=false, isNotRoaming=true)
[2026-06-14T09:24:26.544Z] [ALL] 06-14 14:54:23.606 29441 29577 D WM-NetworkStateTracker: Registering network callback
[2026-06-14T09:24:26.544Z] [ALL] 06-14 14:54:23.606  1486  4347 D PackageManager: setEnabledSetting : userId = 0 packageName = com.facebook.services cmp = com.facebook.oxygen.services.fbns.RegisteredMqttSystemBroadcastReceiver newState = 1 callingPackage = com.facebook.services
[2026-06-14T09:24:26.544Z] [ALL] 06-14 14:54:23.606  1486  4347 D ApplicationPolicy: getApplicationStateEnabled : pkg = com.facebook.services userId : 0
[2026-06-14T09:24:26.546Z] [ALL] 06-14 14:54:23.610  1486  4347 D ApplicationPolicy: getApplicationComponentState : pkg = com.facebook.services userId : 0
[2026-06-14T09:24:26.556Z] [ALL] 06-14 14:54:23.617 29441 29577 D ConnectivityManager: StackLog: [android.net.ConnectivityManager.sendRequestForNetwork(ConnectivityManager.java:4740)] [android.net.ConnectivityManager.registerDefaultNetworkCallbackForUid(ConnectivityManager.java:5465)] [android.net.ConnectivityManager.registerDefaultNetworkCallback(ConnectivityManager.java:5432)] [android.net.ConnectivityManager.registerDefaultNetworkCallback(ConnectivityManager.java:5406)] [X.1ZN.A03(:25)] [X.Lxt.invokeSuspend(:319)] [X.Lxt.invoke(:13)] [X.1mJ.A00(:2)] [X.1mK.A00(:57)] [X.3M1.invokeSuspend(:1525)] [X.0Yo.resumeWith(:8)] [X.0ZD.run(:89)] [X.1aA.run(:2)] [java.util.concurrent.ThreadPoolExecutor.runWorker(ThreadPoolExecutor.java:1154)] [java.util.concurrent.ThreadPoolExecutor$Worker.run(ThreadPoolExecutor.java:652)] [java.lang.Thread.run(Thread.java:1564)]
[2026-06-14T09:24:26.557Z] [ALL] 06-14 14:54:23.619  1486  1605 I ActivityManager: Changes in 10080 10 to 10, 384 to 256
[2026-06-14T09:24:26.557Z] [ALL] 06-14 14:54:23.619  1486  4347 D ConnectivityService: requestNetwork for uid/pid:10405/29441 activeRequest: null callbackRequest: 49699 [NetworkRequest [ TRACK_DEFAULT id=49700, [ Capabilities: INTERNET&NOT_RESTRICTED&TRUSTED&NOT_VCN_MANAGED&NOT_BANDWIDTH_CONSTRAINED Uid: 10405 RequestorUid: 10405 RequestorPkg: com.whatsapp UnderlyingNetworks: Null] ], NetworkRequest [ REQUEST id=49701, [ Transports: SATELLITE Capabilities: INTERNET&NOT_RESTRICTED&TRUSTED&NOT_VCN_MANAGED Uid: 10405 RequestorUid: 10405 RequestorPkg: com.whatsapp UnderlyingNetworks: Null] ]] callback flags: 0 order: 2147483647 isUidTracked: false declaredMethods: AVAIL|LOST|NC
[2026-06-14T09:24:26.557Z] [ALL] 06-14 14:54:23.620 29441 29441 E WakeLockMetricsCollector: Unknown wakelock modified
[2026-06-14T09:24:26.557Z] [ALL] 06-14 14:54:23.621  1486  1741 D ConnectivityService:    accepting network in place of null for NetworkRequest [ TRACK_DEFAULT id=49700, [ Capabilities: INTERNET&NOT_RESTRICTED&TRUSTED&NOT_VCN_MANAGED&NOT_BANDWIDTH_CONSTRAINED Uid: 10405 RequestorUid: 10405 RequestorPkg: com.whatsapp UnderlyingNetworks: Null] ]
[2026-06-14T09:24:26.559Z] [ALL] 06-14 14:54:23.622 29441 29577 D WM-GreedyScheduler: Constraints met: Scheduling work ID WorkGenerationalId(workSpecId=f6cc32a7-8f9c-47db-a44f-859006bf0ceb, generation=0)
[2026-06-14T09:24:26.562Z] [ALL] 06-14 14:54:23.624 29441 29577 D WM-Processor: Work WorkGenerationalId(workSpecId=f6cc32a7-8f9c-47db-a44f-859006bf0ceb, generation=0) is already enqueued for processing
[2026-06-14T09:24:26.562Z] [ALL] 06-14 14:54:23.624 29441 29583 D WM-NetworkStateTracker: Network capabilities changed: [ Transports: WIFI Capabilities: NOT_METERED&INTERNET&NOT_RESTRICTED&TRUSTED&NOT_VPN&VALIDATED&NOT_ROAMING&FOREGROUND&NOT_CONGESTED&NOT_SUSPENDED&NOT_VCN_MANAGED&NOT_BANDWIDTH_CONSTRAINED LinkUpBandwidth>=12000Kbps LinkDnBandwidth>=32786Kbps TransportInfo: <SSID: <unknown ssid>, BSSID: 02:00:00:00:00:00, MAC: 02:00:00:00:00:00, IP: /192.168.1.5, Security type: 2, Supplicant state: COMPLETED, Wi-Fi standard: 11n, RSSI: -50, Link speed: 26Mbps, Tx Link speed: 26Mbps, Max Supported Tx Link speed: 144Mbps, Rx Link speed: 72Mbps, Max Supported Rx Link speed: 144Mbps, Frequency: 2437MHz, Net ID: -1, Metered hint: false, score: 60, isUsable: true, CarrierMerged: false, SubscriptionId: -1, IsPrimary: -1, Trusted: true, Restricted: false, Ephemeral: false, OEM paid: false, OEM private: false, OSU AP: false, FQDN: <none>, Provider friendly name: <none>, Requesting package name: <none><none>MLO Information: , Is TID-To-Link negotiation supported by the AP: false, AP MLD Address: <none>, AP MLO Link Id: <none>, AP MLO Affiliated links: <none>, Vendor Data: <none>> SignalStrength: -50 UnderlyingNetworks: Null]
[2026-06-14T09:24:26.565Z] [ALL] 06-14 14:54:23.629 29441 29576 E WakeLockMetricsCollector: Unknown wakelock modified
[2026-06-14T09:24:26.568Z] [ALL] 06-14 14:54:23.633  1486  1741 D ConnectivityService: Rematched networks [computed 1ms] [applied 3ms] [issued 9]
[2026-06-14T09:24:26.571Z] [ALL] 06-14 14:54:23.633  1486  1741 D ConnectivityService: NetworkReassignment :
[2026-06-14T09:24:26.571Z] [ALL] 06-14 14:54:23.633  1486  1741 D ConnectivityService:   49700 : null → 204
[2026-06-14T09:24:26.645Z] [ALL] 06-14 14:54:23.709  5214  5214 D BoundBrokerSvc: onRebind: Intent { act=com.google.android.gms.libs.gmscorelogger.service.START dat=chimera-action:/... xflg=0x4 cmp=com.google.android.gms/.chimera.PersistentDirectBootAwareApiService }
[2026-06-14T09:24:26.784Z] [ALL] 06-14 14:54:23.805  1486  1556 D PowerManagerService: displayReady: false groupId=0
[2026-06-14T09:24:26.785Z] [ALL] 06-14 14:54:23.805  1486  1556 D DisplayPowerController[0]: animateScreenStateChange: target=ON, mIsEnabled=true
[2026-06-14T09:24:26.792Z] [ALL] 06-14 14:54:23.806  1486  1556 D DisplayPowerController[0]: putAutoBrightnessTransitionTime: transitionTime=0
[2026-06-14T09:24:26.792Z] [ALL] 06-14 14:54:23.807  1486  1556 D PowerManagerService: displayReady: true groupId=0
[2026-06-14T09:24:26.792Z] [ALL] 06-14 14:54:23.846  1489  1593 I appium  : channel read: POST /session/0f023030-0d82-476d-b7c9-1bfd15340de7/element
[2026-06-14T09:24:26.792Z] [ALL] 06-14 14:54:23.846  1489  1593 I appium  : FindElement command
[2026-06-14T09:24:26.792Z] [ALL] 06-14 14:54:23.847  1489  1593 I appium  : method: 'xpath', selector: '//*[@resource-id="login_submit_btn" or @content-desc="login_submit_btn" or @text="Login" or @text="LOGIN"]'
[2026-06-14T09:24:26.792Z] [ALL] 06-14 14:54:23.848  1489  1593 I appium  : Waiting up to 10000ms for the device to idle
[2026-06-14T09:24:26.794Z] [ALL] 06-14 14:54:23.849  1489  1593 I appium  : The following attributes will be included to the page source: [text, resource-id, content-desc]
[2026-06-14T09:24:26.794Z] [ALL] 06-14 14:54:23.855  1489  1493 I tomator2.server: Method exceeds compiler instruction limit: 19260 in java_cup.runtime.Symbol org.eclipse.wst.xml.xpath2.processor.internal.CUP$XPathCup$actions.CUP$XPathCup$do_action(int, java_cup.runtime.lr_parser, java.util.Stack, int)
[2026-06-14T09:24:26.941Z] [ALL] 06-14 14:54:24.005  1489  1593 I appium  : Took 0ms to retrieve 0 matches for '//*[@resource-id="login_submit_btn" or @content-desc="login_submit_btn" or @text="Login" or @text="LOGIN"]' XPath2 query
[2026-06-14T09:24:26.943Z] [ALL] 06-14 14:54:24.005  1486  1556 D PowerManagerService: displayReady: false groupId=0
[2026-06-14T09:24:26.943Z] [ALL] 06-14 14:54:24.006  1486  1556 D DisplayPowerController[0]: animateScreenStateChange: target=ON, mIsEnabled=true
[2026-06-14T09:24:26.943Z] [ALL] 06-14 14:54:24.006  1486  1556 D DisplayPowerController[0]: putAutoBrightnessTransitionTime: transitionTime=0
[2026-06-14T09:24:26.948Z] [ALL] 06-14 14:54:24.007  1489  1593 I appium  : AppiumResponse: {"sessionId":"0f023030-0d82-476d-b7c9-1bfd15340de7","value":{"error":"no such element","message":"An element could not be located on the page using the given search parameters","stacktrace":"io.appium.uiautomator2.common.exceptions.ElementNotFoundException: An element could not be located on the page using the given search parameters\n\tat io.appium.uiautomator2.utils.ElementLocationHelpers.findElement(ElementLocationHelpers.java:153)\n\tat io.appium.uiautomator2.handler.FindElement.safeHandle(FindElement.java:60)\n\tat io.appium.uiautomator2.handler.request.SafeRequestHandler.handle(SafeRequestHandler.java:59)\n\tat io.appium.uiautomator2.server.AppiumServlet.handleRequest(AppiumServlet.java:267)\n\tat io.appium.uiautomator2.server.AppiumServlet.handleHttpRequest(AppiumServlet.java:261)\n\tat io.appium.uiautomator2.http.ServerHandler.channelRead(ServerHandler.java:77)\n\tat io.netty.channel.AbstractChannelHandlerContext.fireChannelRead(AbstractChannelHandlerContext.java:357)\n\tat io.netty.handler.codec.MessageToMessageDecoder.channelRead(MessageToMessageDecoder.java:107)\n\tat io.netty.channel.AbstractChannelHandlerContext.fireChannelRead(AbstractChannelHandlerContext.java:357)\n\tat io.netty.channel.CombinedChannelDuplexHandler$DelegatingChannelHandlerContext.fireChannelRead(CombinedChannelDuplexHandler.java:434)\n\tat io.netty.handler.codec.ByteToMessageDecoder.fireChannelRead(ByteToMessageDecoder.java:361)\n\tat io.netty.handler.codec.ByteToMessageDecoder.channelRead(ByteToMessageDecoder.java:325)\n\tat io.netty.channel.CombinedChannelDuplexHandler.channelRead(CombinedChannelDuplexHandler.java:249)\n\tat io.netty.channel.AbstractChannelHandlerContext.fireChannelRead(AbstractChannelHandlerContext.java:355)\n\tat io.netty.handler.timeout.IdleStateHandler.channelRead(IdleStateHandler.java:288)\n\tat io.netty.channel.AbstractChannelHandlerContext.fireChannelRead(AbstractChannelHandlerContext.java:355)\n\tat io.netty.channel.DefaultChannelPipeline$HeadContext.channelRead(DefaultChannelPipeline.java:1429)\n\tat io.netty.channel.DefaultChannelPipeline.fireChannelRead(DefaultChannelPipeline.java:918)\n\tat io.netty.channel.nio.AbstractNioByteChannel$NioByteUnsafe.read(AbstractNioByteChannel.java:176)\n\tat io.netty.channel.nio.AbstractNioChannel$AbstractNioUnsafe.handle(AbstractNioChannel.java:445)\n\tat io.netty.channel.nio.NioIoHandler$DefaultNioRegistration.handle(NioIoHandler.java:388)\n\tat io.netty.channel.nio.NioIoHandler.processSelectedKey(NioIoHandler.java:596)\n\tat io.netty.channel.nio.NioIoHandler.processSelectedKeysOptimized(NioIoHandler.java:571)\n\tat io.netty.channel.nio.NioIoHandler.processSelectedKeys(NioIoHandler.java:512)\n\tat io.netty.channel.nio.NioIoHandler.run(NioIoHandler.java:484)\n\tat io.netty.channel.SingleThreadIoEventLoop.runIo(SingleThreadIoEventLoop.java:225)\n\tat io.netty.channel.SingleThreadIoEventLoop.run(SingleThreadIoEventLoop.java:196)\n\tat io.netty.util.concurrent.SingleThreadEventExecutor$5.run(SingleThreadEventExecutor.java:1195)\n\tat io.netty.util.internal.ThreadExecutorMap$2.run(ThreadExecutorMap.java:74)\n\tat io.netty.util.concurrent.FastThreadLocalRunnable.run(FastThreadLocalRunnable.java:30)\n\tat java.lang.Thread.run(Thread.java:1564)\n"}}
[2026-06-14T09:24:26.948Z] [ALL] 06-14 14:54:24.007  1486  1556 D PowerManagerService: displayReady: true groupId=0
[2026-06-14T09:24:26.957Z] [ALL] 06-14 14:54:24.020  1489  1593 I appium  : channel read: GET /session/0f023030-0d82-476d-b7c9-1bfd15340de7/screenshot
[2026-06-14T09:24:26.958Z] [ALL] 06-14 14:54:24.020  1489  1593 I appium  : CaptureScreenshot command
[2026-06-14T09:24:26.971Z] [ALL] 06-14 14:54:24.031  1486  1605 I ActivityManager: Changes in 10470 11 to 19, 384 to 0
[2026-06-14T09:24:26.981Z] [ALL] 06-14 14:54:24.045  1486  1526 I ActivityManager: Changes in 10470 19 to 11, 0 to 384
[2026-06-14T09:24:26.990Z] [ALL] 06-14 14:54:24.054  1149  1280 I SurfaceFlinger: Current= 60, Period= 60, hwcPeriod= 60
[2026-06-14T09:24:27.112Z] [ALL] 06-14 14:54:24.174  4225  4225 W libbinder.BackendUnifiedServiceManager: Thread Pool max thread count is 0. Cannot cache binder as linkToDeath cannot be implemented. serviceName: SurfaceFlingerAIDL
[2026-06-14T09:24:27.112Z] [ALL] 06-14 14:54:24.175  4225  4225 W libbinder.BpBinder: Linking to death on android.gui.ISurfaceComposer but there are no threads (yet?) listening to incoming transactions. See ProcessState::startThreadPool and ProcessState::setThreadPoolMaxThreadCount. Generally you should setup the binder threadpool before other initialization steps.
[2026-06-14T09:24:27.114Z] [ALL] 06-14 14:54:24.177  4225  4225 W libbinder.BackendUnifiedServiceManager: Thread Pool max thread count is 0. Cannot cache binder as linkToDeath cannot be implemented. serviceName: edmnativehelper
[2026-06-14T09:24:27.114Z] [ALL] 06-14 14:54:24.177  1486  2408 I EDMNativeHelperService: isScreenCaptureEnabled
[2026-06-14T09:24:27.115Z] [ALL] 06-14 14:54:24.177  1486  2408 D RestrictionPolicy: isScreenCaptureEnabled : ret=true userId=0
[2026-06-14T09:24:27.115Z] [ALL] 06-14 14:54:24.178  4225  4225 W libbinder.ProcessState: Extra binder thread started, but 0 threads requested. Do not use *startThreadPool when zero threads are requested.
[2026-06-14T09:24:27.116Z] [ALL] 06-14 14:54:24.178  4225  4225 I SurfaceComposerClient: captureDisplay:Display-4633128672291736000
[2026-06-14T09:24:27.118Z] [ALL] 06-14 14:54:24.181  1149  1195 I SurfaceFlinger: Capture layer list: 	 com.safebank.ai/com.safebank.ai.MainActivity$_2023#104535(preserveDisplayColors:0)
[2026-06-14T09:24:27.119Z] [ALL] 06-14 14:54:24.181  1149  1195 I SurfaceFlinger: Capture layer list: 	 StatusBar$_2112#94(preserveDisplayColors:0)
[2026-06-14T09:24:27.119Z] [ALL] 06-14 14:54:24.181  1149  1195 I SurfaceFlinger: Capture layer list: 	 com.sec.android.app.launcher/com.samsung.app.honeyspace.edge.edgepanel.app.CocktailBarService$_2619#103972(preserveDisplayColors:0)
[2026-06-14T09:24:27.119Z] [ALL] 06-14 14:54:24.181  1149  1195 I SurfaceFlinger: Capture layer list: 	 NavigationBar0$_2112#90(preserveDisplayColors:0)
[2026-06-14T09:24:27.121Z] [ALL] 06-14 14:54:24.183  1149  1201 D SurfaceFlinger: [SEC_SF_EFFECTS] drawLayersInternal,1348, Rendering layer ScreenCaptureFillLayer at index 0
[2026-06-14T09:24:27.121Z] [ALL] 06-14 14:54:24.184  1149  1201 D SurfaceFlinger: [SEC_SF_EFFECTS] drawLayersInternal,1348, Rendering layer com.safebank.ai/com.safebank.ai.MainActivity$_2023#104535 at index 1
[2026-06-14T09:24:27.121Z] [ALL] 06-14 14:54:24.184  1149  1201 D SurfaceFlinger: [SEC_SF_EFFECTS] drawLayersInternal,1348, Rendering layer StatusBar$_2112#94 at index 2
[2026-06-14T09:24:27.121Z] [ALL] 06-14 14:54:24.184  1149  1201 D SurfaceFlinger: [SEC_SF_EFFECTS] drawLayersInternal,1348, Rendering layer com.sec.android.app.launcher/com.samsung.app.honeyspace.edge.edgepanel.app.CocktailBarService$_2619#103972 at index 3
[2026-06-14T09:24:27.121Z] [ALL] 06-14 14:54:24.184  1149  1201 D SurfaceFlinger: [SEC_SF_EFFECTS] drawLayersInternal,1348, Rendering layer NavigationBar0$_2112#90 at index 4
[2026-06-14T09:24:27.130Z] [ALL] 06-14 14:54:24.194  1486  2138 D SLocation: AgingAccuracy - no response from core, get max distance
[2026-06-14T09:24:27.131Z] [ALL] 06-14 14:54:24.195  1486  2138 D SLocation: FilteredLastLocation - notify all last locations, loc : 2
[2026-06-14T09:24:27.144Z] [ALL] 06-14 14:54:24.207  1486  1556 D PowerManagerService: displayReady: false groupId=0
[2026-06-14T09:24:27.145Z] [ALL] 06-14 14:54:24.207  1486  1556 D DisplayPowerController[0]: animateScreenStateChange: target=ON, mIsEnabled=true
[2026-06-14T09:24:27.145Z] [ALL] 06-14 14:54:24.207  1486  1556 D DisplayPowerController[0]: putAutoBrightnessTransitionTime: transitionTime=0
[2026-06-14T09:24:27.145Z] [ALL] 06-14 14:54:24.208  1486  1556 D PowerManagerService: displayReady: true groupId=0
[2026-06-14T09:24:27.145Z] [ALL] 06-14 14:54:24.208  4225  4232 I screencap: [HIDL_FETCH_IMapper] android.hardware.graphics.mapper@4.0: Loaded Mapper successfully.
[2026-06-14T09:24:27.172Z] [ALL] 06-14 14:54:24.236  1486  1526 I ActivityManager: Changes in 10343 15 to 19, 256 to 0
[2026-06-14T09:24:27.174Z] [ALL] 06-14 14:54:24.238  3780  3863 W ExperimentConfigurator: onMemoryTrim completed: 1 optimizations processed.
[2026-06-14T09:24:27.333Z] [ALL] 06-14 14:54:24.397  1489  1593 I appium  : AppiumResponse: {"sessionId":"0f023030-0d82-476d-b7c9-1bfd15340de7","value":"iVBORw0KGgoAAAANSUhEUgAABDgAAAkkCAYAAAD508+vAAAABHNCSVQICAgIfAhkiAAAAAFzUkdCAK7OHOkAACAASURBVHic7N11fBTn2gbge3Y3LiRBElyLFrdCizul1JW6cOp6ql/LqZ66Um9P3SlQoMEluHuRoAkBEgLEZbPZ3fn+yM5mZWYtK7PJff0KZUffnd1MZp553ucV9FWiCCIiIiIiIiKiMKYJdQOIiIiIiIi…
[2026-06-14T09:24:27.346Z] [ALL] 06-14 14:54:24.407  1486  1556 D PowerManagerService: displayReady: false groupId=0
[2026-06-14T09:24:27.347Z] [ALL] 06-14 14:54:24.408  1486  1556 D DisplayPowerController[0]: animateScreenStateChange: target=ON, mIsEnabled=true
[2026-06-14T09:24:27.347Z] [ALL] 06-14 14:54:24.408  1486  1556 D DisplayPowerController[0]: putAutoBrightnessTransitionTime: transitionTime=0
[2026-06-14T09:24:27.347Z] [ALL] 06-14 14:54:24.409  1486  1556 D PowerManagerService: displayReady: true groupId=0